sample_id,file_path,subject_id,gesture,active_length,max_abs_delta,mean_abs_delta,active_area_mean,active_area_max,motion_energy,true_label,pred_label,correct,top1_confidence,true_class_probability,pred_class_probability,probability_margin
0,/home/yaxin/datasets/TacAct-original/10_10_L_1.xlsx,10,10,80,99.5817642211914,0.6427131295204163,662.0499877929688,846.0,0.46228277683258057,9,9,1,0.9992954730987548,0.9992954730987548,0.9992954730987548,0.9989340165629983
1,/home/yaxin/datasets/TacAct-original/10_10_L_10.xlsx,10,10,80,161.4578094482422,0.8199888467788696,680.2874755859375,908.0,0.5588231682777405,9,9,1,0.9999597072601318,0.9999597072601318,0.9999597072601318,0.99993694904515
2,/home/yaxin/datasets/TacAct-original/10_10_L_11.xlsx,10,10,80,75.52972412109375,0.6040312051773071,674.3624877929688,888.0,0.441694438457489,9,9,1,0.99996817111969,0.99996817111969,0.99996817111969,0.9999503324579565
3,/home/yaxin/datasets/TacAct-original/10_10_L_12.xlsx,10,10,80,130.51979064941406,0.6888675689697266,667.0625,877.0,0.5641788244247437,9,9,1,0.9999833106994628,0.9999833106994628,0.9999833106994628,0.9999754829004813
4,/home/yaxin/datasets/TacAct-original/10_10_L_13.xlsx,10,10,80,151.6492919921875,0.641158401966095,658.4874877929688,854.0,0.49312475323677063,9,9,1,0.9999886751174928,0.9999886751174928,0.9999886751174928,0.9999826655830476
5,/home/yaxin/datasets/TacAct-original/10_10_L_14.xlsx,10,10,80,68.06179809570312,0.6180626153945923,673.1624755859375,863.0,0.44100260734558105,9,9,1,0.9998859167099,0.9998859167099,0.9998859167099,0.9998135291025393
6,/home/yaxin/datasets/TacAct-original/10_10_L_15.xlsx,10,10,80,161.0,0.7435999512672424,675.8125,880.0,0.5425794720649719,9,9,1,0.9999769926071168,0.9999769926071168,0.9999769926071168,0.9999683286896471
7,/home/yaxin/datasets/TacAct-original/10_10_L_16.xlsx,10,10,80,109.34744262695312,0.5715686678886414,660.5374755859375,846.0,0.42463114857673645,9,9,1,0.9999779462814332,0.9999779462814332,0.9999779462814332,0.9999695278684159
8,/home/yaxin/datasets/TacAct-original/10_10_L_17.xlsx,10,10,80,68.98715209960938,0.5084237456321716,647.8125,838.0,0.38154786825180054,9,9,1,0.999974489212036,0.999974489212036,0.999974489212036,0.9999646114665665
9,/home/yaxin/datasets/TacAct-original/10_10_L_18.xlsx,10,10,80,58.639076232910156,0.47158947587013245,645.5125122070312,810.0,0.37489455938339233,9,9,1,0.9999827146530152,0.9999827146530152,0.9999827146530152,0.9999753575998512
10,/home/yaxin/datasets/TacAct-original/10_10_L_19.xlsx,10,10,80,111.54573059082031,0.6185429692268372,647.5250244140625,844.0,0.45955267548561096,9,9,1,0.9999890327453612,0.9999890327453612,0.9999890327453612,0.9999830060364728
11,/home/yaxin/datasets/TacAct-original/10_10_L_2.xlsx,10,10,80,143.0,0.8735179901123047,679.2750244140625,934.0,0.5559594631195068,9,9,1,0.9997262358665466,0.9997262358665466,0.9997262358665466,0.9996304666929063
12,/home/yaxin/datasets/TacAct-original/10_10_L_20.xlsx,10,10,80,92.41283416748047,0.5139461755752563,649.3250122070312,826.0,0.4115700125694275,9,9,1,0.9999816417694092,0.9999816417694092,0.9999816417694092,0.9999756364190944
13,/home/yaxin/datasets/TacAct-original/10_10_L_3.xlsx,10,10,80,73.4778060913086,0.6139104962348938,654.5875244140625,869.0,0.4484052062034607,9,9,1,0.9999258518218994,0.9999258518218994,0.9999258518218994,0.9998770121783309
14,/home/yaxin/datasets/TacAct-original/10_10_L_4.xlsx,10,10,80,146.5219268798828,0.721341609954834,666.0999755859375,883.0,0.510308563709259,9,9,1,0.9999914169311525,0.9999914169311525,0.9999914169311525,0.9999866333332649
15,/home/yaxin/datasets/TacAct-original/10_10_L_5.xlsx,10,10,80,123.31966400146484,0.543533205986023,651.8875122070312,852.0,0.43391793966293335,9,9,1,0.9999871253967284,0.9999871253967284,0.9999871253967284,0.9999802147990521
16,/home/yaxin/datasets/TacAct-original/10_10_L_6.xlsx,10,10,80,75.95184326171875,0.5198847055435181,650.3125,854.0,0.4082489609718323,9,9,1,0.999987006187439,0.999987006187439,0.999987006187439,0.9999816520530658
17,/home/yaxin/datasets/TacAct-original/10_10_L_7.xlsx,10,10,80,65.99152374267578,0.4545508921146393,632.7249755859375,790.0,0.3725762963294983,9,9,1,0.8358590006828308,0.8358590006828308,0.8358590006828308,0.7200874984264374
18,/home/yaxin/datasets/TacAct-original/10_10_L_8.xlsx,10,10,80,113.61882781982422,0.5598269701004028,648.375,828.0,0.45007145404815674,9,9,1,0.999986171722412,0.999986171722412,0.999986171722412,0.9999797985656186
19,/home/yaxin/datasets/TacAct-original/10_10_L_9.xlsx,10,10,80,147.78990173339844,0.5687202215194702,656.6624755859375,879.0,0.45879486203193665,9,9,1,0.9999871253967284,0.9999871253967284,0.9999871253967284,0.999980645551659
20,/home/yaxin/datasets/TacAct-original/10_10_R_1.xlsx,10,10,80,99.5817642211914,0.6427131295204163,662.0499877929688,846.0,0.46228277683258057,9,9,1,0.9992954730987548,0.9992954730987548,0.9992954730987548,0.9989340165629983
21,/home/yaxin/datasets/TacAct-original/10_10_R_10.xlsx,10,10,80,161.4578094482422,0.8199888467788696,680.2874755859375,908.0,0.5588231682777405,9,9,1,0.9999597072601318,0.9999597072601318,0.9999597072601318,0.99993694904515
22,/home/yaxin/datasets/TacAct-original/10_10_R_11.xlsx,10,10,80,75.52972412109375,0.6040312051773071,674.3624877929688,888.0,0.441694438457489,9,9,1,0.99996817111969,0.99996817111969,0.99996817111969,0.9999503324579565
23,/home/yaxin/datasets/TacAct-original/10_10_R_12.xlsx,10,10,80,130.51979064941406,0.6888675689697266,667.0625,877.0,0.5641788244247437,9,9,1,0.9999833106994628,0.9999833106994628,0.9999833106994628,0.9999754829004813
24,/home/yaxin/datasets/TacAct-original/10_10_R_13.xlsx,10,10,80,155.97496032714844,0.6527621150016785,656.875,858.0,0.4961715042591095,9,9,1,0.9999898672103882,0.9999898672103882,0.9999898672103882,0.9999844385597498
25,/home/yaxin/datasets/TacAct-original/10_10_R_14.xlsx,10,10,80,69.81193542480469,0.6226638555526733,666.9500122070312,871.0,0.4513745903968811,9,9,1,0.9996559619903564,0.9996559619903564,0.9996559619903564,0.9994207212585026
26,/home/yaxin/datasets/TacAct-original/10_10_R_15.xlsx,10,10,80,161.0,0.7435999512672424,675.8125,880.0,0.5425794720649719,9,9,1,0.9999769926071168,0.9999769926071168,0.9999769926071168,0.9999683286896471
27,/home/yaxin/datasets/TacAct-original/10_10_R_16.xlsx,10,10,80,109.34744262695312,0.5715686678886414,660.5374755859375,846.0,0.42463114857673645,9,9,1,0.9999779462814332,0.9999779462814332,0.9999779462814332,0.9999695278684159
28,/home/yaxin/datasets/TacAct-original/10_10_R_17.xlsx,10,10,80,72.65664672851562,0.5303835868835449,661.5125122070312,814.0,0.38786059617996216,9,9,1,0.9999427795410156,0.9999427795410156,0.9999427795410156,0.9999184497228271
29,/home/yaxin/datasets/TacAct-original/10_10_R_18.xlsx,10,10,80,65.99152374267578,0.47431811690330505,643.0499877929688,802.0,0.3797566294670105,9,9,1,0.9999788999557496,0.9999788999557496,0.9999788999557496,0.9999700369298808
30,/home/yaxin/datasets/TacAct-original/10_10_R_19.xlsx,10,10,80,111.54573059082031,0.6175327301025391,653.7374877929688,834.0,0.4572097063064575,9,9,1,0.999990463256836,0.999990463256836,0.999990463256836,0.999984710460467
31,/home/yaxin/datasets/TacAct-original/10_10_R_2.xlsx,10,10,80,143.0,0.8735179901123047,679.2750244140625,934.0,0.5559594631195068,9,9,1,0.9997262358665466,0.9997262358665466,0.9997262358665466,0.9996304666929063
32,/home/yaxin/datasets/TacAct-original/10_10_R_20.xlsx,10,10,80,92.41283416748047,0.5139461755752563,649.3250122070312,826.0,0.4115700125694275,9,9,1,0.9999816417694092,0.9999816417694092,0.9999816417694092,0.9999756364190944
33,/home/yaxin/datasets/TacAct-original/10_10_R_3.xlsx,10,10,80,73.4778060913086,0.6139104962348938,654.5875244140625,869.0,0.4484052062034607,9,9,1,0.9999258518218994,0.9999258518218994,0.9999258518218994,0.9998770121783309
34,/home/yaxin/datasets/TacAct-original/10_10_R_4.xlsx,10,10,80,148.8892364501953,0.7277811169624329,667.3375244140625,882.0,0.5121336579322815,9,9,1,0.9999871253967284,0.9999871253967284,0.9999871253967284,0.999980962178597
35,/home/yaxin/datasets/TacAct-original/10_10_R_5.xlsx,10,10,80,123.31966400146484,0.543533205986023,651.8875122070312,852.0,0.43391793966293335,9,9,1,0.9999871253967284,0.9999871253967284,0.9999871253967284,0.9999802147990521
36,/home/yaxin/datasets/TacAct-original/10_10_R_6.xlsx,10,10,80,75.95184326171875,0.5061097741127014,646.9375,849.0,0.4065262973308563,9,9,1,0.9999462366104126,0.9999462366104126,0.9999462366104126,0.9999149297109398
37,/home/yaxin/datasets/TacAct-original/10_10_R_7.xlsx,10,10,80,70.23503875732422,0.46907609701156616,640.9874877929688,782.0,0.3787269592285156,9,9,1,0.9612662196159364,0.9612662196159364,0.9612662196159364,0.933829065412283
38,/home/yaxin/datasets/TacAct-original/10_10_R_8.xlsx,10,10,80,107.80261993408203,0.5280850529670715,635.9249877929688,847.0,0.43824824690818787,9,9,1,0.9999854564666748,0.9999854564666748,0.9999854564666748,0.9999789215498822
39,/home/yaxin/datasets/TacAct-original/10_10_R_9.xlsx,10,10,80,147.78990173339844,0.5687202215194702,656.6624755859375,879.0,0.45879486203193665,9,9,1,0.9999871253967284,0.9999871253967284,0.9999871253967284,0.999980645551659
40,/home/yaxin/datasets/TacAct-original/10_11_L_1.xlsx,10,11,80,70.93262481689453,0.49383121728897095,640.8875122070312,826.0,0.2371266931295395,10,10,1,0.9980789422988892,0.9980789422988892,0.9980789422988892,0.9964397600851954
41,/home/yaxin/datasets/TacAct-original/10_11_L_10.xlsx,10,11,80,78.55687713623047,0.47633790969848633,633.8875122070312,801.0,0.25924256443977356,10,10,1,0.990702509880066,0.990702509880066,0.990702509880066,0.9822382023558023
42,/home/yaxin/datasets/TacAct-original/10_11_L_11.xlsx,10,11,80,121.0,0.4706164300441742,648.0750122070312,833.0,0.22026921808719635,10,7,0,0.9889926314353944,0.0054996716789901,0.9889926314353944,0.9834929597564043
43,/home/yaxin/datasets/TacAct-original/10_11_L_12.xlsx,10,11,80,74.0,0.502414345741272,652.875,807.0,0.255985826253891,10,10,1,0.9905127882957458,0.9905127882957458,0.9905127882957458,0.9818061087280513
44,/home/yaxin/datasets/TacAct-original/10_11_L_13.xlsx,10,11,80,97.0,0.4912419319152832,632.4749755859375,773.0,0.2555733919143677,10,10,1,0.9694339632987976,0.9694339632987976,0.9694339632987976,0.9404693581163884
45,/home/yaxin/datasets/TacAct-original/10_11_L_14.xlsx,10,11,80,146.0,0.4366895258426666,635.25,795.0,0.23229727149009705,10,10,1,0.9718791842460632,0.9718791842460632,0.9718791842460632,0.9459081869572401
46,/home/yaxin/datasets/TacAct-original/10_11_L_15.xlsx,10,11,80,81.0,0.4797058701515198,637.9500122070312,824.0,0.24564218521118164,10,10,1,0.984546720981598,0.984546720981598,0.984546720981598,0.9701680801808836
47,/home/yaxin/datasets/TacAct-original/10_11_L_16.xlsx,10,11,80,103.0,0.5216463804244995,643.1875,790.0,0.25744450092315674,10,7,0,0.9911324381828308,0.004618068691343,0.9911324381828308,0.9865143694914879
48,/home/yaxin/datasets/TacAct-original/10_11_L_17.xlsx,10,11,80,69.0,0.49126750230789185,638.7374877929688,809.0,0.24316191673278809,10,10,1,0.9768665432929992,0.9768665432929992,0.9768665432929992,0.9550571665167807
49,/home/yaxin/datasets/TacAct-original/10_11_L_18.xlsx,10,11,80,136.0,0.46561384201049805,634.6624755859375,823.0,0.24089069664478302,10,10,1,0.9824661016464232,0.9824661016464232,0.9824661016464232,0.9663637224584817
50,/home/yaxin/datasets/TacAct-original/10_11_L_19.xlsx,10,11,80,90.48957061767578,0.5041582584381104,642.7249755859375,781.0,0.2654514014720917,10,10,1,0.982654869556427,0.982654869556427,0.982654869556427,0.9664126969873906
51,/home/yaxin/datasets/TacAct-original/10_11_L_2.xlsx,10,11,80,85.0,0.5182746052742004,639.0875244140625,815.0,0.2692277133464813,10,10,1,0.9934321045875548,0.9934321045875548,0.9934321045875548,0.9874769300222396
52,/home/yaxin/datasets/TacAct-original/10_11_L_20.xlsx,10,11,80,65.0,0.4787551760673523,640.0,806.0,0.23859596252441406,10,7,0,0.9955105781555176,0.0018569510430097,0.9955105781555176,0.9935603970661759
53,/home/yaxin/datasets/TacAct-original/10_11_L_3.xlsx,10,11,80,80.0,0.5068336725234985,650.5,807.0,0.24365468323230743,10,7,0,0.9909499287605286,0.0051892134360969,0.9909499287605286,0.9857607153244317
54,/home/yaxin/datasets/TacAct-original/10_11_L_4.xlsx,10,11,80,55.0,0.481219619512558,644.7249755859375,810.0,0.22746510803699493,10,10,1,0.9803462028503418,0.9803462028503418,0.9803462028503418,0.9622600339353085
55,/home/yaxin/datasets/TacAct-original/10_11_L_5.xlsx,10,11,80,90.0,0.4938337802886963,649.6749877929688,808.0,0.2419404685497284,10,10,1,0.9782848954200744,0.9782848954200744,0.9782848954200744,0.9582493472844361
56,/home/yaxin/datasets/TacAct-original/10_11_L_6.xlsx,10,11,80,120.0,0.4993487000465393,648.7000122070312,826.0,0.2538657784461975,10,10,1,0.9793832898139954,0.9793832898139954,0.9793832898139954,0.9602448195219041
57,/home/yaxin/datasets/TacAct-original/10_11_L_7.xlsx,10,11,80,61.0,0.49795231223106384,655.75,832.0,0.24467375874519348,10,10,1,0.9842222332954408,0.9842222332954408,0.9842222332954408,0.9695595325902105
58,/home/yaxin/datasets/TacAct-original/10_11_L_8.xlsx,10,11,80,80.0,0.48930469155311584,641.5,812.0,0.2507392168045044,10,10,1,0.9778659343719482,0.9778659343719482,0.9778659343719482,0.9570561423897743
59,/home/yaxin/datasets/TacAct-original/10_11_L_9.xlsx,10,11,80,68.0,0.4875538945198059,642.625,808.0,0.2421470284461975,10,10,1,0.9742417335510254,0.9742417335510254,0.9742417335510254,0.949923649430275
60,/home/yaxin/datasets/TacAct-original/10_11_R_1.xlsx,10,11,80,64.0,0.45868197083473206,636.0750122070312,827.0,0.21074476838111877,10,10,1,0.998813271522522,0.998813271522522,0.998813271522522,0.9978464074083605
61,/home/yaxin/datasets/TacAct-original/10_11_R_10.xlsx,10,11,80,84.52322387695312,0.4820902943611145,629.2999877929688,812.0,0.22879591584205627,10,10,1,0.9927666187286376,0.9927666187286376,0.9927666187286376,0.9863558947108686
62,/home/yaxin/datasets/TacAct-original/10_11_R_11.xlsx,10,11,80,108.0,0.47559958696365356,638.5250244140625,806.0,0.23124612867832184,10,10,1,0.9881767630577089,0.9881767630577089,0.9881767630577089,0.9772916631773115
63,/home/yaxin/datasets/TacAct-original/10_11_R_12.xlsx,10,11,80,81.0,0.45522040128707886,635.4124755859375,812.0,0.21747760474681854,10,10,1,0.9975910186767578,0.9975910186767578,0.9975910186767578,0.9955251093488187
64,/home/yaxin/datasets/TacAct-original/10_11_R_13.xlsx,10,11,80,111.109130859375,0.5012850165367126,646.0,850.0,0.23851071298122406,10,10,1,0.993281364440918,0.993281364440918,0.993281364440918,0.9873982411809266
65,/home/yaxin/datasets/TacAct-original/10_11_R_14.xlsx,10,11,80,89.49517822265625,0.5117100477218628,649.9124755859375,840.0,0.23943932354450226,10,10,1,0.9840275049209596,0.9840275049209596,0.9840275049209596,0.9692090461030604
66,/home/yaxin/datasets/TacAct-original/10_11_R_15.xlsx,10,11,80,107.17606353759766,0.5022887587547302,640.0374755859375,816.0,0.2332010418176651,10,10,1,0.9889698028564452,0.9889698028564452,0.9889698028564452,0.9788781218230724
67,/home/yaxin/datasets/TacAct-original/10_11_R_16.xlsx,10,11,80,78.0,0.5217848420143127,662.0250244140625,840.0,0.24756264686584473,10,10,1,0.9806280136108398,0.9806280136108398,0.9806280136108398,0.962570333853364
68,/home/yaxin/datasets/TacAct-original/10_11_R_17.xlsx,10,11,80,69.0,0.535025417804718,642.3624877929688,822.0,0.2562769651412964,10,10,1,0.996135115623474,0.996135115623474,0.996135115623474,0.9927591402083635
69,/home/yaxin/datasets/TacAct-original/10_11_R_18.xlsx,10,11,80,84.0,0.4880782663822174,640.5499877929688,807.0,0.2281232476234436,10,10,1,0.9668813943862916,0.9668813943862916,0.9668813943862916,0.9358551204204562
70,/home/yaxin/datasets/TacAct-original/10_11_R_19.xlsx,10,11,80,68.82866668701172,0.5271213054656982,639.1624755859375,806.0,0.25531888008117676,10,10,1,0.9811128377914428,0.9811128377914428,0.9811128377914428,0.9638509824872017
71,/home/yaxin/datasets/TacAct-original/10_11_R_2.xlsx,10,11,80,76.37825012207031,0.4816836416721344,645.2374877929688,819.0,0.23016777634620667,10,10,1,0.9970027804374696,0.9970027804374696,0.9970027804374696,0.9944125204347076
72,/home/yaxin/datasets/TacAct-original/10_11_R_20.xlsx,10,11,80,102.0,0.5289310216903687,628.25,783.0,0.25143909454345703,10,10,1,0.9318733215332032,0.9318733215332032,0.9318733215332032,0.8664351552724839
73,/home/yaxin/datasets/TacAct-original/10_11_R_3.xlsx,10,11,80,70.0,0.4773731231689453,651.2750244140625,851.0,0.2304118424654007,10,10,1,0.9956728219985962,0.9956728219985962,0.9956728219985962,0.9918813249096274
74,/home/yaxin/datasets/TacAct-original/10_11_R_4.xlsx,10,11,80,98.0,0.46646648645401,638.5875244140625,809.0,0.22814245522022247,10,10,1,0.9753620624542236,0.9753620624542236,0.9753620624542236,0.9522803090512754
75,/home/yaxin/datasets/TacAct-original/10_11_R_5.xlsx,10,11,80,47.0,0.4387611448764801,630.2374877929688,803.0,0.21084792912006378,10,10,1,0.9955946803092957,0.9955946803092957,0.9955946803092957,0.9916758951731026
76,/home/yaxin/datasets/TacAct-original/10_11_R_6.xlsx,10,11,80,90.0,0.5239713191986084,643.4749755859375,836.0,0.23819507658481598,10,10,1,0.9886504411697388,0.9886504411697388,0.9886504411697388,0.9782978054136039
77,/home/yaxin/datasets/TacAct-original/10_11_R_7.xlsx,10,11,80,116.01759338378906,0.4852351248264313,639.0,781.0,0.23079203069210052,10,10,1,0.9878031611442566,0.9878031611442566,0.9878031611442566,0.9766972186043859
78,/home/yaxin/datasets/TacAct-original/10_11_R_8.xlsx,10,11,80,83.0,0.4790809750556946,637.625,811.0,0.22264514863491058,10,10,1,0.9950560331344604,0.9950560331344604,0.9950560331344604,0.9906858187168838
79,/home/yaxin/datasets/TacAct-original/10_11_R_9.xlsx,10,11,80,92.42706298828125,0.4630075991153717,624.0250244140625,828.0,0.21897897124290466,10,10,1,0.994987726211548,0.994987726211548,0.994987726211548,0.9905991232953968
80,/home/yaxin/datasets/TacAct-original/10_12_L_1.xlsx,10,12,80,198.19671630859375,1.6249072551727295,746.4000244140625,895.0,1.074355125427246,11,11,1,0.9999804496765136,0.9999804496765136,0.9999804496765136,0.9999719794932388
81,/home/yaxin/datasets/TacAct-original/10_12_L_10.xlsx,10,12,80,208.45252990722656,1.6220611333847046,743.1500244140625,925.0,1.0654281377792358,11,11,1,0.9999639987945556,0.9999639987945556,0.9999639987945556,0.9999499561672563
82,/home/yaxin/datasets/TacAct-original/10_12_L_11.xlsx,10,12,80,118.33251190185547,1.913995385169983,755.6624755859375,916.0,1.1472289562225342,11,11,1,0.9999258518218994,0.9999258518218994,0.9999258518218994,0.9998916337463015
83,/home/yaxin/datasets/TacAct-original/10_12_L_12.xlsx,10,12,80,448.1706237792969,2.248188018798828,770.5499877929688,920.0,1.154699444770813,11,11,1,0.99991774559021,0.99991774559021,0.99991774559021,0.9998862166357867
84,/home/yaxin/datasets/TacAct-original/10_12_L_13.xlsx,10,12,80,161.0,1.8919248580932617,748.0250244140625,904.0,1.1422789096832275,11,11,1,0.9997994303703308,0.9997994303703308,0.9997994303703308,0.9997207413398428
85,/home/yaxin/datasets/TacAct-original/10_12_L_14.xlsx,10,12,80,176.8284149169922,1.773092269897461,754.7750244140625,914.0,1.1362431049346924,11,11,1,0.9999618530273438,0.9999618530273438,0.9999618530273438,0.9999441951276822
86,/home/yaxin/datasets/TacAct-original/10_12_L_15.xlsx,10,12,80,200.82020568847656,2.0595264434814453,765.0374755859375,923.0,1.177075982093811,11,11,1,0.9997432827949524,0.9997432827949524,0.9997432827949524,0.9996627234722837
87,/home/yaxin/datasets/TacAct-original/10_12_L_16.xlsx,10,12,80,161.7039337158203,2.0087051391601562,757.4874877929688,912.0,1.1715222597122192,11,11,1,0.9999227523803712,0.9999227523803712,0.9999227523803712,0.9998834166108282
88,/home/yaxin/datasets/TacAct-original/10_12_L_17.xlsx,10,12,80,805.4566040039062,1.8564014434814453,747.2999877929688,880.0,0.9967707395553589,11,11,1,0.998869240283966,0.998869240283966,0.998869240283966,0.997916591062676
89,/home/yaxin/datasets/TacAct-original/10_12_L_18.xlsx,10,12,80,692.8185424804688,1.6933666467666626,739.1500244140625,892.0,1.04228937625885,11,11,1,0.9997429251670836,0.9997429251670836,0.9997429251670836,0.9996009752794635
90,/home/yaxin/datasets/TacAct-original/10_12_L_19.xlsx,10,12,80,806.4509887695312,1.6689660549163818,730.1749877929688,868.0,1.0002727508544922,11,11,1,0.9998026490211488,0.9998026490211488,0.9998026490211488,0.9997020057271586
91,/home/yaxin/datasets/TacAct-original/10_12_L_2.xlsx,10,12,80,746.2982788085938,1.7011868953704834,750.6624755859375,909.0,1.0190743207931519,11,11,1,0.999970316886902,0.999970316886902,0.999970316886902,0.9999597515761708
92,/home/yaxin/datasets/TacAct-original/10_12_L_20.xlsx,10,12,80,159.00198364257812,1.8332786560058594,737.7374877929688,875.0,1.0446103811264038,11,11,1,0.9997004270553588,0.9997004270553588,0.9997004270553588,0.9995675707032204
93,/home/yaxin/datasets/TacAct-original/10_12_L_3.xlsx,10,12,80,765.6952514648438,1.749953269958496,751.8875122070312,913.0,1.0533714294433594,11,11,1,0.9999840259552002,0.9999840259552002,0.9999840259552002,0.999977097138526
94,/home/yaxin/datasets/TacAct-original/10_12_L_4.xlsx,10,12,80,164.0,1.535372018814087,744.0499877929688,887.0,1.0566611289978027,11,11,1,0.9999876022338868,0.9999876022338868,0.9999876022338868,0.9999825613413124
95,/home/yaxin/datasets/TacAct-original/10_12_L_5.xlsx,10,12,80,209.29783630371094,1.9364322423934937,748.2125244140625,911.0,1.1472259759902954,11,11,1,0.9999079704284668,0.9999079704284668,0.9999079704284668,0.9998705898178741
96,/home/yaxin/datasets/TacAct-original/10_12_L_6.xlsx,10,12,80,766.6405639648438,1.9133784770965576,749.3250122070312,912.0,1.1215107440948486,11,11,1,0.9999533891677856,0.9999533891677856,0.9999533891677856,0.9999344300413213
97,/home/yaxin/datasets/TacAct-original/10_12_L_7.xlsx,10,12,80,812.0,1.9814685583114624,753.4124755859375,911.0,1.2235304117202759,11,11,1,0.9997219443321228,0.9997219443321228,0.9997219443321228,0.9996200366294943
98,/home/yaxin/datasets/TacAct-original/10_12_L_8.xlsx,10,12,80,124.72442626953125,2.0176737308502197,760.2874755859375,918.0,1.1266112327575684,11,11,1,0.9999208450317384,0.9999208450317384,0.9999208450317384,0.9998854806472083
99,/home/yaxin/datasets/TacAct-original/10_12_L_9.xlsx,10,12,80,150.8228759765625,1.822605848312378,760.5,911.0,1.1395132541656494,11,11,1,0.9999558925628662,0.9999558925628662,0.9999558925628662,0.9999365209914686
100,/home/yaxin/datasets/TacAct-original/10_12_R_1.xlsx,10,12,80,127.61935424804688,1.1923633813858032,731.8375244140625,890.0,0.7927221059799194,11,11,1,0.9999920129776,0.9999920129776,0.9999920129776,0.9999877167088015
101,/home/yaxin/datasets/TacAct-original/10_12_R_10.xlsx,10,12,80,106.34945678710938,1.3082139492034912,741.1749877929688,925.0,0.8336264491081238,11,11,1,0.999931812286377,0.999931812286377,0.999931812286377,0.999898961486906
102,/home/yaxin/datasets/TacAct-original/10_12_R_11.xlsx,10,12,80,145.72793579101562,1.455633282661438,738.4625244140625,915.0,0.8405055999755859,11,11,1,0.999951958656311,0.999951958656311,0.999951958656311,0.9999301377174561
103,/home/yaxin/datasets/TacAct-original/10_12_R_12.xlsx,10,12,80,166.16539001464844,1.9029470682144165,749.9375,930.0,1.0664921998977661,11,11,1,0.999854326248169,0.999854326248169,0.999854326248169,0.9998042039514985
104,/home/yaxin/datasets/TacAct-original/10_12_R_13.xlsx,10,12,80,168.0,1.6302502155303955,741.8624877929688,901.0,0.8982738852500916,11,11,1,0.999985933303833,0.999985933303833,0.999985933303833,0.999980410696935
105,/home/yaxin/datasets/TacAct-original/10_12_R_14.xlsx,10,12,80,111.05599975585938,1.6112182140350342,752.0125122070312,910.0,0.8928226232528687,11,11,1,0.999969482421875,0.999969482421875,0.999969482421875,0.9999574493331238
106,/home/yaxin/datasets/TacAct-original/10_12_R_15.xlsx,10,12,80,130.4517822265625,1.2940738201141357,739.0750122070312,907.0,0.8480218052864075,11,11,1,0.9999827146530152,0.9999827146530152,0.9999827146530152,0.999974169106281
107,/home/yaxin/datasets/TacAct-original/10_12_R_16.xlsx,10,12,80,161.7592315673828,1.3020943403244019,727.875,889.0,0.8068253993988037,11,11,1,0.9999901056289672,0.9999901056289672,0.9999901056289672,0.9999857754287403
108,/home/yaxin/datasets/TacAct-original/10_12_R_17.xlsx,10,12,80,161.4578094482422,1.7260711193084717,745.9749755859375,926.0,1.0106122493743896,11,11,1,0.9999710321426392,0.9999710321426392,0.9999710321426392,0.9999565378211628
109,/home/yaxin/datasets/TacAct-original/10_12_R_18.xlsx,10,12,80,140.2091064453125,1.5842251777648926,738.0499877929688,920.0,1.0052651166915894,11,11,1,0.9999796152114868,0.9999796152114868,0.9999796152114868,0.9999686632991143
110,/home/yaxin/datasets/TacAct-original/10_12_R_19.xlsx,10,12,80,133.0,1.4846670627593994,735.3375244140625,915.0,0.9079991579055786,11,11,1,0.9999685287475586,0.9999685287475586,0.9999685287475586,0.9999537674211751
111,/home/yaxin/datasets/TacAct-original/10_12_R_2.xlsx,10,12,80,123.3044662475586,1.3577587604522705,747.9375,924.0,0.8026406168937683,11,11,1,0.9999885559082032,0.9999885559082032,0.9999885559082032,0.9999842939905649
112,/home/yaxin/datasets/TacAct-original/10_12_R_20.xlsx,10,12,80,140.9556884765625,1.5383713245391846,738.2125244140625,915.0,0.9576466083526611,11,11,1,0.9999370574951172,0.9999370574951172,0.9999370574951172,0.9999121341970749
113,/home/yaxin/datasets/TacAct-original/10_12_R_3.xlsx,10,12,80,113.07566833496094,1.1585981845855713,730.4249877929688,903.0,0.7801619172096252,11,11,1,0.9999855756759644,0.9999855756759644,0.9999855756759644,0.9999772657210997
114,/home/yaxin/datasets/TacAct-original/10_12_R_4.xlsx,10,12,80,107.15019989013672,1.0271989107131958,731.7000122070312,894.0,0.6444886326789856,11,11,1,0.999991774559021,0.999991774559021,0.999991774559021,0.9999885970228206
115,/home/yaxin/datasets/TacAct-original/10_12_R_5.xlsx,10,12,80,109.2499008178711,1.3697996139526367,743.3624877929688,915.0,0.8069146275520325,11,11,1,0.9999749660491944,0.9999749660491944,0.9999749660491944,0.9999665799696232
116,/home/yaxin/datasets/TacAct-original/10_12_R_6.xlsx,10,12,80,130.6351776123047,1.454789161682129,734.3375244140625,915.0,0.8637874126434326,11,11,1,0.9999654293060304,0.9999654293060304,0.9999654293060304,0.9999546705330432
117,/home/yaxin/datasets/TacAct-original/10_12_R_7.xlsx,10,12,80,139.0,1.2081466913223267,724.6875,915.0,0.7557315826416016,11,11,1,0.999988317489624,0.999988317489624,0.999988317489624,0.9999819493195901
118,/home/yaxin/datasets/TacAct-original/10_12_R_8.xlsx,10,12,80,127.61935424804688,1.420116662979126,738.75,942.0,0.8551446199417114,11,11,1,0.9999805688858032,0.9999805688858032,0.9999805688858032,0.9999727552722106
119,/home/yaxin/datasets/TacAct-original/10_12_R_9.xlsx,10,12,80,143.0,1.2965646982192993,740.1875,889.0,0.8021007776260376,11,11,1,0.9999890327453612,0.9999890327453612,0.9999890327453612,0.9999835890384928
120,/home/yaxin/datasets/TacAct-original/10_1_L_1.xlsx,10,1,80,102.0,1.3939391374588013,704.2999877929688,837.0,0.4065558612346649,0,0,1,0.9999333620071412,0.9999333620071412,0.9999333620071412,0.9998999338895375
121,/home/yaxin/datasets/TacAct-original/10_1_L_10.xlsx,10,1,80,172.07167053222656,1.6427688598632812,743.6624755859375,892.0,0.43288886547088623,0,0,1,0.9999449253082277,0.9999449253082277,0.9999449253082277,0.9999212714865281
122,/home/yaxin/datasets/TacAct-original/10_1_L_11.xlsx,10,1,80,99.4390869140625,1.6282790899276733,734.2625122070312,871.0,0.4522276222705841,0,0,1,0.999076008796692,0.999076008796692,0.999076008796692,0.9987329370051158
123,/home/yaxin/datasets/TacAct-original/10_1_L_12.xlsx,10,1,80,154.0,1.5547856092453003,725.2625122070312,875.0,0.4242415726184845,0,0,1,0.9999473094940186,0.9999473094940186,0.9999473094940186,0.9999214708368527
124,/home/yaxin/datasets/TacAct-original/10_1_L_13.xlsx,10,1,80,109.0,1.3824576139450073,713.5750122070312,850.0,0.4122093915939331,0,0,1,0.9999432563781738,0.9999432563781738,0.9999432563781738,0.9999124597925402
125,/home/yaxin/datasets/TacAct-original/10_1_L_14.xlsx,10,1,80,106.39981842041016,1.4078876972198486,704.9749755859375,845.0,0.4358714520931244,0,0,1,0.9999510049819946,0.9999510049819946,0.9999510049819946,0.9999269595646183
126,/home/yaxin/datasets/TacAct-original/10_1_L_15.xlsx,10,1,80,180.79408264160156,1.9457457065582275,756.5374755859375,895.0,0.489521861076355,0,0,1,0.9999529123306274,0.9999529123306274,0.9999529123306274,0.9999318604513974
127,/home/yaxin/datasets/TacAct-original/10_1_L_16.xlsx,10,1,80,111.91027069091797,1.58468496799469,721.3624877929688,864.0,0.4357460141181946,0,0,1,0.9999587535858154,0.9999587535858154,0.9999587535858154,0.999937076756396
128,/home/yaxin/datasets/TacAct-original/10_1_L_17.xlsx,10,1,80,128.8079376220703,1.6527122259140015,743.3624877929688,876.0,0.44463908672332764,0,0,1,0.9999514818191528,0.9999514818191528,0.9999514818191528,0.9999238989494188
129,/home/yaxin/datasets/TacAct-original/10_1_L_18.xlsx,10,1,80,561.555419921875,0.9377412796020508,715.9874877929688,851.0,0.4761280119419098,0,8,0,0.9865487217903136,0.0130551708862185,0.9865487217903136,0.9734935509040951
130,/home/yaxin/datasets/TacAct-original/10_1_L_19.xlsx,10,1,80,122.90833282470703,1.3958607912063599,728.3125,886.0,0.4335867464542389,0,0,1,0.9999709129333496,0.9999709129333496,0.9999709129333496,0.9999545040118392
131,/home/yaxin/datasets/TacAct-original/10_1_L_2.xlsx,10,1,80,115.32694244384766,1.4925130605697632,714.1749877929688,851.0,0.40989232063293457,0,0,1,0.9999321699142456,0.9999321699142456,0.9999321699142456,0.9999066599102662
132,/home/yaxin/datasets/TacAct-original/10_1_L_20.xlsx,10,1,80,104.0,1.3789091110229492,691.1875,844.0,0.39272642135620117,0,0,1,0.9999487400054932,0.9999487400054932,0.9999487400054932,0.999917023244052
133,/home/yaxin/datasets/TacAct-original/10_1_L_3.xlsx,10,1,80,116.3437271118164,1.511901617050171,718.625,855.0,0.4101412296295166,0,0,1,0.9999496936798096,0.9999496936798096,0.9999496936798096,0.9999199539506662
134,/home/yaxin/datasets/TacAct-original/10_1_L_4.xlsx,10,1,80,157.0,1.5645387172698975,700.8624877929688,856.0,0.42613017559051514,0,0,1,0.9999402761459352,0.9999402761459352,0.9999402761459352,0.9999085315976118
135,/home/yaxin/datasets/TacAct-original/10_1_L_5.xlsx,10,1,80,157.279541015625,1.4070663452148438,717.0625,828.0,0.41897666454315186,0,0,1,0.9999635219573976,0.9999635219573976,0.9999635219573976,0.9999431438900502
136,/home/yaxin/datasets/TacAct-original/10_1_L_6.xlsx,10,1,80,123.3044662475586,1.688014268875122,726.0374755859375,879.0,0.43499186635017395,0,0,1,0.9999427795410156,0.9999427795410156,0.9999427795410156,0.9999213061346381
137,/home/yaxin/datasets/TacAct-original/10_1_L_7.xlsx,10,1,80,174.0,1.5625779628753662,714.0374755859375,855.0,0.4236956238746643,0,0,1,0.9999567270278932,0.9999567270278932,0.9999567270278932,0.9999329483034672
138,/home/yaxin/datasets/TacAct-original/10_1_L_8.xlsx,10,1,80,138.95950317382812,1.5740705728530884,712.3624877929688,855.0,0.41849106550216675,0,0,1,0.9999501705169678,0.9999501705169678,0.9999501705169678,0.9999303221175069
139,/home/yaxin/datasets/TacAct-original/10_1_L_9.xlsx,10,1,80,413.94415283203125,1.360228180885315,716.75,852.0,0.42682749032974243,0,0,1,0.9998445510864258,0.9998445510864258,0.9998445510864258,0.9997695755882887
140,/home/yaxin/datasets/TacAct-original/10_1_R_1.xlsx,10,1,80,101.14739990234375,1.3296034336090088,721.9124755859375,851.0,0.40465593338012695,0,0,1,0.9998412132263184,0.9998412132263184,0.9998412132263184,0.9997715071949642
141,/home/yaxin/datasets/TacAct-original/10_1_R_10.xlsx,10,1,80,141.0,1.3847383260726929,713.4625244140625,843.0,0.3884406089782715,0,0,1,0.9998291730880736,0.9998291730880736,0.9998291730880736,0.9997255630441941
142,/home/yaxin/datasets/TacAct-original/10_1_R_11.xlsx,10,1,80,98.0,1.342057228088379,703.6624755859375,834.0,0.414544016122818,0,0,1,0.9997292160987854,0.9997292160987854,0.9997292160987854,0.9995900653157151
143,/home/yaxin/datasets/TacAct-original/10_1_R_12.xlsx,10,1,80,115.0,1.3299120664596558,701.8125,840.0,0.40273502469062805,0,2,0,0.961230456829071,0.0361374579370021,0.961230456829071,0.925092998892069
144,/home/yaxin/datasets/TacAct-original/10_1_R_13.xlsx,10,1,80,114.0,1.265878677368164,684.0750122070312,818.0,0.3677152693271637,0,0,1,0.9999220371246338,0.9999220371246338,0.9999220371246338,0.9998787673139304
145,/home/yaxin/datasets/TacAct-original/10_1_R_14.xlsx,10,1,80,116.3437271118164,1.3923673629760742,723.7000122070312,872.0,0.34793999791145325,0,0,1,0.9994238615036012,0.9994238615036012,0.9994238615036012,0.9990306672698354
146,/home/yaxin/datasets/TacAct-original/10_1_R_15.xlsx,10,1,80,124.0,1.3796945810317993,739.9749755859375,885.0,0.3592455983161926,0,0,1,0.9380835890769958,0.9380835890769958,0.9380835890769958,0.8789280317723751
147,/home/yaxin/datasets/TacAct-original/10_1_R_16.xlsx,10,1,80,132.0,1.1259901523590088,649.3499755859375,824.0,0.34996065497398376,0,2,0,0.9939885139465332,0.0052576474845409,0.9939885139465332,0.9887308664619923
148,/home/yaxin/datasets/TacAct-original/10_1_R_17.xlsx,10,1,80,166.0,1.231729507446289,657.2999877929688,818.0,0.34967416524887085,0,2,0,0.9854292273521424,0.0125842653214931,0.9854292273521424,0.9728449620306493
149,/home/yaxin/datasets/TacAct-original/10_1_R_18.xlsx,10,1,80,117.0,1.2559034824371338,678.75,851.0,0.3243194818496704,0,0,1,0.999214768409729,0.999214768409729,0.999214768409729,0.9986081881797872
150,/home/yaxin/datasets/TacAct-original/10_1_R_19.xlsx,10,1,80,129.552978515625,1.3904128074645996,664.8499755859375,832.0,0.34240639209747314,0,0,1,0.9992608428001404,0.9992608428001404,0.9992608428001404,0.9986832644208334
151,/home/yaxin/datasets/TacAct-original/10_1_R_2.xlsx,10,1,80,124.99577331542969,1.5961639881134033,732.0625,883.0,0.4647683799266815,0,0,1,0.9999722242355348,0.9999722242355348,0.9999722242355348,0.9999594970176987
152,/home/yaxin/datasets/TacAct-original/10_1_R_20.xlsx,10,1,80,190.0,1.292559266090393,662.9500122070312,801.0,0.31975385546684265,0,0,1,0.9997103810310364,0.9997103810310364,0.9997103810310364,0.9995411763084122
153,/home/yaxin/datasets/TacAct-original/10_1_R_3.xlsx,10,1,80,114.05892944335938,1.4446334838867188,698.4749755859375,834.0,0.4441521465778351,0,0,1,0.9999321699142456,0.9999321699142456,0.9999321699142456,0.9999076446001709
154,/home/yaxin/datasets/TacAct-original/10_1_R_4.xlsx,10,1,80,161.7592315673828,1.195296287536621,692.5875244140625,816.0,0.4057936370372772,0,0,1,0.9998347759246826,0.9998347759246826,0.9998347759246826,0.9997537207818823
155,/home/yaxin/datasets/TacAct-original/10_1_R_5.xlsx,10,1,80,163.0,1.3862264156341553,701.5875244140625,848.0,0.42237797379493713,0,0,1,0.99993634223938,0.99993634223938,0.99993634223938,0.9998944727194613
156,/home/yaxin/datasets/TacAct-original/10_1_R_6.xlsx,10,1,80,114.47310638427734,1.5380343198776245,728.25,855.0,0.4312826097011566,0,0,1,0.9999737739562988,0.9999737739562988,0.9999737739562988,0.9999618844649376
157,/home/yaxin/datasets/TacAct-original/10_1_R_7.xlsx,10,1,80,156.11936950683594,1.5758545398712158,731.0750122070312,852.0,0.4301234781742096,0,0,1,0.9999237060546876,0.9999237060546876,0.9999237060546876,0.9998763153562323
158,/home/yaxin/datasets/TacAct-original/10_1_R_8.xlsx,10,1,80,99.0,1.4509481191635132,724.4625244140625,867.0,0.40290752053260803,0,0,1,0.9982450008392334,0.9982450008392334,0.9982450008392334,0.9969258710043505
159,/home/yaxin/datasets/TacAct-original/10_1_R_9.xlsx,10,1,80,194.7323760986328,1.461254358291626,702.375,856.0,0.4105722904205322,0,0,1,0.9999455213546752,0.9999455213546752,0.9999455213546752,0.9999182851279328
160,/home/yaxin/datasets/TacAct-original/10_2_L_1.xlsx,10,2,80,133.0,0.7250007390975952,665.9874877929688,821.0,0.33671167492866516,1,1,1,0.999948024749756,0.999948024749756,0.999948024749756,0.9999307417529054
161,/home/yaxin/datasets/TacAct-original/10_2_L_10.xlsx,10,2,80,211.0,0.7681114077568054,641.75,802.0,0.36044639348983765,1,1,1,0.9999690055847168,0.9999690055847168,0.9999690055847168,0.9999537995636274
162,/home/yaxin/datasets/TacAct-original/10_2_L_11.xlsx,10,2,80,167.0576629638672,0.9114139676094055,647.5875244140625,788.0,0.3614002764225006,1,1,1,0.9999659061431884,0.9999659061431884,0.9999659061431884,0.9999482649382115
163,/home/yaxin/datasets/TacAct-original/10_2_L_12.xlsx,10,2,80,185.0,0.9319556951522827,650.7999877929688,808.0,0.36879763007164,1,1,1,0.9999499320983888,0.9999499320983888,0.9999499320983888,0.9999263160261763
164,/home/yaxin/datasets/TacAct-original/10_2_L_13.xlsx,10,2,80,153.0,0.7528024315834045,654.8250122070312,806.0,0.3370513319969177,1,1,1,0.999954104423523,0.999954104423523,0.999954104423523,0.9999311196479539
165,/home/yaxin/datasets/TacAct-original/10_2_L_14.xlsx,10,2,80,240.0,0.9441986083984375,674.5,812.0,0.35903123021125793,1,1,1,0.9999659061431884,0.9999659061431884,0.9999659061431884,0.9999487029217561
166,/home/yaxin/datasets/TacAct-original/10_2_L_15.xlsx,10,2,80,140.2091064453125,0.7275556325912476,650.9500122070312,806.0,0.35174429416656494,1,1,1,0.9999679327011108,0.9999679327011108,0.9999679327011108,0.999952195214064
167,/home/yaxin/datasets/TacAct-original/10_2_L_16.xlsx,10,2,80,167.0,0.6953672170639038,650.0374755859375,800.0,0.34503689408302307,1,1,1,0.9999655485153198,0.9999655485153198,0.9999655485153198,0.999953366524096
168,/home/yaxin/datasets/TacAct-original/10_2_L_17.xlsx,10,2,80,151.1474151611328,0.8609083890914917,663.3375244140625,805.0,0.35585930943489075,1,1,1,0.999026894569397,0.999026894569397,0.999026894569397,0.9982915596920066
169,/home/yaxin/datasets/TacAct-original/10_2_L_18.xlsx,10,2,80,170.04083251953125,0.7959846258163452,656.2874755859375,799.0,0.360344797372818,1,1,1,0.999967098236084,0.999967098236084,0.999967098236084,0.9999515918898396
170,/home/yaxin/datasets/TacAct-original/10_2_L_19.xlsx,10,2,80,147.1698455810547,0.7752560377120972,659.1875,807.0,0.3560996353626251,1,1,1,0.9999668598175048,0.9999668598175048,0.9999668598175048,0.9999511833593714
171,/home/yaxin/datasets/TacAct-original/10_2_L_2.xlsx,10,2,80,145.18106079101562,0.7745847702026367,658.3875122070312,821.0,0.3380162715911865,1,1,1,0.9999693632125854,0.9999693632125854,0.9999693632125854,0.9999555766407866
172,/home/yaxin/datasets/TacAct-original/10_2_L_20.xlsx,10,2,80,165.06887817382812,0.7814425230026245,670.6749877929688,804.0,0.34836074709892273,1,1,1,0.999966025352478,0.999966025352478,0.999966025352478,0.9999511813384743
173,/home/yaxin/datasets/TacAct-original/10_2_L_3.xlsx,10,2,80,167.0,0.6819260120391846,648.8499755859375,803.0,0.34429410099983215,1,1,1,0.9999605417251588,0.9999605417251588,0.9999605417251588,0.9999407120958496
174,/home/yaxin/datasets/TacAct-original/10_2_L_4.xlsx,10,2,80,204.0,0.7839522957801819,648.75,806.0,0.35760459303855896,1,1,1,0.9999492168426514,0.9999492168426514,0.9999492168426514,0.9999192258928815
175,/home/yaxin/datasets/TacAct-original/10_2_L_5.xlsx,10,2,80,210.0,0.8720795512199402,655.3875122070312,824.0,0.3599924147129059,1,1,1,0.9999656677246094,0.9999656677246094,0.9999656677246094,0.9999496545988222
176,/home/yaxin/datasets/TacAct-original/10_2_L_6.xlsx,10,2,80,180.97914123535156,0.7240718603134155,641.5125122070312,782.0,0.34048765897750854,1,1,1,0.999969720840454,0.999969720840454,0.999969720840454,0.9999555439489994
177,/home/yaxin/datasets/TacAct-original/10_2_L_7.xlsx,10,2,80,201.86134338378906,0.71002596616745,653.3250122070312,783.0,0.3438160717487335,1,1,1,0.999962568283081,0.999962568283081,0.999962568283081,0.9999491415765078
178,/home/yaxin/datasets/TacAct-original/10_2_L_8.xlsx,10,2,80,187.0,0.8099915385246277,656.6624755859375,796.0,0.35620802640914917,1,1,1,0.9999526739120485,0.9999526739120485,0.9999526739120485,0.9999321724826588
179,/home/yaxin/datasets/TacAct-original/10_2_L_9.xlsx,10,2,80,147.1698455810547,0.6866706609725952,661.5875244140625,801.0,0.34154167771339417,1,1,1,0.999958038330078,0.999958038330078,0.999958038330078,0.9999353236489695
180,/home/yaxin/datasets/TacAct-original/10_2_R_1.xlsx,10,2,80,165.0,1.3235896825790405,703.2750244140625,873.0,0.4502057433128357,1,1,1,0.9999475479125975,0.9999475479125975,0.9999475479125975,0.9999183760937739
181,/home/yaxin/datasets/TacAct-original/10_2_R_10.xlsx,10,2,80,214.0,1.2380255460739136,696.3875122070312,862.0,0.4921342432498932,1,1,1,0.9999498128890992,0.9999498128890992,0.9999498128890992,0.999923053856037
182,/home/yaxin/datasets/TacAct-original/10_2_R_11.xlsx,10,2,80,121.31568145751953,0.8426944613456726,679.0625,838.0,0.41511598229408264,1,1,1,0.999957799911499,0.999957799911499,0.999957799911499,0.9999366839474533
183,/home/yaxin/datasets/TacAct-original/10_2_R_12.xlsx,10,2,80,141.20350646972656,0.9798246622085571,693.7374877929688,869.0,0.4336774945259094,1,1,1,0.999955415725708,0.999955415725708,0.999955415725708,0.9999350717862399
184,/home/yaxin/datasets/TacAct-original/10_2_R_13.xlsx,10,2,80,174.0,1.0903793573379517,692.2874755859375,846.0,0.4619869887828827,1,1,1,0.999958634376526,0.999958634376526,0.999958634376526,0.9999378673674074
185,/home/yaxin/datasets/TacAct-original/10_2_R_14.xlsx,10,2,80,121.81847381591797,1.0227829217910767,693.7000122070312,854.0,0.47036153078079224,1,1,1,0.9999581575393676,0.9999581575393676,0.9999581575393676,0.9999357646047428
186,/home/yaxin/datasets/TacAct-original/10_2_R_15.xlsx,10,2,80,145.0,0.7765040397644043,660.5125122070312,814.0,0.3772348463535309,1,1,1,0.999956488609314,0.999956488609314,0.999956488609314,0.9999364267314377
187,/home/yaxin/datasets/TacAct-original/10_2_R_16.xlsx,10,2,80,123.3044662475586,0.839259922504425,663.1500244140625,826.0,0.40602734684944153,1,1,1,0.999955415725708,0.999955415725708,0.999955415725708,0.9999367922064266
188,/home/yaxin/datasets/TacAct-original/10_2_R_17.xlsx,10,2,80,143.19227600097656,0.7950610518455505,663.9625244140625,843.0,0.41789212822914124,1,1,1,0.9999607801437378,0.9999607801437378,0.9999607801437378,0.9999473595689778
189,/home/yaxin/datasets/TacAct-original/10_2_R_18.xlsx,10,2,80,151.1474151611328,0.8550300598144531,673.3250122070312,827.0,0.4177859425544739,1,1,1,0.9999537467956544,0.9999537467956544,0.9999537467956544,0.9999310763596442
190,/home/yaxin/datasets/TacAct-original/10_2_R_19.xlsx,10,2,80,164.51649475097656,0.8082806468009949,643.4874877929688,815.0,0.4043160378932953,1,1,1,0.999962568283081,0.999962568283081,0.999962568283081,0.9999471586106665
191,/home/yaxin/datasets/TacAct-original/10_2_R_2.xlsx,10,2,80,137.20333862304688,1.002211093902588,679.9749755859375,824.0,0.46865686774253845,1,1,1,0.9999510049819946,0.9999510049819946,0.9999510049819946,0.9999248134881782
192,/home/yaxin/datasets/TacAct-original/10_2_R_20.xlsx,10,2,80,123.0,0.8748875856399536,675.9625244140625,835.0,0.4064807593822479,1,1,1,0.999957799911499,0.999957799911499,0.999957799911499,0.9999388835403806
193,/home/yaxin/datasets/TacAct-original/10_2_R_3.xlsx,10,2,80,137.65733337402344,0.9602588415145874,676.625,855.0,0.4658522307872772,1,1,1,0.9999587535858154,0.9999587535858154,0.9999587535858154,0.9999373165865109
194,/home/yaxin/datasets/TacAct-original/10_2_R_4.xlsx,10,2,80,160.096923828125,0.9758161306381226,683.3875122070312,841.0,0.45777425169944763,1,1,1,0.999963879585266,0.999963879585266,0.999963879585266,0.9999470676502823
195,/home/yaxin/datasets/TacAct-original/10_2_R_5.xlsx,10,2,80,100.4334716796875,0.849880039691925,667.8499755859375,839.0,0.4346194267272949,1,1,1,0.9999544620513916,0.9999544620513916,0.9999544620513916,0.9999396633829747
196,/home/yaxin/datasets/TacAct-original/10_2_R_6.xlsx,10,2,80,207.0213165283203,0.9830597043037415,686.8125,859.0,0.44549211859703064,1,1,1,0.9999607801437378,0.9999607801437378,0.9999607801437378,0.9999408537714771
197,/home/yaxin/datasets/TacAct-original/10_2_R_7.xlsx,10,2,80,137.22593688964844,1.1650863885879517,686.0374755859375,843.0,0.449017733335495,1,1,1,0.9999403953552246,0.9999403953552246,0.9999403953552246,0.9999065042793518
198,/home/yaxin/datasets/TacAct-original/10_2_R_8.xlsx,10,2,80,167.0,1.0978902578353882,687.4375,842.0,0.4382131099700928,1,1,1,0.9999603033065796,0.9999603033065796,0.9999603033065796,0.9999426967042382
199,/home/yaxin/datasets/TacAct-original/10_2_R_9.xlsx,10,2,80,151.0,0.9620733261108398,692.2125244140625,839.0,0.4275694191455841,1,1,1,0.9999629259109496,0.9999629259109496,0.9999629259109496,0.9999474589894816
200,/home/yaxin/datasets/TacAct-original/10_3_L_1.xlsx,10,3,80,74.72826385498047,0.9657111167907715,671.1124877929688,825.0,0.3961995244026184,2,2,1,0.9942945837974548,0.9942945837974548,0.9942945837974548,0.9898107242770493
201,/home/yaxin/datasets/TacAct-original/10_3_L_10.xlsx,10,3,80,142.0,1.3443279266357422,669.7999877929688,820.0,0.37963899970054626,2,2,1,0.9999308586120604,0.9999308586120604,0.9999308586120604,0.9999027421963546
202,/home/yaxin/datasets/TacAct-original/10_3_L_11.xlsx,10,3,80,84.52322387695312,1.7194942235946655,690.3875122070312,840.0,0.38508617877960205,2,2,1,0.9999258518218994,0.9999258518218994,0.9999258518218994,0.9999058269895613
203,/home/yaxin/datasets/TacAct-original/10_3_L_12.xlsx,10,3,80,82.0,1.4773285388946533,682.5125122070312,847.0,0.3779416084289551,2,2,1,0.9999407529830932,0.9999407529830932,0.9999407529830932,0.9999231811452772
204,/home/yaxin/datasets/TacAct-original/10_3_L_13.xlsx,10,3,80,66.0,1.2144569158554077,671.5125122070312,800.0,0.3614051938056946,2,2,1,0.9998973608016968,0.9998973608016968,0.9998973608016968,0.9998661049794464
205,/home/yaxin/datasets/TacAct-original/10_3_L_14.xlsx,10,3,80,121.31568145751953,1.4838926792144775,685.2999877929688,816.0,0.4085257947444916,2,2,1,0.9998041987419128,0.9998041987419128,0.9998041987419128,0.9997099195679766
206,/home/yaxin/datasets/TacAct-original/10_3_L_15.xlsx,10,3,80,123.7520980834961,1.3879668712615967,684.1749877929688,831.0,0.39863431453704834,2,2,1,0.9957516193389891,0.9957516193389891,0.9957516193389891,0.9939338717376812
207,/home/yaxin/datasets/TacAct-original/10_3_L_16.xlsx,10,3,80,106.39981842041016,1.4386966228485107,689.5999755859375,825.0,0.37597066164016724,2,2,1,0.9999135732650756,0.9999135732650756,0.9999135732650756,0.9998821247099839
208,/home/yaxin/datasets/TacAct-original/10_3_L_17.xlsx,10,3,80,101.0,1.567517638206482,686.5,818.0,0.38888290524482727,2,2,1,0.9999173879623412,0.9999173879623412,0.9999173879623412,0.999882492564211
209,/home/yaxin/datasets/TacAct-original/10_3_L_18.xlsx,10,3,80,153.1361846923828,1.7216717004776,687.8250122070312,845.0,0.4205668866634369,2,2,1,0.9995169639587402,0.9995169639587402,0.9995169639587402,0.9992460852081423
210,/home/yaxin/datasets/TacAct-original/10_3_L_19.xlsx,10,3,80,104.41104125976562,1.5181058645248413,681.6624755859375,814.0,0.389924556016922,2,2,1,0.9999430179595948,0.9999430179595948,0.9999430179595948,0.9999243512156683
211,/home/yaxin/datasets/TacAct-original/10_3_L_2.xlsx,10,3,80,73.0,1.452423334121704,688.1749877929688,827.0,0.3694992661476135,2,2,1,0.9999434947967528,0.9999434947967528,0.9999434947967528,0.9999243856291286
212,/home/yaxin/datasets/TacAct-original/10_3_L_20.xlsx,10,3,80,112.0,1.5490920543670654,709.2000122070312,861.0,0.3940747380256653,2,2,1,0.9999165534973145,0.9999165534973145,0.9999165534973145,0.9998898391859257
213,/home/yaxin/datasets/TacAct-original/10_3_L_3.xlsx,10,3,80,116.0,1.5701135396957397,686.8125,842.0,0.37733903527259827,2,2,1,0.9999252557754515,0.9999252557754515,0.9999252557754515,0.9999020263348938
214,/home/yaxin/datasets/TacAct-original/10_3_L_4.xlsx,10,3,80,82.59439849853516,1.4509063959121704,677.0,833.0,0.3781009018421173,2,2,1,0.9999361038208008,0.9999361038208008,0.9999361038208008,0.9999185242559179
215,/home/yaxin/datasets/TacAct-original/10_3_L_5.xlsx,10,3,80,156.39096069335938,1.5835063457489014,685.6375122070312,834.0,0.3761717975139618,2,2,1,0.9999136924743652,0.9999136924743652,0.9999136924743652,0.9998935116982466
216,/home/yaxin/datasets/TacAct-original/10_3_L_6.xlsx,10,3,80,89.49517822265625,1.3652273416519165,676.9000244140625,827.0,0.3800797164440155,2,2,1,0.9999169111251832,0.9999169111251832,0.9999169111251832,0.9998908688176017
217,/home/yaxin/datasets/TacAct-original/10_3_L_7.xlsx,10,3,80,83.1866455078125,1.4437310695648193,676.9874877929688,833.0,0.36631831526756287,2,2,1,0.99994158744812,0.99994158744812,0.99994158744812,0.9999249890897771
218,/home/yaxin/datasets/TacAct-original/10_3_L_8.xlsx,10,3,80,108.0,1.5544638633728027,675.8499755859375,810.0,0.3788982927799225,2,2,1,0.9999291896820068,0.9999291896820068,0.9999291896820068,0.9999097854743013
219,/home/yaxin/datasets/TacAct-original/10_3_L_9.xlsx,10,3,80,117.00872802734375,1.5228369235992432,682.2000122070312,822.0,0.409617155790329,2,2,1,0.9961511492729188,0.9961511492729188,0.9961511492729188,0.9930075379088522
220,/home/yaxin/datasets/TacAct-original/10_3_R_1.xlsx,10,3,80,70.60175323486328,1.391704797744751,680.7249755859375,832.0,0.37818679213523865,2,2,1,0.999945878982544,0.999945878982544,0.999945878982544,0.9999290978630597
221,/home/yaxin/datasets/TacAct-original/10_3_R_10.xlsx,10,3,80,109.0,1.4944212436676025,692.8250122070312,850.0,0.378837913274765,2,2,1,0.9999018907546996,0.9999018907546996,0.9999018907546996,0.9998573922784998
222,/home/yaxin/datasets/TacAct-original/10_3_R_11.xlsx,10,3,80,68.64374542236328,1.4589813947677612,681.125,835.0,0.3554801046848297,2,2,1,0.999898076057434,0.999898076057434,0.999898076057434,0.9998592349511454
223,/home/yaxin/datasets/TacAct-original/10_3_R_12.xlsx,10,3,80,94.0,1.380098819732666,677.3125,839.0,0.36213594675064087,2,2,1,0.999935746192932,0.999935746192932,0.999935746192932,0.9999132036664377
224,/home/yaxin/datasets/TacAct-original/10_3_R_13.xlsx,10,3,80,96.50408935546875,1.4080302715301514,680.6624755859375,848.0,0.37906017899513245,2,2,1,0.9998620748519896,0.9998620748519896,0.9998620748519896,0.99981112088426
225,/home/yaxin/datasets/TacAct-original/10_3_R_14.xlsx,10,3,80,117.0,1.6550381183624268,691.1624755859375,845.0,0.39815807342529297,2,2,1,0.9998218417167664,0.9998218417167664,0.9998218417167664,0.9997174381423974
226,/home/yaxin/datasets/TacAct-original/10_3_R_15.xlsx,10,3,80,110.12586212158203,1.6167141199111938,697.2874755859375,827.0,0.37290945649147034,2,2,1,0.9999337196350098,0.9999337196350098,0.9999337196350098,0.9999123408269952
227,/home/yaxin/datasets/TacAct-original/10_3_R_16.xlsx,10,3,80,107.39421081542969,1.6832364797592163,678.875,835.0,0.38200345635414124,2,2,1,0.9999356269836426,0.9999356269836426,0.9999356269836426,0.9999150531602936
228,/home/yaxin/datasets/TacAct-original/10_3_R_17.xlsx,10,3,80,103.0,1.7091953754425049,676.7874755859375,833.0,0.3698897063732147,2,2,1,0.9999346733093262,0.9999346733093262,0.9999346733093262,0.9999129722418729
229,/home/yaxin/datasets/TacAct-original/10_3_R_18.xlsx,10,3,80,106.0,1.6065486669540405,668.4249877929688,823.0,0.368601530790329,2,2,1,0.9999139308929444,0.9999139308929444,0.9999139308929444,0.9998926492953616
230,/home/yaxin/datasets/TacAct-original/10_3_R_19.xlsx,10,3,80,113.36055755615234,1.5212037563323975,676.1375122070312,818.0,0.36942729353904724,2,2,1,0.999930739402771,0.999930739402771,0.999930739402771,0.9999110046901478
231,/home/yaxin/datasets/TacAct-original/10_3_R_2.xlsx,10,3,80,91.0,1.2842967510223389,676.0999755859375,806.0,0.3629154860973358,2,2,1,0.9998842477798462,0.9998842477798462,0.9998842477798462,0.9998428848193726
232,/home/yaxin/datasets/TacAct-original/10_3_R_20.xlsx,10,3,80,84.0,1.6314573287963867,698.0875244140625,848.0,0.35186392068862915,2,2,1,0.9999358654022216,0.9999358654022216,0.9999358654022216,0.9999151037573027
233,/home/yaxin/datasets/TacAct-original/10_3_R_3.xlsx,10,3,80,78.0,1.4824151992797852,693.9124755859375,844.0,0.38061729073524475,2,2,1,0.9999370574951172,0.9999370574951172,0.9999370574951172,0.9999159412036533
234,/home/yaxin/datasets/TacAct-original/10_3_R_4.xlsx,10,3,80,72.76173400878906,1.4767248630523682,687.75,836.0,0.3882015645503998,2,2,1,0.9999210834503174,0.9999210834503174,0.9999210834503174,0.9998957459247322
235,/home/yaxin/datasets/TacAct-original/10_3_R_5.xlsx,10,3,80,98.0,1.640557885169983,691.3499755859375,846.0,0.38774433732032776,2,2,1,0.9999291896820068,0.9999291896820068,0.9999291896820068,0.999910541859208
236,/home/yaxin/datasets/TacAct-original/10_3_R_6.xlsx,10,3,80,73.58492279052734,1.5719349384307861,691.0374755859375,842.0,0.37677210569381714,2,2,1,0.9999361038208008,0.9999361038208008,0.9999361038208008,0.999915739736025
237,/home/yaxin/datasets/TacAct-original/10_3_R_7.xlsx,10,3,80,83.0,1.5721620321273804,686.1749877929688,832.0,0.36342450976371765,2,2,1,0.9999353885650636,0.9999353885650636,0.9999353885650636,0.9999180130071182
238,/home/yaxin/datasets/TacAct-original/10_3_R_8.xlsx,10,3,80,88.4939956665039,1.1810649633407593,676.9249877929688,807.0,0.36529064178466797,2,2,1,0.999871015548706,0.999871015548706,0.999871015548706,0.9998228721415217
239,/home/yaxin/datasets/TacAct-original/10_3_R_9.xlsx,10,3,80,99.4390869140625,1.5388240814208984,694.7625122070312,843.0,0.380989134311676,2,2,1,0.9999226331710817,0.9999226331710817,0.9999226331710817,0.9998931781974535
240,/home/yaxin/datasets/TacAct-original/10_4_L_1.xlsx,10,4,80,142.0,3.1719062328338623,742.9874877929688,927.0,0.49481460452079773,3,3,1,0.9995494484901428,0.9995494484901428,0.9995494484901428,0.9991369603085333
241,/home/yaxin/datasets/TacAct-original/10_4_L_10.xlsx,10,4,80,182.0,3.076655864715576,749.8125,912.0,0.5395374298095703,3,3,1,0.9995775818824768,0.9995775818824768,0.9995775818824768,0.9991908249794506
242,/home/yaxin/datasets/TacAct-original/10_4_L_11.xlsx,10,4,80,132.2539825439453,2.6418709754943848,744.3375244140625,904.0,0.4720347821712494,3,3,1,0.9987767338752748,0.9987767338752748,0.9987767338752748,0.9977738588349896
243,/home/yaxin/datasets/TacAct-original/10_4_L_12.xlsx,10,4,80,211.0,3.5254502296447754,730.5374755859375,889.0,0.5251061320304871,3,3,1,0.9772467613220216,0.9772467613220216,0.9772467613220216,0.9545907434076072
244,/home/yaxin/datasets/TacAct-original/10_4_L_13.xlsx,10,4,80,156.92025756835938,3.30651593208313,751.2750244140625,924.0,0.5131546258926392,3,3,1,0.9995217323303224,0.9995217323303224,0.9995217323303224,0.9990798484941481
245,/home/yaxin/datasets/TacAct-original/10_4_L_14.xlsx,10,4,80,208.0,3.5355114936828613,731.5250244140625,917.0,0.5405399799346924,3,3,1,0.9993376135826112,0.9993376135826112,0.9993376135826112,0.9987166682840327
246,/home/yaxin/datasets/TacAct-original/10_4_L_15.xlsx,10,4,80,132.2539825439453,3.169105052947998,745.0999755859375,941.0,0.5252484679222107,3,3,1,0.9995774626731871,0.9995774626731871,0.9995774626731871,0.999194314761553
247,/home/yaxin/datasets/TacAct-original/10_4_L_16.xlsx,10,4,80,176.00718688964844,3.3881733417510986,749.125,919.0,0.5040368437767029,3,3,1,0.9995461106300354,0.9995461106300354,0.9995461106300354,0.9991345480375458
248,/home/yaxin/datasets/TacAct-original/10_4_L_17.xlsx,10,4,80,127.82466125488281,3.0457940101623535,753.8250122070312,928.0,0.49213385581970215,3,3,1,0.999406099319458,0.999406099319458,0.999406099319458,0.9988622296368704
249,/home/yaxin/datasets/TacAct-original/10_4_L_18.xlsx,10,4,80,160.096923828125,3.4755921363830566,742.7000122070312,931.0,0.531221330165863,3,3,1,0.9992889165878296,0.9992889165878296,0.9992889165878296,0.9986176747479477
250,/home/yaxin/datasets/TacAct-original/10_4_L_19.xlsx,10,4,80,191.73699951171875,3.558629274368286,761.9375,930.0,0.5376957654953003,3,3,1,0.9995594620704652,0.9995594620704652,0.9995594620704652,0.9991561074275525
251,/home/yaxin/datasets/TacAct-original/10_4_L_2.xlsx,10,4,80,121.31568145751953,2.5907437801361084,741.0750122070312,922.0,0.4838114380836487,3,3,1,0.999544084072113,0.999544084072113,0.999544084072113,0.9991291056212505
252,/home/yaxin/datasets/TacAct-original/10_4_L_20.xlsx,10,4,80,138.22032165527344,2.729926347732544,759.8375244140625,913.0,0.49438148736953735,3,3,1,0.996942102909088,0.996942102909088,0.996942102909088,0.9945959239266812
253,/home/yaxin/datasets/TacAct-original/10_4_L_3.xlsx,10,4,80,181.0,3.2416484355926514,727.4500122070312,898.0,0.5531631708145142,3,3,1,0.9995037317276,0.9995037317276,0.9995037317276,0.9990477813989855
254,/home/yaxin/datasets/TacAct-original/10_4_L_4.xlsx,10,4,80,168.0520477294922,3.3007893562316895,744.1749877929688,927.0,0.5102819204330444,3,3,1,0.999566376209259,0.999566376209259,0.999566376209259,0.9991675678465981
255,/home/yaxin/datasets/TacAct-original/10_4_L_5.xlsx,10,4,80,143.19227600097656,2.7065954208374023,737.125,923.0,0.4881972372531891,3,3,1,0.9988380074501038,0.9988380074501038,0.9988380074501038,0.9978789872839116
256,/home/yaxin/datasets/TacAct-original/10_4_L_6.xlsx,10,4,80,181.0,2.90510892868042,729.8624877929688,910.0,0.505355954170227,3,3,1,0.9995757937431335,0.9995757937431335,0.9995757937431335,0.9991849033976905
257,/home/yaxin/datasets/TacAct-original/10_4_L_7.xlsx,10,4,80,183.81732177734375,2.9821701049804688,723.2374877929688,887.0,0.5357157588005066,3,3,1,0.9979896545410156,0.9979896545410156,0.9979896545410156,0.9960298929363489
258,/home/yaxin/datasets/TacAct-original/10_4_L_8.xlsx,10,4,80,162.59207153320312,3.3460946083068848,742.5499877929688,921.0,0.5222158432006836,3,3,1,0.9995973706245422,0.9995973706245422,0.9995973706245422,0.9992260669241659
259,/home/yaxin/datasets/TacAct-original/10_4_L_9.xlsx,10,4,80,153.3896026611328,3.2851409912109375,740.1375122070312,904.0,0.5125028491020203,3,3,1,0.9993999004364014,0.9993999004364014,0.9993999004364014,0.9988725606817752
260,/home/yaxin/datasets/TacAct-original/10_4_R_1.xlsx,10,4,80,156.0,2.4673469066619873,747.2625122070312,916.0,0.5017021894454956,3,6,0,0.999380350112915,0.0003214899625163,0.999380350112915,0.9990588601503987
261,/home/yaxin/datasets/TacAct-original/10_4_R_10.xlsx,10,4,80,197.88377380371094,3.4094161987304688,761.4749755859375,908.0,0.5632405877113342,3,3,1,0.9989209175109864,0.9989209175109864,0.9989209175109864,0.9979248672025279
262,/home/yaxin/datasets/TacAct-original/10_4_R_11.xlsx,10,4,80,192.0,2.979295015335083,774.0125122070312,929.0,0.5570331811904907,3,6,0,0.9996461868286132,0.0001276594121009,0.9996461868286132,0.9995185274165123
263,/home/yaxin/datasets/TacAct-original/10_4_R_12.xlsx,10,4,80,122.78528594970703,2.36692476272583,740.0875244140625,921.0,0.5427348613739014,3,3,1,0.6893088221549988,0.6893088221549988,0.6893088221549988,0.3792223334312439
264,/home/yaxin/datasets/TacAct-original/10_4_R_13.xlsx,10,4,80,136.0,3.074615955352783,752.1124877929688,923.0,0.5650969743728638,3,3,1,0.9992303848266602,0.9992303848266602,0.9992303848266602,0.9985305550508201
265,/home/yaxin/datasets/TacAct-original/10_4_R_14.xlsx,10,4,80,168.0520477294922,2.959043025970459,750.4874877929688,920.0,0.5423868894577026,3,3,1,0.9992202520370485,0.9992202520370485,0.9992202520370485,0.9984903087024578
266,/home/yaxin/datasets/TacAct-original/10_4_R_15.xlsx,10,4,80,116.3437271118164,2.9448466300964355,778.4749755859375,930.0,0.5203564763069153,3,3,1,0.9992122650146484,0.9992122650146484,0.9992122650146484,0.9984879367402756
267,/home/yaxin/datasets/TacAct-original/10_4_R_16.xlsx,10,4,80,118.33251190185547,2.0878329277038574,735.625,942.0,0.5287004709243774,3,3,1,0.9531077146530152,0.9531077146530152,0.9531077146530152,0.9344280045479537
268,/home/yaxin/datasets/TacAct-original/10_4_R_17.xlsx,10,4,80,130.7744598388672,2.5487117767333984,742.5875244140625,925.0,0.5344566702842712,3,3,1,0.9961336851119996,0.9961336851119996,0.9961336851119996,0.9923782884143294
269,/home/yaxin/datasets/TacAct-original/10_4_R_18.xlsx,10,4,80,152.4063262939453,2.6547584533691406,732.2374877929688,916.0,0.5427511930465698,3,3,1,0.9995697140693665,0.9995697140693665,0.9995697140693665,0.9991812581720296
270,/home/yaxin/datasets/TacAct-original/10_4_R_19.xlsx,10,4,80,107.0,2.5675957202911377,746.0625,923.0,0.5071629285812378,3,6,0,0.5195122957229614,0.480080783367157,0.5195122957229614,0.03943151235580444
271,/home/yaxin/datasets/TacAct-original/10_4_R_2.xlsx,10,4,80,212.3090057373047,2.921902656555176,733.3250122070312,909.0,0.5442523956298828,3,3,1,0.9995599389076232,0.9995599389076232,0.9995599389076232,0.999159938597586
272,/home/yaxin/datasets/TacAct-original/10_4_R_20.xlsx,10,4,80,111.109130859375,2.2946999073028564,750.0125122070312,926.0,0.5351995825767517,3,3,1,0.9984305500984192,0.9984305500984192,0.9984305500984192,0.9971244030166417
273,/home/yaxin/datasets/TacAct-original/10_4_R_3.xlsx,10,4,80,140.47007751464844,2.8720932006835938,740.4249877929688,917.0,0.607837438583374,3,3,1,0.9984379410743712,0.9984379410743712,0.9984379410743712,0.9969682343071327
274,/home/yaxin/datasets/TacAct-original/10_4_R_4.xlsx,10,4,80,137.0,2.1338157653808594,728.5875244140625,892.0,0.5026746988296509,3,6,0,0.999427080154419,0.0001984357368201,0.999427080154419,0.9992286444175988
275,/home/yaxin/datasets/TacAct-original/10_4_R_5.xlsx,10,4,80,143.0,2.807112216949463,741.8375244140625,911.0,0.5369207859039307,3,6,0,0.9990746974945068,0.0006489942898042,0.9990746974945068,0.9984257032047026
276,/home/yaxin/datasets/TacAct-original/10_4_R_6.xlsx,10,4,80,151.1474151611328,3.0350494384765625,735.2249755859375,907.0,0.5352051854133606,3,3,1,0.9995412826538086,0.9995412826538086,0.9995412826538086,0.9991209017753135
277,/home/yaxin/datasets/TacAct-original/10_4_R_7.xlsx,10,4,80,251.45054626464844,2.8828063011169434,747.7125244140625,929.0,0.5405309796333313,3,3,1,0.9992274045944214,0.9992274045944214,0.9992274045944214,0.9985196610796266
278,/home/yaxin/datasets/TacAct-original/10_4_R_8.xlsx,10,4,80,134.24276733398438,2.94242787361145,735.125,919.0,0.5274834632873535,3,6,0,0.9993151426315308,0.0004834409046452,0.9993151426315308,0.9988317017268855
279,/home/yaxin/datasets/TacAct-original/10_4_R_9.xlsx,10,4,80,168.1385955810547,3.0859649181365967,751.1875,926.0,0.5552305579185486,3,3,1,0.9992465972900392,0.9992465972900392,0.9992465972900392,0.998543909925502
280,/home/yaxin/datasets/TacAct-original/10_5_L_1.xlsx,10,5,80,147.92242431640625,1.4912850856781006,716.4625244140625,860.0,0.4492225646972656,4,4,1,0.999603807926178,0.999603807926178,0.999603807926178,0.9993011737824418
281,/home/yaxin/datasets/TacAct-original/10_5_L_10.xlsx,10,5,80,181.0,1.2519309520721436,685.8624877929688,828.0,0.41512584686279297,4,4,1,0.9995965361595154,0.9995965361595154,0.9995965361595154,0.9992720133450349
282,/home/yaxin/datasets/TacAct-original/10_5_L_11.xlsx,10,5,80,164.07449340820312,1.2924854755401611,692.7000122070312,848.0,0.41593489050865173,4,4,1,0.9996248483657836,0.9996248483657836,0.9996248483657836,0.9993370804004371
283,/home/yaxin/datasets/TacAct-original/10_5_L_12.xlsx,10,5,80,184.95669555664062,1.3957799673080444,684.8125,842.0,0.42722609639167786,4,4,1,0.9995775818824768,0.9995775818824768,0.9995775818824768,0.9992693272070028
284,/home/yaxin/datasets/TacAct-original/10_5_L_13.xlsx,10,5,80,147.1698455810547,1.2681061029434204,685.7374877929688,834.0,0.41914102435112,4,4,1,0.9996294975280762,0.9996294975280762,0.9996294975280762,0.9993395956407768
285,/home/yaxin/datasets/TacAct-original/10_5_L_14.xlsx,10,5,80,202.85572814941406,1.553694486618042,691.2625122070312,861.0,0.446814626455307,4,4,1,0.9996086955070496,0.9996086955070496,0.9996086955070496,0.9993046353920364
286,/home/yaxin/datasets/TacAct-original/10_5_L_15.xlsx,10,5,80,194.90060424804688,1.4664709568023682,686.7125244140625,863.0,0.41588881611824036,4,4,1,0.9995880722999572,0.9995880722999572,0.9995880722999572,0.999262124823872
287,/home/yaxin/datasets/TacAct-original/10_5_L_16.xlsx,10,5,80,140.6202392578125,1.4601223468780518,702.7999877929688,852.0,0.4275147020816803,4,4,1,0.9996181726455688,0.9996181726455688,0.9996181726455688,0.9993173317634502
288,/home/yaxin/datasets/TacAct-original/10_5_L_17.xlsx,10,5,80,152.0,1.3478670120239258,695.2625122070312,864.0,0.43565627932548523,4,4,1,0.9996368885040284,0.9996368885040284,0.9996368885040284,0.9993505496531726
289,/home/yaxin/datasets/TacAct-original/10_5_L_18.xlsx,10,5,80,143.5569305419922,1.4913955926895142,703.1624755859375,863.0,0.42307937145233154,4,4,1,0.9996503591537476,0.9996503591537476,0.9996503591537476,0.9993741204380059
290,/home/yaxin/datasets/TacAct-original/10_5_L_19.xlsx,10,5,80,165.0,1.437448263168335,708.4874877929688,848.0,0.4223170280456543,4,4,1,0.9996384382247924,0.9996384382247924,0.9996384382247924,0.9993587423523421
291,/home/yaxin/datasets/TacAct-original/10_5_L_2.xlsx,10,5,80,162.0,1.3627421855926514,707.9874877929688,848.0,0.4474291205406189,4,4,1,0.9996179342269896,0.9996179342269896,0.9996179342269896,0.9993332510639448
292,/home/yaxin/datasets/TacAct-original/10_5_L_20.xlsx,10,5,80,129.27081298828125,1.4670575857162476,697.7374877929688,861.0,0.43713676929473877,4,4,1,0.9996174573898317,0.9996174573898317,0.9996174573898317,0.999324489530409
293,/home/yaxin/datasets/TacAct-original/10_5_L_3.xlsx,10,5,80,226.0,1.6241172552108765,704.6124877929688,848.0,0.4380660355091095,4,4,1,0.9995962977409364,0.9995962977409364,0.9995962977409364,0.9992926299746616
294,/home/yaxin/datasets/TacAct-original/10_5_L_4.xlsx,10,5,80,155.0,1.337265968322754,693.5374755859375,850.0,0.425676167011261,4,4,1,0.9996610879898072,0.9996610879898072,0.9996610879898072,0.9993968638300431
295,/home/yaxin/datasets/TacAct-original/10_5_L_5.xlsx,10,5,80,169.14682006835938,1.3114172220230103,689.3375244140625,839.0,0.4383789300918579,4,4,1,0.999485969543457,0.999485969543457,0.999485969543457,0.999205405387329
296,/home/yaxin/datasets/TacAct-original/10_5_L_6.xlsx,10,5,80,177.00157165527344,1.5834343433380127,709.9000244140625,862.0,0.4338609278202057,4,4,1,0.9996535778045654,0.9996535778045654,0.9996535778045654,0.9993846246507019
297,/home/yaxin/datasets/TacAct-original/10_5_L_7.xlsx,10,5,80,152.4063262939453,1.3706480264663696,712.75,856.0,0.4196537435054779,4,4,1,0.9996415376663208,0.9996415376663208,0.9996415376663208,0.9993640434986447
298,/home/yaxin/datasets/TacAct-original/10_5_L_8.xlsx,10,5,80,165.1887969970703,1.2556788921356201,694.8250122070312,848.0,0.4365482032299042,4,4,1,0.9996329545974731,0.9996329545974731,0.9996329545974731,0.9993563099124003
299,/home/yaxin/datasets/TacAct-original/10_5_L_9.xlsx,10,5,80,158.8955078125,1.169614315032959,678.3875122070312,833.0,0.4103705883026123,4,4,1,0.9996403455734252,0.9996403455734252,0.9996403455734252,0.9993551892403046
300,/home/yaxin/datasets/TacAct-original/10_5_R_1.xlsx,10,5,80,174.03819274902344,1.3290907144546509,703.5374755859375,844.0,0.39223945140838623,4,4,1,0.9994358420372008,0.9994358420372008,0.9994358420372008,0.9990288945264182
301,/home/yaxin/datasets/TacAct-original/10_5_R_10.xlsx,10,5,80,168.0,1.3630445003509521,698.2625122070312,824.0,0.4029576778411865,4,4,1,0.9996138215065002,0.9996138215065002,0.9996138215065002,0.9993057895917445
302,/home/yaxin/datasets/TacAct-original/10_5_R_11.xlsx,10,5,80,159.1025390625,1.4731109142303467,702.2750244140625,846.0,0.4144640564918518,4,4,1,0.9993346333503724,0.9993346333503724,0.9993346333503724,0.9988001039600932
303,/home/yaxin/datasets/TacAct-original/10_5_R_12.xlsx,10,5,80,149.06320190429688,1.3182328939437866,715.8125,842.0,0.3930116593837738,4,4,1,0.9996383190155028,0.9996383190155028,0.9996383190155028,0.9993659496540204
304,/home/yaxin/datasets/TacAct-original/10_5_R_13.xlsx,10,5,80,160.49099731445312,1.1714684963226318,668.6375122070312,822.0,0.3928332030773163,4,4,1,0.9995902180671692,0.9995902180671692,0.9995902180671692,0.9992898099590094
305,/home/yaxin/datasets/TacAct-original/10_5_R_14.xlsx,10,5,80,111.0,1.2231833934783936,693.8125,808.0,0.3805028200149536,4,4,1,0.9996870756149292,0.9996870756149292,0.9996870756149292,0.9994491030956852
306,/home/yaxin/datasets/TacAct-original/10_5_R_15.xlsx,10,5,80,140.2091064453125,1.393282413482666,733.0999755859375,856.0,0.38396528363227844,4,4,1,0.9996397495269777,0.9996397495269777,0.9996397495269777,0.9993647965893616
307,/home/yaxin/datasets/TacAct-original/10_5_R_16.xlsx,10,5,80,139.62387084960938,1.5629383325576782,741.5374755859375,877.0,0.4054845869541168,4,4,1,0.9996262788772584,0.9996262788772584,0.9996262788772584,0.9993394622870257
308,/home/yaxin/datasets/TacAct-original/10_5_R_17.xlsx,10,5,80,118.33251190185547,1.2050163745880127,704.4249877929688,835.0,0.3956521451473236,4,4,1,0.9996507167816162,0.9996507167816162,0.9996507167816162,0.999390483048046
309,/home/yaxin/datasets/TacAct-original/10_5_R_18.xlsx,10,5,80,151.1474151611328,1.219059705734253,687.4249877929688,822.0,0.4024129807949066,4,4,1,0.9996017813682556,0.9996017813682556,0.9996017813682556,0.9992965030251071
310,/home/yaxin/datasets/TacAct-original/10_5_R_19.xlsx,10,5,80,144.5535125732422,1.3214662075042725,700.2874755859375,851.0,0.39391279220581055,4,4,1,0.9996418952941896,0.9996418952941896,0.9996418952941896,0.9993585617339705
311,/home/yaxin/datasets/TacAct-original/10_5_R_2.xlsx,10,5,80,167.0,1.2586591243743896,694.6749877929688,841.0,0.40911903977394104,4,1,0,0.9984962940216064,0.0011726464144885,0.9984962940216064,0.9973236476071179
312,/home/yaxin/datasets/TacAct-original/10_5_R_20.xlsx,10,5,80,188.0,1.5806457996368408,702.5125122070312,832.0,0.42027759552001953,4,4,1,0.9995278120040894,0.9995278120040894,0.9995278120040894,0.9991444380721077
313,/home/yaxin/datasets/TacAct-original/10_5_R_3.xlsx,10,5,80,232.6874542236328,1.4360624551773071,695.9124755859375,840.0,0.4113907516002655,4,4,1,0.9996243715286256,0.9996243715286256,0.9996243715286256,0.9993462473212277
314,/home/yaxin/datasets/TacAct-original/10_5_R_4.xlsx,10,5,80,196.0,1.5110658407211304,707.8375244140625,854.0,0.41166952252388,4,4,1,0.9995784163475036,0.9995784163475036,0.9995784163475036,0.9992450439895036
315,/home/yaxin/datasets/TacAct-original/10_5_R_5.xlsx,10,5,80,217.77159118652344,1.4961124658584595,715.5250244140625,849.0,0.39891868829727173,4,4,1,0.9996715784072876,0.9996715784072876,0.9996715784072876,0.9994238593790215
316,/home/yaxin/datasets/TacAct-original/10_5_R_6.xlsx,10,5,80,209.81646728515625,1.4928687810897827,703.8499755859375,844.0,0.4086425304412842,4,4,1,0.9996343851089478,0.9996343851089478,0.9996343851089478,0.999366188334534
317,/home/yaxin/datasets/TacAct-original/10_5_R_7.xlsx,10,5,80,186.2246551513672,1.4471123218536377,704.5750122070312,846.0,0.41427287459373474,4,4,1,0.9995197057724,0.9995197057724,0.9995197057724,0.9991329530312216
318,/home/yaxin/datasets/TacAct-original/10_5_R_8.xlsx,10,5,80,174.01840209960938,1.5269324779510498,702.5374755859375,845.0,0.4137330949306488,4,4,1,0.9996066689491272,0.9996066689491272,0.9996066689491272,0.99930244643474
319,/home/yaxin/datasets/TacAct-original/10_5_R_9.xlsx,10,5,80,170.04083251953125,1.3688675165176392,712.5625,867.0,0.4023403227329254,4,4,1,0.9972726702690125,0.9972726702690125,0.9972726702690125,0.9959934047656135
320,/home/yaxin/datasets/TacAct-original/10_6_L_1.xlsx,10,6,80,144.0,0.6330512166023254,650.9500122070312,787.0,0.3438979983329773,5,5,1,0.99997079372406,0.99997079372406,0.99997079372406,0.9999602783063891
321,/home/yaxin/datasets/TacAct-original/10_6_L_10.xlsx,10,6,80,103.03800201416016,0.5456439852714539,618.3250122070312,746.0,0.33158907294273376,5,5,1,0.9999816417694092,0.9999816417694092,0.9999816417694092,0.9999751377345092
322,/home/yaxin/datasets/TacAct-original/10_6_L_11.xlsx,10,6,80,156.11936950683594,0.5104848742485046,605.1875,743.0,0.31381842494010925,5,5,1,0.9999641180038452,0.9999641180038452,0.9999641180038452,0.9999553786574324
323,/home/yaxin/datasets/TacAct-original/10_6_L_12.xlsx,10,6,80,249.6923828125,0.6020520925521851,615.1124877929688,757.0,0.31541723012924194,5,5,1,0.9997687935829164,0.9997687935829164,0.9997687935829164,0.9996938889453305
324,/home/yaxin/datasets/TacAct-original/10_6_L_13.xlsx,10,6,80,140.2091064453125,0.5658867359161377,629.0875244140625,785.0,0.32160454988479614,5,5,1,0.9999538660049438,0.9999538660049438,0.9999538660049438,0.9999302259311662
325,/home/yaxin/datasets/TacAct-original/10_6_L_14.xlsx,10,6,80,135.23715209960938,0.511893093585968,604.75,739.0,0.3178180754184723,5,5,1,0.9999611377716064,0.9999611377716064,0.9999611377716064,0.9999467736588485
326,/home/yaxin/datasets/TacAct-original/10_6_L_15.xlsx,10,6,80,113.11714935302734,0.5010285377502441,612.0250244140625,760.0,0.30790895223617554,5,5,1,0.9999643564224244,0.9999643564224244,0.9999643564224244,0.9999465389118997
327,/home/yaxin/datasets/TacAct-original/10_6_L_16.xlsx,10,6,80,186.9454803466797,0.6241515278816223,634.6624755859375,774.0,0.3146025836467743,5,5,1,0.9999568462371826,0.9999568462371826,0.9999568462371826,0.9999400833294203
328,/home/yaxin/datasets/TacAct-original/10_6_L_17.xlsx,10,6,80,169.0,0.71410071849823,648.6124877929688,809.0,0.3265010118484497,5,5,1,0.9998807907104492,0.9998807907104492,0.9998807907104492,0.9998218437503965
329,/home/yaxin/datasets/TacAct-original/10_6_L_18.xlsx,10,6,80,183.38873291015625,0.5761946439743042,617.9625244140625,768.0,0.3135374188423157,5,5,1,0.9999008178710938,0.9999008178710938,0.9999008178710938,0.9998519982218568
330,/home/yaxin/datasets/TacAct-original/10_6_L_19.xlsx,10,6,80,135.23715209960938,0.609706699848175,613.875,754.0,0.3182322680950165,5,5,1,0.999953031539917,0.999953031539917,0.999953031539917,0.9999376623600256
331,/home/yaxin/datasets/TacAct-original/10_6_L_2.xlsx,10,6,80,153.0,0.6207003593444824,643.7750244140625,793.0,0.3449375629425049,5,5,1,0.999922513961792,0.999922513961792,0.999922513961792,0.9998953964914108
332,/home/yaxin/datasets/TacAct-original/10_6_L_20.xlsx,10,6,80,120.05345153808594,0.5111356973648071,630.9874877929688,787.0,0.32434818148612976,5,5,1,0.9999544620513916,0.9999544620513916,0.9999544620513916,0.9999354075043811
333,/home/yaxin/datasets/TacAct-original/10_6_L_3.xlsx,10,6,80,110.12586212158203,0.5886045694351196,648.8499755859375,783.0,0.3353736102581024,5,5,1,0.9999760389328004,0.9999760389328004,0.9999760389328004,0.9999665648983865
334,/home/yaxin/datasets/TacAct-original/10_6_L_4.xlsx,10,6,80,90.48957061767578,0.6777144074440002,675.6500244140625,795.0,0.32817021012306213,5,5,1,0.9999241828918456,0.9999241828918456,0.9999241828918456,0.9998767961515113
335,/home/yaxin/datasets/TacAct-original/10_6_L_5.xlsx,10,6,80,138.22032165527344,0.5841948986053467,640.4249877929688,777.0,0.32114213705062866,5,5,1,0.9999226331710817,0.9999226331710817,0.9999226331710817,0.9998943106256776
336,/home/yaxin/datasets/TacAct-original/10_6_L_6.xlsx,10,6,80,171.0,0.6666097640991211,626.7625122070312,745.0,0.32333141565322876,5,5,1,0.9999691247940063,0.9999691247940063,0.9999691247940063,0.9999589672206639
337,/home/yaxin/datasets/TacAct-original/10_6_L_7.xlsx,10,6,80,216.0,0.6241078972816467,630.0750122070312,765.0,0.3246508240699768,5,5,1,0.999966025352478,0.999966025352478,0.999966025352478,0.9999553067900706
338,/home/yaxin/datasets/TacAct-original/10_6_L_8.xlsx,10,6,80,164.07449340820312,0.6179331541061401,629.7000122070312,775.0,0.33331066370010376,5,5,1,0.9999836683273317,0.9999836683273317,0.9999836683273317,0.9999780908087815
339,/home/yaxin/datasets/TacAct-original/10_6_L_9.xlsx,10,6,80,122.0,0.6274178624153137,628.5374755859375,777.0,0.33391299843788147,5,5,1,0.999964475631714,0.999964475631714,0.999964475631714,0.9999519815537498
340,/home/yaxin/datasets/TacAct-original/10_6_R_1.xlsx,10,6,80,118.33251190185547,0.5706585049629211,648.0499877929688,806.0,0.35539883375167847,5,5,1,0.9999698400497437,0.9999698400497437,0.9999698400497437,0.9999583508179057
341,/home/yaxin/datasets/TacAct-original/10_6_R_10.xlsx,10,6,80,103.0,0.5976811647415161,649.9249877929688,802.0,0.36610737442970276,5,5,1,0.9999761581420898,0.9999761581420898,0.9999761581420898,0.9999672895164622
342,/home/yaxin/datasets/TacAct-original/10_6_R_11.xlsx,10,6,80,125.8581314086914,0.5847896337509155,636.5499877929688,789.0,0.3627302348613739,5,5,1,0.9999425411224364,0.9999425411224364,0.9999425411224364,0.9999205117164819
343,/home/yaxin/datasets/TacAct-original/10_6_R_12.xlsx,10,6,80,137.0,0.6496769785881042,644.25,814.0,0.35588017106056213,5,5,1,0.9999301433563232,0.9999301433563232,0.9999301433563232,0.9999049343805382
344,/home/yaxin/datasets/TacAct-original/10_6_R_13.xlsx,10,6,80,104.0,0.6188385486602783,639.4500122070312,809.0,0.36380887031555176,5,5,1,0.9999758005142212,0.9999758005142212,0.9999758005142212,0.9999682873676647
345,/home/yaxin/datasets/TacAct-original/10_6_R_14.xlsx,10,6,80,102.42225646972656,0.6175140142440796,647.2374877929688,789.0,0.3589150905609131,5,5,1,0.9999691247940063,0.9999691247940063,0.9999691247940063,0.99995712202508
346,/home/yaxin/datasets/TacAct-original/10_6_R_15.xlsx,10,6,80,103.0,0.6249107122421265,657.5750122070312,802.0,0.3693679869174957,5,5,1,0.9999788999557496,0.9999788999557496,0.9999788999557496,0.9999703420708103
347,/home/yaxin/datasets/TacAct-original/10_6_R_16.xlsx,10,6,80,174.0,0.5918063521385193,652.2999877929688,793.0,0.34620431065559387,5,5,1,0.9999779462814332,0.9999779462814332,0.9999779462814332,0.9999697185821789
348,/home/yaxin/datasets/TacAct-original/10_6_R_17.xlsx,10,6,80,148.8892364501953,0.719258189201355,653.3624877929688,811.0,0.3622162640094757,5,5,1,0.99797922372818,0.99797922372818,0.99797922372818,0.9970443816855551
349,/home/yaxin/datasets/TacAct-original/10_6_R_18.xlsx,10,6,80,135.23715209960938,0.65748530626297,643.1624755859375,790.0,0.35037529468536377,5,5,1,0.9999630451202391,0.9999630451202391,0.9999630451202391,0.9999517982942051
350,/home/yaxin/datasets/TacAct-original/10_6_R_19.xlsx,10,6,80,161.0,0.5707314610481262,649.125,806.0,0.34249037504196167,5,5,1,0.9999675750732422,0.9999675750732422,0.9999675750732422,0.9999559411207883
351,/home/yaxin/datasets/TacAct-original/10_6_R_2.xlsx,10,6,80,88.0,0.5497783422470093,657.8499755859375,806.0,0.35481902956962585,5,5,1,0.9999799728393556,0.9999799728393556,0.9999799728393556,0.9999720605856056
352,/home/yaxin/datasets/TacAct-original/10_6_R_20.xlsx,10,6,80,172.0296173095703,0.6456174850463867,650.375,787.0,0.35664135217666626,5,5,1,0.999974250793457,0.999974250793457,0.999974250793457,0.9999651331390851
353,/home/yaxin/datasets/TacAct-original/10_6_R_3.xlsx,10,6,80,128.0,0.6020668745040894,647.3250122070312,835.0,0.34958919882774353,5,5,1,0.9999440908432008,0.9999440908432008,0.9999440908432008,0.9999233192229441
354,/home/yaxin/datasets/TacAct-original/10_6_R_4.xlsx,10,6,80,100.4334716796875,0.5690964460372925,650.875,806.0,0.3500462472438812,5,5,1,0.9999768733978271,0.9999768733978271,0.9999768733978271,0.9999677165160392
355,/home/yaxin/datasets/TacAct-original/10_6_R_5.xlsx,10,6,80,106.39981842041016,0.5341285467147827,649.0999755859375,791.0,0.35034817457199097,5,5,1,0.9999376535415648,0.9999376535415648,0.9999376535415648,0.9999105011156643
356,/home/yaxin/datasets/TacAct-original/10_6_R_6.xlsx,10,6,80,124.29885864257812,0.6436321139335632,653.7625122070312,787.0,0.3465711176395416,5,5,1,0.9999614953994752,0.9999614953994752,0.9999614953994752,0.9999486577280551
357,/home/yaxin/datasets/TacAct-original/10_6_R_7.xlsx,10,6,80,217.0,0.6385631561279297,649.9874877929688,818.0,0.3570067286491394,5,5,1,0.9999030828475952,0.9999030828475952,0.9999030828475952,0.9998735872977704
358,/home/yaxin/datasets/TacAct-original/10_6_R_8.xlsx,10,6,80,144.18667602539062,0.6586015820503235,662.7125244140625,812.0,0.36049726605415344,5,5,1,0.999975562095642,0.999975562095642,0.999975562095642,0.9999673854163119
359,/home/yaxin/datasets/TacAct-original/10_6_R_9.xlsx,10,6,80,124.0,0.6434318423271179,642.2249755859375,800.0,0.36445191502571106,5,5,1,0.9999749660491944,0.9999749660491944,0.9999749660491944,0.999964939281199
360,/home/yaxin/datasets/TacAct-original/10_7_L_1.xlsx,10,7,80,131.42938232421875,2.673652172088623,764.1500244140625,925.0,0.4641598165035248,6,6,1,0.999334156513214,0.999334156513214,0.999334156513214,0.9988897029834333
361,/home/yaxin/datasets/TacAct-original/10_7_L_10.xlsx,10,7,80,193.0,2.8599231243133545,771.6500244140625,922.0,0.4705102741718292,6,6,1,0.999778926372528,0.999778926372528,0.999778926372528,0.9996827749127987
362,/home/yaxin/datasets/TacAct-original/10_7_L_11.xlsx,10,7,80,186.0,3.235642194747925,777.9375,912.0,0.513138473033905,6,3,0,0.9116961359977722,0.0828463360667228,0.9116961359977722,0.8288497999310495
363,/home/yaxin/datasets/TacAct-original/10_7_L_12.xlsx,10,7,80,127.28202819824219,2.8779244422912598,776.7625122070312,907.0,0.46741655468940735,6,6,1,0.99980229139328,0.99980229139328,0.99980229139328,0.9997351022029761
364,/home/yaxin/datasets/TacAct-original/10_7_L_13.xlsx,10,7,80,144.18667602539062,3.3824095726013184,773.6875,912.0,0.5145341157913208,6,3,0,0.996601939201355,0.0033238076139241,0.996601939201355,0.9932781315874308
365,/home/yaxin/datasets/TacAct-original/10_7_L_14.xlsx,10,7,80,167.25869750976562,2.7053980827331543,761.3624877929688,889.0,0.47571703791618347,6,9,0,0.9997430443763732,4.39333462054492e-06,0.9997430443763732,0.9996236951119499
366,/home/yaxin/datasets/TacAct-original/10_7_L_15.xlsx,10,7,80,140.0,2.6554179191589355,764.4500122070312,907.0,0.443707138299942,6,6,1,0.999760925769806,0.999760925769806,0.999760925769806,0.9996740532806144
367,/home/yaxin/datasets/TacAct-original/10_7_L_16.xlsx,10,7,80,157.32266235351562,2.7582759857177734,760.0875244140625,882.0,0.46638643741607666,6,9,0,0.999913215637207,1.1256572634010809e-06,0.999913215637207,0.9998640079320467
368,/home/yaxin/datasets/TacAct-original/10_7_L_17.xlsx,10,7,80,144.372802734375,2.6350905895233154,766.1624755859375,901.0,0.4354887306690216,6,6,1,0.9997517466545104,0.9997517466545104,0.9997517466545104,0.9996593098767333
369,/home/yaxin/datasets/TacAct-original/10_7_L_18.xlsx,10,7,80,228.11785888671875,3.189162492752075,775.0,911.0,0.5157143473625183,6,6,1,0.999681830406189,0.999681830406189,0.999681830406189,0.999537351410254
370,/home/yaxin/datasets/TacAct-original/10_7_L_19.xlsx,10,7,80,166.29188537597656,2.91888689994812,786.4749755859375,906.0,0.4797912836074829,6,6,1,0.999670386314392,0.999670386314392,0.999670386314392,0.9995611589110922
371,/home/yaxin/datasets/TacAct-original/10_7_L_2.xlsx,10,7,80,134.70753479003906,3.354914426803589,776.0999755859375,925.0,0.511746346950531,6,6,1,0.7775424122810364,0.7775424122810364,0.7775424122810364,0.6879624053835869
372,/home/yaxin/datasets/TacAct-original/10_7_L_20.xlsx,10,7,80,160.096923828125,2.8446247577667236,779.2999877929688,907.0,0.4884354770183563,6,3,0,0.9986847043037416,0.0010802134638652,0.9986847043037416,0.9976044908398763
373,/home/yaxin/datasets/TacAct-original/10_7_L_3.xlsx,10,7,80,130.26519775390625,2.774111270904541,754.3624877929688,894.0,0.45624619722366333,6,6,1,0.999745786190033,0.999745786190033,0.999745786190033,0.9996325724132475
374,/home/yaxin/datasets/TacAct-original/10_7_L_4.xlsx,10,7,80,137.28749084472656,3.10394287109375,751.4625244140625,912.0,0.5238211154937744,6,6,1,0.997016191482544,0.997016191482544,0.997016191482544,0.9943001486826688
375,/home/yaxin/datasets/TacAct-original/10_7_L_5.xlsx,10,7,80,137.0,2.766979217529297,776.6749877929688,917.0,0.453105092048645,6,6,1,0.9996161460876464,0.9996161460876464,0.9996161460876464,0.9993948047194862
376,/home/yaxin/datasets/TacAct-original/10_7_L_6.xlsx,10,7,80,114.08396911621094,2.5568771362304688,760.875,890.0,0.4744645655155182,6,6,1,0.9996395111083984,0.9996395111083984,0.9996395111083984,0.9995188570392203
377,/home/yaxin/datasets/TacAct-original/10_7_L_7.xlsx,10,7,80,117.0,2.7549338340759277,764.8250122070312,916.0,0.5091959238052368,6,6,1,0.9994063377380372,0.9994063377380372,0.9994063377380372,0.9991262538824233
378,/home/yaxin/datasets/TacAct-original/10_7_L_8.xlsx,10,7,80,113.36055755615234,2.520171642303467,767.6375122070312,897.0,0.4770326614379883,6,6,1,0.9997264742851256,0.9997264742851256,0.9997264742851256,0.999619124639139
379,/home/yaxin/datasets/TacAct-original/10_7_L_9.xlsx,10,7,80,138.0,3.1876845359802246,764.1875,900.0,0.5020732879638672,6,6,1,0.9995070695877076,0.9995070695877076,0.9995070695877076,0.9992503772955389
380,/home/yaxin/datasets/TacAct-original/10_7_R_1.xlsx,10,7,80,156.3394012451172,2.823423385620117,738.5499877929688,926.0,0.4777695834636688,6,3,0,0.9994235038757324,0.0005238836747594,0.9994235038757324,0.998899620200973
381,/home/yaxin/datasets/TacAct-original/10_7_R_10.xlsx,10,7,80,154.37286376953125,2.6888489723205566,703.7249755859375,874.0,0.5014923810958862,6,6,1,0.9996583461761476,0.9996583461761476,0.9996583461761476,0.9995255407557125
382,/home/yaxin/datasets/TacAct-original/10_7_R_11.xlsx,10,7,80,160.49099731445312,2.9409053325653076,748.2750244140625,925.0,0.47629719972610474,6,6,1,0.9980648159980774,0.9980648159980774,0.9980648159980774,0.9964099704520777
383,/home/yaxin/datasets/TacAct-original/10_7_R_12.xlsx,10,7,80,144.0,2.9466464519500732,733.4749755859375,925.0,0.48649924993515015,6,3,0,0.9719988703727722,0.02780700661242,0.9719988703727722,0.9441918637603522
384,/home/yaxin/datasets/TacAct-original/10_7_R_13.xlsx,10,7,80,161.2557373046875,2.3837833404541016,732.8875122070312,888.0,0.4487234652042389,6,3,0,0.9981061220169068,0.0017929673194885,0.9981061220169068,0.9963131546974183
385,/home/yaxin/datasets/TacAct-original/10_7_R_14.xlsx,10,7,80,163.08009338378906,3.557131290435791,747.4749755859375,916.0,0.5095780491828918,6,6,1,0.9986750483512878,0.9986750483512878,0.9986750483512878,0.9977708084625192
386,/home/yaxin/datasets/TacAct-original/10_7_R_15.xlsx,10,7,80,178.95452880859375,3.015637159347534,749.75,920.0,0.48637843132019043,6,6,1,0.9875507950782776,0.9875507950782776,0.9875507950782776,0.9773191120475531
387,/home/yaxin/datasets/TacAct-original/10_7_R_16.xlsx,10,7,80,186.82066345214844,3.3703103065490723,756.4749755859375,933.0,0.517132043838501,6,3,0,0.9920302629470824,0.0078914370387792,0.9920302629470824,0.9841388259083033
388,/home/yaxin/datasets/TacAct-original/10_7_R_17.xlsx,10,7,80,158.0,3.200230836868286,758.4000244140625,927.0,0.484223335981369,6,3,0,0.9987456798553468,0.0011841552332043,0.9987456798553468,0.9975615246221425
389,/home/yaxin/datasets/TacAct-original/10_7_R_18.xlsx,10,7,80,184.0,3.358053684234619,742.1124877929688,910.0,0.5121663808822632,6,3,0,0.9973906874656676,0.0025128319393843,0.9973906874656676,0.9948778555262833
390,/home/yaxin/datasets/TacAct-original/10_7_R_19.xlsx,10,7,80,135.0,3.3621647357940674,749.7750244140625,914.0,0.49130094051361084,6,3,0,0.9973763227462769,0.0025396277196705,0.9973763227462769,0.9948366950266063
391,/home/yaxin/datasets/TacAct-original/10_7_R_2.xlsx,10,7,80,147.0,3.301924228668213,742.2874755859375,899.0,0.503036379814148,6,6,1,0.9995567202568054,0.9995567202568054,0.9995567202568054,0.9993235933943653
392,/home/yaxin/datasets/TacAct-original/10_7_R_20.xlsx,10,7,80,134.24276733398438,2.802302598953247,748.1124877929688,904.0,0.46878108382225037,6,3,0,0.999316930770874,0.000618212041445,0.999316930770874,0.9986987187294291
393,/home/yaxin/datasets/TacAct-original/10_7_R_3.xlsx,10,7,80,175.01278686523438,3.081855535507202,746.1624755859375,931.0,0.48383697867393494,6,3,0,0.99940025806427,0.0005508390022441,0.99940025806427,0.998849419062026
394,/home/yaxin/datasets/TacAct-original/10_7_R_4.xlsx,10,7,80,170.10513305664062,2.7996857166290283,719.5999755859375,911.0,0.4759807288646698,6,6,1,0.9989727735519408,0.9989727735519408,0.9989727735519408,0.9984202657942659
395,/home/yaxin/datasets/TacAct-original/10_7_R_5.xlsx,10,7,80,131.2595977783203,2.5942070484161377,720.8375244140625,918.0,0.47226211428642273,6,3,0,0.9993370175361632,0.0006112693808972,0.9993370175361632,0.998725748155266
396,/home/yaxin/datasets/TacAct-original/10_7_R_6.xlsx,10,7,80,164.07449340820312,2.4000084400177,706.5999755859375,893.0,0.4665347635746002,6,6,1,0.9995821118354796,0.9995821118354796,0.9995821118354796,0.9994227363640674
397,/home/yaxin/datasets/TacAct-original/10_7_R_7.xlsx,10,7,80,120.0,2.4807395935058594,723.8250122070312,911.0,0.45943981409072876,6,3,0,0.9992861151695251,0.0006498432485386,0.9992861151695251,0.9986362719209866
398,/home/yaxin/datasets/TacAct-original/10_7_R_8.xlsx,10,7,80,259.5360107421875,2.7767906188964844,713.9500122070312,892.0,0.4771505296230316,6,3,0,0.9995855689048768,0.0003817027318291,0.9995855689048768,0.9992038661730477
399,/home/yaxin/datasets/TacAct-original/10_7_R_9.xlsx,10,7,80,132.4534149169922,2.2847163677215576,723.8875122070312,899.0,0.4524478316307068,6,3,0,0.999398112297058,0.0005519433761946,0.999398112297058,0.9988461689208634
400,/home/yaxin/datasets/TacAct-original/10_8_L_1.xlsx,10,8,80,171.0352325439453,0.5833904147148132,633.5250244140625,836.0,0.28693702816963196,7,7,1,0.9945015907287598,0.9945015907287598,0.9945015907287598,0.9920246354304255
401,/home/yaxin/datasets/TacAct-original/10_8_L_10.xlsx,10,8,80,144.0,0.5744759440422058,638.7000122070312,844.0,0.293754905462265,7,7,1,0.99572491645813,0.99572491645813,0.99572491645813,0.9935655465815217
402,/home/yaxin/datasets/TacAct-original/10_8_L_11.xlsx,10,8,80,152.0,0.475872665643692,624.625,831.0,0.23001541197299957,7,7,1,0.9924544095993042,0.9924544095993042,0.9924544095993042,0.9891095701605082
403,/home/yaxin/datasets/TacAct-original/10_8_L_12.xlsx,10,8,80,126.84140014648438,0.5406956672668457,637.9375,828.0,0.28110840916633606,7,7,1,0.9967175126075744,0.9967175126075744,0.9967175126075744,0.9949270986253396
404,/home/yaxin/datasets/TacAct-original/10_8_L_13.xlsx,10,8,80,165.0,0.5151480436325073,647.7750244140625,842.0,0.2423366904258728,7,7,1,0.992691695690155,0.992691695690155,0.992691695690155,0.9894925532862544
405,/home/yaxin/datasets/TacAct-original/10_8_L_14.xlsx,10,8,80,174.0,0.6101382374763489,654.5,829.0,0.2697296738624573,7,7,1,0.994481921195984,0.994481921195984,0.994481921195984,0.9918852059636267
406,/home/yaxin/datasets/TacAct-original/10_8_L_15.xlsx,10,8,80,173.0,0.5052895545959473,620.2000122070312,792.0,0.23779796063899994,7,7,1,0.9949976205825806,0.9949976205825806,0.9949976205825806,0.9924491867423058
407,/home/yaxin/datasets/TacAct-original/10_8_L_16.xlsx,10,8,80,302.2948303222656,0.552410900592804,642.3375244140625,833.0,0.27077949047088623,7,7,1,0.9943047165870668,0.9943047165870668,0.9943047165870668,0.9913186319172383
408,/home/yaxin/datasets/TacAct-original/10_8_L_17.xlsx,10,8,80,114.05892944335938,0.5148895382881165,622.6875,787.0,0.2585286498069763,7,7,1,0.9962210655212402,0.9962210655212402,0.9962210655212402,0.9943253317615017
409,/home/yaxin/datasets/TacAct-original/10_8_L_18.xlsx,10,8,80,280.2309875488281,0.5651577711105347,654.3499755859375,823.0,0.25639471411705017,7,7,1,0.986687958240509,0.986687958240509,0.986687958240509,0.9784362502396108
410,/home/yaxin/datasets/TacAct-original/10_8_L_19.xlsx,10,8,80,173.054931640625,0.4999018609523773,627.0999755859375,804.0,0.24194321036338806,7,7,1,0.996178388595581,0.996178388595581,0.996178388595581,0.9942163722589612
411,/home/yaxin/datasets/TacAct-original/10_8_L_2.xlsx,10,8,80,89.0,0.5262370705604553,640.125,855.0,0.2545859217643738,7,7,1,0.9950442314147948,0.9950442314147948,0.9950442314147948,0.9928658031858503
412,/home/yaxin/datasets/TacAct-original/10_8_L_20.xlsx,10,8,80,104.0,0.5602566003799438,618.0750122070312,817.0,0.2804761826992035,7,7,1,0.9951056241989136,0.9951056241989136,0.9951056241989136,0.9926970747765154
413,/home/yaxin/datasets/TacAct-original/10_8_L_3.xlsx,10,8,80,82.17913055419922,0.5964381098747253,647.2999877929688,853.0,0.26501598954200745,7,7,1,0.9973074197769164,0.9973074197769164,0.9973074197769164,0.9959085615118964
414,/home/yaxin/datasets/TacAct-original/10_8_L_4.xlsx,10,8,80,109.0,0.5701645612716675,635.2625122070312,831.0,0.28282132744789124,7,7,1,0.9957513809204102,0.9957513809204102,0.9957513809204102,0.9937490459997208
415,/home/yaxin/datasets/TacAct-original/10_8_L_5.xlsx,10,8,80,84.52322387695312,0.5150458812713623,642.6124877929688,843.0,0.22915644943714142,7,7,1,0.9956009387969972,0.9956009387969972,0.9956009387969972,0.9936421345919372
416,/home/yaxin/datasets/TacAct-original/10_8_L_6.xlsx,10,8,80,153.0,0.6583036184310913,655.6875,828.0,0.30753278732299805,7,7,1,0.99618262052536,0.99618262052536,0.99618262052536,0.994221850996837
417,/home/yaxin/datasets/TacAct-original/10_8_L_7.xlsx,10,8,80,161.0,0.6049662232398987,651.7750244140625,842.0,0.26693880558013916,7,7,1,0.9876297116279602,0.9876297116279602,0.9876297116279602,0.9808014906011522
418,/home/yaxin/datasets/TacAct-original/10_8_L_8.xlsx,10,8,80,130.51979064941406,0.5696741342544556,644.5750122070312,847.0,0.271381676197052,7,7,1,0.9957996010780334,0.9957996010780334,0.9957996010780334,0.9938812131294982
419,/home/yaxin/datasets/TacAct-original/10_8_L_9.xlsx,10,8,80,218.0,0.551828920841217,630.0999755859375,841.0,0.28720203042030334,7,7,1,0.9957085847854614,0.9957085847854614,0.9957085847854614,0.9934943076223135
420,/home/yaxin/datasets/TacAct-original/10_8_R_1.xlsx,10,8,80,169.20919799804688,0.7615243792533875,648.9375,821.0,0.27451175451278687,7,7,1,0.9958189129829408,0.9958189129829408,0.9958189129829408,0.9939657778013499
421,/home/yaxin/datasets/TacAct-original/10_8_R_10.xlsx,10,8,80,279.0,1.0275862216949463,659.2374877929688,844.0,0.33375656604766846,7,7,1,0.9884898066520692,0.9884898066520692,0.9884898066520692,0.985087031265721
422,/home/yaxin/datasets/TacAct-original/10_8_R_11.xlsx,10,8,80,102.93769836425781,1.05397367477417,691.2625122070312,856.0,0.2948501706123352,7,7,1,0.9883518815040588,0.9883518815040588,0.9883518815040588,0.983928424306214
423,/home/yaxin/datasets/TacAct-original/10_8_R_12.xlsx,10,8,80,111.18352508544922,0.714911699295044,661.4375,803.0,0.29423585534095764,7,7,1,0.9970858693122864,0.9970858693122864,0.9970858693122864,0.9956899135140703
424,/home/yaxin/datasets/TacAct-original/10_8_R_13.xlsx,10,8,80,190.0,0.7825164198875427,657.7999877929688,845.0,0.2880524694919586,7,7,1,0.9946351647377014,0.9946351647377014,0.9946351647377014,0.9921964532695711
425,/home/yaxin/datasets/TacAct-original/10_8_R_14.xlsx,10,8,80,128.0,0.6063028573989868,638.6749877929688,818.0,0.27160322666168213,7,7,1,0.9905401468276978,0.9905401468276978,0.9905401468276978,0.9855272565037012
426,/home/yaxin/datasets/TacAct-original/10_8_R_15.xlsx,10,8,80,99.4390869140625,0.5054139494895935,641.5,824.0,0.23466576635837555,7,7,1,0.991157054901123,0.991157054901123,0.991157054901123,0.9862038190476596
427,/home/yaxin/datasets/TacAct-original/10_8_R_16.xlsx,10,8,80,117.0,0.5210176706314087,631.3499755859375,821.0,0.2505551278591156,7,7,1,0.9964118599891664,0.9964118599891664,0.9964118599891664,0.9945732464548201
428,/home/yaxin/datasets/TacAct-original/10_8_R_17.xlsx,10,8,80,79.0,0.5224419832229614,631.75,855.0,0.24653437733650208,7,7,1,0.9961612224578856,0.9961612224578856,0.9961612224578856,0.9943757446017115
429,/home/yaxin/datasets/TacAct-original/10_8_R_18.xlsx,10,8,80,103.0,0.5782436728477478,637.7625122070312,815.0,0.2862696647644043,7,7,1,0.995016634464264,0.995016634464264,0.995016634464264,0.9928082693368199
430,/home/yaxin/datasets/TacAct-original/10_8_R_19.xlsx,10,8,80,90.0,0.5141524076461792,635.2999877929688,833.0,0.24447666108608246,7,7,1,0.9965065121650696,0.9965065121650696,0.9965065121650696,0.9948388998163865
431,/home/yaxin/datasets/TacAct-original/10_8_R_2.xlsx,10,8,80,105.38264465332031,0.842479407787323,649.7999877929688,840.0,0.3158609867095947,7,7,1,0.9968409538269044,0.9968409538269044,0.9968409538269044,0.9953552891965957
432,/home/yaxin/datasets/TacAct-original/10_8_R_20.xlsx,10,8,80,94.0,0.5962351560592651,645.2125244140625,852.0,0.26676419377326965,7,7,1,0.9955437779426576,0.9955437779426576,0.9955437779426576,0.9935030695050957
433,/home/yaxin/datasets/TacAct-original/10_8_R_3.xlsx,10,8,80,142.12155151367188,0.9701236486434937,677.7249755859375,867.0,0.3402402400970459,7,7,1,0.9963171482086182,0.9963171482086182,0.9963171482086182,0.994667556253262
434,/home/yaxin/datasets/TacAct-original/10_8_R_4.xlsx,10,8,80,164.0,0.9158240556716919,662.0125122070312,839.0,0.3082161545753479,7,7,1,0.9922202229499816,0.9922202229499816,0.9922202229499816,0.9891318529844284
435,/home/yaxin/datasets/TacAct-original/10_8_R_5.xlsx,10,8,80,144.54019165039062,0.6541956663131714,643.5,821.0,0.28278377652168274,7,7,1,0.9957578778266908,0.9957578778266908,0.9957578778266908,0.9937197803519667
436,/home/yaxin/datasets/TacAct-original/10_8_R_6.xlsx,10,8,80,198.0,0.8476570248603821,660.5750122070312,835.0,0.31947752833366394,7,7,1,0.9960991144180298,0.9960991144180298,0.9960991144180298,0.9943358005257323
437,/home/yaxin/datasets/TacAct-original/10_8_R_7.xlsx,10,8,80,105.87390899658203,0.775974452495575,644.1624755859375,812.0,0.30072084069252014,7,7,1,0.997108280658722,0.997108280658722,0.997108280658722,0.9956731273559856
438,/home/yaxin/datasets/TacAct-original/10_8_R_8.xlsx,10,8,80,132.4534149169922,0.7988427877426147,660.2625122070312,843.0,0.288081556558609,7,7,1,0.995832860469818,0.995832860469818,0.995832860469818,0.9938146674539893
439,/home/yaxin/datasets/TacAct-original/10_8_R_9.xlsx,10,8,80,156.0,0.7496041655540466,653.9874877929688,830.0,0.2864339053630829,7,7,1,0.9956069588661194,0.9956069588661194,0.9956069588661194,0.9935861290432513
440,/home/yaxin/datasets/TacAct-original/10_9_L_1.xlsx,10,9,80,52.936954498291016,0.794754147529602,695.9500122070312,843.0,0.4972681403160095,8,8,1,0.9999721050262452,0.9999721050262452,0.9999721050262452,0.9999593144402753
441,/home/yaxin/datasets/TacAct-original/10_9_L_10.xlsx,10,9,80,95.0785903930664,0.9634199142456055,724.6749877929688,870.0,0.6046299934387207,8,8,1,0.9999487400054932,0.9999487400054932,0.9999487400054932,0.9999261098419083
442,/home/yaxin/datasets/TacAct-original/10_9_L_11.xlsx,10,9,80,72.51099395751953,0.9152669906616211,728.1624755859375,865.0,0.583807647228241,8,8,1,0.9999690055847168,0.9999690055847168,0.9999690055847168,0.9999493302711926
443,/home/yaxin/datasets/TacAct-original/10_9_L_12.xlsx,10,9,80,73.4778060913086,0.8878566026687622,728.8875122070312,859.0,0.5846012234687805,8,8,1,0.999947190284729,0.999947190284729,0.999947190284729,0.99993084685957
444,/home/yaxin/datasets/TacAct-original/10_9_L_13.xlsx,10,9,80,88.8584976196289,1.0475332736968994,736.25,860.0,0.6489434838294983,8,8,1,0.9999825954437256,0.9999825954437256,0.9999825954437256,0.9999704942538301
445,/home/yaxin/datasets/TacAct-original/10_9_L_14.xlsx,10,9,80,69.0071029663086,0.7789808511734009,723.0374755859375,852.0,0.4985688626766205,8,8,1,0.9999816417694092,0.9999816417694092,0.9999816417694092,0.9999743552957625
446,/home/yaxin/datasets/TacAct-original/10_9_L_15.xlsx,10,9,80,90.0,0.7549524307250977,721.6500244140625,854.0,0.46263378858566284,8,10,0,0.7759563326835632,0.0017388918204233,0.7759563326835632,0.6469344794750215
447,/home/yaxin/datasets/TacAct-original/10_9_L_16.xlsx,10,9,80,74.0,0.9575508236885071,715.6500244140625,875.0,0.5972810387611389,8,8,1,0.9999090433120728,0.9999090433120728,0.9999090433120728,0.9998793779031985
448,/home/yaxin/datasets/TacAct-original/10_9_L_17.xlsx,10,9,80,84.0,0.8748003244400024,723.3125,885.0,0.5815675854682922,8,8,1,0.9974331259727478,0.9974331259727478,0.9974331259727478,0.996722856827546
449,/home/yaxin/datasets/TacAct-original/10_9_L_18.xlsx,10,9,80,43.506595611572266,0.8225070238113403,725.3125,868.0,0.5197897553443909,8,8,1,0.9994654059410096,0.9994654059410096,0.9994654059410096,0.9992278629943031
450,/home/yaxin/datasets/TacAct-original/10_9_L_19.xlsx,10,9,80,60.909236907958984,0.9866851568222046,738.2750244140625,881.0,0.5838720798492432,8,8,1,0.9887855052947998,0.9887855052947998,0.9887855052947998,0.9818098922260106
451,/home/yaxin/datasets/TacAct-original/10_9_L_2.xlsx,10,9,80,57.0,0.8273313641548157,697.9625244140625,830.0,0.5456763505935669,8,8,1,0.9999866485595704,0.9999866485595704,0.9999866485595704,0.9999779221170685
452,/home/yaxin/datasets/TacAct-original/10_9_L_20.xlsx,10,9,80,100.45243835449219,0.8530475497245789,724.6500244140625,861.0,0.5431370735168457,8,8,1,0.9999383687973022,0.9999383687973022,0.9999383687973022,0.9999014490094851
453,/home/yaxin/datasets/TacAct-original/10_9_L_3.xlsx,10,9,80,60.909236907958984,0.9299353361129761,731.3624877929688,870.0,0.5424773097038269,8,8,1,0.9867172241210938,0.9867172241210938,0.9867172241210938,0.9810993671417236
454,/home/yaxin/datasets/TacAct-original/10_9_L_4.xlsx,10,9,80,59.97926712036133,0.7345374822616577,704.3499755859375,834.0,0.5187184810638428,8,8,1,0.9999899864196776,0.9999899864196776,0.9999899864196776,0.9999849361611267
455,/home/yaxin/datasets/TacAct-original/10_9_L_5.xlsx,10,9,80,99.52151489257812,0.8786665797233582,723.8125,875.0,0.5420993566513062,8,8,1,0.9999827146530152,0.9999827146530152,0.9999827146530152,0.9999747566089355
456,/home/yaxin/datasets/TacAct-original/10_9_L_6.xlsx,10,9,80,65.74330139160156,0.6986407041549683,692.0625,839.0,0.4996379017829895,8,8,1,0.9999938011169434,0.9999938011169434,0.9999938011169434,0.9999904916621745
457,/home/yaxin/datasets/TacAct-original/10_9_L_7.xlsx,10,9,80,124.99577331542969,0.9076505899429321,711.8375244140625,865.0,0.5788865685462952,8,8,1,0.9999743700027466,0.9999743700027466,0.9999743700027466,0.9999565722355328
458,/home/yaxin/datasets/TacAct-original/10_9_L_8.xlsx,10,9,80,67.0,1.008202314376831,734.9625244140625,874.0,0.626208484172821,8,8,1,0.9999053478240968,0.9999053478240968,0.9999053478240968,0.9998691387663713
459,/home/yaxin/datasets/TacAct-original/10_9_L_9.xlsx,10,9,80,59.328948974609375,0.8433176875114441,725.0999755859375,861.0,0.5220381617546082,8,8,1,0.9999924898147584,0.9999924898147584,0.9999924898147584,0.9999888205804838
460,/home/yaxin/datasets/TacAct-original/10_9_R_1.xlsx,10,9,80,76.41830444335938,0.5886892080307007,662.2125244140625,818.0,0.42958864569664,8,8,1,0.9999723434448242,0.9999723434448242,0.9999723434448242,0.9999632231038049
461,/home/yaxin/datasets/TacAct-original/10_9_R_10.xlsx,10,9,80,50.747718811035156,0.680124044418335,682.5,873.0,0.4303789734840393,8,8,1,0.9999250173568726,0.9999250173568726,0.9999250173568726,0.9998765617601748
462,/home/yaxin/datasets/TacAct-original/10_9_R_11.xlsx,10,9,80,51.42479705810547,0.635037899017334,674.6749877929688,825.0,0.43029630184173584,8,8,1,0.9999700784683228,0.9999700784683228,0.9999700784683228,0.9999603509386361
463,/home/yaxin/datasets/TacAct-original/10_9_R_12.xlsx,10,9,80,77.56248474121094,0.7096381187438965,674.3875122070312,839.0,0.4625624120235443,8,8,1,0.9999815225601196,0.9999815225601196,0.9999815225601196,0.9999716322654422
464,/home/yaxin/datasets/TacAct-original/10_9_R_13.xlsx,10,9,80,91.40763092041016,0.606186032295227,672.7625122070312,848.0,0.43048882484436035,8,9,0,0.9999446868896484,3.274615210102638e-07,0.9999446868896484,0.9999053471437946
465,/home/yaxin/datasets/TacAct-original/10_9_R_14.xlsx,10,9,80,79.55126953125,0.6712995171546936,682.4000244140625,807.0,0.4598158299922943,8,8,1,0.99994695186615,0.99994695186615,0.99994695186615,0.9999265675451171
466,/home/yaxin/datasets/TacAct-original/10_9_R_15.xlsx,10,9,80,46.62542724609375,0.6590087413787842,675.6500244140625,821.0,0.43758392333984375,8,8,1,0.9999810457229614,0.9999810457229614,0.9999810457229614,0.9999700409853176
467,/home/yaxin/datasets/TacAct-original/10_9_R_16.xlsx,10,9,80,68.0,0.819975733757019,707.9124755859375,854.0,0.43493926525115967,8,10,0,0.8192698359489441,0.0015283497050404,0.8192698359489441,0.7109640687704086
468,/home/yaxin/datasets/TacAct-original/10_9_R_17.xlsx,10,9,80,23.010318756103516,0.49610549211502075,669.25,840.0,0.3620148003101349,8,7,0,0.9560967087745668,0.0326354019343853,0.9560967087745668,0.9234613068401815
469,/home/yaxin/datasets/TacAct-original/10_9_R_18.xlsx,10,9,80,79.40543365478516,0.6928117871284485,689.7374877929688,847.0,0.4273223876953125,8,8,1,0.9999891519546508,0.9999891519546508,0.9999891519546508,0.9999838043818271
470,/home/yaxin/datasets/TacAct-original/10_9_R_19.xlsx,10,9,80,89.49517822265625,0.7640384435653687,677.7249755859375,825.0,0.5203798413276672,8,8,1,0.9999552965164183,0.9999552965164183,0.9999552965164183,0.999924720803392
471,/home/yaxin/datasets/TacAct-original/10_9_R_2.xlsx,10,9,80,52.582733154296875,0.5385196805000305,659.0,828.0,0.40677976608276367,8,8,1,0.9999840259552002,0.9999840259552002,0.9999840259552002,0.9999775618757667
472,/home/yaxin/datasets/TacAct-original/10_9_R_20.xlsx,10,9,80,75.0,1.0656849145889282,699.4249877929688,841.0,0.4395981729030609,8,8,1,0.8379411697387695,0.8379411697387695,0.8379411697387695,0.6767736077308655
473,/home/yaxin/datasets/TacAct-original/10_9_R_3.xlsx,10,9,80,73.7449951171875,0.8070141077041626,700.8375244140625,829.0,0.5265892148017883,8,8,1,0.9998852014541626,0.9998852014541626,0.9998852014541626,0.9998113288675086
474,/home/yaxin/datasets/TacAct-original/10_9_R_4.xlsx,10,9,80,65.75528717041016,0.6788075566291809,679.8375244140625,845.0,0.4901762902736664,8,8,1,0.9999822378158568,0.9999822378158568,0.9999822378158568,0.9999712174376326
475,/home/yaxin/datasets/TacAct-original/10_9_R_5.xlsx,10,9,80,59.328948974609375,0.587605893611908,679.3125,857.0,0.40449267625808716,8,8,1,0.9999924898147584,0.9999924898147584,0.9999924898147584,0.9999890301396591
476,/home/yaxin/datasets/TacAct-original/10_9_R_6.xlsx,10,9,80,83.0,0.6486052870750427,673.7874755859375,821.0,0.4723285138607025,8,8,1,0.9999821186065674,0.9999821186065674,0.9999821186065674,0.9999717953496656
477,/home/yaxin/datasets/TacAct-original/10_9_R_7.xlsx,10,9,80,55.87958908081055,0.7770994901657104,683.125,870.0,0.49712786078453064,8,8,1,0.9999781847000122,0.9999781847000122,0.9999781847000122,0.999966318978295
478,/home/yaxin/datasets/TacAct-original/10_9_R_8.xlsx,10,9,80,54.141544342041016,0.6575978994369507,659.8125,855.0,0.47125929594039917,8,8,1,0.999976634979248,0.999976634979248,0.999976634979248,0.9999616111872456
479,/home/yaxin/datasets/TacAct-original/10_9_R_9.xlsx,10,9,80,51.99165344238281,0.5787234306335449,661.4124755859375,820.0,0.4114316999912262,8,8,1,0.9999898672103882,0.9999898672103882,0.9999898672103882,0.9999839578135834
2880,/home/yaxin/datasets/TacAct-original/16_10_L_1.xlsx,16,10,80,137.06890869140625,0.7968958616256714,700.9124755859375,941.0,0.6002083420753479,9,9,1,0.9999898672103882,0.9999898672103882,0.9999898672103882,0.9999849121295483
2881,/home/yaxin/datasets/TacAct-original/16_10_L_10.xlsx,16,10,80,185.65548706054688,0.8376084566116333,716.0,919.0,0.638140082359314,9,9,1,0.9999914169311525,0.9999914169311525,0.9999914169311525,0.9999868257195886
2882,/home/yaxin/datasets/TacAct-original/16_10_L_11.xlsx,16,10,80,231.03208923339844,0.8456325531005859,727.9375,902.0,0.621157705783844,9,9,1,0.9999910593032836,0.9999910593032836,0.9999910593032836,0.9999869648854655
2883,/home/yaxin/datasets/TacAct-original/16_10_L_12.xlsx,16,10,80,154.62411499023438,1.0465917587280273,760.5625,892.0,0.6198124289512634,9,9,1,0.9999892711639404,0.9999892711639404,0.9999892711639404,0.999982031135005
2884,/home/yaxin/datasets/TacAct-original/16_10_L_13.xlsx,16,10,80,95.21224975585938,0.9259462356567383,763.5750122070312,870.0,0.5712711215019226,9,9,1,0.999982476234436,0.999982476234436,0.999982476234436,0.9999740290249974
2885,/home/yaxin/datasets/TacAct-original/16_10_L_14.xlsx,16,10,80,143.9507598876953,0.8557533025741577,749.2874755859375,881.0,0.5968779921531677,9,9,1,0.9999889135360718,0.9999889135360718,0.9999889135360718,0.9999843747214072
2886,/home/yaxin/datasets/TacAct-original/16_10_L_15.xlsx,16,10,80,212.3090057373047,1.15505051612854,811.4249877929688,903.0,0.6487134695053101,9,9,1,0.9999878406524658,0.9999878406524658,0.9999878406524658,0.999983061900366
2887,/home/yaxin/datasets/TacAct-original/16_10_L_16.xlsx,16,10,80,175.12677001953125,0.8920210599899292,724.2625122070312,901.0,0.6228639483451843,9,9,1,0.9999880790710448,0.9999880790710448,0.9999880790710448,0.999981978069627
2888,/home/yaxin/datasets/TacAct-original/16_10_L_17.xlsx,16,10,80,122.1615982055664,0.8360873460769653,739.1124877929688,895.0,0.5753029584884644,9,9,1,0.9999897480010986,0.9999897480010986,0.9999897480010986,0.9999831156569599
2889,/home/yaxin/datasets/TacAct-original/16_10_L_18.xlsx,16,10,80,179.3981475830078,0.8638264536857605,720.9500122070312,913.0,0.5728294253349304,9,9,1,0.9999892711639404,0.9999892711639404,0.9999892711639404,0.9999839173492546
2890,/home/yaxin/datasets/TacAct-original/16_10_L_19.xlsx,16,10,80,216.13204956054688,0.8652231097221375,715.8624877929688,931.0,0.6249188184738159,9,9,1,0.9999887943267822,0.9999887943267822,0.9999887943267822,0.9999830051228855
2891,/home/yaxin/datasets/TacAct-original/16_10_L_2.xlsx,16,10,80,142.92709350585938,0.8218002319335938,692.7999877929688,936.0,0.5963068008422852,9,9,1,0.999990701675415,0.999990701675415,0.999990701675415,0.9999852390869819
2892,/home/yaxin/datasets/TacAct-original/16_10_L_20.xlsx,16,10,80,272.04962158203125,0.8605554699897766,714.4500122070312,921.0,0.6325942277908325,9,9,1,0.9999912977218628,0.9999912977218628,0.9999912977218628,0.9999866260586714
2893,/home/yaxin/datasets/TacAct-original/16_10_L_3.xlsx,16,10,80,180.4877166748047,0.6632704734802246,673.0499877929688,918.0,0.5234953165054321,9,9,1,0.9999920129776,0.9999920129776,0.9999920129776,0.9999873183373892
2894,/home/yaxin/datasets/TacAct-original/16_10_L_4.xlsx,16,10,80,158.8955078125,0.9147539138793945,714.8875122070312,913.0,0.5723550319671631,9,9,1,0.9999880790710448,0.9999880790710448,0.9999880790710448,0.999982735209869
2895,/home/yaxin/datasets/TacAct-original/16_10_L_5.xlsx,16,10,80,94.73563385009766,0.6971818804740906,685.2750244140625,905.0,0.5127570033073425,9,9,1,0.9999905824661256,0.9999905824661256,0.9999905824661256,0.9999862348017815
2896,/home/yaxin/datasets/TacAct-original/16_10_L_6.xlsx,16,10,80,150.1708526611328,0.800927460193634,712.3250122070312,912.0,0.5802345871925354,9,9,1,0.9999902248382568,0.9999902248382568,0.9999902248382568,0.9999846273003641
2897,/home/yaxin/datasets/TacAct-original/16_10_L_7.xlsx,16,10,80,235.38038635253906,0.9506030082702637,728.7249755859375,906.0,0.6751905083656311,9,9,1,0.9999898672103882,0.9999898672103882,0.9999898672103882,0.9999840079763089
2898,/home/yaxin/datasets/TacAct-original/16_10_L_8.xlsx,16,10,80,137.53857421875,0.7956176400184631,708.7374877929688,914.0,0.5914945006370544,9,9,1,0.9999923706054688,0.9999923706054688,0.9999923706054688,0.9999872491193855
2899,/home/yaxin/datasets/TacAct-original/16_10_L_9.xlsx,16,10,80,161.7039337158203,0.766966700553894,720.6624755859375,919.0,0.5768728852272034,9,9,1,0.9999933242797852,0.9999933242797852,0.9999933242797852,0.999989430837104
2900,/home/yaxin/datasets/TacAct-original/16_10_R_1.xlsx,16,10,80,144.2965850830078,0.7779035568237305,696.1500244140625,912.0,0.5689294338226318,9,9,1,0.9999902248382568,0.9999902248382568,0.9999902248382568,0.9999835841176719
2901,/home/yaxin/datasets/TacAct-original/16_10_R_10.xlsx,16,10,80,164.8754425048828,0.8616943359375,700.4124755859375,884.0,0.5927467346191406,9,9,1,0.999991536140442,0.999991536140442,0.999991536140442,0.9999863496213949
2902,/home/yaxin/datasets/TacAct-original/16_10_R_11.xlsx,16,10,80,158.8108673095703,0.8411884307861328,711.2374877929688,901.0,0.611890971660614,9,9,1,0.9999916553497314,0.9999916553497314,0.9999916553497314,0.9999860720067772
2903,/home/yaxin/datasets/TacAct-original/16_10_R_12.xlsx,16,10,80,174.99319458007812,0.9873532056808472,729.9375,897.0,0.6874447464942932,9,9,1,0.99997878074646,0.99997878074646,0.99997878074646,0.9999693416320952
2904,/home/yaxin/datasets/TacAct-original/16_10_R_13.xlsx,16,10,80,276.6450500488281,0.9198007583618164,706.5750122070312,881.0,0.6728928685188293,9,9,1,0.9998898506164552,0.9998898506164552,0.9998898506164552,0.9998260439679144
2905,/home/yaxin/datasets/TacAct-original/16_10_R_14.xlsx,16,10,80,194.8463592529297,0.8236455917358398,698.5625,880.0,0.6160967946052551,9,9,1,0.9999914169311525,0.9999914169311525,0.9999914169311525,0.9999864757019169
2906,/home/yaxin/datasets/TacAct-original/16_10_R_15.xlsx,16,10,80,177.7169952392578,0.854095458984375,710.4749755859375,896.0,0.5995034575462341,9,9,1,0.9999879598617554,0.9999879598617554,0.9999879598617554,0.9999806529112902
2907,/home/yaxin/datasets/TacAct-original/16_10_R_16.xlsx,16,10,80,144.2965850830078,0.8721835017204285,715.0625,936.0,0.6016526818275452,9,9,1,0.99998939037323,0.99998939037323,0.99998939037323,0.9999837521654626
2908,/home/yaxin/datasets/TacAct-original/16_10_R_17.xlsx,16,10,80,141.80996704101562,0.7656879425048828,707.2625122070312,886.0,0.560276985168457,9,9,1,0.9999922513961792,0.9999922513961792,0.9999922513961792,0.9999880598929849
2909,/home/yaxin/datasets/TacAct-original/16_10_R_18.xlsx,16,10,80,218.7425994873047,0.7806475162506104,701.2249755859375,913.0,0.6001810431480408,9,9,1,0.9999557733535768,0.9999557733535768,0.9999557733535768,0.9999350134930866
2910,/home/yaxin/datasets/TacAct-original/16_10_R_19.xlsx,16,10,80,132.39915466308594,0.7733647227287292,697.5750122070312,885.0,0.5831372141838074,9,9,1,0.9999827146530152,0.9999827146530152,0.9999827146530152,0.9999765532252242
2911,/home/yaxin/datasets/TacAct-original/16_10_R_2.xlsx,16,10,80,153.13905334472656,0.8334947824478149,710.3875122070312,885.0,0.5871217250823975,9,9,1,0.9998815059661864,0.9998815059661864,0.9998815059661864,0.9998483784293056
2912,/home/yaxin/datasets/TacAct-original/16_10_R_20.xlsx,16,10,80,175.05123901367188,0.756114661693573,701.4500122070312,897.0,0.5690255761146545,9,9,1,0.9997931122779846,0.9997931122779846,0.9997931122779846,0.9996586421184476
2913,/home/yaxin/datasets/TacAct-original/16_10_R_3.xlsx,16,10,80,128.56117248535156,0.8339918255805969,704.2125244140625,891.0,0.5944446325302124,9,9,1,0.9999769926071168,0.9999769926071168,0.9999769926071168,0.9999668231284887
2914,/home/yaxin/datasets/TacAct-original/16_10_R_4.xlsx,16,10,80,159.75616455078125,0.8041265606880188,712.4124755859375,878.0,0.5653537511825562,9,9,1,0.9999855756759644,0.9999855756759644,0.9999855756759644,0.9999787262590871
2915,/home/yaxin/datasets/TacAct-original/16_10_R_5.xlsx,16,10,80,169.7197265625,0.772050678730011,715.5750122070312,913.0,0.5706592798233032,9,9,1,0.9999921321868896,0.9999921321868896,0.9999921321868896,0.9999871455934226
2916,/home/yaxin/datasets/TacAct-original/16_10_R_6.xlsx,16,10,80,185.65548706054688,0.8324905633926392,710.8499755859375,918.0,0.5936281681060791,9,9,1,0.999992609024048,0.999992609024048,0.999992609024048,0.9999873697529439
2917,/home/yaxin/datasets/TacAct-original/16_10_R_7.xlsx,16,10,80,143.9507598876953,0.7729593515396118,703.125,917.0,0.5832650065422058,9,9,1,0.999988317489624,0.999988317489624,0.999988317489624,0.9999821304959369
2918,/home/yaxin/datasets/TacAct-original/16_10_R_8.xlsx,16,10,80,160.83387756347656,0.8194022178649902,710.5125122070312,876.0,0.5775049924850464,9,9,1,0.9999781847000122,0.9999781847000122,0.9999781847000122,0.9999665890045435
2919,/home/yaxin/datasets/TacAct-original/16_10_R_9.xlsx,16,10,80,181.97914123535156,0.8810329437255859,710.8875122070312,881.0,0.6234310865402222,9,9,1,0.9999895095825196,0.9999895095825196,0.9999895095825196,0.9999841533922337
2920,/home/yaxin/datasets/TacAct-original/16_11_L_1.xlsx,16,11,80,83.0,0.4687804579734802,603.0625,773.0,0.2290651798248291,10,10,1,0.9992520213127136,0.9992520213127136,0.9992520213127136,0.9986544605926612
2921,/home/yaxin/datasets/TacAct-original/16_11_L_10.xlsx,16,11,80,116.07156372070312,0.49677830934524536,607.9124755859375,791.0,0.25893357396125793,10,10,1,0.9987784028053284,0.9987784028053284,0.9987784028053284,0.9977672077948228
2922,/home/yaxin/datasets/TacAct-original/16_11_L_11.xlsx,16,11,80,119.0,0.5324007868766785,609.0499877929688,836.0,0.2702435255050659,10,10,1,0.9833282232284546,0.9833282232284546,0.9833282232284546,0.9679193673655391
2923,/home/yaxin/datasets/TacAct-original/16_11_L_12.xlsx,16,11,80,93.50209045410156,0.507815957069397,604.25,819.0,0.25835877656936646,10,10,1,0.9985905289649964,0.9985905289649964,0.9985905289649964,0.9974306209478528
2924,/home/yaxin/datasets/TacAct-original/16_11_L_13.xlsx,16,11,80,98.0,0.5380727052688599,596.9500122070312,805.0,0.2708760201931,10,10,1,0.9951634407043456,0.9951634407043456,0.9951634407043456,0.9908231953158974
2925,/home/yaxin/datasets/TacAct-original/16_11_L_14.xlsx,16,11,80,181.0,0.5777500867843628,597.3125,806.0,0.30442360043525696,10,10,1,0.9901719689369202,0.9901719689369202,0.9901719689369202,0.9811246376484632
2926,/home/yaxin/datasets/TacAct-original/16_11_L_15.xlsx,16,11,80,231.0,0.5139040946960449,597.6124877929688,801.0,0.2717248797416687,10,10,1,0.9899476170539856,0.9899476170539856,0.9899476170539856,0.980733534321189
2927,/home/yaxin/datasets/TacAct-original/16_11_L_16.xlsx,16,11,80,65.0,0.4770198464393616,599.0499877929688,809.0,0.24917757511138916,10,10,1,0.9962053894996644,0.9962053894996644,0.9962053894996644,0.9928448202554138
2928,/home/yaxin/datasets/TacAct-original/16_11_L_17.xlsx,16,11,80,161.0,0.5266354084014893,602.75,820.0,0.2792055010795593,10,10,1,0.9875675439834596,0.9875675439834596,0.9875675439834596,0.9762891745194795
2929,/home/yaxin/datasets/TacAct-original/16_11_L_18.xlsx,16,11,80,95.4366226196289,0.4956015646457672,603.3125,796.0,0.2529057264328003,10,10,1,0.9983153343200684,0.9983153343200684,0.9983153343200684,0.9969066736521199
2930,/home/yaxin/datasets/TacAct-original/16_11_L_19.xlsx,16,11,80,89.0,0.5460408926010132,607.2625122070312,785.0,0.2855170965194702,10,10,1,0.9987630844116212,0.9987630844116212,0.9987630844116212,0.9977535352809356
2931,/home/yaxin/datasets/TacAct-original/16_11_L_2.xlsx,16,11,80,44.0,0.45695218443870544,597.3250122070312,778.0,0.2209625244140625,10,10,1,0.9992044568061828,0.9992044568061828,0.9992044568061828,0.9985712837078607
2932,/home/yaxin/datasets/TacAct-original/16_11_L_20.xlsx,16,11,80,109.0,0.5503670573234558,611.7999877929688,818.0,0.2829459607601166,10,10,1,0.9973715543746948,0.9973715543746948,0.9973715543746948,0.9950990348588676
2933,/home/yaxin/datasets/TacAct-original/16_11_L_3.xlsx,16,11,80,88.0,0.4962991774082184,611.4625244140625,821.0,0.2452431172132492,10,10,1,0.998342514038086,0.998342514038086,0.998342514038086,0.996956364135258
2934,/home/yaxin/datasets/TacAct-original/16_11_L_4.xlsx,16,11,80,52.23220443725586,0.4654107093811035,609.1875,809.0,0.22880874574184418,10,10,1,0.9980304837226868,0.9980304837226868,0.9980304837226868,0.9963287536520512
2935,/home/yaxin/datasets/TacAct-original/16_11_L_5.xlsx,16,11,80,75.0,0.5278293490409851,601.0625,804.0,0.26597991585731506,10,10,1,0.9982582926750184,0.9982582926750184,0.9982582926750184,0.9967932321596892
2936,/home/yaxin/datasets/TacAct-original/16_11_L_6.xlsx,16,11,80,160.0,0.4969016909599304,599.8499755859375,805.0,0.26002559065818787,10,10,1,0.9947901964187622,0.9947901964187622,0.9947901964187622,0.9901357237249613
2937,/home/yaxin/datasets/TacAct-original/16_11_L_7.xlsx,16,11,80,107.0,0.4867371618747711,609.25,801.0,0.2500613331794739,10,10,1,0.9974350333213806,0.9974350333213806,0.9974350333213806,0.9952376326546073
2938,/home/yaxin/datasets/TacAct-original/16_11_L_8.xlsx,16,11,80,70.93262481689453,0.4825100302696228,604.1375122070312,808.0,0.24401254951953888,10,10,1,0.9975383281707764,0.9975383281707764,0.9975383281707764,0.9954482438042761
2939,/home/yaxin/datasets/TacAct-original/16_11_L_9.xlsx,16,11,80,47.07346725463867,0.4490237832069397,600.1624755859375,788.0,0.22383195161819458,10,10,1,0.9986182451248168,0.9986182451248168,0.9986182451248168,0.9974635189864783
2940,/home/yaxin/datasets/TacAct-original/16_11_R_1.xlsx,16,11,80,101.0,0.47441157698631287,593.6749877929688,798.0,0.22559484839439392,10,10,1,0.9964389801025392,0.9964389801025392,0.9964389801025392,0.9933237093500795
2941,/home/yaxin/datasets/TacAct-original/16_11_R_10.xlsx,16,11,80,71.0,0.3602063059806824,542.5,759.0,0.18162894248962402,10,10,1,0.9977868795394896,0.9977868795394896,0.9977868795394896,0.9958742733579128
2942,/home/yaxin/datasets/TacAct-original/16_11_R_11.xlsx,16,11,80,102.42225646972656,0.46197444200515747,568.5750122070312,777.0,0.22043976187705994,10,10,1,0.9989261031150818,0.9989261031150818,0.9989261031150818,0.9980555212241597
2943,/home/yaxin/datasets/TacAct-original/16_11_R_12.xlsx,16,11,80,98.0,0.41209521889686584,538.1624755859375,774.0,0.2098785787820816,10,10,1,0.9985395669937134,0.9985395669937134,0.9985395669937134,0.9973029618849979
2944,/home/yaxin/datasets/TacAct-original/16_11_R_13.xlsx,16,11,80,161.0,0.41585999727249146,553.0499877929688,801.0,0.21987175941467285,10,10,1,0.9987807869911194,0.9987807869911194,0.9987807869911194,0.9977799138287082
2945,/home/yaxin/datasets/TacAct-original/16_11_R_14.xlsx,16,11,80,97.0,0.43568602204322815,566.625,778.0,0.21693024039268494,10,10,1,0.9968600273132324,0.9968600273132324,0.9968600273132324,0.9941306933760643
2946,/home/yaxin/datasets/TacAct-original/16_11_R_15.xlsx,16,11,80,116.0,0.4190666079521179,548.8875122070312,757.0,0.2039193958044052,10,10,1,0.9987475872039796,0.9987475872039796,0.9987475872039796,0.9977008113637568
2947,/home/yaxin/datasets/TacAct-original/16_11_R_16.xlsx,16,11,80,57.0,0.4005759656429291,549.4874877929688,751.0,0.19924911856651306,10,10,1,0.998854398727417,0.998854398727417,0.998854398727417,0.9979392501409166
2948,/home/yaxin/datasets/TacAct-original/16_11_R_17.xlsx,16,11,80,98.0,0.46439534425735474,569.8250122070312,763.0,0.2264569252729416,10,10,1,0.9993744492530824,0.9993744492530824,0.9993744492530824,0.9988876387360508
2949,/home/yaxin/datasets/TacAct-original/16_11_R_18.xlsx,16,11,80,92.0,0.4184134602546692,538.2374877929688,747.0,0.21047843992710114,10,10,1,0.9977121353149414,0.9977121353149414,0.9977121353149414,0.995753548340872
2950,/home/yaxin/datasets/TacAct-original/16_11_R_19.xlsx,16,11,80,95.4366226196289,0.4034983515739441,536.7000122070312,769.0,0.2102450430393219,10,10,1,0.9970768690109252,0.9970768690109252,0.9970768690109252,0.9944907140452414
2951,/home/yaxin/datasets/TacAct-original/16_11_R_2.xlsx,16,11,80,79.31556701660156,0.490522563457489,620.4749755859375,777.0,0.2235531359910965,10,10,1,0.9980798959732056,0.9980798959732056,0.9980798959732056,0.9964559738291427
2952,/home/yaxin/datasets/TacAct-original/16_11_R_20.xlsx,16,11,80,124.0,0.4598311483860016,553.3624877929688,758.0,0.2262469381093979,10,10,1,0.9978158473968506,0.9978158473968506,0.9978158473968506,0.9959810925647616
2953,/home/yaxin/datasets/TacAct-original/16_11_R_3.xlsx,16,11,80,87.0,0.44880160689353943,585.1375122070312,773.0,0.2136801779270172,10,10,1,0.9983128309249878,0.9983128309249878,0.9983128309249878,0.9968837363412604
2954,/home/yaxin/datasets/TacAct-original/16_11_R_4.xlsx,16,11,80,113.0,0.4062790870666504,555.9874877929688,751.0,0.1893225759267807,10,10,1,0.9988034963607788,0.9988034963607788,0.9988034963607788,0.9978511515655555
2955,/home/yaxin/datasets/TacAct-original/16_11_R_5.xlsx,16,11,80,78.0,0.41455888748168945,551.8624877929688,770.0,0.19306275248527527,10,10,1,0.9982940554618835,0.9982940554618835,0.9982940554618835,0.996854861266911
2956,/home/yaxin/datasets/TacAct-original/16_11_R_6.xlsx,16,11,80,139.0,0.3962426483631134,542.0875244140625,770.0,0.2013426125049591,10,10,1,0.9986122846603394,0.9986122846603394,0.9986122846603394,0.9974594711093232
2957,/home/yaxin/datasets/TacAct-original/16_11_R_7.xlsx,16,11,80,103.25732421875,0.4173198342323303,547.8375244140625,748.0,0.20496053993701935,10,10,1,0.999201238155365,0.999201238155365,0.999201238155365,0.998567787988577
2958,/home/yaxin/datasets/TacAct-original/16_11_R_8.xlsx,16,11,80,78.0,0.41637706756591797,558.6749877929688,774.0,0.2085704803466797,10,10,1,0.9983049631118774,0.9983049631118774,0.9983049631118774,0.9968586630420759
2959,/home/yaxin/datasets/TacAct-original/16_11_R_9.xlsx,16,11,80,118.0,0.3999519646167755,536.1375122070312,752.0,0.2101142704486847,10,10,1,0.9985491633415222,0.9985491633415222,0.9985491633415222,0.9973258757963778
2960,/home/yaxin/datasets/TacAct-original/16_12_L_1.xlsx,16,12,80,195.89498901367188,1.5943009853363037,762.9874877929688,940.0,0.9377056956291199,11,11,1,0.9993553757667542,0.9993553757667542,0.9993553757667542,0.999034632492112
2961,/home/yaxin/datasets/TacAct-original/16_12_L_10.xlsx,16,12,80,181.97352600097656,1.8715541362762451,779.0250244140625,929.0,1.0513149499893188,11,11,1,0.9996792078018188,0.9996792078018188,0.9996792078018188,0.9995129125018138
2962,/home/yaxin/datasets/TacAct-original/16_12_L_11.xlsx,16,12,80,146.0,1.8903567790985107,783.7000122070312,933.0,1.0863780975341797,11,11,1,0.999875783920288,0.999875783920288,0.999875783920288,0.9998233953083399
2963,/home/yaxin/datasets/TacAct-original/16_12_L_12.xlsx,16,12,80,161.2557373046875,1.9092124700546265,777.1375122070312,935.0,1.0683423280715942,11,11,1,0.999835729598999,0.999835729598999,0.999835729598999,0.9997588281985372
2964,/home/yaxin/datasets/TacAct-original/16_12_L_13.xlsx,16,12,80,172.0,1.9301741123199463,771.9249877929688,921.0,1.069472074508667,11,11,1,0.9998750686645508,0.9998750686645508,0.9998750686645508,0.9998184318028507
2965,/home/yaxin/datasets/TacAct-original/16_12_L_14.xlsx,16,12,80,146.0,1.7770788669586182,777.0,926.0,1.0215229988098145,11,11,1,0.9999058246612548,0.9999058246612548,0.9999058246612548,0.9998716795089421
2966,/home/yaxin/datasets/TacAct-original/16_12_L_15.xlsx,16,12,80,149.0,1.9575408697128296,779.1500244140625,940.0,1.0694937705993652,11,11,1,0.9998866319656372,0.9998866319656372,0.9998866319656372,0.999843424095161
2967,/home/yaxin/datasets/TacAct-original/16_12_L_16.xlsx,16,12,80,131.2595977783203,1.9929929971694946,774.2999877929688,938.0,1.091822862625122,11,11,1,0.999803364276886,0.999803364276886,0.999803364276886,0.9996981083750143
2968,/home/yaxin/datasets/TacAct-original/16_12_L_17.xlsx,16,12,80,137.0,2.1297595500946045,785.6500244140625,929.0,1.0873507261276245,11,11,1,0.9994354844093324,0.9994354844093324,0.9994354844093324,0.999041151138954
2969,/home/yaxin/datasets/TacAct-original/16_12_L_18.xlsx,16,12,80,172.0,2.142260789871216,775.8250122070312,943.0,1.0635961294174194,11,11,1,0.9992617964744568,0.9992617964744568,0.9992617964744568,0.9987655538134277
2970,/home/yaxin/datasets/TacAct-original/16_12_L_19.xlsx,16,12,80,140.0,2.06325626373291,780.4500122070312,935.0,1.0678550004959106,11,11,1,0.9996973276138306,0.9996973276138306,0.9996973276138306,0.999515156436246
2971,/home/yaxin/datasets/TacAct-original/16_12_L_2.xlsx,16,12,80,183.0,1.93270742893219,774.2750244140625,942.0,1.0014020204544067,11,11,1,0.9982439279556274,0.9982439279556274,0.9982439279556274,0.9973922853823751
2972,/home/yaxin/datasets/TacAct-original/16_12_L_20.xlsx,16,12,80,132.0,2.1552538871765137,785.9249877929688,938.0,1.1672942638397217,11,11,1,0.9997621178627014,0.9997621178627014,0.9997621178627014,0.9996324622334214
2973,/home/yaxin/datasets/TacAct-original/16_12_L_3.xlsx,16,12,80,190.0,1.8245853185653687,762.1875,943.0,1.0439581871032715,11,11,1,0.9998509883880616,0.9998509883880616,0.9998509883880616,0.9997957719569969
2974,/home/yaxin/datasets/TacAct-original/16_12_L_4.xlsx,16,12,80,146.50672912597656,1.6885032653808594,760.4500122070312,944.0,0.9660898447036743,11,11,1,0.999921441078186,0.999921441078186,0.999921441078186,0.999889923583396
2975,/home/yaxin/datasets/TacAct-original/16_12_L_5.xlsx,16,12,80,149.3578338623047,1.7642492055892944,759.7125244140625,945.0,1.004654049873352,11,11,1,0.9998084902763368,0.9998084902763368,0.9998084902763368,0.9997446543202387
2976,/home/yaxin/datasets/TacAct-original/16_12_L_6.xlsx,16,12,80,165.1887969970703,2.00593900680542,788.5875244140625,953.0,1.021874189376831,11,11,1,0.9995821118354796,0.9995821118354796,0.9995821118354796,0.9993742105725686
2977,/home/yaxin/datasets/TacAct-original/16_12_L_7.xlsx,16,12,80,172.0296173095703,1.85275399684906,770.0750122070312,930.0,1.0444927215576172,11,11,1,0.9998620748519896,0.9998620748519896,0.9998620748519896,0.9998135419737081
2978,/home/yaxin/datasets/TacAct-original/16_12_L_8.xlsx,16,12,80,165.1887969970703,1.9595693349838257,776.1749877929688,944.0,1.0468173027038574,11,11,1,0.9997300505638124,0.9997300505638124,0.9997300505638124,0.9996060604898959
2979,/home/yaxin/datasets/TacAct-original/16_12_L_9.xlsx,16,12,80,184.0,1.9905059337615967,769.3125,923.0,1.1255266666412354,11,11,1,0.9991626739501952,0.9991626739501952,0.9991626739501952,0.9986756099970079
2980,/home/yaxin/datasets/TacAct-original/16_12_R_1.xlsx,16,12,80,134.0,1.5367859601974487,707.7874755859375,920.0,0.9061447381973267,11,11,1,0.9999674558639526,0.9999674558639526,0.9999674558639526,0.9999537301891905
2981,/home/yaxin/datasets/TacAct-original/16_12_R_10.xlsx,16,12,80,143.5569305419922,1.4480397701263428,725.5,933.0,0.9106406569480896,11,11,1,0.9999722242355348,0.9999722242355348,0.9999722242355348,0.9999628747382304
2982,/home/yaxin/datasets/TacAct-original/16_12_R_11.xlsx,16,12,80,153.76983642578125,1.3807764053344727,724.2625122070312,936.0,0.9433017373085022,11,11,1,0.9999758005142212,0.9999758005142212,0.9999758005142212,0.9999670903625884
2983,/home/yaxin/datasets/TacAct-original/16_12_R_12.xlsx,16,12,80,140.0,1.545830488204956,715.2249755859375,923.0,0.9605374932289124,11,11,1,0.9999597072601318,0.9999597072601318,0.9999597072601318,0.9999462962432517
2984,/home/yaxin/datasets/TacAct-original/16_12_R_13.xlsx,16,12,80,162.42462158203125,1.5425164699554443,710.9500122070312,923.0,0.9118496179580688,11,11,1,0.9999088048934937,0.9999088048934937,0.9999088048934937,0.9998708530729346
2985,/home/yaxin/datasets/TacAct-original/16_12_R_14.xlsx,16,12,80,157.279541015625,1.7136608362197876,724.9500122070312,923.0,0.987277090549469,11,11,1,0.9998477697372437,0.9998477697372437,0.9998477697372437,0.9998035609132785
2986,/home/yaxin/datasets/TacAct-original/16_12_R_15.xlsx,16,12,80,123.7520980834961,1.7127792835235596,737.6875,943.0,0.9659455418586731,11,11,1,0.999869704246521,0.999869704246521,0.999869704246521,0.9998236235551303
2987,/home/yaxin/datasets/TacAct-original/16_12_R_16.xlsx,16,12,80,135.23715209960938,1.6627581119537354,731.7999877929688,936.0,0.9928669929504395,11,11,1,0.9999151229858398,0.9999151229858398,0.9999151229858398,0.9998911305174261
2988,/home/yaxin/datasets/TacAct-original/16_12_R_17.xlsx,16,12,80,130.5102996826172,1.5494798421859741,722.5250244140625,927.0,0.9252617955207825,11,11,1,0.9999555349349976,0.9999555349349976,0.9999555349349976,0.9999403315696327
2989,/home/yaxin/datasets/TacAct-original/16_12_R_18.xlsx,16,12,80,136.12359619140625,1.7145607471466064,737.4500122070312,932.0,0.9610790610313416,11,11,1,0.999733030796051,0.999733030796051,0.999733030796051,0.999621734052198
2990,/home/yaxin/datasets/TacAct-original/16_12_R_19.xlsx,16,12,80,116.78617095947266,1.5764491558074951,722.2000122070312,934.0,0.958504855632782,11,11,1,0.9999300241470336,0.9999300241470336,0.9999300241470336,0.9999076300682644
2991,/home/yaxin/datasets/TacAct-original/16_12_R_2.xlsx,16,12,80,153.1361846923828,1.3353703022003174,741.1124877929688,919.0,0.8670907616615295,11,11,1,0.999962329864502,0.999962329864502,0.999962329864502,0.999946217822071
2992,/home/yaxin/datasets/TacAct-original/16_12_R_20.xlsx,16,12,80,156.0,1.7935298681259155,725.7750244140625,927.0,0.9656985998153687,11,11,1,0.9997710585594176,0.9997710585594176,0.9997710585594176,0.9996856867146561
2993,/home/yaxin/datasets/TacAct-original/16_12_R_3.xlsx,16,12,80,132.2539825439453,1.4613893032073975,740.25,943.0,0.893035888671875,11,11,1,0.9999779462814332,0.9999779462814332,0.9999779462814332,0.9999684793820053
2994,/home/yaxin/datasets/TacAct-original/16_12_R_4.xlsx,16,12,80,138.95950317382812,1.3545739650726318,735.2374877929688,945.0,0.871663510799408,11,11,1,0.9999728202819824,0.9999728202819824,0.9999728202819824,0.9999619388836436
2995,/home/yaxin/datasets/TacAct-original/16_12_R_5.xlsx,16,12,80,129.8531494140625,1.4254220724105835,725.3250122070312,914.0,0.8774039149284363,11,11,1,0.9999709129333496,0.9999709129333496,0.9999709129333496,0.9999614859298163
2996,/home/yaxin/datasets/TacAct-original/16_12_R_6.xlsx,16,12,80,123.3044662475586,1.629949927330017,741.8125,927.0,0.994364857673645,11,11,1,0.9999555349349976,0.9999555349349976,0.9999555349349976,0.9999409020338135
2997,/home/yaxin/datasets/TacAct-original/16_12_R_7.xlsx,16,12,80,123.0,1.328211784362793,732.0875244140625,941.0,0.8685685396194458,11,11,1,0.9999804496765136,0.9999804496765136,0.9999804496765136,0.9999727807153248
2998,/home/yaxin/datasets/TacAct-original/16_12_R_8.xlsx,16,12,80,138.25430297851562,1.6140615940093994,737.8250122070312,929.0,0.9387661218643188,11,11,1,0.9999459981918336,0.9999459981918336,0.9999459981918336,0.9999310160392271
2999,/home/yaxin/datasets/TacAct-original/16_12_R_9.xlsx,16,12,80,113.07566833496094,1.3492292165756226,718.875,922.0,0.8765534162521362,11,11,1,0.9999737739562988,0.9999737739562988,0.9999737739562988,0.9999662475929654
3000,/home/yaxin/datasets/TacAct-original/16_1_L_1.xlsx,16,1,80,201.0,2.986344575881958,755.0625,911.0,0.4987426996231079,0,0,1,0.9999332427978516,0.9999332427978516,0.9999332427978516,0.9998976844981371
3001,/home/yaxin/datasets/TacAct-original/16_1_L_10.xlsx,16,1,80,251.0,2.9671435356140137,781.5750122070312,921.0,0.502079963684082,0,0,1,0.999944806098938,0.999944806098938,0.999944806098938,0.9999214566851151
3002,/home/yaxin/datasets/TacAct-original/16_1_L_11.xlsx,16,1,80,274.0,3.084097385406494,751.5875244140625,859.0,0.49315837025642395,0,0,1,0.9999014139175416,0.9999014139175416,0.9999014139175416,0.9998503987153528
3003,/home/yaxin/datasets/TacAct-original/16_1_L_12.xlsx,16,1,80,316.0,3.261151075363159,736.9375,881.0,0.482777863740921,0,0,1,0.9999022483825684,0.9999022483825684,0.9999022483825684,0.9998401967895916
3004,/home/yaxin/datasets/TacAct-original/16_1_L_13.xlsx,16,1,80,334.0,3.0057671070098877,731.9124755859375,855.0,0.5021848082542419,0,0,1,0.9998262524604796,0.9998262524604796,0.9998262524604796,0.9997658763168146
3005,/home/yaxin/datasets/TacAct-original/16_1_L_14.xlsx,16,1,80,220.0,3.117946147918701,731.8499755859375,866.0,0.49154412746429443,0,0,1,0.999946117401123,0.999946117401123,0.999946117401123,0.9999206989123195
3006,/home/yaxin/datasets/TacAct-original/16_1_L_15.xlsx,16,1,80,188.93426513671875,2.849424362182617,755.4124755859375,886.0,0.5017315149307251,0,0,1,0.9999191761016846,0.9999191761016846,0.9999191761016846,0.9998944241269783
3007,/home/yaxin/datasets/TacAct-original/16_1_L_16.xlsx,16,1,80,192.0,2.9199681282043457,769.1500244140625,901.0,0.4756065011024475,0,0,1,0.9999468326568604,0.9999468326568604,0.9999468326568604,0.9999220273693936
3008,/home/yaxin/datasets/TacAct-original/16_1_L_17.xlsx,16,1,80,184.6613311767578,2.8513572216033936,752.5374755859375,892.0,0.46585962176322937,0,0,1,0.999921441078186,0.999921441078186,0.999921441078186,0.9998976130718802
3009,/home/yaxin/datasets/TacAct-original/16_1_L_18.xlsx,16,1,80,267.0564880371094,3.3158328533172607,776.7874755859375,926.0,0.674394428730011,0,0,1,0.9999488592147828,0.9999488592147828,0.9999488592147828,0.9999261373559422
3010,/home/yaxin/datasets/TacAct-original/16_1_L_19.xlsx,16,1,80,235.000732421875,2.476633071899414,754.0374755859375,912.0,0.507564127445221,0,0,1,0.9999117851257324,0.9999117851257324,0.9999117851257324,0.9998738304093422
3011,/home/yaxin/datasets/TacAct-original/16_1_L_2.xlsx,16,1,80,201.0,3.223196029663086,757.1375122070312,906.0,0.5594295263290405,0,0,1,0.9999281167984008,0.9999281167984008,0.9999281167984008,0.9998906970868119
3012,/home/yaxin/datasets/TacAct-original/16_1_L_20.xlsx,16,1,80,243.5579376220703,3.163649082183838,735.4249877929688,878.0,0.509730875492096,0,0,1,0.99992573261261,0.99992573261261,0.99992573261261,0.9999041987684906
3013,/home/yaxin/datasets/TacAct-original/16_1_L_3.xlsx,16,1,80,265.61602783203125,2.9595043659210205,743.6749877929688,919.0,0.511138916015625,0,0,1,0.9999204874038696,0.9999204874038696,0.9999204874038696,0.9998963259022275
3014,/home/yaxin/datasets/TacAct-original/16_1_L_4.xlsx,16,1,80,199.1635284423828,2.983449697494507,743.4874877929688,915.0,0.5062742829322815,0,0,1,0.999941349029541,0.999941349029541,0.999941349029541,0.9999132034263312
3015,/home/yaxin/datasets/TacAct-original/16_1_L_5.xlsx,16,1,80,177.9712677001953,3.0921342372894287,769.875,916.0,0.5407152771949768,0,0,1,0.999909281730652,0.999909281730652,0.999909281730652,0.9998780589958188
3016,/home/yaxin/datasets/TacAct-original/16_1_L_6.xlsx,16,1,80,215.9261474609375,3.2382709980010986,813.0250244140625,933.0,0.5195550322532654,0,0,1,0.999931573867798,0.999931573867798,0.999931573867798,0.9999029168538983
3017,/home/yaxin/datasets/TacAct-original/16_1_L_7.xlsx,16,1,80,215.3354034423828,3.094127655029297,781.6875,917.0,0.49688947200775146,0,0,1,0.9999446868896484,0.9999446868896484,0.9999446868896484,0.9999208109675237
3018,/home/yaxin/datasets/TacAct-original/16_1_L_8.xlsx,16,1,80,196.0,2.7255001068115234,766.6124877929688,900.0,0.5179213285446167,0,0,1,0.9999481439590454,0.9999481439590454,0.9999481439590454,0.9999325884218706
3019,/home/yaxin/datasets/TacAct-original/16_1_L_9.xlsx,16,1,80,195.0,2.8513004779815674,783.5625,921.0,0.48853448033332825,0,0,1,0.9999598264694214,0.9999598264694214,0.9999598264694214,0.9999428340197483
3020,/home/yaxin/datasets/TacAct-original/16_1_R_1.xlsx,16,1,80,213.0,2.9000186920166016,729.125,896.0,0.4538710415363312,0,0,1,0.99990975856781,0.99990975856781,0.99990975856781,0.999856381513382
3021,/home/yaxin/datasets/TacAct-original/16_1_R_10.xlsx,16,1,80,253.3411407470703,2.6279358863830566,706.8375244140625,873.0,0.43647828698158264,0,0,1,0.9999316930770874,0.9999316930770874,0.9999316930770874,0.9999025464712759
3022,/home/yaxin/datasets/TacAct-original/16_1_R_11.xlsx,16,1,80,270.0,2.852142810821533,721.6875,882.0,0.44052761793136597,0,0,1,0.9999006986618042,0.9999006986618042,0.9999006986618042,0.9998543083711411
3023,/home/yaxin/datasets/TacAct-original/16_1_R_12.xlsx,16,1,80,215.0,2.583414316177368,705.0250244140625,866.0,0.40635401010513306,0,0,1,0.9998559951782228,0.9998559951782228,0.9998559951782228,0.9997981261949463
3024,/home/yaxin/datasets/TacAct-original/16_1_R_13.xlsx,16,1,80,305.2779846191406,2.886828660964966,723.8250122070312,871.0,0.44337019324302673,0,0,1,0.999926209449768,0.999926209449768,0.999926209449768,0.9998872648429823
3025,/home/yaxin/datasets/TacAct-original/16_1_R_14.xlsx,16,1,80,163.22225952148438,2.6334900856018066,723.4124755859375,871.0,0.41536247730255127,0,0,1,0.9999433755874634,0.9999433755874634,0.9999433755874634,0.9999261072207446
3026,/home/yaxin/datasets/TacAct-original/16_1_R_15.xlsx,16,1,80,172.0296173095703,2.495612859725952,674.7374877929688,800.0,0.37624064087867737,0,0,1,0.9998834133148192,0.9998834133148192,0.9998834133148192,0.9998494984356511
3027,/home/yaxin/datasets/TacAct-original/16_1_R_16.xlsx,16,1,80,215.0,2.981976270675659,679.9500122070312,826.0,0.4284772276878357,0,0,1,0.999946355819702,0.999946355819702,0.999946355819702,0.9999176823075685
3028,/home/yaxin/datasets/TacAct-original/16_1_R_17.xlsx,16,1,80,287.0,2.8608922958374023,684.2625122070312,843.0,0.4251725375652313,0,0,1,0.9999303817749025,0.9999303817749025,0.9999303817749025,0.999891753668635
3029,/home/yaxin/datasets/TacAct-original/16_1_R_18.xlsx,16,1,80,203.11813354492188,2.7738094329833984,674.3125,823.0,0.4035928547382355,0,0,1,0.9999468326568604,0.9999468326568604,0.9999468326568604,0.9999226601012197
3030,/home/yaxin/datasets/TacAct-original/16_1_R_19.xlsx,16,1,80,173.0240020751953,2.4392917156219482,669.875,824.0,0.41037219762802124,0,0,1,0.9999240636825562,0.9999240636825562,0.9999240636825562,0.99989462621852
3031,/home/yaxin/datasets/TacAct-original/16_1_R_2.xlsx,16,1,80,171.4969024658203,2.805025100708008,720.3875122070312,884.0,0.451426237821579,0,0,1,0.9999232292175292,0.9999232292175292,0.9999232292175292,0.9998878937803964
3032,/home/yaxin/datasets/TacAct-original/16_1_R_20.xlsx,16,1,80,190.0,2.6635594367980957,712.9625244140625,857.0,0.4125426113605499,0,0,1,0.9999221563339232,0.9999221563339232,0.9999221563339232,0.999893519670877
3033,/home/yaxin/datasets/TacAct-original/16_1_R_3.xlsx,16,1,80,173.0240020751953,2.7793688774108887,709.4749755859375,878.0,0.45309391617774963,0,0,1,0.9999370574951172,0.9999370574951172,0.9999370574951172,0.9999107164967427
3034,/home/yaxin/datasets/TacAct-original/16_1_R_4.xlsx,16,1,80,150.15301513671875,2.3888771533966064,718.8125,882.0,0.407380610704422,0,0,1,0.9999450445175172,0.9999450445175172,0.9999450445175172,0.9999267807215803
3035,/home/yaxin/datasets/TacAct-original/16_1_R_5.xlsx,16,1,80,124.77996826171875,2.198806047439575,726.2000122070312,873.0,0.3918536603450775,0,0,1,0.9999160766601562,0.9999160766601562,0.9999160766601562,0.9998899976908433
3036,/home/yaxin/datasets/TacAct-original/16_1_R_6.xlsx,16,1,80,307.0,2.7820777893066406,734.9749755859375,881.0,0.43024739623069763,0,0,1,0.9999009370803832,0.9999009370803832,0.9999009370803832,0.9998579328275808
3037,/home/yaxin/datasets/TacAct-original/16_1_R_7.xlsx,16,1,80,198.15444946289062,2.6988935470581055,720.7625122070312,868.0,0.4308278560638428,0,0,1,0.9999508857727052,0.9999508857727052,0.9999508857727052,0.9999267703587976
3038,/home/yaxin/datasets/TacAct-original/16_1_R_8.xlsx,16,1,80,153.1361846923828,2.3883755207061768,729.0750122070312,880.0,0.3938067555427551,0,0,1,0.99995219707489,0.99995219707489,0.99995219707489,0.999932970273221
3039,/home/yaxin/datasets/TacAct-original/16_1_R_9.xlsx,16,1,80,195.0,2.2407619953155518,715.6375122070312,882.0,0.3890209496021271,0,0,1,0.99994158744812,0.99994158744812,0.99994158744812,0.9999196929638855
3040,/home/yaxin/datasets/TacAct-original/16_2_L_1.xlsx,16,2,80,251.0,1.71430242061615,684.6124877929688,824.0,0.37253710627555847,1,1,1,0.9999579191207886,0.9999579191207886,0.9999579191207886,0.9999398796771857
3041,/home/yaxin/datasets/TacAct-original/16_2_L_10.xlsx,16,2,80,388.80682373046875,2.12664794921875,707.9249877929688,863.0,0.36702167987823486,1,1,1,0.9999533891677856,0.9999533891677856,0.9999533891677856,0.9999277863498719
3042,/home/yaxin/datasets/TacAct-original/16_2_L_11.xlsx,16,2,80,393.4930114746094,1.4928175210952759,675.4625244140625,839.0,0.34679412841796875,1,1,1,0.9999605417251588,0.9999605417251588,0.9999605417251588,0.9999459563996426
3043,/home/yaxin/datasets/TacAct-original/16_2_L_12.xlsx,16,2,80,287.0,1.4387376308441162,651.3375244140625,787.0,0.31801605224609375,1,1,1,0.9999574422836304,0.9999574422836304,0.9999574422836304,0.9999402740031655
3044,/home/yaxin/datasets/TacAct-original/16_2_L_13.xlsx,16,2,80,243.0,1.8798354864120483,673.9375,834.0,0.3325529098510742,1,1,1,0.9999607801437378,0.9999607801437378,0.9999607801437378,0.9999415269030578
3045,/home/yaxin/datasets/TacAct-original/16_2_L_14.xlsx,16,2,80,365.4554138183594,1.9727493524551392,699.8250122070312,863.0,0.3573763966560364,1,1,1,0.9999548196792604,0.9999548196792604,0.9999548196792604,0.9999317354831875
3046,/home/yaxin/datasets/TacAct-original/16_2_L_15.xlsx,16,2,80,302.0,1.8461391925811768,675.3250122070312,851.0,0.34167933464050293,1,1,1,0.9999327659606934,0.9999327659606934,0.9999327659606934,0.9998906552791595
3047,/home/yaxin/datasets/TacAct-original/16_2_L_16.xlsx,16,2,80,300.0,1.6155675649642944,677.5750122070312,837.0,0.34025660157203674,1,4,0,0.9740445613861084,0.0243261251598596,0.9740445613861084,0.9497184362262489
3048,/home/yaxin/datasets/TacAct-original/16_2_L_17.xlsx,16,2,80,281.0,1.8953578472137451,705.6875,884.0,0.35749489068984985,1,1,1,0.9999462366104126,0.9999462366104126,0.9999462366104126,0.9999245809412969
3049,/home/yaxin/datasets/TacAct-original/16_2_L_18.xlsx,16,2,80,260.0,1.8517814874649048,691.2625122070312,843.0,0.34427610039711,1,1,1,0.9999595880508424,0.9999595880508424,0.9999595880508424,0.999938301563816
3050,/home/yaxin/datasets/TacAct-original/16_2_L_19.xlsx,16,2,80,248.0,1.298206090927124,662.3125,819.0,0.31020984053611755,1,1,1,0.9999622106552124,0.9999622106552124,0.9999622106552124,0.9999446938072651
3051,/home/yaxin/datasets/TacAct-original/16_2_L_2.xlsx,16,2,80,361.0,1.9529879093170166,695.2999877929688,834.0,0.3664408326148987,1,1,1,0.999953031539917,0.999953031539917,0.999953031539917,0.9999293449072866
3052,/home/yaxin/datasets/TacAct-original/16_2_L_20.xlsx,16,2,80,244.0,1.324748158454895,665.2999877929688,840.0,0.32471612095832825,1,1,1,0.9999563694000244,0.9999563694000244,0.9999563694000244,0.9999349388090195
3053,/home/yaxin/datasets/TacAct-original/16_2_L_3.xlsx,16,2,80,272.4631042480469,1.8046610355377197,705.6875,872.0,0.37448960542678833,1,1,1,0.9999455213546752,0.9999455213546752,0.9999455213546752,0.9999125440444913
3054,/home/yaxin/datasets/TacAct-original/16_2_L_4.xlsx,16,2,80,324.1714172363281,1.66373610496521,667.0,826.0,0.336076945066452,1,1,1,0.9999547004699708,0.9999547004699708,0.9999547004699708,0.9999313973203244
3055,/home/yaxin/datasets/TacAct-original/16_2_L_5.xlsx,16,2,80,245.0,1.9654909372329712,705.8875122070312,883.0,0.375873863697052,1,1,1,0.9999121427536012,0.9999121427536012,0.9999121427536012,0.9998651771056758
3056,/home/yaxin/datasets/TacAct-original/16_2_L_6.xlsx,16,2,80,253.0,2.3224358558654785,724.3125,887.0,0.38091665506362915,1,1,1,0.9999339580535888,0.9999339580535888,0.9999339580535888,0.999905869422946
3057,/home/yaxin/datasets/TacAct-original/16_2_L_7.xlsx,16,2,80,290.0,1.9615615606307983,701.6624755859375,847.0,0.3674093782901764,1,1,1,0.9999585151672364,0.9999585151672364,0.9999585151672364,0.9999386149320345
3058,/home/yaxin/datasets/TacAct-original/16_2_L_8.xlsx,16,2,80,292.0,1.8204739093780518,658.4625244140625,830.0,0.3358231484889984,1,1,1,0.9999433755874634,0.9999433755874634,0.9999433755874634,0.9999128983472474
3059,/home/yaxin/datasets/TacAct-original/16_2_L_9.xlsx,16,2,80,350.1719970703125,1.853244423866272,672.4500122070312,837.0,0.3741874098777771,1,1,1,0.9999610185623168,0.9999610185623168,0.9999610185623168,0.9999441351919812
3060,/home/yaxin/datasets/TacAct-original/16_2_R_1.xlsx,16,2,80,349.03118896484375,2.1899356842041016,649.75,804.0,0.36561325192451477,1,1,1,0.9999574422836304,0.9999574422836304,0.9999574422836304,0.9999359520934377
3061,/home/yaxin/datasets/TacAct-original/16_2_R_10.xlsx,16,2,80,344.657470703125,1.5411643981933594,679.2125244140625,847.0,0.34070199728012085,1,1,1,0.9999536275863647,0.9999536275863647,0.9999536275863647,0.9999371555768448
3062,/home/yaxin/datasets/TacAct-original/16_2_R_11.xlsx,16,2,80,293.0,1.7380990982055664,677.9375,847.0,0.3333256244659424,1,1,1,0.999958872795105,0.999958872795105,0.999958872795105,0.9999407923096442
3063,/home/yaxin/datasets/TacAct-original/16_2_R_12.xlsx,16,2,80,218.0,1.6887061595916748,678.5875244140625,839.0,0.3253841698169708,1,1,1,0.9999597072601318,0.9999597072601318,0.9999597072601318,0.999939589008136
3064,/home/yaxin/datasets/TacAct-original/16_2_R_13.xlsx,16,2,80,315.9829406738281,1.9299348592758179,651.75,809.0,0.34252458810806274,1,1,1,0.9999567270278932,0.9999567270278932,0.9999567270278932,0.9999351046444646
3065,/home/yaxin/datasets/TacAct-original/16_2_R_14.xlsx,16,2,80,268.0,1.964315414428711,671.6124877929688,832.0,0.3514697849750519,1,1,1,0.99995756149292,0.99995756149292,0.99995756149292,0.9999355381623901
3066,/home/yaxin/datasets/TacAct-original/16_2_R_15.xlsx,16,2,80,254.0,2.0975754261016846,701.0999755859375,868.0,0.3625563979148865,1,1,1,0.999957799911499,0.999957799911499,0.999957799911499,0.9999381069665105
3067,/home/yaxin/datasets/TacAct-original/16_2_R_16.xlsx,16,2,80,251.82972717285156,1.9766981601715088,708.7750244140625,863.0,0.3607195317745209,1,1,1,0.9999436140060424,0.9999436140060424,0.9999436140060424,0.9999214704548648
3068,/home/yaxin/datasets/TacAct-original/16_2_R_17.xlsx,16,2,80,329.0329895019531,1.9529345035552979,699.0250244140625,861.0,0.34579241275787354,1,1,1,0.9999606609344482,0.9999606609344482,0.9999606609344482,0.9999404227000923
3069,/home/yaxin/datasets/TacAct-original/16_2_R_18.xlsx,16,2,80,245.17747497558594,1.8692626953125,690.125,840.0,0.3443831503391266,1,1,1,0.9999548196792604,0.9999548196792604,0.9999548196792604,0.9999351812002716
3070,/home/yaxin/datasets/TacAct-original/16_2_R_19.xlsx,16,2,80,330.13775634765625,1.7601991891860962,660.1875,784.0,0.3316314220428467,1,1,1,0.999963641166687,0.999963641166687,0.999963641166687,0.9999463009589817
3071,/home/yaxin/datasets/TacAct-original/16_2_R_2.xlsx,16,2,80,306.0,2.0307421684265137,670.875,839.0,0.36294299364089966,1,1,1,0.9999556541442872,0.9999556541442872,0.9999556541442872,0.99993227062987
3072,/home/yaxin/datasets/TacAct-original/16_2_R_20.xlsx,16,2,80,201.0,1.3749920129776,679.4375,816.0,0.4574359953403473,1,1,1,0.9998137354850768,0.9998137354850768,0.9998137354850768,0.9997051506361458
3073,/home/yaxin/datasets/TacAct-original/16_2_R_3.xlsx,16,2,80,244.0,2.1097373962402344,684.7249755859375,842.0,0.3811212182044983,1,1,1,0.9999568462371826,0.9999568462371826,0.9999568462371826,0.999938667184324
3074,/home/yaxin/datasets/TacAct-original/16_2_R_4.xlsx,16,2,80,289.0,1.8894332647323608,689.4500122070312,819.0,0.3625639081001282,1,1,1,0.9999581575393676,0.9999581575393676,0.9999581575393676,0.9999382197202066
3075,/home/yaxin/datasets/TacAct-original/16_2_R_5.xlsx,16,2,80,308.0,1.830207109451294,669.7249755859375,819.0,0.36045247316360474,1,1,1,0.9999672174453736,0.9999672174453736,0.9999672174453736,0.99995192005008
3076,/home/yaxin/datasets/TacAct-original/16_2_R_6.xlsx,16,2,80,436.5375671386719,2.0841915607452393,671.0,842.0,0.3622005581855774,1,1,1,0.999929428100586,0.999929428100586,0.999929428100586,0.999905453016254
3077,/home/yaxin/datasets/TacAct-original/16_2_R_7.xlsx,16,2,80,379.9576110839844,1.6307203769683838,664.5750122070312,789.0,0.5196521878242493,1,1,1,0.999951720237732,0.999951720237732,0.999951720237732,0.9999324381005864
3078,/home/yaxin/datasets/TacAct-original/16_2_R_8.xlsx,16,2,80,223.73794555664062,1.7927520275115967,685.8499755859375,824.0,0.33998504281044006,1,1,1,0.9999604225158693,0.9999604225158693,0.9999604225158693,0.9999418698134833
3079,/home/yaxin/datasets/TacAct-original/16_2_R_9.xlsx,16,2,80,298.3172607421875,1.7136781215667725,663.8499755859375,849.0,0.3556356430053711,1,1,1,0.9999525547027588,0.9999525547027588,0.9999525547027588,0.9999254632766679
3080,/home/yaxin/datasets/TacAct-original/16_3_L_1.xlsx,16,3,80,155.0,3.0749332904815674,719.6624755859375,837.0,0.41803398728370667,2,2,1,0.9999380111694336,0.9999380111694336,0.9999380111694336,0.9999165771278058
3081,/home/yaxin/datasets/TacAct-original/16_3_L_10.xlsx,16,3,80,214.78842163085938,3.3655190467834473,719.5125122070312,851.0,0.43531590700149536,2,2,1,0.9999402761459352,0.9999402761459352,0.9999402761459352,0.9999172610678216
3082,/home/yaxin/datasets/TacAct-original/16_3_L_11.xlsx,16,3,80,169.0,3.223471164703369,699.7125244140625,846.0,0.4314747154712677,2,2,1,0.9999217987060548,0.9999217987060548,0.9999217987060548,0.9998866221139907
3083,/home/yaxin/datasets/TacAct-original/16_3_L_12.xlsx,16,3,80,201.3494873046875,3.4385666847229004,711.0875244140625,839.0,0.4388876259326935,2,2,1,0.99990713596344,0.99990713596344,0.99990713596344,0.9998674403577753
3084,/home/yaxin/datasets/TacAct-original/16_3_L_13.xlsx,16,3,80,130.5102996826172,3.2445151805877686,727.1375122070312,858.0,0.4318452775478363,2,2,1,0.9999064207077026,0.9999064207077026,0.9999064207077026,0.9998681382239738
3085,/home/yaxin/datasets/TacAct-original/16_3_L_14.xlsx,16,3,80,199.0,3.303436279296875,710.625,841.0,0.4229627251625061,2,2,1,0.9999343156814576,0.9999343156814576,0.9999343156814576,0.9999072642258399
3086,/home/yaxin/datasets/TacAct-original/16_3_L_15.xlsx,16,3,80,176.8284149169922,3.2054989337921143,714.0374755859375,847.0,0.4228975176811218,2,2,1,0.9999160766601562,0.9999160766601562,0.9999160766601562,0.9998776245374756
3087,/home/yaxin/datasets/TacAct-original/16_3_L_16.xlsx,16,3,80,225.72671508789062,3.3737361431121826,710.0625,853.0,0.44571632146835327,2,2,1,0.999907612800598,0.999907612800598,0.999907612800598,0.999865622321522
3088,/home/yaxin/datasets/TacAct-original/16_3_L_17.xlsx,16,3,80,182.0,3.3690567016601562,702.0999755859375,846.0,0.45755013823509216,2,2,1,0.9999290704727172,0.9999290704727172,0.9999290704727172,0.9998987380968173
3089,/home/yaxin/datasets/TacAct-original/16_3_L_18.xlsx,16,3,80,166.373291015625,3.198491334915161,716.1375122070312,839.0,0.4392305612564087,2,2,1,0.9999345541000366,0.9999345541000366,0.9999345541000366,0.9999105624938238
3090,/home/yaxin/datasets/TacAct-original/16_3_L_19.xlsx,16,3,80,177.99595642089844,3.1812243461608887,699.2249755859375,812.0,0.43326839804649353,2,2,1,0.9999358654022216,0.9999358654022216,0.9999358654022216,0.9999112580462678
3091,/home/yaxin/datasets/TacAct-original/16_3_L_2.xlsx,16,3,80,181.0,2.904101610183716,715.9749755859375,832.0,0.3920048177242279,2,2,1,0.9999141693115234,0.9999141693115234,0.9999141693115234,0.9998801231486141
3092,/home/yaxin/datasets/TacAct-original/16_3_L_20.xlsx,16,3,80,231.03208923339844,3.400932788848877,726.6624755859375,843.0,0.45049580931663513,2,2,1,0.9999117851257324,0.9999117851257324,0.9999117851257324,0.9998733549073222
3093,/home/yaxin/datasets/TacAct-original/16_3_L_3.xlsx,16,3,80,160.83387756347656,3.2053637504577637,736.4000244140625,855.0,0.42392832040786743,2,2,1,0.9999376535415648,0.9999376535415648,0.9999376535415648,0.9999198094701568
3094,/home/yaxin/datasets/TacAct-original/16_3_L_4.xlsx,16,3,80,161.4583282470703,3.0681564807891846,711.7125244140625,844.0,0.4322355389595032,2,2,1,0.9998910427093506,0.9998910427093506,0.9998910427093506,0.9998387031337188
3095,/home/yaxin/datasets/TacAct-original/16_3_L_5.xlsx,16,3,80,236.86924743652344,3.097848892211914,701.0999755859375,820.0,0.4310654401779175,2,2,1,0.9999500513076782,0.9999500513076782,0.9999500513076782,0.9999325015305658
3096,/home/yaxin/datasets/TacAct-original/16_3_L_6.xlsx,16,3,80,186.82066345214844,3.3104171752929688,691.875,823.0,0.41017431020736694,2,2,1,0.99990713596344,0.99990713596344,0.99990713596344,0.9998688527921332
3097,/home/yaxin/datasets/TacAct-original/16_3_L_7.xlsx,16,3,80,146.50672912597656,3.3686485290527344,710.9124755859375,840.0,0.43697404861450195,2,2,1,0.9999359846115112,0.9999359846115112,0.9999359846115112,0.9999130473297555
3098,/home/yaxin/datasets/TacAct-original/16_3_L_8.xlsx,16,3,80,188.0,3.262249708175659,711.6875,838.0,0.4422403573989868,2,2,1,0.9999432563781738,0.9999432563781738,0.9999432563781738,0.999921562099189
3099,/home/yaxin/datasets/TacAct-original/16_3_L_9.xlsx,16,3,80,162.0,3.3206558227539062,705.7374877929688,823.0,0.4348684251308441,2,2,1,0.9999139308929444,0.9999139308929444,0.9999139308929444,0.9998793178019697
3100,/home/yaxin/datasets/TacAct-original/16_3_R_1.xlsx,16,3,80,162.0,2.7110354900360107,672.2249755859375,810.0,0.397429496049881,2,2,1,0.9999027252197266,0.9999027252197266,0.9999027252197266,0.9998622651255573
3101,/home/yaxin/datasets/TacAct-original/16_3_R_10.xlsx,16,3,80,139.24713134765625,3.003444194793701,724.0250244140625,859.0,0.4302080273628235,2,2,1,0.9999178647994996,0.9999178647994996,0.9999178647994996,0.99988727728487
3102,/home/yaxin/datasets/TacAct-original/16_3_R_11.xlsx,16,3,80,162.23899841308594,2.983044147491455,706.375,859.0,0.4365500807762146,2,2,1,0.999916672706604,0.999916672706604,0.999916672706604,0.9998810748256801
3103,/home/yaxin/datasets/TacAct-original/16_3_R_12.xlsx,16,3,80,153.13905334472656,2.957693576812744,716.2999877929688,855.0,0.44346004724502563,2,2,1,0.9997681975364684,0.9997681975364684,0.9997681975364684,0.9996652245317817
3104,/home/yaxin/datasets/TacAct-original/16_3_R_13.xlsx,16,3,80,170.0,3.1556808948516846,710.125,828.0,0.4446313679218292,2,2,1,0.9999215602874756,0.9999215602874756,0.9999215602874756,0.9998868080110697
3105,/home/yaxin/datasets/TacAct-original/16_3_R_14.xlsx,16,3,80,200.75506591796875,3.2818591594696045,706.0750122070312,846.0,0.47487369179725647,2,2,1,0.9998905658721924,0.9998905658721924,0.9998905658721924,0.9998349053021229
3106,/home/yaxin/datasets/TacAct-original/16_3_R_15.xlsx,16,3,80,185.9510955810547,2.9898414611816406,729.25,863.0,0.4082448482513428,2,2,1,0.9999278783798218,0.9999278783798218,0.9999278783798218,0.9999052405073598
3107,/home/yaxin/datasets/TacAct-original/16_3_R_16.xlsx,16,3,80,177.0,3.2962803840637207,743.6500244140625,872.0,0.45453736186027527,2,2,1,0.9999229907989502,0.9999229907989502,0.9999229907989502,0.9998978817420721
3108,/home/yaxin/datasets/TacAct-original/16_3_R_17.xlsx,16,3,80,173.0,3.0858893394470215,739.4375,867.0,0.46033748984336853,2,2,1,0.9999408721923828,0.9999408721923828,0.9999408721923828,0.9999247385367198
3109,/home/yaxin/datasets/TacAct-original/16_3_R_18.xlsx,16,3,80,170.0,2.8802177906036377,717.9874877929688,859.0,0.4139876663684845,2,2,1,0.999914288520813,0.999914288520813,0.999914288520813,0.9998855217909295
3110,/home/yaxin/datasets/TacAct-original/16_3_R_19.xlsx,16,3,80,134.70753479003906,2.6929526329040527,734.0750122070312,854.0,0.46764904260635376,2,2,1,0.9991257786750792,0.9991257786750792,0.9991257786750792,0.9988327255705371
3111,/home/yaxin/datasets/TacAct-original/16_3_R_2.xlsx,16,3,80,125.29324340820312,2.825671672821045,703.2625122070312,826.0,0.4053982198238373,2,2,1,0.9999395608901978,0.9999395608901978,0.9999395608901978,0.9999177371428232
3112,/home/yaxin/datasets/TacAct-original/16_3_R_20.xlsx,16,3,80,170.04083251953125,3.1118922233581543,702.4000244140625,842.0,0.45578253269195557,2,2,1,0.9999206066131592,0.9999206066131592,0.9999206066131592,0.9998885833483655
3113,/home/yaxin/datasets/TacAct-original/16_3_R_3.xlsx,16,3,80,136.32066345214844,2.8903098106384277,703.4625244140625,828.0,0.4222738444805145,2,2,1,0.9998729228973388,0.9998729228973388,0.9998729228973388,0.9998198976791172
3114,/home/yaxin/datasets/TacAct-original/16_3_R_4.xlsx,16,3,80,225.9273681640625,3.219792127609253,728.1375122070312,873.0,0.45064496994018555,2,2,1,0.9999407529830932,0.9999407529830932,0.9999407529830932,0.9999250484906951
3115,/home/yaxin/datasets/TacAct-original/16_3_R_5.xlsx,16,3,80,132.2539825439453,3.0243892669677734,735.9375,868.0,0.4267459213733673,2,2,1,0.9998880624771118,0.9998880624771118,0.9998880624771118,0.9998591278144886
3116,/home/yaxin/datasets/TacAct-original/16_3_R_6.xlsx,16,3,80,150.15301513671875,2.986072063446045,756.2750244140625,910.0,0.44990968704223633,2,2,1,0.9998764991760254,0.9998764991760254,0.9998764991760254,0.9998415954833035
3117,/home/yaxin/datasets/TacAct-original/16_3_R_7.xlsx,16,3,80,136.0,2.9577388763427734,731.9874877929688,856.0,0.3984261453151703,2,2,1,0.9999127388000488,0.9999127388000488,0.9999127388000488,0.999881642190303
3118,/home/yaxin/datasets/TacAct-original/16_3_R_8.xlsx,16,3,80,139.0,2.9023542404174805,716.1500244140625,827.0,0.4028739929199219,2,2,1,0.9999347925186156,0.9999347925186156,0.9999347925186156,0.9999130070118553
3119,/home/yaxin/datasets/TacAct-original/16_3_R_9.xlsx,16,3,80,122.0,2.569270610809326,713.4625244140625,845.0,0.41675418615341187,2,2,1,0.9999234676361084,0.9999234676361084,0.9999234676361084,0.9998950597200746
3120,/home/yaxin/datasets/TacAct-original/16_4_L_1.xlsx,16,4,80,274.1378173828125,5.225869178771973,759.0999755859375,911.0,0.6520142555236816,3,3,1,0.9996728897094728,0.9996728897094728,0.9996728897094728,0.9993756840704011
3121,/home/yaxin/datasets/TacAct-original/16_4_L_10.xlsx,16,4,80,300.7054748535156,5.440793037414551,772.5374755859375,941.0,0.6952185034751892,3,3,1,0.999019980430603,0.999019980430603,0.999019980430603,0.9983945512212813
3122,/home/yaxin/datasets/TacAct-original/16_4_L_11.xlsx,16,4,80,294.0,6.299383640289307,759.3875122070312,913.0,0.718967080116272,3,3,1,0.9995707869529724,0.9995707869529724,0.9995707869529724,0.9991671023890376
3123,/home/yaxin/datasets/TacAct-original/16_4_L_12.xlsx,16,4,80,234.58642578125,6.007415771484375,770.4874877929688,919.0,0.6911607384681702,3,3,1,0.9989938139915466,0.9989938139915466,0.9989938139915466,0.9980298514128664
3124,/home/yaxin/datasets/TacAct-original/16_4_L_13.xlsx,16,4,80,299.0,5.879608631134033,771.1875,931.0,0.7222471833229065,3,3,1,0.9977935552597046,0.9977935552597046,0.9977935552597046,0.9956627886276693
3125,/home/yaxin/datasets/TacAct-original/16_4_L_14.xlsx,16,4,80,287.0,5.9639153480529785,780.4874877929688,948.0,0.7342900633811951,3,3,1,0.9996731281280518,0.9996731281280518,0.9996731281280518,0.9993686157104095
3126,/home/yaxin/datasets/TacAct-original/16_4_L_15.xlsx,16,4,80,300.0,6.5713348388671875,778.8875122070312,946.0,0.7592082023620605,3,3,1,0.9996631145477296,0.9996631145477296,0.9996631145477296,0.9993523486191408
3127,/home/yaxin/datasets/TacAct-original/16_4_L_16.xlsx,16,4,80,293.9967346191406,6.387485980987549,749.6875,919.0,0.7350513935089111,3,3,1,0.99956077337265,0.99956077337265,0.99956077337265,0.9991457985015585
3128,/home/yaxin/datasets/TacAct-original/16_4_L_17.xlsx,16,4,80,247.783203125,5.666337013244629,762.8250122070312,907.0,0.6955923438072205,3,3,1,0.999503254890442,0.999503254890442,0.999503254890442,0.9990344662219288
3129,/home/yaxin/datasets/TacAct-original/16_4_L_18.xlsx,16,4,80,298.0,5.737148284912109,783.1124877929688,926.0,0.7011740207672119,3,3,1,0.9992386102676392,0.9992386102676392,0.9992386102676392,0.9985261210240425
3130,/home/yaxin/datasets/TacAct-original/16_4_L_19.xlsx,16,4,80,323.1770324707031,6.479432106018066,770.4749755859375,966.0,0.8016518950462341,3,3,1,0.9996355772018432,0.9996355772018432,0.9996355772018432,0.9992948078142945
3131,/home/yaxin/datasets/TacAct-original/16_4_L_2.xlsx,16,4,80,370.6915283203125,5.883290767669678,763.3875122070312,901.0,0.7902340292930603,3,3,1,0.9996844530105592,0.9996844530105592,0.9996844530105592,0.9993911678029692
3132,/home/yaxin/datasets/TacAct-original/16_4_L_20.xlsx,16,4,80,349.98638916015625,6.553555488586426,778.6624755859375,946.0,0.7586366534233093,3,3,1,0.9996217489242554,0.9996217489242554,0.9996217489242554,0.9992708876670805
3133,/home/yaxin/datasets/TacAct-original/16_4_L_3.xlsx,16,4,80,294.9344787597656,5.594457149505615,781.6375122070312,940.0,0.6986557245254517,3,3,1,0.9985570311546326,0.9985570311546326,0.9985570311546326,0.9971787669928744
3134,/home/yaxin/datasets/TacAct-original/16_4_L_4.xlsx,16,4,80,306.2723693847656,6.1863579750061035,785.375,942.0,0.7370544075965881,3,3,1,0.9997377991676332,0.9997377991676332,0.9997377991676332,0.9994948794774247
3135,/home/yaxin/datasets/TacAct-original/16_4_L_5.xlsx,16,4,80,298.0,6.568896293640137,786.0374755859375,964.0,0.7585200071334839,3,3,1,0.9996088147163392,0.9996088147163392,0.9996088147163392,0.9992438889457846
3136,/home/yaxin/datasets/TacAct-original/16_4_L_6.xlsx,16,4,80,267.0,5.970860481262207,745.9375,877.0,0.6991428136825562,3,6,0,0.9998291730880736,9.343165584141389e-05,0.9998291730880736,0.9997357414322322
3137,/home/yaxin/datasets/TacAct-original/16_4_L_7.xlsx,16,4,80,274.0,6.545940399169922,774.3375244140625,923.0,0.7429764270782471,3,3,1,0.9989179372787476,0.9989179372787476,0.9989179372787476,0.997868006466888
3138,/home/yaxin/datasets/TacAct-original/16_4_L_8.xlsx,16,4,80,316.2162780761719,5.989621162414551,776.9375,962.0,0.7283756732940674,3,3,1,0.9721483588218688,0.9721483588218688,0.9721483588218688,0.9444792307913303
3139,/home/yaxin/datasets/TacAct-original/16_4_L_9.xlsx,16,4,80,316.0,6.421485900878906,802.0499877929688,959.0,0.7706828117370605,3,3,1,0.9996672868728638,0.9996672868728638,0.9996672868728638,0.9993604611081538
3140,/home/yaxin/datasets/TacAct-original/16_4_R_1.xlsx,16,4,80,312.2387390136719,5.7174811363220215,785.7125244140625,950.0,0.7008431553840637,3,3,1,0.9995712637901306,0.9995712637901306,0.9995712637901306,0.999184437969234
3141,/home/yaxin/datasets/TacAct-original/16_4_R_10.xlsx,16,4,80,266.0,5.193582057952881,764.0625,912.0,0.7326555252075195,3,3,1,0.9912139773368835,0.9912139773368835,0.9912139773368835,0.9825785504654051
3142,/home/yaxin/datasets/TacAct-original/16_4_R_11.xlsx,16,4,80,328.14898681640625,5.744781017303467,770.8250122070312,939.0,0.7363206148147583,3,3,1,0.9993044137954712,0.9993044137954712,0.9993044137954712,0.998662579630036
3143,/home/yaxin/datasets/TacAct-original/16_4_R_12.xlsx,16,4,80,332.74658203125,5.464427947998047,791.3499755859375,952.0,0.73184734582901,3,3,1,0.9993613362312316,0.9993613362312316,0.9993613362312316,0.998803048627451
3144,/home/yaxin/datasets/TacAct-original/16_4_R_13.xlsx,16,4,80,228.0,4.976973533630371,759.3875122070312,899.0,0.8416253328323364,3,3,1,0.9908740520477296,0.9908740520477296,0.9908740520477296,0.9818715862929823
3145,/home/yaxin/datasets/TacAct-original/16_4_R_14.xlsx,16,4,80,312.2387390136719,6.116368770599365,756.4375,898.0,0.8052542805671692,3,3,1,0.999455988407135,0.999455988407135,0.999455988407135,0.9989608964533545
3146,/home/yaxin/datasets/TacAct-original/16_4_R_15.xlsx,16,4,80,312.0,6.1978044509887695,762.9124755859375,908.0,0.7918329238891602,3,3,1,0.999298930168152,0.999298930168152,0.999298930168152,0.9986648971098476
3147,/home/yaxin/datasets/TacAct-original/16_4_R_16.xlsx,16,4,80,380.3143615722656,5.657639503479004,755.5499877929688,910.0,0.7425945401191711,3,3,1,0.9917520880699158,0.9917520880699158,0.9917520880699158,0.9837675299495459
3148,/home/yaxin/datasets/TacAct-original/16_4_R_17.xlsx,16,4,80,289.599853515625,6.615820407867432,776.3250122070312,949.0,0.8083763718605042,3,3,1,0.9995588660240172,0.9995588660240172,0.9995588660240172,0.9991608053969684
3149,/home/yaxin/datasets/TacAct-original/16_4_R_18.xlsx,16,4,80,325.4612731933594,6.2346954345703125,780.6375122070312,956.0,0.7895285487174988,3,3,1,0.999554455280304,0.999554455280304,0.999554455280304,0.9991626898990944
3150,/home/yaxin/datasets/TacAct-original/16_4_R_19.xlsx,16,4,80,295.3340759277344,5.600920677185059,766.4249877929688,919.0,0.7440749406814575,3,3,1,0.9995071887969972,0.9995071887969972,0.9995071887969972,0.9990609288506677
3151,/home/yaxin/datasets/TacAct-original/16_4_R_2.xlsx,16,4,80,317.0,4.941494941711426,748.7999877929688,898.0,0.7215391397476196,3,3,1,0.999424695968628,0.999424695968628,0.999424695968628,0.9989084086264486
3152,/home/yaxin/datasets/TacAct-original/16_4_R_20.xlsx,16,4,80,343.0,6.543237209320068,767.9124755859375,938.0,0.8167983293533325,3,3,1,0.999554455280304,0.999554455280304,0.999554455280304,0.999155393918045
3153,/home/yaxin/datasets/TacAct-original/16_4_R_3.xlsx,16,4,80,280.0,5.712519645690918,754.3875122070312,893.0,0.7775281071662903,3,3,1,0.9992146492004396,0.9992146492004396,0.9992146492004396,0.9984847413143144
3154,/home/yaxin/datasets/TacAct-original/16_4_R_4.xlsx,16,4,80,337.0,5.7109808921813965,749.7249755859375,884.0,0.7245694994926453,3,3,1,0.997933030128479,0.997933030128479,0.997933030128479,0.9961439645849169
3155,/home/yaxin/datasets/TacAct-original/16_4_R_5.xlsx,16,4,80,344.0,5.497113227844238,739.2249755859375,906.0,0.7237281203269958,3,3,1,0.9995396137237548,0.9995396137237548,0.9995396137237548,0.9991145111853256
3156,/home/yaxin/datasets/TacAct-original/16_4_R_6.xlsx,16,4,80,317.0,5.539375305175781,759.0625,907.0,0.6962462067604065,3,3,1,0.9963335990905762,0.9963335990905762,0.9963335990905762,0.9927830318920314
3157,/home/yaxin/datasets/TacAct-original/16_4_R_7.xlsx,16,4,80,284.3957824707031,4.652024745941162,748.4249877929688,866.0,0.6854372024536133,3,6,0,0.9988467693328856,0.0003918434376828,0.9988467693328856,0.9983110210159793
3158,/home/yaxin/datasets/TacAct-original/16_4_R_8.xlsx,16,4,80,299.0,5.085412502288818,741.75,872.0,0.7159996628761292,3,6,0,0.9738808274269104,0.0240673273801803,0.9738808274269104,0.9498135000467302
3159,/home/yaxin/datasets/TacAct-original/16_4_R_9.xlsx,16,4,80,312.2387390136719,5.79330587387085,765.9249877929688,915.0,0.7204897999763489,3,3,1,0.9958751797676086,0.9958751797676086,0.9958751797676086,0.9918947708792986
3160,/home/yaxin/datasets/TacAct-original/16_5_L_1.xlsx,16,5,80,176.00718688964844,1.625003457069397,657.5250244140625,805.0,0.3516501486301422,4,4,1,0.9995779395103456,0.9995779395103456,0.9995779395103456,0.9992447615368294
3161,/home/yaxin/datasets/TacAct-original/16_5_L_10.xlsx,16,5,80,255.0,1.4113887548446655,636.3499755859375,783.0,0.3252459168434143,4,4,1,0.9996662139892578,0.9996662139892578,0.9996662139892578,0.9994067754014396
3162,/home/yaxin/datasets/TacAct-original/16_5_L_11.xlsx,16,5,80,219.0,1.5439544916152954,676.0625,826.0,0.3509828746318817,4,4,1,0.9996768236160278,0.9996768236160278,0.9996768236160278,0.9994246569694951
3163,/home/yaxin/datasets/TacAct-original/16_5_L_12.xlsx,16,5,80,218.7659912109375,1.4908300638198853,671.8125,817.0,0.3430883288383484,4,4,1,0.9995923638343812,0.9995923638343812,0.9995923638343812,0.9992937140923461
3164,/home/yaxin/datasets/TacAct-original/16_5_L_13.xlsx,16,5,80,197.88377380371094,1.4442718029022217,672.25,814.0,0.35080623626708984,4,4,1,0.9996325969696044,0.9996325969696044,0.9996325969696044,0.9993567808996886
3165,/home/yaxin/datasets/TacAct-original/16_5_L_14.xlsx,16,5,80,171.12594604492188,1.3920050859451294,657.8624877929688,777.0,0.3276500701904297,4,4,1,0.999381422996521,0.999381422996521,0.999381422996521,0.9988704309798778
3166,/home/yaxin/datasets/TacAct-original/16_5_L_15.xlsx,16,5,80,253.56967163085938,1.5667684078216553,663.2625122070312,788.0,0.344463974237442,4,4,1,0.9995867609977722,0.9995867609977722,0.9995867609977722,0.999259961739881
3167,/home/yaxin/datasets/TacAct-original/16_5_L_16.xlsx,16,5,80,204.0,1.494852066040039,656.5750122070312,814.0,0.35251227021217346,4,4,1,0.999614953994751,0.999614953994751,0.999614953994751,0.9993114183889703
3168,/home/yaxin/datasets/TacAct-original/16_5_L_17.xlsx,16,5,80,233.03419494628906,1.6270649433135986,680.8125,840.0,0.3498227298259735,4,4,1,0.999642014503479,0.999642014503479,0.999642014503479,0.9993792555760593
3169,/home/yaxin/datasets/TacAct-original/16_5_L_18.xlsx,16,5,80,172.0296173095703,1.6261634826660156,695.25,876.0,0.3634214401245117,4,4,1,0.9995124340057372,0.9995124340057372,0.9995124340057372,0.9991281755792442
3170,/home/yaxin/datasets/TacAct-original/16_5_L_19.xlsx,16,5,80,224.30067443847656,1.614501714706421,675.3375244140625,836.0,0.3478180766105652,4,4,1,0.9995980858802797,0.9995980858802797,0.9995980858802797,0.9992967841972132
3171,/home/yaxin/datasets/TacAct-original/16_5_L_2.xlsx,16,5,80,164.20553588867188,1.5088577270507812,626.4500122070312,771.0,0.32817700505256653,4,4,1,0.9995976090431212,0.9995976090431212,0.9995976090431212,0.999286181438947
3172,/home/yaxin/datasets/TacAct-original/16_5_L_20.xlsx,16,5,80,148.4732666015625,1.481536865234375,666.1624755859375,813.0,0.3378247022628784,4,4,1,0.999583661556244,0.999583661556244,0.999583661556244,0.9992538610822523
3173,/home/yaxin/datasets/TacAct-original/16_5_L_3.xlsx,16,5,80,183.96231079101562,1.6336250305175781,653.8624877929688,804.0,0.37129637598991394,4,4,1,0.9996216297149658,0.9996216297149658,0.9996216297149658,0.9993309341662098
3174,/home/yaxin/datasets/TacAct-original/16_5_L_4.xlsx,16,5,80,175.02146911621094,1.4524974822998047,658.1375122070312,809.0,0.3522827625274658,4,4,1,0.9996455907821656,0.9996455907821656,0.9996455907821656,0.9993675789446571
3175,/home/yaxin/datasets/TacAct-original/16_5_L_5.xlsx,16,5,80,227.01438903808594,1.5223584175109863,656.625,797.0,0.3436219096183777,4,4,1,0.9996395111083984,0.9996395111083984,0.9996395111083984,0.9993648873642087
3176,/home/yaxin/datasets/TacAct-original/16_5_L_6.xlsx,16,5,80,145.18106079101562,1.5645297765731812,668.6375122070312,827.0,0.35257044434547424,4,4,1,0.9994860887527466,0.9994860887527466,0.9994860887527466,0.9990683427022304
3177,/home/yaxin/datasets/TacAct-original/16_5_L_7.xlsx,16,5,80,128.2764129638672,1.4413114786148071,666.0625,805.0,0.32748013734817505,4,4,1,0.999456822872162,0.999456822872162,0.999456822872162,0.9990148512297312
3178,/home/yaxin/datasets/TacAct-original/16_5_L_8.xlsx,16,5,80,165.06887817382812,1.3378937244415283,653.3125,797.0,0.3306180238723755,4,4,1,0.9996412992477416,0.9996412992477416,0.9996412992477416,0.9993570166698191
3179,/home/yaxin/datasets/TacAct-original/16_5_L_9.xlsx,16,5,80,168.0520477294922,1.3634498119354248,667.4124755859375,800.0,0.32926708459854126,4,4,1,0.9995926022529602,0.9995926022529602,0.9995926022529602,0.9992635898524896
3180,/home/yaxin/datasets/TacAct-original/16_5_R_1.xlsx,16,5,80,208.82208251953125,1.631127119064331,675.7874755859375,847.0,0.40829014778137207,4,4,1,0.9993877410888672,0.9993877410888672,0.9993877410888672,0.9988799903658219
3181,/home/yaxin/datasets/TacAct-original/16_5_R_10.xlsx,16,5,80,193.90621948242188,1.5247204303741455,658.125,820.0,0.40246284008026123,4,4,1,0.9996010661125184,0.9996010661125184,0.9996010661125184,0.9992870008572937
3182,/home/yaxin/datasets/TacAct-original/16_5_R_11.xlsx,16,5,80,158.30592346191406,1.5858879089355469,658.7999877929688,840.0,0.4391452968120575,4,4,1,0.999634861946106,0.999634861946106,0.999634861946106,0.9993496630922891
3183,/home/yaxin/datasets/TacAct-original/16_5_R_12.xlsx,16,5,80,173.0,1.4581294059753418,650.3125,816.0,0.43081530928611755,4,4,1,0.9993485808372498,0.9993485808372498,0.9993485808372498,0.998814590915572
3184,/home/yaxin/datasets/TacAct-original/16_5_R_13.xlsx,16,5,80,199.60313415527344,1.818808913230896,676.1749877929688,828.0,0.46229568123817444,4,4,1,0.9996354579925536,0.9996354579925536,0.9996354579925536,0.999347730044974
3185,/home/yaxin/datasets/TacAct-original/16_5_R_14.xlsx,16,5,80,204.96441650390625,1.601642370223999,677.7874755859375,850.0,0.4350182116031647,4,4,1,0.9993832111358644,0.9993832111358644,0.9993832111358644,0.9988874417613262
3186,/home/yaxin/datasets/TacAct-original/16_5_R_15.xlsx,16,5,80,322.511474609375,1.6361401081085205,678.8875122070312,856.0,0.458936870098114,4,4,1,0.999650239944458,0.999650239944458,0.999650239944458,0.9993842133844737
3187,/home/yaxin/datasets/TacAct-original/16_5_R_16.xlsx,16,5,80,225.0,1.4076063632965088,656.0750122070312,815.0,0.4337847828865051,4,4,1,0.9996405839920044,0.9996405839920044,0.9996405839920044,0.9993720308411866
3188,/home/yaxin/datasets/TacAct-original/16_5_R_17.xlsx,16,5,80,186.82066345214844,1.7446975708007812,668.9874877929688,818.0,0.43312564492225647,4,4,1,0.9996248483657836,0.9996248483657836,0.9996248483657836,0.9993320467474404
3189,/home/yaxin/datasets/TacAct-original/16_5_R_18.xlsx,16,5,80,246.6089324951172,1.5847316980361938,660.0625,817.0,0.44347476959228516,4,0,0,0.8574415445327759,0.1358035206794738,0.8574415445327759,0.7216380238533021
3190,/home/yaxin/datasets/TacAct-original/16_5_R_19.xlsx,16,5,80,240.0,1.481440782546997,648.875,798.0,0.4427647590637207,4,4,1,0.999415397644043,0.999415397644043,0.999415397644043,0.9989382689527702
3191,/home/yaxin/datasets/TacAct-original/16_5_R_2.xlsx,16,5,80,187.0,1.5614691972732544,658.3624877929688,807.0,0.42832231521606445,4,4,1,0.999630331993103,0.999630331993103,0.999630331993103,0.999338745692512
3192,/home/yaxin/datasets/TacAct-original/16_5_R_20.xlsx,16,5,80,178.30279541015625,1.5012224912643433,666.6875,810.0,0.4501035809516907,4,4,1,0.9996142387390136,0.9996142387390136,0.9996142387390136,0.9993102963780983
3193,/home/yaxin/datasets/TacAct-original/16_5_R_3.xlsx,16,5,80,194.60011291503906,1.6346712112426758,656.6375122070312,806.0,0.4255765676498413,4,4,1,0.999643325805664,0.999643325805664,0.999643325805664,0.9993649776733946
3194,/home/yaxin/datasets/TacAct-original/16_5_R_4.xlsx,16,5,80,222.21826171875,1.7053146362304688,663.9000244140625,817.0,0.43026718497276306,4,4,1,0.9996216297149658,0.9996216297149658,0.9996216297149658,0.9993193218833767
3195,/home/yaxin/datasets/TacAct-original/16_5_R_5.xlsx,16,5,80,211.8052520751953,1.7591431140899658,666.7750244140625,816.0,0.4332233965396881,4,4,1,0.9995860457420348,0.9995860457420348,0.9995860457420348,0.9992582822451367
3196,/home/yaxin/datasets/TacAct-original/16_5_R_6.xlsx,16,5,80,218.7659912109375,1.7159801721572876,650.3499755859375,822.0,0.42159193754196167,4,4,1,0.9994115829467772,0.9994115829467772,0.9994115829467772,0.9989332971163093
3197,/home/yaxin/datasets/TacAct-original/16_5_R_7.xlsx,16,5,80,222.0,1.7080215215682983,670.4749755859375,811.0,0.4140790104866028,4,4,1,0.9996286630630492,0.9996286630630492,0.9996286630630492,0.9993339399225079
3198,/home/yaxin/datasets/TacAct-original/16_5_R_8.xlsx,16,5,80,180.0,1.753240942955017,673.8125,838.0,0.42838701605796814,4,4,1,0.9996143579483032,0.9996143579483032,0.9996143579483032,0.9993118766869884
3199,/home/yaxin/datasets/TacAct-original/16_5_R_9.xlsx,16,5,80,223.0,1.7464250326156616,671.2000122070312,833.0,0.43460318446159363,4,4,1,0.9996129870414734,0.9996129870414734,0.9996129870414734,0.9993070112832357
3200,/home/yaxin/datasets/TacAct-original/16_6_L_1.xlsx,16,6,80,144.18667602539062,0.5449908971786499,588.2125244140625,750.0,0.2927910089492798,5,5,1,0.9999704360961914,0.9999704360961914,0.9999704360961914,0.9999596231946271
3201,/home/yaxin/datasets/TacAct-original/16_6_L_10.xlsx,16,6,80,146.1754608154297,0.5338237881660461,593.7874755859375,736.0,0.2913037836551666,5,5,1,0.9999645948410034,0.9999645948410034,0.9999645948410034,0.9999540969238296
3202,/home/yaxin/datasets/TacAct-original/16_6_L_11.xlsx,16,6,80,150.0,0.5572980642318726,602.0499877929688,762.0,0.3039078414440155,5,5,1,0.999975323677063,0.999975323677063,0.999975323677063,0.9999665459845346
3203,/home/yaxin/datasets/TacAct-original/16_6_L_12.xlsx,16,6,80,136.6412811279297,0.5998269319534302,597.7000122070312,745.0,0.3037741482257843,5,5,1,0.9999529123306274,0.9999529123306274,0.9999529123306274,0.9999377399162768
3204,/home/yaxin/datasets/TacAct-original/16_6_L_13.xlsx,16,6,80,212.38558959960938,0.8155860900878906,642.4375,783.0,0.3125413954257965,5,5,1,0.9999209642410278,0.9999209642410278,0.9999209642410278,0.9998968016225263
3205,/home/yaxin/datasets/TacAct-original/16_6_L_14.xlsx,16,6,80,161.09132385253906,0.6287243962287903,617.0374755859375,756.0,0.29689037799835205,5,5,1,0.9999617338180542,0.9999617338180542,0.9999617338180542,0.9999496833443118
3206,/home/yaxin/datasets/TacAct-original/16_6_L_15.xlsx,16,6,80,199.0,0.6398801803588867,614.3375244140625,756.0,0.3046253025531769,5,5,1,0.999964475631714,0.999964475631714,0.999964475631714,0.9999535508195551
3207,/home/yaxin/datasets/TacAct-original/16_6_L_16.xlsx,16,6,80,159.28919982910156,0.5897755026817322,604.2000122070312,756.0,0.29970866441726685,5,5,1,0.9998966455459596,0.9998966455459596,0.9998966455459596,0.9998614856413043
3208,/home/yaxin/datasets/TacAct-original/16_6_L_17.xlsx,16,6,80,220.7547607421875,0.6292716264724731,618.5499877929688,790.0,0.2979913055896759,5,5,1,0.9999544620513916,0.9999544620513916,0.9999544620513916,0.9999392752370113
3209,/home/yaxin/datasets/TacAct-original/16_6_L_18.xlsx,16,6,80,96.0,0.5358861684799194,607.9375,773.0,0.3019656836986542,5,5,1,0.9998514652252196,0.9998514652252196,0.9998514652252196,0.9998101476594455
3210,/home/yaxin/datasets/TacAct-original/16_6_L_19.xlsx,16,6,80,215.9261474609375,0.5723646879196167,612.8875122070312,755.0,0.29942506551742554,5,5,1,0.9999715089797974,0.9999715089797974,0.9999715089797974,0.9999622526429448
3211,/home/yaxin/datasets/TacAct-original/16_6_L_2.xlsx,16,6,80,120.0,0.5622531175613403,590.8125,731.0,0.2925175130367279,5,5,1,0.9999725818634032,0.9999725818634032,0.9999725818634032,0.9999625364553139
3212,/home/yaxin/datasets/TacAct-original/16_6_L_20.xlsx,16,6,80,114.0,0.525246798992157,592.5999755859375,738.0,0.3033429980278015,5,5,1,0.999964952468872,0.999964952468872,0.999964952468872,0.9999513157854379
3213,/home/yaxin/datasets/TacAct-original/16_6_L_3.xlsx,16,6,80,138.22032165527344,0.6728370785713196,588.1124877929688,737.0,0.308003693819046,5,5,1,0.9999717473983764,0.9999717473983764,0.9999717473983764,0.9999629459653078
3214,/home/yaxin/datasets/TacAct-original/16_6_L_4.xlsx,16,6,80,116.3437271118164,0.5019920468330383,596.9000244140625,755.0,0.2866140902042389,5,5,1,0.9999344348907472,0.9999344348907472,0.9999344348907472,0.9999143549266593
3215,/home/yaxin/datasets/TacAct-original/16_6_L_5.xlsx,16,6,80,212.0,0.7160215377807617,616.0250244140625,757.0,0.3121059536933899,5,5,1,0.9999698400497437,0.9999698400497437,0.9999698400497437,0.9999592934891552
3216,/home/yaxin/datasets/TacAct-original/16_6_L_6.xlsx,16,6,80,148.0,0.5876022577285767,595.5625,742.0,0.3039532005786896,5,5,1,0.999968409538269,0.999968409538269,0.999968409538269,0.9999581418478556
3217,/home/yaxin/datasets/TacAct-original/16_6_L_7.xlsx,16,6,80,124.0,0.5392762422561646,595.4500122070312,761.0,0.29106560349464417,5,5,1,0.9999667406082152,0.9999667406082152,0.9999667406082152,0.9999565085254288
3218,/home/yaxin/datasets/TacAct-original/16_6_L_8.xlsx,16,6,80,125.0,0.5382561683654785,591.75,738.0,0.28635838627815247,5,5,1,0.9999549388885498,0.9999549388885498,0.9999549388885498,0.9999417989984067
3219,/home/yaxin/datasets/TacAct-original/16_6_L_9.xlsx,16,6,80,109.0,0.5684641003608704,589.1375122070312,734.0,0.2972995638847351,5,5,1,0.9998981952667236,0.9998981952667236,0.9998981952667236,0.9998562284818036
3220,/home/yaxin/datasets/TacAct-original/16_6_R_1.xlsx,16,6,80,113.0,0.4982507824897766,594.7999877929688,731.0,0.25785210728645325,5,5,1,0.9999725818634032,0.9999725818634032,0.9999725818634032,0.9999635071390002
3221,/home/yaxin/datasets/TacAct-original/16_6_R_10.xlsx,16,6,80,158.0,0.5551921129226685,593.7874755859375,741.0,0.26935380697250366,5,5,1,0.9999874830245972,0.9999874830245972,0.9999874830245972,0.9999825495510777
3222,/home/yaxin/datasets/TacAct-original/16_6_R_11.xlsx,16,6,80,150.15301513671875,0.6929380297660828,605.9000244140625,743.0,0.2725578844547272,5,5,1,0.9999816417694092,0.9999816417694092,0.9999816417694092,0.999973117232912
3223,/home/yaxin/datasets/TacAct-original/16_6_R_12.xlsx,16,6,80,258.5416259765625,0.7553250789642334,609.2999877929688,746.0,0.2736036479473114,5,5,1,0.9999841451644896,0.9999841451644896,0.9999841451644896,0.9999779350364405
3224,/home/yaxin/datasets/TacAct-original/16_6_R_13.xlsx,16,6,80,100.15184020996094,0.5398438572883606,609.125,763.0,0.26415348052978516,5,5,1,0.9999635219573976,0.9999635219573976,0.9999635219573976,0.9999520163728449
3225,/home/yaxin/datasets/TacAct-original/16_6_R_14.xlsx,16,6,80,144.0,0.5915096402168274,608.7125244140625,754.0,0.2732042670249939,5,5,1,0.9999874830245972,0.9999874830245972,0.9999874830245972,0.9999821611631887
3226,/home/yaxin/datasets/TacAct-original/16_6_R_15.xlsx,16,6,80,143.73683166503906,0.6415703892707825,617.4749755859375,754.0,0.27020925283432007,5,5,1,0.9999685287475586,0.9999685287475586,0.9999685287475586,0.9999574969115201
3227,/home/yaxin/datasets/TacAct-original/16_6_R_16.xlsx,16,6,80,158.10813903808594,0.5113390684127808,592.7750244140625,727.0,0.26262912154197693,5,5,1,0.9999489784240724,0.9999489784240724,0.9999489784240724,0.9999301469779313
3228,/home/yaxin/datasets/TacAct-original/16_6_R_17.xlsx,16,6,80,144.18667602539062,0.572991669178009,603.25,747.0,0.26293087005615234,5,5,1,0.9999617338180542,0.9999617338180542,0.9999617338180542,0.9999481628901776
3229,/home/yaxin/datasets/TacAct-original/16_6_R_18.xlsx,16,6,80,235.0,0.6328760385513306,599.5750122070312,737.0,0.26977863907814026,5,5,1,0.999942183494568,0.999942183494568,0.999942183494568,0.9999189638474492
3230,/home/yaxin/datasets/TacAct-original/16_6_R_19.xlsx,16,6,80,213.97186279296875,0.6067920923233032,593.5750122070312,750.0,0.2570442855358124,5,5,1,0.99997878074646,0.99997878074646,0.99997878074646,0.9999712144758632
3231,/home/yaxin/datasets/TacAct-original/16_6_R_2.xlsx,16,6,80,144.0,0.5505287647247314,600.8875122070312,756.0,0.2602788805961609,5,5,1,0.999980092048645,0.999980092048645,0.999980092048645,0.9999745999421066
3232,/home/yaxin/datasets/TacAct-original/16_6_R_20.xlsx,16,6,80,265.48199462890625,0.551993727684021,540.25,660.0,0.21595214307308197,5,5,1,0.9999690055847168,0.9999690055847168,0.9999690055847168,0.9999563461115031
3233,/home/yaxin/datasets/TacAct-original/16_6_R_3.xlsx,16,6,80,98.0,0.47786083817481995,610.7625122070312,752.0,0.2568846642971039,5,5,1,0.9999672174453736,0.9999672174453736,0.9999672174453736,0.9999474544401893
3234,/home/yaxin/datasets/TacAct-original/16_6_R_4.xlsx,16,6,80,109.0,0.4921554625034332,591.2874755859375,741.0,0.25973325967788696,5,5,1,0.999980926513672,0.999980926513672,0.999980926513672,0.9999729448763902
3235,/home/yaxin/datasets/TacAct-original/16_6_R_5.xlsx,16,6,80,135.0,0.4890505373477936,590.4500122070312,726.0,0.25630438327789307,5,5,1,0.9998955726623536,0.9998955726623536,0.9998955726623536,0.9998588365924662
3236,/home/yaxin/datasets/TacAct-original/16_6_R_6.xlsx,16,6,80,210.81085205078125,0.6686140894889832,607.2374877929688,755.0,0.26344457268714905,5,5,1,0.9999456405639648,0.9999456405639648,0.9999456405639648,0.9999229518198263
3237,/home/yaxin/datasets/TacAct-original/16_6_R_7.xlsx,16,6,80,240.0,0.6007599830627441,594.7874755859375,728.0,0.2550075948238373,5,5,1,0.9999784231185912,0.9999784231185912,0.9999784231185912,0.9999715096869294
3238,/home/yaxin/datasets/TacAct-original/16_6_R_8.xlsx,16,6,80,144.18667602539062,0.5908620953559875,603.0625,747.0,0.26860949397087097,5,5,1,0.9999449253082277,0.9999449253082277,0.9999449253082277,0.9999259028099915
3239,/home/yaxin/datasets/TacAct-original/16_6_R_9.xlsx,16,6,80,163.0,0.5175169706344604,595.6875,738.0,0.2644065320491791,5,5,1,0.9999768733978271,0.9999768733978271,0.9999768733978271,0.9999689619007768
3240,/home/yaxin/datasets/TacAct-original/16_7_L_1.xlsx,16,7,80,189.0,3.9589409828186035,762.7125244140625,928.0,0.5435608625411987,6,6,1,0.9997488856315612,0.9997488856315612,0.9997488856315612,0.9996291094430488
3241,/home/yaxin/datasets/TacAct-original/16_7_L_10.xlsx,16,7,80,187.0,4.057196140289307,757.6875,907.0,0.5349910259246826,6,3,0,0.9287100434303284,0.0711170136928558,0.9287100434303284,0.8575930297374725
3242,/home/yaxin/datasets/TacAct-original/16_7_L_11.xlsx,16,7,80,181.0,4.001561164855957,756.4375,922.0,0.509310781955719,6,6,1,0.9994705319404602,0.9994705319404602,0.9994705319404602,0.9990965423057788
3243,/home/yaxin/datasets/TacAct-original/16_7_L_12.xlsx,16,7,80,182.0,3.705801010131836,752.3875122070312,919.0,0.5101915001869202,6,6,1,0.999688982963562,0.999688982963562,0.999688982963562,0.9995444800588303
3244,/home/yaxin/datasets/TacAct-original/16_7_L_13.xlsx,16,7,80,203.85012817382812,3.7514233589172363,760.0750122070312,906.0,0.5143382549285889,6,6,1,0.999588668346405,0.999588668346405,0.999588668346405,0.9993611625250196
3245,/home/yaxin/datasets/TacAct-original/16_7_L_14.xlsx,16,7,80,190.92303466796875,3.859450101852417,754.2999877929688,929.0,0.5127634406089783,6,6,1,0.9997032284736632,0.9997032284736632,0.9997032284736632,0.999551516957581
3246,/home/yaxin/datasets/TacAct-original/16_7_L_15.xlsx,16,7,80,181.90432739257812,3.8020851612091064,757.9000244140625,936.0,0.5176156163215637,6,6,1,0.999731719493866,0.999731719493866,0.999731719493866,0.9995952553581446
3247,/home/yaxin/datasets/TacAct-original/16_7_L_16.xlsx,16,7,80,150.15301513671875,3.8928780555725098,774.9000244140625,948.0,0.5143020153045654,6,3,0,0.9992870688438416,0.0006683905958198,0.9992870688438416,0.9986186782480218
3248,/home/yaxin/datasets/TacAct-original/16_7_L_17.xlsx,16,7,80,187.9398651123047,3.9473462104797363,755.0750122070312,926.0,0.4943099319934845,6,6,1,0.9997435212135316,0.9997435212135316,0.9997435212135316,0.9996316114193179
3249,/home/yaxin/datasets/TacAct-original/16_7_L_18.xlsx,16,7,80,244.603759765625,4.105915546417236,757.2750244140625,926.0,0.5405502319335938,6,3,0,0.9991406202316284,0.0008198239374905,0.9991406202316284,0.998320796294138
3250,/home/yaxin/datasets/TacAct-original/16_7_L_19.xlsx,16,7,80,239.28915405273438,3.9088547229766846,757.9874877929688,933.0,0.5368961691856384,6,6,1,0.9997571110725404,0.9997571110725404,0.9997571110725404,0.9996592486204464
3251,/home/yaxin/datasets/TacAct-original/16_7_L_2.xlsx,16,7,80,168.1385955810547,4.213540077209473,768.5875244140625,940.0,0.5368516445159912,6,6,1,0.998637855052948,0.998637855052948,0.998637855052948,0.9974186205072328
3252,/home/yaxin/datasets/TacAct-original/16_7_L_20.xlsx,16,7,80,245.0,4.217957496643066,751.1375122070312,908.0,0.5264661312103271,6,3,0,0.9969286322593688,0.002989436732605,0.9969286322593688,0.9939391955267638
3253,/home/yaxin/datasets/TacAct-original/16_7_L_3.xlsx,16,7,80,182.0,3.9315733909606934,757.7249755859375,933.0,0.541664719581604,6,6,1,0.9997326731681824,0.9997326731681824,0.9997326731681824,0.9996092290239177
3254,/home/yaxin/datasets/TacAct-original/16_7_L_4.xlsx,16,7,80,216.77720642089844,4.235840797424316,759.6124877929688,932.0,0.5551415085792542,6,6,1,0.9995915293693542,0.9995915293693542,0.9995915293693542,0.9993428016605321
3255,/home/yaxin/datasets/TacAct-original/16_7_L_5.xlsx,16,7,80,171.50416564941406,3.792473554611206,771.7374877929688,944.0,0.519564688205719,6,6,1,0.9995920062065125,0.9995920062065125,0.9995920062065125,0.9993147680652329
3256,/home/yaxin/datasets/TacAct-original/16_7_L_6.xlsx,16,7,80,198.522705078125,4.194924354553223,756.8624877929688,909.0,0.5512068271636963,6,6,1,0.9997007846832277,0.9997007846832277,0.9997007846832277,0.9995659225533019
3257,/home/yaxin/datasets/TacAct-original/16_7_L_7.xlsx,16,7,80,215.3354034423828,3.9939467906951904,768.7249755859375,917.0,0.5181106328964233,6,6,1,0.9997544884681702,0.9997544884681702,0.9997544884681702,0.9996343591483311
3258,/home/yaxin/datasets/TacAct-original/16_7_L_8.xlsx,16,7,80,192.0,3.8332762718200684,744.2125244140625,896.0,0.5168259739875793,6,6,1,0.9996782541275024,0.9996782541275024,0.9996782541275024,0.9995267197664363
3259,/home/yaxin/datasets/TacAct-original/16_7_L_9.xlsx,16,7,80,241.0,3.581629991531372,756.9874877929688,940.0,0.5137027502059937,6,6,1,0.9997765421867372,0.9997765421867372,0.9997765421867372,0.9996710081759376
3260,/home/yaxin/datasets/TacAct-original/16_7_R_1.xlsx,16,7,80,194.68679809570312,3.227867841720581,762.9000244140625,927.0,0.6137455701828003,6,6,1,0.9997801184654236,0.9997801184654236,0.9997801184654236,0.9996980823925696
3261,/home/yaxin/datasets/TacAct-original/16_7_R_10.xlsx,16,7,80,176.0,3.382871150970459,769.9375,944.0,0.6121956706047058,6,3,0,0.998310685157776,0.0016463715583086,0.998310685157776,0.9966643135994674
3262,/home/yaxin/datasets/TacAct-original/16_7_R_11.xlsx,16,7,80,159.0,3.322739362716675,776.0750122070312,948.0,0.6249901652336121,6,3,0,0.9995465874671936,0.0004143479163758,0.9995465874671936,0.9991322395508178
3263,/home/yaxin/datasets/TacAct-original/16_7_R_12.xlsx,16,7,80,207.8276824951172,3.5464165210723877,762.25,931.0,0.6179383993148804,6,6,1,0.9997102618217468,0.9997102618217468,0.9997102618217468,0.9995486951374916
3264,/home/yaxin/datasets/TacAct-original/16_7_R_13.xlsx,16,7,80,137.8552703857422,3.456087589263916,761.0125122070312,905.0,0.6180127263069153,6,3,0,0.5297185778617859,0.469704270362854,0.5297185778617859,0.060014307498931885
3265,/home/yaxin/datasets/TacAct-original/16_7_R_14.xlsx,16,7,80,142.0,3.3604354858398438,768.4874877929688,930.0,0.5978211760520935,6,3,0,0.9996179342269896,0.0003484649641904,0.9996179342269896,0.9992694692627992
3266,/home/yaxin/datasets/TacAct-original/16_7_R_15.xlsx,16,7,80,204.0,3.3404014110565186,760.2625122070312,952.0,0.6292142271995544,6,3,0,0.9991451501846312,0.000818355125375,0.9991451501846312,0.9983267950592563
3267,/home/yaxin/datasets/TacAct-original/16_7_R_16.xlsx,16,7,80,256.20550537109375,3.557950973510742,758.9249877929688,926.0,0.5708657503128052,6,6,1,0.9985107779502868,0.9985107779502868,0.9985107779502868,0.997202662169002
3268,/home/yaxin/datasets/TacAct-original/16_7_R_17.xlsx,16,7,80,160.2724609375,3.3891441822052,752.4375,906.0,0.5235347151756287,6,3,0,0.9906008243560792,0.0093321120366454,0.9906008243560792,0.9812687123194338
3269,/home/yaxin/datasets/TacAct-original/16_7_R_18.xlsx,16,7,80,185.0,3.6650795936584473,757.5750122070312,901.0,0.5569420456886292,6,3,0,0.9989455342292786,0.0010045249946415,0.9989455342292786,0.997941009234637
3270,/home/yaxin/datasets/TacAct-original/16_7_R_19.xlsx,16,7,80,151.0,3.640537977218628,757.1375122070312,920.0,0.54582679271698,6,3,0,0.999542474746704,0.0004158748488407,0.999542474746704,0.9991265998978633
3271,/home/yaxin/datasets/TacAct-original/16_7_R_2.xlsx,16,7,80,192.7202606201172,3.4070751667022705,760.8125,918.0,0.6687659621238708,6,6,1,0.9992520213127136,0.9992520213127136,0.9992520213127136,0.9986506548593752
3272,/home/yaxin/datasets/TacAct-original/16_7_R_20.xlsx,16,7,80,219.7603759765625,3.7148208618164062,760.7374877929688,910.0,0.5573895573616028,6,3,0,0.9995360374450684,0.0004329100775066,0.9995360374450684,0.9991031273675618
3273,/home/yaxin/datasets/TacAct-original/16_7_R_3.xlsx,16,7,80,813.4116821289062,3.5817832946777344,772.5374755859375,950.0,0.7182102203369141,6,3,0,0.9957823753356934,0.0041621890850365,0.9957823753356934,0.9916201862506568
3274,/home/yaxin/datasets/TacAct-original/16_7_R_4.xlsx,16,7,80,161.0,3.4517693519592285,767.2750244140625,923.0,0.66575688123703,6,3,0,0.9992517828941344,0.0007132798200473,0.9992517828941344,0.9985385030740871
3275,/home/yaxin/datasets/TacAct-original/16_7_R_5.xlsx,16,7,80,176.00473022460938,3.049941301345825,762.0374755859375,897.0,0.6565832495689392,6,6,1,0.8079855442047119,0.8079855442047119,0.8079855442047119,0.6184536516666413
3276,/home/yaxin/datasets/TacAct-original/16_7_R_6.xlsx,16,7,80,220.0,3.277205228805542,763.4625244140625,911.0,0.6320111155509949,6,3,0,0.9987553358078004,0.001206203829497,0.9987553358078004,0.9975491319783034
3277,/home/yaxin/datasets/TacAct-original/16_7_R_7.xlsx,16,7,80,146.0,3.3103549480438232,763.6124877929688,939.0,0.6183052659034729,6,3,0,0.9995885491371156,0.0003806520544458,0.9995885491371156,0.9992078970826698
3278,/home/yaxin/datasets/TacAct-original/16_7_R_8.xlsx,16,7,80,150.15301513671875,3.315586566925049,763.1875,911.0,0.6109148859977722,6,3,0,0.9995344877243042,0.0004327684582676,0.9995344877243042,0.9991017192660366
3279,/home/yaxin/datasets/TacAct-original/16_7_R_9.xlsx,16,7,80,209.435791015625,3.206758975982666,764.4500122070312,933.0,0.6098906993865967,6,3,0,0.996878981590271,0.0030633041169494,0.996878981590271,0.9938156774733216
3280,/home/yaxin/datasets/TacAct-original/16_8_L_1.xlsx,16,8,80,168.0,0.5353748798370361,621.7625122070312,793.0,0.2826341688632965,7,7,1,0.9960397481918336,0.9960397481918336,0.9960397481918336,0.9940144582651557
3281,/home/yaxin/datasets/TacAct-original/16_8_L_10.xlsx,16,8,80,133.0,0.5669034123420715,613.0250244140625,811.0,0.28252795338630676,7,7,1,0.9957772493362428,0.9957772493362428,0.9957772493362428,0.99381499318406
3282,/home/yaxin/datasets/TacAct-original/16_8_L_11.xlsx,16,8,80,158.0,0.6814253926277161,623.8125,841.0,0.325011670589447,7,7,1,0.9968020915985109,0.9968020915985109,0.9968020915985109,0.9952105822740125
3283,/home/yaxin/datasets/TacAct-original/16_8_L_12.xlsx,16,8,80,113.0,0.5123916268348694,627.5625,822.0,0.2336047738790512,7,7,1,0.997012972831726,0.997012972831726,0.997012972831726,0.9952551666647196
3284,/home/yaxin/datasets/TacAct-original/16_8_L_13.xlsx,16,8,80,151.0,0.5704720616340637,629.25,793.0,0.275064617395401,7,7,1,0.9961989521980286,0.9961989521980286,0.9961989521980286,0.994219979038462
3285,/home/yaxin/datasets/TacAct-original/16_8_L_14.xlsx,16,8,80,191.0,0.5719915628433228,607.6375122070312,805.0,0.2935509979724884,7,7,1,0.9966639876365662,0.9966639876365662,0.9966639876365662,0.9946655109524728
3286,/home/yaxin/datasets/TacAct-original/16_8_L_15.xlsx,16,8,80,137.0,0.48749494552612305,595.7125244140625,805.0,0.2574937641620636,7,7,1,0.9966940879821776,0.9966940879821776,0.9966940879821776,0.9948911395622416
3287,/home/yaxin/datasets/TacAct-original/16_8_L_16.xlsx,16,8,80,138.0,0.55778968334198,620.0125122070312,813.0,0.2869727313518524,7,7,1,0.9963962435722352,0.9963962435722352,0.9963962435722352,0.9945160547504203
3288,/home/yaxin/datasets/TacAct-original/16_8_L_17.xlsx,16,8,80,129.0,0.5309460759162903,625.1624755859375,797.0,0.2604593336582184,7,7,1,0.9964610934257508,0.9964610934257508,0.9964610934257508,0.9946024119853976
3289,/home/yaxin/datasets/TacAct-original/16_8_L_18.xlsx,16,8,80,123.0,0.5597096085548401,618.3250122070312,815.0,0.27934059500694275,7,7,1,0.9956992864608764,0.9956992864608764,0.9956992864608764,0.99365645670332
3290,/home/yaxin/datasets/TacAct-original/16_8_L_19.xlsx,16,8,80,167.0,0.46453553438186646,584.0875244140625,785.0,0.24873757362365723,7,7,1,0.9961036443710328,0.9961036443710328,0.9961036443710328,0.9942059476161377
3291,/home/yaxin/datasets/TacAct-original/16_8_L_2.xlsx,16,8,80,189.0,0.5578877329826355,606.1500244140625,814.0,0.2895720303058624,7,7,1,0.9964138865470886,0.9964138865470886,0.9964138865470886,0.994483454618603
3292,/home/yaxin/datasets/TacAct-original/16_8_L_20.xlsx,16,8,80,126.0,0.5656217932701111,636.1375122070312,807.0,0.264363169670105,7,7,1,0.9961071610450744,0.9961071610450744,0.9961071610450744,0.9942119588376953
3293,/home/yaxin/datasets/TacAct-original/16_8_L_3.xlsx,16,8,80,194.0,0.6452005505561829,621.6624755859375,820.0,0.3228602707386017,7,7,1,0.9923269152641296,0.9923269152641296,0.9923269152641296,0.9884761390276253
3294,/home/yaxin/datasets/TacAct-original/16_8_L_4.xlsx,16,8,80,152.1417999267578,0.6042474508285522,625.5250244140625,809.0,0.30365729331970215,7,7,1,0.9921919703483582,0.9921919703483582,0.9921919703483582,0.9883143866900356
3295,/home/yaxin/datasets/TacAct-original/16_8_L_5.xlsx,16,8,80,141.0,0.536803126335144,601.3250122070312,788.0,0.2924570143222809,7,7,1,0.9965580105781556,0.9965580105781556,0.9965580105781556,0.9947398643707859
3296,/home/yaxin/datasets/TacAct-original/16_8_L_6.xlsx,16,8,80,147.0,0.5766242742538452,624.7750244140625,816.0,0.27548062801361084,7,7,1,0.9958078861236572,0.9958078861236572,0.9958078861236572,0.9938573382096365
3297,/home/yaxin/datasets/TacAct-original/16_8_L_7.xlsx,16,8,80,139.0,0.623649001121521,621.4874877929688,821.0,0.3031689524650574,7,7,1,0.9970033764839172,0.9970033764839172,0.9970033764839172,0.9954762599663809
3298,/home/yaxin/datasets/TacAct-original/16_8_L_8.xlsx,16,8,80,129.0,0.5546842217445374,631.8875122070312,806.0,0.26903921365737915,7,7,1,0.9957905411720276,0.9957905411720276,0.9957905411720276,0.9937245079781861
3299,/home/yaxin/datasets/TacAct-original/16_8_L_9.xlsx,16,8,80,128.0,0.5771739482879639,633.1749877929688,807.0,0.28810742497444153,7,7,1,0.9948074221611024,0.9948074221611024,0.9948074221611024,0.9922888691071422
3300,/home/yaxin/datasets/TacAct-original/16_8_R_1.xlsx,16,8,80,138.0,0.6476281881332397,629.2625122070312,839.0,0.31883737444877625,7,7,1,0.996512234210968,0.996512234210968,0.996512234210968,0.9948412110097707
3301,/home/yaxin/datasets/TacAct-original/16_8_R_10.xlsx,16,8,80,149.0,0.6008475422859192,622.7999877929688,826.0,0.3072236180305481,7,7,1,0.9961205124855042,0.9961205124855042,0.9961205124855042,0.9941636312287302
3302,/home/yaxin/datasets/TacAct-original/16_8_R_11.xlsx,16,8,80,160.0,0.5635677576065063,610.8624877929688,787.0,0.2956163287162781,7,7,1,0.9975200295448304,0.9975200295448304,0.9975200295448304,0.9960005987668411
3303,/home/yaxin/datasets/TacAct-original/16_8_R_12.xlsx,16,8,80,131.0,0.5576624274253845,617.8499755859375,797.0,0.2753584086894989,7,7,1,0.9971914887428284,0.9971914887428284,0.9971914887428284,0.9956734057050198
3304,/home/yaxin/datasets/TacAct-original/16_8_R_13.xlsx,16,8,80,152.0,0.5321969985961914,614.8624877929688,832.0,0.26550033688545227,7,7,1,0.995941162109375,0.995941162109375,0.995941162109375,0.9938549236394465
3305,/home/yaxin/datasets/TacAct-original/16_8_R_14.xlsx,16,8,80,205.0,0.5313020944595337,602.9874877929688,789.0,0.2744913101196289,7,7,1,0.9961575865745544,0.9961575865745544,0.9961575865745544,0.9942381494911389
3306,/home/yaxin/datasets/TacAct-original/16_8_R_15.xlsx,16,8,80,148.0,0.5286891460418701,606.2249755859375,839.0,0.27642619609832764,7,7,1,0.995638072490692,0.995638072490692,0.995638072490692,0.9934086434077471
3307,/home/yaxin/datasets/TacAct-original/16_8_R_16.xlsx,16,8,80,175.0,0.4845429062843323,606.1624755859375,780.0,0.25332918763160706,7,7,1,0.9959903359413148,0.9959903359413148,0.9959903359413148,0.9938681558705869
3308,/home/yaxin/datasets/TacAct-original/16_8_R_17.xlsx,16,8,80,137.0,0.4961875081062317,597.875,801.0,0.2506934106349945,7,7,1,0.9960435628890992,0.9960435628890992,0.9960435628890992,0.9940720642916859
3309,/home/yaxin/datasets/TacAct-original/16_8_R_18.xlsx,16,8,80,171.0,0.5528836846351624,589.1749877929688,811.0,0.301177442073822,7,7,1,0.994968593120575,0.994968593120575,0.994968593120575,0.9925004795659333
3310,/home/yaxin/datasets/TacAct-original/16_8_R_19.xlsx,16,8,80,157.0,0.5855132937431335,605.3499755859375,807.0,0.31364065408706665,7,7,1,0.9967793822288512,0.9967793822288512,0.9967793822288512,0.9949010104173794
3311,/home/yaxin/datasets/TacAct-original/16_8_R_2.xlsx,16,8,80,129.0,0.7115666270256042,625.1875,807.0,0.3209215998649597,7,7,1,0.9969108700752258,0.9969108700752258,0.9969108700752258,0.9953729746630416
3312,/home/yaxin/datasets/TacAct-original/16_8_R_20.xlsx,16,8,80,132.0,0.4646533131599426,590.9124755859375,783.0,0.23064196109771729,7,7,1,0.9968135952949524,0.9968135952949524,0.9968135952949524,0.9950554894749076
3313,/home/yaxin/datasets/TacAct-original/16_8_R_3.xlsx,16,8,80,143.0,0.6836323738098145,637.3375244140625,835.0,0.31131428480148315,7,7,1,0.9960596561431884,0.9960596561431884,0.9960596561431884,0.9941558192949742
3314,/home/yaxin/datasets/TacAct-original/16_8_R_4.xlsx,16,8,80,176.0,0.6270837783813477,640.2249755859375,850.0,0.3015771210193634,7,7,1,0.9971544742584229,0.9971544742584229,0.9971544742584229,0.9956413183826953
3315,/home/yaxin/datasets/TacAct-original/16_8_R_5.xlsx,16,8,80,123.0,0.5848276615142822,611.2374877929688,826.0,0.3093101382255554,7,7,1,0.9963061809539796,0.9963061809539796,0.9963061809539796,0.9945862551685424
3316,/home/yaxin/datasets/TacAct-original/16_8_R_6.xlsx,16,8,80,166.0,0.5286040306091309,625.6749877929688,816.0,0.26161113381385803,7,7,1,0.9968674778938292,0.9968674778938292,0.9968674778938292,0.9952472405275329
3317,/home/yaxin/datasets/TacAct-original/16_8_R_7.xlsx,16,8,80,132.0,0.5438686013221741,615.0250244140625,823.0,0.2752896547317505,7,7,1,0.9949597120285034,0.9949597120285034,0.9949597120285034,0.9926669043488802
3318,/home/yaxin/datasets/TacAct-original/16_8_R_8.xlsx,16,8,80,133.0,0.5142213702201843,603.7625122070312,814.0,0.2642061412334442,7,7,1,0.9962955117225648,0.9962955117225648,0.9962955117225648,0.9944130495423453
3319,/home/yaxin/datasets/TacAct-original/16_8_R_9.xlsx,16,8,80,136.0,0.6068461537361145,617.3499755859375,816.0,0.30957451462745667,7,7,1,0.9961282014846802,0.9961282014846802,0.9961282014846802,0.9941613457631321
3320,/home/yaxin/datasets/TacAct-original/16_9_L_1.xlsx,16,9,80,148.1642303466797,1.0641419887542725,700.3624877929688,861.0,0.6296453475952148,8,8,1,0.9999817609786988,0.9999817609786988,0.9999817609786988,0.9999698601059209
3321,/home/yaxin/datasets/TacAct-original/16_9_L_10.xlsx,16,9,80,117.95121765136719,0.9437577128410339,671.125,859.0,0.5910401940345764,8,8,1,0.9999386072158812,0.9999386072158812,0.9999386072158812,0.9999195672498898
3322,/home/yaxin/datasets/TacAct-original/16_9_L_11.xlsx,16,9,80,110.12586212158203,0.9823223948478699,697.2125244140625,881.0,0.629969596862793,8,8,1,0.9998868703842164,0.9998868703842164,0.9998868703842164,0.9998503508213618
3323,/home/yaxin/datasets/TacAct-original/16_9_L_12.xlsx,16,9,80,100.0,1.158696174621582,728.7374877929688,907.0,0.7148460745811462,8,8,1,0.999721109867096,0.999721109867096,0.999721109867096,0.9995970385643886
3324,/home/yaxin/datasets/TacAct-original/16_9_L_13.xlsx,16,9,80,86.51200103759766,1.1434214115142822,707.6624755859375,862.0,0.6896628141403198,8,8,1,0.9999815225601196,0.9999815225601196,0.9999815225601196,0.9999710366519139
3325,/home/yaxin/datasets/TacAct-original/16_9_L_14.xlsx,16,9,80,116.98440551757812,1.101692795753479,710.3875122070312,859.0,0.631691575050354,8,8,1,0.9999802112579346,0.9999802112579346,0.9999802112579346,0.9999696500735809
3326,/home/yaxin/datasets/TacAct-original/16_9_L_15.xlsx,16,9,80,90.74906921386719,1.010659098625183,695.7874755859375,886.0,0.6236554980278015,8,8,1,0.9998453855514526,0.9998453855514526,0.9998453855514526,0.9997727790905628
3327,/home/yaxin/datasets/TacAct-original/16_9_L_16.xlsx,16,9,80,121.31942749023438,1.212425947189331,724.9625244140625,881.0,0.7024123072624207,8,8,1,0.9999711513519288,0.9999711513519288,0.9999711513519288,0.9999556103284705
3328,/home/yaxin/datasets/TacAct-original/16_9_L_17.xlsx,16,9,80,92.6396713256836,0.9670901298522949,703.0250244140625,849.0,0.5607637763023376,8,8,1,0.9999836683273317,0.9999836683273317,0.9999836683273317,0.9999749059843454
3329,/home/yaxin/datasets/TacAct-original/16_9_L_18.xlsx,16,9,80,91.0,1.19625985622406,719.3250122070312,879.0,0.6846387386322021,8,8,1,0.999942660331726,0.999942660331726,0.999942660331726,0.9999269577547237
3330,/home/yaxin/datasets/TacAct-original/16_9_L_19.xlsx,16,9,80,107.39421081542969,1.088030219078064,709.1375122070312,865.0,0.5737006664276123,8,8,1,0.9999774694442748,0.9999774694442748,0.9999774694442748,0.9999656824993507
3331,/home/yaxin/datasets/TacAct-original/16_9_L_2.xlsx,16,9,80,97.0,1.1158685684204102,698.5250244140625,868.0,0.6440186500549316,8,8,1,0.9999641180038452,0.9999641180038452,0.9999641180038452,0.999940686249829
3332,/home/yaxin/datasets/TacAct-original/16_9_L_20.xlsx,16,9,80,101.51539611816406,1.1171519756317139,695.0750122070312,865.0,0.6283040642738342,8,8,1,0.9999734163284302,0.9999734163284302,0.9999734163284302,0.9999567381182715
3333,/home/yaxin/datasets/TacAct-original/16_9_L_3.xlsx,16,9,80,101.09952545166016,0.8607720136642456,701.3624877929688,884.0,0.5751303434371948,8,8,1,0.9999209642410278,0.9999209642410278,0.9999209642410278,0.9998948143656889
3334,/home/yaxin/datasets/TacAct-original/16_9_L_4.xlsx,16,9,80,119.0,1.0582249164581299,695.5750122070312,878.0,0.642590343952179,8,8,1,0.9997640252113342,0.9997640252113342,0.9997640252113342,0.9996266914677109
3335,/home/yaxin/datasets/TacAct-original/16_9_L_5.xlsx,16,9,80,119.2362289428711,1.087813377380371,698.1124877929688,840.0,0.6530559659004211,8,8,1,0.9999712705612184,0.9999712705612184,0.9999712705612184,0.9999530620625593
3336,/home/yaxin/datasets/TacAct-original/16_9_L_6.xlsx,16,9,80,113.07566833496094,1.1734498739242554,713.0499877929688,883.0,0.6532938480377197,8,8,1,0.9993690848350524,0.9993690848350524,0.9993690848350524,0.9990066546597518
3337,/home/yaxin/datasets/TacAct-original/16_9_L_7.xlsx,16,9,80,128.0,1.1062276363372803,704.4249877929688,862.0,0.6805024147033691,8,8,1,0.999957799911499,0.999957799911499,0.999957799911499,0.999930665240754
3338,/home/yaxin/datasets/TacAct-original/16_9_L_8.xlsx,16,9,80,91.52425384521484,1.2058422565460205,720.9124755859375,875.0,0.7043202519416809,8,8,1,0.9999858140945436,0.9999858140945436,0.9999858140945436,0.9999752264902783
3339,/home/yaxin/datasets/TacAct-original/16_9_L_9.xlsx,16,9,80,114.47310638427734,1.1812469959259033,724.4749755859375,871.0,0.5952038168907166,8,8,1,0.9999488592147828,0.9999488592147828,0.9999488592147828,0.9999260351069098
3340,/home/yaxin/datasets/TacAct-original/16_9_R_1.xlsx,16,9,80,80.0,0.9869244694709778,689.2999877929688,882.0,0.655257523059845,8,8,1,0.9999608993530272,0.9999608993530272,0.9999608993530272,0.9999474269170604
3341,/home/yaxin/datasets/TacAct-original/16_9_R_10.xlsx,16,9,80,134.24276733398438,1.0745489597320557,702.4124755859375,847.0,0.5815576314926147,8,8,1,0.9999535083770752,0.9999535083770752,0.9999535083770752,0.9999259172691382
3342,/home/yaxin/datasets/TacAct-original/16_9_R_11.xlsx,16,9,80,65.0,0.9715312719345093,691.3125,864.0,0.5996826887130737,8,8,1,0.999915599822998,0.999915599822998,0.999915599822998,0.9998888296850055
3343,/home/yaxin/datasets/TacAct-original/16_9_R_12.xlsx,16,9,80,66.71011352539062,0.9893817901611328,684.7874755859375,866.0,0.6350812315940857,8,8,1,0.999948501586914,0.999948501586914,0.999948501586914,0.9999177506506384
3344,/home/yaxin/datasets/TacAct-original/16_9_R_13.xlsx,16,9,80,103.24299621582031,0.8451988101005554,692.7000122070312,858.0,0.5957722067832947,8,8,1,0.9999797344207764,0.9999797344207764,0.9999797344207764,0.9999688597836212
3345,/home/yaxin/datasets/TacAct-original/16_9_R_14.xlsx,16,9,80,87.50812530517578,0.898816704750061,699.5625,892.0,0.5784733295440674,8,8,1,0.9991520643234252,0.9991520643234252,0.9991520643234252,0.9984045261517167
3346,/home/yaxin/datasets/TacAct-original/16_9_R_15.xlsx,16,9,80,66.0,0.9429128766059875,699.3875122070312,880.0,0.6242268681526184,8,8,1,0.999974012374878,0.999974012374878,0.999974012374878,0.9999610162267346
3347,/home/yaxin/datasets/TacAct-original/16_9_R_16.xlsx,16,9,80,82.59439849853516,0.9564269781112671,699.5,867.0,0.5701610445976257,8,8,1,0.9999619722366332,0.9999619722366332,0.9999619722366332,0.9999504269690077
3348,/home/yaxin/datasets/TacAct-original/16_9_R_17.xlsx,16,9,80,72.51099395751953,1.1103227138519287,713.6375122070312,895.0,0.7201732993125916,8,8,1,0.9999582767486572,0.9999582767486572,0.9999582767486572,0.9999383560498245
3349,/home/yaxin/datasets/TacAct-original/16_9_R_18.xlsx,16,9,80,96.85575866699219,1.1414966583251953,737.2625122070312,891.0,0.660014808177948,8,8,1,0.9998468160629272,0.9998468160629272,0.9998468160629272,0.9997753067291342
3350,/home/yaxin/datasets/TacAct-original/16_9_R_19.xlsx,16,9,80,92.26190185546875,1.2050843238830566,748.0125122070312,885.0,0.7080285549163818,8,8,1,0.9999524354934692,0.9999524354934692,0.9999524354934692,0.9999309229369828
3351,/home/yaxin/datasets/TacAct-original/16_9_R_2.xlsx,16,9,80,83.7191390991211,1.0197668075561523,691.2125244140625,856.0,0.5634710192680359,8,8,1,0.999661922454834,0.999661922454834,0.999661922454834,0.999397797335405
3352,/home/yaxin/datasets/TacAct-original/16_9_R_20.xlsx,16,9,80,105.69495391845703,1.217125654220581,738.0,876.0,0.7191520929336548,8,8,1,0.9999308586120604,0.9999308586120604,0.9999308586120604,0.9999049854886833
3353,/home/yaxin/datasets/TacAct-original/16_9_R_3.xlsx,16,9,80,94.46713256835938,0.9407989382743835,672.4749755859375,860.0,0.600698709487915,8,8,1,0.9999678134918212,0.9999678134918212,0.9999678134918212,0.9999537757257712
3354,/home/yaxin/datasets/TacAct-original/16_9_R_4.xlsx,16,9,80,113.35015106201172,0.94731205701828,670.7999877929688,860.0,0.5914175510406494,8,8,1,0.9999175071716307,0.9999175071716307,0.9999175071716307,0.9998827963427174
3355,/home/yaxin/datasets/TacAct-original/16_9_R_5.xlsx,16,9,80,107.1391830444336,1.0036163330078125,669.1624755859375,863.0,0.5850098133087158,8,8,1,0.9987969398498536,0.9987969398498536,0.9987969398498536,0.9979601524537431
3356,/home/yaxin/datasets/TacAct-original/16_9_R_6.xlsx,16,9,80,90.98957061767578,0.8539417386054993,672.8125,854.0,0.5340083837509155,8,8,1,0.9997641444206238,0.9997641444206238,0.9997641444206238,0.9996570308649098
3357,/home/yaxin/datasets/TacAct-original/16_9_R_7.xlsx,16,9,80,94.19001007080078,0.9110656976699829,666.2249755859375,866.0,0.523264467716217,8,8,1,0.9974513649940492,0.9974513649940492,0.9974513649940492,0.9955353726400064
3358,/home/yaxin/datasets/TacAct-original/16_9_R_8.xlsx,16,9,80,117.293212890625,0.941423773765564,668.8375244140625,863.0,0.550948977470398,8,8,1,0.9993138313293456,0.9993138313293456,0.9993138313293456,0.9988919025636278
3359,/home/yaxin/datasets/TacAct-original/16_9_R_9.xlsx,16,9,80,111.88605499267578,0.9250189661979675,676.5499877929688,853.0,0.5479435920715332,8,8,1,0.9997312426567078,0.9997312426567078,0.9997312426567078,0.9995641512941803
3840,/home/yaxin/datasets/TacAct-original/18_10_L_1.xlsx,18,10,80,135.8300323486328,0.9040802717208862,687.4375,871.0,0.51167231798172,9,9,1,0.9999839067459106,0.9999839067459106,0.9999839067459106,0.9999735953661002
3841,/home/yaxin/datasets/TacAct-original/18_10_L_10.xlsx,18,10,80,184.57115173339844,0.5651609301567078,631.8875122070312,798.0,0.4239136874675751,9,9,1,0.9999873638153076,0.9999873638153076,0.9999873638153076,0.999979148528837
3842,/home/yaxin/datasets/TacAct-original/18_10_L_11.xlsx,18,10,80,156.80380249023438,0.5979572534561157,643.6875,846.0,0.4606683552265167,9,9,1,0.9999884366989136,0.9999884366989136,0.9999884366989136,0.999981484646014
3843,/home/yaxin/datasets/TacAct-original/18_10_L_12.xlsx,18,10,80,199.04652404785156,0.6558411717414856,655.9500122070312,831.0,0.4583154022693634,9,9,1,0.99998939037323,0.99998939037323,0.99998939037323,0.9999825124564268
3844,/home/yaxin/datasets/TacAct-original/18_10_L_13.xlsx,18,10,80,195.6454620361328,0.589769721031189,660.4874877929688,831.0,0.45152366161346436,9,9,1,0.9999831914901732,0.9999831914901732,0.9999831914901732,0.9999718682620368
3845,/home/yaxin/datasets/TacAct-original/18_10_L_14.xlsx,18,10,80,188.79519653320312,0.7632584571838379,668.0999755859375,826.0,0.43854376673698425,9,9,1,0.9999222755432128,0.9999222755432128,0.9999222755432128,0.9998852314274699
3846,/home/yaxin/datasets/TacAct-original/18_10_L_15.xlsx,18,10,80,157.62049865722656,0.6490622758865356,651.5875244140625,815.0,0.4372086226940155,9,9,1,0.99993896484375,0.99993896484375,0.99993896484375,0.99990580249505
3847,/home/yaxin/datasets/TacAct-original/18_10_L_16.xlsx,18,10,80,176.83531188964844,0.645918071269989,648.625,844.0,0.46646758913993835,9,9,1,0.999893069267273,0.999893069267273,0.999893069267273,0.9997995076118968
3848,/home/yaxin/datasets/TacAct-original/18_10_L_17.xlsx,18,10,80,199.52731323242188,0.7900459170341492,680.5250244140625,905.0,0.5182008147239685,9,9,1,0.9999630451202391,0.9999630451202391,0.9999630451202391,0.9999466664867213
3849,/home/yaxin/datasets/TacAct-original/18_10_L_18.xlsx,18,10,80,110.25267791748047,0.5463643074035645,647.3499755859375,836.0,0.4245707392692566,9,9,1,0.9999924898147584,0.9999924898147584,0.9999924898147584,0.9999876736887928
3850,/home/yaxin/datasets/TacAct-original/18_10_L_19.xlsx,18,10,80,195.76544189453125,0.6969546675682068,660.7625122070312,846.0,0.5439357161521912,9,9,1,0.999984622001648,0.999984622001648,0.999984622001648,0.9999769459918753
3851,/home/yaxin/datasets/TacAct-original/18_10_L_2.xlsx,18,10,80,145.1813507080078,0.6622246503829956,667.4375,845.0,0.4962334930896759,9,9,1,0.9999852180480956,0.9999852180480956,0.9999852180480956,0.9999771828697702
3852,/home/yaxin/datasets/TacAct-original/18_10_L_20.xlsx,18,10,80,134.9757537841797,0.5651456713676453,640.9249877929688,863.0,0.462281733751297,9,9,1,0.9571940898895264,0.9571940898895264,0.9571940898895264,0.9339552819728851
3853,/home/yaxin/datasets/TacAct-original/18_10_L_3.xlsx,18,10,80,238.4724578857422,0.726204514503479,675.7999877929688,851.0,0.5156670808792114,9,9,1,0.999984860420227,0.999984860420227,0.999984860420227,0.9999743148773632
3854,/home/yaxin/datasets/TacAct-original/18_10_L_4.xlsx,18,10,80,114.33611297607422,0.5940360426902771,653.5625,830.0,0.44933173060417175,9,9,1,0.9999899864196776,0.9999899864196776,0.9999899864196776,0.9999840279187991
3855,/home/yaxin/datasets/TacAct-original/18_10_L_5.xlsx,18,10,80,175.5455322265625,0.7888951301574707,658.4874877929688,840.0,0.5646610260009766,9,9,1,0.999971866607666,0.999971866607666,0.999971866607666,0.9999609568631058
3856,/home/yaxin/datasets/TacAct-original/18_10_L_6.xlsx,18,10,80,145.57662963867188,0.7114364504814148,672.4249877929688,839.0,0.49926236271858215,9,9,1,0.999579131603241,0.999579131603241,0.999579131603241,0.9991993386938702
3857,/home/yaxin/datasets/TacAct-original/18_10_L_7.xlsx,18,10,80,202.463623046875,0.7122420072555542,668.2249755859375,854.0,0.48368462920188904,9,9,1,0.9999779462814332,0.9999779462814332,0.9999779462814332,0.9999662768832424
3858,/home/yaxin/datasets/TacAct-original/18_10_L_8.xlsx,18,10,80,221.0,0.8913387060165405,684.4625244140625,882.0,0.5884541273117065,9,9,1,0.9998495578765868,0.9998495578765868,0.9998495578765868,0.9997461680104606
3859,/home/yaxin/datasets/TacAct-original/18_10_L_9.xlsx,18,10,80,151.08700561523438,0.5885586738586426,652.3125,814.0,0.4325423538684845,9,9,1,0.9999865293502808,0.9999865293502808,0.9999865293502808,0.9999775669966766
3860,/home/yaxin/datasets/TacAct-original/18_10_R_1.xlsx,18,10,80,154.35374450683594,0.8288712501525879,713.9375,891.0,0.5828685760498047,9,9,1,0.9999827146530152,0.9999827146530152,0.9999827146530152,0.9999726701871624
3861,/home/yaxin/datasets/TacAct-original/18_10_R_10.xlsx,18,10,80,109.34744262695312,0.6629012823104858,681.1624755859375,837.0,0.4745107591152191,9,9,1,0.9999774694442748,0.9999774694442748,0.9999774694442748,0.9999692585388401
3862,/home/yaxin/datasets/TacAct-original/18_10_R_11.xlsx,18,10,80,162.52061462402344,0.7715688943862915,677.7000122070312,823.0,0.5202034115791321,9,9,1,0.9986101388931274,0.9986101388931274,0.9986101388931274,0.998183197079925
3863,/home/yaxin/datasets/TacAct-original/18_10_R_12.xlsx,18,10,80,154.69012451171875,0.791583240032196,687.0125122070312,847.0,0.555392324924469,9,9,1,0.9999858140945436,0.9999858140945436,0.9999858140945436,0.9999783027924424
3864,/home/yaxin/datasets/TacAct-original/18_10_R_13.xlsx,18,10,80,190.50375366210938,0.8333813548088074,704.6749877929688,851.0,0.5582001805305481,9,9,1,0.9999849796295166,0.9999849796295166,0.9999849796295166,0.9999775120313643
3865,/home/yaxin/datasets/TacAct-original/18_10_R_14.xlsx,18,10,80,210.59463500976562,0.7924509048461914,691.5625,847.0,0.5355252623558044,9,9,1,0.999992609024048,0.999992609024048,0.999992609024048,0.9999881847620601
3866,/home/yaxin/datasets/TacAct-original/18_10_R_15.xlsx,18,10,80,190.2879638671875,0.8254240155220032,702.1500244140625,861.0,0.48526909947395325,9,9,1,0.9999890327453612,0.9999890327453612,0.9999890327453612,0.9999827610331521
3867,/home/yaxin/datasets/TacAct-original/18_10_R_16.xlsx,18,10,80,170.0010986328125,0.7544869184494019,696.3875122070312,856.0,0.4958171248435974,9,9,1,0.999991774559021,0.999991774559021,0.999991774559021,0.9999865631089051
3868,/home/yaxin/datasets/TacAct-original/18_10_R_17.xlsx,18,10,80,127.2872543334961,0.7752752304077148,691.5625,862.0,0.5090631246566772,9,9,1,0.9999831914901732,0.9999831914901732,0.9999831914901732,0.9999758744984318
3869,/home/yaxin/datasets/TacAct-original/18_10_R_18.xlsx,18,10,80,236.63470458984375,0.8429956436157227,693.7750244140625,868.0,0.5438232421875,9,9,1,0.9772193431854248,0.9772193431854248,0.9772193431854248,0.955136051401496
3870,/home/yaxin/datasets/TacAct-original/18_10_R_19.xlsx,18,10,80,192.21229553222656,0.812440037727356,695.9375,863.0,0.5377393364906311,9,9,1,0.9999918937683104,0.9999918937683104,0.9999918937683104,0.9999872090529606
3871,/home/yaxin/datasets/TacAct-original/18_10_R_2.xlsx,18,10,80,166.14337158203125,0.7366539239883423,709.0250244140625,881.0,0.5276496410369873,9,9,1,0.9999788999557496,0.9999788999557496,0.9999788999557496,0.9999673869169784
3872,/home/yaxin/datasets/TacAct-original/18_10_R_20.xlsx,18,10,80,173.418212890625,0.7999904751777649,687.9000244140625,847.0,0.53831946849823,9,9,1,0.99529230594635,0.99529230594635,0.99529230594635,0.9920121394097805
3873,/home/yaxin/datasets/TacAct-original/18_10_R_3.xlsx,18,10,80,158.8955078125,0.7650311589241028,723.5250244140625,888.0,0.5430924892425537,9,9,1,0.9999923706054688,0.9999923706054688,0.9999923706054688,0.9999872668677199
3874,/home/yaxin/datasets/TacAct-original/18_10_R_4.xlsx,18,10,80,218.87197875976562,0.8826638460159302,722.3250122070312,889.0,0.5506282448768616,9,9,1,0.9999887943267822,0.9999887943267822,0.9999887943267822,0.999982406926847
3875,/home/yaxin/datasets/TacAct-original/18_10_R_5.xlsx,18,10,80,164.38821411132812,0.7564250230789185,690.8875122070312,844.0,0.5038092732429504,9,9,1,0.9996179342269896,0.9996179342269896,0.9996179342269896,0.9993494941736571
3876,/home/yaxin/datasets/TacAct-original/18_10_R_6.xlsx,18,10,80,227.9334716796875,0.6809170842170715,678.4500122070312,869.0,0.500211775302887,9,9,1,0.9999911785125732,0.9999911785125732,0.9999911785125732,0.9999854863049222
3877,/home/yaxin/datasets/TacAct-original/18_10_R_7.xlsx,18,10,80,222.14614868164062,0.8403231501579285,713.2750244140625,872.0,0.5508293509483337,9,9,1,0.9999879598617554,0.9999879598617554,0.9999879598617554,0.9999806520750099
3878,/home/yaxin/datasets/TacAct-original/18_10_R_8.xlsx,18,10,80,347.8714294433594,0.8495084643363953,699.1500244140625,846.0,0.5796859264373779,9,9,1,0.9999376535415648,0.9999376535415648,0.9999376535415648,0.9999075709893076
3879,/home/yaxin/datasets/TacAct-original/18_10_R_9.xlsx,18,10,80,190.50375366210938,0.7095695734024048,687.4249877929688,853.0,0.4920131266117096,9,9,1,0.9999837875366212,0.9999837875366212,0.9999837875366212,0.9999739793238406
3880,/home/yaxin/datasets/TacAct-original/18_11_L_1.xlsx,18,11,80,91.48395538330078,0.46988192200660706,566.5625,753.0,0.22300614416599274,10,10,1,0.9997044205665588,0.9997044205665588,0.9997044205665588,0.9994959496107185
3881,/home/yaxin/datasets/TacAct-original/18_11_L_10.xlsx,18,11,80,87.33475494384766,0.4831499457359314,580.1375122070312,782.0,0.24344949424266815,10,10,1,0.9994416832923888,0.9994416832923888,0.9994416832923888,0.9990130063961259
3882,/home/yaxin/datasets/TacAct-original/18_11_L_11.xlsx,18,11,80,85.0,0.43285951018333435,570.3624877929688,748.0,0.20318610966205597,10,10,1,0.9999594688415528,0.9999594688415528,0.9999594688415528,0.9999333027662943
3883,/home/yaxin/datasets/TacAct-original/18_11_L_12.xlsx,18,11,80,90.27037811279297,0.47855353355407715,598.0499877929688,804.0,0.22272221744060516,10,10,1,0.99933522939682,0.99933522939682,0.99933522939682,0.9988320700940676
3884,/home/yaxin/datasets/TacAct-original/18_11_L_13.xlsx,18,11,80,143.0,0.47291985154151917,573.9000244140625,766.0,0.23681606352329254,10,10,1,0.9996451139450072,0.9996451139450072,0.9996451139450072,0.9993871088954619
3885,/home/yaxin/datasets/TacAct-original/18_11_L_14.xlsx,18,11,80,179.0,0.4656004309654236,594.2374877929688,797.0,0.2125042974948883,10,10,1,0.9989612102508544,0.9989612102508544,0.9989612102508544,0.998162755917292
3886,/home/yaxin/datasets/TacAct-original/18_11_L_15.xlsx,18,11,80,163.0,0.46463698148727417,568.4874877929688,753.0,0.23749208450317383,10,10,1,0.9989621639251708,0.9989621639251708,0.9989621639251708,0.9981291812728159
3887,/home/yaxin/datasets/TacAct-original/18_11_L_16.xlsx,18,11,80,146.2527618408203,0.5082723498344421,565.8499755859375,781.0,0.2679343521595001,10,10,1,0.9991807341575624,0.9991807341575624,0.9991807341575624,0.998551036056597
3888,/home/yaxin/datasets/TacAct-original/18_11_L_17.xlsx,18,11,80,121.09440612792969,0.4947582185268402,584.0499877929688,782.0,0.2438686639070511,10,10,1,0.99943345785141,0.99943345785141,0.99943345785141,0.9989891561272091
3889,/home/yaxin/datasets/TacAct-original/18_11_L_18.xlsx,18,11,80,151.91844177246094,0.4663146138191223,574.5,768.0,0.23812754452228546,10,10,1,0.9990187883377076,0.9990187883377076,0.9990187883377076,0.9982607662677766
3890,/home/yaxin/datasets/TacAct-original/18_11_L_19.xlsx,18,11,80,166.91973876953125,0.542697012424469,582.3624877929688,778.0,0.28513824939727783,10,10,1,0.999262273311615,0.999262273311615,0.999262273311615,0.9986940757371486
3891,/home/yaxin/datasets/TacAct-original/18_11_L_2.xlsx,18,11,80,86.0,0.4903031885623932,600.6375122070312,766.0,0.2403019219636917,10,10,1,0.9995529055595398,0.9995529055595398,0.9995529055595398,0.9992213290242944
3892,/home/yaxin/datasets/TacAct-original/18_11_L_20.xlsx,18,11,80,93.47274017333984,0.4954041838645935,588.0625,779.0,0.25562983751296997,10,10,1,0.9994986057281494,0.9994986057281494,0.9994986057281494,0.9991176069597714
3893,/home/yaxin/datasets/TacAct-original/18_11_L_3.xlsx,18,11,80,117.0,0.49045395851135254,579.5625,763.0,0.23975922167301178,10,10,1,0.9997678399086,0.9997678399086,0.9997678399086,0.9996097487601221
3894,/home/yaxin/datasets/TacAct-original/18_11_L_4.xlsx,18,11,80,134.31216430664062,0.4695436954498291,568.4625244140625,751.0,0.23602379858493805,10,10,1,0.99960058927536,0.99960058927536,0.99960058927536,0.9993249689869116
3895,/home/yaxin/datasets/TacAct-original/18_11_L_5.xlsx,18,11,80,104.0,0.4045800268650055,570.1500244140625,731.0,0.20040038228034973,10,10,1,0.9993547797203064,0.9993547797203064,0.9993547797203064,0.99885629437631
3896,/home/yaxin/datasets/TacAct-original/18_11_L_6.xlsx,18,11,80,168.0,0.4179452955722809,572.9625244140625,752.0,0.21377500891685486,10,10,1,0.9994200468063354,0.9994200468063354,0.9994200468063354,0.9989806130761282
3897,/home/yaxin/datasets/TacAct-original/18_11_L_7.xlsx,18,11,80,102.0858154296875,0.4824925363063812,594.6749877929688,775.0,0.24356815218925476,10,10,1,0.9996728897094728,0.9996728897094728,0.9996728897094728,0.9994407844351374
3898,/home/yaxin/datasets/TacAct-original/18_11_L_8.xlsx,18,11,80,111.0,0.5021947622299194,597.9625244140625,791.0,0.23270723223686218,10,10,1,0.9999420642852784,0.9999420642852784,0.9999420642852784,0.9999033894309833
3899,/home/yaxin/datasets/TacAct-original/18_11_L_9.xlsx,18,11,80,118.0,0.45813292264938354,584.5750122070312,735.0,0.2340821623802185,10,10,1,0.9994903802871704,0.9994903802871704,0.9994903802871704,0.9991064556234052
3900,/home/yaxin/datasets/TacAct-original/18_11_R_1.xlsx,18,11,80,138.6192626953125,0.5103615522384644,589.5499877929688,737.0,0.2430119514465332,10,10,1,0.9995355606079102,0.9995355606079102,0.9995355606079102,0.9991936921433081
3901,/home/yaxin/datasets/TacAct-original/18_11_R_10.xlsx,18,11,80,107.51878356933594,0.49606209993362427,602.3250122070312,750.0,0.2218247950077057,10,10,1,0.999456822872162,0.999456822872162,0.999456822872162,0.9990530048962684
3902,/home/yaxin/datasets/TacAct-original/18_11_R_11.xlsx,18,11,80,89.74708557128906,0.5047839879989624,611.0999755859375,777.0,0.2418491095304489,10,10,1,0.9996464252471924,0.9996464252471924,0.9996464252471924,0.9993732357979753
3903,/home/yaxin/datasets/TacAct-original/18_11_R_12.xlsx,18,11,80,101.2764663696289,0.48208752274513245,597.7750244140625,743.0,0.21779067814350128,10,10,1,0.9996956586837769,0.9996956586837769,0.9996956586837769,0.9994593353185337
3904,/home/yaxin/datasets/TacAct-original/18_11_R_13.xlsx,18,11,80,59.74062728881836,0.46441107988357544,593.9249877929688,749.0,0.18987414240837097,10,10,1,0.999637246131897,0.999637246131897,0.999637246131897,0.9993640641332605
3905,/home/yaxin/datasets/TacAct-original/18_11_R_14.xlsx,18,11,80,72.61353302001953,0.4685853123664856,601.4249877929688,752.0,0.2081243246793747,10,10,1,0.9996864795684814,0.9996864795684814,0.9996864795684814,0.9994621313526295
3906,/home/yaxin/datasets/TacAct-original/18_11_R_15.xlsx,18,11,80,95.0785903930664,0.47629374265670776,595.6375122070312,728.0,0.22711504995822906,10,10,1,0.9997853636741638,0.9997853636741638,0.9997853636741638,0.9996254734724063
3907,/home/yaxin/datasets/TacAct-original/18_11_R_16.xlsx,18,11,80,85.75208282470703,0.49825620651245117,603.1124877929688,750.0,0.2295360118150711,10,10,1,0.9996274709701538,0.9996274709701538,0.9996274709701538,0.9993313242157456
3908,/home/yaxin/datasets/TacAct-original/18_11_R_17.xlsx,18,11,80,167.0576629638672,0.5137251615524292,596.3875122070312,734.0,0.2543438673019409,10,10,1,0.9997181296348572,0.9997181296348572,0.9997181296348572,0.9995165401051054
3909,/home/yaxin/datasets/TacAct-original/18_11_R_18.xlsx,18,11,80,152.0,0.5898798108100891,610.9874877929688,744.0,0.26375362277030945,10,10,1,0.9997844099998474,0.9997844099998474,0.9997844099998474,0.9996357932104729
3910,/home/yaxin/datasets/TacAct-original/18_11_R_19.xlsx,18,11,80,202.0,0.5318341851234436,595.2125244140625,730.0,0.2624002695083618,10,10,1,0.9995148181915284,0.9995148181915284,0.9995148181915284,0.9991407156630886
3911,/home/yaxin/datasets/TacAct-original/18_11_R_2.xlsx,18,11,80,107.17606353759766,0.471346378326416,606.2874755859375,759.0,0.21095781028270721,10,10,1,0.9997585415840148,0.9997585415840148,0.9997585415840148,0.9995956238853978
3912,/home/yaxin/datasets/TacAct-original/18_11_R_20.xlsx,18,11,80,114.38163757324219,0.4830702841281891,598.1749877929688,746.0,0.23782427608966827,10,10,1,0.9998583793640136,0.9998583793640136,0.9998583793640136,0.9997586593235609
3913,/home/yaxin/datasets/TacAct-original/18_11_R_3.xlsx,18,11,80,108.45221710205078,0.47168684005737305,586.2999877929688,753.0,0.21496425569057465,10,10,1,0.9998210072517396,0.9998210072517396,0.9998210072517396,0.9996930171910209
3914,/home/yaxin/datasets/TacAct-original/18_11_R_4.xlsx,18,11,80,127.75303649902344,0.4894530773162842,593.7374877929688,759.0,0.220342218875885,10,10,1,0.9998120665550232,0.9998120665550232,0.9998120665550232,0.999689375050366
3915,/home/yaxin/datasets/TacAct-original/18_11_R_5.xlsx,18,11,80,63.912330627441406,0.47563067078590393,596.9124755859375,750.0,0.2097633183002472,10,10,1,0.9994705319404602,0.9994705319404602,0.9994705319404602,0.9990618937299587
3916,/home/yaxin/datasets/TacAct-original/18_11_R_6.xlsx,18,11,80,96.3601303100586,0.5043932795524597,612.2000122070312,774.0,0.22965370118618011,10,10,1,0.9992021918296814,0.9992021918296814,0.9992021918296814,0.9985604940447957
3917,/home/yaxin/datasets/TacAct-original/18_11_R_7.xlsx,18,11,80,150.0,0.5290188789367676,597.6624755859375,763.0,0.24716895818710327,10,10,1,0.9994781613349916,0.9994781613349916,0.9994781613349916,0.9990983148163651
3918,/home/yaxin/datasets/TacAct-original/18_11_R_8.xlsx,18,11,80,86.28196716308594,0.4730897545814514,604.8624877929688,740.0,0.21589897572994232,10,10,1,0.9992536902427672,0.9992536902427672,0.9992536902427672,0.9986396461026742
3919,/home/yaxin/datasets/TacAct-original/18_11_R_9.xlsx,18,11,80,188.0,0.5921255350112915,597.0,759.0,0.25853094458580017,10,10,1,0.9997974038124084,0.9997974038124084,0.9997974038124084,0.9996587109635584
3920,/home/yaxin/datasets/TacAct-original/18_12_L_1.xlsx,18,12,80,260.565673828125,1.8866182565689087,743.4625244140625,939.0,1.2360297441482544,11,11,1,0.9999817609786988,0.9999817609786988,0.9999817609786988,0.999973925185259
3921,/home/yaxin/datasets/TacAct-original/18_12_L_10.xlsx,18,12,80,243.62576293945312,2.27663516998291,755.1624755859375,933.0,1.3080648183822632,11,11,1,0.9999679327011108,0.9999679327011108,0.9999679327011108,0.9999556731081611
3922,/home/yaxin/datasets/TacAct-original/18_12_L_11.xlsx,18,12,80,237.27099609375,1.8417819738388062,733.2374877929688,915.0,1.226773738861084,11,11,1,0.999980092048645,0.999980092048645,0.999980092048645,0.9999728318061898
3923,/home/yaxin/datasets/TacAct-original/18_12_L_12.xlsx,18,12,80,316.2162780761719,2.1591575145721436,748.375,912.0,1.3398869037628174,11,11,1,0.999952793121338,0.999952793121338,0.999952793121338,0.9999316431621993
3924,/home/yaxin/datasets/TacAct-original/18_12_L_13.xlsx,18,12,80,180.0,2.0422542095184326,744.8125,932.0,1.2308474779129028,11,11,1,0.9999347925186156,0.9999347925186156,0.9999347925186156,0.9999117973766259
3925,/home/yaxin/datasets/TacAct-original/18_12_L_14.xlsx,18,12,80,202.85572814941406,1.9266350269317627,745.0,933.0,1.134015679359436,11,11,1,0.9999874830245972,0.9999874830245972,0.9999874830245972,0.9999812033142916
3926,/home/yaxin/datasets/TacAct-original/18_12_L_15.xlsx,18,12,80,208.82208251953125,2.0437204837799072,738.9500122070312,946.0,1.0759159326553345,11,11,1,0.999977707862854,0.999977707862854,0.999977707862854,0.9999682510806451
3927,/home/yaxin/datasets/TacAct-original/18_12_L_16.xlsx,18,12,80,244.8334197998047,1.7609275579452515,744.4874877929688,925.0,1.2246943712234497,11,11,1,0.9999690055847168,0.9999690055847168,0.9999690055847168,0.9999555298909399
3928,/home/yaxin/datasets/TacAct-original/18_12_L_17.xlsx,18,12,80,289.0,1.9283885955810547,739.3875122070312,936.0,1.2136045694351196,11,11,1,0.999987244606018,0.999987244606018,0.999987244606018,0.9999807797594257
3929,/home/yaxin/datasets/TacAct-original/18_12_L_18.xlsx,18,12,80,198.19224548339844,1.8702366352081299,751.3250122070312,925.0,1.155243158340454,11,11,1,0.999975085258484,0.999975085258484,0.999975085258484,0.9999662580403311
3930,/home/yaxin/datasets/TacAct-original/18_12_L_19.xlsx,18,12,80,272.3648681640625,1.7808115482330322,742.9249877929688,925.0,1.1781821250915527,11,11,1,0.9999793767929076,0.9999793767929076,0.9999793767929076,0.9999715544272475
3931,/home/yaxin/datasets/TacAct-original/18_12_L_2.xlsx,18,12,80,244.47703552246094,2.2326111793518066,757.6124877929688,939.0,1.2657122611999512,11,11,1,0.9999721050262452,0.9999721050262452,0.9999721050262452,0.9999625346799804
3932,/home/yaxin/datasets/TacAct-original/18_12_L_20.xlsx,18,12,80,204.96441650390625,2.236497402191162,760.625,943.0,1.1469552516937256,11,11,1,0.999833345413208,0.999833345413208,0.999833345413208,0.9997217102863943
3933,/home/yaxin/datasets/TacAct-original/18_12_L_3.xlsx,18,12,80,245.77871704101562,2.31017804145813,757.4124755859375,935.0,1.3023645877838135,11,11,1,0.9999650716781616,0.9999650716781616,0.9999650716781616,0.9999535291817665
3934,/home/yaxin/datasets/TacAct-original/18_12_L_4.xlsx,18,12,80,275.4462585449219,1.9794771671295166,745.2374877929688,940.0,1.1952202320098877,11,11,1,0.9999719858169556,0.9999719858169556,0.9999719858169556,0.9999613264271829
3935,/home/yaxin/datasets/TacAct-original/18_12_L_5.xlsx,18,12,80,214.63253784179688,2.350039005279541,756.3499755859375,926.0,1.3226910829544067,11,11,1,0.999964475631714,0.999964475631714,0.999964475631714,0.9999522051330133
3936,/home/yaxin/datasets/TacAct-original/18_12_L_6.xlsx,18,12,80,306.0,2.0851523876190186,737.7374877929688,913.0,1.1202893257141113,11,11,1,0.9999865293502808,0.9999865293502808,0.9999865293502808,0.9999806994319442
3937,/home/yaxin/datasets/TacAct-original/18_12_L_7.xlsx,18,12,80,226.0,2.111074924468994,731.875,932.0,1.2585813999176025,11,11,1,0.9999731779098512,0.9999731779098512,0.9999731779098512,0.9999617821595167
3938,/home/yaxin/datasets/TacAct-original/18_12_L_8.xlsx,18,12,80,203.11813354492188,2.111721992492676,746.4874877929688,946.0,1.3082125186920166,11,11,1,0.9999662637710572,0.9999662637710572,0.9999662637710572,0.9999540122744294
3939,/home/yaxin/datasets/TacAct-original/18_12_L_9.xlsx,18,12,80,268.7740783691406,2.1277029514312744,739.6124877929688,911.0,1.1978676319122314,11,11,1,0.9999743700027466,0.9999743700027466,0.9999743700027466,0.9999651383941455
3940,/home/yaxin/datasets/TacAct-original/18_12_R_1.xlsx,18,12,80,244.0,1.736416220664978,700.5,925.0,1.184249997138977,11,11,1,0.9999758005142212,0.9999758005142212,0.9999758005142212,0.9999665951436327
3941,/home/yaxin/datasets/TacAct-original/18_12_R_10.xlsx,18,12,80,233.96881103515625,1.605486512184143,701.125,922.0,1.148962140083313,11,11,1,0.999992847442627,0.999992847442627,0.999992847442627,0.9999891990419201
3942,/home/yaxin/datasets/TacAct-original/18_12_R_11.xlsx,18,12,80,252.0,1.8049513101577759,695.4874877929688,938.0,1.3014241456985474,11,11,1,0.9999854564666748,0.9999854564666748,0.9999854564666748,0.9999786341118124
3943,/home/yaxin/datasets/TacAct-original/18_12_R_12.xlsx,18,12,80,254.0,2.1833715438842773,712.8250122070312,941.0,1.3963690996170044,11,11,1,0.99997878074646,0.99997878074646,0.99997878074646,0.9999703822295487
3944,/home/yaxin/datasets/TacAct-original/18_12_R_13.xlsx,18,12,80,242.8668670654297,2.034968137741089,697.0374755859375,921.0,1.3230061531066895,11,11,1,0.9999752044677734,0.9999752044677734,0.9999752044677734,0.9999668446489522
3945,/home/yaxin/datasets/TacAct-original/18_12_R_14.xlsx,18,12,80,211.8052520751953,2.5523033142089844,724.3250122070312,928.0,1.5560311079025269,11,11,1,0.9999186992645264,0.9999186992645264,0.9999186992645264,0.9998889813814458
3946,/home/yaxin/datasets/TacAct-original/18_12_R_15.xlsx,18,12,80,214.78842163085938,2.4592697620391846,726.6875,946.0,1.4768928289413452,11,11,1,0.9999234676361084,0.9999234676361084,0.9999234676361084,0.999887668822339
3947,/home/yaxin/datasets/TacAct-original/18_12_R_16.xlsx,18,12,80,267.0,2.375701665878296,742.4874877929688,938.0,1.317525029182434,11,11,1,0.9999616146087646,0.9999616146087646,0.9999616146087646,0.9999437665537698
3948,/home/yaxin/datasets/TacAct-original/18_12_R_17.xlsx,18,12,80,228.11785888671875,2.3508799076080322,747.0999755859375,937.0,1.3828279972076416,11,11,1,0.9999508857727052,0.9999508857727052,0.9999508857727052,0.9999272749264493
3949,/home/yaxin/datasets/TacAct-original/18_12_R_18.xlsx,18,12,80,231.0,2.1699893474578857,723.5625,923.0,1.394928216934204,11,11,1,0.9999567270278932,0.9999567270278932,0.9999567270278932,0.9999387666211988
3950,/home/yaxin/datasets/TacAct-original/18_12_R_19.xlsx,18,12,80,240.80068969726562,2.217987298965454,710.8250122070312,920.0,1.3684091567993164,11,11,1,0.9999058246612548,0.9999058246612548,0.9999058246612548,0.9998688478626717
3951,/home/yaxin/datasets/TacAct-original/18_12_R_2.xlsx,18,12,80,187.0,2.17301344871521,710.7999877929688,947.0,1.31612229347229,11,11,1,0.999964475631714,0.999964475631714,0.999964475631714,0.9999482911425731
3952,/home/yaxin/datasets/TacAct-original/18_12_R_20.xlsx,18,12,80,222.0,2.2801661491394043,725.5,940.0,1.3784388303756714,11,11,1,0.9999455213546752,0.9999455213546752,0.9999455213546752,0.999921694434306
3953,/home/yaxin/datasets/TacAct-original/18_12_R_3.xlsx,18,12,80,200.13034057617188,2.1367173194885254,721.5250244140625,936.0,1.3485667705535889,11,11,1,0.9999731779098512,0.9999731779098512,0.9999731779098512,0.9999612418241669
3954,/home/yaxin/datasets/TacAct-original/18_12_R_4.xlsx,18,12,80,213.0,2.018214702606201,702.7000122070312,925.0,1.2352607250213623,11,11,1,0.9999504089355468,0.9999504089355468,0.9999504089355468,0.9999252200686896
3955,/home/yaxin/datasets/TacAct-original/18_12_R_5.xlsx,18,12,80,215.0,1.9079065322875977,705.8250122070312,948.0,1.165046215057373,11,11,1,0.9999879598617554,0.9999879598617554,0.9999879598617554,0.9999826502457836
3956,/home/yaxin/datasets/TacAct-original/18_12_R_6.xlsx,18,12,80,227.0,1.7735849618911743,695.9749755859375,934.0,1.1578290462493896,11,11,1,0.9999788999557496,0.9999788999557496,0.9999788999557496,0.9999677923442506
3957,/home/yaxin/datasets/TacAct-original/18_12_R_7.xlsx,18,12,80,233.0,2.0348310470581055,712.9000244140625,921.0,1.2969881296157837,11,11,1,0.9999502897262572,0.9999502897262572,0.9999502897262572,0.9999342119499487
3958,/home/yaxin/datasets/TacAct-original/18_12_R_8.xlsx,18,12,80,243.0,1.7900464534759521,707.3375244140625,941.0,1.1994051933288574,11,11,1,0.99997878074646,0.99997878074646,0.99997878074646,0.9999702843078921
3959,/home/yaxin/datasets/TacAct-original/18_12_R_9.xlsx,18,12,80,283.4013977050781,1.8617284297943115,708.9000244140625,929.0,1.2391233444213867,11,11,1,0.9999561309814452,0.9999561309814452,0.9999561309814452,0.9999362980161094
3960,/home/yaxin/datasets/TacAct-original/18_1_L_1.xlsx,18,1,80,140.0,1.4817240238189697,626.0374755859375,774.0,0.3164583146572113,0,0,1,0.9999732971191406,0.9999732971191406,0.9999732971191406,0.9999597390351482
3961,/home/yaxin/datasets/TacAct-original/18_1_L_10.xlsx,18,1,80,218.4998016357422,1.7723289728164673,642.7874755859375,792.0,0.35441264510154724,0,0,1,0.9999709129333496,0.9999709129333496,0.9999709129333496,0.9999564511435892
3962,/home/yaxin/datasets/TacAct-original/18_1_L_11.xlsx,18,1,80,140.6071319580078,1.6864252090454102,619.2125244140625,769.0,0.305421382188797,0,0,1,0.999974012374878,0.999974012374878,0.999974012374878,0.9999613609970767
3963,/home/yaxin/datasets/TacAct-original/18_1_L_12.xlsx,18,1,80,156.39096069335938,2.1760196685791016,649.5499877929688,806.0,0.4148392379283905,0,0,1,0.9999696016311646,0.9999696016311646,0.9999696016311646,0.9999566512196907
3964,/home/yaxin/datasets/TacAct-original/18_1_L_13.xlsx,18,1,80,151.1474151611328,2.170520782470703,655.7750244140625,814.0,0.3792955279350281,0,0,1,0.999963879585266,0.999963879585266,0.999963879585266,0.9999450717841681
3965,/home/yaxin/datasets/TacAct-original/18_1_L_14.xlsx,18,1,80,155.6569366455078,1.9893310070037842,637.875,789.0,0.36271095275878906,0,0,1,0.9999743700027466,0.9999743700027466,0.9999743700027466,0.9999638062909071
3966,/home/yaxin/datasets/TacAct-original/18_1_L_15.xlsx,18,1,80,136.0,1.8944339752197266,639.0999755859375,801.0,0.3605554699897766,0,0,1,0.9999716281890868,0.9999716281890868,0.9999716281890868,0.9999609954247716
3967,/home/yaxin/datasets/TacAct-original/18_1_L_16.xlsx,18,1,80,142.74072265625,1.5373786687850952,616.3624877929688,773.0,0.29649627208709717,0,0,1,0.999974489212036,0.999974489212036,0.999974489212036,0.9999614078687954
3968,/home/yaxin/datasets/TacAct-original/18_1_L_17.xlsx,18,1,80,125.0,1.660917043685913,633.2125244140625,803.0,0.3271508812904358,0,0,1,0.999976396560669,0.999976396560669,0.999976396560669,0.99996815738632
3969,/home/yaxin/datasets/TacAct-original/18_1_L_18.xlsx,18,1,80,124.0,1.5265181064605713,610.4500122070312,764.0,0.3172151744365692,0,0,1,0.9999696016311646,0.9999696016311646,0.9999696016311646,0.9999596788984491
3970,/home/yaxin/datasets/TacAct-original/18_1_L_19.xlsx,18,1,80,233.68185424804688,1.4549669027328491,612.7249755859375,799.0,0.3723422884941101,0,0,1,0.9999747276306152,0.9999747276306152,0.9999747276306152,0.9999609240803693
3971,/home/yaxin/datasets/TacAct-original/18_1_L_2.xlsx,18,1,80,126.4329833984375,1.6891651153564453,645.5750122070312,777.0,0.3380756080150604,0,0,1,0.9999562501907348,0.9999562501907348,0.9999562501907348,0.9999428125011035
3972,/home/yaxin/datasets/TacAct-original/18_1_L_20.xlsx,18,1,80,152.1417999267578,1.8834240436553955,647.25,809.0,0.37234896421432495,0,0,1,0.9999741315841676,0.9999741315841676,0.9999741315841676,0.9999637247356078
3973,/home/yaxin/datasets/TacAct-original/18_1_L_3.xlsx,18,1,80,145.52346801757812,1.6087669134140015,613.25,760.0,0.3372611999511719,0,0,1,0.9999706745147704,0.9999706745147704,0.9999706745147704,0.9999542221139562
3974,/home/yaxin/datasets/TacAct-original/18_1_L_4.xlsx,18,1,80,179.9847412109375,1.4527332782745361,597.2750244140625,774.0,0.3093581795692444,0,0,1,0.9999709129333496,0.9999709129333496,0.9999709129333496,0.9999540918324783
3975,/home/yaxin/datasets/TacAct-original/18_1_L_5.xlsx,18,1,80,137.65733337402344,1.5252236127853394,620.6749877929688,758.0,0.31908130645751953,0,0,1,0.9999793767929076,0.9999793767929076,0.9999793767929076,0.9999679582242605
3976,/home/yaxin/datasets/TacAct-original/18_1_L_6.xlsx,18,1,80,144.18667602539062,1.4976067543029785,622.1375122070312,774.0,0.283130019903183,0,0,1,0.9999715089797974,0.9999715089797974,0.9999715089797974,0.99995722433232
3977,/home/yaxin/datasets/TacAct-original/18_1_L_7.xlsx,18,1,80,200.36087036132812,1.5594335794448853,622.5374755859375,768.0,0.31235381960868835,0,0,1,0.9999713897705078,0.9999713897705078,0.9999713897705078,0.9999606961346217
3978,/home/yaxin/datasets/TacAct-original/18_1_L_8.xlsx,18,1,80,187.0,1.699465036392212,643.2125244140625,758.0,0.3054012358188629,0,0,1,0.9999566078186036,0.9999566078186036,0.9999566078186036,0.9999313764092223
3979,/home/yaxin/datasets/TacAct-original/18_1_L_9.xlsx,18,1,80,164.20553588867188,1.5854743719100952,647.2249755859375,792.0,0.28771889209747314,0,0,1,0.9999711513519288,0.9999711513519288,0.9999711513519288,0.9999577340668112
3980,/home/yaxin/datasets/TacAct-original/18_1_R_1.xlsx,18,1,80,186.32901000976562,1.632422685623169,621.6124877929688,775.0,0.30752530694007874,0,0,1,0.9999333620071412,0.9999333620071412,0.9999333620071412,0.9999010400715634
3981,/home/yaxin/datasets/TacAct-original/18_1_R_10.xlsx,18,1,80,150.0,1.5489275455474854,653.0625,801.0,0.32729604840278625,0,0,1,0.9999547004699708,0.9999547004699708,0.9999547004699708,0.9999348234141509
3982,/home/yaxin/datasets/TacAct-original/18_1_R_11.xlsx,18,1,80,207.0,1.1982591152191162,604.5750122070312,748.0,0.2858601212501526,0,0,1,0.9999247789382936,0.9999247789382936,0.9999247789382936,0.9998987398303144
3983,/home/yaxin/datasets/TacAct-original/18_1_R_12.xlsx,18,1,80,191.0,1.57815420627594,622.1875,775.0,0.3286694884300232,0,0,1,0.9999394416809082,0.9999394416809082,0.9999394416809082,0.9999095304592629
3984,/home/yaxin/datasets/TacAct-original/18_1_R_13.xlsx,18,1,80,279.4090270996094,1.346287727355957,619.5625,778.0,0.289024293422699,0,0,1,0.9999227523803712,0.9999227523803712,0.9999227523803712,0.9998798231608818
3985,/home/yaxin/datasets/TacAct-original/18_1_R_14.xlsx,18,1,80,245.81666564941406,1.3924157619476318,635.9375,753.0,0.29574158787727356,0,0,1,0.9993879795074464,0.9993879795074464,0.9993879795074464,0.9989663900632879
3986,/home/yaxin/datasets/TacAct-original/18_1_R_15.xlsx,18,1,80,157.0,1.199540376663208,584.4874877929688,731.0,0.29253676533699036,0,0,1,0.9996609687805176,0.9996609687805176,0.9996609687805176,0.9995070197910537
3987,/home/yaxin/datasets/TacAct-original/18_1_R_16.xlsx,18,1,80,208.0,1.619847059249878,597.375,755.0,0.3160691559314728,0,0,1,0.9998828172683716,0.9998828172683716,0.9998828172683716,0.9998354733652377
3988,/home/yaxin/datasets/TacAct-original/18_1_R_17.xlsx,18,1,80,276.2979431152344,1.6317437887191772,607.2999877929688,760.0,0.31158098578453064,0,0,1,0.9998242259025574,0.9998242259025574,0.9998242259025574,0.9997165679305908
3989,/home/yaxin/datasets/TacAct-original/18_1_R_18.xlsx,18,1,80,157.32266235351562,1.3887405395507812,602.1124877929688,739.0,0.2863557040691376,0,0,1,0.9996966123580932,0.9996966123580932,0.9996966123580932,0.9994952275883405
3990,/home/yaxin/datasets/TacAct-original/18_1_R_19.xlsx,18,1,80,151.0,1.12613046169281,594.7000122070312,733.0,0.2600310742855072,0,0,1,0.9998084902763368,0.9998084902763368,0.9998084902763368,0.9997511566034519
3991,/home/yaxin/datasets/TacAct-original/18_1_R_2.xlsx,18,1,80,168.26390075683594,1.6695053577423096,610.0,787.0,0.31295058131217957,0,0,1,0.999923586845398,0.999923586845398,0.999923586845398,0.99988834431133
3992,/home/yaxin/datasets/TacAct-original/18_1_R_20.xlsx,18,1,80,271.46868896484375,1.751037359237671,647.5250244140625,777.0,0.31850045919418335,0,0,1,0.9998639822006226,0.9998639822006226,0.9998639822006226,0.999798694436322
3993,/home/yaxin/datasets/TacAct-original/18_1_R_3.xlsx,18,1,80,174.0,1.6084816455841064,616.4874877929688,766.0,0.3259572982788086,0,0,1,0.99992835521698,0.99992835521698,0.99992835521698,0.9999005585650593
3994,/home/yaxin/datasets/TacAct-original/18_1_R_4.xlsx,18,1,80,201.86134338378906,1.4288219213485718,620.8624877929688,783.0,0.29233893752098083,0,0,1,0.999922513961792,0.999922513961792,0.999922513961792,0.9998807487500017
3995,/home/yaxin/datasets/TacAct-original/18_1_R_5.xlsx,18,1,80,214.0,1.6177711486816406,601.8125,756.0,0.324278324842453,0,0,1,0.9999293088912964,0.9999293088912964,0.9999293088912964,0.999897810346738
3996,/home/yaxin/datasets/TacAct-original/18_1_R_6.xlsx,18,1,80,168.0520477294922,1.4838762283325195,637.2125244140625,798.0,0.3180205821990967,0,0,1,0.999931812286377,0.999931812286377,0.999931812286377,0.9999072985792736
3997,/home/yaxin/datasets/TacAct-original/18_1_R_7.xlsx,18,1,80,194.0,1.8866729736328125,639.0499877929688,808.0,0.33735960721969604,0,0,1,0.9999445676803588,0.9999445676803588,0.9999445676803588,0.9999170016471907
3998,/home/yaxin/datasets/TacAct-original/18_1_R_8.xlsx,18,1,80,203.53619384765625,2.1349003314971924,632.4249877929688,805.0,0.4035360813140869,0,0,1,0.9999103546142578,0.9999103546142578,0.9999103546142578,0.9998568327682733
3999,/home/yaxin/datasets/TacAct-original/18_1_R_9.xlsx,18,1,80,136.0,1.6195001602172852,634.5374755859375,779.0,0.3197321593761444,0,0,1,0.9999330043792723,0.9999330043792723,0.9999330043792723,0.9999008465165388
4000,/home/yaxin/datasets/TacAct-original/18_2_L_1.xlsx,18,2,80,208.9119110107422,0.8984583020210266,596.6500244140625,740.0,0.24616976082324982,1,1,1,0.9998939037322998,0.9998939037322998,0.9998939037322998,0.9998341342252388
4001,/home/yaxin/datasets/TacAct-original/18_2_L_10.xlsx,18,2,80,386.8180236816406,1.0279769897460938,600.5374755859375,755.0,0.2546888291835785,1,1,1,0.999974489212036,0.999974489212036,0.999974489212036,0.9999593801039736
4002,/home/yaxin/datasets/TacAct-original/18_2_L_11.xlsx,18,2,80,275.0830993652344,1.8394839763641357,625.4124755859375,782.0,0.3207074999809265,1,1,1,0.9998414516448976,0.9998414516448976,0.9998414516448976,0.9997244856422187
4003,/home/yaxin/datasets/TacAct-original/18_2_L_12.xlsx,18,2,80,291.0,1.3638982772827148,657.2125244140625,854.0,0.3041965365409851,1,1,1,0.9999732971191406,0.9999732971191406,0.9999732971191406,0.999957589807309
4004,/home/yaxin/datasets/TacAct-original/18_2_L_13.xlsx,18,2,80,251.0,1.0103353261947632,612.4749755859375,778.0,0.2605649530887604,1,1,1,0.9999741315841676,0.9999741315841676,0.9999741315841676,0.9999588052869514
4005,/home/yaxin/datasets/TacAct-original/18_2_L_14.xlsx,18,2,80,250.58648681640625,0.9488817453384399,626.4000244140625,796.0,0.2813017964363098,1,1,1,0.9999768733978271,0.9999768733978271,0.9999768733978271,0.9999636287702742
4006,/home/yaxin/datasets/TacAct-original/18_2_L_15.xlsx,18,2,80,233.68185424804688,1.4783016443252563,634.0,803.0,0.2928965091705322,1,1,1,0.9999394416809082,0.9999394416809082,0.9999394416809082,0.9999035026921774
4007,/home/yaxin/datasets/TacAct-original/18_2_L_16.xlsx,18,2,80,292.0,1.607128381729126,671.5374755859375,824.0,0.31414586305618286,1,1,1,0.9999769926071168,0.9999769926071168,0.9999769926071168,0.9999649540222891
4008,/home/yaxin/datasets/TacAct-original/18_2_L_17.xlsx,18,2,80,204.0,1.3494691848754883,641.3250122070312,759.0,0.28440022468566895,1,1,1,0.999971866607666,0.999971866607666,0.999971866607666,0.9999621201450282
4009,/home/yaxin/datasets/TacAct-original/18_2_L_18.xlsx,18,2,80,317.0,1.5487511157989502,627.3250122070312,795.0,0.31358852982521057,1,5,0,0.9990045428276062,0.0003772111085709,0.9990045428276062,0.9986273317190353
4010,/home/yaxin/datasets/TacAct-original/18_2_L_19.xlsx,18,2,80,259.10595703125,1.2730119228363037,644.7750244140625,808.0,0.28516536951065063,1,1,1,0.9999587535858154,0.9999587535858154,0.9999587535858154,0.9999426126705657
4011,/home/yaxin/datasets/TacAct-original/18_2_L_2.xlsx,18,2,80,284.3957824707031,1.1430057287216187,597.625,774.0,0.2790810763835907,1,5,0,0.99993097782135,3.622559597715736e-05,0.99993097782135,0.9998947522253728
4012,/home/yaxin/datasets/TacAct-original/18_2_L_20.xlsx,18,2,80,263.5135803222656,1.3345876932144165,644.8375244140625,780.0,0.27878010272979736,1,1,1,0.9999698400497437,0.9999698400497437,0.9999698400497437,0.9999554985070063
4013,/home/yaxin/datasets/TacAct-original/18_2_L_3.xlsx,18,2,80,184.0,0.9551143646240234,571.3875122070312,699.0,0.26002711057662964,1,1,1,0.9999788999557496,0.9999788999557496,0.9999788999557496,0.9999691943012295
4014,/home/yaxin/datasets/TacAct-original/18_2_L_4.xlsx,18,2,80,286.3845520019531,1.0883033275604248,580.1124877929688,753.0,0.2542356848716736,1,5,0,0.9997655749320984,0.0001717403356451,0.9997655749320984,0.9995938345964532
4015,/home/yaxin/datasets/TacAct-original/18_2_L_5.xlsx,18,2,80,188.0,1.1579668521881104,607.9500122070312,785.0,0.29646649956703186,1,5,0,0.9981326460838318,0.0017580296844244,0.9981326460838318,0.9963746163994074
4016,/home/yaxin/datasets/TacAct-original/18_2_L_6.xlsx,18,2,80,315.2218933105469,1.3669037818908691,618.125,791.0,0.289447158575058,1,5,0,0.9998492002487184,9.537587902741508e-05,0.9998492002487184,0.999753824369691
4017,/home/yaxin/datasets/TacAct-original/18_2_L_7.xlsx,18,2,80,235.0,1.3248271942138672,658.2874755859375,826.0,0.29776257276535034,1,5,0,0.9999715089797974,6.1163555074017495e-06,0.9999715089797974,0.9999586032727166
4018,/home/yaxin/datasets/TacAct-original/18_2_L_8.xlsx,18,2,80,267.07159423828125,0.8298566937446594,561.2625122070312,727.0,0.24176575243473053,1,1,1,0.9999573230743408,0.9999573230743408,0.9999573230743408,0.9999401080858661
4019,/home/yaxin/datasets/TacAct-original/18_2_L_9.xlsx,18,2,80,344.0,1.3265953063964844,578.0625,737.0,0.25670987367630005,1,5,0,0.9999449253082277,2.135251634172164e-05,0.9999449253082277,0.9999235727918859
4020,/home/yaxin/datasets/TacAct-original/18_2_R_1.xlsx,18,2,80,178.95452880859375,0.9091628193855286,560.6124877929688,721.0,0.25458651781082153,1,1,1,0.999963402748108,0.999963402748108,0.999963402748108,0.9999468179194083
4021,/home/yaxin/datasets/TacAct-original/18_2_R_10.xlsx,18,2,80,218.7659912109375,1.0630563497543335,584.7249755859375,730.0,0.2558034062385559,1,1,1,0.999962568283081,0.999962568283081,0.999962568283081,0.9999476040020454
4022,/home/yaxin/datasets/TacAct-original/18_2_R_11.xlsx,18,2,80,251.0,1.2353613376617432,602.7874755859375,775.0,0.25890490412712097,1,1,1,0.9996540546417236,0.9996540546417236,0.9996540546417236,0.9994462973700138
4023,/home/yaxin/datasets/TacAct-original/18_2_R_12.xlsx,18,2,80,190.75372314453125,0.9908803105354309,584.0499877929688,737.0,0.25514331459999084,1,5,0,0.9998891353607178,4.728008207166568e-05,0.9998891353607178,0.9998418552786461
4024,/home/yaxin/datasets/TacAct-original/18_2_R_13.xlsx,18,2,80,294.3396911621094,1.0734621286392212,593.0,727.0,0.26514124870300293,1,1,1,0.999750792980194,0.999750792980194,0.999750792980194,0.9996426435318426
4025,/home/yaxin/datasets/TacAct-original/18_2_R_14.xlsx,18,2,80,243.0,1.0341037511825562,573.2249755859375,721.0,0.2429656982421875,1,1,1,0.9999489784240724,0.9999489784240724,0.9999489784240724,0.9999275490336005
4026,/home/yaxin/datasets/TacAct-original/18_2_R_15.xlsx,18,2,80,235.67062377929688,1.0006335973739624,604.2249755859375,729.0,0.24152429401874542,1,1,1,0.9999549388885498,0.9999549388885498,0.9999549388885498,0.9999275625359587
4027,/home/yaxin/datasets/TacAct-original/18_2_R_16.xlsx,18,2,80,205.0,0.8821111917495728,572.0125122070312,725.0,0.24004551768302917,1,1,1,0.9998492002487184,0.9998492002487184,0.9998492002487184,0.9997758314639215
4028,/home/yaxin/datasets/TacAct-original/18_2_R_17.xlsx,18,2,80,206.8332977294922,0.7876994013786316,560.0250244140625,709.0,0.2383500635623932,1,5,0,0.99987530708313,2.8412914616637863e-05,0.99987530708313,0.9998260798383855
4029,/home/yaxin/datasets/TacAct-original/18_2_R_18.xlsx,18,2,80,209.8572235107422,1.068459391593933,581.2000122070312,720.0,0.2664183974266052,1,1,1,0.9999539852142334,0.9999539852142334,0.9999539852142334,0.999928346464003
4030,/home/yaxin/datasets/TacAct-original/18_2_R_19.xlsx,18,2,80,234.9356231689453,0.929827868938446,564.5875244140625,729.0,0.23327754437923431,1,1,1,0.9999643564224244,0.9999643564224244,0.9999643564224244,0.9999478568461201
4031,/home/yaxin/datasets/TacAct-original/18_2_R_2.xlsx,18,2,80,194.0,0.937299907207489,566.9000244140625,720.0,0.24347658455371857,1,1,1,0.99995219707489,0.99995219707489,0.99995219707489,0.9999230183038889
4032,/home/yaxin/datasets/TacAct-original/18_2_R_20.xlsx,18,2,80,216.31866455078125,0.9087244272232056,587.1375122070312,748.0,0.2301294356584549,1,1,1,0.9999531507492064,0.9999531507492064,0.9999531507492064,0.9999360582951339
4033,/home/yaxin/datasets/TacAct-original/18_2_R_3.xlsx,18,2,80,286.0,0.9875346422195435,557.1875,689.0,0.24957583844661713,1,1,1,0.9999525547027588,0.9999525547027588,0.9999525547027588,0.9999302218639059
4034,/home/yaxin/datasets/TacAct-original/18_2_R_4.xlsx,18,2,80,156.11936950683594,0.7942671775817871,603.7125244140625,770.0,0.2397369146347046,1,1,1,0.9999562501907348,0.9999562501907348,0.9999562501907348,0.9999383305639639
4035,/home/yaxin/datasets/TacAct-original/18_2_R_5.xlsx,18,2,80,256.0,0.9277498126029968,556.4375,692.0,0.2303665280342102,1,1,1,0.9999395608901978,0.9999395608901978,0.9999395608901978,0.9999141135594982
4036,/home/yaxin/datasets/TacAct-original/18_2_R_6.xlsx,18,2,80,172.0296173095703,1.0103740692138672,556.6500244140625,718.0,0.2493673861026764,1,1,1,0.9999531507492064,0.9999531507492064,0.9999531507492064,0.9999338193865696
4037,/home/yaxin/datasets/TacAct-original/18_2_R_7.xlsx,18,2,80,202.5529327392578,0.9997963905334473,558.3250122070312,726.0,0.24049019813537598,1,1,1,0.9999446868896484,0.9999446868896484,0.9999446868896484,0.9999233344788081
4038,/home/yaxin/datasets/TacAct-original/18_2_R_8.xlsx,18,2,80,224.18479919433594,0.920324444770813,573.1624755859375,740.0,0.238616943359375,1,1,1,0.9999499320983888,0.9999499320983888,0.9999499320983888,0.9999261285320246
4039,/home/yaxin/datasets/TacAct-original/18_2_R_9.xlsx,18,2,80,257.6158752441406,1.2549580335617065,626.4124755859375,822.0,0.3468025326728821,1,1,1,0.9999405145645142,0.9999405145645142,0.9999405145645142,0.9999113603880687
4040,/home/yaxin/datasets/TacAct-original/18_3_L_1.xlsx,18,3,80,84.0,1.984326720237732,641.9749755859375,774.0,0.3121589124202728,2,2,1,0.9999552965164183,0.9999552965164183,0.9999552965164183,0.999937280330414
4041,/home/yaxin/datasets/TacAct-original/18_3_L_10.xlsx,18,3,80,128.0,1.9578994512557983,634.5999755859375,771.0,0.2944042980670929,2,2,1,0.9999737739562988,0.9999737739562988,0.9999737739562988,0.9999640217101842
4042,/home/yaxin/datasets/TacAct-original/18_3_L_11.xlsx,18,3,80,166.0,2.463324785232544,643.1875,782.0,0.34756284952163696,2,2,1,0.999966025352478,0.999966025352478,0.999966025352478,0.9999519915600104
4043,/home/yaxin/datasets/TacAct-original/18_3_L_12.xlsx,18,3,80,90.46053314208984,2.47837233543396,639.5750122070312,787.0,0.35424375534057617,2,2,1,0.9999524354934692,0.9999524354934692,0.9999524354934692,0.9999346305103245
4044,/home/yaxin/datasets/TacAct-original/18_3_L_13.xlsx,18,3,80,113.0,2.3783230781555176,640.7000122070312,783.0,0.3393603563308716,2,2,1,0.9999504089355468,0.9999504089355468,0.9999504089355468,0.9999285560661518
4045,/home/yaxin/datasets/TacAct-original/18_3_L_14.xlsx,18,3,80,149.0,2.498983383178711,652.6124877929688,805.0,0.3739434778690338,2,2,1,0.999970316886902,0.999970316886902,0.999970316886902,0.9999589214294248
4046,/home/yaxin/datasets/TacAct-original/18_3_L_15.xlsx,18,3,80,118.0,2.6297643184661865,655.9749755859375,797.0,0.35382091999053955,2,2,1,0.9999655485153198,0.9999655485153198,0.9999655485153198,0.9999528959788222
4047,/home/yaxin/datasets/TacAct-original/18_3_L_16.xlsx,18,3,80,134.0,2.487653970718384,674.0875244140625,820.0,0.35282742977142334,2,2,1,0.9999712705612184,0.9999712705612184,0.9999712705612184,0.9999602442385368
4048,/home/yaxin/datasets/TacAct-original/18_3_L_17.xlsx,18,3,80,115.0,2.159637928009033,650.1500244140625,775.0,0.313585102558136,2,2,1,0.9999747276306152,0.9999747276306152,0.9999747276306152,0.9999653793756806
4049,/home/yaxin/datasets/TacAct-original/18_3_L_18.xlsx,18,3,80,139.0,2.17095685005188,629.4625244140625,763.0,0.31186383962631226,2,2,1,0.9999679327011108,0.9999679327011108,0.9999679327011108,0.9999542576897511
4050,/home/yaxin/datasets/TacAct-original/18_3_L_19.xlsx,18,3,80,107.0,1.9744987487792969,624.5499877929688,755.0,0.3272605538368225,2,2,1,0.9999548196792604,0.9999548196792604,0.9999548196792604,0.999938486447718
4051,/home/yaxin/datasets/TacAct-original/18_3_L_2.xlsx,18,3,80,124.71891021728516,1.632656455039978,615.0625,758.0,0.29426857829093933,2,2,1,0.999931812286377,0.999931812286377,0.999931812286377,0.9998963568468753
4052,/home/yaxin/datasets/TacAct-original/18_3_L_20.xlsx,18,3,80,153.1361846923828,2.41464900970459,655.4500122070312,792.0,0.3161733150482178,2,2,1,0.9999475479125975,0.9999475479125975,0.9999475479125975,0.9999226580366666
4053,/home/yaxin/datasets/TacAct-original/18_3_L_3.xlsx,18,3,80,117.33811950683594,2.2198023796081543,626.2249755859375,748.0,0.3205966055393219,2,2,1,0.999959111213684,0.999959111213684,0.999959111213684,0.999942472531984
4054,/home/yaxin/datasets/TacAct-original/18_3_L_4.xlsx,18,3,80,114.05892944335938,2.156414747238159,613.5374755859375,775.0,0.30871957540512085,2,2,1,0.9999572038650512,0.9999572038650512,0.9999572038650512,0.9999374936087405
4055,/home/yaxin/datasets/TacAct-original/18_3_L_5.xlsx,18,3,80,112.57377624511719,2.291255474090576,631.8624877929688,767.0,0.3181491792201996,2,2,1,0.9999624490737916,0.9999624490737916,0.9999624490737916,0.9999486149072255
4056,/home/yaxin/datasets/TacAct-original/18_3_L_6.xlsx,18,3,80,113.36055755615234,1.998048186302185,634.0999755859375,765.0,0.32627636194229126,2,2,1,0.9999736547470092,0.9999736547470092,0.9999736547470092,0.9999643069477314
4057,/home/yaxin/datasets/TacAct-original/18_3_L_7.xlsx,18,3,80,102.48220825195312,1.9370956420898438,634.4500122070312,771.0,0.3076561987400055,2,2,1,0.9999545812606812,0.9999545812606812,0.9999545812606812,0.9999365981821029
4058,/home/yaxin/datasets/TacAct-original/18_3_L_8.xlsx,18,3,80,128.58616638183594,2.3464200496673584,636.5,773.0,0.30665236711502075,2,2,1,0.9999666213989258,0.9999666213989258,0.9999666213989258,0.9999521618092331
4059,/home/yaxin/datasets/TacAct-original/18_3_L_9.xlsx,18,3,80,88.0,2.045036792755127,639.9749755859375,772.0,0.31290799379348755,2,2,1,0.9999572038650512,0.9999572038650512,0.9999572038650512,0.9999383900558313
4060,/home/yaxin/datasets/TacAct-original/18_3_R_1.xlsx,18,3,80,130.0,2.711374282836914,638.8250122070312,810.0,0.3647119104862213,2,2,1,0.9997177720069884,0.9997177720069884,0.9997177720069884,0.9995117571234005
4061,/home/yaxin/datasets/TacAct-original/18_3_R_10.xlsx,18,3,80,113.36055755615234,2.0961763858795166,612.0374755859375,727.0,0.30863678455352783,2,2,1,0.9998881816864014,0.9998881816864014,0.9998881816864014,0.9998457136316574
4062,/home/yaxin/datasets/TacAct-original/18_3_R_11.xlsx,18,3,80,153.0,2.2476742267608643,612.2750244140625,763.0,0.3388318717479706,2,2,1,0.9998840093612672,0.9998840093612672,0.9998840093612672,0.9998247485928006
4063,/home/yaxin/datasets/TacAct-original/18_3_R_12.xlsx,18,3,80,102.0,2.6117382049560547,636.8250122070312,791.0,0.35198143124580383,2,2,1,0.9999264478683472,0.9999264478683472,0.9999264478683472,0.9999002066142566
4064,/home/yaxin/datasets/TacAct-original/18_3_R_13.xlsx,18,3,80,117.0,1.9462766647338867,615.2750244140625,743.0,0.29595643281936646,2,2,1,0.9998670816421508,0.9998670816421508,0.9998670816421508,0.9998109502048463
4065,/home/yaxin/datasets/TacAct-original/18_3_R_14.xlsx,18,3,80,158.0,2.229253053665161,633.1375122070312,780.0,0.33088016510009766,2,2,1,0.9999375343322754,0.9999375343322754,0.9999375343322754,0.9999128619365365
4066,/home/yaxin/datasets/TacAct-original/18_3_R_15.xlsx,18,3,80,95.46151733398438,2.582399845123291,639.5999755859375,782.0,0.3444744646549225,2,2,1,0.99988853931427,0.99988853931427,0.99988853931427,0.9998428213839361
4067,/home/yaxin/datasets/TacAct-original/18_3_R_16.xlsx,18,3,80,111.37177276611328,3.475264072418213,643.6500244140625,801.0,0.42277759313583374,2,6,0,0.9987267851829528,3.3423752029193565e-05,0.9987267851829528,0.9977886684355326
4068,/home/yaxin/datasets/TacAct-original/18_3_R_17.xlsx,18,3,80,93.0,2.139058828353882,625.6875,756.0,0.30643612146377563,2,2,1,0.9999321699142456,0.9999321699142456,0.9999321699142456,0.9999068129382067
4069,/home/yaxin/datasets/TacAct-original/18_3_R_18.xlsx,18,3,80,166.0,1.89763605594635,609.2750244140625,760.0,0.29718390107154846,2,2,1,0.9998733997344972,0.9998733997344972,0.9998733997344972,0.9998206467134879
4070,/home/yaxin/datasets/TacAct-original/18_3_R_19.xlsx,18,3,80,169.0,2.17386531829834,612.9749755859375,757.0,0.30681678652763367,2,2,1,0.9999427795410156,0.9999427795410156,0.9999427795410156,0.9999203161751211
4071,/home/yaxin/datasets/TacAct-original/18_3_R_2.xlsx,18,3,80,98.0,2.1934776306152344,623.3250122070312,772.0,0.32125985622406006,2,2,1,0.9999310970306396,0.9999310970306396,0.9999310970306396,0.9999057524364616
4072,/home/yaxin/datasets/TacAct-original/18_3_R_20.xlsx,18,3,80,128.8079376220703,2.157867431640625,605.3250122070312,739.0,0.30300262570381165,2,2,1,0.9999113082885742,0.9999113082885742,0.9999113082885742,0.999873938420933
4073,/home/yaxin/datasets/TacAct-original/18_3_R_3.xlsx,18,3,80,136.23155212402344,1.8941307067871094,609.9249877929688,768.0,0.30875444412231445,2,2,1,0.9998345375061036,0.9998345375061036,0.9998345375061036,0.9997640438959935
4074,/home/yaxin/datasets/TacAct-original/18_3_R_4.xlsx,18,3,80,131.0,2.098872423171997,647.1875,782.0,0.3295014798641205,2,2,1,0.9999430179595948,0.9999430179595948,0.9999430179595948,0.9999223676950352
4075,/home/yaxin/datasets/TacAct-original/18_3_R_5.xlsx,18,3,80,117.0,2.076112747192383,613.5875244140625,766.0,0.3207069933414459,2,2,1,0.9999369382858276,0.9999369382858276,0.9999369382858276,0.9999135853850021
4076,/home/yaxin/datasets/TacAct-original/18_3_R_6.xlsx,18,3,80,98.44469451904297,2.2250332832336426,631.1875,773.0,0.3026890456676483,2,2,1,0.999908685684204,0.999908685684204,0.999908685684204,0.9998729215913044
4077,/home/yaxin/datasets/TacAct-original/18_3_R_7.xlsx,18,3,80,105.69495391845703,1.9911911487579346,632.4000244140625,773.0,0.3115350306034088,2,2,1,0.9999465942382812,0.9999465942382812,0.9999465942382812,0.9999279669045791
4078,/home/yaxin/datasets/TacAct-original/18_3_R_8.xlsx,18,3,80,91.0,2.2119643688201904,651.3250122070312,790.0,0.3120152950286865,2,2,1,0.9999407529830932,0.9999407529830932,0.9999407529830932,0.999918329898719
4079,/home/yaxin/datasets/TacAct-original/18_3_R_9.xlsx,18,3,80,120.8516616821289,2.334784746170044,634.0374755859375,758.0,0.32749512791633606,2,2,1,0.999927282333374,0.999927282333374,0.999927282333374,0.9998996581434767
4080,/home/yaxin/datasets/TacAct-original/18_4_L_1.xlsx,18,4,80,140.2091064453125,4.287200450897217,703.9249877929688,892.0,0.47681117057800293,3,3,1,0.9996464252471924,0.9996464252471924,0.9996464252471924,0.9993150532245637
4081,/home/yaxin/datasets/TacAct-original/18_4_L_10.xlsx,18,4,80,242.0,4.890130043029785,703.6500244140625,882.0,0.6278427839279175,3,3,1,0.9996080994606018,0.9996080994606018,0.9996080994606018,0.9992413723375649
4082,/home/yaxin/datasets/TacAct-original/18_4_L_11.xlsx,18,4,80,253.0,4.593130588531494,715.0875244140625,907.0,0.5673040151596069,3,6,0,0.999595820903778,0.0002981433935929,0.999595820903778,0.9992976775101851
4083,/home/yaxin/datasets/TacAct-original/18_4_L_12.xlsx,18,4,80,272.0,5.5020575523376465,723.0374755859375,902.0,0.6394451260566711,3,3,1,0.9996371269226074,0.9996371269226074,0.9996371269226074,0.9992978255322669
4084,/home/yaxin/datasets/TacAct-original/18_4_L_13.xlsx,18,4,80,217.0,4.656689643859863,729.875,906.0,0.5601115226745605,3,3,1,0.9994552731513976,0.9994552731513976,0.9994552731513976,0.9989351711119525
4085,/home/yaxin/datasets/TacAct-original/18_4_L_14.xlsx,18,4,80,210.39651489257812,4.632058143615723,727.1124877929688,890.0,0.5375381708145142,3,3,1,0.9996843338012696,0.9996843338012696,0.9996843338012696,0.9993923159781846
4086,/home/yaxin/datasets/TacAct-original/18_4_L_15.xlsx,18,4,80,181.10670471191406,4.624741554260254,739.1124877929688,934.0,0.5869573950767517,3,3,1,0.9993720650672911,0.9993720650672911,0.9993720650672911,0.9987824803101829
4087,/home/yaxin/datasets/TacAct-original/18_4_L_16.xlsx,18,4,80,207.8276824951172,5.266415596008301,739.8875122070312,910.0,0.5689083337783813,3,3,1,0.9996888637542723,0.9996888637542723,0.9996888637542723,0.9993993875395971
4088,/home/yaxin/datasets/TacAct-original/18_4_L_17.xlsx,18,4,80,230.0,4.703405857086182,695.875,891.0,0.5371708273887634,3,3,1,0.9996329545974731,0.9996329545974731,0.9996329545974731,0.9992879804340191
4089,/home/yaxin/datasets/TacAct-original/18_4_L_18.xlsx,18,4,80,201.5696563720703,4.733786106109619,729.8375244140625,909.0,0.5635960102081299,3,3,1,0.9996792078018188,0.9996792078018188,0.9996792078018188,0.9993802904500626
4090,/home/yaxin/datasets/TacAct-original/18_4_L_19.xlsx,18,4,80,153.0,4.395349025726318,746.2249755859375,917.0,0.48084089159965515,3,3,1,0.9997045397758484,0.9997045397758484,0.9997045397758484,0.9994282157276758
4091,/home/yaxin/datasets/TacAct-original/18_4_L_2.xlsx,18,4,80,254.6660614013672,4.395917892456055,682.7625122070312,874.0,0.5346347689628601,3,3,1,0.9996380805969238,0.9996380805969238,0.9996380805969238,0.9993010612961372
4092,/home/yaxin/datasets/TacAct-original/18_4_L_20.xlsx,18,4,80,132.0,3.599499225616455,713.2000122070312,915.0,0.47722336649894714,3,3,1,0.999656081199646,0.999656081199646,0.999656081199646,0.9993339561915491
4093,/home/yaxin/datasets/TacAct-original/18_4_L_3.xlsx,18,4,80,270.0,5.011989593505859,718.5374755859375,894.0,0.5870376229286194,3,3,1,0.9893067479133606,0.9893067479133606,0.9893067479133606,0.9786779945716262
4094,/home/yaxin/datasets/TacAct-original/18_4_L_4.xlsx,18,4,80,242.0,4.129752159118652,704.75,913.0,0.57343989610672,3,6,0,0.9847171902656556,0.0149267595261335,0.9847171902656556,0.9697904307395221
4095,/home/yaxin/datasets/TacAct-original/18_4_L_5.xlsx,18,4,80,261.5247802734375,4.372582912445068,718.7000122070312,911.0,0.5846310257911682,3,3,1,0.999171495437622,0.999171495437622,0.999171495437622,0.9983746578800492
4096,/home/yaxin/datasets/TacAct-original/18_4_L_6.xlsx,18,4,80,263.0,3.8247313499450684,684.4500122070312,894.0,0.559546947479248,3,3,1,0.999665141105652,0.999665141105652,0.999665141105652,0.9993595873820597
4097,/home/yaxin/datasets/TacAct-original/18_4_L_7.xlsx,18,4,80,139.2147216796875,4.2766432762146,707.4249877929688,901.0,0.6039238572120667,3,3,1,0.9996287822723388,0.9996287822723388,0.9996287822723388,0.9992775037535465
4098,/home/yaxin/datasets/TacAct-original/18_4_L_8.xlsx,18,4,80,132.0,3.4407882690429688,712.6624755859375,930.0,0.5489189624786377,3,3,1,0.9994187355041504,0.9994187355041504,0.9994187355041504,0.9988653708132916
4099,/home/yaxin/datasets/TacAct-original/18_4_L_9.xlsx,18,4,80,163.08009338378906,4.275962829589844,703.3375244140625,918.0,0.5811750888824463,3,3,1,0.9997016787528992,0.9997016787528992,0.9997016787528992,0.9994223932444584
4100,/home/yaxin/datasets/TacAct-original/18_4_R_1.xlsx,18,4,80,179.0,4.6703290939331055,711.125,914.0,0.5019690990447998,3,3,1,0.9986891150474548,0.9986891150474548,0.9986891150474548,0.9974236553534866
4101,/home/yaxin/datasets/TacAct-original/18_4_R_10.xlsx,18,4,80,217.3019256591797,4.94998836517334,686.4000244140625,895.0,0.5694667100906372,3,3,1,0.9992695450782776,0.9992695450782776,0.9992695450782776,0.9985922487685457
4102,/home/yaxin/datasets/TacAct-original/18_4_R_11.xlsx,18,4,80,255.23870849609375,5.54804801940918,719.7874755859375,941.0,0.5731092095375061,3,3,1,0.9995357990264891,0.9995357990264891,0.9995357990264891,0.9991167816915548
4103,/home/yaxin/datasets/TacAct-original/18_4_R_12.xlsx,18,4,80,271.0,5.108626365661621,706.375,922.0,0.5849188566207886,3,3,1,0.9995493292808532,0.9995493292808532,0.9995493292808532,0.9991320256376639
4104,/home/yaxin/datasets/TacAct-original/18_4_R_13.xlsx,18,4,80,248.59771728515625,4.616275787353516,723.25,957.0,0.5129708051681519,3,3,1,0.9995763897895812,0.9995763897895812,0.9995763897895812,0.9991918971063569
4105,/home/yaxin/datasets/TacAct-original/18_4_R_14.xlsx,18,4,80,256.0,5.351759433746338,733.0625,927.0,0.5705375075340271,3,3,1,0.9993684887886048,0.9993684887886048,0.9993684887886048,0.9987922451691703
4106,/home/yaxin/datasets/TacAct-original/18_4_R_15.xlsx,18,4,80,240.0,4.660874366760254,690.0125122070312,890.0,0.5799739360809326,3,3,1,0.9758247137069702,0.9758247137069702,0.9758247137069702,0.9518194291740656
4107,/home/yaxin/datasets/TacAct-original/18_4_R_16.xlsx,18,4,80,268.7740783691406,5.006360054016113,726.2874755859375,929.0,0.5577056407928467,3,3,1,0.7499226331710815,0.7499226331710815,0.7499226331710815,0.5003063678741455
4108,/home/yaxin/datasets/TacAct-original/18_4_R_17.xlsx,18,4,80,255.0,4.9544548988342285,717.625,923.0,0.5610518455505371,3,3,1,0.9993829727172852,0.9993829727172852,0.9993829727172852,0.9988185778493063
4109,/home/yaxin/datasets/TacAct-original/18_4_R_18.xlsx,18,4,80,246.6089324951172,4.6158623695373535,726.0499877929688,941.0,0.5345830321311951,3,3,1,0.9993796348571776,0.9993796348571776,0.9993796348571776,0.9988154429593123
4110,/home/yaxin/datasets/TacAct-original/18_4_R_19.xlsx,18,4,80,234.67623901367188,5.476493835449219,748.2874755859375,940.0,0.5852554440498352,3,3,1,0.999562919139862,0.999562919139862,0.999562919139862,0.9991679275117349
4111,/home/yaxin/datasets/TacAct-original/18_4_R_2.xlsx,18,4,80,199.0,4.639861583709717,721.1124877929688,942.0,0.5386894345283508,3,3,1,0.999572455883026,0.999572455883026,0.999572455883026,0.999180387269007
4112,/home/yaxin/datasets/TacAct-original/18_4_R_20.xlsx,18,4,80,228.70989990234375,4.337646484375,693.9500122070312,923.0,0.5098132491111755,3,3,1,0.9995712637901306,0.9995712637901306,0.9995712637901306,0.999176419718424
4113,/home/yaxin/datasets/TacAct-original/18_4_R_3.xlsx,18,4,80,300.6062927246094,4.1433000564575195,724.2374877929688,942.0,0.498652845621109,3,3,1,0.9995777010917664,0.9995777010917664,0.9995777010917664,0.9991970889095684
4114,/home/yaxin/datasets/TacAct-original/18_4_R_4.xlsx,18,4,80,238.0,4.741746425628662,704.5,931.0,0.5346449017524719,3,3,1,0.9993056058883668,0.9993056058883668,0.9993056058883668,0.9986568848835307
4115,/home/yaxin/datasets/TacAct-original/18_4_R_5.xlsx,18,4,80,191.89646911621094,4.624624729156494,684.6749877929688,859.0,0.5436056852340698,3,6,0,0.988620936870575,0.0110143581405282,0.988620936870575,0.9776065787300467
4116,/home/yaxin/datasets/TacAct-original/18_4_R_6.xlsx,18,4,80,176.00718688964844,4.128388404846191,670.6124877929688,851.0,0.48008882999420166,3,3,1,0.9991063475608826,0.9991063475608826,0.9991063475608826,0.9982702216366307
4117,/home/yaxin/datasets/TacAct-original/18_4_R_7.xlsx,18,4,80,139.2147216796875,4.206350803375244,688.8250122070312,876.0,0.4840112030506134,3,3,1,0.9862484335899352,0.9862484335899352,0.9862484335899352,0.9726234078407286
4118,/home/yaxin/datasets/TacAct-original/18_4_R_8.xlsx,18,4,80,220.0,4.698805809020996,696.5875244140625,923.0,0.5368327498435974,3,3,1,0.9995800852775574,0.9995800852775574,0.9995800852775574,0.9992035121831577
4119,/home/yaxin/datasets/TacAct-original/18_4_R_9.xlsx,18,4,80,199.87255859375,4.750064849853516,693.4625244140625,899.0,0.5315603017807007,3,3,1,0.9996030926704408,0.9996030926704408,0.9996030926704408,0.9992400796327275
4120,/home/yaxin/datasets/TacAct-original/18_5_L_1.xlsx,18,5,80,182.0,1.535705804824829,685.7125244140625,823.0,0.36095231771469116,4,4,1,0.9994015693664552,0.9994015693664552,0.9994015693664552,0.9989269888319542
4121,/home/yaxin/datasets/TacAct-original/18_5_L_10.xlsx,18,5,80,816.0,1.8666584491729736,695.7125244140625,865.0,0.3654554784297943,4,4,1,0.999531626701355,0.999531626701355,0.999531626701355,0.9992457896878478
4122,/home/yaxin/datasets/TacAct-original/18_5_L_11.xlsx,18,5,80,233.03419494628906,1.452019214630127,677.0499877929688,847.0,0.36996084451675415,4,4,1,0.9996060729026794,0.9996060729026794,0.9996060729026794,0.9992959683586379
4123,/home/yaxin/datasets/TacAct-original/18_5_L_12.xlsx,18,5,80,197.88377380371094,1.463486671447754,681.0374755859375,848.0,0.36745890974998474,4,4,1,0.99949848651886,0.99949848651886,0.99949848651886,0.9991369863855654
4124,/home/yaxin/datasets/TacAct-original/18_5_L_13.xlsx,18,5,80,395.7675476074219,1.8008003234863281,701.9000244140625,847.0,0.3992539346218109,4,4,1,0.9996188879013062,0.9996188879013062,0.9996188879013062,0.9993304253730457
4125,/home/yaxin/datasets/TacAct-original/18_5_L_14.xlsx,18,5,80,150.0,1.6309127807617188,692.9124755859375,833.0,0.3952241837978363,4,4,1,0.9996328353881836,0.9996328353881836,0.9996328353881836,0.9993369055737276
4126,/home/yaxin/datasets/TacAct-original/18_5_L_15.xlsx,18,5,80,272.6413269042969,1.8440227508544922,746.7999877929688,914.0,0.38681933283805847,4,4,1,0.999670386314392,0.999670386314392,0.999670386314392,0.9994259054656139
4127,/home/yaxin/datasets/TacAct-original/18_5_L_16.xlsx,18,5,80,313.2331237792969,1.755907416343689,682.4249877929688,841.0,0.38805460929870605,4,4,1,0.9996726512908936,0.9996726512908936,0.9996726512908936,0.9994210648292211
4128,/home/yaxin/datasets/TacAct-original/18_5_L_17.xlsx,18,5,80,208.8316650390625,1.3871138095855713,680.5250244140625,842.0,0.3931610882282257,4,4,1,0.9996273517608644,0.9996273517608644,0.9996273517608644,0.9993473838549108
4129,/home/yaxin/datasets/TacAct-original/18_5_L_18.xlsx,18,5,80,249.74972534179688,1.6809629201889038,713.9625244140625,890.0,0.42887598276138306,4,4,1,0.9996328353881836,0.9996328353881836,0.9996328353881836,0.9993471541965847
4130,/home/yaxin/datasets/TacAct-original/18_5_L_19.xlsx,18,5,80,215.3354034423828,1.4835342168807983,678.6749877929688,841.0,0.4063262939453125,4,4,1,0.9996802806854248,0.9996802806854248,0.9996802806854248,0.9994524348003325
4131,/home/yaxin/datasets/TacAct-original/18_5_L_2.xlsx,18,5,80,151.1474151611328,1.5405884981155396,706.0875244140625,874.0,0.4041975438594818,4,4,1,0.9996610879898072,0.9996610879898072,0.9996610879898072,0.9994058431184386
4132,/home/yaxin/datasets/TacAct-original/18_5_L_20.xlsx,18,5,80,202.0,1.3805325031280518,683.1624755859375,827.0,0.4004274606704712,4,4,1,0.9996936321258544,0.9996936321258544,0.9996936321258544,0.9994513018464204
4133,/home/yaxin/datasets/TacAct-original/18_5_L_3.xlsx,18,5,80,219.0,1.484015941619873,694.5374755859375,845.0,0.3548625409603119,4,4,1,0.9996702671051024,0.9996702671051024,0.9996702671051024,0.9994220598309767
4134,/home/yaxin/datasets/TacAct-original/18_5_L_4.xlsx,18,5,80,354.7674255371094,1.8088773488998413,744.7374877929688,906.0,0.4139431416988373,4,4,1,0.9995694756507874,0.9995694756507874,0.9995694756507874,0.9992488169227728
4135,/home/yaxin/datasets/TacAct-original/18_5_L_5.xlsx,18,5,80,217.3019256591797,1.7312896251678467,714.2000122070312,851.0,0.41417741775512695,4,4,1,0.9996322393417358,0.9996322393417358,0.9996322393417358,0.9993390387971887
4136,/home/yaxin/datasets/TacAct-original/18_5_L_6.xlsx,18,5,80,260.5303955078125,1.7571628093719482,679.9749755859375,828.0,0.3888802230358124,4,4,1,0.9995632767677308,0.9995632767677308,0.9995632767677308,0.9992103766708171
4137,/home/yaxin/datasets/TacAct-original/18_5_L_7.xlsx,18,5,80,162.0,1.531241774559021,672.4375,811.0,0.3616403043270111,4,4,1,0.9996840953826904,0.9996840953826904,0.9996840953826904,0.9994330979534425
4138,/home/yaxin/datasets/TacAct-original/18_5_L_8.xlsx,18,5,80,265.5023498535156,1.7838623523712158,692.8250122070312,846.0,0.3626967668533325,4,4,1,0.99968159198761,0.99968159198761,0.99968159198761,0.9994400297582616
4139,/home/yaxin/datasets/TacAct-original/18_5_L_9.xlsx,18,5,80,224.67481994628906,1.4890351295471191,679.9124755859375,835.0,0.35230740904808044,4,4,1,0.9996019005775452,0.9996019005775452,0.9996019005775452,0.9993166382482742
4140,/home/yaxin/datasets/TacAct-original/18_5_R_1.xlsx,18,5,80,270.47430419921875,1.6866815090179443,643.7000122070312,814.0,0.28659242391586304,4,4,1,0.9996938705444336,0.9996938705444336,0.9996938705444336,0.9994689100567485
4141,/home/yaxin/datasets/TacAct-original/18_5_R_10.xlsx,18,5,80,397.75634765625,2.0447278022766113,652.75,806.0,0.3336346447467804,4,4,1,0.9993234872817992,0.9993234872817992,0.9993234872817992,0.99877653864678
4142,/home/yaxin/datasets/TacAct-original/18_5_R_11.xlsx,18,5,80,342.25189208984375,1.8905868530273438,672.125,841.0,0.32083579897880554,4,4,1,0.9996408224105836,0.9996408224105836,0.9996408224105836,0.999375402723672
4143,/home/yaxin/datasets/TacAct-original/18_5_R_12.xlsx,18,5,80,268.48553466796875,1.6712253093719482,632.5125122070312,814.0,0.3084148168563843,4,4,1,0.999661922454834,0.999661922454834,0.999661922454834,0.9994184058450629
4144,/home/yaxin/datasets/TacAct-original/18_5_R_13.xlsx,18,5,80,307.26678466796875,1.768795371055603,652.9625244140625,836.0,0.29666945338249207,4,4,1,0.9996621608734132,0.9996621608734132,0.9996621608734132,0.9994278349040543
4145,/home/yaxin/datasets/TacAct-original/18_5_R_14.xlsx,18,5,80,256.17706298828125,1.6720802783966064,642.0750122070312,821.0,0.30476105213165283,4,4,1,0.9996397495269777,0.9996397495269777,0.9996397495269777,0.9993610538949725
4146,/home/yaxin/datasets/TacAct-original/18_5_R_15.xlsx,18,5,80,298.9130554199219,1.9059797525405884,686.2625122070312,851.0,0.3039339780807495,4,4,1,0.9997188448905944,0.9997188448905944,0.9997188448905944,0.9995122131222159
4147,/home/yaxin/datasets/TacAct-original/18_5_R_16.xlsx,18,5,80,251.7162628173828,1.6586754322052002,647.8125,807.0,0.3023950159549713,4,4,1,0.9996144771575928,0.9996144771575928,0.9996144771575928,0.9993280218041036
4148,/home/yaxin/datasets/TacAct-original/18_5_R_17.xlsx,18,5,80,436.5375671386719,1.9472732543945312,644.3499755859375,814.0,0.34300315380096436,4,4,1,0.9994893074035645,0.9994893074035645,0.9994893074035645,0.9990875983203297
4149,/home/yaxin/datasets/TacAct-original/18_5_R_18.xlsx,18,5,80,258.0,1.6139724254608154,625.9000244140625,802.0,0.29388147592544556,4,4,1,0.999602735042572,0.999602735042572,0.999602735042572,0.9993048735195771
4150,/home/yaxin/datasets/TacAct-original/18_5_R_19.xlsx,18,5,80,359.8755798339844,1.8924610614776611,637.6624755859375,808.0,0.3253796696662903,4,4,1,0.9996711015701294,0.9996711015701294,0.9996711015701294,0.9994321992126061
4151,/home/yaxin/datasets/TacAct-original/18_5_R_2.xlsx,18,5,80,380.0,1.7507543563842773,638.8250122070312,815.0,0.2937769293785095,4,4,1,0.9996317625045776,0.9996317625045776,0.9996317625045776,0.9993513543158771
4152,/home/yaxin/datasets/TacAct-original/18_5_R_20.xlsx,18,5,80,295.0,1.545783281326294,622.1875,790.0,0.2801930010318756,4,4,1,0.9994899034500122,0.9994899034500122,0.9994899034500122,0.9990969698410482
4153,/home/yaxin/datasets/TacAct-original/18_5_R_3.xlsx,18,5,80,350.02557373046875,1.5583258867263794,621.2625122070312,801.0,0.2842952013015747,4,4,1,0.9997128844261168,0.9997128844261168,0.9997128844261168,0.9994972109270748
4154,/home/yaxin/datasets/TacAct-original/18_5_R_4.xlsx,18,5,80,213.79403686523438,1.4334684610366821,629.0875244140625,807.0,0.2862388491630554,4,4,1,0.999675154685974,0.999675154685974,0.999675154685974,0.9994253149197903
4155,/home/yaxin/datasets/TacAct-original/18_5_R_5.xlsx,18,5,80,361.5881652832031,1.6947218179702759,628.9249877929688,789.0,0.3232634961605072,4,4,1,0.9991357922554016,0.9991357922554016,0.9991357922554016,0.9984077226836235
4156,/home/yaxin/datasets/TacAct-original/18_5_R_6.xlsx,18,5,80,257.6158752441406,1.7012872695922852,636.8125,795.0,0.30611738562583923,4,4,1,0.9992833733558656,0.9992833733558656,0.9992833733558656,0.9987285672104919
4157,/home/yaxin/datasets/TacAct-original/18_5_R_7.xlsx,18,5,80,414.6609802246094,1.785691261291504,642.2374877929688,800.0,0.30545932054519653,4,4,1,0.9995098114013672,0.9995098114013672,0.9995098114013672,0.9991249657177833
4158,/home/yaxin/datasets/TacAct-original/18_5_R_8.xlsx,18,5,80,332.1265563964844,1.6329845190048218,623.5875244140625,802.0,0.2989899218082428,4,4,1,0.9997145533561708,0.9997145533561708,0.9997145533561708,0.9995003624790116
4159,/home/yaxin/datasets/TacAct-original/18_5_R_9.xlsx,18,5,80,245.0,1.5859744548797607,644.7750244140625,842.0,0.2933982312679291,4,4,1,0.9996333122253418,0.9996333122253418,0.9996333122253418,0.9993676699232311
4160,/home/yaxin/datasets/TacAct-original/18_6_L_1.xlsx,18,6,80,180.0,0.6885910034179688,634.4500122070312,790.0,0.301824152469635,5,5,1,0.9999855756759644,0.9999855756759644,0.9999855756759644,0.9999795292765157
4161,/home/yaxin/datasets/TacAct-original/18_6_L_10.xlsx,18,6,80,206.48599243164062,0.6500816941261292,623.6500244140625,765.0,0.29720309376716614,5,5,1,0.9999842643737792,0.9999842643737792,0.9999842643737792,0.9999771599036648
4162,/home/yaxin/datasets/TacAct-original/18_6_L_11.xlsx,18,6,80,194.0,0.773119330406189,638.3624877929688,803.0,0.26730698347091675,5,5,1,0.9999847412109376,0.9999847412109376,0.9999847412109376,0.9999796075289852
4163,/home/yaxin/datasets/TacAct-original/18_6_L_12.xlsx,18,6,80,157.0,0.6164433360099792,570.4375,713.0,0.23111385107040405,5,5,1,0.9999679327011108,0.9999679327011108,0.9999679327011108,0.9999556369748461
4164,/home/yaxin/datasets/TacAct-original/18_6_L_13.xlsx,18,6,80,248.76646423339844,0.8310076594352722,604.6749877929688,755.0,0.24785229563713074,5,5,1,0.9998326301574708,0.9998326301574708,0.9998326301574708,0.9997479363591993
4165,/home/yaxin/datasets/TacAct-original/18_6_L_14.xlsx,18,6,80,186.59495544433594,0.5808631181716919,555.1124877929688,726.0,0.2413005381822586,5,5,1,0.9999523162841796,0.9999523162841796,0.9999523162841796,0.9999379604314526
4166,/home/yaxin/datasets/TacAct-original/18_6_L_15.xlsx,18,6,80,168.0520477294922,0.6579899787902832,572.7999877929688,726.0,0.23675140738487244,5,5,1,0.9999481439590454,0.9999481439590454,0.9999481439590454,0.9999290835894499
4167,/home/yaxin/datasets/TacAct-original/18_6_L_16.xlsx,18,6,80,209.81646728515625,0.6056529879570007,556.125,720.0,0.2219107449054718,5,5,1,0.9998786449432372,0.9998786449432372,0.9998786449432372,0.9998338718360172
4168,/home/yaxin/datasets/TacAct-original/18_6_L_17.xlsx,18,6,80,323.0,0.6400877833366394,561.1124877929688,707.0,0.22870652377605438,5,5,1,0.9999779462814332,0.9999779462814332,0.9999779462814332,0.999968631101183
4169,/home/yaxin/datasets/TacAct-original/18_6_L_18.xlsx,18,6,80,179.9847412109375,0.6661197543144226,562.7874755859375,702.0,0.22433476150035858,5,5,1,0.9998041987419128,0.9998041987419128,0.9998041987419128,0.9996451008773876
4170,/home/yaxin/datasets/TacAct-original/18_6_L_19.xlsx,18,6,80,169.0,0.834402859210968,576.3499755859375,730.0,0.2528197467327118,5,5,1,0.9999853372573853,0.9999853372573853,0.9999853372573853,0.9999780533908051
4171,/home/yaxin/datasets/TacAct-original/18_6_L_2.xlsx,18,6,80,156.0,0.777249276638031,636.5999755859375,778.0,0.30448323488235474,5,5,1,0.9999823570251464,0.9999823570251464,0.9999823570251464,0.9999746944531579
4172,/home/yaxin/datasets/TacAct-original/18_6_L_20.xlsx,18,6,80,266.4967346191406,0.5315335392951965,560.0875244140625,719.0,0.22751472890377045,5,5,1,0.9999879598617554,0.9999879598617554,0.9999879598617554,0.9999834387981537
4173,/home/yaxin/datasets/TacAct-original/18_6_L_3.xlsx,18,6,80,188.6545867919922,0.5851596593856812,603.7000122070312,748.0,0.28522157669067383,5,5,1,0.999951958656311,0.999951958656311,0.999951958656311,0.9999299122064258
4174,/home/yaxin/datasets/TacAct-original/18_6_L_4.xlsx,18,6,80,152.0,0.6476384997367859,632.2999877929688,775.0,0.28902530670166016,5,5,1,0.9999723434448242,0.9999723434448242,0.9999723434448242,0.9999566079295619
4175,/home/yaxin/datasets/TacAct-original/18_6_L_5.xlsx,18,6,80,224.18479919433594,0.6143776774406433,614.5125122070312,746.0,0.30306699872016907,5,5,1,0.9999841451644896,0.9999841451644896,0.9999841451644896,0.9999797531286275
4176,/home/yaxin/datasets/TacAct-original/18_6_L_6.xlsx,18,6,80,277.43505859375,0.653293788433075,627.4874877929688,783.0,0.30665650963783264,5,5,1,0.9999903440475464,0.9999903440475464,0.9999903440475464,0.9999859493073018
4177,/home/yaxin/datasets/TacAct-original/18_6_L_7.xlsx,18,6,80,423.0,1.1066443920135498,664.8624877929688,791.0,0.33599334955215454,5,5,1,0.9999582767486572,0.9999582767486572,0.9999582767486572,0.9999464839929715
4178,/home/yaxin/datasets/TacAct-original/18_6_L_8.xlsx,18,6,80,193.90621948242188,1.01802659034729,681.7999877929688,828.0,0.3227250277996063,5,5,1,0.9999910593032836,0.9999910593032836,0.9999910593032836,0.9999876593815314
4179,/home/yaxin/datasets/TacAct-original/18_6_L_9.xlsx,18,6,80,247.6033172607422,0.7442463040351868,638.8125,786.0,0.3045368790626526,5,5,1,0.999975085258484,0.999975085258484,0.999975085258484,0.9999669069693483
4180,/home/yaxin/datasets/TacAct-original/18_6_R_1.xlsx,18,6,80,189.0,0.6372066140174866,639.7999877929688,787.0,0.2764364182949066,5,5,1,0.9999589920043944,0.9999589920043944,0.9999589920043944,0.999944227328342
4181,/home/yaxin/datasets/TacAct-original/18_6_R_10.xlsx,18,6,80,181.97352600097656,0.673142671585083,610.4500122070312,773.0,0.2866431474685669,5,5,1,0.9999788999557496,0.9999788999557496,0.9999788999557496,0.9999714453601883
4182,/home/yaxin/datasets/TacAct-original/18_6_R_11.xlsx,18,6,80,213.0,0.7483720779418945,617.3375244140625,781.0,0.319183349609375,5,5,1,0.9997578263282776,0.9997578263282776,0.9997578263282776,0.9996543007291621
4183,/home/yaxin/datasets/TacAct-original/18_6_R_12.xlsx,18,6,80,244.0,0.6917858719825745,599.5250244140625,751.0,0.2841324210166931,5,5,1,0.9999407529830932,0.9999407529830932,0.9999407529830932,0.9999217114491329
4184,/home/yaxin/datasets/TacAct-original/18_6_R_13.xlsx,18,6,80,232.0,0.8388195037841797,634.9500122070312,794.0,0.2860223948955536,5,5,1,0.9999691247940063,0.9999691247940063,0.9999691247940063,0.9999581504653179
4185,/home/yaxin/datasets/TacAct-original/18_6_R_14.xlsx,18,6,80,272.0,0.8566454648971558,632.5250244140625,770.0,0.28971996903419495,5,5,1,0.9999395608901978,0.9999395608901978,0.9999395608901978,0.9999212501224974
4186,/home/yaxin/datasets/TacAct-original/18_6_R_15.xlsx,18,6,80,328.7165222167969,0.8945139050483704,644.7999877929688,792.0,0.30555999279022217,5,5,1,0.9998764991760254,0.9998764991760254,0.9998764991760254,0.9998134574270807
4187,/home/yaxin/datasets/TacAct-original/18_6_R_16.xlsx,18,6,80,362.5549621582031,0.6682327389717102,625.1375122070312,754.0,0.29500052332878113,5,5,1,0.9999791383743286,0.9999791383743286,0.9999791383743286,0.9999717284031249
4188,/home/yaxin/datasets/TacAct-original/18_6_R_17.xlsx,18,6,80,147.0,0.6490966081619263,635.7874755859375,789.0,0.28327471017837524,5,5,1,0.999981164932251,0.999981164932251,0.999981164932251,0.9999745496315882
4189,/home/yaxin/datasets/TacAct-original/18_6_R_18.xlsx,18,6,80,162.0,0.6460138559341431,618.6624755859375,764.0,0.28356698155403137,5,5,1,0.999963402748108,0.999963402748108,0.999963402748108,0.9999523554506596
4190,/home/yaxin/datasets/TacAct-original/18_6_R_19.xlsx,18,6,80,142.0,0.6657468676567078,625.5875244140625,784.0,0.2883751094341278,5,5,1,0.999981164932251,0.999981164932251,0.999981164932251,0.9999742350451015
4191,/home/yaxin/datasets/TacAct-original/18_6_R_2.xlsx,18,6,80,180.97914123535156,0.5857542157173157,602.1500244140625,740.0,0.27631494402885437,5,5,1,0.9998944997787476,0.9998944997787476,0.9998944997787476,0.9998497377855529
4192,/home/yaxin/datasets/TacAct-original/18_6_R_20.xlsx,18,6,80,145.0,0.7074211835861206,638.4625244140625,779.0,0.28901803493499756,5,5,1,0.9999643564224244,0.9999643564224244,0.9999643564224244,0.9999521060353801
4193,/home/yaxin/datasets/TacAct-original/18_6_R_3.xlsx,18,6,80,203.9976043701172,0.5729638338088989,611.25,777.0,0.2777659595012665,5,5,1,0.9999715089797974,0.9999715089797974,0.9999715089797974,0.9999610720824421
4194,/home/yaxin/datasets/TacAct-original/18_6_R_4.xlsx,18,6,80,210.76528930664062,0.6283580660820007,629.9500122070312,760.0,0.272617906332016,5,5,1,0.9999657869338988,0.9999657869338988,0.9999657869338988,0.9999552365625276
4195,/home/yaxin/datasets/TacAct-original/18_6_R_5.xlsx,18,6,80,356.0753173828125,0.7164475917816162,607.6624755859375,756.0,0.2855915129184723,5,5,1,0.999972939491272,0.999972939491272,0.999972939491272,0.9999634231980963
4196,/home/yaxin/datasets/TacAct-original/18_6_R_6.xlsx,18,6,80,176.00473022460938,0.6533517837524414,614.7374877929688,760.0,0.28002655506134033,5,5,1,0.9999417066574096,0.9999417066574096,0.9999417066574096,0.9999234750466711
4197,/home/yaxin/datasets/TacAct-original/18_6_R_7.xlsx,18,6,80,304.0,0.9043804407119751,658.2125244140625,815.0,0.31201741099357605,5,5,1,0.9999774694442748,0.9999774694442748,0.9999774694442748,0.9999687971076127
4198,/home/yaxin/datasets/TacAct-original/18_6_R_8.xlsx,18,6,80,313.24749755859375,0.8401344418525696,636.4625244140625,804.0,0.29392701387405396,5,5,1,0.9998341798782348,0.9998341798782348,0.9998341798782348,0.9997530825639841
4199,/home/yaxin/datasets/TacAct-original/18_6_R_9.xlsx,18,6,80,290.0,0.9173425436019897,635.1749877929688,804.0,0.3036598265171051,5,5,1,0.9999767541885376,0.9999767541885376,0.9999767541885376,0.9999691027442168
4200,/home/yaxin/datasets/TacAct-original/18_7_L_1.xlsx,18,7,80,193.0,4.585152626037598,773.25,897.0,0.5923076868057251,6,6,1,0.9997913241386414,0.9997913241386414,0.9997913241386414,0.9996897926612291
4201,/home/yaxin/datasets/TacAct-original/18_7_L_10.xlsx,18,7,80,261.9396667480469,5.230902671813965,790.0750122070312,938.0,0.6855014562606812,6,6,1,0.9998706579208374,0.9998706579208374,0.9998706579208374,0.9997994467339595
4202,/home/yaxin/datasets/TacAct-original/18_7_L_11.xlsx,18,7,80,252.69952392578125,4.526768684387207,804.6124877929688,927.0,0.6764761209487915,6,6,1,0.9998859167099,0.9998859167099,0.9998859167099,0.9998221658461263
4203,/home/yaxin/datasets/TacAct-original/18_7_L_12.xlsx,18,7,80,166.0,4.372296333312988,802.0250244140625,933.0,0.6360152959823608,6,6,1,0.9998539686203004,0.9998539686203004,0.9998539686203004,0.9997850754589309
4204,/home/yaxin/datasets/TacAct-original/18_7_L_13.xlsx,18,7,80,185.83740234375,5.067840576171875,793.3875122070312,934.0,0.6763477325439453,6,6,1,0.9998094439506532,0.9998094439506532,0.9998094439506532,0.9997251160020825
4205,/home/yaxin/datasets/TacAct-original/18_7_L_14.xlsx,18,7,80,304.2835998535156,4.724540710449219,800.0750122070312,927.0,0.7236805558204651,6,6,1,0.9998181462287904,0.9998181462287904,0.9998181462287904,0.9997317774832483
4206,/home/yaxin/datasets/TacAct-original/18_7_L_15.xlsx,18,7,80,217.0,4.71004581451416,802.75,943.0,0.7186387181282043,6,6,1,0.999839186668396,0.999839186668396,0.999839186668396,0.9997676353814313
4207,/home/yaxin/datasets/TacAct-original/18_7_L_16.xlsx,18,7,80,235.0,4.646045684814453,802.6124877929688,940.0,0.7011644244194031,6,6,1,0.9998778104782104,0.9998778104782104,0.9998778104782104,0.9998270911819418
4208,/home/yaxin/datasets/TacAct-original/18_7_L_17.xlsx,18,7,80,308.26116943359375,6.120688438415527,824.4249877929688,952.0,0.790988028049469,6,6,1,0.9998278617858888,0.9998278617858888,0.9998278617858888,0.999762554652989
4209,/home/yaxin/datasets/TacAct-original/18_7_L_18.xlsx,18,7,80,180.0,5.303676128387451,813.8499755859375,944.0,0.7687625885009766,6,6,1,0.9997187256813048,0.9997187256813048,0.9997187256813048,0.9995399316831025
4210,/home/yaxin/datasets/TacAct-original/18_7_L_19.xlsx,18,7,80,274.5749816894531,5.402946472167969,803.2625122070312,936.0,0.7743887305259705,6,6,1,0.9998453855514526,0.9998453855514526,0.9998453855514526,0.9997747850720771
4211,/home/yaxin/datasets/TacAct-original/18_7_L_2.xlsx,18,7,80,225.9273681640625,4.288956642150879,767.625,906.0,0.6077688932418823,6,6,1,0.9998873472213744,0.9998873472213744,0.9998873472213744,0.9998438116490432
4212,/home/yaxin/datasets/TacAct-original/18_7_L_20.xlsx,18,7,80,280.0,4.3288116455078125,801.4874877929688,923.0,0.6505875587463379,6,3,0,0.8852261900901794,0.1145959943532943,0.8852261900901794,0.7706301957368852
4213,/home/yaxin/datasets/TacAct-original/18_7_L_3.xlsx,18,7,80,235.90243530273438,4.710053443908691,778.9749755859375,931.0,0.6125171780586243,6,6,1,0.9998030066490172,0.9998030066490172,0.9998030066490172,0.9997114920261082
4214,/home/yaxin/datasets/TacAct-original/18_7_L_4.xlsx,18,7,80,254.0,4.895320892333984,783.9249877929688,923.0,0.7239612340927124,6,6,1,0.9997770190238952,0.9997770190238952,0.9997770190238952,0.9996649811728274
4215,/home/yaxin/datasets/TacAct-original/18_7_L_5.xlsx,18,7,80,254.2718963623047,4.714241981506348,773.7750244140625,918.0,0.7175859808921814,6,3,0,0.9995146989822388,0.0004628390888683,0.9995146989822388,0.9990518598933704
4216,/home/yaxin/datasets/TacAct-original/18_7_L_6.xlsx,18,7,80,236.0,5.006048679351807,791.9749755859375,932.0,0.6416803598403931,6,6,1,0.99895179271698,0.99895179271698,0.99895179271698,0.9979762766161003
4217,/home/yaxin/datasets/TacAct-original/18_7_L_7.xlsx,18,7,80,244.0,5.01320219039917,782.4625244140625,940.0,0.6990187168121338,6,6,1,0.9998210072517396,0.9998210072517396,0.9998210072517396,0.9997454316544464
4218,/home/yaxin/datasets/TacAct-original/18_7_L_8.xlsx,18,7,80,281.7002258300781,4.576302528381348,798.7874755859375,917.0,0.616198718547821,6,6,1,0.99985933303833,0.99985933303833,0.99985933303833,0.9998088979555176
4219,/home/yaxin/datasets/TacAct-original/18_7_L_9.xlsx,18,7,80,282.0,5.834039211273193,808.8125,934.0,0.7260902523994446,6,6,1,0.9998655319213868,0.9998655319213868,0.9998655319213868,0.9998097278621573
4220,/home/yaxin/datasets/TacAct-original/18_7_R_1.xlsx,18,7,80,220.7547607421875,4.839493751525879,726.25,900.0,0.6438342928886414,6,6,1,0.999855637550354,0.999855637550354,0.999855637550354,0.9997721618783544
4221,/home/yaxin/datasets/TacAct-original/18_7_R_10.xlsx,18,7,80,191.73699951171875,4.666028022766113,749.1875,922.0,0.5947678089141846,6,6,1,0.999810516834259,0.999810516834259,0.999810516834259,0.9996817644423573
4222,/home/yaxin/datasets/TacAct-original/18_7_R_11.xlsx,18,7,80,221.0,4.707785606384277,746.9500122070312,908.0,0.5819646716117859,6,3,0,0.9388102889060974,0.0610643550753593,0.9388102889060974,0.8777459338307381
4223,/home/yaxin/datasets/TacAct-original/18_7_R_12.xlsx,18,7,80,249.0724639892578,5.085653781890869,759.6124877929688,931.0,0.6057172417640686,6,6,1,0.9642164707183838,0.9642164707183838,0.9642164707183838,0.9285265430808067
4224,/home/yaxin/datasets/TacAct-original/18_7_R_13.xlsx,18,7,80,248.76646423339844,4.799458980560303,762.5250244140625,921.0,0.626616358757019,6,6,1,0.9996672868728638,0.9996672868728638,0.9996672868728638,0.999427850547363
4225,/home/yaxin/datasets/TacAct-original/18_7_R_14.xlsx,18,7,80,225.0,4.895613193511963,760.8250122070312,929.0,0.5711118578910828,6,6,1,0.9997336268424988,0.9997336268424988,0.9997336268424988,0.9995349605596858
4226,/home/yaxin/datasets/TacAct-original/18_7_R_15.xlsx,18,7,80,251.15740966796875,5.131951332092285,770.0374755859375,923.0,0.6068931221961975,6,6,1,0.99982750415802,0.99982750415802,0.99982750415802,0.999733542870672
4227,/home/yaxin/datasets/TacAct-original/18_7_R_16.xlsx,18,7,80,238.65380859375,4.5172834396362305,737.7374877929688,912.0,0.5702701807022095,6,3,0,0.995368719100952,0.0045831254683434,0.995368719100952,0.9907855936326087
4228,/home/yaxin/datasets/TacAct-original/18_7_R_17.xlsx,18,7,80,164.20553588867188,4.250750541687012,736.8125,909.0,0.5734477043151855,6,6,1,0.9998654127120972,0.9998654127120972,0.9998654127120972,0.9998108661529841
4229,/home/yaxin/datasets/TacAct-original/18_7_R_18.xlsx,18,7,80,196.88938903808594,4.2972564697265625,745.4625244140625,927.0,0.5689141154289246,6,3,0,0.9984943866729736,0.0014625120675191,0.9984943866729736,0.9970318746054545
4230,/home/yaxin/datasets/TacAct-original/18_7_R_19.xlsx,18,7,80,196.0,4.558670520782471,741.2000122070312,899.0,0.5789217948913574,6,6,1,0.999864101409912,0.999864101409912,0.999864101409912,0.9997973243225714
4231,/home/yaxin/datasets/TacAct-original/18_7_R_2.xlsx,18,7,80,229.0,4.374889373779297,705.4874877929688,911.0,0.5842299461364746,6,6,1,0.9998096823692322,0.9998096823692322,0.9998096823692322,0.9996907956956421
4232,/home/yaxin/datasets/TacAct-original/18_7_R_20.xlsx,18,7,80,185.0,4.220931053161621,746.0125122070312,905.0,0.5377629995346069,6,6,1,0.6752490401268005,0.6752490401268005,0.6752490401268005,0.35083773732185364
4233,/home/yaxin/datasets/TacAct-original/18_7_R_3.xlsx,18,7,80,175.02146911621094,4.363104343414307,707.9625244140625,899.0,0.552825391292572,6,6,1,0.9997641444206238,0.9997641444206238,0.9997641444206238,0.9996033592760796
4234,/home/yaxin/datasets/TacAct-original/18_7_R_4.xlsx,18,7,80,227.9334716796875,4.8263654708862305,713.7874755859375,885.0,0.5482560396194458,6,6,1,0.9998351335525512,0.9998351335525512,0.9998351335525512,0.9997313077619765
4235,/home/yaxin/datasets/TacAct-original/18_7_R_5.xlsx,18,7,80,215.0,4.707716464996338,717.4375,887.0,0.6415218114852905,6,6,1,0.9995738863945008,0.9995738863945008,0.9995738863945008,0.9993085305613932
4236,/home/yaxin/datasets/TacAct-original/18_7_R_6.xlsx,18,7,80,163.0,4.62485408782959,697.4375,877.0,0.64759361743927,6,6,1,0.99977308511734,0.99977308511734,0.99977308511734,0.999648251075996
4237,/home/yaxin/datasets/TacAct-original/18_7_R_7.xlsx,18,7,80,183.69451904296875,4.625923156738281,735.4625244140625,891.0,0.539084255695343,6,6,1,0.9984188079833984,0.9984188079833984,0.9984188079833984,0.9969105727504939
4238,/home/yaxin/datasets/TacAct-original/18_7_R_8.xlsx,18,7,80,221.2008514404297,4.428218841552734,747.0,896.0,0.5573363304138184,6,6,1,0.9998606443405152,0.9998606443405152,0.9998606443405152,0.9998028467889527
4239,/home/yaxin/datasets/TacAct-original/18_7_R_9.xlsx,18,7,80,216.47433471679688,4.074167728424072,736.0125122070312,913.0,0.5748992562294006,6,3,0,0.9286701679229736,0.0712054073810577,0.9286701679229736,0.8574647605419159
4240,/home/yaxin/datasets/TacAct-original/18_8_L_1.xlsx,18,8,80,72.0,0.4300634264945984,585.1875,724.0,0.19557103514671326,7,7,1,0.9961090683937072,0.9961090683937072,0.9961090683937072,0.9942311496706678
4241,/home/yaxin/datasets/TacAct-original/18_8_L_10.xlsx,18,8,80,117.0,0.5584479570388794,585.6624755859375,779.0,0.2605940103530884,7,7,1,0.9967978596687316,0.9967978596687316,0.9967978596687316,0.9952794436831027
4242,/home/yaxin/datasets/TacAct-original/18_8_L_11.xlsx,18,8,80,122.0,0.5371533632278442,602.3125,790.0,0.24401520192623138,7,7,1,0.996735155582428,0.996735155582428,0.996735155582428,0.9950952543877066
4243,/home/yaxin/datasets/TacAct-original/18_8_L_12.xlsx,18,8,80,79.55126953125,0.5078704953193665,591.5750122070312,811.0,0.23799613118171692,7,7,1,0.9953045845031738,0.9953045845031738,0.9953045845031738,0.9931840053759516
4244,/home/yaxin/datasets/TacAct-original/18_8_L_13.xlsx,18,8,80,104.0,0.4884774684906006,581.0125122070312,766.0,0.2178453654050827,7,7,1,0.9967297315597534,0.9967297315597534,0.9967297315597534,0.9951361978892237
4245,/home/yaxin/datasets/TacAct-original/18_8_L_14.xlsx,18,8,80,86.0,0.4308622479438782,591.2125244140625,771.0,0.20609623193740845,7,7,1,0.9950734972953796,0.9950734972953796,0.9950734972953796,0.9929155153222382
4246,/home/yaxin/datasets/TacAct-original/18_8_L_15.xlsx,18,8,80,165.0,0.6306561231613159,602.0,814.0,0.32910865545272827,7,7,1,0.9958023428916932,0.9958023428916932,0.9958023428916932,0.9936680875252935
4247,/home/yaxin/datasets/TacAct-original/18_8_L_16.xlsx,18,8,80,89.0,0.5224952697753906,569.8624877929688,811.0,0.271271288394928,7,7,1,0.99761164188385,0.99761164188385,0.99761164188385,0.9962725314544513
4248,/home/yaxin/datasets/TacAct-original/18_8_L_17.xlsx,18,8,80,106.0,0.5989161729812622,589.1500244140625,803.0,0.2893015146255493,7,7,1,0.9969238638877868,0.9969238638877868,0.9969238638877868,0.9952453738078475
4249,/home/yaxin/datasets/TacAct-original/18_8_L_18.xlsx,18,8,80,159.0,0.5811561346054077,588.1749877929688,786.0,0.2791825830936432,7,7,1,0.9961915016174316,0.9961915016174316,0.9961915016174316,0.994076777016744
4250,/home/yaxin/datasets/TacAct-original/18_8_L_19.xlsx,18,8,80,141.0,0.7363455295562744,608.7000122070312,819.0,0.3762790262699127,7,7,1,0.9877575635910034,0.9877575635910034,0.9877575635910034,0.9820752223022282
4251,/home/yaxin/datasets/TacAct-original/18_8_L_2.xlsx,18,8,80,94.0,0.506361186504364,593.7374877929688,781.0,0.25360459089279175,7,7,1,0.993965208530426,0.993965208530426,0.993965208530426,0.9909079875797034
4252,/home/yaxin/datasets/TacAct-original/18_8_L_20.xlsx,18,8,80,117.0,0.6549213528633118,590.2249755859375,844.0,0.33947619795799255,7,7,1,0.9950401186943054,0.9950401186943054,0.9950401186943054,0.9920754933264108
4253,/home/yaxin/datasets/TacAct-original/18_8_L_3.xlsx,18,8,80,132.0,0.5285769701004028,593.6624755859375,845.0,0.2731432020664215,7,7,1,0.9965842962265016,0.9965842962265016,0.9965842962265016,0.9946812160778793
4254,/home/yaxin/datasets/TacAct-original/18_8_L_4.xlsx,18,8,80,116.0,0.594997763633728,625.9625244140625,797.0,0.25065743923187256,7,7,1,0.996735155582428,0.996735155582428,0.996735155582428,0.9952716787811369
4255,/home/yaxin/datasets/TacAct-original/18_8_L_5.xlsx,18,8,80,90.0,0.5327817797660828,610.1875,783.0,0.22113999724388123,7,7,1,0.9964148998260498,0.9964148998260498,0.9964148998260498,0.9946916059125215
4256,/home/yaxin/datasets/TacAct-original/18_8_L_6.xlsx,18,8,80,89.0,0.5298551917076111,591.3624877929688,799.0,0.24483171105384827,7,7,1,0.9952901601791382,0.9952901601791382,0.9952901601791382,0.9932691205758601
4257,/home/yaxin/datasets/TacAct-original/18_8_L_7.xlsx,18,8,80,98.0,0.5702672004699707,603.2750244140625,826.0,0.26362720131874084,7,7,1,0.9962743520736694,0.9962743520736694,0.9962743520736694,0.9945447635836899
4258,/home/yaxin/datasets/TacAct-original/18_8_L_8.xlsx,18,8,80,116.0,0.5251619219779968,574.7625122070312,783.0,0.2661331295967102,7,7,1,0.9969929456710817,0.9969929456710817,0.9969929456710817,0.9954321335535499
4259,/home/yaxin/datasets/TacAct-original/18_8_L_9.xlsx,18,8,80,130.0,0.558991551399231,582.7625122070312,820.0,0.2745758295059204,7,7,1,0.9963369369506836,0.9963369369506836,0.9963369369506836,0.9945620790822431
4260,/home/yaxin/datasets/TacAct-original/18_8_R_1.xlsx,18,8,80,122.0,0.5395866632461548,609.8125,809.0,0.24613408744335175,7,7,1,0.9948740601539612,0.9948740601539612,0.9948740601539612,0.9925313289277256
4261,/home/yaxin/datasets/TacAct-original/18_8_R_10.xlsx,18,8,80,104.0,0.6251706480979919,623.625,846.0,0.28436994552612305,7,7,1,0.9943748712539672,0.9943748712539672,0.9943748712539672,0.9919123074505478
4262,/home/yaxin/datasets/TacAct-original/18_8_R_11.xlsx,18,8,80,114.05892944335938,0.6001078486442566,607.4500122070312,857.0,0.2960137128829956,7,7,1,0.994763195514679,0.994763195514679,0.994763195514679,0.9924893251154573
4263,/home/yaxin/datasets/TacAct-original/18_8_R_12.xlsx,18,8,80,174.0,0.6628440618515015,635.8499755859375,855.0,0.3106297254562378,7,7,1,0.9952309727668762,0.9952309727668762,0.9952309727668762,0.9929453337099403
4264,/home/yaxin/datasets/TacAct-original/18_8_R_13.xlsx,18,8,80,109.0,0.5876649618148804,630.9375,849.0,0.28689512610435486,7,7,1,0.9944843649864196,0.9944843649864196,0.9944843649864196,0.9919861538801341
4265,/home/yaxin/datasets/TacAct-original/18_8_R_14.xlsx,18,8,80,176.00718688964844,0.6225272417068481,626.1875,842.0,0.312421590089798,7,7,1,0.9962399005889891,0.9962399005889891,0.9962399005889891,0.9941128168720752
4266,/home/yaxin/datasets/TacAct-original/18_8_R_15.xlsx,18,8,80,126.0,0.6029219627380371,628.6375122070312,830.0,0.2848774790763855,7,7,1,0.9962647557258606,0.9962647557258606,0.9962647557258606,0.9944035025546328
4267,/home/yaxin/datasets/TacAct-original/18_8_R_16.xlsx,18,8,80,204.0,0.605863094329834,621.4124755859375,807.0,0.30466899275779724,7,7,1,0.9962007403373718,0.9962007403373718,0.9962007403373718,0.9941254646982999
4268,/home/yaxin/datasets/TacAct-original/18_8_R_17.xlsx,18,8,80,149.0,0.615887463092804,625.7999877929688,856.0,0.30266475677490234,7,7,1,0.9956722259521484,0.9956722259521484,0.9956722259521484,0.9935888985637576
4269,/home/yaxin/datasets/TacAct-original/18_8_R_18.xlsx,18,8,80,153.0,0.6551927328109741,620.4124755859375,800.0,0.2805018723011017,7,7,1,0.9965083003044128,0.9965083003044128,0.9965083003044128,0.9950047051534058
4270,/home/yaxin/datasets/TacAct-original/18_8_R_19.xlsx,18,8,80,88.0,0.5377280712127686,599.5875244140625,784.0,0.26387980580329895,7,7,1,0.9965901374816896,0.9965901374816896,0.9965901374816896,0.9948558246251198
4271,/home/yaxin/datasets/TacAct-original/18_8_R_2.xlsx,18,8,80,149.0,0.5442179441452026,620.5875244140625,803.0,0.23876719176769257,7,7,1,0.9962982535362244,0.9962982535362244,0.9962982535362244,0.9943742996547371
4272,/home/yaxin/datasets/TacAct-original/18_8_R_20.xlsx,18,8,80,117.0,0.5143183469772339,588.0499877929688,792.0,0.25268834829330444,7,7,1,0.9964553117752076,0.9964553117752076,0.9964553117752076,0.9948108792304994
4273,/home/yaxin/datasets/TacAct-original/18_8_R_3.xlsx,18,8,80,168.0,0.5208748579025269,614.0250244140625,822.0,0.2533389627933502,7,7,1,0.9963880777359008,0.9963880777359008,0.9963880777359008,0.9941968226339668
4274,/home/yaxin/datasets/TacAct-original/18_8_R_4.xlsx,18,8,80,137.0,0.5093021988868713,613.7374877929688,822.0,0.24315445125102997,7,7,1,0.995987832546234,0.995987832546234,0.995987832546234,0.9940062656532972
4275,/home/yaxin/datasets/TacAct-original/18_8_R_5.xlsx,18,8,80,243.0,0.7105177640914917,642.6375122070312,872.0,0.3358888626098633,7,7,1,0.9956259727478028,0.9956259727478028,0.9956259727478028,0.9933925115037712
4276,/home/yaxin/datasets/TacAct-original/18_8_R_6.xlsx,18,8,80,67.0,0.5896043181419373,615.9874877929688,808.0,0.2816699147224426,7,7,1,0.9964220523834229,0.9964220523834229,0.9964220523834229,0.9947377092903481
4277,/home/yaxin/datasets/TacAct-original/18_8_R_7.xlsx,18,8,80,142.0,0.6753951907157898,626.4000244140625,855.0,0.333056777715683,7,7,1,0.994802951812744,0.994802951812744,0.994802951812744,0.9924324580933899
4278,/home/yaxin/datasets/TacAct-original/18_8_R_8.xlsx,18,8,80,138.0,0.5722166895866394,616.8125,815.0,0.26953551173210144,7,7,1,0.9960281848907472,0.9960281848907472,0.9960281848907472,0.9941540547879415
4279,/home/yaxin/datasets/TacAct-original/18_8_R_9.xlsx,18,8,80,119.0,0.5725501775741577,619.8375244140625,812.0,0.28048932552337646,7,7,1,0.9969936609268188,0.9969936609268188,0.9969936609268188,0.9953885903814809
4280,/home/yaxin/datasets/TacAct-original/18_9_L_1.xlsx,18,9,80,101.42786407470703,1.1756558418273926,702.5374755859375,831.0,0.6796253323554993,8,8,1,0.9999628067016602,0.9999628067016602,0.9999628067016602,0.9999419438445329
4281,/home/yaxin/datasets/TacAct-original/18_9_L_10.xlsx,18,9,80,78.19548034667969,1.0639622211456299,722.2874755859375,885.0,0.6910015344619751,8,8,1,0.99988853931427,0.99988853931427,0.99988853931427,0.9998362167389132
4282,/home/yaxin/datasets/TacAct-original/18_9_L_11.xlsx,18,9,80,162.08570861816406,1.388885736465454,708.4375,850.0,0.8565329909324646,8,8,1,0.9999402761459352,0.9999402761459352,0.9999402761459352,0.9998984817393649
4283,/home/yaxin/datasets/TacAct-original/18_9_L_12.xlsx,18,9,80,124.40189361572266,1.154300332069397,698.625,851.0,0.7585533261299133,8,8,1,0.9999696016311646,0.9999696016311646,0.9999696016311646,0.9999480046699318
4284,/home/yaxin/datasets/TacAct-original/18_9_L_13.xlsx,18,9,80,105.69495391845703,1.2287064790725708,701.6500244140625,847.0,0.8038120269775391,8,8,1,0.9999508857727052,0.9999508857727052,0.9999508857727052,0.9999192333925749
4285,/home/yaxin/datasets/TacAct-original/18_9_L_14.xlsx,18,9,80,114.13703918457031,1.391845464706421,705.7374877929688,865.0,0.7907256484031677,8,8,1,0.9999452829360962,0.9999452829360962,0.9999452829360962,0.9999074788174767
4286,/home/yaxin/datasets/TacAct-original/18_9_L_15.xlsx,18,9,80,94.46713256835938,1.1262871026992798,695.1624755859375,847.0,0.6608951687812805,8,8,1,0.9987093210220336,0.9987093210220336,0.9987093210220336,0.9975867037428543
4287,/home/yaxin/datasets/TacAct-original/18_9_L_16.xlsx,18,9,80,113.96673583984375,1.1488090753555298,706.0499877929688,864.0,0.6867184042930603,8,8,1,0.999893307685852,0.999893307685852,0.999893307685852,0.999854792469705
4288,/home/yaxin/datasets/TacAct-original/18_9_L_17.xlsx,18,9,80,115.05078125,1.317803144454956,697.625,870.0,0.746828019618988,8,8,1,0.9999502897262572,0.9999502897262572,0.9999502897262572,0.999923265635516
4289,/home/yaxin/datasets/TacAct-original/18_9_L_18.xlsx,18,9,80,110.0,1.1259968280792236,700.2249755859375,843.0,0.7050600647926331,8,8,1,0.999881386756897,0.999881386756897,0.999881386756897,0.9998368933956954
4290,/home/yaxin/datasets/TacAct-original/18_9_L_19.xlsx,18,9,80,106.63019561767578,1.2871825695037842,723.375,883.0,0.7673307061195374,8,8,1,0.9999511241912842,0.9999511241912842,0.9999511241912842,0.9999246905917971
4291,/home/yaxin/datasets/TacAct-original/18_9_L_2.xlsx,18,9,80,122.1615982055664,1.2458877563476562,709.0374755859375,856.0,0.7148227691650391,8,8,1,0.9999589920043944,0.9999589920043944,0.9999589920043944,0.9999322721232601
4292,/home/yaxin/datasets/TacAct-original/18_9_L_20.xlsx,18,9,80,111.79740905761719,1.31528639793396,716.5250244140625,873.0,0.7887841463088989,8,8,1,0.9996252059936525,0.9996252059936525,0.9996252059936525,0.9993687581736597
4293,/home/yaxin/datasets/TacAct-original/18_9_L_3.xlsx,18,9,80,106.98593139648438,1.359943151473999,709.7000122070312,849.0,0.7355539202690125,8,8,1,0.9998379945755004,0.9998379945755004,0.9998379945755004,0.9997640023648272
4294,/home/yaxin/datasets/TacAct-original/18_9_L_4.xlsx,18,9,80,144.63133239746094,1.2082065343856812,704.8125,843.0,0.6876538395881653,8,8,1,0.9999723434448242,0.9999723434448242,0.9999723434448242,0.9999528207717958
4295,/home/yaxin/datasets/TacAct-original/18_9_L_5.xlsx,18,9,80,99.63575744628906,1.1240510940551758,696.25,849.0,0.6713343858718872,8,8,1,0.9999704360961914,0.9999704360961914,0.9999704360961914,0.9999483041556232
4296,/home/yaxin/datasets/TacAct-original/18_9_L_6.xlsx,18,9,80,125.91486358642578,1.1964410543441772,698.875,846.0,0.7390013933181763,8,8,1,0.9999680519104004,0.9999680519104004,0.9999680519104004,0.9999447606915055
4297,/home/yaxin/datasets/TacAct-original/18_9_L_7.xlsx,18,9,80,121.30731964111328,1.2624298334121704,698.8250122070312,837.0,0.726500391960144,8,8,1,0.9999610185623168,0.9999610185623168,0.9999610185623168,0.9999341540606109
4298,/home/yaxin/datasets/TacAct-original/18_9_L_8.xlsx,18,9,80,75.0,1.0556952953338623,713.7874755859375,871.0,0.6332332491874695,8,8,1,0.999963641166687,0.999963641166687,0.999963641166687,0.9999428361716127
4299,/home/yaxin/datasets/TacAct-original/18_9_L_9.xlsx,18,9,80,177.9712677001953,1.370431661605835,711.375,852.0,0.8287882804870605,8,8,1,0.9999678134918212,0.9999678134918212,0.9999678134918212,0.9999448322796524
4300,/home/yaxin/datasets/TacAct-original/18_9_R_1.xlsx,18,9,80,112.57377624511719,1.184600591659546,664.625,837.0,0.6519593596458435,8,8,1,0.999846577644348,0.999846577644348,0.999846577644348,0.999764256630442
4301,/home/yaxin/datasets/TacAct-original/18_9_R_10.xlsx,18,9,80,111.55363464355469,1.0879485607147217,663.4375,832.0,0.5705845355987549,8,8,1,0.999678373336792,0.999678373336792,0.999678373336792,0.9994619183271425
4302,/home/yaxin/datasets/TacAct-original/18_9_R_11.xlsx,18,9,80,69.85057830810547,1.1463401317596436,689.4249877929688,871.0,0.6067332625389099,8,8,1,0.9995750784873962,0.9995750784873962,0.9995750784873962,0.9994204565009568
4303,/home/yaxin/datasets/TacAct-original/18_9_R_12.xlsx,18,9,80,79.97264862060547,1.3758608102798462,693.375,891.0,0.6704561710357666,8,8,1,0.7874521613121033,0.7874521613121033,0.7874521613121033,0.5790912210941315
4304,/home/yaxin/datasets/TacAct-original/18_9_R_13.xlsx,18,9,80,81.5189437866211,1.2984660863876343,683.7000122070312,840.0,0.6310238838195801,8,2,0,0.8170785307884216,0.18002250790596,0.8170785307884216,0.6370560228824617
4305,/home/yaxin/datasets/TacAct-original/18_9_R_14.xlsx,18,9,80,92.38813781738281,1.2652618885040283,685.1375122070312,864.0,0.6157510280609131,8,8,1,0.9877945184707642,0.9877945184707642,0.9877945184707642,0.9765855846926571
4306,/home/yaxin/datasets/TacAct-original/18_9_R_15.xlsx,18,9,80,104.17059326171875,1.179097056388855,679.9749755859375,853.0,0.5906931161880493,8,8,1,0.975953221321106,0.975953221321106,0.975953221321106,0.9531247001141311
4307,/home/yaxin/datasets/TacAct-original/18_9_R_16.xlsx,18,9,80,114.51866912841797,1.3177744150161743,683.5,834.0,0.7001935839653015,8,8,1,0.9907490611076356,0.9907490611076356,0.9907490611076356,0.9822468850761654
4308,/home/yaxin/datasets/TacAct-original/18_9_R_17.xlsx,18,9,80,90.63566589355469,1.3321431875228882,679.0250244140625,838.0,0.6669095158576965,8,2,0,0.683124303817749,0.3130702972412109,0.683124303817749,0.37005400657653814
4309,/home/yaxin/datasets/TacAct-original/18_9_R_18.xlsx,18,9,80,125.57870483398438,1.1641921997070312,662.8499755859375,828.0,0.60018390417099,8,8,1,0.9372955560684204,0.9372955560684204,0.9372955560684204,0.8760943152010441
4310,/home/yaxin/datasets/TacAct-original/18_9_R_19.xlsx,18,9,80,142.66424560546875,1.2834213972091675,683.4749755859375,877.0,0.6461760401725769,8,8,1,0.915263831615448,0.915263831615448,0.915263831615448,0.832494705915451
4311,/home/yaxin/datasets/TacAct-original/18_9_R_2.xlsx,18,9,80,105.58644104003906,1.3467105627059937,667.2249755859375,833.0,0.6917626857757568,8,8,1,0.9989294409751892,0.9989294409751892,0.9989294409751892,0.9981475321692415
4312,/home/yaxin/datasets/TacAct-original/18_9_R_20.xlsx,18,9,80,136.3866424560547,1.3040893077850342,661.6124877929688,850.0,0.6524374485015869,8,8,1,0.9544083476066588,0.9544083476066588,0.9544083476066588,0.9105104617774487
4313,/home/yaxin/datasets/TacAct-original/18_9_R_3.xlsx,18,9,80,137.4176483154297,1.3456342220306396,673.1500244140625,844.0,0.6919631958007812,8,8,1,0.9997100234031676,0.9997100234031676,0.9997100234031676,0.9995394401048542
4314,/home/yaxin/datasets/TacAct-original/18_9_R_4.xlsx,18,9,80,139.74676513671875,1.319798231124878,671.4749755859375,847.0,0.653605580329895,8,8,1,0.8615967035293579,0.8615967035293579,0.8615967035293579,0.7256917804479599
4315,/home/yaxin/datasets/TacAct-original/18_9_R_5.xlsx,18,9,80,142.8522491455078,1.2174746990203857,665.7999877929688,826.0,0.6118457913398743,8,8,1,0.6582473516464233,0.6582473516464233,0.6582473516464233,0.31972786784172064
4316,/home/yaxin/datasets/TacAct-original/18_9_R_6.xlsx,18,9,80,66.15160369873047,1.334975004196167,685.3624877929688,839.0,0.6894494295120239,8,8,1,0.9987581968307496,0.9987581968307496,0.9987581968307496,0.9980387147516014
4317,/home/yaxin/datasets/TacAct-original/18_9_R_7.xlsx,18,9,80,95.40771484375,1.191796898841858,683.7625122070312,834.0,0.6777772307395935,8,8,1,0.9904462099075316,0.9904462099075316,0.9904462099075316,0.9817209150642157
4318,/home/yaxin/datasets/TacAct-original/18_9_R_8.xlsx,18,9,80,84.93539428710938,1.2163617610931396,678.6500244140625,856.0,0.6707079410552979,8,8,1,0.9962080717086792,0.9962080717086792,0.9962080717086792,0.9944091241341085
4319,/home/yaxin/datasets/TacAct-original/18_9_R_9.xlsx,18,9,80,88.20214080810547,1.0981414318084717,676.4625244140625,847.0,0.5862934589385986,8,8,1,0.998867392539978,0.998867392539978,0.998867392539978,0.9980387807008811
5760,/home/yaxin/datasets/TacAct-original/21_10_L_1.xlsx,21,10,80,168.2255096435547,1.4795480966567993,804.2625122070312,964.0,0.8559819459915161,9,9,1,0.9999866485595704,0.9999866485595704,0.9999866485595704,0.9999786691223563
5761,/home/yaxin/datasets/TacAct-original/21_10_L_10.xlsx,21,10,80,201.09715270996094,1.3808643817901611,756.2125244140625,945.0,0.8346337676048279,9,9,1,0.9999802112579346,0.9999802112579346,0.9999802112579346,0.9999700719226894
5762,/home/yaxin/datasets/TacAct-original/21_10_L_11.xlsx,21,10,80,274.0,1.633161187171936,745.4500122070312,945.0,0.8946590423583984,9,9,1,0.999984622001648,0.999984622001648,0.999984622001648,0.9999761156550449
5763,/home/yaxin/datasets/TacAct-original/21_10_L_12.xlsx,21,10,80,185.0,1.4930528402328491,745.8499755859375,945.0,0.873523473739624,9,9,1,0.9999880790710448,0.9999880790710448,0.9999880790710448,0.9999811968323228
5764,/home/yaxin/datasets/TacAct-original/21_10_L_13.xlsx,21,10,80,174.0,1.5061017274856567,737.9375,927.0,0.905471920967102,9,9,1,0.9999877214431764,0.9999877214431764,0.9999877214431764,0.9999810792760401
5765,/home/yaxin/datasets/TacAct-original/21_10_L_14.xlsx,21,10,80,204.84451293945312,1.5307506322860718,738.1624755859375,931.0,0.8572031259536743,9,9,1,0.9999881982803344,0.9999881982803344,0.9999881982803344,0.9999816706763339
5766,/home/yaxin/datasets/TacAct-original/21_10_L_15.xlsx,21,10,80,188.41275024414062,1.569966197013855,745.3624877929688,939.0,0.9002389907836914,9,9,1,0.9999889135360718,0.9999889135360718,0.9999889135360718,0.9999820542780071
5767,/home/yaxin/datasets/TacAct-original/21_10_L_16.xlsx,21,10,80,189.4954071044922,1.439805269241333,752.5625,948.0,0.8642446994781494,9,9,1,0.9999854564666748,0.9999854564666748,0.9999854564666748,0.9999778582496219
5768,/home/yaxin/datasets/TacAct-original/21_10_L_17.xlsx,21,10,80,170.95010375976562,1.420631766319275,744.6875,941.0,0.8452696204185486,9,9,1,0.9999892711639404,0.9999892711639404,0.9999892711639404,0.9999829301073078
5769,/home/yaxin/datasets/TacAct-original/21_10_L_18.xlsx,21,10,80,191.0457763671875,1.4064767360687256,754.2999877929688,966.0,0.8183372616767883,9,9,1,0.9999865293502808,0.9999865293502808,0.9999865293502808,0.999978527541316
5770,/home/yaxin/datasets/TacAct-original/21_10_L_19.xlsx,21,10,80,147.9729461669922,1.3954166173934937,761.4500122070312,946.0,0.8517146110534668,9,9,1,0.9999885559082032,0.9999885559082032,0.9999885559082032,0.9999817892517059
5771,/home/yaxin/datasets/TacAct-original/21_10_L_2.xlsx,21,10,80,218.7659912109375,1.6439902782440186,774.9000244140625,943.0,0.8986250758171082,9,9,1,0.9999837875366212,0.9999837875366212,0.9999837875366212,0.9999759675756651
5772,/home/yaxin/datasets/TacAct-original/21_10_L_20.xlsx,21,10,80,211.38990783691406,1.5663812160491943,755.1875,945.0,0.8817890882492065,9,9,1,0.9999896287918092,0.9999896287918092,0.9999896287918092,0.9999829838116058
5773,/home/yaxin/datasets/TacAct-original/21_10_L_3.xlsx,21,10,80,187.561767578125,1.6650863885879517,777.8499755859375,962.0,0.9058851599693298,9,9,1,0.9999536275863647,0.9999536275863647,0.9999536275863647,0.9999334696440201
5774,/home/yaxin/datasets/TacAct-original/21_10_L_4.xlsx,21,10,80,217.3019256591797,1.6810510158538818,766.2125244140625,972.0,0.9155467748641968,9,9,1,0.9999841451644896,0.9999841451644896,0.9999841451644896,0.999975019739395
5775,/home/yaxin/datasets/TacAct-original/21_10_L_5.xlsx,21,10,80,202.06398010253906,1.4972821474075317,749.0999755859375,951.0,0.8520253896713257,9,9,1,0.9999902248382568,0.9999902248382568,0.9999902248382568,0.9999839706547391
5776,/home/yaxin/datasets/TacAct-original/21_10_L_6.xlsx,21,10,80,223.3338623046875,1.1874380111694336,750.375,956.0,0.7632148265838623,9,9,1,0.9999879598617554,0.9999879598617554,0.9999879598617554,0.9999816511558492
5777,/home/yaxin/datasets/TacAct-original/21_10_L_7.xlsx,21,10,80,241.63697814941406,1.8098077774047852,768.0250244140625,957.0,0.8469612002372742,9,9,1,0.9999756813049316,0.9999756813049316,0.9999756813049316,0.9999634275318385
5778,/home/yaxin/datasets/TacAct-original/21_10_L_8.xlsx,21,10,80,242.63136291503906,1.520201325416565,757.5625,943.0,0.8659971952438354,9,9,1,0.9999785423278807,0.9999785423278807,0.9999785423278807,0.9999673241536583
5779,/home/yaxin/datasets/TacAct-original/21_10_L_9.xlsx,21,10,80,204.96441650390625,1.4438587427139282,752.3875122070312,947.0,0.8405277132987976,9,9,1,0.9999865293502808,0.9999865293502808,0.9999865293502808,0.9999790216807014
5780,/home/yaxin/datasets/TacAct-original/21_10_R_1.xlsx,21,10,80,204.18539428710938,1.284804344177246,759.0,967.0,0.7731403112411499,9,9,1,0.9999854564666748,0.9999854564666748,0.9999854564666748,0.999976524354679
5781,/home/yaxin/datasets/TacAct-original/21_10_R_10.xlsx,21,10,80,188.78720092773438,1.363710641860962,702.1500244140625,946.0,0.7556192874908447,9,9,1,0.9999847412109376,0.9999847412109376,0.9999847412109376,0.9999750009319542
5782,/home/yaxin/datasets/TacAct-original/21_10_R_11.xlsx,21,10,80,200.58639526367188,1.3857053518295288,712.0374755859375,927.0,0.8042507767677307,9,9,1,0.999983549118042,0.999983549118042,0.999983549118042,0.9999735210776635
5783,/home/yaxin/datasets/TacAct-original/21_10_R_12.xlsx,21,10,80,242.8668670654297,1.4372551441192627,710.4749755859375,953.0,0.8522472381591797,9,9,1,0.999975085258484,0.999975085258484,0.999975085258484,0.9999619890904797
5784,/home/yaxin/datasets/TacAct-original/21_10_R_13.xlsx,21,10,80,161.4578094482422,1.4668502807617188,718.5999755859375,956.0,0.9373567700386047,9,9,1,0.9999880790710448,0.9999880790710448,0.9999880790710448,0.999980901623985
5785,/home/yaxin/datasets/TacAct-original/21_10_R_14.xlsx,21,10,80,191.0,1.5062071084976196,706.4000244140625,951.0,0.8254048824310303,9,9,1,0.9999840259552002,0.9999840259552002,0.9999840259552002,0.9999746876546851
5786,/home/yaxin/datasets/TacAct-original/21_10_R_15.xlsx,21,10,80,194.90060424804688,1.4118794202804565,704.6500244140625,937.0,0.813552975654602,9,9,1,0.9999769926071168,0.9999769926071168,0.9999769926071168,0.9999646293827028
5787,/home/yaxin/datasets/TacAct-original/21_10_R_16.xlsx,21,10,80,192.9118194580078,1.3513567447662354,697.8624877929688,945.0,0.7678365707397461,9,9,1,0.999981164932251,0.999981164932251,0.999981164932251,0.9999700527396271
5788,/home/yaxin/datasets/TacAct-original/21_10_R_17.xlsx,21,10,80,251.5808868408203,1.5863929986953735,723.0999755859375,949.0,0.8527140617370605,9,9,1,0.999983549118042,0.999983549118042,0.999983549118042,0.9999735952451374
5789,/home/yaxin/datasets/TacAct-original/21_10_R_18.xlsx,21,10,80,231.0,1.5811353921890259,726.0499877929688,943.0,0.8399656414985657,9,9,1,0.9999812841415404,0.9999812841415404,0.9999812841415404,0.9999710641886849
5790,/home/yaxin/datasets/TacAct-original/21_10_R_19.xlsx,21,10,80,212.0,1.4115636348724365,713.0625,934.0,0.7918749451637268,9,9,1,0.9999841451644896,0.9999841451644896,0.9999841451644896,0.9999741841347712
5791,/home/yaxin/datasets/TacAct-original/21_10_R_2.xlsx,21,10,80,222.146240234375,1.1080983877182007,713.4874877929688,947.0,0.6929366588592529,9,9,1,0.9999880790710448,0.9999880790710448,0.9999880790710448,0.999980978232088
5792,/home/yaxin/datasets/TacAct-original/21_10_R_20.xlsx,21,10,80,170.0,1.6576697826385498,727.5875244140625,941.0,0.8883979916572571,9,9,1,0.9999778270721436,0.9999778270721436,0.9999778270721436,0.9999651018215445
5793,/home/yaxin/datasets/TacAct-original/21_10_R_3.xlsx,21,10,80,218.0,1.4718332290649414,725.6124877929688,965.0,0.8026968836784363,9,9,1,0.999986171722412,0.999986171722412,0.999986171722412,0.9999776473432574
5794,/home/yaxin/datasets/TacAct-original/21_10_R_4.xlsx,21,10,80,160.63134765625,1.1838030815124512,711.7249755859375,945.0,0.7147406339645386,9,9,1,0.9999903440475464,0.9999903440475464,0.9999903440475464,0.9999838881458345
5795,/home/yaxin/datasets/TacAct-original/21_10_R_5.xlsx,21,10,80,233.68185424804688,1.2825700044631958,710.6875,946.0,0.7826048135757446,9,9,1,0.9999873638153076,0.9999873638153076,0.9999873638153076,0.9999790389092595
5796,/home/yaxin/datasets/TacAct-original/21_10_R_6.xlsx,21,10,80,181.0,1.3289180994033813,701.1875,942.0,0.7654003500938416,9,9,1,0.9999860525131226,0.9999860525131226,0.9999860525131226,0.9999772895807837
5797,/home/yaxin/datasets/TacAct-original/21_10_R_7.xlsx,21,10,80,206.48599243164062,1.2141956090927124,713.0,942.0,0.7895516157150269,9,9,1,0.9999885559082032,0.9999885559082032,0.9999885559082032,0.9999810145686753
5798,/home/yaxin/datasets/TacAct-original/21_10_R_8.xlsx,21,10,80,170.04083251953125,1.295134425163269,699.5374755859375,943.0,0.766335666179657,9,9,1,0.9999862909317015,0.9999862909317015,0.9999862909317015,0.9999776966451462
5799,/home/yaxin/datasets/TacAct-original/21_10_R_9.xlsx,21,10,80,211.7321014404297,1.145607352256775,688.5374755859375,946.0,0.7259321808815002,9,9,1,0.9999862909317015,0.9999862909317015,0.9999862909317015,0.9999772403853057
5800,/home/yaxin/datasets/TacAct-original/21_11_L_1.xlsx,21,11,80,98.34333801269531,0.7040485143661499,725.1124877929688,856.0,0.2377120703458786,10,10,1,0.9999936819076538,0.9999936819076538,0.9999936819076538,0.9999905006084191
5801,/home/yaxin/datasets/TacAct-original/21_11_L_10.xlsx,21,11,80,60.91415786743164,0.6662886738777161,697.3250122070312,836.0,0.24091604351997375,10,10,1,0.9999816417694092,0.9999816417694092,0.9999816417694092,0.9999754959235361
5802,/home/yaxin/datasets/TacAct-original/21_11_L_11.xlsx,21,11,80,73.81624603271484,0.568234920501709,685.8624877929688,839.0,0.24222327768802643,10,10,1,0.9999945163726808,0.9999945163726808,0.9999945163726808,0.9999909870041394
5803,/home/yaxin/datasets/TacAct-original/21_11_L_12.xlsx,21,11,80,71.0567626953125,0.5496482849121094,678.2249755859375,841.0,0.22424142062664032,10,10,1,0.9999932050704956,0.9999932050704956,0.9999932050704956,0.9999892233058745
5804,/home/yaxin/datasets/TacAct-original/21_11_L_13.xlsx,21,11,80,62.20094680786133,0.7062796354293823,721.5750122070312,842.0,0.24737288057804108,10,10,1,0.9998928308486938,0.9998928308486938,0.9998928308486938,0.9998068298009457
5805,/home/yaxin/datasets/TacAct-original/21_11_L_14.xlsx,21,11,80,99.34149169921875,0.6215826869010925,698.5750122070312,843.0,0.2489062249660492,10,10,1,0.9999934434890748,0.9999934434890748,0.9999934434890748,0.9999901386813691
5806,/home/yaxin/datasets/TacAct-original/21_11_L_15.xlsx,21,11,80,97.8227310180664,0.7058391571044922,707.3250122070312,833.0,0.2585434317588806,10,10,1,0.9999896287918092,0.9999896287918092,0.9999896287918092,0.9999838932508284
5807,/home/yaxin/datasets/TacAct-original/21_11_L_16.xlsx,21,11,80,142.37767028808594,0.7614647746086121,713.6124877929688,853.0,0.27099043130874634,10,10,1,0.9999943971633912,0.9999943971633912,0.9999943971633912,0.9999908157287792
5808,/home/yaxin/datasets/TacAct-original/21_11_L_17.xlsx,21,11,80,105.3525619506836,0.6128894686698914,694.9000244140625,847.0,0.25683024525642395,10,10,1,0.9999723434448242,0.9999723434448242,0.9999723434448242,0.9999509528388444
5809,/home/yaxin/datasets/TacAct-original/21_11_L_18.xlsx,21,11,80,110.81973266601562,0.5585063695907593,680.1124877929688,854.0,0.25530028343200684,10,10,1,0.9999949932098388,0.9999949932098388,0.9999949932098388,0.9999921193991667
5810,/home/yaxin/datasets/TacAct-original/21_11_L_19.xlsx,21,11,80,102.79085540771484,0.6402955055236816,699.9500122070312,849.0,0.25616127252578735,10,10,1,0.9999960660934448,0.9999960660934448,0.9999960660934448,0.9999936497642921
5811,/home/yaxin/datasets/TacAct-original/21_11_L_2.xlsx,21,11,80,53.809974670410156,0.6941472887992859,702.6749877929688,835.0,0.24098485708236694,10,10,1,0.9999884366989136,0.9999884366989136,0.9999884366989136,0.9999812566893524
5812,/home/yaxin/datasets/TacAct-original/21_11_L_20.xlsx,21,11,80,90.27037811279297,0.6333214044570923,700.5625,845.0,0.25726327300071716,10,10,1,0.9999949932098388,0.9999949932098388,0.9999949932098388,0.9999918395460553
5813,/home/yaxin/datasets/TacAct-original/21_11_L_3.xlsx,21,11,80,51.59370803833008,0.5779250860214233,696.2625122070312,834.0,0.22990287840366364,10,10,1,0.9999843835830688,0.9999843835830688,0.9999843835830688,0.9999745719678685
5814,/home/yaxin/datasets/TacAct-original/21_11_L_4.xlsx,21,11,80,80.72960662841797,0.6378560066223145,693.5125122070312,840.0,0.24850110709667206,10,10,1,0.999995231628418,0.999995231628418,0.999995231628418,0.999992648919033
5815,/home/yaxin/datasets/TacAct-original/21_11_L_5.xlsx,21,11,80,46.94164276123047,0.5460677146911621,676.7249755859375,819.0,0.22793054580688477,10,10,1,0.9999805688858032,0.9999805688858032,0.9999805688858032,0.9999674262662666
5816,/home/yaxin/datasets/TacAct-original/21_11_L_6.xlsx,21,11,80,104.948486328125,0.5199517011642456,672.5125122070312,829.0,0.2202521413564682,10,10,1,0.999994158744812,0.999994158744812,0.999994158744812,0.9999908711108674
5817,/home/yaxin/datasets/TacAct-original/21_11_L_7.xlsx,21,11,80,68.29727935791016,0.660449743270874,702.8624877929688,840.0,0.24569036066532135,10,10,1,0.9999914169311525,0.9999914169311525,0.9999914169311525,0.9999875228495513
5818,/home/yaxin/datasets/TacAct-original/21_11_L_8.xlsx,21,11,80,63.11587142944336,0.6972616910934448,705.4500122070312,841.0,0.26058244705200195,10,10,1,0.999995231628418,0.999995231628418,0.999995231628418,0.9999922855340628
5819,/home/yaxin/datasets/TacAct-original/21_11_L_9.xlsx,21,11,80,115.22315979003906,0.571223258972168,672.8624877929688,815.0,0.25299155712127686,10,10,1,0.999992609024048,0.999992609024048,0.999992609024048,0.9999877055406615
5820,/home/yaxin/datasets/TacAct-original/21_11_R_1.xlsx,21,11,80,96.36901092529297,0.6070149540901184,689.6375122070312,871.0,0.2763202488422394,10,10,1,0.999984622001648,0.999984622001648,0.999984622001648,0.9999742120062365
5821,/home/yaxin/datasets/TacAct-original/21_11_R_10.xlsx,21,11,80,145.95773315429688,0.501228928565979,627.8375244140625,814.0,0.24130572378635406,10,10,1,0.999990701675415,0.999990701675415,0.999990701675415,0.9999857369834899
5822,/home/yaxin/datasets/TacAct-original/21_11_R_11.xlsx,21,11,80,101.27896118164062,0.5224525332450867,633.0,808.0,0.218713641166687,10,10,1,0.999995231628418,0.999995231628418,0.999995231628418,0.9999926721245629
5823,/home/yaxin/datasets/TacAct-original/21_11_R_12.xlsx,21,11,80,85.866943359375,0.4841457009315491,608.3499755859375,803.0,0.22364020347595215,10,10,1,0.999991774559021,0.999991774559021,0.999991774559021,0.9999875633325246
5824,/home/yaxin/datasets/TacAct-original/21_11_R_13.xlsx,21,11,80,108.61930847167969,0.5596553683280945,645.1124877929688,836.0,0.24627260863780975,10,10,1,0.9999902248382568,0.9999902248382568,0.9999902248382568,0.9999831715249456
5825,/home/yaxin/datasets/TacAct-original/21_11_R_14.xlsx,21,11,80,65.31758880615234,0.46228307485580444,618.9749755859375,803.0,0.20406173169612885,10,10,1,0.9999935626983644,0.9999935626983644,0.9999935626983644,0.9999905028646482
5826,/home/yaxin/datasets/TacAct-original/21_11_R_15.xlsx,21,11,80,77.95547485351562,0.48019641637802124,628.3250122070312,825.0,0.22398820519447327,10,10,1,0.9999964237213136,0.9999964237213136,0.9999964237213136,0.9999942460326566
5827,/home/yaxin/datasets/TacAct-original/21_11_R_16.xlsx,21,11,80,62.77830505371094,0.4761502146720886,627.7125244140625,828.0,0.21975292265415192,10,10,1,0.9999942779541016,0.9999942779541016,0.9999942779541016,0.9999911046888883
5828,/home/yaxin/datasets/TacAct-original/21_11_R_17.xlsx,21,11,80,91.00428009033203,0.45828524231910706,610.25,787.0,0.2168910652399063,10,10,1,0.9999934434890748,0.9999934434890748,0.9999934434890748,0.9999898862736246
5829,/home/yaxin/datasets/TacAct-original/21_11_R_18.xlsx,21,11,80,109.46829223632812,0.5515905618667603,638.2374877929688,846.0,0.23903994262218475,10,10,1,0.999992847442627,0.999992847442627,0.999992847442627,0.9999879577899264
5830,/home/yaxin/datasets/TacAct-original/21_11_R_19.xlsx,21,11,80,108.99969482421875,0.5277161598205566,631.0250244140625,817.0,0.2366587072610855,10,10,1,0.9999946355819702,0.9999946355819702,0.9999946355819702,0.9999916120361831
5831,/home/yaxin/datasets/TacAct-original/21_11_R_2.xlsx,21,11,80,128.21978759765625,0.527635931968689,647.1875,840.0,0.2373836785554886,10,10,1,0.9999891519546508,0.9999891519546508,0.9999891519546508,0.9999812540208949
5832,/home/yaxin/datasets/TacAct-original/21_11_R_20.xlsx,21,11,80,76.326171875,0.5108208060264587,634.0374755859375,812.0,0.23441419005393982,10,10,1,0.9999936819076538,0.9999936819076538,0.9999936819076538,0.9999900352290751
5833,/home/yaxin/datasets/TacAct-original/21_11_R_3.xlsx,21,11,80,74.85836029052734,0.470026433467865,622.7625122070312,828.0,0.22316281497478485,10,10,1,0.9999933242797852,0.9999933242797852,0.9999933242797852,0.9999898619516898
5834,/home/yaxin/datasets/TacAct-original/21_11_R_4.xlsx,21,11,80,119.56111907958984,0.5450856685638428,633.6624755859375,830.0,0.24372975528240204,10,10,1,0.9999885559082032,0.9999885559082032,0.9999885559082032,0.9999800533078088
5835,/home/yaxin/datasets/TacAct-original/21_11_R_5.xlsx,21,11,80,89.83551788330078,0.49108457565307617,624.7625122070312,797.0,0.23142756521701813,10,10,1,0.9999879598617554,0.9999879598617554,0.9999879598617554,0.9999802436122991
5836,/home/yaxin/datasets/TacAct-original/21_11_R_6.xlsx,21,11,80,104.948486328125,0.5446077585220337,620.9749755859375,825.0,0.25547704100608826,10,10,1,0.9999903440475464,0.9999903440475464,0.9999903440475464,0.9999843346981834
5837,/home/yaxin/datasets/TacAct-original/21_11_R_7.xlsx,21,11,80,144.57937622070312,0.4859960973262787,624.0250244140625,831.0,0.21881721913814545,10,10,1,0.9999929666519164,0.9999929666519164,0.9999929666519164,0.9999896344359057
5838,/home/yaxin/datasets/TacAct-original/21_11_R_8.xlsx,21,11,80,71.74663543701172,0.49530643224716187,629.5,805.0,0.22015874087810516,10,10,1,0.9999938011169434,0.9999938011169434,0.9999938011169434,0.9999905343274804
5839,/home/yaxin/datasets/TacAct-original/21_11_R_9.xlsx,21,11,80,150.61595153808594,0.5235520601272583,631.4500122070312,835.0,0.26064878702163696,10,10,1,0.999990701675415,0.999990701675415,0.999990701675415,0.9999838513481336
5840,/home/yaxin/datasets/TacAct-original/21_12_L_1.xlsx,21,12,80,196.0,2.518817186355591,824.2000122070312,944.0,1.3396998643875122,11,11,1,0.9986069798469543,0.9986069798469543,0.9986069798469543,0.9980958823580296
5841,/home/yaxin/datasets/TacAct-original/21_12_L_10.xlsx,21,12,80,180.0,2.2096309661865234,785.3375244140625,931.0,1.245484709739685,11,11,1,0.9998127818107604,0.9998127818107604,0.9998127818107604,0.9997429066570475
5842,/home/yaxin/datasets/TacAct-original/21_12_L_11.xlsx,21,12,80,182.0,2.0499260425567627,782.5250244140625,947.0,1.1695314645767212,11,11,1,0.9999364614486694,0.9999364614486694,0.9999364614486694,0.999913361381914
5843,/home/yaxin/datasets/TacAct-original/21_12_L_12.xlsx,21,12,80,217.82351684570312,2.1201250553131104,783.4874877929688,939.0,1.2473938465118408,11,11,1,0.9999585151672364,0.9999585151672364,0.9999585151672364,0.9999424887282659
5844,/home/yaxin/datasets/TacAct-original/21_12_L_13.xlsx,21,12,80,193.90621948242188,2.5502421855926514,799.9749755859375,941.0,1.2968660593032837,11,11,1,0.9996992349624634,0.9996992349624634,0.9996992349624634,0.9995436019235058
5845,/home/yaxin/datasets/TacAct-original/21_12_L_14.xlsx,21,12,80,174.02638244628906,2.4547202587127686,801.3499755859375,941.0,1.2919468879699707,11,11,1,0.9999372959136964,0.9999372959136964,0.9999372959136964,0.9999159837389017
5846,/home/yaxin/datasets/TacAct-original/21_12_L_15.xlsx,21,12,80,199.1635284423828,1.9688632488250732,795.0875244140625,935.0,1.0903410911560059,11,11,1,0.9994496703147888,0.9994496703147888,0.9994496703147888,0.9992729988007342
5847,/home/yaxin/datasets/TacAct-original/21_12_L_16.xlsx,21,12,80,179.8272705078125,2.1876139640808105,779.875,924.0,1.2429819107055664,11,11,1,0.9997372031211852,0.9997372031211852,0.9997372031211852,0.9996187441283836
5848,/home/yaxin/datasets/TacAct-original/21_12_L_17.xlsx,21,12,80,180.9210662841797,2.2067508697509766,784.4249877929688,936.0,1.2965079545974731,11,11,1,0.9996789693832396,0.9996789693832396,0.9996789693832396,0.9995619753171923
5849,/home/yaxin/datasets/TacAct-original/21_12_L_18.xlsx,21,12,80,157.78968811035156,2.2860159873962402,785.75,948.0,1.3248127698898315,11,11,1,0.9998676776885986,0.9998676776885986,0.9998676776885986,0.9998232344696589
5850,/home/yaxin/datasets/TacAct-original/21_12_L_19.xlsx,21,12,80,201.2799530029297,2.6219029426574707,787.3875122070312,951.0,1.4299583435058594,11,11,1,0.999614715576172,0.999614715576172,0.999614715576172,0.9994491633115105
5851,/home/yaxin/datasets/TacAct-original/21_12_L_2.xlsx,21,12,80,233.03419494628906,2.0697522163391113,815.2374877929688,953.0,1.1662958860397339,11,11,1,0.9999103546142578,0.9999103546142578,0.9999103546142578,0.9998733923894179
5852,/home/yaxin/datasets/TacAct-original/21_12_L_20.xlsx,21,12,80,223.73794555664062,2.484346866607666,787.4749755859375,934.0,1.365146517753601,11,11,1,0.999717652797699,0.999717652797699,0.999717652797699,0.9995785630599131
5853,/home/yaxin/datasets/TacAct-original/21_12_L_3.xlsx,21,12,80,219.6616973876953,2.0464134216308594,771.0374755859375,938.0,1.2293907403945923,11,11,1,0.9998923540115356,0.9998923540115356,0.9998923540115356,0.9998501693044091
5854,/home/yaxin/datasets/TacAct-original/21_12_L_4.xlsx,21,12,80,192.9118194580078,2.1788840293884277,768.9749755859375,923.0,1.2101823091506958,11,11,1,0.9999628067016602,0.9999628067016602,0.9999628067016602,0.9999495178008146
5855,/home/yaxin/datasets/TacAct-original/21_12_L_5.xlsx,21,12,80,220.25172424316406,1.9364219903945923,768.9874877929688,934.0,1.177849531173706,11,11,1,0.9999741315841676,0.9999741315841676,0.9999741315841676,0.9999641846652595
5856,/home/yaxin/datasets/TacAct-original/21_12_L_6.xlsx,21,12,80,200.0,2.4039745330810547,784.8875122070312,931.0,1.1501542329788208,11,11,1,0.9987844824790956,0.9987844824790956,0.9987844824790956,0.9982618676149287
5857,/home/yaxin/datasets/TacAct-original/21_12_L_7.xlsx,21,12,80,200.0,2.3168702125549316,784.6624755859375,940.0,1.2029272317886353,11,11,1,0.9993630051612854,0.9993630051612854,0.9993630051612854,0.9991487730003428
5858,/home/yaxin/datasets/TacAct-original/21_12_L_8.xlsx,21,12,80,197.0,2.221073627471924,778.1875,935.0,1.2467155456542969,11,11,1,0.9998617172241212,0.9998617172241212,0.9998617172241212,0.9998035329226697
5859,/home/yaxin/datasets/TacAct-original/21_12_L_9.xlsx,21,12,80,214.0,2.414721965789795,786.2750244140625,941.0,1.2805699110031128,11,11,1,0.9988952875137328,0.9988952875137328,0.9988952875137328,0.9981811525649391
5860,/home/yaxin/datasets/TacAct-original/21_12_R_1.xlsx,21,12,80,158.30592346191406,1.2026866674423218,744.1375122070312,913.0,0.8617457151412964,11,11,1,0.9999833106994628,0.9999833106994628,0.9999833106994628,0.999976836747919
5861,/home/yaxin/datasets/TacAct-original/21_12_R_10.xlsx,21,12,80,120.9987564086914,1.6071946620941162,743.5750122070312,912.0,0.8764427304267883,11,11,1,0.9997876286506652,0.9997876286506652,0.9997876286506652,0.9996673132845899
5862,/home/yaxin/datasets/TacAct-original/21_12_R_11.xlsx,21,12,80,120.9417953491211,1.7062549591064453,753.4500122070312,910.0,0.9223692417144775,11,11,1,0.9997407793998718,0.9997407793998718,0.9997407793998718,0.9995584659336602
5863,/home/yaxin/datasets/TacAct-original/21_12_R_12.xlsx,21,12,80,98.0,1.4324290752410889,740.4874877929688,901.0,0.813647985458374,11,11,1,0.999782383441925,0.999782383441925,0.999782383441925,0.9996508165640989
5864,/home/yaxin/datasets/TacAct-original/21_12_R_13.xlsx,21,12,80,116.0,1.1767579317092896,731.4749755859375,888.0,0.7673546671867371,11,11,1,0.9999493360519408,0.9999493360519408,0.9999493360519408,0.999931973619823
5865,/home/yaxin/datasets/TacAct-original/21_12_R_14.xlsx,21,12,80,121.0,1.2291383743286133,730.0250244140625,920.0,0.7761208415031433,11,11,1,0.9998111128807068,0.9998111128807068,0.9998111128807068,0.9997277663715067
5866,/home/yaxin/datasets/TacAct-original/21_12_R_15.xlsx,21,12,80,119.0,1.1800925731658936,737.6124877929688,904.0,0.7621324062347412,11,11,1,0.999951958656311,0.999951958656311,0.999951958656311,0.9999315712011594
5867,/home/yaxin/datasets/TacAct-original/21_12_R_16.xlsx,21,12,80,105.69495391845703,1.3285852670669556,744.5625,905.0,0.8167232871055603,11,11,1,0.9999613761901855,0.9999613761901855,0.9999613761901855,0.9999477162964467
5868,/home/yaxin/datasets/TacAct-original/21_12_R_17.xlsx,21,12,80,153.13905334472656,1.7055267095565796,759.0999755859375,915.0,0.934217631816864,11,11,1,0.9999339580535888,0.9999339580535888,0.9999339580535888,0.9999017943664511
5869,/home/yaxin/datasets/TacAct-original/21_12_R_18.xlsx,21,12,80,132.2539825439453,1.874094009399414,758.25,925.0,0.9466491937637329,11,11,1,0.9997275471687316,0.9997275471687316,0.9997275471687316,0.9995271181833231
5870,/home/yaxin/datasets/TacAct-original/21_12_R_19.xlsx,21,12,80,120.3212890625,1.4991209506988525,746.4375,916.0,0.8939555883407593,11,11,1,0.999932050704956,0.999932050704956,0.999932050704956,0.9999026066889201
5871,/home/yaxin/datasets/TacAct-original/21_12_R_2.xlsx,21,12,80,137.0,1.003700613975525,702.4124755859375,877.0,0.6793580651283264,11,11,1,0.999991774559021,0.999991774559021,0.999991774559021,0.9999885294898831
5872,/home/yaxin/datasets/TacAct-original/21_12_R_20.xlsx,21,12,80,131.39707946777344,1.731487512588501,752.2625122070312,924.0,0.9298102259635925,11,11,1,0.99957674741745,0.99957674741745,0.99957674741745,0.9992018984921742
5873,/home/yaxin/datasets/TacAct-original/21_12_R_3.xlsx,21,12,80,123.83466339111328,1.376450777053833,725.7000122070312,895.0,0.8841075897216797,11,11,1,0.9999918937683104,0.9999918937683104,0.9999918937683104,0.999987866525771
5874,/home/yaxin/datasets/TacAct-original/21_12_R_4.xlsx,21,12,80,174.0,1.5321004390716553,732.0499877929688,886.0,0.9460442662239075,11,11,1,0.9998780488967896,0.9998780488967896,0.9998780488967896,0.9998330408270704
5875,/home/yaxin/datasets/TacAct-original/21_12_R_5.xlsx,21,12,80,154.13058471679688,1.5739144086837769,741.5750122070312,912.0,0.9345589280128479,11,11,1,0.999818742275238,0.999818742275238,0.999818742275238,0.9997044415213169
5876,/home/yaxin/datasets/TacAct-original/21_12_R_6.xlsx,21,12,80,149.4984588623047,1.7183494567871094,736.0125122070312,909.0,0.9786455035209656,11,11,1,0.9999812841415404,0.9999812841415404,0.9999812841415404,0.9999718062163082
5877,/home/yaxin/datasets/TacAct-original/21_12_R_7.xlsx,21,12,80,173.9542236328125,1.6968332529067993,743.6375122070312,902.0,0.9849000573158264,11,11,1,0.9999860525131226,0.9999860525131226,0.9999860525131226,0.9999787758479215
5878,/home/yaxin/datasets/TacAct-original/21_12_R_8.xlsx,21,12,80,139.2147216796875,1.6173442602157593,747.8375244140625,918.0,0.9615883231163025,11,11,1,0.999879002571106,0.999879002571106,0.999879002571106,0.999805138046213
5879,/home/yaxin/datasets/TacAct-original/21_12_R_9.xlsx,21,12,80,140.85011291503906,1.6005802154541016,744.0374755859375,905.0,0.8710847496986389,11,11,1,0.9997256398200988,0.9997256398200988,0.9997256398200988,0.9996203971095383
5880,/home/yaxin/datasets/TacAct-original/21_1_L_1.xlsx,21,1,80,136.6412811279297,2.4222660064697266,743.3875122070312,844.0,0.38948333263397217,0,0,1,0.9999593496322632,0.9999593496322632,0.9999593496322632,0.9999344161515182
5881,/home/yaxin/datasets/TacAct-original/21_1_L_10.xlsx,21,1,80,142.4584197998047,2.2561862468719482,741.5,880.0,0.427602082490921,0,0,1,0.9999721050262452,0.9999721050262452,0.9999721050262452,0.999955998186124
5882,/home/yaxin/datasets/TacAct-original/21_1_L_11.xlsx,21,1,80,151.1474151611328,2.360795259475708,734.5750122070312,864.0,0.41213101148605347,0,0,1,0.999976396560669,0.999976396560669,0.999976396560669,0.9999618140354869
5883,/home/yaxin/datasets/TacAct-original/21_1_L_12.xlsx,21,1,80,125.68572235107422,2.3196635246276855,767.7874755859375,888.0,0.4075479507446289,0,0,1,0.9998997449874878,0.9998997449874878,0.9998997449874878,0.9998287177004386
5884,/home/yaxin/datasets/TacAct-original/21_1_L_13.xlsx,21,1,80,152.0,2.229642391204834,738.6875,864.0,0.4252593517303467,0,0,1,0.999968647956848,0.999968647956848,0.999968647956848,0.9999489436959265
5885,/home/yaxin/datasets/TacAct-original/21_1_L_14.xlsx,21,1,80,132.0,2.326288938522339,758.0499877929688,903.0,0.4156213104724884,0,0,1,0.9999535083770752,0.9999535083770752,0.9999535083770752,0.999920163070783
5886,/home/yaxin/datasets/TacAct-original/21_1_L_15.xlsx,21,1,80,148.4732666015625,2.1325206756591797,739.7249755859375,868.0,0.4059869349002838,0,0,1,0.9999725818634032,0.9999725818634032,0.9999725818634032,0.9999574833136647
5887,/home/yaxin/datasets/TacAct-original/21_1_L_16.xlsx,21,1,80,107.0,2.2165496349334717,753.7000122070312,899.0,0.40789514780044556,0,0,1,0.999969244003296,0.999969244003296,0.999969244003296,0.9999502197351832
5888,/home/yaxin/datasets/TacAct-original/21_1_L_17.xlsx,21,1,80,126.0,2.54844331741333,744.8624877929688,866.0,0.40365707874298096,0,0,1,0.9999604225158693,0.9999604225158693,0.9999604225158693,0.9999348706442107
5889,/home/yaxin/datasets/TacAct-original/21_1_L_18.xlsx,21,1,80,177.00157165527344,2.3836982250213623,738.4249877929688,858.0,0.398833304643631,0,0,1,0.9999675750732422,0.9999675750732422,0.9999675750732422,0.9999493869800062
5890,/home/yaxin/datasets/TacAct-original/21_1_L_19.xlsx,21,1,80,163.08009338378906,2.3570218086242676,731.4000244140625,849.0,0.38969072699546814,0,0,1,0.999961256980896,0.999961256980896,0.999961256980896,0.9999379898545158
5891,/home/yaxin/datasets/TacAct-original/21_1_L_2.xlsx,21,1,80,143.0,2.430168390274048,700.0875244140625,829.0,0.38049277663230896,0,0,1,0.9999611377716064,0.9999611377716064,0.9999611377716064,0.999937365133519
5892,/home/yaxin/datasets/TacAct-original/21_1_L_20.xlsx,21,1,80,133.2483673095703,2.7441229820251465,747.7999877929688,887.0,0.4154961407184601,0,0,1,0.9999401569366456,0.9999401569366456,0.9999401569366456,0.9999047295932543
5893,/home/yaxin/datasets/TacAct-original/21_1_L_3.xlsx,21,1,80,153.0,2.5137743949890137,712.5,853.0,0.3893161118030548,0,0,1,0.999914526939392,0.999914526939392,0.999914526939392,0.999847581006179
5894,/home/yaxin/datasets/TacAct-original/21_1_L_4.xlsx,21,1,80,132.2539825439453,2.1691832542419434,699.5750122070312,845.0,0.3545129597187042,0,0,1,0.9999679327011108,0.9999679327011108,0.9999679327011108,0.9999480771875824
5895,/home/yaxin/datasets/TacAct-original/21_1_L_5.xlsx,21,1,80,163.0,2.424442768096924,699.75,819.0,0.3873560428619385,0,0,1,0.9999712705612184,0.9999712705612184,0.9999712705612184,0.9999583163853459
5896,/home/yaxin/datasets/TacAct-original/21_1_L_6.xlsx,21,1,80,172.0,2.6641032695770264,717.3125,827.0,0.3992241322994232,0,0,1,0.9999380111694336,0.9999380111694336,0.9999380111694336,0.9998916581971571
5897,/home/yaxin/datasets/TacAct-original/21_1_L_7.xlsx,21,1,80,117.0,2.582235097885132,755.7874755859375,896.0,0.4805413782596588,0,0,1,0.9999537467956544,0.9999537467956544,0.9999537467956544,0.9999219249220915
5898,/home/yaxin/datasets/TacAct-original/21_1_L_8.xlsx,21,1,80,138.22032165527344,2.343188762664795,736.0875244140625,864.0,0.42893803119659424,0,0,1,0.9999599456787108,0.9999599456787108,0.9999599456787108,0.9999351405149354
5899,/home/yaxin/datasets/TacAct-original/21_1_L_9.xlsx,21,1,80,114.0,2.2782158851623535,738.8499755859375,885.0,0.41734182834625244,0,0,1,0.9999231100082396,0.9999231100082396,0.9999231100082396,0.9998670896566181
5900,/home/yaxin/datasets/TacAct-original/21_1_R_1.xlsx,21,1,80,203.53619384765625,2.34901762008667,745.8250122070312,872.0,0.3988795578479767,0,0,1,0.999894380569458,0.999894380569458,0.999894380569458,0.999830267370271
5901,/home/yaxin/datasets/TacAct-original/21_1_R_10.xlsx,21,1,80,171.0352325439453,2.6341300010681152,709.6500244140625,851.0,0.406463623046875,0,0,1,0.999915599822998,0.999915599822998,0.999915599822998,0.9998826691298746
5902,/home/yaxin/datasets/TacAct-original/21_1_R_11.xlsx,21,1,80,174.01840209960938,2.403735637664795,711.1375122070312,852.0,0.38777783513069153,0,0,1,0.999914526939392,0.999914526939392,0.999914526939392,0.9998781000431335
5903,/home/yaxin/datasets/TacAct-original/21_1_R_12.xlsx,21,1,80,133.0,2.4594807624816895,715.7249755859375,865.0,0.40220052003860474,0,0,1,0.9999265670776368,0.9999265670776368,0.9999265670776368,0.9998830814583927
5904,/home/yaxin/datasets/TacAct-original/21_1_R_13.xlsx,21,1,80,170.10513305664062,2.5904314517974854,709.4124755859375,855.0,0.39094075560569763,0,0,1,0.9999164342880248,0.9999164342880248,0.9999164342880248,0.9998875396177026
5905,/home/yaxin/datasets/TacAct-original/21_1_R_14.xlsx,21,1,80,147.0,2.5945048332214355,723.4000244140625,873.0,0.3864409923553467,0,0,1,0.9999139308929444,0.9999139308929444,0.9999139308929444,0.9998644191036875
5906,/home/yaxin/datasets/TacAct-original/21_1_R_15.xlsx,21,1,80,115.0,2.2627835273742676,703.5374755859375,868.0,0.38007423281669617,0,0,1,0.9999287128448486,0.9999287128448486,0.9999287128448486,0.9999028282272775
5907,/home/yaxin/datasets/TacAct-original/21_1_R_16.xlsx,21,1,80,169.0,2.6302807331085205,709.7374877929688,846.0,0.39634597301483154,0,0,1,0.9999237060546876,0.9999237060546876,0.9999237060546876,0.9998834755824647
5908,/home/yaxin/datasets/TacAct-original/21_1_R_17.xlsx,21,1,80,126.65253448486328,2.5222747325897217,733.4500122070312,877.0,0.3915092945098877,0,0,1,0.9999182224273682,0.9999182224273682,0.9999182224273682,0.999873628403293
5909,/home/yaxin/datasets/TacAct-original/21_1_R_18.xlsx,21,1,80,178.0,2.66706919670105,752.5999755859375,863.0,0.4852367341518402,0,0,1,0.999920129776001,0.999920129776001,0.999920129776001,0.9998823031637585
5910,/home/yaxin/datasets/TacAct-original/21_1_R_19.xlsx,21,1,80,186.0,2.686448812484741,762.1749877929688,886.0,0.4898023009300232,0,0,1,0.999906063079834,0.999906063079834,0.999906063079834,0.9998529638905893
5911,/home/yaxin/datasets/TacAct-original/21_1_R_2.xlsx,21,1,80,221.23500061035156,2.326023817062378,708.4000244140625,859.0,0.41385143995285034,0,0,1,0.9998966455459596,0.9998966455459596,0.9998966455459596,0.9998411007181859
5912,/home/yaxin/datasets/TacAct-original/21_1_R_20.xlsx,21,1,80,175.01278686523438,2.747161626815796,773.8250122070312,909.0,0.5018645524978638,0,0,1,0.9999133348464966,0.9999133348464966,0.9999133348464966,0.9998680198659713
5913,/home/yaxin/datasets/TacAct-original/21_1_R_3.xlsx,21,1,80,211.40232849121094,2.416780471801758,713.4625244140625,867.0,0.3987920880317688,0,0,1,0.9999078512191772,0.9999078512191772,0.9999078512191772,0.9998514899962174
5914,/home/yaxin/datasets/TacAct-original/21_1_R_4.xlsx,21,1,80,194.0,2.245741367340088,701.0875244140625,845.0,0.3895486295223236,0,0,1,0.9999313354492188,0.9999313354492188,0.9999313354492188,0.9998971342211007
5915,/home/yaxin/datasets/TacAct-original/21_1_R_5.xlsx,21,1,80,191.9174346923828,2.3655083179473877,717.3375244140625,855.0,0.38408389687538147,0,0,1,0.999913215637207,0.999913215637207,0.999913215637207,0.9998665388811787
5916,/home/yaxin/datasets/TacAct-original/21_1_R_6.xlsx,21,1,80,209.55174255371094,2.2219440937042236,689.9375,832.0,0.38253992795944214,0,0,1,0.9999046325683594,0.9999046325683594,0.9999046325683594,0.9998582545704267
5917,/home/yaxin/datasets/TacAct-original/21_1_R_7.xlsx,21,1,80,181.97352600097656,2.4661099910736084,713.5125122070312,854.0,0.38795995712280273,0,0,1,0.999903678894043,0.999903678894043,0.999903678894043,0.9998578337836079
5918,/home/yaxin/datasets/TacAct-original/21_1_R_8.xlsx,21,1,80,148.1642303466797,2.5127856731414795,708.0250244140625,862.0,0.398625910282135,0,0,1,0.9999138116836548,0.9999138116836548,0.9999138116836548,0.9998708133971377
5919,/home/yaxin/datasets/TacAct-original/21_1_R_9.xlsx,21,1,80,119.326904296875,2.230656147003174,719.4124755859375,867.0,0.38080331683158875,0,0,1,0.999903917312622,0.999903917312622,0.999903917312622,0.9998656929637945
5920,/home/yaxin/datasets/TacAct-original/21_2_L_1.xlsx,21,2,80,197.0,1.2684814929962158,684.2874755859375,842.0,0.3899650573730469,1,1,1,0.9999624490737916,0.9999624490737916,0.9999624490737916,0.9999456308905793
5921,/home/yaxin/datasets/TacAct-original/21_2_L_10.xlsx,21,2,80,197.88377380371094,1.3770979642868042,682.1624755859375,846.0,0.40342381596565247,1,1,1,0.9999419450759888,0.9999419450759888,0.9999419450759888,0.9999178595990088
5922,/home/yaxin/datasets/TacAct-original/21_2_L_11.xlsx,21,2,80,218.7659912109375,1.434737205505371,682.8375244140625,822.0,0.3832228481769562,1,1,1,0.9999333620071412,0.9999333620071412,0.9999333620071412,0.9999150299681788
5923,/home/yaxin/datasets/TacAct-original/21_2_L_12.xlsx,21,2,80,326.78289794921875,1.3194547891616821,645.8875122070312,820.0,0.336992084980011,1,1,1,0.999963641166687,0.999963641166687,0.999963641166687,0.9999486701899514
5924,/home/yaxin/datasets/TacAct-original/21_2_L_13.xlsx,21,2,80,225.0,1.2942569255828857,658.0374755859375,810.0,0.30025964975357056,1,1,1,0.9999486207962036,0.9999486207962036,0.9999486207962036,0.999920245118119
5925,/home/yaxin/datasets/TacAct-original/21_2_L_14.xlsx,21,2,80,252.0,1.4542163610458374,689.7374877929688,838.0,0.38567855954170227,1,1,1,0.9999536275863647,0.9999536275863647,0.9999536275863647,0.9999355566233135
5926,/home/yaxin/datasets/TacAct-original/21_2_L_15.xlsx,21,2,80,268.48553466796875,1.3506742715835571,691.3624877929688,834.0,0.3910820484161377,1,1,1,0.9999597072601318,0.9999597072601318,0.9999597072601318,0.9999434727924381
5927,/home/yaxin/datasets/TacAct-original/21_2_L_16.xlsx,21,2,80,186.0,1.379069447517395,678.9249877929688,825.0,0.4166561961174011,1,1,1,0.9999603033065796,0.9999603033065796,0.9999603033065796,0.9999449504939548
5928,/home/yaxin/datasets/TacAct-original/21_2_L_17.xlsx,21,2,80,193.0,1.2930164337158203,670.4500122070312,821.0,0.3492467999458313,1,1,1,0.9999597072601318,0.9999597072601318,0.9999597072601318,0.9999439904368046
5929,/home/yaxin/datasets/TacAct-original/21_2_L_18.xlsx,21,2,80,177.00157165527344,1.4113590717315674,647.7874755859375,812.0,0.3115848898887634,1,1,1,0.9999396800994872,0.9999396800994872,0.9999396800994872,0.9999257100234898
5930,/home/yaxin/datasets/TacAct-original/21_2_L_19.xlsx,21,2,80,262.5191955566406,1.238576889038086,631.9500122070312,786.0,0.2976323366165161,1,1,1,0.9999611377716064,0.9999611377716064,0.9999611377716064,0.9999418155075546
5931,/home/yaxin/datasets/TacAct-original/21_2_L_2.xlsx,21,2,80,179.0,1.3182255029678345,661.2125244140625,848.0,0.3222343623638153,1,1,1,0.9999589920043944,0.9999589920043944,0.9999589920043944,0.9999364759623858
5932,/home/yaxin/datasets/TacAct-original/21_2_L_20.xlsx,21,2,80,195.89498901367188,1.1224381923675537,631.2125244140625,780.0,0.2930402457714081,1,1,1,0.9999579191207886,0.9999579191207886,0.9999579191207886,0.9999434515448229
5933,/home/yaxin/datasets/TacAct-original/21_2_L_3.xlsx,21,2,80,237.65940856933594,1.1646244525909424,670.5374755859375,818.0,0.3764924705028534,1,1,1,0.9999592304229736,0.9999592304229736,0.9999592304229736,0.999944712893921
5934,/home/yaxin/datasets/TacAct-original/21_2_L_4.xlsx,21,2,80,194.0,1.289968729019165,677.9874877929688,841.0,0.3480490744113922,1,1,1,0.9999566078186036,0.9999566078186036,0.9999566078186036,0.9999375927709481
5935,/home/yaxin/datasets/TacAct-original/21_2_L_5.xlsx,21,2,80,183.0,1.2626159191131592,678.0125122070312,835.0,0.3290032148361206,1,1,1,0.9999582767486572,0.9999582767486572,0.9999582767486572,0.9999355845375248
5936,/home/yaxin/datasets/TacAct-original/21_2_L_6.xlsx,21,2,80,264.5079650878906,1.408519983291626,681.5,840.0,0.373408704996109,1,1,1,0.9999500513076782,0.9999500513076782,0.9999500513076782,0.9999255872498907
5937,/home/yaxin/datasets/TacAct-original/21_2_L_7.xlsx,21,2,80,171.0352325439453,1.1828314065933228,690.7374877929688,844.0,0.3635543882846832,1,1,1,0.9999567270278932,0.9999567270278932,0.9999567270278932,0.9999351393234975
5938,/home/yaxin/datasets/TacAct-original/21_2_L_8.xlsx,21,2,80,198.878173828125,1.3158401250839233,709.1500244140625,844.0,0.37741851806640625,1,1,1,0.999954104423523,0.999954104423523,0.999954104423523,0.9999402652656499
5939,/home/yaxin/datasets/TacAct-original/21_2_L_9.xlsx,21,2,80,258.0,1.1240829229354858,690.75,854.0,0.3916972577571869,1,1,1,0.999953269958496,0.999953269958496,0.999953269958496,0.9999329710426536
5940,/home/yaxin/datasets/TacAct-original/21_2_R_1.xlsx,21,2,80,194.60011291503906,1.4686399698257446,687.6124877929688,817.0,0.318560928106308,1,1,1,0.9999643564224244,0.9999643564224244,0.9999643564224244,0.9999488712801395
5941,/home/yaxin/datasets/TacAct-original/21_2_R_10.xlsx,21,2,80,212.7996368408203,1.2402788400650024,640.3499755859375,776.0,0.30131906270980835,1,1,1,0.9999651908874512,0.9999651908874512,0.9999651908874512,0.9999509398712689
5942,/home/yaxin/datasets/TacAct-original/21_2_R_11.xlsx,21,2,80,192.0,1.2832332849502563,660.9249877929688,809.0,0.28742897510528564,1,1,1,0.9999622106552124,0.9999622106552124,0.9999622106552124,0.9999419013547595
5943,/home/yaxin/datasets/TacAct-original/21_2_R_12.xlsx,21,2,80,235.000732421875,1.2856521606445312,644.2874755859375,791.0,0.3043554425239563,1,1,1,0.9999641180038452,0.9999641180038452,0.9999641180038452,0.9999503183762499
5944,/home/yaxin/datasets/TacAct-original/21_2_R_13.xlsx,21,2,80,198.0,1.281954050064087,630.75,787.0,0.29229798913002014,1,1,1,0.9999617338180542,0.9999617338180542,0.9999617338180542,0.9999456646746694
5945,/home/yaxin/datasets/TacAct-original/21_2_R_14.xlsx,21,2,80,237.27099609375,1.1813660860061646,648.6124877929688,800.0,0.28614628314971924,1,1,1,0.9999432563781738,0.9999432563781738,0.9999432563781738,0.999909586400463
5946,/home/yaxin/datasets/TacAct-original/21_2_R_15.xlsx,21,2,80,160.0,1.200720191001892,648.2249755859375,802.0,0.3143933415412903,1,1,1,0.9999574422836304,0.9999574422836304,0.9999574422836304,0.9999398287964141
5947,/home/yaxin/datasets/TacAct-original/21_2_R_16.xlsx,21,2,80,183.87086486816406,1.2049319744110107,655.0374755859375,793.0,0.28968361020088196,1,1,1,0.9999592304229736,0.9999592304229736,0.9999592304229736,0.9999394645037682
5948,/home/yaxin/datasets/TacAct-original/21_2_R_17.xlsx,21,2,80,202.0,1.081360936164856,632.9874877929688,781.0,0.2978968024253845,1,1,1,0.9999603033065796,0.9999603033065796,0.9999603033065796,0.999948324451907
5949,/home/yaxin/datasets/TacAct-original/21_2_R_18.xlsx,21,2,80,277.238525390625,1.3037828207015991,653.5750122070312,818.0,0.2905760705471039,1,1,1,0.999951958656311,0.999951958656311,0.999951958656311,0.999932872802674
5950,/home/yaxin/datasets/TacAct-original/21_2_R_19.xlsx,21,2,80,204.0,1.102970838546753,645.6749877929688,812.0,0.2995838224887848,1,1,1,0.9999600648880004,0.9999600648880004,0.9999600648880004,0.9999399889275081
5951,/home/yaxin/datasets/TacAct-original/21_2_R_2.xlsx,21,2,80,205.0,1.6439828872680664,650.0499877929688,813.0,0.3045613169670105,1,1,1,0.9999432563781738,0.9999432563781738,0.9999432563781738,0.9999276341950463
5952,/home/yaxin/datasets/TacAct-original/21_2_R_20.xlsx,21,2,80,306.0,1.2429594993591309,676.2999877929688,826.0,0.2960786521434784,1,1,1,0.9999603033065796,0.9999603033065796,0.9999603033065796,0.9999488090006707
5953,/home/yaxin/datasets/TacAct-original/21_2_R_3.xlsx,21,2,80,189.0,1.519763708114624,642.7625122070312,807.0,0.3133547902107239,1,1,1,0.999948501586914,0.999948501586914,0.999948501586914,0.999932917920887
5954,/home/yaxin/datasets/TacAct-original/21_2_R_4.xlsx,21,2,80,167.2737579345703,1.5778839588165283,647.0999755859375,802.0,0.32455974817276,1,1,1,0.9999637603759766,0.9999637603759766,0.9999637603759766,0.9999485614825971
5955,/home/yaxin/datasets/TacAct-original/21_2_R_5.xlsx,21,2,80,165.0,1.4435985088348389,634.1124877929688,786.0,0.32458096742630005,1,1,1,0.9999622106552124,0.9999622106552124,0.9999622106552124,0.9999474881396964
5956,/home/yaxin/datasets/TacAct-original/21_2_R_6.xlsx,21,2,80,187.0,1.4941504001617432,636.6500244140625,803.0,0.3266201317310333,1,1,1,0.9999599456787108,0.9999599456787108,0.9999599456787108,0.9999417780945804
5957,/home/yaxin/datasets/TacAct-original/21_2_R_7.xlsx,21,2,80,192.0,1.3039754629135132,635.7750244140625,786.0,0.30395859479904175,1,1,1,0.9999639987945556,0.9999639987945556,0.9999639987945556,0.9999488040848518
5958,/home/yaxin/datasets/TacAct-original/21_2_R_8.xlsx,21,2,80,163.0,1.2432219982147217,630.8499755859375,798.0,0.3019750118255615,1,1,1,0.9999676942825316,0.9999676942825316,0.9999676942825316,0.9999559145207967
5959,/home/yaxin/datasets/TacAct-original/21_2_R_9.xlsx,21,2,80,179.0,1.3119081258773804,635.1624755859375,783.0,0.29885706305503845,1,1,1,0.9999642372131348,0.9999642372131348,0.9999642372131348,0.99995038711495
5960,/home/yaxin/datasets/TacAct-original/21_3_L_1.xlsx,21,3,80,102.0,2.091221809387207,770.0374755859375,869.0,0.3274955153465271,2,2,1,0.9999417066574096,0.9999417066574096,0.9999417066574096,0.999922446657365
5961,/home/yaxin/datasets/TacAct-original/21_3_L_10.xlsx,21,3,80,101.0,1.8747018575668335,711.9749755859375,822.0,0.3072459399700165,2,2,1,0.9999215602874756,0.9999215602874756,0.9999215602874756,0.9998925843683537
5962,/home/yaxin/datasets/TacAct-original/21_3_L_11.xlsx,21,3,80,117.0,2.2014050483703613,704.0,827.0,0.3576045036315918,2,2,1,0.9999513626098632,0.9999513626098632,0.9999513626098632,0.9999345542510126
5963,/home/yaxin/datasets/TacAct-original/21_3_L_12.xlsx,21,3,80,84.0,2.02476167678833,691.4375,834.0,0.3224964439868927,2,2,1,0.9999362230300904,0.9999362230300904,0.9999362230300904,0.999910947339231
5964,/home/yaxin/datasets/TacAct-original/21_3_L_13.xlsx,21,3,80,102.48220825195312,2.076967239379883,672.0875244140625,808.0,0.3395155072212219,2,2,1,0.9999252557754515,0.9999252557754515,0.9999252557754515,0.9998960848861315
5965,/home/yaxin/datasets/TacAct-original/21_3_L_14.xlsx,21,3,80,87.50639343261719,1.9734256267547607,685.9249877929688,807.0,0.31894972920417786,2,2,1,0.9999444484710692,0.9999444484710692,0.9999444484710692,0.9999237499105219
5966,/home/yaxin/datasets/TacAct-original/21_3_L_15.xlsx,21,3,80,127.82466125488281,1.9065662622451782,692.5750122070312,808.0,0.3137490451335907,2,2,1,0.9999277591705322,0.9999277591705322,0.9999277591705322,0.9998994260513427
5967,/home/yaxin/datasets/TacAct-original/21_3_L_16.xlsx,21,3,80,95.0,2.129603147506714,714.3125,838.0,0.35160982608795166,2,2,1,0.9999346733093262,0.9999346733093262,0.9999346733093262,0.9999115122682269
5968,/home/yaxin/datasets/TacAct-original/21_3_L_17.xlsx,21,3,80,82.53443908691406,1.8106467723846436,708.1500244140625,837.0,0.31441059708595276,2,2,1,0.9999322891235352,0.9999322891235352,0.9999322891235352,0.9999077047032188
5969,/home/yaxin/datasets/TacAct-original/21_3_L_18.xlsx,21,3,80,95.0785903930664,1.8777484893798828,712.5875244140625,860.0,0.4113854467868805,2,2,1,0.9999401569366456,0.9999401569366456,0.9999401569366456,0.9999185107117229
5970,/home/yaxin/datasets/TacAct-original/21_3_L_19.xlsx,21,3,80,137.28749084472656,2.1858105659484863,759.75,871.0,0.5272349119186401,2,2,1,0.999941349029541,0.999941349029541,0.999941349029541,0.9999184515545494
5971,/home/yaxin/datasets/TacAct-original/21_3_L_2.xlsx,21,3,80,95.0,1.8911354541778564,730.0499877929688,850.0,0.3291507065296173,2,2,1,0.9999366998672484,0.9999366998672484,0.9999366998672484,0.9999140597647055
5972,/home/yaxin/datasets/TacAct-original/21_3_L_20.xlsx,21,3,80,85.0,1.7602207660675049,762.4124755859375,886.0,0.48332706093788147,2,2,1,0.9999220371246338,0.9999220371246338,0.9999220371246338,0.9998918269320711
5973,/home/yaxin/datasets/TacAct-original/21_3_L_3.xlsx,21,3,80,78.66133117675781,1.8254129886627197,721.2374877929688,838.0,0.33557388186454773,2,2,1,0.9999345541000366,0.9999345541000366,0.9999345541000366,0.9999114391794137
5974,/home/yaxin/datasets/TacAct-original/21_3_L_4.xlsx,21,3,80,92.0,2.006107807159424,717.5499877929688,843.0,0.3410283923149109,2,2,1,0.9999264478683472,0.9999264478683472,0.9999264478683472,0.9998996709800849
5975,/home/yaxin/datasets/TacAct-original/21_3_L_5.xlsx,21,3,80,88.50078582763672,2.1428515911102295,737.125,849.0,0.3248634934425354,2,2,1,0.9999374151229858,0.9999374151229858,0.9999374151229858,0.9999176396595431
5976,/home/yaxin/datasets/TacAct-original/21_3_L_6.xlsx,21,3,80,111.0,1.8800792694091797,727.4749755859375,836.0,0.3079574704170227,2,2,1,0.999923825263977,0.999923825263977,0.999923825263977,0.9998971401164454
5977,/home/yaxin/datasets/TacAct-original/21_3_L_7.xlsx,21,3,80,99.52151489257812,2.221200466156006,710.4749755859375,840.0,0.3487085700035095,2,2,1,0.9999440908432008,0.9999440908432008,0.9999440908432008,0.9999254679787556
5978,/home/yaxin/datasets/TacAct-original/21_3_L_8.xlsx,21,3,80,94.0,1.8525114059448242,710.8499755859375,826.0,0.3243759870529175,2,2,1,0.9999316930770874,0.9999316930770874,0.9999316930770874,0.9999069532750582
5979,/home/yaxin/datasets/TacAct-original/21_3_L_9.xlsx,21,3,80,108.0,2.323432207107544,734.5374755859375,851.0,0.3537689745426178,2,2,1,0.9999358654022216,0.9999358654022216,0.9999358654022216,0.9999130603900993
5980,/home/yaxin/datasets/TacAct-original/21_3_R_1.xlsx,21,3,80,104.41104125976562,1.6679385900497437,716.0875244140625,852.0,0.33087801933288574,2,2,1,0.999930500984192,0.999930500984192,0.999930500984192,0.9999052012499307
5981,/home/yaxin/datasets/TacAct-original/21_3_R_10.xlsx,21,3,80,111.0,1.815260648727417,694.7125244140625,834.0,0.3357989192008972,2,2,1,0.9999195337295532,0.9999195337295532,0.9999195337295532,0.9998895034314046
5982,/home/yaxin/datasets/TacAct-original/21_3_R_11.xlsx,21,3,80,96.0,1.7065155506134033,695.2000122070312,830.0,0.3337201476097107,2,2,1,0.9998897314071656,0.9998897314071656,0.9998897314071656,0.9998454481064983
5983,/home/yaxin/datasets/TacAct-original/21_3_R_12.xlsx,21,3,80,123.0,1.7697460651397705,688.6624755859375,819.0,0.32396844029426575,2,2,1,0.999932050704956,0.999932050704956,0.999932050704956,0.9999080907109601
5984,/home/yaxin/datasets/TacAct-original/21_3_R_13.xlsx,21,3,80,103.4166488647461,1.8580458164215088,688.9625244140625,820.0,0.33531898260116577,2,2,1,0.9999394416809082,0.9999394416809082,0.9999394416809082,0.9999184908865573
5985,/home/yaxin/datasets/TacAct-original/21_3_R_14.xlsx,21,3,80,94.0,1.678794503211975,695.4000244140625,856.0,0.32447072863578796,2,2,1,0.999941349029541,0.999941349029541,0.999941349029541,0.9999206074771791
5986,/home/yaxin/datasets/TacAct-original/21_3_R_15.xlsx,21,3,80,120.05345153808594,1.8150142431259155,713.5,847.0,0.34881392121315,2,2,1,0.999922513961792,0.999922513961792,0.999922513961792,0.9998920359612384
5987,/home/yaxin/datasets/TacAct-original/21_3_R_16.xlsx,21,3,80,109.38299560546875,1.7626464366912842,687.4874877929688,823.0,0.3151629567146301,2,2,1,0.999927282333374,0.999927282333374,0.999927282333374,0.9999014389213698
5988,/home/yaxin/datasets/TacAct-original/21_3_R_17.xlsx,21,3,80,108.38860321044922,1.8030437231063843,690.6875,826.0,0.33224746584892273,2,2,1,0.9999325275421144,0.9999325275421144,0.9999325275421144,0.9999079025419634
5989,/home/yaxin/datasets/TacAct-original/21_3_R_18.xlsx,21,3,80,97.45030212402344,1.8529012203216553,700.1624755859375,813.0,0.3288046419620514,2,2,1,0.999929428100586,0.999929428100586,0.999929428100586,0.9999028424535937
5990,/home/yaxin/datasets/TacAct-original/21_3_R_19.xlsx,21,3,80,104.0,1.745374321937561,705.0250244140625,831.0,0.3772333264350891,2,2,1,0.9999382495880128,0.9999382495880128,0.9999382495880128,0.9999163031025092
5991,/home/yaxin/datasets/TacAct-original/21_3_R_2.xlsx,21,3,80,92.0,1.6130752563476562,669.3375244140625,835.0,0.3066830337047577,2,2,1,0.9999362230300904,0.9999362230300904,0.9999362230300904,0.9999132680623007
5992,/home/yaxin/datasets/TacAct-original/21_3_R_20.xlsx,21,3,80,102.0,1.8933395147323608,742.375,843.0,0.41101425886154175,2,2,1,0.9999216794967652,0.9999216794967652,0.9999216794967652,0.9998934936993465
5993,/home/yaxin/datasets/TacAct-original/21_3_R_3.xlsx,21,3,80,110.0,1.7162669897079468,691.5875244140625,823.0,0.3203224837779999,2,2,1,0.999921441078186,0.999921441078186,0.999921441078186,0.9998921733840689
5994,/home/yaxin/datasets/TacAct-original/21_3_R_4.xlsx,21,3,80,103.24299621582031,1.6686300039291382,677.375,804.0,0.34145259857177734,2,2,1,0.9999333620071412,0.9999333620071412,0.9999333620071412,0.9999088547829161
5995,/home/yaxin/datasets/TacAct-original/21_3_R_5.xlsx,21,3,80,81.0,1.7095237970352173,691.2625122070312,827.0,0.32579487562179565,2,2,1,0.9999443292617798,0.9999443292617798,0.9999443292617798,0.9999242159610731
5996,/home/yaxin/datasets/TacAct-original/21_3_R_6.xlsx,21,3,80,103.07585906982422,1.718908667564392,697.3624877929688,847.0,0.32223764061927795,2,2,1,0.9999359846115112,0.9999359846115112,0.9999359846115112,0.9999127331557247
5997,/home/yaxin/datasets/TacAct-original/21_3_R_7.xlsx,21,3,80,82.0,1.5881258249282837,687.9874877929688,825.0,0.31701138615608215,2,2,1,0.9999381303787231,0.9999381303787231,0.9999381303787231,0.9999157942402235
5998,/home/yaxin/datasets/TacAct-original/21_3_R_8.xlsx,21,3,80,129.552978515625,1.6948249340057373,689.7625122070312,816.0,0.3348016142845154,2,2,1,0.9999014139175416,0.9999014139175416,0.9999014139175416,0.9998606008266507
5999,/home/yaxin/datasets/TacAct-original/21_3_R_9.xlsx,21,3,80,101.0,1.7669445276260376,697.7374877929688,828.0,0.3156549334526062,2,2,1,0.999935507774353,0.999935507774353,0.999935507774353,0.9999114113743417
6000,/home/yaxin/datasets/TacAct-original/21_4_L_1.xlsx,21,4,80,191.0,4.403952121734619,806.2874755859375,932.0,0.5352962017059326,3,3,1,0.915399134159088,0.915399134159088,0.915399134159088,0.8310039713978766
6001,/home/yaxin/datasets/TacAct-original/21_4_L_10.xlsx,21,4,80,196.26309204101562,4.907398223876953,754.9375,898.0,0.5553262233734131,3,3,1,0.99942147731781,0.99942147731781,0.99942147731781,0.9988664730335586
6002,/home/yaxin/datasets/TacAct-original/21_4_L_11.xlsx,21,4,80,221.40023803710938,4.795848846435547,761.3125,907.0,0.5503714084625244,3,3,1,0.8942425847053528,0.8942425847053528,0.8942425847053528,0.7886087372899055
6003,/home/yaxin/datasets/TacAct-original/21_4_L_12.xlsx,21,4,80,180.97914123535156,4.667515754699707,747.2750244140625,883.0,0.5181370973587036,3,3,1,0.9989081621170044,0.9989081621170044,0.9989081621170044,0.9978458714904264
6004,/home/yaxin/datasets/TacAct-original/21_4_L_13.xlsx,21,4,80,172.0,4.553300380706787,755.7125244140625,917.0,0.49903059005737305,3,3,1,0.905822455883026,0.905822455883026,0.905822455883026,0.8117319792509078
6005,/home/yaxin/datasets/TacAct-original/21_4_L_14.xlsx,21,4,80,189.0,4.387377738952637,766.5999755859375,927.0,0.5329954624176025,3,6,0,0.9957945346832277,0.0040300535038113,0.9957945346832277,0.9917644811794164
6006,/home/yaxin/datasets/TacAct-original/21_4_L_15.xlsx,21,4,80,190.75372314453125,4.665283679962158,748.9249877929688,896.0,0.5233005285263062,3,3,1,0.998695433139801,0.998695433139801,0.998695433139801,0.9974231545347721
6007,/home/yaxin/datasets/TacAct-original/21_4_L_16.xlsx,21,4,80,255.55844116210938,4.672541618347168,754.3125,932.0,0.5327327847480774,3,3,1,0.9995846152305604,0.9995846152305604,0.9995846152305604,0.9991923699853943
6008,/home/yaxin/datasets/TacAct-original/21_4_L_17.xlsx,21,4,80,178.86045837402344,4.686428070068359,764.0875244140625,929.0,0.5227529406547546,3,6,0,0.9897581338882446,0.0101000005379319,0.9897581338882446,0.9796581333503127
6009,/home/yaxin/datasets/TacAct-original/21_4_L_18.xlsx,21,4,80,264.5079650878906,4.705071926116943,749.0250244140625,893.0,0.507536768913269,3,3,1,0.9994244575500488,0.9994244575500488,0.9994244575500488,0.9988744238507934
6010,/home/yaxin/datasets/TacAct-original/21_4_L_19.xlsx,21,4,80,190.0,4.436123847961426,771.1749877929688,914.0,0.5419325232505798,3,6,0,0.982220470905304,0.0176433082669973,0.982220470905304,0.9645771626383066
6011,/home/yaxin/datasets/TacAct-original/21_4_L_2.xlsx,21,4,80,214.63253784179688,4.727322578430176,759.9375,915.0,0.511336624622345,3,3,1,0.9942504167556764,0.9942504167556764,0.9942504167556764,0.9885426186956466
6012,/home/yaxin/datasets/TacAct-original/21_4_L_20.xlsx,21,4,80,195.0,4.562406063079834,794.7125244140625,929.0,0.5594102740287781,3,3,1,0.9995478987693788,0.9995478987693788,0.9995478987693788,0.9991205350379461
6013,/home/yaxin/datasets/TacAct-original/21_4_L_3.xlsx,21,4,80,217.0,4.1549973487854,746.3499755859375,881.0,0.49001941084861755,3,3,1,0.9996309280395508,0.9996309280395508,0.9996309280395508,0.9992879891360645
6014,/home/yaxin/datasets/TacAct-original/21_4_L_4.xlsx,21,4,80,197.0,4.887229919433594,760.0625,910.0,0.5227099657058716,3,3,1,0.989831268787384,0.989831268787384,0.989831268787384,0.9797217044979334
6015,/home/yaxin/datasets/TacAct-original/21_4_L_5.xlsx,21,4,80,217.7033233642578,4.661814212799072,783.4000244140625,930.0,0.5256639719009399,3,3,1,0.9995902180671692,0.9995902180671692,0.9995902180671692,0.9992060880467762
6016,/home/yaxin/datasets/TacAct-original/21_4_L_6.xlsx,21,4,80,236.3636016845703,4.738160610198975,782.2374877929688,899.0,0.5137720108032227,3,3,1,0.9994988441467284,0.9994988441467284,0.9994988441467284,0.9990309017593972
6017,/home/yaxin/datasets/TacAct-original/21_4_L_7.xlsx,21,4,80,232.05093383789062,4.921311378479004,761.5,905.0,0.5425114631652832,3,3,1,0.9980693459510804,0.9980693459510804,0.9980693459510804,0.9961781059391799
6018,/home/yaxin/datasets/TacAct-original/21_4_L_8.xlsx,21,4,80,183.0,4.485862731933594,759.2874755859375,909.0,0.49417731165885925,3,6,0,0.9998138546943665,0.000115419665235,0.9998138546943665,0.9996984350291315
6019,/home/yaxin/datasets/TacAct-original/21_4_L_9.xlsx,21,4,80,170.0,4.677914619445801,780.75,941.0,0.525097131729126,3,6,0,0.99979430437088,0.0001310959924012,0.99979430437088,0.9996632083784788
6020,/home/yaxin/datasets/TacAct-original/21_4_R_1.xlsx,21,4,80,155.3561248779297,3.780602216720581,820.4000244140625,932.0,0.4840949475765228,3,3,1,0.9995928406715392,0.9995928406715392,0.9995928406715392,0.9992196187376975
6021,/home/yaxin/datasets/TacAct-original/21_4_R_10.xlsx,21,4,80,171.08839416503906,3.471637010574341,783.5125122070312,920.0,0.445744127035141,3,3,1,0.999541997909546,0.999541997909546,0.999541997909546,0.9991202924575193
6022,/home/yaxin/datasets/TacAct-original/21_4_R_11.xlsx,21,4,80,148.89202880859375,3.736394166946411,786.3125,935.0,0.46194931864738464,3,3,1,0.999537467956543,0.999537467956543,0.999537467956543,0.9991266630240717
6023,/home/yaxin/datasets/TacAct-original/21_4_R_12.xlsx,21,4,80,146.50672912597656,4.127567291259766,794.1749877929688,935.0,0.484416127204895,3,3,1,0.9995266199111938,0.9995266199111938,0.9995266199111938,0.9991015964769758
6024,/home/yaxin/datasets/TacAct-original/21_4_R_13.xlsx,21,4,80,133.2483673095703,4.218123435974121,783.4000244140625,910.0,0.4731944501399994,3,3,1,0.9995477795600892,0.9995477795600892,0.9995477795600892,0.9991322059649975
6025,/home/yaxin/datasets/TacAct-original/21_4_R_14.xlsx,21,4,80,164.07449340820312,4.484327793121338,790.0999755859375,932.0,0.514458954334259,3,3,1,0.999535322189331,0.999535322189331,0.999535322189331,0.9991145186359064
6026,/home/yaxin/datasets/TacAct-original/21_4_R_15.xlsx,21,4,80,174.0,4.0553364753723145,788.6749877929688,917.0,0.47346439957618713,3,3,1,0.99951171875,0.99951171875,0.99951171875,0.9990656425361522
6027,/home/yaxin/datasets/TacAct-original/21_4_R_16.xlsx,21,4,80,216.81472778320312,4.335227966308594,792.3125,955.0,0.5414108037948608,3,3,1,0.9995748400688172,0.9995748400688172,0.9995748400688172,0.9991890197852629
6028,/home/yaxin/datasets/TacAct-original/21_4_R_17.xlsx,21,4,80,147.1698455810547,4.153717994689941,823.0,931.0,0.5422022342681885,3,3,1,0.9995471835136414,0.9995471835136414,0.9995471835136414,0.9991384574386758
6029,/home/yaxin/datasets/TacAct-original/21_4_R_18.xlsx,21,4,80,187.0,4.4748711585998535,825.2625122070312,949.0,0.5534728765487671,3,3,1,0.999550998210907,0.999550998210907,0.999550998210907,0.9991432318056469
6030,/home/yaxin/datasets/TacAct-original/21_4_R_19.xlsx,21,4,80,215.76821899414062,4.480113506317139,824.8125,946.0,0.5843749642372131,3,3,1,0.9994543194770812,0.9994543194770812,0.9994543194770812,0.9989587419549933
6031,/home/yaxin/datasets/TacAct-original/21_4_R_2.xlsx,21,4,80,231.6930694580078,3.560253620147705,786.5374755859375,946.0,0.4712991416454315,3,3,1,0.9992212057113647,0.9992212057113647,0.9992212057113647,0.9985193220782095
6032,/home/yaxin/datasets/TacAct-original/21_4_R_20.xlsx,21,4,80,249.0,4.408542633056641,820.2874755859375,925.0,0.5680573582649231,3,3,1,0.9995219707489014,0.9995219707489014,0.9995219707489014,0.9990979068097658
6033,/home/yaxin/datasets/TacAct-original/21_4_R_3.xlsx,21,4,80,179.0,3.533344268798828,767.0750122070312,920.0,0.4481563866138458,3,3,1,0.9995837807655334,0.9995837807655334,0.9995837807655334,0.9992002213257365
6034,/home/yaxin/datasets/TacAct-original/21_4_R_4.xlsx,21,4,80,223.03482055664062,3.204637050628662,777.8624877929688,931.0,0.44510939717292786,3,3,1,0.9994195699691772,0.9994195699691772,0.9994195699691772,0.9988957368186675
6035,/home/yaxin/datasets/TacAct-original/21_4_R_5.xlsx,21,4,80,254.56405639648438,3.7501838207244873,778.2249755859375,924.0,0.4713321626186371,3,3,1,0.9995957016944884,0.9995957016944884,0.9995957016944884,0.9992249140050261
6036,/home/yaxin/datasets/TacAct-original/21_4_R_6.xlsx,21,4,80,182.0,3.707202196121216,780.0499877929688,914.0,0.48147156834602356,3,3,1,0.9995669722557068,0.9995669722557068,0.9995669722557068,0.9991709723253734
6037,/home/yaxin/datasets/TacAct-original/21_4_R_7.xlsx,21,4,80,194.90060424804688,3.2825043201446533,780.6500244140625,921.0,0.4402751624584198,3,3,1,0.9994950294494628,0.9994950294494628,0.9994950294494628,0.9990446689189411
6038,/home/yaxin/datasets/TacAct-original/21_4_R_8.xlsx,21,4,80,171.0352325439453,3.0649828910827637,758.7874755859375,908.0,0.42263349890708923,3,3,1,0.9993131160736084,0.9993131160736084,0.9993131160736084,0.9986696399282665
6039,/home/yaxin/datasets/TacAct-original/21_4_R_9.xlsx,21,4,80,169.04644775390625,2.7111220359802246,773.8624877929688,908.0,0.3997064530849457,3,3,1,0.9918571710586548,0.9918571710586548,0.9918571710586548,0.9841429679654539
6040,/home/yaxin/datasets/TacAct-original/21_5_L_1.xlsx,21,5,80,183.0,1.9013481140136719,742.4874877929688,876.0,0.3391728401184082,4,4,1,0.999638557434082,0.999638557434082,0.999638557434082,0.9993852949410211
6041,/home/yaxin/datasets/TacAct-original/21_5_L_10.xlsx,21,5,80,247.6033172607422,1.8300764560699463,721.7249755859375,863.0,0.32667985558509827,4,4,1,0.9996490478515624,0.9996490478515624,0.9996490478515624,0.9993772020970936
6042,/home/yaxin/datasets/TacAct-original/21_5_L_11.xlsx,21,5,80,231.0,1.8330329656600952,731.9000244140625,895.0,0.34582310914993286,4,4,1,0.9996324777603148,0.9996324777603148,0.9996324777603148,0.9993778572243173
6043,/home/yaxin/datasets/TacAct-original/21_5_L_12.xlsx,21,5,80,301.55157470703125,1.9145629405975342,720.2374877929688,856.0,0.3347461521625519,4,4,1,0.9995924830436708,0.9995924830436708,0.9995924830436708,0.9992714258551134
6044,/home/yaxin/datasets/TacAct-original/21_5_L_13.xlsx,21,5,80,259.0,1.95379638671875,710.9000244140625,852.0,0.33687248826026917,4,4,1,0.9996691942214966,0.9996691942214966,0.9996691942214966,0.9994173743471038
6045,/home/yaxin/datasets/TacAct-original/21_5_L_14.xlsx,21,5,80,247.6033172607422,1.797353744506836,712.3624877929688,861.0,0.3339965045452118,4,4,1,0.9996529817581176,0.9996529817581176,0.9996529817581176,0.9994013361865653
6046,/home/yaxin/datasets/TacAct-original/21_5_L_15.xlsx,21,5,80,367.0,1.8050495386123657,708.6624755859375,863.0,0.32800862193107605,4,4,1,0.9996811151504515,0.9996811151504515,0.9996811151504515,0.9994372443325118
6047,/home/yaxin/datasets/TacAct-original/21_5_L_16.xlsx,21,5,80,303.0,1.7795722484588623,709.9874877929688,865.0,0.3276712894439697,4,4,1,0.9996849298477172,0.9996849298477172,0.9996849298477172,0.9994457975990371
6048,/home/yaxin/datasets/TacAct-original/21_5_L_17.xlsx,21,5,80,213.0,1.8404548168182373,711.3125,846.0,0.346820592880249,4,4,1,0.9996541738510132,0.9996541738510132,0.9996541738510132,0.9994028836081271
6049,/home/yaxin/datasets/TacAct-original/21_5_L_18.xlsx,21,5,80,206.0,1.928992509841919,711.0374755859375,857.0,0.34042516350746155,4,4,1,0.9996572732925416,0.9996572732925416,0.9996572732925416,0.9993999936559705
6050,/home/yaxin/datasets/TacAct-original/21_5_L_19.xlsx,21,5,80,192.0,1.9020683765411377,714.7999877929688,879.0,0.350358784198761,4,4,1,0.9996179342269896,0.9996179342269896,0.9996179342269896,0.9993366758280898
6051,/home/yaxin/datasets/TacAct-original/21_5_L_2.xlsx,21,5,80,236.0,2.2320609092712402,732.3125,877.0,0.3484840393066406,4,4,1,0.9995943903923036,0.9995943903923036,0.9995943903923036,0.9992707814963071
6052,/home/yaxin/datasets/TacAct-original/21_5_L_20.xlsx,21,5,80,281.41259765625,1.7508289813995361,703.7999877929688,850.0,0.32921990752220154,4,4,1,0.9996498823165894,0.9996498823165894,0.9996498823165894,0.9993981678853744
6053,/home/yaxin/datasets/TacAct-original/21_5_L_3.xlsx,21,5,80,243.88812255859375,2.0871872901916504,729.6875,872.0,0.34612515568733215,4,4,1,0.9996384382247924,0.9996384382247924,0.9996384382247924,0.9993648637610022
6054,/home/yaxin/datasets/TacAct-original/21_5_L_4.xlsx,21,5,80,238.0,1.9520063400268555,728.4749755859375,876.0,0.33023351430892944,4,4,1,0.999653935432434,0.999653935432434,0.999653935432434,0.9993861885741353
6055,/home/yaxin/datasets/TacAct-original/21_5_L_5.xlsx,21,5,80,215.0,1.9702997207641602,725.1624755859375,884.0,0.3532552719116211,4,4,1,0.9995673298835754,0.9995673298835754,0.9995673298835754,0.9992348749365192
6056,/home/yaxin/datasets/TacAct-original/21_5_L_6.xlsx,21,5,80,183.0,2.0900039672851562,722.1375122070312,875.0,0.3434069752693176,4,4,1,0.9994356036186218,0.9994356036186218,0.9994356036186218,0.9989689824578818
6057,/home/yaxin/datasets/TacAct-original/21_5_L_7.xlsx,21,5,80,213.36886596679688,1.9405266046524048,710.4874877929688,863.0,0.3395918309688568,4,4,1,0.9996469020843506,0.9996469020843506,0.9996469020843506,0.9993767541309354
6058,/home/yaxin/datasets/TacAct-original/21_5_L_8.xlsx,21,5,80,177.00157165527344,2.0139319896698,749.1375122070312,896.0,0.3577423095703125,4,4,1,0.9996352195739746,0.9996352195739746,0.9996352195739746,0.9993757900083438
6059,/home/yaxin/datasets/TacAct-original/21_5_L_9.xlsx,21,5,80,217.0,1.8837730884552002,734.6749877929688,850.0,0.3351084589958191,4,4,1,0.9995381832122804,0.9995381832122804,0.9995381832122804,0.9992249701172115
6060,/home/yaxin/datasets/TacAct-original/21_5_R_1.xlsx,21,5,80,266.53509521484375,1.7193095684051514,727.6375122070312,872.0,0.34464651346206665,4,4,1,0.9990836381912231,0.9990836381912231,0.9990836381912231,0.9985436036367902
6061,/home/yaxin/datasets/TacAct-original/21_5_R_10.xlsx,21,5,80,157.60328674316406,1.8422963619232178,710.5125122070312,864.0,0.33242329955101013,4,4,1,0.999445617198944,0.999445617198944,0.999445617198944,0.9989868463308084
6062,/home/yaxin/datasets/TacAct-original/21_5_R_11.xlsx,21,5,80,164.39483642578125,1.8155120611190796,720.7625122070312,870.0,0.3282453715801239,4,4,1,0.9994865655899048,0.9994865655899048,0.9994865655899048,0.999093878082931
6063,/home/yaxin/datasets/TacAct-original/21_5_R_12.xlsx,21,5,80,167.2737579345703,1.815921425819397,724.125,882.0,0.3268681466579437,4,4,1,0.9996306896209716,0.9996306896209716,0.9996306896209716,0.9993398414226249
6064,/home/yaxin/datasets/TacAct-original/21_5_R_13.xlsx,21,5,80,176.0,1.7979084253311157,712.375,853.0,0.3267253339290619,4,4,1,0.999562919139862,0.999562919139862,0.999562919139862,0.9992238376580643
6065,/home/yaxin/datasets/TacAct-original/21_5_R_14.xlsx,21,5,80,159.0,1.854027509689331,714.5625,869.0,0.3273942768573761,4,4,1,0.9996932744979858,0.9996932744979858,0.9996932744979858,0.9994583036896074
6066,/home/yaxin/datasets/TacAct-original/21_5_R_15.xlsx,21,5,80,177.99595642089844,1.664663314819336,703.5999755859375,837.0,0.3102577328681946,4,4,1,0.9996979236602784,0.9996979236602784,0.9996979236602784,0.9994742560811576
6067,/home/yaxin/datasets/TacAct-original/21_5_R_16.xlsx,21,5,80,158.10813903808594,1.8986250162124634,712.9000244140625,866.0,0.3384062945842743,4,4,1,0.9983635544776917,0.9983635544776917,0.9983635544776917,0.9973602498648688
6068,/home/yaxin/datasets/TacAct-original/21_5_R_17.xlsx,21,5,80,198.0,1.7842586040496826,710.6749877929688,863.0,0.3246983289718628,4,4,1,0.9996745586395264,0.9996745586395264,0.9996745586395264,0.9994271779141854
6069,/home/yaxin/datasets/TacAct-original/21_5_R_18.xlsx,21,5,80,176.00718688964844,1.7706682682037354,711.1624755859375,857.0,0.33059218525886536,4,4,1,0.9988056421279908,0.9988056421279908,0.9988056421279908,0.9977744906209411
6070,/home/yaxin/datasets/TacAct-original/21_5_R_19.xlsx,21,5,80,177.99595642089844,2.113708972930908,731.6375122070312,903.0,0.3477344214916229,4,4,1,0.9995027780532836,0.9995027780532836,0.9995027780532836,0.999111791519681
6071,/home/yaxin/datasets/TacAct-original/21_5_R_2.xlsx,21,5,80,227.0,1.6018564701080322,689.7374877929688,858.0,0.33450013399124146,4,4,1,0.9996373653411864,0.9996373653411864,0.9996373653411864,0.9993623005284461
6072,/home/yaxin/datasets/TacAct-original/21_5_R_20.xlsx,21,5,80,182.96791076660156,1.9088685512542725,728.2000122070312,869.0,0.3396173417568207,4,4,1,0.9995484948158264,0.9995484948158264,0.9995484948158264,0.999218103766907
6073,/home/yaxin/datasets/TacAct-original/21_5_R_3.xlsx,21,5,80,202.0,1.5239074230194092,698.5750122070312,832.0,0.3214585781097412,4,4,1,0.9995934367179872,0.9995934367179872,0.9995934367179872,0.999300813797163
6074,/home/yaxin/datasets/TacAct-original/21_5_R_4.xlsx,21,5,80,176.0,1.3552906513214111,679.4000244140625,821.0,0.3034324049949646,4,4,1,0.9996368885040284,0.9996368885040284,0.9996368885040284,0.9993712480354591
6075,/home/yaxin/datasets/TacAct-original/21_5_R_5.xlsx,21,5,80,175.01278686523438,1.5516009330749512,699.9124755859375,844.0,0.3218887448310852,4,4,1,0.9995473027229308,0.9995473027229308,0.9995473027229308,0.9991993236471898
6076,/home/yaxin/datasets/TacAct-original/21_5_R_6.xlsx,21,5,80,220.0,1.5406075716018677,681.9625244140625,829.0,0.31275486946105957,4,4,1,0.9997242093086244,0.9997242093086244,0.9997242093086244,0.9995170664042236
6077,/home/yaxin/datasets/TacAct-original/21_5_R_7.xlsx,21,5,80,197.6381378173828,1.681888222694397,691.5750122070312,860.0,0.3359370529651642,4,4,1,0.9996265172958374,0.9996265172958374,0.9996265172958374,0.9993335238541478
6078,/home/yaxin/datasets/TacAct-original/21_5_R_8.xlsx,21,5,80,170.0,1.6935555934906006,707.7999877929688,874.0,0.3252088725566864,4,4,1,0.9997029900550842,0.9997029900550842,0.9997029900550842,0.9994801138236653
6079,/home/yaxin/datasets/TacAct-original/21_5_R_9.xlsx,21,5,80,166.0632781982422,1.754384994506836,722.9625244140625,873.0,0.327682226896286,4,4,1,0.9995834231376648,0.9995834231376648,0.9995834231376648,0.9992611648631283
6080,/home/yaxin/datasets/TacAct-original/21_6_L_1.xlsx,21,6,80,309.0,0.6522110104560852,638.1749877929688,784.0,0.2731289267539978,5,5,1,0.9999765157699584,0.9999765157699584,0.9999765157699584,0.9999693158233639
6081,/home/yaxin/datasets/TacAct-original/21_6_L_10.xlsx,21,6,80,165.0,0.8490859866142273,672.7125244140625,813.0,0.29042497277259827,5,5,1,0.9999779462814332,0.9999779462814332,0.9999779462814332,0.9999700032358306
6082,/home/yaxin/datasets/TacAct-original/21_6_L_11.xlsx,21,6,80,174.01840209960938,0.6905947923660278,650.25,815.0,0.29074686765670776,5,5,1,0.9999735355377196,0.9999735355377196,0.9999735355377196,0.9999648911207258
6083,/home/yaxin/datasets/TacAct-original/21_6_L_12.xlsx,21,6,80,119.326904296875,0.6149269938468933,628.1624755859375,793.0,0.28283098340034485,5,5,1,0.9999605417251588,0.9999605417251588,0.9999605417251588,0.9999456933182956
6084,/home/yaxin/datasets/TacAct-original/21_6_L_13.xlsx,21,6,80,218.0,1.0347545146942139,682.7750244140625,818.0,0.2958284914493561,5,5,1,0.999963879585266,0.999963879585266,0.999963879585266,0.9999509288154512
6085,/home/yaxin/datasets/TacAct-original/21_6_L_14.xlsx,21,6,80,186.9454803466797,0.7539690136909485,662.6875,809.0,0.294938325881958,5,5,1,0.9999760389328004,0.9999760389328004,0.9999760389328004,0.9999683279165766
6086,/home/yaxin/datasets/TacAct-original/21_6_L_15.xlsx,21,6,80,174.03819274902344,1.0480809211730957,677.4500122070312,813.0,0.30667585134506226,5,5,1,0.9999622106552124,0.9999622106552124,0.9999622106552124,0.9999508095834244
6087,/home/yaxin/datasets/TacAct-original/21_6_L_16.xlsx,21,6,80,164.0,0.6621807813644409,628.8499755859375,789.0,0.28408265113830566,5,5,1,0.999969244003296,0.999969244003296,0.999969244003296,0.9999578963725072
6088,/home/yaxin/datasets/TacAct-original/21_6_L_17.xlsx,21,6,80,142.19789123535156,0.6931147575378418,627.5,789.0,0.27399128675460815,5,5,1,0.9999445676803588,0.9999445676803588,0.9999445676803588,0.9999259481301123
6089,/home/yaxin/datasets/TacAct-original/21_6_L_18.xlsx,21,6,80,171.08839416503906,0.9497578740119934,669.5,790.0,0.2955264747142792,5,5,1,0.999975562095642,0.999975562095642,0.999975562095642,0.9999674014643459
6090,/home/yaxin/datasets/TacAct-original/21_6_L_19.xlsx,21,6,80,154.0,0.754534900188446,650.2999877929688,791.0,0.2816838026046753,5,5,1,0.9999700784683228,0.9999700784683228,0.9999700784683228,0.9999611866514897
6091,/home/yaxin/datasets/TacAct-original/21_6_L_2.xlsx,21,6,80,162.42462158203125,0.5985864400863647,624.4124755859375,778.0,0.26595985889434814,5,5,1,0.9999589920043944,0.9999589920043944,0.9999589920043944,0.999945158664559
6092,/home/yaxin/datasets/TacAct-original/21_6_L_20.xlsx,21,6,80,176.0,0.8084680438041687,666.9000244140625,800.0,0.28092893958091736,5,5,1,0.9999715089797974,0.9999715089797974,0.9999715089797974,0.9999625241325703
6093,/home/yaxin/datasets/TacAct-original/21_6_L_3.xlsx,21,6,80,148.4732666015625,0.7540084719657898,632.375,770.0,0.27459219098091125,5,5,1,0.9999743700027466,0.9999743700027466,0.9999743700027466,0.9999666223284294
6094,/home/yaxin/datasets/TacAct-original/21_6_L_4.xlsx,21,6,80,156.11936950683594,0.6573016047477722,631.3250122070312,801.0,0.2629452049732208,5,5,1,0.9999402761459352,0.9999402761459352,0.9999402761459352,0.9999213158571366
6095,/home/yaxin/datasets/TacAct-original/21_6_L_5.xlsx,21,6,80,152.1417999267578,0.974461555480957,650.2874755859375,789.0,0.28859904408454895,5,5,1,0.9999691247940063,0.9999691247940063,0.9999691247940063,0.9999585549512631
6096,/home/yaxin/datasets/TacAct-original/21_6_L_6.xlsx,21,6,80,230.6538848876953,0.8079082369804382,640.1749877929688,796.0,0.2890044152736664,5,5,1,0.9999680519104004,0.9999680519104004,0.9999680519104004,0.9999564651097899
6097,/home/yaxin/datasets/TacAct-original/21_6_L_7.xlsx,21,6,80,271.381591796875,0.7448663711547852,630.6375122070312,780.0,0.2719170153141022,5,5,1,0.9999650716781616,0.9999650716781616,0.9999650716781616,0.9999539204918619
6098,/home/yaxin/datasets/TacAct-original/21_6_L_8.xlsx,21,6,80,187.94091796875,0.8282060623168945,666.4124755859375,797.0,0.28318801522254944,5,5,1,0.9999765157699584,0.9999765157699584,0.9999765157699584,0.999968969520978
6099,/home/yaxin/datasets/TacAct-original/21_6_L_9.xlsx,21,6,80,230.0843963623047,1.1574552059173584,704.2750244140625,840.0,0.29647350311279297,5,5,1,0.9999698400497437,0.9999698400497437,0.9999698400497437,0.9999592405711155
6100,/home/yaxin/datasets/TacAct-original/21_6_R_1.xlsx,21,6,80,116.0,0.8306471109390259,660.8875122070312,820.0,0.3341113030910492,5,5,1,0.9999423027038574,0.9999423027038574,0.9999423027038574,0.9999250274213409
6101,/home/yaxin/datasets/TacAct-original/21_6_R_10.xlsx,21,6,80,183.0,0.9284717440605164,668.5625,825.0,0.34528425335884094,5,5,1,0.9999758005142212,0.9999758005142212,0.9999758005142212,0.9999678275680708
6102,/home/yaxin/datasets/TacAct-original/21_6_R_11.xlsx,21,6,80,241.0,1.1627137660980225,700.3125,837.0,0.3666643500328064,5,5,1,0.9999376535415648,0.9999376535415648,0.9999376535415648,0.9999173048199735
6103,/home/yaxin/datasets/TacAct-original/21_6_R_12.xlsx,21,6,80,212.0,1.1464011669158936,683.0250244140625,840.0,0.34681236743927,5,5,1,0.9999690055847168,0.9999690055847168,0.9999690055847168,0.999957921373607
6104,/home/yaxin/datasets/TacAct-original/21_6_R_13.xlsx,21,6,80,187.9398651123047,0.979073166847229,677.0875244140625,829.0,0.3465886116027832,5,5,1,0.9999724626541138,0.9999724626541138,0.9999724626541138,0.9999629819649272
6105,/home/yaxin/datasets/TacAct-original/21_6_R_14.xlsx,21,6,80,271.0,1.2148829698562622,709.2125244140625,865.0,0.3354072570800781,5,5,1,0.9999483823776244,0.9999483823776244,0.9999483823776244,0.9999322922558348
6106,/home/yaxin/datasets/TacAct-original/21_6_R_15.xlsx,21,6,80,264.0,1.3373711109161377,726.0750122070312,864.0,0.32131123542785645,5,5,1,0.999976634979248,0.999976634979248,0.999976634979248,0.9999691935336159
6107,/home/yaxin/datasets/TacAct-original/21_6_R_16.xlsx,21,6,80,191.0,0.9819024801254272,696.4000244140625,831.0,0.31548330187797546,5,5,1,0.9999706745147704,0.9999706745147704,0.9999706745147704,0.9999603246524201
6108,/home/yaxin/datasets/TacAct-original/21_6_R_17.xlsx,21,6,80,306.0,0.9501420259475708,688.2874755859375,821.0,0.29758673906326294,5,5,1,0.999956488609314,0.999956488609314,0.999956488609314,0.9999433657430927
6109,/home/yaxin/datasets/TacAct-original/21_6_R_18.xlsx,21,6,80,168.0520477294922,0.7043660283088684,669.9124755859375,824.0,0.2782965302467346,5,5,1,0.999962329864502,0.999962329864502,0.999962329864502,0.9999505951063838
6110,/home/yaxin/datasets/TacAct-original/21_6_R_19.xlsx,21,6,80,232.0,0.7362149953842163,652.0499877929688,806.0,0.292150616645813,5,5,1,0.999968409538269,0.999968409538269,0.999968409538269,0.999957031899612
6111,/home/yaxin/datasets/TacAct-original/21_6_R_2.xlsx,21,6,80,222.21826171875,0.9855818748474121,689.9874877929688,846.0,0.33450591564178467,5,5,1,0.9999761581420898,0.9999761581420898,0.9999761581420898,0.9999684321392124
6112,/home/yaxin/datasets/TacAct-original/21_6_R_20.xlsx,21,6,80,182.96791076660156,0.7232662439346313,675.4000244140625,816.0,0.3073781430721283,5,5,1,0.9999734163284302,0.9999734163284302,0.9999734163284302,0.999963720654705
6113,/home/yaxin/datasets/TacAct-original/21_6_R_3.xlsx,21,6,80,200.866943359375,0.8910654783248901,669.4124755859375,841.0,0.3296499252319336,5,5,1,0.9999727010726928,0.9999727010726928,0.9999727010726928,0.9999631844821123
6114,/home/yaxin/datasets/TacAct-original/21_6_R_4.xlsx,21,6,80,171.0,0.8950721621513367,670.2374877929688,813.0,0.3340030014514923,5,5,1,0.999945878982544,0.999945878982544,0.999945878982544,0.9999293802629836
6115,/home/yaxin/datasets/TacAct-original/21_6_R_5.xlsx,21,6,80,221.0,1.0386199951171875,718.0875244140625,846.0,0.343542218208313,5,5,1,0.9999775886535645,0.9999775886535645,0.9999775886535645,0.9999693665104132
6116,/home/yaxin/datasets/TacAct-original/21_6_R_6.xlsx,21,6,80,183.0485076904297,1.0722347497940063,703.8875122070312,819.0,0.36412104964256287,5,5,1,0.9999550580978394,0.9999550580978394,0.9999550580978394,0.9999353346647695
6117,/home/yaxin/datasets/TacAct-original/21_6_R_7.xlsx,21,6,80,188.38002014160156,0.9761396646499634,689.4625244140625,855.0,0.34197473526000977,5,5,1,0.999975562095642,0.999975562095642,0.999975562095642,0.9999664978449799
6118,/home/yaxin/datasets/TacAct-original/21_6_R_8.xlsx,21,6,80,195.62940979003906,0.8054312467575073,681.1375122070312,847.0,0.3172585964202881,5,5,1,0.9999594688415528,0.9999594688415528,0.9999594688415528,0.9999467081697732
6119,/home/yaxin/datasets/TacAct-original/21_6_R_9.xlsx,21,6,80,206.0,1.1126855611801147,697.4124755859375,841.0,0.34557726979255676,5,5,1,0.9999706745147704,0.9999706745147704,0.9999706745147704,0.9999603433589072
6120,/home/yaxin/datasets/TacAct-original/21_7_L_1.xlsx,21,7,80,238.0,5.040279388427734,831.0499877929688,935.0,0.6072370409965515,6,3,0,0.9990358352661132,0.0008998943376354,0.9990358352661132,0.9981359409284778
6121,/home/yaxin/datasets/TacAct-original/21_7_L_10.xlsx,21,7,80,284.0,5.022397041320801,796.5125122070312,916.0,0.640001654624939,6,3,0,0.999573290348053,0.0003887524653691,0.999573290348053,0.9991845378826839
6122,/home/yaxin/datasets/TacAct-original/21_7_L_11.xlsx,21,7,80,256.0,5.092403411865234,812.2999877929688,918.0,0.6143271327018738,6,3,0,0.9995429515838624,0.0004149731830693,0.9995429515838624,0.9991279784007931
6123,/home/yaxin/datasets/TacAct-original/21_7_L_12.xlsx,21,7,80,281.41259765625,4.927524566650391,784.875,913.0,0.6159877777099609,6,3,0,0.9995885491371156,0.0003755210491362,0.9995885491371156,0.9992130280879794
6124,/home/yaxin/datasets/TacAct-original/21_7_L_13.xlsx,21,7,80,302.0,4.928200721740723,787.1500244140625,922.0,0.6087149381637573,6,3,0,0.999610722064972,0.0003566031518857,0.999610722064972,0.9992541189130864
6125,/home/yaxin/datasets/TacAct-original/21_7_L_14.xlsx,21,7,80,268.62432861328125,4.8521728515625,799.1624755859375,926.0,0.6022469401359558,6,3,0,0.9994741082191468,0.0004913136945106,0.9994741082191468,0.9989827945246362
6126,/home/yaxin/datasets/TacAct-original/21_7_L_15.xlsx,21,7,80,260.0,5.087625026702881,798.3250122070312,936.0,0.6191150546073914,6,3,0,0.999594509601593,0.0003731585165951,0.999594509601593,0.9992213510849979
6127,/home/yaxin/datasets/TacAct-original/21_7_L_16.xlsx,21,7,80,348.33380126953125,4.856101036071777,795.1375122070312,935.0,0.6028900146484375,6,3,0,0.9995846152305604,0.0003761207917705,0.9995846152305604,0.9992084944387899
6128,/home/yaxin/datasets/TacAct-original/21_7_L_17.xlsx,21,7,80,234.0174560546875,4.921855926513672,796.5250244140625,928.0,0.5876738429069519,6,3,0,0.9995926022529602,0.0003705470298882,0.9995926022529602,0.9992220552230721
6129,/home/yaxin/datasets/TacAct-original/21_7_L_18.xlsx,21,7,80,254.0,4.773333549499512,800.2874755859375,940.0,0.63149493932724,6,3,0,0.9995632767677308,0.0003934541018679,0.9995632767677308,0.999169822665863
6130,/home/yaxin/datasets/TacAct-original/21_7_L_19.xlsx,21,7,80,238.96250915527344,5.0293169021606445,837.6375122070312,942.0,0.6859566569328308,6,3,0,0.9995777010917664,0.0003853139933198,0.9995777010917664,0.9991923870984466
6131,/home/yaxin/datasets/TacAct-original/21_7_L_2.xlsx,21,7,80,237.48898315429688,5.061480522155762,798.25,943.0,0.5878089666366577,6,3,0,0.9995620846748352,0.0003990775730926,0.9995620846748352,0.9991630071017426
6132,/home/yaxin/datasets/TacAct-original/21_7_L_20.xlsx,21,7,80,259.5823974609375,4.85689640045166,833.7125244140625,948.0,0.697562575340271,6,3,0,0.9996054768562316,0.0003587287210393,0.9996054768562316,0.9992467481351923
6133,/home/yaxin/datasets/TacAct-original/21_7_L_3.xlsx,21,7,80,215.78280639648438,4.992938995361328,789.2249755859375,923.0,0.5966542959213257,6,3,0,0.99958473443985,0.0003858931304421,0.99958473443985,0.9991988413094078
6134,/home/yaxin/datasets/TacAct-original/21_7_L_4.xlsx,21,7,80,225.26748657226562,4.903634071350098,792.0125122070312,919.0,0.6025049686431885,6,3,0,0.9996041655540466,0.0003632573934737,0.9996041655540466,0.999240908160573
6135,/home/yaxin/datasets/TacAct-original/21_7_L_5.xlsx,21,7,80,288.0971374511719,5.014744281768799,778.0499877929688,907.0,0.6014396548271179,6,3,0,0.99959534406662,0.0003699121880345,0.99959534406662,0.9992254318785855
6136,/home/yaxin/datasets/TacAct-original/21_7_L_6.xlsx,21,7,80,268.0,5.211569786071777,783.7874755859375,933.0,0.5856539607048035,6,3,0,0.9995693564414978,0.0003926638455595,0.9995693564414978,0.9991766925959383
6137,/home/yaxin/datasets/TacAct-original/21_7_L_7.xlsx,21,7,80,262.0,5.018148899078369,780.9000244140625,907.0,0.5744502544403076,6,3,0,0.9995595812797546,0.0004075239994563,0.9995595812797546,0.9991520572802983
6138,/home/yaxin/datasets/TacAct-original/21_7_L_8.xlsx,21,7,80,250.0,5.122546195983887,784.3125,953.0,0.6023690104484558,6,3,0,0.9995490908622742,0.0004128731379751,0.9995490908622742,0.9991362177242991
6139,/home/yaxin/datasets/TacAct-original/21_7_L_9.xlsx,21,7,80,416.99908447265625,5.151003837585449,785.7999877929688,926.0,0.6079887747764587,6,3,0,0.9995864033699036,0.0003782587009482,0.9995864033699036,0.9992081446689554
6140,/home/yaxin/datasets/TacAct-original/21_7_R_1.xlsx,21,7,80,269.0,4.33526611328125,787.8375244140625,948.0,0.6423104405403137,6,6,1,0.9994773268699646,0.9994773268699646,0.9994773268699646,0.9992481236549793
6141,/home/yaxin/datasets/TacAct-original/21_7_R_10.xlsx,21,7,80,216.0,5.179816246032715,736.0999755859375,918.0,0.6037647724151611,6,3,0,0.9993526339530944,0.0006069497903808,0.9993526339530944,0.9987456841627136
6142,/home/yaxin/datasets/TacAct-original/21_7_R_11.xlsx,21,7,80,261.0205993652344,4.985618591308594,736.2125244140625,903.0,0.6044016480445862,6,3,0,0.9994993209838868,0.0004654306685552,0.9994993209838868,0.9990338903153316
6143,/home/yaxin/datasets/TacAct-original/21_7_R_12.xlsx,21,7,80,234.0,5.064028263092041,747.1500244140625,914.0,0.6116263270378113,6,3,0,0.9995362758636476,0.0004297879349905,0.9995362758636476,0.9991064879286571
6144,/home/yaxin/datasets/TacAct-original/21_7_R_13.xlsx,21,7,80,322.55633544921875,5.147393226623535,762.9625244140625,924.0,0.5876170992851257,6,3,0,0.9994489550590516,0.0005100537091493,0.9994489550590516,0.9989389013499024
6145,/home/yaxin/datasets/TacAct-original/21_7_R_14.xlsx,21,7,80,325.4612731933594,5.003623962402344,754.2000122070312,926.0,0.5727694630622864,6,6,1,0.9995912909507751,0.9995912909507751,0.9995912909507751,0.9993887123855529
6146,/home/yaxin/datasets/TacAct-original/21_7_R_15.xlsx,21,7,80,237.95053100585938,4.736170291900635,744.8499755859375,925.0,0.5654155611991882,6,6,1,0.9996362924575806,0.9996362924575806,0.9996362924575806,0.9994834486569744
6147,/home/yaxin/datasets/TacAct-original/21_7_R_16.xlsx,21,7,80,218.0,4.882200717926025,758.6375122070312,927.0,0.5584020018577576,6,6,1,0.999630331993103,0.999630331993103,0.999630331993103,0.9994715546199586
6148,/home/yaxin/datasets/TacAct-original/21_7_R_17.xlsx,21,7,80,192.9118194580078,4.512934684753418,741.1500244140625,922.0,0.5647508502006531,6,6,1,0.9994712471961976,0.9994712471961976,0.9994712471961976,0.9991625378897881
6149,/home/yaxin/datasets/TacAct-original/21_7_R_18.xlsx,21,7,80,278.0,4.898335933685303,746.4500122070312,915.0,0.576784074306488,6,6,1,0.9992509484291076,0.9992509484291076,0.9992509484291076,0.9986630306812002
6150,/home/yaxin/datasets/TacAct-original/21_7_R_19.xlsx,21,7,80,264.5079650878906,4.856372833251953,752.1624755859375,926.0,0.5690397024154663,6,6,1,0.9995359182357788,0.9995359182357788,0.9995359182357788,0.9993441678961972
6151,/home/yaxin/datasets/TacAct-original/21_7_R_2.xlsx,21,7,80,275.0,4.659058570861816,787.7874755859375,934.0,0.6095020771026611,6,3,0,0.9596266746520996,0.0402326509356498,0.9596266746520996,0.9193940237164498
6152,/home/yaxin/datasets/TacAct-original/21_7_R_20.xlsx,21,7,80,263.9715576171875,4.697861671447754,752.2750244140625,918.0,0.5754302740097046,6,6,1,0.9995623230934144,0.9995623230934144,0.9995623230934144,0.9993953133234756
6153,/home/yaxin/datasets/TacAct-original/21_7_R_3.xlsx,21,7,80,272.0,4.217212200164795,756.5125122070312,920.0,0.5306404232978821,6,6,1,0.9996135830879213,0.9996135830879213,0.9996135830879213,0.9994499822205399
6154,/home/yaxin/datasets/TacAct-original/21_7_R_4.xlsx,21,7,80,276.0,3.9814300537109375,726.1375122070312,907.0,0.5414833426475525,6,6,1,0.9993937015533448,0.9993937015533448,0.9993937015533448,0.9989880931680092
6155,/home/yaxin/datasets/TacAct-original/21_7_R_5.xlsx,21,7,80,272.0,4.543304920196533,739.7750244140625,918.0,0.5926094651222229,6,6,1,0.5104724168777466,0.5104724168777466,0.5104724168777466,0.021352738142013605
6156,/home/yaxin/datasets/TacAct-original/21_7_R_6.xlsx,21,7,80,260.0,4.809313774108887,766.25,938.0,0.5962902307510376,6,6,1,0.9992974996566772,0.9992974996566772,0.9992974996566772,0.9987390791648069
6157,/home/yaxin/datasets/TacAct-original/21_7_R_7.xlsx,21,7,80,280.0,4.808167457580566,754.8875122070312,919.0,0.6083031892776489,6,6,1,0.9995867609977722,0.9995867609977722,0.9995867609977722,0.9993399055965712
6158,/home/yaxin/datasets/TacAct-original/21_7_R_8.xlsx,21,7,80,270.47430419921875,4.729025363922119,761.3250122070312,920.0,0.5559460520744324,6,6,1,0.9995203018188475,0.9995203018188475,0.9995203018188475,0.9992721138114574
6159,/home/yaxin/datasets/TacAct-original/21_7_R_9.xlsx,21,7,80,204.17218017578125,4.92727518081665,745.9500122070312,899.0,0.5607404112815857,6,3,0,0.9994111061096193,0.0005458714440464,0.9994111061096193,0.9988652346655729
6160,/home/yaxin/datasets/TacAct-original/21_8_L_1.xlsx,21,8,80,68.40409088134766,0.9307390451431274,718.8375244140625,896.0,0.30947890877723694,7,7,1,0.999460518360138,0.999460518360138,0.999460518360138,0.9989670348586517
6161,/home/yaxin/datasets/TacAct-original/21_8_L_10.xlsx,21,8,80,59.6193962097168,0.6336474418640137,681.9749755859375,851.0,0.26036396622657776,7,7,1,0.9995481371879578,0.9995481371879578,0.9995481371879578,0.9991367991897278
6162,/home/yaxin/datasets/TacAct-original/21_8_L_11.xlsx,21,8,80,49.682830810546875,0.4867662489414215,670.3499755859375,821.0,0.20511922240257263,7,7,1,0.9993765950202942,0.9993765950202942,0.9993765950202942,0.998816876031924
6163,/home/yaxin/datasets/TacAct-original/21_8_L_12.xlsx,21,8,80,62.5888557434082,0.5611759424209595,685.0625,850.0,0.23227372765541077,7,7,1,0.999226689338684,0.999226689338684,0.999226689338684,0.998533080681227
6164,/home/yaxin/datasets/TacAct-original/21_8_L_13.xlsx,21,8,80,56.17981719970703,0.46427392959594727,667.9500122070312,849.0,0.20574934780597687,7,7,1,0.9992128610610962,0.9992128610610962,0.9992128610610962,0.9985186127596535
6165,/home/yaxin/datasets/TacAct-original/21_8_L_14.xlsx,21,8,80,61.912452697753906,0.508219838142395,663.7625122070312,821.0,0.24116523563861847,7,7,1,0.9990542531013488,0.9990542531013488,0.9990542531013488,0.9982147844275459
6166,/home/yaxin/datasets/TacAct-original/21_8_L_15.xlsx,21,8,80,69.35521697998047,0.47743192315101624,655.2125244140625,814.0,0.2224428653717041,7,7,1,0.9995002746582032,0.9995002746582032,0.9995002746582032,0.9990344965481202
6167,/home/yaxin/datasets/TacAct-original/21_8_L_16.xlsx,21,8,80,63.43465042114258,0.5470225811004639,685.4625244140625,833.0,0.20933058857917786,7,7,1,0.9647730588912964,0.9647730588912964,0.9647730588912964,0.9526507202535868
6168,/home/yaxin/datasets/TacAct-original/21_8_L_17.xlsx,21,8,80,66.39493560791016,0.5218608975410461,671.7999877929688,825.0,0.2287769317626953,7,7,1,0.9995098114013672,0.9995098114013672,0.9995098114013672,0.99906040247879
6169,/home/yaxin/datasets/TacAct-original/21_8_L_18.xlsx,21,8,80,57.708518981933594,0.5349070429801941,677.5250244140625,838.0,0.22843913733959198,7,7,1,0.9995703101158142,0.9995703101158142,0.9995703101158142,0.999179849983193
6170,/home/yaxin/datasets/TacAct-original/21_8_L_19.xlsx,21,8,80,58.35987854003906,0.5316793918609619,672.875,841.0,0.25195246934890747,7,7,1,0.9994787573814392,0.9994787573814392,0.9994787573814392,0.9989956777426415
6171,/home/yaxin/datasets/TacAct-original/21_8_L_2.xlsx,21,8,80,98.2671890258789,0.9224742650985718,716.2249755859375,838.0,0.30612730979919434,7,7,1,0.999276340007782,0.999276340007782,0.999276340007782,0.9986428117845207
6172,/home/yaxin/datasets/TacAct-original/21_8_L_20.xlsx,21,8,80,64.20550537109375,0.5501719117164612,687.9625244140625,850.0,0.24773569405078888,7,7,1,0.9995898604393004,0.9995898604393004,0.9995898604393004,0.9992106748977675
6173,/home/yaxin/datasets/TacAct-original/21_8_L_3.xlsx,21,8,80,73.72259521484375,0.7549294233322144,694.2750244140625,896.0,0.2649277448654175,7,7,1,0.999236226081848,0.999236226081848,0.999236226081848,0.9985184441320597
6174,/home/yaxin/datasets/TacAct-original/21_8_L_4.xlsx,21,8,80,61.148101806640625,0.7534407377243042,691.9249877929688,824.0,0.23820722103118896,7,7,1,0.999497652053833,0.999497652053833,0.999497652053833,0.999046729906695
6175,/home/yaxin/datasets/TacAct-original/21_8_L_5.xlsx,21,8,80,54.9766960144043,0.7402900457382202,675.7999877929688,825.0,0.2755524218082428,7,7,1,0.999433696269989,0.999433696269989,0.999433696269989,0.998927771113813
6176,/home/yaxin/datasets/TacAct-original/21_8_L_6.xlsx,21,8,80,102.49239349365234,0.8739986419677734,671.9124755859375,838.0,0.32460781931877136,7,7,1,0.9992637038230896,0.9992637038230896,0.9992637038230896,0.9985936785233208
6177,/home/yaxin/datasets/TacAct-original/21_8_L_7.xlsx,21,8,80,85.62144470214844,0.6233452558517456,661.5625,804.0,0.2253149002790451,7,7,1,0.9995810389518738,0.9995810389518738,0.9995810389518738,0.999213140748907
6178,/home/yaxin/datasets/TacAct-original/21_8_L_8.xlsx,21,8,80,67.47341918945312,0.5507149696350098,658.7374877929688,821.0,0.23691263794898987,7,7,1,0.9996639490127563,0.9996639490127563,0.9996639490127563,0.9993585532647559
6179,/home/yaxin/datasets/TacAct-original/21_8_L_9.xlsx,21,8,80,65.73420715332031,0.49864405393600464,652.2874755859375,833.0,0.20745904743671417,7,7,1,0.9995689988136292,0.9995689988136292,0.9995689988136292,0.9991790615022182
6180,/home/yaxin/datasets/TacAct-original/21_8_R_1.xlsx,21,8,80,86.55658721923828,0.6642657518386841,667.8125,855.0,0.2224898338317871,7,7,1,0.9990409016609192,0.9990409016609192,0.9990409016609192,0.9982422244502231
6181,/home/yaxin/datasets/TacAct-original/21_8_R_10.xlsx,21,8,80,50.747718811035156,0.4726618826389313,629.9874877929688,849.0,0.20896916091442108,7,7,1,0.9969189167022704,0.9969189167022704,0.9969189167022704,0.9946327570360153
6182,/home/yaxin/datasets/TacAct-original/21_8_R_11.xlsx,21,8,80,68.40409088134766,0.5575205683708191,650.7625122070312,820.0,0.23369477689266205,7,7,1,0.9992071986198424,0.9992071986198424,0.9992071986198424,0.9984658082248642
6183,/home/yaxin/datasets/TacAct-original/21_8_R_12.xlsx,21,8,80,65.6120834350586,0.6425179243087769,668.6875,838.0,0.2219012826681137,7,7,1,0.9982031583786012,0.9982031583786012,0.9982031583786012,0.9966905232286082
6184,/home/yaxin/datasets/TacAct-original/21_8_R_13.xlsx,21,8,80,60.493412017822266,0.5905461311340332,652.875,821.0,0.2027539610862732,7,7,1,0.999398112297058,0.999398112297058,0.999398112297058,0.9988558536861091
6185,/home/yaxin/datasets/TacAct-original/21_8_R_14.xlsx,21,8,80,102.37346649169922,0.486358642578125,642.3125,823.0,0.21185535192489624,7,7,1,0.9991575479507446,0.9991575479507446,0.9991575479507446,0.9984107481432148
6186,/home/yaxin/datasets/TacAct-original/21_8_R_15.xlsx,21,8,80,65.73420715332031,0.5462538003921509,655.3125,870.0,0.18809495866298676,7,7,1,0.9970167875289916,0.9970167875289916,0.9970167875289916,0.9945668256841599
6187,/home/yaxin/datasets/TacAct-original/21_8_R_16.xlsx,21,8,80,55.79764175415039,0.46810245513916016,629.4124755859375,832.0,0.20439249277114868,7,7,1,0.9991748929023744,0.9991748929023744,0.9991748929023744,0.9984400657122025
6188,/home/yaxin/datasets/TacAct-original/21_8_R_17.xlsx,21,8,80,52.740234375,0.5086995959281921,623.0625,773.0,0.21456053853034973,7,7,1,0.9985514283180236,0.9985514283180236,0.9985514283180236,0.9973383215256034
6189,/home/yaxin/datasets/TacAct-original/21_8_R_18.xlsx,21,8,80,55.03329086303711,0.4674456715583801,623.2125244140625,838.0,0.220261350274086,7,7,1,0.9986925721168518,0.9986925721168518,0.9986925721168518,0.9975305875996128
6190,/home/yaxin/datasets/TacAct-original/21_8_R_19.xlsx,21,8,80,75.38409423828125,0.4145776629447937,619.5374755859375,811.0,0.19668644666671753,7,7,1,0.997982382774353,0.997982382774353,0.997982382774353,0.9962878979276866
6191,/home/yaxin/datasets/TacAct-original/21_8_R_2.xlsx,21,8,80,102.83879852294922,0.5285936594009399,637.9124755859375,823.0,0.1943349987268448,7,7,1,0.9984832406044006,0.9984832406044006,0.9984832406044006,0.997173906536773
6192,/home/yaxin/datasets/TacAct-original/21_8_R_20.xlsx,21,8,80,69.17378997802734,0.6068486571311951,678.5,821.0,0.19117149710655212,7,7,1,0.9985554814338684,0.9985554814338684,0.9985554814338684,0.9973104405216873
6193,/home/yaxin/datasets/TacAct-original/21_8_R_3.xlsx,21,8,80,86.75386810302734,0.43875423073768616,619.9500122070312,850.0,0.18309229612350464,7,7,1,0.9983793497085572,0.9983793497085572,0.9983793497085572,0.9970525924582037
6194,/home/yaxin/datasets/TacAct-original/21_8_R_4.xlsx,21,8,80,100.51219177246094,0.4968358874320984,637.7625122070312,848.0,0.20407253503799438,7,7,1,0.9954453706741332,0.9954453706741332,0.9954453706741332,0.9919637839775531
6195,/home/yaxin/datasets/TacAct-original/21_8_R_5.xlsx,21,8,80,50.447181701660156,0.567491888999939,664.4749755859375,838.0,0.19632406532764435,7,7,1,0.9985899329185486,0.9985899329185486,0.9985899329185486,0.9974005500553176
6196,/home/yaxin/datasets/TacAct-original/21_8_R_6.xlsx,21,8,80,60.95874786376953,0.5509839653968811,642.7625122070312,833.0,0.21314775943756104,7,7,1,0.998784840106964,0.998784840106964,0.998784840106964,0.9977711015380918
6197,/home/yaxin/datasets/TacAct-original/21_8_R_7.xlsx,21,8,80,77.19947814941406,0.5416754484176636,653.2874755859375,863.0,0.20929574966430664,7,7,1,0.9987879395484924,0.9987879395484924,0.9987879395484924,0.9977884165709838
6198,/home/yaxin/datasets/TacAct-original/21_8_R_8.xlsx,21,8,80,98.65079498291016,0.5373595952987671,644.7249755859375,803.0,0.20701144635677338,7,7,1,0.9989417195320128,0.9989417195320128,0.9989417195320128,0.9980052170576528
6199,/home/yaxin/datasets/TacAct-original/21_8_R_9.xlsx,21,8,80,62.11708068847656,0.5812944173812866,646.3375244140625,835.0,0.2282731682062149,7,7,1,0.9985027313232422,0.9985027313232422,0.9985027313232422,0.9972686381079257
6200,/home/yaxin/datasets/TacAct-original/21_9_L_1.xlsx,21,9,80,124.40189361572266,1.2549288272857666,765.25,922.0,0.7986322641372681,8,8,1,0.9999808073043824,0.9999808073043824,0.9999808073043824,0.9999679789816583
6201,/home/yaxin/datasets/TacAct-original/21_9_L_10.xlsx,21,9,80,155.0296630859375,1.0718060731887817,719.7625122070312,888.0,0.6933213472366333,8,8,1,0.9999878406524658,0.9999878406524658,0.9999878406524658,0.9999780737316541
6202,/home/yaxin/datasets/TacAct-original/21_9_L_11.xlsx,21,9,80,145.18106079101562,1.0302845239639282,721.2874755859375,887.0,0.6803906559944153,8,8,1,0.9999843835830688,0.9999843835830688,0.9999843835830688,0.9999726451978859
6203,/home/yaxin/datasets/TacAct-original/21_9_L_12.xlsx,21,9,80,121.94406127929688,1.0229192972183228,724.2750244140625,883.0,0.6903972625732422,8,8,1,0.9999852180480956,0.9999852180480956,0.9999852180480956,0.9999743584412498
6204,/home/yaxin/datasets/TacAct-original/21_9_L_13.xlsx,21,9,80,146.50672912597656,0.8991602063179016,730.0499877929688,904.0,0.6337550282478333,8,8,1,0.9999855756759644,0.9999855756759644,0.9999855756759644,0.9999758155736345
6205,/home/yaxin/datasets/TacAct-original/21_9_L_14.xlsx,21,9,80,205.73828125,0.9388504028320312,709.8624877929688,889.0,0.6348347067832947,8,8,1,0.9999862909317015,0.9999862909317015,0.9999862909317015,0.9999768075886094
6206,/home/yaxin/datasets/TacAct-original/21_9_L_15.xlsx,21,9,80,127.67871856689453,0.792603611946106,698.5625,898.0,0.5700328946113586,8,8,1,0.999992609024048,0.999992609024048,0.999992609024048,0.9999880829523137
6207,/home/yaxin/datasets/TacAct-original/21_9_L_16.xlsx,21,9,80,138.02001953125,0.91913902759552,704.0374755859375,871.0,0.6036758422851562,8,8,1,0.9999891519546508,0.9999891519546508,0.9999891519546508,0.9999805760562593
6208,/home/yaxin/datasets/TacAct-original/21_9_L_17.xlsx,21,9,80,132.0,0.8867986798286438,705.9500122070312,877.0,0.6105260252952576,8,8,1,0.9999911785125732,0.9999911785125732,0.9999911785125732,0.9999859308832129
6209,/home/yaxin/datasets/TacAct-original/21_9_L_18.xlsx,21,9,80,139.2211151123047,0.9795922040939331,703.2374877929688,878.0,0.6923605799674988,8,8,1,0.9999902248382568,0.9999902248382568,0.9999902248382568,0.9999832967650946
6210,/home/yaxin/datasets/TacAct-original/21_9_L_19.xlsx,21,9,80,162.193115234375,1.063119888305664,723.6124877929688,882.0,0.7041750550270081,8,8,1,0.9999849796295166,0.9999849796295166,0.9999849796295166,0.9999729859046056
6211,/home/yaxin/datasets/TacAct-original/21_9_L_2.xlsx,21,9,80,156.11936950683594,1.0682177543640137,697.8375244140625,899.0,0.6831619143486023,8,8,1,0.9999719858169556,0.9999719858169556,0.9999719858169556,0.9999508055989281
6212,/home/yaxin/datasets/TacAct-original/21_9_L_20.xlsx,21,9,80,137.8629913330078,0.9338836669921875,702.3250122070312,847.0,0.626548171043396,8,8,1,0.99998140335083,0.99998140335083,0.99998140335083,0.9999691637558498
6213,/home/yaxin/datasets/TacAct-original/21_9_L_3.xlsx,21,9,80,172.04510498046875,1.0309568643569946,699.5875244140625,869.0,0.6783998608589172,8,8,1,0.9999818801879884,0.9999818801879884,0.9999818801879884,0.9999680492483095
6214,/home/yaxin/datasets/TacAct-original/21_9_L_4.xlsx,21,9,80,147.0,0.9313451647758484,698.4625244140625,868.0,0.6074603199958801,8,8,1,0.9999819993972778,0.9999819993972778,0.9999819993972778,0.9999722564234617
6215,/home/yaxin/datasets/TacAct-original/21_9_L_5.xlsx,21,9,80,109.0,0.8520818948745728,712.9249877929688,897.0,0.5699692964553833,8,8,1,0.9999929666519164,0.9999929666519164,0.9999929666519164,0.9999884288313295
6216,/home/yaxin/datasets/TacAct-original/21_9_L_6.xlsx,21,9,80,161.429931640625,0.9251848459243774,696.1749877929688,873.0,0.6108585596084595,8,8,1,0.9999891519546508,0.9999891519546508,0.9999891519546508,0.9999805569632371
6217,/home/yaxin/datasets/TacAct-original/21_9_L_7.xlsx,21,9,80,138.25430297851562,0.9378978610038757,713.8125,889.0,0.6116364002227783,8,8,1,0.9999873638153076,0.9999873638153076,0.9999873638153076,0.9999784625542816
6218,/home/yaxin/datasets/TacAct-original/21_9_L_8.xlsx,21,9,80,135.8300323486328,0.9519195556640625,717.9625244140625,878.0,0.6111124753952026,8,8,1,0.9999902248382568,0.9999902248382568,0.9999902248382568,0.9999828538448128
6219,/home/yaxin/datasets/TacAct-original/21_9_L_9.xlsx,21,9,80,183.0,0.8043359518051147,698.4249877929688,854.0,0.5599023103713989,8,8,1,0.999990463256836,0.999990463256836,0.999990463256836,0.9999840674777262
6220,/home/yaxin/datasets/TacAct-original/21_9_R_1.xlsx,21,9,80,102.0,1.1407397985458374,743.4625244140625,884.0,0.6322904229164124,8,8,1,0.999987006187439,0.999987006187439,0.999987006187439,0.9999791735053805
6221,/home/yaxin/datasets/TacAct-original/21_9_R_10.xlsx,21,9,80,177.9712677001953,1.177276849746704,705.9249877929688,871.0,0.6757552027702332,8,8,1,0.9999685287475586,0.9999685287475586,0.9999685287475586,0.9999555694048468
6222,/home/yaxin/datasets/TacAct-original/21_9_R_11.xlsx,21,9,80,96.0,1.111420750617981,709.4124755859375,837.0,0.6800602674484253,8,8,1,0.9999673366546632,0.9999673366546632,0.9999673366546632,0.9999521731924689
6223,/home/yaxin/datasets/TacAct-original/21_9_R_12.xlsx,21,9,80,120.05345153808594,1.1965124607086182,725.9749755859375,876.0,0.7062439918518066,8,8,1,0.9999889135360718,0.9999889135360718,0.9999889135360718,0.9999810327053638
6224,/home/yaxin/datasets/TacAct-original/21_9_R_13.xlsx,21,9,80,127.61935424804688,1.1167269945144653,725.4874877929688,878.0,0.6544103622436523,8,8,1,0.9999897480010986,0.9999897480010986,0.9999897480010986,0.9999838715202714
6225,/home/yaxin/datasets/TacAct-original/21_9_R_14.xlsx,21,9,80,120.9417953491211,1.0423860549926758,730.5374755859375,868.0,0.634289026260376,8,8,1,0.9999945163726808,0.9999945163726808,0.9999945163726808,0.9999909808898338
6226,/home/yaxin/datasets/TacAct-original/21_9_R_15.xlsx,21,9,80,121.92506408691406,1.2389111518859863,749.4000244140625,884.0,0.691122829914093,8,8,1,0.9999903440475464,0.9999903440475464,0.9999903440475464,0.9999831267250556
6227,/home/yaxin/datasets/TacAct-original/21_9_R_16.xlsx,21,9,80,164.20553588867188,1.1300088167190552,725.8250122070312,874.0,0.6891985535621643,8,8,1,0.9999945163726808,0.9999945163726808,0.9999945163726808,0.9999905261643108
6228,/home/yaxin/datasets/TacAct-original/21_9_R_17.xlsx,21,9,80,145.18106079101562,1.1499167680740356,749.8499755859375,861.0,0.6582748889923096,8,8,1,0.999987006187439,0.999987006187439,0.999987006187439,0.9999773952804389
6229,/home/yaxin/datasets/TacAct-original/21_9_R_18.xlsx,21,9,80,142.19789123535156,1.0459789037704468,696.6875,878.0,0.6431294679641724,8,8,1,0.999979853630066,0.999979853630066,0.999979853630066,0.9999627399083694
6230,/home/yaxin/datasets/TacAct-original/21_9_R_19.xlsx,21,9,80,109.65512084960938,0.984464168548584,692.0499877929688,848.0,0.6053347587585449,8,8,1,0.9999794960021972,0.9999794960021972,0.9999794960021972,0.9999644401241311
6231,/home/yaxin/datasets/TacAct-original/21_9_R_2.xlsx,21,9,80,127.82466125488281,1.080177664756775,693.6624755859375,880.0,0.6337963342666626,8,8,1,0.9999853372573853,0.9999853372573853,0.9999853372573853,0.9999771002403577
6232,/home/yaxin/datasets/TacAct-original/21_9_R_20.xlsx,21,9,80,136.0,0.9299105405807495,679.5875244140625,871.0,0.5985360741615295,8,8,1,0.9999895095825196,0.9999895095825196,0.9999895095825196,0.9999823172906873
6233,/home/yaxin/datasets/TacAct-original/21_9_R_3.xlsx,21,9,80,109.38299560546875,1.0164377689361572,676.8250122070312,863.0,0.6089890003204346,8,8,1,0.9999922513961792,0.9999922513961792,0.9999922513961792,0.999986672691648
6234,/home/yaxin/datasets/TacAct-original/21_9_R_4.xlsx,21,9,80,123.16482543945312,1.2587509155273438,698.2000122070312,888.0,0.7518449425697327,8,8,1,0.9999724626541138,0.9999724626541138,0.9999724626541138,0.9999567363338429
6235,/home/yaxin/datasets/TacAct-original/21_9_R_5.xlsx,21,9,80,96.68132781982422,1.147414207458496,698.9625244140625,890.0,0.7246077060699463,8,8,1,0.9999880790710448,0.9999880790710448,0.9999880790710448,0.9999794763143653
6236,/home/yaxin/datasets/TacAct-original/21_9_R_6.xlsx,21,9,80,128.8079376220703,1.1863563060760498,705.9874877929688,872.0,0.7445619702339172,8,8,1,0.99993097782135,0.99993097782135,0.99993097782135,0.9999043282386991
6237,/home/yaxin/datasets/TacAct-original/21_9_R_7.xlsx,21,9,80,110.37738037109375,1.062429428100586,682.4249877929688,855.0,0.6675471067428589,8,8,1,0.999974489212036,0.999974489212036,0.999974489212036,0.9999644035642631
6238,/home/yaxin/datasets/TacAct-original/21_9_R_8.xlsx,21,9,80,121.81847381591797,1.0590465068817139,684.7874755859375,853.0,0.6081970930099487,8,8,1,0.9999673366546632,0.9999673366546632,0.9999673366546632,0.9999550208794973
6239,/home/yaxin/datasets/TacAct-original/21_9_R_9.xlsx,21,9,80,161.2557373046875,1.2054264545440674,697.9249877929688,880.0,0.7538595199584961,8,8,1,0.9999837875366212,0.9999837875366212,0.9999837875366212,0.9999737566149635
8160,/home/yaxin/datasets/TacAct-original/26_10_L_1.xlsx,26,10,39,293.0438537597656,0.27857786417007446,13.649999618530273,100.0,0.15554316341876984,9,9,1,0.9996932744979858,0.9996932744979858,0.9996932744979858,0.9996140661314712
8161,/home/yaxin/datasets/TacAct-original/26_10_L_10.xlsx,26,10,62,357.9090576171875,0.4531373977661133,16.899999618530273,115.0,0.2416037619113922,9,9,1,0.999444544315338,0.999444544315338,0.999444544315338,0.9993175643176072
8162,/home/yaxin/datasets/TacAct-original/26_10_L_11.xlsx,26,10,40,318.00396728515625,0.40196090936660767,17.975000381469727,125.0,0.238198921084404,9,9,1,0.9998718500137328,0.9998718500137328,0.9998718500137328,0.9998255549762688
8163,/home/yaxin/datasets/TacAct-original/26_10_L_12.xlsx,26,10,52,294.9344787597656,0.4451753497123718,21.024999618530273,148.0,0.2823522090911865,9,9,1,0.9998769760131836,0.9998769760131836,0.9998769760131836,0.9998242196306819
8164,/home/yaxin/datasets/TacAct-original/26_10_L_13.xlsx,26,10,56,369.6134033203125,0.45756712555885315,20.287500381469727,150.0,0.27925369143486023,9,9,1,0.9997931122779846,0.9997931122779846,0.9997931122779846,0.9997078822852927
8165,/home/yaxin/datasets/TacAct-original/26_10_L_14.xlsx,26,10,41,395.1365661621094,0.455861896276474,20.950000762939453,150.0,0.28631991147994995,9,9,1,0.9998304843902588,0.9998304843902588,0.9998304843902588,0.999767407476611
8166,/home/yaxin/datasets/TacAct-original/26_10_L_15.xlsx,26,10,63,327.0,0.3834414482116699,16.9375,127.0,0.21450692415237427,9,9,1,0.9997881054878236,0.9997881054878236,0.9997881054878236,0.9997199792414905
8167,/home/yaxin/datasets/TacAct-original/26_10_L_16.xlsx,26,10,37,291.35650634765625,0.44801443815231323,17.549999237060547,138.0,0.2621177136898041,9,9,1,0.9998849630355836,0.9998849630355836,0.9998849630355836,0.9998376800831467
8168,/home/yaxin/datasets/TacAct-original/26_10_L_17.xlsx,26,10,66,267.4485168457031,0.45141181349754333,26.274999618530273,154.0,0.2833844721317291,9,9,1,0.9998949766159058,0.9998949766159058,0.9998949766159058,0.9998491956903308
8169,/home/yaxin/datasets/TacAct-original/26_10_L_18.xlsx,26,10,47,283.4586181640625,0.45952677726745605,20.6875,152.0,0.27419331669807434,9,9,1,0.9998639822006226,0.9998639822006226,0.9998639822006226,0.9998105620106799
8170,/home/yaxin/datasets/TacAct-original/26_10_L_19.xlsx,26,10,38,289.2626647949219,0.4372585415840149,18.837499618530273,141.0,0.2556377947330475,9,9,1,0.9997861981391908,0.9997861981391908,0.9997861981391908,0.999693667770771
8171,/home/yaxin/datasets/TacAct-original/26_10_L_2.xlsx,26,10,40,227.01438903808594,0.35104066133499146,18.450000762939453,105.0,0.18224649131298065,9,9,1,0.999835968017578,0.999835968017578,0.999835968017578,0.9997660459630423
8172,/home/yaxin/datasets/TacAct-original/26_10_L_20.xlsx,26,10,62,326.78289794921875,0.4210968613624573,16.162500381469727,115.0,0.24655131995677948,9,9,1,0.999854326248169,0.999854326248169,0.999854326248169,0.999795135750901
8173,/home/yaxin/datasets/TacAct-original/26_10_L_3.xlsx,26,10,64,289.2626647949219,0.22066068649291992,12.175000190734863,99.0,0.14931637048721313,9,9,1,0.9999233484268188,0.9999233484268188,0.9999233484268188,0.9998888838927087
8174,/home/yaxin/datasets/TacAct-original/26_10_L_4.xlsx,26,10,49,232.5444793701172,0.26900383830070496,13.800000190734863,110.0,0.16944146156311035,9,9,1,0.9998496770858764,0.9998496770858764,0.9998496770858764,0.9997993373945063
8175,/home/yaxin/datasets/TacAct-original/26_10_L_5.xlsx,26,10,59,268.7740783691406,0.3094661831855774,17.375,136.0,0.21111205220222473,9,9,1,0.9999164342880248,0.9999164342880248,0.9999164342880248,0.9998817107152717
8176,/home/yaxin/datasets/TacAct-original/26_10_L_6.xlsx,26,10,67,249.0724639892578,0.29148489236831665,18.600000381469727,136.0,0.22879675030708313,9,9,1,0.9999066591262816,0.9999066591262816,0.9999066591262816,0.9998690011852885
8177,/home/yaxin/datasets/TacAct-original/26_10_L_7.xlsx,26,10,36,263.9400329589844,0.39156025648117065,21.362499237060547,145.0,0.2490408718585968,9,9,1,0.9999144077301024,0.9999144077301024,0.9999144077301024,0.9998796839972782
8178,/home/yaxin/datasets/TacAct-original/26_10_L_8.xlsx,26,10,38,365.9358215332031,0.4211226999759674,18.412500381469727,124.0,0.22408609092235565,9,9,1,0.9998067021369934,0.9998067021369934,0.9998067021369934,0.999726998663391
8179,/home/yaxin/datasets/TacAct-original/26_10_L_9.xlsx,26,10,36,298.5645446777344,0.39754265546798706,16.5625,130.0,0.22831875085830688,9,9,1,0.9996365308761596,0.9996365308761596,0.9996365308761596,0.9995135096978629
8180,/home/yaxin/datasets/TacAct-original/26_10_R_1.xlsx,26,10,64,148.8892364501953,0.15965428948402405,13.425000190734863,82.0,0.14842534065246582,9,9,1,0.9999290704727172,0.9999290704727172,0.9999290704727172,0.9999019326714914
8181,/home/yaxin/datasets/TacAct-original/26_10_R_10.xlsx,26,10,51,187.16995239257812,0.22215554118156433,14.912500381469727,94.0,0.18700742721557617,9,9,1,0.9998908042907716,0.9998908042907716,0.9998908042907716,0.9998510591831292
8182,/home/yaxin/datasets/TacAct-original/26_10_R_11.xlsx,26,10,38,248.47100830078125,0.2078838348388672,14.725000381469727,91.0,0.15638716518878937,9,9,1,0.9998291730880736,0.9998291730880736,0.9998291730880736,0.9997828040250168
8183,/home/yaxin/datasets/TacAct-original/26_10_R_12.xlsx,26,10,38,268.373291015625,0.19234991073608398,16.037500381469727,96.0,0.1479465812444687,9,9,1,0.9998745918273926,0.9998745918273926,0.9998745918273926,0.9998363922859426
8184,/home/yaxin/datasets/TacAct-original/26_10_R_13.xlsx,26,10,50,212.38558959960938,0.23443344235420227,14.612500190734863,108.0,0.19249767065048218,9,9,1,0.9999189376831056,0.9999189376831056,0.9999189376831056,0.9998895905446262
8185,/home/yaxin/datasets/TacAct-original/26_10_R_14.xlsx,26,10,77,269.4150695800781,0.21115383505821228,14.087499618530273,86.0,0.18077164888381958,9,9,1,0.9995706677436828,0.9995706677436828,0.9995706677436828,0.9993644809437683
8186,/home/yaxin/datasets/TacAct-original/26_10_R_15.xlsx,26,10,27,256.8010559082031,0.22906441986560822,14.087499618530273,85.0,0.2092103809118271,9,9,1,0.9998722076416016,0.9998722076416016,0.9998722076416016,0.9998211557722243
8187,/home/yaxin/datasets/TacAct-original/26_10_R_16.xlsx,26,10,53,251.46954345703125,0.26384419202804565,15.012499809265137,83.0,0.21622329950332642,9,9,1,0.9998828172683716,0.9998828172683716,0.9998828172683716,0.9998435270499613
8188,/home/yaxin/datasets/TacAct-original/26_10_R_17.xlsx,26,10,31,240.10690307617188,0.19725298881530762,12.425000190734863,78.0,0.1723739057779312,9,4,0,0.9339247941970824,0.0638621151447296,0.9339247941970824,0.8700626790523528
8189,/home/yaxin/datasets/TacAct-original/26_10_R_18.xlsx,26,10,35,300.6062927246094,0.29098352789878845,14.449999809265137,92.0,0.2297375649213791,9,9,1,0.9997137188911438,0.9997137188911438,0.9997137188911438,0.9995978243823629
8190,/home/yaxin/datasets/TacAct-original/26_10_R_19.xlsx,26,10,42,148.63694763183594,0.16704276204109192,11.212499618530273,80.0,0.15830639004707336,9,9,1,0.9998575448989868,0.9998575448989868,0.9998575448989868,0.999808630989719
8191,/home/yaxin/datasets/TacAct-original/26_10_R_2.xlsx,26,10,36,145.52346801757812,0.15708263218402863,12.774999618530273,78.0,0.14601053297519684,9,9,1,0.9998985528945924,0.9998985528945924,0.9998985528945924,0.9998608182540921
8192,/home/yaxin/datasets/TacAct-original/26_10_R_20.xlsx,26,10,48,319.8905944824219,0.3005792498588562,14.975000381469727,91.0,0.2270439714193344,9,9,1,0.9992689490318298,0.9992689490318298,0.9992689490318298,0.9987899593543261
8193,/home/yaxin/datasets/TacAct-original/26_10_R_3.xlsx,26,10,49,164.0,0.25907760858535767,17.837499618530273,98.0,0.1844119280576706,9,9,1,0.9998891353607178,0.9998891353607178,0.9998891353607178,0.9998493242710538
8194,/home/yaxin/datasets/TacAct-original/26_10_R_4.xlsx,26,10,39,166.58399963378906,0.21296879649162292,16.4375,99.0,0.17329220473766327,9,9,1,0.9998924732208252,0.9998924732208252,0.9998924732208252,0.9998491189362539
8195,/home/yaxin/datasets/TacAct-original/26_10_R_5.xlsx,26,10,40,172.0296173095703,0.2508484721183777,14.887499809265137,90.0,0.17362575232982635,9,9,1,0.9998756647109984,0.9998756647109984,0.9998756647109984,0.9998268957533581
8196,/home/yaxin/datasets/TacAct-original/26_10_R_6.xlsx,26,10,47,159.15603637695312,0.22534164786338806,18.412500381469727,103.0,0.1711067110300064,9,9,1,0.9998661279678344,0.9998661279678344,0.9998661279678344,0.9998166779078018
8197,/home/yaxin/datasets/TacAct-original/26_10_R_7.xlsx,26,10,40,184.6613311767578,0.25584539771080017,16.587499618530273,117.0,0.19193333387374878,9,9,1,0.9998995065689088,0.9998995065689088,0.9998995065689088,0.9998585905523215
8198,/home/yaxin/datasets/TacAct-original/26_10_R_8.xlsx,26,10,62,196.0,0.26231130957603455,18.049999237060547,94.0,0.17895931005477905,9,9,1,0.9999231100082396,0.9999231100082396,0.9999231100082396,0.9998974680638638
8199,/home/yaxin/datasets/TacAct-original/26_10_R_9.xlsx,26,10,41,167.2737579345703,0.18257033824920654,12.737500190734863,86.0,0.1626693606376648,9,9,1,0.9998937845230104,0.9998937845230104,0.9998937845230104,0.9998563845801983
8200,/home/yaxin/datasets/TacAct-original/26_11_L_1.xlsx,26,11,12,15.476208686828613,0.0011935555376112461,0.987500011920929,24.0,0.0022483232896775007,10,10,1,0.9986888766288756,0.9986888766288756,0.9986888766288756,0.9976509051630273
8201,/home/yaxin/datasets/TacAct-original/26_11_L_10.xlsx,26,11,7,22.176715850830078,0.00472716661170125,1.375,44.0,0.00946732982993126,10,10,1,0.9999741315841676,0.9999741315841676,0.9999741315841676,0.9999571878925054
8202,/home/yaxin/datasets/TacAct-original/26_11_L_11.xlsx,26,11,11,25.457820892333984,0.00659961486235261,2.799999952316284,76.0,0.009277667850255966,10,10,1,0.9999920129776,0.9999920129776,0.9999920129776,0.9999872500166019
8203,/home/yaxin/datasets/TacAct-original/26_11_L_12.xlsx,26,11,12,19.345260620117188,0.006776639726012945,1.524999976158142,40.0,0.009261725470423698,10,10,1,0.9999862909317015,0.9999862909317015,0.9999862909317015,0.9999781607029944
8204,/home/yaxin/datasets/TacAct-original/26_11_L_13.xlsx,26,11,12,24.581666946411133,0.005755731835961342,1.225000023841858,28.0,0.007093729916960001,10,10,1,0.9995704293251038,0.9995704293251038,0.9995704293251038,0.9992651954817121
8205,/home/yaxin/datasets/TacAct-original/26_11_L_14.xlsx,26,11,11,23.065475463867188,0.0023873108439147472,0.7250000238418579,22.0,0.004626658279448748,10,10,1,0.999946355819702,0.999946355819702,0.999946355819702,0.9999232148420559
8206,/home/yaxin/datasets/TacAct-original/26_11_L_15.xlsx,26,11,12,6.208843231201172,0.0015249666757881641,0.887499988079071,16.0,0.0024883525911718607,10,10,1,0.9999923706054688,0.9999923706054688,0.9999923706054688,0.9999877835775806
8207,/home/yaxin/datasets/TacAct-original/26_11_L_16.xlsx,26,11,16,6.96073579788208,0.0017102403799071908,1.25,30.0,0.0033237715251743793,10,10,1,0.9999924898147584,0.9999924898147584,0.9999924898147584,0.9999883019067967
8208,/home/yaxin/datasets/TacAct-original/26_11_L_17.xlsx,26,11,12,12.686929702758789,0.003975034691393375,1.600000023841858,30.0,0.005899249576032162,10,10,1,0.9999914169311525,0.9999914169311525,0.9999914169311525,0.9999862718786973
8209,/home/yaxin/datasets/TacAct-original/26_11_L_18.xlsx,26,11,15,2.9498000144958496,0.0004217145615257323,1.6375000476837158,27.0,0.0006053705583326519,10,10,1,0.999998927116394,0.999998927116394,0.999998927116394,0.9999984674000757
8210,/home/yaxin/datasets/TacAct-original/26_11_L_19.xlsx,26,11,14,6.767693042755127,0.0016006939113140106,0.7749999761581421,14.0,0.0021772575564682484,10,10,1,0.9992483258247375,0.9992483258247375,0.9992483258247375,0.9988176985061727
8211,/home/yaxin/datasets/TacAct-original/26_11_L_2.xlsx,26,11,11,23.821184158325195,0.0038188628386706114,2.362499952316284,76.0,0.00544147752225399,10,10,1,0.9993804693222046,0.9993804693222046,0.9993804693222046,0.9990873493079562
8212,/home/yaxin/datasets/TacAct-original/26_11_L_20.xlsx,26,11,9,10.6349458694458,0.004641834180802107,1.337499976158142,27.0,0.006168058142066002,10,10,1,0.9997952580451964,0.9997952580451964,0.9997952580451964,0.9996692483109654
8213,/home/yaxin/datasets/TacAct-original/26_11_L_3.xlsx,26,11,14,21.14488410949707,0.00402741739526391,2.3125,76.0,0.005554069299250841,10,10,1,0.9999990463256836,0.9999990463256836,0.9999990463256836,0.9999985427647289
8214,/home/yaxin/datasets/TacAct-original/26_11_L_4.xlsx,26,11,16,18.613357543945312,0.0038058049976825714,2.387500047683716,40.0,0.007203979417681694,10,10,1,0.9999855756759644,0.9999855756759644,0.9999855756759644,0.9999770387394165
8215,/home/yaxin/datasets/TacAct-original/26_11_L_5.xlsx,26,11,14,8.27177906036377,0.0015190995763987303,2.487499952316284,62.0,0.002275461331009865,10,10,1,0.9999659061431884,0.9999659061431884,0.9999659061431884,0.9999393409925686
8216,/home/yaxin/datasets/TacAct-original/26_11_L_6.xlsx,26,11,11,8.391189575195312,0.001974388025701046,1.6375000476837158,41.0,0.003345884382724762,10,10,1,0.9998658895492554,0.9998658895492554,0.9998658895492554,0.9997949179523857
8217,/home/yaxin/datasets/TacAct-original/26_11_L_7.xlsx,26,11,8,19.943315505981445,0.003085074946284294,1.100000023841858,41.0,0.004996230825781822,10,10,1,0.99998140335083,0.99998140335083,0.99998140335083,0.9999696766144551
8218,/home/yaxin/datasets/TacAct-original/26_11_L_8.xlsx,26,11,16,17.939815521240234,0.00427694246172905,1.8624999523162842,40.0,0.006613139063119888,10,10,1,0.9999033212661744,0.9999033212661744,0.9999033212661744,0.9998694532223454
8219,/home/yaxin/datasets/TacAct-original/26_11_L_9.xlsx,26,11,13,22.07588768005371,0.0030938093550503254,1.9249999523162842,44.0,0.003764872206375003,10,10,1,0.9999891519546508,0.9999891519546508,0.9999891519546508,0.9999828963163963
8220,/home/yaxin/datasets/TacAct-original/26_11_R_1.xlsx,26,11,13,11.02903938293457,0.002403062069788575,0.9125000238418579,29.0,0.004118326120078564,10,7,0,0.9465314149856568,0.0436338558793067,0.9465314149856568,0.9028975591063502
8221,/home/yaxin/datasets/TacAct-original/26_11_R_10.xlsx,26,11,10,39.986324310302734,0.004143610596656799,0.8500000238418579,25.0,0.005878576077520847,10,10,1,0.99990713596344,0.99990713596344,0.99990713596344,0.9998615825206799
8222,/home/yaxin/datasets/TacAct-original/26_11_R_11.xlsx,26,11,11,5.920567512512207,0.0013264691224321723,1.1375000476837158,37.0,0.0021922339219599962,10,10,1,0.9999796152114868,0.9999796152114868,0.9999796152114868,0.9999642345646862
8223,/home/yaxin/datasets/TacAct-original/26_11_R_12.xlsx,26,11,12,4.381758689880371,0.0008227601647377014,1.212499976158142,41.0,0.001571734668686986,10,10,1,0.999980330467224,0.999980330467224,0.999980330467224,0.9999669747967345
8224,/home/yaxin/datasets/TacAct-original/26_11_R_13.xlsx,26,11,10,19.548870086669922,0.0038355637807399035,1.0125000476837158,41.0,0.006923592649400234,10,10,1,0.99036705493927,0.99036705493927,0.99036705493927,0.9861017223447562
8225,/home/yaxin/datasets/TacAct-original/26_11_R_14.xlsx,26,11,11,24.503997802734375,0.0025650388561189175,1.1124999523162842,33.0,0.00442267581820488,10,10,1,0.999918818473816,0.999918818473816,0.999918818473816,0.9998777489236091
8226,/home/yaxin/datasets/TacAct-original/26_11_R_15.xlsx,26,11,11,9.800237655639648,0.0022144492249935865,0.862500011920929,23.0,0.004359651356935501,10,10,1,0.9999620914459229,0.9999620914459229,0.9999620914459229,0.9999470871734957
8227,/home/yaxin/datasets/TacAct-original/26_11_R_16.xlsx,26,11,15,15.177172660827637,0.0028186750132590532,0.887499988079071,30.0,0.00462870579212904,10,10,1,0.998116374015808,0.998116374015808,0.998116374015808,0.9964988788124173
8228,/home/yaxin/datasets/TacAct-original/26_11_R_17.xlsx,26,11,11,34.97620391845703,0.009296592324972153,1.8250000476837158,78.0,0.015739819034934044,10,10,1,0.9999538660049438,0.9999538660049438,0.9999538660049438,0.9999232358168229
8229,/home/yaxin/datasets/TacAct-original/26_11_R_18.xlsx,26,11,10,7.445343017578125,0.001183903543278575,1.1749999523162842,23.0,0.0021118258591741323,10,10,1,0.9999887943267822,0.9999887943267822,0.9999887943267822,0.9999853015895042
8230,/home/yaxin/datasets/TacAct-original/26_11_R_19.xlsx,26,11,9,2.763953924179077,0.00038433188456110656,1.537500023841858,42.0,0.0005233296542428434,10,10,1,1.0,1.0,1.0,0.999999991663092
8231,/home/yaxin/datasets/TacAct-original/26_11_R_2.xlsx,26,11,8,29.49799919128418,0.00297806179150939,0.7875000238418579,23.0,0.006031057331711054,10,10,1,0.995937705039978,0.995937705039978,0.995937705039978,0.9930482259951532
8232,/home/yaxin/datasets/TacAct-original/26_11_R_20.xlsx,26,11,14,4.834066390991211,0.0005521690472960472,0.762499988079071,21.0,0.0010286765173077583,10,10,1,0.999996304512024,0.999996304512024,0.999996304512024,0.9999943332863951
8233,/home/yaxin/datasets/TacAct-original/26_11_R_3.xlsx,26,11,14,8.915514945983887,0.0026390650309622288,1.3125,32.0,0.0034134243614971638,10,10,1,0.9999603033065796,0.9999603033065796,0.9999603033065796,0.9999434270630445
8234,/home/yaxin/datasets/TacAct-original/26_11_R_4.xlsx,26,11,11,38.20915222167969,0.006264134310185909,1.274999976158142,52.0,0.00914724636822939,10,10,1,0.9998063445091248,0.9998063445091248,0.9998063445091248,0.9996798696374753
8235,/home/yaxin/datasets/TacAct-original/26_11_R_5.xlsx,26,11,13,18.626529693603516,0.0024034040980041027,1.8125,51.0,0.004828568547964096,10,10,1,0.9995042085647584,0.9995042085647584,0.9995042085647584,0.9991767674800941
8236,/home/yaxin/datasets/TacAct-original/26_11_R_6.xlsx,26,11,13,10.317472457885742,0.0022135113831609488,1.5125000476837158,51.0,0.003382948460057378,10,10,1,0.9738107323646544,0.9738107323646544,0.9738107323646544,0.9583918312564491
8237,/home/yaxin/datasets/TacAct-original/26_11_R_7.xlsx,26,11,12,15.421430587768555,0.002221515169367194,1.475000023841858,32.0,0.0040170191787183285,10,10,1,0.9981138706207277,0.9981138706207277,0.9981138706207277,0.9965710332617166
8238,/home/yaxin/datasets/TacAct-original/26_11_R_8.xlsx,26,11,13,8.468720436096191,0.0013252265052869916,1.912500023841858,71.0,0.0021099066361784935,10,10,1,0.9999934434890748,0.9999934434890748,0.9999934434890748,0.9999912483124264
8239,/home/yaxin/datasets/TacAct-original/26_11_R_9.xlsx,26,11,15,25.6202392578125,0.0030516854021698236,0.887499988079071,30.0,0.006018178537487984,10,10,1,0.996547281742096,0.996547281742096,0.996547281742096,0.9938633455894887
8240,/home/yaxin/datasets/TacAct-original/26_12_L_1.xlsx,26,12,52,57.0,0.2046128213405609,50.48749923706055,132.0,0.07093051075935364,11,6,0,0.5509290099143982,0.0361665897071361,0.5509290099143982,0.2010136842727661
8241,/home/yaxin/datasets/TacAct-original/26_12_L_10.xlsx,26,12,63,33.809288024902344,0.217672199010849,67.26249694824219,124.0,0.07449288666248322,11,11,1,0.9885900616645812,0.9885900616645812,0.9885900616645812,0.9774489486590027
8242,/home/yaxin/datasets/TacAct-original/26_12_L_11.xlsx,26,12,53,89.80376434326172,0.29957884550094604,50.474998474121094,113.0,0.06695475429296494,11,6,0,0.9800062775611876,0.0102325174957513,0.9800062775611876,0.9697737600654364
8243,/home/yaxin/datasets/TacAct-original/26_12_L_12.xlsx,26,12,72,53.17472839355469,0.25256916880607605,72.9124984741211,134.0,0.07717408984899521,11,11,1,0.997944176197052,0.997944176197052,0.997944176197052,0.9960153745487333
8244,/home/yaxin/datasets/TacAct-original/26_12_L_13.xlsx,26,12,47,95.67901611328125,0.3237704634666443,50.337501525878906,130.0,0.09300252050161362,11,11,1,0.8670503497123718,0.8670503497123718,0.8670503497123718,0.800040639936924
8245,/home/yaxin/datasets/TacAct-original/26_12_L_14.xlsx,26,12,52,62.10967254638672,0.29108864068984985,49.787498474121094,127.0,0.09559802711009979,11,11,1,0.9185317754745485,0.9185317754745485,0.9185317754745485,0.8418010920286181
8246,/home/yaxin/datasets/TacAct-original/26_12_L_15.xlsx,26,12,57,93.47274017333984,0.4349539875984192,69.5250015258789,158.0,0.07766597718000412,11,3,0,0.987683117389679,0.0031352750957012,0.987683117389679,0.9792202999815346
8247,/home/yaxin/datasets/TacAct-original/26_12_L_16.xlsx,26,12,68,34.0,0.31297236680984497,76.30000305175781,138.0,0.09550080448389053,11,11,1,0.8755671977996826,0.8755671977996826,0.8755671977996826,0.7519799917936325
8248,/home/yaxin/datasets/TacAct-original/26_12_L_17.xlsx,26,12,53,84.0,0.37429293990135193,54.82500076293945,126.0,0.09141910821199417,11,11,1,0.934425950050354,0.934425950050354,0.934425950050354,0.9068744722753764
8249,/home/yaxin/datasets/TacAct-original/26_12_L_18.xlsx,26,12,46,79.44775390625,0.35708171129226685,51.375,141.0,0.11184291541576385,11,11,1,0.9148014187812804,0.9148014187812804,0.9148014187812804,0.8679407276213168
8250,/home/yaxin/datasets/TacAct-original/26_12_L_19.xlsx,26,12,51,66.0,0.41995272040367126,63.11249923706055,145.0,0.09131427109241486,11,6,0,0.911080539226532,0.0473268777132034,0.911080539226532,0.8637536615133286
8251,/home/yaxin/datasets/TacAct-original/26_12_L_2.xlsx,26,12,80,29.66273307800293,0.22167877852916718,77.875,128.0,0.06762108951807022,11,11,1,0.9759241938591005,0.9759241938591005,0.9759241938591005,0.9522773064672948
8252,/home/yaxin/datasets/TacAct-original/26_12_L_20.xlsx,26,12,60,75.0,0.471005380153656,72.25,136.0,0.0805080458521843,11,6,0,0.9986578226089478,0.0001394621504005,0.9986578226089478,0.9977260031155312
8253,/home/yaxin/datasets/TacAct-original/26_12_L_3.xlsx,26,12,59,49.7984504699707,0.17100201547145844,50.51250076293945,104.0,0.07508265227079391,11,11,1,0.7442120313644409,0.7442120313644409,0.7442120313644409,0.5024541318416597
8254,/home/yaxin/datasets/TacAct-original/26_12_L_4.xlsx,26,12,67,61.94580078125,0.1790938675403595,65.88749694824219,130.0,0.06598401069641113,11,9,0,0.9937639832496644,0.0036739893257617,0.9937639832496644,0.9900899939239027
8255,/home/yaxin/datasets/TacAct-original/26_12_L_5.xlsx,26,12,59,79.2786865234375,0.37711572647094727,63.150001525878906,147.0,0.10248222947120667,11,11,1,0.997917115688324,0.997917115688324,0.997917115688324,0.9968659306177869
8256,/home/yaxin/datasets/TacAct-original/26_12_L_6.xlsx,26,12,59,39.986324310302734,0.15710358321666718,62.73749923706055,139.0,0.054420702159404755,11,11,1,0.9886353015899658,0.9886353015899658,0.9886353015899658,0.977469096891582
8257,/home/yaxin/datasets/TacAct-original/26_12_L_7.xlsx,26,12,51,34.76350021362305,0.2079177349805832,51.037498474121094,137.0,0.07623407244682312,11,11,1,0.7183881402015686,0.7183881402015686,0.7183881402015686,0.44987276196479803
8258,/home/yaxin/datasets/TacAct-original/26_12_L_8.xlsx,26,12,58,48.43776321411133,0.2287127673625946,55.224998474121094,114.0,0.07074295729398727,11,6,0,0.8922105431556702,0.0876632630825042,0.8922105431556702,0.804547280073166
8259,/home/yaxin/datasets/TacAct-original/26_12_L_9.xlsx,26,12,59,49.7984504699707,0.17100201547145844,50.51250076293945,104.0,0.07508265227079391,11,11,1,0.7442120313644409,0.7442120313644409,0.7442120313644409,0.5024541318416597
8260,/home/yaxin/datasets/TacAct-original/26_12_R_1.xlsx,26,12,72,58.82154083251953,0.3341423571109772,89.5875015258789,176.0,0.10570559650659561,11,11,1,0.998859167098999,0.998859167098999,0.998859167098999,0.9977903560502456
8261,/home/yaxin/datasets/TacAct-original/26_12_R_10.xlsx,26,12,80,44.84164810180664,0.261503130197525,85.0374984741211,158.0,0.07488016784191132,11,6,0,0.6649713516235352,0.3341002166271209,0.6649713516235352,0.33087113499641424
8262,/home/yaxin/datasets/TacAct-original/26_12_R_11.xlsx,26,12,51,103.85678100585938,0.35856515169143677,56.79999923706055,150.0,0.09337764233350754,11,11,1,0.9848411679267884,0.9848411679267884,0.9848411679267884,0.974152465350926
8263,/home/yaxin/datasets/TacAct-original/26_12_R_12.xlsx,26,12,69,61.444679260253906,0.2506159842014313,77.5,148.0,0.09749147295951843,11,11,1,0.995783805847168,0.995783805847168,0.995783805847168,0.9917042516171932
8264,/home/yaxin/datasets/TacAct-original/26_12_R_13.xlsx,26,12,55,103.09176635742188,0.4498281478881836,71.67500305175781,185.0,0.11345409601926804,11,11,1,0.960179567337036,0.960179567337036,0.960179567337036,0.9234898239374161
8265,/home/yaxin/datasets/TacAct-original/26_12_R_14.xlsx,26,12,80,40.313934326171875,0.3077875077724457,96.1875,180.0,0.0876496359705925,11,6,0,0.999923586845398,2.0622823285521008e-05,0.999923586845398,0.9998916653858032
8266,/home/yaxin/datasets/TacAct-original/26_12_R_15.xlsx,26,12,53,51.12986755371094,0.19769427180290222,54.67499923706055,180.0,0.08283823728561401,11,11,1,0.9995689988136292,0.9995689988136292,0.9995689988136292,0.9991706840810366
8267,/home/yaxin/datasets/TacAct-original/26_12_R_16.xlsx,26,12,60,78.40190124511719,0.4156135618686676,73.11250305175781,180.0,0.10449942946434021,11,11,1,0.9867348670959472,0.9867348670959472,0.9867348670959472,0.979548300616443
8268,/home/yaxin/datasets/TacAct-original/26_12_R_17.xlsx,26,12,80,58.975608825683594,0.37706050276756287,113.6624984741211,192.0,0.10508421063423157,11,6,0,0.7975656986236572,0.2018620818853378,0.7975656986236572,0.5957036167383194
8269,/home/yaxin/datasets/TacAct-original/26_12_R_18.xlsx,26,12,57,46.130950927734375,0.14226767420768738,65.76249694824219,172.0,0.06382616609334946,11,11,1,0.9999455213546752,0.9999455213546752,0.9999455213546752,0.9998970639826438
8270,/home/yaxin/datasets/TacAct-original/26_12_R_19.xlsx,26,12,56,147.1698455810547,0.389885276556015,66.9749984741211,171.0,0.11629252135753632,11,11,1,0.7210792303085327,0.7210792303085327,0.7210792303085327,0.5343330949544907
8271,/home/yaxin/datasets/TacAct-original/26_12_R_2.xlsx,26,12,58,41.09870910644531,0.2259596288204193,75.3125,187.0,0.08139212429523468,11,11,1,0.9910978078842164,0.9910978078842164,0.9910978078842164,0.982307702302933
8272,/home/yaxin/datasets/TacAct-original/26_12_R_20.xlsx,26,12,56,63.7015495300293,0.18198467791080475,60.4375,152.0,0.07154671847820282,11,11,1,0.9999879598617554,0.9999879598617554,0.9999879598617554,0.9999836064248484
8273,/home/yaxin/datasets/TacAct-original/26_12_R_3.xlsx,26,12,51,88.50078582763672,0.5062721371650696,72.125,168.0,0.10188593715429306,11,3,0,0.9972272515296936,0.0002358981582801,0.9972272515296936,0.994772129226476
8274,/home/yaxin/datasets/TacAct-original/26_12_R_4.xlsx,26,12,80,44.84164810180664,0.261503130197525,85.0374984741211,158.0,0.07488016784191132,11,6,0,0.6649713516235352,0.3341002166271209,0.6649713516235352,0.33087113499641424
8275,/home/yaxin/datasets/TacAct-original/26_12_R_5.xlsx,26,12,63,77.51483154296875,0.5107933282852173,84.4375,182.0,0.11722560971975327,11,6,0,0.9386513829231262,0.0601236298680305,0.9386513829231262,0.8785277530550957
8276,/home/yaxin/datasets/TacAct-original/26_12_R_6.xlsx,26,12,61,56.35136795043945,0.2980000674724579,67.4375,154.0,0.08680349588394165,11,11,1,0.992168128490448,0.992168128490448,0.992168128490448,0.9845958971418441
8277,/home/yaxin/datasets/TacAct-original/26_12_R_7.xlsx,26,12,71,72.97886657714844,0.29166141152381897,77.48750305175781,152.0,0.10899987816810608,11,6,0,0.5634832382202148,0.43425253033638,0.5634832382202148,0.12923070788383484
8278,/home/yaxin/datasets/TacAct-original/26_12_R_8.xlsx,26,12,61,77.51483154296875,0.3027806282043457,69.9000015258789,160.0,0.11905140429735184,11,11,1,0.9786171317100524,0.9786171317100524,0.9786171317100524,0.9580577369779347
8279,/home/yaxin/datasets/TacAct-original/26_12_R_9.xlsx,26,12,53,149.3578338623047,0.43020790815353394,63.0,158.0,0.1075323298573494,11,3,0,0.9957975149154664,0.0009283468243665,0.9957975149154664,0.9928026876877996
8280,/home/yaxin/datasets/TacAct-original/26_1_L_1.xlsx,26,1,80,102.42225646972656,0.22516269981861115,23.0,29.0,0.019796963781118393,0,0,1,0.9999783039093018,0.9999783039093018,0.9999783039093018,0.9999700196913182
8281,/home/yaxin/datasets/TacAct-original/26_1_L_10.xlsx,26,1,73,207.0,0.27340278029441833,19.274999618530273,27.0,0.02251298353075981,0,0,1,0.9999159574508668,0.9999159574508668,0.9999159574508668,0.9998743781834493
8282,/home/yaxin/datasets/TacAct-original/26_1_L_11.xlsx,26,1,80,139.90481567382812,0.23488397896289825,24.762500762939453,30.0,0.022400280460715294,0,0,1,0.9999797344207764,0.9999797344207764,0.9999797344207764,0.9999703754592701
8283,/home/yaxin/datasets/TacAct-original/26_1_L_12.xlsx,26,1,80,153.7233123779297,0.2563166320323944,21.075000762939453,28.0,0.021530359983444214,0,0,1,0.9999436140060424,0.9999436140060424,0.9999436140060424,0.9999084905866765
8284,/home/yaxin/datasets/TacAct-original/26_1_L_13.xlsx,26,1,80,105.0,0.25948891043663025,23.850000381469727,30.0,0.02214406616985798,0,2,0,0.9992170333862304,0.0005549286724999,0.9992170333862304,0.9986621047137304
8285,/home/yaxin/datasets/TacAct-original/26_1_L_14.xlsx,26,1,80,125.29324340820312,0.2507636547088623,29.25,37.0,0.02368861995637417,0,0,1,0.9998339414596558,0.9998339414596558,0.9998339414596558,0.9997561525524361
8286,/home/yaxin/datasets/TacAct-original/26_1_L_15.xlsx,26,1,68,152.7203826904297,0.2320799082517624,21.762500762939453,31.0,0.02402600273489952,0,0,1,0.9997788071632384,0.9997788071632384,0.9997788071632384,0.9996967391125507
8287,/home/yaxin/datasets/TacAct-original/26_1_L_16.xlsx,26,1,80,208.0,0.4427909851074219,23.862499237060547,30.0,0.03755202516913414,0,2,0,0.9773355722427368,0.0142878852784633,0.9773355722427368,0.9630476869642736
8288,/home/yaxin/datasets/TacAct-original/26_1_L_17.xlsx,26,1,61,124.95303344726562,0.16614997386932373,16.1875,28.0,0.01708199642598629,0,0,1,0.9999279975891112,0.9999279975891112,0.9999279975891112,0.9998989289269956
8289,/home/yaxin/datasets/TacAct-original/26_1_L_18.xlsx,26,1,80,92.0,0.18966729938983917,20.912500381469727,27.0,0.016575215384364128,0,0,1,0.9999842643737792,0.9999842643737792,0.9999842643737792,0.9999781532337692
8290,/home/yaxin/datasets/TacAct-original/26_1_L_19.xlsx,26,1,80,134.70753479003906,0.18275149166584015,18.162500381469727,24.0,0.018440214917063713,0,0,1,0.9996347427368164,0.9996347427368164,0.9996347427368164,0.9994268769078191
8291,/home/yaxin/datasets/TacAct-original/26_1_L_2.xlsx,26,1,80,84.41557312011719,0.21575959026813507,27.287500381469727,36.0,0.02295556478202343,0,0,1,0.999980092048645,0.999980092048645,0.999980092048645,0.9999717172750024
8292,/home/yaxin/datasets/TacAct-original/26_1_L_20.xlsx,26,1,80,90.05902099609375,0.17305095493793488,20.049999237060547,25.0,0.016815045848488808,0,0,1,0.9998038411140442,0.9998038411140442,0.9998038411140442,0.9996665888320422
8293,/home/yaxin/datasets/TacAct-original/26_1_L_3.xlsx,26,1,80,73.58492279052734,0.219649076461792,28.262500762939453,35.0,0.020358601585030556,0,0,1,0.9999566078186036,0.9999566078186036,0.9999566078186036,0.9999383524118458
8294,/home/yaxin/datasets/TacAct-original/26_1_L_4.xlsx,26,1,79,232.52890014648438,0.22925429046154022,26.012500762939453,33.0,0.02296988107264042,0,0,1,0.9998781681060792,0.9998781681060792,0.9998781681060792,0.9998047306289665
8295,/home/yaxin/datasets/TacAct-original/26_1_L_5.xlsx,26,1,80,66.71011352539062,0.18431317806243896,21.924999237060547,26.0,0.01745646260678768,0,0,1,0.9999651908874512,0.9999651908874512,0.9999651908874512,0.9999491624766961
8296,/home/yaxin/datasets/TacAct-original/26_1_L_6.xlsx,26,1,80,114.33611297607422,0.27241864800453186,27.049999237060547,32.0,0.02682974748313427,0,0,1,0.9999804496765136,0.9999804496765136,0.9999804496765136,0.9999725035877417
8297,/home/yaxin/datasets/TacAct-original/26_1_L_7.xlsx,26,1,80,120.0,0.27785077691078186,25.837499618530273,31.0,0.023380648344755173,0,0,1,0.9999839067459106,0.9999839067459106,0.9999839067459106,0.9999765108236716
8298,/home/yaxin/datasets/TacAct-original/26_1_L_8.xlsx,26,1,80,68.0,0.19642123579978943,24.325000762939453,31.0,0.01717189885675907,0,0,1,0.999903678894043,0.999903678894043,0.999903678894043,0.9998572987715306
8299,/home/yaxin/datasets/TacAct-original/26_1_L_9.xlsx,26,1,80,69.95240783691406,0.15466883778572083,22.125,27.0,0.015532896853983402,0,0,1,0.9999723434448242,0.9999723434448242,0.9999723434448242,0.9999636500442648
8300,/home/yaxin/datasets/TacAct-original/26_1_R_1.xlsx,26,1,80,152.1417999267578,0.28681790828704834,25.575000762939453,29.0,0.024118421599268913,0,0,1,0.9998434782028198,0.9998434782028198,0.9998434782028198,0.9997648987919092
8301,/home/yaxin/datasets/TacAct-original/26_1_R_10.xlsx,26,1,80,151.42306518554688,0.2956933081150055,27.700000762939453,33.0,0.028822612017393112,0,0,1,0.9999797344207764,0.9999797344207764,0.9999797344207764,0.9999695464211982
8302,/home/yaxin/datasets/TacAct-original/26_1_R_11.xlsx,26,1,80,119.62659454345703,0.28384679555892944,24.350000381469727,31.0,0.026685968041419983,0,0,1,0.9999873638153076,0.9999873638153076,0.9999873638153076,0.9999816666495462
8303,/home/yaxin/datasets/TacAct-original/26_1_R_12.xlsx,26,1,80,87.31322479248047,0.2722381055355072,28.350000381469727,33.0,0.023103132843971252,0,0,1,0.9999849796295166,0.9999849796295166,0.9999849796295166,0.9999771414113638
8304,/home/yaxin/datasets/TacAct-original/26_1_R_13.xlsx,26,1,51,76.37825012207031,0.14193512499332428,12.875,27.0,0.01666245050728321,0,0,1,0.999990701675415,0.999990701675415,0.999990701675415,0.9999840559466975
8305,/home/yaxin/datasets/TacAct-original/26_1_R_14.xlsx,26,1,55,92.0,0.22257986664772034,17.850000381469727,32.0,0.023090826347470284,0,0,1,0.999755561351776,0.999755561351776,0.999755561351776,0.9996129328064853
8306,/home/yaxin/datasets/TacAct-original/26_1_R_15.xlsx,26,1,80,106.39981842041016,0.25702667236328125,22.612499237060547,30.0,0.020405298098921776,0,0,1,0.9999784231185912,0.9999784231185912,0.9999784231185912,0.9999659360846634
8307,/home/yaxin/datasets/TacAct-original/26_1_R_16.xlsx,26,1,57,211.0,0.29287171363830566,17.387500762939453,30.0,0.028527580201625824,0,0,1,0.9999784231185912,0.9999784231185912,0.9999784231185912,0.9999708052778259
8308,/home/yaxin/datasets/TacAct-original/26_1_R_17.xlsx,26,1,57,157.62049865722656,0.22246117889881134,15.9375,31.0,0.02584576979279518,0,0,1,0.9996929168701172,0.9996929168701172,0.9996929168701172,0.9995665692986223
8309,/home/yaxin/datasets/TacAct-original/26_1_R_18.xlsx,26,1,80,155.17044067382812,0.2591400146484375,23.487499237060547,29.0,0.02519620582461357,0,0,1,0.9999514818191528,0.9999514818191528,0.9999514818191528,0.9999190446105786
8310,/home/yaxin/datasets/TacAct-original/26_1_R_19.xlsx,26,1,53,97.0,0.1999509632587433,16.850000381469727,31.0,0.020490234717726707,0,0,1,0.9999920129776,0.9999920129776,0.9999920129776,0.9999874218028707
8311,/home/yaxin/datasets/TacAct-original/26_1_R_2.xlsx,26,1,62,59.0,0.15596893429756165,20.75,34.0,0.01705976016819477,0,0,1,0.9999845027923584,0.9999845027923584,0.9999845027923584,0.9999748908094261
8312,/home/yaxin/datasets/TacAct-original/26_1_R_20.xlsx,26,1,69,373.1899108886719,0.3857254981994629,24.375,36.0,0.042072221636772156,0,0,1,0.9997541308403016,0.9997541308403016,0.9997541308403016,0.9996764155439452
8313,/home/yaxin/datasets/TacAct-original/26_1_R_3.xlsx,26,1,58,162.8155975341797,0.1899372637271881,18.287500381469727,36.0,0.02360224723815918,0,0,1,0.999536395072937,0.999536395072937,0.999536395072937,0.9993726755783429
8314,/home/yaxin/datasets/TacAct-original/26_1_R_4.xlsx,26,1,80,90.48957061767578,0.17503783106803894,20.787500381469727,28.0,0.026695698499679565,0,0,1,0.9999669790267944,0.9999669790267944,0.9999669790267944,0.9999528456555709
8315,/home/yaxin/datasets/TacAct-original/26_1_R_5.xlsx,26,1,80,401.2275085449219,0.39976292848587036,24.612499237060547,32.0,0.0386052206158638,0,0,1,0.9998596906661988,0.9998596906661988,0.9998596906661988,0.9998053830277059
8316,/home/yaxin/datasets/TacAct-original/26_1_R_6.xlsx,26,1,80,242.63885498046875,0.29586097598075867,27.125,34.0,0.029317224398255348,0,0,1,0.999958872795105,0.999958872795105,0.999958872795105,0.9999385063620139
8317,/home/yaxin/datasets/TacAct-original/26_1_R_7.xlsx,26,1,80,153.1361846923828,0.24346983432769775,22.8125,29.0,0.02266101911664009,0,0,1,0.9999743700027466,0.9999743700027466,0.9999743700027466,0.9999587775346299
8318,/home/yaxin/datasets/TacAct-original/26_1_R_8.xlsx,26,1,80,166.0,0.33967846632003784,25.912500381469727,32.0,0.02586982771754265,0,0,1,0.9999747276306152,0.9999747276306152,0.9999747276306152,0.9999632377175658
8319,/home/yaxin/datasets/TacAct-original/26_1_R_9.xlsx,26,1,80,102.0,0.2751597762107849,24.25,29.0,0.025188524276018143,0,0,1,0.9999827146530152,0.9999827146530152,0.9999827146530152,0.9999735889705336
8320,/home/yaxin/datasets/TacAct-original/26_2_L_1.xlsx,26,2,80,81.54004669189453,0.16395136713981628,17.899999618530273,22.0,0.0184071846306324,1,1,1,0.9999699592590332,0.9999699592590332,0.9999699592590332,0.999957259265102
8321,/home/yaxin/datasets/TacAct-original/26_2_L_10.xlsx,26,2,80,152.0,0.21449904143810272,15.324999809265137,19.0,0.017122279852628708,1,1,1,0.9997976422309875,0.9997976422309875,0.9997976422309875,0.9996620056044776
8322,/home/yaxin/datasets/TacAct-original/26_2_L_11.xlsx,26,2,49,237.48898315429688,0.14821797609329224,9.625,31.0,0.02093382738530636,1,1,1,0.999485731124878,0.999485731124878,0.999485731124878,0.9990572290553248
8323,/home/yaxin/datasets/TacAct-original/26_2_L_12.xlsx,26,2,80,139.62387084960938,0.264232873916626,22.662500381469727,32.0,0.023878522217273712,1,1,1,0.9999895095825196,0.9999895095825196,0.9999895095825196,0.9999836436522856
8324,/home/yaxin/datasets/TacAct-original/26_2_L_13.xlsx,26,2,80,105.20953369140625,0.2413826435804367,20.100000381469727,28.0,0.022492535412311554,1,1,1,0.999990463256836,0.999990463256836,0.999990463256836,0.9999864775181778
8325,/home/yaxin/datasets/TacAct-original/26_2_L_14.xlsx,26,2,80,91.84725952148438,0.163352370262146,19.462499618530273,23.0,0.016461290419101715,1,1,1,0.9999899864196776,0.9999899864196776,0.9999899864196776,0.9999856073195587
8326,/home/yaxin/datasets/TacAct-original/26_2_L_15.xlsx,26,2,56,101.42786407470703,0.1018170565366745,11.649999618530273,22.0,0.013771993108093739,1,1,1,0.9999881982803344,0.9999881982803344,0.9999881982803344,0.9999833770184522
8327,/home/yaxin/datasets/TacAct-original/26_2_L_16.xlsx,26,2,66,44.25313949584961,0.10934875160455704,10.5625,17.0,0.01126363780349493,1,1,1,0.9999287128448486,0.9999287128448486,0.9999287128448486,0.9999067154840304
8328,/home/yaxin/datasets/TacAct-original/26_2_L_17.xlsx,26,2,68,40.60615539550781,0.09025701135396957,10.574999809265137,15.0,0.009223527275025845,1,1,1,0.9999802112579346,0.9999802112579346,0.9999802112579346,0.9999709890289523
8329,/home/yaxin/datasets/TacAct-original/26_2_L_18.xlsx,26,2,80,146.50672912597656,0.16772052645683289,19.174999237060547,24.0,0.018517786636948586,1,1,1,0.9954437017440796,0.9954437017440796,0.9954437017440796,0.9912154991179705
8330,/home/yaxin/datasets/TacAct-original/26_2_L_19.xlsx,26,2,80,82.0,0.13541646301746368,21.075000762939453,29.0,0.01618308015167713,1,1,1,0.999987006187439,0.999987006187439,0.999987006187439,0.9999800548539497
8331,/home/yaxin/datasets/TacAct-original/26_2_L_2.xlsx,26,2,80,81.0,0.1802319437265396,18.325000762939453,32.0,0.017712295055389404,1,1,1,0.9999796152114868,0.9999796152114868,0.9999796152114868,0.9999680793152947
8332,/home/yaxin/datasets/TacAct-original/26_2_L_20.xlsx,26,2,80,138.0,0.22920799255371094,20.412500381469727,24.0,0.02009369060397148,1,1,1,0.9999383687973022,0.9999383687973022,0.9999383687973022,0.9999055783518997
8333,/home/yaxin/datasets/TacAct-original/26_2_L_3.xlsx,26,2,80,123.48699951171875,0.18724897503852844,21.662500381469727,26.0,0.021028557792305946,1,1,1,0.9999868869781494,0.9999868869781494,0.9999868869781494,0.9999788338500366
8334,/home/yaxin/datasets/TacAct-original/26_2_L_4.xlsx,26,2,80,83.1866455078125,0.18328900635242462,21.25,29.0,0.02092515304684639,1,1,1,0.9999797344207764,0.9999797344207764,0.9999797344207764,0.999968291188452
8335,/home/yaxin/datasets/TacAct-original/26_2_L_5.xlsx,26,2,80,78.0,0.20214557647705078,19.587499618530273,25.0,0.01859932392835617,1,1,1,0.999985694885254,0.999985694885254,0.999985694885254,0.999977158404363
8336,/home/yaxin/datasets/TacAct-original/26_2_L_6.xlsx,26,2,80,66.0,0.16242343187332153,18.825000762939453,27.0,0.016648629680275917,1,1,1,0.9999822378158568,0.9999822378158568,0.9999822378158568,0.9999731715934103
8337,/home/yaxin/datasets/TacAct-original/26_2_L_7.xlsx,26,2,80,63.641014099121094,0.12869560718536377,17.424999237060547,22.0,0.014221610501408577,1,1,1,0.9999735355377196,0.9999735355377196,0.9999735355377196,0.9999567692320851
8338,/home/yaxin/datasets/TacAct-original/26_2_L_8.xlsx,26,2,67,32.87764358520508,0.06958495080471039,9.5,15.0,0.0082389572635293,1,1,1,0.9998630285263062,0.9998630285263062,0.9998630285263062,0.999780671139888
8339,/home/yaxin/datasets/TacAct-original/26_2_L_9.xlsx,26,2,80,39.0,0.10863462835550308,18.424999237060547,24.0,0.014804301783442497,1,1,1,0.9999805688858032,0.9999805688858032,0.9999805688858032,0.9999711446771471
8340,/home/yaxin/datasets/TacAct-original/26_2_R_1.xlsx,26,2,80,80.0,0.2139483392238617,25.049999237060547,39.0,0.022091887891292572,1,1,1,0.9999667406082152,0.9999667406082152,0.9999667406082152,0.9999551496339335
8341,/home/yaxin/datasets/TacAct-original/26_2_R_10.xlsx,26,2,58,74.0,0.1454864889383316,11.850000381469727,21.0,0.015130098909139633,1,1,1,0.9999816417694092,0.9999816417694092,0.9999816417694092,0.9999721192289144
8342,/home/yaxin/datasets/TacAct-original/26_2_R_11.xlsx,26,2,61,48.0,0.08659374713897705,9.550000190734863,17.0,0.009497693739831448,1,1,1,0.9997937083244324,0.9997937083244324,0.9997937083244324,0.9996929036860821
8343,/home/yaxin/datasets/TacAct-original/26_2_R_12.xlsx,26,2,80,75.0,0.16460981965065002,15.199999809265137,22.0,0.016925211995840073,1,1,1,0.9999579191207886,0.9999579191207886,0.9999579191207886,0.9999451716785188
8344,/home/yaxin/datasets/TacAct-original/26_2_R_13.xlsx,26,2,80,149.0,0.2512508034706116,18.362499237060547,22.0,0.02210749126970768,1,5,0,0.8036839365959167,0.1950507164001464,0.8036839365959167,0.6086332201957704
8345,/home/yaxin/datasets/TacAct-original/26_2_R_14.xlsx,26,2,50,177.9712677001953,0.2069963961839676,9.987500190734863,18.0,0.02136719971895218,1,1,1,0.9998619556427002,0.9998619556427002,0.9998619556427002,0.9997672353565576
8346,/home/yaxin/datasets/TacAct-original/26_2_R_15.xlsx,26,2,58,123.8916015625,0.18967722356319427,14.875,26.0,0.02039085514843464,1,1,1,0.9998383522033693,0.9998383522033693,0.9998383522033693,0.9997701784595848
8347,/home/yaxin/datasets/TacAct-original/26_2_R_16.xlsx,26,2,80,121.31568145751953,0.2879214882850647,21.3125,27.0,0.023495223373174667,1,1,1,0.9999901056289672,0.9999901056289672,0.9999901056289672,0.9999855081314307
8348,/home/yaxin/datasets/TacAct-original/26_2_R_17.xlsx,26,2,80,124.29885864257812,0.2624897062778473,19.225000381469727,24.0,0.02442498691380024,1,1,1,0.9999881982803344,0.9999881982803344,0.9999881982803344,0.9999826253415448
8349,/home/yaxin/datasets/TacAct-original/26_2_R_18.xlsx,26,2,80,125.0,0.21407803893089294,17.362499237060547,22.0,0.020024878904223442,1,1,1,0.9999736547470092,0.9999736547470092,0.9999736547470092,0.9999640694513799
8350,/home/yaxin/datasets/TacAct-original/26_2_R_19.xlsx,26,2,61,126.0,0.19432556629180908,13.137499809265137,22.0,0.019234633073210716,1,1,1,0.9999903440475464,0.9999903440475464,0.9999903440475464,0.9999855322289477
8351,/home/yaxin/datasets/TacAct-original/26_2_R_2.xlsx,26,2,80,97.0,0.20593586564064026,19.5,29.0,0.01988469809293747,1,1,1,0.9999831914901732,0.9999831914901732,0.9999831914901732,0.9999749739972684
8352,/home/yaxin/datasets/TacAct-original/26_2_R_20.xlsx,26,2,58,92.47834777832031,0.11466586589813232,8.662500381469727,15.0,0.015437724068760872,1,1,1,0.9998291730880736,0.9998291730880736,0.9998291730880736,0.9997749904323426
8353,/home/yaxin/datasets/TacAct-original/26_2_R_3.xlsx,26,2,79,116.0,0.2645064890384674,19.462499618530273,28.0,0.023178519681096077,1,1,1,0.9999793767929076,0.9999793767929076,0.9999793767929076,0.9999680807559342
8354,/home/yaxin/datasets/TacAct-original/26_2_R_4.xlsx,26,2,80,178.5438690185547,0.22399699687957764,21.674999237060547,30.0,0.029762424528598785,1,1,1,0.9999845027923584,0.9999845027923584,0.9999845027923584,0.9999744511596873
8355,/home/yaxin/datasets/TacAct-original/26_2_R_5.xlsx,26,2,80,112.36616516113281,0.23520231246948242,20.725000381469727,27.0,0.023029619827866554,1,1,1,0.9999732971191406,0.9999732971191406,0.9999732971191406,0.9999593812253806
8356,/home/yaxin/datasets/TacAct-original/26_2_R_6.xlsx,26,2,79,89.47726440429688,0.2704879641532898,20.8125,25.0,0.023904923349618912,1,1,1,0.9999881982803344,0.9999881982803344,0.9999881982803344,0.9999812134860803
8357,/home/yaxin/datasets/TacAct-original/26_2_R_7.xlsx,26,2,80,70.0,0.23630471527576447,21.700000762939453,29.0,0.022317152470350266,1,1,1,0.9999878406524658,0.9999878406524658,0.9999878406524658,0.9999810330732544
8358,/home/yaxin/datasets/TacAct-original/26_2_R_8.xlsx,26,2,79,84.52322387695312,0.2507496774196625,20.212499618530273,25.0,0.023306699469685555,1,1,1,0.9999895095825196,0.9999895095825196,0.9999895095825196,0.999983998620337
8359,/home/yaxin/datasets/TacAct-original/26_2_R_9.xlsx,26,2,80,139.70115661621094,0.2785727083683014,21.387500762939453,25.0,0.025990840047597885,1,1,1,0.9999860525131226,0.9999860525131226,0.9999860525131226,0.9999787590973028
8360,/home/yaxin/datasets/TacAct-original/26_3_L_1.xlsx,26,3,80,74.57931518554688,0.5193725824356079,68.5,77.0,0.04737302288413048,2,2,1,0.9999761581420898,0.9999761581420898,0.9999761581420898,0.9999651832031304
8361,/home/yaxin/datasets/TacAct-original/26_3_L_10.xlsx,26,3,55,113.11714935302734,0.38008347153663635,45.54999923706055,75.0,0.04224750027060509,2,2,1,0.9995094537734984,0.9995094537734984,0.9995094537734984,0.9993624538474251
8362,/home/yaxin/datasets/TacAct-original/26_3_L_11.xlsx,26,3,50,55.062931060791016,0.36471882462501526,36.6875,74.0,0.041701577603816986,2,2,1,0.999919891357422,0.999919891357422,0.999919891357422,0.9998952431051294
8363,/home/yaxin/datasets/TacAct-original/26_3_L_12.xlsx,26,3,53,41.763492584228516,0.24365177750587463,39.787498474121094,75.0,0.028387386351823807,2,2,1,0.9987919926643372,0.9987919926643372,0.9987919926643372,0.9984296014299616
8364,/home/yaxin/datasets/TacAct-original/26_3_L_13.xlsx,26,3,43,69.0,0.28713497519493103,34.57500076293945,78.0,0.040697645395994186,2,2,1,0.9999794960021972,0.9999794960021972,0.9999794960021972,0.9999726592873229
8365,/home/yaxin/datasets/TacAct-original/26_3_L_14.xlsx,26,3,55,100.0,0.576933741569519,48.86249923706055,84.0,0.05634933337569237,2,2,1,0.9999209642410278,0.9999209642410278,0.9999209642410278,0.99989183553771
8366,/home/yaxin/datasets/TacAct-original/26_3_L_15.xlsx,26,3,63,124.0,0.6179154515266418,56.212501525878906,84.0,0.06297992914915085,2,2,1,0.999868869781494,0.999868869781494,0.999868869781494,0.9998259897220122
8367,/home/yaxin/datasets/TacAct-original/26_3_L_16.xlsx,26,3,59,72.0,0.46711426973342896,42.42499923706055,70.0,0.04452497884631157,2,2,1,0.9999483823776244,0.9999483823776244,0.9999483823776244,0.9999261772882163
8368,/home/yaxin/datasets/TacAct-original/26_3_L_17.xlsx,26,3,58,70.60175323486328,0.34662356972694397,36.17499923706055,62.0,0.03534394130110741,2,2,1,0.9968559741973876,0.9968559741973876,0.9968559741973876,0.9959059049724601
8369,/home/yaxin/datasets/TacAct-original/26_3_L_18.xlsx,26,3,80,75.62422180175781,0.5242186784744263,71.4000015258789,89.0,0.05141561105847359,2,2,1,0.9864956140518188,0.9864956140518188,0.9864956140518188,0.9788817474618554
8370,/home/yaxin/datasets/TacAct-original/26_3_L_19.xlsx,26,3,79,164.20553588867188,0.568433940410614,58.54999923706055,69.0,0.053976330906152725,2,2,1,0.9997223019599916,0.9997223019599916,0.9997223019599916,0.999579534181976
8371,/home/yaxin/datasets/TacAct-original/26_3_L_2.xlsx,26,3,80,87.0,0.644897997379303,66.6500015258789,76.0,0.05029210448265076,2,2,1,0.999971866607666,0.999971866607666,0.999971866607666,0.9999601324088871
8372,/home/yaxin/datasets/TacAct-original/26_3_L_20.xlsx,26,3,60,132.0,0.5148547887802124,42.57500076293945,70.0,0.04896130785346031,2,2,1,0.9999157190322876,0.9999157190322876,0.9999157190322876,0.9998788320735912
8373,/home/yaxin/datasets/TacAct-original/26_3_L_3.xlsx,26,3,71,91.52425384521484,0.525422215461731,55.63750076293945,75.0,0.049800824373960495,2,2,1,0.9997797608375548,0.9997797608375548,0.9997797608375548,0.9996490128396545
8374,/home/yaxin/datasets/TacAct-original/26_3_L_4.xlsx,26,3,70,157.32266235351562,0.7387326955795288,57.625,76.0,0.06431513279676437,2,2,1,0.9999785423278807,0.9999785423278807,0.9999785423278807,0.9999684334316042
8375,/home/yaxin/datasets/TacAct-original/26_3_L_5.xlsx,26,3,80,63.912330627441406,0.5327244400978088,56.712501525878906,67.0,0.04313066974282265,2,2,1,0.999964714050293,0.999964714050293,0.999964714050293,0.9999495360434594
8376,/home/yaxin/datasets/TacAct-original/26_3_L_6.xlsx,26,3,80,105.58644104003906,0.4579038619995117,51.5625,60.0,0.03943299129605293,2,2,1,0.9997346997261048,0.9997346997261048,0.9997346997261048,0.9995361953624525
8377,/home/yaxin/datasets/TacAct-original/26_3_L_7.xlsx,26,3,80,98.44469451904297,0.676306962966919,63.5,78.0,0.05343914031982422,2,2,1,0.9998903274536132,0.9998903274536132,0.9998903274536132,0.999819003875018
8378,/home/yaxin/datasets/TacAct-original/26_3_L_8.xlsx,26,3,57,94.39360046386719,0.5658930540084839,46.537498474121094,79.0,0.05871298164129257,2,2,1,0.9998540878295898,0.9998540878295898,0.9998540878295898,0.9997985464797239
8379,/home/yaxin/datasets/TacAct-original/26_3_L_9.xlsx,26,3,44,46.213531494140625,0.351028710603714,33.0,77.0,0.03953631967306137,2,2,1,0.9997063279151917,0.9997063279151917,0.9997063279151917,0.9996051167327097
8380,/home/yaxin/datasets/TacAct-original/26_3_R_1.xlsx,26,3,46,164.35826110839844,0.5143290758132935,39.537498474121094,82.0,0.052904702723026276,2,2,1,0.9994148015975952,0.9994148015975952,0.9994148015975952,0.9991164024686441
8381,/home/yaxin/datasets/TacAct-original/26_3_R_10.xlsx,26,3,54,134.24276733398438,0.494138240814209,42.82500076293945,80.0,0.049885425716638565,2,2,1,0.9676479697227478,0.9676479697227478,0.9676479697227478,0.943835835903883
8382,/home/yaxin/datasets/TacAct-original/26_3_R_11.xlsx,26,3,48,104.77587127685547,0.4016075134277344,35.5,77.0,0.04519639536738396,2,2,1,0.9999215602874756,0.9999215602874756,0.9999215602874756,0.999894721659075
8383,/home/yaxin/datasets/TacAct-original/26_3_R_12.xlsx,26,3,46,61.0,0.3749024271965027,35.224998474121094,76.0,0.04841919615864754,2,0,0,0.9995290040969848,0.0002893946075346,0.9995290040969848,0.9992396094894501
8384,/home/yaxin/datasets/TacAct-original/26_3_R_13.xlsx,26,3,45,82.24134063720703,0.351982444524765,33.57500076293945,77.0,0.06502693891525269,2,0,0,0.9974073767662048,0.001721876906231,0.9974073767662048,0.9956854998599738
8385,/home/yaxin/datasets/TacAct-original/26_3_R_14.xlsx,26,3,50,140.85011291503906,0.5962546467781067,45.0625,85.0,0.05893733352422714,2,2,1,0.9999567270278932,0.9999567270278932,0.9999567270278932,0.9999362989165094
8386,/home/yaxin/datasets/TacAct-original/26_3_R_15.xlsx,26,3,53,117.33811950683594,0.5852702856063843,42.0625,73.0,0.050521370023489,2,2,1,0.9999115467071532,0.9999115467071532,0.9999115467071532,0.9998696642869617
8387,/home/yaxin/datasets/TacAct-original/26_3_R_16.xlsx,26,3,48,78.66133117675781,0.30730700492858887,30.700000762939453,67.0,0.044655971229076385,2,2,1,0.999970316886902,0.999970316886902,0.999970316886902,0.9999617450584993
8388,/home/yaxin/datasets/TacAct-original/26_3_R_17.xlsx,26,3,51,74.15682983398438,0.4077654778957367,40.125,75.0,0.042004361748695374,2,2,1,0.9998167157173156,0.9998167157173156,0.9998167157173156,0.9997671168785017
8389,/home/yaxin/datasets/TacAct-original/26_3_R_18.xlsx,26,3,47,37.0,0.25234556198120117,35.29999923706055,70.0,0.03342529013752937,2,2,1,0.9999746084213256,0.9999746084213256,0.9999746084213256,0.9999647331997038
8390,/home/yaxin/datasets/TacAct-original/26_3_R_19.xlsx,26,3,40,68.61296844482422,0.3729318082332611,33.04999923706055,83.0,0.0619560182094574,2,2,1,0.9996824264526368,0.9996824264526368,0.9996824264526368,0.9995747096982087
8391,/home/yaxin/datasets/TacAct-original/26_3_R_2.xlsx,26,3,75,82.0,0.6820855736732483,68.8375015258789,86.0,0.0543835312128067,2,2,1,0.9999736547470092,0.9999736547470092,0.9999736547470092,0.9999635429885528
8392,/home/yaxin/datasets/TacAct-original/26_3_R_20.xlsx,26,3,46,74.57931518554688,0.46677905321121216,38.875,82.0,0.04857715219259262,2,2,1,0.9998661279678344,0.9998661279678344,0.9998661279678344,0.9998189128164084
8393,/home/yaxin/datasets/TacAct-original/26_3_R_3.xlsx,26,3,54,114.0,0.734153151512146,49.11249923706055,86.0,0.06679710000753403,2,2,1,0.9998830556869508,0.9998830556869508,0.9998830556869508,0.999817440606421
8394,/home/yaxin/datasets/TacAct-original/26_3_R_4.xlsx,26,3,42,74.57931518554688,0.3802386224269867,30.837499618530273,74.0,0.04245438799262047,2,2,1,0.9997186064720154,0.9997186064720154,0.9997186064720154,0.9996184557894595
8395,/home/yaxin/datasets/TacAct-original/26_3_R_5.xlsx,26,3,47,42.0,0.3188784718513489,32.01250076293945,73.0,0.035616979002952576,2,2,1,0.9998880624771118,0.9998880624771118,0.9998880624771118,0.999854264096939
8396,/home/yaxin/datasets/TacAct-original/26_3_R_6.xlsx,26,3,57,85.0,0.6083647012710571,51.150001525878906,83.0,0.050079096108675,2,2,1,0.9999417066574096,0.9999417066574096,0.9999417066574096,0.9999176731544138
8397,/home/yaxin/datasets/TacAct-original/26_3_R_7.xlsx,26,3,45,113.35015106201172,0.5499399900436401,35.95000076293945,76.0,0.052926111966371536,2,2,1,0.9998836517333984,0.9998836517333984,0.9998836517333984,0.999828144111234
8398,/home/yaxin/datasets/TacAct-original/26_3_R_8.xlsx,26,3,72,113.43633270263672,0.6013177633285522,62.95000076293945,85.0,0.05743497610092163,2,2,1,0.9998252987861632,0.9998252987861632,0.9998252987861632,0.9997497748845489
8399,/home/yaxin/datasets/TacAct-original/26_3_R_9.xlsx,26,3,54,147.92242431640625,0.5578832030296326,44.79999923706055,85.0,0.0519987978041172,2,2,1,0.9995869994163512,0.9995869994163512,0.9995869994163512,0.9993465092848054
8400,/home/yaxin/datasets/TacAct-original/26_4_L_1.xlsx,26,4,51,142.19789123535156,0.5640283823013306,74.1500015258789,161.0,0.13452930748462677,3,11,0,0.5216455459594727,0.0006528001395054,0.5216455459594727,0.23640030622482305
8401,/home/yaxin/datasets/TacAct-original/26_4_L_10.xlsx,26,4,47,102.18727111816406,0.7829278111457825,81.5875015258789,189.0,0.09799996763467789,3,6,0,0.9996914863586426,0.0001536088966531,0.9996914863586426,0.9995378774619895
8402,/home/yaxin/datasets/TacAct-original/26_4_L_11.xlsx,26,4,49,203.0,0.9658496975898743,80.7249984741211,175.0,0.10791216045618057,3,4,0,0.7280914783477783,0.0001733150420477,0.7280914783477783,0.48103590309619915
8403,/home/yaxin/datasets/TacAct-original/26_4_L_12.xlsx,26,4,53,193.0,0.9846221804618835,97.1624984741211,190.0,0.10216954350471497,3,6,0,0.9700958728790284,0.0003578343894332,0.9700958728790284,0.9417182654142381
8404,/home/yaxin/datasets/TacAct-original/26_4_L_13.xlsx,26,4,47,139.0540008544922,0.8087326288223267,72.0999984741211,163.0,0.0931028351187706,3,6,0,0.984159529209137,0.0052507203072309,0.984159529209137,0.9747509136795998
8405,/home/yaxin/datasets/TacAct-original/26_4_L_14.xlsx,26,4,41,119.326904296875,0.6682707667350769,63.42499923706055,175.0,0.09341635555028915,3,3,1,0.9989520311355592,0.9989520311355592,0.9989520311355592,0.9979823860339821
8406,/home/yaxin/datasets/TacAct-original/26_4_L_15.xlsx,26,4,56,113.96673583984375,0.9742404818534851,103.3499984741211,189.0,0.10424075275659561,3,3,1,0.968768835067749,0.968768835067749,0.968768835067749,0.9377998244017364
8407,/home/yaxin/datasets/TacAct-original/26_4_L_16.xlsx,26,4,50,90.88044738769531,0.7067422270774841,94.55000305175781,196.0,0.09485118836164474,3,6,0,0.99871563911438,0.0003265571140218,0.99871563911438,0.9983224330062513
8408,/home/yaxin/datasets/TacAct-original/26_4_L_17.xlsx,26,4,48,94.39360046386719,0.8452469110488892,95.01249694824219,195.0,0.10301371663808823,3,3,1,0.9991499185562134,0.9991499185562134,0.9991499185562134,0.9983855700120331
8409,/home/yaxin/datasets/TacAct-original/26_4_L_18.xlsx,26,4,42,75.0,0.6932803392410278,71.76249694824219,176.0,0.0894920825958252,3,6,0,0.9983842372894288,0.0012925103073939,0.9983842372894288,0.997091726982035
8410,/home/yaxin/datasets/TacAct-original/26_4_L_19.xlsx,26,4,46,114.35494995117188,0.8169801831245422,83.375,190.0,0.10266779363155365,3,3,1,0.9992918968200684,0.9992918968200684,0.9992918968200684,0.9986584387370385
8411,/home/yaxin/datasets/TacAct-original/26_4_L_2.xlsx,26,4,54,88.50078582763672,0.6772087216377258,69.7750015258789,128.0,0.0727723240852356,3,3,1,0.9927167296409608,0.9927167296409608,0.9927167296409608,0.9857250647619368
8412,/home/yaxin/datasets/TacAct-original/26_4_L_20.xlsx,26,4,50,165.06887817382812,0.6599178314208984,87.01249694824219,191.0,0.09523095190525055,3,6,0,0.9964272379875184,0.0014656150015071,0.9964272379875184,0.9949616229860113
8413,/home/yaxin/datasets/TacAct-original/26_4_L_3.xlsx,26,4,65,46.0,0.43189626932144165,76.51249694824219,127.0,0.053581103682518005,3,6,0,0.9970473647117616,0.0020376066677272,0.9970473647117616,0.9950097580440344
8414,/home/yaxin/datasets/TacAct-original/26_4_L_4.xlsx,26,4,49,77.2032699584961,0.7086380124092102,84.61250305175781,166.0,0.08178254961967468,3,6,0,0.9995988011360168,0.0001035506138578,0.9995988011360168,0.9994173897139262
8415,/home/yaxin/datasets/TacAct-original/26_4_L_5.xlsx,26,4,45,120.3212890625,0.7368674278259277,82.0875015258789,179.0,0.09362418949604034,3,6,0,0.9985576272010804,0.0004657119861803,0.9985576272010804,0.9980919152149001
8416,/home/yaxin/datasets/TacAct-original/26_4_L_6.xlsx,26,4,54,97.0,0.7134507894515991,103.75,186.0,0.08551736176013947,3,6,0,0.997056245803833,0.0020415987819433,0.997056245803833,0.9950146470218897
8417,/home/yaxin/datasets/TacAct-original/26_4_L_7.xlsx,26,4,50,81.54004669189453,0.8281517028808594,96.13749694824219,195.0,0.09616251289844513,3,6,0,0.9759465456008912,0.0205807983875274,0.9759465456008912,0.9553657472133639
8418,/home/yaxin/datasets/TacAct-original/26_4_L_8.xlsx,26,4,46,92.41283416748047,0.7074593305587769,84.63749694824219,175.0,0.09092148393392563,3,3,1,0.9994308352470398,0.9994308352470398,0.9994308352470398,0.9989103008992971
8419,/home/yaxin/datasets/TacAct-original/26_4_L_9.xlsx,26,4,44,93.0,0.7406631708145142,79.5999984741211,188.0,0.09526249021291733,3,3,1,0.9994598031044006,0.9994598031044006,0.9994598031044006,0.9989839045447299
8420,/home/yaxin/datasets/TacAct-original/26_4_R_1.xlsx,26,4,58,102.09269714355469,0.8606927990913391,114.69999694824219,184.0,0.10005518794059753,3,6,0,0.9967808723449708,0.0018708838615566,0.9967808723449708,0.9949099884834142
8421,/home/yaxin/datasets/TacAct-original/26_4_R_10.xlsx,26,4,73,138.6192626953125,0.7473545074462891,117.57499694824219,158.0,0.07741884887218475,3,1,0,0.8685388565063477,0.0144495731219649,0.8685388565063477,0.7570448741316795
8422,/home/yaxin/datasets/TacAct-original/26_4_R_11.xlsx,26,4,68,70.90498352050781,0.8842419385910034,129.8000030517578,193.0,0.10941091179847717,3,6,0,0.7428241968154907,0.0007753045647405,0.7428241968154907,0.48796847462654114
8423,/home/yaxin/datasets/TacAct-original/26_4_R_12.xlsx,26,4,46,60.96253204345703,0.8531943559646606,86.6624984741211,191.0,0.10028225928544998,3,3,1,0.9989185333251952,0.9989185333251952,0.9989185333251952,0.9979463096242397
8424,/home/yaxin/datasets/TacAct-original/26_4_R_13.xlsx,26,4,55,58.13895797729492,0.6905031204223633,91.7249984741211,177.0,0.08963221311569214,3,6,0,0.9695409536361694,0.0265307463705539,0.9695409536361694,0.9430102072656156
8425,/home/yaxin/datasets/TacAct-original/26_4_R_14.xlsx,26,4,80,135.23715209960938,1.0970041751861572,160.71249389648438,194.0,0.10526502877473831,3,6,0,0.9983277916908264,0.0012124495115131,0.9983277916908264,0.9971153421793133
8426,/home/yaxin/datasets/TacAct-original/26_4_R_15.xlsx,26,4,80,126.96565246582031,1.0538901090621948,151.85000610351562,187.0,0.09363053739070892,3,3,1,0.9987621307373048,0.9987621307373048,0.9987621307373048,0.9975437173852699
8427,/home/yaxin/datasets/TacAct-original/26_4_R_16.xlsx,26,4,50,92.47209167480469,0.6869133114814758,85.75,180.0,0.08502919226884842,3,6,0,0.998969793319702,0.000901204184629,0.998969793319702,0.998068589135073
8428,/home/yaxin/datasets/TacAct-original/26_4_R_17.xlsx,26,4,53,139.0,0.9175910949707031,97.36250305175781,196.0,0.09752919524908066,3,6,0,0.9974765181541444,0.0023048834409564,0.9974765181541444,0.995171634713188
8429,/home/yaxin/datasets/TacAct-original/26_4_R_18.xlsx,26,4,63,100.4334716796875,0.9973942041397095,127.5,200.0,0.11100928485393524,3,6,0,0.9847299456596376,0.0014197437558323,0.9847299456596376,0.9740520771592857
8430,/home/yaxin/datasets/TacAct-original/26_4_R_19.xlsx,26,4,66,65.33492279052734,0.8832071423530579,130.4375,192.0,0.09176163375377655,3,3,1,0.9982951283454896,0.9982951283454896,0.9982951283454896,0.9966143359197305
8431,/home/yaxin/datasets/TacAct-original/26_4_R_2.xlsx,26,4,63,146.1754608154297,1.0151268243789673,125.32499694824219,187.0,0.10116548091173172,3,3,1,0.987108051776886,0.987108051776886,0.987108051776886,0.9743861351162196
8432,/home/yaxin/datasets/TacAct-original/26_4_R_20.xlsx,26,4,57,100.0,0.7912224531173706,102.69999694824219,178.0,0.09183166921138763,3,6,0,0.9936258792877196,0.000378791737603,0.9936258792877196,0.9907022947445511
8433,/home/yaxin/datasets/TacAct-original/26_4_R_3.xlsx,26,4,55,92.42706298828125,0.5795930624008179,90.36250305175781,166.0,0.07531367987394333,3,3,1,0.9945335388183594,0.9945335388183594,0.9945335388183594,0.9906982209067792
8434,/home/yaxin/datasets/TacAct-original/26_4_R_4.xlsx,26,4,74,112.0,0.8620935678482056,133.16250610351562,172.0,0.08403418213129044,3,1,0,0.4980284571647644,0.0059222937561571,0.4980284571647644,0.12935921549797058
8435,/home/yaxin/datasets/TacAct-original/26_4_R_5.xlsx,26,4,80,88.50078582763672,0.9882131814956665,165.33749389648438,198.0,0.09424187988042831,3,6,0,0.9996281862258912,8.170818910002708e-05,0.9996281862258912,0.9994929713866442
8436,/home/yaxin/datasets/TacAct-original/26_4_R_6.xlsx,26,4,53,181.0,0.733744740486145,95.51249694824219,178.0,0.0950615331530571,3,6,0,0.9997242093086244,5.226809662417509e-05,0.9997242093086244,0.9996016772056466
8437,/home/yaxin/datasets/TacAct-original/26_4_R_7.xlsx,26,4,69,199.60313415527344,0.9496076703071594,127.625,175.0,0.09905731678009033,3,6,0,0.9822835326194764,0.012663584202528,0.9822835326194764,0.9696199484169484
8438,/home/yaxin/datasets/TacAct-original/26_4_R_8.xlsx,26,4,80,86.02255249023438,1.070730447769165,157.10000610351562,186.0,0.09841539710760117,3,3,1,0.9987249970436096,0.9987249970436096,0.9987249970436096,0.9974816244794056
8439,/home/yaxin/datasets/TacAct-original/26_4_R_9.xlsx,26,4,75,88.0,0.9534168243408203,143.91250610351562,194.0,0.08892174065113068,3,3,1,0.9905052781105042,0.9905052781105042,0.9905052781105042,0.9811066230759026
8440,/home/yaxin/datasets/TacAct-original/26_5_L_1.xlsx,26,5,50,120.9417953491211,0.27422600984573364,25.737499237060547,55.0,0.03354319557547569,4,4,1,0.9999006986618042,0.9999006986618042,0.9999006986618042,0.9998146526340861
8441,/home/yaxin/datasets/TacAct-original/26_5_L_10.xlsx,26,5,80,174.0,0.3594246506690979,37.23749923706055,44.0,0.03240359574556351,4,4,1,0.99981290102005,0.99981290102005,0.99981290102005,0.9996703956421699
8442,/home/yaxin/datasets/TacAct-original/26_5_L_11.xlsx,26,5,51,65.87886810302734,0.2701111435890198,24.75,45.0,0.034152936190366745,4,4,1,0.9998946189880372,0.9998946189880372,0.9998946189880372,0.9998042132210686
8443,/home/yaxin/datasets/TacAct-original/26_5_L_12.xlsx,26,5,51,109.65512084960938,0.33955031633377075,25.162500381469727,49.0,0.036339856684207916,4,4,1,0.9994545578956604,0.9994545578956604,0.9994545578956604,0.9990406598080881
8444,/home/yaxin/datasets/TacAct-original/26_5_L_13.xlsx,26,5,64,81.2500991821289,0.25643405318260193,29.162500381469727,44.0,0.02653227187693119,4,4,1,0.9997987151145936,0.9997987151145936,0.9997987151145936,0.999651518315659
8445,/home/yaxin/datasets/TacAct-original/26_5_L_14.xlsx,26,5,54,176.00718688964844,0.2620181441307068,23.787500381469727,42.0,0.02848522551357746,4,4,1,0.9976099729537964,0.9976099729537964,0.9976099729537964,0.9967898954055273
8446,/home/yaxin/datasets/TacAct-original/26_5_L_15.xlsx,26,5,76,119.95853424072266,0.264652818441391,30.975000381469727,41.0,0.030953718349337578,4,1,0,0.9914969801902772,0.0080822119489312,0.9914969801902772,0.983414768241346
8447,/home/yaxin/datasets/TacAct-original/26_5_L_16.xlsx,26,5,49,76.6948013305664,0.2198859453201294,19.274999618530273,39.0,0.02857993170619011,4,4,1,0.9997316002845764,0.9997316002845764,0.9997316002845764,0.9995200164557901
8448,/home/yaxin/datasets/TacAct-original/26_5_L_17.xlsx,26,5,74,93.7808837890625,0.3666728436946869,31.362499237060547,41.0,0.03234980255365372,4,4,1,0.999868631362915,0.999868631362915,0.999868631362915,0.9997818214833387
8449,/home/yaxin/datasets/TacAct-original/26_5_L_18.xlsx,26,5,67,151.0,0.36121875047683716,31.924999237060547,46.0,0.03598083183169365,4,4,1,0.999895453453064,0.999895453453064,0.999895453453064,0.9998215438099578
8450,/home/yaxin/datasets/TacAct-original/26_5_L_19.xlsx,26,5,58,115.04219818115234,0.4028315544128418,37.775001525878906,63.0,0.044121384620666504,4,4,1,0.9349337220191956,0.9349337220191956,0.9349337220191956,0.8722533881664276
8451,/home/yaxin/datasets/TacAct-original/26_5_L_2.xlsx,26,5,58,100.4334716796875,0.34993067383766174,26.674999237060547,46.0,0.03783730790019035,4,4,1,0.9990704655647278,0.9990704655647278,0.9990704655647278,0.9985000664019027
8452,/home/yaxin/datasets/TacAct-original/26_5_L_20.xlsx,26,5,60,116.0,0.2659621834754944,24.0,43.0,0.026376530528068542,4,4,1,0.9993601441383362,0.9993601441383362,0.9993601441383362,0.9989549630554394
8453,/home/yaxin/datasets/TacAct-original/26_5_L_3.xlsx,26,5,80,173.054931640625,0.5157512426376343,44.07500076293945,53.0,0.04721769690513611,4,4,1,0.9996069073677064,0.9996069073677064,0.9996069073677064,0.999305221514078
8454,/home/yaxin/datasets/TacAct-original/26_5_L_4.xlsx,26,5,62,98.3422622680664,0.25324487686157227,25.325000762939453,41.0,0.028166571632027626,4,4,1,0.9992247819900512,0.9992247819900512,0.9992247819900512,0.998668094514869
8455,/home/yaxin/datasets/TacAct-original/26_5_L_5.xlsx,26,5,80,58.0,0.27082785964012146,35.6875,43.0,0.02833837829530239,4,4,1,0.9998856782913208,0.9998856782913208,0.9998856782913208,0.9997966653390904
8456,/home/yaxin/datasets/TacAct-original/26_5_L_6.xlsx,26,5,80,193.0,0.45894020795822144,38.07500076293945,46.0,0.03867103159427643,4,4,1,0.9998815059661864,0.9998815059661864,0.9998815059661864,0.99978832853958
8457,/home/yaxin/datasets/TacAct-original/26_5_L_7.xlsx,26,5,44,205.0,0.3756442964076996,22.274999618530273,54.0,0.04022616520524025,4,4,1,0.999659538269043,0.999659538269043,0.999659538269043,0.9993676922167651
8458,/home/yaxin/datasets/TacAct-original/26_5_L_8.xlsx,26,5,66,139.2211151123047,0.3311859667301178,32.92499923706055,49.0,0.03641507774591446,4,4,1,0.9995009899139404,0.9995009899139404,0.9995009899139404,0.999147774098674
8459,/home/yaxin/datasets/TacAct-original/26_5_L_9.xlsx,26,5,77,129.0,0.3903132975101471,35.150001525878906,44.0,0.03311077505350113,4,4,1,0.9899936318397522,0.9899936318397522,0.9899936318397522,0.9814503183588386
8460,/home/yaxin/datasets/TacAct-original/26_5_R_1.xlsx,26,5,52,156.0,0.3403671383857727,21.212499618530273,39.0,0.03664381429553032,4,4,1,0.9801595211029052,0.9801595211029052,0.9801595211029052,0.965389285236597
8461,/home/yaxin/datasets/TacAct-original/26_5_R_10.xlsx,26,5,54,180.14097595214844,0.26327380537986755,25.162500381469727,51.0,0.03494057059288025,4,4,1,0.9998410940170288,0.9998410940170288,0.9998410940170288,0.9997024679614697
8462,/home/yaxin/datasets/TacAct-original/26_5_R_11.xlsx,26,5,57,77.51483154296875,0.23646631836891174,23.737499237060547,43.0,0.032296713441610336,4,4,1,0.9986145496368408,0.9986145496368408,0.9986145496368408,0.9979915228905157
8463,/home/yaxin/datasets/TacAct-original/26_5_R_12.xlsx,26,5,72,94.0,0.29645469784736633,35.32500076293945,51.0,0.03569455072283745,4,4,1,0.9991507530212402,0.9991507530212402,0.9991507530212402,0.9984779076767154
8464,/home/yaxin/datasets/TacAct-original/26_5_R_13.xlsx,26,5,61,88.0,0.30299028754234314,32.13750076293945,52.0,0.03669632971286774,4,4,1,0.9989053010940552,0.9989053010940552,0.9989053010940552,0.998251068056561
8465,/home/yaxin/datasets/TacAct-original/26_5_R_14.xlsx,26,5,60,148.4732666015625,0.39470982551574707,27.049999237060547,43.0,0.03978999704122543,4,4,1,0.9997580647468568,0.9997580647468568,0.9997580647468568,0.9995758729346564
8466,/home/yaxin/datasets/TacAct-original/26_5_R_15.xlsx,26,5,51,91.0,0.2995390295982361,24.637500762939453,49.0,0.032420702278614044,4,4,1,0.8428337574005127,0.8428337574005127,0.8428337574005127,0.6915220469236374
8467,/home/yaxin/datasets/TacAct-original/26_5_R_16.xlsx,26,5,44,146.0,0.3707546591758728,17.549999237060547,39.0,0.03714011609554291,4,4,1,0.9512609243392944,0.9512609243392944,0.9512609243392944,0.9057995527982712
8468,/home/yaxin/datasets/TacAct-original/26_5_R_17.xlsx,26,5,40,194.68679809570312,0.3986645042896271,19.337499618530273,48.0,0.0450507216155529,4,4,1,0.999612271785736,0.999612271785736,0.999612271785736,0.999309790029656
8469,/home/yaxin/datasets/TacAct-original/26_5_R_18.xlsx,26,5,54,166.0632781982422,0.33600717782974243,24.024999618530273,43.0,0.03688124939799309,4,4,1,0.9976292252540588,0.9976292252540588,0.9976292252540588,0.9967266620951706
8470,/home/yaxin/datasets/TacAct-original/26_5_R_19.xlsx,26,5,58,118.33251190185547,0.3312280774116516,24.875,44.0,0.03336445987224579,4,4,1,0.9999072551727296,0.9999072551727296,0.9999072551727296,0.9998448609258049
8471,/home/yaxin/datasets/TacAct-original/26_5_R_2.xlsx,26,5,73,138.22032165527344,0.4041406214237213,32.61249923706055,43.0,0.03778886795043945,4,4,1,0.9998282194137572,0.9998282194137572,0.9998282194137572,0.9996868411981267
8472,/home/yaxin/datasets/TacAct-original/26_5_R_20.xlsx,26,5,53,99.5817642211914,0.3253251016139984,24.049999237060547,44.0,0.03252008184790611,4,4,1,0.9991225600242616,0.9991225600242616,0.9991225600242616,0.9985459805466236
8473,/home/yaxin/datasets/TacAct-original/26_5_R_3.xlsx,26,5,80,112.44905090332031,0.39674681425094604,40.29999923706055,48.0,0.03766477108001709,4,4,1,0.9998581409454346,0.9998581409454346,0.9998581409454346,0.9997405196118053
8474,/home/yaxin/datasets/TacAct-original/26_5_R_4.xlsx,26,5,80,249.33822631835938,0.5064078569412231,49.025001525878906,62.0,0.047183699905872345,4,4,1,0.9998569488525392,0.9998569488525392,0.9998569488525392,0.9997430072398857
8475,/home/yaxin/datasets/TacAct-original/26_5_R_5.xlsx,26,5,80,106.78461456298828,0.4134831428527832,41.01250076293945,48.0,0.03896374627947807,4,4,1,0.9996956586837769,0.9996956586837769,0.9996956586837769,0.9994548518588999
8476,/home/yaxin/datasets/TacAct-original/26_5_R_6.xlsx,26,5,72,171.08839416503906,0.44401559233665466,34.67499923706055,46.0,0.03700755536556244,4,4,1,0.999636173248291,0.999636173248291,0.999636173248291,0.9993443535058759
8477,/home/yaxin/datasets/TacAct-original/26_5_R_7.xlsx,26,5,63,242.8668670654297,0.6499248743057251,33.712501525878906,57.0,0.060961928218603134,4,4,1,0.99977844953537,0.99977844953537,0.99977844953537,0.9995836527523354
8478,/home/yaxin/datasets/TacAct-original/26_5_R_8.xlsx,26,5,57,94.46713256835938,0.33740338683128357,23.662500381469727,41.0,0.03179369121789932,4,4,1,0.9991315007209778,0.9991315007209778,0.9991315007209778,0.9985884701600298
8479,/home/yaxin/datasets/TacAct-original/26_5_R_9.xlsx,26,5,70,198.0,0.4716993272304535,34.5625,51.0,0.04432021453976631,4,4,1,0.9993834495544434,0.9993834495544434,0.9993834495544434,0.9988587431143969
8480,/home/yaxin/datasets/TacAct-original/26_6_L_1.xlsx,26,6,69,51.240478515625,0.044390950351953506,6.025000095367432,10.0,0.005836048629134893,5,5,1,0.9999456405639648,0.9999456405639648,0.9999456405639648,0.9999293601849786
8481,/home/yaxin/datasets/TacAct-original/26_6_L_10.xlsx,26,6,44,52.936954498291016,0.045128799974918365,3.6624999046325684,9.0,0.005470885429531336,5,5,1,0.9999403953552246,0.9999403953552246,0.9999403953552246,0.9999208851986623
8482,/home/yaxin/datasets/TacAct-original/26_6_L_11.xlsx,26,6,44,183.0,0.1430705487728119,6.625,34.0,0.01395878754556179,5,5,1,0.9999892711639404,0.9999892711639404,0.9999892711639404,0.9999852386586099
8483,/home/yaxin/datasets/TacAct-original/26_6_L_12.xlsx,26,6,50,69.0,0.07123639434576035,7.737500190734863,34.0,0.009449333883821964,5,5,1,0.9997454285621644,0.9997454285621644,0.9997454285621644,0.9996629374145415
8484,/home/yaxin/datasets/TacAct-original/26_6_L_13.xlsx,26,6,56,81.54004669189453,0.08026392757892609,5.5625,10.0,0.008593348786234856,5,5,1,0.9999958276748656,0.9999958276748656,0.9999958276748656,0.9999938482289962
8485,/home/yaxin/datasets/TacAct-original/26_6_L_14.xlsx,26,6,61,48.0,0.06923208385705948,4.925000190734863,8.0,0.006449280772358179,5,5,1,0.999929428100586,0.999929428100586,0.999929428100586,0.9999092435209606
8486,/home/yaxin/datasets/TacAct-original/26_6_L_15.xlsx,26,6,61,57.0,0.0819493904709816,8.362500190734863,18.0,0.00789936538785696,5,5,1,0.99999737739563,0.99999737739563,0.99999737739563,0.9999963497334649
8487,/home/yaxin/datasets/TacAct-original/26_6_L_16.xlsx,26,6,80,32.87165069580078,0.0508820004761219,6.6875,8.0,0.0049491277895867825,5,5,1,0.999972939491272,0.999972939491272,0.999972939491272,0.9999634234609402
8488,/home/yaxin/datasets/TacAct-original/26_6_L_17.xlsx,26,6,62,57.02946472167969,0.08637891709804535,9.5625,36.0,0.008452389389276505,5,5,1,0.9999933242797852,0.9999933242797852,0.9999933242797852,0.999989952944361
8489,/home/yaxin/datasets/TacAct-original/26_6_L_18.xlsx,26,6,41,70.0,0.06065336614847183,3.7125000953674316,10.0,0.007430704310536385,5,5,1,0.9999616146087646,0.9999616146087646,0.9999616146087646,0.9999484762602151
8490,/home/yaxin/datasets/TacAct-original/26_6_L_19.xlsx,26,6,50,82.0,0.05957493185997009,3.262500047683716,6.0,0.006334281992167234,5,5,1,0.9995126724243164,0.9995126724243164,0.9995126724243164,0.9993612076650608
8491,/home/yaxin/datasets/TacAct-original/26_6_L_2.xlsx,26,6,80,63.80967712402344,0.07656942307949066,10.487500190734863,13.0,0.008576610125601292,5,5,1,0.9999866485595704,0.9999866485595704,0.9999866485595704,0.9999802428606018
8492,/home/yaxin/datasets/TacAct-original/26_6_L_20.xlsx,26,6,64,63.839359283447266,0.07120347023010254,7.512499809265137,11.0,0.009013425558805466,5,5,1,0.9998884201049804,0.9998884201049804,0.9998884201049804,0.9998467818259086
8493,/home/yaxin/datasets/TacAct-original/26_6_L_3.xlsx,26,6,76,140.0,0.1352708339691162,10.012499809265137,13.0,0.013345608487725258,5,5,1,0.9999921321868896,0.9999921321868896,0.9999921321868896,0.9999883522921209
8494,/home/yaxin/datasets/TacAct-original/26_6_L_4.xlsx,26,6,58,60.0,0.0723404735326767,6.137499809265137,10.0,0.006809326820075512,5,5,1,0.9999446868896484,0.9999446868896484,0.9999446868896484,0.9999277735951182
8495,/home/yaxin/datasets/TacAct-original/26_6_L_5.xlsx,26,6,80,60.657840728759766,0.0703829973936081,5.5,8.0,0.005332350730895996,5,5,1,0.9999815225601196,0.9999815225601196,0.9999815225601196,0.9999753871388748
8496,/home/yaxin/datasets/TacAct-original/26_6_L_6.xlsx,26,6,80,56.35136795043945,0.0588374026119709,7.862500190734863,9.0,0.00631379010155797,5,5,1,0.9999738931655884,0.9999738931655884,0.9999738931655884,0.9999644563840775
8497,/home/yaxin/datasets/TacAct-original/26_6_L_7.xlsx,26,6,80,70.0,0.08309712260961533,8.149999618530273,12.0,0.006958114914596081,5,5,1,0.9999947547912598,0.9999947547912598,0.9999947547912598,0.9999930241519905
8498,/home/yaxin/datasets/TacAct-original/26_6_L_8.xlsx,26,6,80,66.0,0.09499041736125946,7.712500095367432,11.0,0.007732845377177,5,5,1,0.9999945163726808,0.9999945163726808,0.9999945163726808,0.9999921570497464
8499,/home/yaxin/datasets/TacAct-original/26_6_L_9.xlsx,26,6,72,94.6659164428711,0.08771909028291702,6.849999904632568,8.0,0.009467687457799911,5,5,1,0.9999889135360718,0.9999889135360718,0.9999889135360718,0.9999845871466277
8500,/home/yaxin/datasets/TacAct-original/26_6_R_1.xlsx,26,6,80,74.72826385498047,0.09330420196056366,8.137499809265137,11.0,0.008038228377699852,5,5,1,0.9999719858169556,0.9999719858169556,0.9999719858169556,0.9999633277575413
8501,/home/yaxin/datasets/TacAct-original/26_6_R_10.xlsx,26,6,65,100.4334716796875,0.12069344520568848,11.100000381469727,31.0,0.010865711607038975,5,5,1,0.9999817609786988,0.9999817609786988,0.9999817609786988,0.9999756196903037
8502,/home/yaxin/datasets/TacAct-original/26_6_R_11.xlsx,26,6,80,107.0,0.12574173510074615,9.824999809265137,16.0,0.009506535716354847,5,5,1,0.9999945163726808,0.9999945163726808,0.9999945163726808,0.9999920463901618
8503,/home/yaxin/datasets/TacAct-original/26_6_R_12.xlsx,26,6,62,131.0,0.15866973996162415,8.587499618530273,40.0,0.01458500325679779,5,5,1,0.999968647956848,0.999968647956848,0.999968647956848,0.9999572865053777
8504,/home/yaxin/datasets/TacAct-original/26_6_R_13.xlsx,26,6,63,142.0,0.16067560017108917,7.125,12.0,0.011957980692386627,5,5,1,0.9999939203262328,0.9999939203262328,0.9999939203262328,0.9999910724375239
8505,/home/yaxin/datasets/TacAct-original/26_6_R_14.xlsx,26,6,53,100.54857635498047,0.10308685153722763,5.962500095367432,16.0,0.01197163388133049,5,5,1,0.999994158744812,0.999994158744812,0.999994158744812,0.999991286969589
8506,/home/yaxin/datasets/TacAct-original/26_6_R_15.xlsx,26,6,56,71.0,0.09120269119739532,8.324999809265137,16.0,0.011746593751013279,5,5,1,0.9998445510864258,0.9998445510864258,0.9998445510864258,0.9997855241344951
8507,/home/yaxin/datasets/TacAct-original/26_6_R_16.xlsx,26,6,66,86.5274658203125,0.11252317577600479,6.824999809265137,12.0,0.009927128441631794,5,5,1,0.9999945163726808,0.9999945163726808,0.9999945163726808,0.9999921940020614
8508,/home/yaxin/datasets/TacAct-original/26_6_R_17.xlsx,26,6,57,79.64459991455078,0.06948493421077728,4.224999904632568,7.0,0.006132187321782112,5,5,1,0.9998964071273804,0.9998964071273804,0.9998964071273804,0.999866045991439
8509,/home/yaxin/datasets/TacAct-original/26_6_R_18.xlsx,26,6,64,127.61935424804688,0.13255274295806885,9.737500190734863,28.0,0.011997758410871029,5,5,1,0.999935746192932,0.999935746192932,0.999935746192932,0.9999125540271051
8510,/home/yaxin/datasets/TacAct-original/26_6_R_19.xlsx,26,6,80,114.35494995117188,0.11791982501745224,11.887499809265137,16.0,0.011224156245589256,5,5,1,0.9999951124191284,0.9999951124191284,0.9999951124191284,0.9999927837418454
8511,/home/yaxin/datasets/TacAct-original/26_6_R_2.xlsx,26,6,80,168.0,0.12901201844215393,8.774999618530273,23.0,0.01549089141190052,5,5,1,0.9999666213989258,0.9999666213989258,0.9999666213989258,0.9999559048737865
8512,/home/yaxin/datasets/TacAct-original/26_6_R_20.xlsx,26,6,80,97.45030212402344,0.09120403975248337,9.087499618530273,18.0,0.008310804143548012,5,5,1,0.9999936819076538,0.9999936819076538,0.9999936819076538,0.9999909555954218
8513,/home/yaxin/datasets/TacAct-original/26_6_R_3.xlsx,26,6,80,235.38038635253906,0.20562243461608887,8.5,19.0,0.01727089285850525,5,5,1,0.999991774559021,0.999991774559021,0.999991774559021,0.9999881973767515
8514,/home/yaxin/datasets/TacAct-original/26_6_R_4.xlsx,26,6,69,94.73563385009766,0.10907767713069916,7.800000190734863,13.0,0.010355232283473015,5,5,1,0.9999865293502808,0.9999865293502808,0.9999865293502808,0.9999812779860804
8515,/home/yaxin/datasets/TacAct-original/26_6_R_5.xlsx,26,6,80,101.0,0.08055271953344345,6.425000190734863,8.0,0.005971153266727924,5,5,1,0.9999805688858032,0.9999805688858032,0.9999805688858032,0.9999742008071735
8516,/home/yaxin/datasets/TacAct-original/26_6_R_6.xlsx,26,6,71,71.7784652709961,0.052641600370407104,4.487500190734863,7.0,0.004123704042285681,5,5,1,0.9999754428863524,0.9999754428863524,0.9999754428863524,0.9999674357450202
8517,/home/yaxin/datasets/TacAct-original/26_6_R_7.xlsx,26,6,80,59.0,0.07496495544910431,6.224999904632568,10.0,0.006962592247873545,5,5,1,0.9999498128890992,0.9999498128890992,0.9999498128890992,0.9999302613650799
8518,/home/yaxin/datasets/TacAct-original/26_6_R_8.xlsx,26,6,80,188.93426513671875,0.14496605098247528,8.5,27.0,0.012886243872344494,5,5,1,0.999996304512024,0.999996304512024,0.999996304512024,0.99999483405486
8519,/home/yaxin/datasets/TacAct-original/26_6_R_9.xlsx,26,6,60,88.94682312011719,0.10957310348749161,7.487500190734863,12.0,0.009900878183543682,5,5,1,0.9999585151672364,0.9999585151672364,0.9999585151672364,0.9999453930377059
8520,/home/yaxin/datasets/TacAct-original/26_7_L_1.xlsx,26,7,65,58.22781753540039,0.4670174717903137,78.8375015258789,131.0,0.05982472747564316,6,6,1,0.999942183494568,0.999942183494568,0.999942183494568,0.9999157942856983
8521,/home/yaxin/datasets/TacAct-original/26_7_L_10.xlsx,26,7,64,76.5680923461914,0.44554147124290466,92.9749984741211,144.0,0.06224524974822998,6,6,1,0.9990703463554382,0.9990703463554382,0.9990703463554382,0.9987341786036268
8522,/home/yaxin/datasets/TacAct-original/26_7_L_11.xlsx,26,7,53,72.76173400878906,0.5029668807983398,81.875,159.0,0.06505026668310165,6,6,1,0.9979447722434998,0.9979447722434998,0.9979447722434998,0.9960176406893879
8523,/home/yaxin/datasets/TacAct-original/26_7_L_12.xlsx,26,7,61,83.0,0.45118460059165955,86.01249694824219,140.0,0.062346868216991425,6,6,1,0.997610569000244,0.997610569000244,0.997610569000244,0.9968708209344185
8524,/home/yaxin/datasets/TacAct-original/26_7_L_13.xlsx,26,7,66,39.775634765625,0.41715139150619507,83.94999694824219,129.0,0.0505986250936985,6,6,1,0.988852083683014,0.988852083683014,0.988852083683014,0.9800559282302859
8525,/home/yaxin/datasets/TacAct-original/26_7_L_14.xlsx,26,7,53,105.87390899658203,0.35422787070274353,76.55000305175781,147.0,0.05388467013835907,6,6,1,0.9809672236442566,0.9809672236442566,0.9809672236442566,0.9704657057300211
8526,/home/yaxin/datasets/TacAct-original/26_7_L_15.xlsx,26,7,73,66.86212921142578,0.5366240739822388,105.98750305175781,147.0,0.06565054506063461,6,6,1,0.9998146891593932,0.9998146891593932,0.9998146891593932,0.9997156276731402
8527,/home/yaxin/datasets/TacAct-original/26_7_L_16.xlsx,26,7,73,49.163333892822266,0.47883278131484985,111.7750015258789,145.0,0.06192896515130997,6,6,1,0.9839074611663818,0.9839074611663818,0.9839074611663818,0.9682409893721342
8528,/home/yaxin/datasets/TacAct-original/26_7_L_17.xlsx,26,7,80,46.3198356628418,0.33133774995803833,109.05000305175781,150.0,0.05204565450549126,6,0,0,0.9986571073532104,0.0004561181995086,0.9986571073532104,0.9981645260122606
8529,/home/yaxin/datasets/TacAct-original/26_7_L_18.xlsx,26,7,59,71.59613800048828,0.5069049596786499,96.125,154.0,0.06924975663423538,6,6,1,0.9992716908454896,0.9992716908454896,0.9992716908454896,0.9989698707649951
8530,/home/yaxin/datasets/TacAct-original/26_7_L_19.xlsx,26,7,47,48.21044158935547,0.2686283588409424,53.150001525878906,126.0,0.047251153737306595,6,6,1,0.9992695450782776,0.9992695450782776,0.9992695450782776,0.9990209354145919
8531,/home/yaxin/datasets/TacAct-original/26_7_L_2.xlsx,26,7,59,67.67692565917969,0.3764767646789551,68.63749694824219,135.0,0.06138565391302109,6,6,1,0.9981847405433656,0.9981847405433656,0.9981847405433656,0.9973197312210688
8532,/home/yaxin/datasets/TacAct-original/26_7_L_20.xlsx,26,7,61,47.73075866699219,0.3605571389198303,70.86250305175781,122.0,0.05255693197250366,6,6,1,0.9985005855560304,0.9985005855560304,0.9985005855560304,0.9973297689575704
8533,/home/yaxin/datasets/TacAct-original/26_7_L_3.xlsx,26,7,65,71.97537994384766,0.6256378889083862,92.88749694824219,136.0,0.06861843913793564,6,6,1,0.999849796295166,0.999849796295166,0.999849796295166,0.9997632188023999
8534,/home/yaxin/datasets/TacAct-original/26_7_L_4.xlsx,26,7,60,58.012733459472656,0.3825126588344574,66.2874984741211,117.0,0.05457349494099617,6,6,1,0.9971911311149596,0.9971911311149596,0.9971911311149596,0.9958358177682384
8535,/home/yaxin/datasets/TacAct-original/26_7_L_5.xlsx,26,7,66,56.38227462768555,0.4716392457485199,92.9375,148.0,0.05904972553253174,6,6,1,0.9998644590377808,0.9998644590377808,0.9998644590377808,0.9997983120701974
8536,/home/yaxin/datasets/TacAct-original/26_7_L_6.xlsx,26,7,63,66.15160369873047,0.5201976895332336,87.17500305175781,147.0,0.06894973665475845,6,6,1,0.9981144666671752,0.9981144666671752,0.9981144666671752,0.9966575475409627
8537,/home/yaxin/datasets/TacAct-original/26_7_L_7.xlsx,26,7,43,74.67891693115234,0.4894959330558777,57.625,134.0,0.06341172009706497,6,6,1,0.5061590671539307,0.5061590671539307,0.5061590671539307,0.04256224632263189
8538,/home/yaxin/datasets/TacAct-original/26_7_L_8.xlsx,26,7,63,39.986324310302734,0.3476807177066803,87.5999984741211,140.0,0.05314783379435539,6,6,1,0.9954500794410706,0.9954500794410706,0.9954500794410706,0.9931029449217021
8539,/home/yaxin/datasets/TacAct-original/26_7_L_9.xlsx,26,7,73,48.72515106201172,0.5478668212890625,113.11250305175781,156.0,0.05998130887746811,6,6,1,0.9988905787467957,0.9988905787467957,0.9988905787467957,0.9980687783099712
8540,/home/yaxin/datasets/TacAct-original/26_7_R_1.xlsx,26,7,46,58.0,0.32670730352401733,71.67500305175781,147.0,0.05540677532553673,6,3,0,0.926893413066864,0.073017381131649,0.926893413066864,0.853876031935215
8541,/home/yaxin/datasets/TacAct-original/26_7_R_10.xlsx,26,7,61,88.50627899169922,0.6381090879440308,88.2750015258789,150.0,0.07285813242197037,6,3,0,0.9991901516914368,0.0007737248088233,0.9991901516914368,0.9984164268826135
8542,/home/yaxin/datasets/TacAct-original/26_7_R_11.xlsx,26,7,57,100.20209503173828,0.4798854887485504,80.9749984741211,142.0,0.0667416974902153,6,3,0,0.9995742440223694,0.0003961523470934,0.9995742440223694,0.9991780916752759
8543,/home/yaxin/datasets/TacAct-original/26_7_R_12.xlsx,26,7,53,113.11714935302734,0.4427655339241028,74.88749694824219,153.0,0.06528420001268387,6,6,1,0.9996676445007324,0.9996676445007324,0.9996676445007324,0.9995221829158254
8544,/home/yaxin/datasets/TacAct-original/26_7_R_13.xlsx,26,7,50,80.8796157836914,0.5231748819351196,71.42500305175781,150.0,0.07020193338394165,6,3,0,0.9994596838951112,0.0004736506962217,0.9994596838951112,0.9989860331988895
8545,/home/yaxin/datasets/TacAct-original/26_7_R_14.xlsx,26,7,43,199.90078735351562,0.532589316368103,66.01249694824219,159.0,0.07212243229150772,6,6,1,0.9978874325752258,0.9978874325752258,0.9978874325752258,0.9963747739093378
8546,/home/yaxin/datasets/TacAct-original/26_7_R_15.xlsx,26,7,43,85.75208282470703,0.4734918475151062,61.087501525878906,149.0,0.06916055828332901,6,3,0,0.9995930790901184,0.0003699903609231,0.9995930790901184,0.9992230887291953
8547,/home/yaxin/datasets/TacAct-original/26_7_R_16.xlsx,26,7,42,159.1025390625,0.5295706987380981,59.974998474121094,154.0,0.07544977217912674,6,6,1,0.9995285272598268,0.9995285272598268,0.9995285272598268,0.9993364337133246
8548,/home/yaxin/datasets/TacAct-original/26_7_R_17.xlsx,26,7,42,116.01759338378906,0.3717151880264282,47.787498474121094,126.0,0.05764727666974068,6,3,0,0.9993088245391846,0.0005837341304868,0.9993088245391846,0.9987250904086977
8549,/home/yaxin/datasets/TacAct-original/26_7_R_18.xlsx,26,7,39,71.86841583251953,0.47539252042770386,59.79999923706055,169.0,0.07401571422815323,6,3,0,0.9988464117050172,0.0010719010606408,0.9988464117050172,0.9977745106443764
8550,/home/yaxin/datasets/TacAct-original/26_7_R_19.xlsx,26,7,40,94.39360046386719,0.4213689863681793,50.400001525878906,142.0,0.060169316828250885,6,3,0,0.9993056058883668,0.0006276140920817,0.9993056058883668,0.9986779917962851
8551,/home/yaxin/datasets/TacAct-original/26_7_R_2.xlsx,26,7,73,79.04144287109375,0.6000429391860962,100.7750015258789,140.0,0.07407332956790924,6,6,1,0.9995359182357788,0.9995359182357788,0.9995359182357788,0.999333983156248
8552,/home/yaxin/datasets/TacAct-original/26_7_R_20.xlsx,26,7,62,146.0,0.6344760060310364,82.98750305175781,135.0,0.07391892373561859,6,6,1,0.9751881957054138,0.9751881957054138,0.9751881957054138,0.9588045924901963
8553,/home/yaxin/datasets/TacAct-original/26_7_R_3.xlsx,26,7,78,55.0,0.5632103681564331,127.86250305175781,158.0,0.07705461233854294,6,3,0,0.990756332874298,0.0091809462755918,0.990756332874298,0.9815753865987061
8554,/home/yaxin/datasets/TacAct-original/26_7_R_4.xlsx,26,7,56,58.012733459472656,0.3520234525203705,69.07499694824219,127.0,0.05313948169350624,6,3,0,0.8248443603515625,0.1749898046255111,0.8248443603515625,0.6498545557260514
8555,/home/yaxin/datasets/TacAct-original/26_7_R_5.xlsx,26,7,46,50.14659881591797,0.510392963886261,72.26249694824219,160.0,0.07817605137825012,6,6,1,0.991935968399048,0.991935968399048,0.991935968399048,0.9842035626061263
8556,/home/yaxin/datasets/TacAct-original/26_7_R_6.xlsx,26,7,50,130.0,0.5417062044143677,66.19999694824219,135.0,0.07029983401298523,6,3,0,0.9992719292640686,0.0006405120366252,0.9992719292640686,0.9986314172274434
8557,/home/yaxin/datasets/TacAct-original/26_7_R_7.xlsx,26,7,51,110.29039001464844,0.28228798508644104,54.662498474121094,127.0,0.054459843784570694,6,3,0,0.9970468878746032,0.0023170770145952,0.9970468878746032,0.994729810860008
8558,/home/yaxin/datasets/TacAct-original/26_7_R_8.xlsx,26,7,64,53.81944274902344,0.501720130443573,100.1875,159.0,0.06523086130619049,6,3,0,0.9996790885925292,0.0003052655665669,0.9996790885925292,0.9993738230259623
8559,/home/yaxin/datasets/TacAct-original/26_7_R_9.xlsx,26,7,49,163.0,0.4578428268432617,71.73750305175781,158.0,0.07673386484384537,6,6,1,0.9837650656700134,0.9837650656700134,0.9837650656700134,0.9692477686330676
8560,/home/yaxin/datasets/TacAct-original/26_8_L_1.xlsx,26,8,27,87.0,0.10783691704273224,9.887499809265137,57.0,0.027875296771526337,7,8,0,0.999998927116394,2.304045381151809e-07,0.999998927116394,0.9999984512249398
8561,/home/yaxin/datasets/TacAct-original/26_8_L_10.xlsx,26,8,12,69.0,0.04515380784869194,4.037499904632568,59.0,0.029939675703644753,7,8,0,0.9021856784820556,7.405608630506322e-05,0.9021856784820556,0.8222745656967163
8562,/home/yaxin/datasets/TacAct-original/26_8_L_11.xlsx,26,8,15,54.0,0.06467285007238388,6.650000095367432,90.0,0.03472359478473663,7,8,0,0.9999939203262328,1.104623947867367e-06,0.9999939203262328,0.9999896695280767
8563,/home/yaxin/datasets/TacAct-original/26_8_L_12.xlsx,26,8,13,52.0,0.02315673790872097,2.8499999046325684,42.0,0.019741395488381386,7,5,0,0.9918308854103088,9.115053217101377e-06,0.9918308854103088,0.9854735545814037
8564,/home/yaxin/datasets/TacAct-original/26_8_L_13.xlsx,26,8,16,102.0,0.08646240085363388,6.337500095367432,58.0,0.026874011382460594,7,8,0,0.9999152421951294,7.029540574876592e-05,0.9999152421951294,0.9998449467893806
8565,/home/yaxin/datasets/TacAct-original/26_8_L_14.xlsx,26,8,24,110.0,0.10189209133386612,8.912500381469727,54.0,0.03594738990068436,7,0,0,0.9986053109169006,3.541894102454535e-07,0.9986053109169006,0.9972471847431734
8566,/home/yaxin/datasets/TacAct-original/26_8_L_15.xlsx,26,8,25,76.0,0.11418457329273224,9.899999618530273,78.0,0.031200554221868515,7,8,0,0.9896122813224792,4.049971266795183e-06,0.9896122813224792,0.9800459118559958
8567,/home/yaxin/datasets/TacAct-original/26_8_L_16.xlsx,26,8,19,89.0,0.0465087890625,5.824999809265137,61.0,0.02138548344373703,7,11,0,0.3917136788368225,6.008764830767177e-05,0.3917136788368225,0.06773385405540472
8568,/home/yaxin/datasets/TacAct-original/26_8_L_17.xlsx,26,8,24,144.0,0.1282958984375,9.925000190734863,67.0,0.04105271026492119,7,8,0,0.9999940395355223,2.5056021968339337e-06,0.9999940395355223,0.9999915339333255
8569,/home/yaxin/datasets/TacAct-original/26_8_L_18.xlsx,26,8,24,137.0,0.13502196967601776,9.199999809265137,43.0,0.04253609478473663,7,0,0,0.998531699180603,7.377885253845307e-07,0.998531699180603,0.9973099090857432
8570,/home/yaxin/datasets/TacAct-original/26_8_L_19.xlsx,26,8,20,86.0,0.07181396335363388,6.462500095367432,57.0,0.029642999172210693,7,8,0,0.4690741598606109,0.2682411074638366,0.4690741598606109,0.2008330523967743
8571,/home/yaxin/datasets/TacAct-original/26_8_L_2.xlsx,26,8,15,71.0,0.05830078199505806,5.525000095367432,57.0,0.02178105153143406,7,8,0,0.9936747550964355,0.0030654205475002,0.9936747550964355,0.9906093345489353
8572,/home/yaxin/datasets/TacAct-original/26_8_L_20.xlsx,26,8,20,106.0,0.14444580674171448,8.6875,65.0,0.03415496274828911,7,8,0,0.9999607801437378,2.2385051124729216e-05,0.9999607801437378,0.9999383950926131
8573,/home/yaxin/datasets/TacAct-original/26_8_L_3.xlsx,26,8,20,76.0,0.08168945461511612,7.525000095367432,68.0,0.028728242963552475,7,8,0,0.9999935626983644,4.542443548416486e-06,0.9999935626983644,0.999989020254816
8574,/home/yaxin/datasets/TacAct-original/26_8_L_4.xlsx,26,8,20,168.0,0.08186034858226776,6.837500095367432,52.0,0.04021212458610535,7,8,0,0.9999994039535522,1.4180413288045202e-08,0.9999994039535522,0.9999988905090618
8575,/home/yaxin/datasets/TacAct-original/26_8_L_5.xlsx,26,8,28,50.0,0.07011719048023224,8.237500190734863,61.0,0.020532535389065742,7,11,0,0.9631451368331908,7.296305739146192e-06,0.9631451368331908,0.9417667891830205
8576,/home/yaxin/datasets/TacAct-original/26_8_L_6.xlsx,26,8,27,60.0,0.1068115234375,10.112500190734863,58.0,0.02210245281457901,7,11,0,0.4846744537353515,4.207219535601325e-05,0.4846744537353515,0.06339418888092041
8577,/home/yaxin/datasets/TacAct-original/26_8_L_7.xlsx,26,8,27,106.0,0.16666260361671448,12.037500381469727,60.0,0.05042276531457901,7,8,0,0.9999996423721312,8.366630943612563e-09,0.9999996423721312,0.999999291910285
8578,/home/yaxin/datasets/TacAct-original/26_8_L_8.xlsx,26,8,8,124.0,0.05498046800494194,4.099999904632568,73.0,0.031175831332802773,7,7,1,0.9967818260192872,0.9967818260192872,0.9967818260192872,0.9938735910691322
8579,/home/yaxin/datasets/TacAct-original/26_8_L_9.xlsx,26,8,9,91.0,0.04385986179113388,2.9749999046325684,45.0,0.0174174252897501,7,7,1,0.99332594871521,0.99332594871521,0.99332594871521,0.9871890661306679
8580,/home/yaxin/datasets/TacAct-original/26_8_R_1.xlsx,26,8,21,78.0,0.08894042670726776,8.050000190734863,42.0,0.025242285802960396,7,2,0,0.9451712965965272,2.6787090519064805e-06,0.9451712965965272,0.8991581723093988
8581,/home/yaxin/datasets/TacAct-original/26_8_R_10.xlsx,26,8,24,46.0,0.0572509765625,5.150000095367432,29.0,0.010989418253302574,7,5,0,0.9995627999305724,2.060104264955953e-08,0.9995627999305724,0.9991553910367656
8582,/home/yaxin/datasets/TacAct-original/26_8_R_11.xlsx,26,8,31,64.0,0.15625,12.412500381469727,40.0,0.03409315645694733,7,2,0,0.7943435907363892,2.72195370598638e-06,0.7943435907363892,0.615462139248848
8583,/home/yaxin/datasets/TacAct-original/26_8_R_12.xlsx,26,8,41,114.0,0.31102293729782104,20.262500762939453,84.0,0.059619758278131485,7,11,0,0.8837616443634033,4.438359439973283e-07,0.8837616443634033,0.7679412290453911
8584,/home/yaxin/datasets/TacAct-original/26_8_R_13.xlsx,26,8,41,130.0,0.13164062798023224,12.037500381469727,37.0,0.033091869205236435,7,0,0,0.9999738931655884,2.53191956289811e-09,0.9999738931655884,0.9999488132270926
8585,/home/yaxin/datasets/TacAct-original/26_8_R_14.xlsx,26,8,38,76.0,0.100341796875,8.675000190734863,32.0,0.03378411754965782,7,5,0,0.9998830556869508,4.199589120901237e-09,0.9998830556869508,0.9997811580979034
8586,/home/yaxin/datasets/TacAct-original/26_8_R_15.xlsx,26,8,35,69.0,0.21319580078125,17.337499618530273,98.0,0.05744412541389465,7,8,0,0.9999985694885254,1.4887098132021492e-07,0.9999985694885254,0.999997699452706
8587,/home/yaxin/datasets/TacAct-original/26_8_R_16.xlsx,26,8,26,102.0,0.12949219346046448,10.550000190734863,76.0,0.04233831167221069,7,0,0,0.9976503252983092,6.542530854858342e-07,0.9976503252983092,0.9953863178379834
8588,/home/yaxin/datasets/TacAct-original/26_8_R_17.xlsx,26,8,43,58.0,0.125,13.012499809265137,50.0,0.0332154855132103,7,0,0,0.9998841285705566,3.8346431807667614e-08,0.9998841285705566,0.9998282356973505
8589,/home/yaxin/datasets/TacAct-original/26_8_R_18.xlsx,26,8,42,128.0,0.2642578184604645,18.174999237060547,93.0,0.053562600165605545,7,0,0,0.9977381229400636,5.2595375166220044e-08,0.9977381229400636,0.9960687337443234
8590,/home/yaxin/datasets/TacAct-original/26_8_R_19.xlsx,26,8,49,107.0,0.23470458388328552,17.862499237060547,55.0,0.05049693584442139,7,0,0,0.9848836064338684,8.421169894745617e-08,0.9848836064338684,0.9698569867759943
8591,/home/yaxin/datasets/TacAct-original/26_8_R_2.xlsx,26,8,24,76.0,0.09058837592601776,9.162500381469727,66.0,0.028073081746697426,7,2,0,0.9999985694885254,6.735825053283406e-08,0.9999985694885254,0.9999980944424749
8592,/home/yaxin/datasets/TacAct-original/26_8_R_20.xlsx,26,8,55,85.0,0.21226806938648224,16.887500762939453,44.0,0.04129993915557861,7,0,0,0.999956488609314,1.7149519138115465e-08,0.999956488609314,0.9999237653537421
8593,/home/yaxin/datasets/TacAct-original/26_8_R_3.xlsx,26,8,22,141.0,0.14604492485523224,9.975000381469727,76.0,0.04400711879134178,7,8,0,0.9671854972839355,0.000104076025309,0.9671854972839355,0.9346927069127561
8594,/home/yaxin/datasets/TacAct-original/26_8_R_4.xlsx,26,8,21,63.0,0.08040771633386612,6.550000190734863,58.0,0.0294575747102499,7,5,0,0.836645781993866,2.705711040107417e-06,0.836645781993866,0.6833001375198364
8595,/home/yaxin/datasets/TacAct-original/26_8_R_5.xlsx,26,8,23,101.0,0.09208984673023224,8.100000381469727,54.0,0.031002769246697426,7,2,0,0.4158299267292022,6.433764792745933e-05,0.4158299267292022,0.20554165542125702
8596,/home/yaxin/datasets/TacAct-original/26_8_R_6.xlsx,26,8,24,150.0,0.11629638820886612,9.237500190734863,53.0,0.03358633443713188,7,8,0,0.9999994039535522,2.2504014651758556e-08,0.9999994039535522,0.9999991508325934
8597,/home/yaxin/datasets/TacAct-original/26_8_R_7.xlsx,26,8,39,49.0,0.09381103515625,7.287499904632568,18.0,0.01505636889487505,7,5,0,0.9999998807907104,4.21517161453e-11,0.9999998807907104,0.9999997955314299
8598,/home/yaxin/datasets/TacAct-original/26_8_R_8.xlsx,26,8,34,109.0,0.21553954482078552,14.212499618530273,72.0,0.03734424337744713,7,0,0,0.9938263297080994,4.566099391922762e-07,0.9938263297080994,0.9888431201688945
8599,/home/yaxin/datasets/TacAct-original/26_8_R_9.xlsx,26,8,34,111.0,0.15296630561351776,12.462499618530273,49.0,0.03599683567881584,7,8,0,0.9999284744262696,6.5240799429489024e-09,0.9999284744262696,0.9998574945348083
8600,/home/yaxin/datasets/TacAct-original/26_9_L_1.xlsx,26,9,60,103.0,0.0951288715004921,7.162499904632568,57.0,0.08507142215967178,8,8,1,0.999262034893036,0.999262034893036,0.999262034893036,0.9988895483256784
8601,/home/yaxin/datasets/TacAct-original/26_9_L_10.xlsx,26,9,54,130.70436096191406,0.15125516057014465,10.274999618530273,78.0,0.12691493332386017,8,8,1,0.9997389912605286,0.9997389912605286,0.9997389912605286,0.999631366270478
8602,/home/yaxin/datasets/TacAct-original/26_9_L_11.xlsx,26,9,56,118.97526550292969,0.10852104425430298,9.75,85.0,0.12369611859321594,8,8,1,0.987046480178833,0.987046480178833,0.987046480178833,0.9784559011459351
8603,/home/yaxin/datasets/TacAct-original/26_9_L_12.xlsx,26,9,60,96.36901092529297,0.09483131766319275,8.887499809265137,56.0,0.0853366032242775,8,8,1,0.9999054670333862,0.9999054670333862,0.9999054670333862,0.9998533432881231
8604,/home/yaxin/datasets/TacAct-original/26_9_L_13.xlsx,26,9,75,130.70436096191406,0.1158398985862732,9.800000190734863,60.0,0.12299415469169617,8,8,1,0.3668856620788574,0.3668856620788574,0.3668856620788574,0.1079394519329071
8605,/home/yaxin/datasets/TacAct-original/26_9_L_14.xlsx,26,9,67,106.78461456298828,0.13235649466514587,9.574999809265137,60.0,0.11100340634584427,8,8,1,0.9999274015426636,0.9999274015426636,0.9999274015426636,0.9998961527417123
8606,/home/yaxin/datasets/TacAct-original/26_9_L_15.xlsx,26,9,53,173.0,0.12399470806121826,8.212499618530273,68.0,0.1409250646829605,8,7,0,0.9890272617340088,0.0037959886249154,0.9890272617340088,0.983887146692723
8607,/home/yaxin/datasets/TacAct-original/26_9_L_16.xlsx,26,9,52,122.0,0.12575063109397888,7.775000095367432,57.0,0.1226726621389389,8,8,1,0.9999399185180664,0.9999399185180664,0.9999399185180664,0.9999131979748199
8608,/home/yaxin/datasets/TacAct-original/26_9_L_17.xlsx,26,9,79,144.5535125732422,0.13663926720619202,11.1875,67.0,0.1430644392967224,8,8,1,0.9996342658996582,0.9996342658996582,0.9996342658996582,0.9995098589424743
8609,/home/yaxin/datasets/TacAct-original/26_9_L_18.xlsx,26,9,78,120.40034484863281,0.13496288657188416,10.137499809265137,55.0,0.12190799415111542,8,8,1,0.999825656414032,0.999825656414032,0.999825656414032,0.9997397807164816
8610,/home/yaxin/datasets/TacAct-original/26_9_L_19.xlsx,26,9,69,158.8108673095703,0.12862466275691986,8.875,55.0,0.135482057929039,8,8,1,0.9996933937072754,0.9996933937072754,0.9996933937072754,0.9995581025868888
8611,/home/yaxin/datasets/TacAct-original/26_9_L_2.xlsx,26,9,66,108.40736389160156,0.15264639258384705,11.199999809265137,78.0,0.12486383318901062,8,8,1,0.9967879056930542,0.9967879056930542,0.9967879056930542,0.9948321769479663
8612,/home/yaxin/datasets/TacAct-original/26_9_L_20.xlsx,26,9,63,127.0,0.11606267839670181,9.175000190734863,58.0,0.09780082106590271,8,8,1,0.999858021736145,0.999858021736145,0.999858021736145,0.9997872466410627
8613,/home/yaxin/datasets/TacAct-original/26_9_L_3.xlsx,26,9,79,147.9729461669922,0.18647202849388123,13.8125,74.0,0.1297498643398285,8,8,1,0.999409317970276,0.999409317970276,0.999409317970276,0.9991908236552264
8614,/home/yaxin/datasets/TacAct-original/26_9_L_4.xlsx,26,9,70,106.63019561767578,0.18204987049102783,13.1875,84.0,0.12915505468845367,8,8,1,0.9694175124168396,0.9694175124168396,0.9694175124168396,0.9463688042014838
8615,/home/yaxin/datasets/TacAct-original/26_9_L_5.xlsx,26,9,63,99.52151489257812,0.211247056722641,15.537500381469727,98.0,0.14124669134616852,8,8,1,0.9810108542442322,0.9810108542442322,0.9810108542442322,0.969077730551362
8616,/home/yaxin/datasets/TacAct-original/26_9_L_6.xlsx,26,9,65,111.0731201171875,0.2112722396850586,14.137499809265137,89.0,0.14191412925720215,8,8,1,0.9997712969779968,0.9997712969779968,0.9997712969779968,0.9996659154785448
8617,/home/yaxin/datasets/TacAct-original/26_9_L_7.xlsx,26,9,48,159.25387573242188,0.14471188187599182,10.175000190734863,63.0,0.12324580550193787,8,8,1,0.9995243549346924,0.9995243549346924,0.9995243549346924,0.9992239952262025
8618,/home/yaxin/datasets/TacAct-original/26_9_L_8.xlsx,26,9,55,109.43598937988281,0.17490510642528534,14.5,93.0,0.13659481704235077,8,8,1,0.9998772144317628,0.9998772144317628,0.9998772144317628,0.9998025944296388
8619,/home/yaxin/datasets/TacAct-original/26_9_L_9.xlsx,26,9,66,108.38860321044922,0.13243058323860168,12.287500381469727,63.0,0.10845960676670074,8,8,1,0.9999078512191772,0.9999078512191772,0.9999078512191772,0.9998604437823815
8620,/home/yaxin/datasets/TacAct-original/26_9_R_1.xlsx,26,9,49,137.06890869140625,0.19596557319164276,11.774999618530273,73.0,0.17316389083862305,8,8,1,0.9996393918991088,0.9996393918991088,0.9996393918991088,0.9994679854135029
8621,/home/yaxin/datasets/TacAct-original/26_9_R_10.xlsx,26,9,77,116.3437271118164,0.12705853581428528,10.737500190734863,63.0,0.119657963514328,8,8,1,0.9996745586395264,0.9996745586395264,0.9996745586395264,0.9995475063915364
8622,/home/yaxin/datasets/TacAct-original/26_9_R_11.xlsx,26,9,65,112.36616516113281,0.1515934020280838,10.25,65.0,0.13051573932170868,8,8,1,0.99988055229187,0.99988055229187,0.99988055229187,0.9998243173831723
8623,/home/yaxin/datasets/TacAct-original/26_9_R_12.xlsx,26,9,67,135.6907958984375,0.144729882478714,9.337499618530273,66.0,0.1300479769706726,8,8,1,0.999761402606964,0.999761402606964,0.999761402606964,0.9996239921747473
8624,/home/yaxin/datasets/TacAct-original/26_9_R_13.xlsx,26,9,45,179.0,0.16591568291187286,10.300000190734863,68.0,0.1725544035434723,8,8,1,0.999832272529602,0.999832272529602,0.999832272529602,0.9997471243477776
8625,/home/yaxin/datasets/TacAct-original/26_9_R_14.xlsx,26,9,39,152.1417999267578,0.1495736986398697,8.9375,63.0,0.1385156363248825,8,8,1,0.9997287392616272,0.9997287392616272,0.9997287392616272,0.9996076166062267
8626,/home/yaxin/datasets/TacAct-original/26_9_R_15.xlsx,26,9,51,75.41143798828125,0.108498215675354,9.574999809265137,71.0,0.09964852035045624,8,8,1,0.9925302863121032,0.9925302863121032,0.9925302863121032,0.987951365765184
8627,/home/yaxin/datasets/TacAct-original/26_9_R_16.xlsx,26,9,73,119.326904296875,0.12471088021993637,11.399999618530273,74.0,0.11770669370889664,8,8,1,0.9997246861457824,0.9997246861457824,0.9997246861457824,0.9996019892132607
8628,/home/yaxin/datasets/TacAct-original/26_9_R_17.xlsx,26,9,77,137.0,0.1535644829273224,10.237500190734863,63.0,0.13615870475769043,8,8,1,0.9998910427093506,0.9998910427093506,0.9998910427093506,0.9998437352478504
8629,/home/yaxin/datasets/TacAct-original/26_9_R_18.xlsx,26,9,73,141.0,0.1440931260585785,8.862500190734863,56.0,0.13932989537715912,8,8,1,0.999726951122284,0.999726951122284,0.999726951122284,0.9995785790961238
8630,/home/yaxin/datasets/TacAct-original/26_9_R_19.xlsx,26,9,78,180.0,0.15767447650432587,11.225000381469727,68.0,0.14089277386665344,8,8,1,0.9995614886283876,0.9995614886283876,0.9995614886283876,0.9993536927358948
8631,/home/yaxin/datasets/TacAct-original/26_9_R_2.xlsx,26,9,62,146.50672912597656,0.2315824031829834,12.824999809265137,79.0,0.18130715191364288,8,8,1,0.8964948654174805,0.8964948654174805,0.8964948654174805,0.8019905388355255
8632,/home/yaxin/datasets/TacAct-original/26_9_R_20.xlsx,26,9,66,207.46926879882812,0.17292074859142303,9.550000190734863,57.0,0.16211362183094025,8,8,1,0.9998606443405152,0.9998606443405152,0.9998606443405152,0.999789071182022
8633,/home/yaxin/datasets/TacAct-original/26_9_R_3.xlsx,26,9,50,148.0,0.21695375442504883,13.212499618530273,89.0,0.16694550216197968,8,8,1,0.9980894923210144,0.9980894923210144,0.9980894923210144,0.9974616635590792
8634,/home/yaxin/datasets/TacAct-original/26_9_R_4.xlsx,26,9,57,132.2539825439453,0.19299611449241638,11.862500190734863,85.0,0.18474659323692322,8,8,1,0.8448521494865417,0.8448521494865417,0.8448521494865417,0.7011975049972534
8635,/home/yaxin/datasets/TacAct-original/26_9_R_5.xlsx,26,9,52,164.07449340820312,0.16312293708324432,10.675000190734863,73.0,0.16747140884399414,8,8,1,0.9987443685531616,0.9987443685531616,0.9987443685531616,0.9981554271071218
8636,/home/yaxin/datasets/TacAct-original/26_9_R_6.xlsx,26,9,63,150.43980407714844,0.1620880663394928,10.337499618530273,64.0,0.15242619812488556,8,8,1,0.9994452595710754,0.9994452595710754,0.9994452595710754,0.9991581435897389
8637,/home/yaxin/datasets/TacAct-original/26_9_R_7.xlsx,26,9,44,209.0,0.1659822016954422,10.287500381469727,68.0,0.1524839550256729,8,8,1,0.999495267868042,0.999495267868042,0.999495267868042,0.9992585489235353
8638,/home/yaxin/datasets/TacAct-original/26_9_R_8.xlsx,26,9,54,110.37738037109375,0.08734895288944244,7.987500190734863,49.0,0.08971317112445831,8,8,1,0.999849796295166,0.999849796295166,0.999849796295166,0.9997651867815875
8639,/home/yaxin/datasets/TacAct-original/26_9_R_9.xlsx,26,9,49,129.27081298828125,0.09924913942813873,9.75,65.0,0.1001259908080101,8,8,1,0.999929666519165,0.999929666519165,0.999929666519165,0.9998896326105751
12000,/home/yaxin/datasets/TacAct-original/33_10_L_1.xlsx,33,10,72,368.7250061035156,0.7736934423446655,43.349998474121094,226.0,0.44452494382858276,9,9,1,0.999876856803894,0.999876856803894,0.999876856803894,0.999835197279026
12001,/home/yaxin/datasets/TacAct-original/33_10_L_10.xlsx,33,10,80,319.3244323730469,0.8500518798828125,42.73749923706055,185.0,0.49625909328460693,9,9,1,0.9998732805252076,0.9998732805252076,0.9998732805252076,0.9998303123429652
12002,/home/yaxin/datasets/TacAct-original/33_10_L_11.xlsx,33,10,79,411.9887390136719,0.8277515172958374,42.162498474121094,211.0,0.4703204929828644,9,9,1,0.9998760223388672,0.9998760223388672,0.9998760223388672,0.9998341109203466
12003,/home/yaxin/datasets/TacAct-original/33_10_L_12.xlsx,33,10,77,430.2319030761719,0.8922877311706543,46.5,226.0,0.46731075644493103,9,9,1,0.9998745918273926,0.9998745918273926,0.9998745918273926,0.9998259383610275
12004,/home/yaxin/datasets/TacAct-original/33_10_L_13.xlsx,33,10,80,452.4478454589844,0.853532612323761,40.01250076293945,210.0,0.5184810161590576,9,9,1,0.9998579025268556,0.9998579025268556,0.9998579025268556,0.9998160853319861
12005,/home/yaxin/datasets/TacAct-original/33_10_L_14.xlsx,33,10,80,396.0818786621094,0.947758674621582,41.150001525878906,199.0,0.5199556946754456,9,9,1,0.9998939037322998,0.9998939037322998,0.9998939037322998,0.9998491506448772
12006,/home/yaxin/datasets/TacAct-original/33_10_L_15.xlsx,33,10,79,447.1282043457031,0.8067089319229126,33.537498474121094,189.0,0.4894867539405823,9,9,1,0.9998711347579956,0.9998711347579956,0.9998711347579956,0.9998226692950993
12007,/home/yaxin/datasets/TacAct-original/33_10_L_16.xlsx,33,10,78,449.3528747558594,0.7494523525238037,31.412500381469727,176.0,0.4744708836078644,9,9,1,0.999881386756897,0.999881386756897,0.999881386756897,0.9998321821622085
12008,/home/yaxin/datasets/TacAct-original/33_10_L_17.xlsx,33,10,80,424.0,0.7225133180618286,35.36249923706055,193.0,0.4312209188938141,9,9,1,0.999896764755249,0.999896764755249,0.999896764755249,0.9998516277082672
12009,/home/yaxin/datasets/TacAct-original/33_10_L_18.xlsx,33,10,76,422.55035400390625,0.817839503288269,42.349998474121094,215.0,0.493750661611557,9,9,1,0.9999040365219116,0.9999040365219116,0.9999040365219116,0.9998588241396646
12010,/home/yaxin/datasets/TacAct-original/33_10_L_19.xlsx,33,10,62,383.8248596191406,0.8591834902763367,33.26250076293945,174.0,0.494586318731308,9,9,1,0.9998691082000732,0.9998691082000732,0.9998691082000732,0.9998261797263694
12011,/home/yaxin/datasets/TacAct-original/33_10_L_2.xlsx,33,10,80,386.0,0.8264519572257996,39.8125,225.0,0.4801594316959381,9,9,1,0.9998829364776612,0.9998829364776612,0.9998829364776612,0.9998333733128676
12012,/home/yaxin/datasets/TacAct-original/33_10_L_20.xlsx,33,10,77,451.854736328125,0.8790388107299805,34.349998474121094,171.0,0.5347661972045898,9,9,1,0.9998910427093506,0.9998910427093506,0.9998910427093506,0.9998467475707002
12013,/home/yaxin/datasets/TacAct-original/33_10_L_3.xlsx,33,10,79,397.2397155761719,0.7977598905563354,41.349998474121094,214.0,0.4312709867954254,9,9,1,0.9999115467071532,0.9999115467071532,0.9999115467071532,0.9998697355258627
12014,/home/yaxin/datasets/TacAct-original/33_10_L_4.xlsx,33,10,55,330.87115478515625,0.7003002762794495,33.75,194.0,0.3836227059364319,9,9,1,0.9998931884765624,0.9998931884765624,0.9998931884765624,0.9998490213438344
12015,/home/yaxin/datasets/TacAct-original/33_10_L_5.xlsx,33,10,66,277.43505859375,0.8249977231025696,48.23749923706055,254.0,0.4963107407093048,9,9,1,0.999890923500061,0.999890923500061,0.999890923500061,0.9998468896628765
12016,/home/yaxin/datasets/TacAct-original/33_10_L_6.xlsx,33,10,77,304.3874816894531,0.9649358987808228,51.724998474121094,221.0,0.5028952956199646,9,9,1,0.999881386756897,0.999881386756897,0.999881386756897,0.9998327120774775
12017,/home/yaxin/datasets/TacAct-original/33_10_L_7.xlsx,33,10,72,436.5704040527344,0.9449760317802429,40.67499923706055,223.0,0.5026549100875854,9,9,1,0.9999001026153564,0.9999001026153564,0.9999001026153564,0.9998612003000744
12018,/home/yaxin/datasets/TacAct-original/33_10_L_8.xlsx,33,10,80,313.0,0.9154324531555176,51.125,241.0,0.48664480447769165,9,9,1,0.9998729228973388,0.9998729228973388,0.9998729228973388,0.9998165554716251
12019,/home/yaxin/datasets/TacAct-original/33_10_L_9.xlsx,33,10,80,557.0,0.8333632349967957,37.86249923706055,225.0,0.49084800481796265,9,9,1,0.99989914894104,0.99989914894104,0.99989914894104,0.9998532741665258
12020,/home/yaxin/datasets/TacAct-original/33_10_R_1.xlsx,33,10,73,301.3004150390625,0.6648632287979126,36.625,183.0,0.4677700102329254,9,9,1,0.9998594522476196,0.9998594522476196,0.9998594522476196,0.9998201103044266
12021,/home/yaxin/datasets/TacAct-original/33_10_R_10.xlsx,33,10,79,304.1225891113281,0.6816245317459106,41.48749923706055,238.0,0.5815455913543701,9,9,1,0.999913454055786,0.999913454055786,0.999913454055786,0.9998869592436676
12022,/home/yaxin/datasets/TacAct-original/33_10_R_11.xlsx,33,10,74,389.80120849609375,0.8503316640853882,36.724998474121094,174.0,0.49241986870765686,9,9,1,0.9998890161514282,0.9998890161514282,0.9998890161514282,0.9998427660793823
12023,/home/yaxin/datasets/TacAct-original/33_10_R_12.xlsx,33,10,76,519.164794921875,0.6837764978408813,39.349998474121094,235.0,0.5546680092811584,9,9,1,0.9999040365219116,0.9999040365219116,0.9999040365219116,0.9998616502562072
12024,/home/yaxin/datasets/TacAct-original/33_10_R_13.xlsx,33,10,68,403.7226867675781,0.766913115978241,41.712501525878906,197.0,0.5370216965675354,9,9,1,0.9998635053634644,0.9998635053634644,0.9998635053634644,0.9998176455228531
12025,/home/yaxin/datasets/TacAct-original/33_10_R_14.xlsx,33,10,75,532.0,0.8185300827026367,54.42499923706055,258.0,0.5734974145889282,9,9,1,0.9997811913490297,0.9997811913490297,0.9997811913490297,0.9996628598164535
12026,/home/yaxin/datasets/TacAct-original/33_10_R_15.xlsx,33,10,80,380.0,0.6856846213340759,37.587501525878906,192.0,0.5159051418304443,9,9,1,0.9998908042907716,0.9998908042907716,0.9998908042907716,0.9998480922586169
12027,/home/yaxin/datasets/TacAct-original/33_10_R_16.xlsx,33,10,77,374.0,0.7675541043281555,45.875,233.0,0.4880739152431488,9,9,1,0.9998878240585328,0.9998878240585328,0.9998878240585328,0.9998376336407092
12028,/home/yaxin/datasets/TacAct-original/33_10_R_17.xlsx,33,10,77,477.0,0.6492146253585815,36.625,204.0,0.5196236968040466,9,9,1,0.9998972415924072,0.9998972415924072,0.9998972415924072,0.9998569012313965
12029,/home/yaxin/datasets/TacAct-original/33_10_R_18.xlsx,33,10,70,402.7283020019531,0.9041093587875366,55.6875,261.0,0.5989828705787659,9,9,1,0.9998960494995116,0.9998960494995116,0.9998960494995116,0.999846450784389
12030,/home/yaxin/datasets/TacAct-original/33_10_R_19.xlsx,33,10,80,331.0,0.5643698573112488,34.82500076293945,181.0,0.4353351891040802,9,9,1,0.9998862743377686,0.9998862743377686,0.9998862743377686,0.9998427525970328
12031,/home/yaxin/datasets/TacAct-original/33_10_R_2.xlsx,33,10,75,406.06158447265625,0.8299663662910461,45.587501525878906,213.0,0.538607656955719,9,9,1,0.9998830556869508,0.9998830556869508,0.9998830556869508,0.9998401250559256
12032,/home/yaxin/datasets/TacAct-original/33_10_R_20.xlsx,33,10,72,384.0,0.8507444262504578,49.1875,223.0,0.5256885290145874,9,9,1,0.9998923540115356,0.9998923540115356,0.9998923540115356,0.9998441644202103
12033,/home/yaxin/datasets/TacAct-original/33_10_R_3.xlsx,33,10,74,299.0,0.6669309139251709,40.650001525878906,205.0,0.48164811730384827,9,9,1,0.9998548030853271,0.9998548030853271,0.9998548030853271,0.999796601201524
12034,/home/yaxin/datasets/TacAct-original/33_10_R_4.xlsx,33,10,74,363.9415588378906,0.59775710105896,28.412500381469727,166.0,0.4804868996143341,9,9,1,0.9998456239700316,0.9998456239700316,0.9998456239700316,0.9997965327784185
12035,/home/yaxin/datasets/TacAct-original/33_10_R_5.xlsx,33,10,74,419.8548583984375,0.5803524255752563,33.45000076293945,226.0,0.5111483335494995,9,9,1,0.9998836517333984,0.9998836517333984,0.9998836517333984,0.9998457086840062
12036,/home/yaxin/datasets/TacAct-original/33_10_R_6.xlsx,33,10,74,206.89804077148438,0.27285847067832947,22.049999237060547,131.0,0.2667117118835449,9,9,1,0.9999098777770996,0.9999098777770996,0.9999098777770996,0.9998774811501789
12037,/home/yaxin/datasets/TacAct-original/33_10_R_7.xlsx,33,10,75,454.2691955566406,0.6735888719558716,44.5625,225.0,0.44475409388542175,9,9,1,0.997726023197174,0.997726023197174,0.997726023197174,0.9967765656183474
12038,/home/yaxin/datasets/TacAct-original/33_10_R_8.xlsx,33,10,77,344.1433410644531,0.6628890037536621,41.275001525878906,228.0,0.5594303011894226,9,9,1,0.9998942613601683,0.9998942613601683,0.9998942613601683,0.9998593972050002
12039,/home/yaxin/datasets/TacAct-original/33_10_R_9.xlsx,33,10,72,506.0,0.6912535429000854,40.98749923706055,226.0,0.5422239899635315,9,9,1,0.999901533126831,0.999901533126831,0.999901533126831,0.9998563635672326
12040,/home/yaxin/datasets/TacAct-original/33_11_L_1.xlsx,33,11,80,218.3649444580078,0.19755584001541138,86.69999694824219,508.0,0.20661580562591553,10,10,1,0.9999727010726928,0.9999727010726928,0.9999727010726928,0.9999571060143352
12041,/home/yaxin/datasets/TacAct-original/33_11_L_10.xlsx,33,11,80,195.89498901367188,0.3715851604938507,130.33749389648438,500.0,0.24657024443149567,10,10,1,0.9999121427536012,0.9999121427536012,0.9999121427536012,0.9998542567227561
12042,/home/yaxin/datasets/TacAct-original/33_11_L_11.xlsx,33,11,80,202.85572814941406,0.39405524730682373,110.4749984741211,504.0,0.26066336035728455,10,10,1,0.9999454021453856,0.9999454021453856,0.9999454021453856,0.9999155577334021
12043,/home/yaxin/datasets/TacAct-original/33_11_L_12.xlsx,33,11,80,135.08853149414062,0.3363010585308075,129.3625030517578,568.0,0.21153582632541656,10,10,1,0.999961256980896,0.999961256980896,0.999961256980896,0.9999382562091341
12044,/home/yaxin/datasets/TacAct-original/33_11_L_13.xlsx,33,11,80,123.8916015625,0.30353960394859314,124.51249694824219,545.0,0.2103455513715744,10,10,1,0.9999628067016602,0.9999628067016602,0.9999628067016602,0.9999377402891696
12045,/home/yaxin/datasets/TacAct-original/33_11_L_14.xlsx,33,11,80,211.40232849121094,0.30830642580986023,109.0374984741211,514.0,0.2000461220741272,10,10,1,0.9999451637268066,0.9999451637268066,0.9999451637268066,0.9999063756949909
12046,/home/yaxin/datasets/TacAct-original/33_11_L_15.xlsx,33,11,80,179.9377899169922,0.33896803855895996,105.07499694824219,503.0,0.2028280794620514,10,10,1,0.9999417066574096,0.9999417066574096,0.9999417066574096,0.9999011328873165
12047,/home/yaxin/datasets/TacAct-original/33_11_L_16.xlsx,33,11,80,163.33729553222656,0.34020596742630005,117.38749694824219,468.0,0.19506606459617615,10,10,1,0.9999479055404664,0.9999479055404664,0.9999479055404664,0.9999111790384633
12048,/home/yaxin/datasets/TacAct-original/33_11_L_17.xlsx,33,11,80,135.56996154785156,0.22897124290466309,89.69999694824219,304.0,0.1496022343635559,10,10,1,0.9999381303787231,0.9999381303787231,0.9999381303787231,0.9998939101387805
12049,/home/yaxin/datasets/TacAct-original/33_11_L_18.xlsx,33,11,80,187.9398651123047,0.1919681429862976,85.375,272.0,0.13544803857803345,10,10,1,0.9999526739120485,0.9999526739120485,0.9999526739120485,0.9999214380259219
12050,/home/yaxin/datasets/TacAct-original/33_11_L_19.xlsx,33,11,80,308.7457275390625,0.31440848112106323,109.42500305175781,323.0,0.19633246958255768,10,10,1,0.9998637437820436,0.9998637437820436,0.9998637437820436,0.9997596713437816
12051,/home/yaxin/datasets/TacAct-original/33_11_L_2.xlsx,33,11,80,151.78968811035156,0.23404517769813538,116.5,515.0,0.22162850201129913,10,10,1,0.9999544620513916,0.9999544620513916,0.9999544620513916,0.999923344803392
12052,/home/yaxin/datasets/TacAct-original/33_11_L_20.xlsx,33,11,80,215.3354034423828,0.23206941783428192,86.9375,347.0,0.15506505966186523,10,10,1,0.9999423027038574,0.9999423027038574,0.9999423027038574,0.9999011932013673
12053,/home/yaxin/datasets/TacAct-original/33_11_L_3.xlsx,33,11,80,190.46221923828125,0.3295595049858093,121.19999694824219,497.0,0.2565422058105469,10,10,1,0.9999374151229858,0.9999374151229858,0.9999374151229858,0.9998925497930031
12054,/home/yaxin/datasets/TacAct-original/33_11_L_4.xlsx,33,11,80,151.42306518554688,0.2745051980018616,98.1875,363.0,0.2068163901567459,10,10,1,0.9999511241912842,0.9999511241912842,0.9999511241912842,0.9999160198312893
12055,/home/yaxin/datasets/TacAct-original/33_11_L_5.xlsx,33,11,80,226.87266540527344,0.2647082507610321,89.6624984741211,284.0,0.2047925591468811,10,10,1,0.99995219707489,0.99995219707489,0.99995219707489,0.9999187728535616
12056,/home/yaxin/datasets/TacAct-original/33_11_L_6.xlsx,33,11,80,259.5823974609375,0.2967132329940796,91.44999694824219,394.0,0.20880897343158722,10,10,1,0.9999243021011353,0.9999243021011353,0.9999243021011353,0.9998676976574643
12057,/home/yaxin/datasets/TacAct-original/33_11_L_7.xlsx,33,11,80,245.77871704101562,0.28944531083106995,121.80000305175781,482.0,0.20999456942081451,10,10,1,0.999964952468872,0.999964952468872,0.999964952468872,0.9999408943767775
12058,/home/yaxin/datasets/TacAct-original/33_11_L_8.xlsx,33,11,80,211.17288208007812,0.266946017742157,115.375,538.0,0.1937439888715744,10,10,1,0.999947190284729,0.999947190284729,0.999947190284729,0.9999159914295888
12059,/home/yaxin/datasets/TacAct-original/33_11_L_9.xlsx,33,11,80,85.51761627197266,0.2427610605955124,106.5,501.0,0.1780877411365509,10,10,1,0.9999455213546752,0.9999455213546752,0.9999455213546752,0.9999123252819117
12060,/home/yaxin/datasets/TacAct-original/33_11_R_1.xlsx,33,11,80,185.65548706054688,0.2867894470691681,121.7874984741211,549.0,0.2953730821609497,10,10,1,0.9999773502349854,0.9999773502349854,0.9999773502349854,0.9999638430608684
12061,/home/yaxin/datasets/TacAct-original/33_11_R_10.xlsx,33,11,80,189.4954071044922,0.352283239364624,134.0625,538.0,0.2572918236255646,10,10,1,0.9999611377716064,0.9999611377716064,0.9999611377716064,0.9999351176247728
12062,/home/yaxin/datasets/TacAct-original/33_11_R_11.xlsx,33,11,80,235.000732421875,0.3144906759262085,117.0,558.0,0.22755658626556396,10,10,1,0.9999536275863647,0.9999536275863647,0.9999536275863647,0.999923581854091
12063,/home/yaxin/datasets/TacAct-original/33_11_R_12.xlsx,33,11,80,172.04510498046875,0.2980639934539795,113.51249694824219,523.0,0.24876801669597626,10,10,1,0.9999614953994752,0.9999614953994752,0.9999614953994752,0.9999383336926259
12064,/home/yaxin/datasets/TacAct-original/33_11_R_13.xlsx,33,11,80,231.06837463378906,0.2690466344356537,106.0625,517.0,0.22781886160373688,10,10,1,0.9999589920043944,0.9999589920043944,0.9999589920043944,0.999934179790216
12065,/home/yaxin/datasets/TacAct-original/33_11_R_14.xlsx,33,11,80,130.38571166992188,0.2502151429653168,104.0875015258789,517.0,0.2144317328929901,10,10,1,0.9999616146087646,0.9999616146087646,0.9999616146087646,0.9999381924535555
12066,/home/yaxin/datasets/TacAct-original/33_11_R_15.xlsx,33,11,80,141.1547393798828,0.24698925018310547,122.1624984741211,505.0,0.19685812294483185,10,10,1,0.999975323677063,0.999975323677063,0.999975323677063,0.999959510174449
12067,/home/yaxin/datasets/TacAct-original/33_11_R_16.xlsx,33,11,80,143.08836364746094,0.19122305512428284,96.67500305175781,478.0,0.16692914068698883,10,10,1,0.999964714050293,0.999964714050293,0.999964714050293,0.9999410111868201
12068,/home/yaxin/datasets/TacAct-original/33_11_R_17.xlsx,33,11,80,132.34239196777344,0.1638137400150299,101.3125,452.0,0.1310182809829712,10,10,1,0.9999732971191406,0.9999732971191406,0.9999732971191406,0.9999562449756922
12069,/home/yaxin/datasets/TacAct-original/33_11_R_18.xlsx,33,11,80,175.22735595703125,0.16797859966754913,97.5374984741211,374.0,0.14790192246437073,10,10,1,0.9999693632125854,0.9999693632125854,0.9999693632125854,0.9999493598807021
12070,/home/yaxin/datasets/TacAct-original/33_11_R_19.xlsx,33,11,80,261.0395812988281,0.289118230342865,117.55000305175781,504.0,0.24396973848342896,10,10,1,0.9999560117721558,0.9999560117721558,0.9999560117721558,0.9999259204305417
12071,/home/yaxin/datasets/TacAct-original/33_11_R_2.xlsx,33,11,80,168.83114624023438,0.2457963526248932,102.0625,532.0,0.25514405965805054,10,10,1,0.9999769926071168,0.9999769926071168,0.9999769926071168,0.9999621839215252
12072,/home/yaxin/datasets/TacAct-original/33_11_R_20.xlsx,33,11,80,161.6467742919922,0.312294065952301,128.5625,529.0,0.23354285955429077,10,10,1,0.999969244003296,0.999969244003296,0.999969244003296,0.9999488035173273
12073,/home/yaxin/datasets/TacAct-original/33_11_R_3.xlsx,33,11,80,187.561767578125,0.2286759316921234,99.69999694824219,531.0,0.2320491522550583,10,10,1,0.9999641180038452,0.9999641180038452,0.9999641180038452,0.9999391508554254
12074,/home/yaxin/datasets/TacAct-original/33_11_R_4.xlsx,33,11,80,180.79408264160156,0.2507258951663971,104.5374984741211,558.0,0.2261829823255539,10,10,1,0.9999651908874512,0.9999651908874512,0.9999651908874512,0.9999413580189866
12075,/home/yaxin/datasets/TacAct-original/33_11_R_5.xlsx,33,11,80,215.52903747558594,0.3278459906578064,118.125,549.0,0.2942771017551422,10,10,1,0.9999687671661376,0.9999687671661376,0.9999687671661376,0.9999489404926861
12076,/home/yaxin/datasets/TacAct-original/33_11_R_6.xlsx,33,11,80,114.08396911621094,0.17802706360816956,96.0,445.0,0.1565915048122406,10,10,1,0.9999616146087646,0.9999616146087646,0.9999616146087646,0.9999352002869273
12077,/home/yaxin/datasets/TacAct-original/33_11_R_7.xlsx,33,11,80,186.82066345214844,0.14737966656684875,97.17500305175781,311.0,0.11717472970485687,10,10,1,0.9999678134918212,0.9999678134918212,0.9999678134918212,0.9999461233546753
12078,/home/yaxin/datasets/TacAct-original/33_11_R_8.xlsx,33,11,80,268.4317932128906,0.23058755695819855,113.26249694824219,499.0,0.17944224178791046,10,10,1,0.9999676942825316,0.9999676942825316,0.9999676942825316,0.9999459131904586
12079,/home/yaxin/datasets/TacAct-original/33_11_R_9.xlsx,33,11,80,154.13058471679688,0.290993869304657,116.1624984741211,506.0,0.22578005492687225,10,10,1,0.9999386072158812,0.9999386072158812,0.9999386072158812,0.9998942612292011
12080,/home/yaxin/datasets/TacAct-original/33_12_L_1.xlsx,33,12,80,184.0,1.4743902683258057,365.98748779296875,633.0,0.6467126607894897,11,11,1,0.9996558427810668,0.9996558427810668,0.9996558427810668,0.9994966490921797
12081,/home/yaxin/datasets/TacAct-original/33_12_L_10.xlsx,33,12,80,175.02146911621094,1.1332433223724365,241.58749389648438,509.0,0.4632563591003418,11,11,1,0.99935120344162,0.99935120344162,0.99935120344162,0.9990617264411413
12082,/home/yaxin/datasets/TacAct-original/33_12_L_11.xlsx,33,12,80,338.9248962402344,1.2418606281280518,306.1499938964844,583.0,0.4984314441680908,11,11,1,0.9955198764801024,0.9955198764801024,0.9955198764801024,0.991771207889542
12083,/home/yaxin/datasets/TacAct-original/33_12_L_12.xlsx,33,12,80,146.73410034179688,1.0843658447265625,245.71249389648438,545.0,0.44999849796295166,11,11,1,0.9990587830543518,0.9990587830543518,0.9990587830543518,0.998403629695531
12084,/home/yaxin/datasets/TacAct-original/33_12_L_13.xlsx,33,12,80,221.25772094726562,1.1829533576965332,249.6125030517578,567.0,0.5276800990104675,11,11,1,0.9996731281280518,0.9996731281280518,0.9996731281280518,0.9994264523556923
12085,/home/yaxin/datasets/TacAct-original/33_12_L_14.xlsx,33,12,80,231.6930694580078,1.3416105508804321,265.42498779296875,563.0,0.549423098564148,11,11,1,0.9999200105667114,0.9999200105667114,0.9999200105667114,0.9998908857523929
12086,/home/yaxin/datasets/TacAct-original/33_12_L_15.xlsx,33,12,80,255.23870849609375,1.377291202545166,296.36248779296875,589.0,0.5750937461853027,11,11,1,0.99988853931427,0.99988853931427,0.99988853931427,0.9998448349215323
12087,/home/yaxin/datasets/TacAct-original/33_12_L_16.xlsx,33,12,80,210.0,1.3967981338500977,279.9750061035156,579.0,0.5403424501419067,11,11,1,0.998036801815033,0.998036801815033,0.998036801815033,0.9963722266256809
12088,/home/yaxin/datasets/TacAct-original/33_12_L_17.xlsx,33,12,80,225.0,1.3305574655532837,273.23748779296875,562.0,0.5791928172111511,11,11,1,0.9998785257339478,0.9998785257339478,0.9998785257339478,0.9998345211570268
12089,/home/yaxin/datasets/TacAct-original/33_12_L_18.xlsx,33,12,80,255.0,1.2968806028366089,255.41250610351562,553.0,0.618996798992157,11,11,1,0.999621033668518,0.999621033668518,0.999621033668518,0.999396098573925
12090,/home/yaxin/datasets/TacAct-original/33_12_L_19.xlsx,33,12,80,280.2309875488281,1.4663312435150146,297.73748779296875,632.0,0.589938759803772,11,11,1,0.9998229146003724,0.9998229146003724,0.9998229146003724,0.9997606105898741
12091,/home/yaxin/datasets/TacAct-original/33_12_L_2.xlsx,33,12,80,191.0944061279297,1.374929666519165,281.75,565.0,0.5128000974655151,11,11,1,0.9993682503700256,0.9993682503700256,0.9993682503700256,0.9991131340502761
12092,/home/yaxin/datasets/TacAct-original/33_12_L_20.xlsx,33,12,80,242.8668670654297,1.4123179912567139,258.26251220703125,571.0,0.5971506237983704,11,11,1,0.9997230172157288,0.9997230172157288,0.9997230172157288,0.999593490982079
12093,/home/yaxin/datasets/TacAct-original/33_12_L_3.xlsx,33,12,80,191.89646911621094,1.3329410552978516,277.5874938964844,575.0,0.5061933994293213,11,11,1,0.9998200535774232,0.9998200535774232,0.9998200535774232,0.9997616033615487
12094,/home/yaxin/datasets/TacAct-original/33_12_L_4.xlsx,33,12,80,233.68185424804688,1.2180709838867188,255.3874969482422,501.0,0.5087303519248962,11,11,1,0.9995325803756714,0.9995325803756714,0.9995325803756714,0.9993524305173197
12095,/home/yaxin/datasets/TacAct-original/33_12_L_5.xlsx,33,12,80,213.36886596679688,1.2217334508895874,245.96249389648438,535.0,0.5245307087898254,11,11,1,0.9997825026512146,0.9997825026512146,0.9997825026512146,0.999669239477953
12096,/home/yaxin/datasets/TacAct-original/33_12_L_6.xlsx,33,12,80,199.27151489257812,1.3337233066558838,319.4624938964844,556.0,0.46918120980262756,11,11,1,0.999711573123932,0.999711573123932,0.999711573123932,0.9996091817301933
12097,/home/yaxin/datasets/TacAct-original/33_12_L_7.xlsx,33,12,80,178.60557556152344,1.3188387155532837,268.2875061035156,562.0,0.5012587904930115,11,11,1,0.9992462396621704,0.9992462396621704,0.9992462396621704,0.998851876182016
12098,/home/yaxin/datasets/TacAct-original/33_12_L_8.xlsx,33,12,80,239.0,1.351158857345581,270.20001220703125,574.0,0.513116717338562,11,11,1,0.9991887211799622,0.9991887211799622,0.9991887211799622,0.9988863880280405
12099,/home/yaxin/datasets/TacAct-original/33_12_L_9.xlsx,33,12,80,203.0,0.9596914052963257,196.85000610351562,524.0,0.4067721664905548,11,11,1,0.9995338916778564,0.9995338916778564,0.9995338916778564,0.9993872401973931
12100,/home/yaxin/datasets/TacAct-original/33_12_R_1.xlsx,33,12,80,245.81666564941406,2.2001378536224365,461.7875061035156,864.0,0.7543931007385254,11,11,1,0.9982284903526306,0.9982284903526306,0.9982284903526306,0.9967494311276824
12101,/home/yaxin/datasets/TacAct-original/33_12_R_10.xlsx,33,12,80,152.945068359375,1.406810998916626,351.6625061035156,809.0,0.6520366668701172,11,11,1,0.999799907207489,0.999799907207489,0.999799907207489,0.9997083530688542
12102,/home/yaxin/datasets/TacAct-original/33_12_R_11.xlsx,33,12,80,158.8108673095703,1.573561668395996,332.17498779296875,746.0,0.6618399024009705,11,11,1,0.99485045671463,0.99485045671463,0.99485045671463,0.9912198788952082
12103,/home/yaxin/datasets/TacAct-original/33_12_R_12.xlsx,33,12,80,148.4732666015625,1.351866364479065,299.3125,786.0,0.6070858240127563,11,11,1,0.9986171722412108,0.9986171722412108,0.9986171722412108,0.9977820676285774
12104,/home/yaxin/datasets/TacAct-original/33_12_R_13.xlsx,33,12,80,172.04510498046875,1.3850038051605225,301.79998779296875,741.0,0.5574581027030945,11,11,1,0.995958149433136,0.995958149433136,0.995958149433136,0.9935150796081871
12105,/home/yaxin/datasets/TacAct-original/33_12_R_14.xlsx,33,12,80,142.19789123535156,1.2298526763916016,268.6499938964844,744.0,0.5530961155891418,11,11,1,0.9909847974777222,0.9909847974777222,0.9909847974777222,0.9842606582678854
12106,/home/yaxin/datasets/TacAct-original/33_12_R_15.xlsx,33,12,80,175.9810333251953,1.3928687572479248,350.5625,780.0,0.49476391077041626,11,11,1,0.9755327701568604,0.9755327701568604,0.9755327701568604,0.9669022820889951
12107,/home/yaxin/datasets/TacAct-original/33_12_R_16.xlsx,33,12,80,144.54019165039062,1.1527858972549438,289.13751220703125,717.0,0.5079017281532288,11,11,1,0.9984859824180604,0.9984859824180604,0.9984859824180604,0.9973017185693608
12108,/home/yaxin/datasets/TacAct-original/33_12_R_17.xlsx,33,12,80,175.02146911621094,0.763227641582489,206.8125,701.0,0.45755550265312195,11,11,1,0.9999325275421144,0.9999325275421144,0.9999325275421144,0.9999016754954938
12109,/home/yaxin/datasets/TacAct-original/33_12_R_18.xlsx,33,12,80,225.16806030273438,0.8304575085639954,203.9375,775.0,0.5074829459190369,11,11,1,0.9998180270195008,0.9998180270195008,0.9998180270195008,0.9997281903342811
12110,/home/yaxin/datasets/TacAct-original/33_12_R_19.xlsx,33,12,80,223.73794555664062,0.9863855242729187,309.625,742.0,0.4819823205471039,11,11,1,0.9998754262924194,0.9998754262924194,0.9998754262924194,0.9998248770898499
12111,/home/yaxin/datasets/TacAct-original/33_12_R_2.xlsx,33,12,80,137.22593688964844,1.6714757680892944,330.6875,785.0,0.5657235383987427,11,11,1,0.943816602230072,0.943816602230072,0.943816602230072,0.8909301646053791
12112,/home/yaxin/datasets/TacAct-original/33_12_R_20.xlsx,33,12,80,140.18792724609375,1.125686764717102,285.7875061035156,756.0,0.4511857330799103,11,9,0,0.8523094654083252,0.0069071105681359,0.8523094654083252,0.716910645365715
12113,/home/yaxin/datasets/TacAct-original/33_12_R_3.xlsx,33,12,80,153.38624572753906,1.6909376382827759,332.7124938964844,797.0,0.6172736883163452,11,11,1,0.9402107000350952,0.9402107000350952,0.9402107000350952,0.8912796378135681
12114,/home/yaxin/datasets/TacAct-original/33_12_R_4.xlsx,33,12,80,127.28202819824219,1.4708926677703857,268.42498779296875,751.0,0.5455353856086731,11,11,1,0.9766347408294678,0.9766347408294678,0.9766347408294678,0.9567858260124923
12115,/home/yaxin/datasets/TacAct-original/33_12_R_5.xlsx,33,12,80,226.15133666992188,1.677464246749878,338.1499938964844,774.0,0.6139204502105713,11,11,1,0.9593092799186708,0.9593092799186708,0.9593092799186708,0.9250129126012326
12116,/home/yaxin/datasets/TacAct-original/33_12_R_6.xlsx,33,12,80,225.70057678222656,1.7409822940826416,327.7875061035156,743.0,0.7150754332542419,11,11,1,0.9994064569473268,0.9994064569473268,0.9994064569473268,0.9990923609002494
12117,/home/yaxin/datasets/TacAct-original/33_12_R_7.xlsx,33,12,80,172.46786499023438,1.3981165885925293,285.5874938964844,761.0,0.5797351598739624,11,11,1,0.9948529601097108,0.9948529601097108,0.9948529601097108,0.9906773478724064
12118,/home/yaxin/datasets/TacAct-original/33_12_R_8.xlsx,33,12,80,171.8691864013672,1.2800686359405518,288.0249938964844,727.0,0.6130171418190002,11,11,1,0.9996296167373656,0.9996296167373656,0.9996296167373656,0.9993987599445973
12119,/home/yaxin/datasets/TacAct-original/33_12_R_9.xlsx,33,12,80,170.0010986328125,1.257213830947876,282.1000061035156,789.0,0.6401687860488892,11,11,1,0.999751627445221,0.999751627445221,0.999751627445221,0.999661874906451
12120,/home/yaxin/datasets/TacAct-original/33_1_L_1.xlsx,33,1,80,160.096923828125,0.9770395159721375,264.8999938964844,508.0,0.1344788372516632,0,0,1,0.996679186820984,0.996679186820984,0.996679186820984,0.9946156940422954
12121,/home/yaxin/datasets/TacAct-original/33_1_L_10.xlsx,33,1,80,145.18106079101562,0.9838010668754578,206.5500030517578,439.0,0.11095935851335526,0,0,1,0.999403476715088,0.999403476715088,0.999403476715088,0.9992006534303074
12122,/home/yaxin/datasets/TacAct-original/33_1_L_11.xlsx,33,1,80,157.0,0.9879843592643738,203.8874969482422,405.0,0.1153545156121254,0,0,1,0.9992371797561646,0.9992371797561646,0.9992371797561646,0.9989932346798015
12123,/home/yaxin/datasets/TacAct-original/33_1_L_12.xlsx,33,1,80,162.52061462402344,0.7475513815879822,296.7749938964844,449.0,0.10709248483181,0,0,1,0.9995656609535216,0.9995656609535216,0.9995656609535216,0.9994116856832989
12124,/home/yaxin/datasets/TacAct-original/33_1_L_13.xlsx,33,1,80,136.12359619140625,0.6929916143417358,307.67498779296875,453.0,0.10670042783021927,0,0,1,0.9995055198669434,0.9995055198669434,0.9995055198669434,0.9993352219316876
12125,/home/yaxin/datasets/TacAct-original/33_1_L_14.xlsx,33,1,80,169.19232177734375,0.8746116757392883,203.8249969482422,397.0,0.10842514038085938,0,0,1,0.999577820301056,0.999577820301056,0.999577820301056,0.9994345122686357
12126,/home/yaxin/datasets/TacAct-original/33_1_L_15.xlsx,33,1,80,172.0296173095703,1.0326122045516968,216.75,408.0,0.1233767494559288,0,0,1,0.999526858329773,0.999526858329773,0.999526858329773,0.9993724596715765
12127,/home/yaxin/datasets/TacAct-original/33_1_L_16.xlsx,33,1,80,168.0,0.8869894742965698,187.14999389648438,444.0,0.10903128981590271,0,0,1,0.9977173805236816,0.9977173805236816,0.9977173805236816,0.9966982050100343
12128,/home/yaxin/datasets/TacAct-original/33_1_L_17.xlsx,33,1,80,156.3394012451172,0.9525319933891296,191.8000030517578,435.0,0.11266626417636871,0,0,1,0.997675597667694,0.997675597667694,0.997675597667694,0.9964180915849283
12129,/home/yaxin/datasets/TacAct-original/33_1_L_18.xlsx,33,1,80,160.0,0.9802697896957397,197.5749969482422,447.0,0.11003914475440979,0,0,1,0.9991161227226256,0.9991161227226256,0.9991161227226256,0.9987501690047792
12130,/home/yaxin/datasets/TacAct-original/33_1_L_19.xlsx,33,1,80,155.12496948242188,0.859409511089325,256.2250061035156,481.0,0.11080720275640488,0,0,1,0.999207079410553,0.999207079410553,0.999207079410553,0.9989615040249192
12131,/home/yaxin/datasets/TacAct-original/33_1_L_2.xlsx,33,1,80,186.41200256347656,0.9588117599487305,206.5500030517578,458.0,0.11703240126371384,0,0,1,0.99934583902359,0.99934583902359,0.99934583902359,0.999165932604228
12132,/home/yaxin/datasets/TacAct-original/33_1_L_20.xlsx,33,1,80,137.22593688964844,0.7825443148612976,289.625,487.0,0.10825357586145401,0,0,1,0.999503254890442,0.999503254890442,0.999503254890442,0.9993465555889999
12133,/home/yaxin/datasets/TacAct-original/33_1_L_3.xlsx,33,1,80,173.054931640625,0.8791379928588867,186.60000610351562,389.0,0.111594058573246,0,0,1,0.9993323683738708,0.9993323683738708,0.9993323683738708,0.9991600525972899
12134,/home/yaxin/datasets/TacAct-original/33_1_L_4.xlsx,33,1,80,163.0,0.8738452792167664,179.8249969482422,385.0,0.10742522031068802,0,0,1,0.9997047781944276,0.9997047781944276,0.9997047781944276,0.9996052218848491
12135,/home/yaxin/datasets/TacAct-original/33_1_L_5.xlsx,33,1,80,160.0,0.8480803370475769,197.1374969482422,387.0,0.09890166670084,0,0,1,0.9996140599250792,0.9996140599250792,0.9996140599250792,0.9994892932299989
12136,/home/yaxin/datasets/TacAct-original/33_1_L_6.xlsx,33,1,80,132.0,0.8096648454666138,180.1875,424.0,0.1042681485414505,0,0,1,0.90489262342453,0.90489262342453,0.90489262342453,0.8188707754015924
12137,/home/yaxin/datasets/TacAct-original/33_1_L_7.xlsx,33,1,80,147.92242431640625,0.9780416488647461,231.6999969482422,488.0,0.11650212109088898,0,0,1,0.9732645750045776,0.9732645750045776,0.9732645750045776,0.9510844927281141
12138,/home/yaxin/datasets/TacAct-original/33_1_L_8.xlsx,33,1,80,173.0,0.8527001142501831,173.1125030517578,424.0,0.10081307590007782,0,0,1,0.9995998740196228,0.9995998740196228,0.9995998740196228,0.9994611228612486
12139,/home/yaxin/datasets/TacAct-original/33_1_L_9.xlsx,33,1,80,141.20350646972656,0.920979380607605,211.0749969482422,485.0,0.1119125708937645,0,0,1,0.9993374943733216,0.9993374943733216,0.9993374943733216,0.9991222780081446
12140,/home/yaxin/datasets/TacAct-original/33_1_R_1.xlsx,33,1,80,108.15933227539062,1.1964895725250244,312.2124938964844,589.0,0.14993561804294586,0,0,1,0.999422550201416,0.999422550201416,0.999422550201416,0.9992144718853524
12141,/home/yaxin/datasets/TacAct-original/33_1_R_10.xlsx,33,1,80,369.708251953125,0.990564227104187,185.3625030517578,489.0,0.12789765000343323,0,0,1,0.9993419051170348,0.9993419051170348,0.9993419051170348,0.9990527271584141
12142,/home/yaxin/datasets/TacAct-original/33_1_R_11.xlsx,33,1,80,185.62814331054688,0.8593843579292297,297.63751220703125,524.0,0.12022054940462112,0,0,1,0.9995927214622498,0.9995927214622498,0.9995927214622498,0.9994148898113053
12143,/home/yaxin/datasets/TacAct-original/33_1_R_12.xlsx,33,1,80,155.12496948242188,1.144885540008545,193.33749389648438,472.0,0.12914356589317322,0,0,1,0.999648928642273,0.999648928642273,0.999648928642273,0.9995018372428603
12144,/home/yaxin/datasets/TacAct-original/33_1_R_13.xlsx,33,1,80,150.8228759765625,0.9617622494697571,302.61248779296875,534.0,0.1277220994234085,0,0,1,0.999606430530548,0.999606430530548,0.999606430530548,0.9994111965788761
12145,/home/yaxin/datasets/TacAct-original/33_1_R_14.xlsx,33,1,80,157.0,0.8958204388618469,269.9375,518.0,0.11490389704704285,0,0,1,0.9996516704559326,0.9996516704559326,0.9996516704559326,0.9995011568098562
12146,/home/yaxin/datasets/TacAct-original/33_1_R_15.xlsx,33,1,80,254.56405639648438,0.9426067471504211,280.0,514.0,0.12493979930877686,0,0,1,0.9996533393859864,0.9996533393859864,0.9996533393859864,0.999511705231271
12147,/home/yaxin/datasets/TacAct-original/33_1_R_16.xlsx,33,1,80,269.0,0.9711742401123047,282.5249938964844,531.0,0.13012199103832245,0,0,1,0.9996459484100342,0.9996459484100342,0.9996459484100342,0.9995107846625616
12148,/home/yaxin/datasets/TacAct-original/33_1_R_17.xlsx,33,1,80,179.0,1.0848033428192139,190.1125030517578,468.0,0.12597721815109253,0,0,1,0.9995867609977722,0.9995867609977722,0.9995867609977722,0.9994377181574238
12149,/home/yaxin/datasets/TacAct-original/33_1_R_18.xlsx,33,1,80,140.2091064453125,0.7404274940490723,277.2250061035156,493.0,0.10857198387384415,0,0,1,0.9995290040969848,0.9995290040969848,0.9995290040969848,0.9993525147583567
12150,/home/yaxin/datasets/TacAct-original/33_1_R_19.xlsx,33,1,80,220.0,1.042159914970398,179.0749969482422,497.0,0.12352030724287033,0,0,1,0.9993999004364014,0.9993999004364014,0.9993999004364014,0.9991359631239902
12151,/home/yaxin/datasets/TacAct-original/33_1_R_2.xlsx,33,1,80,155.0,1.008042335510254,200.3249969482422,490.0,0.11952394247055054,0,0,1,0.9995208978652954,0.9995208978652954,0.9995208978652954,0.9993625212373445
12152,/home/yaxin/datasets/TacAct-original/33_1_R_20.xlsx,33,1,80,174.0,0.9253524541854858,248.1750030517578,528.0,0.11782901734113693,0,0,1,0.9996114373207092,0.9996114373207092,0.9996114373207092,0.9994549467228353
12153,/home/yaxin/datasets/TacAct-original/33_1_R_3.xlsx,33,1,80,170.10513305664062,1.0347089767456055,208.9499969482422,443.0,0.11764302849769592,0,0,1,0.9995821118354796,0.9995821118354796,0.9995821118354796,0.9994422294403194
12154,/home/yaxin/datasets/TacAct-original/33_1_R_4.xlsx,33,1,80,162.23899841308594,1.0576810836791992,201.4375,468.0,0.12481508404016495,0,0,1,0.9994699358940125,0.9994699358940125,0.9994699358940125,0.9993156505370281
12155,/home/yaxin/datasets/TacAct-original/33_1_R_5.xlsx,33,1,80,149.0,0.8956624269485474,201.875,464.0,0.10920226573944092,0,0,1,0.999647855758667,0.999647855758667,0.999647855758667,0.9994977586466121
12156,/home/yaxin/datasets/TacAct-original/33_1_R_6.xlsx,33,1,80,348.0,0.9737488031387329,197.2375030517578,494.0,0.11787194758653641,0,0,1,0.996343195438385,0.996343195438385,0.996343195438385,0.993609722936526
12157,/home/yaxin/datasets/TacAct-original/33_1_R_7.xlsx,33,1,80,328.0,0.9980908632278442,197.89999389648438,514.0,0.11930155754089355,0,0,1,0.9964786171913148,0.9964786171913148,0.9964786171913148,0.9937152038328351
12158,/home/yaxin/datasets/TacAct-original/33_1_R_8.xlsx,33,1,80,136.0,0.7212017178535461,252.6875,488.0,0.1027776226401329,0,0,1,0.9996032118797302,0.9996032118797302,0.9996032118797302,0.9994692928303266
12159,/home/yaxin/datasets/TacAct-original/33_1_R_9.xlsx,33,1,80,164.07449340820312,0.9213554263114929,215.08749389648438,524.0,0.11351201683282852,0,0,1,0.9995971322059632,0.9995971322059632,0.9995971322059632,0.9994649318541634
12160,/home/yaxin/datasets/TacAct-original/33_2_L_1.xlsx,33,2,80,274.4518737792969,0.4636382460594177,134.83749389648438,280.0,0.06490788608789444,1,1,1,0.9998212456703186,0.9998212456703186,0.9998212456703186,0.9997676725251949
12161,/home/yaxin/datasets/TacAct-original/33_2_L_10.xlsx,33,2,80,232.0,0.2462373971939087,58.38750076293945,98.0,0.04022684693336487,1,1,1,0.9997913241386414,0.9997913241386414,0.9997913241386414,0.9997299720853334
12162,/home/yaxin/datasets/TacAct-original/33_2_L_11.xlsx,33,2,80,158.10813903808594,0.17258720099925995,53.88750076293945,75.0,0.029347293078899384,1,1,1,0.9998406171798706,0.9998406171798706,0.9998406171798706,0.9997819858217554
12163,/home/yaxin/datasets/TacAct-original/33_2_L_12.xlsx,33,2,80,206.48599243164062,0.2985908091068268,70.86250305175781,138.0,0.04555394500494003,1,1,1,0.9997962117195128,0.9997962117195128,0.9997962117195128,0.9997336195883689
12164,/home/yaxin/datasets/TacAct-original/33_2_L_13.xlsx,33,2,80,206.48599243164062,0.44756585359573364,103.9375,238.0,0.06279976665973663,1,1,1,0.9997698664665222,0.9997698664665222,0.9997698664665222,0.999710817966843
12165,/home/yaxin/datasets/TacAct-original/33_2_L_14.xlsx,33,2,80,331.3608703613281,0.6391878128051758,111.7874984741211,225.0,0.08718336373567581,1,1,1,0.9998189806938172,0.9998189806938172,0.9998189806938172,0.9997620346257464
12166,/home/yaxin/datasets/TacAct-original/33_2_L_15.xlsx,33,2,80,267.49114990234375,0.5505101084709167,121.11250305175781,267.0,0.08654215186834335,1,1,1,0.999835968017578,0.999835968017578,0.999835968017578,0.9997854138200636
12167,/home/yaxin/datasets/TacAct-original/33_2_L_16.xlsx,33,2,80,270.47430419921875,0.5552655458450317,123.4000015258789,328.0,0.08058549463748932,1,1,1,0.9998592138290404,0.9998592138290404,0.9998592138290404,0.9998157341251498
12168,/home/yaxin/datasets/TacAct-original/33_2_L_17.xlsx,33,2,80,375.60784912109375,0.5443150401115417,138.5,265.0,0.07627342641353607,1,1,1,0.9998041987419128,0.9998041987419128,0.9998041987419128,0.9997488824374159
12169,/home/yaxin/datasets/TacAct-original/33_2_L_18.xlsx,33,2,80,272.4631042480469,0.47548431158065796,118.5999984741211,243.0,0.0692279189825058,1,1,1,0.9997630715370178,0.9997630715370178,0.9997630715370178,0.9996822001776309
12170,/home/yaxin/datasets/TacAct-original/33_2_L_19.xlsx,33,2,80,376.0,0.49839019775390625,119.0,260.0,0.07359442859888077,1,1,1,0.9998199343681335,0.9998199343681335,0.9998199343681335,0.9997686314382008
12171,/home/yaxin/datasets/TacAct-original/33_2_L_2.xlsx,33,2,80,202.0,0.6031951904296875,190.64999389648438,421.0,0.09031941741704941,1,1,1,0.999755084514618,0.999755084514618,0.999755084514618,0.999684226968384
12172,/home/yaxin/datasets/TacAct-original/33_2_L_20.xlsx,33,2,80,230.0,0.4333208203315735,131.3125,298.0,0.06891464442014694,1,1,1,0.999822437763214,0.999822437763214,0.999822437763214,0.9997694282174051
12173,/home/yaxin/datasets/TacAct-original/33_2_L_3.xlsx,33,2,80,267.49114990234375,0.5291918516159058,124.07499694824219,236.0,0.07183999568223953,1,1,1,0.9998026490211488,0.9998026490211488,0.9998026490211488,0.999750963641418
12174,/home/yaxin/datasets/TacAct-original/33_2_L_4.xlsx,33,2,80,348.0,0.7217622995376587,164.625,340.0,0.09447658807039261,1,1,1,0.9998052716255188,0.9998052716255188,0.9998052716255188,0.999725143534306
12175,/home/yaxin/datasets/TacAct-original/33_2_L_5.xlsx,33,2,80,381.8460693359375,0.690994918346405,118.36250305175781,223.0,0.08592788875102997,1,1,1,0.9998056292533876,0.9998056292533876,0.9998056292533876,0.9997157999241609
12176,/home/yaxin/datasets/TacAct-original/33_2_L_6.xlsx,33,2,80,350.02557373046875,0.6361033320426941,106.6624984741211,199.0,0.08486561477184296,1,1,1,0.9998214840888976,0.9998214840888976,0.9998214840888976,0.9997381079374462
12177,/home/yaxin/datasets/TacAct-original/33_2_L_7.xlsx,33,2,80,153.3896026611328,0.2740994393825531,58.54999923706055,114.0,0.04022465646266937,1,1,1,0.9997721314430236,0.9997721314430236,0.9997721314430236,0.9996822154862456
12178,/home/yaxin/datasets/TacAct-original/33_2_L_8.xlsx,33,2,80,152.4063262939453,0.2382129728794098,56.224998474121094,93.0,0.037871621549129486,1,1,1,0.9998615980148317,0.9998615980148317,0.9998615980148317,0.9998057929551579
12179,/home/yaxin/datasets/TacAct-original/33_2_L_9.xlsx,33,2,80,103.44902038574219,0.16198785603046417,44.63750076293945,60.0,0.028632549569010735,1,1,1,0.9998830556869508,0.9998830556869508,0.9998830556869508,0.9998354625677167
12180,/home/yaxin/datasets/TacAct-original/33_2_R_1.xlsx,33,2,80,377.0,0.70509272813797,190.125,368.0,0.09384287893772125,1,1,1,0.9996625185012816,0.9996625185012816,0.9996625185012816,0.9995850968844023
12181,/home/yaxin/datasets/TacAct-original/33_2_R_10.xlsx,33,2,80,197.0,0.48473796248435974,100.17500305175781,184.0,0.06753145903348923,1,1,1,0.9998125433921814,0.9998125433921814,0.9998125433921814,0.999729786759417
12182,/home/yaxin/datasets/TacAct-original/33_2_R_11.xlsx,33,2,80,188.38002014160156,0.5107487440109253,111.69999694824219,236.0,0.07399856299161911,1,1,1,0.9998323917388916,0.9998323917388916,0.9998323917388916,0.9997674275728059
12183,/home/yaxin/datasets/TacAct-original/33_2_R_12.xlsx,33,2,80,202.85572814941406,0.5949693918228149,114.0250015258789,230.0,0.07628803700208664,1,1,1,0.9998511075973512,0.9998511075973512,0.9998511075973512,0.9998029839225638
12184,/home/yaxin/datasets/TacAct-original/33_2_R_13.xlsx,33,2,80,217.0,0.682947039604187,141.91250610351562,289.0,0.09101217240095139,1,1,1,0.9998447895050048,0.9998447895050048,0.9998447895050048,0.99979290156989
12185,/home/yaxin/datasets/TacAct-original/33_2_R_14.xlsx,33,2,80,195.0,0.5131688117980957,115.32499694824219,234.0,0.07037266343832016,1,1,1,0.9998555183410645,0.9998555183410645,0.9998555183410645,0.9998016410609125
12186,/home/yaxin/datasets/TacAct-original/33_2_R_15.xlsx,33,2,80,209.0,0.5685149431228638,145.8874969482422,284.0,0.07993932068347931,1,1,1,0.9998561143875122,0.9998561143875122,0.9998561143875122,0.9998134141860646
12187,/home/yaxin/datasets/TacAct-original/33_2_R_16.xlsx,33,2,80,225.0,0.5546875596046448,130.5,275.0,0.07784915715456009,1,1,1,0.9998268485069276,0.9998268485069276,0.9998268485069276,0.9997803497171845
12188,/home/yaxin/datasets/TacAct-original/33_2_R_17.xlsx,33,2,80,184.8541259765625,0.5120676755905151,165.85000610351562,359.0,0.07781621813774109,1,1,1,0.9998233914375304,0.9998233914375304,0.9998233914375304,0.9997821992765238
12189,/home/yaxin/datasets/TacAct-original/33_2_R_18.xlsx,33,2,80,295.0,0.5262649655342102,143.9499969482422,331.0,0.08058822900056839,1,1,1,0.9996376037597656,0.9996376037597656,0.9996376037597656,0.9995561380274012
12190,/home/yaxin/datasets/TacAct-original/33_2_R_19.xlsx,33,2,80,285.0,0.6663453578948975,155.60000610351562,314.0,0.09150484204292297,1,1,1,0.9998462200164796,0.9998462200164796,0.9998462200164796,0.9997978977189633
12191,/home/yaxin/datasets/TacAct-original/33_2_R_2.xlsx,33,2,80,313.2331237792969,0.6937155723571777,170.4250030517578,361.0,0.0930228903889656,1,1,1,0.9998295307159424,0.9998295307159424,0.9998295307159424,0.9997711325377168
12192,/home/yaxin/datasets/TacAct-original/33_2_R_20.xlsx,33,2,80,197.60360717773438,0.5965813398361206,139.0749969482422,322.0,0.08836735039949417,1,1,1,0.9998509883880616,0.9998509883880616,0.9998509883880616,0.9998032554285602
12193,/home/yaxin/datasets/TacAct-original/33_2_R_3.xlsx,33,2,80,275.0,0.6164216995239258,117.88749694824219,217.0,0.08359567075967789,1,1,1,0.9998314380645752,0.9998314380645752,0.9998314380645752,0.9997669151853188
12194,/home/yaxin/datasets/TacAct-original/33_2_R_4.xlsx,33,2,80,206.48599243164062,0.40358036756515503,81.61250305175781,160.0,0.05539209768176079,1,1,1,0.9997881054878236,0.9997881054878236,0.9997881054878236,0.9997007590136492
12195,/home/yaxin/datasets/TacAct-original/33_2_R_5.xlsx,33,2,80,180.97914123535156,0.28371214866638184,68.7249984741211,137.0,0.04445378854870796,1,1,1,0.9998180270195008,0.9998180270195008,0.9998180270195008,0.9997351373094717
12196,/home/yaxin/datasets/TacAct-original/33_2_R_6.xlsx,33,2,80,81.54004669189453,0.21488797664642334,58.6875,98.0,0.031499989330768585,1,1,1,0.999870538711548,0.999870538711548,0.999870538711548,0.9998240668392101
12197,/home/yaxin/datasets/TacAct-original/33_2_R_7.xlsx,33,2,80,160.096923828125,0.23725882172584534,62.525001525878906,90.0,0.03869680315256119,1,1,1,0.999822437763214,0.999822437763214,0.999822437763214,0.9997718572521989
12198,/home/yaxin/datasets/TacAct-original/33_2_R_8.xlsx,33,2,80,108.0,0.16669654846191406,49.349998474121094,67.0,0.030726952478289604,1,1,1,0.9998867511749268,0.9998867511749268,0.9998867511749268,0.9998468760386459
12199,/home/yaxin/datasets/TacAct-original/33_2_R_9.xlsx,33,2,80,229.0,0.3559280037879944,66.5,108.0,0.05044015869498253,1,1,1,0.999811828136444,0.999811828136444,0.999811828136444,0.9997351128768058
12200,/home/yaxin/datasets/TacAct-original/33_3_L_1.xlsx,33,3,80,259.0,1.5173991918563843,216.39999389648438,587.0,0.19903837144374847,2,2,1,0.9990099668502808,0.9990099668502808,0.9990099668502808,0.9986638190748637
12201,/home/yaxin/datasets/TacAct-original/33_3_L_10.xlsx,33,3,80,228.70989990234375,1.5079472064971924,139.6125030517578,418.0,0.1809350699186325,2,2,1,0.9995146989822388,0.9995146989822388,0.9995146989822388,0.9993200378812617
12202,/home/yaxin/datasets/TacAct-original/33_3_L_11.xlsx,33,3,80,288.37335205078125,1.5597823858261108,148.4250030517578,476.0,0.1885269433259964,2,2,1,0.9994035959243774,0.9994035959243774,0.9994035959243774,0.9991908742522355
12203,/home/yaxin/datasets/TacAct-original/33_3_L_12.xlsx,33,3,80,219.7603759765625,1.590022325515747,154.0,520.0,0.18687044084072113,2,2,1,0.9994760155677797,0.9994760155677797,0.9994760155677797,0.9992727786739125
12204,/home/yaxin/datasets/TacAct-original/33_3_L_13.xlsx,33,3,80,231.92068481445312,1.7408103942871094,178.8249969482422,573.0,0.2073264718055725,2,2,1,0.9995092153549194,0.9995092153549194,0.9995092153549194,0.9993257951718988
12205,/home/yaxin/datasets/TacAct-original/33_3_L_14.xlsx,33,3,80,217.0,1.5932128429412842,141.5749969482422,555.0,0.18250508606433868,2,2,1,0.9994516968727112,0.9994516968727112,0.9994516968727112,0.9992416331660934
12206,/home/yaxin/datasets/TacAct-original/33_3_L_15.xlsx,33,3,80,226.0,1.5267726182937622,143.6750030517578,587.0,0.19092366099357605,2,2,1,0.9994902610778807,0.9994902610778807,0.9994902610778807,0.9992947416467358
12207,/home/yaxin/datasets/TacAct-original/33_3_L_16.xlsx,33,3,80,239.0,1.4217147827148438,142.6875,466.0,0.16844746470451355,2,2,1,0.9993244409561156,0.9993244409561156,0.9993244409561156,0.9990636585280298
12208,/home/yaxin/datasets/TacAct-original/33_3_L_17.xlsx,33,3,80,220.0,1.5412877798080444,137.1374969482422,496.0,0.1778392493724823,2,2,1,0.9994938373565674,0.9994938373565674,0.9994938373565674,0.9992924379330362
12209,/home/yaxin/datasets/TacAct-original/33_3_L_18.xlsx,33,3,80,226.7211151123047,1.5355558395385742,137.58749389648438,516.0,0.18528863787651062,2,2,1,0.9994757771492004,0.9994757771492004,0.9994757771492004,0.9992714406980667
12210,/home/yaxin/datasets/TacAct-original/33_3_L_19.xlsx,33,3,80,236.0,1.4352833032608032,136.16250610351562,482.0,0.16627369821071625,2,2,1,0.9993531107902528,0.9993531107902528,0.9993531107902528,0.9991022634785623
12211,/home/yaxin/datasets/TacAct-original/33_3_L_2.xlsx,33,3,80,253.0,1.4907925128936768,159.9250030517578,402.0,0.17467638850212097,2,2,1,0.9983986020088196,0.9983986020088196,0.9983986020088196,0.9977828979026527
12212,/home/yaxin/datasets/TacAct-original/33_3_L_20.xlsx,33,3,80,225.0,1.4868452548980713,137.6374969482422,526.0,0.17403057217597961,2,2,1,0.99946528673172,0.99946528673172,0.99946528673172,0.9992543897387804
12213,/home/yaxin/datasets/TacAct-original/33_3_L_3.xlsx,33,3,80,244.0,1.508591890335083,155.1999969482422,402.0,0.17840999364852905,2,2,1,0.9989099502563475,0.9989099502563475,0.9989099502563475,0.9985263994603882
12214,/home/yaxin/datasets/TacAct-original/33_3_L_4.xlsx,33,3,80,229.0,1.5940382480621338,159.875,526.0,0.1800428330898285,2,2,1,0.9994335770606996,0.9994335770606996,0.9994335770606996,0.9992091287422229
12215,/home/yaxin/datasets/TacAct-original/33_3_L_5.xlsx,33,3,80,242.0,1.5202361345291138,142.72500610351562,543.0,0.1786583960056305,2,2,1,0.9994113445281982,0.9994113445281982,0.9994113445281982,0.9991822945448804
12216,/home/yaxin/datasets/TacAct-original/33_3_L_6.xlsx,33,3,80,218.0,1.4634532928466797,163.3125,460.0,0.16728727519512177,2,2,1,0.9989216327667236,0.9989216327667236,0.9989216327667236,0.9985216882487294
12217,/home/yaxin/datasets/TacAct-original/33_3_L_7.xlsx,33,3,80,243.63694763183594,1.4057629108428955,128.16250610351562,361.0,0.16477689146995544,2,2,1,0.9988967180252076,0.9988967180252076,0.9988967180252076,0.9984679069602863
12218,/home/yaxin/datasets/TacAct-original/33_3_L_8.xlsx,33,3,80,235.0,1.5266056060791016,152.4499969482422,519.0,0.17999234795570374,2,2,1,0.99928218126297,0.99928218126297,0.99928218126297,0.9990044480073267
12219,/home/yaxin/datasets/TacAct-original/33_3_L_9.xlsx,33,3,80,233.0,1.5403361320495605,148.35000610351562,464.0,0.17752403020858765,2,2,1,0.9994327425956726,0.9994327425956726,0.9994327425956726,0.9992136681103148
12220,/home/yaxin/datasets/TacAct-original/33_3_R_1.xlsx,33,3,80,149.0,1.6597601175308228,267.0249938964844,551.0,0.20000500977039337,2,2,1,0.9992465972900392,0.9992465972900392,0.9992465972900392,0.9989598459214905
12221,/home/yaxin/datasets/TacAct-original/33_3_R_10.xlsx,33,3,80,174.01840209960938,1.5206788778305054,141.2375030517578,414.0,0.16732218861579895,2,2,1,0.9993718266487122,0.9993718266487122,0.9993718266487122,0.9991085116926116
12222,/home/yaxin/datasets/TacAct-original/33_3_R_11.xlsx,33,3,80,172.09275817871094,1.6100513935089111,174.875,445.0,0.1761091947555542,2,2,1,0.9993904829025269,0.9993904829025269,0.9993904829025269,0.9991433841641992
12223,/home/yaxin/datasets/TacAct-original/33_3_R_12.xlsx,33,3,80,113.0,0.7913342118263245,320.42498779296875,458.0,0.12446378171443939,2,2,1,0.9862343072891236,0.9862343072891236,0.9862343072891236,0.9798038839362564
12224,/home/yaxin/datasets/TacAct-original/33_3_R_13.xlsx,33,3,80,135.23715209960938,1.0008999109268188,243.1125030517578,361.0,0.13067342340946198,2,2,1,0.997913897037506,0.997913897037506,0.997913897037506,0.9972111475653946
12225,/home/yaxin/datasets/TacAct-original/33_3_R_14.xlsx,33,3,80,79.55126953125,0.5437609553337097,351.26251220703125,566.0,0.11448772996664047,2,8,0,0.9375929236412048,0.0094514479860663,0.9375929236412048,0.9032588973641397
12226,/home/yaxin/datasets/TacAct-original/33_3_R_15.xlsx,33,3,80,196.88938903808594,1.575320839881897,162.71249389648438,484.0,0.18106532096862793,2,2,1,0.9991300702095032,0.9991300702095032,0.9991300702095032,0.9988070111721755
12227,/home/yaxin/datasets/TacAct-original/33_3_R_16.xlsx,33,3,80,196.0,1.6246187686920166,153.1374969482422,439.0,0.18332329392433167,2,2,1,0.9991132616996764,0.9991132616996764,0.9991132616996764,0.998791188787436
12228,/home/yaxin/datasets/TacAct-original/33_3_R_17.xlsx,33,3,80,213.0,1.7063621282577515,153.3000030517578,542.0,0.18886446952819824,2,2,1,0.9987780451774596,0.9987780451774596,0.9987780451774596,0.9983273555117194
12229,/home/yaxin/datasets/TacAct-original/33_3_R_18.xlsx,33,3,80,205.0,1.4847854375839233,141.41250610351562,386.0,0.1635320633649826,2,2,1,0.9984924793243408,0.9984924793243408,0.9984924793243408,0.9979955950402655
12230,/home/yaxin/datasets/TacAct-original/33_3_R_19.xlsx,33,3,80,230.0,1.5089523792266846,141.47500610351562,534.0,0.17641405761241913,2,2,1,0.9982036352157592,0.9982036352157592,0.9982036352157592,0.9976135307806544
12231,/home/yaxin/datasets/TacAct-original/33_3_R_2.xlsx,33,3,80,166.0,1.5711407661437988,195.1875,470.0,0.1747090220451355,2,2,1,0.9989998936653136,0.9989998936653136,0.9989998936653136,0.9986503676627763
12232,/home/yaxin/datasets/TacAct-original/33_3_R_20.xlsx,33,3,80,235.0,1.4838659763336182,145.9875030517578,556.0,0.18048633635044098,2,2,1,0.9985210299491882,0.9985210299491882,0.9985210299491882,0.9980071251047775
12233,/home/yaxin/datasets/TacAct-original/33_3_R_3.xlsx,33,3,80,175.05123901367188,1.3814890384674072,213.28750610351562,398.0,0.16398531198501587,2,2,1,0.9954212307929992,0.9954212307929992,0.9954212307929992,0.9937146478332578
12234,/home/yaxin/datasets/TacAct-original/33_3_R_4.xlsx,33,3,80,101.2764663696289,0.8668825030326843,284.76251220703125,450.0,0.13490550220012665,2,2,1,0.9970768690109252,0.9970768690109252,0.9970768690109252,0.9960015388205646
12235,/home/yaxin/datasets/TacAct-original/33_3_R_5.xlsx,33,3,80,162.08570861816406,1.342394471168518,171.85000610351562,426.0,0.1546022891998291,2,2,1,0.9985754489898682,0.9985754489898682,0.9985754489898682,0.9980602392461152
12236,/home/yaxin/datasets/TacAct-original/33_3_R_6.xlsx,33,3,80,181.10670471191406,1.4626519680023193,184.3874969482422,438.0,0.17142705619335175,2,2,1,0.9990246295928956,0.9990246295928956,0.9990246295928956,0.9986583516583779
12237,/home/yaxin/datasets/TacAct-original/33_3_R_7.xlsx,33,3,80,128.2764129638672,0.9256876111030579,245.0625,396.0,0.1250249594449997,2,2,1,0.9985553622245787,0.9985553622245787,0.9985553622245787,0.9979940162738784
12238,/home/yaxin/datasets/TacAct-original/33_3_R_8.xlsx,33,3,80,158.10813903808594,1.4974451065063477,176.78750610351562,467.0,0.16549581289291382,2,2,1,0.9991948008537292,0.9991948008537292,0.9991948008537292,0.9988434447150213
12239,/home/yaxin/datasets/TacAct-original/33_3_R_9.xlsx,33,3,80,162.08570861816406,1.3702304363250732,187.02499389648438,415.0,0.15752780437469482,2,2,1,0.9991925358772278,0.9991925358772278,0.9991925358772278,0.9988862252503169
12240,/home/yaxin/datasets/TacAct-original/33_4_L_1.xlsx,33,4,80,241.0,2.7237448692321777,355.1875,629.0,0.345592200756073,3,3,1,0.9503174424171448,0.9503174424171448,0.9503174424171448,0.9133756943047047
12241,/home/yaxin/datasets/TacAct-original/33_4_L_10.xlsx,33,4,80,332.0,2.2267539501190186,383.2875061035156,574.0,0.30976060032844543,3,11,0,0.6580186486244202,0.3348729014396667,0.6580186486244202,0.3231457471847535
12242,/home/yaxin/datasets/TacAct-original/33_4_L_11.xlsx,33,4,80,163.0,2.0454230308532715,236.66250610351562,567.0,0.2769899070262909,3,6,0,0.9414284825325012,0.0502807833254337,0.9414284825325012,0.8911476992070675
12243,/home/yaxin/datasets/TacAct-original/33_4_L_12.xlsx,33,4,80,296.0,1.9503387212753296,232.375,545.0,0.25879809260368347,3,6,0,0.9985344409942628,0.0006715561612509,0.9985344409942628,0.9978628848330119
12244,/home/yaxin/datasets/TacAct-original/33_4_L_13.xlsx,33,4,80,241.0,1.4702212810516357,226.08749389648438,328.0,0.21603471040725708,3,3,1,0.9988390803337096,0.9988390803337096,0.9988390803337096,0.9979756047250702
12245,/home/yaxin/datasets/TacAct-original/33_4_L_14.xlsx,33,4,80,213.6657257080078,1.518816590309143,138.4875030517578,277.0,0.20370782911777496,3,3,1,0.9990262985229492,0.9990262985229492,0.9990262985229492,0.9982248828164302
12246,/home/yaxin/datasets/TacAct-original/33_4_L_15.xlsx,33,4,80,336.38568115234375,1.6427786350250244,162.75,295.0,0.19271357357501984,3,3,1,0.9991326928138732,0.9991326928138732,0.9991326928138732,0.9984102896414697
12247,/home/yaxin/datasets/TacAct-original/33_4_L_16.xlsx,33,4,80,165.0,1.8822553157806396,331.3374938964844,503.0,0.24774472415447235,3,3,1,0.9987879395484924,0.9987879395484924,0.9987879395484924,0.997821552620735
12248,/home/yaxin/datasets/TacAct-original/33_4_L_17.xlsx,33,4,80,169.04644775390625,2.3066246509552,260.75,562.0,0.2886412739753723,3,6,0,0.9946987628936768,0.0042415391653776,0.9946987628936768,0.9904572237282991
12249,/home/yaxin/datasets/TacAct-original/33_4_L_18.xlsx,33,4,80,179.0,1.9903961420059204,270.4125061035156,509.0,0.25950101017951965,3,11,0,0.8674801588058472,0.0739583224058151,0.8674801588058472,0.793521836400032
12250,/home/yaxin/datasets/TacAct-original/33_4_L_19.xlsx,33,4,80,181.0,1.9592536687850952,269.6000061035156,519.0,0.2629522979259491,3,6,0,0.6670765280723572,0.3295535743236542,0.6670765280723572,0.337522953748703
12251,/home/yaxin/datasets/TacAct-original/33_4_L_2.xlsx,33,4,80,253.0,2.3306949138641357,248.9250030517578,576.0,0.3124241530895233,3,3,1,0.922699511051178,0.922699511051178,0.922699511051178,0.8471546396613122
12252,/home/yaxin/datasets/TacAct-original/33_4_L_20.xlsx,33,4,80,188.0,1.8551641702651978,208.5500030517578,470.0,0.25785988569259644,3,3,1,0.9988328814506532,0.9988328814506532,0.9988328814506532,0.9978773079928944
12253,/home/yaxin/datasets/TacAct-original/33_4_L_3.xlsx,33,4,80,246.0,2.145505905151367,234.25,569.0,0.26094990968704224,3,3,1,0.9966381788253784,0.9966381788253784,0.9966381788253784,0.9936244781129062
12254,/home/yaxin/datasets/TacAct-original/33_4_L_4.xlsx,33,4,80,341.0760498046875,1.98681640625,224.96249389648438,469.0,0.28661048412323,3,3,1,0.9991106390953064,0.9991106390953064,0.9991106390953064,0.998378717864398
12255,/home/yaxin/datasets/TacAct-original/33_4_L_5.xlsx,33,4,80,281.3426513671875,1.7757928371429443,188.0500030517578,449.0,0.24355646967887878,3,3,1,0.999129593372345,0.999129593372345,0.999129593372345,0.9984137534629554
12256,/home/yaxin/datasets/TacAct-original/33_4_L_6.xlsx,33,4,80,236.96726989746094,1.576263427734375,164.5625,318.0,0.17750635743141174,3,3,1,0.9990224838256836,0.9990224838256836,0.9990224838256836,0.998217624553945
12257,/home/yaxin/datasets/TacAct-original/33_4_L_7.xlsx,33,4,80,233.0,1.7097322940826416,174.8125,317.0,0.20663756132125854,3,3,1,0.9955258965492249,0.9955258965492249,0.9955258965492249,0.9914441341534258
12258,/home/yaxin/datasets/TacAct-original/33_4_L_8.xlsx,33,4,80,269.47991943359375,1.8215806484222412,193.33749389648438,429.0,0.23745298385620117,3,3,1,0.9990832805633544,0.9990832805633544,0.9990832805633544,0.9983436912880279
12259,/home/yaxin/datasets/TacAct-original/33_4_L_9.xlsx,33,4,80,326.1601867675781,2.3602607250213623,272.92498779296875,532.0,0.3168310821056366,3,3,1,0.9986885190010072,0.9986885190010072,0.9986885190010072,0.9976746519096197
12260,/home/yaxin/datasets/TacAct-original/33_4_R_1.xlsx,33,4,59,306.0,2.0595412254333496,61.95000076293945,248.0,0.34207168221473694,3,3,1,0.9989933371543884,0.9989933371543884,0.9989933371543884,0.9981596443103627
12261,/home/yaxin/datasets/TacAct-original/33_4_R_10.xlsx,33,4,80,278.26446533203125,2.05031156539917,64.55000305175781,292.0,0.36355340480804443,3,3,1,0.9939397573471068,0.9939397573471068,0.9939397573471068,0.9889071960933506
12262,/home/yaxin/datasets/TacAct-original/33_4_R_11.xlsx,33,4,79,201.86134338378906,2.0816171169281006,69.6624984741211,240.0,0.35378578305244446,3,6,0,0.8107113838195801,0.1793327778577804,0.8107113838195801,0.6313786059617996
12263,/home/yaxin/datasets/TacAct-original/33_4_R_12.xlsx,33,4,77,290.06365966796875,1.8392040729522705,59.8125,252.0,0.3499349355697632,3,3,1,0.816611647605896,0.816611647605896,0.816611647605896,0.7409132793545723
12264,/home/yaxin/datasets/TacAct-original/33_4_R_13.xlsx,33,4,66,288.37335205078125,2.2440829277038574,70.0250015258789,242.0,0.37792110443115234,3,6,0,0.808399498462677,0.1547054052352905,0.808399498462677,0.6536940932273865
12265,/home/yaxin/datasets/TacAct-original/33_4_R_14.xlsx,33,4,71,229.10113525390625,2.209636688232422,65.44999694824219,303.0,0.3818788230419159,3,3,1,0.9990527033805848,0.9990527033805848,0.9990527033805848,0.9983186866738836
12266,/home/yaxin/datasets/TacAct-original/33_4_R_15.xlsx,33,4,79,290.0,2.232814073562622,74.82499694824219,243.0,0.341084361076355,3,6,0,0.7520259022712708,0.2077516615390777,0.7520259022712708,0.544274240732193
12267,/home/yaxin/datasets/TacAct-original/33_4_R_16.xlsx,33,4,80,315.0,2.508794069290161,76.8125,317.0,0.375739723443985,3,3,1,0.999113142490387,0.999113142490387,0.999113142490387,0.9984130483935587
12268,/home/yaxin/datasets/TacAct-original/33_4_R_17.xlsx,33,4,80,283.4013977050781,1.850847840309143,60.625,236.0,0.3223755359649658,3,11,0,0.9362598061561584,0.0067113609984517,0.9362598061561584,0.8933221995830536
12269,/home/yaxin/datasets/TacAct-original/33_4_R_18.xlsx,33,4,74,230.0843963623047,2.127948045730591,61.82500076293945,210.0,0.34558314085006714,3,11,0,0.8774864077568054,0.0104838646948337,0.8774864077568054,0.8092299625277519
12270,/home/yaxin/datasets/TacAct-original/33_4_R_19.xlsx,33,4,75,311.0,2.1518044471740723,68.86250305175781,280.0,0.3517540991306305,3,3,1,0.6944082379341125,0.6944082379341125,0.6944082379341125,0.39638400077819824
12271,/home/yaxin/datasets/TacAct-original/33_4_R_2.xlsx,33,4,70,333.0,2.138883113861084,61.86249923706055,273.0,0.37727847695350647,3,3,1,0.9986695051193236,0.9986695051193236,0.9986695051193236,0.9975447412580252
12272,/home/yaxin/datasets/TacAct-original/33_4_R_20.xlsx,33,4,74,199.1635284423828,2.1118152141571045,72.8125,242.0,0.3212783634662628,3,3,1,0.9960067868232728,0.9960067868232728,0.9960067868232728,0.9932340937666596
12273,/home/yaxin/datasets/TacAct-original/33_4_R_3.xlsx,33,4,69,251.0,1.8784873485565186,55.462501525878906,231.0,0.35291025042533875,3,3,1,0.9317646026611328,0.9317646026611328,0.9317646026611328,0.8780587799847126
12274,/home/yaxin/datasets/TacAct-original/33_4_R_4.xlsx,33,4,80,347.0859680175781,2.1555638313293457,71.86250305175781,323.0,0.3946003019809723,3,3,1,0.9990383386611938,0.9990383386611938,0.9990383386611938,0.9982870206586085
12275,/home/yaxin/datasets/TacAct-original/33_4_R_5.xlsx,33,4,72,216.31866455078125,1.7884308099746704,56.912498474121094,216.0,0.2910655736923218,3,3,1,0.7549777030944824,0.7549777030944824,0.7549777030944824,0.5463624745607376
12276,/home/yaxin/datasets/TacAct-original/33_4_R_6.xlsx,33,4,72,299.3116455078125,2.2814903259277344,77.2125015258789,351.0,0.3833549916744232,3,3,1,0.999082088470459,0.999082088470459,0.999082088470459,0.9983594572986477
12277,/home/yaxin/datasets/TacAct-original/33_4_R_7.xlsx,33,4,80,197.19821166992188,1.9642372131347656,65.26249694824219,235.0,0.31544867157936096,3,3,1,0.9961270689964294,0.9961270689964294,0.9961270689964294,0.9933292651548983
12278,/home/yaxin/datasets/TacAct-original/33_4_R_8.xlsx,33,4,74,303.82940673828125,2.355940580368042,76.9625015258789,353.0,0.4236483573913574,3,3,1,0.9990516304969788,0.9990516304969788,0.9990516304969788,0.9983172098873183
12279,/home/yaxin/datasets/TacAct-original/33_4_R_9.xlsx,33,4,74,206.89804077148438,1.8962268829345703,60.375,241.0,0.3407972753047943,3,11,0,0.7411272525787354,0.18446084856987,0.7411272525787354,0.5566664040088654
12280,/home/yaxin/datasets/TacAct-original/33_5_L_1.xlsx,33,5,80,267.49114990234375,1.0108600854873657,264.75,545.0,0.13795213401317596,4,4,1,0.9988445043563844,0.9988445043563844,0.9988445043563844,0.9980790514382535
12281,/home/yaxin/datasets/TacAct-original/33_5_L_10.xlsx,33,5,80,295.0,1.0817806720733643,208.8000030517578,431.0,0.13557402789592743,4,4,1,0.9981551766395568,0.9981551766395568,0.9981551766395568,0.9970795238623394
12282,/home/yaxin/datasets/TacAct-original/33_5_L_11.xlsx,33,5,80,415.0,1.084672212600708,158.83749389648438,318.0,0.1342768669128418,4,4,1,0.9983842372894288,0.9983842372894288,0.9983842372894288,0.9977277030120605
12283,/home/yaxin/datasets/TacAct-original/33_5_L_12.xlsx,33,5,80,268.0,0.8451126217842102,138.625,320.0,0.11158967018127441,4,4,1,0.9987540245056152,0.9987540245056152,0.9987540245056152,0.9981031224015169
12284,/home/yaxin/datasets/TacAct-original/33_5_L_13.xlsx,33,5,80,252.0,0.5923632979393005,104.23750305175781,239.0,0.08139452338218689,4,4,1,0.9987531900405884,0.9987531900405884,0.9987531900405884,0.9979858890292235
12285,/home/yaxin/datasets/TacAct-original/33_5_L_14.xlsx,33,5,80,328.41107177734375,0.8514243960380554,136.60000610351562,329.0,0.116612009704113,4,4,1,0.9988276362419128,0.9988276362419128,0.9988276362419128,0.9981663990183733
12286,/home/yaxin/datasets/TacAct-original/33_5_L_15.xlsx,33,5,80,408.0,0.9861786961555481,167.47500610351562,427.0,0.12860408425331116,4,4,1,0.9988971948623656,0.9988971948623656,0.9988971948623656,0.9982527837855741
12287,/home/yaxin/datasets/TacAct-original/33_5_L_16.xlsx,33,5,80,313.2331237792969,1.1092865467071533,210.3249969482422,517.0,0.13965252041816711,4,4,1,0.998720407485962,0.998720407485962,0.998720407485962,0.9979540527565406
12288,/home/yaxin/datasets/TacAct-original/33_5_L_17.xlsx,33,5,80,243.62576293945312,1.0495779514312744,156.35000610351562,362.0,0.13287749886512756,4,4,1,0.998778998851776,0.998778998851776,0.998778998851776,0.9981059444253332
12289,/home/yaxin/datasets/TacAct-original/33_5_L_18.xlsx,33,5,80,429.57684326171875,0.9098537564277649,134.9375,325.0,0.12205618619918823,4,4,1,0.9988217949867249,0.9988217949867249,0.9988217949867249,0.9981862194836141
12290,/home/yaxin/datasets/TacAct-original/33_5_L_19.xlsx,33,5,80,307.762451171875,0.6590396165847778,123.07499694824219,267.0,0.08768671751022339,4,4,1,0.9988671541213988,0.9988671541213988,0.9988671541213988,0.9981675754534081
12291,/home/yaxin/datasets/TacAct-original/33_5_L_2.xlsx,33,5,80,328.14898681640625,1.0396324396133423,195.6750030517578,442.0,0.1317777782678604,4,4,1,0.9984756112098694,0.9984756112098694,0.9984756112098694,0.9977791592827999
12292,/home/yaxin/datasets/TacAct-original/33_5_L_20.xlsx,33,5,80,498.0,1.1196191310882568,143.52499389648438,291.0,0.13695116341114044,4,4,1,0.99578458070755,0.99578458070755,0.99578458070755,0.9932564683258533
12293,/home/yaxin/datasets/TacAct-original/33_5_L_3.xlsx,33,5,80,343.0648498535156,0.9581937789916992,150.66250610351562,358.0,0.11915095895528793,4,4,1,0.998759627342224,0.998759627342224,0.998759627342224,0.9979668618179857
12294,/home/yaxin/datasets/TacAct-original/33_5_L_4.xlsx,33,5,80,304.2835998535156,0.7150200605392456,123.38749694824219,268.0,0.09110236167907715,4,4,1,0.9988335967063904,0.9988335967063904,0.9988335967063904,0.9981195896398277
12295,/home/yaxin/datasets/TacAct-original/33_5_L_5.xlsx,33,5,80,217.3019256591797,0.5922518968582153,109.98750305175781,221.0,0.08230207115411758,4,4,1,0.9988982677459716,0.9988982677459716,0.9988982677459716,0.9982302426360546
12296,/home/yaxin/datasets/TacAct-original/33_5_L_6.xlsx,33,5,80,424.0,1.0653040409088135,136.0124969482422,319.0,0.13200639188289642,4,4,1,0.9989020824432372,0.9989020824432372,0.9989020824432372,0.9982298197573982
12297,/home/yaxin/datasets/TacAct-original/33_5_L_7.xlsx,33,5,80,345.0,1.1063073873519897,183.8874969482422,388.0,0.14172464609146118,4,4,1,0.9987881779670716,0.9987881779670716,0.9987881779670716,0.9979822079767474
12298,/home/yaxin/datasets/TacAct-original/33_5_L_8.xlsx,33,5,80,325.4612731933594,1.1880204677581787,196.83749389648438,461.0,0.14692792296409607,4,4,1,0.9987863898277284,0.9987863898277284,0.9987863898277284,0.9980358305620031
12299,/home/yaxin/datasets/TacAct-original/33_5_L_9.xlsx,33,5,80,535.9766845703125,1.2838842868804932,219.2375030517578,475.0,0.15705381333827972,4,4,1,0.9977599382400512,0.9977599382400512,0.9977599382400512,0.9963513823458925
12300,/home/yaxin/datasets/TacAct-original/33_5_R_1.xlsx,33,5,80,336.1040954589844,1.2179651260375977,209.83749389648438,436.0,0.1541847586631775,4,4,1,0.998885214328766,0.998885214328766,0.998885214328766,0.9981894020456823
12301,/home/yaxin/datasets/TacAct-original/33_5_R_10.xlsx,33,5,80,418.0,0.8320521116256714,146.9875030517578,352.0,0.10912854224443436,4,4,1,0.9952548742294312,0.9952548742294312,0.9952548742294312,0.9921697184909135
12302,/home/yaxin/datasets/TacAct-original/33_5_R_11.xlsx,33,5,80,270.0,0.591189980506897,116.61250305175781,253.0,0.07690141350030899,4,4,1,0.9980812072753906,0.9980812072753906,0.9980812072753906,0.9973163962713443
12303,/home/yaxin/datasets/TacAct-original/33_5_R_12.xlsx,33,5,80,230.0843963623047,0.4533420503139496,89.875,203.0,0.059594251215457916,4,4,1,0.9989216327667236,0.9989216327667236,0.9989216327667236,0.9982160209328869
12304,/home/yaxin/datasets/TacAct-original/33_5_R_13.xlsx,33,5,80,295.3340759277344,0.4293014109134674,95.19999694824219,175.0,0.06113511696457863,4,4,1,0.9988916516304016,0.9988916516304016,0.9988916516304016,0.9981758374487982
12305,/home/yaxin/datasets/TacAct-original/33_5_R_14.xlsx,33,5,80,226.7211151123047,0.6807917356491089,148.41250610351562,306.0,0.09268787503242493,4,4,1,0.998389720916748,0.998389720916748,0.998389720916748,0.9977103056735359
12306,/home/yaxin/datasets/TacAct-original/33_5_R_15.xlsx,33,5,80,401.73388671875,0.9539464712142944,189.6999969482422,424.0,0.1238652691245079,4,4,1,0.9988378882408142,0.9988378882408142,0.9988378882408142,0.9981575298006647
12307,/home/yaxin/datasets/TacAct-original/33_5_R_16.xlsx,33,5,80,341.19354248046875,1.3695138692855835,217.28750610351562,486.0,0.16057705879211426,4,4,1,0.9982183575630188,0.9982183575630188,0.9982183575630188,0.9973186634015292
12308,/home/yaxin/datasets/TacAct-original/33_5_R_17.xlsx,33,5,80,331.0,0.9625431299209595,177.5625,431.0,0.12417365610599518,4,4,1,0.998303771018982,0.998303771018982,0.998303771018982,0.9975035029347057
12309,/home/yaxin/datasets/TacAct-original/33_5_R_18.xlsx,33,5,80,279.423828125,0.993355929851532,216.03750610351562,518.0,0.1267009675502777,4,4,1,0.9988049268722534,0.9988049268722534,0.9988049268722534,0.9980412946897559
12310,/home/yaxin/datasets/TacAct-original/33_5_R_19.xlsx,33,5,80,396.0,1.025122046470642,179.1374969482422,382.0,0.13599637150764465,4,4,1,0.7024437189102173,0.7024437189102173,0.7024437189102173,0.41164007782936096
12311,/home/yaxin/datasets/TacAct-original/33_5_R_2.xlsx,33,5,80,332.1265563964844,1.0030453205108643,142.71249389648438,382.0,0.13090041279792786,4,4,1,0.9987002611160278,0.9987002611160278,0.9987002611160278,0.9979793052189052
12312,/home/yaxin/datasets/TacAct-original/33_5_R_20.xlsx,33,5,80,272.4631042480469,0.8926393389701843,136.3000030517578,367.0,0.12104577571153641,4,4,1,0.9988142251968384,0.9988142251968384,0.9988142251968384,0.9981077190022916
12313,/home/yaxin/datasets/TacAct-original/33_5_R_3.xlsx,33,5,80,339.0,0.6557806730270386,103.51249694824219,316.0,0.08793807774782181,4,4,1,0.9988150596618652,0.9988150596618652,0.9988150596618652,0.9981096034753136
12314,/home/yaxin/datasets/TacAct-original/33_5_R_4.xlsx,33,5,80,258.59912109375,0.520834743976593,89.30000305175781,199.0,0.06470248103141785,4,4,1,0.99819153547287,0.99819153547287,0.99819153547287,0.9971454263431953
12315,/home/yaxin/datasets/TacAct-original/33_5_R_5.xlsx,33,5,80,250.40463256835938,0.6775935888290405,121.2874984741211,288.0,0.08413141965866089,4,4,1,0.9986984729766846,0.9986984729766846,0.9986984729766846,0.9979858932783827
12316,/home/yaxin/datasets/TacAct-original/33_5_R_6.xlsx,33,5,80,281.41259765625,1.0505611896514893,355.9750061035156,482.0,0.13643909990787506,4,4,1,0.998834788799286,0.998834788799286,0.998834788799286,0.9981493059312926
12317,/home/yaxin/datasets/TacAct-original/33_5_R_7.xlsx,33,5,80,345.0,1.1347167491912842,173.28750610351562,471.0,0.14897090196609497,4,4,1,0.9988186955451964,0.9988186955451964,0.9988186955451964,0.9980556250084192
12318,/home/yaxin/datasets/TacAct-original/33_5_R_8.xlsx,33,5,80,272.4631042480469,1.042165994644165,186.3125,458.0,0.12551730871200562,4,4,1,0.9986796975135804,0.9986796975135804,0.9986796975135804,0.9979418781003916
12319,/home/yaxin/datasets/TacAct-original/33_5_R_9.xlsx,33,5,80,327.15460205078125,1.1262571811676025,203.3874969482422,483.0,0.14049361646175385,4,4,1,0.9989396929740906,0.9989396929740906,0.9989396929740906,0.998239703825675
12320,/home/yaxin/datasets/TacAct-original/33_6_L_1.xlsx,33,6,80,227.7154998779297,0.37974292039871216,126.86250305175781,254.0,0.07256824523210526,5,5,1,0.9997760653495787,0.9997760653495787,0.9997760653495787,0.9997145191518938
12321,/home/yaxin/datasets/TacAct-original/33_6_L_10.xlsx,33,6,80,168.0520477294922,0.1099405288696289,54.76250076293945,110.0,0.03511281684041023,5,5,1,0.9971790313720704,0.9971790313720704,0.9971790313720704,0.9952493296004833
12322,/home/yaxin/datasets/TacAct-original/33_6_L_11.xlsx,33,6,80,162.08570861816406,0.11625044047832489,48.67499923706055,104.0,0.03663882240653038,5,5,1,0.9979183077812196,0.9979183077812196,0.9979183077812196,0.9965803911909463
12323,/home/yaxin/datasets/TacAct-original/33_6_L_12.xlsx,33,6,80,223.11534118652344,0.13608446717262268,147.6999969482422,256.0,0.05833498015999794,5,5,1,0.9644078016281128,0.9644078016281128,0.9644078016281128,0.9546748436987401
12324,/home/yaxin/datasets/TacAct-original/33_6_L_13.xlsx,33,6,80,23.465322494506836,0.07168982177972794,108.0999984741211,145.0,0.038688525557518005,5,5,1,0.9999668598175048,0.9999668598175048,0.9999668598175048,0.9999592080484944
12325,/home/yaxin/datasets/TacAct-original/33_6_L_14.xlsx,33,6,80,182.0,0.1353738009929657,69.0250015258789,117.0,0.04269947484135628,5,5,1,0.9999911785125732,0.9999911785125732,0.9999911785125732,0.999987164887898
12326,/home/yaxin/datasets/TacAct-original/33_6_L_15.xlsx,33,6,80,320.19384765625,0.30109769105911255,63.75,103.0,0.046330686658620834,5,5,1,0.9999293088912964,0.9999293088912964,0.9999293088912964,0.9999070304111228
12327,/home/yaxin/datasets/TacAct-original/33_6_L_16.xlsx,33,6,80,181.76089477539062,0.20269756019115448,113.38749694824219,250.0,0.05171317607164383,5,5,1,0.9994109869003296,0.9994109869003296,0.9994109869003296,0.9992410729755647
12328,/home/yaxin/datasets/TacAct-original/33_6_L_17.xlsx,33,6,80,223.11534118652344,0.13608446717262268,147.6999969482422,256.0,0.05833498015999794,5,5,1,0.9644078016281128,0.9644078016281128,0.9644078016281128,0.9546748436987401
12329,/home/yaxin/datasets/TacAct-original/33_6_L_18.xlsx,33,6,80,60.55693054199219,0.1165299192070961,183.3125,261.0,0.04398253560066223,5,5,1,0.9999905824661256,0.9999905824661256,0.9999905824661256,0.9999867549449847
12330,/home/yaxin/datasets/TacAct-original/33_6_L_19.xlsx,33,6,80,403.0,0.44549837708473206,121.13749694824219,285.0,0.06242005527019501,5,5,1,0.9999436140060424,0.9999436140060424,0.9999436140060424,0.9999200771599134
12331,/home/yaxin/datasets/TacAct-original/33_6_L_2.xlsx,33,6,80,196.0047607421875,0.17781534790992737,135.8125,194.0,0.05310198664665222,5,5,1,0.9981566071510316,0.9981566071510316,0.9981566071510316,0.9968707102816553
12332,/home/yaxin/datasets/TacAct-original/33_6_L_20.xlsx,33,6,80,307.26678466796875,0.26983827352523804,122.1624984741211,246.0,0.058516211807727814,5,5,1,0.9997637867927552,0.9997637867927552,0.9997637867927552,0.9996935392919114
12333,/home/yaxin/datasets/TacAct-original/33_6_L_3.xlsx,33,6,80,252.0,0.15508997440338135,74.36250305175781,141.0,0.04164518415927887,5,5,1,0.9999908208847046,0.9999908208847046,0.9999908208847046,0.9999870686533541
12334,/home/yaxin/datasets/TacAct-original/33_6_L_4.xlsx,33,6,80,189.4954071044922,0.24624255299568176,125.69999694824219,295.0,0.05203031003475189,5,5,1,0.99998676776886,0.99998676776886,0.99998676776886,0.9999803784508005
12335,/home/yaxin/datasets/TacAct-original/33_6_L_5.xlsx,33,6,80,176.77162170410156,0.2643015384674072,100.19999694824219,230.0,0.056100472807884216,5,5,1,0.9998643398284912,0.9998643398284912,0.9998643398284912,0.9998241460270947
12336,/home/yaxin/datasets/TacAct-original/33_6_L_6.xlsx,33,6,80,317.5951232910156,0.2728479504585266,70.4625015258789,117.0,0.054579250514507294,5,5,1,0.9998250603675842,0.9998250603675842,0.9998250603675842,0.9997659432519868
12337,/home/yaxin/datasets/TacAct-original/33_6_L_7.xlsx,33,6,80,196.0047607421875,0.17781534790992737,135.8125,194.0,0.05310198664665222,5,5,1,0.9981566071510316,0.9981566071510316,0.9981566071510316,0.9968707102816553
12338,/home/yaxin/datasets/TacAct-original/33_6_L_8.xlsx,33,6,80,320.19384765625,0.30109769105911255,63.75,103.0,0.046330686658620834,5,5,1,0.9999293088912964,0.9999293088912964,0.9999293088912964,0.9999070304111228
12339,/home/yaxin/datasets/TacAct-original/33_6_L_9.xlsx,33,6,80,252.0,0.15508997440338135,74.36250305175781,141.0,0.04164518415927887,5,5,1,0.9999908208847046,0.9999908208847046,0.9999908208847046,0.9999870686533541
12340,/home/yaxin/datasets/TacAct-original/33_6_R_1.xlsx,33,6,80,347.0,0.4496188163757324,123.23750305175781,258.0,0.07364290207624435,5,5,1,0.9997294545173644,0.9997294545173644,0.9997294545173644,0.9996532446893979
12341,/home/yaxin/datasets/TacAct-original/33_6_R_10.xlsx,33,6,80,85.0795669555664,0.07779161632061005,59.5,75.0,0.036425456404685974,5,5,1,0.9999784231185912,0.9999784231185912,0.9999784231185912,0.9999712530407122
12342,/home/yaxin/datasets/TacAct-original/33_6_R_11.xlsx,33,6,80,278.0,0.1811078041791916,62.61249923706055,120.0,0.04095475748181343,5,5,1,0.9980192184448242,0.9980192184448242,0.9980192184448242,0.9967621264513582
12343,/home/yaxin/datasets/TacAct-original/33_6_R_12.xlsx,33,6,80,231.06765747070312,0.15897920727729797,59.724998474121094,137.0,0.03736547380685806,5,5,1,0.9997631907463074,0.9997631907463074,0.9997631907463074,0.9996951240536873
12344,/home/yaxin/datasets/TacAct-original/33_6_R_13.xlsx,33,6,80,283.4013977050781,0.25057172775268555,84.94999694824219,153.0,0.05638938024640083,5,5,1,0.999847173690796,0.999847173690796,0.999847173690796,0.9998028772788531
12345,/home/yaxin/datasets/TacAct-original/33_6_R_14.xlsx,33,6,80,343.1600646972656,0.3384031653404236,98.2874984741211,208.0,0.06434474140405655,5,5,1,0.999817669391632,0.999817669391632,0.999817669391632,0.9997633603088615
12346,/home/yaxin/datasets/TacAct-original/33_6_R_15.xlsx,33,6,80,212.7996368408203,0.2232251912355423,89.25,215.0,0.050384026020765305,5,5,1,0.9998348951339722,0.9998348951339722,0.9998348951339722,0.9997874993787264
12347,/home/yaxin/datasets/TacAct-original/33_6_R_16.xlsx,33,6,80,123.3044662475586,0.15041601657867432,72.1500015258789,163.0,0.04382461681962013,5,5,1,0.9998449087142944,0.9998449087142944,0.9998449087142944,0.9997989975636301
12348,/home/yaxin/datasets/TacAct-original/33_6_R_17.xlsx,33,6,80,246.0,0.21856340765953064,95.9375,227.0,0.05373874679207802,5,5,1,0.9998629093170166,0.9998629093170166,0.9998629093170166,0.9998254299753171
12349,/home/yaxin/datasets/TacAct-original/33_6_R_18.xlsx,33,6,80,270.47430419921875,0.26958736777305603,91.5875015258789,218.0,0.0505765825510025,5,5,1,0.9995137453079224,0.9995137453079224,0.9995137453079224,0.9993634642596589
12350,/home/yaxin/datasets/TacAct-original/33_6_R_19.xlsx,33,6,80,357.980712890625,0.22219452261924744,107.23750305175781,237.0,0.0497765876352787,5,5,1,0.9992995262145996,0.9992995262145996,0.9992995262145996,0.9990597749711015
12351,/home/yaxin/datasets/TacAct-original/33_6_R_2.xlsx,33,6,80,319.199462890625,0.34717780351638794,131.9499969482422,282.0,0.059005990624427795,5,5,1,0.999798595905304,0.999798595905304,0.999798595905304,0.9997370237178984
12352,/home/yaxin/datasets/TacAct-original/33_6_R_20.xlsx,33,6,80,246.03173828125,0.28615155816078186,113.7125015258789,230.0,0.05684264004230499,5,5,1,0.9992532134056092,0.9992532134056092,0.9992532134056092,0.9990534006210512
12353,/home/yaxin/datasets/TacAct-original/33_6_R_3.xlsx,33,6,80,235.4750213623047,0.33664101362228394,157.8125,378.0,0.06163208931684494,5,5,1,0.9998778104782104,0.9998778104782104,0.9998778104782104,0.9998423521174118
12354,/home/yaxin/datasets/TacAct-original/33_6_R_4.xlsx,33,6,80,264.5079650878906,0.3999551236629486,121.82499694824219,293.0,0.0678551122546196,5,5,1,0.9997286200523376,0.9997286200523376,0.9997286200523376,0.9996265184672667
12355,/home/yaxin/datasets/TacAct-original/33_6_R_5.xlsx,33,6,80,177.00157165527344,0.25061947107315063,64.875,137.0,0.049182359129190445,5,5,1,0.9998420476913452,0.9998420476913452,0.9998420476913452,0.9997913828556193
12356,/home/yaxin/datasets/TacAct-original/33_6_R_6.xlsx,33,6,80,209.81646728515625,0.17111405730247498,84.86250305175781,150.0,0.04485182836651802,5,5,1,0.9998748302459716,0.9998748302459716,0.9998748302459716,0.9998355395146062
12357,/home/yaxin/datasets/TacAct-original/33_6_R_7.xlsx,33,6,80,160.096923828125,0.12766893208026886,48.537498474121094,101.0,0.034501053392887115,5,5,1,0.9979569911956788,0.9979569911956788,0.9979569911956788,0.9966090605594219
12358,/home/yaxin/datasets/TacAct-original/33_6_R_8.xlsx,33,6,80,194.3294677734375,0.13314051926136017,49.26250076293945,90.0,0.03292572498321533,5,5,1,0.9989191293716432,0.9989191293716432,0.9989191293716432,0.9983398962067441
12359,/home/yaxin/datasets/TacAct-original/33_6_R_9.xlsx,33,6,80,178.60557556152344,0.11430883407592773,58.95000076293945,81.0,0.03869415074586868,5,5,1,0.9997709393501282,0.9997709393501282,0.9997709393501282,0.9997086971925455
12360,/home/yaxin/datasets/TacAct-original/33_7_L_1.xlsx,33,7,80,165.3250732421875,2.6135382652282715,400.57501220703125,741.0,0.36972901225090027,6,6,1,0.6411604881286621,0.6411604881286621,0.6411604881286621,0.3485174179077149
12361,/home/yaxin/datasets/TacAct-original/33_7_L_10.xlsx,33,7,80,281.0,1.5787273645401,219.6750030517578,421.0,0.2548597753047943,6,3,0,0.9918545484542848,0.0076053449884057,0.9918545484542848,0.9842492034658791
12362,/home/yaxin/datasets/TacAct-original/33_7_L_11.xlsx,33,7,80,157.16380310058594,2.396054267883301,342.7250061035156,644.0,0.39274299144744873,6,6,1,0.9976929426193236,0.9976929426193236,0.9976929426193236,0.9965591181535273
12363,/home/yaxin/datasets/TacAct-original/33_7_L_12.xlsx,33,7,80,186.0,1.905255675315857,206.6125030517578,487.0,0.31911903619766235,6,3,0,0.9808241128921508,0.017169902101159,0.9808241128921508,0.9636542107909918
12364,/home/yaxin/datasets/TacAct-original/33_7_L_13.xlsx,33,7,80,311.24432373046875,1.757806420326233,205.875,403.0,0.27968767285346985,6,3,0,0.9737658500671388,0.0249247904866933,0.9737658500671388,0.9488410595804455
12365,/home/yaxin/datasets/TacAct-original/33_7_L_14.xlsx,33,7,80,266.57550048828125,1.6515623331069946,326.6875,471.0,0.25746262073516846,6,3,0,0.9977301955223083,0.0020519578829407,0.9977301955223083,0.9956782376393677
12366,/home/yaxin/datasets/TacAct-original/33_7_L_15.xlsx,33,7,80,283.99774169921875,1.988595962524414,219.8000030517578,463.0,0.30039021372795105,6,6,1,0.9605830907821656,0.9605830907821656,0.9605830907821656,0.9237763173878194
12367,/home/yaxin/datasets/TacAct-original/33_7_L_16.xlsx,33,7,80,303.0,2.1527786254882812,227.6875,477.0,0.33081939816474915,6,6,1,0.963058352470398,0.963058352470398,0.963058352470398,0.9280582852661611
12368,/home/yaxin/datasets/TacAct-original/33_7_L_17.xlsx,33,7,80,362.0,1.9724361896514893,199.78750610351562,412.0,0.32723280787467957,6,6,1,0.9754168391227722,0.9754168391227722,0.9754168391227722,0.9524709545075895
12369,/home/yaxin/datasets/TacAct-original/33_7_L_18.xlsx,33,7,80,252.0,1.944591760635376,238.72500610351562,494.0,0.2760982811450958,6,6,1,0.997089982032776,0.997089982032776,0.997089982032776,0.9953409214504065
12370,/home/yaxin/datasets/TacAct-original/33_7_L_19.xlsx,33,7,80,323.0,1.9357330799102783,209.6999969482422,453.0,0.33398881554603577,6,6,1,0.8862093687057495,0.8862093687057495,0.8862093687057495,0.7750285789370537
12371,/home/yaxin/datasets/TacAct-original/33_7_L_2.xlsx,33,7,80,172.0,2.4712326526641846,276.29998779296875,573.0,0.38009753823280334,6,6,1,0.994115114212036,0.994115114212036,0.994115114212036,0.9894444504752754
12372,/home/yaxin/datasets/TacAct-original/33_7_L_20.xlsx,33,7,80,340.0,1.927616834640503,208.97500610351562,391.0,0.31199386715888977,6,6,1,0.9904388785362244,0.9904388785362244,0.9904388785362244,0.9822282446548344
12373,/home/yaxin/datasets/TacAct-original/33_7_L_3.xlsx,33,7,80,196.88938903808594,2.3586065769195557,241.1875,527.0,0.36107757687568665,6,6,1,0.9940975904464722,0.9940975904464722,0.9940975904464722,0.9903030793648213
12374,/home/yaxin/datasets/TacAct-original/33_7_L_4.xlsx,33,7,80,172.0296173095703,2.4896392822265625,280.70001220703125,616.0,0.36578452587127686,6,6,1,0.9924289584159852,0.9924289584159852,0.9924289584159852,0.9864067132584752
12375,/home/yaxin/datasets/TacAct-original/33_7_L_5.xlsx,33,7,80,183.99989318847656,2.3265411853790283,218.3125,477.0,0.3590911030769348,6,6,1,0.9848751425743104,0.9848751425743104,0.9848751425743104,0.9722031401470305
12376,/home/yaxin/datasets/TacAct-original/33_7_L_6.xlsx,33,7,80,167.0,1.9994415044784546,199.0749969482422,406.0,0.29500487446784973,6,6,1,0.994669497013092,0.994669497013092,0.994669497013092,0.9906124379485847
12377,/home/yaxin/datasets/TacAct-original/33_7_L_7.xlsx,33,7,80,180.97914123535156,1.9034029245376587,211.5124969482422,491.0,0.30559206008911133,6,6,1,0.9933417439460754,0.9933417439460754,0.9933417439460754,0.9881407492794098
12378,/home/yaxin/datasets/TacAct-original/33_7_L_8.xlsx,33,7,80,192.39584350585938,1.58786141872406,194.5625,429.0,0.24713134765625,6,3,0,0.993988871574402,0.0051477393135428,0.993988871574402,0.9888411322608591
12379,/home/yaxin/datasets/TacAct-original/33_7_L_9.xlsx,33,7,80,173.0240020751953,2.0133419036865234,269.79998779296875,544.0,0.30443742871284485,6,6,1,0.9981119632720948,0.9981119632720948,0.9981119632720948,0.9970519869821147
12380,/home/yaxin/datasets/TacAct-original/33_7_R_1.xlsx,33,7,80,165.06887817382812,2.305448532104492,279.1875,591.0,0.28372472524642944,6,6,1,0.9985604882240297,0.9985604882240297,0.9985604882240297,0.9977534695644864
12381,/home/yaxin/datasets/TacAct-original/33_7_R_10.xlsx,33,7,80,191.0,2.1281094551086426,203.6125030517578,485.0,0.26358523964881897,6,6,1,0.99812251329422,0.99812251329422,0.99812251329422,0.9970692305359989
12382,/home/yaxin/datasets/TacAct-original/33_7_R_11.xlsx,33,7,80,160.84014892578125,2.1377131938934326,204.5749969482422,389.0,0.2628844082355499,6,6,1,0.9978588223457336,0.9978588223457336,0.9978588223457336,0.9966332878684625
12383,/home/yaxin/datasets/TacAct-original/33_7_R_12.xlsx,33,7,80,167.15533447265625,1.9813642501831055,182.14999389648438,427.0,0.2512715756893158,6,6,1,0.9979599714279176,0.9979599714279176,0.9979599714279176,0.996877710800618
12384,/home/yaxin/datasets/TacAct-original/33_7_R_13.xlsx,33,7,80,173.0,2.0712621212005615,214.0124969482422,509.0,0.25484639406204224,6,6,1,0.9712784886360168,0.9712784886360168,0.9712784886360168,0.9447559993714094
12385,/home/yaxin/datasets/TacAct-original/33_7_R_14.xlsx,33,7,80,165.43557739257812,2.2441329956054688,234.02499389648438,546.0,0.28579819202423096,6,6,1,0.9933603405952454,0.9933603405952454,0.9933603405952454,0.9877738133072853
12386,/home/yaxin/datasets/TacAct-original/33_7_R_15.xlsx,33,7,80,150.0,2.1971893310546875,230.08749389648438,561.0,0.2829465866088867,6,6,1,0.987129271030426,0.987129271030426,0.987129271030426,0.9755090987309815
12387,/home/yaxin/datasets/TacAct-original/33_7_R_16.xlsx,33,7,80,190.1571807861328,2.2203526496887207,240.875,575.0,0.28480497002601624,6,6,1,0.9869197010993958,0.9869197010993958,0.9869197010993958,0.9751412617042662
12388,/home/yaxin/datasets/TacAct-original/33_7_R_17.xlsx,33,7,80,179.9847412109375,2.2848315238952637,222.8874969482422,530.0,0.2719869017601013,6,6,1,0.9923515915870668,0.9923515915870668,0.9923515915870668,0.9856410385109485
12389,/home/yaxin/datasets/TacAct-original/33_7_R_18.xlsx,33,7,80,133.42022705078125,2.090496301651001,283.48748779296875,434.0,0.24885906279087067,6,6,1,0.996556043624878,0.996556043624878,0.996556043624878,0.9942287700250746
12390,/home/yaxin/datasets/TacAct-original/33_7_R_19.xlsx,33,7,80,195.0,2.204310655593872,185.5124969482422,464.0,0.2716161608695984,6,6,1,0.9938433170318604,0.9938433170318604,0.9938433170318604,0.9886010214686395
12391,/home/yaxin/datasets/TacAct-original/33_7_R_2.xlsx,33,7,80,148.1642303466797,2.147273540496826,234.5,589.0,0.2682555913925171,6,6,1,0.9980112314224244,0.9980112314224244,0.9980112314224244,0.9966419773409144
12392,/home/yaxin/datasets/TacAct-original/33_7_R_20.xlsx,33,7,80,146.50672912597656,2.0481514930725098,174.47500610351562,386.0,0.25101250410079956,6,6,1,0.9844670295715332,0.9844670295715332,0.9844670295715332,0.9700755067169667
12393,/home/yaxin/datasets/TacAct-original/33_7_R_3.xlsx,33,7,80,182.7277069091797,2.2825818061828613,307.3125,683.0,0.29136747121810913,6,6,1,0.9969074130058287,0.9969074130058287,0.9969074130058287,0.9946170351468027
12394,/home/yaxin/datasets/TacAct-original/33_7_R_4.xlsx,33,7,80,180.97914123535156,2.123804807662964,232.14999389648438,537.0,0.27905991673469543,6,6,1,0.9945502877235411,0.9945502877235411,0.9945502877235411,0.9900704389438032
12395,/home/yaxin/datasets/TacAct-original/33_7_R_5.xlsx,33,7,80,226.0,2.184277296066284,251.0124969482422,667.0,0.2986985146999359,6,6,1,0.996681034564972,0.996681034564972,0.996681034564972,0.9943346199579538
12396,/home/yaxin/datasets/TacAct-original/33_7_R_6.xlsx,33,7,80,198.878173828125,2.4453647136688232,265.76251220703125,577.0,0.31340476870536804,6,6,1,0.99243426322937,0.99243426322937,0.99243426322937,0.9860074003227054
12397,/home/yaxin/datasets/TacAct-original/33_7_R_7.xlsx,33,7,80,164.0,2.1775455474853516,195.1875,433.0,0.26341769099235535,6,6,1,0.996266782283783,0.996266782283783,0.996266782283783,0.9933659320231527
12398,/home/yaxin/datasets/TacAct-original/33_7_R_8.xlsx,33,7,80,180.4877166748047,2.124892234802246,189.28750610351562,430.0,0.26849040389060974,6,6,1,0.997954249382019,0.997954249382019,0.997954249382019,0.996682859840803
12399,/home/yaxin/datasets/TacAct-original/33_7_R_9.xlsx,33,7,80,163.08009338378906,2.187570571899414,198.10000610351562,463.0,0.26930347084999084,6,6,1,0.995955228805542,0.995955228805542,0.995955228805542,0.992770474171266
12400,/home/yaxin/datasets/TacAct-original/33_8_L_1.xlsx,33,8,80,238.0056610107422,0.2321186363697052,130.0124969482422,589.0,0.23684832453727722,7,7,1,0.9990484118461608,0.9990484118461608,0.9990484118461608,0.9982244767015799
12401,/home/yaxin/datasets/TacAct-original/33_8_L_10.xlsx,33,8,80,160.05018615722656,0.1996309757232666,106.8499984741211,565.0,0.20820967853069305,7,7,1,0.99921452999115,0.99921452999115,0.99921452999115,0.9985388898057865
12402,/home/yaxin/datasets/TacAct-original/33_8_L_11.xlsx,33,8,80,205.5817108154297,0.1908150613307953,95.25,541.0,0.2569372057914734,7,7,1,0.99923574924469,0.99923574924469,0.99923574924469,0.9985651266761125
12403,/home/yaxin/datasets/TacAct-original/33_8_L_12.xlsx,33,8,80,211.79054260253906,0.18217453360557556,91.30000305175781,532.0,0.22151149809360504,7,7,1,0.9992635846138,0.9992635846138,0.9992635846138,0.9986213646479882
12404,/home/yaxin/datasets/TacAct-original/33_8_L_13.xlsx,33,8,80,222.8284912109375,0.16867811977863312,106.2125015258789,519.0,0.21986855566501617,7,7,1,0.9990643858909608,0.9990643858909608,0.9990643858909608,0.9982364322058858
12405,/home/yaxin/datasets/TacAct-original/33_8_L_14.xlsx,33,8,80,158.52359008789062,0.19221138954162598,110.2874984741211,497.0,0.22030776739120483,7,7,1,0.9986873269081116,0.9986873269081116,0.9986873269081116,0.9975361834513023
12406,/home/yaxin/datasets/TacAct-original/33_8_L_15.xlsx,33,8,80,120.72750854492188,0.15759682655334473,132.71249389648438,444.0,0.18356262147426605,7,10,0,0.9008683562278748,0.0957207754254341,0.9008683562278748,0.8051475808024406
12407,/home/yaxin/datasets/TacAct-original/33_8_L_16.xlsx,33,8,80,116.5882797241211,0.09692295640707016,93.92500305175781,320.0,0.09721121937036514,7,7,1,0.9990822076797484,0.9990822076797484,0.9990822076797484,0.9982598532224073
12408,/home/yaxin/datasets/TacAct-original/33_8_L_17.xlsx,33,8,80,107.61994934082031,0.09985160827636719,104.9749984741211,391.0,0.10711383819580078,7,7,1,0.9963794350624084,0.9963794350624084,0.9963794350624084,0.9935475306119771
12409,/home/yaxin/datasets/TacAct-original/33_8_L_18.xlsx,33,8,80,171.7779998779297,0.18484006822109222,116.1875,512.0,0.2093871682882309,7,7,1,0.999355971813202,0.999355971813202,0.999355971813202,0.998786468000617
12410,/home/yaxin/datasets/TacAct-original/33_8_L_19.xlsx,33,8,80,253.87271118164062,0.23582017421722412,98.7249984741211,550.0,0.26662135124206543,7,7,1,0.9992129802703856,0.9992129802703856,0.9992129802703856,0.998526093433611
12411,/home/yaxin/datasets/TacAct-original/33_8_L_2.xlsx,33,8,80,334.5876770019531,0.12761101126670837,94.8499984741211,497.0,0.15875814855098724,7,7,1,0.999042809009552,0.999042809009552,0.999042809009552,0.998208725359291
12412,/home/yaxin/datasets/TacAct-original/33_8_L_20.xlsx,33,8,80,189.71466064453125,0.3091773986816406,106.9749984741211,604.0,0.2988242506980896,7,7,1,0.9992055296897888,0.9992055296897888,0.9992055296897888,0.998526351293549
12413,/home/yaxin/datasets/TacAct-original/33_8_L_3.xlsx,33,8,80,204.89183044433594,0.09183903783559799,75.9625015258789,348.0,0.1293237954378128,7,7,1,0.9943804144859314,0.9943804144859314,0.9943804144859314,0.9906598411034793
12414,/home/yaxin/datasets/TacAct-original/33_8_L_4.xlsx,33,8,80,187.64505004882812,0.10392361879348755,96.1624984741211,281.0,0.10047132521867752,7,7,1,0.9991439580917358,0.9991439580917358,0.9991439580917358,0.9983826209208928
12415,/home/yaxin/datasets/TacAct-original/33_8_L_5.xlsx,33,8,80,313.20166015625,0.1162315383553505,80.2125015258789,354.0,0.15474912524223328,7,7,1,0.9981781244277954,0.9981781244277954,0.9981781244277954,0.9966632723808289
12416,/home/yaxin/datasets/TacAct-original/33_8_L_6.xlsx,33,8,80,180.05645751953125,0.16128090023994446,85.01249694824219,538.0,0.19729149341583252,7,7,1,0.9989896416664124,0.9989896416664124,0.9989896416664124,0.9981039889389649
12417,/home/yaxin/datasets/TacAct-original/33_8_L_7.xlsx,33,8,80,242.8347625732422,0.2780202329158783,141.8874969482422,590.0,0.23560449481010437,7,7,1,0.9991474151611328,0.9991474151611328,0.9991474151611328,0.9984110619989224
12418,/home/yaxin/datasets/TacAct-original/33_8_L_8.xlsx,33,8,80,168.32864379882812,0.23235869407653809,100.3499984741211,590.0,0.24267104268074036,7,7,1,0.9991039633750916,0.9991039633750916,0.9991039633750916,0.9983241332811303
12419,/home/yaxin/datasets/TacAct-original/33_8_L_9.xlsx,33,8,80,165.86264038085938,0.24030618369579315,118.625,587.0,0.22453533113002777,7,7,1,0.9991412162780762,0.9991412162780762,0.9991412162780762,0.998409319727216
12420,/home/yaxin/datasets/TacAct-original/33_8_R_1.xlsx,33,8,80,141.4236602783203,0.2298486977815628,113.44999694824219,588.0,0.23774555325508118,7,7,1,0.9986860156059264,0.9986860156059264,0.9986860156059264,0.9975763063412159
12421,/home/yaxin/datasets/TacAct-original/33_8_R_10.xlsx,33,8,80,139.35403442382812,0.2145921289920807,115.0250015258789,546.0,0.2023521363735199,7,7,1,0.998635470867157,0.998635470867157,0.998635470867157,0.9974961247062311
12422,/home/yaxin/datasets/TacAct-original/33_8_R_11.xlsx,33,8,80,144.18313598632812,0.18037231266498566,95.55000305175781,475.0,0.17020973563194275,7,7,1,0.998878300189972,0.998878300189972,0.998878300189972,0.9979187687276865
12423,/home/yaxin/datasets/TacAct-original/33_8_R_12.xlsx,33,8,80,162.1197967529297,0.2455103099346161,130.46249389648438,570.0,0.23933357000350952,7,7,1,0.9951823353767396,0.9951823353767396,0.9951823353767396,0.9918566734995694
12424,/home/yaxin/datasets/TacAct-original/33_8_R_13.xlsx,33,8,80,67.60740661621094,0.1509883850812912,130.47500610351562,444.0,0.11694151163101196,7,7,1,0.9990468621253968,0.9990468621253968,0.9990468621253968,0.9982269674073906
12425,/home/yaxin/datasets/TacAct-original/33_8_R_14.xlsx,33,8,80,61.398563385009766,0.09267424046993256,81.44999694824219,415.0,0.09465308487415314,7,7,1,0.9988014698028564,0.9988014698028564,0.9988014698028564,0.9977800926426427
12426,/home/yaxin/datasets/TacAct-original/33_8_R_15.xlsx,33,8,80,92.44277954101562,0.13136912882328033,115.0,471.0,0.15573452413082123,7,7,1,0.9982080459594728,0.9982080459594728,0.9982080459594728,0.9966770415194335
12427,/home/yaxin/datasets/TacAct-original/33_8_R_16.xlsx,33,8,80,200.06272888183594,0.23141145706176758,116.6875,570.0,0.19684988260269165,7,7,1,0.9992075562477112,0.9992075562477112,0.9992075562477112,0.9985188417485916
12428,/home/yaxin/datasets/TacAct-original/33_8_R_17.xlsx,33,8,80,142.113525390625,0.24188575148582458,94.42500305175781,615.0,0.23820136487483978,7,7,1,0.998955011367798,0.998955011367798,0.998955011367798,0.9980447787675076
12429,/home/yaxin/datasets/TacAct-original/33_8_R_18.xlsx,33,8,80,129.00596618652344,0.21733036637306213,104.3375015258789,583.0,0.20609673857688904,7,7,1,0.9992382526397704,0.9992382526397704,0.9992382526397704,0.998575698584318
12430,/home/yaxin/datasets/TacAct-original/33_8_R_19.xlsx,33,8,80,151.0818634033203,0.16570523381233215,80.55000305175781,565.0,0.17337681353092194,7,7,1,0.9986675977706908,0.9986675977706908,0.9986675977706908,0.9975663246586918
12431,/home/yaxin/datasets/TacAct-original/33_8_R_2.xlsx,33,8,80,162.92701721191406,0.24735338985919952,117.86250305175781,620.0,0.2590833306312561,7,7,1,0.9988420605659484,0.9988420605659484,0.9988420605659484,0.9978368087904527
12432,/home/yaxin/datasets/TacAct-original/33_8_R_20.xlsx,33,8,80,162.1197967529297,0.2658783793449402,119.01249694824219,576.0,0.21968044340610504,7,7,1,0.9991430044174194,0.9991430044174194,0.9991430044174194,0.9984046972240322
12433,/home/yaxin/datasets/TacAct-original/33_8_R_3.xlsx,33,8,80,143.84547424316406,0.23174527287483215,103.6624984741211,614.0,0.2372087836265564,7,7,1,0.999004065990448,0.999004065990448,0.999004065990448,0.9981134413392284
12434,/home/yaxin/datasets/TacAct-original/33_8_R_4.xlsx,33,8,80,84.85419464111328,0.16274738311767578,125.5999984741211,509.0,0.14219535887241364,7,7,1,0.9985585808753968,0.9985585808753968,0.9985585808753968,0.997303314623423
12435,/home/yaxin/datasets/TacAct-original/33_8_R_5.xlsx,33,8,80,44.84164810180664,0.08619152009487152,90.4375,391.0,0.08114062994718552,7,7,1,0.9978251457214355,0.9978251457214355,0.9978251457214355,0.9962140372954309
12436,/home/yaxin/datasets/TacAct-original/33_8_R_6.xlsx,33,8,80,126.2464828491211,0.1616213023662567,127.13749694824219,532.0,0.14544042944908142,7,7,1,0.9981535077095032,0.9981535077095032,0.9981535077095032,0.996611767448485
12437,/home/yaxin/datasets/TacAct-original/33_8_R_7.xlsx,33,8,80,155.5879669189453,0.16462191939353943,96.42500305175781,568.0,0.17397673428058624,7,7,1,0.9988501071929932,0.9988501071929932,0.9988501071929932,0.997865064186044
12438,/home/yaxin/datasets/TacAct-original/33_8_R_8.xlsx,33,8,80,187.64505004882812,0.23755130171775818,115.98750305175781,614.0,0.22766637802124023,7,7,1,0.9991633892059326,0.9991633892059326,0.9991633892059326,0.9984336878405884
12439,/home/yaxin/datasets/TacAct-original/33_8_R_9.xlsx,33,8,80,119.34777069091797,0.24684126675128937,112.5250015258789,611.0,0.24405860900878906,7,7,1,0.999056875705719,0.999056875705719,0.999056875705719,0.9982430498930626
12440,/home/yaxin/datasets/TacAct-original/33_9_L_1.xlsx,33,9,80,110.37738037109375,0.29814642667770386,229.9499969482422,612.0,0.29202285408973694,8,8,1,0.9982911944389344,0.9982911944389344,0.9982911944389344,0.9971916390350091
12441,/home/yaxin/datasets/TacAct-original/33_9_L_10.xlsx,33,9,80,175.82632446289062,0.35265761613845825,153.53750610351562,521.0,0.3172573745250702,8,8,1,0.9998893737792968,0.9998893737792968,0.9998893737792968,0.9998241235734894
12442,/home/yaxin/datasets/TacAct-original/33_9_L_11.xlsx,33,9,80,230.6538848876953,0.4385531544685364,174.7375030517578,561.0,0.3860606849193573,8,8,1,0.9998989105224608,0.9998989105224608,0.9998989105224608,0.9998409929503395
12443,/home/yaxin/datasets/TacAct-original/33_9_L_12.xlsx,33,9,80,183.69451904296875,0.4102722108364105,158.75,538.0,0.3850803077220917,8,8,1,0.9999091625213624,0.9999091625213624,0.9999091625213624,0.9998469182246482
12444,/home/yaxin/datasets/TacAct-original/33_9_L_13.xlsx,33,9,80,181.49813842773438,0.39605388045310974,163.3625030517578,566.0,0.3553575873374939,8,8,1,0.9999009370803832,0.9999009370803832,0.9999009370803832,0.9998324844564194
12445,/home/yaxin/datasets/TacAct-original/33_9_L_14.xlsx,33,9,80,111.05599975585938,0.36846351623535156,161.8000030517578,535.0,0.3165348470211029,8,8,1,0.9998620748519896,0.9998620748519896,0.9998620748519896,0.9997600184506155
12446,/home/yaxin/datasets/TacAct-original/33_9_L_15.xlsx,33,9,80,237.8360595703125,0.43529319763183594,173.1875,548.0,0.36604416370391846,8,8,1,0.9998726844787598,0.9998726844787598,0.9998726844787598,0.9997788700056844
12447,/home/yaxin/datasets/TacAct-original/33_9_L_16.xlsx,33,9,80,193.92726135253906,0.36072367429733276,150.25,530.0,0.3170115351676941,8,8,1,0.9999111890792848,0.9999111890792848,0.9999111890792848,0.9998591108960683
12448,/home/yaxin/datasets/TacAct-original/33_9_L_17.xlsx,33,9,80,166.16539001464844,0.3515353500843048,147.97500610351562,524.0,0.3305751085281372,8,8,1,0.9999107122421264,0.9999107122421264,0.9999107122421264,0.9998483060044235
12449,/home/yaxin/datasets/TacAct-original/33_9_L_18.xlsx,33,9,80,97.09805297851562,0.4602934718132019,207.4499969482422,576.0,0.3840571939945221,8,8,1,0.9998732805252076,0.9998732805252076,0.9998732805252076,0.99978887171892
12450,/home/yaxin/datasets/TacAct-original/33_9_L_19.xlsx,33,9,80,202.1990509033203,0.4992876946926117,176.875,547.0,0.43273434042930603,8,8,1,0.9998663663864136,0.9998663663864136,0.9998663663864136,0.9997676115308423
12451,/home/yaxin/datasets/TacAct-original/33_9_L_2.xlsx,33,9,80,73.39054870605469,0.28752779960632324,206.25,586.0,0.2654115557670593,8,8,1,0.9996591806411744,0.9996591806411744,0.9996591806411744,0.9995334864215695
12452,/home/yaxin/datasets/TacAct-original/33_9_L_20.xlsx,33,9,80,243.85012817382812,0.387671560049057,165.27499389648438,521.0,0.3488152325153351,8,8,1,0.9997574687004088,0.9997574687004088,0.9997574687004088,0.9995570746250451
12453,/home/yaxin/datasets/TacAct-original/33_9_L_3.xlsx,33,9,80,88.94682312011719,0.3353082239627838,186.4875030517578,569.0,0.3474871814250946,8,8,1,0.9998960494995116,0.9998960494995116,0.9998960494995116,0.9998353983537526
12454,/home/yaxin/datasets/TacAct-original/33_9_L_4.xlsx,33,9,80,99.4390869140625,0.20542272925376892,128.03750610351562,458.0,0.21178573369979858,8,8,1,0.999434769153595,0.999434769153595,0.999434769153595,0.9991727515007369
12455,/home/yaxin/datasets/TacAct-original/33_9_L_5.xlsx,33,9,80,97.42317962646484,0.2889383137226105,172.1374969482422,498.0,0.2616192698478699,8,8,1,0.995840847492218,0.995840847492218,0.995840847492218,0.9932095652911812
12456,/home/yaxin/datasets/TacAct-original/33_9_L_6.xlsx,33,9,80,165.3250732421875,0.481914222240448,208.27499389648438,584.0,0.41542381048202515,8,8,1,0.999902367591858,0.999902367591858,0.999902367591858,0.9998361858743011
12457,/home/yaxin/datasets/TacAct-original/33_9_L_7.xlsx,33,9,80,176.9879913330078,0.4809449315071106,178.0124969482422,579.0,0.4441310465335846,8,8,1,0.999865174293518,0.999865174293518,0.999865174293518,0.9997707966249435
12458,/home/yaxin/datasets/TacAct-original/33_9_L_8.xlsx,33,9,80,157.59056091308594,0.511097252368927,178.28750610351562,582.0,0.4082261621952057,8,8,1,0.9998958110809326,0.9998958110809326,0.9998958110809326,0.9998169466925901
12459,/home/yaxin/datasets/TacAct-original/33_9_L_9.xlsx,33,9,80,173.9357147216797,0.32679158449172974,128.7375030517578,508.0,0.2922246754169464,8,8,1,0.998946249485016,0.998946249485016,0.998946249485016,0.9983241974841804
12460,/home/yaxin/datasets/TacAct-original/33_9_R_1.xlsx,33,9,80,131.0,0.6423770189285278,277.75,613.0,0.4441404640674591,8,8,1,0.9998961687088012,0.9998961687088012,0.9998961687088012,0.9998298499194788
12461,/home/yaxin/datasets/TacAct-original/33_9_R_10.xlsx,33,9,80,215.03756713867188,0.6353446841239929,234.7375030517578,559.0,0.5203070044517517,8,8,1,0.999889612197876,0.999889612197876,0.999889612197876,0.9998156092624413
12462,/home/yaxin/datasets/TacAct-original/33_9_R_11.xlsx,33,9,80,188.41275024414062,0.46767717599868774,181.52499389648438,515.0,0.4633888602256775,8,8,1,0.9994646906852722,0.9994646906852722,0.9994646906852722,0.9990547022898683
12463,/home/yaxin/datasets/TacAct-original/33_9_R_12.xlsx,33,9,80,165.43557739257812,0.44938525557518005,167.58749389648438,517.0,0.4439568817615509,8,8,1,0.9999204874038696,0.9999204874038696,0.9999204874038696,0.999864029494347
12464,/home/yaxin/datasets/TacAct-original/33_9_R_13.xlsx,33,9,80,169.0,0.45013323426246643,160.75,511.0,0.44180828332901,8,8,1,0.9999017715454102,0.9999017715454102,0.9999017715454102,0.9998285248220782
12465,/home/yaxin/datasets/TacAct-original/33_9_R_14.xlsx,33,9,80,161.2557373046875,0.3803464472293854,146.6750030517578,508.0,0.40072062611579895,8,8,1,0.999958634376526,0.999958634376526,0.999958634376526,0.9999291023432307
12466,/home/yaxin/datasets/TacAct-original/33_9_R_15.xlsx,33,9,80,151.1474151611328,0.4346904754638672,162.8000030517578,500.0,0.44753551483154297,8,8,1,0.9999322891235352,0.9999322891235352,0.9999322891235352,0.9998817413870711
12467,/home/yaxin/datasets/TacAct-original/33_9_R_16.xlsx,33,9,80,196.82144165039062,0.4165309965610504,159.4375,542.0,0.38987675309181213,8,8,1,0.9998432397842408,0.9998432397842408,0.9998432397842408,0.9997127948590788
12468,/home/yaxin/datasets/TacAct-original/33_9_R_17.xlsx,33,9,80,177.00157165527344,0.4810652732849121,175.7624969482422,515.0,0.48461198806762695,8,8,1,0.9998877048492432,0.9998877048492432,0.9998877048492432,0.9998017226098455
12469,/home/yaxin/datasets/TacAct-original/33_9_R_18.xlsx,33,9,80,221.40023803710938,0.5019025802612305,185.625,535.0,0.4739740192890167,8,8,1,0.9998494386672974,0.9998494386672974,0.9998494386672974,0.9997663547401316
12470,/home/yaxin/datasets/TacAct-original/33_9_R_19.xlsx,33,9,80,245.81666564941406,0.4655165672302246,173.25,546.0,0.48459693789482117,8,8,1,0.9998973608016968,0.9998973608016968,0.9998973608016968,0.999828905944014
12471,/home/yaxin/datasets/TacAct-original/33_9_R_2.xlsx,33,9,80,182.00856018066406,0.5504155158996582,213.2624969482422,563.0,0.4537018835544586,8,8,1,0.9999127388000488,0.9999127388000488,0.9999127388000488,0.9998573634402419
12472,/home/yaxin/datasets/TacAct-original/33_9_R_20.xlsx,33,9,80,197.3379669189453,0.43638020753860474,181.9375,554.0,0.4356825649738312,8,8,1,0.9999233484268188,0.9999233484268188,0.9999233484268188,0.9998716856862302
12473,/home/yaxin/datasets/TacAct-original/33_9_R_3.xlsx,33,9,80,198.15444946289062,0.5618313550949097,194.21249389648438,560.0,0.47892558574676514,8,8,1,0.9997486472129822,0.9997486472129822,0.9997486472129822,0.9995694960816763
12474,/home/yaxin/datasets/TacAct-original/33_9_R_4.xlsx,33,9,80,151.39231872558594,0.5315861701965332,187.27499389648438,556.0,0.4542008340358734,8,8,1,0.9997867941856384,0.9997867941856384,0.9997867941856384,0.9996279481856618
12475,/home/yaxin/datasets/TacAct-original/33_9_R_5.xlsx,33,9,80,178.60557556152344,0.6069295406341553,219.71249389648438,573.0,0.5035211443901062,8,8,1,0.9998964071273804,0.9998964071273804,0.9998964071273804,0.9998254022284527
12476,/home/yaxin/datasets/TacAct-original/33_9_R_6.xlsx,33,9,80,222.13873291015625,0.5603665709495544,196.46249389648438,563.0,0.4956999123096466,8,8,1,0.9997453093528748,0.9997453093528748,0.9997453093528748,0.999575588182779
12477,/home/yaxin/datasets/TacAct-original/33_9_R_7.xlsx,33,9,80,185.37808227539062,0.5397177934646606,186.0124969482422,561.0,0.4651217460632324,8,8,1,0.9998908042907716,0.9998908042907716,0.9998908042907716,0.9998253395751818
12478,/home/yaxin/datasets/TacAct-original/33_9_R_8.xlsx,33,9,80,115.95706939697266,0.48541003465652466,199.83749389648438,573.0,0.4471603035926819,8,8,1,0.9999191761016846,0.9999191761016846,0.9999191761016846,0.9998699665047752
12479,/home/yaxin/datasets/TacAct-original/33_9_R_9.xlsx,33,9,80,183.9370880126953,0.5591986775398254,209.0625,549.0,0.4920736253261566,8,8,1,0.9998873472213744,0.9998873472213744,0.9998873472213744,0.9998128121733315
20640,/home/yaxin/datasets/TacAct-original/4_10_L_1.xlsx,4,10,80,177.99595642089844,0.7958307862281799,430.32501220703125,876.0,0.39445745944976807,9,9,1,0.9998565912246704,0.9998565912246704,0.9998565912246704,0.9997622443261207
20641,/home/yaxin/datasets/TacAct-original/4_10_L_10.xlsx,4,10,80,108.38860321044922,0.6459332704544067,375.5874938964844,765.0,0.3619522452354431,9,9,1,0.999795377254486,0.999795377254486,0.999795377254486,0.9996475859661585
20642,/home/yaxin/datasets/TacAct-original/4_10_L_11.xlsx,4,10,80,156.0,0.7419058084487915,365.8500061035156,770.0,0.3996080756187439,9,9,1,0.9999058246612548,0.9999058246612548,0.9999058246612548,0.9998751262028235
20643,/home/yaxin/datasets/TacAct-original/4_10_L_12.xlsx,4,10,80,225.0,0.8218692541122437,350.6000061035156,769.0,0.45962226390838623,9,9,1,0.9999821186065674,0.9999821186065674,0.9999821186065674,0.9999732785208835
20644,/home/yaxin/datasets/TacAct-original/4_10_L_13.xlsx,4,10,80,204.96441650390625,1.0301951169967651,433.4375,826.0,0.47461381554603577,9,9,1,0.99960857629776,0.99960857629776,0.99960857629776,0.9993543588207104
20645,/home/yaxin/datasets/TacAct-original/4_10_L_14.xlsx,4,10,80,135.23715209960938,0.719379186630249,378.20001220703125,789.0,0.39225131273269653,9,9,1,0.9999802112579346,0.9999802112579346,0.9999802112579346,0.9999705295995227
20646,/home/yaxin/datasets/TacAct-original/4_10_L_15.xlsx,4,10,80,165.06887817382812,0.5817595720291138,373.45001220703125,840.0,0.3363434374332428,9,9,1,0.9999696016311646,0.9999696016311646,0.9999696016311646,0.9999570106965621
20647,/home/yaxin/datasets/TacAct-original/4_10_L_16.xlsx,4,10,80,188.0,0.6359639167785645,391.0874938964844,816.0,0.3888480067253113,9,9,1,0.9999514818191528,0.9999514818191528,0.9999514818191528,0.9999287876398739
20648,/home/yaxin/datasets/TacAct-original/4_10_L_17.xlsx,4,10,80,218.4998016357422,0.8748348355293274,407.70001220703125,832.0,0.41007837653160095,9,9,1,0.9999749660491944,0.9999749660491944,0.9999749660491944,0.9999621732795277
20649,/home/yaxin/datasets/TacAct-original/4_10_L_18.xlsx,4,10,80,175.82632446289062,0.8713720440864563,398.04998779296875,782.0,0.40569034218788147,9,9,1,0.9999672174453736,0.9999672174453736,0.9999672174453736,0.9999473732113985
20650,/home/yaxin/datasets/TacAct-original/4_10_L_19.xlsx,4,10,80,226.0,1.069000005722046,391.5375061035156,787.0,0.5147433280944824,9,9,1,0.999958872795105,0.999958872795105,0.999958872795105,0.9999395906488644
20651,/home/yaxin/datasets/TacAct-original/4_10_L_2.xlsx,4,10,80,172.0296173095703,0.8823749423027039,395.0874938964844,847.0,0.4339348375797272,9,9,1,0.9999886751174928,0.9999886751174928,0.9999886751174928,0.9999833650367692
20652,/home/yaxin/datasets/TacAct-original/4_10_L_20.xlsx,4,10,80,237.1243438720703,1.0414726734161377,418.2124938964844,841.0,0.448688268661499,9,9,1,0.9999873638153076,0.9999873638153076,0.9999873638153076,0.9999799199481458
20653,/home/yaxin/datasets/TacAct-original/4_10_L_3.xlsx,4,10,80,186.82066345214844,0.7163743376731873,369.125,830.0,0.37881922721862793,9,9,1,0.9999887943267822,0.9999887943267822,0.9999887943267822,0.9999827742540219
20654,/home/yaxin/datasets/TacAct-original/4_10_L_4.xlsx,4,10,80,230.69866943359375,0.6738861799240112,367.11248779296875,835.0,0.36100488901138306,9,9,1,0.9999676942825316,0.9999676942825316,0.9999676942825316,0.9999529574979532
20655,/home/yaxin/datasets/TacAct-original/4_10_L_5.xlsx,4,10,80,219.0,0.8160182237625122,390.2124938964844,802.0,0.45166295766830444,9,9,1,0.9999852180480956,0.9999852180480956,0.9999852180480956,0.9999784584897496
20656,/home/yaxin/datasets/TacAct-original/4_10_L_6.xlsx,4,10,80,259.5360107421875,0.8281675577163696,366.8500061035156,804.0,0.4202493131160736,9,9,1,0.9999598264694214,0.9999598264694214,0.9999598264694214,0.9999386744057119
20657,/home/yaxin/datasets/TacAct-original/4_10_L_7.xlsx,4,10,80,176.9268341064453,0.6391947269439697,351.3374938964844,811.0,0.3596424460411072,9,9,1,0.9999884366989136,0.9999884366989136,0.9999884366989136,0.9999830430183465
20658,/home/yaxin/datasets/TacAct-original/4_10_L_8.xlsx,4,10,80,230.69866943359375,0.7611212730407715,400.3125,854.0,0.3989051580429077,9,9,1,0.9999866485595704,0.9999866485595704,0.9999866485595704,0.9999801281583133
20659,/home/yaxin/datasets/TacAct-original/4_10_L_9.xlsx,4,10,80,226.0,0.8236616253852844,394.95001220703125,838.0,0.40869998931884766,9,9,1,0.9999866485595704,0.9999866485595704,0.9999866485595704,0.9999800680689078
20660,/home/yaxin/datasets/TacAct-original/4_10_R_1.xlsx,4,10,80,165.06887817382812,0.7763805389404297,375.25,837.0,0.4294489026069641,9,9,1,0.999982476234436,0.999982476234436,0.999982476234436,0.9999727212161815
20661,/home/yaxin/datasets/TacAct-original/4_10_R_10.xlsx,4,10,80,203.24009704589844,0.9552778005599976,451.5874938964844,849.0,0.4885348677635193,9,9,1,0.9999661445617676,0.9999661445617676,0.9999661445617676,0.9999513611246584
20662,/home/yaxin/datasets/TacAct-original/4_10_R_11.xlsx,4,10,80,161.09132385253906,0.8118026852607727,431.82501220703125,820.0,0.39335083961486816,9,9,1,0.9999483823776244,0.9999483823776244,0.9999483823776244,0.9999236713556455
20663,/home/yaxin/datasets/TacAct-original/4_10_R_12.xlsx,4,10,80,170.0,0.8928717374801636,421.48748779296875,864.0,0.4418566823005676,9,9,1,0.9999821186065674,0.9999821186065674,0.9999821186065674,0.999972464847815
20664,/home/yaxin/datasets/TacAct-original/4_10_R_13.xlsx,4,10,80,192.0,1.1118013858795166,439.2124938964844,847.0,0.5574817657470703,9,9,1,0.9999849796295166,0.9999849796295166,0.9999849796295166,0.9999779383165333
20665,/home/yaxin/datasets/TacAct-original/4_10_R_14.xlsx,4,10,80,304.8126525878906,0.7936196327209473,398.0625,808.0,0.42892658710479736,9,9,1,0.9999828338623048,0.9999828338623048,0.9999828338623048,0.99997457576319
20666,/home/yaxin/datasets/TacAct-original/4_10_R_15.xlsx,4,10,80,202.85572814941406,1.064504861831665,401.57501220703125,801.0,0.5132285952568054,9,9,1,0.9940389394760132,0.9940389394760132,0.9940389394760132,0.9900611969642342
20667,/home/yaxin/datasets/TacAct-original/4_10_R_16.xlsx,4,10,80,246.7999267578125,1.1014363765716553,445.2749938964844,856.0,0.4857299327850342,9,9,1,0.9999747276306152,0.9999747276306152,0.9999747276306152,0.9999621771048623
20668,/home/yaxin/datasets/TacAct-original/4_10_R_17.xlsx,4,10,80,213.0,0.9047756195068359,375.875,850.0,0.47157910466194153,9,9,1,0.9999673366546632,0.9999673366546632,0.9999673366546632,0.9999477623823624
20669,/home/yaxin/datasets/TacAct-original/4_10_R_18.xlsx,4,10,80,251.5808868408203,0.752609372138977,414.4624938964844,797.0,0.42937517166137695,9,9,1,0.9999877214431764,0.9999877214431764,0.9999877214431764,0.9999808528914401
20670,/home/yaxin/datasets/TacAct-original/4_10_R_19.xlsx,4,10,80,218.0,1.1057027578353882,462.38751220703125,827.0,0.4694993197917938,9,9,1,0.9999607801437378,0.9999607801437378,0.9999607801437378,0.9999406314545922
20671,/home/yaxin/datasets/TacAct-original/4_10_R_2.xlsx,4,10,80,220.7547607421875,0.9820879697799683,393.95001220703125,826.0,0.4763500392436981,9,9,1,0.9999562501907348,0.9999562501907348,0.9999562501907348,0.9999348490746341
20672,/home/yaxin/datasets/TacAct-original/4_10_R_20.xlsx,4,10,80,156.62374877929688,0.6542331576347351,369.57501220703125,824.0,0.39126282930374146,9,9,1,0.9999810457229614,0.9999810457229614,0.9999810457229614,0.9999723976616224
20673,/home/yaxin/datasets/TacAct-original/4_10_R_3.xlsx,4,10,80,193.71151733398438,0.9993909597396851,443.7250061035156,851.0,0.4572594463825226,9,9,1,0.9999723434448242,0.9999723434448242,0.9999723434448242,0.9999599942066197
20674,/home/yaxin/datasets/TacAct-original/4_10_R_4.xlsx,4,10,80,228.70989990234375,0.8738400340080261,422.8125,826.0,0.4643387198448181,9,9,1,0.9999902248382568,0.9999902248382568,0.9999902248382568,0.9999845150477995
20675,/home/yaxin/datasets/TacAct-original/4_10_R_5.xlsx,4,10,80,140.18792724609375,0.8113024830818176,411.3125,855.0,0.39902934432029724,9,9,1,0.9999122619628906,0.9999122619628906,0.9999122619628906,0.9998717420130561
20676,/home/yaxin/datasets/TacAct-original/4_10_R_6.xlsx,4,10,80,173.9357147216797,0.944253146648407,388.26251220703125,793.0,0.4747704565525055,9,9,1,0.9999761581420898,0.9999761581420898,0.9999761581420898,0.9999629093172189
20677,/home/yaxin/datasets/TacAct-original/4_10_R_7.xlsx,4,10,80,218.3649444580078,1.1483529806137085,456.2875061035156,848.0,0.4946310818195343,9,9,1,0.9999712705612184,0.9999712705612184,0.9999712705612184,0.9999540580083704
20678,/home/yaxin/datasets/TacAct-original/4_10_R_8.xlsx,4,10,80,232.05093383789062,1.1142642498016357,436.4125061035156,840.0,0.5216580033302307,9,9,1,0.9999566078186036,0.9999566078186036,0.9999566078186036,0.9999341581897171
20679,/home/yaxin/datasets/TacAct-original/4_10_R_9.xlsx,4,10,80,225.5290985107422,0.9420868158340454,452.51251220703125,815.0,0.485767126083374,9,9,1,0.9999545812606812,0.9999545812606812,0.9999545812606812,0.9999270629396051
20680,/home/yaxin/datasets/TacAct-original/4_11_L_1.xlsx,4,11,80,87.0,0.18786939978599548,184.96249389648438,567.0,0.11204234510660172,10,10,1,0.9988380074501038,0.9988380074501038,0.9988380074501038,0.9979584619868548
20681,/home/yaxin/datasets/TacAct-original/4_11_L_10.xlsx,4,11,80,59.0,0.1872212290763855,202.64999389648438,565.0,0.1066330298781395,10,10,1,0.9998809099197388,0.9998809099197388,0.9998809099197388,0.9998080782606849
20682,/home/yaxin/datasets/TacAct-original/4_11_L_11.xlsx,4,11,80,70.23503875732422,0.15755602717399597,182.7624969482422,478.0,0.09554127603769302,10,10,1,0.9994342923164368,0.9994342923164368,0.9994342923164368,0.9990203183551785
20683,/home/yaxin/datasets/TacAct-original/4_11_L_12.xlsx,4,11,80,60.0,0.16921095550060272,198.2375030517578,475.0,0.08867567032575607,10,10,1,0.9998935461044312,0.9998935461044312,0.9998935461044312,0.999831652501598
20684,/home/yaxin/datasets/TacAct-original/4_11_L_13.xlsx,4,11,80,62.0,0.19459331035614014,205.4250030517578,537.0,0.11244187504053116,10,10,1,0.999743640422821,0.999743640422821,0.999743640422821,0.9995759259618353
20685,/home/yaxin/datasets/TacAct-original/4_11_L_14.xlsx,4,11,80,52.0,0.17168684303760529,186.1125030517578,542.0,0.09952016174793243,10,10,1,0.9998792409896852,0.9998792409896852,0.9998792409896852,0.9997979158797535
20686,/home/yaxin/datasets/TacAct-original/4_11_L_15.xlsx,4,11,80,79.0,0.18494823575019836,187.8625030517578,522.0,0.11274190247058868,10,10,1,0.9993732571601868,0.9993732571601868,0.9993732571601868,0.998924662155332
20687,/home/yaxin/datasets/TacAct-original/4_11_L_16.xlsx,4,11,80,57.16805648803711,0.1857057511806488,188.9499969482422,526.0,0.11193080246448517,10,10,1,0.9996180534362792,0.9996180534362792,0.9996180534362792,0.9993545113247819
20688,/home/yaxin/datasets/TacAct-original/4_11_L_17.xlsx,4,11,80,118.0,0.2048908770084381,180.1999969482422,564.0,0.13494901359081268,10,10,1,0.9996261596679688,0.9996261596679688,0.9996261596679688,0.9993639098538551
20689,/home/yaxin/datasets/TacAct-original/4_11_L_18.xlsx,4,11,80,96.26998901367188,0.1695084273815155,180.64999389648438,525.0,0.11137035489082336,10,10,1,0.9996508359909058,0.9996508359909058,0.9996508359909058,0.9994126927485922
20690,/home/yaxin/datasets/TacAct-original/4_11_L_19.xlsx,4,11,80,102.0,0.1965753585100174,209.4875030517578,563.0,0.10564342886209488,10,10,1,0.9998213648796082,0.9998213648796082,0.9998213648796082,0.9997007543279325
20691,/home/yaxin/datasets/TacAct-original/4_11_L_2.xlsx,4,11,80,100.0,0.19328755140304565,181.6374969482422,532.0,0.11624900251626968,10,10,1,0.9987253546714784,0.9987253546714784,0.9987253546714784,0.9977278996957468
20692,/home/yaxin/datasets/TacAct-original/4_11_L_20.xlsx,4,11,80,71.86841583251953,0.18882614374160767,227.3000030517578,442.0,0.09370175004005432,10,10,1,0.9994871616363524,0.9994871616363524,0.9994871616363524,0.9991098413593136
20693,/home/yaxin/datasets/TacAct-original/4_11_L_3.xlsx,4,11,80,87.38545989990234,0.19230663776397705,201.875,558.0,0.10010131448507309,10,10,1,0.9989711046218872,0.9989711046218872,0.9989711046218872,0.9981698960182257
20694,/home/yaxin/datasets/TacAct-original/4_11_L_4.xlsx,4,11,80,177.0,0.1869119256734848,187.47500610351562,505.0,0.10907501727342606,10,10,1,0.9993441700935364,0.9993441700935364,0.9993441700935364,0.9988731043122244
20695,/home/yaxin/datasets/TacAct-original/4_11_L_5.xlsx,4,11,80,44.76823425292969,0.1497260332107544,191.5124969482422,471.0,0.0790383517742157,10,10,1,0.9991304278373718,0.9991304278373718,0.9991304278373718,0.9984427614836022
20696,/home/yaxin/datasets/TacAct-original/4_11_L_6.xlsx,4,11,80,79.26179504394531,0.18502697348594666,214.9375,513.0,0.10372330993413925,10,10,1,0.9984142780303956,0.9984142780303956,0.9984142780303956,0.9971409733407202
20697,/home/yaxin/datasets/TacAct-original/4_11_L_7.xlsx,4,11,80,39.0,0.16098013520240784,191.4875030517578,494.0,0.0871104896068573,10,10,1,0.9991620779037476,0.9991620779037476,0.9991620779037476,0.9985172284650616
20698,/home/yaxin/datasets/TacAct-original/4_11_L_8.xlsx,4,11,80,34.0,0.1637948453426361,187.83749389648438,466.0,0.08991755545139313,10,10,1,0.9995142221450806,0.9995142221450806,0.9995142221450806,0.9991554885345978
20699,/home/yaxin/datasets/TacAct-original/4_11_L_9.xlsx,4,11,80,62.0,0.20656266808509827,261.8999938964844,570.0,0.07961166650056839,10,10,1,0.9994588494300842,0.9994588494300842,0.9994588494300842,0.999106926523382
20700,/home/yaxin/datasets/TacAct-original/4_11_R_1.xlsx,4,11,80,95.0,0.19834454357624054,215.5625,504.0,0.10523953288793564,10,10,1,0.9993667006492616,0.9993667006492616,0.9993667006492616,0.9989237878762652
20701,/home/yaxin/datasets/TacAct-original/4_11_R_10.xlsx,4,11,80,88.0,0.18621769547462463,185.875,523.0,0.1044408306479454,10,10,1,0.9986812472343444,0.9986812472343444,0.9986812472343444,0.9976432351395487
20702,/home/yaxin/datasets/TacAct-original/4_11_R_11.xlsx,4,11,80,38.0,0.18055632710456848,207.16250610351562,501.0,0.09997180849313736,10,10,1,0.9983944296836852,0.9983944296836852,0.9983944296836852,0.9970590259181334
20703,/home/yaxin/datasets/TacAct-original/4_11_R_12.xlsx,4,11,80,119.0,0.21067047119140625,197.71249389648438,546.0,0.12755444645881653,10,10,1,0.997026264667511,0.997026264667511,0.997026264667511,0.9945406282786281
20704,/home/yaxin/datasets/TacAct-original/4_11_R_13.xlsx,4,11,80,95.0,0.1811535805463791,193.66250610351562,561.0,0.11227447539567947,10,10,1,0.997512698173523,0.997512698173523,0.997512698173523,0.9954638876952232
20705,/home/yaxin/datasets/TacAct-original/4_11_R_14.xlsx,4,11,80,71.0,0.19891731441020966,224.28750610351562,533.0,0.10984664410352707,10,10,1,0.997187077999115,0.997187077999115,0.997187077999115,0.9948889161460102
20706,/home/yaxin/datasets/TacAct-original/4_11_R_15.xlsx,4,11,80,101.0,0.2043464630842209,197.08749389648438,579.0,0.11188538372516632,10,10,1,0.99657142162323,0.99657142162323,0.99657142162323,0.9936021815519781
20707,/home/yaxin/datasets/TacAct-original/4_11_R_16.xlsx,4,11,80,78.52788543701172,0.194454163312912,202.1125030517578,520.0,0.11170986294746399,10,10,1,0.9978227615356444,0.9978227615356444,0.9978227615356444,0.9961005871882661
20708,/home/yaxin/datasets/TacAct-original/4_11_R_17.xlsx,4,11,80,76.326171875,0.2614049017429352,227.33749389648438,565.0,0.1423448920249939,10,10,1,0.9979116320610046,0.9979116320610046,0.9979116320610046,0.9962537116371095
20709,/home/yaxin/datasets/TacAct-original/4_11_R_18.xlsx,4,11,80,109.0,0.2659148573875427,206.1125030517578,590.0,0.14113003015518188,10,10,1,0.9950260519981384,0.9950260519981384,0.9950260519981384,0.9908323967829348
20710,/home/yaxin/datasets/TacAct-original/4_11_R_19.xlsx,4,11,80,80.0,0.2212567776441574,204.8249969482422,585.0,0.12464044988155365,10,10,1,0.9985461235046388,0.9985461235046388,0.9985461235046388,0.9973678088281305
20711,/home/yaxin/datasets/TacAct-original/4_11_R_2.xlsx,4,11,80,112.09239959716797,0.2471357136964798,243.125,569.0,0.11517389863729477,10,10,1,0.9997602105140686,0.9997602105140686,0.9997602105140686,0.9996696438029176
20712,/home/yaxin/datasets/TacAct-original/4_11_R_20.xlsx,4,11,80,46.0,0.1994170844554901,228.1750030517578,527.0,0.09874291718006134,10,10,1,0.996540069580078,0.996540069580078,0.996540069580078,0.9936399424914271
20713,/home/yaxin/datasets/TacAct-original/4_11_R_3.xlsx,4,11,80,58.0,0.22795243561267853,215.78750610351562,579.0,0.11995815485715866,10,10,1,0.9981348514556884,0.9981348514556884,0.9981348514556884,0.9966274152975528
20714,/home/yaxin/datasets/TacAct-original/4_11_R_4.xlsx,4,11,80,82.0,0.21644675731658936,213.33749389648438,547.0,0.12928614020347595,10,10,1,0.9981995820999146,0.9981995820999146,0.9981995820999146,0.9967525227693842
20715,/home/yaxin/datasets/TacAct-original/4_11_R_5.xlsx,4,11,80,110.08582305908203,0.23332145810127258,201.75,558.0,0.13268409669399261,10,10,1,0.9981657862663268,0.9981657862663268,0.9981657862663268,0.9966668968554586
20716,/home/yaxin/datasets/TacAct-original/4_11_R_6.xlsx,4,11,80,51.0,0.22520320117473602,220.0500030517578,521.0,0.11118794977664948,10,10,1,0.99824321269989,0.99824321269989,0.99824321269989,0.9968595972750335
20717,/home/yaxin/datasets/TacAct-original/4_11_R_7.xlsx,4,11,80,72.0,0.2049955129623413,207.28750610351562,511.0,0.10510721057653427,10,10,1,0.9968936443328856,0.9968936443328856,0.9968936443328856,0.9944595771376044
20718,/home/yaxin/datasets/TacAct-original/4_11_R_8.xlsx,4,11,80,60.0,0.20916695892810822,204.2624969482422,515.0,0.10283088684082031,10,10,1,0.9959671497344972,0.9959671497344972,0.9959671497344972,0.9926745789125564
20719,/home/yaxin/datasets/TacAct-original/4_11_R_9.xlsx,4,11,80,107.15019989013672,0.18496012687683105,179.6875,500.0,0.11651916801929474,10,10,1,0.998258411884308,0.998258411884308,0.998258411884308,0.9968408112181352
20720,/home/yaxin/datasets/TacAct-original/4_12_L_1.xlsx,4,12,80,271.381591796875,2.053330183029175,568.125,840.0,0.8723068237304688,11,11,1,0.9974169731140136,0.9974169731140136,0.9974169731140136,0.9950585165061056
20721,/home/yaxin/datasets/TacAct-original/4_12_L_10.xlsx,4,12,80,181.06005859375,1.594247817993164,433.48748779296875,756.0,0.5275714993476868,11,11,1,0.999952793121338,0.999952793121338,0.999952793121338,0.9999352213417297
20722,/home/yaxin/datasets/TacAct-original/4_12_L_11.xlsx,4,12,80,158.30592346191406,1.7094738483428955,444.8374938964844,715.0,0.5590096116065979,11,11,1,0.8459014296531677,0.8459014296531677,0.8459014296531677,0.6962312012910843
20723,/home/yaxin/datasets/TacAct-original/4_12_L_12.xlsx,4,12,80,195.29627990722656,1.672441840171814,429.42498779296875,704.0,0.5399646162986755,11,11,1,0.996942698955536,0.996942698955536,0.996942698955536,0.9942911472171547
20724,/home/yaxin/datasets/TacAct-original/4_12_L_13.xlsx,4,12,80,211.0,1.559919834136963,504.5375061035156,710.0,0.47851645946502686,11,4,0,0.9983602166175842,5.319539013726171e-06,0.9983602166175842,0.9971118175890298
20725,/home/yaxin/datasets/TacAct-original/4_12_L_14.xlsx,4,12,80,96.4559097290039,1.7077401876449585,531.7249755859375,782.0,0.4580945372581482,11,11,1,0.9799490571022034,0.9799490571022034,0.9799490571022034,0.9605874065309764
20726,/home/yaxin/datasets/TacAct-original/4_12_L_15.xlsx,4,12,80,526.1911010742188,1.740007996559143,506.3500061035156,742.0,0.47883084416389465,11,11,1,0.9629470109939576,0.9629470109939576,0.9629470109939576,0.926732521504164
20727,/home/yaxin/datasets/TacAct-original/4_12_L_16.xlsx,4,12,80,195.29627990722656,1.6952470541000366,528.7125244140625,777.0,0.518764853477478,11,11,1,0.9763620495796204,0.9763620495796204,0.9763620495796204,0.9554643910378219
20728,/home/yaxin/datasets/TacAct-original/4_12_L_17.xlsx,4,12,80,211.8052520751953,1.4355494976043701,452.67498779296875,690.0,0.45273900032043457,11,11,1,0.9857465028762816,0.9857465028762816,0.9857465028762816,0.9729793583974241
20729,/home/yaxin/datasets/TacAct-original/4_12_L_18.xlsx,4,12,80,176.46463012695312,1.6622129678726196,500.4375,752.0,0.5066226720809937,11,4,0,0.4377378523349762,0.1634988784790039,0.4377378523349762,0.05563575029373169
20730,/home/yaxin/datasets/TacAct-original/4_12_L_19.xlsx,4,12,80,220.25555419921875,1.61025869846344,462.51251220703125,693.0,0.4828449785709381,11,11,1,0.9955303072929382,0.9955303072929382,0.9955303072929382,0.9914152277633548
20731,/home/yaxin/datasets/TacAct-original/4_12_L_2.xlsx,4,12,80,200.356201171875,2.0461692810058594,588.3499755859375,880.0,0.8287577629089355,11,11,1,0.99856299161911,0.99856299161911,0.99856299161911,0.9974703678162768
20732,/home/yaxin/datasets/TacAct-original/4_12_L_20.xlsx,4,12,80,182.88760375976562,1.5195109844207764,483.11248779296875,724.0,0.4809257388114929,11,11,1,0.9964377880096436,0.9964377880096436,0.9964377880096436,0.9933327038306744
20733,/home/yaxin/datasets/TacAct-original/4_12_L_3.xlsx,4,12,80,176.40428161621094,1.8456356525421143,564.875,835.0,0.7282050251960754,11,11,1,0.9995294809341432,0.9995294809341432,0.9995294809341432,0.9991457176802215
20734,/home/yaxin/datasets/TacAct-original/4_12_L_4.xlsx,4,12,80,252.5752716064453,2.2623825073242188,624.9249877929688,866.0,0.6929445862770081,11,11,1,0.9119077920913696,0.9119077920913696,0.9119077920913696,0.8255368694663048
20735,/home/yaxin/datasets/TacAct-original/4_12_L_5.xlsx,4,12,80,195.29627990722656,2.190697193145752,607.5374755859375,854.0,0.8405085802078247,11,11,1,0.9975588321685792,0.9975588321685792,0.9975588321685792,0.9953175792470577
20736,/home/yaxin/datasets/TacAct-original/4_12_L_6.xlsx,4,12,80,244.603759765625,2.211865186691284,594.9625244140625,852.0,0.7955509424209595,11,11,1,0.9583451747894288,0.9583451747894288,0.9583451747894288,0.9176884889602662
20737,/home/yaxin/datasets/TacAct-original/4_12_L_7.xlsx,4,12,80,192.9118194580078,1.6924940347671509,585.0875244140625,817.0,0.6553550362586975,11,11,1,0.9995816349983216,0.9995816349983216,0.9995816349983216,0.999270613974659
20738,/home/yaxin/datasets/TacAct-original/4_12_L_8.xlsx,4,12,80,266.46527099609375,1.6936454772949219,610.2374877929688,807.0,0.6174013614654541,11,11,1,0.9794267416000366,0.9794267416000366,0.9794267416000366,0.9623601194471121
20739,/home/yaxin/datasets/TacAct-original/4_12_L_9.xlsx,4,12,80,197.88377380371094,2.3491599559783936,659.5625,887.0,0.6321064233779907,11,6,0,0.9995404481887816,0.0001007680548354,0.9995404481887816,0.9993861117545747
20740,/home/yaxin/datasets/TacAct-original/4_12_R_1.xlsx,4,12,80,262.97320556640625,1.9086631536483765,503.5249938964844,889.0,0.8239195346832275,11,11,1,0.9997839331626892,0.9997839331626892,0.9997839331626892,0.9996477320819395
20741,/home/yaxin/datasets/TacAct-original/4_12_R_10.xlsx,4,12,80,200.82020568847656,1.8134281635284424,552.7750244140625,835.0,0.6957582831382751,11,11,1,0.99990975856781,0.99990975856781,0.99990975856781,0.9998634113726438
20742,/home/yaxin/datasets/TacAct-original/4_12_R_11.xlsx,4,12,80,227.20111083984375,1.9371341466903687,570.375,920.0,0.7974522113800049,11,11,1,0.99977046251297,0.99977046251297,0.99977046251297,0.9996476148953661
20743,/home/yaxin/datasets/TacAct-original/4_12_R_12.xlsx,4,12,80,195.18807983398438,1.6332530975341797,510.7250061035156,782.0,0.7340238690376282,11,11,1,0.999920129776001,0.999920129776001,0.999920129776001,0.999879359100305
20744,/home/yaxin/datasets/TacAct-original/4_12_R_13.xlsx,4,12,80,241.05221557617188,1.5366305112838745,532.8250122070312,901.0,0.7405235767364502,11,11,1,0.999319076538086,0.999319076538086,0.999319076538086,0.9990937865222805
20745,/home/yaxin/datasets/TacAct-original/4_12_R_14.xlsx,4,12,80,182.89822387695312,1.548302412033081,506.3374938964844,828.0,0.7686399221420288,11,11,1,0.9999467134475708,0.9999467134475708,0.9999467134475708,0.9999254886952258
20746,/home/yaxin/datasets/TacAct-original/4_12_R_15.xlsx,4,12,80,275.0,1.842556357383728,551.875,894.0,0.718134343624115,11,11,1,0.9991525411605836,0.9991525411605836,0.9991525411605836,0.998777046101168
20747,/home/yaxin/datasets/TacAct-original/4_12_R_16.xlsx,4,12,80,202.06398010253906,1.6482471227645874,508.0249938964844,767.0,0.6877614259719849,11,11,1,0.9995786547660828,0.9995786547660828,0.9995786547660828,0.9993172556278297
20748,/home/yaxin/datasets/TacAct-original/4_12_R_17.xlsx,4,12,80,234.9356231689453,2.4567770957946777,590.8624877929688,919.0,0.8170567750930786,11,11,1,0.9995390176773072,0.9995390176773072,0.9995390176773072,0.999175325036049
20749,/home/yaxin/datasets/TacAct-original/4_12_R_18.xlsx,4,12,80,182.89822387695312,2.73271107673645,608.5625,903.0,0.8284463882446289,11,11,1,0.994764804840088,0.994764804840088,0.994764804840088,0.9898191411048175
20750,/home/yaxin/datasets/TacAct-original/4_12_R_19.xlsx,4,12,80,276.6450500488281,2.47283673286438,616.0,939.0,0.9093092679977417,11,11,1,0.998890459537506,0.998890459537506,0.998890459537506,0.9978953757090494
20751,/home/yaxin/datasets/TacAct-original/4_12_R_2.xlsx,4,12,80,165.06887817382812,1.9885631799697876,535.5250244140625,840.0,0.7262786626815796,11,11,1,0.9999351501464844,0.9999351501464844,0.9999351501464844,0.9999056245796965
20752,/home/yaxin/datasets/TacAct-original/4_12_R_20.xlsx,4,12,80,194.7323760986328,2.3351328372955322,597.9000244140625,852.0,0.9377970695495605,11,11,1,0.9993910789489746,0.9993910789489746,0.9993910789489746,0.9988839097204619
20753,/home/yaxin/datasets/TacAct-original/4_12_R_3.xlsx,4,12,80,180.25242614746094,1.8584387302398682,564.9000244140625,869.0,0.8365041017532349,11,11,1,0.999868392944336,0.999868392944336,0.999868392944336,0.9998212394712028
20754,/home/yaxin/datasets/TacAct-original/4_12_R_4.xlsx,4,12,80,194.90060424804688,2.0007424354553223,561.8250122070312,847.0,0.8311463594436646,11,11,1,0.999969244003296,0.999969244003296,0.999969244003296,0.9999586222193103
20755,/home/yaxin/datasets/TacAct-original/4_12_R_5.xlsx,4,12,80,214.78842163085938,2.471778392791748,616.0499877929688,929.0,0.7963118553161621,11,11,1,0.9993394017219543,0.9993394017219543,0.9993394017219543,0.9987889593467116
20756,/home/yaxin/datasets/TacAct-original/4_12_R_6.xlsx,4,12,80,211.0,1.9815601110458374,542.7625122070312,882.0,0.6973741054534912,11,11,1,0.9999362230300904,0.9999362230300904,0.9999362230300904,0.999904712127318
20757,/home/yaxin/datasets/TacAct-original/4_12_R_7.xlsx,4,12,80,151.6492919921875,1.8234409093856812,549.9625244140625,899.0,0.633307933807373,11,11,1,0.9999407529830932,0.9999407529830932,0.9999407529830932,0.9999134624413272
20758,/home/yaxin/datasets/TacAct-original/4_12_R_8.xlsx,4,12,80,192.7202606201172,1.4874930381774902,509.11248779296875,843.0,0.7364794015884399,11,11,1,0.9999760389328004,0.9999760389328004,0.9999760389328004,0.9999624824913554
20759,/home/yaxin/datasets/TacAct-original/4_12_R_9.xlsx,4,12,80,163.39144897460938,2.016061305999756,601.7874755859375,925.0,0.7594857811927795,11,11,1,0.9963924288749696,0.9963924288749696,0.9963924288749696,0.9949786280049013
20760,/home/yaxin/datasets/TacAct-original/4_1_L_1.xlsx,4,1,80,139.2147216796875,2.2496752738952637,505.3999938964844,773.0,0.27423837780952454,0,0,1,0.9998382329940796,0.9998382329940796,0.9998382329940796,0.9997399529311224
20761,/home/yaxin/datasets/TacAct-original/4_1_L_10.xlsx,4,1,80,138.0142059326172,1.9094383716583252,503.1000061035156,747.0,0.23772932589054108,0,0,1,0.8637775182723999,0.8637775182723999,0.8637775182723999,0.747968927025795
20762,/home/yaxin/datasets/TacAct-original/4_1_L_11.xlsx,4,1,80,163.08009338378906,1.8957805633544922,488.3125,724.0,0.23576514422893524,0,0,1,0.9740503430366516,0.9740503430366516,0.9740503430366516,0.9566327817738057
20763,/home/yaxin/datasets/TacAct-original/4_1_L_12.xlsx,4,1,80,130.7744598388672,1.7892719507217407,467.2749938964844,736.0,0.24751895666122437,0,6,0,0.9989748001098632,0.0001943947572726,0.9989748001098632,0.9985774386732372
20764,/home/yaxin/datasets/TacAct-original/4_1_L_13.xlsx,4,1,80,123.0,1.774388074874878,490.25,741.0,0.2391807734966278,0,0,1,0.9995865225791932,0.9995865225791932,0.9995865225791932,0.9994011878879975
20765,/home/yaxin/datasets/TacAct-original/4_1_L_14.xlsx,4,1,80,168.0520477294922,2.0081686973571777,471.6625061035156,737.0,0.24506880342960358,0,6,0,0.9971139430999756,0.0004385510692372,0.9971139430999756,0.9956973686348648
20766,/home/yaxin/datasets/TacAct-original/4_1_L_15.xlsx,4,1,80,190.75372314453125,1.7271690368652344,501.5874938964844,800.0,0.21984897553920746,0,6,0,0.8690066337585449,0.0042270408011972,0.8690066337585449,0.7471688464283943
20767,/home/yaxin/datasets/TacAct-original/4_1_L_16.xlsx,4,1,80,165.1887969970703,1.8029552698135376,476.5249938964844,790.0,0.28828164935112,0,6,0,0.9895063042640686,0.000476367160445,0.9895063042640686,0.9806386511772871
20768,/home/yaxin/datasets/TacAct-original/4_1_L_17.xlsx,4,1,80,170.2660675048828,1.8188812732696533,480.48748779296875,744.0,0.23649580776691437,0,0,1,0.9970027804374696,0.9970027804374696,0.9970027804374696,0.9943744493648412
20769,/home/yaxin/datasets/TacAct-original/4_1_L_18.xlsx,4,1,80,132.74099731445312,1.8333126306533813,534.75,789.0,0.2516041398048401,0,6,0,0.9991045594215392,0.0001645365555305,0.9991045594215392,0.9988598556956276
20770,/home/yaxin/datasets/TacAct-original/4_1_L_19.xlsx,4,1,80,184.0,2.1707005500793457,491.1499938964844,716.0,0.24812842905521393,0,6,0,0.998415470123291,0.0005087967147119,0.998415470123291,0.9979066734085791
20771,/home/yaxin/datasets/TacAct-original/4_1_L_2.xlsx,4,1,80,196.88938903808594,1.8637826442718506,521.2374877929688,782.0,0.2437009960412979,0,0,1,0.9985674619674684,0.9985674619674684,0.9985674619674684,0.9975160439498724
20772,/home/yaxin/datasets/TacAct-original/4_1_L_20.xlsx,4,1,80,102.0,1.758357048034668,490.51251220703125,739.0,0.21774785220623016,0,6,0,0.999090313911438,0.0001730309450067,0.999090313911438,0.9988251948961989
20773,/home/yaxin/datasets/TacAct-original/4_1_L_3.xlsx,4,1,80,141.0,2.1399264335632324,525.5625,778.0,0.2911101281642914,0,0,1,0.9998218417167664,0.9998218417167664,0.9998218417167664,0.9997124907167746
20774,/home/yaxin/datasets/TacAct-original/4_1_L_4.xlsx,4,1,80,113.36055755615234,1.8949730396270752,478.38751220703125,730.0,0.2631915211677551,0,0,1,0.9998528957366944,0.9998528957366944,0.9998528957366944,0.9997565350131482
20775,/home/yaxin/datasets/TacAct-original/4_1_L_5.xlsx,4,1,80,136.23155212402344,1.8464317321777344,580.0999755859375,792.0,0.24146251380443573,0,0,1,0.9890559911727904,0.9890559911727904,0.9890559911727904,0.9797736955806612
20776,/home/yaxin/datasets/TacAct-original/4_1_L_6.xlsx,4,1,80,121.31568145751953,1.7184703350067139,488.0874938964844,731.0,0.2437206208705902,0,0,1,0.9993470311164856,0.9993470311164856,0.9993470311164856,0.9989721301535611
20777,/home/yaxin/datasets/TacAct-original/4_1_L_7.xlsx,4,1,80,91.0,2.069053888320923,547.9000244140625,817.0,0.2975962162017822,0,6,0,0.8948204517364502,0.0913011878728866,0.8948204517364502,0.8035192638635635
20778,/home/yaxin/datasets/TacAct-original/4_1_L_8.xlsx,4,1,80,147.4672393798828,2.083630323410034,533.3250122070312,792.0,0.27869218587875366,0,6,0,0.8533721566200256,0.0997450202703476,0.8533721566200256,0.753627136349678
20779,/home/yaxin/datasets/TacAct-original/4_1_L_9.xlsx,4,1,80,206.0,1.8818490505218506,508.07501220703125,775.0,0.24679864943027496,0,0,1,0.9996817111968994,0.9996817111968994,0.9996817111968994,0.9994580713246252
20780,/home/yaxin/datasets/TacAct-original/4_1_R_1.xlsx,4,1,80,140.0,1.5091978311538696,445.8374938964844,857.0,0.2506139278411865,0,0,1,0.9999037981033324,0.9999037981033324,0.9999037981033324,0.9998439636729016
20781,/home/yaxin/datasets/TacAct-original/4_1_R_10.xlsx,4,1,80,167.94256591796875,1.2252979278564453,447.6625061035156,730.0,0.2492123544216156,0,0,1,0.9998016953468324,0.9998016953468324,0.9998016953468324,0.9997131536511007
20782,/home/yaxin/datasets/TacAct-original/4_1_R_11.xlsx,4,1,80,145.02198791503906,1.7415481805801392,550.2125244140625,797.0,0.28250035643577576,0,0,1,0.9998918771743774,0.9998918771743774,0.9998918771743774,0.999832088346011
20783,/home/yaxin/datasets/TacAct-original/4_1_R_12.xlsx,4,1,80,170.03102111816406,1.6877495050430298,449.375,734.0,0.24843351542949677,0,0,1,0.9998329877853394,0.9998329877853394,0.9998329877853394,0.9997415218167589
20784,/home/yaxin/datasets/TacAct-original/4_1_R_13.xlsx,4,1,80,125.68572235107422,1.8001892566680908,513.2874755859375,753.0,0.2265622615814209,0,0,1,0.9998675584793092,0.9998675584793092,0.9998675584793092,0.9998235972925614
20785,/home/yaxin/datasets/TacAct-original/4_1_R_14.xlsx,4,1,80,186.9454803466797,2.037466526031494,545.5,754.0,0.2467871606349945,0,0,1,0.9997772574424744,0.9997772574424744,0.9997772574424744,0.9996418383816491
20786,/home/yaxin/datasets/TacAct-original/4_1_R_15.xlsx,4,1,80,179.9847412109375,2.0095248222351074,560.3499755859375,725.0,0.270489901304245,0,6,0,0.9960786700248718,0.0015532679390162,0.9960786700248718,0.9945254020858556
20787,/home/yaxin/datasets/TacAct-original/4_1_R_16.xlsx,4,1,80,124.0,1.541806697845459,550.5499877929688,732.0,0.21722914278507233,0,0,1,0.9932996034622192,0.9932996034622192,0.9932996034622192,0.9897074792534113
20788,/home/yaxin/datasets/TacAct-original/4_1_R_17.xlsx,4,1,80,292.26953125,1.9660568237304688,592.2999877929688,854.0,0.27559372782707214,0,0,1,0.9998910427093506,0.9998910427093506,0.9998910427093506,0.9998306598827185
20789,/home/yaxin/datasets/TacAct-original/4_1_R_18.xlsx,4,1,80,201.5696563720703,2.2380166053771973,582.0250244140625,874.0,0.28344377875328064,0,0,1,0.9997542500495912,0.9997542500495912,0.9997542500495912,0.9995883666269949
20790,/home/yaxin/datasets/TacAct-original/4_1_R_19.xlsx,4,1,80,128.8079376220703,2.033032178878784,576.7625122070312,888.0,0.27256426215171814,0,0,1,0.9998672008514404,0.9998672008514404,0.9998672008514404,0.9997822848745272
20791,/home/yaxin/datasets/TacAct-original/4_1_R_2.xlsx,4,1,80,147.0,1.535271406173706,507.48748779296875,838.0,0.24593773484230042,0,0,1,0.9999005794525146,0.9999005794525146,0.9999005794525146,0.9998622559469368
20792,/home/yaxin/datasets/TacAct-original/4_1_R_20.xlsx,4,1,80,251.0,1.8654407262802124,474.9750061035156,682.0,0.2784678637981415,0,6,0,0.9965116381645204,0.0015226290561258,0.9965116381645204,0.9949890091083946
20793,/home/yaxin/datasets/TacAct-original/4_1_R_3.xlsx,4,1,80,179.2218780517578,1.430162787437439,442.51251220703125,864.0,0.2411508709192276,0,0,1,0.9998977184295654,0.9998977184295654,0.9998977184295654,0.9998384691134561
20794,/home/yaxin/datasets/TacAct-original/4_1_R_4.xlsx,4,1,80,182.7277069091797,1.0822467803955078,422.73748779296875,761.0,0.19795186817646027,0,0,1,0.999926209449768,0.999926209449768,0.999926209449768,0.9998891645882394
20795,/home/yaxin/datasets/TacAct-original/4_1_R_5.xlsx,4,1,80,183.69451904296875,1.4710583686828613,455.63751220703125,850.0,0.25818610191345215,0,0,1,0.9998788833618164,0.9998788833618164,0.9998788833618164,0.9997982691493235
20796,/home/yaxin/datasets/TacAct-original/4_1_R_6.xlsx,4,1,80,220.36907958984375,1.6565691232681274,473.875,846.0,0.25373440980911255,0,0,1,0.9998910427093506,0.9998910427093506,0.9998910427093506,0.9998241388821043
20797,/home/yaxin/datasets/TacAct-original/4_1_R_7.xlsx,4,1,80,263.0,1.6082181930541992,472.61248779296875,855.0,0.26441490650177,0,0,1,0.999733030796051,0.999733030796051,0.999733030796051,0.9995352857513353
20798,/home/yaxin/datasets/TacAct-original/4_1_R_8.xlsx,4,1,80,184.7364044189453,1.7397491931915283,502.01251220703125,849.0,0.26043033599853516,0,0,1,0.9997935891151428,0.9997935891151428,0.9997935891151428,0.9996542965818662
20799,/home/yaxin/datasets/TacAct-original/4_1_R_9.xlsx,4,1,80,181.06005859375,1.7458397150039673,522.1875,880.0,0.24845941364765167,0,0,1,0.9998186230659484,0.9998186230659484,0.9998186230659484,0.9997190094436518
20800,/home/yaxin/datasets/TacAct-original/4_2_L_1.xlsx,4,2,80,129.0,1.1901196241378784,447.45001220703125,673.0,0.19252990186214447,1,1,1,0.9999232292175292,0.9999232292175292,0.9999232292175292,0.9998927241795171
20801,/home/yaxin/datasets/TacAct-original/4_2_L_10.xlsx,4,2,80,198.0,1.3040926456451416,457.75,702.0,0.1922447830438614,1,1,1,0.9999175071716307,0.9999175071716307,0.9999175071716307,0.999872305732424
20802,/home/yaxin/datasets/TacAct-original/4_2_L_11.xlsx,4,2,80,165.06887817382812,1.2557504177093506,411.6000061035156,636.0,0.1884208768606186,1,1,1,0.9999055862426758,0.9999055862426758,0.9999055862426758,0.9998738599861099
20803,/home/yaxin/datasets/TacAct-original/4_2_L_12.xlsx,4,2,80,178.30279541015625,1.2423244714736938,452.75,666.0,0.18252307176589966,1,1,1,0.99991774559021,0.99991774559021,0.99991774559021,0.9998909530477249
20804,/home/yaxin/datasets/TacAct-original/4_2_L_13.xlsx,4,2,80,173.054931640625,1.2044051885604858,434.4125061035156,659.0,0.18569627404212952,1,1,1,0.99992573261261,0.99992573261261,0.99992573261261,0.9998897743025738
20805,/home/yaxin/datasets/TacAct-original/4_2_L_14.xlsx,4,2,80,114.0,1.0174673795700073,445.57501220703125,691.0,0.15254223346710205,1,1,1,0.9999414682388306,0.9999414682388306,0.9999414682388306,0.9999148874157981
20806,/home/yaxin/datasets/TacAct-original/4_2_L_15.xlsx,4,2,80,126.28763580322266,0.9596641659736633,410.04998779296875,642.0,0.172260120511055,1,1,1,0.9999065399169922,0.9999065399169922,0.9999065399169922,0.9998666777573817
20807,/home/yaxin/datasets/TacAct-original/4_2_L_16.xlsx,4,2,80,133.0,1.038661241531372,438.1625061035156,663.0,0.16896937787532806,1,1,1,0.9999399185180664,0.9999399185180664,0.9999399185180664,0.999915348862487
20808,/home/yaxin/datasets/TacAct-original/4_2_L_17.xlsx,4,2,80,188.0,1.2373100519180298,435.32501220703125,675.0,0.17672032117843628,1,1,1,0.9999281167984008,0.9999281167984008,0.9999281167984008,0.9998996448230172
20809,/home/yaxin/datasets/TacAct-original/4_2_L_18.xlsx,4,2,80,191.4290313720703,1.2405498027801514,437.9375,698.0,0.18187616765499115,1,1,1,0.9999256134033204,0.9999256134033204,0.9999256134033204,0.999887402256718
20810,/home/yaxin/datasets/TacAct-original/4_2_L_19.xlsx,4,2,80,125.29324340820312,1.0250244140625,430.3125,648.0,0.15419653058052063,1,1,1,0.9999417066574096,0.9999417066574096,0.9999417066574096,0.9999154181114135
20811,/home/yaxin/datasets/TacAct-original/4_2_L_2.xlsx,4,2,80,126.0,1.0414884090423584,415.29998779296875,641.0,0.1601068079471588,1,1,1,0.9999381303787231,0.9999381303787231,0.9999381303787231,0.9999155512214202
20812,/home/yaxin/datasets/TacAct-original/4_2_L_20.xlsx,4,2,80,129.0,0.9827098846435547,436.01251220703125,660.0,0.1603139042854309,1,1,1,0.9999183416366576,0.9999183416366576,0.9999183416366576,0.9998824111535213
20813,/home/yaxin/datasets/TacAct-original/4_2_L_3.xlsx,4,2,80,198.0,1.030310869216919,401.7250061035156,608.0,0.16254249215126038,1,1,1,0.9999239444732666,0.9999239444732666,0.9999239444732666,0.9998969412135921
20814,/home/yaxin/datasets/TacAct-original/4_2_L_4.xlsx,4,2,80,222.0,1.3605695962905884,441.375,674.0,0.19688192009925842,1,1,1,0.999929904937744,0.999929904937744,0.999929904937744,0.9999008830600359
20815,/home/yaxin/datasets/TacAct-original/4_2_L_5.xlsx,4,2,80,154.0,1.1255415678024292,419.6000061035156,683.0,0.1760440170764923,1,1,1,0.9999322891235352,0.9999322891235352,0.9999322891235352,0.9999047671135486
20816,/home/yaxin/datasets/TacAct-original/4_2_L_6.xlsx,4,2,80,125.29324340820312,1.0027344226837158,414.9125061035156,650.0,0.17267565429210663,1,1,1,0.9999006986618042,0.9999006986618042,0.9999006986618042,0.9998519347609545
20817,/home/yaxin/datasets/TacAct-original/4_2_L_7.xlsx,4,2,80,159.1025390625,1.2324779033660889,450.0249938964844,704.0,0.18131692707538605,1,1,1,0.9999240636825562,0.9999240636825562,0.9999240636825562,0.9998866627502139
20818,/home/yaxin/datasets/TacAct-original/4_2_L_8.xlsx,4,2,80,815.0,1.6234534978866577,478.70001220703125,752.0,0.2210916429758072,1,1,1,0.92923504114151,0.92923504114151,0.92923504114151,0.8633162304759026
20819,/home/yaxin/datasets/TacAct-original/4_2_L_9.xlsx,4,2,80,159.52418518066406,1.1632159948349,443.0625,703.0,0.18321919441223145,1,1,1,0.9999024868011476,0.9999024868011476,0.9999024868011476,0.9998496856351268
20820,/home/yaxin/datasets/TacAct-original/4_2_R_1.xlsx,4,2,80,261.5247802734375,1.347005009651184,430.76251220703125,668.0,0.1754085272550583,1,1,1,0.9999293088912964,0.9999293088912964,0.9999293088912964,0.9998981033277232
20821,/home/yaxin/datasets/TacAct-original/4_2_R_10.xlsx,4,2,80,179.0,1.1466104984283447,451.8999938964844,690.0,0.17053623497486115,1,1,1,0.9999393224716188,0.9999393224716188,0.9999393224716188,0.9999143408149395
20822,/home/yaxin/datasets/TacAct-original/4_2_R_11.xlsx,4,2,80,152.1417999267578,1.1116178035736084,431.1625061035156,722.0,0.16646608710289001,1,1,1,0.9999343156814576,0.9999343156814576,0.9999343156814576,0.9999068105662446
20823,/home/yaxin/datasets/TacAct-original/4_2_R_12.xlsx,4,2,80,145.18106079101562,1.061021089553833,423.6499938964844,698.0,0.16958120465278625,1,1,1,0.9999401569366456,0.9999401569366456,0.9999401569366456,0.9999145003184823
20824,/home/yaxin/datasets/TacAct-original/4_2_R_13.xlsx,4,2,80,116.3437271118164,0.8958633542060852,423.4750061035156,674.0,0.14775879681110382,1,1,1,0.9998974800109864,0.9998974800109864,0.9998974800109864,0.9998558255865647
20825,/home/yaxin/datasets/TacAct-original/4_2_R_14.xlsx,4,2,80,122.0,1.0610332489013672,459.6625061035156,717.0,0.16322755813598633,1,1,1,0.9999208450317384,0.9999208450317384,0.9999208450317384,0.9998874580123812
20826,/home/yaxin/datasets/TacAct-original/4_2_R_15.xlsx,4,2,80,203.85012817382812,1.1108475923538208,429.5249938964844,695.0,0.16897700726985931,1,1,1,0.9999206066131592,0.9999206066131592,0.9999206066131592,0.9998743463074788
20827,/home/yaxin/datasets/TacAct-original/4_2_R_16.xlsx,4,2,80,137.0,1.137772798538208,441.4624938964844,672.0,0.1604488343000412,1,1,1,0.9999386072158812,0.9999386072158812,0.9999386072158812,0.9999139167885004
20828,/home/yaxin/datasets/TacAct-original/4_2_R_17.xlsx,4,2,80,179.0,1.3536242246627808,450.6625061035156,680.0,0.1770004779100418,1,1,1,0.9999241828918456,0.9999241828918456,0.9999241828918456,0.9998886143039271
20829,/home/yaxin/datasets/TacAct-original/4_2_R_18.xlsx,4,2,80,154.13058471679688,1.3704774379730225,443.5,699.0,0.18169203400611877,1,1,1,0.9999256134033204,0.9999256134033204,0.9999256134033204,0.9998989734667704
20830,/home/yaxin/datasets/TacAct-original/4_2_R_19.xlsx,4,2,80,200.58639526367188,1.3755050897598267,427.23748779296875,638.0,0.1792171597480774,1,1,1,0.9999264478683472,0.9999264478683472,0.9999264478683472,0.9998966170533095
20831,/home/yaxin/datasets/TacAct-original/4_2_R_2.xlsx,4,2,80,198.0,1.2504310607910156,442.61248779296875,656.0,0.166952982544899,1,1,1,0.999942660331726,0.999942660331726,0.999942660331726,0.9999208385142991
20832,/home/yaxin/datasets/TacAct-original/4_2_R_20.xlsx,4,2,80,155.3561248779297,1.1958370208740234,441.92498779296875,713.0,0.169833704829216,1,1,1,0.9999362230300904,0.9999362230300904,0.9999362230300904,0.9999083992915986
20833,/home/yaxin/datasets/TacAct-original/4_2_R_3.xlsx,4,2,80,258.531494140625,1.2800266742706299,443.0375061035156,698.0,0.18524543941020966,1,1,1,0.9999419450759888,0.9999419450759888,0.9999419450759888,0.9999160587831284
20834,/home/yaxin/datasets/TacAct-original/4_2_R_4.xlsx,4,2,80,146.50672912597656,1.0131276845932007,423.76251220703125,652.0,0.16204869747161865,1,1,1,0.999941110610962,0.999941110610962,0.999941110610962,0.9999184144598986
20835,/home/yaxin/datasets/TacAct-original/4_2_R_5.xlsx,4,2,80,125.29324340820312,1.1031121015548706,420.11248779296875,648.0,0.17386731505393982,1,1,1,0.9999403953552246,0.9999403953552246,0.9999403953552246,0.9999182482224569
20836,/home/yaxin/datasets/TacAct-original/4_2_R_6.xlsx,4,2,80,134.0,1.2637563943862915,487.88751220703125,716.0,0.17486728727817535,1,1,1,0.9999374151229858,0.9999374151229858,0.9999374151229858,0.9999107476742211
20837,/home/yaxin/datasets/TacAct-original/4_2_R_7.xlsx,4,2,80,159.1025390625,1.2184990644454956,424.98748779296875,635.0,0.1654805988073349,1,1,1,0.999929666519165,0.999929666519165,0.999929666519165,0.9999023930340627
20838,/home/yaxin/datasets/TacAct-original/4_2_R_8.xlsx,4,2,80,203.85012817382812,1.2278012037277222,416.8374938964844,645.0,0.17593525350093842,1,1,1,0.999923586845398,0.999923586845398,0.999923586845398,0.9998952233781893
20839,/home/yaxin/datasets/TacAct-original/4_2_R_9.xlsx,4,2,80,168.0,1.2632865905761719,461.92498779296875,695.0,0.17139483988285065,1,1,1,0.9999263286590576,0.9999263286590576,0.9999263286590576,0.9998941849953553
20840,/home/yaxin/datasets/TacAct-original/4_3_L_1.xlsx,4,3,80,92.0,1.558052659034729,479.38751220703125,753.0,0.17236118018627167,2,2,1,0.999919295310974,0.999919295310974,0.999919295310974,0.9998939248507667
20841,/home/yaxin/datasets/TacAct-original/4_3_L_10.xlsx,4,3,80,111.0,1.4872184991836548,484.3125,703.0,0.1644430160522461,2,2,1,0.9999343156814576,0.9999343156814576,0.9999343156814576,0.9999146374120756
20842,/home/yaxin/datasets/TacAct-original/4_3_L_11.xlsx,4,3,80,79.0,1.4083235263824463,476.8374938964844,752.0,0.16480444371700287,2,2,1,0.9999301433563232,0.9999301433563232,0.9999301433563232,0.999911140794211
20843,/home/yaxin/datasets/TacAct-original/4_3_L_12.xlsx,4,3,80,101.42786407470703,1.297304391860962,455.75,749.0,0.16594603657722473,2,2,1,0.999935269355774,0.999935269355774,0.999935269355774,0.9999134931040318
20844,/home/yaxin/datasets/TacAct-original/4_3_L_13.xlsx,4,3,80,128.84481811523438,1.372032880783081,456.8999938964844,757.0,0.15763399004936218,2,2,1,0.9999402761459352,0.9999402761459352,0.9999402761459352,0.9999237062129397
20845,/home/yaxin/datasets/TacAct-original/4_3_L_14.xlsx,4,3,80,92.42706298828125,1.4657293558120728,452.4750061035156,712.0,0.17100347578525543,2,2,1,0.9999328851699828,0.9999328851699828,0.9999328851699828,0.9999121201817615
20846,/home/yaxin/datasets/TacAct-original/4_3_L_15.xlsx,4,3,80,135.0,1.6854288578033447,521.0750122070312,707.0,0.1820869892835617,2,2,1,0.9997745156288148,0.9997745156288148,0.9997745156288148,0.9996869792958024
20847,/home/yaxin/datasets/TacAct-original/4_3_L_16.xlsx,4,3,80,75.5737075805664,1.3861911296844482,484.6625061035156,730.0,0.16253672540187836,2,2,1,0.999926209449768,0.999926209449768,0.999926209449768,0.9998934232462487
20848,/home/yaxin/datasets/TacAct-original/4_3_L_17.xlsx,4,3,80,64.89559936523438,1.2938610315322876,458.86248779296875,738.0,0.15848661959171295,2,2,1,0.9998998641967772,0.9998998641967772,0.9998998641967772,0.9998582909502146
20849,/home/yaxin/datasets/TacAct-original/4_3_L_18.xlsx,4,3,80,94.0,1.6233904361724854,546.2000122070312,765.0,0.1687701791524887,2,2,1,0.9999442100524902,0.9999442100524902,0.9999442100524902,0.999927068110992
20850,/home/yaxin/datasets/TacAct-original/4_3_L_19.xlsx,4,3,80,91.0,1.5600831508636475,479.36248779296875,760.0,0.16558612883090973,2,2,1,0.9999343156814576,0.9999343156814576,0.9999343156814576,0.9999157709116845
20851,/home/yaxin/datasets/TacAct-original/4_3_L_2.xlsx,4,3,80,95.71451568603516,1.483407974243164,467.8125,718.0,0.18245330452919006,2,2,1,0.9999359846115112,0.9999359846115112,0.9999359846115112,0.9999151053361857
20852,/home/yaxin/datasets/TacAct-original/4_3_L_20.xlsx,4,3,80,92.0,1.5095875263214111,471.7875061035156,728.0,0.16902604699134827,2,2,1,0.9999226331710817,0.9999226331710817,0.9999226331710817,0.9998974683403504
20853,/home/yaxin/datasets/TacAct-original/4_3_L_3.xlsx,4,3,80,89.49517822265625,1.4464725255966187,481.5,728.0,0.16705277562141418,2,2,1,0.99991774559021,0.99991774559021,0.99991774559021,0.9998820742694079
20854,/home/yaxin/datasets/TacAct-original/4_3_L_4.xlsx,4,3,80,87.0,1.686140775680542,488.25,757.0,0.18819455802440643,2,2,1,0.9999321699142456,0.9999321699142456,0.9999321699142456,0.9999031555544207
20855,/home/yaxin/datasets/TacAct-original/4_3_L_5.xlsx,4,3,80,69.60736083984375,1.2616288661956787,464.20001220703125,732.0,0.14959034323692322,2,2,1,0.9999024868011476,0.9999024868011476,0.9999024868011476,0.9998595623401344
20856,/home/yaxin/datasets/TacAct-original/4_3_L_6.xlsx,4,3,80,128.2764129638672,1.4339720010757446,485.9125061035156,756.0,0.1718820184469223,2,2,1,0.9999303817749025,0.9999303817749025,0.9999303817749025,0.9999055360804051
20857,/home/yaxin/datasets/TacAct-original/4_3_L_7.xlsx,4,3,80,144.0,1.3974249362945557,470.7749938964844,759.0,0.1678541749715805,2,2,1,0.9999316930770874,0.9999316930770874,0.9999316930770874,0.9999112526165845
20858,/home/yaxin/datasets/TacAct-original/4_3_L_8.xlsx,4,3,80,103.0,1.5371239185333252,542.6749877929688,727.0,0.17089726030826569,2,2,1,0.999920129776001,0.999920129776001,0.999920129776001,0.9998916252625349
20859,/home/yaxin/datasets/TacAct-original/4_3_L_9.xlsx,4,3,80,114.0,1.3982980251312256,476.6625061035156,697.0,0.17088045179843903,2,2,1,0.9999340772628784,0.9999340772628784,0.9999340772628784,0.9999124345122254
20860,/home/yaxin/datasets/TacAct-original/4_3_R_1.xlsx,4,3,80,85.0,1.4161109924316406,478.0625,754.0,0.15958712995052338,2,2,1,0.9999369382858276,0.9999369382858276,0.9999369382858276,0.9999175331686274
20861,/home/yaxin/datasets/TacAct-original/4_3_R_10.xlsx,4,3,80,85.0,1.346447467803955,458.54998779296875,731.0,0.17354175448417664,2,2,1,0.9999327659606934,0.9999327659606934,0.9999327659606934,0.9999045088479761
20862,/home/yaxin/datasets/TacAct-original/4_3_R_11.xlsx,4,3,80,57.67466735839844,1.1576114892959595,470.2749938964844,751.0,0.15388119220733643,2,2,1,0.9999033212661744,0.9999033212661744,0.9999033212661744,0.9998634699550167
20863,/home/yaxin/datasets/TacAct-original/4_3_R_12.xlsx,4,3,80,176.0,1.5166938304901123,432.13751220703125,671.0,0.20376801490783691,2,2,1,0.9990956783294678,0.9990956783294678,0.9990956783294678,0.9987827286822721
20864,/home/yaxin/datasets/TacAct-original/4_3_R_13.xlsx,4,3,80,152.56837463378906,1.6876914501190186,525.2625122070312,755.0,0.19208748638629913,2,2,1,0.9998576641082764,0.9998576641082764,0.9998576641082764,0.9997816062168567
20865,/home/yaxin/datasets/TacAct-original/4_3_R_14.xlsx,4,3,80,77.56248474121094,1.4392004013061523,485.3374938964844,732.0,0.17636334896087646,2,2,1,0.9998987913131714,0.9998987913131714,0.9998987913131714,0.9998623076207878
20866,/home/yaxin/datasets/TacAct-original/4_3_R_15.xlsx,4,3,80,92.47834777832031,1.3997361660003662,459.9125061035156,743.0,0.18267987668514252,2,2,1,0.999935746192932,0.999935746192932,0.999935746192932,0.9999142251708689
20867,/home/yaxin/datasets/TacAct-original/4_3_R_16.xlsx,4,3,80,127.82466125488281,1.566542625427246,512.5499877929688,758.0,0.1697940081357956,2,2,1,0.9999265670776368,0.9999265670776368,0.9999265670776368,0.9999048847203086
20868,/home/yaxin/datasets/TacAct-original/4_3_R_17.xlsx,4,3,80,114.0,1.3713405132293701,479.2875061035156,745.0,0.16738919913768768,2,2,1,0.999921441078186,0.999921441078186,0.999921441078186,0.9999023591753939
20869,/home/yaxin/datasets/TacAct-original/4_3_R_18.xlsx,4,3,80,98.0,1.7523658275604248,491.11248779296875,752.0,0.18938501179218292,2,2,1,0.9999241828918456,0.9999241828918456,0.9999241828918456,0.9999065011907077
20870,/home/yaxin/datasets/TacAct-original/4_3_R_19.xlsx,4,3,80,95.0,1.5724601745605469,488.01251220703125,758.0,0.17747385799884796,2,2,1,0.9999254941940308,0.9999254941940308,0.9999254941940308,0.9999075059458846
20871,/home/yaxin/datasets/TacAct-original/4_3_R_2.xlsx,4,3,80,103.0,1.3315694332122803,470.36248779296875,758.0,0.1638314425945282,2,2,1,0.999923825263977,0.999923825263977,0.999923825263977,0.9999016868187027
20872,/home/yaxin/datasets/TacAct-original/4_3_R_20.xlsx,4,3,80,111.54573059082031,1.3226709365844727,463.5249938964844,739.0,0.16784048080444336,2,2,1,0.9999029636383056,0.9999029636383056,0.9999029636383056,0.9998761724091308
20873,/home/yaxin/datasets/TacAct-original/4_3_R_3.xlsx,4,3,80,77.56248474121094,1.4347212314605713,470.23748779296875,736.0,0.16677019000053406,2,2,1,0.9999293088912964,0.9999293088912964,0.9999293088912964,0.9999019285151007
20874,/home/yaxin/datasets/TacAct-original/4_3_R_4.xlsx,4,3,80,82.0,1.3833847045898438,465.48748779296875,746.0,0.1635814905166626,2,2,1,0.9999489784240724,0.9999489784240724,0.9999489784240724,0.9999307868183679
20875,/home/yaxin/datasets/TacAct-original/4_3_R_5.xlsx,4,3,80,815.0,1.4283654689788818,467.4375,774.0,0.1973366141319275,2,2,1,0.9993841648101808,0.9993841648101808,0.9993841648101808,0.9991402389860015
20876,/home/yaxin/datasets/TacAct-original/4_3_R_6.xlsx,4,3,80,101.42786407470703,1.6631858348846436,480.0874938964844,751.0,0.19003929197788239,2,2,1,0.999935507774353,0.999935507774353,0.999935507774353,0.9999176819565037
20877,/home/yaxin/datasets/TacAct-original/4_3_R_7.xlsx,4,3,80,95.0,1.576619267463684,479.9375,733.0,0.17885960638523102,2,2,1,0.9999359846115112,0.9999359846115112,0.9999359846115112,0.9999203695588221
20878,/home/yaxin/datasets/TacAct-original/4_3_R_8.xlsx,4,3,80,115.34933471679688,1.322369933128357,462.32501220703125,728.0,0.16482506692409515,2,2,1,0.9999045133590698,0.9999045133590698,0.9999045133590698,0.9998776223364985
20879,/home/yaxin/datasets/TacAct-original/4_3_R_9.xlsx,4,3,80,110.12586212158203,1.4165102243423462,469.07501220703125,715.0,0.1810954362154007,2,2,1,0.9998782873153688,0.9998782873153688,0.9998782873153688,0.9998191851409503
20880,/home/yaxin/datasets/TacAct-original/4_4_L_1.xlsx,4,4,80,298.9130554199219,2.488344669342041,522.1624755859375,897.0,0.3174075782299042,3,3,1,0.9995912909507751,0.9995912909507751,0.9995912909507751,0.9992200070118997
20881,/home/yaxin/datasets/TacAct-original/4_4_L_10.xlsx,4,4,80,240.642578125,2.791734218597412,570.6875,894.0,0.3299330472946167,3,3,1,0.9994058609008788,0.9994058609008788,0.9994058609008788,0.9988667831057682
20882,/home/yaxin/datasets/TacAct-original/4_4_L_11.xlsx,4,4,80,212.0,2.4455294609069824,523.4124755859375,854.0,0.30769920349121094,3,6,0,0.9221866130828856,0.022894125431776,0.9221866130828856,0.8682555891573428
20883,/home/yaxin/datasets/TacAct-original/4_4_L_12.xlsx,4,4,80,258.5416259765625,2.557889223098755,538.2625122070312,830.0,0.2841240167617798,3,3,1,0.9919497966766356,0.9919497966766356,0.9919497966766356,0.9840172668918966
20884,/home/yaxin/datasets/TacAct-original/4_4_L_13.xlsx,4,4,80,239.9170684814453,2.2285492420196533,540.875,823.0,0.2844916582107544,3,6,0,0.992993175983429,0.0021777434740215,0.992993175983429,0.9897543471306562
20885,/home/yaxin/datasets/TacAct-original/4_4_L_14.xlsx,4,4,80,159.1025390625,1.9602245092391968,537.375,832.0,0.24101565778255463,3,6,0,0.9993744492530824,0.0004010894917882,0.9993744492530824,0.9989733597612942
20886,/home/yaxin/datasets/TacAct-original/4_4_L_15.xlsx,4,4,80,195.76544189453125,2.038465738296509,561.1749877929688,896.0,0.28377172350883484,3,6,0,0.6278490424156189,0.3664169013500213,0.6278490424156189,0.2614321410655976
20887,/home/yaxin/datasets/TacAct-original/4_4_L_16.xlsx,4,4,80,153.0,2.3543288707733154,506.8500061035156,860.0,0.2987011671066284,3,6,0,0.999817192554474,6.462153396569192e-05,0.999817192554474,0.9997525710205083
20888,/home/yaxin/datasets/TacAct-original/4_4_L_17.xlsx,4,4,80,155.274169921875,2.1956093311309814,498.07501220703125,846.0,0.2917652428150177,3,6,0,0.9994655251502992,0.0002166414342354,0.9994655251502992,0.9992488837160638
20889,/home/yaxin/datasets/TacAct-original/4_4_L_18.xlsx,4,4,80,184.7364044189453,2.1281678676605225,518.0875244140625,897.0,0.3036470413208008,3,6,0,0.998342990875244,0.0013093661982566,0.998342990875244,0.9970336246769874
20890,/home/yaxin/datasets/TacAct-original/4_4_L_19.xlsx,4,4,80,237.65940856933594,2.458184003829956,522.5875244140625,858.0,0.2844167649745941,3,6,0,0.977508008480072,0.0008309870609082,0.977508008480072,0.9564996194094421
20891,/home/yaxin/datasets/TacAct-original/4_4_L_2.xlsx,4,4,80,134.0,2.3190484046936035,548.4500122070312,925.0,0.3110668957233429,3,3,1,0.993192493915558,0.993192493915558,0.993192493915558,0.9867181750014425
20892,/home/yaxin/datasets/TacAct-original/4_4_L_20.xlsx,4,4,80,278.0,2.542133331298828,507.375,821.0,0.28251540660858154,3,3,1,0.9912501573562622,0.9912501573562622,0.9912501573562622,0.9838258884847165
20893,/home/yaxin/datasets/TacAct-original/4_4_L_3.xlsx,4,4,80,153.0,2.664100408554077,572.6375122070312,921.0,0.30918893218040466,3,6,0,0.9997218251228333,9.872796363197268e-05,0.9997218251228333,0.9996230971592013
20894,/home/yaxin/datasets/TacAct-original/4_4_L_4.xlsx,4,4,80,232.0,2.817723512649536,530.3250122070312,877.0,0.32128891348838806,3,6,0,0.9955819249153136,0.0041774711571633,0.9955819249153136,0.9914044537581503
20895,/home/yaxin/datasets/TacAct-original/4_4_L_5.xlsx,4,4,80,255.0,2.4906163215637207,500.61248779296875,820.0,0.2835138440132141,3,3,1,0.9935046434402466,0.9935046434402466,0.9935046434402466,0.9872058257460595
20896,/home/yaxin/datasets/TacAct-original/4_4_L_6.xlsx,4,4,80,157.11375427246094,2.9081249237060547,526.3624877929688,855.0,0.31925705075263977,3,3,1,0.9994673132896424,0.9994673132896424,0.9994673132896424,0.9989742138423028
20897,/home/yaxin/datasets/TacAct-original/4_4_L_7.xlsx,4,4,80,157.59056091308594,2.1908364295959473,530.4375,849.0,0.29418814182281494,3,3,1,0.9271481037139891,0.9271481037139891,0.9271481037139891,0.8552175760269165
20898,/home/yaxin/datasets/TacAct-original/4_4_L_8.xlsx,4,4,80,127.0,2.0807461738586426,578.625,896.0,0.2953123152256012,3,3,1,0.9960315823554992,0.9960315823554992,0.9960315823554992,0.9924255004152654
20899,/home/yaxin/datasets/TacAct-original/4_4_L_9.xlsx,4,4,80,141.0,2.542555093765259,564.0999755859375,923.0,0.3332469165325165,3,6,0,0.9997425675392152,7.359451410593465e-05,0.9997425675392152,0.9996689730251093
20900,/home/yaxin/datasets/TacAct-original/4_4_R_1.xlsx,4,4,80,181.0,2.537163496017456,529.8375244140625,905.0,0.32276955246925354,3,3,1,0.9837995767593384,0.9837995767593384,0.9837995767593384,0.9680412113666534
20901,/home/yaxin/datasets/TacAct-original/4_4_R_10.xlsx,4,4,80,191.0,2.5629477500915527,550.4625244140625,916.0,0.31336650252342224,3,3,1,0.9994924068450928,0.9994924068450928,0.9994924068450928,0.9990476990933531
20902,/home/yaxin/datasets/TacAct-original/4_4_R_11.xlsx,4,4,80,262.0,2.637387990951538,561.2000122070312,919.0,0.303835391998291,3,3,1,0.9995262622833252,0.9995262622833252,0.9995262622833252,0.9991063388588373
20903,/home/yaxin/datasets/TacAct-original/4_4_R_12.xlsx,4,4,80,252.0,2.6793131828308105,543.7125244140625,916.0,0.31352007389068604,3,3,1,0.998310685157776,0.998310685157776,0.998310685157776,0.9967554999748247
20904,/home/yaxin/datasets/TacAct-original/4_4_R_13.xlsx,4,4,80,232.6874542236328,2.9010441303253174,595.9874877929688,911.0,0.3165329694747925,3,3,1,0.9988214373588562,0.9988214373588562,0.9988214373588562,0.9977781443158165
20905,/home/yaxin/datasets/TacAct-original/4_4_R_14.xlsx,4,4,80,297.0,2.8256754875183105,532.1124877929688,860.0,0.33678749203681946,3,3,1,0.998969554901123,0.998969554901123,0.998969554901123,0.998050392139703
20906,/home/yaxin/datasets/TacAct-original/4_4_R_15.xlsx,4,4,80,220.0,2.576425075531006,534.9500122070312,857.0,0.29614779353141785,3,3,1,0.999568521976471,0.999568521976471,0.999568521976471,0.9991788188635837
20907,/home/yaxin/datasets/TacAct-original/4_4_R_16.xlsx,4,4,80,281.41259765625,2.606269121170044,547.8875122070312,885.0,0.30459243059158325,3,3,1,0.99950909614563,0.99950909614563,0.99950909614563,0.9990789098374082
20908,/home/yaxin/datasets/TacAct-original/4_4_R_17.xlsx,4,4,80,201.5696563720703,2.2894721031188965,499.75,833.0,0.29059359431266785,3,3,1,0.9963399171829224,0.9963399171829224,0.9963399171829224,0.9928576285019518
20909,/home/yaxin/datasets/TacAct-original/4_4_R_18.xlsx,4,4,80,278.0,1.8967020511627197,495.9624938964844,814.0,0.25552740693092346,3,1,0,0.8803271055221558,0.014628505334258,0.8803271055221558,0.7835733294487
20910,/home/yaxin/datasets/TacAct-original/4_4_R_19.xlsx,4,4,80,347.0,2.1279149055480957,553.3250122070312,867.0,0.3094976842403412,3,4,0,0.9965991377830504,4.924840322928503e-05,0.9965991377830504,0.994576153345406
20911,/home/yaxin/datasets/TacAct-original/4_4_R_2.xlsx,4,4,80,198.0,2.4140255451202393,547.7000122070312,860.0,0.28462010622024536,3,3,1,0.999508500099182,0.999508500099182,0.999508500099182,0.9990713019797112
20912,/home/yaxin/datasets/TacAct-original/4_4_R_20.xlsx,4,4,80,269.4112854003906,2.359637498855591,538.6624755859375,931.0,0.3056027293205261,3,3,1,0.9343372583389282,0.9343372583389282,0.9343372583389282,0.8792771399021149
20913,/home/yaxin/datasets/TacAct-original/4_4_R_3.xlsx,4,4,80,237.65940856933594,1.9679992198944092,517.5750122070312,896.0,0.27684149146080017,3,6,0,0.7796311378479004,0.0455690361559391,0.7796311378479004,0.6091253161430359
20914,/home/yaxin/datasets/TacAct-original/4_4_R_4.xlsx,4,4,80,280.418212890625,2.3911662101745605,550.1875,923.0,0.2993955612182617,3,3,1,0.9993844032287598,0.9993844032287598,0.9993844032287598,0.9988399340072648
20915,/home/yaxin/datasets/TacAct-original/4_4_R_5.xlsx,4,4,80,327.15460205078125,2.6674516201019287,519.4874877929688,878.0,0.3408004641532898,3,3,1,0.9993079900741576,0.9993079900741576,0.9993079900741576,0.9986781379557214
20916,/home/yaxin/datasets/TacAct-original/4_4_R_6.xlsx,4,4,80,185.0,3.027848482131958,559.0125122070312,890.0,0.36511242389678955,3,3,1,0.9987260699272156,0.9987260699272156,0.9987260699272156,0.9975822479464114
20917,/home/yaxin/datasets/TacAct-original/4_4_R_7.xlsx,4,4,80,258.0,2.7648520469665527,548.2625122070312,929.0,0.3381747901439667,3,3,1,0.9994577765464784,0.9994577765464784,0.9994577765464784,0.9989619432599286
20918,/home/yaxin/datasets/TacAct-original/4_4_R_8.xlsx,4,4,80,182.0,2.492860794067383,534.3125,920.0,0.3100127577781677,3,3,1,0.9978054165840148,0.9978054165840148,0.9978054165840148,0.9957321207039058
20919,/home/yaxin/datasets/TacAct-original/4_4_R_9.xlsx,4,4,80,175.0,2.0630791187286377,537.3624877929688,915.0,0.27867889404296875,3,6,0,0.8113352656364441,0.001214969321154,0.8113352656364441,0.6267808824777604
20920,/home/yaxin/datasets/TacAct-original/4_5_L_1.xlsx,4,5,80,196.0,1.6195322275161743,485.25,809.0,0.22358158230781555,4,4,1,0.9995934367179872,0.9995934367179872,0.9995934367179872,0.9992763970512899
20921,/home/yaxin/datasets/TacAct-original/4_5_L_10.xlsx,4,5,80,192.0,1.7483093738555908,495.375,812.0,0.24697662889957428,4,4,1,0.99955552816391,0.99955552816391,0.99955552816391,0.9992084169061857
20922,/home/yaxin/datasets/TacAct-original/4_5_L_11.xlsx,4,5,80,266.8404541015625,1.6392755508422852,477.7250061035156,799.0,0.22366122901439667,4,4,1,0.9996029734611512,0.9996029734611512,0.9996029734611512,0.9992891100118869
20923,/home/yaxin/datasets/TacAct-original/4_5_L_12.xlsx,4,5,80,186.0,1.6355940103530884,485.51251220703125,786.0,0.2258463054895401,4,4,1,0.9996002316474916,0.9996002316474916,0.9996002316474916,0.9992938726209105
20924,/home/yaxin/datasets/TacAct-original/4_5_L_13.xlsx,4,5,80,173.0240020751953,1.4444717168807983,477.7749938964844,770.0,0.2196342796087265,4,4,1,0.999642014503479,0.999642014503479,0.999642014503479,0.9993616671126802
20925,/home/yaxin/datasets/TacAct-original/4_5_L_14.xlsx,4,5,80,131.2595977783203,1.7667930126190186,603.1624755859375,878.0,0.22791647911071777,4,4,1,0.9996860027313232,0.9996860027313232,0.9996860027313232,0.9994669126463124
20926,/home/yaxin/datasets/TacAct-original/4_5_L_15.xlsx,4,5,80,174.0,1.7793855667114258,541.7999877929688,757.0,0.23509496450424194,4,4,1,0.999595820903778,0.999595820903778,0.999595820903778,0.9993025583098641
20927,/home/yaxin/datasets/TacAct-original/4_5_L_16.xlsx,4,5,80,121.94406127929688,1.3939332962036133,460.42498779296875,746.0,0.21397486329078674,4,4,1,0.9995842576026917,0.9995842576026917,0.9995842576026917,0.9992523495457135
20928,/home/yaxin/datasets/TacAct-original/4_5_L_17.xlsx,4,5,80,156.3394012451172,1.4290711879730225,458.1625061035156,718.0,0.211410790681839,4,4,1,0.9994569420814514,0.9994569420814514,0.9994569420814514,0.9990066794271116
20929,/home/yaxin/datasets/TacAct-original/4_5_L_18.xlsx,4,5,80,164.35826110839844,1.4104713201522827,438.88751220703125,744.0,0.2081330418586731,4,4,1,0.9996289014816284,0.9996289014816284,0.9996289014816284,0.9993391335592605
20930,/home/yaxin/datasets/TacAct-original/4_5_L_19.xlsx,4,5,80,132.0,1.444091558456421,441.20001220703125,732.0,0.21764513850212097,4,4,1,0.9995701909065248,0.9995701909065248,0.9995701909065248,0.999223833990982
20931,/home/yaxin/datasets/TacAct-original/4_5_L_2.xlsx,4,5,80,128.2764129638672,1.5656602382659912,541.7374877929688,790.0,0.21984626352787018,4,4,1,0.999707043170929,0.999707043170929,0.999707043170929,0.9994844396424014
20932,/home/yaxin/datasets/TacAct-original/4_5_L_20.xlsx,4,5,80,188.0,1.6183264255523682,481.7124938964844,793.0,0.22882400453090668,4,4,1,0.999640703201294,0.999640703201294,0.999640703201294,0.9993604791234247
20933,/home/yaxin/datasets/TacAct-original/4_5_L_3.xlsx,4,5,80,190.0,1.533110499382019,511.1875,766.0,0.23861776292324066,4,4,1,0.9995092153549194,0.9995092153549194,0.9995092153549194,0.9991138546902222
20934,/home/yaxin/datasets/TacAct-original/4_5_L_4.xlsx,4,5,80,160.70147705078125,1.5884819030761719,472.11248779296875,763.0,0.23778623342514038,4,4,1,0.9992621541023254,0.9992621541023254,0.9992621541023254,0.9986440047505313
20935,/home/yaxin/datasets/TacAct-original/4_5_L_5.xlsx,4,5,80,142.19789123535156,1.6665802001953125,492.8500061035156,779.0,0.21749554574489594,4,4,1,0.9996032118797302,0.9996032118797302,0.9996032118797302,0.9992918350908441
20936,/home/yaxin/datasets/TacAct-original/4_5_L_6.xlsx,4,5,80,117.0,1.39093017578125,464.04998779296875,736.0,0.21492110192775726,4,4,1,0.9996354579925536,0.9996354579925536,0.9996354579925536,0.9993420192913617
20937,/home/yaxin/datasets/TacAct-original/4_5_L_7.xlsx,4,5,80,170.0,1.673545479774475,528.875,856.0,0.22652000188827515,4,4,1,0.9996533393859864,0.9996533393859864,0.9996533393859864,0.9993919481348713
20938,/home/yaxin/datasets/TacAct-original/4_5_L_8.xlsx,4,5,80,170.0,1.5308647155761719,538.9249877929688,882.0,0.2487541139125824,4,4,1,0.9992321729660034,0.9992321729660034,0.9992321729660034,0.9986337031587027
20939,/home/yaxin/datasets/TacAct-original/4_5_L_9.xlsx,4,5,80,172.0,1.3993793725967407,448.70001220703125,759.0,0.21087419986724854,4,4,1,0.9996192455291748,0.9996192455291748,0.9996192455291748,0.999323032272514
20940,/home/yaxin/datasets/TacAct-original/4_5_R_1.xlsx,4,5,80,225.0,1.6748428344726562,492.04998779296875,828.0,0.241592675447464,4,4,1,0.9996337890625,0.9996337890625,0.9996337890625,0.9993739247729537
20941,/home/yaxin/datasets/TacAct-original/4_5_R_10.xlsx,4,5,80,158.0,1.6495296955108643,543.9249877929688,856.0,0.23469656705856323,4,4,1,0.9996551275253296,0.9996551275253296,0.9996551275253296,0.9993995960394387
20942,/home/yaxin/datasets/TacAct-original/4_5_R_11.xlsx,4,5,80,136.67405700683594,1.4944267272949219,514.125,852.0,0.2030896544456482,4,4,1,0.9997102618217468,0.9997102618217468,0.9997102618217468,0.999492671675398
20943,/home/yaxin/datasets/TacAct-original/4_5_R_12.xlsx,4,5,80,114.35494995117188,1.447343111038208,529.0374755859375,846.0,0.20530471205711365,4,4,1,0.999664068222046,0.999664068222046,0.999664068222046,0.9994050632813016
20944,/home/yaxin/datasets/TacAct-original/4_5_R_13.xlsx,4,5,80,166.17205810546875,1.6880407333374023,480.4750061035156,743.0,0.23429065942764282,4,4,1,0.963126003742218,0.963126003742218,0.963126003742218,0.9288159161806108
20945,/home/yaxin/datasets/TacAct-original/4_5_R_14.xlsx,4,5,80,197.3379669189453,1.6237472295761108,495.0249938964844,804.0,0.2374056577682495,4,4,1,0.9996137022972108,0.9996137022972108,0.9996137022972108,0.9993132022791544
20946,/home/yaxin/datasets/TacAct-original/4_5_R_15.xlsx,4,5,80,168.0,1.426801085472107,487.2875061035156,794.0,0.21312297880649567,4,4,1,0.9982239603996276,0.9982239603996276,0.9982239603996276,0.9973199216183275
20947,/home/yaxin/datasets/TacAct-original/4_5_R_16.xlsx,4,5,80,154.13058471679688,1.621803641319275,531.0,897.0,0.23139195144176483,4,4,1,0.9996685981750488,0.9996685981750488,0.9996685981750488,0.9994153061124962
20948,/home/yaxin/datasets/TacAct-original/4_5_R_17.xlsx,4,5,80,137.7306671142578,1.70806884765625,511.2875061035156,895.0,0.24273361265659332,4,4,1,0.9996459484100342,0.9996459484100342,0.9996459484100342,0.9993697324825916
20949,/home/yaxin/datasets/TacAct-original/4_5_R_18.xlsx,4,5,80,202.5973663330078,1.6998960971832275,511.625,812.0,0.23898865282535553,4,4,1,0.9996365308761596,0.9996365308761596,0.9996365308761596,0.9993509671185165
20950,/home/yaxin/datasets/TacAct-original/4_5_R_19.xlsx,4,5,80,177.0,1.480499029159546,494.42498779296875,783.0,0.21411031484603882,4,4,1,0.9991148114204408,0.9991148114204408,0.9991148114204408,0.9986006694380196
20951,/home/yaxin/datasets/TacAct-original/4_5_R_2.xlsx,4,5,80,191.0,1.4325815439224243,486.8500061035156,794.0,0.21488305926322937,4,4,1,0.99940025806427,0.99940025806427,0.99940025806427,0.9989968089794276
20952,/home/yaxin/datasets/TacAct-original/4_5_R_20.xlsx,4,5,80,193.7035369873047,1.7571783065795898,491.26251220703125,792.0,0.23086313903331757,4,4,1,0.999573051929474,0.999573051929474,0.999573051929474,0.9992322011676152
20953,/home/yaxin/datasets/TacAct-original/4_5_R_3.xlsx,4,5,80,145.0,1.646765112876892,548.7000122070312,801.0,0.22714796662330627,4,4,1,0.9996292591094972,0.9996292591094972,0.9996292591094972,0.9993593110993971
20954,/home/yaxin/datasets/TacAct-original/4_5_R_4.xlsx,4,5,80,142.19789123535156,1.7270145416259766,563.3250122070312,838.0,0.23828330636024475,4,4,1,0.9994481205940248,0.9994481205940248,0.9994481205940248,0.9990287222608459
20955,/home/yaxin/datasets/TacAct-original/4_5_R_5.xlsx,4,5,80,152.0,1.5824849605560303,480.32501220703125,741.0,0.23067599534988403,4,4,1,0.9996131062507628,0.9996131062507628,0.9996131062507628,0.9993135711993091
20956,/home/yaxin/datasets/TacAct-original/4_5_R_6.xlsx,4,5,80,165.06887817382812,1.4051517248153687,480.8999938964844,825.0,0.21558940410614014,4,4,1,0.9996353387832642,0.9996353387832642,0.9996353387832642,0.9993608659424353
20957,/home/yaxin/datasets/TacAct-original/4_5_R_7.xlsx,4,5,80,118.0,1.4600704908370972,498.9624938964844,831.0,0.21433332562446594,4,4,1,0.9996248483657836,0.9996248483657836,0.9996248483657836,0.9993477552197872
20958,/home/yaxin/datasets/TacAct-original/4_5_R_8.xlsx,4,5,80,174.01840209960938,1.4531748294830322,479.11248779296875,740.0,0.21432118117809296,4,4,1,0.9996681213378906,0.9996681213378906,0.9996681213378906,0.9994218194042334
20959,/home/yaxin/datasets/TacAct-original/4_5_R_9.xlsx,4,5,80,198.878173828125,1.6162360906600952,498.11248779296875,804.0,0.24399064481258392,4,4,1,0.999594271183014,0.999594271183014,0.999594271183014,0.9992829488473947
20960,/home/yaxin/datasets/TacAct-original/4_6_L_1.xlsx,4,6,80,119.0,0.4306298792362213,354.2250061035156,533.0,0.09544769674539566,5,5,1,0.9999728202819824,0.9999728202819824,0.9999728202819824,0.9999646079659215
20961,/home/yaxin/datasets/TacAct-original/4_6_L_10.xlsx,4,6,80,125.0,0.46815595030784607,327.6000061035156,523.0,0.09794557839632034,5,5,1,0.9999560117721558,0.9999560117721558,0.9999560117721558,0.9999397052743006
20962,/home/yaxin/datasets/TacAct-original/4_6_L_11.xlsx,4,6,80,134.24276733398438,0.42979007959365845,305.7749938964844,493.0,0.09706505388021469,5,5,1,0.9999654293060304,0.9999654293060304,0.9999654293060304,0.9999535106826444
20963,/home/yaxin/datasets/TacAct-original/4_6_L_12.xlsx,4,6,80,136.23155212402344,0.41228780150413513,300.9624938964844,488.0,0.09937717020511627,5,5,1,0.9999428987503052,0.9999428987503052,0.9999428987503052,0.9999242305839289
20964,/home/yaxin/datasets/TacAct-original/4_6_L_13.xlsx,4,6,80,284.3957824707031,0.7228771448135376,366.07501220703125,548.0,0.1282578706741333,5,5,1,0.9998672008514404,0.9998672008514404,0.9998672008514404,0.99980937822329
20965,/home/yaxin/datasets/TacAct-original/4_6_L_14.xlsx,4,6,80,126.28763580322266,0.5032585859298706,360.7875061035156,539.0,0.10955103486776352,5,5,1,0.9997637867927552,0.9997637867927552,0.9997637867927552,0.9996336105978119
20966,/home/yaxin/datasets/TacAct-original/4_6_L_15.xlsx,4,6,80,132.2539825439453,0.4564651548862457,334.0375061035156,528.0,0.10396663099527359,5,5,1,0.9999574422836304,0.9999574422836304,0.9999574422836304,0.9999404951249744
20967,/home/yaxin/datasets/TacAct-original/4_6_L_16.xlsx,4,6,80,113.36055755615234,0.500022292137146,368.6625061035156,565.0,0.1169452890753746,5,5,1,0.9999427795410156,0.9999427795410156,0.9999427795410156,0.9999186020577326
20968,/home/yaxin/datasets/TacAct-original/4_6_L_17.xlsx,4,6,80,103.24299621582031,0.4170193672180176,347.0874938964844,514.0,0.0981563851237297,5,5,1,0.9999617338180542,0.9999617338180542,0.9999617338180542,0.9999469493459401
20969,/home/yaxin/datasets/TacAct-original/4_6_L_18.xlsx,4,6,80,115.04219818115234,0.40362757444381714,328.8374938964844,496.0,0.09609770029783249,5,5,1,0.999954104423523,0.999954104423523,0.999954104423523,0.9999403248966701
20970,/home/yaxin/datasets/TacAct-original/4_6_L_19.xlsx,4,6,80,102.0,0.44389551877975464,333.1000061035156,498.0,0.11376878619194031,5,5,1,0.9999639987945556,0.9999639987945556,0.9999639987945556,0.999949661751998
20971,/home/yaxin/datasets/TacAct-original/4_6_L_2.xlsx,4,6,80,105.74161529541016,0.5033324360847473,364.95001220703125,538.0,0.1119183674454689,5,5,1,0.999963641166687,0.999963641166687,0.999963641166687,0.9999521016479775
20972,/home/yaxin/datasets/TacAct-original/4_6_L_20.xlsx,4,6,80,152.0,0.5198418498039246,370.4375,524.0,0.10912004113197327,5,5,1,0.9999687671661376,0.9999687671661376,0.9999687671661376,0.9999589485159958
20973,/home/yaxin/datasets/TacAct-original/4_6_L_3.xlsx,4,6,80,142.19789123535156,0.5225717425346375,369.6000061035156,555.0,0.11366413533687592,5,5,1,0.9999582767486572,0.9999582767486572,0.9999582767486572,0.9999419872492581
20974,/home/yaxin/datasets/TacAct-original/4_6_L_4.xlsx,4,6,80,138.22032165527344,0.6338598132133484,408.20001220703125,598.0,0.1249987930059433,5,5,1,0.9999680519104004,0.9999680519104004,0.9999680519104004,0.999957136368721
20975,/home/yaxin/datasets/TacAct-original/4_6_L_5.xlsx,4,6,80,112.0,0.5880127549171448,381.1000061035156,559.0,0.12150833010673523,5,5,1,0.9999566078186036,0.9999566078186036,0.9999566078186036,0.999943104529848
20976,/home/yaxin/datasets/TacAct-original/4_6_L_6.xlsx,4,6,80,103.0,0.39287829399108887,319.67498779296875,467.0,0.09551739692687988,5,5,1,0.9996243715286256,0.9996243715286256,0.9996243715286256,0.9995184059298482
20977,/home/yaxin/datasets/TacAct-original/4_6_L_7.xlsx,4,6,80,126.28763580322266,0.41988715529441833,340.82501220703125,512.0,0.09265948832035065,5,5,1,0.9999281167984008,0.9999281167984008,0.9999281167984008,0.9999017024565545
20978,/home/yaxin/datasets/TacAct-original/4_6_L_8.xlsx,4,6,80,182.0,0.4514712691307068,329.1625061035156,516.0,0.09803608804941177,5,5,1,0.9999778270721436,0.9999778270721436,0.9999778270721436,0.9999709729249844
20979,/home/yaxin/datasets/TacAct-original/4_6_L_9.xlsx,4,6,80,120.3212890625,0.4125390648841858,332.67498779296875,502.0,0.09440302848815918,5,5,1,0.9999417066574096,0.9999417066574096,0.9999417066574096,0.9999214077452051
20980,/home/yaxin/datasets/TacAct-original/4_6_R_1.xlsx,4,6,80,132.0,0.5065051317214966,368.82501220703125,543.0,0.10137651860713959,5,5,1,0.9999710321426392,0.9999710321426392,0.9999710321426392,0.9999612913743476
20981,/home/yaxin/datasets/TacAct-original/4_6_R_10.xlsx,4,6,80,123.3044662475586,0.39663368463516235,296.17498779296875,498.0,0.10590258985757828,5,5,1,0.9999414682388306,0.9999414682388306,0.9999414682388306,0.9999236766743707
20982,/home/yaxin/datasets/TacAct-original/4_6_R_11.xlsx,4,6,80,137.0,0.39319485425949097,299.5874938964844,462.0,0.09906575083732605,5,5,1,0.9999332427978516,0.9999332427978516,0.9999332427978516,0.9999124492442206
20983,/home/yaxin/datasets/TacAct-original/4_6_R_12.xlsx,4,6,80,121.81847381591797,0.4415721893310547,338.25,520.0,0.1032036542892456,5,5,1,0.9999269247055054,0.9999269247055054,0.9999269247055054,0.9999009496787039
20984,/home/yaxin/datasets/TacAct-original/4_6_R_13.xlsx,4,6,80,103.0,0.3676646649837494,308.0,505.0,0.09732016175985336,5,5,1,0.9999226331710817,0.9999226331710817,0.9999226331710817,0.9998914698699083
20985,/home/yaxin/datasets/TacAct-original/4_6_R_14.xlsx,4,6,80,131.2595977783203,0.41571035981178284,343.6875,498.0,0.09936901181936264,5,5,1,0.9999710321426392,0.9999710321426392,0.9999710321426392,0.999961455241646
20986,/home/yaxin/datasets/TacAct-original/4_6_R_15.xlsx,4,6,80,192.0,0.5531960725784302,356.8125,527.0,0.10997661203145981,5,5,1,0.9999538660049438,0.9999538660049438,0.9999538660049438,0.999939721694318
20987,/home/yaxin/datasets/TacAct-original/4_6_R_16.xlsx,4,6,80,126.28763580322266,0.6584256887435913,393.0,568.0,0.131381556391716,5,5,1,0.9997361302375792,0.9997361302375792,0.9997361302375792,0.9995757717697416
20988,/home/yaxin/datasets/TacAct-original/4_6_R_17.xlsx,4,6,80,172.07167053222656,0.4773480296134949,345.5375061035156,544.0,0.09928330779075623,5,5,1,0.9999732971191406,0.9999732971191406,0.9999732971191406,0.999964055381497
20989,/home/yaxin/datasets/TacAct-original/4_6_R_18.xlsx,4,6,80,109.38299560546875,0.5023311376571655,352.2124938964844,501.0,0.10151524841785431,5,5,1,0.99993634223938,0.99993634223938,0.99993634223938,0.9999149113627938
20990,/home/yaxin/datasets/TacAct-original/4_6_R_19.xlsx,4,6,80,100.0,0.4778994619846344,344.5874938964844,514.0,0.10566442459821701,5,5,1,0.9999582767486572,0.9999582767486572,0.9999582767486572,0.9999411487006
20991,/home/yaxin/datasets/TacAct-original/4_6_R_2.xlsx,4,6,80,110.37738037109375,0.5611759424209595,387.9624938964844,563.0,0.11634600907564163,5,5,1,0.9999781847000122,0.9999781847000122,0.9999781847000122,0.9999705242644268
20992,/home/yaxin/datasets/TacAct-original/4_6_R_20.xlsx,4,6,80,182.0,0.4677320420742035,328.20001220703125,505.0,0.10751236230134964,5,5,1,0.9999796152114868,0.9999796152114868,0.9999796152114868,0.9999730554568487
20993,/home/yaxin/datasets/TacAct-original/4_6_R_3.xlsx,4,6,80,116.2722396850586,0.5685059428215027,358.7875061035156,582.0,0.1308390349149704,5,5,1,0.999946117401123,0.999946117401123,0.999946117401123,0.9999222910573735
20994,/home/yaxin/datasets/TacAct-original/4_6_R_4.xlsx,4,6,80,127.0,0.4294639527797699,338.8125,485.0,0.09024628251791,5,5,1,0.9999735355377196,0.9999735355377196,0.9999735355377196,0.9999648651119059
20995,/home/yaxin/datasets/TacAct-original/4_6_R_5.xlsx,4,6,80,99.4390869140625,0.429637610912323,340.92498779296875,509.0,0.09061455726623535,5,5,1,0.9997074007987976,0.9997074007987976,0.9997074007987976,0.99957782990532
20996,/home/yaxin/datasets/TacAct-original/4_6_R_6.xlsx,4,6,80,176.0,0.5952561497688293,359.125,522.0,0.1098223328590393,5,5,1,0.9999098777770996,0.9999098777770996,0.9999098777770996,0.9998812880985497
20997,/home/yaxin/datasets/TacAct-original/4_6_R_7.xlsx,4,6,80,380.0,0.5898681879043579,366.4375,538.0,0.10405009239912033,5,5,1,0.9999271631240844,0.9999271631240844,0.9999271631240844,0.9999040376151241
20998,/home/yaxin/datasets/TacAct-original/4_6_R_8.xlsx,4,6,80,198.0,0.4753764271736145,333.76251220703125,514.0,0.09934396296739578,5,5,1,0.9999603033065796,0.9999603033065796,0.9999603033065796,0.9999490095206056
20999,/home/yaxin/datasets/TacAct-original/4_6_R_9.xlsx,4,6,80,139.2147216796875,0.4468197822570801,316.36248779296875,506.0,0.10262395441532135,5,5,1,0.9999659061431884,0.9999659061431884,0.9999659061431884,0.9999542665946136
21000,/home/yaxin/datasets/TacAct-original/4_7_L_1.xlsx,4,7,80,201.86134338378906,2.6862525939941406,649.9749755859375,905.0,0.4025343954563141,6,6,1,0.9995645880699158,0.9995645880699158,0.9995645880699158,0.9993507895123913
21001,/home/yaxin/datasets/TacAct-original/4_7_L_10.xlsx,4,7,80,815.0,2.709437131881714,635.1375122070312,915.0,0.5055524706840515,6,6,1,0.9997147917747498,0.9997147917747498,0.9997147917747498,0.9996242588022142
21002,/home/yaxin/datasets/TacAct-original/4_7_L_11.xlsx,4,7,80,168.0520477294922,2.393890380859375,613.7999877929688,884.0,0.4255533218383789,6,6,1,0.9997695088386536,0.9997695088386536,0.9997695088386536,0.999698161976994
21003,/home/yaxin/datasets/TacAct-original/4_7_L_12.xlsx,4,7,80,815.0,3.4810593128204346,718.6124877929688,917.0,0.4101113975048065,6,6,1,0.9995645880699158,0.9995645880699158,0.9995645880699158,0.9994379100971855
21004,/home/yaxin/datasets/TacAct-original/4_7_L_13.xlsx,4,7,80,141.20350646972656,2.256866455078125,633.2625122070312,832.0,0.33294376730918884,6,6,1,0.999582588672638,0.999582588672638,0.999582588672638,0.99943061209342
21005,/home/yaxin/datasets/TacAct-original/4_7_L_14.xlsx,4,7,80,199.87255859375,2.937394618988037,687.0875244140625,936.0,0.40666571259498596,6,6,1,0.9996610879898072,0.9996610879898072,0.9996610879898072,0.9995502270030557
21006,/home/yaxin/datasets/TacAct-original/4_7_L_15.xlsx,4,7,80,230.0843963623047,2.7702713012695312,654.7249755859375,857.0,0.37854713201522827,6,6,1,0.9995808005332948,0.9995808005332948,0.9995808005332948,0.9994262519612677
21007,/home/yaxin/datasets/TacAct-original/4_7_L_16.xlsx,4,7,80,816.0,3.3369030952453613,697.0625,939.0,0.45237311720848083,6,6,1,0.9996080994606018,0.9996080994606018,0.9996080994606018,0.9994596761534922
21008,/home/yaxin/datasets/TacAct-original/4_7_L_17.xlsx,4,7,80,184.95669555664062,2.403049945831299,635.1749877929688,883.0,0.42517364025115967,6,6,1,0.9995582699775696,0.9995582699775696,0.9995582699775696,0.9993852040352068
21009,/home/yaxin/datasets/TacAct-original/4_7_L_18.xlsx,4,7,80,451.4945068359375,2.6630699634552,652.5999755859375,947.0,0.4726940095424652,6,6,1,0.9995936751365662,0.9995936751365662,0.9995936751365662,0.999452715361258
21010,/home/yaxin/datasets/TacAct-original/4_7_L_19.xlsx,4,7,80,177.9712677001953,2.8899216651916504,652.8125,900.0,0.3877229392528534,6,6,1,0.9995678067207336,0.9995678067207336,0.9995678067207336,0.9993869866302704
21011,/home/yaxin/datasets/TacAct-original/4_7_L_2.xlsx,4,7,80,191.9174346923828,2.5607361793518066,651.0374755859375,905.0,0.4029582142829895,6,6,1,0.9993470311164856,0.9993470311164856,0.9993470311164856,0.9989757584407926
21012,/home/yaxin/datasets/TacAct-original/4_7_L_20.xlsx,4,7,80,215.0,3.1136062145233154,676.9749755859375,935.0,0.4174937605857849,6,6,1,0.9996367692947388,0.9996367692947388,0.9996367692947388,0.9994993413856719
21013,/home/yaxin/datasets/TacAct-original/4_7_L_3.xlsx,4,7,80,802.3455810546875,2.7611312866210938,675.8499755859375,922.0,0.4918195605278015,6,6,1,0.999614715576172,0.999614715576172,0.999614715576172,0.99947709319531
21014,/home/yaxin/datasets/TacAct-original/4_7_L_4.xlsx,4,7,80,112.1285629272461,2.1791012287139893,600.9874877929688,845.0,0.39009344577789307,6,6,1,0.9991869330406188,0.9991869330406188,0.9991869330406188,0.9988539917685557
21015,/home/yaxin/datasets/TacAct-original/4_7_L_5.xlsx,4,7,80,206.0,2.6147122383117676,631.8125,907.0,0.44158607721328735,6,6,1,0.9997478127479552,0.9997478127479552,0.9997478127479552,0.9996550672731245
21016,/home/yaxin/datasets/TacAct-original/4_7_L_6.xlsx,4,7,80,152.1417999267578,2.20389723777771,624.0875244140625,878.0,0.4004392623901367,6,6,1,0.9992190599441528,0.9992190599441528,0.9992190599441528,0.9988597804622259
21017,/home/yaxin/datasets/TacAct-original/4_7_L_7.xlsx,4,7,80,143.0,2.3232626914978027,650.5499877929688,867.0,0.3815911114215851,6,6,1,0.9996662139892578,0.9996662139892578,0.9996662139892578,0.9995617518798099
21018,/home/yaxin/datasets/TacAct-original/4_7_L_8.xlsx,4,7,80,205.0,2.987131118774414,656.1624755859375,955.0,0.49345746636390686,6,6,1,0.9997809529304504,0.9997809529304504,0.9997809529304504,0.9997028204234084
21019,/home/yaxin/datasets/TacAct-original/4_7_L_9.xlsx,4,7,80,202.0,2.5497560501098633,631.6624755859375,923.0,0.4458993375301361,6,6,1,0.9998098015785216,0.9998098015785216,0.9998098015785216,0.9997420886647886
21020,/home/yaxin/datasets/TacAct-original/4_7_R_1.xlsx,4,7,80,195.0,2.7533514499664307,580.5250244140625,892.0,0.37829142808914185,6,6,1,0.999642252922058,0.999642252922058,0.999642252922058,0.9994836690311785
21021,/home/yaxin/datasets/TacAct-original/4_7_R_10.xlsx,4,7,80,168.0,3.130571126937866,588.1749877929688,878.0,0.391710489988327,6,6,1,0.9997671246528624,0.9997671246528624,0.9997671246528624,0.9996913661598227
21022,/home/yaxin/datasets/TacAct-original/4_7_R_11.xlsx,4,7,80,250.0,2.8697474002838135,558.4874877929688,897.0,0.3763052225112915,6,6,1,0.9997907280921936,0.9997907280921936,0.9997907280921936,0.9997256803399068
21023,/home/yaxin/datasets/TacAct-original/4_7_R_12.xlsx,4,7,80,192.84176635742188,2.960578203201294,565.5499877929688,856.0,0.4085702896118164,6,6,1,0.9998043179512024,0.9998043179512024,0.9998043179512024,0.9997317910092534
21024,/home/yaxin/datasets/TacAct-original/4_7_R_13.xlsx,4,7,80,188.93426513671875,2.346034526824951,570.2000122070312,885.0,0.36611729860305786,6,6,1,0.9997357726097108,0.9997357726097108,0.9997357726097108,0.9996454409265426
21025,/home/yaxin/datasets/TacAct-original/4_7_R_14.xlsx,4,7,80,215.52903747558594,2.667369842529297,541.1749877929688,903.0,0.41977643966674805,6,6,1,0.9998121857643129,0.9998121857643129,0.9998121857643129,0.9997416513651843
21026,/home/yaxin/datasets/TacAct-original/4_7_R_15.xlsx,4,7,80,208.82208251953125,2.5304322242736816,554.0,941.0,0.4213683307170868,6,6,1,0.9998136162757874,0.9998136162757874,0.9998136162757874,0.9997440491133602
21027,/home/yaxin/datasets/TacAct-original/4_7_R_16.xlsx,4,7,80,234.43508911132812,2.7497589588165283,582.6375122070312,911.0,0.3927769362926483,6,6,1,0.999755561351776,0.999755561351776,0.999755561351776,0.999654269478924
21028,/home/yaxin/datasets/TacAct-original/4_7_R_17.xlsx,4,7,80,194.3294677734375,2.9620509147644043,587.7249755859375,928.0,0.37089139223098755,6,6,1,0.9998096823692322,0.9998096823692322,0.9998096823692322,0.9997420303843683
21029,/home/yaxin/datasets/TacAct-original/4_7_R_18.xlsx,4,7,80,217.0,2.7199289798736572,543.3875122070312,834.0,0.3656728267669678,6,6,1,0.9997718930244446,0.9997718930244446,0.9997718930244446,0.9996789436045219
21030,/home/yaxin/datasets/TacAct-original/4_7_R_19.xlsx,4,7,80,176.00718688964844,2.5355048179626465,558.7750244140625,920.0,0.35288867354393005,6,6,1,0.999737560749054,0.999737560749054,0.999737560749054,0.9996313010051382
21031,/home/yaxin/datasets/TacAct-original/4_7_R_2.xlsx,4,7,80,141.0,2.7156825065612793,554.3375244140625,835.0,0.39019742608070374,6,6,1,0.999778926372528,0.999778926372528,0.999778926372528,0.9996770829093292
21032,/home/yaxin/datasets/TacAct-original/4_7_R_20.xlsx,4,7,80,173.0240020751953,2.752589464187622,529.7249755859375,854.0,0.35678085684776306,6,6,1,0.99960595369339,0.99960595369339,0.99960595369339,0.999400832661195
21033,/home/yaxin/datasets/TacAct-original/4_7_R_3.xlsx,4,7,80,199.0,2.857820510864258,568.2000122070312,903.0,0.43422985076904297,6,6,1,0.9997971653938292,0.9997971653938292,0.9997971653938292,0.9997182859297026
21034,/home/yaxin/datasets/TacAct-original/4_7_R_4.xlsx,4,7,80,193.90621948242188,2.6733646392822266,552.75,846.0,0.4314877986907959,6,6,1,0.9998210072517396,0.9998210072517396,0.9998210072517396,0.999752816547698
21035,/home/yaxin/datasets/TacAct-original/4_7_R_5.xlsx,4,7,80,227.81797790527344,2.9006030559539795,632.4749755859375,903.0,0.3881218135356903,6,6,1,0.9996019005775452,0.9996019005775452,0.9996019005775452,0.9994120476912941
21036,/home/yaxin/datasets/TacAct-original/4_7_R_6.xlsx,4,7,80,192.53997802734375,2.590697765350342,575.8375244140625,821.0,0.35355478525161743,6,6,1,0.999779999256134,0.999779999256134,0.999779999256134,0.9996906995002064
21037,/home/yaxin/datasets/TacAct-original/4_7_R_7.xlsx,4,7,80,251.37144470214844,2.03084135055542,548.0625,935.0,0.3891015648841858,6,6,1,0.9998445510864258,0.9998445510864258,0.9998445510864258,0.9997898347755836
21038,/home/yaxin/datasets/TacAct-original/4_7_R_8.xlsx,4,7,80,190.75372314453125,2.437168836593628,566.0,858.0,0.3769652843475342,6,6,1,0.9998214840888976,0.9998214840888976,0.9998214840888976,0.9997624393581644
21039,/home/yaxin/datasets/TacAct-original/4_7_R_9.xlsx,4,7,80,227.7154998779297,2.6151299476623535,563.3250122070312,903.0,0.4000677764415741,6,6,1,0.9998406171798706,0.9998406171798706,0.9998406171798706,0.9997879338079656
21040,/home/yaxin/datasets/TacAct-original/4_8_L_1.xlsx,4,8,80,149.0,0.21066930890083313,205.83749389648438,561.0,0.10825600475072861,7,7,1,0.997247874736786,0.997247874736786,0.997247874736786,0.9955155390780421
21041,/home/yaxin/datasets/TacAct-original/4_8_L_10.xlsx,4,8,80,177.0,0.20815865695476532,191.83749389648438,635.0,0.1267164945602417,7,7,1,0.996466875076294,0.996466875076294,0.996466875076294,0.9942017998546362
21042,/home/yaxin/datasets/TacAct-original/4_8_L_11.xlsx,4,8,80,132.2539825439453,0.1986275464296341,189.8625030517578,583.0,0.10899049788713455,7,7,1,0.9956511855125428,0.9956511855125428,0.9956511855125428,0.993054292863235
21043,/home/yaxin/datasets/TacAct-original/4_8_L_12.xlsx,4,8,80,112.0,0.22890456020832062,219.66250610351562,622.0,0.11842494457960129,7,7,1,0.9963219165802002,0.9963219165802002,0.9963219165802002,0.9940809907857329
21044,/home/yaxin/datasets/TacAct-original/4_8_L_13.xlsx,4,8,80,55.0,0.18115539848804474,201.02499389648438,569.0,0.09463940560817719,7,7,1,0.9971578121185304,0.9971578121185304,0.9971578121185304,0.9953158969292419
21045,/home/yaxin/datasets/TacAct-original/4_8_L_14.xlsx,4,8,80,176.0,0.33014729619026184,223.33749389648438,650.0,0.13454373180866241,7,7,1,0.99637371301651,0.99637371301651,0.99637371301651,0.9941255487501622
21046,/home/yaxin/datasets/TacAct-original/4_8_L_15.xlsx,4,8,80,101.0,0.18405839800834656,189.1374969482422,597.0,0.0976797491312027,7,7,1,0.9954079985618592,0.9954079985618592,0.9954079985618592,0.9927504376973958
21047,/home/yaxin/datasets/TacAct-original/4_8_L_16.xlsx,4,8,80,269.0,0.25954535603523254,218.625,648.0,0.14053387939929962,7,7,1,0.9971714615821838,0.9971714615821838,0.9971714615821838,0.9953361282823607
21048,/home/yaxin/datasets/TacAct-original/4_8_L_17.xlsx,4,8,80,101.0,0.2268882691860199,165.6374969482422,648.0,0.12211095541715622,7,7,1,0.9964364767074584,0.9964364767074584,0.9964364767074584,0.9942406988702713
21049,/home/yaxin/datasets/TacAct-original/4_8_L_18.xlsx,4,8,80,80.62786865234375,0.19853022694587708,211.8249969482422,614.0,0.1039772778749466,7,7,1,0.9950579404830932,0.9950579404830932,0.9950579404830932,0.9921701685525477
21050,/home/yaxin/datasets/TacAct-original/4_8_L_19.xlsx,4,8,80,123.8916015625,0.17846915125846863,195.47500610351562,576.0,0.10035000741481781,7,7,1,0.9957214593887328,0.9957214593887328,0.9957214593887328,0.9932666297536343
21051,/home/yaxin/datasets/TacAct-original/4_8_L_2.xlsx,4,8,80,164.0,0.22584228217601776,212.72500610351562,603.0,0.11302204430103302,7,7,1,0.995448648929596,0.995448648929596,0.995448648929596,0.9927362271118909
21052,/home/yaxin/datasets/TacAct-original/4_8_L_20.xlsx,4,8,80,66.0,0.14307650923728943,189.03750610351562,598.0,0.08184437453746796,7,7,1,0.9966834187507628,0.9966834187507628,0.9966834187507628,0.9946742474567144
21053,/home/yaxin/datasets/TacAct-original/4_8_L_3.xlsx,4,8,80,102.25973510742188,0.1884472817182541,183.0124969482422,595.0,0.10230907052755356,7,7,1,0.9918023943901062,0.9918023943901062,0.9918023943901062,0.9881424696650357
21054,/home/yaxin/datasets/TacAct-original/4_8_L_4.xlsx,4,8,80,192.0,0.2662850022315979,247.14999389648438,565.0,0.12634170055389404,7,7,1,0.9735573530197144,0.9735573530197144,0.9735573530197144,0.9589651869609953
21055,/home/yaxin/datasets/TacAct-original/4_8_L_5.xlsx,4,8,80,169.0,0.23282405734062195,231.8625030517578,615.0,0.12191317230463028,7,7,1,0.9962708950042723,0.9962708950042723,0.9962708950042723,0.9938507231418042
21056,/home/yaxin/datasets/TacAct-original/4_8_L_6.xlsx,4,8,80,73.0,0.1623317301273346,225.3874969482422,487.0,0.08161762356758118,7,7,1,0.980158507823944,0.980158507823944,0.980158507823944,0.9681920111179351
21057,/home/yaxin/datasets/TacAct-original/4_8_L_7.xlsx,4,8,80,162.0,0.2241901457309723,217.4375,609.0,0.1110892966389656,7,7,1,0.9964195489883424,0.9964195489883424,0.9964195489883424,0.994248502654955
21058,/home/yaxin/datasets/TacAct-original/4_8_L_8.xlsx,4,8,80,119.326904296875,0.1940757930278778,180.35000610351562,577.0,0.11020863056182861,7,7,1,0.9935476183891296,0.9935476183891296,0.9935476183891296,0.9903595480136573
21059,/home/yaxin/datasets/TacAct-original/4_8_L_9.xlsx,4,8,80,123.0,0.25992104411125183,225.91250610351562,642.0,0.12320350855588913,7,7,1,0.9960429668426514,0.9960429668426514,0.9960429668426514,0.9935574717819692
21060,/home/yaxin/datasets/TacAct-original/4_8_R_1.xlsx,4,8,80,151.0,0.2027904987335205,202.0625,647.0,0.1129845380783081,7,7,1,0.9916581511497498,0.9916581511497498,0.9916581511497498,0.9879779752809554
21061,/home/yaxin/datasets/TacAct-original/4_8_R_10.xlsx,4,8,80,140.0,0.4090610146522522,283.7250061035156,733.0,0.18886379897594452,7,7,1,0.996082365512848,0.996082365512848,0.996082365512848,0.9941337067866699
21062,/home/yaxin/datasets/TacAct-original/4_8_R_11.xlsx,4,8,80,119.95853424072266,0.43925613164901733,277.7124938964844,669.0,0.1858675479888916,7,7,1,0.9956626296043396,0.9956626296043396,0.9956626296043396,0.9935178798623384
21063,/home/yaxin/datasets/TacAct-original/4_8_R_12.xlsx,4,8,80,141.0,0.3467474579811096,250.4875030517578,711.0,0.1743367314338684,7,7,1,0.9970988035202026,0.9970988035202026,0.9970988035202026,0.9954488744260743
21064,/home/yaxin/datasets/TacAct-original/4_8_R_13.xlsx,4,8,80,179.0,0.38584429025650024,245.875,682.0,0.1814321130514145,7,7,1,0.9971714615821838,0.9971714615821838,0.9971714615821838,0.9954769047908485
21065,/home/yaxin/datasets/TacAct-original/4_8_R_14.xlsx,4,8,80,155.0,0.2571486830711365,226.875,673.0,0.15620848536491394,7,7,1,0.997227132320404,0.997227132320404,0.997227132320404,0.995613712235354
21066,/home/yaxin/datasets/TacAct-original/4_8_R_15.xlsx,4,8,80,217.0,0.4061276316642761,278.63751220703125,700.0,0.1827946901321411,7,7,1,0.9954089522361756,0.9954089522361756,0.9954089522361756,0.9931129456963391
21067,/home/yaxin/datasets/TacAct-original/4_8_R_16.xlsx,4,8,80,144.0,0.45659083127975464,282.70001220703125,668.0,0.20882874727249146,7,7,1,0.9969973564147948,0.9969973564147948,0.9969973564147948,0.9952331305248662
21068,/home/yaxin/datasets/TacAct-original/4_8_R_17.xlsx,4,8,80,109.0,0.35938239097595215,267.82501220703125,711.0,0.19499582052230835,7,7,1,0.9973018169403076,0.9973018169403076,0.9973018169403076,0.9957898174179718
21069,/home/yaxin/datasets/TacAct-original/4_8_R_18.xlsx,4,8,80,137.22593688964844,0.3916556239128113,265.5,718.0,0.17751938104629517,7,7,1,0.9972313046455384,0.9972313046455384,0.9972313046455384,0.995642551686615
21070,/home/yaxin/datasets/TacAct-original/4_8_R_19.xlsx,4,8,80,152.0,0.45243436098098755,290.92498779296875,719.0,0.18406353890895844,7,7,1,0.9959716200828552,0.9959716200828552,0.9959716200828552,0.994037720374763
21071,/home/yaxin/datasets/TacAct-original/4_8_R_2.xlsx,4,8,80,204.0,0.2772233486175537,229.91250610351562,657.0,0.14118093252182007,7,7,1,0.996960699558258,0.996960699558258,0.996960699558258,0.9950179047882557
21072,/home/yaxin/datasets/TacAct-original/4_8_R_20.xlsx,4,8,80,146.0,0.5372427105903625,298.8374938964844,697.0,0.1890030950307846,7,7,1,0.9968373775482178,0.9968373775482178,0.9968373775482178,0.995139477425255
21073,/home/yaxin/datasets/TacAct-original/4_8_R_3.xlsx,4,8,80,152.4063262939453,0.3701295554637909,243.2624969482422,676.0,0.15815874934196472,7,7,1,0.994681179523468,0.994681179523468,0.994681179523468,0.9921266625169665
21074,/home/yaxin/datasets/TacAct-original/4_8_R_4.xlsx,4,8,80,173.0,0.3068159222602844,226.625,634.0,0.15044984221458435,7,7,1,0.9966378211975098,0.9966378211975098,0.9966378211975098,0.9947724788216875
21075,/home/yaxin/datasets/TacAct-original/4_8_R_5.xlsx,4,8,80,158.30592346191406,0.31327375769615173,225.7624969482422,671.0,0.15917851030826569,7,7,1,0.9967897534370422,0.9967897534370422,0.9967897534370422,0.9950097111286597
21076,/home/yaxin/datasets/TacAct-original/4_8_R_6.xlsx,4,8,80,159.0,0.2332099974155426,220.875,657.0,0.1355968713760376,7,7,1,0.9968173503875732,0.9968173503875732,0.9968173503875732,0.9950338033959271
21077,/home/yaxin/datasets/TacAct-original/4_8_R_7.xlsx,4,8,80,163.0,0.32733651995658875,239.3125,683.0,0.15365132689476013,7,7,1,0.9958414435386658,0.9958414435386658,0.9958414435386658,0.9937222523149104
21078,/home/yaxin/datasets/TacAct-original/4_8_R_8.xlsx,4,8,80,170.0,0.2842036485671997,242.2375030517578,640.0,0.16829529404640198,7,7,1,0.9973145127296448,0.9973145127296448,0.9973145127296448,0.9956297877943143
21079,/home/yaxin/datasets/TacAct-original/4_8_R_9.xlsx,4,8,80,125.0,0.2885107696056366,257.0,671.0,0.14098840951919556,7,7,1,0.9967807531356812,0.9967807531356812,0.9967807531356812,0.9949688204796986
21080,/home/yaxin/datasets/TacAct-original/4_9_L_1.xlsx,4,9,80,74.84599304199219,0.6728750467300415,387.63751220703125,687.0,0.22436296939849854,8,8,1,0.9996150732040404,0.9996150732040404,0.9996150732040404,0.9993789191648829
21081,/home/yaxin/datasets/TacAct-original/4_9_L_10.xlsx,4,9,80,164.0,0.7097287178039551,379.625,614.0,0.288368284702301,8,8,1,0.9999794960021972,0.9999794960021972,0.9999794960021972,0.9999656548689017
21082,/home/yaxin/datasets/TacAct-original/4_9_L_11.xlsx,4,9,80,100.0,0.8145383596420288,446.45001220703125,669.0,0.26901867985725403,8,8,1,0.9999639987945556,0.9999639987945556,0.9999639987945556,0.9999438420654768
21083,/home/yaxin/datasets/TacAct-original/4_9_L_12.xlsx,4,9,80,77.67806243896484,0.5600425004959106,395.75,614.0,0.21622616052627563,8,8,1,0.999884843826294,0.999884843826294,0.999884843826294,0.9998408393512364
21084,/home/yaxin/datasets/TacAct-original/4_9_L_13.xlsx,4,9,80,106.19279479980469,0.9652341604232788,465.70001220703125,714.0,0.3426890969276428,8,8,1,0.9999693632125854,0.9999693632125854,0.9999693632125854,0.9999500893773074
21085,/home/yaxin/datasets/TacAct-original/4_9_L_14.xlsx,4,9,80,191.0,0.7225203514099121,413.4750061035156,632.0,0.2905082702636719,8,8,1,0.99989914894104,0.99989914894104,0.99989914894104,0.99985764975645
21086,/home/yaxin/datasets/TacAct-original/4_9_L_15.xlsx,4,9,80,101.42786407470703,0.8620021939277649,433.38751220703125,713.0,0.2838951647281647,8,8,1,0.9999626874923706,0.9999626874923706,0.9999626874923706,0.9999442825846927
21087,/home/yaxin/datasets/TacAct-original/4_9_L_16.xlsx,4,9,80,130.4517822265625,0.7747769355773926,451.20001220703125,617.0,0.3193577229976654,8,8,1,0.999986171722412,0.999986171722412,0.999986171722412,0.9999772417495477
21088,/home/yaxin/datasets/TacAct-original/4_9_L_17.xlsx,4,9,80,82.6384048461914,0.9051181674003601,445.23748779296875,699.0,0.29479020833969116,8,8,1,0.9999392032623292,0.9999392032623292,0.9999392032623292,0.9999160007537286
21089,/home/yaxin/datasets/TacAct-original/4_9_L_18.xlsx,4,9,80,188.0,0.9196699857711792,451.2250061035156,656.0,0.3442077338695526,8,8,1,0.9999498128890992,0.9999498128890992,0.9999498128890992,0.999918879762845
21090,/home/yaxin/datasets/TacAct-original/4_9_L_19.xlsx,4,9,80,78.31187438964844,0.9376500844955444,450.4750061035156,713.0,0.3039616346359253,8,8,1,0.9999372959136964,0.9999372959136964,0.9999372959136964,0.9999100655968506
21091,/home/yaxin/datasets/TacAct-original/4_9_L_2.xlsx,4,9,80,77.51483154296875,0.6017521023750305,381.4375,631.0,0.2598211169242859,8,8,1,0.9999889135360718,0.9999889135360718,0.9999889135360718,0.9999824871902092
21092,/home/yaxin/datasets/TacAct-original/4_9_L_20.xlsx,4,9,80,227.7154998779297,0.8718452453613281,435.3999938964844,629.0,0.33574995398521423,8,8,1,0.9999679327011108,0.9999679327011108,0.9999679327011108,0.9999469316589966
21093,/home/yaxin/datasets/TacAct-original/4_9_L_3.xlsx,4,9,80,80.0,0.6864011883735657,398.0,660.0,0.23392198979854584,8,8,1,0.9999338388442992,0.9999338388442992,0.9999338388442992,0.9999060915652079
21094,/home/yaxin/datasets/TacAct-original/4_9_L_4.xlsx,4,9,80,149.15863037109375,0.8982667922973633,469.82501220703125,716.0,0.2709220051765442,8,8,1,0.9997438788414,0.9997438788414,0.9997438788414,0.9996515504535636
21095,/home/yaxin/datasets/TacAct-original/4_9_L_5.xlsx,4,9,80,72.30020904541016,0.7715531587600708,444.375,672.0,0.25328072905540466,8,8,1,0.9998292922973632,0.9998292922973632,0.9998292922973632,0.999739742008387
21096,/home/yaxin/datasets/TacAct-original/4_9_L_6.xlsx,4,9,80,146.50672912597656,0.671821653842926,387.7250061035156,625.0,0.2596476078033447,8,8,1,0.999980330467224,0.999980330467224,0.999980330467224,0.9999713266961406
21097,/home/yaxin/datasets/TacAct-original/4_9_L_7.xlsx,4,9,80,76.28418731689453,0.7457300424575806,435.7124938964844,677.0,0.2412167340517044,8,8,1,0.9998989105224608,0.9998989105224608,0.9998989105224608,0.9998245796887203
21098,/home/yaxin/datasets/TacAct-original/4_9_L_8.xlsx,4,9,80,103.36750793457031,0.7967203259468079,428.9375,662.0,0.2899717390537262,8,8,1,0.9998875856399536,0.9998875856399536,0.9998875856399536,0.9998254841630114
21099,/home/yaxin/datasets/TacAct-original/4_9_L_9.xlsx,4,9,80,83.7191390991211,0.7677663564682007,417.5,658.0,0.2685142755508423,8,8,1,0.9999350309371948,0.9999350309371948,0.9999350309371948,0.9998893958254484
21100,/home/yaxin/datasets/TacAct-original/4_9_R_1.xlsx,4,9,80,98.00238037109375,0.7128161191940308,371.1499938964844,668.0,0.30775246024131775,8,8,1,0.9999558925628662,0.9999558925628662,0.9999558925628662,0.999937765462164
21101,/home/yaxin/datasets/TacAct-original/4_9_R_10.xlsx,4,9,80,120.05345153808594,0.5863836407661438,399.5625,627.0,0.27412688732147217,8,8,1,0.9998648166656494,0.9998648166656494,0.9998648166656494,0.9997815879978589
21102,/home/yaxin/datasets/TacAct-original/4_9_R_11.xlsx,4,9,80,76.6948013305664,0.8368291854858398,445.92498779296875,696.0,0.25220590829849243,8,8,1,0.9999587535858154,0.9999587535858154,0.9999587535858154,0.9999368667013186
21103,/home/yaxin/datasets/TacAct-original/4_9_R_12.xlsx,4,9,80,80.8796157836914,0.694609522819519,432.45001220703125,674.0,0.25169387459754944,8,8,1,0.9999189376831056,0.9999189376831056,0.9999189376831056,0.9998887994970574
21104,/home/yaxin/datasets/TacAct-original/4_9_R_13.xlsx,4,9,80,102.93769836425781,0.7731935381889343,416.42498779296875,656.0,0.32013505697250366,8,8,1,0.999976396560669,0.999976396560669,0.999976396560669,0.9999651887519576
21105,/home/yaxin/datasets/TacAct-original/4_9_R_14.xlsx,4,9,80,62.88486099243164,0.7075700759887695,401.79998779296875,686.0,0.2635051906108856,8,8,1,0.9999775886535645,0.9999775886535645,0.9999775886535645,0.9999618957826897
21106,/home/yaxin/datasets/TacAct-original/4_9_R_15.xlsx,4,9,80,130.51979064941406,0.5908216238021851,360.95001220703125,600.0,0.2367914468050003,8,8,1,0.9999711513519288,0.9999711513519288,0.9999711513519288,0.9999547087791144
21107,/home/yaxin/datasets/TacAct-original/4_9_R_16.xlsx,4,9,80,101.26912689208984,0.8204368352890015,429.76251220703125,682.0,0.2804830074310303,8,8,1,0.8390535116195679,0.8390535116195679,0.8390535116195679,0.6816688477993011
21108,/home/yaxin/datasets/TacAct-original/4_9_R_17.xlsx,4,9,80,130.7744598388672,0.8165796399116516,419.38751220703125,660.0,0.34837934374809265,8,8,1,0.9998873472213744,0.9998873472213744,0.9998873472213744,0.9998353330192912
21109,/home/yaxin/datasets/TacAct-original/4_9_R_18.xlsx,4,9,80,129.59120178222656,0.6275765299797058,403.6000061035156,624.0,0.2769137918949127,8,8,1,0.9999812841415404,0.9999812841415404,0.9999812841415404,0.9999738123251517
21110,/home/yaxin/datasets/TacAct-original/4_9_R_19.xlsx,4,9,80,98.2418441772461,0.7474328875541687,420.63751220703125,664.0,0.3278098702430725,8,8,1,0.9999395608901978,0.9999395608901978,0.9999395608901978,0.9999180289250944
21111,/home/yaxin/datasets/TacAct-original/4_9_R_2.xlsx,4,9,80,132.0,0.7669102549552917,377.1000061035156,675.0,0.28503790497779846,8,8,1,0.9999443292617798,0.9999443292617798,0.9999443292617798,0.9999265891019604
21112,/home/yaxin/datasets/TacAct-original/4_9_R_20.xlsx,4,9,80,80.44670867919922,0.9290794134140015,435.51251220703125,697.0,0.31941092014312744,8,8,1,0.9999344348907472,0.9999344348907472,0.9999344348907472,0.9998966912316974
21113,/home/yaxin/datasets/TacAct-original/4_9_R_3.xlsx,4,9,80,102.48095703125,0.562863826751709,391.6875,599.0,0.2590852379798889,8,8,1,0.9999405145645142,0.9999405145645142,0.9999405145645142,0.9999154654833546
21114,/home/yaxin/datasets/TacAct-original/4_9_R_4.xlsx,4,9,80,83.7601089477539,0.6048399209976196,365.48748779296875,676.0,0.22937820851802826,8,8,1,0.9999536275863647,0.9999536275863647,0.9999536275863647,0.9999249959455483
21115,/home/yaxin/datasets/TacAct-original/4_9_R_5.xlsx,4,9,80,98.8190689086914,0.6544247269630432,393.61248779296875,667.0,0.2575017809867859,8,8,1,0.999890685081482,0.999890685081482,0.999890685081482,0.9998467542718573
21116,/home/yaxin/datasets/TacAct-original/4_9_R_6.xlsx,4,9,80,106.19279479980469,0.7041510939598083,390.1625061035156,605.0,0.23811659216880798,8,8,1,0.9998868703842164,0.9998868703842164,0.9998868703842164,0.9998399491669262
21117,/home/yaxin/datasets/TacAct-original/4_9_R_7.xlsx,4,9,80,55.772865295410156,0.6455125212669373,405.25,699.0,0.2545318603515625,8,8,1,0.9996957778930664,0.9996957778930664,0.9996957778930664,0.9995160972757731
21118,/home/yaxin/datasets/TacAct-original/4_9_R_8.xlsx,4,9,80,120.8475570678711,0.7700685262680054,408.2875061035156,677.0,0.32509365677833557,8,8,1,0.9999805688858032,0.9999805688858032,0.9999805688858032,0.9999678883632441
21119,/home/yaxin/datasets/TacAct-original/4_9_R_9.xlsx,4,9,80,106.0,0.8170391321182251,425.0874938964844,704.0,0.3345867097377777,8,8,1,0.9999582767486572,0.9999582767486572,0.9999582767486572,0.9999316513112717
21600,/home/yaxin/datasets/TacAct-original/5_10_L_1.xlsx,5,10,80,123.0,0.5234023332595825,415.1875,785.0,0.2870471179485321,9,9,1,0.9999884366989136,0.9999884366989136,0.9999884366989136,0.9999817161160536
21601,/home/yaxin/datasets/TacAct-original/5_10_L_10.xlsx,5,10,80,161.4578094482422,0.7813495397567749,475.51251220703125,788.0,0.35252004861831665,9,9,1,0.7333614230155945,0.7333614230155945,0.7333614230155945,0.5567082762718201
21602,/home/yaxin/datasets/TacAct-original/5_10_L_11.xlsx,5,10,80,214.78842163085938,0.7978545427322388,467.48748779296875,795.0,0.39307302236557007,9,9,1,0.999990463256836,0.999990463256836,0.999990463256836,0.9999844420717637
21603,/home/yaxin/datasets/TacAct-original/5_10_L_12.xlsx,5,10,80,212.72561645507812,0.7400230765342712,414.2875061035156,734.0,0.40452292561531067,9,9,1,0.9999833106994628,0.9999833106994628,0.9999833106994628,0.9999738290753156
21604,/home/yaxin/datasets/TacAct-original/5_10_L_13.xlsx,5,10,80,199.1635284423828,0.5883495211601257,423.5249938964844,802.0,0.316182017326355,9,9,1,0.9999639987945556,0.9999639987945556,0.9999639987945556,0.9999389124786829
21605,/home/yaxin/datasets/TacAct-original/5_10_L_14.xlsx,5,10,80,188.11524963378906,0.7534383535385132,462.95001220703125,735.0,0.36805787682533264,9,10,0,0.9999167919158936,1.8329377780901268e-05,0.9999167919158936,0.999888978243689
21606,/home/yaxin/datasets/TacAct-original/5_10_L_15.xlsx,5,10,80,170.10513305664062,0.6805998682975769,477.9624938964844,764.0,0.3668023943901062,9,0,0,0.5200960636138916,0.0005329060368239,0.5200960636138916,0.17370080947875982
21607,/home/yaxin/datasets/TacAct-original/5_10_L_16.xlsx,5,10,80,253.0,0.6511098146438599,453.70001220703125,734.0,0.31424838304519653,9,9,1,0.999993085861206,0.999993085861206,0.999993085861206,0.9999891552124609
21608,/home/yaxin/datasets/TacAct-original/5_10_L_17.xlsx,5,10,80,279.4090270996094,0.7170445322990417,550.0499877929688,799.0,0.32144248485565186,9,10,0,0.9999154806137084,9.382434654980898e-06,0.9999154806137084,0.9998709551291539
21609,/home/yaxin/datasets/TacAct-original/5_10_L_18.xlsx,5,10,80,205.0,0.6826456189155579,471.5249938964844,798.0,0.34955692291259766,9,9,1,0.9335030913352966,0.9335030913352966,0.9335030913352966,0.87270525097847
21610,/home/yaxin/datasets/TacAct-original/5_10_L_19.xlsx,5,10,80,149.15863037109375,0.7207936644554138,560.4249877929688,841.0,0.32252517342567444,9,10,0,0.8825502991676331,0.0011064304271712,0.8825502991676331,0.7675289139151573
21611,/home/yaxin/datasets/TacAct-original/5_10_L_2.xlsx,5,10,80,207.71356201171875,0.6250076293945312,413.17498779296875,690.0,0.32239437103271484,9,9,1,0.9989258646965028,0.9989258646965028,0.9989258646965028,0.9982476736186074
21612,/home/yaxin/datasets/TacAct-original/5_10_L_20.xlsx,5,10,80,172.07167053222656,0.869010329246521,506.6000061035156,786.0,0.38522207736968994,9,9,1,0.9999613761901855,0.9999613761901855,0.9999613761901855,0.9999363722708949
21613,/home/yaxin/datasets/TacAct-original/5_10_L_3.xlsx,5,10,80,189.92864990234375,0.6247488856315613,424.3374938964844,820.0,0.3359363377094269,9,9,1,0.9999905824661256,0.9999905824661256,0.9999905824661256,0.9999861430396778
21614,/home/yaxin/datasets/TacAct-original/5_10_L_4.xlsx,5,10,80,190.75372314453125,0.7911231517791748,417.04998779296875,720.0,0.3690968453884125,9,9,1,0.8906388878822327,0.8906388878822327,0.8906388878822327,0.8102967590093613
21615,/home/yaxin/datasets/TacAct-original/5_10_L_5.xlsx,5,10,80,186.0,0.662812352180481,417.23748779296875,773.0,0.3457973897457123,9,10,0,0.9956973791122437,9.547660738462582e-05,0.9956973791122437,0.9936573635786773
21616,/home/yaxin/datasets/TacAct-original/5_10_L_6.xlsx,5,10,80,260.903564453125,0.9932653307914734,454.25,773.0,0.4111572504043579,9,9,1,0.9999656677246094,0.9999656677246094,0.9999656677246094,0.9999473430980288
21617,/home/yaxin/datasets/TacAct-original/5_10_L_7.xlsx,5,10,80,227.9334716796875,0.8475841283798218,455.01251220703125,821.0,0.40777328610420227,9,9,1,0.999974489212036,0.999974489212036,0.999974489212036,0.9999607148174617
21618,/home/yaxin/datasets/TacAct-original/5_10_L_8.xlsx,5,10,80,220.0,0.8447235822677612,444.13751220703125,791.0,0.4560464918613434,9,9,1,0.999969482421875,0.999969482421875,0.999969482421875,0.9999511686091864
21619,/home/yaxin/datasets/TacAct-original/5_10_L_9.xlsx,5,10,80,268.4317932128906,0.9755924940109253,438.3125,761.0,0.4603675305843353,9,9,1,0.9999583959579468,0.9999583959579468,0.9999583959579468,0.999937127047815
21620,/home/yaxin/datasets/TacAct-original/5_10_R_1.xlsx,5,10,80,176.00473022460938,0.790369987487793,451.61248779296875,802.0,0.35721951723098755,9,9,1,0.9999632835388184,0.9999632835388184,0.9999632835388184,0.9999417091112264
21621,/home/yaxin/datasets/TacAct-original/5_10_R_10.xlsx,5,10,80,193.9208526611328,0.6553454399108887,487.8125,839.0,0.2739174962043762,9,9,1,0.9999769926071168,0.9999769926071168,0.9999769926071168,0.9999642838374713
21622,/home/yaxin/datasets/TacAct-original/5_10_R_11.xlsx,5,10,80,173.0,0.5402328372001648,383.8125,700.0,0.28334710001945496,9,9,1,0.9999902248382568,0.9999902248382568,0.9999902248382568,0.9999850531585253
21623,/home/yaxin/datasets/TacAct-original/5_10_R_12.xlsx,5,10,80,153.0,0.612707793712616,424.17498779296875,765.0,0.2904452681541443,9,9,1,0.9999719858169556,0.9999719858169556,0.9999719858169556,0.9999608960115438
21624,/home/yaxin/datasets/TacAct-original/5_10_R_13.xlsx,5,10,80,170.10513305664062,0.6996381878852844,423.73748779296875,772.0,0.3310082256793976,9,9,1,0.9999356269836426,0.9999356269836426,0.9999356269836426,0.9999120814118214
21625,/home/yaxin/datasets/TacAct-original/5_10_R_14.xlsx,5,10,80,202.06398010253906,0.5990101099014282,440.20001220703125,750.0,0.2868540287017822,9,1,0,0.552721381187439,0.4300860464572906,0.552721381187439,0.12263533473014837
21626,/home/yaxin/datasets/TacAct-original/5_10_R_15.xlsx,5,10,80,138.0,0.44656696915626526,358.36248779296875,779.0,0.2660376727581024,9,9,1,0.999993085861206,0.999993085861206,0.999993085861206,0.9999893942137987
21627,/home/yaxin/datasets/TacAct-original/5_10_R_16.xlsx,5,10,80,163.0,0.6259775757789612,422.54998779296875,814.0,0.32435178756713867,9,9,1,0.9999250173568726,0.9999250173568726,0.9999250173568726,0.9998972202392906
21628,/home/yaxin/datasets/TacAct-original/5_10_R_17.xlsx,5,10,80,162.08570861816406,0.7149130702018738,399.9375,681.0,0.34097155928611755,9,10,0,0.9999780654907228,1.0287387794960523e-06,0.9999780654907228,0.9999632943208782
21629,/home/yaxin/datasets/TacAct-original/5_10_R_18.xlsx,5,10,80,146.50672912597656,0.6327857375144958,403.2749938964844,748.0,0.3204905688762665,9,10,0,0.9995595812797546,0.0001640352566028,0.9995595812797546,0.9993955460231518
21630,/home/yaxin/datasets/TacAct-original/5_10_R_19.xlsx,5,10,80,163.22225952148438,0.5352606773376465,391.79998779296875,753.0,0.266119122505188,9,10,0,0.9782800078392028,0.0002075657248497,0.9782800078392028,0.9692882793024181
21631,/home/yaxin/datasets/TacAct-original/5_10_R_2.xlsx,5,10,80,206.48599243164062,0.7716487050056458,473.61248779296875,787.0,0.34691497683525085,9,9,1,0.9999852180480956,0.9999852180480956,0.9999852180480956,0.999975630575136
21632,/home/yaxin/datasets/TacAct-original/5_10_R_20.xlsx,5,10,80,214.58372497558594,0.38104891777038574,330.7875061035156,751.0,0.24006754159927368,9,9,1,0.99993634223938,0.99993634223938,0.99993634223938,0.9999124466994546
21633,/home/yaxin/datasets/TacAct-original/5_10_R_3.xlsx,5,10,80,261.0205993652344,0.7942851781845093,445.4125061035156,739.0,0.35817521810531616,9,9,1,0.9999760389328004,0.9999760389328004,0.9999760389328004,0.9999669514545532
21634,/home/yaxin/datasets/TacAct-original/5_10_R_4.xlsx,5,10,80,161.48513793945312,0.7242429256439209,473.6875,779.0,0.33432427048683167,9,10,0,0.9945420622825624,0.0001070695943781,0.9945420622825624,0.990250149741769
21635,/home/yaxin/datasets/TacAct-original/5_10_R_5.xlsx,5,10,80,162.59207153320312,0.8084627389907837,454.4750061035156,795.0,0.38843777775764465,9,9,1,0.99996018409729,0.99996018409729,0.99996018409729,0.9999496020636798
21636,/home/yaxin/datasets/TacAct-original/5_10_R_6.xlsx,5,10,80,138.0,0.535123884677887,424.63751220703125,802.0,0.29051992297172546,9,9,1,0.9999903440475464,0.9999903440475464,0.9999903440475464,0.9999839624647393
21637,/home/yaxin/datasets/TacAct-original/5_10_R_7.xlsx,5,10,80,215.3354034423828,0.6276757121086121,379.5375061035156,739.0,0.31936660408973694,9,9,1,0.9999881982803344,0.9999881982803344,0.9999881982803344,0.9999827557148818
21638,/home/yaxin/datasets/TacAct-original/5_10_R_8.xlsx,5,10,80,190.25091552734375,0.7505726218223572,419.38751220703125,709.0,0.35915035009384155,9,10,0,0.8291500210762024,0.0024001519195735,0.8291500210762024,0.6672542840242386
21639,/home/yaxin/datasets/TacAct-original/5_10_R_9.xlsx,5,10,80,140.6071319580078,0.6534870862960815,443.79998779296875,775.0,0.3081291615962982,9,10,0,0.999896764755249,4.401803380460478e-06,0.999896764755249,0.9998411325032066
21640,/home/yaxin/datasets/TacAct-original/5_11_L_1.xlsx,5,11,80,99.4390869140625,0.2669909596443176,237.8249969482422,592.0,0.12357518821954727,10,10,1,0.9961057305336,0.9961057305336,0.9961057305336,0.9926894907839597
21641,/home/yaxin/datasets/TacAct-original/5_11_L_10.xlsx,5,11,80,102.42225646972656,0.2480274736881256,226.6374969482422,563.0,0.13647128641605377,10,10,1,0.997497260570526,0.997497260570526,0.997497260570526,0.995355243096128
21642,/home/yaxin/datasets/TacAct-original/5_11_L_11.xlsx,5,11,80,109.0,0.2274133414030075,217.78750610351562,580.0,0.12240613996982574,10,10,1,0.9943526983261108,0.9943526983261108,0.9943526983261108,0.9893814348615706
21643,/home/yaxin/datasets/TacAct-original/5_11_L_12.xlsx,5,11,80,129.0,0.24174585938453674,227.6750030517578,581.0,0.14193832874298096,10,10,1,0.9971145391464232,0.9971145391464232,0.9971145391464232,0.9946682630106807
21644,/home/yaxin/datasets/TacAct-original/5_11_L_13.xlsx,5,11,80,89.47726440429688,0.22398169338703156,223.39999389648438,561.0,0.1221810132265091,10,10,1,0.9989696741104126,0.9989696741104126,0.9989696741104126,0.9981140982708894
21645,/home/yaxin/datasets/TacAct-original/5_11_L_14.xlsx,5,11,80,151.42306518554688,0.3077080547809601,251.16250610351562,569.0,0.15715697407722473,10,10,1,0.9935384392738342,0.9935384392738342,0.9935384392738342,0.9878523983061315
21646,/home/yaxin/datasets/TacAct-original/5_11_L_15.xlsx,5,11,80,130.51979064941406,0.25077083706855774,242.47500610351562,564.0,0.1159285306930542,10,10,1,0.9978616833686828,0.9978616833686828,0.9978616833686828,0.9961136755300686
21647,/home/yaxin/datasets/TacAct-original/5_11_L_16.xlsx,5,11,80,66.0,0.20662955939769745,243.28750610351562,559.0,0.10180656611919403,10,10,1,0.995501697063446,0.995501697063446,0.995501697063446,0.9916133151855321
21648,/home/yaxin/datasets/TacAct-original/5_11_L_17.xlsx,5,11,80,146.1754608154297,0.3113175928592682,242.0124969482422,539.0,0.15077386796474457,10,10,1,0.9990490078926086,0.9990490078926086,0.9990490078926086,0.9982932017883286
21649,/home/yaxin/datasets/TacAct-original/5_11_L_18.xlsx,5,11,80,93.41033172607422,0.2307034432888031,225.25,558.0,0.13156545162200928,10,10,1,0.9980918765068054,0.9980918765068054,0.9980918765068054,0.996439142851159
21650,/home/yaxin/datasets/TacAct-original/5_11_L_19.xlsx,5,11,80,121.0,0.2362619936466217,224.78750610351562,580.0,0.12390851229429245,10,10,1,0.9910625219345092,0.9910625219345092,0.9910625219345092,0.9831413757055998
21651,/home/yaxin/datasets/TacAct-original/5_11_L_2.xlsx,5,11,80,74.57931518554688,0.2392411231994629,250.5500030517578,554.0,0.10811123996973038,10,10,1,0.9983030557632446,0.9983030557632446,0.9983030557632446,0.996869498398155
21652,/home/yaxin/datasets/TacAct-original/5_11_L_20.xlsx,5,11,80,204.51947021484375,0.41081079840660095,264.75,566.0,0.1736302673816681,10,10,1,0.9955442547798156,0.9955442547798156,0.9955442547798156,0.9918597678188233
21653,/home/yaxin/datasets/TacAct-original/5_11_L_3.xlsx,5,11,80,87.51073455810547,0.21949443221092224,257.63751220703125,578.0,0.10604346543550491,10,10,1,0.9921804666519164,0.9921804666519164,0.9921804666519164,0.9850908596999943
21654,/home/yaxin/datasets/TacAct-original/5_11_L_4.xlsx,5,11,80,101.0,0.19624754786491394,248.21249389648438,557.0,0.09353506565093994,10,10,1,0.993932008743286,0.993932008743286,0.993932008743286,0.9886375865899026
21655,/home/yaxin/datasets/TacAct-original/5_11_L_5.xlsx,5,11,80,98.32666778564453,0.2549627125263214,246.22500610351562,558.0,0.13024984300136566,10,10,1,0.9879531264305116,0.9879531264305116,0.9879531264305116,0.9768113959580662
21656,/home/yaxin/datasets/TacAct-original/5_11_L_6.xlsx,5,11,80,90.0,0.21779808402061462,224.16250610351562,586.0,0.11070187389850616,10,10,1,0.9929739236831664,0.9929739236831664,0.9929739236831664,0.986588844563812
21657,/home/yaxin/datasets/TacAct-original/5_11_L_7.xlsx,5,11,80,97.34339904785156,0.22281667590141296,222.3000030517578,582.0,0.11643853038549423,10,10,1,0.9701391458511353,0.9701391458511353,0.9701391458511353,0.9423409756273031
21658,/home/yaxin/datasets/TacAct-original/5_11_L_8.xlsx,5,11,80,175.01278686523438,0.24117378890514374,224.58749389648438,539.0,0.12962237000465393,10,10,1,0.99655282497406,0.99655282497406,0.99655282497406,0.9935743722599
21659,/home/yaxin/datasets/TacAct-original/5_11_L_9.xlsx,5,11,80,90.46053314208984,0.29037919640541077,227.8625030517578,587.0,0.15129797160625458,10,10,1,0.998994529247284,0.998994529247284,0.998994529247284,0.9982004133635203
21660,/home/yaxin/datasets/TacAct-original/5_11_R_1.xlsx,5,11,80,69.81193542480469,0.2784777283668518,235.8125,597.0,0.14622820913791656,10,10,1,0.999749720096588,0.999749720096588,0.999749720096588,0.9995789718086598
21661,/home/yaxin/datasets/TacAct-original/5_11_R_10.xlsx,5,11,80,102.93769836425781,0.2553395628929138,250.4375,542.0,0.1333940476179123,10,10,1,0.9995562434196472,0.9995562434196472,0.9995562434196472,0.9992240051797127
21662,/home/yaxin/datasets/TacAct-original/5_11_R_11.xlsx,5,11,80,92.42706298828125,0.23646950721740723,220.6999969482422,515.0,0.12381010502576828,10,10,1,0.9995792508125304,0.9995792508125304,0.9995792508125304,0.9992658258415759
21663,/home/yaxin/datasets/TacAct-original/5_11_R_12.xlsx,5,11,80,86.5274658203125,0.2530405819416046,241.0,577.0,0.13619445264339447,10,10,1,0.999562442302704,0.999562442302704,0.999562442302704,0.9992355431313628
21664,/home/yaxin/datasets/TacAct-original/5_11_R_13.xlsx,5,11,80,53.0,0.20226743817329407,256.7124938964844,512.0,0.08782146871089935,10,10,1,0.99996018409729,0.99996018409729,0.99996018409729,0.9999319933158404
21665,/home/yaxin/datasets/TacAct-original/5_11_R_14.xlsx,5,11,80,99.30992889404297,0.2217549830675125,247.5,537.0,0.10388407856225967,10,10,1,0.9991725087165833,0.9991725087165833,0.9991725087165833,0.9984933643136173
21666,/home/yaxin/datasets/TacAct-original/5_11_R_15.xlsx,5,11,80,184.0,0.30120500922203064,251.41250610351562,530.0,0.1555713713169098,10,10,1,0.9995586276054382,0.9995586276054382,0.9995586276054382,0.999234091694234
21667,/home/yaxin/datasets/TacAct-original/5_11_R_16.xlsx,5,11,80,55.10835647583008,0.21986889839172363,238.33749389648438,576.0,0.12041109055280685,10,10,1,0.9997710585594176,0.9997710585594176,0.9997710585594176,0.9995995770150329
21668,/home/yaxin/datasets/TacAct-original/5_11_R_17.xlsx,5,11,80,81.61112976074219,0.21379318833351135,238.58749389648438,508.0,0.10559254884719849,10,10,1,0.998742401599884,0.998742401599884,0.998742401599884,0.9976848617661745
21669,/home/yaxin/datasets/TacAct-original/5_11_R_18.xlsx,5,11,80,71.7784652709961,0.23252549767494202,246.5500030517578,588.0,0.12184294313192368,10,10,1,0.9993109703063964,0.9993109703063964,0.9993109703063964,0.9987685978994704
21670,/home/yaxin/datasets/TacAct-original/5_11_R_19.xlsx,5,11,80,93.41033172607422,0.23324033617973328,230.75,557.0,0.11909247189760208,10,10,1,0.999367892742157,0.999367892742157,0.999367892742157,0.9988696031505243
21671,/home/yaxin/datasets/TacAct-original/5_11_R_2.xlsx,5,11,80,81.7987060546875,0.27442044019699097,253.28750610351562,616.0,0.13830704987049103,10,10,1,0.9996424913406372,0.9996424913406372,0.9996424913406372,0.9993783418613021
21672,/home/yaxin/datasets/TacAct-original/5_11_R_20.xlsx,5,11,80,101.0,0.25807875394821167,256.07501220703125,588.0,0.12364767491817474,10,10,1,0.9994149208068848,0.9994149208068848,0.9994149208068848,0.9989549058082049
21673,/home/yaxin/datasets/TacAct-original/5_11_R_3.xlsx,5,11,80,135.6907958984375,0.30351024866104126,244.4875030517578,577.0,0.15882885456085205,10,10,1,0.999514102935791,0.999514102935791,0.999514102935791,0.9991551527346019
21674,/home/yaxin/datasets/TacAct-original/5_11_R_4.xlsx,5,11,80,89.83551788330078,0.33292514085769653,263.4750061035156,611.0,0.1558828353881836,10,10,1,0.9993496537208556,0.9993496537208556,0.9993496537208556,0.9988854040566366
21675,/home/yaxin/datasets/TacAct-original/5_11_R_5.xlsx,5,11,80,112.49102783203125,0.20426468551158905,235.3625030517578,537.0,0.1034448966383934,10,10,1,0.9998130202293396,0.9998130202293396,0.9998130202293396,0.9996897285454907
21676,/home/yaxin/datasets/TacAct-original/5_11_R_6.xlsx,5,11,80,95.96717834472656,0.19078519940376282,222.3625030517578,536.0,0.10225138068199158,10,10,1,0.9997085928916932,0.9997085928916932,0.9997085928916932,0.9994887768698393
21677,/home/yaxin/datasets/TacAct-original/5_11_R_7.xlsx,5,11,80,116.3437271118164,0.36065560579299927,267.7875061035156,597.0,0.15812574326992035,10,10,1,0.9994693398475648,0.9994693398475648,0.9994693398475648,0.9990930847125129
21678,/home/yaxin/datasets/TacAct-original/5_11_R_8.xlsx,5,11,80,135.06491088867188,0.25027522444725037,242.0749969482422,525.0,0.12061478942632675,10,10,1,0.9993903636932372,0.9993903636932372,0.9993903636932372,0.9989176506060174
21679,/home/yaxin/datasets/TacAct-original/5_11_R_9.xlsx,5,11,80,85.54419708251953,0.30950412154197693,254.39999389648438,611.0,0.14380550384521484,10,10,1,0.9997058510780334,0.9997058510780334,0.9997058510780334,0.9995019397028956
21680,/home/yaxin/datasets/TacAct-original/5_12_L_1.xlsx,5,12,80,170.1591339111328,2.0193448066711426,557.7999877929688,892.0,0.6619390249252319,11,11,1,0.9994357228279114,0.9994357228279114,0.9994357228279114,0.9989995863288642
21681,/home/yaxin/datasets/TacAct-original/5_12_L_10.xlsx,5,12,80,151.0,1.930337905883789,575.0,866.0,0.5962029099464417,11,11,1,0.998371422290802,0.998371422290802,0.998371422290802,0.9972447624895722
21682,/home/yaxin/datasets/TacAct-original/5_12_L_11.xlsx,5,12,80,173.054931640625,1.6892385482788086,533.2874755859375,858.0,0.647977352142334,11,11,1,0.9982855916023254,0.9982855916023254,0.9982855916023254,0.9966672797454521
21683,/home/yaxin/datasets/TacAct-original/5_12_L_12.xlsx,5,12,80,174.0,2.3070151805877686,590.0250244140625,868.0,0.7469037175178528,11,11,1,0.999680995941162,0.999680995941162,0.999680995941162,0.9994998721376759
21684,/home/yaxin/datasets/TacAct-original/5_12_L_13.xlsx,5,12,80,165.3250732421875,1.892850637435913,561.7874755859375,884.0,0.6767476797103882,11,11,1,0.9997604489326476,0.9997604489326476,0.9997604489326476,0.999570859974483
21685,/home/yaxin/datasets/TacAct-original/5_12_L_14.xlsx,5,12,80,169.04644775390625,1.7123901844024658,541.7625122070312,887.0,0.7099860906600952,11,11,1,0.999967098236084,0.999967098236084,0.999967098236084,0.9999525115208598
21686,/home/yaxin/datasets/TacAct-original/5_12_L_15.xlsx,5,12,80,183.87086486816406,2.0666215419769287,587.2374877929688,900.0,0.7670583128929138,11,11,1,0.9749712944030762,0.9749712944030762,0.9749712944030762,0.950277253985405
21687,/home/yaxin/datasets/TacAct-original/5_12_L_16.xlsx,5,12,80,192.84176635742188,2.016353130340576,581.6500244140625,881.0,0.7920102477073669,11,11,1,0.999875545501709,0.999875545501709,0.999875545501709,0.9998127628205111
21688,/home/yaxin/datasets/TacAct-original/5_12_L_17.xlsx,5,12,80,177.7169189453125,2.1382431983947754,550.5250244140625,881.0,0.7941305637359619,11,11,1,0.998099148273468,0.998099148273468,0.998099148273468,0.996328110806644
21689,/home/yaxin/datasets/TacAct-original/5_12_L_18.xlsx,5,12,80,196.26309204101562,1.740491509437561,539.6375122070312,886.0,0.684668242931366,11,11,1,0.9999771118164062,0.9999771118164062,0.9999771118164062,0.9999660676958229
21690,/home/yaxin/datasets/TacAct-original/5_12_L_19.xlsx,5,12,80,156.3394012451172,2.047579765319824,539.5875244140625,881.0,0.6868445873260498,11,11,1,0.9996486902236938,0.9996486902236938,0.9996486902236938,0.9993950693751685
21691,/home/yaxin/datasets/TacAct-original/5_12_L_2.xlsx,5,12,80,137.0,1.7754911184310913,537.3250122070312,901.0,0.6542791724205017,11,11,1,0.9997815489768982,0.9997815489768982,0.9997815489768982,0.9996303532097955
21692,/home/yaxin/datasets/TacAct-original/5_12_L_20.xlsx,5,12,80,145.98880004882812,2.08305287361145,546.5499877929688,869.0,0.6661987900733948,11,11,1,0.9998617172241212,0.9998617172241212,0.9998617172241212,0.9997750117036049
21693,/home/yaxin/datasets/TacAct-original/5_12_L_3.xlsx,5,12,80,136.02481079101562,1.5523912906646729,536.1624755859375,882.0,0.6478065848350525,11,11,1,0.999964952468872,0.999964952468872,0.999964952468872,0.9999524433624173
21694,/home/yaxin/datasets/TacAct-original/5_12_L_4.xlsx,5,12,80,154.0,1.7591009140014648,523.8624877929688,891.0,0.685565710067749,11,11,1,0.9998470544815063,0.9998470544815063,0.9998470544815063,0.9997629435965791
21695,/home/yaxin/datasets/TacAct-original/5_12_L_5.xlsx,5,12,80,155.0,1.7736800909042358,536.2125244140625,879.0,0.6411898136138916,11,11,1,0.999710500240326,0.999710500240326,0.999710500240326,0.999567365506664
21696,/home/yaxin/datasets/TacAct-original/5_12_L_6.xlsx,5,12,80,169.04644775390625,1.8442573547363281,546.5125122070312,878.0,0.6735002398490906,11,11,1,0.9972890615463256,0.9972890615463256,0.9972890615463256,0.9947738905902952
21697,/home/yaxin/datasets/TacAct-original/5_12_L_7.xlsx,5,12,80,171.0,1.9681453704833984,550.9749755859375,885.0,0.6861400604248047,11,11,1,0.9999008178710938,0.9999008178710938,0.9999008178710938,0.9998487927950919
21698,/home/yaxin/datasets/TacAct-original/5_12_L_8.xlsx,5,12,80,155.0,1.5605459213256836,516.6124877929688,863.0,0.5599054098129272,11,11,1,0.9999613761901855,0.9999613761901855,0.9999613761901855,0.9999377144195023
21699,/home/yaxin/datasets/TacAct-original/5_12_L_9.xlsx,5,12,80,133.0,1.6402311325073242,538.125,850.0,0.5628340244293213,11,11,1,0.9977350234985352,0.9977350234985352,0.9977350234985352,0.9955646109301598
21700,/home/yaxin/datasets/TacAct-original/5_12_R_1.xlsx,5,12,80,129.6958465576172,0.8847162127494812,429.13751220703125,786.0,0.527320384979248,11,1,0,0.9902832508087158,0.0029730829410254,0.9902832508087158,0.9854291039519012
21701,/home/yaxin/datasets/TacAct-original/5_12_R_10.xlsx,5,12,80,144.372802734375,1.6103346347808838,525.2999877929688,789.0,0.7254276275634766,11,11,1,0.9999285936355592,0.9999285936355592,0.9999285936355592,0.9999031122206362
21702,/home/yaxin/datasets/TacAct-original/5_12_R_11.xlsx,5,12,80,171.50416564941406,1.4614266157150269,492.7250061035156,818.0,0.6866435408592224,11,11,1,0.999985694885254,0.999985694885254,0.999985694885254,0.9999810206236363
21703,/home/yaxin/datasets/TacAct-original/5_12_R_12.xlsx,5,12,80,165.78736877441406,1.6429498195648193,541.4500122070312,866.0,0.7319597005844116,11,11,1,0.9996077418327332,0.9996077418327332,0.9996077418327332,0.9993116345431191
21704,/home/yaxin/datasets/TacAct-original/5_12_R_13.xlsx,5,12,80,124.99571228027344,1.599156141281128,498.95001220703125,850.0,0.6621389389038086,11,6,0,0.6380895376205444,0.3097810447216034,0.6380895376205444,0.32830849289894104
21705,/home/yaxin/datasets/TacAct-original/5_12_R_14.xlsx,5,12,80,145.22706604003906,1.5687038898468018,521.625,861.0,0.7165932059288025,11,11,1,0.999890923500061,0.999890923500061,0.999890923500061,0.9998304763794295
21706,/home/yaxin/datasets/TacAct-original/5_12_R_15.xlsx,5,12,80,180.55282592773438,1.9071910381317139,525.125,803.0,0.8212695717811584,11,11,1,0.9997325539588928,0.9997325539588928,0.9997325539588928,0.9995707272319123
21707,/home/yaxin/datasets/TacAct-original/5_12_R_16.xlsx,5,12,80,117.33811950683594,1.7178065776824951,519.3375244140625,778.0,0.6555435657501221,11,11,1,0.9994901418685912,0.9994901418685912,0.9994901418685912,0.9990923793520778
21708,/home/yaxin/datasets/TacAct-original/5_12_R_17.xlsx,5,12,80,124.71891021728516,1.8256213665008545,513.6124877929688,801.0,0.6822212934494019,11,11,1,0.9982041120529176,0.9982041120529176,0.9982041120529176,0.997284654469695
21709,/home/yaxin/datasets/TacAct-original/5_12_R_18.xlsx,5,12,80,216.81472778320312,1.853053092956543,541.3499755859375,849.0,0.7789062261581421,11,11,1,0.9999284744262696,0.9999284744262696,0.9999284744262696,0.9998877369143885
21710,/home/yaxin/datasets/TacAct-original/5_12_R_19.xlsx,5,12,80,193.90621948242188,1.5958397388458252,495.95001220703125,798.0,0.7188007831573486,11,11,1,0.9999682903289796,0.9999682903289796,0.9999682903289796,0.9999587261318085
21711,/home/yaxin/datasets/TacAct-original/5_12_R_2.xlsx,5,12,80,112.49102783203125,1.075603723526001,480.5,818.0,0.5805765390396118,11,11,1,0.9999659061431884,0.9999659061431884,0.9999659061431884,0.9999503531198569
21712,/home/yaxin/datasets/TacAct-original/5_12_R_20.xlsx,5,12,80,188.78720092773438,1.6839170455932617,512.2374877929688,791.0,0.792396068572998,11,11,1,0.9998745918273926,0.9998745918273926,0.9998745918273926,0.9998106161001488
21713,/home/yaxin/datasets/TacAct-original/5_12_R_3.xlsx,5,12,80,187.8798065185547,1.3731024265289307,507.9750061035156,741.0,0.6933745741844177,11,1,0,0.454177975654602,0.4528065323829651,0.454177975654602,0.0013714432716369074
21714,/home/yaxin/datasets/TacAct-original/5_12_R_4.xlsx,5,12,80,149.45362854003906,1.019085168838501,457.125,790.0,0.5444050431251526,11,11,1,0.9999642372131348,0.9999642372131348,0.9999642372131348,0.9999400438027806
21715,/home/yaxin/datasets/TacAct-original/5_12_R_5.xlsx,5,12,80,111.90415954589844,0.9298824071884155,479.0874938964844,832.0,0.5489217638969421,11,11,1,0.7235175967216492,0.7235175967216492,0.7235175967216492,0.44774481654167175
21716,/home/yaxin/datasets/TacAct-original/5_12_R_6.xlsx,5,12,80,163.7898712158203,1.1231030225753784,458.1000061035156,761.0,0.5827270746231079,11,11,1,0.8934535980224609,0.8934535980224609,0.8934535980224609,0.7901495918631555
21717,/home/yaxin/datasets/TacAct-original/5_12_R_7.xlsx,5,12,80,123.4429702758789,1.107807993888855,449.29998779296875,794.0,0.6350982189178467,11,11,1,0.9999886751174928,0.9999886751174928,0.9999886751174928,0.9999856009987981
21718,/home/yaxin/datasets/TacAct-original/5_12_R_8.xlsx,5,12,80,111.20947265625,1.005676507949829,464.67498779296875,807.0,0.5429859757423401,11,11,1,0.9999767541885376,0.9999767541885376,0.9999767541885376,0.9999631556429449
21719,/home/yaxin/datasets/TacAct-original/5_12_R_9.xlsx,5,12,80,174.01840209960938,1.2356369495391846,465.20001220703125,802.0,0.6477396488189697,11,11,1,0.9999808073043824,0.9999808073043824,0.9999808073043824,0.9999740609905531
21720,/home/yaxin/datasets/TacAct-original/5_1_L_1.xlsx,5,1,80,159.0,1.1869256496429443,468.0375061035156,653.0,0.17885780334472656,0,0,1,0.9999760389328004,0.9999760389328004,0.9999760389328004,0.9999647153863408
21721,/home/yaxin/datasets/TacAct-original/5_1_L_10.xlsx,5,1,80,81.0,1.293336272239685,521.8250122070312,684.0,0.1639697551727295,0,0,1,0.9998610019683838,0.9998610019683838,0.9998610019683838,0.9997544014404411
21722,/home/yaxin/datasets/TacAct-original/5_1_L_11.xlsx,5,1,80,101.0,1.177437424659729,498.7749938964844,670.0,0.1618020385503769,0,0,1,0.998224914073944,0.998224914073944,0.998224914073944,0.9969227270921692
21723,/home/yaxin/datasets/TacAct-original/5_1_L_12.xlsx,5,1,80,96.0,1.1791927814483643,492.1000061035156,689.0,0.16058117151260376,0,0,1,0.999473512172699,0.999473512172699,0.999473512172699,0.9990399207745214
21724,/home/yaxin/datasets/TacAct-original/5_1_L_13.xlsx,5,1,80,80.0,1.1916511058807373,499.92498779296875,692.0,0.15845365822315216,0,0,1,0.9583731889724731,0.9583731889724731,0.9583731889724731,0.9250453449785709
21725,/home/yaxin/datasets/TacAct-original/5_1_L_14.xlsx,5,1,80,111.0,1.1113195419311523,437.7875061035156,662.0,0.16605158150196075,0,0,1,0.9999467134475708,0.9999467134475708,0.9999467134475708,0.9999256585870171
21726,/home/yaxin/datasets/TacAct-original/5_1_L_15.xlsx,5,1,80,85.51761627197266,1.207807183265686,501.20001220703125,710.0,0.16906777024269104,0,0,1,0.9995594620704652,0.9995594620704652,0.9995594620704652,0.9993723140214571
21727,/home/yaxin/datasets/TacAct-original/5_1_L_16.xlsx,5,1,80,158.10813903808594,1.2086570262908936,476.7250061035156,632.0,0.1727980226278305,0,0,1,0.9999555349349976,0.9999555349349976,0.9999555349349976,0.999942790197565
21728,/home/yaxin/datasets/TacAct-original/5_1_L_17.xlsx,5,1,80,76.56952667236328,1.3152620792388916,542.3624877929688,729.0,0.1636696606874466,0,0,1,0.9485069513320924,0.9485069513320924,0.9485069513320924,0.9207629412412645
21729,/home/yaxin/datasets/TacAct-original/5_1_L_18.xlsx,5,1,80,111.06936645507812,1.59939444065094,577.5499877929688,758.0,0.1986592710018158,0,0,1,0.9986628293991088,0.9986628293991088,0.9986628293991088,0.99753602349665
21730,/home/yaxin/datasets/TacAct-original/5_1_L_19.xlsx,5,1,80,84.52322387695312,1.163846731185913,493.4125061035156,715.0,0.16016776859760284,0,0,1,0.8904966711997986,0.8904966711997986,0.8904966711997986,0.7925676256418229
21731,/home/yaxin/datasets/TacAct-original/5_1_L_2.xlsx,5,1,80,87.0,1.09995436668396,492.82501220703125,685.0,0.17508681118488312,0,0,1,0.9999406337738036,0.9999406337738036,0.9999406337738036,0.9999184484786382
21732,/home/yaxin/datasets/TacAct-original/5_1_L_20.xlsx,5,1,80,92.42706298828125,1.026168704032898,468.13751220703125,697.0,0.17184358835220337,0,0,1,0.9997898936271667,0.9997898936271667,0.9997898936271667,0.9996967957995366
21733,/home/yaxin/datasets/TacAct-original/5_1_L_3.xlsx,5,1,80,98.0,1.2460300922393799,512.9500122070312,706.0,0.1671866923570633,0,0,1,0.999826729297638,0.999826729297638,0.999826729297638,0.999692315788707
21734,/home/yaxin/datasets/TacAct-original/5_1_L_4.xlsx,5,1,80,146.1754608154297,1.309962511062622,540.8125,700.0,0.16414161026477814,0,9,0,0.9992844462394714,7.36020820113481e-06,0.9992844462394714,0.9988179621868767
21735,/home/yaxin/datasets/TacAct-original/5_1_L_5.xlsx,5,1,80,135.23715209960938,1.424001932144165,495.8999938964844,647.0,0.19519071280956268,0,0,1,0.998132050037384,0.998132050037384,0.998132050037384,0.996691161999479
21736,/home/yaxin/datasets/TacAct-original/5_1_L_6.xlsx,5,1,80,159.0,1.3728229999542236,492.7875061035156,637.0,0.21192273497581482,0,0,1,0.9999619722366332,0.9999619722366332,0.9999619722366332,0.9999474186388396
21737,/home/yaxin/datasets/TacAct-original/5_1_L_7.xlsx,5,1,80,99.0,1.0678036212921143,502.1499938964844,697.0,0.1693286895751953,0,0,1,0.9999706745147704,0.9999706745147704,0.9999706745147704,0.9999581461988781
21738,/home/yaxin/datasets/TacAct-original/5_1_L_8.xlsx,5,1,80,93.7808837890625,1.3224356174468994,498.4624938964844,718.0,0.1907118856906891,0,0,1,0.9995656609535216,0.9995656609535216,0.9995656609535216,0.9992655717069282
21739,/home/yaxin/datasets/TacAct-original/5_1_L_9.xlsx,5,1,80,135.23715209960938,1.4519298076629639,503.88751220703125,687.0,0.1995355188846588,0,0,1,0.9999502897262572,0.9999502897262572,0.9999502897262572,0.9999206086613411
21740,/home/yaxin/datasets/TacAct-original/5_1_R_1.xlsx,5,1,80,99.0,1.1870758533477783,407.5375061035156,678.0,0.1705191433429718,0,0,1,0.9997240900993348,0.9997240900993348,0.9997240900993348,0.9995255463581999
21741,/home/yaxin/datasets/TacAct-original/5_1_R_10.xlsx,5,1,80,89.0,0.9706133008003235,427.3374938964844,670.0,0.13789358735084534,0,0,1,0.9997149109840392,0.9997149109840392,0.9997149109840392,0.9995447687688283
21742,/home/yaxin/datasets/TacAct-original/5_1_R_11.xlsx,5,1,80,139.70115661621094,1.3765729665756226,486.8374938964844,692.0,0.18624570965766907,0,0,1,0.9997052550315856,0.9997052550315856,0.9997052550315856,0.9995055027829948
21743,/home/yaxin/datasets/TacAct-original/5_1_R_12.xlsx,5,1,80,92.47834777832031,1.2936608791351318,563.4000244140625,732.0,0.16163600981235504,0,0,1,0.9998513460159302,0.9998513460159302,0.9998513460159302,0.9997853122331435
21744,/home/yaxin/datasets/TacAct-original/5_1_R_13.xlsx,5,1,80,90.0,1.0065395832061768,406.51251220703125,617.0,0.14402198791503906,0,0,1,0.9992928504943848,0.9992928504943848,0.9992928504943848,0.9987175363930874
21745,/home/yaxin/datasets/TacAct-original/5_1_R_14.xlsx,5,1,80,157.32266235351562,1.07987380027771,470.5375061035156,657.0,0.14002114534378052,0,0,1,0.9997422099113464,0.9997422099113464,0.9997422099113464,0.9996514551385189
21746,/home/yaxin/datasets/TacAct-original/5_1_R_15.xlsx,5,1,80,80.62786865234375,1.0798391103744507,458.95001220703125,692.0,0.1452600657939911,0,0,1,0.9997677206993104,0.9997677206993104,0.9997677206993104,0.9996970227002749
21747,/home/yaxin/datasets/TacAct-original/5_1_R_16.xlsx,5,1,80,108.15933227539062,1.0127649307250977,390.75,559.0,0.13964419066905975,0,0,1,0.6395648121833801,0.6395648121833801,0.6395648121833801,0.2945844829082489
21748,/home/yaxin/datasets/TacAct-original/5_1_R_17.xlsx,5,1,80,91.0,1.062856912612915,447.6875,681.0,0.140066996216774,0,0,1,0.9988120794296264,0.9988120794296264,0.9988120794296264,0.9979488054523243
21749,/home/yaxin/datasets/TacAct-original/5_1_R_18.xlsx,5,1,80,121.31568145751953,1.1698157787322998,417.70001220703125,632.0,0.17896012961864471,0,0,1,0.9996615648269652,0.9996615648269652,0.9996615648269652,0.9994159021007363
21750,/home/yaxin/datasets/TacAct-original/5_1_R_19.xlsx,5,1,80,83.57766723632812,1.1825916767120361,478.26251220703125,690.0,0.15136127173900604,0,0,1,0.9996981620788574,0.9996981620788574,0.9996981620788574,0.9995093049365096
21751,/home/yaxin/datasets/TacAct-original/5_1_R_2.xlsx,5,1,80,90.46053314208984,0.9640616178512573,376.3999938964844,677.0,0.1534905731678009,0,0,1,0.999710738658905,0.999710738658905,0.999710738658905,0.999492283037398
21752,/home/yaxin/datasets/TacAct-original/5_1_R_20.xlsx,5,1,80,94.0,1.2607157230377197,499.1875,695.0,0.15194499492645264,0,0,1,0.9987372756004332,0.9987372756004332,0.9987372756004332,0.9979288164176977
21753,/home/yaxin/datasets/TacAct-original/5_1_R_3.xlsx,5,1,80,111.37177276611328,1.0846233367919922,444.67498779296875,710.0,0.191757470369339,0,0,1,0.9999163150787354,0.9999163150787354,0.9999163150787354,0.9998746915989614
21754,/home/yaxin/datasets/TacAct-original/5_1_R_4.xlsx,5,1,80,114.35494995117188,1.244693398475647,486.6000061035156,722.0,0.16442586481571198,0,0,1,0.9997920393943788,0.9997920393943788,0.9997920393943788,0.9997017324349146
21755,/home/yaxin/datasets/TacAct-original/5_1_R_5.xlsx,5,1,80,93.47274017333984,1.1007106304168701,470.0249938964844,678.0,0.17090946435928345,0,0,1,0.999903917312622,0.999903917312622,0.999903917312622,0.9998624338004446
21756,/home/yaxin/datasets/TacAct-original/5_1_R_6.xlsx,5,1,80,96.0,1.028120994567871,465.0249938964844,691.0,0.1451747566461563,0,0,1,0.9996507167816162,0.9996507167816162,0.9996507167816162,0.9994235931226286
21757,/home/yaxin/datasets/TacAct-original/5_1_R_7.xlsx,5,1,80,93.0,0.8395195007324219,456.9125061035156,647.0,0.1224965825676918,0,0,1,0.9997904896736144,0.9997904896736144,0.9997904896736144,0.9996999995637451
21758,/home/yaxin/datasets/TacAct-original/5_1_R_8.xlsx,5,1,80,111.37177276611328,1.5345568656921387,534.6500244140625,720.0,0.19060435891151428,0,0,1,0.9998182654380798,0.9998182654380798,0.9998182654380798,0.9997092902412987
21759,/home/yaxin/datasets/TacAct-original/5_1_R_9.xlsx,5,1,80,96.0,1.0437122583389282,400.3500061035156,636.0,0.14938171207904816,0,0,1,0.99940824508667,0.99940824508667,0.99940824508667,0.9989266709308141
21760,/home/yaxin/datasets/TacAct-original/5_2_L_1.xlsx,5,2,80,172.0,0.7255001664161682,388.17498779296875,621.0,0.17325851321220398,1,1,1,0.9999682903289796,0.9999682903289796,0.9999682903289796,0.9999516398402194
21761,/home/yaxin/datasets/TacAct-original/5_2_L_10.xlsx,5,2,80,123.0,0.5297991633415222,379.32501220703125,595.0,0.13193590939044952,1,1,1,0.9999604225158693,0.9999604225158693,0.9999604225158693,0.9999450211034856
21762,/home/yaxin/datasets/TacAct-original/5_2_L_11.xlsx,5,2,80,198.0,0.6256572604179382,339.8999938964844,534.0,0.12412212789058685,1,1,1,0.99997079372406,0.99997079372406,0.99997079372406,0.999955719286845
21763,/home/yaxin/datasets/TacAct-original/5_2_L_12.xlsx,5,2,80,159.1025390625,0.8951616287231445,409.1875,575.0,0.14883483946323395,1,1,1,0.9999616146087646,0.9999616146087646,0.9999616146087646,0.9999415518414025
21764,/home/yaxin/datasets/TacAct-original/5_2_L_13.xlsx,5,2,80,153.1361846923828,0.7573599815368652,402.0375061035156,562.0,0.1380842626094818,1,1,1,0.9999653100967408,0.9999653100967408,0.9999653100967408,0.9999459858918273
21765,/home/yaxin/datasets/TacAct-original/5_2_L_14.xlsx,5,2,80,206.8332977294922,0.788501501083374,398.0625,578.0,0.12424811720848083,1,5,0,0.9999748468399048,1.1009183253918309e-05,0.9999748468399048,0.9999638376566509
21766,/home/yaxin/datasets/TacAct-original/5_2_L_15.xlsx,5,2,80,219.0,0.8594452142715454,354.4624938964844,509.0,0.1387278139591217,1,1,1,0.9999598264694214,0.9999598264694214,0.9999598264694214,0.9999414324938698
21767,/home/yaxin/datasets/TacAct-original/5_2_L_16.xlsx,5,2,80,153.0,0.7430301904678345,365.4375,547.0,0.11873943358659744,1,1,1,0.9999172687530518,0.9999172687530518,0.9999172687530518,0.999869568811846
21768,/home/yaxin/datasets/TacAct-original/5_2_L_17.xlsx,5,2,80,148.4732666015625,1.126007318496704,452.3500061035156,650.0,0.1566847413778305,1,1,1,0.9999662637710572,0.9999662637710572,0.9999662637710572,0.9999490890186281
21769,/home/yaxin/datasets/TacAct-original/5_2_L_18.xlsx,5,2,80,133.0,0.8529106378555298,451.8125,670.0,0.1335194855928421,1,1,1,0.9999693632125854,0.9999693632125854,0.9999693632125854,0.9999562396887995
21770,/home/yaxin/datasets/TacAct-original/5_2_L_19.xlsx,5,2,80,204.0,0.6781639456748962,357.6499938964844,511.0,0.1175895407795906,1,1,1,0.9999662637710572,0.9999662637710572,0.9999662637710572,0.9999509712779401
21771,/home/yaxin/datasets/TacAct-original/5_2_L_2.xlsx,5,2,80,82.59439849853516,0.616337239742279,427.63751220703125,593.0,0.14331933856010437,1,1,1,0.9999333620071412,0.9999333620071412,0.9999333620071412,0.9999071113852552
21772,/home/yaxin/datasets/TacAct-original/5_2_L_20.xlsx,5,2,80,141.0,0.7118528485298157,405.95001220703125,561.0,0.10747777670621872,1,5,0,0.9999555349349976,2.0861252778558992e-05,0.9999555349349976,0.999934673682219
21773,/home/yaxin/datasets/TacAct-original/5_2_L_3.xlsx,5,2,80,143.0,0.4892285466194153,339.6875,467.0,0.11600957065820694,1,1,1,0.9999676942825316,0.9999676942825316,0.9999676942825316,0.9999514048304262
21774,/home/yaxin/datasets/TacAct-original/5_2_L_4.xlsx,5,2,80,179.0,0.9824165105819702,382.67498779296875,538.0,0.16451622545719147,1,1,1,0.9999423027038574,0.9999423027038574,0.9999423027038574,0.9999201229784376
21775,/home/yaxin/datasets/TacAct-original/5_2_L_5.xlsx,5,2,80,170.0,0.8936792612075806,394.67498779296875,558.0,0.16273245215415955,1,1,1,0.9999549388885498,0.9999549388885498,0.9999549388885498,0.9999337394110626
21776,/home/yaxin/datasets/TacAct-original/5_2_L_6.xlsx,5,2,80,167.0,1.0298683643341064,446.3500061035156,672.0,0.16954980790615082,1,1,1,0.9999475479125975,0.9999475479125975,0.9999475479125975,0.9999188830606726
21777,/home/yaxin/datasets/TacAct-original/5_2_L_7.xlsx,5,2,80,126.28763580322266,0.9245047569274902,453.3374938964844,643.0,0.12886680662631989,1,1,1,0.998988687992096,0.998988687992096,0.998988687992096,0.9981703517260031
21778,/home/yaxin/datasets/TacAct-original/5_2_L_8.xlsx,5,2,80,110.0,0.8625996708869934,417.13751220703125,649.0,0.16398246586322784,1,1,1,0.9999635219573976,0.9999635219573976,0.9999635219573976,0.999945745956211
21779,/home/yaxin/datasets/TacAct-original/5_2_L_9.xlsx,5,2,80,168.0,0.9141672849655151,368.92498779296875,563.0,0.1573464423418045,1,1,1,0.9999507665634156,0.9999507665634156,0.9999507665634156,0.9999238475065796
21780,/home/yaxin/datasets/TacAct-original/5_2_R_1.xlsx,5,2,80,111.0,0.6281045079231262,383.48748779296875,549.0,0.10148292034864426,1,1,1,0.9998770952224731,0.9998770952224731,0.9998770952224731,0.9998150860046735
21781,/home/yaxin/datasets/TacAct-original/5_2_R_10.xlsx,5,2,80,214.0,0.8338721394538879,370.82501220703125,548.0,0.13242600858211517,1,1,1,0.995203971862793,0.995203971862793,0.995203971862793,0.9913313135039061
21782,/home/yaxin/datasets/TacAct-original/5_2_R_11.xlsx,5,2,80,136.23155212402344,0.5622174143791199,380.3999938964844,542.0,0.09801658242940903,1,1,1,0.9999191761016846,0.9999191761016846,0.9999191761016846,0.999882209001953
21783,/home/yaxin/datasets/TacAct-original/5_2_R_12.xlsx,5,2,80,124.29885864257812,0.5698835849761963,373.6625061035156,610.0,0.10231947898864746,1,1,1,0.9999109506607056,0.9999109506607056,0.9999109506607056,0.999876111814956
21784,/home/yaxin/datasets/TacAct-original/5_2_R_13.xlsx,5,2,80,133.2483673095703,0.4975167214870453,322.20001220703125,453.0,0.10414823889732361,1,1,1,0.9988014698028564,0.9988014698028564,0.9988014698028564,0.998162874893751
21785,/home/yaxin/datasets/TacAct-original/5_2_R_14.xlsx,5,2,80,135.35385131835938,0.5135524868965149,351.2250061035156,485.0,0.08810359984636307,1,1,1,0.9998207688331604,0.9998207688331604,0.9998207688331604,0.9997238762080087
21786,/home/yaxin/datasets/TacAct-original/5_2_R_15.xlsx,5,2,80,103.0,0.4662964940071106,393.86248779296875,513.0,0.08908652514219284,1,1,1,0.9999265670776368,0.9999265670776368,0.9999265670776368,0.99989729504523
21787,/home/yaxin/datasets/TacAct-original/5_2_R_16.xlsx,5,2,80,116.0,0.4985675811767578,380.25,545.0,0.10024020075798035,1,5,0,0.999897837638855,3.559937977115624e-05,0.999897837638855,0.9998622382590838
21788,/home/yaxin/datasets/TacAct-original/5_2_R_17.xlsx,5,2,80,155.12496948242188,0.45518040657043457,398.0,486.0,0.09062520414590836,1,5,0,0.9999325275421144,2.0043116819579158e-05,0.9999325275421144,0.9999121036271391
21789,/home/yaxin/datasets/TacAct-original/5_2_R_18.xlsx,5,2,80,89.0,0.30155372619628906,247.97500610351562,358.0,0.07437903434038162,1,1,1,0.999920129776001,0.999920129776001,0.999920129776001,0.9998803249327466
21790,/home/yaxin/datasets/TacAct-original/5_2_R_19.xlsx,5,2,80,73.0,0.37780651450157166,339.8374938964844,489.0,0.09330686926841736,1,5,0,0.9994969367980956,0.0003599113551899,0.9994969367980956,0.9991370254429057
21791,/home/yaxin/datasets/TacAct-original/5_2_R_2.xlsx,5,2,80,250.0,0.7420399188995361,362.98748779296875,543.0,0.12495061755180359,1,1,1,0.9999184608459472,0.9999184608459472,0.9999184608459472,0.9998807202719034
21792,/home/yaxin/datasets/TacAct-original/5_2_R_20.xlsx,5,2,80,118.0,0.5162147283554077,322.25,537.0,0.09972845017910004,1,1,1,0.9998632669448853,0.9998632669448853,0.9998632669448853,0.9998214142979123
21793,/home/yaxin/datasets/TacAct-original/5_2_R_3.xlsx,5,2,80,89.0,0.4032479226589203,321.5,465.0,0.09202805161476135,1,1,1,0.9999635219573976,0.9999635219573976,0.9999635219573976,0.999944698138279
21794,/home/yaxin/datasets/TacAct-original/5_2_R_4.xlsx,5,2,80,136.0,0.5419994592666626,411.45001220703125,648.0,0.10942951589822769,1,1,1,0.9998416900634766,0.9998416900634766,0.9998416900634766,0.9997670625452884
21795,/home/yaxin/datasets/TacAct-original/5_2_R_5.xlsx,5,2,80,75.71153259277344,0.42697978019714355,353.76251220703125,505.0,0.09046859294176102,1,5,0,0.9999074935913086,3.185972309438512e-05,0.9999074935913086,0.9998756338682142
21796,/home/yaxin/datasets/TacAct-original/5_2_R_6.xlsx,5,2,80,145.18106079101562,0.5708656311035156,286.5375061035156,431.0,0.0982818603515625,1,5,0,0.9920294284820556,0.0069306674413383,0.9920294284820556,0.9850987610407173
21797,/home/yaxin/datasets/TacAct-original/5_2_R_7.xlsx,5,2,80,138.0,0.6573773622512817,358.9624938964844,525.0,0.11183441430330276,1,1,1,0.999923825263977,0.999923825263977,0.999923825263977,0.9998886712746753
21798,/home/yaxin/datasets/TacAct-original/5_2_R_8.xlsx,5,2,80,220.7547607421875,0.6880438327789307,345.1499938964844,556.0,0.110356405377388,1,1,1,0.9998873472213744,0.9998873472213744,0.9998873472213744,0.9998414646288437
21799,/home/yaxin/datasets/TacAct-original/5_2_R_9.xlsx,5,2,80,125.29324340820312,0.5099419355392456,315.26251220703125,467.0,0.0974065363407135,1,1,1,0.9998728036880492,0.9998728036880492,0.9998728036880492,0.9998253290978026
21800,/home/yaxin/datasets/TacAct-original/5_3_L_1.xlsx,5,3,80,68.0,0.8314369916915894,349.1625061035156,601.0,0.18251676857471466,2,2,1,0.9991255402565002,0.9991255402565002,0.9991255402565002,0.9987987007771153
21801,/home/yaxin/datasets/TacAct-original/5_3_L_10.xlsx,5,3,80,69.0,1.4852406978607178,645.0875244140625,745.0,0.1936645209789276,2,2,1,0.9997498393058776,0.9997498393058776,0.9997498393058776,0.9996363197642495
21802,/home/yaxin/datasets/TacAct-original/5_3_L_11.xlsx,5,3,80,68.64374542236328,1.1679871082305908,385.0375061035156,645.0,0.18055923283100128,2,2,1,0.999077558517456,0.999077558517456,0.999077558517456,0.9986809754627758
21803,/home/yaxin/datasets/TacAct-original/5_3_L_12.xlsx,5,3,80,54.07966613769531,1.0624366998672485,423.17498779296875,624.0,0.16663587093353271,2,2,1,0.9997512698173524,0.9997512698173524,0.9997512698173524,0.9996548741401058
21804,/home/yaxin/datasets/TacAct-original/5_3_L_13.xlsx,5,3,80,50.0,0.895947277545929,419.38751220703125,597.0,0.14664673805236816,2,2,1,0.9998958110809326,0.9998958110809326,0.9998958110809326,0.9998562364635291
21805,/home/yaxin/datasets/TacAct-original/5_3_L_14.xlsx,5,3,80,69.0,1.0445315837860107,394.3125,614.0,0.1610078513622284,2,2,1,0.9998478889465332,0.9998478889465332,0.9998478889465332,0.9997894627922506
21806,/home/yaxin/datasets/TacAct-original/5_3_L_15.xlsx,5,3,80,74.72826385498047,1.2164790630340576,458.92498779296875,637.0,0.1634352058172226,2,2,1,0.9997499585151672,0.9997499585151672,0.9997499585151672,0.9996239607571624
21807,/home/yaxin/datasets/TacAct-original/5_3_L_16.xlsx,5,3,80,68.0,1.1438443660736084,458.70001220703125,663.0,0.16497597098350525,2,2,1,0.9995356798171996,0.9995356798171996,0.9995356798171996,0.9993460098048672
21808,/home/yaxin/datasets/TacAct-original/5_3_L_17.xlsx,5,3,80,103.4166488647461,1.4611313343048096,456.17498779296875,646.0,0.19294920563697815,2,2,1,0.9995477795600892,0.9995477795600892,0.9995477795600892,0.9993043787399075
21809,/home/yaxin/datasets/TacAct-original/5_3_L_18.xlsx,5,3,80,53.096397399902344,1.1050021648406982,429.51251220703125,642.0,0.1601841151714325,2,2,1,0.9997649788856506,0.9997649788856506,0.9997649788856506,0.9996692769418587
21810,/home/yaxin/datasets/TacAct-original/5_3_L_19.xlsx,5,3,80,55.062931060791016,0.9687945246696472,495.3999938964844,630.0,0.1457081288099289,2,2,1,0.9998564720153807,0.9998564720153807,0.9998564720153807,0.9998037781624588
21811,/home/yaxin/datasets/TacAct-original/5_3_L_2.xlsx,5,3,80,53.31509780883789,0.8738988637924194,408.23748779296875,622.0,0.13941030204296112,2,2,1,0.9998840093612672,0.9998840093612672,0.9998840093612672,0.9998435117631744
21812,/home/yaxin/datasets/TacAct-original/5_3_L_20.xlsx,5,3,80,99.0,1.1440285444259644,476.625,613.0,0.17365755140781403,2,2,1,0.9997007846832277,0.9997007846832277,0.9997007846832277,0.9995639977423708
21813,/home/yaxin/datasets/TacAct-original/5_3_L_3.xlsx,5,3,80,52.0,0.9394043684005737,420.36248779296875,644.0,0.14757297933101654,2,2,1,0.999836564064026,0.999836564064026,0.999836564064026,0.9997686952629011
21814,/home/yaxin/datasets/TacAct-original/5_3_L_4.xlsx,5,3,80,114.0,0.9007749557495117,422.29998779296875,590.0,0.15697887539863586,2,2,1,0.9991238713264464,0.9991238713264464,0.9991238713264464,0.9988537330646067
21815,/home/yaxin/datasets/TacAct-original/5_3_L_5.xlsx,5,3,80,132.74099731445312,1.296134352684021,410.1000061035156,627.0,0.1858932226896286,2,2,1,0.9995781779289246,0.9995781779289246,0.9995781779289246,0.9993277933099307
21816,/home/yaxin/datasets/TacAct-original/5_3_L_6.xlsx,5,3,80,85.51761627197266,1.2404162883758545,438.73748779296875,654.0,0.17815549671649933,2,2,1,0.9994909763336182,0.9994909763336182,0.9994909763336182,0.9991917137231212
21817,/home/yaxin/datasets/TacAct-original/5_3_L_7.xlsx,5,3,80,77.0,1.1014760732650757,475.23748779296875,641.0,0.16748175024986267,2,2,1,0.999859094619751,0.999859094619751,0.999859094619751,0.9998087558924453
21818,/home/yaxin/datasets/TacAct-original/5_3_L_8.xlsx,5,3,80,55.68588638305664,0.9986902475357056,469.67498779296875,611.0,0.15542449057102203,2,2,1,0.9996562004089355,0.9996562004089355,0.9996562004089355,0.9995054008759325
21819,/home/yaxin/datasets/TacAct-original/5_3_L_9.xlsx,5,3,80,87.50639343261719,1.1506074666976929,485.95001220703125,680.0,0.1950196921825409,2,2,1,0.9950397610664368,0.9950397610664368,0.9950397610664368,0.9916149054188281
21820,/home/yaxin/datasets/TacAct-original/5_3_R_1.xlsx,5,3,80,90.0,1.10658860206604,437.8999938964844,613.0,0.14537212252616882,2,2,1,0.9999045133590698,0.9999045133590698,0.9999045133590698,0.9998696792572446
21821,/home/yaxin/datasets/TacAct-original/5_3_R_10.xlsx,5,3,80,55.0,0.8841384649276733,409.2250061035156,607.0,0.14678549766540527,2,2,1,0.999892234802246,0.999892234802246,0.999892234802246,0.999850516389415
21822,/home/yaxin/datasets/TacAct-original/5_3_R_11.xlsx,5,3,80,60.657840728759766,1.1625725030899048,405.67498779296875,690.0,0.16805756092071533,2,2,1,0.9997859597206116,0.9997859597206116,0.9997859597206116,0.9996549081843114
21823,/home/yaxin/datasets/TacAct-original/5_3_R_12.xlsx,5,3,80,74.72826385498047,0.8755918741226196,383.0375061035156,633.0,0.14464503526687622,2,2,1,0.9998910427093506,0.9998910427093506,0.9998910427093506,0.9998290116345743
21824,/home/yaxin/datasets/TacAct-original/5_3_R_13.xlsx,5,3,80,87.96990966796875,1.0409014225006104,463.7875061035156,679.0,0.15391823649406433,2,2,1,0.9999016523361206,0.9999016523361206,0.9999016523361206,0.9998625813095714
21825,/home/yaxin/datasets/TacAct-original/5_3_R_14.xlsx,5,3,80,99.4390869140625,1.2655693292617798,444.61248779296875,639.0,0.17499025166034698,2,2,1,0.9996870756149292,0.9996870756149292,0.9996870756149292,0.9994966365920847
21826,/home/yaxin/datasets/TacAct-original/5_3_R_15.xlsx,5,3,80,62.0,0.9453544616699219,402.9750061035156,595.0,0.13802410662174225,2,2,1,0.9998559951782228,0.9998559951782228,0.9998559951782228,0.9998039480233275
21827,/home/yaxin/datasets/TacAct-original/5_3_R_16.xlsx,5,3,80,81.61112976074219,0.8837477564811707,433.67498779296875,622.0,0.14155671000480652,2,2,1,0.9999258518218994,0.9999258518218994,0.9999258518218994,0.9998952288005967
21828,/home/yaxin/datasets/TacAct-original/5_3_R_17.xlsx,5,3,80,86.51200103759766,0.9395605325698853,397.42498779296875,564.0,0.14352121949195862,2,2,1,0.9999430179595948,0.9999430179595948,0.9999430179595948,0.9999219800356515
21829,/home/yaxin/datasets/TacAct-original/5_3_R_18.xlsx,5,3,80,70.79519653320312,0.9858759641647339,433.17498779296875,586.0,0.14852304756641388,2,2,1,0.999911904335022,0.999911904335022,0.999911904335022,0.9998689726708108
21830,/home/yaxin/datasets/TacAct-original/5_3_R_19.xlsx,5,3,80,99.4390869140625,1.000641107559204,386.29998779296875,598.0,0.1497880220413208,2,2,1,0.9998130202293396,0.9998130202293396,0.9998130202293396,0.9997107844319544
21831,/home/yaxin/datasets/TacAct-original/5_3_R_2.xlsx,5,3,80,72.0,1.3314716815948486,422.04998779296875,632.0,0.16827139258384705,2,2,1,0.9998339414596558,0.9998339414596558,0.9998339414596558,0.9997425153414952
21832,/home/yaxin/datasets/TacAct-original/5_3_R_20.xlsx,5,3,80,64.0,0.9207147359848022,421.0,610.0,0.14016093313694,2,2,1,0.9999239444732666,0.9999239444732666,0.9999239444732666,0.9998951089091861
21833,/home/yaxin/datasets/TacAct-original/5_3_R_3.xlsx,5,3,80,76.0,1.0614566802978516,428.79998779296875,605.0,0.14447776973247528,2,2,1,0.9999274015426636,0.9999274015426636,0.9999274015426636,0.9999050260303193
21834,/home/yaxin/datasets/TacAct-original/5_3_R_4.xlsx,5,3,80,50.14659881591797,1.0188782215118408,374.26251220703125,573.0,0.1435387283563614,2,2,1,0.9999481439590454,0.9999481439590454,0.9999481439590454,0.9999300791605492
21835,/home/yaxin/datasets/TacAct-original/5_3_R_5.xlsx,5,3,80,79.55126953125,1.2509561777114868,433.9375,610.0,0.1610606163740158,2,2,1,0.9998867511749268,0.9998867511749268,0.9998867511749268,0.9998549405354424
21836,/home/yaxin/datasets/TacAct-original/5_3_R_6.xlsx,5,3,80,63.912330627441406,0.9766375422477722,403.1625061035156,550.0,0.1589910238981247,2,2,1,0.9998227953910828,0.9998227953910828,0.9998227953910828,0.999781197275297
21837,/home/yaxin/datasets/TacAct-original/5_3_R_7.xlsx,5,3,80,76.5680923461914,0.9674997329711914,420.0,591.0,0.160334974527359,2,2,1,0.9999313354492188,0.9999313354492188,0.9999313354492188,0.9999115715309017
21838,/home/yaxin/datasets/TacAct-original/5_3_R_8.xlsx,5,3,80,51.99165344238281,0.8745481371879578,394.20001220703125,629.0,0.1568935662508011,2,2,1,0.9998323917388916,0.9998323917388916,0.9998323917388916,0.999770448950585
21839,/home/yaxin/datasets/TacAct-original/5_3_R_9.xlsx,5,3,80,80.0,0.7477236986160278,370.3999938964844,615.0,0.15903854370117188,2,2,1,0.9866805672645568,0.9866805672645568,0.9866805672645568,0.9752408862113952
21840,/home/yaxin/datasets/TacAct-original/5_4_L_1.xlsx,5,4,80,158.0,2.2675094604492188,470.3500061035156,892.0,0.3528340458869934,3,3,1,0.999508261680603,0.999508261680603,0.999508261680603,0.999077644723002
21841,/home/yaxin/datasets/TacAct-original/5_4_L_10.xlsx,5,4,80,147.489990234375,3.051462173461914,614.6749877929688,915.0,0.3798350691795349,3,3,1,0.9993064403533936,0.9993064403533936,0.9993064403533936,0.9986970123718494
21842,/home/yaxin/datasets/TacAct-original/5_4_L_11.xlsx,5,4,80,137.22593688964844,2.476717233657837,550.7750244140625,911.0,0.37703269720077515,3,3,1,0.9932436347007751,0.9932436347007751,0.9932436347007751,0.9867724454961717
21843,/home/yaxin/datasets/TacAct-original/5_4_L_12.xlsx,5,4,80,160.2724609375,2.7591755390167236,561.5250244140625,892.0,0.35922738909721375,3,3,1,0.9977086782455444,0.9977086782455444,0.9977086782455444,0.9954997748136521
21844,/home/yaxin/datasets/TacAct-original/5_4_L_13.xlsx,5,4,80,172.0296173095703,3.1541926860809326,573.8250122070312,893.0,0.3883206248283386,3,3,1,0.9851749539375304,0.9851749539375304,0.9851749539375304,0.9705888982862233
21845,/home/yaxin/datasets/TacAct-original/5_4_L_14.xlsx,5,4,80,139.2211151123047,2.563915729522705,553.0750122070312,894.0,0.356073260307312,3,6,0,0.9606834053993224,0.0379470773041248,0.9606834053993224,0.9227363280951976
21846,/home/yaxin/datasets/TacAct-original/5_4_L_15.xlsx,5,4,80,161.0,3.157885789871216,555.2374877929688,840.0,0.38255876302719116,3,3,1,0.9993051290512084,0.9993051290512084,0.9993051290512084,0.9987242841743864
21847,/home/yaxin/datasets/TacAct-original/5_4_L_16.xlsx,5,4,80,211.8052520751953,2.6404919624328613,507.26251220703125,844.0,0.34768861532211304,3,3,1,0.9826601147651672,0.9826601147651672,0.9826601147651672,0.9656210746616125
21848,/home/yaxin/datasets/TacAct-original/5_4_L_17.xlsx,5,4,80,186.0,2.6854515075683594,553.0499877929688,888.0,0.3810078203678131,3,3,1,0.9616305232048036,0.9616305232048036,0.9616305232048036,0.923495873808861
21849,/home/yaxin/datasets/TacAct-original/5_4_L_18.xlsx,5,4,80,118.0,2.3891489505767822,555.3499755859375,875.0,0.3460924029350281,3,3,1,0.997954487800598,0.997954487800598,0.997954487800598,0.9961175544885918
21850,/home/yaxin/datasets/TacAct-original/5_4_L_19.xlsx,5,4,80,161.09132385253906,2.2688286304473877,529.9375,780.0,0.3078065812587738,3,3,1,0.9993764758110046,0.9993764758110046,0.9993764758110046,0.9988210556912236
21851,/home/yaxin/datasets/TacAct-original/5_4_L_2.xlsx,5,4,80,142.57366943359375,2.4059436321258545,503.0375061035156,867.0,0.3565080761909485,3,3,1,0.9993985891342164,0.9993985891342164,0.9993985891342164,0.998868970491458
21852,/home/yaxin/datasets/TacAct-original/5_4_L_20.xlsx,5,4,80,142.0,2.552365779876709,554.0750122070312,870.0,0.34598612785339355,3,6,0,0.997958779335022,0.0017412728630006,0.997958779335022,0.9962175064720213
21853,/home/yaxin/datasets/TacAct-original/5_4_L_3.xlsx,5,4,80,178.86045837402344,2.5775578022003174,493.1875,840.0,0.3571523427963257,3,3,1,0.9985466599464417,0.9985466599464417,0.9985466599464417,0.9971584490267561
21854,/home/yaxin/datasets/TacAct-original/5_4_L_4.xlsx,5,4,80,158.4371795654297,2.574794054031372,551.1375122070312,877.0,0.35634860396385193,3,6,0,0.9994309544563292,0.0003111806581728,0.9994309544563292,0.9991197737981564
21855,/home/yaxin/datasets/TacAct-original/5_4_L_5.xlsx,5,4,80,254.56405639648438,2.5189387798309326,528.1124877929688,791.0,0.3182353973388672,3,3,1,0.9994267225265504,0.9994267225265504,0.9994267225265504,0.9989247566554698
21856,/home/yaxin/datasets/TacAct-original/5_4_L_6.xlsx,5,4,80,185.0,2.359459400177002,509.13751220703125,846.0,0.35469454526901245,3,3,1,0.9993937015533448,0.9993937015533448,0.9993937015533448,0.9988451036624613
21857,/home/yaxin/datasets/TacAct-original/5_4_L_7.xlsx,5,4,80,126.65253448486328,2.751410961151123,607.7750244140625,858.0,0.3351026177406311,3,3,1,0.9993292093276978,0.9993292093276978,0.9993292093276978,0.9987313288729639
21858,/home/yaxin/datasets/TacAct-original/5_4_L_8.xlsx,5,4,80,137.0,2.1723504066467285,491.36248779296875,752.0,0.3136550784111023,3,6,0,0.9984444975852966,0.0003985256771557,0.9984444975852966,0.9978515265393071
21859,/home/yaxin/datasets/TacAct-original/5_4_L_9.xlsx,5,4,80,171.0352325439453,2.849194049835205,539.2999877929688,881.0,0.3797202706336975,3,6,0,0.9994885921478271,0.000279586209217,0.9994885921478271,0.9992090059386102
21860,/home/yaxin/datasets/TacAct-original/5_4_R_1.xlsx,5,4,80,151.1474151611328,1.9931862354278564,478.3999938964844,849.0,0.3273833692073822,3,3,1,0.9988775849342346,0.9988775849342346,0.9988775849342346,0.9978053456870839
21861,/home/yaxin/datasets/TacAct-original/5_4_R_10.xlsx,5,4,80,142.19789123535156,2.4785003662109375,575.3125,865.0,0.3463825583457947,3,3,1,0.998705506324768,0.998705506324768,0.998705506324768,0.9975138751324265
21862,/home/yaxin/datasets/TacAct-original/5_4_R_11.xlsx,5,4,80,156.11936950683594,2.7015528678894043,602.4625244140625,879.0,0.34215134382247925,3,3,1,0.9990993738174438,0.9990993738174438,0.9990993738174438,0.9982579800998792
21863,/home/yaxin/datasets/TacAct-original/5_4_R_12.xlsx,5,4,80,144.0,1.8398263454437256,504.95001220703125,871.0,0.31788310408592224,3,6,0,0.9993698000907898,0.0005019060918129,0.9993698000907898,0.9988678939989769
21864,/home/yaxin/datasets/TacAct-original/5_4_R_13.xlsx,5,4,80,98.44469451904297,1.6382087469100952,566.8125,874.0,0.3020576536655426,3,3,1,0.967549741268158,0.967549741268158,0.967549741268158,0.9360673241317272
21865,/home/yaxin/datasets/TacAct-original/5_4_R_14.xlsx,5,4,80,138.64059448242188,2.1854779720306396,534.0999755859375,873.0,0.33889496326446533,3,6,0,0.9997183680534364,0.0001769451628206,0.9997183680534364,0.9995414228906158
21866,/home/yaxin/datasets/TacAct-original/5_4_R_15.xlsx,5,4,80,149.0,1.9372899532318115,484.1875,820.0,0.32194784283638,3,3,1,0.9977626800537108,0.9977626800537108,0.9977626800537108,0.9955708351917564
21867,/home/yaxin/datasets/TacAct-original/5_4_R_16.xlsx,5,4,80,125.8581314086914,2.013443946838379,513.8250122070312,891.0,0.32163581252098083,3,6,0,0.9968175888061525,0.0029649743810296,0.9968175888061525,0.9938526144251228
21868,/home/yaxin/datasets/TacAct-original/5_4_R_17.xlsx,5,4,80,107.39421081542969,2.011814832687378,565.4375,864.0,0.28210365772247314,3,3,1,0.9719505906105042,0.9719505906105042,0.9719505906105042,0.9488083478063345
21869,/home/yaxin/datasets/TacAct-original/5_4_R_18.xlsx,5,4,80,123.3044662475586,1.8041865825653076,526.7125244140625,858.0,0.31377267837524414,3,3,1,0.9972182512283324,0.9972182512283324,0.9972182512283324,0.9946349503006785
21870,/home/yaxin/datasets/TacAct-original/5_4_R_19.xlsx,5,4,80,212.7996368408203,2.1935696601867676,528.8375244140625,858.0,0.358630895614624,3,3,1,0.9996441602706908,0.9996441602706908,0.9996441602706908,0.9993196566356345
21871,/home/yaxin/datasets/TacAct-original/5_4_R_2.xlsx,5,4,80,142.57366943359375,2.2298645973205566,560.4874877929688,855.0,0.30171653628349304,3,3,1,0.9991889595985411,0.9991889595985411,0.9991889595985411,0.9984705260721967
21872,/home/yaxin/datasets/TacAct-original/5_4_R_20.xlsx,5,4,80,113.36055755615234,1.6715093851089478,599.5374755859375,854.0,0.27454128861427307,3,6,0,0.9810521602630616,0.0013793428661301,0.9810521602630616,0.9654012173414233
21873,/home/yaxin/datasets/TacAct-original/5_4_R_3.xlsx,5,4,80,202.0,2.160545825958252,512.4500122070312,897.0,0.3356704115867615,3,0,0,0.9972163438796996,4.085271575604565e-05,0.9972163438796996,0.9948765789158642
21874,/home/yaxin/datasets/TacAct-original/5_4_R_4.xlsx,5,4,80,125.29324340820312,1.7278048992156982,464.86248779296875,734.0,0.27176201343536377,3,6,0,0.9975402355194092,0.0002554267703089,0.9975402355194092,0.9963183787185699
21875,/home/yaxin/datasets/TacAct-original/5_4_R_5.xlsx,5,4,80,203.11813354492188,2.569615125656128,515.875,877.0,0.38520199060440063,3,3,1,0.9991866946220398,0.9991866946220398,0.9991866946220398,0.9984134419355541
21876,/home/yaxin/datasets/TacAct-original/5_4_R_6.xlsx,5,4,80,110.12586212158203,1.7877490520477295,496.5249938964844,817.0,0.3194637596607208,3,3,1,0.9901143312454224,0.9901143312454224,0.9901143312454224,0.9805921223014593
21877,/home/yaxin/datasets/TacAct-original/5_4_R_7.xlsx,5,4,80,116.3437271118164,2.238494634628296,562.75,888.0,0.29155322909355164,3,6,0,0.9959866404533386,0.003547976957634,0.9959866404533386,0.9924386634957046
21878,/home/yaxin/datasets/TacAct-original/5_4_R_8.xlsx,5,4,80,147.489990234375,2.028433322906494,497.17498779296875,858.0,0.3339703679084778,3,6,0,0.9995368719100952,0.0003077154979109,0.9995368719100952,0.9992291564121843
21879,/home/yaxin/datasets/TacAct-original/5_4_R_9.xlsx,5,4,80,199.87255859375,1.9781557321548462,539.7249755859375,898.0,0.3349383473396301,3,6,0,0.8998886346817017,0.0008411447051912,0.8998886346817017,0.8142460361123085
21880,/home/yaxin/datasets/TacAct-original/5_5_L_1.xlsx,5,5,80,115.0,1.0720269680023193,439.04998779296875,673.0,0.1554064005613327,4,4,1,0.9996726512908936,0.9996726512908936,0.9996726512908936,0.9994352581707062
21881,/home/yaxin/datasets/TacAct-original/5_5_L_10.xlsx,5,5,80,173.054931640625,1.1007016897201538,470.5,767.0,0.18662996590137482,4,4,1,0.9995125532150269,0.9995125532150269,0.9995125532150269,0.9992294710536953
21882,/home/yaxin/datasets/TacAct-original/5_5_L_11.xlsx,5,5,80,134.0,1.0260416269302368,433.32501220703125,671.0,0.19561834633350372,4,4,1,0.99954092502594,0.99954092502594,0.99954092502594,0.9991772578505336
21883,/home/yaxin/datasets/TacAct-original/5_5_L_12.xlsx,5,5,80,204.0,1.4679797887802124,572.3499755859375,804.0,0.22213539481163025,4,4,1,0.924053430557251,0.924053430557251,0.924053430557251,0.8512088954448701
21884,/home/yaxin/datasets/TacAct-original/5_5_L_13.xlsx,5,5,80,129.79119873046875,0.8818812370300293,455.875,732.0,0.20452620089054108,4,4,1,0.9995450377464294,0.9995450377464294,0.9995450377464294,0.9991851749655325
21885,/home/yaxin/datasets/TacAct-original/5_5_L_14.xlsx,5,5,80,179.9847412109375,1.1506601572036743,521.6624755859375,739.0,0.20447960495948792,4,4,1,0.999593198299408,0.999593198299408,0.999593198299408,0.9992924338148441
21886,/home/yaxin/datasets/TacAct-original/5_5_L_15.xlsx,5,5,80,148.1642303466797,1.0540192127227783,395.07501220703125,632.0,0.18714487552642822,4,4,1,0.9995393753051758,0.9995393753051758,0.9995393753051758,0.9991675329220016
21887,/home/yaxin/datasets/TacAct-original/5_5_L_16.xlsx,5,5,80,166.0,0.8633490800857544,412.8374938964844,570.0,0.1566704660654068,4,4,1,0.999549925327301,0.999549925327301,0.999549925327301,0.9991843426832929
21888,/home/yaxin/datasets/TacAct-original/5_5_L_17.xlsx,5,5,80,167.25869750976562,0.8896452188491821,440.45001220703125,641.0,0.14291121065616608,4,0,0,0.9999493360519408,1.4543452380166856e-05,0.9999493360519408,0.9999315687964553
21889,/home/yaxin/datasets/TacAct-original/5_5_L_18.xlsx,5,5,80,199.0,0.9207948446273804,397.23748779296875,634.0,0.15133024752140045,4,4,1,0.999696969985962,0.999696969985962,0.999696969985962,0.9994604355160848
21890,/home/yaxin/datasets/TacAct-original/5_5_L_19.xlsx,5,5,80,269.4150695800781,0.9423542022705078,413.5375061035156,689.0,0.1760302633047104,4,4,1,0.9996639490127563,0.9996639490127563,0.9996639490127563,0.9994197889463976
21891,/home/yaxin/datasets/TacAct-original/5_5_L_2.xlsx,5,5,80,113.36055755615234,1.1388394832611084,456.8125,778.0,0.17709515988826752,4,4,1,0.9994088411331176,0.9994088411331176,0.9994088411331176,0.9989294775587041
21892,/home/yaxin/datasets/TacAct-original/5_5_L_20.xlsx,5,5,80,111.109130859375,0.9604507684707642,437.17498779296875,613.0,0.21962663531303406,4,4,1,0.9996826648712158,0.9996826648712158,0.9996826648712158,0.9994351372588426
21893,/home/yaxin/datasets/TacAct-original/5_5_L_3.xlsx,5,5,80,151.42306518554688,0.9217759370803833,384.0625,669.0,0.16538788378238678,4,4,1,0.9997128844261168,0.9997128844261168,0.9997128844261168,0.9994970224506686
21894,/home/yaxin/datasets/TacAct-original/5_5_L_4.xlsx,5,5,80,203.53619384765625,0.909103274345398,467.36248779296875,750.0,0.19430778920650482,4,4,1,0.9991090893745422,0.9991090893745422,0.9991090893745422,0.9985190095030704
21895,/home/yaxin/datasets/TacAct-original/5_5_L_5.xlsx,5,5,80,158.0,1.0004268884658813,445.70001220703125,676.0,0.19472643733024597,4,4,1,0.9996774196624756,0.9996774196624756,0.9996774196624756,0.9994180761277676
21896,/home/yaxin/datasets/TacAct-original/5_5_L_6.xlsx,5,5,80,140.39642333984375,1.168148398399353,478.82501220703125,794.0,0.23214133083820343,4,4,1,0.9993879795074464,0.9993879795074464,0.9993879795074464,0.9988847500062549
21897,/home/yaxin/datasets/TacAct-original/5_5_L_7.xlsx,5,5,80,170.03102111816406,0.9584020376205444,433.8374938964844,701.0,0.18051767349243164,4,4,1,0.9996378421783448,0.9996378421783448,0.9996378421783448,0.9993605373601896
21898,/home/yaxin/datasets/TacAct-original/5_5_L_8.xlsx,5,5,80,134.24276733398438,0.9550156593322754,441.625,707.0,0.1799996942281723,4,4,1,0.9996901750564576,0.9996901750564576,0.9996901750564576,0.9994413437962069
21899,/home/yaxin/datasets/TacAct-original/5_5_L_9.xlsx,5,5,80,169.04644775390625,0.9599491357803345,440.86248779296875,714.0,0.19066108763217926,4,4,1,0.9996139407157898,0.9996139407157898,0.9996139407157898,0.9993325705290773
21900,/home/yaxin/datasets/TacAct-original/5_5_R_1.xlsx,5,5,80,177.0,1.1835006475448608,419.29998779296875,726.0,0.16044503450393677,4,4,1,0.9996299743652344,0.9996299743652344,0.9996299743652344,0.9993177745200229
21901,/home/yaxin/datasets/TacAct-original/5_5_R_10.xlsx,5,5,80,141.53933715820312,1.2199870347976685,492.13751220703125,689.0,0.15715186297893524,4,4,1,0.999701201915741,0.999701201915741,0.999701201915741,0.9994747534801719
21902,/home/yaxin/datasets/TacAct-original/5_5_R_11.xlsx,5,5,80,191.9174346923828,0.9991138577461243,472.95001220703125,706.0,0.14562170207500458,4,4,1,0.9997907280921936,0.9997907280921936,0.9997907280921936,0.9996187698852737
21903,/home/yaxin/datasets/TacAct-original/5_5_R_12.xlsx,5,5,80,143.19227600097656,1.0753650665283203,446.2749938964844,662.0,0.15570984780788422,4,4,1,0.9991525411605836,0.9991525411605836,0.9991525411605836,0.9984207849483939
21904,/home/yaxin/datasets/TacAct-original/5_5_R_13.xlsx,5,5,80,126.0,1.0113584995269775,481.4125061035156,726.0,0.14979277551174164,4,4,1,0.999768078327179,0.999768078327179,0.999768078327179,0.9995912326703548
21905,/home/yaxin/datasets/TacAct-original/5_5_R_14.xlsx,5,5,80,172.0296173095703,1.3005435466766357,535.25,757.0,0.1548876166343689,4,4,1,0.9997171759605408,0.9997171759605408,0.9997171759605408,0.9994967749080389
21906,/home/yaxin/datasets/TacAct-original/5_5_R_15.xlsx,5,5,80,155.12496948242188,1.0679395198822021,437.92498779296875,610.0,0.14288458228111267,4,4,1,0.9996988773345948,0.9996988773345948,0.9996988773345948,0.9994467205251568
21907,/home/yaxin/datasets/TacAct-original/5_5_R_16.xlsx,5,5,80,135.0,0.8417338132858276,382.3500061035156,622.0,0.13378570973873138,4,4,1,0.9997603297233582,0.9997603297233582,0.9997603297233582,0.9995597909437492
21908,/home/yaxin/datasets/TacAct-original/5_5_R_17.xlsx,5,5,80,126.28763580322266,1.1118271350860596,461.92498779296875,674.0,0.1448998749256134,4,4,1,0.999767005443573,0.999767005443573,0.999767005443573,0.999582528937026
21909,/home/yaxin/datasets/TacAct-original/5_5_R_18.xlsx,5,5,80,187.0,0.857042670249939,390.98748779296875,637.0,0.14093944430351257,4,4,1,0.9997162222862244,0.9997162222862244,0.9997162222862244,0.9994830112846103
21910,/home/yaxin/datasets/TacAct-original/5_5_R_19.xlsx,5,5,80,128.0,0.7641795873641968,379.625,677.0,0.1499956101179123,4,4,1,0.999783456325531,0.999783456325531,0.999783456325531,0.9995996318466496
21911,/home/yaxin/datasets/TacAct-original/5_5_R_2.xlsx,5,5,80,141.0,0.981142520904541,456.6875,680.0,0.14136406779289246,4,4,1,0.9997995495796204,0.9997995495796204,0.9997995495796204,0.9996471033227864
21912,/home/yaxin/datasets/TacAct-original/5_5_R_20.xlsx,5,5,80,119.326904296875,1.0421040058135986,448.17498779296875,746.0,0.15553121268749237,4,4,1,0.9997548460960388,0.9997548460960388,0.9997548460960388,0.9995594503416214
21913,/home/yaxin/datasets/TacAct-original/5_5_R_3.xlsx,5,5,80,98.0,0.8939336538314819,388.7749938964844,594.0,0.134918212890625,4,4,1,0.9997501969337464,0.9997501969337464,0.9997501969337464,0.9995444838132246
21914,/home/yaxin/datasets/TacAct-original/5_5_R_4.xlsx,5,5,80,168.0520477294922,1.0398998260498047,440.3500061035156,696.0,0.14440971612930298,4,4,1,0.9997699856758118,0.9997699856758118,0.9997699856758118,0.9996033194620396
21915,/home/yaxin/datasets/TacAct-original/5_5_R_5.xlsx,5,5,80,183.0,0.9938848614692688,459.82501220703125,688.0,0.1440877765417099,4,4,1,0.9997760653495787,0.9997760653495787,0.9997760653495787,0.999593006039504
21916,/home/yaxin/datasets/TacAct-original/5_5_R_6.xlsx,5,5,80,142.19789123535156,0.8307313919067383,390.6625061035156,605.0,0.13355956971645355,4,4,1,0.9997594952583312,0.9997594952583312,0.9997594952583312,0.999561168559012
21917,/home/yaxin/datasets/TacAct-original/5_5_R_7.xlsx,5,5,80,187.0,0.8373891115188599,326.9125061035156,521.0,0.13357727229595184,4,4,1,0.9995822310447692,0.9995822310447692,0.9995822310447692,0.9992252691590692
21918,/home/yaxin/datasets/TacAct-original/5_5_R_8.xlsx,5,5,80,132.2539825439453,0.977866530418396,442.29998779296875,658.0,0.14210008084774017,4,4,1,0.9997414946556092,0.9997414946556092,0.9997414946556092,0.9995436668250478
21919,/home/yaxin/datasets/TacAct-original/5_5_R_9.xlsx,5,5,80,165.0,1.0354747772216797,401.38751220703125,664.0,0.14991718530654907,4,4,1,0.9997298121452332,0.9997298121452332,0.9997298121452332,0.9995064841932617
21920,/home/yaxin/datasets/TacAct-original/5_6_L_1.xlsx,5,6,80,201.0,0.28655532002449036,233.5124969482422,352.0,0.06886057555675507,5,5,1,0.9999035596847534,0.9999035596847534,0.9999035596847534,0.9998720571747981
21921,/home/yaxin/datasets/TacAct-original/5_6_L_10.xlsx,5,6,80,150.0,0.20642471313476562,212.66250610351562,301.0,0.06177318096160889,5,5,1,0.9999544620513916,0.9999544620513916,0.9999544620513916,0.9999410866385006
21922,/home/yaxin/datasets/TacAct-original/5_6_L_11.xlsx,5,6,80,86.04637908935547,0.20434150099754333,215.10000610351562,310.0,0.06021225079894066,5,5,1,0.9998551607131958,0.9998551607131958,0.9998551607131958,0.999808378466696
21923,/home/yaxin/datasets/TacAct-original/5_6_L_12.xlsx,5,6,80,127.28202819824219,0.16205063462257385,191.03750610351562,276.0,0.05819815769791603,5,5,1,0.999811828136444,0.999811828136444,0.999811828136444,0.9997281680407467
21924,/home/yaxin/datasets/TacAct-original/5_6_L_13.xlsx,5,6,80,130.0,0.18323412537574768,230.1125030517578,336.0,0.06539478152990341,5,5,1,0.9980339407920836,0.9980339407920836,0.9980339407920836,0.9976030719699337
21925,/home/yaxin/datasets/TacAct-original/5_6_L_14.xlsx,5,6,80,84.55596160888672,0.18803150951862335,211.21249389648438,294.0,0.061885230243206024,5,5,1,0.9998427629470824,0.9998427629470824,0.9998427629470824,0.9997643712413263
21926,/home/yaxin/datasets/TacAct-original/5_6_L_15.xlsx,5,6,80,116.98440551757812,0.16242624819278717,204.66250610351562,301.0,0.062895767390728,5,5,1,0.9999324083328248,0.9999324083328248,0.9999324083328248,0.9999080008910824
21927,/home/yaxin/datasets/TacAct-original/5_6_L_16.xlsx,5,6,80,121.0,0.21875524520874023,239.60000610351562,349.0,0.06506425887346268,5,5,1,0.9999428987503052,0.9999428987503052,0.9999428987503052,0.9999249324064294
21928,/home/yaxin/datasets/TacAct-original/5_6_L_17.xlsx,5,6,80,81.29603576660156,0.1720741242170334,215.91250610351562,334.0,0.06288120150566101,5,5,1,0.9999560117721558,0.9999560117721558,0.9999560117721558,0.9999402609610115
21929,/home/yaxin/datasets/TacAct-original/5_6_L_18.xlsx,5,6,80,185.0,0.28086456656455994,239.0749969482422,387.0,0.06680221855640411,5,5,1,0.9999727010726928,0.9999727010726928,0.9999727010726928,0.9999622531395288
21930,/home/yaxin/datasets/TacAct-original/5_6_L_19.xlsx,5,6,80,146.1754608154297,0.22849366068840027,226.35000610351562,372.0,0.06863191723823547,5,5,1,0.9999544620513916,0.9999544620513916,0.9999544620513916,0.9999397806195702
21931,/home/yaxin/datasets/TacAct-original/5_6_L_2.xlsx,5,6,80,244.62014770507812,0.33340996503829956,227.75,397.0,0.0649307370185852,5,5,1,0.9999611377716064,0.9999611377716064,0.9999611377716064,0.9999480988126379
21932,/home/yaxin/datasets/TacAct-original/5_6_L_20.xlsx,5,6,80,102.0,0.28622207045555115,253.3249969482422,371.0,0.06649994105100632,5,5,1,0.9999618530273438,0.9999618530273438,0.9999618530273438,0.999947971767142
21933,/home/yaxin/datasets/TacAct-original/5_6_L_3.xlsx,5,6,80,124.0,0.29185038805007935,248.4499969482422,372.0,0.06769344955682755,5,5,1,0.9999105930328368,0.9999105930328368,0.9999105930328368,0.9998807018364458
21934,/home/yaxin/datasets/TacAct-original/5_6_L_4.xlsx,5,6,80,119.0,0.26060906052589417,254.375,395.0,0.06781715899705887,5,5,1,0.9999502897262572,0.9999502897262572,0.9999502897262572,0.9999316454777726
21935,/home/yaxin/datasets/TacAct-original/5_6_L_5.xlsx,5,6,80,67.61857604980469,0.1972447633743286,223.08749389648438,326.0,0.06418340653181076,5,5,1,0.9998726844787598,0.9998726844787598,0.9998726844787598,0.9998267662740545
21936,/home/yaxin/datasets/TacAct-original/5_6_L_6.xlsx,5,6,80,101.14739990234375,0.2205067127943039,234.8874969482422,320.0,0.06155319884419441,5,5,1,0.9999475479125975,0.9999475479125975,0.9999475479125975,0.9999247238574752
21937,/home/yaxin/datasets/TacAct-original/5_6_L_7.xlsx,5,6,80,72.0,0.23988275229930878,261.2875061035156,363.0,0.06437238305807114,5,5,1,0.9998835325241088,0.9998835325241088,0.9998835325241088,0.9998358687043946
21938,/home/yaxin/datasets/TacAct-original/5_6_L_8.xlsx,5,6,80,146.0,0.437887966632843,322.0874938964844,517.0,0.08643525838851929,5,5,1,0.9999678134918212,0.9999678134918212,0.9999678134918212,0.9999571981443295
21939,/home/yaxin/datasets/TacAct-original/5_6_L_9.xlsx,5,6,80,61.0,0.16239193081855774,218.1374969482422,291.0,0.06117728352546692,5,5,1,0.9999079704284668,0.9999079704284668,0.9999079704284668,0.9998767008619325
21940,/home/yaxin/datasets/TacAct-original/5_6_R_1.xlsx,5,6,80,123.8916015625,0.3082261383533478,268.5249938964844,488.0,0.08860038965940475,5,5,1,0.9999560117721558,0.9999560117721558,0.9999560117721558,0.9999427936927532
21941,/home/yaxin/datasets/TacAct-original/5_6_R_10.xlsx,5,6,80,98.44469451904297,0.2591894268989563,265.7250061035156,399.0,0.07988918572664261,5,5,1,0.99991774559021,0.99991774559021,0.99991774559021,0.9998864255758235
21942,/home/yaxin/datasets/TacAct-original/5_6_R_11.xlsx,5,6,80,112.36616516113281,0.3005170524120331,245.5749969482422,462.0,0.08761771768331528,5,5,1,0.9999556541442872,0.9999556541442872,0.9999556541442872,0.9999437004853463
21943,/home/yaxin/datasets/TacAct-original/5_6_R_12.xlsx,5,6,80,124.29885864257812,0.3145560622215271,260.5874938964844,417.0,0.08802670985460281,5,5,1,0.9999558925628662,0.9999558925628662,0.9999558925628662,0.9999397617593786
21944,/home/yaxin/datasets/TacAct-original/5_6_R_13.xlsx,5,6,80,121.0,0.2828109860420227,243.21249389648438,338.0,0.08024511486291885,5,5,1,0.9998390674591064,0.9998390674591064,0.9998390674591064,0.9997862090312992
21945,/home/yaxin/datasets/TacAct-original/5_6_R_14.xlsx,5,6,80,141.0,0.290690541267395,231.6125030517578,349.0,0.07877552509307861,5,5,1,0.9998310804367064,0.9998310804367064,0.9998310804367064,0.9997840099567837
21946,/home/yaxin/datasets/TacAct-original/5_6_R_15.xlsx,5,6,80,106.39981842041016,0.2608373761177063,247.08749389648438,409.0,0.07908474653959274,5,5,1,0.9999558925628662,0.9999558925628662,0.9999558925628662,0.9999402905959869
21947,/home/yaxin/datasets/TacAct-original/5_6_R_16.xlsx,5,6,80,255.0,0.4106016159057617,236.375,347.0,0.08806303143501282,5,5,1,0.9998302459716796,0.9998302459716796,0.9998302459716796,0.9997724344066227
21948,/home/yaxin/datasets/TacAct-original/5_6_R_17.xlsx,5,6,80,120.0,0.22483937442302704,225.08749389648438,323.0,0.07163115590810776,5,5,1,0.9998795986175536,0.9998795986175536,0.9998795986175536,0.9998438995935429
21949,/home/yaxin/datasets/TacAct-original/5_6_R_18.xlsx,5,6,80,147.0,0.3518860936164856,244.3125,379.0,0.08870638161897659,5,5,1,0.9998725652694702,0.9998725652694702,0.9998725652694702,0.9998385231483553
21950,/home/yaxin/datasets/TacAct-original/5_6_R_19.xlsx,5,6,80,115.0,0.24082493782043457,221.4499969482422,342.0,0.07842769473791122,5,5,1,0.9996204376220704,0.9996204376220704,0.9996204376220704,0.9994417073903608
21951,/home/yaxin/datasets/TacAct-original/5_6_R_2.xlsx,5,6,80,111.109130859375,0.26806944608688354,239.21249389648438,354.0,0.07509646564722061,5,5,1,0.999951958656311,0.999951958656311,0.999951958656311,0.9999362706148531
21952,/home/yaxin/datasets/TacAct-original/5_6_R_20.xlsx,5,6,80,82.0,0.2809893488883972,250.1875,377.0,0.07927218079566956,5,5,1,0.9997760653495787,0.9997760653495787,0.9997760653495787,0.9996749955462292
21953,/home/yaxin/datasets/TacAct-original/5_6_R_3.xlsx,5,6,80,95.0,0.25455427169799805,274.20001220703125,399.0,0.08011342585086823,5,5,1,0.999952793121338,0.999952793121338,0.999952793121338,0.9999377983585874
21954,/home/yaxin/datasets/TacAct-original/5_6_R_4.xlsx,5,6,80,116.0,0.2704145312309265,266.7250061035156,384.0,0.07839420437812805,5,5,1,0.9999390840530396,0.9999390840530396,0.9999390840530396,0.9999227935149975
21955,/home/yaxin/datasets/TacAct-original/5_6_R_5.xlsx,5,6,80,120.3212890625,0.2902167737483978,264.5625,405.0,0.08411849290132523,5,5,1,0.9999371767044068,0.9999371767044068,0.9999371767044068,0.9999157341371757
21956,/home/yaxin/datasets/TacAct-original/5_6_R_6.xlsx,5,6,80,132.455322265625,0.3286757469177246,278.375,468.0,0.08776628226041794,5,5,1,0.9999535083770752,0.9999535083770752,0.9999535083770752,0.9999394921333078
21957,/home/yaxin/datasets/TacAct-original/5_6_R_7.xlsx,5,6,80,137.53857421875,0.31794142723083496,268.875,468.0,0.08310265839099884,5,5,1,0.9999535083770752,0.9999535083770752,0.9999535083770752,0.9999410134951177
21958,/home/yaxin/datasets/TacAct-original/5_6_R_8.xlsx,5,6,80,124.0,0.24172791838645935,226.6875,360.0,0.07516156136989594,5,5,1,0.999946117401123,0.999946117401123,0.999946117401123,0.9999311455439965
21959,/home/yaxin/datasets/TacAct-original/5_6_R_9.xlsx,5,6,80,123.3044662475586,0.2578573226928711,263.5,379.0,0.07152459025382996,5,5,1,0.9999403953552246,0.9999403953552246,0.9999403953552246,0.9999205193216767
21960,/home/yaxin/datasets/TacAct-original/5_7_L_1.xlsx,5,7,80,125.0,2.1528170108795166,528.0,842.0,0.2830514907836914,6,6,1,0.9997860789299012,0.9997860789299012,0.9997860789299012,0.9996764438546962
21961,/home/yaxin/datasets/TacAct-original/5_7_L_10.xlsx,5,7,80,164.20553588867188,2.0973589420318604,514.5750122070312,846.0,0.3126240372657776,6,3,0,0.8944507241249084,0.1053377911448478,0.8944507241249084,0.7891129329800607
21962,/home/yaxin/datasets/TacAct-original/5_7_L_11.xlsx,5,7,80,147.0,2.1443309783935547,488.375,783.0,0.29671192169189453,6,6,1,0.9993484616279602,0.9993484616279602,0.9993484616279602,0.9990134307590779
21963,/home/yaxin/datasets/TacAct-original/5_7_L_12.xlsx,5,7,80,126.28763580322266,2.118410587310791,525.7125244140625,890.0,0.31245094537734985,6,6,1,0.9998132586479188,0.9998132586479188,0.9998132586479188,0.9997465232809192
21964,/home/yaxin/datasets/TacAct-original/5_7_L_13.xlsx,5,7,80,175.96002197265625,2.356457471847534,514.125,796.0,0.2874823808670044,6,6,1,0.9996415376663208,0.9996415376663208,0.9996415376663208,0.9994842367450474
21965,/home/yaxin/datasets/TacAct-original/5_7_L_14.xlsx,5,7,80,128.0,2.381770372390747,509.4125061035156,881.0,0.3159230649471283,6,6,1,0.99972265958786,0.99972265958786,0.99972265958786,0.9995840210031018
21966,/home/yaxin/datasets/TacAct-original/5_7_L_15.xlsx,5,7,80,143.19227600097656,2.0638186931610107,450.0,745.0,0.3002929389476776,6,6,1,0.999030351638794,0.999030351638794,0.999030351638794,0.9984854751965031
21967,/home/yaxin/datasets/TacAct-original/5_7_L_16.xlsx,5,7,80,155.5023651123047,2.463219404220581,551.3499755859375,866.0,0.2900451123714447,6,6,1,0.9996609687805176,0.9996609687805176,0.9996609687805176,0.9994719218957471
21968,/home/yaxin/datasets/TacAct-original/5_7_L_17.xlsx,5,7,80,160.0,2.112748384475708,497.3999938964844,833.0,0.3157082498073578,6,6,1,0.999696969985962,0.999696969985962,0.999696969985962,0.9995976705613431
21969,/home/yaxin/datasets/TacAct-original/5_7_L_18.xlsx,5,7,80,141.20350646972656,1.8589515686035156,484.1499938964844,858.0,0.3053536117076874,6,6,1,0.9885202050209044,0.9885202050209044,0.9885202050209044,0.9771588342264295
21970,/home/yaxin/datasets/TacAct-original/5_7_L_19.xlsx,5,7,80,113.36055755615234,2.4664998054504395,567.2374877929688,857.0,0.30266883969306946,6,6,1,0.9997586607933044,0.9997586607933044,0.9997586607933044,0.9996621543905349
21971,/home/yaxin/datasets/TacAct-original/5_7_L_2.xlsx,5,7,80,149.15863037109375,2.000028610229492,494.51251220703125,827.0,0.2660110890865326,6,6,1,0.999195396900177,0.999195396900177,0.999195396900177,0.9985146702965721
21972,/home/yaxin/datasets/TacAct-original/5_7_L_20.xlsx,5,7,80,132.0,2.388402223587036,548.6124877929688,835.0,0.30257439613342285,6,6,1,0.999527096748352,0.999527096748352,0.999527096748352,0.999169170827372
21973,/home/yaxin/datasets/TacAct-original/5_7_L_3.xlsx,5,7,80,138.25430297851562,2.104869842529297,502.8125,828.0,0.2851117253303528,6,6,1,0.9997859597206116,0.9997859597206116,0.9997859597206116,0.9996862088519265
21974,/home/yaxin/datasets/TacAct-original/5_7_L_4.xlsx,5,7,80,195.0,2.1929612159729004,496.2749938964844,822.0,0.3025120496749878,6,6,1,0.9997268319129944,0.9997268319129944,0.9997268319129944,0.9995695972174872
21975,/home/yaxin/datasets/TacAct-original/5_7_L_5.xlsx,5,7,80,134.24276733398438,1.9955508708953857,496.2749938964844,815.0,0.2757165729999542,6,6,1,0.9998262524604796,0.9998262524604796,0.9998262524604796,0.9997586076860897
21976,/home/yaxin/datasets/TacAct-original/5_7_L_6.xlsx,5,7,80,133.2483673095703,2.473860263824463,541.875,825.0,0.2812992036342621,6,6,1,0.9998037219047546,0.9998037219047546,0.9998037219047546,0.9997088771560811
21977,/home/yaxin/datasets/TacAct-original/5_7_L_7.xlsx,5,7,80,187.9398651123047,2.5104453563690186,526.5499877929688,840.0,0.32311534881591797,6,3,0,0.9974410533905028,0.002482279902324,0.9974410533905028,0.9949587734881788
21978,/home/yaxin/datasets/TacAct-original/5_7_L_8.xlsx,5,7,80,143.19227600097656,2.256377696990967,534.9000244140625,882.0,0.3037538528442383,6,6,1,0.9997705817222596,0.9997705817222596,0.9997705817222596,0.9996602513710969
21979,/home/yaxin/datasets/TacAct-original/5_7_L_9.xlsx,5,7,80,135.23715209960938,2.0113978385925293,486.2749938964844,789.0,0.2998601198196411,6,6,1,0.9971773624420166,0.9971773624420166,0.9971773624420166,0.9949498982168735
21980,/home/yaxin/datasets/TacAct-original/5_7_R_1.xlsx,5,7,80,157.32266235351562,2.469935894012451,587.0750122070312,835.0,0.2703765630722046,6,6,1,0.9998488426208496,0.9998488426208496,0.9998488426208496,0.9997783748913207
21981,/home/yaxin/datasets/TacAct-original/5_7_R_10.xlsx,5,7,80,811.4229125976562,1.932904839515686,521.3624877929688,798.0,0.27060195803642273,6,4,0,0.9862106442451476,0.0022471426054835,0.9862106442451476,0.9758153622969984
21982,/home/yaxin/datasets/TacAct-original/5_7_R_11.xlsx,5,7,80,250.0,1.9140084981918335,528.5875244140625,749.0,0.2532583177089691,6,6,1,0.9997598528862,0.9997598528862,0.9997598528862,0.9996547671544249
21983,/home/yaxin/datasets/TacAct-original/5_7_R_12.xlsx,5,7,80,179.9847412109375,2.1551132202148438,498.51251220703125,798.0,0.3150786757469177,6,6,1,0.9997790455818176,0.9997790455818176,0.9997790455818176,0.9997022680545342
21984,/home/yaxin/datasets/TacAct-original/5_7_R_13.xlsx,5,7,80,152.4063262939453,2.436953067779541,633.25,879.0,0.2696249186992645,6,3,0,0.9937319159507751,0.0060535450465977,0.9937319159507751,0.9876783709041774
21985,/home/yaxin/datasets/TacAct-original/5_7_R_14.xlsx,5,7,80,217.77159118652344,2.4422218799591064,551.7750244140625,840.0,0.27084484696388245,6,6,1,0.9998130202293396,0.9998130202293396,0.9998130202293396,0.9997579326009145
21986,/home/yaxin/datasets/TacAct-original/5_7_R_15.xlsx,5,7,80,217.0,2.62730073928833,526.2000122070312,790.0,0.2949892282485962,6,6,1,0.999114453792572,0.999114453792572,0.999114453792572,0.9985759845003486
21987,/home/yaxin/datasets/TacAct-original/5_7_R_16.xlsx,5,7,80,182.0,2.682593822479248,581.5625,884.0,0.3160637617111206,6,6,1,0.9987226128578186,0.9987226128578186,0.9987226128578186,0.9975526712369174
21988,/home/yaxin/datasets/TacAct-original/5_7_R_17.xlsx,5,7,80,138.0,2.0636892318725586,476.125,858.0,0.2944449186325073,6,3,0,0.6411108374595642,0.358632743358612,0.6411108374595642,0.2824780941009522
21989,/home/yaxin/datasets/TacAct-original/5_7_R_18.xlsx,5,7,80,160.49099731445312,1.6900880336761475,473.92498779296875,871.0,0.2852729260921478,6,6,1,0.999786913394928,0.999786913394928,0.999786913394928,0.9996964629608556
21990,/home/yaxin/datasets/TacAct-original/5_7_R_19.xlsx,5,7,80,191.0,2.052661895751953,523.0750122070312,798.0,0.26900148391723633,6,6,1,0.99976247549057,0.99976247549057,0.99976247549057,0.9996699423791141
21991,/home/yaxin/datasets/TacAct-original/5_7_R_2.xlsx,5,7,80,232.0,2.0617847442626953,490.11248779296875,789.0,0.3198615312576294,6,6,1,0.9995743632316588,0.9995743632316588,0.9995743632316588,0.9993768058193381
21992,/home/yaxin/datasets/TacAct-original/5_7_R_20.xlsx,5,7,80,171.08839416503906,2.1753439903259277,508.82501220703125,799.0,0.26559028029441833,6,6,1,0.999847412109375,0.999847412109375,0.999847412109375,0.9997897890716558
21993,/home/yaxin/datasets/TacAct-original/5_7_R_3.xlsx,5,7,80,173.0,1.734890341758728,485.1499938964844,839.0,0.2700028121471405,6,6,1,0.9998088479042052,0.9998088479042052,0.9998088479042052,0.999744560002
21994,/home/yaxin/datasets/TacAct-original/5_7_R_4.xlsx,5,7,80,148.1642303466797,2.191908359527588,511.25,778.0,0.266162633895874,6,6,1,0.9998323917388916,0.9998323917388916,0.9998323917388916,0.9997699810992344
21995,/home/yaxin/datasets/TacAct-original/5_7_R_5.xlsx,5,7,80,168.0,2.341632843017578,556.75,846.0,0.2603113651275635,6,6,1,0.9998527765274048,0.9998527765274048,0.9998527765274048,0.9997974049074401
21996,/home/yaxin/datasets/TacAct-original/5_7_R_6.xlsx,5,7,80,199.87255859375,2.37615966796875,555.875,781.0,0.2606809139251709,6,6,1,0.9998283386230468,0.9998283386230468,0.9998283386230468,0.9997659965883939
21997,/home/yaxin/datasets/TacAct-original/5_7_R_7.xlsx,5,7,80,150.43980407714844,2.3596410751342773,564.4124755859375,834.0,0.26029667258262634,6,6,1,0.999846339225769,0.999846339225769,0.999846339225769,0.9997882862880942
21998,/home/yaxin/datasets/TacAct-original/5_7_R_8.xlsx,5,7,80,180.97914123535156,2.290050983428955,528.5250244140625,758.0,0.2572626769542694,6,6,1,0.9998188614845276,0.9998188614845276,0.9998188614845276,0.9997497718504746
21999,/home/yaxin/datasets/TacAct-original/5_7_R_9.xlsx,5,7,80,153.1361846923828,2.385310411453247,577.8250122070312,795.0,0.26260608434677124,6,6,1,0.9998451471328736,0.9998451471328736,0.9998451471328736,0.9997786756575807
22000,/home/yaxin/datasets/TacAct-original/5_8_L_1.xlsx,5,8,80,125.0,0.31985315680503845,324.875,711.0,0.17432521283626556,7,7,1,0.9944424033164978,0.9944424033164978,0.9944424033164978,0.9917428265325726
22001,/home/yaxin/datasets/TacAct-original/5_8_L_10.xlsx,5,8,80,130.0,0.34128081798553467,316.26251220703125,635.0,0.15072305500507355,7,7,1,0.9964433312416076,0.9964433312416076,0.9964433312416076,0.9946179657708852
22002,/home/yaxin/datasets/TacAct-original/5_8_L_11.xlsx,5,8,80,113.0,0.306844562292099,336.1499938964844,670.0,0.13011744618415833,7,7,1,0.9972679615020752,0.9972679615020752,0.9972679615020752,0.995520104886964
22003,/home/yaxin/datasets/TacAct-original/5_8_L_12.xlsx,5,8,80,194.0,0.36693549156188965,365.5375061035156,656.0,0.1604142189025879,7,7,1,0.9947049021720886,0.9947049021720886,0.9947049021720886,0.9922982924617827
22004,/home/yaxin/datasets/TacAct-original/5_8_L_13.xlsx,5,8,80,137.22593688964844,0.3347298800945282,400.73748779296875,708.0,0.14386916160583496,7,8,0,0.2925277352333069,0.0554743260145187,0.2925277352333069,0.009937524795532282
22005,/home/yaxin/datasets/TacAct-original/5_8_L_14.xlsx,5,8,80,195.89498901367188,0.516102135181427,371.4125061035156,707.0,0.22349198162555695,7,7,1,0.9955904483795166,0.9955904483795166,0.9955904483795166,0.9927965719252825
22006,/home/yaxin/datasets/TacAct-original/5_8_L_15.xlsx,5,8,80,142.0,0.40185269713401794,403.3374938964844,633.0,0.16797961294651031,7,7,1,0.9917793869972228,0.9917793869972228,0.9917793869972228,0.9881083576474338
22007,/home/yaxin/datasets/TacAct-original/5_8_L_16.xlsx,5,8,80,119.0,0.28197023272514343,308.01251220703125,641.0,0.13704195618629456,7,7,1,0.996891438961029,0.996891438961029,0.996891438961029,0.9952167927986012
22008,/home/yaxin/datasets/TacAct-original/5_8_L_17.xlsx,5,8,80,141.0,0.3222290873527527,287.4624938964844,716.0,0.14837880432605743,7,7,1,0.9915383458137512,0.9915383458137512,0.9915383458137512,0.9876660278532654
22009,/home/yaxin/datasets/TacAct-original/5_8_L_18.xlsx,5,8,80,179.9847412109375,0.41074076294898987,317.63751220703125,640.0,0.1692190319299698,7,7,1,0.9840682148933412,0.9840682148933412,0.9840682148933412,0.9778064633719625
22010,/home/yaxin/datasets/TacAct-original/5_8_L_19.xlsx,5,8,80,123.0,0.3868103623390198,421.75,681.0,0.148737832903862,7,10,0,0.8685081005096436,0.1237240433692932,0.8685081005096436,0.7447840571403503
22011,/home/yaxin/datasets/TacAct-original/5_8_L_2.xlsx,5,8,80,130.26519775390625,0.3638366460800171,335.38751220703125,678.0,0.1837010383605957,7,7,1,0.99369615316391,0.99369615316391,0.99369615316391,0.9910529868211599
22012,/home/yaxin/datasets/TacAct-original/5_8_L_20.xlsx,5,8,80,151.1474151611328,0.45205816626548767,425.4125061035156,766.0,0.1941990703344345,7,7,1,0.975295901298523,0.975295901298523,0.975295901298523,0.9592248294502498
22013,/home/yaxin/datasets/TacAct-original/5_8_L_3.xlsx,5,8,80,86.04637908935547,0.39057657122612,380.38751220703125,782.0,0.1958037167787552,7,7,1,0.994684875011444,0.994684875011444,0.994684875011444,0.9919556777458638
22014,/home/yaxin/datasets/TacAct-original/5_8_L_4.xlsx,5,8,80,133.0,0.3215586543083191,354.875,717.0,0.1802103966474533,7,7,1,0.9906222224235536,0.9906222224235536,0.9906222224235536,0.9864205056801439
22015,/home/yaxin/datasets/TacAct-original/5_8_L_5.xlsx,5,8,80,146.0,0.40097275376319885,372.6499938964844,771.0,0.18570366501808167,7,7,1,0.993235170841217,0.993235170841217,0.993235170841217,0.9894441771321
22016,/home/yaxin/datasets/TacAct-original/5_8_L_6.xlsx,5,8,80,231.0,0.3517456650733948,357.54998779296875,645.0,0.16565334796905518,7,7,1,0.993432879447937,0.993432879447937,0.993432879447937,0.9905305290594697
22017,/home/yaxin/datasets/TacAct-original/5_8_L_7.xlsx,5,8,80,119.0,0.274331659078598,264.92498779296875,687.0,0.16514290869235992,7,7,1,0.99540776014328,0.99540776014328,0.99540776014328,0.992913474328816
22018,/home/yaxin/datasets/TacAct-original/5_8_L_8.xlsx,5,8,80,125.0,0.2563878297805786,300.45001220703125,633.0,0.11864018440246582,7,7,1,0.9955700039863586,0.9955700039863586,0.9955700039863586,0.9932750887237489
22019,/home/yaxin/datasets/TacAct-original/5_8_L_9.xlsx,5,8,80,201.0,0.4090874195098877,351.75,629.0,0.16002273559570312,7,7,1,0.9958248138427734,0.9958248138427734,0.9958248138427734,0.9937322596088053
22020,/home/yaxin/datasets/TacAct-original/5_8_R_1.xlsx,5,8,80,131.0,0.5067852139472961,255.8125,766.0,0.21255476772785187,7,7,1,0.9953180551528932,0.9953180551528932,0.9953180551528932,0.9929846522863955
22021,/home/yaxin/datasets/TacAct-original/5_8_R_10.xlsx,5,8,80,121.0,0.5860618352890015,466.0,813.0,0.20312441885471344,7,7,1,0.6993274688720703,0.6993274688720703,0.6993274688720703,0.4771097302436829
22022,/home/yaxin/datasets/TacAct-original/5_8_R_11.xlsx,5,8,80,179.9377899169922,0.5108475685119629,316.6875,726.0,0.2210049033164978,7,7,1,0.993443489074707,0.993443489074707,0.993443489074707,0.9898576841223985
22023,/home/yaxin/datasets/TacAct-original/5_8_R_12.xlsx,5,8,80,146.0,0.3877097964286804,317.95001220703125,668.0,0.21120277047157288,7,7,1,0.99655944108963,0.99655944108963,0.99655944108963,0.9944999746512622
22024,/home/yaxin/datasets/TacAct-original/5_8_R_13.xlsx,5,8,80,175.0,0.42127227783203125,330.23748779296875,682.0,0.18146488070487976,7,7,1,0.9950182437896729,0.9950182437896729,0.9950182437896729,0.9923738336656244
22025,/home/yaxin/datasets/TacAct-original/5_8_R_14.xlsx,5,8,80,139.0,0.5118705630302429,395.7875061035156,674.0,0.17791996896266937,7,7,1,0.9957908391952516,0.9957908391952516,0.9957908391952516,0.9929573128465565
22026,/home/yaxin/datasets/TacAct-original/5_8_R_15.xlsx,5,8,80,105.0,0.4890221059322357,389.1625061035156,686.0,0.19365744292736053,7,8,0,0.6615419387817383,0.1095676124095916,0.6615419387817383,0.5519743263721467
22027,/home/yaxin/datasets/TacAct-original/5_8_R_16.xlsx,5,8,80,150.0,0.48763322830200195,401.13751220703125,757.0,0.2113904356956482,7,7,1,0.996161699295044,0.996161699295044,0.996161699295044,0.9938306231051683
22028,/home/yaxin/datasets/TacAct-original/5_8_R_17.xlsx,5,8,80,99.0,0.3351154029369354,335.29998779296875,693.0,0.160461887717247,7,7,1,0.9959729313850404,0.9959729313850404,0.9959729313850404,0.9940047475975008
22029,/home/yaxin/datasets/TacAct-original/5_8_R_18.xlsx,5,8,80,145.0,0.21832680702209473,202.02499389648438,681.0,0.12460074573755264,7,7,1,0.9957142472267152,0.9957142472267152,0.9957142472267152,0.9935635118745269
22030,/home/yaxin/datasets/TacAct-original/5_8_R_19.xlsx,5,8,80,144.18667602539062,0.22501535713672638,195.7375030517578,658.0,0.12771815061569214,7,7,1,0.9969407916069032,0.9969407916069032,0.9969407916069032,0.9951029747026043
22031,/home/yaxin/datasets/TacAct-original/5_8_R_2.xlsx,5,8,80,128.56117248535156,0.29723724722862244,222.21249389648438,675.0,0.18020634353160858,7,7,1,0.996135115623474,0.996135115623474,0.996135115623474,0.9941155984997749
22032,/home/yaxin/datasets/TacAct-original/5_8_R_20.xlsx,5,8,80,147.0,0.37722644209861755,365.7124938964844,613.0,0.1304798424243927,7,7,1,0.9950566291809082,0.9950566291809082,0.9950566291809082,0.9929224676452578
22033,/home/yaxin/datasets/TacAct-original/5_8_R_3.xlsx,5,8,80,91.44380187988281,0.3408046364784241,218.1875,686.0,0.15857833623886108,7,7,1,0.9955735206604004,0.9955735206604004,0.9955735206604004,0.9934245920740069
22034,/home/yaxin/datasets/TacAct-original/5_8_R_4.xlsx,5,8,80,121.0,0.3198113739490509,215.1999969482422,684.0,0.1690172553062439,7,7,1,0.9972992539405824,0.9972992539405824,0.9972992539405824,0.9956803657114508
22035,/home/yaxin/datasets/TacAct-original/5_8_R_5.xlsx,5,8,80,147.0,0.26027145981788635,199.1875,654.0,0.1330650895833969,7,7,1,0.9936434030532836,0.9936434030532836,0.9936434030532836,0.9907953983638434
22036,/home/yaxin/datasets/TacAct-original/5_8_R_6.xlsx,5,8,80,131.7577362060547,0.3580355644226074,211.8000030517578,648.0,0.15017840266227722,7,7,1,0.9919031262397766,0.9919031262397766,0.9919031262397766,0.9887081331107767
22037,/home/yaxin/datasets/TacAct-original/5_8_R_7.xlsx,5,8,80,132.0,0.34231534600257874,228.53750610351562,671.0,0.1719374805688858,7,7,1,0.9959348440170288,0.9959348440170288,0.9959348440170288,0.9937793894205244
22038,/home/yaxin/datasets/TacAct-original/5_8_R_8.xlsx,5,8,80,117.00872802734375,0.37023764848709106,238.0625,663.0,0.1637311428785324,7,7,1,0.996699035167694,0.996699035167694,0.996699035167694,0.9948379638371989
22039,/home/yaxin/datasets/TacAct-original/5_8_R_9.xlsx,5,8,80,111.54573059082031,0.4156947731971741,281.45001220703125,772.0,0.18236449360847473,7,7,1,0.9933841824531556,0.9933841824531556,0.9933841824531556,0.9901815839111806
22040,/home/yaxin/datasets/TacAct-original/5_9_L_1.xlsx,5,9,80,233.68185424804688,0.8690811395645142,451.92498779296875,656.0,0.41489875316619873,8,8,1,0.9999207258224488,0.9999207258224488,0.9999207258224488,0.9998639710429417
22041,/home/yaxin/datasets/TacAct-original/5_9_L_10.xlsx,5,9,80,98.61495208740234,0.7110236883163452,449.9375,653.0,0.31062668561935425,8,8,1,0.999974012374878,0.999974012374878,0.999974012374878,0.9999532318724961
22042,/home/yaxin/datasets/TacAct-original/5_9_L_11.xlsx,5,9,80,154.0843505859375,1.0050938129425049,505.6875,732.0,0.2961435914039612,8,8,1,0.9989609718322754,0.9989609718322754,0.9989609718322754,0.9985624972032384
22043,/home/yaxin/datasets/TacAct-original/5_9_L_12.xlsx,5,9,80,111.20947265625,1.19626784324646,553.1500244140625,792.0,0.39671364426612854,8,8,1,0.9997207522392272,0.9997207522392272,0.9997207522392272,0.9995340140158077
22044,/home/yaxin/datasets/TacAct-original/5_9_L_13.xlsx,5,9,80,788.9196166992188,1.0955302715301514,508.29998779296875,801.0,0.41500169038772583,8,8,1,0.999559223651886,0.999559223651886,0.999559223651886,0.9993032630591188
22045,/home/yaxin/datasets/TacAct-original/5_9_L_14.xlsx,5,9,80,241.05221557617188,0.8692091703414917,472.26251220703125,678.0,0.3828573226928711,8,8,1,0.9772672653198242,0.9772672653198242,0.9772672653198242,0.9560451284050943
22046,/home/yaxin/datasets/TacAct-original/5_9_L_15.xlsx,5,9,80,108.38860321044922,1.0358831882476807,514.5999755859375,758.0,0.32744985818862915,8,0,0,0.9957626461982728,0.0007828350644558,0.9957626461982728,0.9924767566844822
22047,/home/yaxin/datasets/TacAct-original/5_9_L_16.xlsx,5,9,80,75.44651794433594,0.7506687045097351,464.5375061035156,674.0,0.3180614113807678,8,8,1,0.999946355819702,0.999946355819702,0.999946355819702,0.9999172467869356
22048,/home/yaxin/datasets/TacAct-original/5_9_L_17.xlsx,5,9,80,142.74072265625,0.805545449256897,424.375,632.0,0.3666711151599884,8,8,1,0.9999715089797974,0.9999715089797974,0.9999715089797974,0.9999489197216462
22049,/home/yaxin/datasets/TacAct-original/5_9_L_18.xlsx,5,9,80,214.58372497558594,0.7570773959159851,490.23748779296875,637.0,0.4086216390132904,8,8,1,0.9999018907546996,0.9999018907546996,0.9999018907546996,0.9998523748399747
22050,/home/yaxin/datasets/TacAct-original/5_9_L_19.xlsx,5,9,80,130.43031311035156,0.8222894668579102,510.75,750.0,0.39299988746643066,8,8,1,0.9999659061431884,0.9999659061431884,0.9999659061431884,0.9999398578656836
22051,/home/yaxin/datasets/TacAct-original/5_9_L_2.xlsx,5,9,80,115.04219818115234,0.6010304689407349,436.79998779296875,599.0,0.3122956156730652,8,8,1,0.9993067979812622,0.9993067979812622,0.9993067979812622,0.9987188550294377
22052,/home/yaxin/datasets/TacAct-original/5_9_L_20.xlsx,5,9,80,220.4334259033203,0.8603546023368835,481.4624938964844,692.0,0.411445677280426,8,8,1,0.9999549388885498,0.9999549388885498,0.9999549388885498,0.9999173279793467
22053,/home/yaxin/datasets/TacAct-original/5_9_L_3.xlsx,5,9,80,175.0,0.6889312267303467,451.61248779296875,600.0,0.35631904006004333,8,8,1,0.999927282333374,0.999927282333374,0.999927282333374,0.9998917378761689
22054,/home/yaxin/datasets/TacAct-original/5_9_L_4.xlsx,5,9,80,157.16380310058594,0.7254084944725037,457.9750061035156,655.0,0.33802318572998047,8,8,1,0.9871999025344848,0.9871999025344848,0.9871999025344848,0.977114395238459
22055,/home/yaxin/datasets/TacAct-original/5_9_L_5.xlsx,5,9,80,156.24472045898438,1.096648931503296,558.0999755859375,742.0,0.3311111032962799,8,8,1,0.999381184577942,0.999381184577942,0.999381184577942,0.9988769429619426
22056,/home/yaxin/datasets/TacAct-original/5_9_L_6.xlsx,5,9,80,102.0,0.6504308581352234,439.5,652.0,0.2990421950817108,8,8,1,0.9999215602874756,0.9999215602874756,0.9999215602874756,0.9998794057573832
22057,/home/yaxin/datasets/TacAct-original/5_9_L_7.xlsx,5,9,80,137.8629913330078,0.6484758853912354,444.79998779296875,683.0,0.30693745613098145,8,8,1,0.99964702129364,0.99964702129364,0.99964702129364,0.9994564580119913
22058,/home/yaxin/datasets/TacAct-original/5_9_L_8.xlsx,5,9,80,162.0,0.7303956747055054,457.48748779296875,656.0,0.31066736578941345,8,8,1,0.9982299208641052,0.9982299208641052,0.9982299208641052,0.9969249102286996
22059,/home/yaxin/datasets/TacAct-original/5_9_L_9.xlsx,5,9,80,172.9904022216797,0.7638211250305176,463.48748779296875,670.0,0.3323169946670532,8,8,1,0.999962329864502,0.999962329864502,0.999962329864502,0.9999327668083424
22060,/home/yaxin/datasets/TacAct-original/5_9_R_1.xlsx,5,9,80,111.06936645507812,0.7701484560966492,441.8500061035156,720.0,0.40996700525283813,8,0,0,0.9422534108161926,0.0563974268734455,0.9422534108161926,0.8858559839427471
22061,/home/yaxin/datasets/TacAct-original/5_9_R_10.xlsx,5,9,80,76.5680923461914,0.6400120854377747,420.92498779296875,626.0,0.31030750274658203,8,8,1,0.9999220371246338,0.9999220371246338,0.9999220371246338,0.9998494003011729
22062,/home/yaxin/datasets/TacAct-original/5_9_R_11.xlsx,5,9,80,137.20333862304688,0.5448232889175415,407.76251220703125,622.0,0.2692505419254303,8,8,1,0.9803536534309388,0.9803536534309388,0.9803536534309388,0.9609556868672372
22063,/home/yaxin/datasets/TacAct-original/5_9_R_12.xlsx,5,9,80,87.0,0.5214614272117615,363.11248779296875,587.0,0.21450366079807281,8,8,1,0.9990711212158204,0.9990711212158204,0.9990711212158204,0.9985315140220338
22064,/home/yaxin/datasets/TacAct-original/5_9_R_13.xlsx,5,9,80,135.56996154785156,0.5762149095535278,398.42498779296875,587.0,0.2901005446910858,8,8,1,0.9960901141166688,0.9960901141166688,0.9960901141166688,0.993832769803703
22065,/home/yaxin/datasets/TacAct-original/5_9_R_14.xlsx,5,9,80,122.62472534179688,0.6459120512008667,434.54998779296875,703.0,0.2894023060798645,8,8,1,0.9999353885650636,0.9999353885650636,0.9999353885650636,0.9998833849604126
22066,/home/yaxin/datasets/TacAct-original/5_9_R_15.xlsx,5,9,80,115.06935119628906,0.9630087614059448,528.5999755859375,755.0,0.4705665707588196,8,8,1,0.9998451471328736,0.9998451471328736,0.9998451471328736,0.9997189099231039
22067,/home/yaxin/datasets/TacAct-original/5_9_R_16.xlsx,5,9,80,140.0,0.6845563650131226,441.29998779296875,677.0,0.31189683079719543,8,8,1,0.9992326498031616,0.9992326498031616,0.9992326498031616,0.9985024119378069
22068,/home/yaxin/datasets/TacAct-original/5_9_R_17.xlsx,5,9,80,131.5105743408203,0.5083332657814026,419.4624938964844,715.0,0.21205498278141022,8,5,0,0.9999853372573853,4.571943463815842e-07,0.9999853372573853,0.9999795790949975
22069,/home/yaxin/datasets/TacAct-original/5_9_R_18.xlsx,5,9,80,82.86486053466797,0.6380085349082947,383.54998779296875,738.0,0.2626325786113739,8,8,1,0.9937437176704408,0.9937437176704408,0.9937437176704408,0.9884978942573072
22070,/home/yaxin/datasets/TacAct-original/5_9_R_19.xlsx,5,9,80,96.50408935546875,0.6414549946784973,451.9624938964844,764.0,0.26161324977874756,8,8,1,0.9998329877853394,0.9998329877853394,0.9998329877853394,0.9997567678146879
22071,/home/yaxin/datasets/TacAct-original/5_9_R_2.xlsx,5,9,80,84.11275482177734,0.5420054197311401,368.2250061035156,612.0,0.2767786979675293,8,8,1,0.9999628067016602,0.9999628067016602,0.9999628067016602,0.9999319964445021
22072,/home/yaxin/datasets/TacAct-original/5_9_R_20.xlsx,5,9,80,162.59207153320312,1.2714591026306152,477.4624938964844,793.0,0.3110426068305969,8,0,0,0.999887228012085,1.643347968638409e-05,0.999887228012085,0.9998285760229919
22073,/home/yaxin/datasets/TacAct-original/5_9_R_3.xlsx,5,9,80,115.32737731933594,0.5608984231948853,368.9125061035156,579.0,0.3177393674850464,8,8,1,0.9999275207519532,0.9999275207519532,0.9999275207519532,0.9998642198042945
22074,/home/yaxin/datasets/TacAct-original/5_9_R_4.xlsx,5,9,80,93.7808837890625,0.43120908737182617,353.4624938964844,561.0,0.23683132231235504,8,8,1,0.999886155128479,0.999886155128479,0.999886155128479,0.9997996736856294
22075,/home/yaxin/datasets/TacAct-original/5_9_R_5.xlsx,5,9,80,94.82473754882812,0.553478479385376,423.125,636.0,0.2936186194419861,8,8,1,0.9919093251228333,0.9919093251228333,0.9919093251228333,0.985969162080437
22076,/home/yaxin/datasets/TacAct-original/5_9_R_6.xlsx,5,9,80,126.83394622802734,0.7068912386894226,391.1625061035156,624.0,0.3882625997066498,8,8,1,0.9987045526504515,0.9987045526504515,0.9987045526504515,0.997441024519503
22077,/home/yaxin/datasets/TacAct-original/5_9_R_7.xlsx,5,9,80,101.27896118164062,0.6322928667068481,396.0249938964844,605.0,0.33294886350631714,8,8,1,0.9999488592147828,0.9999488592147828,0.9999488592147828,0.9999080326633704
22078,/home/yaxin/datasets/TacAct-original/5_9_R_8.xlsx,5,9,80,132.4534149169922,0.6544214487075806,400.625,659.0,0.3456869125366211,8,8,1,0.7943968772888184,0.7943968772888184,0.7943968772888184,0.5997840017080307
22079,/home/yaxin/datasets/TacAct-original/5_9_R_9.xlsx,5,9,80,122.0,0.8210967779159546,438.51251220703125,724.0,0.3850902020931244,8,8,1,0.9780688285827636,0.9780688285827636,0.9780688285827636,0.9662900157272815
