model,seed,sample_id,subject_id,true_label,true_class,pred_label,pred_class,correct,top1_confidence,prob_0,prob_1,prob_2,prob_3,prob_4,prob_5,prob_6,prob_7,prob_8,prob_9,prob_10,prob_11,true_class_probability,pred_class_probability,probability_margin,file_path
LeNet_LSTM,43,42,10,10,class_10,7,class_7,0,0.9889926314353944,2.1928442947682925e-05,0.0001374105777358,0.0001756290002958,0.0002892524935305,3.296983049949631e-05,5.8997797168558463e-05,8.458200682071038e-06,0.9889926314353944,0.000192574414541,0.0003617278998717,0.0054996716789901,0.0042287250980734,0.0054996716789901,0.9889926314353944,0.9834929597564043,/home/yaxin/datasets/TacAct-original/10_11_L_11.xlsx
LeNet_LSTM,43,47,10,10,class_10,7,class_7,0,0.9911324381828308,1.7992064385907724e-05,0.0001273971283808,0.0001489482965553,0.0002650179958436,3.2593092328170314e-05,2.466511796228588e-05,9.649552339396903e-06,0.9911324381828308,0.0002204956399509,0.0002389791916357,0.004618068691343,0.003163726767525,0.004618068691343,0.9911324381828308,0.9865143694914879,/home/yaxin/datasets/TacAct-original/10_11_L_16.xlsx
LeNet_LSTM,43,52,10,10,class_10,7,class_7,0,0.9955105781555176,9.803966349863911e-06,7.320063014049083e-05,0.0001153327539213,0.0001650157064432,1.7708605810184963e-05,1.5193328181339892e-05,5.216195404500468e-06,0.9955105781555176,0.000153873610543,0.0001268673659069,0.0018569510430097,0.0019501810893416,0.0018569510430097,0.9955105781555176,0.9935603970661759,/home/yaxin/datasets/TacAct-original/10_11_L_20.xlsx
LeNet_LSTM,43,53,10,10,class_10,7,class_7,0,0.9909499287605286,1.455672099837102e-05,0.000112249275844,0.0001381399633828,0.0002520063135307,2.498812864359934e-05,2.2324062229017727e-05,8.497859198541846e-06,0.9909499287605286,0.0002033847558777,0.000224999137572,0.0051892134360969,0.0028596541378647,0.0051892134360969,0.9909499287605286,0.9857607153244317,/home/yaxin/datasets/TacAct-original/10_11_L_3.xlsx
LeNet_LSTM,43,129,10,0,class_0,8,class_8,0,0.9865487217903136,0.0130551708862185,3.52981055584678e-06,9.738180960994214e-05,2.7186094939679606e-06,6.1892977100797e-05,1.0292441402270924e-05,7.906690370873548e-06,0.0001468124683015,0.9865487217903136,1.1942254786845297e-05,5.35229264642112e-06,4.829635145142674e-05,0.0130551708862185,0.9865487217903136,0.9734935509040951,/home/yaxin/datasets/TacAct-original/10_1_L_18.xlsx
LeNet_LSTM,43,143,10,0,class_0,2,class_2,0,0.961230456829071,0.0361374579370021,0.0002252224221592,0.961230456829071,6.630209099967033e-05,3.284803096903488e-05,0.0002814633480738,4.10207430832088e-05,4.499974602367729e-05,0.0018769117305055,2.3661862087465124e-06,9.842302461038344e-06,5.1154998800484464e-05,0.0361374579370021,0.961230456829071,0.925092998892069,/home/yaxin/datasets/TacAct-original/10_1_R_12.xlsx
LeNet_LSTM,43,147,10,0,class_0,2,class_2,0,0.9939885139465332,0.0052576474845409,9.068191138794646e-05,0.9939885139465332,2.2195341443875805e-05,7.00419786880957e-06,4.1994699131464586e-05,6.285525614657672e-06,3.120114342891611e-05,0.0005448302836157,6.172007829263748e-07,2.2575902676180704e-06,6.75935280014528e-06,0.0052576474845409,0.9939885139465332,0.9887308664619923,/home/yaxin/datasets/TacAct-original/10_1_R_16.xlsx
LeNet_LSTM,43,148,10,0,class_0,2,class_2,0,0.9854292273521424,0.0125842653214931,0.0007369438535533,0.9854292273521424,5.8126955991610885e-05,3.0644339858554304e-05,0.0002097474352922,2.1474348613992333e-05,5.334202069207095e-05,0.0008399761281907,1.768708102645178e-06,1.0579407899058424e-05,2.383856372034643e-05,0.0125842653214931,0.9854292273521424,0.9728449620306493,/home/yaxin/datasets/TacAct-original/10_1_R_17.xlsx
LeNet_LSTM,43,260,10,3,class_3,6,class_6,0,0.999380350112915,2.9586677555926144e-05,3.617562470026314e-05,3.6940257359674433e-06,0.0003214899625163,0.0001727648923406,3.5121529435855336e-06,0.999380350112915,2.2299195734376558e-06,5.2961622714065015e-06,1.5180287391558522e-06,3.081306431340636e-06,4.026674650958739e-05,0.0003214899625163,0.999380350112915,0.9990588601503987,/home/yaxin/datasets/TacAct-original/10_4_R_1.xlsx
LeNet_LSTM,43,262,10,3,class_3,6,class_6,0,0.9996461868286132,3.600187847041525e-05,2.651652175700292e-05,3.3801754852902377e-06,0.0001276594121009,0.0001163780907518,2.498934918548912e-06,0.9996461868286132,1.6717898461138248e-06,5.436803803604562e-06,1.4049850278752274e-06,1.8755575865725405e-06,3.1084466172615066e-05,0.0001276594121009,0.9996461868286132,0.9995185274165123,/home/yaxin/datasets/TacAct-original/10_4_R_11.xlsx
LeNet_LSTM,43,270,10,3,class_3,6,class_6,0,0.5195122957229614,2.300915730302222e-05,6.022144225426018e-05,1.8151349649997428e-05,0.480080783367157,9.172914724331348e-05,8.68170627654763e-06,0.5195122957229614,6.386735185515136e-05,1.087680175260175e-05,1.7061423932318576e-05,3.2452877348987386e-05,8.086912566795945e-05,0.480080783367157,0.5195122957229614,0.03943151235580444,/home/yaxin/datasets/TacAct-original/10_4_R_19.xlsx
LeNet_LSTM,43,274,10,3,class_3,6,class_6,0,0.999427080154419,3.3899883419508114e-05,6.229817518033087e-05,4.263222763256636e-06,0.0001984357368201,0.0001741014566505,3.9403103073709644e-06,0.999427080154419,2.351825969526544e-06,9.316318937635517e-06,1.8231100966659144e-06,2.701583753150772e-06,7.982159149833024e-05,0.0001984357368201,0.999427080154419,0.9992286444175988,/home/yaxin/datasets/TacAct-original/10_4_R_4.xlsx
LeNet_LSTM,43,275,10,3,class_3,6,class_6,0,0.9990746974945068,5.3911659051664174e-05,2.9120903491275385e-05,6.261897397052962e-06,0.0006489942898042,0.0001126291172113,3.822855887847254e-06,0.9990746974945068,5.078773483546684e-06,7.878401447669603e-06,2.710330136324046e-06,4.210286078887293e-06,5.069813778391108e-05,0.0006489942898042,0.9990746974945068,0.9984257032047026,/home/yaxin/datasets/TacAct-original/10_4_R_5.xlsx
LeNet_LSTM,43,278,10,3,class_3,6,class_6,0,0.9993151426315308,4.2294977902201936e-05,2.0190385839669037e-05,4.601984983310103e-06,0.0004834409046452,8.282479393528774e-05,2.82119435723871e-06,0.9993151426315308,3.059371010749601e-06,5.528057045012247e-06,1.868547883532301e-06,2.589258656371385e-06,3.570453554857522e-05,0.0004834409046452,0.9993151426315308,0.9988317017268855,/home/yaxin/datasets/TacAct-original/10_4_R_8.xlsx
LeNet_LSTM,43,311,10,4,class_4,1,class_1,0,0.9984962940216064,8.897211500880076e-07,0.9984962940216064,1.868608342192601e-05,5.377782508730888e-05,0.0011726464144885,1.6454514479846694e-05,0.0002101535064866,3.4575703011796577e-06,5.615236659650691e-06,3.4811041587090585e-06,1.97041273963805e-07,1.838594653236214e-05,0.0011726464144885,0.9984962940216064,0.9973236476071179,/home/yaxin/datasets/TacAct-original/10_5_R_2.xlsx
LeNet_LSTM,43,362,10,6,class_6,3,class_3,0,0.9116961359977722,0.0001492520823376,0.0001064312309608,1.856491871876642e-05,0.9116961359977722,0.0023322673514485,4.523154711932875e-05,0.0828463360667228,0.0004982535610906,5.976534521323629e-05,0.0013312731171026,0.0001666175667196,0.0007499242783524,0.0828463360667228,0.9116961359977722,0.8288497999310495,/home/yaxin/datasets/TacAct-original/10_7_L_11.xlsx
LeNet_LSTM,43,364,10,6,class_6,3,class_3,0,0.996601939201355,9.539387519907905e-07,1.2158765457570553e-05,2.278228748764377e-06,0.996601939201355,6.511874289572006e-06,4.080192752553558e-07,0.0033238076139241,2.306648275407497e-05,7.50991375753074e-07,4.275950686860597e-06,3.634535232777125e-06,2.022205080720596e-05,0.0033238076139241,0.996601939201355,0.9932781315874308,/home/yaxin/datasets/TacAct-original/10_7_L_13.xlsx
LeNet_LSTM,43,365,10,6,class_6,9,class_9,0,0.9997430443763732,2.760323468464776e-06,5.319414412952028e-06,2.959219500553445e-07,1.4400492545973975e-05,0.0001193492644233,7.523126441810746e-06,4.39333462054492e-06,3.1157822377281263e-05,1.795796379155945e-06,0.9997430443763732,4.29819056080305e-06,6.562148337252438e-05,4.39333462054492e-06,0.9997430443763732,0.9996236951119499,/home/yaxin/datasets/TacAct-original/10_7_L_14.xlsx
LeNet_LSTM,43,367,10,6,class_6,9,class_9,0,0.999913215637207,3.289548828888656e-07,1.7338746829409502e-06,6.544048147816285e-08,3.2346738407795783e-06,1.728560710034799e-05,2.60716433331254e-06,1.1256572634010809e-06,9.268384019378573e-06,6.008774562360486e-07,0.999913215637207,1.1958973118453289e-06,4.9207705160370097e-05,1.1256572634010809e-06,0.999913215637207,0.9998640079320467,/home/yaxin/datasets/TacAct-original/10_7_L_16.xlsx
LeNet_LSTM,43,372,10,6,class_6,3,class_3,0,0.9986847043037416,1.1101346899522468e-06,1.4267190636019222e-05,2.259766688439413e-06,0.9986847043037416,1.950036130438093e-05,1.18426851258846e-06,0.0010802134638652,2.9293223633430895e-05,3.552956286512199e-06,2.8366524929879237e-05,6.9140946834522765e-06,0.0001287020277231,0.0010802134638652,0.9986847043037416,0.9976044908398763,/home/yaxin/datasets/TacAct-original/10_7_L_20.xlsx
LeNet_LSTM,43,380,10,6,class_6,3,class_3,0,0.9994235038757324,2.803076029067597e-07,6.925077741470886e-06,7.727571187388094e-07,0.9994235038757324,6.07421361564775e-06,1.9188340161235828e-07,0.0005238836747594,1.4152617040963378e-05,4.57867031400383e-07,4.980901849194197e-06,1.4735963986822751e-06,1.728406459733378e-05,0.0005238836747594,0.9994235038757324,0.998899620200973,/home/yaxin/datasets/TacAct-original/10_7_R_1.xlsx
LeNet_LSTM,43,383,10,6,class_6,3,class_3,0,0.9719988703727722,4.186077603662852e-06,3.402525544515811e-05,8.157926458807196e-06,0.9719988703727722,2.126078834407963e-05,1.7934366951521952e-06,0.02780700661242,5.530486669158563e-05,3.507740302666207e-06,1.1049322893086355e-05,1.664505725784693e-05,3.827208274742589e-05,0.02780700661242,0.9719988703727722,0.9441918637603522,/home/yaxin/datasets/TacAct-original/10_7_R_12.xlsx
LeNet_LSTM,43,384,10,6,class_6,3,class_3,0,0.9981061220169068,5.699833991457126e-07,2.5679457394289784e-05,1.5711607375124004e-06,0.9981061220169068,1.4854832443234043e-05,6.77877210364386e-07,0.0017929673194885,1.5024160347820724e-05,1.0832095540536102e-06,5.851130936207483e-06,2.3055001747707138e-06,3.3331412851111963e-05,0.0017929673194885,0.9981061220169068,0.9963131546974183,/home/yaxin/datasets/TacAct-original/10_7_R_13.xlsx
LeNet_LSTM,43,387,10,6,class_6,3,class_3,0,0.9920302629470824,6.657533049292397e-07,1.0929323252639732e-05,3.694629867823096e-06,0.9920302629470824,3.686018089865684e-06,4.109347457870172e-07,0.0078914370387792,1.8127739167539403e-05,9.770814131115912e-07,2.5282199658249738e-06,2.4059697807388147e-06,3.491081952233799e-05,0.0078914370387792,0.9920302629470824,0.9841388259083033,/home/yaxin/datasets/TacAct-original/10_7_R_16.xlsx
LeNet_LSTM,43,388,10,6,class_6,3,class_3,0,0.9987456798553468,4.756333282784908e-07,1.2784990758518688e-05,1.6893168321985286e-06,0.9987456798553468,5.904211775487056e-06,3.436774989040714e-07,0.0011841552332043,1.8396136511000805e-05,5.907689910600311e-07,5.232238436292391e-06,3.0555202101822942e-06,2.1636084056808613e-05,0.0011841552332043,0.9987456798553468,0.9975615246221425,/home/yaxin/datasets/TacAct-original/10_7_R_17.xlsx
LeNet_LSTM,43,389,10,6,class_6,3,class_3,0,0.9973906874656676,4.335419703238586e-07,7.739737156953197e-06,2.460106770740822e-06,0.9973906874656676,2.6672062176658078e-06,3.439674571836804e-07,0.0025128319393843,2.3777742171660066e-05,7.624013846907474e-07,2.4002097234188118e-06,2.1572191144514363e-06,5.371392398956232e-05,0.0025128319393843,0.9973906874656676,0.9948778555262833,/home/yaxin/datasets/TacAct-original/10_7_R_18.xlsx
LeNet_LSTM,43,390,10,6,class_6,3,class_3,0,0.9973763227462769,8.543377134628827e-07,1.641383278183639e-05,2.9958448521938408e-06,0.9973763227462769,6.453669357142644e-06,4.151149255449127e-07,0.0025396277196705,2.355261858610902e-05,8.012804642021365e-07,5.5448608691222034e-06,5.721321940654889e-06,2.122955265804194e-05,0.0025396277196705,0.9973763227462769,0.9948366950266063,/home/yaxin/datasets/TacAct-original/10_7_R_19.xlsx
LeNet_LSTM,43,392,10,6,class_6,3,class_3,0,0.999316930770874,2.409398405234242e-07,5.344936198525829e-06,9.13326630325173e-07,0.999316930770874,3.1858296551945382e-06,1.7349645986541873e-07,0.000618212041445,1.058314592228271e-05,6.535659622386447e-07,4.295084636396496e-06,1.5640868014088485e-06,3.791716517298482e-05,0.000618212041445,0.999316930770874,0.9986987187294291,/home/yaxin/datasets/TacAct-original/10_7_R_20.xlsx
LeNet_LSTM,43,393,10,6,class_6,3,class_3,0,0.99940025806427,2.65343771843618e-07,5.9196941037953366e-06,6.967760555198765e-07,0.99940025806427,5.998665983497631e-06,1.675386442911986e-07,0.0005508390022441,1.2861079085269012e-05,4.2431585711710806e-07,5.131008947500959e-06,1.5420177987834904e-06,1.5958377844071947e-05,0.0005508390022441,0.99940025806427,0.998849419062026,/home/yaxin/datasets/TacAct-original/10_7_R_3.xlsx
LeNet_LSTM,43,395,10,6,class_6,3,class_3,0,0.9993370175361632,2.659638482782612e-07,7.147215910663363e-06,8.308371661769343e-07,0.9993370175361632,5.00517808177392e-06,2.085765515857929e-07,0.0006112693808972,1.3266002497402953e-05,4.367390715742658e-07,5.086015789856901e-06,1.7168962358482531e-06,1.783781044650823e-05,0.0006112693808972,0.9993370175361632,0.998725748155266,/home/yaxin/datasets/TacAct-original/10_7_R_5.xlsx
LeNet_LSTM,43,397,10,6,class_6,3,class_3,0,0.9992861151695251,3.390890697119176e-07,9.04402713786112e-06,1.0333257023376063e-06,0.9992861151695251,6.712417871312937e-06,2.6326031843382225e-07,0.0006498432485386,1.6774749383330345e-05,5.847317652296624e-07,6.337740160233807e-06,2.0058532754774205e-06,2.091528949677013e-05,0.0006498432485386,0.9992861151695251,0.9986362719209866,/home/yaxin/datasets/TacAct-original/10_7_R_7.xlsx
LeNet_LSTM,43,398,10,6,class_6,3,class_3,0,0.9995855689048768,1.5605456837874956e-07,3.711944827955449e-06,4.80981839245942e-07,0.9995855689048768,2.760999223028193e-06,8.416296992663774e-08,0.0003817027318291,8.446176252618898e-06,2.5686804860924894e-07,2.842200728991884e-06,8.281710393021058e-07,1.305823570874054e-05,0.0003817027318291,0.9995855689048768,0.9992038661730477,/home/yaxin/datasets/TacAct-original/10_7_R_8.xlsx
LeNet_LSTM,43,399,10,6,class_6,3,class_3,0,0.999398112297058,2.2179094116836493e-07,5.035412868892308e-06,7.538062050116423e-07,0.999398112297058,3.406198629818391e-06,1.361840276103976e-07,0.0005519433761946,9.783052519196644e-06,4.9540545887794e-07,3.784630962400115e-06,1.2371720004011877e-06,2.5114428353845145e-05,0.0005519433761946,0.999398112297058,0.9988461689208634,/home/yaxin/datasets/TacAct-original/10_7_R_9.xlsx
LeNet_LSTM,43,446,10,8,class_8,10,class_10,0,0.7759563326835632,0.0022021015174686,0.0158236026763916,0.0031646685674786,0.0395983681082725,0.0062801800668239,0.0081229452043771,0.0031564985401928,0.1290218532085418,0.0017388918204233,0.0084825744852423,0.7759563326835632,0.0064519201405346,0.0017388918204233,0.7759563326835632,0.6469344794750215,/home/yaxin/datasets/TacAct-original/10_9_L_15.xlsx
LeNet_LSTM,43,464,10,8,class_8,9,class_9,0,0.9999446868896484,9.335759187933945e-08,9.790348940441618e-07,2.5454822250026158e-08,7.512451247748686e-07,6.989547728153411e-06,7.738373142274213e-07,3.6848541640210897e-07,5.067784059065161e-06,3.274615210102638e-07,0.9999446868896484,6.490407145065547e-07,3.933974585379474e-05,3.274615210102638e-07,0.9999446868896484,0.9999053471437946,/home/yaxin/datasets/TacAct-original/10_9_R_13.xlsx
LeNet_LSTM,43,467,10,8,class_8,10,class_10,0,0.8192698359489441,0.0019057150930166,0.0107432641088962,0.0030832332558929,0.0289571434259414,0.0044875633902847,0.0085830697789788,0.0020812032744288,0.1083057671785354,0.0015283497050404,0.0060465624555945,0.8192698359489441,0.0050081578083336,0.0015283497050404,0.8192698359489441,0.7109640687704086,/home/yaxin/datasets/TacAct-original/10_9_R_16.xlsx
LeNet_LSTM,43,468,10,8,class_8,7,class_7,0,0.9560967087745668,0.0002255800791317,3.6817207728745416e-05,0.0001539409859105,6.120815669419244e-05,4.366713983472437e-05,1.4965724403737111e-05,9.731244063004851e-06,0.9560967087745668,0.0326354019343853,0.0007472340948879,0.0031919481698423,0.0067827804014086,0.0326354019343853,0.9560967087745668,0.9234613068401815,/home/yaxin/datasets/TacAct-original/10_9_R_17.xlsx
LeNet_LSTM,43,3047,16,1,class_1,4,class_4,0,0.9740445613861084,0.0001040101487888,0.0243261251598596,7.267978071467951e-05,7.97233878984116e-05,0.9740445613861084,0.0001094832186936,0.001171984244138,1.1364597412466536e-05,4.1403436625842005e-05,3.256022318964824e-05,2.05830110644456e-06,4.130966772208922e-06,0.0243261251598596,0.9740445613861084,0.9497184362262489,/home/yaxin/datasets/TacAct-original/16_2_L_16.xlsx
LeNet_LSTM,43,3136,16,3,class_3,6,class_6,0,0.9998291730880736,1.6890566257643513e-05,5.879218861082336e-06,1.497288394602947e-06,9.343165584141389e-05,2.304401459696237e-05,8.193344456230989e-07,0.9998291730880736,8.667863653499808e-07,2.330725919819088e-06,6.628689561694046e-07,5.461432692754897e-07,2.481221054040361e-05,9.343165584141389e-05,0.9998291730880736,0.9997357414322322,/home/yaxin/datasets/TacAct-original/16_4_L_6.xlsx
LeNet_LSTM,43,3157,16,3,class_3,6,class_6,0,0.9988467693328856,6.929261871846393e-05,5.832920578541234e-05,6.898801530041965e-06,0.0003918434376828,0.0005357483169063,5.947898898739368e-06,0.9988467693328856,5.334708930604393e-06,1.2277397217985708e-05,3.556217961886432e-06,7.271488357218914e-06,5.6757005950203165e-05,0.0003918434376828,0.9988467693328856,0.9983110210159793,/home/yaxin/datasets/TacAct-original/16_4_R_7.xlsx
LeNet_LSTM,43,3158,16,3,class_3,6,class_6,0,0.9738808274269104,0.0001093031314667,7.93725048424676e-05,2.6741317924461327e-05,0.0240673273801803,0.0001044261662173,9.656509973865468e-06,0.9738808274269104,0.0001461484353058,6.331592885544524e-05,4.672677096095868e-05,3.077830479014665e-05,0.0014354586601257,0.0240673273801803,0.9738808274269104,0.9498135000467302,/home/yaxin/datasets/TacAct-original/16_4_R_8.xlsx
LeNet_LSTM,43,3189,16,4,class_4,0,class_0,0,0.8574415445327759,0.8574415445327759,0.0002359296922804,0.0001250856730621,5.402495662565343e-05,0.1358035206794738,4.023533256258816e-05,0.005637782625854,1.4539982657879593e-05,0.0005599910509772,4.63849282823503e-05,1.3570290320785716e-05,2.729865809669718e-05,0.1358035206794738,0.8574415445327759,0.7216380238533021,/home/yaxin/datasets/TacAct-original/16_5_R_18.xlsx
LeNet_LSTM,43,3241,16,6,class_6,3,class_3,0,0.9287100434303284,4.942127361573512e-06,3.883579120156355e-05,8.313250873470679e-06,0.9287100434303284,2.5740915589267388e-05,1.947029659277177e-06,0.0711170136928558,4.032760625705123e-05,2.953224793600384e-06,6.495257366623264e-06,8.053023520915303e-06,3.533200651872903e-05,0.0711170136928558,0.9287100434303284,0.8575930297374725,/home/yaxin/datasets/TacAct-original/16_7_L_10.xlsx
LeNet_LSTM,43,3247,16,6,class_6,3,class_3,0,0.9992870688438416,2.270060548426045e-07,7.197548711701529e-06,7.74966622429929e-07,0.9992870688438416,4.672528120863717e-06,1.923298498240911e-07,0.0006683905958198,1.1151023500133306e-05,3.995830297753855e-07,3.782712610700401e-06,1.082925450646144e-06,1.4975421436247416e-05,0.0006683905958198,0.9992870688438416,0.9986186782480218,/home/yaxin/datasets/TacAct-original/16_7_L_16.xlsx
LeNet_LSTM,43,3249,16,6,class_6,3,class_3,0,0.9991406202316284,2.337570919053178e-07,6.488050075859064e-06,8.902944159672188e-07,0.9991406202316284,3.337956513860263e-06,1.517585701549251e-07,0.0008198239374905,1.0965130968543235e-05,3.3798565368670097e-07,2.7311843950883485e-06,1.0286264569003831e-06,1.329364749835804e-05,0.0008198239374905,0.9991406202316284,0.998320796294138,/home/yaxin/datasets/TacAct-original/16_7_L_18.xlsx
LeNet_LSTM,43,3252,16,6,class_6,3,class_3,0,0.9969286322593688,3.958301704187761e-07,6.382012543326709e-06,1.8189895172326944e-06,0.9969286322593688,2.2062943116907263e-06,2.512632875095733e-07,0.002989436732605,1.5712263120803982e-05,6.95239123160718e-07,1.7228500155397342e-06,1.4054010080144508e-06,5.151228833710775e-05,0.002989436732605,0.9969286322593688,0.9939391955267638,/home/yaxin/datasets/TacAct-original/16_7_L_20.xlsx
LeNet_LSTM,43,3261,16,6,class_6,3,class_3,0,0.998310685157776,2.491685791028431e-07,4.61672652818379e-06,1.3162386949261418e-06,0.998310685157776,1.5698066135882982e-06,9.980405479836919e-08,0.0016463715583086,1.41338523462764e-05,3.682848443986586e-07,1.3878885738449751e-06,1.092762431653682e-06,1.8036385881714523e-05,0.0016463715583086,0.998310685157776,0.9966643135994674,/home/yaxin/datasets/TacAct-original/16_7_R_10.xlsx
LeNet_LSTM,43,3262,16,6,class_6,3,class_3,0,0.9995465874671936,1.4026061023741934e-07,2.7529883936949773e-06,5.090986974209954e-07,0.9995465874671936,1.9820827219518837e-06,6.47718749746673e-08,0.0004143479163758,8.212480679503642e-06,2.900344782119646e-07,2.0806564862141386e-06,7.298366995200922e-07,2.224620220658835e-05,0.0004143479163758,0.9995465874671936,0.9991322395508178,/home/yaxin/datasets/TacAct-original/16_7_R_11.xlsx
LeNet_LSTM,43,3264,16,6,class_6,3,class_3,0,0.5297185778617859,2.9174849260016344e-05,6.969123205635697e-05,2.634013981150929e-05,0.5297185778617859,5.42809248145204e-05,4.94883124702028e-06,0.469704270362854,8.78048304002732e-05,2.2672129489365037e-05,2.04282914637588e-05,3.4246306313434616e-05,0.0002276477316627,0.469704270362854,0.5297185778617859,0.060014307498931885,/home/yaxin/datasets/TacAct-original/16_7_R_13.xlsx
LeNet_LSTM,43,3265,16,6,class_6,3,class_3,0,0.9996179342269896,1.390179704685579e-07,2.961913651233772e-06,4.721549089481414e-07,0.9996179342269896,2.1767461930721765e-06,6.22654923176924e-08,0.0003484649641904,7.2323732638324145e-06,2.7000453428627225e-07,2.2867254756420152e-06,7.650993438801379e-07,1.7126743841799907e-05,0.0003484649641904,0.9996179342269896,0.9992694692627992,/home/yaxin/datasets/TacAct-original/16_7_R_14.xlsx
LeNet_LSTM,43,3266,16,6,class_6,3,class_3,0,0.9991451501846312,2.2347516903664655e-07,4.557503871183144e-06,8.978025221040298e-07,0.9991451501846312,1.8683921325646224e-06,8.246444593851265e-08,0.000818355125375,1.1905814972124062e-05,2.679176418496354e-07,1.6546692904739755e-06,1.0143440931642544e-06,1.3984826182422694e-05,0.000818355125375,0.9991451501846312,0.9983267950592563,/home/yaxin/datasets/TacAct-original/16_7_R_15.xlsx
LeNet_LSTM,43,3268,16,6,class_6,3,class_3,0,0.9906008243560792,1.1207295074200374e-06,1.26087843455025e-05,3.3694670946715632e-06,0.9906008243560792,6.988472250668565e-06,3.3490451301076973e-07,0.0093321120366454,1.866342245193664e-05,1.020623585645808e-06,3.63885965271038e-06,4.850820005231071e-06,1.4497999472951053e-05,0.0093321120366454,0.9906008243560792,0.9812687123194338,/home/yaxin/datasets/TacAct-original/16_7_R_17.xlsx
LeNet_LSTM,43,3269,16,6,class_6,3,class_3,0,0.9989455342292786,2.242147445485898e-07,4.110278496227693e-06,1.16975468245073e-06,0.9989455342292786,1.4039012512512272e-06,1.0739878320009667e-07,0.0010045249946415,1.486616201873403e-05,3.727446369339305e-07,1.4680226740892977e-06,9.63569391387864e-07,2.522612157918047e-05,0.0010045249946415,0.9989455342292786,0.997941009234637,/home/yaxin/datasets/TacAct-original/16_7_R_18.xlsx
LeNet_LSTM,43,3270,16,6,class_6,3,class_3,0,0.999542474746704,1.819276036485462e-07,4.070405793754617e-06,6.624248385378451e-07,0.999542474746704,2.55075860877696e-06,8.987503008484056e-08,0.0004158748488407,1.000468728307169e-05,3.274012954079808e-07,2.732728262344608e-06,1.0263869398841052e-06,1.9968800188507885e-05,0.0004158748488407,0.999542474746704,0.9991265998978633,/home/yaxin/datasets/TacAct-original/16_7_R_19.xlsx
LeNet_LSTM,43,3272,16,6,class_6,3,class_3,0,0.9995360374450684,1.494087626952023e-07,3.89334400097141e-06,5.803917133562209e-07,0.9995360374450684,2.148444309568731e-06,7.232642218468754e-08,0.0004329100775066,7.928972081572283e-06,2.3049364017424526e-07,2.1644523258146364e-06,8.009902217054332e-07,1.3105794096190948e-05,0.0004329100775066,0.9995360374450684,0.9991031273675618,/home/yaxin/datasets/TacAct-original/16_7_R_20.xlsx
LeNet_LSTM,43,3273,16,6,class_6,3,class_3,0,0.9957823753356934,5.705815624423849e-07,7.871753950894345e-06,2.0101947484363336e-06,0.9957823753356934,3.885560545313638e-06,1.9292799890990866e-07,0.0041621890850365,1.5986164726200514e-05,6.427125640584563e-07,2.603052962513175e-06,2.373427378188353e-06,1.9221526599721983e-05,0.0041621890850365,0.9957823753356934,0.9916201862506568,/home/yaxin/datasets/TacAct-original/16_7_R_3.xlsx
LeNet_LSTM,43,3274,16,6,class_6,3,class_3,0,0.9992517828941344,2.159675318580412e-07,5.20711682838737e-06,8.980182428786065e-07,0.9992517828941344,2.1643404579663184e-06,8.840615350891312e-08,0.0007132798200473,1.0772688256110996e-05,2.561793621680408e-07,1.967848675121786e-06,1.07814491911995e-06,1.2266911653568968e-05,0.0007132798200473,0.9992517828941344,0.9985385030740871,/home/yaxin/datasets/TacAct-original/16_7_R_4.xlsx
LeNet_LSTM,43,3276,16,6,class_6,3,class_3,0,0.9987553358078004,2.473592246587941e-07,4.30042700827471e-06,9.953179187505157e-07,0.9987553358078004,1.8850815877158311e-06,9.375482079576615e-08,0.001206203829497,1.1321670172037557e-05,3.38316425541052e-07,1.7594888959138189e-06,1.085118014998443e-06,1.6461421182611957e-05,0.001206203829497,0.9987553358078004,0.9975491319783034,/home/yaxin/datasets/TacAct-original/16_7_R_6.xlsx
LeNet_LSTM,43,3277,16,6,class_6,3,class_3,0,0.9995885491371156,1.310330901560519e-07,3.0182884529494918e-06,4.912894837616477e-07,0.9995885491371156,1.8971802546730032e-06,6.26943261750057e-08,0.0003806520544458,7.097196885297308e-06,2.3543323379726647e-07,2.0567358660628088e-06,6.865603268124687e-07,1.5183370123850182e-05,0.0003806520544458,0.9995885491371156,0.9992078970826698,/home/yaxin/datasets/TacAct-original/16_7_R_7.xlsx
LeNet_LSTM,43,3278,16,6,class_6,3,class_3,0,0.9995344877243042,1.5802430652911428e-07,4.0178488234232645e-06,6.048742875464086e-07,0.9995344877243042,2.2070294107834343e-06,7.526730172457975e-08,0.0004327684582676,8.442451871815138e-06,2.46248902158186e-07,2.2141907720651943e-06,8.435943641416088e-07,1.3926219253335148e-05,0.0004327684582676,0.9995344877243042,0.9991017192660366,/home/yaxin/datasets/TacAct-original/16_7_R_8.xlsx
LeNet_LSTM,43,3279,16,6,class_6,3,class_3,0,0.996878981590271,3.728728188434616e-07,6.40465623291675e-06,2.001737357204547e-06,0.996878981590271,2.215854692622088e-06,1.6245238043666177e-07,0.0030633041169494,1.772071118466556e-05,5.738526169807301e-07,1.8019924254986108e-06,1.6593894542893397e-06,2.4838236640789543e-05,0.0030633041169494,0.996878981590271,0.9938156774733216,/home/yaxin/datasets/TacAct-original/16_7_R_9.xlsx
LeNet_LSTM,43,4009,18,1,class_1,5,class_5,0,0.9990045428276062,1.1217159226362128e-05,0.0003772111085709,0.0001003994766506,7.343830930039985e-06,1.334033458988415e-05,0.9990045428276062,9.031343324750196e-06,1.3946660146757496e-05,2.179170905947103e-06,5.543951556319371e-05,3.735973223228939e-05,0.00036799928057,0.0003772111085709,0.9990045428276062,0.9986273317190353,/home/yaxin/datasets/TacAct-original/18_2_L_18.xlsx
LeNet_LSTM,43,4011,18,1,class_1,5,class_5,0,0.99993097782135,1.527314566374116e-06,3.622559597715736e-05,1.2089953088434411e-05,1.817714405660809e-07,1.4539267567670322e-06,0.99993097782135,4.3480375211402134e-07,1.438850745216769e-07,1.2642966851217352e-07,2.6519885523157427e-06,1.029236727845273e-06,1.3178365406929515e-05,3.622559597715736e-05,0.99993097782135,0.9998947522253728,/home/yaxin/datasets/TacAct-original/18_2_L_2.xlsx
LeNet_LSTM,43,4014,18,1,class_1,5,class_5,0,0.9997655749320984,2.30183536586992e-06,0.0001717403356451,2.688580025278497e-05,5.000918008590816e-07,5.26850635651499e-06,0.9997655749320984,1.1855502179969335e-06,2.765435169749253e-07,1.6521532586466495e-07,3.7515360418183263e-06,2.057721985693206e-06,2.0330069673946127e-05,0.0001717403356451,0.9997655749320984,0.9995938345964532,/home/yaxin/datasets/TacAct-original/18_2_L_4.xlsx
LeNet_LSTM,43,4015,18,1,class_1,5,class_5,0,0.9981326460838318,5.933356078458019e-06,0.0017580296844244,3.3246647944906726e-05,1.14926854166697e-06,2.709648833842948e-05,0.9981326460838318,2.9299055768206017e-06,3.5918037610827014e-07,1.0636581464495976e-06,2.2783216991228983e-05,1.5181880144155002e-06,1.3309524547366893e-05,0.0017580296844244,0.9981326460838318,0.9963746163994074,/home/yaxin/datasets/TacAct-original/18_2_L_5.xlsx
LeNet_LSTM,43,4016,18,1,class_1,5,class_5,0,0.9998492002487184,2.5832016490312526e-06,9.537587902741508e-05,3.057882349821739e-05,5.352648599910026e-07,3.575004711819929e-06,0.9998492002487184,8.468421128782211e-07,4.6285023813652526e-07,1.719379980613667e-07,2.8889351142424857e-06,2.752766249614069e-06,1.1091066880908327e-05,9.537587902741508e-05,0.9998492002487184,0.999753824369691,/home/yaxin/datasets/TacAct-original/18_2_L_6.xlsx
LeNet_LSTM,43,4017,18,1,class_1,5,class_5,0,0.9999715089797974,3.4623483315954218e-06,6.1163555074017495e-06,1.2905707080790307e-05,6.579700340125784e-08,5.831007001688704e-07,0.9999715089797974,1.4833594264018757e-07,9.623038010886377e-08,1.490839025564128e-07,1.5266133459590492e-06,7.639005161763635e-07,2.717079269132228e-06,6.1163555074017495e-06,0.9999715089797974,0.9999586032727166,/home/yaxin/datasets/TacAct-original/18_2_L_7.xlsx
LeNet_LSTM,43,4019,18,1,class_1,5,class_5,0,0.9999449253082277,2.01147031475557e-06,2.135251634172164e-05,1.2966045687790029e-05,1.8569087956166186e-07,1.1456902484496825e-06,0.9999449253082277,4.1005526441040274e-07,1.7721670531045677e-07,1.6757849152782e-07,3.0879818950779736e-06,1.271776454814244e-06,1.2267637430340985e-05,2.135251634172164e-05,0.9999449253082277,0.9999235727918859,/home/yaxin/datasets/TacAct-original/18_2_L_9.xlsx
LeNet_LSTM,43,4023,18,1,class_1,5,class_5,0,0.9998891353607178,4.556228759611258e-06,4.728008207166568e-05,2.2473326680483297e-05,5.74616308313125e-07,2.786909817587002e-06,0.9998891353607178,8.42367512632336e-07,5.956624704595015e-07,4.624058931312902e-07,6.849971214251127e-06,4.300020009395666e-06,2.01545099116629e-05,4.728008207166568e-05,0.9998891353607178,0.9998418552786461,/home/yaxin/datasets/TacAct-original/18_2_R_12.xlsx
LeNet_LSTM,43,4028,18,1,class_1,5,class_5,0,0.99987530708313,1.18845455290284e-05,2.8412914616637863e-05,4.9227244744542986e-05,6.998270123403927e-07,3.338681835884927e-06,0.99987530708313,9.62465946940938e-07,1.6131389202200808e-06,1.2762803862642611e-06,6.417507847800152e-06,7.816681318217888e-06,1.3066257452010175e-05,2.8412914616637863e-05,0.99987530708313,0.9998260798383855,/home/yaxin/datasets/TacAct-original/18_2_R_17.xlsx
LeNet_LSTM,43,4067,18,2,class_2,6,class_6,0,0.9987267851829528,5.747409522882663e-05,3.142045534332283e-05,3.3423752029193565e-05,0.0009381167474202,2.963674887723755e-05,2.599872459541075e-06,0.9987267851829528,1.1180743967997842e-05,1.8463224478182383e-05,1.7327027990177155e-06,4.283780072000809e-06,0.0001448213588446,3.3423752029193565e-05,0.9987267851829528,0.9977886684355326,/home/yaxin/datasets/TacAct-original/18_3_R_16.xlsx
LeNet_LSTM,43,4082,18,3,class_3,6,class_6,0,0.999595820903778,1.0765920706035104e-05,8.897453881218098e-06,2.62537355411041e-06,0.0002981433935929,1.5157466805248989e-05,1.128451799559116e-06,0.999595820903778,1.5399563153550844e-06,3.45748139807256e-06,6.549915383402549e-07,8.301714728986553e-07,6.094000855227932e-05,0.0002981433935929,0.999595820903778,0.9992976775101851,/home/yaxin/datasets/TacAct-original/18_4_L_11.xlsx
LeNet_LSTM,43,4094,18,3,class_3,6,class_6,0,0.9847171902656556,1.2001699360553175e-05,5.250132016954012e-05,7.476597602362744e-06,0.0149267595261335,3.537302109180018e-05,5.046251317253336e-06,0.9847171902656556,7.87025328463642e-06,7.0824344220454805e-06,2.2769263523514383e-06,2.356262257308117e-06,0.0002240125322714,0.0149267595261335,0.9847171902656556,0.9697904307395221,/home/yaxin/datasets/TacAct-original/18_4_L_4.xlsx
LeNet_LSTM,43,4115,18,3,class_3,6,class_6,0,0.988620936870575,2.7999465601169504e-05,3.85890671168454e-05,1.2560898539959451e-05,0.0110143581405282,3.701657988131046e-05,3.440751015659771e-06,0.988620936870575,2.2561802325071767e-05,1.4972161807236262e-05,4.370264377939748e-06,6.458845291490434e-06,0.0001967778662219,0.0110143581405282,0.988620936870575,0.9776065787300467,/home/yaxin/datasets/TacAct-original/18_4_R_5.xlsx
LeNet_LSTM,43,4212,18,6,class_6,3,class_3,0,0.8852261900901794,5.56371651327936e-06,3.670726073323749e-05,6.683480023639277e-06,0.8852261900901794,2.609274997666944e-05,1.922224328154698e-06,0.1145959943532943,2.9285880373208784e-05,3.2425186873297207e-06,5.325924121279968e-06,6.553341791004641e-06,5.6346474593738094e-05,0.1145959943532943,0.8852261900901794,0.7706301957368852,/home/yaxin/datasets/TacAct-original/18_7_L_20.xlsx
LeNet_LSTM,43,4215,18,6,class_6,3,class_3,0,0.9995146989822388,9.96399052155539e-08,2.5247295525332447e-06,4.147800041209848e-07,0.9995146989822388,1.3994648497828166e-06,4.845180967549823e-08,0.0004628390888683,5.150835931999609e-06,1.697125071586925e-07,1.348884666185768e-06,4.5138864379623566e-07,1.0893821126956029e-05,0.0004628390888683,0.9995146989822388,0.9990518598933704,/home/yaxin/datasets/TacAct-original/18_7_L_5.xlsx
LeNet_LSTM,43,4222,18,6,class_6,3,class_3,0,0.9388102889060974,3.2291009119944647e-06,1.62968754011672e-05,5.162382421985967e-06,0.9388102889060974,1.0992704119416883e-05,7.259026233441546e-07,0.0610643550753593,1.9822584363282655e-05,3.662426706796396e-06,4.189029823464807e-06,4.397679276735289e-06,5.68673676752951e-05,0.0610643550753593,0.9388102889060974,0.8777459338307381,/home/yaxin/datasets/TacAct-original/18_7_R_11.xlsx
LeNet_LSTM,43,4227,18,6,class_6,3,class_3,0,0.995368719100952,5.027209226682317e-07,5.87902604820556e-06,1.611520019650925e-06,0.995368719100952,2.696241381272557e-06,1.8421353331632417e-07,0.0045831254683434,1.1306697160762267e-05,6.433039061448653e-07,1.7567999748280272e-06,1.2685303545367788e-06,2.226294600404799e-05,0.0045831254683434,0.995368719100952,0.9907855936326087,/home/yaxin/datasets/TacAct-original/18_7_R_16.xlsx
LeNet_LSTM,43,4229,18,6,class_6,3,class_3,0,0.9984943866729736,2.972256538669172e-07,4.212056410324294e-06,8.558723152418679e-07,0.9984943866729736,3.0750477435503853e-06,1.484957294906053e-07,0.0014625120675191,8.609253200120293e-06,5.162115144230484e-07,2.206337740062736e-06,7.437472504534526e-07,2.2521413484355435e-05,0.0014625120675191,0.9984943866729736,0.9970318746054545,/home/yaxin/datasets/TacAct-original/18_7_R_18.xlsx
LeNet_LSTM,43,4239,18,6,class_6,3,class_3,0,0.9286701679229736,3.56752843799768e-06,2.208194746344816e-05,4.748420906253159e-06,0.9286701679229736,1.6393016267102212e-05,1.0148622777705896e-06,0.0712054073810577,2.150822001567576e-05,2.55097165791085e-06,4.137812993576517e-06,5.17674743605312e-06,4.3334330257494e-05,0.0712054073810577,0.9286701679229736,0.8574647605419159,/home/yaxin/datasets/TacAct-original/18_7_R_9.xlsx
LeNet_LSTM,43,4304,18,8,class_8,2,class_2,0,0.8170785307884216,0.0007759821019135,0.000397334631998,0.8170785307884216,0.0001333613181486,2.9393399017862976e-05,9.848283661995084e-05,8.606298797531053e-05,0.000951751077082,0.18002250790596,8.087009518931154e-06,1.920859722304158e-05,0.0003992730053141,0.18002250790596,0.8170785307884216,0.6370560228824617,/home/yaxin/datasets/TacAct-original/18_9_R_13.xlsx
LeNet_LSTM,43,4308,18,8,class_8,2,class_2,0,0.683124303817749,0.0008582781301811,0.0004945841501466,0.683124303817749,0.0001713933161227,4.199256727588363e-05,0.000133886540425,0.0001075916370609,0.0013912277063354,0.3130702972412109,1.1808277122327128e-05,3.0664316000184044e-05,0.0005638910224661,0.3130702972412109,0.683124303817749,0.37005400657653814,/home/yaxin/datasets/TacAct-original/18_9_R_17.xlsx
LeNet_LSTM,43,6005,21,3,class_3,6,class_6,0,0.9957945346832277,1.061996226781048e-05,2.137410956493113e-05,6.427121206797892e-06,0.0040300535038113,2.7513560780789703e-05,2.672827349670115e-06,0.9957945346832277,3.542866807038081e-06,5.669183792633703e-06,1.04032221770467e-06,1.6981426824713708e-06,9.493558172835036e-05,0.0040300535038113,0.9957945346832277,0.9917644811794164,/home/yaxin/datasets/TacAct-original/21_4_L_14.xlsx
LeNet_LSTM,43,6008,21,3,class_3,6,class_6,0,0.9897581338882446,1.091111516871024e-05,1.8082062524626963e-05,5.244714884611312e-06,0.0101000005379319,1.0240302799502388e-05,9.891766694636317e-07,0.9897581338882446,6.188884981384035e-06,7.489079507649876e-06,1.1996144166914746e-06,1.4431483350563212e-06,7.997887587407604e-05,0.0101000005379319,0.9897581338882446,0.9796581333503127,/home/yaxin/datasets/TacAct-original/21_4_L_17.xlsx
LeNet_LSTM,43,6010,21,3,class_3,6,class_6,0,0.982220470905304,1.0249710612697529e-05,2.160106123483274e-05,6.476308499259176e-06,0.0176433082669973,9.968810445570853e-06,1.0513524557609344e-06,0.982220470905304,7.140297839214327e-06,8.170011824404355e-06,1.5446497627635836e-06,1.5739365153422114e-06,6.847625627415255e-05,0.0176433082669973,0.982220470905304,0.9645771626383066,/home/yaxin/datasets/TacAct-original/21_4_L_19.xlsx
LeNet_LSTM,43,6018,21,3,class_3,6,class_6,0,0.9998138546943665,9.801458872971123e-06,4.909128620056436e-06,1.3892428114559152e-06,0.000115419665235,1.5486886695725843e-05,7.561476991213567e-07,0.9998138546943665,6.617641474804259e-07,2.466511887178058e-06,4.91636512833793e-07,4.2845815073633286e-07,3.438217026996426e-05,0.000115419665235,0.9998138546943665,0.9996984350291315,/home/yaxin/datasets/TacAct-original/21_4_L_8.xlsx
LeNet_LSTM,43,6019,21,3,class_3,6,class_6,0,0.99979430437088,1.0687377653084695e-05,5.356293513614219e-06,2.149493411707226e-06,0.0001310959924012,1.2312575563555583e-05,7.421963914566732e-07,0.99979430437088,9.478950460106716e-07,2.579145984782372e-06,4.3128210336362827e-07,5.214956217969302e-07,3.884344187099487e-05,0.0001310959924012,0.99979430437088,0.9996632083784788,/home/yaxin/datasets/TacAct-original/21_4_L_9.xlsx
LeNet_LSTM,43,6120,21,6,class_6,3,class_3,0,0.9990358352661132,2.269985657221696e-07,5.287711246637628e-06,1.2845340506828506e-06,0.9990358352661132,1.8411035398457896e-06,1.8541594215548685e-07,0.0008998943376354,1.33107096189633e-05,4.940564508615353e-07,1.933816747623496e-06,9.892675052469713e-07,3.871917942888104e-05,0.0008998943376354,0.9990358352661132,0.9981359409284778,/home/yaxin/datasets/TacAct-original/21_7_L_1.xlsx
LeNet_LSTM,43,6121,21,6,class_6,3,class_3,0,0.999573290348053,1.5444624068550186e-07,3.405645657039713e-06,5.60754642719985e-07,0.999573290348053,2.212868821516168e-06,8.356497716022204e-08,0.0003887524653691,7.629903848282993e-06,3.223541114039108e-07,2.5091667339438573e-06,7.96630445165647e-07,2.040993786067702e-05,0.0003887524653691,0.999573290348053,0.9991845378826839,/home/yaxin/datasets/TacAct-original/21_7_L_10.xlsx
LeNet_LSTM,43,6122,21,6,class_6,3,class_3,0,0.9995429515838624,1.785532219855668e-07,3.600384388846578e-06,5.703838041881681e-07,0.9995429515838624,2.808989847835619e-06,9.172008930136145e-08,0.0004149731830693,7.759065738355275e-06,3.948929077068897e-07,2.982282467201003e-06,8.842031888889323e-07,2.286177914356813e-05,0.0004149731830693,0.9995429515838624,0.9991279784007931,/home/yaxin/datasets/TacAct-original/21_7_L_11.xlsx
LeNet_LSTM,43,6123,21,6,class_6,3,class_3,0,0.9995885491371156,1.4987584506798157e-07,3.176324753439985e-06,5.101270517116063e-07,0.9995885491371156,2.311682919753366e-06,7.520636557956095e-08,0.0003755210491362,7.0670134846295696e-06,3.151655789679353e-07,2.566960802141693e-06,7.72403609516914e-07,1.9022683773073368e-05,0.0003755210491362,0.9995885491371156,0.9992130280879794,/home/yaxin/datasets/TacAct-original/21_7_L_12.xlsx
LeNet_LSTM,43,6124,21,6,class_6,3,class_3,0,0.999610722064972,1.365920638818352e-07,3.1020033475215314e-06,4.849938477491378e-07,0.999610722064972,2.13164821616374e-06,6.738736857414551e-08,0.0003566031518857,6.952973762963666e-06,2.685636957266979e-07,2.3295142455026507e-06,7.440037848027714e-07,1.6612213585176505e-05,0.0003566031518857,0.999610722064972,0.9992541189130864,/home/yaxin/datasets/TacAct-original/21_7_L_13.xlsx
LeNet_LSTM,43,6125,21,6,class_6,3,class_3,0,0.9994741082191468,1.6397186186623006e-07,4.362696472526295e-06,5.900958512938814e-07,0.9994741082191468,2.780916474875994e-06,1.032070784390271e-07,0.0004913136945106,8.426095519098453e-06,2.850486851002643e-07,2.905725295931916e-06,8.448733979093959e-07,1.409884134773165e-05,0.0004913136945106,0.9994741082191468,0.9989827945246362,/home/yaxin/datasets/TacAct-original/21_7_L_14.xlsx
LeNet_LSTM,43,6126,21,6,class_6,3,class_3,0,0.999594509601593,1.349807519090973e-07,2.9850057217117865e-06,4.750398261421651e-07,0.999594509601593,2.0835959730902687e-06,6.839134414349246e-08,0.0003731585165951,6.414873041649116e-06,2.745659060110484e-07,2.3264126411959296e-06,6.823827902735502e-07,1.6929943740251474e-05,0.0003731585165951,0.999594509601593,0.9992213510849979,/home/yaxin/datasets/TacAct-original/21_7_L_15.xlsx
LeNet_LSTM,43,6127,21,6,class_6,3,class_3,0,0.9995846152305604,1.6064278440808266e-07,3.1308159123000223e-06,5.123790742800338e-07,0.9995846152305604,2.5267993351008045e-06,7.775692978384542e-08,0.0003761207917705,7.339096555369906e-06,3.568307818113681e-07,2.773601181615959e-06,8.232393042817421e-07,2.1580723114311692e-05,0.0003761207917705,0.9995846152305604,0.9992084944387899,/home/yaxin/datasets/TacAct-original/21_7_L_16.xlsx
LeNet_LSTM,43,6128,21,6,class_6,3,class_3,0,0.9995926022529602,1.5479130865969637e-07,3.1248750929080416e-06,5.01578938383318e-07,0.9995926022529602,2.4170847154891817e-06,7.648999655884836e-08,0.0003705470298882,6.951309387659421e-06,3.358467779435159e-07,2.662787210283568e-06,7.765569307593978e-07,1.986726238101255e-05,0.0003705470298882,0.9995926022529602,0.9992220552230721,/home/yaxin/datasets/TacAct-original/21_7_L_17.xlsx
LeNet_LSTM,43,6129,21,6,class_6,3,class_3,0,0.9995632767677308,1.673957115144731e-07,3.3794053706515115e-06,5.916858185628371e-07,0.9995632767677308,2.375029907852877e-06,8.641135451625814e-08,0.0003934541018679,8.50741798785748e-06,3.636145891050546e-07,2.6132483981200494e-06,8.798101589491125e-07,2.4288596250698905e-05,0.0003934541018679,0.9995632767677308,0.999169822665863,/home/yaxin/datasets/TacAct-original/21_7_L_18.xlsx
LeNet_LSTM,43,6130,21,6,class_6,3,class_3,0,0.9995777010917664,1.5264932073932869e-07,3.3188023280672496e-06,5.435883849713719e-07,0.9995777010917664,2.204209295086912e-06,8.25876824706029e-08,0.0003853139933198,7.165167971834308e-06,3.232300969102653e-07,2.514291963962023e-06,7.663895189580217e-07,1.9939550838898867e-05,0.0003853139933198,0.9995777010917664,0.9991923870984466,/home/yaxin/datasets/TacAct-original/21_7_L_19.xlsx
LeNet_LSTM,43,6131,21,6,class_6,3,class_3,0,0.9995620846748352,1.6029042626541925e-07,3.594682766561164e-06,5.745894782194227e-07,0.9995620846748352,2.337376145078452e-06,9.061989203473787e-08,0.0003990775730926,7.50594335841015e-06,3.410110309687298e-07,2.683871571207419e-06,8.157851993928489e-07,2.077489443763625e-05,0.0003990775730926,0.9995620846748352,0.9991630071017426,/home/yaxin/datasets/TacAct-original/21_7_L_2.xlsx
LeNet_LSTM,43,6132,21,6,class_6,3,class_3,0,0.9996054768562316,1.365171016232125e-07,2.854118974937592e-06,4.844865202358051e-07,0.9996054768562316,2.0326087906141765e-06,6.902810412157123e-08,0.0003587287210393,6.886274150019744e-06,2.9859907613172254e-07,2.2582701149076456e-06,7.00640384820872e-07,2.0110204786760733e-05,0.0003587287210393,0.9996054768562316,0.9992467481351923,/home/yaxin/datasets/TacAct-original/21_7_L_20.xlsx
LeNet_LSTM,43,6133,21,6,class_6,3,class_3,0,0.99958473443985,1.261494020354803e-07,3.068627393076895e-06,4.707674747805868e-07,0.99958473443985,1.9148994852002943e-06,6.45664997023232e-08,0.0003858931304421,6.2920448726799805e-06,2.3205346622034997e-07,2.1011348962929333e-06,6.330780024654814e-07,1.4421670130104758e-05,0.0003858931304421,0.99958473443985,0.9991988413094078,/home/yaxin/datasets/TacAct-original/21_7_L_3.xlsx
LeNet_LSTM,43,6134,21,6,class_6,3,class_3,0,0.9996041655540466,1.3064655490779842e-07,3.023573071914143e-06,4.812449674318486e-07,0.9996041655540466,1.958744633157039e-06,6.926764939407803e-08,0.0003632573934737,6.460237273131497e-06,2.688886695523252e-07,2.22279390982294e-06,6.789127269257733e-07,1.7291606127400883e-05,0.0003632573934737,0.9996041655540466,0.999240908160573,/home/yaxin/datasets/TacAct-original/21_7_L_4.xlsx
LeNet_LSTM,43,6135,21,6,class_6,3,class_3,0,0.99959534406662,1.4669076620066337e-07,3.3558151244506007e-06,5.241833491709258e-07,0.99959534406662,2.247463726234855e-06,7.327550832769704e-08,0.0003699121880345,7.530765287810936e-06,2.828552965183917e-07,2.4465375645377208e-06,8.146282652887749e-07,1.735524165269453e-05,0.0003699121880345,0.99959534406662,0.9992254318785855,/home/yaxin/datasets/TacAct-original/21_7_L_5.xlsx
LeNet_LSTM,43,6136,21,6,class_6,3,class_3,0,0.9995693564414978,1.625487868750497e-07,3.680667305161478e-06,5.781290042250475e-07,0.9995693564414978,2.4242290237452835e-06,8.344774471424898e-08,0.0003926638455595,8.109079317364376e-06,3.155712988700543e-07,2.6766826977109304e-06,8.81399387253623e-07,1.901890937006101e-05,0.0003926638455595,0.9995693564414978,0.9991766925959383,/home/yaxin/datasets/TacAct-original/21_7_L_6.xlsx
LeNet_LSTM,43,6137,21,6,class_6,3,class_3,0,0.9995595812797546,1.4460033526120244e-07,3.650609414762585e-06,5.377387424232438e-07,0.9995595812797546,2.282739842485171e-06,8.073896395899284e-08,0.0004075239994563,7.291779638762819e-06,2.666924387995096e-07,2.4766504793660715e-06,7.532653967246006e-07,1.5355004507000558e-05,0.0004075239994563,0.9995595812797546,0.9991520572802983,/home/yaxin/datasets/TacAct-original/21_7_L_7.xlsx
LeNet_LSTM,43,6138,21,6,class_6,3,class_3,0,0.9995490908622742,1.6249713041815994e-07,3.674444769785623e-06,5.887555403205624e-07,0.9995490908622742,2.320382236575824e-06,9.005682954921214e-08,0.0004128731379751,7.61304545449093e-06,3.300046955700964e-07,2.5962524432543432e-06,8.042998729251849e-07,1.9905201043002307e-05,0.0004128731379751,0.9995490908622742,0.9991362177242991,/home/yaxin/datasets/TacAct-original/21_7_L_8.xlsx
LeNet_LSTM,43,6139,21,6,class_6,3,class_3,0,0.9995864033699036,1.456131712984643e-07,3.249936980864732e-06,5.23683013398113e-07,0.9995864033699036,2.115827328452724e-06,7.989549999365408e-08,0.0003782587009482,6.888296866236487e-06,3.028022206308379e-07,2.4196183403546456e-06,7.243068012030562e-07,1.894407432700973e-05,0.0003782587009482,0.9995864033699036,0.9992081446689554,/home/yaxin/datasets/TacAct-original/21_7_L_9.xlsx
LeNet_LSTM,43,6141,21,6,class_6,3,class_3,0,0.9993526339530944,1.617395213315831e-07,3.2697860206098994e-06,6.179378715387429e-07,0.9993526339530944,1.980152774194721e-06,9.45089766446472e-08,0.0006069497903808,7.900045602582395e-06,3.470974831998319e-07,2.1272339836286847e-06,6.440943138841249e-07,2.3409296773024835e-05,0.0006069497903808,0.9993526339530944,0.9987456841627136,/home/yaxin/datasets/TacAct-original/21_7_R_10.xlsx
LeNet_LSTM,43,6142,21,6,class_6,3,class_3,0,0.9994993209838868,1.47848666642858e-07,3.1657446015742607e-06,5.307667265697091e-07,0.9994993209838868,2.105934299834189e-06,8.025355668905831e-08,0.0004654306685552,6.589375971088884e-06,3.147767131395085e-07,2.307043132532272e-06,6.735202191521239e-07,1.924878051795531e-05,0.0004654306685552,0.9994993209838868,0.9990338903153316,/home/yaxin/datasets/TacAct-original/21_7_R_11.xlsx
LeNet_LSTM,43,6143,21,6,class_6,3,class_3,0,0.9995362758636476,1.3704155321647704e-07,3.1832908007345395e-06,5.35295328063512e-07,0.9995362758636476,1.916363316922798e-06,7.789002154368063e-08,0.0004297879349905,6.408189165085787e-06,2.916624168847193e-07,2.185712446589605e-06,6.629439894823008e-07,1.848790088843089e-05,0.0004297879349905,0.9995362758636476,0.9991064879286571,/home/yaxin/datasets/TacAct-original/21_7_R_12.xlsx
LeNet_LSTM,43,6144,21,6,class_6,3,class_3,0,0.9994489550590516,1.659491175587391e-07,3.8393036447814666e-06,6.570347181877878e-07,0.9994489550590516,2.210535285485093e-06,1.0413383222385165e-07,0.0005100537091493,7.29643306840444e-06,3.802491335136438e-07,2.5199549327226123e-06,7.934260111142066e-07,2.309204137418419e-05,0.0005100537091493,0.9994489550590516,0.9989389013499024,/home/yaxin/datasets/TacAct-original/21_7_R_13.xlsx
LeNet_LSTM,43,6151,21,6,class_6,3,class_3,0,0.9596266746520996,3.295243686807225e-06,2.9176024327171035e-05,5.816508746647742e-06,0.9596266746520996,1.731010888761375e-05,1.8760659941108315e-06,0.0402326509356498,2.766453508229461e-05,3.193274778823252e-06,5.650740604323801e-06,4.903197350358823e-06,4.173692286713049e-05,0.0402326509356498,0.9596266746520996,0.9193940237164498,/home/yaxin/datasets/TacAct-original/21_7_R_2.xlsx
LeNet_LSTM,43,6159,21,6,class_6,3,class_3,0,0.9994111061096193,1.5555546895029693e-07,3.518050789352856e-06,6.402686949513736e-07,0.9994111061096193,1.989837983273901e-06,1.0140698947225246e-07,0.0005458714440464,7.970929800649174e-06,3.5806272080662893e-07,2.357328185098595e-06,7.319416681639268e-07,2.522211980249267e-05,0.0005458714440464,0.9994111061096193,0.9988652346655729,/home/yaxin/datasets/TacAct-original/21_7_R_9.xlsx
LeNet_LSTM,43,8188,26,9,class_9,4,class_4,0,0.9339247941970824,0.000397755036829,0.0002591206284705,1.6010377294151112e-05,7.093523890944198e-05,0.9339247941970824,0.0001826205698307,0.0006134523428045,0.0004778480215463,9.091514948522672e-05,0.0638621151447296,6.276163912843913e-05,4.1627085010986775e-05,0.0638621151447296,0.9339247941970824,0.8700626790523528,/home/yaxin/datasets/TacAct-original/26_10_R_17.xlsx
LeNet_LSTM,43,8220,26,10,class_10,7,class_7,0,0.9465314149856568,0.0001113816470024,0.0005138523993082,0.0011356810573488,0.00101883278694,0.0001610824110684,0.0004933603922836,1.700014399830252e-05,0.9465314149856568,0.0005125427269376,0.0007075788453221,0.0436338558793067,0.005163530819118,0.0436338558793067,0.9465314149856568,0.9028975591063502,/home/yaxin/datasets/TacAct-original/26_11_R_1.xlsx
LeNet_LSTM,43,8240,26,11,class_11,6,class_6,0,0.5509290099143982,0.0052211447618901,0.0012422819854691,0.0011120891431346,0.3499153256416321,0.0036613780539482,0.0002502755378372,0.5509290099143982,0.0441180951893329,0.0012453185627236,0.0028816950507462,0.0032568965107202,0.0361665897071361,0.0361665897071361,0.5509290099143982,0.2010136842727661,/home/yaxin/datasets/TacAct-original/26_12_L_1.xlsx
LeNet_LSTM,43,8242,26,11,class_11,6,class_6,0,0.9800062775611876,0.0002107515174429,0.001376305008307,0.0001735639525577,0.0062568173743784,0.0004581212415359,4.731219814857468e-05,0.9800062775611876,0.0009073629626072,0.0001026727186399,0.0001511774025857,7.719288259977475e-05,0.0102325174957513,0.0102325174957513,0.9800062775611876,0.9697737600654364,/home/yaxin/datasets/TacAct-original/26_12_L_11.xlsx
LeNet_LSTM,43,8246,26,11,class_11,3,class_3,0,0.987683117389679,1.1633681424427778e-05,0.000107004205347,1.3238867722975556e-05,0.987683117389679,0.000191524872207,9.739838787936606e-06,0.0084628174081444,0.0002227916411357,5.6099172070389614e-05,8.708029054105282e-05,1.9703255020431243e-05,0.0031352750957012,0.0031352750957012,0.987683117389679,0.9792202999815346,/home/yaxin/datasets/TacAct-original/26_12_L_15.xlsx
LeNet_LSTM,43,8250,26,11,class_11,6,class_6,0,0.911080539226532,0.0014551028143614,0.000541916990187,0.0005841609090566,0.0190527439117431,0.0006917762220837,5.2618725021602586e-05,0.911080539226532,0.0166644621640443,0.0012160836486145,0.0005585066974163,0.0007751997327432,0.0473268777132034,0.0473268777132034,0.911080539226532,0.8637536615133286,/home/yaxin/datasets/TacAct-original/26_12_L_19.xlsx
LeNet_LSTM,43,8252,26,11,class_11,6,class_6,0,0.9986578226089478,4.9779329856392e-05,6.716643838444725e-05,1.2244219760759734e-05,0.0009318194934166,9.83557547442615e-05,6.860299890831811e-06,0.9986578226089478,1.158913528342964e-05,1.3381620192376433e-05,4.9198147280549165e-06,6.62128695694264e-06,0.0001394621504005,0.0001394621504005,0.9986578226089478,0.9977260031155312,/home/yaxin/datasets/TacAct-original/26_12_L_20.xlsx
LeNet_LSTM,43,8254,26,11,class_11,9,class_9,0,0.9937639832496644,0.0007102936506271,0.0001094410763471,1.530325971543789e-05,0.0002071801864076,0.0003342300478834,0.0001789522357285,0.0007056811009533,0.0001622289710212,4.124978295294568e-05,0.9937639832496644,9.740799578139558e-05,0.0036739893257617,0.0036739893257617,0.9937639832496644,0.9900899939239027,/home/yaxin/datasets/TacAct-original/26_12_L_4.xlsx
LeNet_LSTM,43,8258,26,11,class_11,6,class_6,0,0.8922105431556702,0.00314208609052,0.0010813847184181,0.0002603131288196,0.0038329623639583,0.0014599625719711,0.0001359860470984,0.8922105431556702,0.0085007054731249,0.0005783522501587,0.000824058020953,0.0003104092611465,0.0876632630825042,0.0876632630825042,0.8922105431556702,0.804547280073166,/home/yaxin/datasets/TacAct-original/26_12_L_8.xlsx
LeNet_LSTM,43,8261,26,11,class_11,6,class_6,0,0.6649713516235352,0.0001454691664548,3.4413540561217815e-05,1.0016821761382744e-05,0.0001788477238733,7.975097832968459e-05,9.779950232768895e-06,0.6649713516235352,5.1275732403155416e-05,0.0003615808382164,5.148585114511661e-05,5.876860541320639e-06,0.3341002166271209,0.3341002166271209,0.6649713516235352,0.33087113499641424,/home/yaxin/datasets/TacAct-original/26_12_R_10.xlsx
LeNet_LSTM,43,8265,26,11,class_11,6,class_6,0,0.999923586845398,9.23882907954976e-06,1.8491582522983665e-06,5.707638024432526e-07,3.1921459594741464e-05,9.90232092590304e-06,3.1468908900933457e-07,0.999923586845398,2.797039826418768e-07,1.405172611157468e-06,2.341657108217987e-07,2.015775777408635e-07,2.0622823285521008e-05,2.0622823285521008e-05,0.999923586845398,0.9998916653858032,/home/yaxin/datasets/TacAct-original/26_12_R_14.xlsx
LeNet_LSTM,43,8268,26,11,class_11,6,class_6,0,0.7975656986236572,9.881906589725986e-05,1.863750549091492e-05,1.0230533916910645e-05,0.000137004230055,2.752475120360032e-05,8.543464900867548e-06,0.7975656986236572,3.430368815315887e-05,0.0002139846183126,1.7364645827910863e-05,5.838351626152871e-06,0.2018620818853378,0.2018620818853378,0.7975656986236572,0.5957036167383194,/home/yaxin/datasets/TacAct-original/26_12_R_17.xlsx
LeNet_LSTM,43,8273,26,11,class_11,3,class_3,0,0.9972272515296936,7.827870263099612e-07,1.3767726159130689e-05,3.895346253557364e-06,0.9972272515296936,5.8933073887601495e-06,9.65104050010268e-07,0.0024551223032176,4.34017856605351e-05,2.2837928099761484e-06,6.019804004608886e-06,4.688228273153072e-06,0.0002358981582801,0.0002358981582801,0.9972272515296936,0.994772129226476,/home/yaxin/datasets/TacAct-original/26_12_R_3.xlsx
LeNet_LSTM,43,8274,26,11,class_11,6,class_6,0,0.6649713516235352,0.0001454691664548,3.4413540561217815e-05,1.0016821761382744e-05,0.0001788477238733,7.975097832968459e-05,9.779950232768895e-06,0.6649713516235352,5.1275732403155416e-05,0.0003615808382164,5.148585114511661e-05,5.876860541320639e-06,0.3341002166271209,0.3341002166271209,0.6649713516235352,0.33087113499641424,/home/yaxin/datasets/TacAct-original/26_12_R_4.xlsx
LeNet_LSTM,43,8275,26,11,class_11,6,class_6,0,0.9386513829231262,0.0002876988146454,5.444835551315919e-05,2.562718145782128e-05,0.0003245439147576,9.1138543211855e-05,1.4548175386153162e-05,0.9386513829231262,0.000134985166369,0.0002264898503199,4.741096927318722e-05,1.80940351128811e-05,0.0601236298680305,0.0601236298680305,0.9386513829231262,0.8785277530550957,/home/yaxin/datasets/TacAct-original/26_12_R_5.xlsx
LeNet_LSTM,43,8277,26,11,class_11,6,class_6,0,0.5634832382202148,0.0003982652851846,0.0001113564430852,3.703908805618994e-05,0.0005414287443272,0.0001322507741861,2.477585439919494e-05,0.5634832382202148,0.0003728321753442,0.0004450158448889,0.0001846269296947,1.6655356375849806e-05,0.43425253033638,0.43425253033638,0.5634832382202148,0.12923070788383484,/home/yaxin/datasets/TacAct-original/26_12_R_7.xlsx
LeNet_LSTM,43,8279,26,11,class_11,3,class_3,0,0.9957975149154664,2.1594064492092e-06,2.2662210540147495e-05,1.073166185960872e-05,0.9957975149154664,1.266626532014925e-05,2.242805749119725e-06,0.0029948272276669,0.0001850227708928,7.398905836453196e-06,1.6730538845877163e-05,1.96872788364999e-05,0.0009283468243665,0.0009283468243665,0.9957975149154664,0.9928026876877996,/home/yaxin/datasets/TacAct-original/26_12_R_9.xlsx
LeNet_LSTM,43,8284,26,0,class_0,2,class_2,0,0.9992170333862304,0.0005549286724999,8.573188097216189e-05,0.9992170333862304,9.359113391838036e-06,1.1543605751285213e-06,5.484109715325758e-05,3.5168507110938663e-06,6.794169166823849e-06,6.107950321165845e-05,2.660709697011044e-07,1.3111605312587926e-06,3.992010078945896e-06,0.0005549286724999,0.9992170333862304,0.9986621047137304,/home/yaxin/datasets/TacAct-original/26_1_L_13.xlsx
LeNet_LSTM,43,8287,26,0,class_0,2,class_2,0,0.9773355722427368,0.0142878852784633,0.0009291285532526,0.9773355722427368,7.300962170120329e-05,1.166420588560868e-05,0.0056612784974277,0.0003349286853335,9.85511451290222e-06,0.0001064062089426,2.6844309104490094e-06,1.680836248851847e-05,0.0012307832948863,0.0142878852784633,0.9773355722427368,0.9630476869642736,/home/yaxin/datasets/TacAct-original/26_1_L_16.xlsx
LeNet_LSTM,43,8344,26,1,class_1,5,class_5,0,0.8036839365959167,1.7641734302742407e-05,0.1950507164001464,0.0004180073447059,2.4835282601998188e-05,0.0004259754787199,0.8036839365959167,9.658067574491724e-05,4.588115189108066e-06,3.459138724792865e-06,3.847463085548952e-05,2.4093507818179205e-05,0.0002115914976457,0.1950507164001464,0.8036839365959167,0.6086332201957704,/home/yaxin/datasets/TacAct-original/26_2_R_13.xlsx
LeNet_LSTM,43,8383,26,2,class_2,0,class_0,0,0.9995290040969848,0.9995290040969848,1.7517435253466829e-06,0.0002893946075346,2.2031122171028983e-06,3.9477257814724e-05,2.3589342163177207e-05,1.7778495021048002e-05,2.247490328954882e-06,8.169049397110939e-05,1.31168110328872e-06,7.452066256519174e-06,4.033821369375801e-06,0.0002893946075346,0.9995290040969848,0.9992396094894501,/home/yaxin/datasets/TacAct-original/26_3_R_12.xlsx
LeNet_LSTM,43,8384,26,2,class_2,0,class_0,0,0.9974073767662048,0.9974073767662048,2.5261058908654377e-05,0.001721876906231,2.621269231894985e-05,0.0001875099842436,0.0001255428360309,0.0001264546299353,2.142676385119557e-05,0.0002552208316046,9.943495570041703e-06,7.2097172960639e-05,2.096853313560132e-05,0.001721876906231,0.9974073767662048,0.9956854998599738,/home/yaxin/datasets/TacAct-original/26_3_R_13.xlsx
LeNet_LSTM,43,8400,26,3,class_3,11,class_11,0,0.5216455459594727,0.2852452397346496,0.0002213595143985,0.0013147282879799,0.0006528001395054,0.0012366916052997,0.0002167277125408,0.060573648661375,0.000797972199507,0.1272966563701629,0.0006251942832022,0.0001734065590426,0.5216455459594727,0.0006528001395054,0.5216455459594727,0.23640030622482305,/home/yaxin/datasets/TacAct-original/26_4_L_1.xlsx
LeNet_LSTM,43,8401,26,3,class_3,6,class_6,0,0.9996914863586426,3.566460873116739e-05,1.427223196515115e-05,3.4370830235275207e-06,0.0001536088966531,4.656158125726506e-05,1.7688927300696378e-06,0.9996914863586426,2.030843916145386e-06,5.085292286821641e-06,1.4230976148610353e-06,1.3969480505693357e-06,4.316875492804684e-05,0.0001536088966531,0.9996914863586426,0.9995378774619895,/home/yaxin/datasets/TacAct-original/26_4_L_10.xlsx
LeNet_LSTM,43,8402,26,3,class_3,4,class_4,0,0.7280914783477783,0.2470555752515792,0.0008193771354854,0.0001813404524,0.0001733150420477,0.7280914783477783,9.980628965422512e-05,0.0217343121767044,4.453620931599289e-05,0.0014558052644133,0.0001856599556049,2.326644789718557e-05,0.0001355542772216,0.0001733150420477,0.7280914783477783,0.48103590309619915,/home/yaxin/datasets/TacAct-original/26_4_L_11.xlsx
LeNet_LSTM,43,8403,26,3,class_3,6,class_6,0,0.9700958728790284,0.000355337979272,0.0003962494374718,2.667478474904783e-05,0.0003578343894332,0.0283776074647903,1.0000049769587347e-05,0.9700958728790284,2.3718122974969447e-05,0.0001048124613589,2.6431256628711708e-05,1.2218186384416184e-05,0.0002132730442099,0.0003578343894332,0.9700958728790284,0.9417182654142381,/home/yaxin/datasets/TacAct-original/26_4_L_12.xlsx
LeNet_LSTM,43,8404,26,3,class_3,6,class_6,0,0.984159529209137,0.0001044700038619,0.0002745784877333,1.7057283912436105e-05,0.0052507203072309,0.0094086155295372,1.944011091836728e-05,0.984159529209137,3.068285877816379e-05,8.189801155822352e-05,1.1872604773088824e-05,2.579405190772377e-05,0.0006153094582259,0.0052507203072309,0.984159529209137,0.9747509136795998,/home/yaxin/datasets/TacAct-original/26_4_L_13.xlsx
LeNet_LSTM,43,8407,26,3,class_3,6,class_6,0,0.99871563911438,0.0003932061081286,3.908628423232585e-05,1.3682630196854006e-05,0.0003265571140218,0.0002893309574574,7.1364661380357575e-06,0.99871563911438,1.2075650374754332e-05,4.083589374204166e-05,6.403941824828507e-06,8.240377610491123e-06,0.0001478165359003,0.0003265571140218,0.99871563911438,0.9983224330062513,/home/yaxin/datasets/TacAct-original/26_4_L_16.xlsx
LeNet_LSTM,43,8409,26,3,class_3,6,class_6,0,0.9983842372894288,4.494879976846278e-05,3.4433542168699205e-05,1.1781876310124062e-05,0.0012925103073939,4.534970867098309e-05,2.5175102109642467e-06,0.9983842372894288,1.0029030818259344e-05,1.5416853784699924e-05,2.526582420614432e-06,4.687055934482487e-06,0.0001515973563073,0.0012925103073939,0.9983842372894288,0.997091726982035,/home/yaxin/datasets/TacAct-original/26_4_L_18.xlsx
LeNet_LSTM,43,8412,26,3,class_3,6,class_6,0,0.9964272379875184,0.0005905465222895,0.0001629774051252,5.081317794974893e-05,0.0014656150015071,0.0006527904770337,2.5235993234673515e-05,0.9964272379875184,9.33556948439218e-05,8.234864071710035e-05,2.949809822894167e-05,4.914678356726654e-05,0.0003702793910633,0.0014656150015071,0.9964272379875184,0.9949616229860113,/home/yaxin/datasets/TacAct-original/26_4_L_20.xlsx
LeNet_LSTM,43,8413,26,3,class_3,6,class_6,0,0.9970473647117616,0.0001237418327946,0.0001233966613654,4.2442370613571256e-05,0.0020376066677272,0.0001455831370549,1.2540557690954302e-05,0.9970473647117616,4.389487730804831e-05,4.7037519834702834e-05,9.708417564979754e-06,1.722704473650083e-05,0.0003493953845463,0.0020376066677272,0.9970473647117616,0.9950097580440344,/home/yaxin/datasets/TacAct-original/26_4_L_3.xlsx
LeNet_LSTM,43,8414,26,3,class_3,6,class_6,0,0.9995988011360168,2.9520506359403956e-05,2.958242293971125e-05,4.762487151310779e-06,0.0001035506138578,3.6945388274034485e-05,3.2076936804514844e-06,0.9995988011360168,2.090425596179557e-06,7.025354989309562e-06,1.4825131984252948e-06,1.5724168633823863e-06,0.0001814114220906,0.0001035506138578,0.9995988011360168,0.9994173897139262,/home/yaxin/datasets/TacAct-original/26_4_L_4.xlsx
LeNet_LSTM,43,8415,26,3,class_3,6,class_6,0,0.9985576272010804,0.0003027040220331,6.059838779037818e-05,1.586379403306637e-05,0.0004657119861803,0.0004209987819194,8.641600288683549e-06,0.9985576272010804,1.52868487930391e-05,3.024193392775487e-05,7.400743015750777e-06,1.181473271572031e-05,0.0001029750201269,0.0004657119861803,0.9985576272010804,0.9980919152149001,/home/yaxin/datasets/TacAct-original/26_4_L_5.xlsx
LeNet_LSTM,43,8416,26,3,class_3,6,class_6,0,0.997056245803833,0.0001447842951165,0.0001012437787721,2.3124763174564578e-05,0.0020415987819433,0.0003796347009483,1.6959467757260427e-05,0.997056245803833,2.502515599189792e-05,3.160083724651486e-05,1.2478512871894054e-05,2.1339639715733935e-05,0.0001459980703657,0.0020415987819433,0.997056245803833,0.9950146470218897,/home/yaxin/datasets/TacAct-original/26_4_L_6.xlsx
LeNet_LSTM,43,8417,26,3,class_3,6,class_6,0,0.9759465456008912,0.0005368591519072,8.935287041822448e-05,6.010773722664453e-05,0.0205807983875274,0.000159507166245,9.134092579188293e-06,0.9759465456008912,0.0002771598228719,0.000140994467074,2.426706305413973e-05,7.440443005179986e-05,0.0021009685005992,0.0205807983875274,0.9759465456008912,0.9553657472133639,/home/yaxin/datasets/TacAct-original/26_4_L_7.xlsx
LeNet_LSTM,43,8420,26,3,class_3,6,class_6,0,0.9967808723449708,0.0002218152658315,7.309230568353087e-05,2.3832903025322597e-05,0.0018708838615566,0.0003604988160077,1.2792103916581254e-05,0.9967808723449708,5.221126775722951e-05,6.440655852202326e-05,2.371349182794802e-05,2.4684175514266823e-05,0.0004911256255581,0.0018708838615566,0.9967808723449708,0.9949099884834142,/home/yaxin/datasets/TacAct-original/26_4_R_1.xlsx
LeNet_LSTM,43,8421,26,3,class_3,1,class_1,0,0.8685388565063477,1.794869422155898e-05,0.8685388565063477,8.22508882265538e-05,0.0144495731219649,0.0014308554818853,0.0001218486358993,0.1114939823746681,1.0097998710989486e-05,3.305182690382935e-05,6.229401606105967e-06,2.3785323719494045e-05,0.0037914765998721,0.0144495731219649,0.8685388565063477,0.7570448741316795,/home/yaxin/datasets/TacAct-original/26_4_R_10.xlsx
LeNet_LSTM,43,8422,26,3,class_3,6,class_6,0,0.7428241968154907,0.0002775189641397,3.246269261580892e-05,3.0941926524974406e-05,0.0007753045647405,7.086062396410853e-05,1.4003996511746664e-05,0.7428241968154907,0.0002901130937971,0.0007143421098589,7.929628918645903e-05,3.5174027289031073e-05,0.2548557221889496,0.0007753045647405,0.7428241968154907,0.48796847462654114,/home/yaxin/datasets/TacAct-original/26_4_R_11.xlsx
LeNet_LSTM,43,8424,26,3,class_3,6,class_6,0,0.9695409536361694,0.0001966079289559,0.0002573801029939,0.0001411209086654,0.0265307463705539,0.0002293042489327,4.579166852636263e-05,0.9695409536361694,0.0002704785438254,0.0001619391841813,3.7671972677344456e-05,0.0001001897398964,0.0024877770338207,0.0265307463705539,0.9695409536361694,0.9430102072656156,/home/yaxin/datasets/TacAct-original/26_4_R_13.xlsx
LeNet_LSTM,43,8425,26,3,class_3,6,class_6,0,0.9983277916908264,1.9369916117284447e-05,8.153355338436086e-06,4.330978299549315e-06,0.0012124495115131,1.3941706129116938e-05,1.2520711152319564e-06,0.9983277916908264,7.820081009413116e-06,1.2656581930059474e-05,2.2327117221720982e-06,2.7124499411002034e-06,0.0003872934321407,0.0012124495115131,0.9983277916908264,0.9971153421793133,/home/yaxin/datasets/TacAct-original/26_4_R_14.xlsx
LeNet_LSTM,43,8427,26,3,class_3,6,class_6,0,0.998969793319702,3.236190968891606e-05,9.423791198059916e-06,3.223203748348169e-06,0.000901204184629,2.4757782739470716e-05,6.340458185150055e-07,0.998969793319702,4.635202913050307e-06,2.553608965172316e-06,1.360937972094689e-06,2.49612276093103e-06,4.757083297590725e-05,0.000901204184629,0.998969793319702,0.998068589135073,/home/yaxin/datasets/TacAct-original/26_4_R_16.xlsx
LeNet_LSTM,43,8428,26,3,class_3,6,class_6,0,0.9974765181541444,1.616492954781279e-05,1.65811743499944e-05,4.716494458989473e-06,0.0023048834409564,1.5461278962902725e-05,1.130251121139736e-06,0.9974765181541444,5.716360647056717e-06,9.338543350168038e-06,1.2163535529907676e-06,1.54835686316801e-06,0.0001465634850319,0.0023048834409564,0.9974765181541444,0.995171634713188,/home/yaxin/datasets/TacAct-original/26_4_R_17.xlsx
LeNet_LSTM,43,8429,26,3,class_3,6,class_6,0,0.9847299456596376,0.0106778685003519,0.0001324309123447,0.0001104108960134,0.0014197437558323,0.0015730762388557,3.3499331038910896e-05,0.9847299456596376,0.0001594222703715,0.0002297752944286,6.671300070593134e-05,8.386922854697332e-05,0.0007832931005395,0.0014197437558323,0.9847299456596376,0.9740520771592857,/home/yaxin/datasets/TacAct-original/26_4_R_18.xlsx
LeNet_LSTM,43,8432,26,3,class_3,6,class_6,0,0.9936258792877196,0.0029235845431685,4.438754331204109e-05,1.829335087677464e-05,0.000378791737603,0.0023248174693435,1.49036968650762e-05,0.9936258792877196,2.8175343686598356e-05,0.0001401736808475,0.0001400224427925,3.966344957007095e-05,0.0003212612355127,0.000378791737603,0.9936258792877196,0.9907022947445511,/home/yaxin/datasets/TacAct-original/26_4_R_20.xlsx
LeNet_LSTM,43,8434,26,3,class_3,1,class_1,0,0.4980284571647644,0.0001253871596418,0.4980284571647644,0.0001414504658896,0.0059222937561571,0.3686692416667938,0.0004221495473757,0.1251315772533416,3.369288970134221e-05,0.0001860725460574,7.794677367201075e-05,1.3959102034277748e-05,0.0012476801639422,0.0059222937561571,0.4980284571647644,0.12935921549797058,/home/yaxin/datasets/TacAct-original/26_4_R_4.xlsx
LeNet_LSTM,43,8435,26,3,class_3,6,class_6,0,0.9996281862258912,0.0001140667518484,8.128946319629904e-06,2.5473939331277502e-06,8.170818910002708e-05,0.000135214839247,1.623632215341786e-06,0.9996281862258912,1.1657915592877544e-06,6.810188097006176e-06,1.409095261806215e-06,1.0640477512424695e-06,1.811105357774068e-05,8.170818910002708e-05,0.9996281862258912,0.9994929713866442,/home/yaxin/datasets/TacAct-original/26_4_R_5.xlsx
LeNet_LSTM,43,8436,26,3,class_3,6,class_6,0,0.9997242093086244,7.252997602336109e-05,6.336257229122566e-06,1.523799710412277e-06,5.226809662417509e-05,0.0001225321029778,8.85724944055255e-07,0.9997242093086244,6.559959047081065e-07,4.406373136589536e-06,8.704202514309145e-07,7.92124751569645e-07,1.3041613783570938e-05,5.226809662417509e-05,0.9997242093086244,0.9996016772056466,/home/yaxin/datasets/TacAct-original/26_4_R_6.xlsx
LeNet_LSTM,43,8437,26,3,class_3,6,class_6,0,0.9822835326194764,0.0002555278188083,5.027137740398757e-05,3.4246055292896926e-05,0.012663584202528,0.0001050595092237,7.781361091474537e-06,0.9822835326194764,0.0001387960364809,0.0001750106021063,2.129937820427585e-05,2.400962148385588e-05,0.0042409501038491,0.012663584202528,0.9822835326194764,0.9696199484169484,/home/yaxin/datasets/TacAct-original/26_4_R_7.xlsx
LeNet_LSTM,43,8446,26,4,class_4,1,class_1,0,0.9914969801902772,8.028149750316516e-06,0.9914969801902772,2.829730146913789e-05,1.8944265320897102e-05,0.0080822119489312,0.0001343635958619,0.000179745038622,2.879635303543182e-06,5.617538590740878e-06,1.936311491590459e-05,4.193919380668376e-07,2.309076080564409e-05,0.0080822119489312,0.9914969801902772,0.983414768241346,/home/yaxin/datasets/TacAct-original/26_5_L_15.xlsx
LeNet_LSTM,43,8528,26,6,class_6,0,class_0,0,0.9986571073532104,0.9986571073532104,2.3390402930090204e-06,4.277021434972994e-05,6.291877070907503e-05,0.0004925813409499,7.375536824838491e-06,0.0004561181995086,3.1221341487253085e-05,2.4829088943079117e-05,9.130492981057614e-05,0.0001245141902472,6.776026566512883e-06,0.0004561181995086,0.9986571073532104,0.9981645260122606,/home/yaxin/datasets/TacAct-original/26_7_L_17.xlsx
LeNet_LSTM,43,8540,26,6,class_6,3,class_3,0,0.926893413066864,1.1741301477741215e-06,7.768519935780205e-06,2.546372797951335e-06,0.926893413066864,4.538071152637713e-06,3.7927543417026754e-07,0.073017381131649,7.004665803833632e-06,1.4789396800551913e-06,7.086102868925082e-07,1.514040604888578e-06,6.21041763224639e-05,0.073017381131649,0.926893413066864,0.853876031935215,/home/yaxin/datasets/TacAct-original/26_7_R_1.xlsx
LeNet_LSTM,43,8541,26,6,class_6,3,class_3,0,0.9991901516914368,1.0027185481931157e-07,1.97338567886618e-06,4.483709972191719e-07,0.9991901516914368,1.0025621577369748e-06,7.221980524718674e-08,0.0007737248088233,5.164915819477756e-06,2.85658302345837e-07,1.093698074328131e-06,3.137785427043127e-07,2.5708621251396835e-05,0.0007737248088233,0.9991901516914368,0.9984164268826135,/home/yaxin/datasets/TacAct-original/26_7_R_10.xlsx
LeNet_LSTM,43,8542,26,6,class_6,3,class_3,0,0.9995742440223694,1.4005114223891726e-07,3.523325858623138e-06,4.400297086704086e-07,0.9995742440223694,2.7825853976537478e-06,8.808520846059764e-08,0.0003961523470934,7.551396720373304e-06,2.4917127916523896e-07,2.8255128654564032e-06,7.63558489325078e-07,1.136275750468485e-05,0.0003961523470934,0.9995742440223694,0.9991780916752759,/home/yaxin/datasets/TacAct-original/26_7_R_11.xlsx
LeNet_LSTM,43,8544,26,6,class_6,3,class_3,0,0.9994596838951112,2.64880668510159e-07,5.20299727213569e-06,8.697535349710961e-07,0.9994596838951112,3.538734745234251e-06,1.537304257226424e-07,0.0004736506962217,1.1965404155489525e-05,6.590355496882694e-07,4.086314220330678e-06,1.5535140391875757e-06,3.8447069528047e-05,0.0004736506962217,0.9994596838951112,0.9989860331988895,/home/yaxin/datasets/TacAct-original/26_7_R_13.xlsx
LeNet_LSTM,43,8546,26,6,class_6,3,class_3,0,0.9995930790901184,1.3567554901783296e-07,2.3422173853759887e-06,4.470024919100979e-07,0.9995930790901184,2.031362782872748e-06,6.170402144789477e-08,0.0003699903609231,7.065697445796104e-06,3.211389412172139e-07,2.5731440018716967e-06,7.648030759810354e-07,2.126040999428369e-05,0.0003699903609231,0.9995930790901184,0.9992230887291953,/home/yaxin/datasets/TacAct-original/26_7_R_15.xlsx
LeNet_LSTM,43,8548,26,6,class_6,3,class_3,0,0.9993088245391846,5.616358293991652e-07,9.739981578604784e-06,1.5729040114820236e-06,0.9993088245391846,7.441164598276373e-06,2.840036188445083e-07,0.0005837341304868,2.6769819669425488e-05,1.1277062412773375e-06,7.625688340340275e-06,3.5634286632557632e-06,4.874730802839622e-05,0.0005837341304868,0.9993088245391846,0.9987250904086977,/home/yaxin/datasets/TacAct-original/26_7_R_17.xlsx
LeNet_LSTM,43,8549,26,6,class_6,3,class_3,0,0.9988464117050172,4.348813149590569e-07,7.521628958784277e-06,1.922367346196552e-06,0.9988464117050172,3.002581934197224e-06,1.743078144045285e-07,0.0010719010606408,3.181714419042692e-05,6.1866353462392e-07,2.929024503828259e-06,2.598470928205643e-06,3.076324355788529e-05,0.0010719010606408,0.9988464117050172,0.9977745106443764,/home/yaxin/datasets/TacAct-original/26_7_R_18.xlsx
LeNet_LSTM,43,8550,26,6,class_6,3,class_3,0,0.9993056058883668,2.724671617215791e-07,5.911692824156489e-06,1.040584947986645e-06,0.9993056058883668,3.340915554872481e-06,1.754341809601101e-07,0.0006276140920817,1.2655756108870264e-05,6.181539902172517e-07,4.017970695713302e-06,1.8894687627835085e-06,3.6857913073617965e-05,0.0006276140920817,0.9993056058883668,0.9986779917962851,/home/yaxin/datasets/TacAct-original/26_7_R_19.xlsx
LeNet_LSTM,43,8553,26,6,class_6,3,class_3,0,0.990756332874298,5.495053301274311e-07,6.014638074702816e-06,1.7872770285976005e-06,0.990756332874298,2.7659193619911093e-06,2.580054569989443e-07,0.0091809462755918,1.3755936379311606e-05,8.679512575326953e-07,1.665509216763894e-06,1.37473273298383e-06,3.380687485332601e-05,0.0091809462755918,0.990756332874298,0.9815753865987061,/home/yaxin/datasets/TacAct-original/26_7_R_3.xlsx
LeNet_LSTM,43,8554,26,6,class_6,3,class_3,0,0.8248443603515625,7.699565685470589e-06,2.6733534468803555e-05,7.215276582428487e-06,0.8248443603515625,2.372608105360996e-05,1.168396806860983e-06,0.1749898046255111,2.550727003836073e-05,4.029813680972438e-06,5.167804374650586e-06,1.0712749826780056e-05,5.38468812010251e-05,0.1749898046255111,0.8248443603515625,0.6498545557260514,/home/yaxin/datasets/TacAct-original/26_7_R_4.xlsx
LeNet_LSTM,43,8556,26,6,class_6,3,class_3,0,0.9992719292640686,4.326052476244513e-07,8.630134288978297e-06,9.534208516015496e-07,0.9992719292640686,1.0687479516491294e-05,3.626041973348038e-07,0.0006405120366252,1.862351928139105e-05,9.705847787699895e-07,8.329707270604558e-06,2.226949163741665e-06,3.647031189757399e-05,0.0006405120366252,0.9992719292640686,0.9986314172274434,/home/yaxin/datasets/TacAct-original/26_7_R_6.xlsx
LeNet_LSTM,43,8557,26,6,class_6,3,class_3,0,0.9970468878746032,5.797981430077925e-06,5.507517562364228e-05,1.3090948414173909e-05,0.9970468878746032,4.032572905998677e-05,2.5109222860919544e-06,0.0023170770145952,0.0002510010381229,8.507847269356716e-06,3.246631968067959e-05,3.125914008705877e-05,0.0001960419322131,0.0023170770145952,0.9970468878746032,0.994729810860008,/home/yaxin/datasets/TacAct-original/26_7_R_7.xlsx
LeNet_LSTM,43,8558,26,6,class_6,3,class_3,0,0.9996790885925292,5.1826191338477656e-08,1.1470133358670864e-06,1.9849075272304617e-07,0.9996790885925292,8.231851893469866e-07,2.422262035395306e-08,0.0003052655665669,2.7185653834749246e-06,1.1641247965599177e-07,1.0399012353445869e-06,2.525140985198959e-07,9.116996807279064e-06,0.0003052655665669,0.9996790885925292,0.9993738230259623,/home/yaxin/datasets/TacAct-original/26_7_R_8.xlsx
LeNet_LSTM,43,8560,26,7,class_7,8,class_8,0,0.999998927116394,4.758914542435378e-07,4.32736846356363e-10,1.151592599057949e-07,5.00345098686239e-10,4.126001762472242e-09,8.95128249300825e-10,1.4192819142166966e-09,2.304045381151809e-07,0.999998927116394,2.238405372168017e-08,2.2044842395985146e-08,1.900359762885273e-07,2.304045381151809e-07,0.999998927116394,0.9999984512249398,/home/yaxin/datasets/TacAct-original/26_8_L_1.xlsx
LeNet_LSTM,43,8561,26,7,class_7,8,class_8,0,0.9021856784820556,0.0041825152002274,2.5635894417064264e-05,0.0048549612984061,2.3267736537491146e-07,4.019817424705252e-05,0.0799111127853393,8.973079275165219e-06,7.405608630506322e-05,0.9021856784820556,7.154361810535192e-05,0.0002005093847401,0.0084445951506495,7.405608630506322e-05,0.9021856784820556,0.8222745656967163,/home/yaxin/datasets/TacAct-original/26_8_L_10.xlsx
LeNet_LSTM,43,8562,26,7,class_7,8,class_8,0,0.9999939203262328,5.289635964800254e-07,4.1111636317481265e-10,1.839549668147811e-07,7.887214770185834e-10,4.144018461715859e-09,2.5954871585298633e-09,3.278038507303904e-09,1.104623947867367e-06,0.9999939203262328,5.576591632916462e-08,2.8200267010447533e-08,4.250798156135716e-06,1.104623947867367e-06,0.9999939203262328,0.9999896695280767,/home/yaxin/datasets/TacAct-original/26_8_L_11.xlsx
LeNet_LSTM,43,8563,26,7,class_7,5,class_5,0,0.9918308854103088,0.0008216605056077,3.175528036081232e-05,0.0063573308289051,2.4929187247835216e-07,7.292466307262657e-06,0.9918308854103088,2.4112025585054653e-06,9.115053217101377e-06,0.0003644851385615,6.6817142396757845e-06,1.264299589820439e-05,0.0005555424722842,9.115053217101377e-06,0.9918308854103088,0.9854735545814037,/home/yaxin/datasets/TacAct-original/26_8_L_12.xlsx
LeNet_LSTM,43,8564,26,7,class_7,8,class_8,0,0.9999152421951294,9.812088137550743e-06,1.2911264057891005e-08,1.9149974832544103e-06,1.2340286126288902e-08,3.055647255223448e-07,1.149782669074284e-08,9.421646574026e-09,7.029540574876592e-05,0.9999152421951294,4.151667098994949e-07,1.216474032617043e-07,1.8635197420735492e-06,7.029540574876592e-05,0.9999152421951294,0.9998449467893806,/home/yaxin/datasets/TacAct-original/26_8_L_13.xlsx
LeNet_LSTM,43,8565,26,7,class_7,0,class_0,0,0.9986053109169006,0.9986053109169006,1.3658322473020236e-08,7.013401955191512e-06,7.698278636780742e-08,1.9374358089407903e-05,1.7263195672967413e-07,2.755260538833681e-06,3.541894102454535e-07,0.0013581261737272,1.0037648507932315e-06,7.499540402022831e-07,5.070329279988073e-06,3.541894102454535e-07,0.9986053109169006,0.9972471847431734,/home/yaxin/datasets/TacAct-original/26_8_L_14.xlsx
LeNet_LSTM,43,8566,26,7,class_7,8,class_8,0,0.9896122813224792,0.0095663694664835,3.0254849292532526e-08,0.000804235227406,4.6673203968339294e-08,5.186502221476985e-06,3.6722610730066654e-06,3.565873782918061e-07,4.049971266795183e-06,0.9896122813224792,6.051328114153876e-07,1.3933093896412174e-06,1.7675322396826232e-06,4.049971266795183e-06,0.9896122813224792,0.9800459118559958,/home/yaxin/datasets/TacAct-original/26_8_L_15.xlsx
LeNet_LSTM,43,8567,26,7,class_7,11,class_11,0,0.3917136788368225,0.2619521021842956,2.9743387131020427e-05,0.3239798247814178,1.6525600585737266e-05,1.6198549928958528e-05,0.0206802431493997,0.0003142178175039,6.008764830767177e-05,0.0008937507518567,0.0002266972878715,0.0001169036186183,0.3917136788368225,6.008764830767177e-05,0.3917136788368225,0.06773385405540472,/home/yaxin/datasets/TacAct-original/26_8_L_16.xlsx
LeNet_LSTM,43,8568,26,7,class_7,8,class_8,0,0.9999940395355223,1.91657727555139e-06,1.969389984424197e-09,7.274236395460321e-07,3.2142435379967083e-09,2.244452623756388e-08,3.321243502441007e-09,4.463497127460414e-09,2.5056021968339337e-06,0.9999940395355223,8.429409348309491e-08,1.0808969364006773e-07,5.865796310899896e-07,2.5056021968339337e-06,0.9999940395355223,0.9999915339333255,/home/yaxin/datasets/TacAct-original/26_8_L_17.xlsx
LeNet_LSTM,43,8569,26,7,class_7,0,class_0,0,0.998531699180603,0.998531699180603,1.2963585049874382e-07,0.0002014328929362,1.4128059433460296e-07,4.184333374723792e-05,9.402538694303076e-07,6.809237902416498e-07,7.377885253845307e-07,0.0012217900948598,1.6776765221493409e-07,1.749961455743687e-07,2.135357561883211e-07,7.377885253845307e-07,0.998531699180603,0.9973099090857432,/home/yaxin/datasets/TacAct-original/26_8_L_18.xlsx
LeNet_LSTM,43,8570,26,7,class_7,8,class_8,0,0.4690741598606109,0.0048916419036686,3.732665572897531e-05,0.1601020097732544,0.0001026407189783,2.660567952261772e-05,6.47731649223715e-05,8.32456280477345e-05,0.2682411074638366,0.4690741598606109,5.046868318459019e-05,0.0001004402001854,0.0972255691885948,0.2682411074638366,0.4690741598606109,0.2008330523967743,/home/yaxin/datasets/TacAct-original/26_8_L_19.xlsx
LeNet_LSTM,43,8571,26,7,class_7,8,class_8,0,0.9936747550964355,3.1219504307955503e-05,7.891039217611251e-07,0.0028433466795831,2.005213218581048e-06,9.25893004932732e-07,1.958384387990009e-07,1.6222769545493063e-06,0.0030654205475002,0.9936747550964355,3.439333795540733e-07,5.2038014786148785e-08,0.0003792958450503,0.0030654205475002,0.9936747550964355,0.9906093345489353,/home/yaxin/datasets/TacAct-original/26_8_L_2.xlsx
LeNet_LSTM,43,8572,26,7,class_7,8,class_8,0,0.9999607801437378,1.0210907021246385e-05,5.630945043577641e-09,4.755610007123323e-06,1.0593564248040366e-08,9.508792686574453e-08,9.101757569851545e-09,8.345203639237297e-09,2.2385051124729216e-05,0.9999607801437378,1.0041371467650607e-07,1.608473638725627e-07,1.4985282632551389e-06,2.2385051124729216e-05,0.9999607801437378,0.9999383950926131,/home/yaxin/datasets/TacAct-original/26_8_L_20.xlsx
LeNet_LSTM,43,8573,26,7,class_7,8,class_8,0,0.9999935626983644,3.768804788251146e-07,2.2757375983673e-09,6.498435709545447e-07,3.3452038916692564e-09,1.1412007339117736e-08,1.4297895090109591e-09,3.1361091501480587e-09,4.542443548416486e-06,0.9999935626983644,3.717503105349351e-08,3.082647026531049e-08,7.95205608028482e-07,4.542443548416486e-06,0.9999935626983644,0.999989020254816,/home/yaxin/datasets/TacAct-original/26_8_L_3.xlsx
LeNet_LSTM,43,8574,26,7,class_7,8,class_8,0,0.9999994039535522,1.0264629679568317e-07,8.157513553541662e-11,2.3890196487741377e-08,6.029975130328323e-11,9.250556987083767e-10,6.195882695791964e-10,9.30271804033822e-10,1.4180413288045202e-08,0.9999994039535522,6.702558064120012e-09,2.242875885016815e-09,5.134444904797419e-07,1.4180413288045202e-08,0.9999994039535522,0.9999988905090618,/home/yaxin/datasets/TacAct-original/26_8_L_4.xlsx
LeNet_LSTM,43,8575,26,7,class_7,11,class_11,0,0.9631451368331908,0.0025818089488893,9.069805855688172e-06,0.0213783476501703,9.95497430267278e-06,5.693480602531054e-07,0.0126781975850462,8.997512486530468e-05,7.296305739146192e-06,1.846976920205634e-05,3.893202301696874e-05,4.212691783322953e-05,0.9631451368331908,7.296305739146192e-06,0.9631451368331908,0.9417667891830205,/home/yaxin/datasets/TacAct-original/26_8_L_5.xlsx
LeNet_LSTM,43,8576,26,7,class_7,11,class_11,0,0.4846744537353515,0.0531941018998622,5.634130138787441e-05,0.4212802648544311,1.8295004338142465e-05,7.14112547939294e-06,0.0400294065475463,0.0002844693954102,4.207219535601325e-05,0.0002075866359518,9.627473627915606e-05,0.0001095916886697,0.4846744537353515,4.207219535601325e-05,0.4846744537353515,0.06339418888092041,/home/yaxin/datasets/TacAct-original/26_8_L_6.xlsx
LeNet_LSTM,43,8577,26,7,class_7,8,class_8,0,0.9999996423721312,1.5070694914243177e-08,7.992688455527029e-11,1.0051913079678345e-08,3.408974491581063e-11,2.7514265865669074e-10,2.8177388200489867e-10,4.5017206629083257e-10,8.366630943612563e-09,0.9999996423721312,2.7400794966325744e-09,5.573554950899505e-10,3.504618462102372e-07,8.366630943612563e-09,0.9999996423721312,0.999999291910285,/home/yaxin/datasets/TacAct-original/26_8_L_7.xlsx
LeNet_LSTM,43,8580,26,7,class_7,2,class_2,0,0.9451712965965272,0.0017949639586731,2.1186362573644143e-05,0.9451712965965272,7.08588686393341e-07,3.383545390533982e-06,0.0067563643679022,1.1782396541093476e-05,2.6787090519064805e-06,0.0460131242871284,3.382879185664933e-07,9.465413199905016e-07,0.0002231461548944,2.6787090519064805e-06,0.9451712965965272,0.8991581723093988,/home/yaxin/datasets/TacAct-original/26_8_R_1.xlsx
LeNet_LSTM,43,8581,26,7,class_7,5,class_5,0,0.9995627999305724,1.734797660901677e-05,4.9993723223451525e-06,0.0004074088938068,4.171785050743893e-08,2.719484371027648e-07,0.9995627999305724,3.803954768955009e-07,2.060104264955953e-08,2.034084900515154e-06,4.247014544489503e-07,1.032334239425836e-06,3.1736208256916143e-06,2.060104264955953e-08,0.9995627999305724,0.9991553910367656,/home/yaxin/datasets/TacAct-original/26_8_R_10.xlsx
LeNet_LSTM,43,8582,26,7,class_7,2,class_2,0,0.7943435907363892,0.1788814514875412,0.0001178268285002,0.7943435907363892,1.9663930288515985e-05,9.225751455232968e-06,0.007499320898205,0.0003229324938729,2.72195370598638e-06,9.933650289895012e-05,5.466770289785927e-06,9.746352588990703e-06,0.0186887700110673,2.72195370598638e-06,0.7943435907363892,0.615462139248848,/home/yaxin/datasets/TacAct-original/26_8_R_11.xlsx
LeNet_LSTM,43,8583,26,7,class_7,11,class_11,0,0.8837616443634033,0.0003589348634704,2.1566579633258698e-08,8.381457519135438e-06,1.7292157039605627e-08,1.4019789773556113e-07,4.3584495301729486e-07,7.368673323071562e-06,4.438359439973283e-07,0.1158204153180122,4.2258252506144345e-05,6.653220907537617e-08,0.8837616443634033,4.438359439973283e-07,0.8837616443634033,0.7679412290453911,/home/yaxin/datasets/TacAct-original/26_8_R_12.xlsx
LeNet_LSTM,43,8584,26,7,class_7,0,class_0,0,0.9999738931655884,0.9999738931655884,5.953076920306444e-10,4.805262392437726e-07,1.2807036542383796e-09,3.119581890587142e-07,4.44655086084822e-08,8.911258220223318e-08,2.53191956289811e-09,2.507993849576451e-05,3.582380614375324e-09,3.452292007821711e-09,9.18030522711888e-08,2.53191956289811e-09,0.9999738931655884,0.9999488132270926,/home/yaxin/datasets/TacAct-original/26_8_R_13.xlsx
LeNet_LSTM,43,8585,26,7,class_7,5,class_5,0,0.9998830556869508,2.573167421360268e-07,0.0001018975890474,2.9878158329665894e-06,8.006503904312012e-09,4.34642799973517e-07,0.9998830556869508,1.5585199264478433e-07,4.199589120901237e-09,1.3381722396843544e-08,4.2539826949905546e-07,3.7110066131162966e-08,1.0721301805460826e-05,4.199589120901237e-09,0.9998830556869508,0.9997811580979034,/home/yaxin/datasets/TacAct-original/26_8_R_14.xlsx
LeNet_LSTM,43,8586,26,7,class_7,8,class_8,0,0.9999985694885254,8.700358193891589e-07,3.74027003813282e-10,6.918747885720222e-08,6.953322917446768e-10,5.20358067745974e-09,6.135513208604947e-10,2.908573826232441e-09,1.4887098132021492e-07,0.9999985694885254,4.231362993323273e-08,2.4146073585029626e-08,2.986393496939854e-07,1.4887098132021492e-07,0.9999985694885254,0.999997699452706,/home/yaxin/datasets/TacAct-original/26_8_R_15.xlsx
LeNet_LSTM,43,8587,26,7,class_7,0,class_0,0,0.9976503252983092,0.9976503252983092,7.05782525756149e-08,3.2896721677389e-05,1.6318823270466964e-07,4.6267963625723496e-05,5.223278662924713e-07,1.976947487491998e-06,6.542530854858342e-07,0.0022640074603259,1.0627538813423598e-06,1.6049125406425446e-06,4.3246498648841225e-07,6.542530854858342e-07,0.9976503252983092,0.9953863178379834,/home/yaxin/datasets/TacAct-original/26_8_R_16.xlsx
LeNet_LSTM,43,8588,26,7,class_7,0,class_0,0,0.9998841285705566,0.9998841285705566,1.2830414952702542e-08,5.589287320617586e-05,2.9101737908376893e-08,6.282705840021663e-07,3.538826831572805e-06,3.2605209980829386e-06,3.8346431807667614e-08,8.632927347207442e-06,2.0488900531745458e-07,1.1907202690508713e-07,4.362075560493395e-05,3.8346431807667614e-08,0.9998841285705566,0.9998282356973505,/home/yaxin/datasets/TacAct-original/26_8_R_17.xlsx
LeNet_LSTM,43,8589,26,7,class_7,0,class_0,0,0.9977381229400636,0.9977381229400636,3.3811865307598055e-08,9.190681885229424e-05,8.441201515552167e-08,1.5185289612418271e-06,1.1443469702498987e-05,3.853187445201911e-05,5.2595375166220044e-08,0.000441986543592,6.18314697931055e-06,7.914335924397164e-07,0.0016693891957402,5.2595375166220044e-08,0.9977381229400636,0.9960687337443234,/home/yaxin/datasets/TacAct-original/26_8_R_18.xlsx
LeNet_LSTM,43,8590,26,7,class_7,0,class_0,0,0.9848836064338684,0.9848836064338684,1.7582006961447405e-08,3.755075158551335e-05,4.596219582708727e-08,1.0222744322163637e-06,3.0133837753965054e-06,1.590131432749331e-06,8.421169894745617e-08,0.0150266196578741,9.968298542162303e-08,2.757779213879985e-07,4.600397733156569e-05,8.421169894745617e-08,0.9848836064338684,0.9698569867759943,/home/yaxin/datasets/TacAct-original/26_8_R_19.xlsx
LeNet_LSTM,43,8591,26,7,class_7,2,class_2,0,0.9999985694885254,4.139531029068167e-07,4.750460504965304e-07,0.9999985694885254,3.6215620724533444e-08,9.933083244817451e-10,3.182960881531472e-07,8.728114231359996e-09,6.735825053283406e-08,1.0720627585669719e-07,2.008600785696757e-10,7.705527882428952e-10,1.3498271833611852e-08,6.735825053283406e-08,0.9999985694885254,0.9999980944424749,/home/yaxin/datasets/TacAct-original/26_8_R_2.xlsx
LeNet_LSTM,43,8592,26,7,class_7,0,class_0,0,0.999956488609314,0.999956488609314,1.5483609061561765e-08,7.793712029524613e-06,2.0610059436876327e-08,1.3650496839545667e-06,4.973836666977149e-07,8.733334766475309e-07,1.7149519138115465e-08,3.272325557190925e-05,1.734098376005022e-08,1.9024215092144917e-08,1.973121044329673e-07,1.7149519138115465e-08,0.999956488609314,0.9999237653537421,/home/yaxin/datasets/TacAct-original/26_8_R_20.xlsx
LeNet_LSTM,43,8593,26,7,class_7,8,class_8,0,0.9671854972839355,0.0001951425656443,5.475181410474761e-07,0.0324927903711795,3.8342528796420083e-07,1.7471207911512463e-06,1.6388875110351364e-06,6.79113782098284e-07,0.000104076025309,0.9671854972839355,2.2168194391269933e-07,4.683858776388661e-07,1.668026379775256e-05,0.000104076025309,0.9671854972839355,0.9346927069127561,/home/yaxin/datasets/TacAct-original/26_8_R_3.xlsx
LeNet_LSTM,43,8594,26,7,class_7,5,class_5,0,0.836645781993866,0.0087880846112966,9.983482595998794e-05,0.1533456444740295,1.6825155171318329e-06,1.6026855519157834e-05,0.836645781993866,9.231736839865334e-06,2.705711040107417e-06,0.0010015816660597,7.716892469034065e-06,1.3552885320677888e-05,6.824434240115806e-05,2.705711040107417e-06,0.836645781993866,0.6833001375198364,/home/yaxin/datasets/TacAct-original/26_8_R_4.xlsx
LeNet_LSTM,43,8595,26,7,class_7,2,class_2,0,0.4158299267292022,0.2102882713079452,8.389243157580495e-05,0.4158299267292022,7.960957191244233e-06,4.169680323684588e-05,0.199184313416481,0.000110455766844,6.433764792745933e-05,0.0038479424547404,0.0001622668205527,7.690704660490155e-05,0.170302078127861,6.433764792745933e-05,0.4158299267292022,0.20554165542125702,/home/yaxin/datasets/TacAct-original/26_8_R_5.xlsx
LeNet_LSTM,43,8596,26,7,class_7,8,class_8,0,0.9999994039535522,1.842351338154913e-07,2.0553057866745658e-10,6.145327802187239e-08,1.641851932188132e-10,1.6179650952352631e-09,4.3162590168677184e-10,1.1709692104844294e-09,2.2504014651758556e-08,0.9999994039535522,3.0707743015057076e-09,2.3802539939055123e-09,2.531209588596539e-07,2.2504014651758556e-08,0.9999994039535522,0.9999991508325934,/home/yaxin/datasets/TacAct-original/26_8_R_6.xlsx
LeNet_LSTM,43,8597,26,7,class_7,5,class_5,0,0.9999998807907104,1.2971525187310816e-08,4.7522771495778215e-08,8.525928052449673e-08,4.348684606858555e-11,1.680612649046509e-09,0.9999998807907104,2.8409283259200885e-10,4.21517161453e-11,4.934376240939287e-10,1.1016037859690186e-08,1.506695435082861e-09,2.5888986954214488e-08,4.21517161453e-11,0.9999998807907104,0.9999997955314299,/home/yaxin/datasets/TacAct-original/26_8_R_7.xlsx
LeNet_LSTM,43,8598,26,7,class_7,0,class_0,0,0.9938263297080994,0.9938263297080994,3.837918995941436e-07,0.0049832095392048,2.5299618755525444e-07,6.614330231968779e-06,7.666727469768375e-05,7.442260539392009e-06,4.566099391922762e-07,0.0009988523088395,1.437228888789832e-06,4.950308039042284e-07,9.774940554052591e-05,4.566099391922762e-07,0.9938263297080994,0.9888431201688945,/home/yaxin/datasets/TacAct-original/26_8_R_8.xlsx
LeNet_LSTM,43,8599,26,7,class_7,8,class_8,0,0.9999284744262696,3.048079690870509e-07,9.11648756485306e-10,6.84401726402939e-08,3.249753244283226e-10,1.7023462639542684e-09,2.480217808908946e-09,1.3221628236692597e-08,6.5240799429489024e-09,0.9999284744262696,1.7703802868140883e-08,1.7728088996804559e-09,7.097989146132022e-05,6.5240799429489024e-09,0.9999284744262696,0.9998574945348083,/home/yaxin/datasets/TacAct-original/26_8_R_9.xlsx
LeNet_LSTM,43,8606,26,8,class_8,7,class_7,0,0.9890272617340088,8.089158654911444e-05,5.777748447144404e-05,0.0009521378669887,0.0001194162396132,1.7256450519198552e-05,3.5777309676632285e-05,1.0225092410109935e-05,0.9890272617340088,0.0037959886249154,7.224803266581148e-05,0.0006908952491357,0.0051401150412857,0.0037959886249154,0.9890272617340088,0.983887146692723,/home/yaxin/datasets/TacAct-original/26_9_L_15.xlsx
LeNet_LSTM,43,12112,33,11,class_11,9,class_9,0,0.8523094654083252,0.0025887344963848,0.0001390403776895,7.027463652775623e-06,2.537283944548108e-05,0.1353988200426101,0.0001279921852983,0.0008148028282448,0.0002541940484661,0.0013886069646105,0.8523094654083252,3.879540599882603e-05,0.0069071105681359,0.0069071105681359,0.8523094654083252,0.716910645365715,/home/yaxin/datasets/TacAct-original/33_12_R_20.xlsx
LeNet_LSTM,43,12225,33,2,class_2,8,class_8,0,0.9375929236412048,0.0092244958505034,0.0028417918365448,0.0094514479860663,0.0012568832607939,0.0006221506628207,0.0001455433084629,0.0016672799829393,0.0023375486489385,0.9375929236412048,0.0002111987269017,0.0003148043469991,0.0343340262770652,0.0094514479860663,0.9375929236412048,0.9032588973641397,/home/yaxin/datasets/TacAct-original/33_3_R_14.xlsx
LeNet_LSTM,43,12241,33,3,class_3,11,class_11,0,0.6580186486244202,3.821751670329832e-05,0.0001851014676503,0.0001332648389507,0.3348729014396667,5.582012090599165e-05,3.3091575460275635e-05,0.0036199293099343,0.002365551656112,0.0004889967385679,9.710629819892348e-05,9.132216655416414e-05,0.6580186486244202,0.3348729014396667,0.6580186486244202,0.3231457471847535,/home/yaxin/datasets/TacAct-original/33_4_L_10.xlsx
LeNet_LSTM,43,12242,33,3,class_3,6,class_6,0,0.9414284825325012,0.0001267218322027,0.0006906926282681,8.960857667261735e-05,0.0502807833254337,0.0002625411725603,8.266141958301887e-05,0.9414284825325012,0.0002593733661342,0.0001040874340105,8.191629603970796e-05,8.844500553095713e-05,0.0065046148374676,0.0502807833254337,0.9414284825325012,0.8911476992070675,/home/yaxin/datasets/TacAct-original/33_4_L_11.xlsx
LeNet_LSTM,43,12243,33,3,class_3,6,class_6,0,0.9985344409942628,7.640892727067694e-05,8.770007116254419e-05,2.296589445904829e-05,0.0006715561612509,0.0001250540226465,1.2485804290918168e-05,0.9985344409942628,2.242270602437202e-05,2.406623752904125e-05,7.761237611703109e-06,1.504757528891787e-05,0.0004000339540652,0.0006715561612509,0.9985344409942628,0.9978628848330119,/home/yaxin/datasets/TacAct-original/33_4_L_12.xlsx
LeNet_LSTM,43,12248,33,3,class_3,6,class_6,0,0.9946987628936768,0.0001589405728736,0.0002093209041049,6.564200884895399e-05,0.0042415391653776,0.0002471413754392,1.982941830647178e-05,0.9946987628936768,7.348036888288334e-05,3.799005935434252e-05,1.74215547303902e-05,3.108765304205008e-05,0.0001987625000765,0.0042415391653776,0.9946987628936768,0.9904572237282991,/home/yaxin/datasets/TacAct-original/33_4_L_17.xlsx
LeNet_LSTM,43,12249,33,3,class_3,11,class_11,0,0.8674801588058472,0.0001284135068999,0.0008526248857378,0.0001557251089252,0.0739583224058151,0.0002743404766079,0.0001834500144468,0.0550618022680282,0.0009184209047816,0.0006883401656523,0.0002221316535724,7.631896005477756e-05,0.8674801588058472,0.0739583224058151,0.8674801588058472,0.793521836400032,/home/yaxin/datasets/TacAct-original/33_4_L_18.xlsx
LeNet_LSTM,43,12250,33,3,class_3,6,class_6,0,0.6670765280723572,0.0001451808057026,0.0010160745587199,0.0002117329859174,0.3295535743236542,0.0003399154811631,5.830231020809151e-05,0.6670765280723572,0.0006772493361495,7.7953671279829e-05,9.315650822827592e-05,0.0001557221112307,0.0005946274031884,0.3295535743236542,0.6670765280723572,0.337522953748703,/home/yaxin/datasets/TacAct-original/33_4_L_19.xlsx
LeNet_LSTM,43,12262,33,3,class_3,6,class_6,0,0.8107113838195801,0.0002214925334556,0.0006497245049104,0.0002650334790814,0.1793327778577804,0.0003696213825605,3.2370808185078204e-05,0.8107113838195801,0.0023600133135914,0.0001614278153283,0.0001267507468583,0.0003393183869775,0.0054300986230373,0.1793327778577804,0.8107113838195801,0.6313786059617996,/home/yaxin/datasets/TacAct-original/33_4_R_11.xlsx
LeNet_LSTM,43,12264,33,3,class_3,6,class_6,0,0.808399498462677,0.0016127557028084,0.0004482539370656,0.0004995133494958,0.1547054052352905,0.0012568132951855,2.384277104283683e-05,0.808399498462677,0.0195238012820482,0.0006613117293454,0.0004844516224693,0.00180259719491,0.0105817504227161,0.1547054052352905,0.808399498462677,0.6536940932273865,/home/yaxin/datasets/TacAct-original/33_4_R_13.xlsx
LeNet_LSTM,43,12266,33,3,class_3,6,class_6,0,0.7520259022712708,0.0004522308299783,0.0005940133123658,0.0005662344628944,0.2077516615390777,0.0004610382311511,4.102758975932375e-05,0.7520259022712708,0.0121711585670709,0.0006822291761636,0.0003170382988173,0.0011113733053207,0.0238261707127094,0.2077516615390777,0.7520259022712708,0.544274240732193,/home/yaxin/datasets/TacAct-original/33_4_R_15.xlsx
LeNet_LSTM,43,12268,33,3,class_3,11,class_11,0,0.9362598061561584,5.82106331421528e-05,0.0002873037010431,0.0003095572174061,0.0067113609984517,4.523218012764119e-05,2.0974182916688733e-05,0.0121440906077623,0.0429376065731048,0.0006519702146761,0.0003152412245981,0.0002585364563856,0.9362598061561584,0.0067113609984517,0.9362598061561584,0.8933221995830536,/home/yaxin/datasets/TacAct-original/33_4_R_17.xlsx
LeNet_LSTM,43,12269,33,3,class_3,11,class_11,0,0.8774864077568054,0.0002642191248014,0.0005979700945317,0.0005764470552094,0.0104838646948337,0.0001466203830204,4.0075905417324975e-05,0.0682564452290535,0.039025392383337,0.0019018036546185,0.0006337136146612,0.0005869556916877,0.8774864077568054,0.0104838646948337,0.8774864077568054,0.8092299625277519,/home/yaxin/datasets/TacAct-original/33_4_R_18.xlsx
LeNet_LSTM,43,12279,33,3,class_3,11,class_11,0,0.7411272525787354,5.772972144768573e-05,0.0005862946854904,0.0008336937171407,0.18446084856987,6.338205275824293e-05,5.532969589694403e-05,0.0276121720671653,0.043368961662054,0.0005649783997796,0.0007671807543374,0.0005021811812184,0.7411272525787354,0.18446084856987,0.7411272525787354,0.5566664040088654,/home/yaxin/datasets/TacAct-original/33_4_R_9.xlsx
LeNet_LSTM,43,12361,33,6,class_6,3,class_3,0,0.9918545484542848,2.799082949422882e-06,5.637092908727936e-05,2.0177340047666803e-05,0.9918545484542848,1.8243628801428716e-05,2.533361566747772e-06,0.0076053449884057,0.0002384987310506,4.182227712590247e-06,1.4030534657649696e-05,3.321928670629859e-05,0.0001500927028246,0.0076053449884057,0.9918545484542848,0.9842492034658791,/home/yaxin/datasets/TacAct-original/33_7_L_10.xlsx
LeNet_LSTM,43,12363,33,6,class_6,3,class_3,0,0.9808241128921508,9.116779438045342e-06,0.0002057741949101,7.393163105007261e-05,0.9808241128921508,4.362278559710831e-05,5.191533091419842e-06,0.017169902101159,0.0013725766912102,7.86644250183599e-06,4.769003135152161e-05,0.0001396893203491,0.0001005241865641,0.017169902101159,0.9808241128921508,0.9636542107909918,/home/yaxin/datasets/TacAct-original/33_7_L_12.xlsx
LeNet_LSTM,43,12364,33,6,class_6,3,class_3,0,0.9737658500671388,1.087648797692964e-05,0.0001884429511846,6.503675103886053e-05,0.9737658500671388,6.049265357432887e-05,5.564497769228183e-06,0.0249247904866933,0.0007528030546382,8.254195563495159e-06,3.65016603609547e-05,0.0001120049491873,6.941855826880783e-05,0.0249247904866933,0.9737658500671388,0.9488410595804455,/home/yaxin/datasets/TacAct-original/33_7_L_13.xlsx
LeNet_LSTM,43,12365,33,6,class_6,3,class_3,0,0.9977301955223083,1.7436351527067018e-06,3.026855847565457e-05,5.993126251269132e-06,0.9977301955223083,1.25331189337885e-05,8.589223625676823e-07,0.0020519578829407,9.88586398307234e-05,2.0271188532206e-06,9.73571150097996e-06,1.0975035365845542e-05,4.483696466195397e-05,0.0020519578829407,0.9977301955223083,0.9956782376393677,/home/yaxin/datasets/TacAct-original/33_7_L_14.xlsx
LeNet_LSTM,43,12378,33,6,class_6,3,class_3,0,0.993988871574402,3.514832997097983e-06,8.629979856777936e-05,2.640528327901848e-05,0.993988871574402,2.2398759028874338e-05,2.5182580429827794e-06,0.0051477393135428,0.000540351960808,4.05266837333329e-06,2.276954910485074e-05,5.108307595946826e-05,0.0001039936396409,0.0051477393135428,0.993988871574402,0.9888411322608591,/home/yaxin/datasets/TacAct-original/33_7_L_8.xlsx
LeNet_LSTM,43,12406,33,7,class_7,10,class_10,0,0.9008683562278748,1.220381454913877e-05,3.08481467072852e-05,4.8407993745058775e-05,0.0003406709001865,1.0508083505555987e-05,3.8890051655471325e-05,5.791973308078013e-06,0.0957207754254341,5.932293061050586e-05,0.00024048940395,0.9008683562278748,0.0026236372068524,0.0957207754254341,0.9008683562278748,0.8051475808024406,/home/yaxin/datasets/TacAct-original/33_8_L_15.xlsx
LeNet_LSTM,43,20724,4,11,class_11,4,class_4,0,0.9983602166175842,9.268319990951568e-05,0.0001831089030019,3.75269200958428e-06,4.717160845757462e-05,0.9983602166175842,1.0552214007475412e-05,0.0012483990285545,3.945266598748276e-06,2.262226553284563e-05,2.136400325980503e-05,7.731927098575397e-07,5.319539013726171e-06,5.319539013726171e-06,0.9983602166175842,0.9971118175890298,/home/yaxin/datasets/TacAct-original/4_12_L_13.xlsx
LeNet_LSTM,43,20729,4,11,class_11,4,class_4,0,0.4377378523349762,0.0022464948706328,0.0045918738469481,8.985994645627216e-05,0.0034213033504784,0.4377378523349762,0.0002343068335903,0.3821021020412445,0.0007313275709748,0.0022961199283599,0.0029113569762557,0.0001384401984978,0.1634988784790039,0.1634988784790039,0.4377378523349762,0.05563575029373169,/home/yaxin/datasets/TacAct-original/4_12_L_18.xlsx
LeNet_LSTM,43,20739,4,11,class_11,6,class_6,0,0.9995404481887816,5.419206354417838e-05,4.830770194530487e-05,8.703445928404108e-06,0.0001543364342069,7.150780584197491e-05,3.837403710349463e-06,0.9995404481887816,3.182171894877684e-06,9.864572348305956e-06,1.7026361547323177e-06,3.091820872214157e-06,0.0001007680548354,0.0001007680548354,0.9995404481887816,0.9993861117545747,/home/yaxin/datasets/TacAct-original/4_12_L_9.xlsx
LeNet_LSTM,43,20763,4,0,class_0,6,class_6,0,0.9989748001098632,0.0001943947572726,3.928266232833266e-05,1.3511762517737225e-05,0.0003973614366259,0.0001675047969911,5.4583456403634045e-06,0.9989748001098632,1.5589586837450042e-05,2.138013041985687e-05,5.427973064797698e-06,6.7408568611426745e-06,0.0001586269645486,0.0001943947572726,0.9989748001098632,0.9985774386732372,/home/yaxin/datasets/TacAct-original/4_1_L_12.xlsx
LeNet_LSTM,43,20765,4,0,class_0,6,class_6,0,0.9971139430999756,0.0004385510692372,9.145616058958694e-05,1.4168621419230476e-05,0.0002597281127236,0.0014165744651108,8.416563105129171e-06,0.9971139430999756,2.0133697034907527e-05,0.0001289565116167,1.2645244169107173e-05,1.659066037973389e-05,0.000478728528833,0.0004385510692372,0.9971139430999756,0.9956973686348648,/home/yaxin/datasets/TacAct-original/4_1_L_14.xlsx
LeNet_LSTM,43,20766,4,0,class_0,6,class_6,0,0.8690066337585449,0.0042270408011972,0.0007058632327243,7.925187674118206e-05,0.0007509512361139,0.1218377873301506,4.394177813082933e-05,0.8690066337585449,0.0001019121482386,0.0014569722115993,0.00028547673719,5.928364771534689e-05,0.0014449070440605,0.0042270408011972,0.8690066337585449,0.7471688464283943,/home/yaxin/datasets/TacAct-original/4_1_L_15.xlsx
LeNet_LSTM,43,20767,4,0,class_0,6,class_6,0,0.9895063042640686,0.000476367160445,8.530141349183396e-05,4.4126685679657385e-05,0.0088676530867815,0.0002600713924039,5.142062491358956e-06,0.9895063042640686,0.0002043772256001,4.378128869575448e-05,1.7629754438530654e-05,7.765516056679189e-05,0.0004116795316804,0.000476367160445,0.9895063042640686,0.9806386511772871,/home/yaxin/datasets/TacAct-original/4_1_L_16.xlsx
LeNet_LSTM,43,20769,4,0,class_0,6,class_6,0,0.9991045594215392,0.0001645365555305,6.728865264449269e-05,1.2045186849718448e-05,0.0002219848975073,0.0002447037259116,7.793423719704151e-06,0.9991045594215392,7.770455340505578e-06,2.449994462949689e-05,5.485623660206329e-06,6.376963938237168e-06,0.0001328254293184,0.0001645365555305,0.9991045594215392,0.9988598556956276,/home/yaxin/datasets/TacAct-original/4_1_L_18.xlsx
LeNet_LSTM,43,20770,4,0,class_0,6,class_6,0,0.998415470123291,0.0005087967147119,5.899240932194516e-05,1.655536652833689e-05,0.0002772865700535,0.0004394584393594,9.592939932190347e-06,0.998415470123291,1.4090705917624293e-05,5.230795795796439e-05,9.143133866018616e-06,9.072629836737178e-06,0.0001891956489998,0.0005087967147119,0.998415470123291,0.9979066734085791,/home/yaxin/datasets/TacAct-original/4_1_L_19.xlsx
LeNet_LSTM,43,20772,4,0,class_0,6,class_6,0,0.999090313911438,0.0001730309450067,3.50266091118101e-05,1.1744803487090394e-05,0.0002651190152391,0.0001523311511846,5.6405356190225575e-06,0.999090313911438,1.2185822924948296e-05,2.796261105686426e-05,6.2860608522896655e-06,5.741459972341545e-06,0.0002145066828234,0.0001730309450067,0.999090313911438,0.9988251948961989,/home/yaxin/datasets/TacAct-original/4_1_L_20.xlsx
LeNet_LSTM,43,20777,4,0,class_0,6,class_6,0,0.8948204517364502,0.0913011878728866,0.0008716080337762,0.0013537006452679,0.0019031632691621,0.0030046924948692,0.0002334593445993,0.8948204517364502,0.0002707341627683,0.0024091356899589,6.648801354458556e-05,0.0001393402053508,0.003626000136137,0.0913011878728866,0.8948204517364502,0.8035192638635635,/home/yaxin/datasets/TacAct-original/4_1_L_7.xlsx
LeNet_LSTM,43,20778,4,0,class_0,6,class_6,0,0.8533721566200256,0.0997450202703476,0.000826958392281,0.0004520619404502,0.002704452490434,0.0376501828432083,0.0001129252050304,0.8533721566200256,0.0005839999066665,0.0018727369606494,0.0006466148188337,0.0002214167179772,0.0018115098355337,0.0997450202703476,0.8533721566200256,0.753627136349678,/home/yaxin/datasets/TacAct-original/4_1_L_8.xlsx
LeNet_LSTM,43,20786,4,0,class_0,6,class_6,0,0.9960786700248718,0.0015532679390162,0.0001324382901657,3.9243594073923305e-05,0.0005325041129253,0.0013394469860941,2.2624917619396e-05,0.9960786700248718,2.7607922675088048e-05,8.837045606924221e-05,1.879317096609157e-05,2.2142668967717327e-05,0.0001448152906959,0.0015532679390162,0.9960786700248718,0.9945254020858556,/home/yaxin/datasets/TacAct-original/4_1_R_15.xlsx
LeNet_LSTM,43,20792,4,0,class_0,6,class_6,0,0.9965116381645204,0.0015226290561258,0.0001246346510015,5.13392333232332e-05,0.0004394949646666,0.0006057316204532,2.803163079079241e-05,0.9965116381645204,2.82436467387015e-05,0.0001508887653471,1.597745722392574e-05,2.108889566443395e-05,0.0005001780227757,0.0015226290561258,0.9965116381645204,0.9949890091083946,/home/yaxin/datasets/TacAct-original/4_1_R_20.xlsx
LeNet_LSTM,43,20882,4,3,class_3,6,class_6,0,0.9221866130828856,0.0001761923922458,0.0003546723455656,2.3657024939893745e-05,0.022894125431776,0.0539310239255428,6.389785266947001e-05,0.9221866130828856,4.983564940630458e-05,6.824008596595377e-05,5.467021037475206e-05,6.22212392045185e-05,0.0001348393852822,0.022894125431776,0.9221866130828856,0.8682555891573428,/home/yaxin/datasets/TacAct-original/4_4_L_11.xlsx
LeNet_LSTM,43,20884,4,3,class_3,6,class_6,0,0.992993175983429,0.0003594323643483,0.0006754783680662,6.255076732486486e-05,0.0021777434740215,0.0032388288527727,6.434374517994002e-05,0.992993175983429,5.538679761230014e-05,6.143131031421944e-05,2.2039414034225047e-05,9.406097524333744e-05,0.0001956002961378,0.0021777434740215,0.992993175983429,0.9897543471306562,/home/yaxin/datasets/TacAct-original/4_4_L_13.xlsx
LeNet_LSTM,43,20885,4,3,class_3,6,class_6,0,0.9993744492530824,1.9725877791643143e-05,3.37603414664045e-05,4.997171345166862e-06,0.0004010894917882,3.4005370252998546e-05,2.1958376237307675e-06,0.9993744492530824,4.310744770918973e-06,8.344803063664585e-06,1.4689850331706111e-06,1.8398230849925312e-06,0.0001138926018029,0.0004010894917882,0.9993744492530824,0.9989733597612942,/home/yaxin/datasets/TacAct-original/4_4_L_14.xlsx
LeNet_LSTM,43,20886,4,3,class_3,6,class_6,0,0.6278490424156189,2.1423014914034862e-05,0.0002863071567844,2.967270484077744e-05,0.3664169013500213,0.0001060930444509,3.705584458657541e-05,0.6278490424156189,4.157045623287559e-05,3.806687527685426e-05,1.2245548532519024e-05,2.032583324762527e-05,0.0051412708126008,0.3664169013500213,0.6278490424156189,0.2614321410655976,/home/yaxin/datasets/TacAct-original/4_4_L_15.xlsx
LeNet_LSTM,43,20887,4,3,class_3,6,class_6,0,0.999817192554474,1.7739428585628048e-05,1.3408262020675464e-05,2.1769410523120314e-06,6.462153396569192e-05,3.237271812395193e-05,1.12374073069077e-06,0.999817192554474,9.310053883382352e-07,3.5810628560284385e-06,6.719146199429815e-07,9.415649060429132e-07,4.535584230325185e-05,6.462153396569192e-05,0.999817192554474,0.9997525710205083,/home/yaxin/datasets/TacAct-original/4_4_L_16.xlsx
LeNet_LSTM,43,20888,4,3,class_3,6,class_6,0,0.9994655251502992,3.618184200604446e-05,3.392140570213087e-05,3.557945774446125e-06,0.0002166414342354,0.0002051665651379,2.785468723232043e-06,0.9994655251502992,1.957718723133439e-06,4.618938419298502e-06,1.1751302508855588e-06,2.9435454962367658e-06,2.5582250600564294e-05,0.0002166414342354,0.9994655251502992,0.9992488837160638,/home/yaxin/datasets/TacAct-original/4_4_L_17.xlsx
LeNet_LSTM,43,20889,4,3,class_3,6,class_6,0,0.998342990875244,2.7290938305668533e-05,3.437503255554475e-05,4.478201844904106e-06,0.0013093661982566,0.0002214092673966,4.8561819312453736e-06,0.998342990875244,3.2988373277476057e-06,5.052457254350884e-06,2.2233473373489687e-06,5.715703537134687e-06,3.896654015989043e-05,0.0013093661982566,0.998342990875244,0.9970336246769874,/home/yaxin/datasets/TacAct-original/4_4_L_18.xlsx
LeNet_LSTM,43,20890,4,3,class_3,6,class_6,0,0.977508008480072,0.0001880404597613,0.0002428627485642,2.3443235477316197e-05,0.0008309870609082,0.02100838907063,1.69779723364627e-05,0.977508008480072,2.249432509415783e-05,4.620997424353845e-05,1.6156307538039982e-05,2.483863681845833e-05,7.173232734203339e-05,0.0008309870609082,0.977508008480072,0.9564996194094421,/home/yaxin/datasets/TacAct-original/4_4_L_19.xlsx
LeNet_LSTM,43,20893,4,3,class_3,6,class_6,0,0.9997218251228333,2.333614793315064e-05,2.709442560444586e-05,3.061483084820793e-06,9.872796363197268e-05,5.9317186241969466e-05,1.5951407021930208e-06,0.9997218251228333,1.3869652093490004e-06,4.778556558449054e-06,8.262540518444439e-07,1.7120756865551812e-06,5.625553603749722e-05,9.872796363197268e-05,0.9997218251228333,0.9996230971592013,/home/yaxin/datasets/TacAct-original/4_4_L_3.xlsx
LeNet_LSTM,43,20894,4,3,class_3,6,class_6,0,0.9955819249153136,2.3220856746775095e-05,3.645621836767532e-05,4.783255917573115e-06,0.0041774711571633,0.0001131176759372,4.584780072036665e-06,0.9955819249153136,4.899747182207648e-06,3.994711732957512e-06,3.1445708827959606e-06,6.741651759512024e-06,3.977929736720398e-05,0.0041774711571633,0.9955819249153136,0.9914044537581503,/home/yaxin/datasets/TacAct-original/4_4_L_4.xlsx
LeNet_LSTM,43,20899,4,3,class_3,6,class_6,0,0.9997425675392152,2.523214425309561e-05,2.433875488350168e-05,3.0214259822969325e-06,7.359451410593465e-05,5.577852061833255e-05,1.7660753428572209e-06,0.9997425675392152,1.2349374856057691e-06,5.141727342561353e-06,8.298128477690625e-07,1.5753224715808756e-06,6.486751226475462e-05,7.359451410593465e-05,0.9997425675392152,0.9996689730251093,/home/yaxin/datasets/TacAct-original/4_4_L_9.xlsx
LeNet_LSTM,43,20909,4,3,class_3,1,class_1,0,0.8803271055221558,2.83667650364805e-05,0.8803271055221558,0.0001504816464148,0.014628505334258,0.0035058089997619,0.0002532742801122,0.0967537760734558,3.745266440091655e-05,6.023035894031637e-05,1.978420368686784e-05,4.664074003812857e-05,0.0041885576210916,0.014628505334258,0.8803271055221558,0.7835733294487,/home/yaxin/datasets/TacAct-original/4_4_R_18.xlsx
LeNet_LSTM,43,20910,4,3,class_3,4,class_4,0,0.9965991377830504,6.278946966631338e-05,0.0020229844376444,1.449709088774398e-05,4.924840322928503e-05,0.9965991377830504,4.270072167855688e-05,0.0011661209864541,3.990039658674505e-06,1.529960172774736e-05,1.904730925161857e-05,5.10099027906108e-07,3.7006007005402353e-06,4.924840322928503e-05,0.9965991377830504,0.994576153345406,/home/yaxin/datasets/TacAct-original/4_4_R_19.xlsx
LeNet_LSTM,43,20913,4,3,class_3,6,class_6,0,0.7796311378479004,0.0005635692505165,0.0024651153944432,8.182986493920907e-05,0.0455690361559391,0.1705058217048645,0.0001316598209086,0.7796311378479004,0.0001487189292674,0.0002435604983475,0.0001353924453724,0.0001696267572697,0.0003545337531249,0.0455690361559391,0.7796311378479004,0.6091253161430359,/home/yaxin/datasets/TacAct-original/4_4_R_3.xlsx
LeNet_LSTM,43,20919,4,3,class_3,6,class_6,0,0.8113352656364441,0.0008958724793046,0.0013007989618927,6.032172677805647e-05,0.001214969321154,0.1845543831586837,6.224223761819303e-05,0.8113352656364441,4.8956913815345615e-05,0.0002232547994935,6.690717418678105e-05,3.712218676810153e-05,0.0001999005617108,0.001214969321154,0.8113352656364441,0.6267808824777604,/home/yaxin/datasets/TacAct-original/4_4_R_9.xlsx
LeNet_LSTM,43,21605,5,9,class_9,10,class_10,0,0.9999167919158936,2.7813672204501927e-05,2.480011573879892e-07,1.5691746284574035e-06,2.8426356948330067e-06,9.811798236114555e-07,6.011051482346375e-06,1.589088469700073e-07,5.684222287527518e-06,1.885887468233705e-05,1.8329377780901268e-05,0.9999167919158936,7.573435141239315e-07,1.8329377780901268e-05,0.9999167919158936,0.999888978243689,/home/yaxin/datasets/TacAct-original/5_10_L_14.xlsx
LeNet_LSTM,43,21606,5,9,class_9,0,class_0,0,0.5200960636138916,0.5200960636138916,0.0001205900189233,0.0207366328686475,0.0006567057571373,0.0004385838110465,0.0007644476136192,0.0024760260712355,0.0047205341979861,0.3463952541351318,0.0005329060368239,0.0962192490696907,0.0068430374376475,0.0005329060368239,0.5200960636138916,0.17370080947875982,/home/yaxin/datasets/TacAct-original/5_10_L_15.xlsx
LeNet_LSTM,43,21608,5,9,class_9,10,class_10,0,0.9999154806137084,2.110406967403833e-06,5.406885179581877e-07,1.073947146323917e-06,2.8197762276249705e-06,4.947569891555759e-07,4.452548455446959e-05,2.216910530705718e-07,8.968557267508004e-06,3.3471239930804586e-06,9.382434654980898e-06,0.9999154806137084,1.095835705200443e-05,9.382434654980898e-06,0.9999154806137084,0.9998709551291539,/home/yaxin/datasets/TacAct-original/5_10_L_17.xlsx
LeNet_LSTM,43,21610,5,9,class_9,10,class_10,0,0.8825502991676331,0.0002234109851997,6.812356878072023e-05,8.311699639307335e-05,3.943791671190411e-05,5.523742947843857e-05,0.1150213852524757,8.45034264784772e-06,0.0001216912569361,0.000168063386809,0.0011064304271712,0.8825502991676331,0.0005543731385841,0.0011064304271712,0.8825502991676331,0.7675289139151573,/home/yaxin/datasets/TacAct-original/5_10_L_19.xlsx
LeNet_LSTM,43,21615,5,9,class_9,10,class_10,0,0.9956973791122437,0.0018259692005813,5.2447421694523655e-06,5.1158975111320615e-05,2.9539272873080336e-05,3.696439671330154e-05,6.462759483838454e-05,2.141721597581636e-05,7.119912334019318e-05,0.0020400155335664,9.547660738462582e-05,0.9956973791122437,6.102268162067048e-05,9.547660738462582e-05,0.9956973791122437,0.9936573635786773,/home/yaxin/datasets/TacAct-original/5_10_L_5.xlsx
LeNet_LSTM,43,21625,5,9,class_9,1,class_1,0,0.552721381187439,2.8812903110519983e-05,0.552721381187439,6.861719157313928e-05,0.0001267501938855,0.0017859537620097,0.012400409206748,0.0001142310138675,9.861086437013e-05,4.518956120591611e-05,0.4300860464572906,0.0001909942366182,0.0023329711984843,0.4300860464572906,0.552721381187439,0.12263533473014837,/home/yaxin/datasets/TacAct-original/5_10_R_14.xlsx
LeNet_LSTM,43,21628,5,9,class_9,10,class_10,0,0.9999780654907228,3.0482308943646785e-07,1.1132162569538197e-07,2.234947231727347e-07,2.2930491923034424e-06,8.783803906453613e-08,7.678394240429043e-07,5.0138222462692283e-08,1.4771169844607355e-05,9.302125931753836e-07,1.0287387794960523e-06,0.9999780654907228,1.4173123190630577e-06,1.0287387794960523e-06,0.9999780654907228,0.9999632943208782,/home/yaxin/datasets/TacAct-original/5_10_R_17.xlsx
LeNet_LSTM,43,21629,5,9,class_9,10,class_10,0,0.9995595812797546,8.790806896286085e-05,2.012820914387703e-06,3.89244087273255e-06,1.187132511404343e-05,1.82868679985404e-05,6.291145109571517e-05,8.357719138984976e-07,3.349954204168171e-05,5.129016062710434e-05,0.0001640352566028,0.9995595812797546,3.840604222205002e-06,0.0001640352566028,0.9995595812797546,0.9993955460231518,/home/yaxin/datasets/TacAct-original/5_10_R_18.xlsx
LeNet_LSTM,43,21630,5,9,class_9,10,class_10,0,0.9782800078392028,0.0056458543986082,3.147605457343161e-05,0.0010826892685145,0.0003323546552564,6.872177618788555e-05,0.0004831711412407,0.0001164603600045,0.0037234793417155,0.0089917285367846,0.0002075657248497,0.9782800078392028,0.0010365071939304,0.0002075657248497,0.9782800078392028,0.9692882793024181,/home/yaxin/datasets/TacAct-original/5_10_R_19.xlsx
LeNet_LSTM,43,21634,5,9,class_9,10,class_10,0,0.9945420622825624,0.0004271047364454,1.073016846930841e-05,4.970867303200066e-05,6.469250365626067e-05,2.397673779341858e-05,6.703535473207012e-05,2.512627725081984e-05,0.0002531792561057,0.0042919125407934,0.0001070695943781,0.9945420622825624,0.0001375537976855,0.0001070695943781,0.9945420622825624,0.990250149741769,/home/yaxin/datasets/TacAct-original/5_10_R_4.xlsx
LeNet_LSTM,43,21638,5,9,class_9,10,class_10,0,0.8291500210762024,0.0012150988914072,0.0001535241754027,0.0007552085444331,0.0007422443013638,0.0002502629649825,0.0009295209310948,2.039716491708532e-05,0.1618957370519638,0.0007127343560568,0.0024001519195735,0.8291500210762024,0.0017751117702573,0.0024001519195735,0.8291500210762024,0.6672542840242386,/home/yaxin/datasets/TacAct-original/5_10_R_8.xlsx
LeNet_LSTM,43,21639,5,9,class_9,10,class_10,0,0.999896764755249,4.6306104195537046e-06,7.892765552242054e-07,3.4309141483390704e-06,1.2512584362411872e-05,6.55858912068652e-07,3.799135811277665e-06,6.035910473656259e-07,5.563225204241462e-05,9.780441359907854e-06,4.401803380460478e-06,0.999896764755249,6.979381851124344e-06,4.401803380460478e-06,0.999896764755249,0.9998411325032066,/home/yaxin/datasets/TacAct-original/5_10_R_9.xlsx
LeNet_LSTM,43,21700,5,11,class_11,1,class_1,0,0.9902832508087158,2.175943109250511e-06,0.9902832508087158,2.427614890621044e-05,0.0011102657299488,0.0006662483210675,3.348754034959711e-05,0.0048541468568146,1.113230609917082e-05,1.875949419627432e-05,1.9414734197198413e-05,3.828781700576656e-06,0.0029730829410254,0.0029730829410254,0.9902832508087158,0.9854291039519012,/home/yaxin/datasets/TacAct-original/5_12_R_1.xlsx
LeNet_LSTM,43,21704,5,11,class_11,6,class_6,0,0.6380895376205444,0.0021406060550361,0.0001673495571594,0.0003190867137163,0.0080735571682453,0.0004299171268939,1.859045914898161e-05,0.6380895376205444,0.0366976521909236,0.0031586259137839,0.000709943647962,0.0004142269026488,0.3097810447216034,0.3097810447216034,0.6380895376205444,0.32830849289894104,/home/yaxin/datasets/TacAct-original/5_12_R_13.xlsx
LeNet_LSTM,43,21713,5,11,class_11,1,class_1,0,0.454177975654602,3.2173251383937895e-05,0.454177975654602,6.930367817403749e-05,0.0014252695254981,0.0012542748590931,0.002072061644867,0.0020496838260442,0.0010279326234012,0.0010389515664428,0.0837292671203613,0.0003165640810038,0.4528065323829651,0.4528065323829651,0.454177975654602,0.0013714432716369074,/home/yaxin/datasets/TacAct-original/5_12_R_3.xlsx
LeNet_LSTM,43,21734,5,0,class_0,9,class_9,0,0.9992844462394714,7.36020820113481e-06,1.600729774509091e-05,6.430456664929807e-07,1.124073696701089e-05,0.0001371824182569,2.340943865419831e-05,1.3125870282237884e-05,2.228711855423171e-05,6.321154614852276e-06,0.9992844462394714,1.1517239727254491e-05,0.0004664840525947,7.36020820113481e-06,0.9992844462394714,0.9988179621868767,/home/yaxin/datasets/TacAct-original/5_1_L_4.xlsx
LeNet_LSTM,43,21765,5,1,class_1,5,class_5,0,0.9999748468399048,1.768491642906156e-06,1.1009183253918309e-05,7.027603260212345e-06,7.664501566750914e-08,6.574820758942224e-07,0.9999748468399048,1.1089106521922076e-07,6.689446507834873e-08,9.02499763810738e-08,1.307332240685355e-06,5.40628377621033e-07,2.517239636290469e-06,1.1009183253918309e-05,0.9999748468399048,0.9999638376566509,/home/yaxin/datasets/TacAct-original/5_2_L_14.xlsx
LeNet_LSTM,43,21772,5,1,class_1,5,class_5,0,0.9999555349349976,3.037997430510586e-06,2.0861252778558992e-05,1.0622336958476808e-05,1.792405726064317e-07,1.2422638064890634e-06,0.9999555349349976,2.514902917027939e-07,1.2285811124002066e-07,1.503887006037985e-07,2.634940983625711e-06,1.0156317102882897e-06,4.339392944530118e-06,2.0861252778558992e-05,0.9999555349349976,0.999934673682219,/home/yaxin/datasets/TacAct-original/5_2_L_20.xlsx
LeNet_LSTM,43,21787,5,1,class_1,5,class_5,0,0.999897837638855,6.866676358185941e-06,3.559937977115624e-05,2.6144907678826712e-05,6.236211902432842e-07,2.8784520509361755e-06,0.999897837638855,7.399797254947771e-07,7.812240596649644e-07,4.185852446880745e-07,7.671173079870641e-06,5.415374289441388e-06,1.5069399523781613e-05,3.559937977115624e-05,0.999897837638855,0.9998622382590838,/home/yaxin/datasets/TacAct-original/5_2_R_16.xlsx
LeNet_LSTM,43,21788,5,1,class_1,5,class_5,0,0.9999325275421144,8.45134854898788e-06,2.0043116819579158e-05,2.0423914975253865e-05,4.256563386206836e-07,2.153204832211486e-06,0.9999325275421144,4.331096761234221e-07,4.356544707206922e-07,3.277978066762444e-07,4.560821707855212e-06,2.443006678731763e-06,7.856103366066236e-06,2.0043116819579158e-05,0.9999325275421144,0.9999121036271391,/home/yaxin/datasets/TacAct-original/5_2_R_17.xlsx
LeNet_LSTM,43,21790,5,1,class_1,5,class_5,0,0.9994969367980956,5.70841075386852e-06,0.0003599113551899,4.0927756344899535e-05,1.8701126691667012e-06,1.060318754753098e-05,0.9994969367980956,3.5969208056485517e-06,1.0583503353700507e-06,8.771112334216014e-07,2.4417295207967985e-05,1.04850560092018e-05,4.35304464190267e-05,0.0003599113551899,0.9994969367980956,0.9991370254429057,/home/yaxin/datasets/TacAct-original/5_2_R_19.xlsx
LeNet_LSTM,43,21795,5,1,class_1,5,class_5,0,0.9999074935913086,6.760703399777412e-06,3.185972309438512e-05,2.3116343072615564e-05,4.582897759064508e-07,2.30296154768439e-06,0.9999074935913086,6.528921971948876e-07,4.993215725335176e-07,3.534239567670739e-07,7.533576081186766e-06,4.210850875097094e-06,1.4805129467276856e-05,3.185972309438512e-05,0.9999074935913086,0.9998756338682142,/home/yaxin/datasets/TacAct-original/5_2_R_5.xlsx
LeNet_LSTM,43,21796,5,1,class_1,5,class_5,0,0.9920294284820556,4.093397728865966e-05,0.0069306674413383,0.00035529883462,2.6862673621508293e-05,0.0002240688772872,0.9920294284820556,4.349917435320094e-05,1.4963925423217006e-05,2.9903114864282543e-06,6.952851254027337e-05,8.020224777283147e-05,0.0001814170682337,0.0069306674413383,0.9920294284820556,0.9850987610407173,/home/yaxin/datasets/TacAct-original/5_2_R_6.xlsx
LeNet_LSTM,43,21845,5,3,class_3,6,class_6,0,0.9606834053993224,4.121139136259444e-05,0.0003813814546447,4.065531902597286e-05,0.0379470773041248,0.0001804703206289,2.714263064262923e-05,0.9606834053993224,4.342595275375061e-05,3.312606713734567e-05,8.249489837908186e-06,1.9419563614064828e-05,0.0005943551659584,0.0379470773041248,0.9606834053993224,0.9227363280951976,/home/yaxin/datasets/TacAct-original/5_4_L_14.xlsx
LeNet_LSTM,43,21852,5,3,class_3,6,class_6,0,0.997958779335022,5.508040703716688e-05,3.236839984310791e-05,8.780809366726317e-06,0.0017412728630006,9.71644331002608e-05,4.083311523572775e-06,0.997958779335022,1.0767443200165872e-05,1.006175716611324e-05,4.5544898057414684e-06,6.6292527662881184e-06,7.038377952994779e-05,0.0017412728630006,0.997958779335022,0.9962175064720213,/home/yaxin/datasets/TacAct-original/5_4_L_20.xlsx
LeNet_LSTM,43,21854,5,3,class_3,6,class_6,0,0.9994309544563292,4.652051575249061e-05,4.4021009671268985e-05,8.762687684793491e-06,0.0003111806581728,7.883907528594136e-05,2.917904339483357e-06,0.9994309544563292,4.3985987758787815e-06,7.2481147981307e-06,1.7266359009227017e-06,3.3905464533745544e-06,6.001496876706369e-05,0.0003111806581728,0.9994309544563292,0.9991197737981564,/home/yaxin/datasets/TacAct-original/5_4_L_4.xlsx
LeNet_LSTM,43,21858,5,3,class_3,6,class_6,0,0.9984444975852966,0.0003307829902041,5.3941865189699456e-05,1.4605982869397849e-05,0.0003985256771557,0.0005929710459895,9.563302228343671e-06,0.9984444975852966,1.2131659786973614e-05,3.372544961166568e-05,9.54463303060038e-06,1.0123359061253724e-05,8.960168634075671e-05,0.0003985256771557,0.9984444975852966,0.9978515265393071,/home/yaxin/datasets/TacAct-original/5_4_L_8.xlsx
LeNet_LSTM,43,21859,5,3,class_3,6,class_6,0,0.9994885921478271,5.43466376257129e-05,2.435067835904192e-05,6.370866685756482e-06,0.000279586209217,7.248730980791152e-05,2.615393896121532e-06,0.9994885921478271,5.113070528750541e-06,6.440034667321015e-06,2.358250640099868e-06,2.774252607196104e-06,5.487185626407154e-05,0.000279586209217,0.9994885921478271,0.9992090059386102,/home/yaxin/datasets/TacAct-original/5_4_L_9.xlsx
LeNet_LSTM,43,21863,5,3,class_3,6,class_6,0,0.9993698000907898,1.8406313756713644e-05,8.44900932861492e-06,2.6515899662626907e-06,0.0005019060918129,2.8061245757271536e-05,1.6078457747426e-06,0.9993698000907898,1.6926906027947553e-06,5.138383585290285e-06,1.0456756172061432e-06,9.092345862882212e-07,6.031279917806387e-05,0.0005019060918129,0.9993698000907898,0.9988678939989769,/home/yaxin/datasets/TacAct-original/5_4_R_12.xlsx
LeNet_LSTM,43,21865,5,3,class_3,6,class_6,0,0.9997183680534364,1.9110751964035444e-05,7.760885637253523e-06,1.8467576410330368e-06,0.0001769451628206,3.15558172587771e-05,1.3270740737425513e-06,0.9997183680534364,1.1010753269147244e-06,3.2948460102488752e-06,9.813668384595076e-07,7.628271418980148e-07,3.686139461933635e-05,0.0001769451628206,0.9997183680534364,0.9995414228906158,/home/yaxin/datasets/TacAct-original/5_4_R_14.xlsx
LeNet_LSTM,43,21867,5,3,class_3,6,class_6,0,0.9968175888061525,2.684558967303019e-05,1.4790294699196238e-05,3.8692037378496025e-06,0.0029649743810296,2.971604044432752e-05,1.834590989346907e-06,0.9968175888061525,6.294771083048545e-06,7.610901775478851e-06,2.6081909254571656e-06,2.609690909594065e-06,0.0001211521521327,0.0029649743810296,0.9968175888061525,0.9938526144251228,/home/yaxin/datasets/TacAct-original/5_4_R_16.xlsx
LeNet_LSTM,43,21872,5,3,class_3,6,class_6,0,0.9810521602630616,0.00122588314116,1.9384162442293015e-05,3.10796094709076e-05,0.0013793428661301,0.0002493101346772,6.500917606899748e-06,0.9810521602630616,0.0001851233682828,0.0001481146464357,3.4002783650066704e-05,1.8147740775020796e-05,0.0156509429216384,0.0013793428661301,0.9810521602630616,0.9654012173414233,/home/yaxin/datasets/TacAct-original/5_4_R_20.xlsx
LeNet_LSTM,43,21873,5,3,class_3,0,class_0,0,0.9972163438796996,0.9972163438796996,2.36406367548625e-06,3.963256676797755e-05,4.085271575604565e-05,0.0023397649638354,6.450173259509029e-06,0.0002723538782447,1.0189885870204309e-05,1.920089380291756e-05,1.7419371943105944e-05,3.1455470889341086e-05,3.888897481374443e-06,4.085271575604565e-05,0.9972163438796996,0.9948765789158642,/home/yaxin/datasets/TacAct-original/5_4_R_3.xlsx
LeNet_LSTM,43,21874,5,3,class_3,6,class_6,0,0.9975402355194092,0.0006903781322762,3.981753616244532e-05,1.2123319720558356e-05,0.0002554267703089,0.0012218568008393,4.345038178144023e-06,0.9975402355194092,1.5163098396442363e-05,6.07247457082849e-05,1.3451118320517708e-05,7.070525953167817e-06,0.0001395142753608,0.0002554267703089,0.9975402355194092,0.9963183787185699,/home/yaxin/datasets/TacAct-original/5_4_R_4.xlsx
LeNet_LSTM,43,21877,5,3,class_3,6,class_6,0,0.9959866404533386,4.252858343534172e-05,1.888209772005212e-05,9.42611131904414e-06,0.003547976957634,2.745388519542757e-05,1.9285287180537125e-06,0.9959866404533386,1.482911375205731e-05,2.2427560907090083e-05,2.380556907155551e-06,4.110653208044823e-06,0.0003214063181076,0.003547976957634,0.9959866404533386,0.9924386634957046,/home/yaxin/datasets/TacAct-original/5_4_R_7.xlsx
LeNet_LSTM,43,21878,5,3,class_3,6,class_6,0,0.9995368719100952,2.1115713025210425e-05,1.25160868265084e-05,2.633383019201574e-06,0.0003077154979109,4.962062666891143e-05,1.7531093590150704e-06,0.9995368719100952,1.7116999515565112e-06,5.540061920328299e-06,1.1191878002136946e-06,1.2727518878818955e-06,5.809826325275935e-05,0.0003077154979109,0.9995368719100952,0.9992291564121843,/home/yaxin/datasets/TacAct-original/5_4_R_8.xlsx
LeNet_LSTM,43,21879,5,3,class_3,6,class_6,0,0.8998886346817017,0.0059696650132536,0.0005899831885471,0.000109666136268,0.0008411447051912,0.0856425985693931,6.293513433774933e-05,0.8998886346817017,0.0001336934365099,0.000999100273475,0.0004813248233404,4.57659043604508e-05,0.0052354950457811,0.0008411447051912,0.8998886346817017,0.8142460361123085,/home/yaxin/datasets/TacAct-original/5_4_R_9.xlsx
LeNet_LSTM,43,21888,5,4,class_4,0,class_0,0,0.9999493360519408,0.9999493360519408,1.5672713971071064e-07,8.515324225299992e-06,2.2158759804824518e-07,1.4543452380166856e-05,1.1219798352612995e-06,7.094127340678824e-06,1.8279625635386765e-07,1.7767255485523492e-05,1.8630242948347586e-07,1.1106096309276837e-07,7.635303518327419e-07,1.4543452380166856e-05,0.9999493360519408,0.9999315687964553,/home/yaxin/datasets/TacAct-original/5_5_L_17.xlsx
LeNet_LSTM,43,21961,5,6,class_6,3,class_3,0,0.8944507241249084,3.22514074468927e-06,2.1511819795705375e-05,5.52552455701516e-06,0.8944507241249084,2.491020677553024e-05,1.5677943565606256e-06,0.1053377911448478,2.288377800141461e-05,4.299959982745349e-06,9.007341759570409e-06,4.111173893761588e-06,0.0001144017587648,0.1053377911448478,0.8944507241249084,0.7891129329800607,/home/yaxin/datasets/TacAct-original/5_7_L_10.xlsx
LeNet_LSTM,43,21977,5,6,class_6,3,class_3,0,0.9974410533905028,3.5223425243202655e-07,5.453552603285061e-06,2.0291208784328774e-06,0.9974410533905028,1.8336090761295052e-06,1.9591762168147403e-07,0.002482279902324,1.7685661077848636e-05,6.266440664148831e-07,1.5330139149227762e-06,1.5392475916087278e-06,4.547365460894071e-05,0.002482279902324,0.9974410533905028,0.9949587734881788,/home/yaxin/datasets/TacAct-original/5_7_L_7.xlsx
LeNet_LSTM,43,21981,5,6,class_6,4,class_4,0,0.9862106442451476,0.0006668892456218,6.322554690996185e-05,5.376914032240165e-06,8.231237734435126e-05,0.9862106442451476,7.593457848997787e-05,0.0022471426054835,3.743061461136677e-05,7.225274748634547e-05,0.0103952819481492,1.1369808817107696e-05,0.0001322629832429,0.0022471426054835,0.9862106442451476,0.9758153622969984,/home/yaxin/datasets/TacAct-original/5_7_R_10.xlsx
LeNet_LSTM,43,21984,5,6,class_6,3,class_3,0,0.9937319159507751,2.2286392322712345e-06,1.902537769638002e-05,1.7672745116215085e-06,0.9937319159507751,7.11760512785986e-05,1.133660248342494e-06,0.0060535450465977,2.2312584405881356e-05,4.44968645751942e-06,8.327860086865257e-06,2.365842192375567e-06,8.190664811991155e-05,0.0060535450465977,0.9937319159507751,0.9876783709041774,/home/yaxin/datasets/TacAct-original/5_7_R_13.xlsx
LeNet_LSTM,43,21988,5,6,class_6,3,class_3,0,0.6411108374595642,1.5305038687074557e-05,3.52753049810417e-05,9.403864169144072e-06,0.6411108374595642,3.851956353173591e-05,1.7069226032617737e-06,0.358632743358612,3.753701093955897e-05,7.260611710080411e-06,8.578212145948783e-06,1.5103581063158344e-05,8.770394924795255e-05,0.358632743358612,0.6411108374595642,0.2824780941009522,/home/yaxin/datasets/TacAct-original/5_7_R_17.xlsx
LeNet_LSTM,43,22004,5,7,class_7,8,class_8,0,0.2925277352333069,0.0993299037218093,0.0025637822691351,0.0400992259383201,0.0050882170908153,0.0054473280906677,0.0862420871853828,0.0052417330443859,0.0554743260145187,0.2925277352333069,0.0460664071142673,0.2825902104377746,0.0793290734291076,0.0554743260145187,0.2925277352333069,0.009937524795532282,/home/yaxin/datasets/TacAct-original/5_8_L_13.xlsx
LeNet_LSTM,43,22010,5,7,class_7,10,class_10,0,0.8685081005096436,0.0003349021135363,0.0002340936334803,0.0003908094076905,0.0015467886114493,0.0001828665699576,0.0002946045424323,7.253943476825953e-05,0.1237240433692932,0.0006941106985323,0.000839781074319,0.8685081005096436,0.0031772565562278,0.1237240433692932,0.8685081005096436,0.7447840571403503,/home/yaxin/datasets/TacAct-original/5_8_L_19.xlsx
LeNet_LSTM,43,22026,5,7,class_7,8,class_8,0,0.6615419387817383,0.0161015037447214,0.0058816652745008,0.0184964798390865,0.0023200635332614,0.0035983964335173,0.0416363030672073,0.00202819542028,0.1095676124095916,0.6615419387817383,0.024361016228795,0.0200449507683515,0.0944218337535858,0.1095676124095916,0.6615419387817383,0.5519743263721467,/home/yaxin/datasets/TacAct-original/5_8_R_15.xlsx
LeNet_LSTM,43,22046,5,8,class_8,0,class_0,0,0.9957626461982728,0.9957626461982728,6.692323040624615e-06,0.0032858895137906,7.756378181511536e-06,0.0001133291298174,1.099285509553738e-05,1.3626348845718894e-05,6.560453584825154e-06,0.0007828350644558,3.857758656522492e-06,4.799286216439214e-06,9.310596169598284e-07,0.0007828350644558,0.9957626461982728,0.9924767566844822,/home/yaxin/datasets/TacAct-original/5_9_L_15.xlsx
LeNet_LSTM,43,22060,5,8,class_8,0,class_0,0,0.9422534108161926,0.9422534108161926,2.413960828562267e-06,0.0002489242178853,7.479111900465796e-06,6.835734529886395e-05,5.195083576836623e-05,4.267665281076916e-05,4.744376565213315e-05,0.0563974268734455,8.48986837809207e-06,1.9273207726655528e-05,0.0008520549163222,0.0563974268734455,0.9422534108161926,0.8858559839427471,/home/yaxin/datasets/TacAct-original/5_9_R_1.xlsx
LeNet_LSTM,43,22068,5,8,class_8,5,class_5,0,0.9999853372573853,2.8308372748142574e-06,2.396708396190661e-06,5.758162387792254e-06,2.013182864857299e-08,5.189730245547253e-07,0.9999853372573853,3.5986193580583865e-08,6.190285262164252e-08,4.571943463815842e-07,7.702579409851751e-07,3.0054619060138066e-07,1.435918079550902e-06,4.571943463815842e-07,0.9999853372573853,0.9999795790949975,/home/yaxin/datasets/TacAct-original/5_9_R_17.xlsx
LeNet_LSTM,43,22072,5,8,class_8,0,class_0,0,0.999887228012085,0.999887228012085,5.411757229012437e-07,2.1407846361398697e-05,1.008364733934286e-06,5.865198909305036e-05,2.1349565031414386e-06,8.669636372360401e-06,1.2462357972253812e-06,1.643347968638409e-05,9.159689966509176e-07,1.2800549029634567e-06,4.77176115509792e-07,1.643347968638409e-05,0.999887228012085,0.9998285760229919,/home/yaxin/datasets/TacAct-original/5_9_R_20.xlsx
