model,seed,sample_id,subject_id,true_label,true_class,pred_label,pred_class,correct,top1_confidence,prob_0,prob_1,prob_2,prob_3,prob_4,prob_5,prob_6,prob_7,prob_8,prob_9,prob_10,prob_11
TCN,43,0,10,9,class_9,10,class_10,0,1.0,1.1278761537375565e-34,1.5352911663547423e-27,2.2178237424666338e-33,1.4593906524324302e-27,3.566092275931655e-35,2.324656376331692e-27,0.0,2.136709476019405e-09,7.654849349606873e-15,4.111427998054751e-08,1.0,3.882867960381225e-32
TCN,43,1,10,9,class_9,9,class_9,1,1.0,0.0,0.0,0.0,0.0,0.0,0.0,0.0,0.0,0.0,1.0,0.0,0.0
TCN,43,2,10,9,class_9,9,class_9,1,1.0,0.0,0.0,0.0,0.0,0.0,0.0,0.0,5.584896329303216e-38,8.596079104738387e-30,1.0,1.655408558183913e-29,0.0
TCN,43,3,10,9,class_9,9,class_9,1,1.0,1.7890483992718228e-38,8.483644116272207e-33,3.678408468852645e-42,5.000814771308543e-36,3.1410060676118806e-29,1.0286932026608482e-41,1.401298464324817e-45,6.283125648791557e-23,4.1193281090703134e-25,1.0,3.0568793411551695e-28,3.7466741248406926e-39
TCN,43,4,10,9,class_9,9,class_9,1,1.0,0.0,0.0,0.0,0.0,0.0,0.0,0.0,0.0,0.0,1.0,0.0,0.0
TCN,43,5,10,9,class_9,9,class_9,1,1.0,0.0,0.0,0.0,0.0,0.0,0.0,0.0,1.075818982119969e-37,5.699300605989365e-33,1.0,5.239614540221686e-34,0.0
TCN,43,6,10,9,class_9,9,class_9,1,1.0,0.0,0.0,0.0,0.0,0.0,0.0,0.0,3.1748238397282353e-40,0.0,1.0,0.0,0.0
TCN,43,7,10,9,class_9,9,class_9,1,1.0,0.0,0.0,0.0,0.0,0.0,0.0,0.0,0.0,1.401298464324817e-45,1.0,3.241203347983302e-42,0.0
TCN,43,8,10,9,class_9,9,class_9,1,1.0,2.891089799632709e-31,6.805532059422981e-23,1.0253973138757128e-33,9.646248069511775e-34,2.092659702639981e-26,7.984634113677943e-29,4.431621247190956e-38,5.841791419635041e-15,1.5625976460674647e-16,1.0,7.589848938475455e-26,7.829378948157495e-32
TCN,43,9,10,9,class_9,9,class_9,1,0.9552549719810486,5.359210279804664e-16,7.240322785762032e-10,2.970342248662274e-20,3.385442459409669e-17,6.7569075334894535e-12,2.958816525122643e-10,3.7881663599854953e-22,2.724524945929563e-11,2.056216908385977e-05,0.9552549719810486,0.04472446069121361,1.4981418333238512e-19
TCN,43,10,10,9,class_9,9,class_9,1,1.0,0.0,2.0155362330583277e-31,0.0,0.0,1.692488285211514e-41,0.0,0.0,3.575546334467246e-27,7.576274733856521e-28,1.0,4.787043152038469e-25,2.284116496849452e-43
TCN,43,11,10,9,class_9,9,class_9,1,1.0,0.0,0.0,0.0,0.0,0.0,0.0,0.0,5.079706933177462e-42,0.0,1.0,0.0,0.0
TCN,43,12,10,9,class_9,9,class_9,1,1.0,0.0,0.0,0.0,0.0,0.0,0.0,0.0,0.0,0.0,1.0,4.203895392974451e-45,0.0
TCN,43,13,10,9,class_9,9,class_9,1,1.0,6.62347132586997e-33,9.898289006245822e-23,1.1035385154582867e-38,1.3450592961340323e-34,7.915428228538818e-29,1.1504287705009254e-34,5.605193857299268e-45,3.727979202178554e-19,9.99073455462316e-16,1.0,3.2705100663333993e-19,2.730649490914965e-30
TCN,43,14,10,9,class_9,9,class_9,1,1.0,0.0,0.0,0.0,0.0,0.0,0.0,0.0,0.0,0.0,1.0,0.0,0.0
TCN,43,15,10,9,class_9,9,class_9,1,1.0,5.441477355115271e-36,3.1610905076663014e-30,2.2420775429197073e-44,3.08644664136599e-25,2.3988802526816183e-26,2.230264596865449e-40,1.1708823076334e-36,1.6993892083608444e-24,1.6139248966802484e-21,1.0,9.996738135349323e-20,4.638394638346684e-34
TCN,43,16,10,9,class_9,9,class_9,1,1.0,7.006492321624085e-45,6.83930457830842e-33,0.0,1.1438149161796035e-37,2.551756083798917e-32,3.9394283338024285e-40,0.0,2.2517764909341568e-27,6.412002569782709e-26,1.0,2.7740402200471348e-24,4.624284932271896e-44
TCN,43,17,10,9,class_9,10,class_10,0,0.9985628724098206,1.227276413828804e-08,9.573268844320637e-10,3.9578709754017893e-10,2.1957931553204767e-14,4.2567739020086745e-14,5.672853876603767e-05,2.2176701882789015e-19,9.527555988597669e-08,0.0013719657436013222,8.263999916380271e-06,0.9985628724098206,1.2788761782694339e-14
TCN,43,18,10,9,class_9,9,class_9,1,1.0,0.0,0.0,0.0,0.0,0.0,0.0,0.0,0.0,0.0,1.0,0.0,0.0
TCN,43,19,10,9,class_9,9,class_9,1,1.0,0.0,2.9328503696956935e-35,0.0,6.761386723073946e-38,3.9425401678591923e-32,2.382207389352189e-44,0.0,1.653596491324324e-30,9.193764229125846e-29,1.0,1.406833122030171e-26,1.0369608636003646e-43
TCN,43,20,10,9,class_9,10,class_10,0,1.0,1.1278761537375565e-34,1.5352911663547423e-27,2.2178237424666338e-33,1.4593906524324302e-27,3.566092275931655e-35,2.324656376331692e-27,0.0,2.136709476019405e-09,7.654849349606873e-15,4.111427998054751e-08,1.0,3.882867960381225e-32
TCN,43,21,10,9,class_9,9,class_9,1,1.0,0.0,0.0,0.0,0.0,0.0,0.0,0.0,0.0,0.0,1.0,0.0,0.0
TCN,43,22,10,9,class_9,9,class_9,1,1.0,0.0,0.0,0.0,0.0,0.0,0.0,0.0,5.584896329303216e-38,8.596079104738387e-30,1.0,1.655408558183913e-29,0.0
TCN,43,23,10,9,class_9,9,class_9,1,1.0,1.7890483992718228e-38,8.483644116272207e-33,3.678408468852645e-42,5.000814771308543e-36,3.1410060676118806e-29,1.0286932026608482e-41,1.401298464324817e-45,6.283125648791557e-23,4.1193281090703134e-25,1.0,3.0568793411551695e-28,3.7466741248406926e-39
TCN,43,24,10,9,class_9,9,class_9,1,1.0,0.0,0.0,0.0,0.0,0.0,0.0,0.0,0.0,0.0,1.0,0.0,0.0
TCN,43,25,10,9,class_9,9,class_9,1,1.0,1.2611686178923354e-44,1.5832645164513486e-28,0.0,1.875971503533277e-39,5.561019324509893e-39,0.0,0.0,4.9662104044021e-23,3.2300407718521253e-19,1.0,8.395187757639188e-23,1.623799369824914e-36
TCN,43,26,10,9,class_9,9,class_9,1,1.0,0.0,0.0,0.0,0.0,0.0,0.0,0.0,3.1748238397282353e-40,0.0,1.0,0.0,0.0
TCN,43,27,10,9,class_9,9,class_9,1,1.0,0.0,0.0,0.0,0.0,0.0,0.0,0.0,0.0,1.401298464324817e-45,1.0,3.241203347983302e-42,0.0
TCN,43,28,10,9,class_9,9,class_9,1,1.0,3.3047995115811644e-33,1.598296151033433e-20,1.5761422000515008e-35,4.3964149685213206e-37,1.4241673728351985e-24,4.461443799562875e-29,1.06615621645534e-38,5.610370553778422e-23,5.449218647757866e-16,1.0,4.300124970570428e-24,1.3692071681993784e-30
TCN,43,29,10,9,class_9,9,class_9,1,0.9905400276184082,7.549021852071292e-09,0.0010518005583435297,3.6913494483314935e-10,1.0504433694408233e-12,8.672079275129363e-06,0.0002800533839035779,1.7420327333428354e-12,1.16237924885354e-06,0.003835835261270404,0.9905400276184082,0.004282501991838217,2.595673120886488e-10
TCN,43,30,10,9,class_9,9,class_9,1,1.0,0.0,7.047568975872409e-37,0.0,0.0,1.401298464324817e-45,0.0,0.0,5.920530699929233e-32,5.012742844816038e-32,1.0,1.913624004358986e-29,0.0
TCN,43,31,10,9,class_9,9,class_9,1,1.0,0.0,0.0,0.0,0.0,0.0,0.0,0.0,5.079706933177462e-42,0.0,1.0,0.0,0.0
TCN,43,32,10,9,class_9,9,class_9,1,1.0,0.0,0.0,0.0,0.0,0.0,0.0,0.0,0.0,0.0,1.0,4.203895392974451e-45,0.0
TCN,43,33,10,9,class_9,9,class_9,1,1.0,6.62347132586997e-33,9.898289006245822e-23,1.1035385154582867e-38,1.3450592961340323e-34,7.915428228538818e-29,1.1504287705009254e-34,5.605193857299268e-45,3.727979202178554e-19,9.99073455462316e-16,1.0,3.2705100663333993e-19,2.730649490914965e-30
TCN,43,34,10,9,class_9,9,class_9,1,1.0,0.0,0.0,0.0,0.0,0.0,0.0,0.0,3.1593675176667326e-41,0.0,1.0,0.0,0.0
TCN,43,35,10,9,class_9,9,class_9,1,1.0,5.441477355115271e-36,3.1610905076663014e-30,2.2420775429197073e-44,3.08644664136599e-25,2.3988802526816183e-26,2.230264596865449e-40,1.1708823076334e-36,1.6993892083608444e-24,1.6139248966802484e-21,1.0,9.996738135349323e-20,4.638394638346684e-34
TCN,43,36,10,9,class_9,9,class_9,1,1.0,1.924515001837151e-31,3.962207251032507e-21,1.189267838536063e-34,1.5437825914795456e-28,4.118755220926002e-21,7.269156796757296e-27,1.2020294138765477e-34,8.900915755468068e-21,1.8468658405457237e-17,1.0,2.3304371362488415e-19,4.956384355913039e-32
TCN,43,37,10,9,class_9,9,class_9,1,0.9998369216918945,4.3182036531315955e-20,2.637211839694436e-14,6.255550128381038e-25,5.367212689748298e-18,3.1851294244236226e-17,7.385110198776304e-17,7.837268998422203e-26,1.74897626221103e-13,0.00012076804705429822,0.9998369216918945,4.233712388668209e-05,6.069231757248269e-21
TCN,43,38,10,9,class_9,9,class_9,1,1.0,0.0,0.0,0.0,0.0,0.0,0.0,0.0,1.0243463748245126e-39,4.684358597437501e-40,1.0,2.3636464248142294e-32,0.0
TCN,43,39,10,9,class_9,9,class_9,1,1.0,0.0,2.9328503696956935e-35,0.0,6.761386723073946e-38,3.9425401678591923e-32,2.382207389352189e-44,0.0,1.653596491324324e-30,9.193764229125846e-29,1.0,1.406833122030171e-26,1.0369608636003646e-43
TCN,43,40,10,10,class_10,10,class_10,1,1.0,0.0,0.0,0.0,0.0,0.0,8.927868697998415e-39,0.0,1.9778062216087982e-29,0.0,1.401298464324817e-45,1.0,0.0
TCN,43,41,10,10,class_10,10,class_10,1,1.0,1.1690319787931458e-33,7.499709794227858e-33,1.8414661767762724e-36,3.120342466192787e-31,2.0552583934737728e-38,6.27045691290772e-31,9.388699710976274e-44,1.2125797056988102e-13,1.6502789870180772e-26,5.626264444410724e-26,1.0,1.4226177164462781e-27
TCN,43,42,10,10,class_10,10,class_10,1,0.9995203018188477,3.0844083430389976e-28,6.526553583858556e-21,1.7407157894185674e-28,1.1991148518571456e-31,2.2569510343697533e-31,1.2036823373611658e-19,4.4335682112772887e-41,0.0004796694847755134,5.302656309419786e-19,6.205862768955136e-21,0.9995203018188477,1.1539053983694357e-28
TCN,43,43,10,10,class_10,10,class_10,1,0.9996308088302612,0.0,1.2463148541704923e-40,0.0,6.674237168980657e-38,0.0,0.0,0.0,0.00036913310759700835,3.257082826495438e-24,3.927338494616471e-24,0.9996308088302612,6.111099358243129e-27
TCN,43,44,10,10,class_10,10,class_10,1,0.9988962411880493,1.9739353411338187e-22,1.6217860771018929e-19,3.656974878697151e-23,3.82982297166579e-20,6.295102135054622e-25,1.660776721614743e-20,1.079537148292347e-30,0.0011037298245355487,4.762167223060221e-12,1.1989135378920324e-11,0.9988962411880493,4.180408274852635e-18
TCN,43,45,10,10,class_10,7,class_7,0,0.9903057813644409,5.184458700698393e-15,8.966052726655516e-13,2.7077262697917054e-17,1.2565868450756159e-14,2.730453586517192e-16,3.382110740014939e-14,9.695125263844223e-22,0.9903057813644409,8.379004157177405e-09,1.9599292500060983e-07,0.009693952277302742,3.2080722355953134e-14
TCN,43,46,10,10,class_10,7,class_7,0,1.0,2.474693087997627e-42,7.721778732817691e-37,5.997557427310217e-43,3.417995197982098e-36,0.0,1.5414283107572988e-44,0.0,1.0,3.7279554785436704e-24,1.0033628507500435e-22,2.4123470582226858e-11,3.224832834946632e-34
TCN,43,47,10,10,class_10,7,class_7,0,1.0,8.42487591905132e-35,9.424753345344913e-30,1.6454937838766863e-35,4.787224620952767e-33,1.5285363648855105e-41,4.272903849252468e-37,0.0,1.0,2.0549458025192438e-22,2.445977271845851e-20,3.038058086352047e-13,6.0952677147737756e-33
TCN,43,48,10,10,class_10,10,class_10,1,1.0,7.890305276058391e-39,5.327953973835313e-35,1.2708049270419578e-38,1.0386100320094285e-31,9.80908925027372e-44,1.7979031482159528e-36,0.0,1.3164645373819894e-08,8.728623081161222e-21,2.1811872762906348e-22,1.0,1.6058519740246227e-25
TCN,43,49,10,10,class_10,10,class_10,1,1.0,3.5403739793851575e-23,5.1500743176586684e-23,5.272845686971301e-24,8.759317357835721e-27,3.516138521623694e-28,1.7856702019881958e-19,3.863289734626295e-33,1.2712447761131784e-10,7.532876637048707e-20,2.0727237738276963e-21,1.0,4.9439433854026076e-23
TCN,43,50,10,10,class_10,7,class_7,0,0.999387264251709,5.639404172963978e-32,1.0007790196853871e-24,1.418893269048466e-31,7.053019693934428e-27,2.68601521010817e-35,5.337087409004529e-30,1.401298464324817e-45,0.999387264251709,4.391518415656275e-18,4.318607076871156e-17,0.0006126941880211234,5.756732177372964e-25
TCN,43,51,10,10,class_10,10,class_10,1,1.0,0.0,0.0,0.0,1.056579042100912e-42,0.0,0.0,0.0,1.5244469159341513e-21,2.9678716747259604e-37,2.4076947372073383e-30,1.0,1.7780395895170629e-31
TCN,43,52,10,10,class_10,7,class_7,0,1.0,3.785438524519003e-37,3.0371132931496237e-32,9.758104406947725e-39,2.5092645224109845e-39,4.203895392974451e-44,4.067694563228182e-37,0.0,1.0,2.4386340118317155e-29,1.123848593211335e-25,1.3123180351592864e-19,1.929223624456942e-34
TCN,43,53,10,10,class_10,7,class_7,0,1.0,0.0,1.027618406738711e-39,0.0,2.802596928649634e-44,0.0,0.0,0.0,1.0,2.250277752940135e-31,7.689886785723382e-29,4.009601895296755e-13,1.883702467160957e-39
TCN,43,54,10,10,class_10,10,class_10,1,1.0,1.7220734806283682e-31,1.2334428143246044e-28,1.672058796782131e-33,4.8820002488873555e-32,1.527749255762307e-34,1.692048108219903e-23,9.088093164409315e-40,6.9232081242735e-15,1.2847949109216467e-22,7.910779515135553e-29,1.0,4.905136530885268e-29
TCN,43,55,10,10,class_10,10,class_10,1,1.0,7.540403325677336e-29,3.176445405445104e-28,1.1220005632813383e-28,3.44081408028714e-34,2.3363284561196164e-35,2.7048075785099485e-20,2.8768657472588494e-42,7.202018759741146e-15,1.7564456440908303e-25,3.317176438340283e-26,1.0,3.8141794173588633e-31
TCN,43,56,10,10,class_10,7,class_7,0,0.7245281338691711,7.032690552424251e-23,1.7566123810449736e-19,3.504861796460387e-22,1.1477273625224923e-22,6.394686456615525e-26,3.172950885624035e-18,7.157884026696903e-34,0.7245281338691711,2.8511473238769514e-13,3.5169662943879685e-16,0.27547183632850647,2.1628000308848396e-17
TCN,43,57,10,10,class_10,10,class_10,1,1.0,8.115077950664398e-29,5.009584757705842e-26,6.163500562717362e-31,1.0067353859672489e-32,2.3429095289713734e-32,1.6825440117458186e-20,1.7390926695380288e-38,2.816166624983879e-13,2.763893760133272e-21,3.6556531718327372e-25,1.0,1.7510283982040192e-23
TCN,43,58,10,10,class_10,7,class_7,0,1.0,4.232324431123444e-33,1.7604340620423115e-28,1.2424778989818541e-34,5.030025715078212e-30,5.630760828040567e-38,3.568938143163221e-34,5.324934164434305e-44,1.0,5.681825459058861e-18,1.936666586165175e-16,1.958044421046523e-10,4.8256350287087374e-26
TCN,43,59,10,10,class_10,10,class_10,1,1.0,0.0,1.8361073648201646e-40,0.0,4.664922587737316e-42,0.0,1.7895748390789004e-37,0.0,1.3607230677928469e-18,5.679797238653431e-30,3.770806967197703e-31,1.0,8.970226778483647e-33
TCN,43,60,10,10,class_10,10,class_10,1,1.0,7.795787433841222e-33,5.649200531294748e-30,9.348140061872728e-35,1.8438659286914472e-33,4.845952412707739e-38,7.127610344382963e-26,2.2420775429197073e-44,9.77762821193447e-17,4.8327063501297474e-27,7.809127371704575e-24,1.0,2.989674984353122e-31
TCN,43,61,10,10,class_10,10,class_10,1,1.0,2.367112602294482e-39,4.500104104440974e-38,7.50859157437631e-40,5.7373923544236715e-40,1.401298464324817e-45,8.230008581816046e-32,0.0,5.046913053726434e-18,8.28967799749493e-34,1.287033841447197e-34,1.0,2.4570673092848197e-36
TCN,43,62,10,10,class_10,10,class_10,1,0.9741880893707275,3.821170129314731e-21,2.791882136387748e-17,3.35858146695428e-25,2.7340833873939726e-17,2.5088912034809886e-22,2.4696482082967922e-20,6.880243748251471e-27,0.025811826810240746,3.941825338360516e-11,7.043794170158435e-08,0.9741880893707275,7.134171420666077e-15
TCN,43,63,10,10,class_10,10,class_10,1,1.0,0.0,0.0,0.0,0.0,0.0,0.0,0.0,6.826039050856835e-25,4.006928880828955e-40,3.2376720758532033e-40,1.0,3.2369994525903274e-43
TCN,43,64,10,10,class_10,10,class_10,1,1.0,7.539442678780002e-32,9.281671067998135e-32,4.811354213897287e-33,8.682074542188718e-34,8.744840901677558e-39,5.0312310023374936e-24,2.7227229161831196e-42,4.133780186441082e-17,2.973653889727121e-28,3.3340134849349753e-32,1.0,2.5245215253824555e-31
TCN,43,65,10,10,class_10,10,class_10,1,0.9999921321868896,5.496730032506974e-25,1.8576925846727954e-22,2.0658663193280613e-26,7.527200317092164e-24,4.647425341317884e-27,8.864115911732261e-21,2.3645737429202343e-33,7.82800907472847e-06,1.549147325347883e-17,1.0383630282626893e-18,0.9999921321868896,1.230556672098093e-21
TCN,43,66,10,10,class_10,10,class_10,1,1.0,2.744653139732344e-23,3.096480312740192e-19,1.295704899642127e-25,2.2968844881040434e-24,7.506004733904523e-26,7.561851564154794e-17,2.8076859739898893e-29,5.7860362334682947e-11,2.8458970303874606e-17,1.8333865033642293e-19,1.0,9.376251475556485e-19
TCN,43,67,10,10,class_10,10,class_10,1,0.9999998807907104,7.42688186092153e-43,1.7024484366783195e-35,2.687690454574999e-42,1.9007800915456835e-39,0.0,1.7212028234163716e-35,0.0,1.5198732228327572e-07,5.206084462518156e-26,3.443025703781626e-23,0.9999998807907104,1.594383643528771e-31
TCN,43,68,10,10,class_10,10,class_10,1,1.0,0.0,0.0,0.0,0.0,0.0,0.0,0.0,7.692971162529318e-28,8.407790785948902e-45,1.401298464324817e-45,1.0,1.2118429119481018e-40
TCN,43,69,10,10,class_10,10,class_10,1,1.0,1.9552652439109085e-35,2.490532278879162e-34,4.986353998938423e-37,7.665294887601478e-34,2.2944861054854555e-41,2.2098536777097076e-31,0.0,1.8203368500058215e-12,4.8238314338344177e-26,3.3567502927631564e-27,1.0,1.0703053987061868e-29
TCN,43,70,10,10,class_10,10,class_10,1,1.0,3.5042348301199227e-28,3.146008490086494e-28,6.601914064274619e-30,4.737590756115086e-26,6.454016468359245e-33,1.924430800518525e-27,1.0220879076947542e-36,2.1613624084926286e-11,4.414800859947065e-22,1.560491735217772e-20,1.0,2.987817620500548e-23
TCN,43,71,10,10,class_10,10,class_10,1,1.0,3.5703683572532014e-41,1.1772714775347442e-39,0.0,1.746017886548722e-42,0.0,8.800343049205863e-35,0.0,9.388558759848538e-20,9.219615137055917e-36,1.3488481467705378e-31,1.0,9.60998289932126e-37
TCN,43,72,10,10,class_10,7,class_7,0,1.0,3.953792646307156e-31,2.0882010977815268e-27,2.448082889330405e-31,1.6863006249551612e-30,9.332015786795871e-39,2.024688918600578e-33,0.0,1.0,8.552746226797835e-21,7.011432577146877e-19,3.746234919499436e-11,1.9680137706212505e-30
TCN,43,73,10,10,class_10,10,class_10,1,1.0,0.0,0.0,0.0,0.0,0.0,1.933374994475111e-38,0.0,2.5714219763943883e-28,0.0,0.0,1.0,0.0
TCN,43,74,10,10,class_10,10,class_10,1,1.0,0.0,7.006492321624085e-45,0.0,0.0,0.0,1.961232936865347e-36,0.0,1.4930749400972448e-21,4.4331478217379913e-41,7.819735885394993e-40,1.0,6.28622491096113e-42
TCN,43,75,10,10,class_10,10,class_10,1,1.0,0.0,0.0,0.0,0.0,0.0,1.6955711418330287e-43,0.0,1.978651373835175e-29,0.0,0.0,1.0,0.0
TCN,43,76,10,10,class_10,10,class_10,1,1.0,0.0,0.0,0.0,1.401298464324817e-45,0.0,5.716901447239543e-38,0.0,4.3901803217685e-22,1.2277202289098386e-36,1.234894271686245e-40,1.0,2.105396370480643e-36
TCN,43,77,10,10,class_10,10,class_10,1,0.9999998807907104,1.3534748477349336e-26,2.0475654723254857e-23,3.108691671484047e-28,7.208825916506279e-25,3.596086235888656e-30,1.7840943865705717e-22,1.9374837681588727e-34,7.220571518473662e-08,2.498488700458763e-18,1.7247791106526946e-19,0.9999998807907104,5.851338530242129e-22
TCN,43,78,10,10,class_10,10,class_10,1,1.0,0.0,0.0,0.0,0.0,0.0,0.0,0.0,1.0420061231874016e-25,0.0,5.605193857299268e-45,1.0,0.0
TCN,43,79,10,10,class_10,10,class_10,1,1.0,0.0,3.0828566215145976e-44,0.0,0.0,0.0,1.9454192949058292e-38,0.0,2.3617154201488857e-19,7.348026666427139e-35,1.8938712417010536e-36,1.0,4.9413427228100294e-40
TCN,43,80,10,11,class_11,11,class_11,1,1.0,4.203895392974451e-45,0.0,0.0,1.6507295909746345e-42,0.0,0.0,1.8020698251217148e-42,1.4558089745870525e-41,3.613948739493703e-42,0.0,0.0,1.0
TCN,43,81,10,11,class_11,11,class_11,1,1.0,0.0,0.0,0.0,5.155377050251002e-41,0.0,0.0,4.467339504267517e-42,3.50857529887187e-39,2.244880139848357e-42,0.0,0.0,1.0
TCN,43,82,10,11,class_11,11,class_11,1,1.0,1.5414283107572988e-44,2.382207389352189e-44,0.0,1.8184599141858274e-34,4.203895392974451e-45,0.0,6.256675225776465e-37,1.1786745802587762e-30,1.6544906663671073e-32,5.949452846478959e-36,3.6433760072445244e-44,1.0
TCN,43,83,10,11,class_11,11,class_11,1,1.0,1.3220440778952347e-29,6.1124112272419235e-31,8.277156227593787e-36,7.04027986764902e-24,3.6054709062053135e-36,1.5414283107572988e-44,3.091699384177713e-27,1.2666597332978906e-19,3.0839141467658045e-19,2.920609511274977e-23,3.28808927163705e-32,1.0
TCN,43,84,10,11,class_11,11,class_11,1,1.0,1.3739762275755202e-34,2.4575173390892345e-36,2.1019476964872256e-44,9.622430566132638e-27,4.4637555433151597e-38,0.0,2.607703427095795e-29,2.635704033428813e-23,5.413530999059972e-27,1.5832337316648937e-29,4.839433796459454e-37,1.0
TCN,43,85,10,11,class_11,11,class_11,1,1.0,0.0,0.0,0.0,1.4169649811559685e-40,0.0,0.0,2.8740631503302e-42,2.744925369311575e-38,5.463242322863164e-41,0.0,0.0,1.0
TCN,43,86,10,11,class_11,11,class_11,1,1.0,1.9237541892916977e-36,9.66756214111649e-37,2.9147008057956195e-43,6.176937756191046e-32,8.50588167845164e-43,0.0,6.59470192815306e-34,9.879055820070064e-22,1.8998907108681123e-22,6.61821327559781e-27,3.4097389716380505e-36,1.0
TCN,43,87,10,11,class_11,11,class_11,1,1.0,4.251539540761495e-42,4.4660783356496245e-41,0.0,1.7182771453989258e-35,0.0,0.0,1.11112990975892e-37,1.318087483528672e-27,3.0945885679837854e-28,4.474319779707382e-33,1.197970057151286e-41,1.0
TCN,43,88,10,11,class_11,11,class_11,1,0.9994315505027771,1.8671042489870615e-09,3.1573103506654654e-12,7.694176892836246e-12,9.984841729468452e-13,2.555311128175542e-17,8.00080262830624e-19,1.885402641302325e-12,3.160198218665755e-07,0.0005680576432496309,3.210826093891228e-08,2.7486324848113863e-13,0.9994315505027771
TCN,43,89,10,11,class_11,8,class_8,0,0.926888108253479,6.958986205063411e-07,4.240398870489941e-16,4.147055962522295e-12,2.0647989392729765e-18,1.6318660152604513e-16,1.5611949851510262e-22,3.7484254587634945e-16,2.1791774981738676e-11,0.926888108253479,2.1366281188761604e-08,1.0315004442518319e-16,0.07311120629310608
TCN,43,90,10,11,class_11,11,class_11,1,1.0,8.717779906553388e-20,4.30401444926362e-24,2.292992932487999e-28,4.257595548038467e-21,2.920493726215613e-26,3.5876306229045468e-31,3.940922698337038e-21,9.238711605613924e-18,2.7750932519825244e-13,1.987838442821955e-19,3.120093185999283e-23,1.0
TCN,43,91,10,11,class_11,11,class_11,1,1.0,3.5755531615712032e-40,5.044674471569341e-44,0.0,3.459491996755485e-33,6.375908012677918e-43,0.0,1.3755390381313888e-34,2.0541984185810253e-32,3.4224985811249456e-35,7.31816800502044e-38,2.942726775082116e-44,1.0
TCN,43,92,10,11,class_11,11,class_11,1,1.0,1.2299390672598776e-11,1.3760090672350522e-22,7.528312409525005e-19,5.082853665544704e-24,2.7979500394165597e-26,2.2084209851949254e-31,6.638547518621368e-18,9.826604113749582e-11,4.903455863569661e-09,6.80637768368797e-11,5.489840417183613e-24,1.0
TCN,43,93,10,11,class_11,11,class_11,1,1.0,3.2979125840532843e-32,4.958147093994213e-38,0.0,6.209520696354314e-31,3.552414360808886e-38,0.0,9.161235723754976e-30,2.3542262481856098e-31,1.7109865411723589e-32,1.094701355612481e-36,1.6274680364668425e-41,1.0
TCN,43,94,10,11,class_11,11,class_11,1,1.0,4.154519194726486e-33,6.431196299639792e-37,0.0,1.6054942017225736e-28,1.1244699981439306e-33,0.0,1.5120300252276763e-28,3.146708378365029e-33,8.403920436360509e-34,2.9465990044283213e-35,7.35681693770529e-43,1.0
TCN,43,95,10,11,class_11,11,class_11,1,1.0,3.0733858397164218e-30,4.7877672539406905e-35,1.0369608636003646e-43,2.2584424715094213e-28,9.82980716780907e-38,0.0,3.507098399057735e-27,2.2465905033194967e-23,9.880241865538531e-26,9.981215443905532e-30,2.9523048012018024e-34,1.0
TCN,43,96,10,11,class_11,11,class_11,1,1.0,1.096612466613214e-19,1.4212334153240907e-21,2.7081415764752507e-28,5.216897226711925e-12,2.8643770517729924e-19,1.545803132732451e-29,2.2768232069668437e-14,7.304049807468557e-17,8.493483808852011e-19,8.451246415811405e-18,1.2015587139908812e-24,1.0
TCN,43,97,10,11,class_11,11,class_11,1,1.0,5.093996775926797e-31,5.819734203705057e-35,1.471643647233923e-41,7.465858000064112e-25,1.5682682246109147e-34,2.802596928649634e-45,7.173736520625433e-26,7.951076233613056e-22,4.180927298930628e-25,1.7647937646203316e-25,4.891129138015841e-34,1.0
TCN,43,98,10,11,class_11,11,class_11,1,1.0,1.9197788961249994e-43,1.8048724220503644e-41,0.0,1.1147748329790354e-33,0.0,0.0,7.4511025762021835e-37,1.2360488960585017e-26,1.2743551033919794e-28,4.648516390411493e-31,1.313717310304516e-41,1.0
TCN,43,99,10,11,class_11,11,class_11,1,1.0,2.2599845678394984e-36,6.8675395659016365e-40,0.0,7.555976876690138e-30,2.4914203877662723e-38,0.0,2.362845442963579e-31,9.598077711616596e-29,8.26768683389832e-29,1.0272966188730539e-32,1.4559072056094016e-38,1.0
TCN,43,100,10,11,class_11,11,class_11,1,1.0,1.7987794361976337e-38,5.023514864758037e-41,0.0,1.5619599828500398e-31,7.229488233004108e-38,0.0,1.1111866594320244e-34,1.0007840922495509e-34,2.6803311668678416e-35,2.691305106878426e-34,0.0,1.0
TCN,43,101,10,11,class_11,11,class_11,1,1.0,1.401298464324817e-45,0.0,0.0,4.593839671633488e-36,1.6815581571897805e-44,0.0,6.935992995883904e-40,1.306887125992557e-35,9.998630001597066e-38,4.648502060228481e-37,0.0,1.0
TCN,43,102,10,11,class_11,11,class_11,1,1.0,0.0,0.0,0.0,4.0637655465419695e-44,0.0,0.0,0.0,6.603562675999864e-34,4.52058884591186e-42,2.382207389352189e-44,0.0,1.0
TCN,43,103,10,11,class_11,11,class_11,1,1.0,0.0,0.0,0.0,4.24286384000452e-33,0.0,0.0,3.0521962111151706e-40,1.1997532481453978e-33,2.3838552481870777e-34,7.130970224729445e-37,0.0,1.0
TCN,43,104,10,11,class_11,11,class_11,1,1.0,9.767617631645435e-36,2.68117553775466e-38,0.0,3.5280426946099516e-28,9.616372605079138e-35,0.0,1.393062838634062e-30,7.259743789703821e-32,2.9912463117329042e-33,5.381581821503775e-32,1.2201105728876182e-41,1.0
TCN,43,105,10,11,class_11,11,class_11,1,1.0,1.799128046332891e-32,1.6834197292776377e-32,0.0,1.5844552544986613e-20,8.121253377623527e-26,0.0,4.358793238159804e-29,5.097483969256082e-28,2.2383405873445292e-26,1.2147890465422802e-19,9.054761352697077e-34,1.0
TCN,43,106,10,11,class_11,11,class_11,1,1.0,0.0,0.0,0.0,0.0,0.0,0.0,0.0,0.0,0.0,0.0,0.0,1.0
TCN,43,107,10,11,class_11,11,class_11,1,1.0,7.917067363440362e-27,3.351628775595607e-29,1.85110125838844e-40,1.4004807946924563e-21,6.027265245545106e-26,2.759106229510849e-39,3.80942163726391e-25,4.5394399900800476e-27,1.0583629075381264e-25,2.5091428816641903e-22,5.081957421560393e-33,1.0
TCN,43,108,10,11,class_11,11,class_11,1,1.0,0.0,0.0,0.0,4.433368435427948e-28,4.133970599604643e-41,0.0,1.8383074034091545e-40,7.122620167440226e-38,1.1116879068074142e-39,2.249804645851288e-32,0.0,1.0
TCN,43,109,10,11,class_11,11,class_11,1,1.0,2.802596928649634e-45,1.0509738482436128e-43,0.0,2.663322297774443e-26,2.7390916068591626e-36,0.0,1.484894185382732e-38,1.5181981345731355e-34,6.338600739194751e-35,5.059849002434262e-25,1.5414283107572988e-44,1.0
TCN,43,110,10,11,class_11,11,class_11,1,1.0,0.0,0.0,0.0,1.5490233484339393e-40,0.0,0.0,1.9478048654114957e-43,1.7629175460284794e-40,5.254869241218064e-43,1.401298464324817e-45,0.0,1.0
TCN,43,111,10,11,class_11,11,class_11,1,0.9986996650695801,2.6655181044300775e-25,1.7674655722930375e-20,2.8992865226880465e-42,0.0012997869635000825,4.5330184918201955e-12,6.238580763174086e-42,9.583525359474257e-19,2.1180579565982905e-22,1.5819939064662001e-16,4.3121067960782966e-07,8.734226650669035e-26,0.9986996650695801
TCN,43,112,10,11,class_11,11,class_11,1,1.0,1.2823933479085855e-33,1.0334858227750425e-35,0.0,2.4808622832930417e-25,2.2888982084133787e-32,0.0,5.482480976257736e-29,6.746580261954611e-28,5.788886800760024e-29,8.834682655826488e-28,3.1269103063244097e-37,1.0
TCN,43,113,10,11,class_11,11,class_11,1,1.0,8.631998540240873e-42,4.344025239406933e-44,0.0,9.341611419053671e-36,3.204909717757289e-41,0.0,1.3690568511590214e-36,1.6669348790393496e-37,1.552058560907667e-39,5.7312014178082845e-39,0.0,1.0
TCN,43,114,10,11,class_11,11,class_11,1,0.6658671498298645,1.3186016722954719e-08,0.33250659704208374,7.310038858954204e-12,1.857920067793728e-12,2.627073314442896e-08,0.0005428865551948547,7.844916665063206e-13,9.570155270921532e-06,0.0010545500554144382,1.9176497517037205e-05,1.4437600448502508e-08,0.6658671498298645
TCN,43,115,10,11,class_11,11,class_11,1,1.0,0.0,0.0,0.0,5.600247273720202e-40,0.0,0.0,0.0,1.0852986541272492e-39,6.11066183155973e-39,2.0547654166740233e-37,0.0,1.0
TCN,43,116,10,11,class_11,11,class_11,1,1.0,0.0,0.0,0.0,1.3741725490419566e-38,0.0,0.0,7.657115198610098e-41,1.5626615986938472e-33,2.1590660231915695e-39,2.912879117791997e-41,0.0,1.0
TCN,43,117,10,11,class_11,11,class_11,1,1.0,3.9850589740227853e-32,2.2326252309846833e-35,0.0,4.221874171922014e-26,9.769532815000062e-33,1.401298464324817e-45,6.84083845121733e-27,1.3208387730076755e-30,5.368523607408796e-31,8.252167238076221e-33,1.1704289371334462e-39,1.0
TCN,43,118,10,11,class_11,11,class_11,1,1.0,0.0,0.0,0.0,8.407790785948902e-45,0.0,0.0,0.0,0.0,0.0,0.0,0.0,1.0
TCN,43,119,10,11,class_11,11,class_11,1,1.0,1.9009457303154697e-33,2.074305570876077e-36,0.0,1.1275909059641315e-29,2.0489217805605276e-34,0.0,1.3758761708295596e-32,3.8211949145813645e-33,4.235720390221932e-31,5.752094702147083e-32,7.654466744512524e-40,1.0
TCN,43,120,10,0,class_0,0,class_0,1,1.0,1.0,6.3824220576924695e-27,3.164308626661173e-17,1.4553670188519159e-25,1.659504170933767e-16,3.8564732459558173e-25,2.7758636956953803e-22,5.845217225997408e-25,6.175962451633332e-20,9.759301812165466e-23,4.417014154598307e-34,2.5583886533214282e-21
TCN,43,121,10,0,class_0,0,class_0,1,1.0,1.0,3.898412327751641e-42,5.732030776820073e-32,0.0,4.6912749504028794e-29,5.798611543272964e-29,0.0,7.285324091353902e-39,2.926517418784074e-25,0.0,0.0,1.6864627018149173e-41
TCN,43,122,10,0,class_0,0,class_0,1,1.0,1.0,0.0,0.0,0.0,0.0,0.0,0.0,0.0,0.0,0.0,0.0,0.0
TCN,43,123,10,0,class_0,0,class_0,1,1.0,1.0,0.0,3.1393355742375e-25,0.0,1.8216880036222622e-44,4.698818836193166e-35,0.0,1.5753726472922894e-35,2.5790115660148227e-31,0.0,0.0,1.6025809757404338e-40
TCN,43,124,10,0,class_0,0,class_0,1,1.0,1.0,0.0,4.114212291257663e-42,0.0,8.96831017167883e-44,0.0,0.0,0.0,9.80908925027372e-45,0.0,0.0,0.0
TCN,43,125,10,0,class_0,0,class_0,1,1.0,1.0,0.0,0.0,0.0,0.0,0.0,0.0,0.0,2.802596928649634e-45,0.0,0.0,0.0
TCN,43,126,10,0,class_0,0,class_0,1,1.0,1.0,0.0,0.0,0.0,0.0,0.0,0.0,0.0,0.0,0.0,0.0,0.0
TCN,43,127,10,0,class_0,0,class_0,1,1.0,1.0,0.0,5.74532370373175e-44,0.0,1.401298464324817e-45,0.0,0.0,0.0,7.055537767875454e-42,0.0,0.0,0.0
TCN,43,128,10,0,class_0,0,class_0,1,1.0,1.0,0.0,1.3627087533093886e-31,0.0,0.0,6.604535350222492e-37,0.0,2.620845154710391e-38,7.485597866996802e-31,0.0,0.0,1.287176717390204e-40
TCN,43,129,10,0,class_0,8,class_8,0,1.0,1.2638240676210444e-08,3.451257987785592e-41,8.11906624597266e-23,0.0,3.330871186914436e-26,1.6332915097217792e-29,1.401298464324817e-45,1.6207921040120845e-28,1.0,4.445878382407045e-23,3.93562281910175e-27,8.963845746875368e-37
TCN,43,130,10,0,class_0,0,class_0,1,1.0,1.0,0.0,2.9150511304117007e-40,0.0,0.0,1.1818895407018345e-37,0.0,0.0,6.585974571364426e-35,0.0,0.0,0.0
TCN,43,131,10,0,class_0,0,class_0,1,1.0,1.0,0.0,1.8137370361356832e-39,0.0,0.0,1.609139052553474e-40,0.0,0.0,3.0808107257566833e-40,0.0,0.0,0.0
TCN,43,132,10,0,class_0,0,class_0,1,1.0,1.0,0.0,0.0,0.0,0.0,0.0,0.0,0.0,0.0,0.0,0.0,0.0
TCN,43,133,10,0,class_0,0,class_0,1,1.0,1.0,6.188560183569186e-26,2.1647867526342068e-11,7.14585785576018e-24,1.0256817452426633e-20,3.6081382039944735e-22,4.426265091492716e-23,4.896909226313924e-22,7.641726335518583e-21,2.363782456664727e-24,1.5208994756926228e-34,1.7139237222061286e-20
TCN,43,134,10,0,class_0,0,class_0,1,1.0,1.0,1.2751816025355835e-43,4.985841722425154e-29,2.802596928649634e-44,4.294042366113827e-32,1.0423422981188805e-36,1.3026792823010294e-38,1.3815457611716944e-39,6.0615534347662385e-33,5.3809861030072976e-43,0.0,1.82104221354342e-34
TCN,43,135,10,0,class_0,0,class_0,1,1.0,1.0,4.6416823778077327e-36,3.249182868323252e-27,0.0,1.8881183620857955e-25,5.0770128746912015e-27,1.0369608636003646e-43,3.304511221591625e-32,9.678674749801753e-21,1.7419969626198702e-35,3.1197387970956267e-40,1.1961078197583071e-31
TCN,43,136,10,0,class_0,0,class_0,1,1.0,1.0,0.0,5.582436906556948e-34,0.0,0.0,1.401298464324817e-45,0.0,1.793662034335766e-43,5.919084713308027e-42,0.0,0.0,1.5414283107572988e-44
TCN,43,137,10,0,class_0,0,class_0,1,1.0,1.0,2.4511190439322905e-39,1.791772708971277e-24,1.5764607723654192e-42,2.0986719616474404e-33,1.67940068000284e-29,3.043227340424106e-38,1.884804117837277e-29,1.160735852398986e-25,4.474476317346323e-39,2.802596928649634e-45,9.372377379580748e-29
TCN,43,138,10,0,class_0,0,class_0,1,1.0,1.0,0.0,9.770565551072107e-35,0.0,0.0,1.9492061638758205e-42,0.0,9.248569864543793e-44,8.071479154510946e-43,0.0,0.0,0.0
TCN,43,139,10,0,class_0,0,class_0,1,1.0,1.0,7.508674114147229e-32,1.0177774851900936e-20,3.1990782588153445e-34,6.609950721824622e-23,5.4081642026769426e-27,1.0306126451926374e-26,3.730521186526661e-29,3.6250608994092335e-25,8.011099795345463e-33,2.1058923516643e-38,1.0969442183488929e-32
TCN,43,140,10,0,class_0,0,class_0,1,1.0,1.0,9.416303139634818e-31,2.2101606298157578e-13,9.109432860269853e-34,5.244487192645622e-29,8.798449665855824e-23,7.540725088015452e-35,2.5824061846463205e-25,5.626361458524848e-22,2.4755394912828967e-33,1.6026232389021178e-37,9.846013560639541e-24
TCN,43,141,10,0,class_0,0,class_0,1,1.0,1.0,6.868353056774824e-25,1.1391114803379585e-16,4.388266172919101e-32,1.3776678543691895e-16,1.0451513893571823e-17,1.8769809280030458e-24,5.964116930082164e-26,2.0776962682980694e-20,4.047725835644077e-30,6.539137673569181e-27,8.873482229837525e-30
TCN,43,142,10,0,class_0,0,class_0,1,1.0,1.0,1.0613223685278696e-25,1.3655446953116123e-16,4.4420902960017275e-34,1.7278876295452747e-19,3.5608351067993915e-18,8.985766951554761e-35,8.290094879541694e-25,3.4384461813588172e-15,3.7601607249993182e-25,8.081100935326761e-28,1.206569287289909e-25
TCN,43,143,10,0,class_0,2,class_2,0,0.9999977350234985,2.273646259709494e-06,9.241268420887326e-17,0.9999977350234985,1.2924858629854447e-21,2.2316505746068134e-19,4.2770373017992497e-14,3.485821723434228e-24,1.1034070521425549e-13,5.647127730712409e-12,1.5904087132818948e-22,3.35459123076531e-20,6.233467660077106e-19
TCN,43,144,10,0,class_0,0,class_0,1,1.0,1.0,0.0,2.9936047161508636e-36,0.0,3.3477155172859e-31,4.2216175142973764e-33,0.0,1.401298464324817e-45,4.748976018423727e-32,0.0,0.0,9.80908925027372e-45
TCN,43,145,10,0,class_0,8,class_8,0,1.0,1.0034832340077848e-11,4.233143636767002e-20,2.489023986917971e-10,4.851763158470232e-22,4.8558525502940256e-23,9.238711605613924e-18,1.6460546676854978e-25,1.975430122553982e-15,1.0,2.7360761688871894e-19,3.8339077463971083e-13,8.288510155995965e-11
TCN,43,146,10,0,class_0,2,class_2,0,1.0,5.030898009295015e-08,3.5132523196120544e-15,1.0,2.4896254965912044e-15,1.4228427684242215e-16,2.876903793316843e-12,3.973242362290824e-13,8.505742637998637e-11,2.83764123309993e-10,2.2059591202627406e-19,9.948714520659294e-15,5.637849670621364e-13
TCN,43,147,10,0,class_0,0,class_0,1,0.7988299131393433,0.7988299131393433,2.4322618918937167e-10,0.0016573005123063922,1.4611876687050154e-19,1.90588582242579e-12,0.00022338537382893264,1.0056408195397337e-15,2.6547912312935296e-08,0.1992799937725067,2.2848385405893623e-09,9.422272341907956e-06,8.95484172924732e-11
TCN,43,148,10,0,class_0,2,class_2,0,0.9877336025238037,0.01226635742932558,5.6201540681510495e-14,0.9877336025238037,1.228820485423623e-19,2.334042315432945e-14,1.645780223213933e-08,9.704186484940582e-17,7.483369392907724e-13,1.2364294310618362e-10,1.4439751816670322e-14,3.2791826843963853e-14,2.1359384191356988e-14
TCN,43,149,10,0,class_0,2,class_2,0,0.9999681711196899,1.7410018739172362e-12,2.596174371240369e-23,0.9999681711196899,1.1087647982108326e-39,1.820751788011253e-30,3.1816871342016384e-05,4.7532895899364105e-37,1.2424881722509812e-15,6.072659708422634e-09,1.0392797382518541e-21,4.027511835147379e-08,1.3463329719504154e-23
TCN,43,150,10,0,class_0,0,class_0,1,0.9651218056678772,0.9651218056678772,3.222253366907957e-11,1.527262583067568e-07,5.118621050395732e-27,4.4094055015710197e-16,0.034878090023994446,1.0031772160018269e-23,2.855646263805072e-18,1.1101867203322513e-09,1.5054923722120294e-17,1.1178987423254849e-11,3.4348982647452344e-17
TCN,43,151,10,0,class_0,0,class_0,1,1.0,1.0,1.5414283107572988e-44,3.857587604429079e-27,0.0,4.83164487512729e-39,7.537772532336323e-25,0.0,4.3450284814303194e-30,2.381929232777844e-18,0.0,5.854624983949086e-42,2.067069377710181e-40
TCN,43,152,10,0,class_0,0,class_0,1,0.9999048709869385,0.9999048709869385,1.0203627222662992e-13,9.516712452750653e-05,5.288388607075983e-20,5.307245528468618e-12,4.637853656674906e-09,5.507294402995174e-16,7.43951493968999e-15,1.3768160223026626e-10,7.036490462840522e-18,3.291657489182015e-15,5.557816609576442e-17
TCN,43,153,10,0,class_0,0,class_0,1,1.0,1.0,6.923906120834685e-27,5.080575174974677e-13,7.875106739104463e-35,3.844126511771191e-22,2.9629003631850756e-18,4.548496397286466e-31,1.2185357249376873e-17,6.3929633817099395e-15,6.727536185182024e-28,7.359831143357127e-29,1.779046908662347e-20
TCN,43,154,10,0,class_0,0,class_0,1,1.0,1.0,0.0,3.4038422574776347e-34,0.0,0.0,2.274241557100151e-32,0.0,6.974262456944615e-42,2.1124761338963697e-36,0.0,0.0,5.74532370373175e-44
TCN,43,155,10,0,class_0,8,class_8,0,0.9423272013664246,0.05534842237830162,4.1251330388408e-16,0.0023243683390319347,1.1717568977487477e-15,2.210005511926738e-08,5.653815496288114e-14,1.656960822160738e-16,3.632062012259851e-11,0.9423272013664246,4.951496435090519e-10,2.3753563135539557e-13,6.002583412961782e-12
TCN,43,156,10,0,class_0,0,class_0,1,1.0,1.0,0.0,1.2706575490103492e-26,0.0,3.374472437134449e-39,1.7126357308294015e-28,0.0,6.896355981869717e-28,1.4494431257234402e-19,2.802596928649634e-45,4.0931928142927907e-42,1.312747342717898e-36
TCN,43,157,10,0,class_0,0,class_0,1,1.0,1.0,1.1934723430566643e-33,2.056241594277402e-20,1.1959073458118e-38,3.618867047078326e-27,1.1659446994154163e-27,4.768171783201498e-36,5.1964936202846e-29,2.372749330973747e-20,7.341796915913817e-30,6.492447279723184e-38,7.976719143459619e-29
TCN,43,158,10,0,class_0,2,class_2,0,0.9999998807907104,1.0819098861247767e-07,9.174126170566396e-18,0.9999998807907104,1.548707965780586e-20,9.780372244029886e-20,3.94018297129135e-15,3.335174912739216e-22,2.3338678266458107e-14,1.0081699364228314e-11,9.504001305904724e-22,5.262607390710751e-20,1.2183669904324842e-19
TCN,43,159,10,0,class_0,0,class_0,1,1.0,1.0,2.8541023500951776e-34,8.289829370839561e-28,0.0,8.068016222955002e-19,4.2895195498041854e-19,0.0,2.652952511670246e-31,7.739293452250443e-15,1.3937025208488492e-35,1.875836135077509e-31,1.2901489947473018e-36
TCN,43,160,10,1,class_1,1,class_1,1,0.868854820728302,5.2785516201351376e-20,0.868854820728302,5.72890403003201e-17,2.724667560030862e-29,2.0488272536867136e-12,0.131145179271698,4.877031572333037e-24,3.563232959607928e-22,1.2921450387236787e-19,3.921747656536385e-18,2.1802571141711635e-13,5.8258058243102475e-25
TCN,43,161,10,1,class_1,1,class_1,1,1.0,0.0,1.0,0.0,0.0,2.4045300738888834e-40,1.5438213997202414e-31,0.0,2.322210671391026e-34,8.407790785948902e-44,4.0015634995856463e-36,1.688143623222085e-35,0.0
TCN,43,162,10,1,class_1,1,class_1,1,1.0,1.4699905278824504e-26,1.0,3.1326810548713345e-27,3.0023247331045173e-25,4.79152297520332e-16,9.68564726306579e-15,1.1266146679083916e-22,5.0776818145639845e-23,7.278574236732752e-24,5.659107693167522e-20,4.159904225226247e-21,6.326755851266907e-30
TCN,43,163,10,1,class_1,1,class_1,1,1.0,0.0,1.0,0.0,0.0,5.156650352992557e-34,1.9404484469023775e-28,0.0,0.0,0.0,2.4882296311630047e-40,1.045060368724162e-39,0.0
TCN,43,164,10,1,class_1,5,class_5,0,0.7685834765434265,3.8833893062988306e-16,0.23141655325889587,1.2097863874445302e-18,5.6481375817118095e-33,2.0322828416247926e-16,0.7685834765434265,1.9801048129788933e-26,1.0794316073795429e-24,8.275998897260155e-19,1.2804776561836182e-18,2.343158826689784e-11,2.759739552342062e-24
TCN,43,165,10,1,class_1,4,class_4,0,0.9999669790267944,1.2939247610537859e-23,3.2990003091981634e-05,1.6536334947580131e-26,2.3760841855458497e-21,0.9999669790267944,1.6849654784024189e-15,3.988740393961595e-19,7.416065288467696e-29,7.758348298939001e-28,3.545831187861022e-20,9.250041226177678e-26,6.757396513978787e-31
TCN,43,166,10,1,class_1,1,class_1,1,0.9999997615814209,3.833522888507194e-15,0.9999997615814209,6.613172677996508e-17,8.818471660567546e-16,1.4479637400199863e-07,6.052582790516681e-08,8.337652400089435e-13,1.0224915209388434e-17,1.4607024941885286e-15,8.859486495121915e-13,9.724263495131114e-14,5.2382974184625215e-18
TCN,43,167,10,1,class_1,1,class_1,1,1.0,8.539095581803951e-19,1.0,1.3818064249601832e-21,9.499466807203769e-23,1.020591736122789e-10,5.203476538540031e-10,2.889943273040276e-16,4.18614798040138e-24,5.440798056655556e-19,3.1112973343550585e-16,2.7395675948551992e-17,1.2414242218768093e-22
TCN,43,168,10,1,class_1,5,class_5,0,1.0,7.308799416508834e-29,2.848742075567401e-10,4.634807788472786e-25,0.0,4.5081488044204805e-29,1.0,1.401298464324817e-45,1.1866823177614568e-38,1.8480083046621877e-31,7.269372864305963e-36,1.1055970697822178e-19,3.5755377472880957e-39
TCN,43,169,10,1,class_1,1,class_1,1,0.9999980926513672,1.0784636837263067e-21,0.9999980926513672,2.966189578834285e-23,1.3947831040868294e-30,3.597259565013078e-15,1.8937068944069324e-06,2.2563910190809086e-26,1.934018480375113e-25,1.5652394813229815e-21,4.8690203149738157e-20,4.630175163091756e-15,5.767930689011301e-23
TCN,43,170,10,1,class_1,1,class_1,1,1.0,2.9815427425439133e-41,1.0,1.5297405006559048e-38,7.912800152150381e-37,1.4687798112822108e-26,3.2896832922646016e-24,6.528380495984172e-39,1.6126222802990447e-26,3.444130363276503e-30,2.4598876058107663e-23,3.2146516377551685e-26,5.9085153804045004e-36
TCN,43,171,10,1,class_1,5,class_5,0,0.9967575669288635,1.7899274951105326e-07,0.0032342856284230947,3.172512919036308e-08,1.5147894893863345e-18,1.0565673669304942e-08,0.9967575669288635,2.636343196819115e-16,3.3799026945280364e-14,1.402588600818433e-09,1.8489608732963347e-09,8.022927431738935e-06,1.329683861423707e-15
TCN,43,172,10,1,class_1,1,class_1,1,1.0,2.083565852722336e-31,1.0,8.540960926944714e-32,1.8169657558061247e-30,1.820370252908915e-17,4.185251456382058e-14,1.2346816206130829e-27,1.05077822949044e-28,7.47063266158202e-28,1.0686961225799066e-25,1.3133514469209848e-24,1.0874021842820662e-34
TCN,43,173,10,1,class_1,1,class_1,1,1.0,0.0,1.0,0.0,0.0,0.0,0.0,0.0,0.0,0.0,0.0,0.0,0.0
TCN,43,174,10,1,class_1,1,class_1,1,1.0,0.0,1.0,0.0,1.0812418950730289e-41,2.2880582377472924e-26,7.375345712765382e-29,3.108079993872444e-42,4.1314991575290824e-37,2.296167663642645e-41,2.536911959503832e-35,2.853990726919457e-36,0.0
TCN,43,175,10,1,class_1,1,class_1,1,1.0,0.0,1.0,0.0,0.0,1.2134076130237546e-36,1.1520331388925877e-24,1.5414283107572988e-44,1.8388306619055015e-32,6.392788053979174e-39,3.5821413324458555e-34,2.4210756715213926e-31,0.0
TCN,43,176,10,1,class_1,1,class_1,1,1.0,0.0,1.0,0.0,0.0,1.7103102232885514e-37,1.3477152934772916e-33,0.0,0.0,0.0,0.0,8.828180325246348e-44,0.0
TCN,43,177,10,1,class_1,1,class_1,1,0.9999995231628418,1.7444875423971626e-15,0.9999995231628418,1.613976447803869e-17,1.6792617396881626e-18,3.164315742765211e-08,5.081877247903321e-07,2.8531599673332518e-15,3.0128347834948704e-16,6.935919547712945e-15,1.2021168782627711e-10,5.818271212043591e-11,8.739756673712244e-19
TCN,43,178,10,1,class_1,1,class_1,1,1.0,1.0541198754895823e-33,1.0,4.753264084062282e-35,4.153807653302254e-32,2.142884168712523e-17,4.583993418030014e-17,1.0879781682193871e-28,5.868921134735159e-33,2.260868692554815e-32,1.7395372191698457e-23,2.788561092419073e-27,2.230716039178716e-37
TCN,43,179,10,1,class_1,1,class_1,1,1.0,0.0,1.0,0.0,0.0,0.0,0.0,0.0,0.0,0.0,0.0,0.0,0.0
TCN,43,180,10,1,class_1,1,class_1,1,1.0,4.865950751346189e-26,1.0,5.669331935752716e-26,5.5119046117243555e-28,1.7724165884969167e-11,1.6910679453974176e-11,4.5571094266511085e-24,2.4659732732640937e-25,4.928185478613147e-22,6.8197752370183825e-15,2.49820015659665e-20,3.197855727895614e-28
TCN,43,181,10,1,class_1,1,class_1,1,1.0,5.924499087419361e-27,1.0,2.352102370634917e-28,7.126957685243409e-26,2.3753672806492432e-08,2.264927178100007e-12,1.7846169517000173e-24,2.7627905705006174e-26,8.998542656743323e-24,2.934941040742302e-14,7.328787915477147e-22,2.1004383061848864e-29
TCN,43,182,10,1,class_1,1,class_1,1,1.0,1.033480057113005e-31,1.0,2.9473340304848084e-32,9.77115065375257e-30,4.148617874336373e-15,1.834460546724817e-15,2.16129645622124e-26,1.5654638681991065e-28,4.1772619982106236e-32,2.3564180456840364e-24,5.052740403676213e-29,7.344127675643381e-36
TCN,43,183,10,1,class_1,1,class_1,1,1.0,1.61812324659165e-28,1.0,6.358208694671181e-30,3.954121160513436e-25,4.333854662538468e-15,1.8018419696705438e-16,7.91750988655154e-22,4.263465784629023e-27,2.7432058659333414e-25,3.514193225797359e-21,1.6790991457873173e-22,1.5204995043807634e-26
TCN,43,184,10,1,class_1,1,class_1,1,1.0,0.0,1.0,0.0,0.0,1.9337918807682476e-43,1.719813605265848e-40,0.0,0.0,0.0,0.0,0.0,0.0
TCN,43,185,10,1,class_1,1,class_1,1,1.0,4.581529914826882e-39,1.0,2.219418546751575e-40,6.30556062356451e-35,4.418858949770139e-23,1.086478994883948e-24,5.703875537234565e-38,2.0044225674216987e-27,1.5956753895689122e-29,5.663010547786223e-22,8.685819557074829e-26,5.091788233492832e-36
TCN,43,186,10,1,class_1,1,class_1,1,0.9321185350418091,3.6992385202142333e-14,0.9321185350418091,2.0724978536720146e-14,3.5626464556997404e-27,2.6082133414845332e-12,0.06788148730993271,6.0731253222409505e-22,3.625758445127147e-18,4.646083797093907e-14,2.429234385262907e-13,2.9956621627746927e-09,2.256933763619803e-18
TCN,43,187,10,1,class_1,1,class_1,1,1.0,0.0,1.0,0.0,0.0,5.025565743309082e-34,2.44021342484939e-31,0.0,1.401298464324817e-45,0.0,9.80908925027372e-45,1.401298464324817e-45,0.0
TCN,43,188,10,1,class_1,1,class_1,1,1.0,1.2861934336482631e-28,1.0,3.5598354947420654e-30,4.358265449095607e-27,3.728209079889404e-14,2.3964514488767578e-15,1.855208190314103e-21,4.1334034811353984e-31,4.655360018614364e-26,5.386638872549432e-23,1.2750190192068723e-24,6.544143689106847e-30
TCN,43,189,10,1,class_1,1,class_1,1,1.0,0.0,1.0,0.0,0.0,0.0,0.0,0.0,0.0,0.0,0.0,0.0,0.0
TCN,43,190,10,1,class_1,1,class_1,1,1.0,1.7119159992247905e-37,1.0,1.9262445096601695e-35,6.083188775635107e-33,6.204759417605996e-24,1.6106229193063203e-20,8.141230693401337e-33,2.080363764688156e-25,3.1645807140227064e-28,4.623578846525031e-24,5.86455861627923e-25,3.573854384258484e-35
TCN,43,191,10,1,class_1,1,class_1,1,1.0,4.02405658685849e-33,1.0,4.4902851052079605e-35,2.3762189135467825e-27,1.6786255003196915e-14,8.56454120840973e-19,1.1692858412015382e-26,2.871055990470967e-30,1.0949635838361542e-30,5.5992925012003125e-24,2.078274373365669e-28,1.510322623757848e-37
TCN,43,192,10,1,class_1,1,class_1,1,1.0,5.08087731857614e-31,1.0,1.2487144833417868e-30,9.159500195242747e-35,1.8162899725724653e-19,1.3259453431058166e-11,4.789551544346314e-30,4.86790430837947e-32,3.3388744889466945e-25,1.386481958974787e-25,2.1896562029791617e-23,9.844385907537525e-34
TCN,43,193,10,1,class_1,1,class_1,1,1.0,0.0,1.0,0.0,0.0,4.989681354115993e-38,3.035359733380573e-35,0.0,0.0,0.0,0.0,0.0,0.0
TCN,43,194,10,1,class_1,1,class_1,1,1.0,6.661132786261677e-38,1.0,2.684915883615636e-40,9.323006592160831e-33,3.346539162584565e-17,6.210075897082901e-20,6.705294222107403e-29,1.3538929525094695e-34,4.0903638729530117e-38,1.3102641903968874e-31,1.3340727861399114e-34,1.639519203260036e-43
TCN,43,195,10,1,class_1,1,class_1,1,1.0,9.832021324740975e-30,1.0,1.9681384567764102e-33,4.8730950751417407e-29,1.374009461763137e-09,1.1732542865633708e-17,3.1627541526649114e-23,6.928270398882466e-33,4.0405675452453094e-30,4.301854153674672e-21,2.4862897387655996e-26,4.480697456633863e-30
TCN,43,196,10,1,class_1,1,class_1,1,1.0,4.0686700911671064e-41,1.0,1.7212149037301728e-41,6.868400634885164e-34,5.460878786909947e-21,6.209308462902044e-23,5.44365981133217e-35,1.035989344496087e-33,4.529693082034578e-38,1.321459227137904e-29,3.283147456651995e-34,1.401298464324817e-45
TCN,43,197,10,1,class_1,1,class_1,1,1.0,5.490415566887369e-28,1.0,5.543002722906998e-29,1.063944483628554e-26,4.960004371741718e-14,8.200053964568365e-16,3.9564166964438224e-24,1.0743434268074762e-28,6.704015284253708e-29,1.686620360622291e-25,1.2107880907591276e-25,5.459030662707243e-34
TCN,43,198,10,1,class_1,1,class_1,1,1.0,1.9337918807682476e-43,1.0,0.0,9.826741754550838e-36,4.6874000973179814e-26,4.847276318307828e-26,6.332530986870559e-36,6.334539888349015e-35,7.80118594473977e-37,4.538751196469844e-33,2.264076736024354e-34,1.401298464324817e-45
TCN,43,199,10,1,class_1,1,class_1,1,1.0,9.862694024480439e-26,1.0,1.4243227422260441e-27,6.814806539313483e-23,1.512613493660775e-12,7.98856084906728e-15,9.398879130459844e-20,1.508523917912168e-25,6.352652299103663e-24,9.488332380605889e-19,1.763323691557877e-21,1.4478803590828191e-25
TCN,43,200,10,2,class_2,5,class_5,0,0.6298049092292786,5.145601167377833e-10,3.2212491459909223e-15,0.0035203637089580297,2.0701773952444365e-30,2.692779602980055e-22,0.6298049092292786,5.0219649653402237e-33,1.9713304766355577e-08,0.3227522075176239,1.2387556156897867e-15,0.043922558426856995,4.078341308771678e-20
TCN,43,201,10,2,class_2,2,class_2,1,1.0,2.361570675575762e-27,7.1255698706637905e-34,1.0,3.0215660418576425e-35,1.3984958673961674e-42,8.7816860892304e-30,4.1532830889482e-33,6.100889618421943e-28,2.5371662519926937e-33,1.6815581571897805e-44,1.8249109900902093e-41,6.621955672841379e-33
TCN,43,202,10,2,class_2,2,class_2,1,1.0,2.2397800777981065e-22,7.940945822290649e-31,1.0,3.01224387803983e-35,6.011938561086013e-37,4.711800680885276e-18,4.4815819103383654e-32,3.336906115327378e-22,8.83483355778164e-17,8.417808029678261e-35,2.3514432916004864e-24,4.0097954429121453e-23
TCN,43,203,10,2,class_2,2,class_2,1,1.0,1.0491637742016629e-36,0.0,1.0,0.0,0.0,4.3771896916893944e-36,2.0314904097009738e-39,3.5361080002113954e-31,5.089191211757262e-34,0.0,2.8166099132928823e-43,8.86549129815746e-39
TCN,43,204,10,2,class_2,2,class_2,1,1.0,5.892674792562502e-08,1.2512145587391637e-20,1.0,7.419349596061159e-26,1.7896148982941808e-23,8.020462007214679e-13,1.2539045920964516e-20,5.633125276595418e-15,2.055219709695688e-11,2.5913888254449364e-23,7.373329782005538e-19,1.1990676156309456e-17
TCN,43,205,10,2,class_2,2,class_2,1,1.0,1.0767659842147752e-17,1.750062790804173e-20,1.0,1.9829473315024133e-25,1.302549773620746e-31,6.639416885445161e-23,2.508878123674142e-27,8.442485057060026e-25,7.768855498640097e-27,2.780028624518113e-37,4.484035269215521e-36,7.105678901882171e-25
TCN,43,206,10,2,class_2,5,class_5,0,0.987736165523529,0.0007254933007061481,5.1211562360158245e-18,0.011538349092006683,4.474140737224073e-31,1.7357829392451227e-20,0.987736165523529,3.805770706164152e-22,1.2621118555159828e-20,4.922650828631525e-13,3.2642982063718877e-31,5.292748672853576e-21,4.679242351111623e-25
TCN,43,207,10,2,class_2,2,class_2,1,1.0,5.402475689031405e-11,2.5973773479237572e-11,1.0,6.327491212354477e-19,2.1201486959861966e-18,5.816376200118434e-11,3.0399516168589307e-18,1.039042007815183e-12,1.606510470443176e-14,6.024571597429935e-20,8.60722654043155e-17,3.118584221157433e-14
TCN,43,208,10,2,class_2,2,class_2,1,1.0,2.072632961801002e-32,6.881611113610306e-36,1.0,5.695297348555354e-41,0.0,9.301927005276399e-36,1.218569144576861e-41,2.6178644901896206e-33,5.08593710614985e-39,0.0,0.0,1.663971861462504e-40
TCN,43,209,10,2,class_2,2,class_2,1,0.9999997615814209,1.9105596038571093e-07,3.9485744472904594e-17,0.9999997615814209,4.249678201730113e-20,1.38410106356129e-21,4.502454453107069e-16,1.552329985472742e-17,2.611449260390829e-19,6.350676567936456e-20,9.273860646247373e-29,3.0828422249564705e-27,7.825479984953263e-21
TCN,43,210,10,2,class_2,2,class_2,1,1.0,4.1131585148124907e-39,0.0,1.0,0.0,0.0,1.6521308894389593e-42,1.4147509295823353e-41,1.055570824671412e-36,1.0806813756872989e-41,0.0,0.0,0.0
TCN,43,211,10,2,class_2,2,class_2,1,1.0,2.2553315843146772e-38,0.0,1.0,0.0,0.0,4.031535681862499e-42,2.6624670822171524e-44,8.428467225049708e-37,2.6694735745387765e-42,0.0,0.0,1.2751816025355835e-43
TCN,43,212,10,2,class_2,2,class_2,1,1.0,5.916883094592151e-10,5.472800045009426e-16,1.0,2.677815681536256e-21,5.0919852335003504e-20,4.6586627888700605e-08,7.414287009650642e-18,1.8739937173665316e-13,4.3440945285411203e-10,8.122176261302823e-20,7.0999738206734e-14,2.2997632308707425e-14
TCN,43,213,10,2,class_2,2,class_2,1,0.9701769948005676,5.0250866783426975e-20,8.757321169966962e-26,0.9701769948005676,6.347882043391421e-43,5.196709749754727e-38,0.029823053628206253,5.991517830928977e-40,1.707279119033548e-23,1.0134801094665723e-15,5.744677052695131e-35,1.2175790905592698e-17,2.7099305246523434e-28
TCN,43,214,10,2,class_2,2,class_2,1,1.0,8.951874960678609e-32,3.4892331761687945e-43,1.0,1.5204088337924265e-42,2.802596928649634e-45,1.1281343262761307e-34,4.6893640848777754e-35,1.0791398312017691e-30,6.707874817769605e-30,0.0,3.363116314379561e-44,9.833289674752609e-39
TCN,43,215,10,2,class_2,2,class_2,1,1.0,7.827627201228403e-22,1.1430094737831893e-27,1.0,3.483283601219906e-28,3.650050651283317e-33,5.90463397299886e-23,2.0735024004459634e-25,2.1120972478677936e-21,5.628370703027664e-25,2.0062264108980494e-36,1.044965013078731e-30,1.0897440293112715e-27
TCN,43,216,10,2,class_2,2,class_2,1,1.0,4.744989648602741e-18,4.025012557639296e-31,1.0,2.27094488319327e-34,1.0938816588356574e-31,2.210008088581831e-21,2.2374782329526304e-26,6.818098919326752e-26,1.4540389218197393e-20,3.19986504328572e-41,2.4679478640752483e-34,2.167954592167868e-31
TCN,43,217,10,2,class_2,2,class_2,1,1.0,2.6040544601992196e-37,0.0,1.0,0.0,0.0,1.859228789481524e-39,9.742706939421724e-39,3.6117913407354245e-35,1.8363612926575345e-34,0.0,0.0,1.0789998175301091e-43
TCN,43,218,10,2,class_2,2,class_2,1,1.0,5.01213600761237e-30,9.017776007469495e-40,1.0,1.5433438857580308e-39,1.401298464324817e-45,2.3247479943143752e-32,2.7416451932749095e-34,8.248183934409138e-30,1.7319669480168274e-33,0.0,1.8342996898011855e-42,1.1672917101315158e-37
TCN,43,219,10,2,class_2,2,class_2,1,0.9997562766075134,0.00024377196677960455,1.730712580584114e-18,0.9997562766075134,8.761844626587397e-23,2.190621123754476e-20,5.922369539224093e-11,1.634185385237092e-19,5.49039839112365e-20,4.210989886561272e-17,2.3233252758691598e-29,4.489864457899741e-25,1.225885555310128e-22
TCN,43,220,10,2,class_2,2,class_2,1,1.0,4.610271947628648e-43,0.0,1.0,0.0,0.0,0.0,1.401298464324817e-45,4.0456408719446995e-38,1.7796490496925177e-42,0.0,0.0,1.401298464324817e-45
TCN,43,221,10,2,class_2,2,class_2,1,1.0,2.7822806210120825e-35,2.802596928649634e-45,1.0,0.0,0.0,6.0255833965967134e-43,3.884959862494123e-41,9.587165051959212e-38,3.6433760072445244e-44,0.0,0.0,5.184804318001823e-44
TCN,43,222,10,2,class_2,2,class_2,1,1.0,2.802596928649634e-45,0.0,1.0,0.0,0.0,0.0,0.0,0.0,0.0,0.0,0.0,0.0
TCN,43,223,10,2,class_2,2,class_2,1,1.0,3.481953445666753e-29,2.105878327469269e-36,1.0,4.669658976546734e-40,4.624284932271896e-44,3.0230579071968416e-32,4.9486285331519505e-36,1.249525773807696e-28,4.862002738991167e-32,1.2051166793193427e-43,9.522383584472862e-41,7.888739649632494e-32
TCN,43,224,10,2,class_2,2,class_2,1,1.0,2.801172827402669e-20,3.558760197161415e-24,1.0,4.868487287749794e-29,1.5725711997422714e-32,4.352656401540453e-24,3.81477783802298e-30,1.5799828246359063e-20,2.9940013433643946e-23,5.192848892225819e-36,1.5537709014550364e-31,3.817726247184108e-26
TCN,43,225,10,2,class_2,2,class_2,1,1.0,2.01073403244245e-26,2.0472740221707128e-33,1.0,1.7705272973389953e-38,2.5223372357846707e-44,1.520234635373252e-31,8.49010193670457e-37,9.14276278301203e-31,1.4500065765573881e-35,0.0,2.802596928649634e-45,8.87715024038945e-35
TCN,43,226,10,2,class_2,2,class_2,1,1.0,0.0,0.0,1.0,0.0,0.0,0.0,0.0,0.0,0.0,0.0,0.0,0.0
TCN,43,227,10,2,class_2,2,class_2,1,1.0,3.2229864679470793e-44,0.0,1.0,0.0,0.0,1.2611686178923354e-42,0.0,5.1034281135815524e-39,1.961817850054744e-43,0.0,0.0,0.0
TCN,43,228,10,2,class_2,2,class_2,1,1.0,4.9494702539031134e-39,0.0,1.0,0.0,0.0,5.605193857299268e-45,1.0818024144587588e-41,5.717668125655344e-37,5.755132792982024e-42,0.0,0.0,1.401298464324817e-45
TCN,43,229,10,2,class_2,2,class_2,1,1.0,2.6624670822171524e-44,0.0,1.0,0.0,0.0,0.0,7.342803953062041e-42,6.283792256827061e-39,9.656207587815882e-41,0.0,0.0,0.0
TCN,43,230,10,2,class_2,2,class_2,1,1.0,1.6980899814278464e-35,5.465064010866787e-44,1.0,0.0,0.0,3.131357156827259e-33,1.158047063902672e-40,4.579741602837979e-34,2.090652390085689e-38,0.0,0.0,3.6896188565672433e-42
TCN,43,231,10,2,class_2,2,class_2,1,1.0,7.000657125420439e-28,7.286752014489049e-44,1.0,5.395131930744964e-38,9.80908925027372e-45,3.845402439988882e-37,9.542867205794633e-31,5.456126806686312e-30,1.8798949912562686e-34,0.0,1.401298464324817e-45,2.521778117697405e-39
TCN,43,232,10,2,class_2,2,class_2,1,1.0,3.08538499621679e-34,8.407790785948902e-45,1.0,7.77580517853841e-42,0.0,5.760527792069674e-39,9.85993598162307e-36,2.7987645925281654e-31,1.4873058503078818e-35,0.0,0.0,4.8668076574925924e-40
TCN,43,233,10,2,class_2,2,class_2,1,1.0,6.497423010310309e-39,0.0,1.0,0.0,0.0,1.7027253310127926e-38,0.0,2.3428055670284267e-37,1.1210387714598537e-44,0.0,0.0,9.80908925027372e-45
TCN,43,234,10,2,class_2,2,class_2,1,1.0,1.1864972342602888e-37,0.0,1.0,0.0,0.0,1.401298464324817e-45,4.320203165513411e-42,2.9469489550658683e-34,1.1913124881472789e-39,0.0,0.0,0.0
TCN,43,235,10,2,class_2,2,class_2,1,1.0,7.006492321624085e-43,0.0,1.0,0.0,0.0,0.0,5.783439021961385e-41,1.4975956947932185e-39,2.704506036146897e-40,0.0,0.0,0.0
TCN,43,236,10,2,class_2,2,class_2,1,1.0,0.0,0.0,1.0,0.0,0.0,0.0,1.1210387714598537e-44,1.619760894913056e-41,1.401298464324817e-45,0.0,0.0,0.0
TCN,43,237,10,2,class_2,2,class_2,1,1.0,0.0,0.0,1.0,0.0,0.0,0.0,0.0,1.8637269575520067e-43,0.0,0.0,0.0,0.0
TCN,43,238,10,2,class_2,2,class_2,1,1.0,8.463538020085361e-33,0.0,1.0,0.0,0.0,1.850134362448056e-41,0.0,5.230434799895632e-39,2.7465449900766415e-43,0.0,0.0,0.0
TCN,43,239,10,2,class_2,2,class_2,1,1.0,8.639296978227485e-25,1.6324568899247858e-29,1.0,5.393949142467479e-34,1.9998574981673054e-39,3.3978298037072184e-30,7.638290545161851e-35,3.262621622289197e-27,1.2947380964420175e-30,2.802596928649634e-43,4.3752741951613763e-41,7.529227857868322e-35
TCN,43,240,10,3,class_3,3,class_3,1,1.0,1.157199043834234e-25,6.802244452172263e-28,1.8962690480812423e-31,1.0,3.471134516725496e-20,4.548774843482982e-38,1.6427267193557492e-14,2.4558265498706885e-24,1.343826796956085e-29,7.190076507169257e-23,1.2054418142839123e-33,1.3251214210237177e-18
TCN,43,241,10,3,class_3,3,class_3,1,0.7705922722816467,7.250296890637387e-11,8.569406069350392e-15,1.3176957829453932e-14,0.7705922722816467,1.14596199196626e-09,1.322239161878065e-19,0.22940774261951447,3.0113678944837933e-17,4.613464157195265e-20,2.4710798640666655e-18,4.4873131553912515e-27,7.784856093095982e-12
TCN,43,242,10,3,class_3,3,class_3,1,1.0,9.848409955308176e-33,2.9364805809410708e-33,1.151756635096318e-39,1.0,1.90409076409969e-23,0.0,1.3737494919234606e-21,9.321615100723045e-34,7.180055526151216e-35,1.5828391511341923e-24,2.6240715042946524e-41,3.613870509093916e-21
TCN,43,243,10,3,class_3,3,class_3,1,1.0,0.0,3.783505853677006e-44,0.0,1.0,2.5439562442845197e-36,0.0,5.425996401589882e-35,6.221765181602188e-42,2.802596928649634e-45,8.271095802312174e-36,0.0,1.590494366185442e-33
TCN,43,244,10,3,class_3,3,class_3,1,1.0,8.768676071149834e-20,2.6259590768944368e-23,4.990380432006302e-25,1.0,1.5111225274205348e-16,5.759585187249393e-31,1.6124945823037251e-09,2.065722223086189e-21,6.605073040773245e-27,1.2646258706550332e-21,7.568233239068647e-31,4.126804234845733e-15
TCN,43,245,10,3,class_3,3,class_3,1,1.0,1.4293244336113134e-43,1.2521092233204754e-39,0.0,1.0,2.264895781270577e-28,0.0,2.2740901708250815e-28,2.096953468760372e-39,6.095648319812954e-43,9.562983205521384e-31,0.0,8.808181943486917e-32
TCN,43,246,10,3,class_3,3,class_3,1,1.0,0.0,0.0,0.0,1.0,0.0,0.0,0.0,0.0,0.0,0.0,0.0,0.0
TCN,43,247,10,3,class_3,3,class_3,1,1.0,6.413856364629315e-20,4.479570757886779e-22,2.0937168329523547e-23,1.0,2.438856035798676e-15,6.589563286189851e-29,1.8408664592683976e-09,2.709743843438844e-20,2.082491470460957e-25,1.8944213173311616e-20,4.3147544425689595e-29,7.326238364917476e-16
TCN,43,248,10,3,class_3,3,class_3,1,1.0,1.960952623075635e-32,1.3546679293026727e-34,5.386731426711029e-40,1.0,1.9703626581333258e-25,0.0,1.1505823826671192e-19,2.3609533672564955e-31,2.2164247678708406e-36,1.3848773918675913e-29,3.432340458517207e-41,5.392724461116669e-23
TCN,43,249,10,3,class_3,3,class_3,1,1.0,0.0,1.401298464324817e-43,0.0,1.0,5.3625537144776495e-36,0.0,4.863815424748532e-34,1.3534874218906722e-38,8.828180325246348e-44,1.6536688075531154e-34,0.0,1.5408729660147914e-32
TCN,43,250,10,3,class_3,3,class_3,1,1.0,5.21719420572931e-20,3.725384580853555e-23,2.0769313322819263e-24,1.0,6.383675983080651e-16,1.1782789558800634e-30,5.2176014619931266e-09,6.095115482617147e-22,1.639742763552719e-26,5.125851554702952e-22,1.9081984349511272e-31,1.828521998731617e-15
TCN,43,251,10,3,class_3,3,class_3,1,1.0,2.646105741968126e-34,1.3938513230512177e-35,2.368194404708941e-43,1.0,2.3175186873647984e-28,0.0,8.23006897414923e-25,5.756465895440051e-31,2.3964088161287645e-35,6.3256313910503454e-27,8.133724832296255e-40,6.81235980832985e-24
TCN,43,252,10,3,class_3,3,class_3,1,0.9994031190872192,5.439221223760542e-15,2.5075013246333988e-11,9.850446720375345e-20,0.9994031190872192,0.0005969332996755838,2.5205347904420507e-22,5.327709384772561e-09,1.0129996285796762e-20,1.891397042648067e-15,4.041290679879239e-08,4.878741545096518e-21,2.6621604920507025e-10
TCN,43,253,10,3,class_3,3,class_3,1,1.0,0.0,0.0,0.0,1.0,1.3378056309062596e-40,0.0,1.2667527922726698e-39,5.11291770678196e-41,0.0,1.3080029272708765e-37,0.0,4.0784061191817355e-34
TCN,43,254,10,3,class_3,3,class_3,1,1.0,5.594381438348538e-39,1.6208454999244435e-39,0.0,1.0,9.857516010458897e-31,0.0,2.2389150444838773e-24,4.084896822461442e-35,5.114739394785582e-43,1.3638247318302158e-34,0.0,4.658868169823026e-30
TCN,43,255,10,3,class_3,3,class_3,1,1.0,4.442022337734571e-34,2.3144536714136712e-35,4.0637655465419695e-43,1.0,5.309940465880831e-26,0.0,4.2866199747956316e-21,1.2568702431453643e-33,6.786562092551599e-36,3.662964294642983e-27,1.214785638723184e-41,2.112710726692211e-20
TCN,43,256,10,3,class_3,3,class_3,1,1.0,2.802596928649634e-45,5.885453550164232e-44,0.0,1.0,1.3099060923724085e-36,0.0,7.131474433889269e-33,1.7212724970970566e-38,1.6815581571897805e-44,8.252249436585001e-36,0.0,6.287867982583795e-32
TCN,43,257,10,3,class_3,3,class_3,1,1.0,0.0,0.0,0.0,1.0,0.0,0.0,0.0,0.0,0.0,0.0,0.0,4.5079771597329365e-42
TCN,43,258,10,3,class_3,3,class_3,1,1.0,1.6026354582247267e-37,1.3548570790356726e-37,4.203895392974451e-45,1.0,1.2523930471513857e-29,0.0,2.5629353718722358e-25,4.657742081499769e-33,1.4684122529751899e-38,4.712881876634553e-32,1.984238625483941e-42,1.5374019277958924e-26
TCN,43,259,10,3,class_3,3,class_3,1,1.0,1.6278819742038025e-34,1.5409618921624311e-31,1.248556931713412e-42,1.0,6.675523404064534e-25,0.0,1.8245717862505481e-22,1.281460023761132e-32,1.2057269634994828e-33,1.22481151853759e-27,1.7571376102526788e-38,2.786930467562545e-22
TCN,43,260,10,3,class_3,3,class_3,1,1.0,3.29383384542101e-20,1.673811076662597e-21,1.4461202871437546e-24,1.0,5.574042610942062e-15,8.354611688299818e-31,6.917068046813357e-12,1.2329774880543568e-20,5.390279749616953e-22,3.871274617570726e-16,6.861645890187699e-26,6.530621854926311e-13
TCN,43,261,10,3,class_3,3,class_3,1,1.0,2.6074057831857234e-36,5.091283138263963e-36,3.4976409669547434e-42,1.0,1.869437019611981e-22,0.0,8.1907730245653e-15,2.6484540975739043e-43,1.14906474074635e-43,2.4075288526025385e-40,0.0,4.95322656248459e-25
TCN,43,262,10,3,class_3,3,class_3,1,0.9976557493209839,2.956156847089275e-11,5.640759127151229e-13,6.114140227095333e-13,0.9976557493209839,3.7650031003977347e-07,3.537641045141466e-17,0.0023438786156475544,2.792973405991387e-14,1.2189157317110942e-17,6.045902981813983e-14,1.4140295526837418e-20,8.069273027544455e-11
TCN,43,263,10,3,class_3,3,class_3,1,0.9989013671875,2.6879286990633133e-11,3.81045801194687e-14,1.6742056824009185e-14,0.9989013671875,1.1760210583133812e-07,4.4753392120656875e-19,0.001098527922295034,2.415409243993836e-17,3.059799319348773e-17,1.1378574406480102e-13,1.0036718317894005e-23,7.731522977394434e-09
TCN,43,264,10,3,class_3,3,class_3,1,0.9935178756713867,1.5928478925314351e-15,9.122414974572644e-18,7.62793866288635e-18,0.9935178756713867,1.6000212222852528e-12,4.754314476650684e-22,0.006482112221419811,1.2289232936340058e-17,3.314162939885494e-22,1.5650483371702029e-19,6.195698758463854e-26,1.5566935518407377e-09
TCN,43,265,10,3,class_3,3,class_3,1,1.0,1.3048885559890516e-29,8.174260574149202e-30,5.907839169817556e-36,1.0,1.3051272012194303e-22,1.2051166793193427e-43,2.7481791137185473e-19,1.6004755171769922e-26,2.594385151332617e-31,5.600211129724442e-24,3.358785983749786e-35,1.0713433873304584e-21
TCN,43,266,10,3,class_3,3,class_3,1,1.0,2.8035213009484288e-30,1.28325302010567e-28,6.816681624164572e-37,1.0,3.700361370203642e-21,3.040817667584853e-43,7.763376977085144e-19,1.228982273906556e-26,7.459152554295392e-29,4.444257577431581e-20,7.464457085988683e-34,4.418094901556991e-18
TCN,43,267,10,3,class_3,3,class_3,1,1.0,1.1689605781192458e-18,3.449736065137088e-20,8.722076960133467e-26,1.0,5.805406611165964e-14,8.59516052643288e-30,4.154896045271972e-12,1.8465399675735296e-19,1.7652964850070733e-20,2.0488840997618697e-14,4.8836545156925784e-26,1.9047554644657794e-08
TCN,43,268,10,3,class_3,3,class_3,1,0.999998927116394,1.201335325464146e-20,8.84570274204986e-20,7.144923055587493e-24,0.999998927116394,1.2244206418486918e-15,1.1626340739892633e-28,1.0816195299412357e-06,2.2626886300401609e-23,1.8183026770823205e-22,1.0162290580133569e-19,8.099976854341079e-29,3.2179535480736376e-08
TCN,43,269,10,3,class_3,3,class_3,1,1.0,5.671104267741984e-19,1.1173068614845429e-20,5.3043583135521645e-24,1.0,3.773512721776595e-16,1.3589412845110484e-29,4.5270319611045995e-12,3.663176787316596e-18,3.715423287104531e-22,7.650641925199624e-16,4.184134018510351e-25,7.991425514494895e-15
TCN,43,270,10,3,class_3,3,class_3,1,1.0,1.2891821292915972e-25,1.239477359508302e-25,3.6052461110482292e-31,1.0,6.143606118750584e-20,4.616461482945571e-38,4.3152910752315533e-17,8.888997013823264e-23,2.7763468986378076e-25,5.051766535970589e-18,1.9025166547945633e-29,2.1736837425125673e-17
TCN,43,271,10,3,class_3,3,class_3,1,1.0,8.333535636794904e-17,9.41660228287736e-21,5.165364272159152e-22,1.0,5.151156329827669e-15,2.2690307047129276e-27,1.2000706206549694e-08,7.335931395548367e-19,4.498589259511485e-25,2.5645358411968547e-20,8.37258658054988e-28,3.7158882762814967e-16
TCN,43,272,10,3,class_3,1,class_1,0,0.9999984502792358,8.271108519278422e-30,0.9999984502792358,7.267697583965893e-36,1.5327904065998155e-06,2.1324278116764645e-16,3.14660360243931e-28,2.258975471958191e-11,2.4837422673354448e-21,7.926918504350366e-24,1.330936773663217e-23,5.052872498396274e-27,7.426285132086825e-16
TCN,43,273,10,3,class_3,3,class_3,1,1.0,2.3878049551627497e-19,4.943908675522778e-22,1.148408816071163e-24,1.0,7.456816434670607e-15,4.148301508458624e-30,2.689844735836999e-10,2.2266704464872326e-21,3.4471262027669647e-23,1.3932899543306415e-17,1.4715599778237813e-28,2.6174892114871895e-11
TCN,43,274,10,3,class_3,6,class_6,0,0.8868781328201294,6.063728512362143e-12,2.4162761746993056e-06,4.018179831834917e-13,0.11311265826225281,6.727861546096392e-06,2.8037294708127547e-13,0.8868781328201294,4.2965719779694783e-16,2.3896877319742546e-16,7.720340243022681e-15,3.9622581420272244e-20,2.3182238351182605e-09
TCN,43,275,10,3,class_3,3,class_3,1,1.0,6.7185659719511124e-34,2.098015521520903e-33,5.3193289705770056e-42,1.0,1.547262689111155e-26,0.0,1.341658971086981e-23,8.593886403404047e-29,5.551455742750569e-33,5.429727761743478e-26,2.5000292816974334e-36,1.1425335275660661e-21
TCN,43,276,10,3,class_3,3,class_3,1,1.0,1.2704813642734353e-21,1.8567135136261075e-24,1.6614718755572736e-26,1.0,4.449828362268608e-17,9.744967187119784e-33,7.922808242799562e-12,2.681279399377126e-22,2.5262991229860967e-27,2.905533091955206e-21,4.326485481224064e-31,1.7821401156663068e-17
TCN,43,277,10,3,class_3,3,class_3,1,1.0,2.4773514208565007e-27,7.972737524040841e-28,7.544753796437533e-35,1.0,8.045238770812588e-20,1.8871286419062311e-41,2.528210127048406e-18,2.6737898040593856e-24,8.051258458245487e-27,2.220608747404996e-18,2.8040009496633383e-31,5.7868524391596534e-15
TCN,43,278,10,3,class_3,3,class_3,1,1.0,1.2876741783450393e-39,9.611364635659023e-39,0.0,1.0,1.0567666942423426e-30,0.0,3.723399880001357e-28,6.2844563673699225e-34,7.745489487561207e-39,5.4238136894963325e-31,1.2849906917858573e-42,6.428702154256095e-27
TCN,43,279,10,3,class_3,6,class_6,0,1.0,9.130506035271983e-21,5.404770681013011e-31,9.975473313868997e-29,4.664221765000141e-22,2.466801330695543e-25,4.02490323666467e-32,1.0,4.351976781518256e-31,3.3139832028962642e-37,3.250311788001413e-41,1.401298464324817e-45,2.203261144669636e-25
TCN,43,280,10,4,class_4,4,class_4,1,1.0,9.35413680187988e-19,1.503947966163821e-09,1.9607695355987149e-28,7.817117780652984e-16,1.0,1.7873390711857642e-20,1.6492353522861867e-17,1.9685459639336418e-31,8.926473113303237e-24,2.4708223816016957e-14,1.5256297195294243e-26,7.696388301511046e-25
TCN,43,281,10,4,class_4,4,class_4,1,1.0,0.0,0.0,0.0,0.0,1.0,0.0,0.0,0.0,0.0,0.0,0.0,0.0
TCN,43,282,10,4,class_4,1,class_1,0,0.9850937128067017,4.179585844088507e-11,0.9850937128067017,5.986232017897442e-13,0.0029039776418358088,0.011227929964661598,8.17897927163358e-09,0.0007471597054973245,1.0243361020512154e-10,7.69887972817962e-11,2.7246856916463003e-05,2.7938712454655956e-10,4.499489947296098e-10
TCN,43,283,10,4,class_4,4,class_4,1,1.0,1.337539185819017e-32,1.9915662428592907e-33,0.0,5.078065065891233e-32,1.0,0.0,2.8894551131074175e-33,0.0,2.802596928649634e-45,3.204309962014558e-39,0.0,0.0
TCN,43,284,10,4,class_4,4,class_4,1,1.0,6.671499820992661e-33,4.460695094296994e-29,0.0,9.146839514970117e-32,1.0,2.819412510221532e-42,4.152662923842645e-34,0.0,3.0688436368713494e-43,1.4566908432113034e-30,0.0,0.0
TCN,43,285,10,4,class_4,4,class_4,1,1.0,1.8931026811078213e-24,5.278891782006179e-21,7.967909377831368e-34,4.273613331913885e-18,1.0,7.51778830959633e-32,2.9950700375927223e-19,5.371188224144738e-38,1.7733175699350922e-32,7.816638116383184e-24,3.2838420576557774e-38,7.086596410563575e-32
TCN,43,286,10,4,class_4,4,class_4,1,1.0,3.1706982186387585e-26,6.564716254227891e-24,1.6357804582424258e-35,1.1390758273533964e-25,1.0,5.275894726950751e-35,2.0318464770862514e-25,0.0,1.3779113534746216e-36,8.06710551839378e-31,0.0,2.886674836509123e-42
TCN,43,287,10,4,class_4,4,class_4,1,1.0,0.0,1.0229478789571165e-43,0.0,0.0,1.0,0.0,0.0,0.0,0.0,0.0,0.0,0.0
TCN,43,288,10,4,class_4,4,class_4,1,1.0,8.175505772753241e-23,5.711466649129086e-18,8.444069629583837e-31,1.3292279591747372e-17,1.0,5.208838229375014e-29,1.816984768097858e-17,2.3621016576374684e-35,4.068482808930445e-31,1.2761158253770817e-21,2.7718114103233122e-37,2.938445859089484e-30
TCN,43,289,10,4,class_4,4,class_4,1,1.0,8.928099999686053e-33,2.3606248513800735e-27,4.203895392974451e-45,8.945846489622168e-29,1.0,1.876058384038065e-41,1.5018716174580397e-29,0.0,7.006492321624085e-45,1.4140445899501943e-31,0.0,0.0
TCN,43,290,10,4,class_4,4,class_4,1,1.0,3.8660283202410946e-40,6.76312466948134e-35,0.0,1.2696306016655249e-33,1.0,0.0,2.071786201792227e-33,0.0,0.0,9.781063280987223e-43,0.0,0.0
TCN,43,291,10,4,class_4,4,class_4,1,1.0,2.6690429566874263e-15,8.859473155098385e-09,7.419689176028954e-26,4.002383141707075e-16,1.0,8.366586160327222e-20,1.0408195801468625e-15,5.54268268751702e-30,9.834537306853694e-22,2.001134184371361e-15,1.580802335388071e-28,4.0771263872469905e-21
TCN,43,292,10,4,class_4,4,class_4,1,1.0,0.0,0.0,0.0,0.0,1.0,0.0,0.0,0.0,0.0,0.0,0.0,0.0
TCN,43,293,10,4,class_4,4,class_4,1,1.0,7.189326388364987e-33,5.792662928972957e-37,0.0,5.408142433193067e-35,1.0,0.0,7.416708568595185e-36,0.0,1.401298464324817e-45,3.1756225798529004e-41,0.0,0.0
TCN,43,294,10,4,class_4,4,class_4,1,1.0,1.9589160403922956e-20,7.964404824664303e-14,4.542055788130514e-27,1.2259116117417614e-17,1.0,3.1197126394986046e-23,1.4086754516855819e-18,1.192072112553064e-31,9.539902156899712e-27,1.0672099636446441e-16,7.301912862788157e-30,1.0251088916430591e-31
TCN,43,295,10,4,class_4,1,class_1,0,1.0,1.5873495147208092e-32,1.0,2.4208099110319005e-37,7.286958541040471e-33,3.6857393222525237e-13,1.2418867854758755e-17,2.160988039003652e-29,1.177037460691202e-39,2.8088249250131436e-34,2.349473686909416e-29,9.955619007396603e-31,6.944812768418364e-39
TCN,43,296,10,4,class_4,4,class_4,1,1.0,8.928545648116479e-25,5.2559483295222974e-27,1.1192417463092035e-38,1.1319837174445668e-27,1.0,8.486346008404672e-37,7.067790348827538e-29,0.0,1.0184193773711401e-33,1.0143503629742769e-29,0.0,3.959995191363324e-39
TCN,43,297,10,4,class_4,4,class_4,1,1.0,3.574011733260446e-41,0.0,0.0,1.1630777253895982e-43,1.0,0.0,2.802596928649634e-45,0.0,0.0,0.0,0.0,0.0
TCN,43,298,10,4,class_4,4,class_4,1,1.0,1.5324975191509703e-23,8.491670215358989e-19,1.096276146037077e-37,5.69474396075724e-23,1.0,2.338062965762933e-31,2.750301028826319e-24,2.045895757914233e-43,2.4550297964575356e-32,3.3960275798590926e-23,3.730256512032663e-42,9.266165746497812e-34
TCN,43,299,10,4,class_4,4,class_4,1,1.0,1.0876605313080831e-32,7.999861334667633e-33,0.0,6.8104281004029895e-34,1.0,0.0,1.4098420066281726e-33,0.0,0.0,2.9388732043052226e-40,0.0,0.0
TCN,43,300,10,4,class_4,4,class_4,1,1.0,1.7000963720463573e-16,1.0329278122937768e-13,3.862193117818533e-21,4.0186917023152724e-16,1.0,2.3987226406491986e-20,5.569385094402466e-16,1.485524895850533e-28,8.442179482322058e-21,4.343267316164832e-17,1.8321704361650165e-26,1.5072689819604053e-26
TCN,43,301,10,4,class_4,4,class_4,1,1.0,2.8982215358551597e-40,2.0178697886277366e-43,0.0,2.1117567857374993e-42,1.0,0.0,3.685414961174269e-42,0.0,0.0,0.0,0.0,0.0
TCN,43,302,10,4,class_4,4,class_4,1,1.0,4.0287830384215053e-35,1.0777890956569325e-39,0.0,5.826851248386168e-40,1.0,0.0,2.6367588605906493e-39,0.0,0.0,1.401298464324817e-45,0.0,0.0
TCN,43,303,10,4,class_4,4,class_4,1,1.0,4.302590760433531e-22,7.42969748224187e-12,1.5300736641489565e-30,2.8932470568648894e-12,1.0,1.8004320351278881e-25,2.8390009910567285e-17,8.263741837241141e-30,3.5835931933311266e-25,2.107910098911054e-15,2.3634632869321114e-27,2.3063018787756927e-27
TCN,43,304,10,4,class_4,4,class_4,1,1.0,8.625097963662377e-34,8.351907298976543e-30,0.0,1.7183837434510912e-33,1.0,9.668959403841238e-44,2.134994906065162e-31,0.0,0.0,7.196909164747327e-38,0.0,0.0
TCN,43,305,10,4,class_4,4,class_4,1,1.0,3.0870089743911523e-27,5.227057688299151e-19,1.2247348578198901e-42,1.281853711630451e-28,1.0,5.436034598965221e-31,7.276053491702836e-30,0.0,1.9231965397652228e-36,7.34526394246202e-32,0.0,1.0371640518776917e-39
TCN,43,306,10,4,class_4,4,class_4,1,1.0,1.8874826049074335e-27,1.618322128642496e-34,0.0,1.5291836114179246e-34,1.0,4.203895392974451e-45,2.051424297830833e-34,0.0,1.3298322426442514e-42,4.018341952353433e-37,0.0,3.2976476501263055e-40
TCN,43,307,10,4,class_4,4,class_4,1,1.0,6.909794103547919e-18,4.142268217578734e-19,2.5344408169124343e-31,2.199703671893472e-22,1.0,2.0928581889800496e-27,1.3480820343494714e-23,7.544943498618439e-38,7.520191904246857e-26,1.5409396876775921e-22,5.453607555141853e-38,4.9330586030336835e-29
TCN,43,308,10,4,class_4,1,class_1,0,0.9999997615814209,4.288999495348799e-32,0.9999997615814209,2.673677469931751e-42,2.089518602588214e-07,6.236510873697254e-12,2.3903794233010818e-30,2.642452215931515e-20,3.1337709001082643e-25,1.076752091092424e-27,8.217205117975404e-25,3.8370376911812245e-28,3.411563953798768e-26
TCN,43,309,10,4,class_4,4,class_4,1,1.0,1.3794080322426794e-09,5.750201736987037e-08,9.256490198519526e-18,1.3600851000994396e-10,1.0,5.9002447398085866e-15,2.72405362156114e-11,2.354499820268009e-20,1.2211586993340906e-12,5.499080635296139e-10,2.62270072617914e-19,3.1669579339619475e-14
TCN,43,310,10,4,class_4,4,class_4,1,1.0,1.474632583823528e-22,5.249389949250949e-22,2.637201670905376e-39,2.4750219022774314e-24,1.0,1.4583683970768337e-32,4.1375769886281624e-27,4.203895392974451e-45,7.338597713998506e-32,1.1612047932292849e-26,2.4242463432819335e-43,2.3098066805137066e-34
TCN,43,311,10,4,class_4,4,class_4,1,0.971785843372345,1.8275341994964409e-16,0.028214093297719955,1.2493710930400355e-20,1.380885539248311e-08,0.971785843372345,4.2106333068663016e-14,1.3519688146779174e-10,4.725399530155648e-18,1.2809137354627985e-19,4.287780130951546e-10,1.2148938141367389e-18,7.556173403519439e-20
TCN,43,312,10,4,class_4,4,class_4,1,1.0,4.7994156513668926e-20,1.7273591682454709e-13,2.1861847698174826e-30,3.720650123457393e-18,1.0,8.680226040218746e-25,1.4891615841621733e-21,9.308123647979133e-39,1.6350597709075602e-24,1.898387570820171e-18,9.532856578353595e-32,1.551912393164635e-29
TCN,43,313,10,4,class_4,4,class_4,1,1.0,3.4500206912004016e-23,1.2062035135901871e-21,1.5426727948026942e-32,5.6288090730326955e-22,1.0,1.4664190933993866e-31,4.1979860373527975e-22,1.0466718619581356e-40,1.4142497137144128e-31,4.561609446707087e-26,7.172069748168706e-40,1.844469161627398e-35
TCN,43,314,10,4,class_4,4,class_4,1,1.0,2.0706553394925374e-34,2.317259913098013e-30,0.0,2.7006400793418624e-29,1.0,1.401298464324817e-45,7.512373747517572e-31,0.0,0.0,7.339022689285907e-38,0.0,0.0
TCN,43,315,10,4,class_4,4,class_4,1,0.9999998807907104,4.584113359218834e-18,1.1737380134491104e-07,8.658403189351938e-24,1.3890708368982535e-17,0.9999998807907104,3.2320807915621735e-15,4.444380219882089e-18,1.8818262102905264e-25,3.0480749311398107e-21,1.3153198148707634e-12,1.613990794964827e-23,1.4503518356469733e-24
TCN,43,316,10,4,class_4,4,class_4,1,1.0,7.736092040649368e-26,1.1044429847214474e-25,5.32353286596998e-42,1.4183679594309932e-29,1.0,4.5793023995776034e-35,1.0729264238508933e-28,0.0,1.7484395545028296e-37,4.767432969504766e-33,0.0,1.6422241296857222e-38
TCN,43,317,10,4,class_4,4,class_4,1,1.0,1.401298464324817e-45,3.183974879219662e-38,0.0,1.6431065273287075e-39,1.0,0.0,0.0,0.0,0.0,0.0,0.0,0.0
TCN,43,318,10,4,class_4,4,class_4,1,1.0,4.215187464210509e-15,1.1962197725423618e-12,1.947804961047984e-21,3.714837953309319e-13,1.0,3.6608976979338593e-19,1.134234545207332e-14,7.732698706161754e-26,7.173488632879438e-19,4.961401891401393e-15,2.489185505400222e-25,7.538995188642186e-21
TCN,43,319,10,4,class_4,4,class_4,1,1.0,1.266046564574695e-26,5.1991943032357583e-20,2.148199603803218e-36,1.370771560938913e-20,1.0,1.437205090658217e-32,1.4211437675930996e-25,2.7325320054333933e-43,2.739682365664876e-32,1.1851414878275732e-20,5.1972996964082076e-39,1.515612345466689e-33
TCN,43,320,10,5,class_5,5,class_5,1,1.0,4.8436385784954455e-32,1.708677709157105e-17,1.736654790841928e-21,0.0,1.061389823043204e-35,1.0,1.401298464324817e-45,5.069924513605009e-29,1.1709880932284103e-31,3.4743152101080944e-34,4.002378741106216e-18,7.624666749306813e-35
TCN,43,321,10,5,class_5,5,class_5,1,0.5765248537063599,0.42347413301467896,1.6140964120836543e-08,9.383509524951705e-10,1.846174489704536e-23,1.7179263567257408e-10,0.5765248537063599,5.70074395854735e-20,1.530153607987028e-11,9.966937568606227e-07,1.3055784751914157e-11,1.5321242941013224e-08,5.1009465884066865e-14
TCN,43,322,10,5,class_5,5,class_5,1,1.0,1.861762867069436e-17,1.938335968990205e-17,4.18600972027644e-14,6.883465322948688e-39,2.379013591970484e-26,1.0,1.1770523144549238e-38,1.209505304319625e-24,9.292923110105483e-20,1.8235322243635717e-25,9.178861945009385e-16,2.2206658100045462e-35
TCN,43,323,10,5,class_5,5,class_5,1,1.0,6.401966071389832e-16,1.293943094456075e-15,1.148840896546266e-12,5.439093291285714e-35,1.1026963973734815e-24,1.0,3.935550678449203e-33,3.8322921940204645e-24,2.024866588406826e-18,5.156890726690025e-25,1.7455219940894912e-13,1.469684757765293e-30
TCN,43,324,10,5,class_5,5,class_5,1,1.0,1.0594347173495519e-15,4.124742556652116e-15,3.728873210206984e-09,5.129211765490991e-31,8.167553423739889e-24,1.0,9.40417015714337e-31,7.38407411499252e-21,1.378353269194943e-13,2.308046080850067e-18,2.5499771565129503e-12,1.5074423156554e-25
TCN,43,325,10,5,class_5,5,class_5,1,0.92140132188797,1.9751742286189256e-07,0.07859654724597931,1.6312012576236157e-06,6.2423665352814e-16,1.7569265153838387e-08,0.92140132188797,2.856485664323727e-13,6.578114246889866e-13,1.4355926225562143e-08,7.944121471759047e-10,2.3473408816698793e-07,1.422829302294426e-12
TCN,43,326,10,5,class_5,5,class_5,1,1.0,1.192907275906897e-19,1.188117894990336e-16,2.9781871548973174e-14,2.4780702172966498e-40,5.93943168894667e-28,1.0,3.395783384179901e-37,3.7859007514657005e-22,2.276259277974933e-21,1.7856288368335423e-27,8.672758344818732e-11,1.5031719587128741e-30
TCN,43,327,10,5,class_5,5,class_5,1,1.0,2.4920773777914462e-11,2.1960312041047203e-11,2.2824204748417287e-09,3.1414062108541886e-26,6.477796960690569e-17,1.0,3.6433326436073823e-25,6.252199165048369e-19,8.567716577433798e-14,1.883168895115267e-18,7.044514277465552e-12,4.4119365375546435e-23
TCN,43,328,10,5,class_5,5,class_5,1,0.9999986886978149,1.9958367623574598e-19,1.342546966043301e-06,1.8351311003575108e-14,3.257419512814593e-34,4.7201167379424035e-21,0.9999986886978149,1.9161716184708903e-28,7.397851842070357e-21,1.560769064988185e-13,3.769769618804762e-22,3.0708158238468286e-11,1.2441899406003825e-24
TCN,43,329,10,5,class_5,5,class_5,1,0.9999996423721313,1.0898841174868654e-36,3.6803257330575434e-07,7.514106581920176e-27,0.0,5.043105017289298e-40,0.9999996423721313,0.0,2.0258121241157754e-37,2.5710887423657607e-27,4.393476781953263e-38,8.253423690777511e-18,0.0
TCN,43,330,10,5,class_5,5,class_5,1,1.0,3.881186767958142e-21,1.3524703447240482e-16,3.384278936820294e-19,0.0,7.321914999430111e-29,1.0,2.8306228979361305e-43,2.512329121651574e-32,9.291126827754818e-25,1.5958929782752268e-31,4.514386583073983e-18,9.52448553216935e-41
TCN,43,331,10,5,class_5,5,class_5,1,1.0,5.143283739877654e-22,3.193207696755595e-15,2.2704286693744013e-16,0.0,7.857530274618163e-33,1.0,2.5223372357846707e-44,8.321586791648e-33,4.445973223209375e-26,3.666374054862852e-35,4.689404765800403e-18,6.464223520906305e-31
TCN,43,332,10,5,class_5,5,class_5,1,1.0,4.493291078630104e-17,7.93137084544734e-18,5.504021122810829e-22,0.0,3.327453046449138e-27,1.0,0.0,4.0111908693674125e-29,4.355517394939854e-22,1.3479840408732483e-31,1.0718932286623479e-17,5.2144698064915795e-40
TCN,43,333,10,5,class_5,5,class_5,1,1.0,0.0,2.1691960097901736e-38,3.190453922799314e-39,0.0,0.0,1.0,0.0,0.0,0.0,0.0,2.6570327701113854e-32,0.0
TCN,43,334,10,5,class_5,5,class_5,1,1.0,4.156933116456938e-31,4.1280641977148675e-30,7.978029376690374e-21,0.0,0.0,1.0,0.0,2.222460261250177e-37,2.5063202178740973e-30,5.605193857299268e-45,1.5777544453021282e-20,0.0
TCN,43,335,10,5,class_5,5,class_5,1,1.0,3.409744681699342e-14,2.037103014960041e-15,2.577084379229433e-12,1.8277650310396657e-34,8.885336068134315e-23,1.0,5.377314189263115e-32,7.283406798638136e-24,2.6134244125972407e-18,1.2920438011113769e-23,1.778243242760158e-12,4.527500563548011e-30
TCN,43,336,10,5,class_5,5,class_5,1,0.9999998807907104,4.296906233602904e-11,1.8485064173789922e-11,6.437930011315984e-08,9.248122691804277e-26,6.579197102875535e-19,0.9999998807907104,6.443593209776718e-23,2.8911984038145397e-17,5.401427638496159e-10,7.459222769246972e-18,1.888925904580674e-09,7.482334195561704e-18
TCN,43,337,10,5,class_5,5,class_5,1,0.9999991655349731,4.5461809242786836e-18,8.781881319919194e-07,4.652785728236864e-17,7.391353900463411e-32,1.4073131126816883e-21,0.9999991655349731,1.0449618247618934e-27,8.454188747333457e-22,5.557556543991856e-17,3.119679045383639e-20,3.3972977209195676e-10,2.4249841395149005e-23
TCN,43,338,10,5,class_5,0,class_0,0,0.9994968175888062,0.9994968175888062,1.1344699423617003e-34,4.6705272682238603e-29,0.0,4.6909393506228105e-35,0.000503128336276859,0.0,3.935204734135176e-34,3.404695969653874e-29,1.6815581571897805e-44,3.4355688959240764e-34,2.5643761897144152e-43
TCN,43,339,10,5,class_5,5,class_5,1,1.0,6.637980224586347e-21,3.2172322531748287e-12,1.707367268951183e-18,1.401298464324817e-44,1.2074429045201225e-27,1.0,1.272254290043609e-39,4.741971485611053e-24,6.66984213933851e-19,7.904401061456511e-25,1.6334139596452246e-09,1.762552536832889e-26
TCN,43,340,10,5,class_5,5,class_5,1,1.0,1.8273764980142953e-32,2.8705262904027825e-25,9.410475861489487e-33,0.0,8.165695916385722e-36,1.0,0.0,2.942726775082116e-44,9.441555568011835e-38,8.407790785948902e-45,4.038700016454258e-24,0.0
TCN,43,341,10,5,class_5,5,class_5,1,1.0,3.979266135351045e-12,2.961629830267043e-10,5.645855096531686e-17,2.0211264062588275e-38,1.8903293582384383e-19,1.0,2.783180922859992e-29,9.314993969059017e-21,1.0963392228834166e-14,2.657185465295841e-24,2.980352908910078e-10,2.9719389233292803e-22
TCN,43,342,10,5,class_5,5,class_5,1,1.0,0.0,1.401298464324817e-45,2.1698178499967024e-37,0.0,0.0,1.0,0.0,0.0,0.0,0.0,1.9908652739965538e-35,0.0
TCN,43,343,10,5,class_5,5,class_5,1,1.0,1.2693814795885655e-29,1.266163759722927e-24,2.5736311624853463e-27,0.0,4.37079699051592e-37,1.0,0.0,2.2620448128936874e-37,4.761248893467294e-35,1.401298464324817e-45,3.501255846367217e-20,0.0
TCN,43,344,10,5,class_5,5,class_5,1,1.0,1.1552862863779795e-30,5.682620486442298e-28,1.0014974137028379e-28,0.0,3.112439265239143e-37,1.0,0.0,2.09571191832098e-40,1.6198257750319543e-38,0.0,3.583921310163892e-25,0.0
TCN,43,345,10,5,class_5,5,class_5,1,1.0,6.188686130053336e-39,2.7809612133674475e-30,1.4500112759519181e-36,0.0,6.086301659055908e-40,1.0,0.0,0.0,9.181727927795499e-41,0.0,4.698986060455107e-25,0.0
TCN,43,346,10,5,class_5,5,class_5,1,1.0,1.6556751821220502e-20,5.726591762434904e-16,6.260905989333843e-28,0.0,1.6292184561793897e-33,1.0,0.0,1.0021374398140075e-32,2.953839369717371e-25,4.6084180297603464e-39,2.50732313829334e-16,1.2658283366180956e-35
TCN,43,347,10,5,class_5,5,class_5,1,1.0,1.1496133405795133e-18,2.3336055852453408e-14,5.265838645757893e-21,0.0,8.512437100615273e-24,1.0,3.742629977472651e-40,1.8870300113705025e-26,5.796831949337611e-25,7.226626004312907e-29,2.506669524726668e-11,1.3218989292762453e-35
TCN,43,348,10,5,class_5,5,class_5,1,1.0,1.745219265941017e-24,6.645877149485588e-16,2.6623551185100786e-20,0.0,1.7593522009887074e-29,1.0,6.693021855154624e-41,1.1243840171433142e-26,1.5483202249473379e-25,8.153173333970027e-31,8.758406055530549e-14,4.1841651622542244e-33
TCN,43,349,10,5,class_5,5,class_5,1,1.0,3.141447903024513e-30,4.0416879257403956e-25,5.18379334874839e-25,0.0,3.5417538426116887e-40,1.0,0.0,3.773965365316374e-35,6.773865978700719e-35,0.0,2.1017132635130905e-21,0.0
TCN,43,350,10,5,class_5,5,class_5,1,1.0,4.3179202982486054e-27,3.163001919107765e-19,5.594064483323141e-23,0.0,6.632840737599555e-29,1.0,1.2444245025421181e-39,3.792437246270348e-28,1.5554175387188773e-26,4.708164461110388e-36,2.44195596462739e-15,2.996800125811196e-31
TCN,43,351,10,5,class_5,5,class_5,1,1.0,4.3446019351578435e-13,7.47587602933919e-10,1.8337358541342663e-12,1.0705050258588209e-30,1.2863780843854692e-16,1.0,3.50065926028911e-25,4.2008942299031235e-18,3.9569194952961476e-14,3.060508812839675e-20,1.0690488078113347e-10,4.619299859871277e-22
TCN,43,352,10,5,class_5,5,class_5,1,1.0,7.92006885544065e-40,3.4663046867641584e-35,6.873088707820363e-41,0.0,0.0,1.0,0.0,0.0,0.0,0.0,1.172342897487507e-30,0.0
TCN,43,353,10,5,class_5,5,class_5,1,1.0,1.5997096988988127e-22,1.3589178495035264e-18,1.062661424021311e-21,1.401298464324817e-45,4.379289371219891e-23,1.0,1.0115531027853882e-36,1.1900701497532747e-28,4.326003256743364e-25,8.635633331781621e-34,3.1905886179431255e-16,1.5820780103045466e-32
TCN,43,354,10,5,class_5,5,class_5,1,1.0,1.7876380759745694e-21,6.24462260422769e-18,2.0948434840971914e-23,0.0,1.1557464188773998e-27,1.0,2.802596928649634e-44,4.2010028691146895e-27,8.74300161890397e-25,4.1775579771270786e-35,1.2500496141952967e-14,1.0207787137758925e-36
TCN,43,355,10,5,class_5,5,class_5,1,1.0,0.0,0.0,0.0,0.0,0.0,1.0,0.0,0.0,0.0,0.0,2.5223372357846707e-42,0.0
TCN,43,356,10,5,class_5,5,class_5,1,1.0,1.065360060380087e-22,3.9514411929424125e-23,3.0271982570032345e-26,0.0,6.297497044558556e-31,1.0,0.0,4.1179131986159264e-33,2.7573625530176276e-30,1.7990009814848434e-40,1.0535158073995758e-20,1.4895802675772805e-42
TCN,43,357,10,5,class_5,5,class_5,1,1.0,1.844774153129394e-25,2.7616008302843928e-14,2.9885502387786705e-21,0.0,2.0590537612628983e-33,1.0,0.0,1.3970512735176578e-34,1.5118989175467122e-26,1.6015002764281262e-35,1.1993237934666532e-17,8.505837633286724e-34
TCN,43,358,10,5,class_5,5,class_5,1,1.0,0.0,7.860501924337041e-32,2.3261554507791963e-43,0.0,0.0,1.0,0.0,0.0,0.0,0.0,1.7876289197827658e-31,0.0
TCN,43,359,10,5,class_5,5,class_5,1,1.0,7.598712717483627e-19,6.136379376619628e-24,2.15615061792887e-25,0.0,5.402484248236063e-23,1.0,0.0,1.0795092126690998e-32,4.9587114137509786e-24,4.4942713397130683e-38,3.903079182727798e-17,6.726232628759122e-44
TCN,43,360,10,6,class_6,3,class_3,0,0.9945486187934875,1.1318672778551364e-12,4.3626818407114924e-16,3.800672303834712e-16,0.9945486187934875,7.520315037368164e-09,1.3699615055499792e-20,0.005451391916722059,7.141446480770925e-16,1.2384652821190207e-19,6.385913738248179e-17,1.210973768894694e-24,5.480629144960503e-11
TCN,43,361,10,6,class_6,6,class_6,1,1.0,5.508735828607669e-11,2.9751051207020243e-21,2.6559596857841363e-16,7.671347931892392e-12,5.108978483037819e-17,1.1875109748135449e-23,1.0,9.493436084985341e-19,1.6630596787635654e-23,1.2919131326194773e-27,6.486872123211903e-32,3.257017044482646e-17
TCN,43,362,10,6,class_6,3,class_3,0,0.9996305704116821,1.5847746097529176e-15,1.9717028303025547e-13,3.974659505189258e-18,0.9996305704116821,0.00036934303352609277,3.8866684551034394e-22,8.112352389844091e-08,2.7095103329368598e-18,2.8502023400396766e-16,1.0350156287586287e-08,7.389992919431732e-22,1.3645530018424612e-13
TCN,43,363,10,6,class_6,6,class_6,1,1.0,0.0,0.0,0.0,0.0,0.0,0.0,1.0,0.0,0.0,0.0,0.0,0.0
TCN,43,364,10,6,class_6,3,class_3,0,1.0,6.429768339696678e-16,1.8451213033989595e-15,7.948086407868235e-19,1.0,6.289668341707966e-09,1.7287486627667346e-22,1.1166767066583816e-08,3.2614682687949164e-17,1.1128852227085972e-16,4.4148507766239575e-11,6.686544067011789e-22,1.023177094265637e-12
TCN,43,365,10,6,class_6,4,class_4,0,0.9884953498840332,5.900171231587592e-07,2.631833524446847e-07,1.7631951010343982e-08,0.007967174053192139,0.9884953498840332,1.0074819667763024e-12,1.2246438018337358e-05,3.838967772146207e-12,1.943223963962737e-07,0.0035240878351032734,1.997990125126095e-14,7.523097145245572e-10
TCN,43,366,10,6,class_6,6,class_6,1,0.9999983310699463,1.6521358725540836e-09,7.7701852732324e-17,1.0053624599493105e-12,1.680723130448314e-06,9.452182959945876e-13,6.329870907579216e-19,0.9999983310699463,1.980149578377846e-15,2.296090425866532e-18,1.0854604079012514e-20,7.060193182087127e-25,4.9912808261498576e-12
TCN,43,367,10,6,class_6,4,class_4,0,0.9962848424911499,4.734888592317077e-10,2.7327764495765905e-09,3.2426361942783366e-12,0.003361720824614167,0.9962848424911499,1.302317656266019e-16,1.3913029306422686e-07,2.013771915944395e-15,5.118954593541503e-09,0.0003533183771651238,1.351548666998317e-16,1.8842231594429215e-11
TCN,43,368,10,6,class_6,6,class_6,1,0.9998064637184143,1.7151393194581033e-08,5.502941418517038e-12,2.3703392026952486e-10,0.00017806280811782926,1.5435312889167108e-05,8.026384258293974e-15,0.9998064637184143,3.745977323905275e-13,1.2962399301716734e-14,8.535140910009842e-13,1.0753416464083837e-19,3.5736583137158107e-10
TCN,43,369,10,6,class_6,6,class_6,1,1.0,5.504312307148164e-23,3.015979215099575e-36,4.7443511621742237e-35,8.06728983590799e-31,3.6303397274976056e-29,5.5270966912855176e-39,1.0,2.3056684672307675e-40,5.684227090687188e-41,0.0,0.0,4.637247337493182e-33
TCN,43,370,10,6,class_6,6,class_6,1,1.0,6.442749949426211e-41,2.802596928649634e-44,0.0,0.0,0.0,0.0,1.0,0.0,0.0,0.0,0.0,2.469620387556771e-40
TCN,43,371,10,6,class_6,3,class_3,0,0.9999971389770508,1.1793092817344834e-16,5.6964024494035766e-15,9.691287476997339e-20,0.9999971389770508,2.638485739225871e-06,5.550788205151441e-24,4.7473992736968285e-08,1.2550276248410767e-17,6.362915470241244e-17,7.297629878166845e-08,2.405154858484722e-22,1.6876820036967888e-12
TCN,43,372,10,6,class_6,4,class_4,0,1.0,5.486717908505522e-25,1.4021465178811803e-24,5.165909758728182e-32,7.620909925256519e-14,1.0,1.7105003290434155e-36,2.873866105868683e-19,1.2808834859869212e-39,2.0718537442282572e-29,7.314455890551092e-23,1.3170804266188956e-41,9.138129830637021e-30
TCN,43,373,10,6,class_6,6,class_6,1,1.0,2.2553142079578814e-12,4.479211794620467e-22,1.0538424726557004e-18,8.340463042433299e-11,9.921298565550845e-18,5.4515223861810205e-25,1.0,4.643030694215207e-20,3.1814950127218725e-25,6.522268645779288e-28,1.3254551038925638e-33,6.293963017867804e-17
TCN,43,374,10,6,class_6,6,class_6,1,0.9999997615814209,8.930382544569682e-10,3.0085485320839676e-18,2.8202832172836336e-17,1.5152461685374874e-07,1.269738021392186e-07,2.2491805229979545e-22,0.9999997615814209,3.0334823423013172e-21,1.098649738144924e-22,7.336453876427468e-21,1.90310316064794e-30,7.751571558780364e-18
TCN,43,375,10,6,class_6,6,class_6,1,1.0,6.237576373382264e-14,1.3491212797060096e-23,5.6340107587328504e-21,4.236399859386397e-12,1.0781547584247058e-18,1.671682077601646e-26,1.0,2.337734640338955e-22,6.596662889892095e-27,4.092690657472635e-30,5.60909514397043e-35,2.8049930318147746e-18
TCN,43,376,10,6,class_6,4,class_4,0,0.5836638808250427,1.6951924408203922e-05,1.1266748645155644e-09,2.1888932888458612e-09,0.16826744377613068,0.5836638808250427,3.8071612919535203e-13,0.2480517029762268,3.612504176006559e-13,1.4669069724106837e-13,3.7610256575781875e-10,5.1521267053304224e-18,8.318903291920643e-13
TCN,43,377,10,6,class_6,6,class_6,1,0.9206883311271667,8.651695332373421e-11,1.8121436426085658e-13,3.2858223850874987e-16,0.0001692003570497036,0.07914241403341293,4.333799820463856e-18,0.9206883311271667,8.947528029220284e-20,2.0769805177593668e-23,2.1219719840359983e-16,8.543560048397885e-27,9.294698317248204e-20
TCN,43,378,10,6,class_6,6,class_6,1,1.0,5.321605573953464e-24,6.689098802394675e-36,2.844565049780836e-30,6.029325311695295e-29,1.7825082312917138e-31,6.790271968578766e-40,1.0,6.117617540825007e-37,8.854241113566475e-38,0.0,0.0,7.264010246450131e-32
TCN,43,379,10,6,class_6,6,class_6,1,1.0,1.550739137795576e-12,7.479332202022384e-20,9.114890319335402e-19,7.518130007433399e-10,5.077087838686878e-13,7.171261606599884e-22,1.0,5.9572424883011e-21,1.9702573945062854e-25,4.0363239181039256e-26,2.6810931411323213e-31,7.5534256129221145e-19
TCN,43,380,10,6,class_6,3,class_3,0,1.0,0.0,7.006492321624085e-45,0.0,1.0,1.8357009882655104e-43,0.0,6.165713243029195e-44,1.671538873169858e-40,0.0,1.2611686178923354e-44,0.0,1.401298464324817e-45
TCN,43,381,10,6,class_6,6,class_6,1,0.9999996423721313,1.3502664764075689e-08,1.4213171495896532e-17,1.9743438654795664e-12,3.3758209383449866e-07,2.058635163379452e-12,5.741542315816055e-19,0.9999996423721313,2.0727421379740027e-14,1.4996802600162291e-19,3.3587499200690115e-18,6.821188573180736e-27,4.252340146670974e-11
TCN,43,382,10,6,class_6,3,class_3,0,1.0,6.355182785969778e-36,1.8739893702352214e-25,1.2124034313338317e-41,1.0,2.2273019272752793e-26,2.1860256043467146e-43,3.2291133844475926e-21,1.5510869080533677e-25,1.8422048426752525e-35,1.8790915207327327e-27,6.06290842733402e-36,3.636996596016821e-27
TCN,43,383,10,6,class_6,3,class_3,0,1.0,3.088126951776143e-20,9.596908269368313e-21,2.0658430540943332e-26,1.0,6.311949629633773e-09,9.289929033362096e-31,1.0067241484890133e-09,8.822615315282003e-23,2.920609511274977e-23,3.818039126231385e-15,7.262798429323868e-30,1.7637252335694908e-12
TCN,43,384,10,6,class_6,3,class_3,0,1.0,2.842194730074592e-34,2.557157245242075e-30,3.685414961174269e-43,1.0,1.055049122374262e-18,0.0,6.915684178606974e-23,1.89830803119482e-33,4.2863460188899095e-34,7.129677406473675e-26,5.166856487270751e-39,1.9535913520288106e-24
TCN,43,385,10,6,class_6,6,class_6,1,1.0,8.653119995712111e-13,8.777568707021241e-22,1.0559526707825079e-15,2.2388080278545885e-09,1.413958186900912e-16,4.54471880419002e-22,1.0,9.354999137668466e-18,6.980130949259148e-26,2.977389471595503e-27,1.2131244640599067e-30,9.030521329654535e-17
TCN,43,386,10,6,class_6,3,class_3,0,1.0,1.0605010491120838e-17,4.246432815568826e-15,1.4320087756619793e-21,1.0,2.2729933490950316e-09,4.188274591629675e-23,9.00740371179154e-09,2.1132389420009084e-16,8.306296455146441e-19,1.3102819610560923e-12,1.4272649271607304e-20,1.0858641459957075e-12
TCN,43,387,10,6,class_6,6,class_6,1,1.0,2.425064541389326e-27,3.410760462166605e-42,3.79244593740538e-31,1.9657759702706466e-32,1.486740091994082e-33,3.363116314379561e-44,1.0,1.267474460981797e-41,0.0,0.0,0.0,1.221231499555201e-37
TCN,43,388,10,6,class_6,3,class_3,0,1.0,8.489242815064739e-26,7.809455537841147e-24,5.389247572813793e-31,1.0,4.710053003347316e-20,1.3122881437131637e-34,3.2484204128685468e-12,2.0519289775366252e-23,9.047844943183132e-29,1.8260141269078797e-21,8.292433062379669e-33,5.4984080843925776e-18
TCN,43,389,10,6,class_6,3,class_3,0,0.9999967813491821,9.72381250302626e-17,1.1620566185341485e-18,1.1946976049451914e-19,0.9999967813491821,1.425938143603811e-12,5.298092391381994e-24,3.2522386845812434e-06,2.243882301119788e-18,2.9836521824854915e-22,5.358086819640307e-18,4.5046860449731955e-26,1.0021673161469957e-12
TCN,43,390,10,6,class_6,6,class_6,1,0.9791172742843628,4.543370887843956e-11,4.672265924306716e-15,3.5526696330872437e-15,0.020882753655314445,2.0831307599028515e-12,9.246248048174895e-18,0.9791172742843628,1.1471487822156679e-13,6.528707969301602e-21,5.791188662205722e-18,1.0796654849164183e-23,7.49877104855301e-11
TCN,43,391,10,6,class_6,3,class_3,0,0.9999780654907227,1.1444169506124246e-17,3.402897738433097e-19,3.2072050939494065e-20,0.9999780654907227,1.6200403648788941e-12,2.5137506339888043e-24,2.1878144252696075e-05,1.028700485958213e-19,2.06711612768394e-24,3.486345269591095e-20,4.706213004719344e-28,7.436009815710298e-13
TCN,43,392,10,6,class_6,3,class_3,0,0.9999998807907104,6.719383145948449e-27,1.533829885498366e-24,1.118317355674878e-35,0.9999998807907104,6.986027756283875e-08,1.9787917783531104e-39,2.307847143912748e-15,2.0560953725896648e-32,2.6819637122485403e-30,3.719950444981447e-20,4.6245335226194676e-38,8.076907348252438e-21
TCN,43,393,10,6,class_6,3,class_3,0,0.9753658771514893,2.3578110575073197e-09,1.8125964054357957e-12,5.564715355177441e-11,0.9753658771514893,3.895027234079862e-08,7.339569287078719e-15,0.024634042754769325,3.314114954688918e-11,1.8424940189548135e-15,2.658524008575247e-12,2.579682681435437e-18,6.252596218558892e-10
TCN,43,394,10,6,class_6,3,class_3,0,1.0,0.0,3.215979975625455e-42,0.0,1.0,1.1413180937862573e-36,0.0,2.1621924994316816e-36,1.521547719501128e-36,2.4382593279251817e-43,5.415721501896615e-34,1.5414283107572988e-44,2.4402854973467747e-33
TCN,43,395,10,6,class_6,3,class_3,0,0.7026394605636597,5.451673140699498e-11,9.699532165950361e-14,5.754608435956524e-16,0.7026394605636597,1.0526509525154992e-10,1.283153895657957e-18,0.29736053943634033,2.37434225926203e-12,1.6535585497191492e-18,5.584940875654615e-14,2.985979233803472e-21,2.689102629460649e-08
TCN,43,396,10,6,class_6,3,class_3,0,0.9986525177955627,3.910422208264208e-08,2.809779665879919e-11,1.248405823162102e-10,0.9986525177955627,2.1816898509996463e-08,2.0539617234674803e-15,0.001346318400464952,4.989400559374246e-10,6.873402129577155e-13,1.4312156793039321e-08,1.1822427950588415e-16,1.1895479019585764e-06
TCN,43,397,10,6,class_6,3,class_3,0,0.9999996423721313,8.416597143440539e-17,1.5995493260425355e-16,1.8429485092969506e-21,0.9999996423721313,5.455220303263175e-11,6.234295158758376e-24,3.8225380194489844e-07,2.4992053862850914e-16,3.291973335277619e-20,6.93875946283784e-13,6.326317361074217e-23,2.322015496547536e-11
TCN,43,398,10,6,class_6,3,class_3,0,0.9608709216117859,7.861092399252811e-08,1.4403288674594283e-12,1.7764381632368043e-10,0.9608709216117859,3.218036326302354e-08,4.966182545355696e-15,0.03912899270653725,1.0179476012117661e-10,3.1939079812447375e-15,6.264719645820982e-12,2.5989140102918355e-18,3.54719209560983e-09
TCN,43,399,10,6,class_6,3,class_3,0,0.999721109867096,9.9797320201548e-14,1.371971113106607e-13,2.793084939716461e-19,0.999721109867096,0.00027759780641645193,6.782359743648657e-23,4.727549551830634e-08,3.126918474787e-16,8.836916522972013e-14,4.0918271793088934e-07,3.135081730000745e-20,8.687805461704556e-07
TCN,43,400,10,7,class_7,7,class_7,1,1.0,0.0,0.0,1.401298464324817e-45,0.0,0.0,0.0,0.0,1.0,1.9914202291811516e-27,8.306771338394816e-34,4.87314868159402e-15,4.5364375315433736e-40
TCN,43,401,10,7,class_7,7,class_7,1,1.0,0.0,0.0,0.0,0.0,0.0,0.0,0.0,1.0,3.2369994525903274e-43,3.1958993686316805e-40,1.9299697010828727e-24,0.0
TCN,43,402,10,7,class_7,10,class_10,0,1.0,1.6111784015167093e-32,2.0914402836669832e-32,7.244772987525336e-33,1.0660063055456266e-37,2.7786347249096798e-40,1.801154237286618e-24,0.0,2.552021543375982e-15,9.499872738192968e-29,1.2565989471307182e-30,1.0,1.613717910124867e-33
TCN,43,403,10,7,class_7,7,class_7,1,1.0,1.317220556465328e-43,5.602349221416689e-40,4.4533265196242687e-42,2.802596928649634e-45,0.0,1.5414283107572988e-44,0.0,1.0,3.471522079410197e-33,9.032898847544912e-32,3.332751271524952e-19,2.9857681618812998e-37
TCN,43,404,10,7,class_7,7,class_7,1,1.0,7.095129359642449e-36,8.235759805476879e-31,8.465847141845265e-37,1.1832080302741892e-35,6.27781712017518e-42,9.277869262128186e-35,0.0,1.0,5.54372694478846e-27,3.8242768150207854e-23,5.751466875458452e-14,2.8386002152865714e-32
TCN,43,405,10,7,class_7,7,class_7,1,1.0,2.972620843377373e-36,3.51926799671121e-34,3.0847965602751575e-34,1.313945544830075e-35,0.0,2.71208565954043e-39,0.0,1.0,3.049364926979126e-22,3.637846855568669e-25,3.4482423583170885e-09,1.8214706639324872e-29
TCN,43,406,10,7,class_7,10,class_10,0,0.9998661279678345,2.2658099359557424e-29,1.1533121782427904e-24,1.090350191687143e-28,5.3642663430283096e-30,2.0584011782271996e-33,1.16002784973655e-24,1.0819705702744778e-40,0.00013386194768827409,1.021207295895991e-20,1.0304531546506745e-22,0.9998661279678345,1.1741843284592904e-26
TCN,43,407,10,7,class_7,7,class_7,1,0.9991550445556641,4.0023227804937356e-26,6.738660004943034e-23,9.533404839639327e-27,2.6351698242193683e-27,6.6772202760888615e-31,2.8989454975514352e-24,8.380891460627723e-39,0.9991550445556641,2.814598356485317e-20,5.122324425067077e-21,0.0008449482265859842,8.81175577717464e-25
TCN,43,408,10,7,class_7,7,class_7,1,1.0,0.0,4.440854963291778e-41,3.363116314379561e-44,0.0,0.0,0.0,0.0,1.0,5.132623819563741e-36,9.702374251343693e-35,5.578237459696609e-21,2.8518105307167217e-40
TCN,43,409,10,7,class_7,7,class_7,1,1.0,4.308565775142389e-31,3.06196436044564e-30,6.633108910178775e-32,2.8610105820232367e-36,3.246808541840601e-42,2.6001714047251045e-31,0.0,1.0,7.45541298864092e-25,2.155000557336671e-24,2.2726907161763066e-12,3.9173842948780077e-32
TCN,43,410,10,7,class_7,7,class_7,1,0.9999926090240479,4.9362487350602784e-26,5.954440047313528e-24,5.4390133633401485e-27,9.024949096799736e-31,4.126986178294351e-34,7.67865593109608e-23,6.021379501203739e-42,0.9999926090240479,2.990294012654218e-22,3.7224307700800456e-23,7.4424160629860125e-06,4.076992471107189e-26
TCN,43,411,10,7,class_7,7,class_7,1,1.0,4.203895392974451e-45,1.9229682514298027e-37,0.0,0.0,0.0,1.4993893568275543e-43,0.0,1.0,1.680127463474572e-33,5.241549788368567e-28,1.5486455575883083e-17,1.4573504028978098e-43
TCN,43,412,10,7,class_7,7,class_7,1,1.0,0.0,0.0,0.0,0.0,0.0,0.0,0.0,1.0,0.0,0.0,1.4310967510674406e-36,0.0
TCN,43,413,10,7,class_7,7,class_7,1,1.0,0.0,0.0,0.0,0.0,0.0,0.0,0.0,1.0,2.865179082954144e-31,4.446008365609812e-33,5.94140440295141e-20,2.2560905275629555e-42
TCN,43,414,10,7,class_7,7,class_7,1,1.0,0.0,0.0,0.0,0.0,0.0,0.0,0.0,1.0,9.80908925027372e-45,9.949219096706201e-44,9.488500723724469e-29,0.0
TCN,43,415,10,7,class_7,7,class_7,1,0.9999986886978149,3.9841344425436884e-28,6.137656345209955e-25,1.0515949441574818e-28,2.1540645315021676e-28,8.053005434268309e-33,6.709824678597258e-26,3.111681330925759e-40,0.9999986886978149,2.446051239887189e-18,3.0318194388207994e-17,1.3527101145882625e-06,3.581869956265955e-23
TCN,43,416,10,7,class_7,7,class_7,1,1.0,0.0,0.0,0.0,0.0,0.0,0.0,0.0,1.0,4.513442223743803e-40,1.1102062859151142e-37,4.491051523957004e-22,0.0
TCN,43,417,10,7,class_7,7,class_7,1,0.9999831914901733,9.381930450547706e-33,1.3573390913532505e-28,2.507532199569569e-29,5.86223796721438e-35,1.056579042100912e-42,5.159194375792895e-29,0.0,0.9999831914901733,9.168801717056269e-24,6.4199531783716885e-24,1.6861620679264888e-05,2.411916579733824e-25
TCN,43,418,10,7,class_7,7,class_7,1,1.0,7.783010544931753e-33,2.21491964458774e-29,6.938086217522214e-32,1.187261519471759e-31,8.278591067538154e-41,1.9422411051471896e-35,0.0,1.0,6.290874661017979e-22,1.0324061420113512e-20,1.0163544485186637e-11,3.771694364471715e-26
TCN,43,419,10,7,class_7,7,class_7,1,1.0,0.0,0.0,0.0,0.0,0.0,0.0,0.0,1.0,2.2635541234436423e-38,1.4175369028512507e-34,2.0396363552657925e-24,1.401298464324817e-45
TCN,43,420,10,7,class_7,7,class_7,1,1.0,0.0,0.0,0.0,0.0,0.0,0.0,0.0,1.0,2.6739379089078085e-20,7.138634766809916e-41,2.4838370284628236e-24,0.0
TCN,43,421,10,7,class_7,10,class_10,0,0.8277649283409119,2.9584387577561177e-18,8.107382782282166e-19,9.6883433689369e-15,1.0137274219113469e-14,1.0008604942257545e-26,2.3729196542473375e-21,3.3658553191682415e-26,0.17223505675792694,1.5980526364006709e-12,1.3563922925582928e-15,0.8277649283409119,3.283354491068202e-11
TCN,43,422,10,7,class_7,7,class_7,1,1.0,1.3139190244536823e-22,7.274560733328041e-21,1.7484714824552344e-16,2.577318764680883e-17,1.2662171240277903e-31,3.932467279184369e-29,8.811475678657921e-32,1.0,4.900313553372893e-13,9.4061654284337e-19,1.010670973994321e-11,2.120055873748323e-14
TCN,43,423,10,7,class_7,7,class_7,1,1.0,0.0,0.0,0.0,0.0,0.0,0.0,0.0,1.0,5.107969441644736e-38,0.0,7.439084025732504e-31,0.0
TCN,43,424,10,7,class_7,7,class_7,1,1.0,3.1254068249945477e-30,3.822627695258223e-31,2.3503109187488965e-26,1.7519967472734653e-31,4.203895392974451e-45,1.4028816401194235e-36,0.0,1.0,4.532772042205863e-22,3.4213002230024257e-26,3.251728713390472e-17,1.101861595335367e-28
TCN,43,425,10,7,class_7,7,class_7,1,1.0,1.0229478789571165e-43,2.5059420437520704e-41,4.035739577255473e-43,0.0,0.0,0.0,0.0,1.0,4.293412550816786e-28,1.2037520595217045e-31,7.752218138257216e-12,5.548927755479376e-36
TCN,43,426,10,7,class_7,10,class_10,0,0.7632391452789307,0.0,0.0,0.0,0.0,0.0,0.0,0.0,0.23676085472106934,1.9501834406352284e-36,5.445263663565877e-40,0.7632391452789307,0.0
TCN,43,427,10,7,class_7,10,class_10,0,0.991925060749054,4.5487335382177433e-23,5.2834190610521294e-20,5.814325176569159e-23,1.1789827573393816e-23,1.111197444444287e-27,1.4544584897984112e-20,2.142511105106396e-34,0.008074967190623283,6.445795261849914e-16,1.4530257287084444e-15,0.991925060749054,6.1824417832208536e-18
TCN,43,428,10,7,class_7,7,class_7,1,1.0,0.0,2.7325320054333933e-43,1.401298464324817e-45,0.0,0.0,0.0,0.0,1.0,4.877873767517304e-37,4.458227701133091e-37,1.061028198081574e-15,3.264966567341322e-39
TCN,43,429,10,7,class_7,7,class_7,1,1.0,0.0,0.0,0.0,0.0,0.0,0.0,0.0,1.0,0.0,0.0,6.721010732041174e-31,0.0
TCN,43,430,10,7,class_7,7,class_7,1,1.0,0.0,0.0,0.0,0.0,0.0,0.0,0.0,1.0,1.639519203260036e-43,1.3631457314261846e-38,1.447170693139135e-29,0.0
TCN,43,431,10,7,class_7,7,class_7,1,1.0,3.997904518718703e-41,1.7548600798586117e-38,1.1769827746262682e-34,1.130955032016679e-37,0.0,0.0,0.0,1.0,2.7570379284977045e-29,3.782806648629767e-32,6.988482600771284e-15,9.863717683554966e-32
TCN,43,432,10,7,class_7,7,class_7,1,1.0,0.0,0.0,0.0,0.0,0.0,0.0,0.0,1.0,0.0,0.0,1.3238046863141223e-30,0.0
TCN,43,433,10,7,class_7,7,class_7,1,1.0,0.0,0.0,0.0,0.0,0.0,0.0,0.0,1.0,7.262475588065609e-35,0.0,1.8174375851202722e-37,0.0
TCN,43,434,10,7,class_7,7,class_7,1,1.0,1.980941822132724e-27,2.1413799370357054e-25,3.632907198474772e-19,5.4179683887369756e-21,3.208705689562105e-36,1.6242169113876332e-33,2.92757145193075e-37,1.0,1.0379410445547372e-15,2.674341967249995e-23,3.95145791087792e-11,2.0673493438966306e-18
TCN,43,435,10,7,class_7,7,class_7,1,0.9999998807907104,3.563908147734755e-32,6.225241170055036e-32,1.091876923749991e-30,6.916485930262228e-35,0.0,3.4341901007436343e-35,0.0,0.9999998807907104,1.6699133969714341e-22,1.5439615219269589e-25,1.326967407067059e-07,1.519013567576646e-28
TCN,43,436,10,7,class_7,7,class_7,1,1.0,0.0,0.0,0.0,0.0,0.0,0.0,0.0,1.0,2.1940481165276882e-36,5.885453550164232e-44,3.885114921124206e-27,0.0
TCN,43,437,10,7,class_7,7,class_7,1,1.0,5.453524598272765e-38,7.730915647220597e-37,3.510755305394845e-33,2.118803276722489e-36,0.0,0.0,0.0,1.0,2.360286422348014e-24,2.6020280275225673e-30,1.1547789428842029e-16,7.939889946244966e-30
TCN,43,438,10,7,class_7,7,class_7,1,1.0,6.43195995125091e-43,9.50360618505091e-42,2.411198348813158e-36,1.3490300316055014e-41,0.0,0.0,0.0,1.0,1.131784407769447e-28,7.714812587129867e-34,3.483288165143464e-18,6.419269498197411e-34
TCN,43,439,10,7,class_7,7,class_7,1,1.0,0.0,0.0,0.0,0.0,0.0,0.0,0.0,1.0,2.464453058758826e-30,9.57198955010996e-41,3.660810181578816e-21,8.027478382731147e-41
TCN,43,440,10,8,class_8,8,class_8,1,1.0,3.454596393215772e-27,0.0,3.871643458698811e-31,0.0,0.0,6.025583396596713e-44,0.0,6.904418883820313e-33,1.0,6.4365804892231925e-34,1.9375642390123812e-35,6.686183518648719e-38
TCN,43,441,10,8,class_8,8,class_8,1,0.999970555305481,5.62671982402392e-19,4.079574623161527e-28,1.6532831993474165e-22,6.231961188199647e-28,7.342647633602029e-22,6.668505249133941e-33,8.811496577833973e-37,8.85040846269475e-21,0.999970555305481,2.9401795472949743e-05,1.348115071844182e-22,6.561939426960688e-18
TCN,43,442,10,8,class_8,8,class_8,1,1.0,1.9520930093469565e-25,0.0,4.58022492702985e-29,0.0,1.1977805119158077e-36,1.961817850054744e-44,0.0,2.6056664552530516e-28,1.0,1.8887439349466116e-26,1.0478585864628281e-31,3.688433965464961e-31
TCN,43,443,10,8,class_8,8,class_8,1,1.0,7.468054812400322e-39,0.0,7.977592157401184e-42,0.0,0.0,0.0,0.0,1.5414283107572988e-44,1.0,0.0,0.0,0.0
TCN,43,444,10,8,class_8,8,class_8,1,1.0,4.592094411359052e-18,1.1657759742357383e-34,1.7958504688832507e-17,2.644687687561492e-38,7.358036448522435e-36,2.1313845603299305e-36,1.2053969390122076e-41,4.0802019114558996e-16,1.0,1.2342794700800214e-15,6.1614308379562794e-24,5.012486714285469e-20
TCN,43,445,10,8,class_8,8,class_8,1,0.9956334233283997,1.0256179295508745e-21,1.3522101385187574e-18,1.0686717572231478e-16,1.1369497970192766e-29,5.068757971819162e-30,4.591399192577228e-05,2.4168615003749417e-40,1.1066304990425824e-11,0.9956334233283997,2.0277992474190473e-14,0.0043205986730754375,4.0848213609236833e-25
TCN,43,446,10,8,class_8,1,class_1,0,1.0,6.106183753320031e-25,1.0,4.991724415254974e-28,3.95336502500983e-26,3.3376904018389553e-10,7.891491349276691e-10,5.2164113470282094e-30,1.4827750049276884e-26,5.853242459289743e-20,5.0325938971695905e-09,1.3884217386905817e-10,4.614439072949919e-37
TCN,43,447,10,8,class_8,8,class_8,1,0.9999927282333374,7.300437573576346e-06,1.3035029745795113e-26,1.157537607432424e-13,1.030682715338839e-28,6.670582465986745e-19,7.456578284109351e-26,2.2717396729678684e-22,6.463670085846053e-20,0.9999927282333374,3.048053120713503e-21,5.87581447337221e-21,1.2727643624076838e-17
TCN,43,448,10,8,class_8,8,class_8,1,0.9999992847442627,7.169840614551504e-07,4.390098249942098e-20,5.175224138120882e-10,1.1672011197199058e-23,4.663420534755926e-21,3.7296146933459364e-18,1.0500926947267354e-27,7.925854417223377e-12,0.9999992847442627,3.338865850466277e-10,3.316164428747128e-17,1.4374011703122136e-10
TCN,43,449,10,8,class_8,8,class_8,1,1.0,6.461240378247504e-16,1.81257314408773e-34,1.8356286580986398e-16,6.921713764532434e-41,8.234729304566016e-37,5.682580330802958e-27,0.0,1.4457031990282244e-21,1.0,1.9573379601234583e-22,9.402405519197557e-25,1.2921985308136819e-20
TCN,43,450,10,8,class_8,8,class_8,1,1.0,1.3142800072039114e-22,0.0,2.3462852196085168e-29,0.0,6.497820979074177e-42,1.0299543712787405e-42,0.0,2.392308324895188e-27,1.0,5.848263943169211e-28,2.0065361214612682e-25,2.8489342501517016e-35
TCN,43,451,10,8,class_8,8,class_8,1,1.0,6.5265729709041625e-21,1.488340325514635e-33,9.359686334597124e-23,7.895131684281157e-37,1.0622997029516717e-38,1.0363442922760617e-40,5.983544442666969e-43,1.5825551589673803e-13,1.0,1.3396127540588054e-09,1.238108276616149e-23,2.998517856036711e-22
TCN,43,452,10,8,class_8,8,class_8,1,0.7252131700515747,0.2746439278125763,8.928543195016548e-17,1.5358970131273963e-06,3.576000785042449e-16,1.120509710373968e-16,2.575667579829329e-16,1.2926681477430572e-17,3.443284981585748e-07,0.7252131700515747,1.2554515933516086e-06,3.230932850160407e-15,0.00013973355817142874
TCN,43,453,10,8,class_8,8,class_8,1,1.0,3.1862861852371936e-29,0.0,7.527814966078335e-29,0.0,0.0,2.802596928649634e-45,0.0,4.341754451682375e-27,1.0,1.0199678670997379e-31,1.236269503757056e-35,1.7056955232377755e-39
TCN,43,454,10,8,class_8,8,class_8,1,1.0,4.7354950361868016e-26,2.0670138862909936e-37,3.640252289683914e-23,1.718246953582733e-39,1.3891727484533216e-38,2.1838535513696154e-35,0.0,6.007883470909748e-21,1.0,7.421216301641998e-19,1.4168999424420434e-25,1.7732687191922506e-26
TCN,43,455,10,8,class_8,8,class_8,1,1.0,1.3460563697106997e-17,1.5645053983173104e-32,4.777289539436777e-15,6.075410969178154e-36,6.467113933461857e-37,5.357803098929296e-31,4.203895392974451e-45,5.65382663609486e-18,1.0,2.0939949820965562e-17,3.2231521440248456e-24,1.4185869365803454e-18
TCN,43,456,10,8,class_8,8,class_8,1,1.0,0.0,0.0,1.401298464324817e-45,0.0,0.0,0.0,0.0,0.0,1.0,0.0,0.0,0.0
TCN,43,457,10,8,class_8,8,class_8,1,1.0,1.0633112737510802e-19,9.068808494943276e-39,3.239542233657004e-19,7.47789360917804e-38,6.17761196648609e-35,1.0484481927330646e-35,1.1210387714598537e-44,1.0826955728596642e-20,1.0,1.1106612245886323e-19,5.9793992612280744e-27,1.2009412686160602e-22
TCN,43,458,10,8,class_8,8,class_8,1,1.0,2.505247528525323e-13,4.8632526703462605e-29,1.3080626859451883e-11,3.568241185891688e-28,3.0122426221488142e-21,6.013531053925692e-26,8.337837477953133e-30,2.2964459480938072e-17,1.0,4.496673453242058e-15,8.454457944539642e-21,1.1461978084327053e-18
TCN,43,459,10,8,class_8,8,class_8,1,1.0,1.0134343315709379e-13,1.1640618601081746e-32,4.160236540570565e-14,3.462328245653758e-41,6.304454579807657e-35,1.2932907141012145e-24,0.0,3.258889018832339e-20,1.0,8.104823007341488e-25,6.063362016801919e-24,1.1527909912533463e-21
TCN,43,460,10,8,class_8,8,class_8,1,1.0,3.698930484862682e-39,0.0,1.5414283107572988e-43,0.0,0.0,0.0,0.0,5.904066726051616e-32,1.0,6.261394674308926e-32,6.357308548117095e-31,6.2778171201751805e-43
TCN,43,461,10,8,class_8,8,class_8,1,1.0,6.986882979050394e-15,5.31245508327574e-25,1.5247857085950964e-19,9.099924947681624e-32,1.3672830236406986e-20,6.177016157756896e-22,7.444477664011817e-31,2.466566890721668e-17,1.0,9.076438602442782e-13,7.873695082701015e-20,2.538261612261844e-17
TCN,43,462,10,8,class_8,8,class_8,1,1.0,8.355379312006839e-23,0.0,9.526792629961014e-38,0.0,3.8402388233036606e-39,2.175951725738622e-37,0.0,1.584409309475815e-32,1.0,1.0851171729559264e-30,7.155743656965978e-36,8.432970213586908e-37
TCN,43,463,10,8,class_8,8,class_8,1,1.0,1.1951977907218446e-20,3.7431268909121505e-34,3.047678405472636e-22,5.048459658981176e-38,5.952007499908377e-32,2.6525362103459025e-32,1.961817850054744e-44,2.6016940221589584e-20,1.0,3.122576568596533e-19,2.452039399058678e-21,1.6692541732765536e-26
TCN,43,464,10,8,class_8,9,class_9,0,1.0,0.0,7.501150679530746e-41,0.0,5.39807213518281e-39,4.755713833928968e-27,0.0,0.0,2.307279960464741e-40,3.0940031892809087e-25,1.0,1.8444974297410591e-35,6.29740222803197e-38
TCN,43,465,10,8,class_8,8,class_8,1,1.0,1.534274452498057e-17,2.417489377435565e-28,9.556763998706635e-20,3.230872742387612e-30,1.1579888754081471e-26,5.934672475312846e-29,8.463872432049339e-38,5.717372755786876e-11,1.0,1.2370036550635177e-08,2.994024934593431e-15,8.587985615310693e-22
TCN,43,466,10,8,class_8,8,class_8,1,1.0,1.2664152383543595e-16,6.621080602564204e-23,3.5064168071546944e-19,3.985867645169846e-38,2.6262624980421338e-21,2.8898563992236235e-15,1.6193401825145924e-35,3.1905119300285358e-18,1.0,3.249415862114046e-21,4.817623977835606e-15,2.215967080750998e-22
TCN,43,467,10,8,class_8,1,class_1,0,1.0,3.567518910325753e-21,1.0,1.169242824551958e-16,3.818495444035215e-20,5.582000485481516e-15,5.4480996103389856e-11,9.268190833720212e-17,1.9867023361000075e-18,1.3017835914048634e-14,9.760312185212873e-22,4.5070073875474586e-17,6.673236299085072e-24
TCN,43,468,10,8,class_8,10,class_10,0,0.6148317456245422,1.0568205652816687e-06,1.0350784577894956e-05,2.605619608964105e-10,1.1622349793537303e-18,7.939887636254639e-11,0.36847198009490967,2.251334112764337e-19,6.125988534222415e-07,0.016645656898617744,3.8571510231122375e-05,0.6148317456245422,3.8111167494699495e-16
TCN,43,469,10,8,class_8,8,class_8,1,1.0,8.143753490229371e-24,0.0,1.121742755741107e-30,0.0,1.5121558584608162e-37,2.1235378629015625e-35,0.0,3.1369421508932065e-32,1.0,1.5064819686031653e-33,7.799083354303244e-27,2.311194347594986e-38
TCN,43,470,10,8,class_8,8,class_8,1,1.0,2.736610742246661e-25,8.315150944472389e-39,6.065261830519963e-23,1.0885513907221133e-35,4.8665833466027335e-33,3.44719422223905e-43,1.6815581571897805e-44,3.539263154762232e-25,1.0,1.1653633844247222e-25,1.0708782936515346e-27,1.2669217071414246e-25
TCN,43,471,10,8,class_8,8,class_8,1,1.0,4.157911965296547e-33,0.0,1.2198989768195052e-39,0.0,1.478369879862682e-42,0.0,0.0,1.933488608391482e-35,1.0,1.322613487358773e-30,7.670984987025437e-30,3.4499968191676996e-42
TCN,43,472,10,8,class_8,8,class_8,1,0.9998764991760254,9.69668576544791e-08,2.1255140009168727e-11,1.1019865269190632e-05,4.908819661517128e-13,1.4324496721163787e-13,4.045833890131689e-09,1.5370790579957548e-16,0.00010777815623441711,0.9998764991760254,1.6947838687997319e-09,4.887283910903761e-10,4.663484105549287e-06
TCN,43,473,10,8,class_8,8,class_8,1,1.0,1.5907638738438343e-15,3.5313657558273853e-22,1.0705786951392682e-11,4.973016065203623e-23,2.740852348726421e-25,5.32403950566891e-25,4.7635684172157385e-30,1.7484439207972242e-17,1.0,3.505740196161093e-16,3.75085791932252e-20,6.173750313059889e-12
TCN,43,474,10,8,class_8,8,class_8,1,1.0,6.107166842009813e-16,9.582493327247858e-29,2.9435671877157566e-19,1.3577599973240653e-29,5.835264069348621e-23,2.0489211787867658e-27,4.2356470852921884e-35,4.0710446912026925e-16,1.0,3.7942255890127186e-16,1.918650857121566e-16,1.1138501411554467e-22
TCN,43,475,10,8,class_8,8,class_8,1,1.0,3.057033082665414e-34,0.0,3.9072236924953155e-38,0.0,0.0,0.0,0.0,1.6102566670088708e-32,1.0,5.59191846235778e-35,2.11306754301219e-33,5.38328423248879e-40
TCN,43,476,10,8,class_8,8,class_8,1,1.0,2.022073684020711e-42,0.0,0.0,0.0,0.0,0.0,0.0,1.0277591759001025e-32,1.0,4.149110624730182e-29,2.124702089450266e-30,0.0
TCN,43,477,10,8,class_8,8,class_8,1,1.0,9.859157644404045e-40,0.0,1.7928470391489145e-38,0.0,0.0,0.0,0.0,5.5357282748584595e-31,1.0,6.643281528088195e-34,7.886443945899537e-34,9.65494641919799e-43
TCN,43,478,10,8,class_8,8,class_8,1,1.0,2.3249969269681783e-24,5.89666393787883e-42,3.2145012996637096e-28,3.8633798661435207e-42,9.948765443704477e-35,1.1648573744392907e-40,0.0,6.217916260664326e-22,1.0,1.6965286551458283e-21,2.1966106303256346e-21,2.6919475149084922e-30
TCN,43,479,10,8,class_8,8,class_8,1,1.0,9.723756051622784e-27,0.0,7.214161645261985e-33,0.0,2.90909561193832e-42,5.198817302645071e-43,0.0,2.155519037430519e-31,1.0,3.430388928354938e-30,6.926276025779502e-29,1.1973681994608586e-38
TCN,43,2880,16,9,class_9,9,class_9,1,1.0,0.0,0.0,0.0,0.0,0.0,0.0,0.0,0.0,0.0,1.0,0.0,0.0
TCN,43,2881,16,9,class_9,9,class_9,1,1.0,0.0,0.0,0.0,0.0,0.0,0.0,0.0,0.0,0.0,1.0,0.0,0.0
TCN,43,2882,16,9,class_9,9,class_9,1,1.0,0.0,0.0,0.0,0.0,0.0,0.0,0.0,1.401298464324817e-45,0.0,1.0,1.7376100957627732e-43,0.0
TCN,43,2883,16,9,class_9,9,class_9,1,1.0,1.0128261600194519e-38,1.5827690056225e-21,6.930009451441237e-40,4.282368106976641e-42,8.385791719213572e-27,5.661866906102825e-29,1.9281866869109483e-42,8.780518644664892e-29,7.008840555828535e-26,1.0,1.8785099380377764e-28,5.942097957727941e-38
TCN,43,2884,16,9,class_9,8,class_8,0,0.6328225135803223,7.429557058458158e-08,2.884227967570041e-08,4.2417488965718064e-10,9.154835723590236e-24,6.344953642350992e-12,0.3667965531349182,1.0394783071634727e-23,3.1120656785788015e-05,0.6328225135803223,0.0003496916324365884,1.461303633654154e-09,4.5415762579627847e-17
TCN,43,2885,16,9,class_9,9,class_9,1,0.7551571726799011,3.2566354127294694e-13,5.4610756021478135e-12,2.1933968991126943e-14,8.715552964663059e-14,6.904756443253807e-14,9.017759954564608e-13,1.1780209490936548e-20,4.096233533346094e-05,0.13774077594280243,0.7551571726799011,0.10706111788749695,1.3018489064542393e-11
TCN,43,2886,16,9,class_9,8,class_8,0,0.9998568296432495,3.9794240784422604e-20,3.3487782577846848e-18,1.1169216893559516e-19,4.686488594673016e-22,1.1009462700122034e-23,3.080966669598731e-20,3.382922043290768e-31,2.7467908156331156e-11,0.9998568296432495,0.0001431282435078174,7.938954493802441e-10,3.0257150113362806e-18
TCN,43,2887,16,9,class_9,9,class_9,1,1.0,0.0,0.0,0.0,0.0,0.0,0.0,0.0,0.0,0.0,1.0,0.0,0.0
TCN,43,2888,16,9,class_9,9,class_9,1,1.0,0.0,0.0,0.0,0.0,0.0,0.0,0.0,2.1813172415065832e-39,3.341300675679198e-37,1.0,6.485664434636466e-38,0.0
TCN,43,2889,16,9,class_9,9,class_9,1,1.0,0.0,0.0,0.0,0.0,0.0,0.0,0.0,0.0,0.0,1.0,0.0,0.0
TCN,43,2890,16,9,class_9,9,class_9,1,1.0,0.0,0.0,0.0,0.0,0.0,0.0,0.0,0.0,0.0,1.0,0.0,0.0
TCN,43,2891,16,9,class_9,9,class_9,1,1.0,0.0,0.0,0.0,0.0,0.0,0.0,0.0,0.0,7.052735170946804e-42,1.0,0.0,0.0
TCN,43,2892,16,9,class_9,9,class_9,1,1.0,0.0,0.0,0.0,0.0,0.0,0.0,0.0,0.0,0.0,1.0,0.0,0.0
TCN,43,2893,16,9,class_9,9,class_9,1,1.0,0.0,0.0,0.0,0.0,0.0,0.0,0.0,0.0,0.0,1.0,1.723597111119525e-43,0.0
TCN,43,2894,16,9,class_9,9,class_9,1,1.0,7.12721521818816e-30,1.8482898596649313e-24,1.623011632948697e-30,4.3437115816918615e-26,6.152150678267259e-25,9.076685190395471e-27,6.540258861376978e-35,3.477449825118391e-16,2.0538423934658712e-13,1.0,1.1556879415855047e-14,1.0051761565637363e-27
TCN,43,2895,16,9,class_9,9,class_9,1,1.0,0.0,0.0,0.0,0.0,0.0,0.0,0.0,0.0,2.802596928649634e-45,1.0,0.0,0.0
TCN,43,2896,16,9,class_9,9,class_9,1,1.0,0.0,1.1210387714598537e-44,0.0,0.0,0.0,0.0,0.0,7.538985738067516e-42,6.866362475191604e-44,1.0,1.1461220139712679e-41,0.0
TCN,43,2897,16,9,class_9,9,class_9,1,1.0,0.0,0.0,0.0,0.0,0.0,0.0,0.0,0.0,0.0,1.0,0.0,0.0
TCN,43,2898,16,9,class_9,9,class_9,1,1.0,0.0,0.0,0.0,0.0,0.0,0.0,0.0,0.0,0.0,1.0,0.0,0.0
TCN,43,2899,16,9,class_9,9,class_9,1,1.0,0.0,3.4124707080981225e-29,0.0,4.862505671207115e-43,3.201634483320513e-31,2.6621728095396442e-40,0.0,7.501688151220292e-32,2.9053297381985703e-31,1.0,1.50578396358413e-29,0.0
TCN,43,2900,16,9,class_9,9,class_9,1,1.0,0.0,0.0,0.0,0.0,0.0,0.0,0.0,0.0,0.0,1.0,0.0,0.0
TCN,43,2901,16,9,class_9,9,class_9,1,1.0,0.0,0.0,0.0,0.0,0.0,0.0,0.0,8.068676557582297e-42,7.95131274206942e-31,1.0,2.379152558699961e-39,0.0
TCN,43,2902,16,9,class_9,9,class_9,1,1.0,0.0,0.0,0.0,0.0,0.0,0.0,0.0,5.6557947448460374e-39,2.0560219845487975e-35,1.0,1.5415182664956448e-34,0.0
TCN,43,2903,16,9,class_9,9,class_9,1,1.0,0.0,0.0,0.0,0.0,0.0,0.0,0.0,0.0,3.5243306580256596e-35,1.0,1.3830815842885944e-42,0.0
TCN,43,2904,16,9,class_9,9,class_9,1,1.0,6.388984929946997e-39,3.8434618632586096e-32,8.015427215937954e-43,5.667344057378292e-33,7.139251867264519e-35,2.6624670822171524e-44,0.0,4.9857047350919217e-23,2.993645053551477e-17,1.0,1.71968587527787e-21,6.120191248541455e-35
TCN,43,2905,16,9,class_9,9,class_9,1,1.0,0.0,0.0,0.0,0.0,0.0,0.0,0.0,2.5523715460302374e-38,1.329894751766148e-36,1.0,1.0709030190423215e-34,0.0
TCN,43,2906,16,9,class_9,9,class_9,1,1.0,0.0,2.5223372357846707e-42,0.0,8.407790785948902e-45,8.379764816662406e-43,0.0,0.0,1.8932433021123387e-28,1.5329397965797027e-18,1.0,7.787114997005288e-24,0.0
TCN,43,2907,16,9,class_9,8,class_8,0,0.8926071524620056,1.6596114888607538e-25,1.6468282444106802e-25,6.747926198096246e-27,1.3513300304415663e-33,4.4560959109970743e-26,8.278458680447899e-28,5.633219826585765e-43,4.203407912538315e-13,0.8926071524620056,0.10739286243915558,6.64028472033046e-15,8.372851781103223e-27
TCN,43,2908,16,9,class_9,9,class_9,1,1.0,0.0,0.0,0.0,0.0,0.0,0.0,0.0,1.5021685520718497e-38,2.8926035621558657e-37,1.0,1.6046382953318447e-34,0.0
TCN,43,2909,16,9,class_9,9,class_9,1,0.9999955892562866,2.43297088286372e-24,2.122140595772735e-23,1.2094434064719564e-26,9.400165924598707e-27,9.74700855880591e-25,3.5147050519660867e-26,2.8876389298525786e-38,3.5380677337534805e-13,4.426913164934376e-06,0.9999955892562866,1.831898632786988e-09,2.635456710743884e-26
TCN,43,2910,16,9,class_9,9,class_9,1,1.0,0.0,0.0,0.0,0.0,0.0,0.0,0.0,0.0,2.6729883449781592e-36,1.0,2.8384925901117787e-39,0.0
TCN,43,2911,16,9,class_9,9,class_9,1,0.9376466870307922,1.2694159867161203e-25,1.8640834959369414e-25,3.155074421618341e-30,1.7316997554213876e-26,9.089548247789853e-30,2.9210724287425227e-31,9.217741298328647e-42,2.045103452905095e-12,0.062353216111660004,0.9376466870307922,7.426358195061766e-08,2.937757138543947e-23
TCN,43,2912,16,9,class_9,9,class_9,1,1.0,0.0,0.0,0.0,0.0,0.0,0.0,0.0,4.203895392974451e-43,4.200514900559114e-38,1.0,3.9392203811103227e-38,0.0
TCN,43,2913,16,9,class_9,9,class_9,1,1.0,0.0,0.0,0.0,0.0,0.0,0.0,0.0,0.0,2.802596928649634e-45,1.0,0.0,0.0
TCN,43,2914,16,9,class_9,9,class_9,1,1.0,5.030661486926093e-43,4.737097305921444e-36,1.401298464324817e-45,3.046495935233431e-35,2.3543728038047563e-36,0.0,0.0,5.905172133908402e-24,7.959225325394451e-18,1.0,1.486777583397723e-21,6.374100337658939e-40
TCN,43,2915,16,9,class_9,9,class_9,1,1.0,0.0,0.0,0.0,0.0,3.452799416096349e-42,0.0,0.0,3.445792923774725e-42,3.997904518718703e-42,1.0,1.401298464324817e-45,0.0
TCN,43,2916,16,9,class_9,9,class_9,1,1.0,0.0,0.0,0.0,0.0,0.0,0.0,0.0,0.0,3.074579151485831e-39,1.0,2.5223372357846707e-44,0.0
TCN,43,2917,16,9,class_9,9,class_9,1,1.0,0.0,2.653652802772672e-37,0.0,1.3269735937770288e-40,1.3325862313317705e-36,0.0,0.0,1.612411299488462e-28,6.724207831570733e-26,1.0,2.0991955547492875e-30,5.93730159334425e-42
TCN,43,2918,16,9,class_9,9,class_9,1,1.0,8.138811545721754e-40,2.0454474141521304e-33,3.923635700109488e-44,1.1945562774178171e-33,1.2949415700199452e-36,2.802596928649634e-45,0.0,1.2942933168687052e-23,5.480047073617677e-17,1.0,8.843915821900418e-22,6.167366281960039e-36
TCN,43,2919,16,9,class_9,9,class_9,1,1.0,0.0,0.0,0.0,0.0,0.0,0.0,0.0,0.0,0.0,1.0,0.0,0.0
TCN,43,2920,16,10,class_10,10,class_10,1,1.0,0.0,0.0,0.0,0.0,0.0,0.0,0.0,9.624456240957453e-33,2.4242463432819335e-43,2.2368927386017055e-41,1.0,0.0
TCN,43,2921,16,10,class_10,10,class_10,1,1.0,2.898504103297131e-28,1.1767657655121369e-29,3.430960912151105e-32,2.653232581907392e-26,4.085872431115158e-38,9.33453439210267e-26,2.0088059659527294e-37,7.796665873679998e-14,1.6874200190611523e-23,5.1474944939001255e-18,1.0,8.067796890845704e-20
TCN,43,2922,16,10,class_10,10,class_10,1,1.0,1.661294381853599e-26,6.363223232448851e-25,2.8437476674179566e-25,4.314838223572984e-21,4.299502713697549e-31,1.7378906495239006e-25,2.287122853785202e-35,3.3943699406790984e-08,1.976485313848024e-15,4.697627255417813e-16,1.0,3.3024478418970877e-15
TCN,43,2923,16,10,class_10,10,class_10,1,1.0,0.0,0.0,0.0,7.947057863863546e-40,0.0,0.0,0.0,7.378957195110313e-19,2.2085029906195746e-33,6.52010794497468e-27,1.0,3.344371235857811e-31
TCN,43,2924,16,10,class_10,10,class_10,1,1.0,1.401298464324817e-45,1.9290274659895432e-41,1.1393817683578655e-40,3.4931860270361193e-34,0.0,0.0,0.0,1.2935694724582059e-13,4.143520007843113e-25,4.498035192577644e-27,1.0,1.575384863652848e-20
TCN,43,2925,16,10,class_10,10,class_10,1,0.5435348153114319,7.837334355548201e-22,3.0124019594298944e-21,8.803398916066308e-19,2.169017751094005e-19,8.750792999308869e-28,4.3955395903230816e-23,3.393859004361292e-33,0.45646512508392334,2.1421248774800006e-08,1.8361870357530563e-10,0.5435348153114319,1.0994732901892235e-11
TCN,43,2926,16,10,class_10,10,class_10,1,1.0,2.6810603898961616e-25,6.8577241421531025e-25,6.054922092584572e-25,1.7752826209326358e-22,7.19622444782437e-30,4.4978214020278655e-23,4.086629069507722e-34,2.7251321199628364e-09,2.0338186447070626e-15,9.973789660513337e-16,1.0,1.8549603110593234e-14
TCN,43,2927,16,10,class_10,10,class_10,1,0.9999998807907104,2.1129705647282473e-33,3.216996842667257e-32,6.401549453504643e-31,4.2051894556277985e-26,8.85144187975414e-41,1.1297399694813792e-35,0.0,7.107718147381092e-08,9.144929381625904e-15,7.052507491913632e-17,0.9999998807907104,2.624477588717062e-15
TCN,43,2928,16,10,class_10,10,class_10,1,0.9999992847442627,6.170144592704744e-34,2.2798785814848017e-31,6.29315651789282e-35,6.544316571412011e-29,6.105996908971993e-39,2.0373939921520515e-33,0.0,7.692314625273866e-07,8.934728701710733e-20,3.029922000232937e-19,0.9999992847442627,6.631312444049283e-23
TCN,43,2929,16,10,class_10,10,class_10,1,1.0,1.860167883660376e-37,2.8818067256440588e-39,1.2807867963928828e-42,1.1082427203394273e-30,0.0,6.890767489246285e-39,0.0,2.3870526654149057e-16,8.259112834527151e-29,3.4249668525525266e-20,1.0,1.8233314839150963e-24
TCN,43,2930,16,10,class_10,10,class_10,1,1.0,2.6577867453463075e-40,1.523211430721076e-42,1.401298464324817e-45,3.362514720133245e-36,0.0,1.4561071709002608e-38,0.0,4.9592111129582254e-21,1.3273284892394693e-31,9.067055492525287e-29,1.0,6.02992355368427e-29
TCN,43,2931,16,10,class_10,10,class_10,1,1.0,0.0,0.0,0.0,0.0,0.0,0.0,0.0,1.7360074802590386e-34,0.0,0.0,1.0,0.0
TCN,43,2932,16,10,class_10,10,class_10,1,1.0,6.899958841291933e-36,1.3912343387540362e-39,4.272559017726367e-41,4.808103880181767e-34,0.0,2.3308448725482451e-35,0.0,3.878674449185582e-19,3.1560674416300964e-29,5.797997845696185e-27,1.0,5.0189742054451144e-27
TCN,43,2933,16,10,class_10,10,class_10,1,1.0,2.1800431501511142e-26,4.561050464800028e-27,3.850249329858478e-28,6.5553134582225455e-22,8.797801593685187e-33,1.2532737779242195e-27,3.964796886062165e-34,7.200769841508858e-11,1.288622589346795e-16,1.0536677358798183e-14,1.0,7.0509288342581865e-15
TCN,43,2934,16,10,class_10,10,class_10,1,1.0,0.0,0.0,0.0,5.4510510262235384e-43,0.0,0.0,0.0,4.1062656216648574e-22,9.810968111254686e-37,3.836050371376675e-32,1.0,1.198390225711421e-33
TCN,43,2935,16,10,class_10,10,class_10,1,1.0,6.060405102915799e-38,1.9587784336856234e-38,1.0837502193241703e-40,2.3647389292638836e-31,0.0,2.6557823908011085e-35,0.0,1.2870738011832692e-18,2.9976883880233555e-26,5.675545078197946e-25,1.0,4.126578973384459e-25
TCN,43,2936,16,10,class_10,7,class_7,0,0.8009207844734192,7.575200064947553e-28,1.3018529117588702e-24,5.5267883909275745e-27,7.386818574703559e-24,5.294807857083631e-33,1.2859128497294902e-28,9.052694963902005e-39,0.8009207844734192,1.5691336847489107e-13,1.353142180552866e-13,0.19907920062541962,1.6854569692700632e-15
TCN,43,2937,16,10,class_10,10,class_10,1,1.0,5.8006981976783185e-34,4.371753948671803e-34,1.228859527160808e-35,1.2175165773907372e-27,8.847237984361165e-41,6.045619241498858e-33,2.5643761897144152e-43,2.981792330408739e-13,7.37601118030203e-24,1.6552457590618616e-20,1.0,1.6846055009286656e-20
TCN,43,2938,16,10,class_10,10,class_10,1,1.0,1.5097054358622207e-38,1.478879532114157e-38,7.74776519626727e-40,2.559694620327986e-30,0.0,1.6211750629024772e-36,0.0,1.608018697309057e-14,4.0227354808627026e-26,9.017145940641705e-21,1.0,1.9338563856307386e-21
TCN,43,2939,16,10,class_10,10,class_10,1,1.0,0.0,0.0,0.0,0.0,0.0,0.0,0.0,9.555600026690423e-27,0.0,5.117386447584692e-39,1.0,7.006492321624085e-44
TCN,43,2940,16,10,class_10,10,class_10,1,1.0,9.80236301764496e-37,1.0613746960150713e-33,1.3573253149403466e-36,1.5900403682266352e-32,7.879501264898446e-42,2.6435145116085322e-33,0.0,8.000252370299332e-12,3.0264690999262894e-27,2.9991722207490086e-28,1.0,9.783100116185177e-27
TCN,43,2941,16,10,class_10,10,class_10,1,1.0,2.0130032247961768e-36,2.91314913029366e-34,1.2956290986143265e-35,1.270854364606191e-29,5.97793924880967e-42,1.0601688959505168e-33,0.0,6.876535473855638e-13,2.9515331743040025e-23,1.5038942115885616e-23,1.0,4.6773866544397035e-23
TCN,43,2942,16,10,class_10,10,class_10,1,1.0,0.0,0.0,0.0,0.0,0.0,0.0,0.0,6.2203847844158e-29,2.3261554507791963e-43,1.0832037129230836e-42,1.0,3.814054160199287e-41
TCN,43,2943,16,10,class_10,10,class_10,1,1.0,1.3186218549296529e-42,5.605193857299268e-45,0.0,2.866635371638261e-37,0.0,4.5542200090556555e-43,0.0,2.2357092526045784e-21,1.1968450898151429e-27,2.551185809171536e-29,1.0,1.7829071511547331e-26
TCN,43,2944,16,10,class_10,10,class_10,1,1.0,2.7604357654484174e-30,4.619223776485612e-32,3.560468430859058e-33,8.108093421276332e-27,6.10534810778301e-39,1.2746219650598985e-29,3.7029676257384016e-39,1.1088727482281148e-15,4.349139738511068e-23,2.7747327342145576e-21,1.0,1.7432941269480163e-19
TCN,43,2945,16,10,class_10,10,class_10,1,1.0,3.379091116872864e-41,1.0022086616851092e-40,9.03557249796642e-42,2.0718314652123957e-35,0.0,7.411440112364057e-38,0.0,3.3470608240378716e-18,8.111097409766389e-26,8.262741166171755e-28,1.0,2.1263025402433172e-27
TCN,43,2946,16,10,class_10,10,class_10,1,1.0,3.216488377883831e-28,1.0152185330727547e-27,1.2608875266807102e-29,7.551125975309451e-25,7.9813899103124e-33,8.60527454753583e-28,3.732628630073072e-36,6.417195876247395e-13,2.732289038774889e-20,5.063759795360252e-21,1.0,1.1944046989978167e-20
TCN,43,2947,16,10,class_10,10,class_10,1,1.0,7.890520515502511e-38,1.2915305517188612e-39,4.3860641933366774e-43,1.0710373571540451e-35,0.0,3.2999551963334785e-37,0.0,9.214094897992454e-21,1.7595678750498234e-28,3.9134321700230854e-29,1.0,3.343208495620695e-32
TCN,43,2948,16,10,class_10,10,class_10,1,1.0,0.0,0.0,0.0,0.0,0.0,0.0,0.0,7.521444799568933e-36,2.8954612581401326e-38,8.602571272490052e-42,1.0,0.0
TCN,43,2949,16,10,class_10,10,class_10,1,1.0,3.353120852433532e-39,2.2895815608603186e-41,3.1375072616232654e-42,3.124503211874331e-40,0.0,6.961538702761786e-35,0.0,3.0295525477671584e-20,1.980403217768183e-29,7.650713591904623e-35,1.0,1.0314939051236572e-33
TCN,43,2950,16,10,class_10,10,class_10,1,1.0,3.55874210720228e-34,1.6008300839360392e-33,1.3703989363554377e-37,3.8170041737263837e-38,2.802596928649634e-45,8.441795836066408e-28,0.0,3.892713203445467e-18,7.812788672380932e-25,3.1915021373173376e-23,1.0,6.096966899718655e-25
TCN,43,2951,16,10,class_10,10,class_10,1,1.0,0.0,0.0,0.0,0.0,0.0,6.162910646100545e-42,0.0,2.4526922847986232e-30,2.802596928649634e-45,2.0318827732709848e-43,1.0,0.0
TCN,43,2952,16,10,class_10,10,class_10,1,1.0,9.385626278255088e-34,1.3424009129045828e-31,7.172562369554323e-33,2.7875823348213354e-27,4.940277735977143e-41,2.560931074346474e-33,1.1462621438177004e-42,4.0211437695239494e-13,2.053489199256746e-21,1.5637734874602678e-22,1.0,8.231888870710305e-18
TCN,43,2953,16,10,class_10,10,class_10,1,1.0,0.0,0.0,0.0,0.0,0.0,2.7246118665130294e-39,0.0,1.346621063953002e-25,2.29480604098252e-34,1.6508362017618003e-37,1.0,2.9537759574213785e-37
TCN,43,2954,16,10,class_10,10,class_10,1,1.0,2.802596928649634e-45,1.5414283107572988e-44,0.0,0.0,0.0,3.363977272156042e-36,0.0,1.1186315848741723e-23,2.275511403239726e-37,1.7854308475137176e-35,1.0,9.448955544942242e-42
TCN,43,2955,16,10,class_10,10,class_10,1,1.0,2.4634827002830284e-42,2.802596928649634e-44,2.802596928649634e-45,0.0,0.0,2.1057360398474092e-34,0.0,5.556330446048684e-25,7.031173082517953e-34,7.216851713574319e-35,1.0,6.529742558091496e-40
TCN,43,2956,16,10,class_10,10,class_10,1,1.0,0.0,0.0,0.0,1.6144359607486217e-41,0.0,1.0593816390295617e-42,0.0,2.850734421101034e-23,7.314505957278404e-32,3.488963086539664e-35,1.0,6.383790231789214e-33
TCN,43,2957,16,10,class_10,10,class_10,1,1.0,0.0,0.0,0.0,0.0,0.0,5.376782207614323e-42,0.0,2.793465619440585e-37,4.1385948845369147e-41,1.401298464324817e-45,1.0,0.0
TCN,43,2958,16,10,class_10,10,class_10,1,1.0,6.291830104818429e-43,5.885453550164232e-43,2.802596928649634e-45,4.878261871139983e-38,0.0,7.345376737042542e-39,0.0,1.2534367342183476e-19,4.489491659010783e-30,5.4634349020851485e-31,1.0,1.529536792369049e-30
TCN,43,2959,16,10,class_10,10,class_10,1,1.0,5.596795206383677e-31,3.8071852259714707e-32,4.079028763845687e-34,2.645188357715675e-26,2.4355912556491073e-39,1.6740826307122624e-32,7.518442702580514e-40,1.6196286391038928e-15,1.473611404517679e-19,2.2700776377038764e-20,1.0,8.014458346243724e-19
TCN,43,2960,16,11,class_11,11,class_11,1,1.0,1.401298464324817e-45,0.0,0.0,4.529382274035191e-38,0.0,0.0,2.298137889283486e-39,2.1021747068384462e-39,7.050949916703255e-39,0.0,0.0,1.0
TCN,43,2961,16,11,class_11,11,class_11,1,1.0,1.8300218058492947e-38,1.5652503846508207e-42,0.0,5.925959673568732e-30,5.661245795872261e-43,0.0,8.444796415700431e-34,3.1674703600519655e-26,7.444541968254784e-29,6.031758208843305e-31,4.460333011945893e-42,1.0
TCN,43,2962,16,11,class_11,11,class_11,1,1.0,4.203895392974451e-45,0.0,0.0,3.244523326725756e-36,0.0,0.0,2.6726475155604722e-39,1.3864618501070195e-31,2.1122939207925552e-33,2.102257327395903e-37,0.0,1.0
TCN,43,2963,16,11,class_11,11,class_11,1,1.0,0.0,0.0,0.0,1.8559833822381478e-39,0.0,0.0,9.342456861653555e-42,5.225288680365619e-32,3.528058490403453e-34,3.991680231199865e-38,0.0,1.0
TCN,43,2964,16,11,class_11,11,class_11,1,1.0,7.833258415575727e-43,0.0,0.0,1.041421299299462e-34,0.0,0.0,5.331323188600609e-37,2.5799561932751435e-31,3.3342901852848993e-34,1.3888726912157526e-35,0.0,1.0
TCN,43,2965,16,11,class_11,11,class_11,1,1.0,0.0,0.0,0.0,5.605193857299268e-44,0.0,0.0,0.0,1.1277650040886128e-41,1.0089348943138683e-43,0.0,0.0,1.0
TCN,43,2966,16,11,class_11,11,class_11,1,1.0,7.370829922348538e-43,1.401298464324817e-45,0.0,1.034636613915497e-37,0.0,0.0,1.3365413233798072e-37,1.7664385182193626e-31,3.185307204742217e-33,3.9477733401393585e-34,0.0,1.0
TCN,43,2967,16,11,class_11,11,class_11,1,1.0,1.064986832886861e-43,0.0,0.0,1.093272883168336e-38,0.0,0.0,3.608191644882871e-38,3.3001164596369235e-31,1.5950635494612866e-33,9.729950154952533e-35,0.0,1.0
TCN,43,2968,16,11,class_11,11,class_11,1,1.0,0.0,0.0,0.0,5.4039239575698305e-39,0.0,0.0,2.742341094683667e-42,8.235274131083887e-27,1.1288906829816775e-29,1.422695523075636e-32,7.006492321624085e-45,1.0
TCN,43,2969,16,11,class_11,11,class_11,1,1.0,5.810588787344108e-37,3.369661779506422e-39,1.401298464324817e-45,4.6805246313866433e-32,2.802596928649634e-45,0.0,2.418414873936749e-33,2.657754746768094e-23,2.7845973360005297e-26,2.4680577074836453e-29,1.1386250671871301e-40,1.0
TCN,43,2970,16,11,class_11,11,class_11,1,1.0,0.0,0.0,0.0,2.6538210706922683e-40,0.0,0.0,9.65494641919799e-43,2.210477395012254e-31,1.1090524025013126e-34,1.988009799911132e-37,0.0,1.0
TCN,43,2971,16,11,class_11,11,class_11,1,1.0,1.7694406132419277e-30,9.980685309774554e-37,7.286752014489049e-44,2.473010159057698e-25,1.6489732595313884e-37,0.0,1.9802581243980375e-23,2.1427118793703645e-25,2.469877849707306e-27,3.7018531738750783e-31,6.344126563507031e-40,1.0
TCN,43,2972,16,11,class_11,11,class_11,1,1.0,0.0,0.0,0.0,4.203895392974451e-45,0.0,0.0,0.0,1.664452598813603e-27,1.6768822174455395e-32,4.1235321591880716e-37,0.0,1.0
TCN,43,2973,16,11,class_11,11,class_11,1,1.0,1.0201452820284668e-42,0.0,0.0,2.1067575260711746e-33,0.0,0.0,4.434572642286234e-34,1.7508785169462723e-34,2.760373227530353e-37,3.783505853677006e-44,0.0,1.0
TCN,43,2974,16,11,class_11,11,class_11,1,1.0,0.0,0.0,0.0,3.525668337539704e-39,0.0,0.0,1.960684199597105e-39,3.3832950122658383e-41,8.790345266709577e-42,0.0,0.0,1.0
TCN,43,2975,16,11,class_11,11,class_11,1,1.0,0.0,0.0,0.0,1.1757200159269824e-37,0.0,0.0,1.0612383594947921e-38,2.9688099841776723e-38,2.5738713881086802e-39,2.802596928649634e-45,0.0,1.0
TCN,43,2976,16,11,class_11,11,class_11,1,1.0,2.699507090866766e-29,4.843485800964037e-34,4.681990403032792e-39,4.871402639566615e-22,1.4432045199512262e-32,1.3312335411085762e-43,2.91401021648626e-23,2.1420459924139366e-21,9.632313976384047e-26,5.989606998082118e-26,9.706182554574994e-36,1.0
TCN,43,2977,16,11,class_11,11,class_11,1,1.0,6.73640605561012e-40,3.279038406520072e-43,0.0,2.819898100164989e-31,2.4382593279251817e-43,0.0,1.7478961821674156e-33,5.824346180301731e-30,1.599579504883558e-32,4.033994702828471e-36,4.203895392974451e-45,1.0
TCN,43,2978,16,11,class_11,11,class_11,1,1.0,3.210935301153886e-41,1.2611686178923354e-44,0.0,4.368919905260367e-34,0.0,0.0,2.7000523733156412e-37,1.9543401795912426e-28,2.832934614634252e-30,3.0739322374086748e-33,2.802596928649634e-45,1.0
TCN,43,2979,16,11,class_11,11,class_11,1,1.0,5.395260782941355e-36,1.0316555476144309e-39,2.2266632598121343e-42,1.0641117060412663e-32,0.0,0.0,1.406761600148997e-36,4.250331919983274e-18,3.564160993247314e-20,9.660679209393463e-20,4.566393772648896e-35,1.0
TCN,43,2980,16,11,class_11,11,class_11,1,1.0,6.969778301858775e-41,1.2471556332490872e-43,0.0,1.5375782022862304e-33,5.903642404231168e-40,0.0,2.0084449354163807e-38,4.173666231521119e-30,2.539475854183108e-29,1.6148489249449485e-28,9.363476338618428e-42,1.0
TCN,43,2981,16,11,class_11,11,class_11,1,1.0,9.385341156512677e-19,5.574303297475044e-28,5.785588650432238e-32,5.317782236316794e-27,2.953047450435398e-27,9.947465792067638e-37,2.2083760448233793e-26,7.588015333458756e-21,2.985948910350089e-08,1.2267102701328179e-19,9.913763677704162e-27,1.0
TCN,43,2982,16,11,class_11,11,class_11,1,1.0,6.391032227003375e-39,0.0,0.0,1.771587379627257e-39,1.4055023597177915e-42,0.0,0.0,8.529333377636762e-33,5.657695897204441e-23,4.997272604475248e-34,2.54770073798895e-41,1.0
TCN,43,2983,16,11,class_11,11,class_11,1,1.0,9.61738982669205e-37,1.6815581571897805e-44,0.0,1.7412701472217432e-38,3.3911422836660573e-43,0.0,1.249117451099142e-41,9.312291374581405e-29,8.249849286638717e-23,2.2454589313983743e-31,2.749347587005291e-41,1.0
TCN,43,2984,16,11,class_11,11,class_11,1,1.0,5.449226666131731e-28,2.953914275669156e-35,1.8839028528413554e-39,4.414544584230604e-31,5.226165599151333e-32,2.802596928649634e-45,4.669554697699579e-33,9.06715209848093e-23,7.525735535121749e-17,2.495333458786271e-20,7.699238205336433e-32,1.0
TCN,43,2985,16,11,class_11,11,class_11,1,1.0,5.737016571199228e-25,1.8259431472226766e-30,2.0227745158476685e-33,1.5068098710765425e-25,3.49983562996875e-30,4.288253560526805e-41,1.3300973238650345e-29,2.361069510476571e-13,9.343912362597129e-13,3.562811157209467e-11,4.218159955935249e-24,1.0
TCN,43,2986,16,11,class_11,11,class_11,1,1.0,1.2009605613650554e-28,5.385396043532804e-34,1.3713625319576786e-35,3.041230285789226e-31,7.23630706343539e-37,5.605193857299268e-45,1.6021304975205104e-34,6.0854702353674295e-12,9.276865774589076e-15,7.801001920040287e-16,6.052214050193489e-27,1.0
TCN,43,2987,16,11,class_11,11,class_11,1,1.0,2.7278177720436083e-30,4.734195866735266e-33,4.053678349993272e-36,2.0143654118711912e-26,8.78364104231398e-35,1.401298464324817e-45,7.572300684621362e-32,5.764477966250619e-19,8.055477881268469e-17,5.807758511591837e-20,4.7173270085221875e-31,1.0
TCN,43,2988,16,11,class_11,11,class_11,1,1.0,1.4884212913614677e-31,1.1995821557461962e-36,2.550363205071167e-43,2.024443894149989e-31,3.5239697445257587e-34,0.0,1.772645194054084e-35,4.898583153656062e-25,4.304386311857236e-19,6.479411660059332e-22,1.3096576307200883e-34,1.0
TCN,43,2989,16,11,class_11,11,class_11,1,1.0,1.6371572968676222e-31,1.4809987606233062e-35,1.5100336199625656e-39,4.92517763751594e-30,1.6809448368779148e-37,0.0,2.8863359204804114e-34,5.4014415785921075e-20,6.605657576695341e-18,1.3705040802940579e-21,1.4652879629400483e-33,1.0
TCN,43,2990,16,11,class_11,11,class_11,1,1.0,7.713231290088622e-32,1.765773055987142e-37,1.1210387714598537e-44,1.6589977468070301e-31,7.380984130110838e-34,0.0,2.735022476469476e-34,2.6011327564601358e-24,1.0993716026711864e-21,2.0183055563886163e-24,2.787878137995875e-36,1.0
TCN,43,2991,16,11,class_11,11,class_11,1,1.0,2.802596928649634e-45,5.605193857299268e-45,0.0,1.017272620176601e-40,4.203895392974451e-45,0.0,0.0,1.2282836899013048e-34,3.3480720154558926e-24,1.6552406447780054e-26,1.195307590069069e-42,1.0
TCN,43,2992,16,11,class_11,11,class_11,1,1.0,1.7485111824985042e-24,8.529940834796151e-28,1.0933274837789057e-30,1.909204823130493e-22,1.6915394553304483e-29,4.4359848906088633e-38,6.987483995712423e-26,3.957401033526662e-15,3.945808964127013e-15,5.628844954415146e-17,2.647772493477856e-26,1.0
TCN,43,2993,16,11,class_11,11,class_11,1,1.0,4.7305238932980106e-36,1.9131927933426727e-41,0.0,2.775390088940978e-35,1.1398376107483104e-38,0.0,2.4591465223150217e-38,7.696897020257675e-30,3.2521885362242206e-24,7.926721400250219e-31,4.483141386530322e-38,1.0
TCN,43,2994,16,11,class_11,11,class_11,1,1.0,0.0,0.0,0.0,0.0,0.0,0.0,0.0,1.5925420735420108e-39,4.817435633921266e-32,3.203368289446532e-42,0.0,1.0
TCN,43,2995,16,11,class_11,11,class_11,1,1.0,2.301079876172979e-36,1.0077157646499057e-40,0.0,1.1193514549300688e-33,2.379434780210676e-38,0.0,6.283059635569137e-36,5.340912486430015e-29,5.415637581233143e-27,8.456355144222247e-30,3.735571637107847e-39,1.0
TCN,43,2996,16,11,class_11,11,class_11,1,1.0,9.93495051522306e-37,1.458331311822837e-41,0.0,1.9390959402939263e-34,4.236237361531068e-40,0.0,1.5656179732639824e-37,4.343792085563537e-27,1.6315582145645105e-24,1.9764657683489736e-27,1.5067366449357021e-38,1.0
TCN,43,2997,16,11,class_11,11,class_11,1,1.0,1.6908067270543243e-41,0.0,0.0,5.184804318001823e-44,0.0,0.0,0.0,8.288721042926371e-36,2.6152572493383598e-27,1.2203628066111967e-40,1.401298464324817e-45,1.0
TCN,43,2998,16,11,class_11,11,class_11,1,1.0,1.9554611175447765e-33,1.7263359489680479e-38,2.2621161109595522e-41,5.075856899753213e-32,5.6922144919338394e-40,0.0,3.4812903025821454e-36,1.0223212276117759e-15,2.5795686856072695e-19,5.375764406038298e-21,3.0517363840991354e-31,1.0
TCN,43,2999,16,11,class_11,11,class_11,1,1.0,1.0822330368399621e-35,7.567011707354012e-44,0.0,3.2817777768620112e-37,1.2312312775005e-39,0.0,6.403933981964414e-43,1.329508861989058e-29,3.717821424256403e-21,1.0181650584336558e-29,2.5916048201747108e-39,1.0
TCN,43,3000,16,0,class_0,0,class_0,1,1.0,1.0,1.1414884558062785e-35,2.431198384808187e-18,1.4325354760837738e-33,1.1570200182940299e-29,2.3253025739762825e-28,3.0556735848777796e-31,6.974484893034183e-27,1.2088780612923612e-24,4.0369098829007625e-33,3.713440930460765e-43,5.18446802203758e-24
TCN,43,3001,16,0,class_0,0,class_0,1,1.0,1.0,0.0,6.156044283625354e-41,0.0,1.2505860319787691e-33,1.0952348411482372e-38,0.0,9.486790603479012e-43,5.577108534809665e-29,0.0,0.0,5.493089980153283e-43
TCN,43,3002,16,0,class_0,0,class_0,1,1.0,1.0,3.2216326118435626e-36,1.044737011729857e-24,1.1648780526720535e-34,7.438387407935863e-20,5.8597941557849935e-33,5.789524087969356e-30,1.897180643950305e-31,2.6510715171790614e-23,2.8136286113892284e-27,5.605193857299268e-42,2.5406470979463578e-30
TCN,43,3003,16,0,class_0,0,class_0,1,1.0,1.0,1.9597944084917699e-31,3.320682706387803e-19,9.169787515686869e-33,2.6984808100466543e-19,1.090279895244173e-28,1.6328313328356922e-28,2.240550823067307e-28,4.025664767153682e-20,1.899142594628646e-24,1.8234594242473722e-36,2.4356218874913492e-29
TCN,43,3004,16,0,class_0,0,class_0,1,1.0,1.0,1.0832037129230836e-41,1.9158520806622473e-21,1.0660518197197478e-40,3.1515001249658124e-34,2.331489836452005e-31,6.865325290120249e-37,2.6750160704374402e-30,3.3654738925946155e-24,1.4443093319644868e-35,0.0,2.5394481689401575e-28
TCN,43,3005,16,0,class_0,0,class_0,1,1.0,1.0,2.721474839791402e-32,1.464405814878153e-17,5.718446176354795e-32,2.529315758950247e-21,9.870135779266952e-28,8.017352654167544e-29,8.089926509296916e-27,5.186058529705574e-21,8.596883501879728e-26,2.264849764003757e-38,5.14988952452643e-26
TCN,43,3006,16,0,class_0,0,class_0,1,1.0,1.0,0.0,9.797878862559121e-42,0.0,0.0,0.0,0.0,0.0,4.8815061125030374e-36,0.0,0.0,0.0
TCN,43,3007,16,0,class_0,0,class_0,1,1.0,1.0,1.0342924412588583e-31,6.235342382217396e-17,1.921308635283772e-32,4.654771993683744e-27,9.029933009883878e-25,2.340536017797967e-30,1.5325150318630662e-23,2.261083108367522e-18,3.386907674436666e-30,9.000057989686572e-38,2.2743064370268404e-21
TCN,43,3008,16,0,class_0,0,class_0,1,1.0,1.0,0.0,6.964732764277035e-33,0.0,1.2751816025355835e-42,8.214972117257808e-41,0.0,1.0040821977319114e-39,1.3712757267508227e-32,0.0,0.0,4.657495705876394e-41
TCN,43,3009,16,0,class_0,0,class_0,1,1.0,1.0,8.267660939516421e-44,1.705779967769266e-24,4.484155085839415e-44,1.0030007715380644e-34,1.0493854801561493e-33,1.3731295625949596e-39,1.1697022199580458e-31,4.097090120152133e-25,1.5150838996279922e-41,0.0,2.0703592677303958e-30
TCN,43,3010,16,0,class_0,0,class_0,1,1.0,1.0,0.0,6.435394399700976e-29,0.0,2.473430529291658e-36,4.5616626833933245e-33,0.0,1.2157081595007118e-32,5.35262539049867e-27,0.0,0.0,2.1846608069047885e-36
TCN,43,3011,16,0,class_0,0,class_0,1,1.0,1.0,5.191977172477132e-36,3.4252935242709997e-20,2.6114808211806864e-33,3.02987539592243e-28,4.577938848185862e-28,6.8651893459491905e-31,2.539866143886338e-27,1.118405970655279e-22,2.1834155167159284e-32,5.647232811229013e-43,2.8826645917590314e-24
TCN,43,3012,16,0,class_0,0,class_0,1,1.0,1.0,1.3490580575747879e-40,7.32905213950697e-26,0.0,2.207641013660104e-28,1.8412890849133395e-30,2.542040893491542e-39,4.293511254726436e-28,1.7052314110613887e-19,1.9159783056404453e-34,7.006492321624085e-45,2.0806086197175657e-26
TCN,43,3013,16,0,class_0,0,class_0,1,1.0,1.0,4.246958692942709e-34,1.3549224223882881e-17,6.693823882164967e-35,5.571181461331689e-27,4.3032547269080855e-26,1.1345487234420794e-32,4.140103038343221e-27,1.3494063904454633e-20,2.351928156729752e-31,1.0017322202072387e-39,1.03499872107013e-24
TCN,43,3014,16,0,class_0,0,class_0,1,1.0,1.0,0.0,1.2167474565732387e-41,0.0,0.0,1.401298464324817e-45,0.0,0.0,1.0661726116473726e-38,0.0,0.0,9.80908925027372e-45
TCN,43,3015,16,0,class_0,0,class_0,1,1.0,1.0,0.0,3.173161574519302e-29,0.0,1.322769558254208e-38,1.762139320913332e-37,2.228064558276459e-43,1.0121363658057135e-35,1.0572137582538473e-31,0.0,0.0,9.431341873448166e-36
TCN,43,3016,16,0,class_0,0,class_0,1,1.0,1.0,0.0,1.5648299951115232e-41,0.0,1.2835893933215324e-42,4.6607186923443416e-42,0.0,2.942726775082116e-44,2.309340753123949e-33,0.0,0.0,1.401298464324817e-45
TCN,43,3017,16,0,class_0,0,class_0,1,1.0,1.0,4.85800447633195e-37,1.712645310638163e-32,0.0,5.571954920960331e-24,1.304132026632772e-29,0.0,8.552921875837919e-33,6.067932663633906e-20,9.841431218830336e-40,1.5414283107572988e-44,5.268539231762599e-33
TCN,43,3018,16,0,class_0,0,class_0,1,1.0,1.0,1.2611686178923354e-44,1.1187134221634446e-29,0.0,4.963347396700135e-32,2.3365269987225915e-33,2.6904930515036488e-43,7.824686962456188e-33,4.341276281795783e-26,3.5357562851843784e-41,0.0,8.700791765351444e-30
TCN,43,3019,16,0,class_0,0,class_0,1,1.0,1.0,0.0,3.4810061528847435e-39,0.0,3.0136591778299947e-34,1.0144840362325946e-39,0.0,1.4367373024875917e-40,3.6210969470724573e-31,0.0,0.0,2.059908742557481e-43
TCN,43,3020,16,0,class_0,0,class_0,1,1.0,1.0,5.331380137370199e-41,2.089597628102801e-25,4.335724171512027e-37,5.137772091511871e-30,2.3354016350732345e-35,4.055754894054367e-34,4.717512668900939e-36,9.311611731959624e-30,1.3849471542338867e-35,0.0,5.700709109369475e-27
TCN,43,3021,16,0,class_0,0,class_0,1,0.9997819066047668,0.9997819066047668,6.012981675184361e-17,0.00021806462609674782,2.0217743020652275e-14,1.892281768561474e-13,2.4135981909379108e-14,5.612743969818585e-15,2.893849439591922e-14,4.42120368093768e-10,1.53516410179047e-16,2.743008206972777e-23,4.4800065892268426e-13
TCN,43,3022,16,0,class_0,0,class_0,1,1.0,1.0,1.3425572901405868e-27,1.3919353633595246e-17,3.772487662719528e-25,8.505832322927721e-20,3.3894917094871555e-23,6.121862916013932e-23,4.781679588136258e-24,6.793481213237723e-20,2.975248265824164e-24,1.4291498744221319e-35,5.551882084989742e-17
TCN,43,3023,16,0,class_0,0,class_0,1,1.0,1.0,1.4466421517585534e-27,1.80320524272937e-14,3.319454890501691e-26,7.165265411750427e-24,1.0228719362942364e-21,1.3274699863645647e-24,2.038989249800097e-18,1.1227984198672287e-18,2.3238165938387413e-25,3.34940929260613e-34,2.613726093638445e-16
TCN,43,3024,16,0,class_0,0,class_0,1,1.0,1.0,1.091634102291954e-25,3.8254710271919123e-13,4.667853301954544e-22,7.057368630748332e-20,1.1397128134044855e-21,2.244469289161971e-20,2.3678419333557597e-18,3.9019946496830673e-16,4.988558518302649e-23,4.519833965882061e-32,1.0091275247879877e-16
TCN,43,3025,16,0,class_0,0,class_0,1,1.0,1.0,5.3802861328555813e-33,1.0225590321117175e-15,2.7952863047440822e-31,2.1588293423698924e-29,4.585129272966493e-25,3.6335384263013344e-30,6.985278907615201e-24,4.6911149294051134e-21,5.556589067805892e-31,7.141493415677138e-40,1.8942543060111954e-21
TCN,43,3026,16,0,class_0,0,class_0,1,1.0,1.0,2.899727097023681e-31,2.5841851369850754e-21,1.3129861651156514e-31,1.658469986304971e-19,6.072125084330542e-27,8.559235162122598e-30,1.4858245585128176e-29,1.5609093321801406e-19,5.667491440060662e-27,2.615585994132756e-35,4.0303390522831434e-26
TCN,43,3027,16,0,class_0,0,class_0,1,1.0,1.0,1.0092499066932635e-25,1.0538441647112151e-11,1.8936210058633822e-26,6.038148603962257e-19,1.245389478548557e-22,1.1291401587648024e-22,3.602018410418386e-22,3.9886134734363563e-19,3.2305656458196682e-22,6.470610334362628e-32,1.2750488973136575e-23
TCN,43,3028,16,0,class_0,0,class_0,1,1.0,1.0,2.7933765966217363e-32,1.8595208105627234e-16,1.4133249118716153e-27,8.892222886945767e-22,1.9951984222495533e-28,3.552478547076947e-25,2.5560506191367985e-26,6.37620845881725e-22,1.4394269749262774e-25,6.038195082775637e-40,5.838114066027004e-23
TCN,43,3029,16,0,class_0,0,class_0,1,0.9986494183540344,0.9986494183540344,2.3980482118614505e-16,0.0013506589457392693,8.38405763658102e-19,6.743880492021334e-14,3.7619668686121306e-16,1.1535586066352258e-15,1.0191028101233974e-17,2.6823574675853166e-17,4.659318138970318e-18,2.8060913304774734e-26,2.292142518985015e-20
TCN,43,3030,16,0,class_0,0,class_0,1,1.0,1.0,0.0,8.307623227416052e-35,0.0,1.713220274312509e-32,2.3553024588371525e-41,0.0,2.5223372357846707e-44,8.801885031838545e-28,8.267660939516421e-44,0.0,8.529703752345162e-42
TCN,43,3031,16,0,class_0,0,class_0,1,1.0,1.0,6.213698724701373e-36,2.5197528967563446e-21,4.080980194670647e-31,5.645592769183803e-26,4.351047200585626e-31,9.389411026232638e-29,2.0582010826400668e-30,2.4387891264701777e-24,3.594331081763556e-30,9.80908925027372e-45,4.085369372733779e-25
TCN,43,3032,16,0,class_0,0,class_0,1,1.0,1.0,4.878447317211995e-31,5.194228908107616e-16,1.0717248554178895e-26,1.4740237764756191e-24,3.3687204866279075e-26,1.7795913160880805e-26,1.745352386218773e-24,2.251347554449291e-19,2.014718858534585e-26,3.224309573957095e-38,3.4201494948366855e-20
TCN,43,3033,16,0,class_0,0,class_0,1,0.8542100191116333,0.8542100191116333,5.202601587386835e-13,0.14578981697559357,1.0626301921723424e-10,1.4633860789814435e-09,7.24477726074535e-12,3.745668011867487e-11,4.39205919897101e-12,2.422997624762502e-07,1.4293121265544773e-13,1.9016326520620047e-19,1.7685937436784371e-10
TCN,43,3034,16,0,class_0,0,class_0,1,1.0,1.0,2.9716126447273134e-28,1.342191679318456e-15,1.1965228231871766e-24,2.1343949756446045e-21,6.143784413936938e-23,8.185487387559183e-24,1.9206734722972133e-22,4.0466544105737295e-18,8.855139305916786e-26,4.485183643396384e-35,3.2930564248921806e-19
TCN,43,3035,16,0,class_0,2,class_2,0,0.9312463998794556,0.06875357776880264,5.8639182919095756e-12,0.9312463998794556,2.561530321187888e-09,7.911240564560662e-13,2.4728510905625e-10,1.0335935232697047e-11,2.752180927600989e-09,1.4878604126522532e-08,8.263551789459284e-16,5.551945695178847e-18,4.4564902879074e-09
TCN,43,3036,16,0,class_0,2,class_2,0,0.5408012866973877,0.4591984450817108,7.315418886974512e-13,0.5408012866973877,8.883286994887385e-09,1.3809029440758902e-11,1.8609886201503834e-11,6.691335818764799e-10,2.1509367620353714e-09,3.036649900423072e-07,3.9195399313338153e-13,1.934997137165696e-18,4.486991667107532e-09
TCN,43,3037,16,0,class_0,0,class_0,1,1.0,1.0,1.3014485140891668e-29,4.584243107460997e-15,1.676746657057802e-26,5.9400551687068225e-24,7.897503458916485e-24,3.9217339830115215e-25,3.2707670072916897e-22,5.289984419423357e-19,1.9962967993561368e-26,5.77552143900942e-36,1.93671544979191e-19
TCN,43,3038,16,0,class_0,0,class_0,1,1.0,1.0,7.27553778784904e-27,1.4540647204973702e-15,2.407744460806457e-27,2.982351761060453e-23,6.97977585811659e-21,5.907392977653313e-27,1.4940142020672116e-22,8.402060188637471e-19,8.144797023784486e-27,1.5853214563578546e-33,5.194178874537302e-20
TCN,43,3039,16,0,class_0,0,class_0,1,1.0,1.0,5.802905449400337e-21,2.1030464480986666e-08,9.772989010827997e-20,1.5260790778611266e-17,1.2619496541866552e-16,1.717359591363778e-20,2.9499441091735657e-17,1.454914442774232e-14,1.046055187573973e-20,2.720310102605675e-26,2.2238133440288278e-14
TCN,43,3040,16,1,class_1,1,class_1,1,1.0,0.0,1.0,0.0,0.0,2.6456515006452546e-42,3.2919254167650264e-27,0.0,0.0,1.8216880036222622e-44,0.0,8.547920632381384e-44,0.0
TCN,43,3041,16,1,class_1,1,class_1,1,1.0,5.797128008835341e-22,1.0,2.054409501349286e-25,5.911417545695037e-23,2.6971683553256298e-08,5.5498449585966725e-11,2.265034744024144e-20,1.9118848676154547e-24,1.6192722881450413e-20,7.496925714771396e-13,2.266196283964988e-17,4.832835387436021e-27
TCN,43,3042,16,1,class_1,1,class_1,1,1.0,8.248275376560951e-38,1.0,1.6583946935744913e-40,4.8751173573860386e-42,6.891035115218076e-23,4.259746476125046e-18,1.0372073586816304e-33,8.703506800875369e-39,1.0428671236301272e-36,4.783322552761533e-31,1.3754532749819077e-29,1.9527094100366326e-41
TCN,43,3043,16,1,class_1,1,class_1,1,1.0,0.0,1.0,0.0,0.0,0.0,5.576747498473474e-41,0.0,0.0,0.0,0.0,0.0,0.0
TCN,43,3044,16,1,class_1,1,class_1,1,1.0,0.0,1.0,0.0,0.0,0.0,4.919851378205474e-35,0.0,0.0,0.0,0.0,1.401298464324817e-45,0.0
TCN,43,3045,16,1,class_1,1,class_1,1,1.0,2.9603561619813533e-27,1.0,1.37355060666013e-28,1.173698195454231e-31,2.7866956213028118e-15,1.2853382637748045e-12,1.285233603127054e-26,6.851016100230818e-29,1.1448746206081597e-24,1.2052480351643639e-19,3.125623921360224e-21,1.008124267807576e-29
TCN,43,3046,16,1,class_1,1,class_1,1,1.0,6.267779899534915e-38,1.0,2.598007352858211e-41,2.0416918625212585e-42,4.465709536981873e-25,1.0573169284964557e-19,2.2750450511107987e-35,1.7052214639672944e-38,8.194404553442486e-36,2.7483495793870763e-32,3.1749123816662926e-32,9.935206112062953e-43
TCN,43,3047,16,1,class_1,1,class_1,1,1.0,7.741073188820334e-28,1.0,6.372778806090301e-30,7.93100011795362e-35,2.4442660352327894e-16,2.5928880570402768e-11,1.6274575970863318e-29,4.0981053841206015e-33,3.3111427790843598e-28,3.5432481349287624e-25,7.720176402107985e-25,5.534402052543613e-37
TCN,43,3048,16,1,class_1,4,class_4,0,0.9999665021896362,4.878484838322095e-10,3.262284371885471e-05,3.221129079070649e-15,1.0807651440458699e-09,0.9999665021896362,1.5865331270958904e-10,1.7240947558505582e-10,1.2138422855984492e-16,1.1773972422024492e-11,8.761335266171955e-07,7.840710231684506e-14,1.6622370433287442e-15
TCN,43,3049,16,1,class_1,1,class_1,1,0.9999687671661377,1.5663097068249895e-22,0.9999687671661377,1.3369284436065219e-21,8.032706792106798e-31,7.94896414989573e-18,3.128205571556464e-05,2.166089363999441e-27,1.8936522726118797e-22,2.4578650850944597e-19,1.718334921316509e-20,2.2926916069040005e-15,2.319797814805393e-29
TCN,43,3050,16,1,class_1,1,class_1,1,1.0,2.802596928649634e-45,1.0,1.1210387714598537e-44,5.885453550164232e-44,1.6632873834638574e-24,1.173108716023376e-21,2.1050248077850365e-38,1.9341702313536153e-40,1.2301755392374777e-38,9.44975867864206e-33,4.1279791036788115e-33,7.100379318733848e-42
TCN,43,3051,16,1,class_1,1,class_1,1,1.0,6.025583396596713e-44,1.0,2.865375099851386e-41,1.1501857795178099e-41,1.3531852456491961e-27,4.688858459050045e-22,1.916600560003538e-33,2.6456515006452546e-42,2.8902334619852453e-36,5.106671754067825e-35,1.3406128509988027e-34,8.253647954873173e-43
TCN,43,3052,16,1,class_1,1,class_1,1,1.0,0.0,1.0,0.0,0.0,0.0,0.0,0.0,0.0,0.0,0.0,0.0,0.0
TCN,43,3053,16,1,class_1,1,class_1,1,0.9998345375061035,1.0415544041570182e-20,0.9998345375061035,7.380549503252743e-27,5.531680390556757e-19,0.00016544362006243318,1.1427844110736222e-14,2.8001155613328557e-17,5.9610528175874156e-36,1.173496557909706e-21,1.2212190161267481e-17,1.7535241470321508e-25,4.459067608262349e-31
TCN,43,3054,16,1,class_1,1,class_1,1,1.0,5.698733644506918e-26,1.0,3.1871157314124898e-27,4.380710471390208e-30,9.829320991579064e-15,7.575252924940656e-12,1.476414813879344e-25,7.35484296072704e-27,5.511597595380061e-25,2.8626714441239993e-20,2.2077751452143996e-21,9.859997714132353e-31
TCN,43,3055,16,1,class_1,1,class_1,1,1.0,2.4236858238962036e-41,1.0,0.0,3.5938227304296845e-38,5.715214058152633e-26,3.370472115290096e-24,5.522236629478832e-36,8.31412644328211e-34,6.292111223316676e-33,3.7296834671861634e-28,1.340304451643733e-29,5.494266622447807e-37
TCN,43,3056,16,1,class_1,1,class_1,1,1.0,1.6521589154082458e-40,1.0,2.450306851342368e-38,4.597957560931916e-37,3.5625174183934665e-27,2.1857384316949404e-19,1.6743620999023956e-34,2.378443841575968e-32,1.3028051812717107e-28,3.1270662468597165e-29,2.8742900481447685e-29,7.700681567865956e-40
TCN,43,3057,16,1,class_1,1,class_1,1,1.0,5.100726410142334e-41,1.0,2.802596928649634e-45,2.9219455188561788e-39,5.855607995529646e-28,2.550772615827925e-25,2.7465449900766415e-42,1.1914680965358375e-30,2.4445577510434753e-29,1.4096856553894017e-26,2.4756827705007803e-24,7.04197319874079e-39
TCN,43,3058,16,1,class_1,1,class_1,1,1.0,5.369910925841636e-33,1.0,1.5232941073304713e-39,3.527408100693276e-29,4.773363080986652e-19,5.392001943413577e-24,1.0369755071146101e-30,2.9400734955874065e-29,3.9637636407806616e-29,7.315153243591307e-23,1.0165759593124379e-25,5.473371177212609e-36
TCN,43,3059,16,1,class_1,1,class_1,1,1.0,0.0,1.0,0.0,0.0,5.831442798986313e-36,3.3822887979012117e-28,0.0,0.0,0.0,0.0,0.0,0.0
TCN,43,3060,16,1,class_1,1,class_1,1,1.0,0.0,1.0,0.0,0.0,4.373822543222762e-34,3.868802891200458e-40,0.0,0.0,0.0,0.0,0.0,0.0
TCN,43,3061,16,1,class_1,1,class_1,1,0.9863677620887756,2.4072442579873773e-14,0.9863677620887756,6.531730377399945e-19,2.4969026785694208e-20,0.013630768284201622,1.4879509535603574e-06,1.2819578131717206e-17,1.832560706608947e-26,2.940435171723901e-18,1.0600945034994202e-12,8.469236527846925e-21,1.8174404925420354e-25
TCN,43,3062,16,1,class_1,1,class_1,1,1.0,3.6842098444949496e-40,1.0,7.987401246651457e-44,3.930462349113577e-34,1.94061075154076e-21,6.5408693834935126e-24,4.419045505080128e-30,2.5071650073686314e-35,2.0877374090202005e-36,2.37725676860579e-31,5.779475198187199e-33,1.2163551378447786e-36
TCN,43,3063,16,1,class_1,1,class_1,1,1.0,1.0124420345149569e-34,1.0,1.680376750928893e-34,1.8167537906647844e-27,1.9677612183916444e-20,5.288453514904674e-18,8.274258034646196e-27,1.5058429271330837e-27,2.2385603744697827e-28,1.4396026197372055e-25,5.72673420070798e-27,1.9530800254544772e-36
TCN,43,3064,16,1,class_1,1,class_1,1,1.0,0.0,1.0,0.0,0.0,3.9418480955601457e-32,2.0656538507365965e-26,0.0,3.510252653133667e-42,1.3690685996453463e-42,8.618191015996334e-34,9.891009382705903e-37,0.0
TCN,43,3065,16,1,class_1,1,class_1,1,1.0,2.655796443927908e-32,1.0,7.6964115087646905e-34,9.249859252129006e-32,8.343809881747303e-17,7.036707018724889e-17,1.8626617012666569e-28,2.26244125126493e-30,2.3993696040961707e-30,1.493580486341521e-23,7.339739972177551e-26,1.372032357107781e-35
TCN,43,3066,16,1,class_1,1,class_1,1,1.0,1.8569709694855125e-29,1.0,2.634540057164616e-29,5.817448156986071e-20,3.6699416834477805e-13,2.356562390989507e-16,9.621321406548564e-21,1.6950504487302255e-25,5.452624819296067e-25,6.699320271430486e-19,7.43482273293852e-25,8.78482722172478e-32
TCN,43,3067,16,1,class_1,1,class_1,1,0.9999455213546753,8.901247794401712e-13,0.9999455213546753,1.2469578592345237e-13,2.7944209852982446e-15,4.648887625080533e-05,6.557035703735892e-06,1.1489979974410591e-11,5.8140625255572505e-15,4.1138120687733704e-10,1.4732908084624796e-06,6.686475817474502e-10,2.146254433400309e-15
TCN,43,3068,16,1,class_1,1,class_1,1,1.0,1.1909614893908365e-26,1.0,2.447612597324833e-26,5.6808795725758e-23,6.895145804146352e-13,1.3154529548975447e-12,1.1662062209680155e-21,5.006934480887139e-24,6.779468599985458e-22,1.431788495138411e-16,6.388750867582833e-21,2.599788517062782e-28
TCN,43,3069,16,1,class_1,1,class_1,1,1.0,7.747440026638102e-24,1.0,2.1613304758477776e-25,5.855918190621314e-29,3.2722841092607674e-14,1.0794045657291917e-09,7.960776019971999e-25,4.4337808848811185e-25,2.068551949194751e-22,1.6512372948046876e-17,7.11462387555075e-19,7.217841356354071e-28
TCN,43,3070,16,1,class_1,1,class_1,1,1.0,0.0,1.0,0.0,0.0,8.407790785948902e-45,1.4055781763770533e-33,0.0,0.0,0.0,0.0,7.286752014489049e-44,0.0
TCN,43,3071,16,1,class_1,1,class_1,1,1.0,1.0560185227151821e-41,1.0,1.2859716007108846e-41,3.6430004592560853e-39,3.1159986034707336e-25,1.1233856304675834e-25,6.536721024443834e-40,3.3758548678101216e-29,3.295275162643175e-30,1.8967136739154418e-20,1.694286640321721e-26,2.656885385332503e-36
TCN,43,3072,16,1,class_1,1,class_1,1,0.9810487031936646,1.8852769528979234e-26,0.9810487031936646,3.394237748758676e-27,1.1210387714598537e-43,5.145288403206447e-16,0.01895131729543209,2.638713572274583e-32,2.649843677058649e-29,1.8988282098920882e-22,2.427532081352674e-25,7.573005265416877e-13,1.1345637550760905e-31
TCN,43,3073,16,1,class_1,1,class_1,1,1.0,4.3707099296907e-31,1.0,3.778351995237891e-31,1.764968115206337e-26,1.1923194907521167e-13,4.763638121184116e-16,1.5064730294421653e-22,4.988179244663515e-30,6.309787731372109e-30,5.046471400595911e-25,1.7843060840736128e-29,2.433086182410403e-37
TCN,43,3074,16,1,class_1,1,class_1,1,1.0,1.961817850054744e-44,1.0,0.0,1.3424439288231748e-42,3.7555673631714526e-13,5.682821457231995e-26,5.6803873983702854e-36,0.0,1.401298464324817e-45,1.567659837407742e-32,2.6904930515036488e-43,0.0
TCN,43,3075,16,1,class_1,1,class_1,1,1.0,0.0,1.0,0.0,3.24406059555206e-39,7.805503971403594e-29,3.757919574249073e-27,8.646011524884121e-43,2.83723634796603e-32,1.8194868646216142e-34,4.124475272402485e-30,5.50327898840288e-32,7.006492321624085e-45
TCN,43,3076,16,1,class_1,1,class_1,1,1.0,8.35789194893276e-39,1.0,1.8528809074381326e-40,2.382207389352189e-44,2.2641280574464954e-27,1.4698437260744707e-20,3.5595293669930945e-34,1.9223152463454273e-40,9.603112936966366e-33,3.313192127986303e-34,7.857710272190632e-33,2.0168468407487795e-40
TCN,43,3077,16,1,class_1,1,class_1,1,1.0,1.574263536373358e-39,1.0,2.1115325779832074e-40,5.594572014939686e-40,7.925457565508333e-22,6.597573126978554e-18,3.068734335591132e-38,3.5003893737660117e-34,1.9963601586144935e-31,7.338868527396314e-27,5.403609686507258e-26,1.3348769171158207e-41
TCN,43,3078,16,1,class_1,1,class_1,1,1.0,0.0,1.0,0.0,0.0,9.388699710976274e-44,3.301721415338689e-35,0.0,0.0,0.0,0.0,0.0,0.0
TCN,43,3079,16,1,class_1,1,class_1,1,1.0,5.525446171830732e-26,1.0,3.9986025097684114e-29,1.6592361020034334e-26,4.978380208076061e-11,3.8944216775027574e-14,3.583381552599878e-21,3.9723176586286575e-28,4.955834733852477e-25,6.471325761322444e-17,4.311709235191417e-22,6.271727669320733e-30
TCN,43,3080,16,2,class_2,2,class_2,1,1.0,3.001652216286053e-38,0.0,1.0,0.0,0.0,4.203895392974451e-45,1.807675018979014e-43,1.2669574379003998e-37,1.119387060959954e-38,0.0,0.0,1.6815581571897805e-43
TCN,43,3081,16,2,class_2,2,class_2,1,1.0,4.052533919894877e-21,7.42688186092153e-43,1.0,0.0,0.0,1.6942450650702688e-37,1.6273053391234265e-33,4.975414723240314e-35,8.306545308279898e-35,0.0,0.0,2.0237244136116857e-39
TCN,43,3082,16,2,class_2,2,class_2,1,1.0,3.322559734294051e-18,3.09620472413368e-29,1.0,4.2418842580306656e-37,3.350347963032326e-38,7.393437826440582e-27,1.4191906926291112e-29,5.512818125059803e-32,1.8650947826954467e-34,7.973388262008209e-43,1.9898438193412402e-43,2.7824348601054123e-31
TCN,43,3083,16,2,class_2,0,class_0,0,0.5687030553817749,0.5687030553817749,8.079860636442576e-28,0.4312968850135803,1.0220794659066397e-28,4.605889147245025e-29,2.6859141149674803e-22,6.531689167261828e-16,1.9913947106093885e-28,2.0920772644469434e-24,3.2510124372335756e-43,6.887381952156476e-42,2.181169076481846e-29
TCN,43,3084,16,2,class_2,2,class_2,1,1.0,3.427950609344279e-18,6.048227621727641e-25,1.0,5.717192854873994e-28,1.0057504086878418e-29,6.003721445309752e-26,2.4583186107740882e-25,6.100369296245919e-23,1.363721719485447e-25,2.0487810426626654e-34,1.333517410976896e-35,1.4920902706603277e-28
TCN,43,3085,16,2,class_2,2,class_2,1,1.0,1.7405523861428968e-16,3.558788223315031e-31,1.0,7.332825136748107e-34,1.0800929971428517e-34,2.8753115734243337e-28,9.648537024159433e-25,6.196352958347363e-27,8.395229738906041e-28,2.295966997702554e-37,6.8384626227668965e-40,3.192964272087718e-30
TCN,43,3086,16,2,class_2,2,class_2,1,1.0,1.022836117764588e-15,6.775111546670447e-26,1.0,7.232788822618703e-33,4.055569386352128e-34,8.605750668232962e-24,3.535331376484485e-28,1.639753606538306e-28,1.282857217427974e-27,3.812903974419769e-36,1.7922118585810054e-37,1.98290865882913e-26
TCN,43,3087,16,2,class_2,2,class_2,1,1.0,8.071093272887797e-12,1.2040772263865092e-25,1.0,5.4562184659053374e-27,1.2756810290462606e-31,9.987797897717629e-24,8.063318865750321e-24,4.9812486274712706e-26,1.4254011512909642e-24,5.727729000213688e-38,6.4332078916112995e-37,5.94580796151005e-26
TCN,43,3088,16,2,class_2,2,class_2,1,1.0,1.879616361179505e-18,2.171163596236697e-33,1.0,1.5688343456031778e-37,2.540664818399575e-39,6.543016907241923e-31,1.7947583466230454e-28,3.248000353355929e-30,2.1436129253487805e-31,1.2779841994642332e-42,8.407790785948902e-45,1.3518299645155512e-32
TCN,43,3089,16,2,class_2,2,class_2,1,1.0,7.799567363609428e-25,5.035863555241176e-37,1.0,4.601320453038541e-39,3.1948203688141504e-41,8.906456669129018e-35,2.139696117560413e-34,1.3973206672518365e-30,6.5995690000645025e-31,1.401298464324817e-44,8.407790785948902e-45,1.684767061617096e-34
TCN,43,3090,16,2,class_2,2,class_2,1,1.0,6.282514817510555e-19,1.453406642309675e-35,1.0,9.599461726243356e-38,3.252486603218045e-39,6.716910607745506e-31,3.9728158124458354e-29,6.171903560574328e-30,1.7600715057302806e-28,6.925637400232543e-41,6.81311313354726e-42,8.201238945326845e-32
TCN,43,3091,16,2,class_2,2,class_2,1,1.0,5.81344608008294e-08,6.91826280713396e-25,1.0,5.867058997199989e-27,4.2974084341542144e-29,7.026992775047189e-18,1.542404772772543e-21,2.1906655950521585e-17,1.7817265674999194e-12,4.008376303309623e-29,1.8495675382300725e-23,6.90257935152717e-17
TCN,43,3092,16,2,class_2,2,class_2,1,1.0,5.811440628540434e-19,3.0787569437690295e-32,1.0,3.1272068771313994e-38,3.5148769380659387e-41,3.3606162480517114e-29,4.044062031341547e-33,1.8233239812398354e-32,4.193295294467986e-30,4.764414778704378e-44,1.6255062186167878e-43,1.5361676149427154e-30
TCN,43,3093,16,2,class_2,2,class_2,1,1.0,0.0,0.0,1.0,0.0,0.0,0.0,0.0,4.809256329562772e-42,1.401298464324817e-45,0.0,0.0,0.0
TCN,43,3094,16,2,class_2,2,class_2,1,1.0,9.087417485176275e-10,2.9405978520247178e-12,1.0,2.0062840586638834e-17,5.732992949235982e-17,6.237258431095183e-13,1.9244949397653234e-14,6.538848238910044e-13,4.998119075598972e-16,6.110510493195366e-20,5.070256555901775e-20,1.3132115587588934e-16
TCN,43,3095,16,2,class_2,2,class_2,1,1.0,1.6680104594778356e-29,0.0,1.0,0.0,0.0,2.150008029918174e-39,6.116890883493347e-38,8.131193750958053e-36,7.302478556220179e-35,0.0,0.0,7.715913682173167e-40
TCN,43,3096,16,2,class_2,2,class_2,1,1.0,2.536351750848098e-08,2.245551484760469e-25,1.0,2.358341337874772e-25,5.260155836449427e-29,5.576274723277321e-23,1.2140616445911164e-19,1.6908157497137667e-23,4.408143195004942e-19,4.129000589902577e-34,3.283537757510666e-33,4.641467734832201e-22
TCN,43,3097,16,2,class_2,2,class_2,1,1.0,1.4790705290948444e-41,0.0,1.0,0.0,0.0,0.0,0.0,2.4529729618005923e-41,1.961817850054744e-44,0.0,0.0,0.0
TCN,43,3098,16,2,class_2,2,class_2,1,1.0,3.4978577686956374e-24,1.401298464324817e-44,1.0,0.0,0.0,1.5156721647233158e-38,1.3764239592326487e-37,1.331919841044464e-37,1.8783570740389435e-38,0.0,0.0,4.84587225843558e-40
TCN,43,3099,16,2,class_2,2,class_2,1,1.0,9.933642103332474e-11,1.8084899863852834e-28,1.0,1.364906936773223e-27,1.7438793894009612e-34,2.399808274813496e-23,7.983801686504043e-24,2.0329417266366796e-23,3.438793241114836e-19,1.257232090246354e-37,1.2111019114186178e-33,6.749017433084224e-23
TCN,43,3100,16,2,class_2,0,class_0,0,0.9999995231628418,0.9999995231628418,7.190579625398275e-27,5.098819428894785e-07,5.562532495137435e-28,2.1030713723639758e-25,4.565324608340862e-22,4.915056377813255e-16,5.887884848060626e-27,4.711753348221221e-22,2.0616375529473034e-34,1.2645879834481117e-34,2.815805393708872e-28
TCN,43,3101,16,2,class_2,2,class_2,1,1.0,2.3164114882953634e-30,1.427709913572657e-37,1.0,7.538985738067516e-43,0.0,2.1957009387841583e-33,4.363162772534217e-39,8.60021157863859e-30,3.346307686476638e-33,0.0,1.0061322973852187e-42,4.152314408134725e-34
TCN,43,3102,16,2,class_2,2,class_2,1,1.0,2.828312469819756e-23,2.1676265555101298e-40,1.0,1.961817850054744e-44,0.0,1.7991657069219217e-36,2.8216018541006422e-36,1.0755482512566614e-37,3.8368580506286306e-38,0.0,0.0,1.3012037150180954e-40
TCN,43,3103,16,2,class_2,2,class_2,1,1.0,2.7211043795340482e-22,4.4282800023430075e-36,1.0,8.985248081001469e-36,7.255703444415004e-39,4.466577312697294e-33,7.440981508713601e-32,8.210190922555533e-32,6.0141204612676804e-36,0.0,0.0,5.647232811229013e-43
TCN,43,3104,16,2,class_2,2,class_2,1,1.0,1.3011389743411428e-09,1.989194283934396e-21,1.0,4.8248252136857215e-26,7.504752491173195e-24,2.13878210250669e-19,9.422095077184203e-22,6.579865838818899e-22,3.90798814681907e-21,6.282051255675757e-29,1.1971903089960924e-30,5.235959487815491e-26
TCN,43,3105,16,2,class_2,2,class_2,1,1.0,1.5594419977560392e-08,2.161419450932852e-19,1.0,4.981407967513364e-23,2.2811310837381995e-25,1.581382569328711e-19,1.7416182784140295e-20,4.296175617334529e-23,5.0559736246297506e-24,4.349184365300519e-33,7.284981598314678e-34,1.3265328442610655e-25
TCN,43,3106,16,2,class_2,2,class_2,1,1.0,0.0,0.0,1.0,0.0,0.0,0.0,0.0,4.184277214473904e-42,9.80908925027372e-45,0.0,0.0,0.0
TCN,43,3107,16,2,class_2,2,class_2,1,1.0,1.0993887101860352e-40,0.0,1.0,0.0,0.0,0.0,0.0,2.1478696484616142e-38,1.401298464324817e-45,0.0,0.0,0.0
TCN,43,3108,16,2,class_2,2,class_2,1,1.0,0.0,0.0,1.0,0.0,0.0,0.0,0.0,3.7941557220058747e-41,2.9287137904388677e-43,0.0,0.0,0.0
TCN,43,3109,16,2,class_2,2,class_2,1,1.0,4.434546868820088e-23,6.975899960609847e-33,1.0,1.961817850054744e-44,7.006492321624085e-45,1.9790224146942759e-13,6.626039788559898e-41,1.2707640914548727e-26,1.2649744820467845e-19,3.323599697685601e-41,5.332439710739679e-23,8.48091956214268e-27
TCN,43,3110,16,2,class_2,2,class_2,1,1.0,1.9666425877130217e-13,8.893804213850546e-25,1.0,5.193400262512962e-22,1.222614693450201e-24,1.2751530364194776e-20,4.688452280249745e-20,1.6946410435282665e-20,7.717269725773563e-23,9.610169978271442e-36,1.5067478360379626e-31,1.6806110442180852e-30
TCN,43,3111,16,2,class_2,2,class_2,1,1.0,1.2716984902311069e-36,1.049572549779288e-42,1.0,9.556855526695252e-43,0.0,2.7426227556749963e-38,9.00249064382064e-39,1.7404385521322113e-32,8.755769112722992e-36,0.0,0.0,1.8888621882364474e-38
TCN,43,3112,16,2,class_2,2,class_2,1,1.0,1.2809465987917434e-10,6.424655595267106e-20,1.0,4.591254777895534e-25,2.2494213464551004e-22,7.932036725840445e-18,3.0113361565976654e-20,1.9577515574979285e-19,5.081875212333877e-20,7.848091800263286e-26,2.07529640418916e-27,1.3766646737561633e-23
TCN,43,3113,16,2,class_2,2,class_2,1,1.0,8.983299446567366e-35,0.0,1.0,0.0,0.0,0.0,5.6848151176738765e-34,1.0744722221918757e-39,1.401298464324817e-45,0.0,0.0,0.0
TCN,43,3114,16,2,class_2,2,class_2,1,1.0,1.0898141813094958e-28,2.1819618388001727e-41,1.0,1.401298464324817e-44,0.0,1.4667537329807154e-25,1.0456629270638217e-40,5.913925996840042e-29,9.879686877239805e-24,1.401298464324817e-45,1.4968451189783304e-35,1.0620654278097476e-29
TCN,43,3115,16,2,class_2,2,class_2,1,1.0,3.521194271802808e-38,0.0,1.0,3.2229864679470793e-44,0.0,0.0,1.0654407134594558e-38,3.876250661870065e-33,8.595790243486144e-36,0.0,0.0,0.0
TCN,43,3116,16,2,class_2,2,class_2,1,1.0,2.9602343600708172e-18,3.168531534302978e-35,1.0,4.7840111132712065e-33,5.912543452076559e-39,7.130962584147796e-24,1.199984506087771e-29,7.770116464447404e-23,1.001205399004659e-24,2.6246320236803824e-42,5.473530987965491e-31,4.0645779483523805e-29
TCN,43,3117,16,2,class_2,2,class_2,1,1.0,2.152591126181047e-11,1.1286793377784085e-22,1.0,1.6945840039051345e-26,4.8680648831647415e-27,1.3547114818823758e-12,4.6611780871923084e-23,7.0139079887490165e-15,2.0826146363006615e-10,1.879059418716122e-23,1.4738337283324568e-15,4.119406503194298e-14
TCN,43,3118,16,2,class_2,2,class_2,1,1.0,1.2927275044557481e-33,4.7358787367768675e-39,1.0,1.6116473768046154e-40,0.0,2.3660258457854845e-34,1.3295149617669977e-35,3.76599312975199e-30,1.2318310655291476e-34,0.0,1.1210387714598537e-43,7.540889710316963e-37
TCN,43,3119,16,2,class_2,2,class_2,1,1.0,3.7127266141696195e-32,0.0,1.0,2.382207389352189e-44,0.0,2.3780034939592146e-42,9.051911638060448e-38,8.175269336381304e-35,8.100906422261767e-42,0.0,0.0,0.0
TCN,43,3120,16,3,class_3,3,class_3,1,1.0,2.8958362107224594e-31,7.08119207528567e-32,1.2037444381799741e-36,1.0,5.816837461894016e-24,2.802596928649634e-45,6.6237211333219675e-19,5.246705999358505e-30,7.403970922141168e-33,3.4001704603965644e-26,3.132159906683402e-39,8.955272184587885e-21
TCN,43,3121,16,3,class_3,3,class_3,1,1.0,0.0,0.0,0.0,1.0,7.842539453770883e-30,0.0,9.80908925027372e-45,0.0,0.0,0.0,0.0,0.0
TCN,43,3122,16,3,class_3,6,class_6,0,0.9999990463256836,5.357048138421305e-10,5.591313214164769e-21,6.272365265899596e-16,9.356978125651949e-07,1.0133267733420621e-17,1.5053400989645231e-22,0.9999990463256836,2.442538121107615e-17,2.286269970193842e-24,2.5744450989984432e-26,5.24101444379092e-32,6.397299766883408e-15
TCN,43,3123,16,3,class_3,3,class_3,1,1.0,4.779637227252641e-24,1.0846216334381847e-28,1.6409979378383124e-29,1.0,3.123241738131299e-20,9.977335645925432e-37,7.929912802795425e-12,8.586689939870075e-26,1.1841805928592919e-32,3.0877154054947535e-27,2.8331947850856137e-37,1.0955552263927947e-18
TCN,43,3124,16,3,class_3,3,class_3,1,1.0,2.0356667275401703e-37,5.798026538975006e-40,0.0,1.0,1.642288160437775e-29,0.0,1.0854853851307768e-23,2.9580059057554016e-36,1.8330385211832932e-41,2.2105090451976498e-33,0.0,7.426542405143061e-26
TCN,43,3125,16,3,class_3,6,class_6,0,1.0,1.3490033065220383e-15,5.591307646105734e-32,6.79680090748095e-27,5.806672837037861e-20,3.666388983270092e-27,4.58274737862723e-34,1.0,3.5638611397156654e-28,2.10559837269895e-35,2.5994464863810724e-39,1.401298464324817e-45,4.848702492542806e-25
TCN,43,3126,16,3,class_3,6,class_6,0,1.0,2.717615544887022e-17,1.0539989813957383e-26,1.1634983446814568e-24,2.9274108137578025e-10,1.9976000270800873e-18,4.20744613996601e-29,1.0,3.4532281355460817e-26,1.2900574792404507e-33,3.067242434773298e-34,2.1609423618353004e-41,2.3931005589819656e-21
TCN,43,3127,16,3,class_3,3,class_3,1,1.0,6.735472427616318e-35,3.127615663919412e-36,1.0694709879727004e-41,1.0,4.458177241821262e-29,0.0,1.8041897661612994e-21,8.262535098250474e-32,5.5322436605449826e-39,2.2915191200053308e-32,6.866362475191604e-44,1.4539623225876776e-26
TCN,43,3128,16,3,class_3,3,class_3,1,1.0,1.8195599307790674e-30,3.1542903169278326e-34,4.873314166522145e-38,1.0,1.3318058863744022e-25,0.0,6.159304455813191e-20,1.927065189811486e-30,3.814562394336716e-36,3.219999588913692e-28,2.711512528468521e-41,3.979926960229943e-23
TCN,43,3129,16,3,class_3,6,class_6,0,1.0,2.200933636149963e-18,1.0424964749420042e-30,7.041116217980736e-23,1.3203322520721888e-19,3.6907176312541455e-29,4.4549042864516444e-33,1.0,3.9344706353643805e-25,2.968705987150696e-32,4.536913973021244e-40,1.2345439470701638e-42,4.0976101767039e-23
TCN,43,3130,16,3,class_3,3,class_3,1,1.0,5.3620146600894225e-31,1.046379520695906e-33,1.058970329904313e-37,1.0,1.4125440435756635e-26,1.401298464324817e-45,3.047943505065173e-16,1.690752381928957e-29,1.2713518538325838e-39,2.9466339593140464e-34,2.3401684354224445e-43,4.3164897174859146e-26
TCN,43,3131,16,3,class_3,3,class_3,1,1.0,9.009866298886841e-19,5.522317647102163e-22,4.3316882420214067e-23,1.0,3.025030271225209e-17,3.9647746787698264e-30,4.745280834939081e-10,1.9738743416123527e-19,9.557583136724487e-24,5.207471279240117e-20,6.751287836591801e-29,1.4641819996567308e-14
TCN,43,3132,16,3,class_3,3,class_3,1,0.999998927116394,3.6150450776222884e-25,1.668239362270257e-27,1.9644330267495497e-31,0.999998927116394,9.184752442907982e-20,3.971738846011118e-35,1.0858549330805545e-06,6.223619011089954e-25,6.539303772216935e-35,1.09221269195636e-31,5.799195221894253e-39,6.719522239382372e-22
TCN,43,3133,16,3,class_3,3,class_3,1,0.9980475902557373,4.960492737057787e-13,8.78879607632745e-19,4.1593529713865267e-17,0.9980475902557373,2.323222697729545e-15,1.1404936973482329e-22,0.0019524325616657734,2.322877108287065e-15,1.0723309402095992e-22,1.4376995803669203e-21,2.2288706357335816e-27,1.9979703655415015e-11
TCN,43,3134,16,3,class_3,3,class_3,1,1.0,1.8200064454650724e-41,8.643489187648337e-41,0.0,1.0,1.9939684757677914e-33,0.0,2.860192782619651e-28,3.046960852432731e-35,1.0740952729049723e-41,1.7475078098541634e-35,0.0,1.0760742359743727e-28
TCN,43,3135,16,3,class_3,3,class_3,1,1.0,0.0,1.401298464324817e-45,0.0,1.0,2.063664362571718e-38,0.0,1.2027134735285545e-33,3.5022652518870153e-41,0.0,3.286325158534561e-40,0.0,1.559717995535495e-35
TCN,43,3136,16,3,class_3,6,class_6,0,1.0,1.0229164642990272e-18,4.112512904099852e-33,3.662866072215819e-27,1.0579215942930577e-20,1.6897216182041898e-28,1.2575225506745745e-33,1.0,2.4481494223106614e-30,1.5701994345151845e-37,2.6624670822171524e-44,0.0,2.907331073566495e-27
TCN,43,3137,16,3,class_3,6,class_6,0,0.5841400623321533,5.613842724017104e-11,7.253243707331181e-20,1.6781026321753073e-16,0.4158599376678467,1.2892112507753573e-15,4.4579804553262214e-23,0.5841400623321533,3.4696531515367114e-16,2.3103521186932028e-24,7.142599564398777e-25,1.0656186933255036e-29,4.387381029227061e-13
TCN,43,3138,16,3,class_3,3,class_3,1,0.9999990463256836,9.895544090383853e-19,4.294371460889853e-22,3.1772517752721907e-22,0.9999990463256836,3.8502692592700034e-16,9.70058557364785e-28,9.740580253492226e-07,2.1268839495004243e-20,3.8077291300287826e-27,2.4115064509491995e-23,1.7739806545434475e-30,9.71964695381034e-16
TCN,43,3139,16,3,class_3,3,class_3,1,1.0,0.0,2.942726775082116e-44,0.0,1.0,4.921084879586487e-37,0.0,5.018894471945417e-28,1.5448993270534313e-39,0.0,0.0,0.0,1.0880140902914178e-38
TCN,43,3140,16,3,class_3,3,class_3,1,1.0,1.2388599463402843e-40,4.5303152585527384e-38,0.0,1.0,2.2093091097331863e-28,0.0,6.146028624604679e-25,1.440231782125211e-36,5.90114809296467e-41,2.2689135701803314e-31,1.401298464324817e-45,8.449941797507437e-29
TCN,43,3141,16,3,class_3,3,class_3,1,1.0,8.229658791778862e-18,4.012190705833532e-19,3.731256467001568e-24,1.0,5.459154395898169e-12,6.962333045457077e-28,2.5552523985616915e-10,1.5373260251753417e-18,1.49284630927425e-22,1.2646315201633729e-12,1.8855272005311773e-25,4.498729625721518e-16
TCN,43,3142,16,3,class_3,3,class_3,1,1.0,7.419076628475241e-40,2.4950915094831104e-38,0.0,1.0,2.951017592496387e-29,0.0,2.2889763054406224e-25,3.455599135991096e-34,1.2030147316228555e-41,8.03564705612651e-33,1.2611686178923354e-44,9.772650983271904e-28
TCN,43,3143,16,3,class_3,3,class_3,1,1.0,1.7601789966953017e-28,1.6997227316641496e-28,3.097657023790919e-37,1.0,6.100614698882847e-19,1.0578402107188044e-41,9.746569896038819e-17,4.719321415477508e-25,1.9629559475680805e-27,3.902939275466942e-20,5.83913153649143e-33,6.545139864116978e-12
TCN,43,3144,16,3,class_3,3,class_3,1,0.9999986886978149,3.770068738752618e-16,6.697752247181815e-19,1.4082415704126972e-21,0.9999986886978149,7.77452147798785e-12,4.528920098500618e-26,1.2383193279674742e-06,4.569651346979263e-18,3.099795368291969e-20,7.548994795155556e-15,8.998963902303736e-27,6.082330372692013e-08
TCN,43,3145,16,3,class_3,3,class_3,1,1.0,4.1094349800489317e-35,1.2252511670237977e-34,2.3639905093159664e-42,1.0,4.29034132040865e-25,0.0,6.7204042489832815e-21,6.14417790412798e-32,8.81474355453163e-38,6.472323504531494e-29,1.2533213464921164e-41,4.673423022821421e-25
TCN,43,3146,16,3,class_3,3,class_3,1,1.0,7.494686209455123e-38,1.388308427560526e-40,0.0,1.0,1.5114879963189529e-28,0.0,6.327496215089457e-25,1.0417448965575696e-38,2.3415697338867693e-42,3.131858945978266e-33,0.0,1.2898785802262266e-28
TCN,43,3147,16,3,class_3,3,class_3,1,1.0,4.0502580120071036e-23,4.112137395400191e-25,4.6319928646735094e-27,1.0,5.621098573414709e-17,6.221084181220147e-33,1.4139093229559307e-09,1.701689491323358e-27,3.73863744839762e-31,4.591410516294557e-26,5.896626988440923e-36,6.979706995330595e-18
TCN,43,3148,16,3,class_3,3,class_3,1,0.9999995231628418,6.566786705350249e-18,1.101402698621077e-21,7.908782686802644e-22,0.9999995231628418,1.3767124647321577e-14,5.1653094441075676e-27,4.22413592104931e-07,7.992010990864508e-20,6.295399437008277e-25,1.8715071218937356e-20,2.77515551259642e-28,2.2935636273231988e-14
TCN,43,3149,16,3,class_3,3,class_3,1,1.0,0.0,5.605193857299268e-45,0.0,1.0,2.351610657542305e-34,0.0,5.7810247936151705e-31,1.7103548406316555e-40,0.0,1.7791876301341848e-37,0.0,2.89923099138786e-30
TCN,43,3150,16,3,class_3,3,class_3,1,1.0,4.003552383795799e-34,1.4880515396134165e-32,3.4289773422028274e-42,1.0,5.412963476501019e-23,0.0,1.1246093203784474e-22,9.245212287861336e-30,9.405595355881666e-33,4.044051569949187e-23,4.666838667205495e-37,1.97387225750495e-21
TCN,43,3151,16,3,class_3,3,class_3,1,0.9996216297149658,7.60085511527014e-18,2.286537885658828e-19,3.6782366314191925e-20,0.9996216297149658,1.3143709211294041e-12,9.993806651232697e-25,0.00037832255475223064,6.392091950243337e-19,9.217967251107039e-26,1.8328587637490076e-21,4.026411433532594e-29,3.5326941080317047e-16
TCN,43,3152,16,3,class_3,3,class_3,1,1.0,7.745122134941864e-20,2.1387196515442672e-24,2.461529028139305e-24,1.0,1.6370824147265577e-16,2.6045902290491676e-30,7.2157906316761e-09,1.1341179341856194e-21,2.7761003256788876e-27,4.2324932114843164e-22,7.283266019410951e-32,1.0928770604148094e-15
TCN,43,3153,16,3,class_3,3,class_3,1,1.0,3.94936358575355e-22,9.912373526062864e-25,1.5390750216571805e-25,1.0,6.187007241175718e-17,7.009754932597498e-32,2.7672641955689414e-10,2.473607316902189e-23,5.02747671670416e-29,5.343149917477684e-23,4.050329987625322e-33,1.969775946020488e-18
TCN,43,3154,16,3,class_3,6,class_6,0,0.9999998807907104,1.973793685381068e-24,1.1692071930018828e-23,1.6356334700008822e-24,6.975243138640508e-08,3.710241089424179e-21,3.4483255051315366e-29,0.9999998807907104,1.5429782807643108e-25,2.9212533373231143e-32,1.1418814572025088e-33,1.372051683816201e-37,6.651634326548957e-16
TCN,43,3155,16,3,class_3,3,class_3,1,1.0,3.659061301475098e-38,1.8319714043767406e-37,0.0,1.0,1.9622586405575908e-28,0.0,3.2758568285711798e-25,1.9460551423572827e-33,6.221016888222238e-39,2.7023390730488573e-30,2.6638683806814773e-42,5.476549737956256e-27
TCN,43,3156,16,3,class_3,3,class_3,1,0.9999995231628418,6.894640878508984e-21,2.5115562154325403e-21,6.101948911322533e-23,0.9999995231628418,1.2465686306546014e-13,1.1743935614884487e-28,4.4786844455302344e-07,1.0010842291807562e-21,5.563196247633469e-26,4.4157295398213046e-20,3.0993671800955844e-31,7.395929588839599e-16
TCN,43,3157,16,3,class_3,3,class_3,1,0.9999988079071045,5.438893422009955e-15,4.673690633723998e-15,3.1702112634352594e-18,0.9999988079071045,4.0305499737769424e-07,1.8336123846598706e-22,7.45171917060361e-07,2.5104771117945555e-17,8.396800560712552e-18,5.949214731959529e-11,8.226427059729619e-23,5.139499069384268e-12
TCN,43,3158,16,3,class_3,3,class_3,1,0.9826447367668152,3.4134695937881876e-12,1.2730721563136147e-17,1.91056285714559e-15,0.9826447367668152,1.8131543141897133e-11,1.9136288712072977e-20,0.017355306074023247,6.500512002055765e-16,4.134094816865529e-21,4.624871856721772e-18,1.970186618891945e-24,5.246045611806416e-11
TCN,43,3159,16,3,class_3,3,class_3,1,1.0,1.304582543054258e-25,1.238664462997375e-25,2.0556831549326958e-29,1.0,1.869123718376952e-14,2.8859052120034304e-35,2.1996909502219886e-11,1.004991020529301e-29,7.463635341969061e-33,8.35578431319558e-25,1.3164627342558212e-37,1.6952682144536436e-20
TCN,43,3160,16,4,class_4,4,class_4,1,1.0,1.0968988830746229e-38,1.0380819023718245e-40,0.0,1.246857156676186e-39,1.0,0.0,6.382434700405357e-38,0.0,0.0,0.0,0.0,0.0
TCN,43,3161,16,4,class_4,4,class_4,1,1.0,2.0859080855897394e-27,3.8758856731621544e-23,6.88958927749748e-38,3.2427291489152562e-21,1.0,2.905035693796842e-35,3.4501931046398467e-22,8.056064871403373e-42,2.950297822529047e-36,1.280349271454393e-27,2.4985151618911488e-42,2.3750481667083412e-36
TCN,43,3162,16,4,class_4,4,class_4,1,1.0,5.652080044231454e-18,4.105823864016954e-16,2.979793011828278e-23,1.6416154460102694e-13,1.0,3.439270252556231e-24,1.0698110827116539e-15,4.933903002943676e-30,1.2320169609187402e-22,1.6749259277508587e-17,1.8884745190141037e-29,1.5971576791431974e-26
TCN,43,3163,16,4,class_4,4,class_4,1,1.0,4.516185515921559e-22,1.2940649317758824e-25,5.041849095132856e-34,1.9353367162515438e-24,1.0,4.240871377079876e-34,5.290409379203207e-26,1.793662034335766e-43,1.852463052093612e-30,4.623126220247291e-29,7.006492321624085e-44,1.4894634104957436e-35
TCN,43,3164,16,4,class_4,4,class_4,1,1.0,0.0,0.0,0.0,0.0,1.0,0.0,0.0,0.0,0.0,0.0,0.0,0.0
TCN,43,3165,16,4,class_4,4,class_4,1,1.0,4.308289662281353e-37,7.461389853885403e-32,0.0,7.983519496167103e-26,1.0,0.0,6.173639906789815e-32,0.0,0.0,2.7877689488195347e-38,0.0,0.0
TCN,43,3166,16,4,class_4,4,class_4,1,1.0,2.3244654009422854e-16,9.381257923268826e-12,8.089097434974456e-26,1.465066725570138e-15,1.0,1.225852486260981e-22,9.199108679426723e-19,9.847002351369324e-29,1.6890359746397882e-16,2.0413001150521026e-11,1.8525493377884993e-21,1.3822550877850312e-28
TCN,43,3167,16,4,class_4,4,class_4,1,1.0,1.6181546436563779e-35,5.925961165132162e-37,0.0,8.34289153942438e-31,1.0,0.0,3.613771313297907e-30,0.0,0.0,9.682972388484486e-43,0.0,0.0
TCN,43,3168,16,4,class_4,4,class_4,1,1.0,5.558976316795242e-19,6.467808412289519e-21,2.5418103671559315e-30,2.3637511568728185e-20,1.0,7.562352908512275e-29,2.391448823085952e-21,3.14362051025179e-36,3.843150987640348e-26,5.098877560454187e-23,2.7035358891940756e-37,7.918150891627074e-28
TCN,43,3169,16,4,class_4,4,class_4,1,1.0,3.187012038892894e-31,3.820607101343171e-28,0.0,2.3746127902881919e-29,1.0,8.089696034547169e-42,7.684064777319226e-33,0.0,5.605193857299268e-45,3.5477863764486684e-36,0.0,1.7516230804060213e-43
TCN,43,3170,16,4,class_4,4,class_4,1,1.0,1.4602170343048278e-24,3.2345833548751914e-31,4.9802147422104e-42,2.9062732369843143e-30,1.0,3.500835927453404e-40,1.3870391353827083e-30,0.0,4.27430604454781e-37,2.3769074050266523e-35,0.0,1.0086355769618885e-37
TCN,43,3171,16,4,class_4,4,class_4,1,1.0,4.810017838434512e-24,1.9747927130062844e-27,1.2679878518975748e-36,9.935769168359456e-25,1.0,2.5929241146529033e-36,3.861640284885015e-25,1.961817850054744e-44,2.3654842459468927e-34,2.109043047084318e-31,4.203895392974451e-45,5.0154105167467466e-36
TCN,43,3172,16,4,class_4,4,class_4,1,1.0,3.5500021083392447e-31,1.4084322169677773e-35,0.0,5.297703834353675e-32,1.0,0.0,2.5029055507830165e-33,0.0,9.80908925027372e-45,1.2069103413536784e-40,0.0,2.802596928649634e-44
TCN,43,3173,16,4,class_4,4,class_4,1,1.0,1.1425253359550873e-35,1.9506130675340027e-39,0.0,4.1082124200063284e-35,1.0,0.0,9.100600638824043e-36,0.0,0.0,0.0,0.0,0.0
TCN,43,3174,16,4,class_4,4,class_4,1,1.0,0.0,1.8216880036222622e-44,0.0,2.2735226804591562e-40,1.0,0.0,1.5414283107572988e-44,0.0,0.0,0.0,0.0,0.0
TCN,43,3175,16,4,class_4,4,class_4,1,1.0,1.4611701584746598e-31,2.6095431039666962e-30,3.0828566215145976e-44,2.4069912296052073e-27,1.0,2.258893124491605e-42,5.819091786005081e-27,0.0,1.0930128021733573e-43,5.163118495591195e-37,0.0,2.802596928649634e-44
TCN,43,3176,16,4,class_4,4,class_4,1,1.0,5.145444915785173e-36,0.0,0.0,0.0,1.0,0.0,0.0,0.0,0.0,0.0,0.0,0.0
TCN,43,3177,16,4,class_4,4,class_4,1,1.0,1.0299536165063577e-16,5.925377918360175e-13,7.84156474664456e-27,1.513800726836327e-22,1.0,1.623020773413099e-19,8.285396747423169e-22,5.198487996914047e-32,1.136791601645241e-19,9.973832435677173e-15,1.8613098905764683e-23,3.990792300782127e-33
TCN,43,3178,16,4,class_4,4,class_4,1,1.0,1.418398194644076e-17,7.488686896343997e-15,3.772138329842495e-27,1.6655123460940224e-13,1.0,6.404061082397945e-25,1.1712778212077366e-17,7.825625124497579e-30,4.7270533370324184e-24,1.1370264433910236e-18,9.952591460570354e-29,3.388221436353762e-25
TCN,43,3179,16,4,class_4,4,class_4,1,1.0,7.667072701084657e-28,3.9069501662097275e-33,1.401298464324817e-45,6.279601318561637e-31,1.0,1.317220556465328e-43,8.059749980042945e-32,0.0,2.5013177588197985e-42,8.699399875336125e-37,0.0,1.9323905823039227e-42
TCN,43,3180,16,4,class_4,4,class_4,1,0.9895870685577393,3.7003941577573585e-11,0.010393933393061161,2.1853939624204462e-14,3.4622921702975873e-06,0.9895870685577393,2.6501589811545045e-10,1.5526655261055566e-05,2.9474495574392323e-15,2.617800995505931e-13,1.254562342900556e-09,4.901676327741071e-14,8.180882729059979e-13
TCN,43,3181,16,4,class_4,4,class_4,1,1.0,6.898899504494454e-38,3.0064123240337974e-35,0.0,3.61225970176583e-35,1.0,0.0,4.207240644414969e-35,0.0,0.0,7.006492321624085e-45,0.0,0.0
TCN,43,3182,16,4,class_4,4,class_4,1,1.0,9.262761873089734e-29,3.555066666975045e-33,0.0,1.6869832001165062e-37,1.0,5.885453550164232e-44,1.9309403053866235e-33,0.0,0.0,1.4803316977127368e-40,0.0,0.0
TCN,43,3183,16,4,class_4,4,class_4,1,1.0,1.4524691172024262e-10,2.2515424922165024e-14,8.9372671380649e-18,7.044957499313664e-12,1.0,3.239729590065747e-18,1.9639420298367405e-11,5.3192592460304035e-21,1.9032831979165354e-17,6.96139660470046e-15,4.610706450931906e-23,2.2923509408405267e-16
TCN,43,3184,16,4,class_4,4,class_4,1,1.0,4.94237968367363e-42,1.401298464324817e-45,0.0,2.7733097907452455e-41,1.0,0.0,7.216687091272808e-43,0.0,0.0,0.0,0.0,0.0
TCN,43,3185,16,4,class_4,4,class_4,1,1.0,3.038682613372802e-29,8.913281421675011e-29,1.401298464324817e-45,2.9766467923838624e-30,1.0,8.626533476230006e-41,1.1419214240104368e-32,0.0,2.1506288051378698e-40,1.1553456429652242e-34,0.0,1.5694542800437951e-43
TCN,43,3186,16,4,class_4,4,class_4,1,1.0,2.9740908096609784e-24,2.1011798318246755e-25,8.54751425582673e-40,1.0343987923517094e-24,1.0,3.9437823990650726e-35,1.2390938683377757e-26,4.203895392974451e-45,1.2606858537557939e-36,4.250745859940696e-29,0.0,2.697545742102094e-33
TCN,43,3187,16,4,class_4,4,class_4,1,1.0,2.3179953647201892e-36,1.3472294191307826e-37,0.0,2.977114863604401e-36,1.0,0.0,8.778875246415509e-37,0.0,0.0,4.536003129019433e-42,0.0,0.0
TCN,43,3188,16,4,class_4,4,class_4,1,1.0,1.856197440821912e-23,7.11830152439118e-23,1.0334484363149679e-31,2.9946587737319186e-19,1.0,1.389849419114578e-33,3.6103275769963877e-22,3.5065532251878492e-40,3.247466067663593e-31,2.5186807681274028e-25,1.7572422872479639e-40,1.4753840818811694e-33
TCN,43,3189,16,4,class_4,4,class_4,1,0.9980338215827942,0.001966124167665839,2.3659560421940284e-10,2.830654377561359e-09,1.2878202844401887e-11,0.9980338215827942,2.1353105048027565e-11,1.395016546723582e-09,5.727513546039753e-15,2.8710996247127696e-08,3.7966560451074827e-10,6.400230822753428e-13,7.162286932344729e-17
TCN,43,3190,16,4,class_4,4,class_4,1,0.9200610518455505,0.07993341982364655,2.2812582503028435e-16,9.583012856865192e-23,2.7325524531805847e-36,0.9200610518455505,5.442513611342292e-06,3.785362920398625e-27,2.262500068864505e-27,1.252048595903513e-18,2.5613325108982297e-28,3.920527565132869e-18,4.214509997907725e-34
TCN,43,3191,16,4,class_4,4,class_4,1,1.0,2.952784623244045e-22,2.555309029204738e-19,1.584471404964897e-30,4.0072318293477016e-13,1.0,2.7639640822720716e-31,9.97978726589355e-19,6.304358152536691e-35,1.3504161435751561e-27,2.3563045522656022e-21,1.0268333455291353e-34,3.4500662208005845e-27
TCN,43,3192,16,4,class_4,4,class_4,1,1.0,3.125094559826276e-39,2.584842994564958e-38,0.0,1.843108812467317e-38,1.0,0.0,1.3440173650329348e-35,0.0,0.0,0.0,0.0,0.0
TCN,43,3193,16,4,class_4,4,class_4,1,1.0,8.369297092204867e-28,8.281213291825037e-25,7.479409702012562e-37,1.4648045129041777e-22,1.0,1.194799983713352e-37,1.7641408589617448e-25,1.401298464324817e-45,7.107590288527386e-36,3.579217542127237e-27,4.203895392974451e-45,2.9521435007623786e-40
TCN,43,3194,16,4,class_4,4,class_4,1,1.0,1.6405001121850633e-40,7.023307903195983e-42,0.0,5.356603509728046e-41,1.0,0.0,2.022634203406441e-41,0.0,0.0,0.0,0.0,0.0
TCN,43,3195,16,4,class_4,4,class_4,1,1.0,1.5668240125807574e-23,2.0174290924798705e-23,6.41263980189427e-33,2.287672512502961e-20,1.0,6.6931895284752555e-34,5.8393422909019965e-22,7.8322775066507e-41,2.2053302578983083e-32,1.8894131570836872e-27,1.6259266081560852e-41,1.6218023725226473e-33
TCN,43,3196,16,4,class_4,4,class_4,1,1.0,3.050662408379186e-33,3.2525849341384015e-32,0.0,2.459119135592535e-30,1.0,1.5414283107572988e-44,1.4498276489143665e-30,0.0,0.0,8.453543180809108e-40,0.0,0.0
TCN,43,3197,16,4,class_4,4,class_4,1,1.0,1.9807922861210275e-33,5.087543958462676e-33,0.0,2.858301500606353e-31,1.0,0.0,3.40245480680168e-33,0.0,0.0,2.1409037937954555e-41,0.0,0.0
TCN,43,3198,16,4,class_4,4,class_4,1,1.0,2.0429827278776433e-26,4.6576941618904904e-23,2.1132637421060342e-38,4.061585549735098e-22,1.0,9.788248475857328e-35,7.764126801366242e-24,4.203895392974451e-44,3.9391042414935994e-36,9.24444543672426e-28,9.739024327057479e-43,1.4147910179288027e-36
TCN,43,3199,16,4,class_4,4,class_4,1,1.0,8.625972956844276e-41,1.0923261659258382e-40,0.0,4.23309845297098e-40,1.0,0.0,1.0413609407783446e-40,0.0,0.0,0.0,0.0,0.0
TCN,43,3200,16,5,class_5,5,class_5,1,1.0,9.25020290055563e-34,4.082194715433917e-31,1.8038854189074627e-30,0.0,1.6874436107399447e-41,1.0,0.0,5.507102964796531e-43,1.49493603030793e-39,0.0,1.2978292704264878e-29,0.0
TCN,43,3201,16,5,class_5,5,class_5,1,1.0,1.3111101104337318e-37,3.7908996921363085e-30,6.126323908180516e-31,0.0,0.0,1.0,0.0,9.87915417348996e-43,3.30148860921702e-39,0.0,4.44712811387699e-18,0.0
TCN,43,3202,16,5,class_5,5,class_5,1,1.0,5.313421580540161e-35,4.8930988486007e-15,1.6226014148076188e-32,0.0,6.189311234724767e-35,1.0,0.0,1.6549780476587745e-38,5.559861201775873e-36,1.4811724767913316e-42,4.1992992067700646e-22,0.0
TCN,43,3203,16,5,class_5,5,class_5,1,1.0,1.6815581571897805e-44,1.9344708751186694e-34,1.401298464324817e-45,0.0,0.0,1.0,0.0,0.0,0.0,0.0,3.32223554875725e-30,0.0
TCN,43,3204,16,5,class_5,5,class_5,1,1.0,4.109255535785326e-31,2.4532201357146954e-12,6.890393707207183e-26,0.0,8.251647124873871e-37,1.0,0.0,6.961594718827118e-40,4.8237979970950916e-32,1.0945121915301849e-39,2.419758554484761e-21,0.0
TCN,43,3205,16,5,class_5,5,class_5,1,1.0,2.1661209165251273e-22,4.0032818568990015e-17,5.0466573515195784e-20,0.0,4.105857322676421e-30,1.0,2.14398665041697e-42,5.9941865882045825e-31,7.902136167841912e-26,1.645156506537609e-33,5.672259363428869e-16,4.3968457837211926e-39
TCN,43,3206,16,5,class_5,5,class_5,1,1.0,6.892155085697122e-26,8.449003724029982e-15,5.009294314108897e-20,0.0,4.330769718240785e-35,1.0,2.4382593279251817e-43,3.702506729926226e-29,8.542518659558356e-26,9.781540489793712e-33,3.253680131717158e-15,9.168260328514566e-38
TCN,43,3207,16,5,class_5,5,class_5,1,1.0,8.96021269421954e-24,3.770154039685336e-19,4.718419780146925e-18,0.0,3.212137955135232e-34,1.0,2.970752744368612e-43,2.3266411855655977e-29,4.043588981914365e-23,5.658185119675463e-33,1.2767302406263559e-12,3.1360232865495454e-38
TCN,43,3208,16,5,class_5,5,class_5,1,1.0,1.6005143174332992e-12,4.275322283697758e-12,3.3607401306312568e-09,1.5337516742536964e-27,4.086769568355254e-19,1.0,1.2834123020231975e-24,2.2850159663895494e-17,1.9815332708006395e-10,1.2491890325259171e-18,2.621077521691717e-10,1.568220445572373e-19
TCN,43,3209,16,5,class_5,5,class_5,1,1.0,1.4856625131747093e-26,3.0794774516709673e-22,3.0662026071886073e-18,0.0,1.8080393565797385e-38,1.0,0.0,1.3806666629574656e-31,6.427468009349787e-22,3.651089471456982e-36,6.680059825816525e-17,1.9478048654114957e-43
TCN,43,3210,16,5,class_5,5,class_5,1,1.0,1.3046088702864047e-42,1.3491479307438393e-29,1.6084784244054526e-37,0.0,0.0,1.0,0.0,0.0,1.1770907100328463e-43,0.0,5.371876523999578e-26,0.0
TCN,43,3211,16,5,class_5,5,class_5,1,1.0,0.0,0.0,0.0,0.0,0.0,1.0,0.0,0.0,0.0,0.0,0.0,0.0
TCN,43,3212,16,5,class_5,5,class_5,1,1.0,0.0,1.685762052582755e-42,4.161856439044707e-43,0.0,0.0,1.0,0.0,0.0,0.0,0.0,6.343985873141213e-38,0.0
TCN,43,3213,16,5,class_5,5,class_5,1,1.0,1.4019593606314166e-24,9.651170186640798e-21,3.483081662411597e-22,0.0,2.629772569387687e-35,1.0,0.0,4.200903564701179e-36,1.0938876435124963e-28,6.464196822422703e-39,4.883879063714682e-18,4.274745043330714e-40
TCN,43,3214,16,5,class_5,5,class_5,1,1.0,5.5977716895409054e-33,6.316553787422478e-23,5.6848136391664694e-27,0.0,1.1294465622458026e-42,1.0,0.0,3.4316538222696878e-40,4.097202957107475e-31,2.2420775429197073e-44,5.761243819302507e-20,0.0
TCN,43,3215,16,5,class_5,5,class_5,1,1.0,3.116087242470494e-29,1.2209036294948733e-25,4.404276300653007e-27,0.0,2.0095372096782114e-34,1.0,0.0,4.364731722346814e-37,2.623368657826498e-36,0.0,3.432335031211787e-25,0.0
TCN,43,3216,16,5,class_5,5,class_5,1,1.0,1.5198318229876432e-27,1.6301182092510027e-20,1.928705843360791e-22,0.0,2.7932764867473745e-35,1.0,0.0,1.253576012062681e-33,1.2935884629669133e-29,1.9402532679872493e-39,1.6216996346599295e-15,1.4485222225725634e-41
TCN,43,3217,16,5,class_5,5,class_5,1,1.0,1.5904579993289633e-33,9.283382785352099e-22,1.7937823074754243e-25,0.0,2.4952641494539153e-40,1.0,0.0,2.4559559390691897e-33,1.1173268466430339e-30,3.086542036475772e-39,1.7357029353702523e-19,1.401298464324817e-45
TCN,43,3218,16,5,class_5,5,class_5,1,1.0,2.4303109438100767e-12,9.153057086271283e-16,1.0785837284074673e-12,3.724626584293375e-33,3.4641727296223217e-22,1.0,2.637654393089775e-31,6.226053771109351e-23,8.387269785694716e-18,5.4715053175940134e-24,4.867749432702073e-12,2.203199096984618e-28
TCN,43,3219,16,5,class_5,5,class_5,1,1.0,1.1713865001386464e-22,9.9966839424984e-23,1.0071108781001229e-19,0.0,5.587397860059403e-35,1.0,0.0,2.9702207585585245e-34,7.38317878281282e-27,8.261753625710213e-38,2.214375734694256e-17,4.4701421011961665e-43
TCN,43,3220,16,5,class_5,5,class_5,1,1.0,2.1666423470341305e-14,3.351462716291026e-14,7.942836926372321e-13,2.5665337283783326e-34,2.661134289994933e-22,1.0,3.974661432616174e-31,5.96580713852731e-24,2.2750213084841937e-18,9.606197478869638e-24,1.6482072596937097e-13,1.3653013672258334e-29
TCN,43,3221,16,5,class_5,5,class_5,1,1.0,1.5256364063581912e-25,8.457554217281747e-21,3.547939823532806e-26,0.0,2.552838243898284e-31,1.0,0.0,9.06215686520268e-34,3.772414837758117e-33,1.2937354948524763e-38,3.2563853431924515e-16,0.0
TCN,43,3222,16,5,class_5,5,class_5,1,1.0,1.7984597215452072e-35,9.72954745630188e-34,1.7596533532374332e-30,0.0,5.605193857299268e-45,1.0,0.0,0.0,0.0,0.0,3.212144578311215e-30,0.0
TCN,43,3223,16,5,class_5,5,class_5,1,1.0,5.222210562832002e-28,1.356164545412185e-23,1.0030929551800904e-26,0.0,1.403686043731962e-34,1.0,0.0,3.381434760528478e-37,8.132850153363943e-33,1.7109854249406016e-42,2.563411230992952e-20,1.401298464324817e-45
TCN,43,3224,16,5,class_5,5,class_5,1,1.0,8.067846454029746e-23,2.0479862038096218e-17,1.5114704191005298e-21,0.0,4.883213241507969e-31,1.0,0.0,1.1531502015535522e-31,7.190853781525858e-28,1.2545655165749093e-34,1.4832932652324507e-14,1.2808288353468125e-40
TCN,43,3225,16,5,class_5,5,class_5,1,1.0,1.7935012759436e-18,1.3593549029466967e-12,5.260122165334427e-19,2.076724324129379e-42,1.489367514976195e-19,1.0,1.548471124735118e-36,4.291669170527364e-24,4.582288576169322e-21,3.914046000007548e-28,2.2605251004392812e-12,4.8928562448457305e-30
TCN,43,3226,16,5,class_5,5,class_5,1,1.0,5.952779211949692e-32,4.302912311971413e-25,7.735508083531055e-32,0.0,1.6731503664038316e-42,1.0,0.0,2.350594095997021e-40,7.01936633087553e-38,0.0,8.954588791230249e-21,0.0
TCN,43,3227,16,5,class_5,5,class_5,1,1.0,3.6664178360529437e-19,2.251608920775391e-16,3.3959618145211793e-16,1.4537070268905652e-41,3.964662067840419e-26,1.0,8.483542729884449e-34,1.2427199321998702e-26,8.232310573687375e-22,2.382257586060417e-32,1.0938597129322142e-18,3.975631920752213e-31
TCN,43,3228,16,5,class_5,5,class_5,1,1.0,9.493422239403604e-22,2.093005890130284e-12,5.206860419282444e-18,4.203895392974451e-45,1.1399962600886982e-27,1.0,2.5536680273694307e-37,8.796928054445732e-33,4.280322195266665e-24,3.1306948192455636e-29,1.5006603139457396e-18,4.6092316236487334e-37
TCN,43,3229,16,5,class_5,5,class_5,1,1.0,2.976273455378041e-29,6.996879896087381e-24,3.34283052383446e-22,0.0,1.035853837813548e-40,1.0,0.0,5.802709050661068e-35,9.855677913452404e-30,2.1513042309976743e-39,1.1899133732279437e-17,1.1280452637814777e-42
TCN,43,3230,16,5,class_5,5,class_5,1,1.0,6.296146937145863e-10,3.270523435405792e-11,4.788262231159024e-08,2.284537237215524e-24,1.2855875644176646e-17,1.0,4.9262825252287006e-24,3.663050642273182e-18,5.035812478820789e-12,4.7982699235004454e-17,3.34110274169408e-11,1.7940109361290516e-22
TCN,43,3231,16,5,class_5,5,class_5,1,1.0,6.795385587565761e-09,4.2841307390517613e-08,8.71495231535846e-09,7.558224007683971e-23,2.5580073134559914e-14,1.0,2.9435642150354302e-21,3.530808864154023e-17,1.4773146898502953e-12,1.4790725000562825e-14,5.466930033670714e-11,2.679995132813684e-19
TCN,43,3232,16,5,class_5,5,class_5,1,1.0,1.987960317195725e-11,1.844329133859901e-08,7.924111367074715e-11,3.9358067685225986e-25,1.731877021757559e-15,1.0,3.6976482314259844e-23,1.7439410804147305e-17,5.198129050137425e-14,7.92321037783226e-17,7.682792180219167e-10,1.3435201602818389e-20
TCN,43,3233,16,5,class_5,5,class_5,1,1.0,1.1285251324504362e-28,4.356029455701994e-16,4.20879355797207e-22,0.0,2.4801198124825098e-36,1.0,0.0,6.238153387751643e-31,1.7771819006904543e-27,3.2601802026234726e-36,4.714774696281147e-15,3.651045706103344e-37
TCN,43,3234,16,5,class_5,5,class_5,1,1.0,6.4048527853415025e-37,4.940758485997671e-30,2.8805344245996134e-30,0.0,1.306991077675757e-41,1.0,0.0,1.8285860690739107e-36,6.464610205469679e-41,0.0,2.885833248800078e-24,0.0
TCN,43,3235,16,5,class_5,5,class_5,1,1.0,3.075656661204629e-18,2.398151179304101e-16,8.432144739389802e-12,8.850100668967965e-35,4.035600076593627e-26,1.0,2.646752034272338e-34,1.1586502209169955e-21,1.5883936215475326e-14,1.2002772370604814e-22,2.0219456664527513e-10,1.0684859967618485e-29
TCN,43,3236,16,5,class_5,5,class_5,1,1.0,2.4247876833621127e-19,4.1732151182015745e-14,7.080685525211704e-15,1.3724317159597258e-41,2.6759590945115456e-27,1.0,1.9385614074837498e-36,3.9716340738690215e-29,5.486514342948929e-23,1.4860336272360774e-30,2.282253555374898e-18,6.351671800157288e-35
TCN,43,3237,16,5,class_5,5,class_5,1,0.9999996423721313,1.3234384074745087e-11,2.996052614889777e-07,2.6777480233164397e-10,7.512938204963834e-25,4.3691748776477886e-16,0.9999996423721313,5.192843894693727e-22,1.8784624855840242e-17,1.2883052914400284e-12,2.6865195757298874e-15,2.6656557516879786e-10,1.562492639883098e-20
TCN,43,3238,16,5,class_5,5,class_5,1,1.0,3.8795690225008124e-23,5.6533088210314015e-18,6.506607545103517e-22,0.0,2.1143690239087977e-30,1.0,0.0,1.2785375442018258e-36,6.5692127066912405e-28,5.387962156884199e-35,7.091696626169282e-20,7.707141553786494e-44
TCN,43,3239,16,5,class_5,5,class_5,1,1.0,1.8170749063340703e-32,9.301593039814838e-24,9.636015883367351e-28,0.0,1.5068442646577623e-40,1.0,0.0,5.773349673018246e-43,2.2381219576146112e-38,0.0,5.402631418126541e-22,0.0
TCN,43,3240,16,6,class_6,6,class_6,1,1.0,1.7602240381286082e-15,5.410175133840352e-31,2.6828023426863093e-23,9.263626285664021e-18,4.880185145490759e-28,3.30472383913233e-33,1.0,1.67579000050766e-23,3.457949674698809e-32,4.083753387577406e-38,1.9323905823039227e-42,4.922079568988992e-22
TCN,43,3241,16,6,class_6,6,class_6,1,0.9523820877075195,1.2012510127237808e-12,1.0732229654409969e-19,6.012091380691071e-19,0.04761787876486778,2.4757451676845482e-14,2.589482858611832e-24,0.9523820877075195,1.6023920480228598e-15,8.615646928288959e-24,5.875955029452859e-20,2.14653032365238e-29,4.151210625247259e-11
TCN,43,3242,16,6,class_6,6,class_6,1,1.0,1.7420478757508334e-15,5.6830783762865765e-27,1.2275556685097895e-22,1.288657115045e-12,2.48922597396466e-23,3.1469413172643236e-30,1.0,4.820403501485222e-21,1.0870358618551126e-29,3.972616824762128e-30,6.160634937394482e-38,1.745180521227135e-15
TCN,43,3243,16,6,class_6,6,class_6,1,1.0,3.460513295458923e-15,1.5782889065326795e-29,1.1363298370549867e-23,5.933806196882052e-16,5.373188005254508e-26,5.857137465083738e-32,1.0,6.370051415229218e-24,8.065162543781307e-32,2.72115785637506e-36,6.095648319812954e-42,5.523946381076357e-20
TCN,43,3244,16,6,class_6,6,class_6,1,1.0,3.335488013718989e-14,1.6140007839160393e-26,3.6290373381843128e-22,4.097429860683288e-12,6.412647774186708e-23,2.8685628741579577e-28,1.0,1.7412517420830276e-21,5.7036810269129866e-30,2.230236632203531e-32,6.310655933115308e-37,4.310289941248058e-17
TCN,43,3245,16,6,class_6,6,class_6,1,1.0,2.35674906646317e-14,7.438815817418257e-27,5.744164518747526e-22,5.1497834588267594e-14,1.0380636429021399e-23,9.338005999994343e-30,1.0,6.887306516817895e-22,5.702965649262941e-29,1.139037569025885e-31,9.194978606074154e-39,4.6241070455274054e-17
TCN,43,3246,16,6,class_6,6,class_6,1,0.9695807695388794,2.8856413786249036e-12,1.6365239799251443e-19,7.388399068891815e-17,0.030419250950217247,6.633468646203905e-15,4.3582573928536124e-23,0.9695807695388794,6.051875045842115e-17,1.1712874980950411e-23,6.534138033389262e-23,4.370995057600436e-30,5.56539276469481e-12
TCN,43,3247,16,6,class_6,3,class_3,0,1.0,2.373211573938622e-27,1.3165741359266211e-28,1.2477227481453568e-32,1.0,3.303609520830124e-21,8.915412555949032e-39,9.589532401661771e-14,7.433716355518948e-25,5.628826016850364e-31,3.66559760170776e-24,1.9610767089021564e-35,4.669801619258662e-19
TCN,43,3248,16,6,class_6,6,class_6,1,1.0,2.7571271410701745e-14,6.349320136773314e-28,1.387568593178054e-22,2.625655599788456e-14,7.444532427390433e-24,1.73292768983533e-30,1.0,7.539012720286943e-24,1.9069552086158106e-30,7.245737535741484e-34,1.7828159842218918e-40,8.63546781003309e-19
TCN,43,3249,16,6,class_6,3,class_3,0,0.9855050444602966,2.2640951816816322e-14,1.7694794016554347e-20,1.1678069648951155e-20,0.9855050444602966,9.257292960760397e-16,1.3287532411902297e-25,0.014494912698864937,1.8087167670031455e-17,2.6656455547700773e-25,5.121849821102947e-23,1.9410714401004037e-30,3.0064335352839033e-13
TCN,43,3250,16,6,class_6,6,class_6,1,1.0,2.3986019808265417e-14,1.2262303326958686e-31,8.229880633608109e-25,9.69180474922352e-18,4.398383340209171e-27,2.2899713612872825e-33,1.0,9.067142592707022e-25,3.2770915944465965e-34,3.878000734060593e-38,9.388699710976274e-44,6.631699932525927e-22
TCN,43,3251,16,6,class_6,6,class_6,1,1.0,2.2692016045074495e-14,5.094713004634753e-32,3.847379158832816e-24,4.372387796039455e-19,3.155575787826481e-28,5.652551930341132e-34,1.0,1.0130034054879182e-24,1.3777085828514992e-33,1.5065757758719977e-38,7.146622168056567e-44,1.9098094061282544e-22
TCN,43,3252,16,6,class_6,6,class_6,1,1.0,2.046556114409636e-14,1.0807404416363573e-26,2.7791287468058794e-21,1.153457754657361e-13,1.0898917254890698e-23,3.6145470417683196e-28,1.0,4.865573702161726e-21,8.879035077071714e-30,3.1291464468459958e-34,6.915295369150318e-36,2.599028368011521e-18
TCN,43,3253,16,6,class_6,6,class_6,1,1.0,6.40144675548987e-14,2.0726610098015092e-28,4.282417125841006e-22,4.921459205740669e-15,2.4777221238521963e-25,7.516386415033539e-31,1.0,2.791291227537734e-23,1.8200459271634714e-30,2.6356261854367417e-36,2.1931722265147712e-41,3.7603562792001015e-20
TCN,43,3254,16,6,class_6,6,class_6,1,1.0,4.6342561173736095e-19,2.4146802916499882e-34,1.646679280710978e-29,3.4931296046424505e-21,8.129755605710686e-31,1.968119433196874e-37,1.0,9.263967625605542e-28,4.1890757088312605e-37,6.106017928448958e-41,0.0,6.542519522735054e-23
TCN,43,3255,16,6,class_6,3,class_3,0,0.9869073629379272,2.1241860063991348e-14,2.0545495898720762e-20,2.0530631075372272e-18,0.9869073629379272,2.624389285532311e-15,4.934241737331928e-24,0.013092627748847008,2.423783951387568e-17,2.5338993741033134e-25,1.5543770496738182e-23,6.259183922083335e-30,3.570987635367201e-13
TCN,43,3256,16,6,class_6,6,class_6,1,1.0,3.8905033904390317e-17,4.190751148534615e-31,4.8527157607683597e-26,3.0705702035409486e-17,1.2833858851977083e-27,2.1961269636508352e-34,1.0,9.290696528782923e-26,1.4515797702640411e-33,1.9650888169821095e-37,2.5223372357846707e-44,6.848095166946683e-20
TCN,43,3257,16,6,class_6,6,class_6,1,1.0,1.4144499424663523e-15,1.831571719802945e-31,1.3327468741748144e-24,4.2742632373814105e-19,2.6508018272059817e-28,1.4588851921479132e-33,1.0,1.5645408075323956e-25,1.387370319895793e-33,1.2582861469512192e-39,3.363116314379561e-44,5.197619279960701e-23
TCN,43,3258,16,6,class_6,6,class_6,1,1.0,1.2250701209046112e-17,1.2307707237069578e-32,3.653182111269451e-27,3.8941950716634617e-20,2.0619819990937804e-29,1.0985463212957645e-35,1.0,5.8564598343440485e-27,5.575049429657259e-35,1.5071553529168424e-39,0.0,1.8868539324395574e-22
TCN,43,3259,16,6,class_6,6,class_6,1,1.0,3.169086358351808e-13,1.7539605781649885e-26,5.068436516216088e-21,1.052391355484128e-12,1.1163854769959546e-22,4.642303426927284e-28,1.0,1.1400425951281913e-22,1.283893813109354e-29,1.946076356356895e-34,1.8785291534903626e-38,4.152488809528651e-19
TCN,43,3260,16,6,class_6,6,class_6,1,1.0,8.407790785948902e-45,0.0,0.0,0.0,0.0,0.0,1.0,0.0,0.0,0.0,0.0,0.0
TCN,43,3261,16,6,class_6,6,class_6,1,0.9990370273590088,7.867435002084644e-12,8.618398033364263e-20,3.4772828008091045e-16,0.0009629691485315561,4.115227581445724e-14,1.2556963186176169e-21,0.9990370273590088,9.54801213831261e-17,1.1812998784762873e-24,1.49578929687614e-23,1.5269866467125107e-29,3.4015703902418645e-15
TCN,43,3262,16,6,class_6,6,class_6,1,0.9997549653053284,8.31047036742305e-12,2.6916625153537445e-19,8.371102103871004e-15,0.00024508259957656264,4.8722541300984246e-14,8.608416128257508e-21,0.9997549653053284,2.0018109636962171e-16,4.0492192399671085e-23,8.731770724525475e-23,1.4554356108468852e-28,1.267132998191995e-14
TCN,43,3263,16,6,class_6,6,class_6,1,1.0,2.0955244764877146e-29,0.0,4.5626277998416044e-42,1.1811684885640316e-37,4.3384200455496337e-42,0.0,1.0,1.401298464324817e-45,0.0,0.0,0.0,1.467467777810235e-40
TCN,43,3264,16,6,class_6,6,class_6,1,0.9999998807907104,1.163284607530457e-10,4.913134164002824e-21,2.6056234823441287e-15,1.034553562817564e-07,2.877226926221825e-16,2.4393401773669108e-22,0.9999998807907104,3.3625230713459477e-16,4.6058342093229895e-24,3.418787163607805e-23,4.16117063253233e-30,5.420736423752612e-14
TCN,43,3265,16,6,class_6,3,class_3,0,0.9999809265136719,5.066538585429912e-15,4.1192018726073865e-18,2.5081158420179616e-17,0.9999809265136719,2.5472972255830006e-13,2.212731867515378e-22,1.91232466022484e-05,1.7017054699483444e-16,1.257208811097528e-21,2.793057394602063e-17,2.0481093993152066e-26,2.55966797237106e-13
TCN,43,3266,16,6,class_6,3,class_3,0,0.7574138045310974,1.0689100299332566e-10,8.493183480251108e-17,5.8836234122846155e-15,0.7574138045310974,1.1443472038019653e-11,6.195653227621215e-20,0.2425861954689026,4.318321416597881e-13,2.5709269423398205e-20,4.21361502695327e-17,2.757039084248264e-24,7.567948351328013e-11
TCN,43,3267,16,6,class_6,6,class_6,1,1.0,3.465634575654396e-25,2.506824861784595e-40,8.248768590034406e-33,8.334946927940506e-29,2.8874716500613972e-33,1.0006532203897086e-40,1.0,1.9617631433626967e-37,1.401298464324817e-45,0.0,0.0,3.718874743498008e-34
TCN,43,3268,16,6,class_6,6,class_6,1,0.996658444404602,5.05599384581501e-09,2.348418963295045e-16,3.2521591756401458e-12,0.003341515315696597,2.877977578474855e-10,1.7891864950733704e-18,0.996658444404602,1.0447630309712644e-13,1.2499775682942274e-19,4.546405007506624e-17,5.43425915134639e-25,3.106615659165257e-11
TCN,43,3269,16,6,class_6,6,class_6,1,0.9442206025123596,2.2175088100397783e-13,2.104049725626126e-20,2.415153645184557e-17,0.05577943101525307,4.686360891362207e-13,1.1764064165090203e-23,0.9442206025123596,2.383858755633716e-17,4.8199914068592215e-25,8.582389625375672e-22,7.014037846264719e-32,9.462407664058772e-14
TCN,43,3270,16,6,class_6,3,class_3,0,0.9982255101203918,5.4067437782771496e-14,1.9571583397517572e-18,2.269800276806657e-16,0.9982255101203918,3.5316300123038047e-13,2.0387637283764897e-21,0.0017744781216606498,6.155756887029056e-16,3.227157703600241e-23,1.7531066862113973e-19,2.8178003682417656e-27,2.274896308655794e-13
TCN,43,3271,16,6,class_6,6,class_6,1,1.0,0.0,0.0,0.0,0.0,0.0,0.0,1.0,0.0,0.0,0.0,0.0,0.0
TCN,43,3272,16,6,class_6,3,class_3,0,1.0,8.039375643544978e-21,1.0694726131600576e-22,1.0139739016165664e-24,1.0,5.540185751128242e-16,4.734437598332305e-30,2.0418931823140696e-10,5.299959442128922e-20,5.020932521827446e-25,1.3508809626719612e-18,1.0712005498794792e-28,1.3239764475459891e-15
TCN,43,3273,16,6,class_6,6,class_6,1,0.9984312653541565,2.090902118112581e-09,2.2798233235506356e-16,8.348489542904514e-13,0.001568772946484387,2.801997349421992e-11,1.0553291850501572e-17,0.9984312653541565,4.158437103777418e-13,6.474636045076063e-20,5.607035096794266e-18,5.551215373331618e-24,4.155251663584547e-12
TCN,43,3274,16,6,class_6,3,class_3,0,0.9999991655349731,1.4770674685145022e-17,1.3728320807694797e-20,2.0160445343061245e-21,0.9999991655349731,3.951681782363506e-14,2.4523023137766136e-26,7.78675939727691e-07,2.834495462337244e-18,5.2014210373212325e-24,2.3605974855510203e-18,4.893305061754411e-28,3.429604419468574e-13
TCN,43,3275,16,6,class_6,6,class_6,1,1.0,2.5773757480762184e-26,1.678755560261131e-42,3.143425225297802e-38,2.5712682614650098e-33,1.497896204930451e-35,5.885453550164232e-44,1.0,8.385370010519705e-41,0.0,0.0,0.0,2.628431082377559e-33
TCN,43,3276,16,6,class_6,6,class_6,1,0.9999996423721313,3.441179632912572e-12,4.668833559448033e-21,1.929600279977155e-17,3.6032813000019814e-07,2.5827127763681167e-16,5.78548315969683e-22,0.9999996423721313,4.5295301921382974e-18,1.0461917698466977e-25,3.742255986011372e-26,2.900677601755756e-31,1.7581422164327144e-16
TCN,43,3277,16,6,class_6,3,class_3,0,0.99994957447052,3.4330435934629925e-15,1.4550870824404661e-19,1.19635204371848e-18,0.99994957447052,5.307823950327639e-13,1.5391632360279068e-23,5.043617056799121e-05,1.3804969444130189e-16,8.307887992246362e-23,6.772342328340595e-18,1.1749859005021444e-26,2.83954581853027e-13
TCN,43,3278,16,6,class_6,3,class_3,0,1.0,4.236298924982288e-25,7.207252015740846e-27,4.6289654743290684e-30,1.0,4.256982400409412e-19,2.2521529012989782e-36,3.10767680848905e-14,5.7850826550152495e-24,3.9419293128158327e-29,1.029876314313228e-21,4.2266769154517124e-33,3.6483785778568107e-19
TCN,43,3279,16,6,class_6,6,class_6,1,1.0,2.8492724917634885e-34,0.0,0.0,2.802596928649634e-45,0.0,0.0,1.0,0.0,0.0,0.0,0.0,3.881596746179743e-43
TCN,43,3280,16,7,class_7,7,class_7,1,1.0,0.0,0.0,0.0,0.0,0.0,0.0,0.0,1.0,5.692214491933839e-41,8.484533512918975e-37,1.7242312133567602e-29,0.0
TCN,43,3281,16,7,class_7,7,class_7,1,1.0,0.0,0.0,0.0,0.0,0.0,0.0,0.0,1.0,5.8606568900043535e-36,2.8430469222247115e-37,2.679033456481771e-27,2.5223372357846707e-44
TCN,43,3282,16,7,class_7,7,class_7,1,1.0,0.0,0.0,0.0,0.0,0.0,0.0,0.0,1.0,0.0,0.0,4.954311123526031e-37,0.0
TCN,43,3283,16,7,class_7,7,class_7,1,1.0,1.3777971581875436e-34,6.544343805265131e-30,4.127205205952688e-34,8.010662801159249e-41,1.0369608636003646e-43,9.320223792956252e-35,0.0,1.0,1.626402699051949e-29,1.04596660949727e-29,1.3730560246691859e-16,2.176757931981505e-36
TCN,43,3284,16,7,class_7,7,class_7,1,1.0,1.0314957995894978e-41,7.225122908028043e-40,1.1686829192468974e-42,0.0,0.0,0.0,0.0,1.0,5.3747884927135794e-33,1.051275360157335e-28,3.644015550632271e-24,2.6965704829434255e-39
TCN,43,3285,16,7,class_7,7,class_7,1,1.0,0.0,0.0,0.0,0.0,0.0,0.0,0.0,1.0,7.609050661283757e-40,2.6900710028269696e-36,1.6163494011659766e-32,0.0
TCN,43,3286,16,7,class_7,7,class_7,1,1.0,1.401298464324817e-45,8.127531093083939e-44,0.0,0.0,0.0,0.0,0.0,1.0,7.590903285651365e-38,3.4674605994913124e-32,1.5739383595848738e-26,4.203895392974451e-45
TCN,43,3287,16,7,class_7,7,class_7,1,1.0,1.401298464324817e-45,2.2420775429197073e-44,0.0,0.0,0.0,0.0,0.0,1.0,3.2315119678040315e-39,5.431398409411932e-36,1.3775571318197624e-24,0.0
TCN,43,3288,16,7,class_7,7,class_7,1,1.0,1.2219322608912405e-42,2.078723556648431e-38,1.0607829374938865e-42,4.90454462513686e-43,0.0,0.0,0.0,1.0,6.188433004785308e-29,5.56207104232276e-27,3.455252972081905e-21,3.1756780712720877e-38
TCN,43,3289,16,7,class_7,7,class_7,1,1.0,0.0,0.0,0.0,0.0,0.0,0.0,0.0,1.0,0.0,0.0,2.7762889288596246e-36,0.0
TCN,43,3290,16,7,class_7,7,class_7,1,1.0,0.0,2.802596928649634e-45,0.0,0.0,0.0,0.0,0.0,1.0,6.715608320114243e-37,1.486025703669469e-33,2.9813346235307835e-26,0.0
TCN,43,3291,16,7,class_7,7,class_7,1,1.0,0.0,0.0,0.0,0.0,0.0,0.0,0.0,1.0,5.53598316562688e-38,6.872429716388948e-36,2.89891155785099e-29,0.0
TCN,43,3292,16,7,class_7,7,class_7,1,1.0,3.524265637776915e-42,4.348551433446702e-40,1.401298464324817e-45,0.0,0.0,0.0,0.0,1.0,1.6481951823933588e-35,1.8057424061081742e-32,4.69720939778513e-26,0.0
TCN,43,3293,16,7,class_7,7,class_7,1,1.0,0.0,0.0,0.0,0.0,0.0,0.0,0.0,1.0,3.961613691089619e-38,2.59598633626891e-33,8.961655967053157e-30,0.0
TCN,43,3294,16,7,class_7,7,class_7,1,1.0,0.0,0.0,0.0,0.0,0.0,0.0,0.0,1.0,0.0,1.401298464324817e-45,2.2605782699728636e-37,0.0
TCN,43,3295,16,7,class_7,7,class_7,1,1.0,2.802596928649634e-45,7.006492321624085e-45,1.401298464324817e-45,0.0,0.0,0.0,0.0,1.0,3.401995373903416e-36,2.7439679425614855e-34,2.1495713947198105e-26,0.0
TCN,43,3296,16,7,class_7,7,class_7,1,1.0,0.0,0.0,0.0,0.0,0.0,0.0,0.0,1.0,3.097780450159657e-40,2.7144874851082826e-39,2.269935074771196e-31,0.0
TCN,43,3297,16,7,class_7,7,class_7,1,1.0,0.0,0.0,0.0,0.0,0.0,0.0,0.0,1.0,0.0,0.0,1.490644133371396e-37,0.0
TCN,43,3298,16,7,class_7,7,class_7,1,1.0,7.041594848155422e-39,4.763896858791964e-37,3.96061596658302e-40,2.7830207891030164e-40,0.0,1.2611686178923354e-44,0.0,1.0,8.48091956214268e-27,2.3656912026917786e-27,3.424772529732062e-19,7.865157013298232e-38
TCN,43,3299,16,7,class_7,7,class_7,1,1.0,7.637076630570253e-43,4.5106816657690834e-40,8.67810125971716e-41,0.0,0.0,0.0,0.0,1.0,4.813588812586988e-35,4.466748126720148e-33,4.728678706041536e-23,1.3400617214338226e-40
TCN,43,3300,16,7,class_7,7,class_7,1,1.0,0.0,0.0,0.0,0.0,0.0,0.0,0.0,1.0,0.0,0.0,1.4153114489680652e-43,0.0
TCN,43,3301,16,7,class_7,7,class_7,1,1.0,0.0,0.0,0.0,0.0,0.0,0.0,0.0,1.0,0.0,0.0,1.9197788961249994e-43,0.0
TCN,43,3302,16,7,class_7,7,class_7,1,1.0,0.0,0.0,0.0,0.0,0.0,0.0,0.0,1.0,0.0,0.0,1.3663749676852825e-36,0.0
TCN,43,3303,16,7,class_7,7,class_7,1,1.0,0.0,0.0,0.0,0.0,0.0,0.0,0.0,1.0,2.198917550218503e-40,2.988284669715473e-38,9.739211672904571e-32,0.0
TCN,43,3304,16,7,class_7,7,class_7,1,1.0,2.802596928649634e-45,3.951661669395984e-42,0.0,0.0,0.0,0.0,0.0,1.0,2.6757570359546413e-33,4.476748924089677e-31,1.7760191566940135e-24,1.3844828827529193e-42
TCN,43,3305,16,7,class_7,7,class_7,1,1.0,0.0,0.0,0.0,0.0,0.0,0.0,0.0,1.0,0.0,0.0,2.9813295209695816e-37,0.0
TCN,43,3306,16,7,class_7,7,class_7,1,1.0,0.0,0.0,0.0,0.0,0.0,0.0,0.0,1.0,0.0,0.0,4.032684522395491e-37,0.0
TCN,43,3307,16,7,class_7,7,class_7,1,1.0,0.0,0.0,0.0,0.0,0.0,0.0,0.0,1.0,2.3683345345553733e-41,1.8964575061727808e-38,2.5118498138300264e-32,0.0
TCN,43,3308,16,7,class_7,7,class_7,1,1.0,0.0,0.0,0.0,0.0,0.0,0.0,0.0,1.0,0.0,0.0,6.552338888192304e-37,0.0
TCN,43,3309,16,7,class_7,7,class_7,1,1.0,0.0,0.0,0.0,0.0,0.0,0.0,0.0,1.0,4.0506073539619595e-40,7.296233760418056e-37,4.991126914297637e-31,0.0
TCN,43,3310,16,7,class_7,7,class_7,1,1.0,0.0,0.0,0.0,0.0,0.0,0.0,0.0,1.0,3.946560942985842e-40,6.511587038874736e-33,6.47530173231676e-32,0.0
TCN,43,3311,16,7,class_7,7,class_7,1,1.0,0.0,0.0,0.0,0.0,0.0,0.0,0.0,1.0,5.294105598219159e-42,5.465064010866787e-44,4.2260508912415026e-32,0.0
TCN,43,3312,16,7,class_7,7,class_7,1,1.0,5.1317899331696115e-33,6.56715102877843e-30,1.6361050393241592e-35,1.864674118725858e-35,1.1781556968657332e-40,2.9332053443805987e-37,1.401298464324817e-45,1.0,4.798035356828567e-23,2.1940072328284016e-20,2.1881266468799882e-17,2.3514257504442107e-31
TCN,43,3313,16,7,class_7,7,class_7,1,1.0,0.0,0.0,2.802596928649634e-45,0.0,0.0,0.0,0.0,1.0,5.154145252848922e-37,6.862706991965627e-37,6.659613571238968e-29,2.6750787683960758e-42
TCN,43,3314,16,7,class_7,7,class_7,1,1.0,0.0,0.0,0.0,0.0,0.0,0.0,0.0,1.0,9.696985373127734e-43,1.3312335411085762e-43,3.420697457456547e-35,0.0
TCN,43,3315,16,7,class_7,7,class_7,1,1.0,0.0,0.0,0.0,0.0,0.0,0.0,0.0,1.0,0.0,0.0,0.0,0.0
TCN,43,3316,16,7,class_7,7,class_7,1,1.0,0.0,0.0,0.0,0.0,0.0,0.0,0.0,1.0,1.0369608636003646e-43,3.7807032567483565e-42,2.548306844831231e-29,0.0
TCN,43,3317,16,7,class_7,7,class_7,1,1.0,0.0,1.401298464324817e-45,0.0,0.0,0.0,0.0,0.0,1.0,2.260275365296815e-38,9.86470801946542e-37,7.953604565601321e-27,0.0
TCN,43,3318,16,7,class_7,7,class_7,1,1.0,1.5414283107572988e-44,8.786141371316603e-43,0.0,0.0,0.0,0.0,0.0,1.0,2.0532384721841932e-36,2.277488419433916e-32,3.7323080185882274e-25,6.305843089461677e-44
TCN,43,3319,16,7,class_7,7,class_7,1,1.0,0.0,0.0,0.0,0.0,0.0,0.0,0.0,1.0,1.6409205017243608e-41,6.933884321954788e-38,1.7816149391553904e-34,0.0
TCN,43,3320,16,8,class_8,8,class_8,1,1.0,5.20906746607554e-25,0.0,1.4205602846071412e-30,0.0,4.203895392974451e-45,0.0,0.0,1.4508537877080382e-34,1.0,1.2206710966498835e-32,1.1808515928577632e-32,6.734150878092406e-31
TCN,43,3321,16,8,class_8,8,class_8,1,1.0,8.197263700367549e-25,7.006492321624085e-45,7.638048575710877e-30,0.0,2.1159606811304738e-43,2.4382593279251817e-43,0.0,6.503770442252149e-32,1.0,4.5522605652966694e-32,6.507989879224426e-32,1.0720448124706665e-24
TCN,43,3322,16,8,class_8,8,class_8,1,1.0,3.481796014698224e-13,2.4752939231661702e-33,1.19713125977046e-22,2.3345234053358134e-32,3.803016764640856e-26,6.410710668727776e-32,1.360809144709637e-36,2.0208524831842718e-27,1.0,3.034673686351269e-22,3.842020312688597e-27,5.939810495807782e-15
TCN,43,3323,16,8,class_8,8,class_8,1,1.0,1.3451414665941855e-19,2.460508360214591e-37,1.2689330713381449e-26,2.186309227155894e-38,1.1458672852437106e-30,1.3665255231922896e-37,8.407790785948902e-45,3.5842136304609307e-22,1.0,4.4138354177107107e-17,1.6987807205016022e-23,2.8689064138377177e-25
TCN,43,3324,16,8,class_8,8,class_8,1,1.0,1.401298464324817e-45,0.0,0.0,0.0,0.0,0.0,0.0,0.0,1.0,0.0,0.0,0.0
TCN,43,3325,16,8,class_8,8,class_8,1,1.0,7.114214191987388e-27,0.0,3.0975380168461568e-30,0.0,0.0,0.0,0.0,2.717864308892851e-32,1.0,2.4472317138709744e-32,9.744340354757208e-32,3.657445385905533e-29
TCN,43,3326,16,8,class_8,8,class_8,1,1.0,7.240428223950292e-20,5.035473545852585e-39,4.6364325954185087e-26,3.942833489070738e-41,2.3654224865757265e-33,5.953189515332765e-39,0.0,3.2657064203923084e-29,1.0,2.243256885602407e-25,4.2228824684702736e-29,1.295900204444535e-21
TCN,43,3327,16,8,class_8,8,class_8,1,1.0,1.0710488377573757e-29,0.0,1.7446570351632715e-35,0.0,0.0,0.0,0.0,2.734563298988686e-34,1.0,3.55718292414851e-33,3.424666472806125e-35,1.4174535298525707e-37
TCN,43,3328,16,8,class_8,8,class_8,1,1.0,1.7701520638004465e-27,0.0,1.2868989597152538e-30,0.0,0.0,7.006492321624085e-45,0.0,1.156769135826118e-28,1.0,6.22288783036469e-33,4.85119267759044e-28,2.5649646342174117e-29
TCN,43,3329,16,8,class_8,8,class_8,1,1.0,2.8632196511574476e-26,0.0,3.190536317893453e-33,0.0,1.401298464324817e-44,0.0,0.0,3.7223133583477507e-32,1.0,2.0384189383552764e-28,7.06181583252099e-34,7.555294215509066e-35
TCN,43,3330,16,8,class_8,8,class_8,1,1.0,2.9910509737914803e-19,9.32232682581827e-34,1.4640956488056333e-21,2.3047744388105283e-39,1.3446666684472868e-38,1.0045269698644881e-37,1.7656360650492695e-43,1.9592024949957444e-25,1.0,7.590576909179554e-25,7.86871619885174e-26,1.491260595356205e-19
TCN,43,3331,16,8,class_8,8,class_8,1,1.0,2.6478136193835203e-18,3.421860611412573e-34,2.2553843775921023e-22,7.660668129209261e-36,1.974554121272206e-32,8.403481793171104e-39,6.716423539508848e-41,5.443245786985934e-27,1.0,3.2328233783521853e-21,2.767928027145869e-26,1.4670196595695872e-21
TCN,43,3332,16,8,class_8,8,class_8,1,1.0,1.4424637360759517e-14,6.217416068730821e-30,2.4855637618508833e-15,4.306472686227895e-34,1.4125364542079763e-29,2.8901288917756295e-32,1.4154726704863595e-34,1.4623430396879474e-21,1.0,6.866877336730466e-20,1.450796236493625e-22,8.064116955585973e-17
TCN,43,3333,16,8,class_8,8,class_8,1,1.0,1.7409609994953334e-12,3.252939547723266e-35,4.0706752468471614e-22,5.5079157179058395e-40,1.9688652784164438e-27,2.032759159879457e-27,7.567011707354012e-44,5.951826945564983e-24,1.0,4.9032596197098254e-24,3.6071833391446623e-25,5.108595064629061e-22
TCN,43,3334,16,8,class_8,8,class_8,1,1.0,7.463694055993478e-25,0.0,1.734782360371775e-27,0.0,2.0318827732709848e-43,0.0,0.0,3.4406486900686893e-31,1.0,1.3686849665889691e-30,6.448854637565914e-31,3.101166156650083e-31
TCN,43,3335,16,8,class_8,8,class_8,1,1.0,6.204456199298495e-15,3.0654613283732024e-36,2.619311353619204e-19,1.9381499189922977e-40,1.1628013628221084e-32,1.416060589853326e-35,2.4467231706497036e-40,2.9736823769273002e-24,1.0,1.724236315279998e-23,7.04871831275217e-24,4.051244876999535e-24
TCN,43,3336,16,8,class_8,8,class_8,1,1.0,1.2989374654108824e-16,6.533150631447562e-28,9.504161515602857e-19,1.460585773213092e-30,5.993206225915997e-30,1.7382928352795227e-35,3.923135483641352e-35,4.881003770980751e-21,1.0,6.979098190399756e-17,2.964947763858047e-25,1.3743435209323529e-11
TCN,43,3337,16,8,class_8,8,class_8,1,0.9999998807907104,1.3805114384979333e-08,1.6909913312186071e-21,1.4173357953950472e-07,9.822218064471615e-26,1.679521722797026e-22,1.0145512334143569e-22,7.020781592654673e-24,9.52850316959233e-15,0.9999998807907104,5.772650237733041e-16,3.073852919432702e-16,3.989918746956367e-13
TCN,43,3338,16,8,class_8,8,class_8,1,1.0,3.334336633033994e-29,0.0,2.9303676544542473e-35,0.0,4.203895392974451e-45,0.0,0.0,2.692355493732832e-32,1.0,8.554525544006028e-32,3.459148531999854e-33,4.73591517053694e-39
TCN,43,3339,16,8,class_8,8,class_8,1,1.0,4.1657736753717846e-24,0.0,1.6399231846699093e-27,0.0,0.0,4.203895392974451e-45,0.0,1.4284893231418558e-29,1.0,7.792517355494028e-33,1.4329552417192738e-27,1.976241984223193e-32
TCN,43,3340,16,8,class_8,8,class_8,1,1.0,2.926494985552082e-25,0.0,1.2977023710358708e-34,0.0,4.380731098009987e-36,2.519534638856021e-42,0.0,5.338637541486482e-34,1.0,1.4118763465390645e-33,5.02086212535649e-30,5.023982921798601e-31
TCN,43,3341,16,8,class_8,8,class_8,1,1.0,5.350325632106906e-17,1.7865287121716939e-34,4.580416211655337e-22,8.538402385429978e-36,3.3410411779113663e-32,4.005988609559393e-38,2.62515610930604e-39,2.578387439076005e-27,1.0,8.481418300961078e-24,7.01614306588007e-26,1.2748848489552514e-21
TCN,43,3342,16,8,class_8,8,class_8,1,1.0,0.0,0.0,0.0,0.0,0.0,0.0,0.0,0.0,1.0,1.4419361197902368e-42,0.0,0.0
TCN,43,3343,16,8,class_8,8,class_8,1,1.0,0.0,0.0,0.0,0.0,0.0,0.0,0.0,0.0,1.0,2.335347968705167e-40,1.401298464324817e-45,0.0
TCN,43,3344,16,8,class_8,8,class_8,1,1.0,2.4417683468295733e-16,7.472588435917381e-31,1.0842762980213446e-24,6.078065163101858e-32,1.4217727609054969e-25,1.8870673664650818e-32,5.345098849335939e-40,5.013316368685041e-17,1.0,3.1949626971838896e-11,1.8573105235591788e-22,2.1138647082702078e-19
TCN,43,3345,16,8,class_8,8,class_8,1,1.0,4.235031046436172e-21,0.0,1.1939062916047441e-42,0.0,0.0,4.114212291257663e-42,0.0,1.7325126876273944e-36,1.0,1.2779841994642332e-41,3.087060516907572e-42,2.2521163161883889e-23
TCN,43,3346,16,8,class_8,8,class_8,1,1.0,8.407790785948902e-45,0.0,0.0,0.0,0.0,0.0,0.0,1.141148879709938e-35,1.0,2.1374042937775452e-26,2.072380298889972e-41,2.0192710870920614e-42
TCN,43,3347,16,8,class_8,8,class_8,1,1.0,7.518002403392635e-36,0.0,1.413545812903016e-40,0.0,0.0,0.0,0.0,7.351271831526141e-37,1.0,2.685308247185647e-41,9.135244144820018e-36,2.1539249393856546e-38
TCN,43,3348,16,8,class_8,8,class_8,1,1.0,1.9784631502942976e-21,3.300605641611018e-32,9.050940375789913e-24,1.2928316091741928e-32,7.590520847059108e-32,1.9123590207563995e-39,1.049572549779288e-41,7.504718530118001e-18,1.0,5.810670954814467e-13,7.092930495501824e-23,2.0814922794867152e-16
TCN,43,3349,16,8,class_8,8,class_8,1,1.0,2.91189820886697e-42,0.0,0.0,0.0,0.0,0.0,0.0,0.0,1.0,0.0,1.401298464324817e-45,0.0
TCN,43,3350,16,8,class_8,8,class_8,1,1.0,8.325816227084365e-39,0.0,4.448450000968418e-40,0.0,0.0,0.0,0.0,3.5660033125368296e-39,1.0,2.109406864264765e-37,1.5445641364607649e-38,0.0
TCN,43,3351,16,8,class_8,8,class_8,1,1.0,1.1285547737159865e-29,0.0,3.851127809202482e-37,0.0,3.7526286343791788e-37,1.401298464324817e-45,0.0,3.2087088177086926e-34,1.0,4.987386054136359e-35,8.069972219977018e-30,3.9970690732735335e-33
TCN,43,3352,16,8,class_8,8,class_8,1,1.0,2.1019476964872256e-43,0.0,4.381860297943703e-42,0.0,0.0,0.0,0.0,5.392196490721896e-42,1.0,0.0,5.465064010866787e-44,0.0
TCN,43,3353,16,8,class_8,8,class_8,1,1.0,5.495217980790819e-34,0.0,1.4227719619921306e-39,0.0,0.0,0.0,0.0,6.813365367270839e-40,1.0,8.199697963996667e-41,8.051207970926024e-39,1.087295504438912e-40
TCN,43,3354,16,8,class_8,8,class_8,1,1.0,1.3535507325552904e-36,0.0,3.7571390217722703e-38,0.0,0.0,0.0,0.0,3.9010282717248427e-38,1.0,1.401298464324817e-45,7.70042339263689e-37,7.567011707354012e-44
TCN,43,3355,16,8,class_8,8,class_8,1,1.0,2.1159342181468046e-30,0.0,1.3722101448886243e-35,0.0,0.0,0.0,0.0,1.568709551567139e-36,1.0,8.430194745796528e-39,3.0554343988688586e-35,7.236305269773355e-42
TCN,43,3356,16,8,class_8,8,class_8,1,1.0,1.401298464324817e-44,0.0,0.0,0.0,0.0,0.0,0.0,0.0,1.0,0.0,1.6213023232238134e-42,0.0
TCN,43,3357,16,8,class_8,8,class_8,1,1.0,1.2469982716914908e-34,0.0,3.6676815291082383e-39,0.0,0.0,0.0,0.0,3.36406219084298e-39,1.0,2.802596928649634e-45,5.172817723041866e-37,0.0
TCN,43,3358,16,8,class_8,8,class_8,1,1.0,4.207011432343601e-37,0.0,8.589160285667078e-38,0.0,0.0,0.0,0.0,1.931007500719634e-39,1.0,0.0,9.088389387694285e-36,0.0
TCN,43,3359,16,8,class_8,8,class_8,1,1.0,8.87072485547314e-26,0.0,5.261773086279266e-32,0.0,7.658264263350844e-40,6.165713243029195e-44,0.0,2.1677584350745577e-29,1.0,1.1986760774318029e-29,3.537013601059269e-30,6.765622773909118e-29
TCN,43,3840,18,9,class_9,9,class_9,1,1.0,2.7001244659875144e-22,7.759181741562315e-09,4.16116154154114e-27,3.049537466636316e-23,5.223201564189331e-15,1.5456710161055676e-17,1.8670047957803945e-24,1.2749805943356726e-16,1.4902032732799775e-11,1.0,5.581219080647015e-13,1.2703408081927866e-21
TCN,43,3841,18,9,class_9,9,class_9,1,1.0,8.221795684905494e-30,8.288016270499482e-23,4.356969811322809e-34,1.3848833803060122e-28,1.9701196524897008e-20,7.446554715509946e-30,7.883805512094918e-32,1.7818841876407597e-22,2.623492648218083e-18,1.0,2.912492273924127e-20,1.4050035463609013e-27
TCN,43,3842,18,9,class_9,9,class_9,1,1.0,0.0,0.0,0.0,0.0,0.0,0.0,0.0,0.0,0.0,1.0,0.0,0.0
TCN,43,3843,18,9,class_9,9,class_9,1,1.0,2.802596928649634e-45,5.766036267185927e-35,0.0,4.1204954333120025e-38,2.703812390648404e-31,0.0,4.203895392974451e-45,8.12692253942893e-34,2.628262252001422e-32,1.0,9.293220887742139e-32,2.4607641812622383e-40
TCN,43,3844,18,9,class_9,9,class_9,1,1.0,3.9061119654804805e-20,5.05529962289015e-16,6.347918637552783e-27,7.570340554821956e-16,8.445523265649714e-15,5.41358320562816e-23,1.2046217528119104e-21,3.777707313634693e-14,5.972808510799898e-13,1.0,3.390411215664635e-11,6.7547104011750434e-15
TCN,43,3845,18,9,class_9,5,class_5,0,0.7941967844963074,7.608963844030375e-21,0.2058032900094986,2.1972269703419414e-15,4.976357420228708e-28,7.804332454241588e-22,0.7941967844963074,1.377142375728446e-29,2.9996632164378644e-19,8.914245752146555e-13,1.888192017239655e-21,9.076997486978655e-10,1.5605464349907123e-24
TCN,43,3846,18,9,class_9,9,class_9,1,1.0,1.723068662410969e-35,1.6733222270369323e-14,2.061029781328941e-41,1.0907838388882461e-27,4.970845214403328e-19,1.0622147814199856e-30,5.845397215254901e-32,3.5555306006154404e-24,7.772116483221934e-27,1.0,4.9958784785490526e-20,3.4831384201958436e-35
TCN,43,3847,18,9,class_9,8,class_8,0,0.9999978542327881,4.345523111397552e-27,2.5717586530227915e-29,7.868715526670477e-37,5.535721504010999e-29,8.999981371093355e-28,1.2590407750970584e-34,0.0,7.076791219271989e-20,0.9999978542327881,2.0961758764315164e-06,4.100714349520879e-15,7.295817552829526e-25
TCN,43,3848,18,9,class_9,9,class_9,1,1.0,8.407790785948902e-44,7.89028581496795e-29,0.0,6.726232628759122e-44,2.4192452504930097e-33,1.6541016755991857e-37,0.0,6.0478721374303655e-28,5.928956536719848e-26,1.0,2.0704875978592682e-28,3.786230818670732e-38
TCN,43,3849,18,9,class_9,9,class_9,1,1.0,1.8754293905222375e-30,1.3657028582547166e-21,6.741150157166286e-36,6.783062821871929e-30,2.0117394388807625e-18,1.2928287738818187e-29,1.2410675399413826e-32,5.3249531052047695e-25,1.6585333173206197e-19,1.0,3.315726588417387e-23,5.633122683801489e-31
TCN,43,3850,18,9,class_9,9,class_9,1,1.0,5.056063429060072e-19,1.2278926298994871e-15,6.451103608404235e-28,3.55765625170535e-19,3.051738028947426e-11,2.6513518882055383e-25,5.543327093581504e-19,3.530428050879519e-19,8.174416818353819e-15,1.0,2.5441125580024643e-20,1.3694153711827685e-16
TCN,43,3851,18,9,class_9,9,class_9,1,1.0,0.0,0.0,0.0,0.0,0.0,0.0,0.0,0.0,0.0,1.0,0.0,0.0
TCN,43,3852,18,9,class_9,9,class_9,1,0.7234449982643127,0.0034305069129914045,0.005425808485597372,0.0004147807485423982,0.0465545579791069,0.15466414391994476,1.7503827621112578e-05,0.0003559837641660124,0.00013689899060409516,0.04814507067203522,0.7234449982643127,0.004653810989111662,0.012755929492413998
TCN,43,3853,18,9,class_9,9,class_9,1,1.0,0.0,1.8355451638762774e-38,0.0,9.80908925027372e-45,1.3467876177509502e-37,0.0,0.0,1.247858856386269e-35,4.8311432939513954e-33,1.0,5.672770433175275e-34,1.401298464324817e-45
TCN,43,3854,18,9,class_9,9,class_9,1,1.0,0.0,0.0,0.0,0.0,0.0,0.0,0.0,0.0,0.0,1.0,0.0,0.0
TCN,43,3855,18,9,class_9,9,class_9,1,1.0,5.960843407544907e-41,2.825007716968624e-34,0.0,1.5469208109813752e-33,2.6192827975922847e-33,0.0,1.8216880036222622e-44,4.622013318619661e-30,4.036202877258781e-25,1.0,8.904988487705101e-29,2.7153833408217193e-35
TCN,43,3856,18,9,class_9,9,class_9,1,0.9999997615814209,2.092695057837762e-15,1.9579747979198148e-12,8.706221530908426e-18,6.425209502495437e-15,2.5261362446293845e-11,1.8086384826299735e-16,5.142351498441577e-18,3.275866730656496e-11,2.4084573624350014e-07,0.9999997615814209,1.1722477433195877e-09,1.0170158579224722e-14
TCN,43,3857,18,9,class_9,9,class_9,1,1.0,1.2872341580419614e-28,2.2823444878889356e-22,4.6431240745633244e-33,3.2492776789270003e-22,1.4727628981549586e-19,1.2499875155118629e-29,6.756566238808914e-30,4.771961009848375e-19,1.0628425161848131e-16,1.0,3.100525722243944e-17,2.2798969601557878e-24
TCN,43,3858,18,9,class_9,9,class_9,1,1.0,0.0,0.0,0.0,0.0,0.0,0.0,0.0,6.081635335169706e-43,0.0,1.0,0.0,0.0
TCN,43,3859,18,9,class_9,9,class_9,1,1.0,3.5743454171770036e-35,1.9637785603955769e-28,7.637076630570253e-43,2.02731868313436e-31,4.1246964416366963e-22,4.98017270325647e-40,3.9703191266377007e-35,3.178977281098244e-29,5.799482891757703e-26,1.0,1.1058656638750589e-29,1.2669255412084432e-34
TCN,43,3860,18,9,class_9,9,class_9,1,1.0,3.8001004847848663e-34,2.329387808426068e-27,2.382207389352189e-44,1.779141341815874e-28,1.1354284845846812e-23,1.5364310001738236e-38,8.016682779361989e-36,1.6642439820820269e-26,1.347866044233622e-23,1.0,4.693488883237075e-24,1.8141757528782898e-29
TCN,43,3861,18,9,class_9,9,class_9,1,1.0,6.309239209157488e-36,2.3427536659436182e-28,0.0,1.2749664695402827e-30,1.7090654093564433e-21,9.011750424072899e-42,7.125538531800727e-35,2.6700089347006776e-31,1.0259373963265989e-25,1.0,2.3099445766539756e-29,9.518126417317468e-35
TCN,43,3862,18,9,class_9,5,class_5,0,0.6912198662757874,0.0014612386003136635,0.09349042177200317,0.21318577229976654,2.0230707377777435e-05,8.876724314177409e-05,0.6912198662757874,2.646537723194342e-05,1.4556117378106137e-07,0.00046922010369598866,7.960561561048962e-06,2.8589462090167217e-05,1.258517158930772e-06
TCN,43,3863,18,9,class_9,9,class_9,1,1.0,4.932570594423356e-42,4.544522285985206e-32,0.0,3.2729292653776057e-35,2.406050032531442e-31,0.0,9.699787970056384e-42,1.8275962947691985e-28,9.459011125157255e-29,1.0,5.862265333494285e-29,1.7330772391653775e-33
TCN,43,3864,18,9,class_9,9,class_9,1,1.0,5.605193857299268e-45,1.1295936784058588e-35,0.0,1.4489939108460429e-36,6.3393394712726855e-31,0.0,0.0,2.0705919730001883e-34,1.1765066918234304e-27,1.0,3.411515296852627e-32,8.702063463457114e-43
TCN,43,3865,18,9,class_9,9,class_9,1,1.0,0.0,2.386616154580648e-38,0.0,2.0711191302720796e-42,9.554139133163973e-35,0.0,0.0,4.495864335807313e-39,6.399001411369991e-40,1.0,2.781319612767326e-39,0.0
TCN,43,3866,18,9,class_9,9,class_9,1,1.0,7.342518575405674e-32,3.750151342289512e-23,1.401298464324817e-45,1.5912170018590592e-25,6.460979212578877e-13,2.02496035885722e-39,3.688365363614647e-30,1.1149934433368776e-30,1.0682844357949944e-25,1.0,1.6949169045071405e-30,5.889945159766883e-30
TCN,43,3867,18,9,class_9,9,class_9,1,1.0,0.0,0.0,0.0,0.0,0.0,0.0,0.0,0.0,0.0,1.0,0.0,0.0
TCN,43,3868,18,9,class_9,9,class_9,1,1.0,4.463779372115286e-35,2.0256376487240963e-27,0.0,8.70866580955845e-29,3.05940142479462e-19,7.96217787429361e-42,7.420872303895211e-35,2.6019971825508017e-31,4.1618618867061166e-26,1.0,2.5360684628143117e-29,4.0210929635619755e-34
TCN,43,3869,18,9,class_9,9,class_9,1,0.9999998807907104,2.0243402430433008e-19,4.416101262449956e-09,1.7204013211064139e-28,1.205766054086484e-14,9.405641776538687e-08,2.2998161539742216e-21,1.2535129899310673e-19,1.0227100620566799e-17,9.00545100730038e-15,0.9999998807907104,2.373845044145728e-12,1.425902815550726e-22
TCN,43,3870,18,9,class_9,9,class_9,1,1.0,0.0,0.0,0.0,0.0,0.0,0.0,0.0,0.0,0.0,1.0,1.401298464324817e-45,0.0
TCN,43,3871,18,9,class_9,9,class_9,1,0.9999984502792358,1.5580588729591617e-17,6.917011963203379e-10,9.317928683087733e-21,6.41893222602663e-14,4.64885768769463e-11,2.330649779072602e-13,5.330811986507443e-20,9.324657365694655e-12,9.593534855412145e-08,0.9999984502792358,1.3992638514537248e-06,5.991927819284325e-19
TCN,43,3872,18,9,class_9,9,class_9,1,0.9998098015785217,1.1148076212164071e-10,1.0248892579056701e-07,3.5278022365338446e-13,6.146849002020005e-11,8.510542492956574e-09,8.142494456464533e-10,5.82804204202203e-14,1.0360386326624393e-08,0.0001491163275204599,0.9998098015785217,4.095090844202787e-05,1.7566153609829827e-12
TCN,43,3873,18,9,class_9,9,class_9,1,1.0,0.0,7.1735324795577066e-37,0.0,4.8681108650644145e-42,1.857821237463304e-29,0.0,0.0,3.8164363675886393e-41,1.3832079814100765e-38,1.0,9.031144394819154e-40,0.0
TCN,43,3874,18,9,class_9,9,class_9,1,1.0,7.07041852262359e-33,2.3508501175035667e-25,2.9147008057956195e-43,6.77673980488263e-26,4.7652073709525634e-21,4.82183326353978e-38,1.2649565238859685e-32,1.5417009115805558e-26,3.352941653823822e-24,1.0,2.085767215369887e-25,1.3646661112707395e-29
TCN,43,3875,18,9,class_9,9,class_9,1,1.0,3.268598576015424e-36,1.287546130381782e-24,1.401298464324817e-45,8.08048868219744e-27,8.899736506107297e-19,8.448030472650454e-39,1.484754832416168e-35,1.1648143169642758e-29,1.7733739561952354e-22,1.0,2.8230708835350153e-25,7.796969655142138e-35
TCN,43,3876,18,9,class_9,9,class_9,1,1.0,0.0,6.880375459834852e-43,0.0,3.321497749989114e-41,6.480752903697706e-35,0.0,0.0,2.3986025813847894e-41,1.9149681151827074e-36,1.0,2.012474789540086e-40,5.605193857299268e-45
TCN,43,3877,18,9,class_9,9,class_9,1,1.0,0.0,4.624284932271896e-44,0.0,7.2327880106279e-40,1.1670624747425415e-33,0.0,0.0,2.5223372357846707e-44,3.6439257287848076e-35,1.0,2.436858029460857e-42,1.401298464324817e-45
TCN,43,3878,18,9,class_9,9,class_9,1,1.0,1.9588999206572865e-36,5.125026065206583e-31,0.0,1.2572439862080765e-26,8.397993178746045e-26,0.0,1.723696603310492e-39,3.8102297093203264e-28,4.3107862679323087e-23,1.0,2.388785979582836e-29,5.449987716909482e-31
TCN,43,3879,18,9,class_9,9,class_9,1,1.0,7.746143928170824e-23,4.398180709255536e-20,1.1404114868231262e-31,2.636894434632211e-20,8.899644151391905e-17,2.5561040023037383e-30,1.5703100616440438e-26,1.3296880525410757e-19,5.003306254545981e-13,1.0,2.127505226763937e-18,8.470409605664844e-20
TCN,43,3880,18,10,class_10,10,class_10,1,1.0,1.217728365498266e-42,9.094427033468063e-43,1.5414283107572988e-44,3.155724141659488e-42,0.0,3.093842801474904e-40,0.0,5.312519079616676e-24,1.0279821157505756e-33,1.357402285462395e-37,1.0,5.369221361620212e-38
TCN,43,3881,18,10,class_10,10,class_10,1,1.0,0.0,0.0,0.0,0.0,0.0,2.802596928649634e-45,0.0,3.896804197633982e-38,2.802596928649634e-45,0.0,1.0,0.0
TCN,43,3882,18,10,class_10,7,class_7,0,1.0,2.4186307843310043e-30,1.5768084983512087e-29,1.4957673146365461e-34,5.824372900711775e-36,8.027800681377942e-40,1.1219811459954537e-32,0.0,1.0,2.8834438877257766e-25,1.1927189398465054e-22,9.493791386719352e-13,1.2043531044769593e-32
TCN,43,3883,18,10,class_10,10,class_10,1,1.0,0.0,0.0,0.0,0.0,0.0,0.0,0.0,0.0,0.0,0.0,1.0,0.0
TCN,43,3884,18,10,class_10,10,class_10,1,1.0,9.923057639104397e-37,2.5944675608334492e-36,2.059908742557481e-43,3.4753883473412653e-40,3.2229864679470793e-44,1.9101191780266915e-33,0.0,3.6562754436496286e-28,2.2274196401134803e-27,2.813625662309001e-29,1.0,1.7799713483393124e-40
TCN,43,3885,18,10,class_10,10,class_10,1,1.0,0.0,0.0,0.0,0.0,0.0,4.348932827876542e-34,0.0,2.987447490516581e-34,7.314777983775545e-43,0.0,1.0,0.0
TCN,43,3886,18,10,class_10,10,class_10,1,1.0,0.0,0.0,0.0,0.0,0.0,5.184804318001823e-44,0.0,2.176653852412663e-25,6.220786738962458e-37,2.960789512287263e-39,1.0,1.9217718228009621e-38
TCN,43,3887,18,10,class_10,10,class_10,1,1.0,0.0,0.0,0.0,0.0,0.0,2.2420775429197073e-44,0.0,1.1106066953149126e-33,1.4107968016276421e-37,9.28290167691975e-40,1.0,0.0
TCN,43,3888,18,10,class_10,10,class_10,1,1.0,0.0,0.0,0.0,0.0,0.0,0.0,0.0,6.356436690256431e-38,1.1881357445286545e-39,0.0,1.0,0.0
TCN,43,3889,18,10,class_10,10,class_10,1,1.0,8.984198998211108e-33,4.110612827684343e-34,2.1046646460537357e-37,1.5719458918489316e-34,1.9634825926303618e-39,1.353957715085031e-30,1.401298464324817e-45,9.630575489651501e-21,6.707958144332355e-28,3.5343044345269514e-29,1.0,3.47960911320187e-33
TCN,43,3890,18,10,class_10,10,class_10,1,1.0,0.0,0.0,0.0,0.0,0.0,0.0,0.0,1.0430616686985263e-37,9.256178915205076e-40,1.401298464324817e-45,1.0,0.0
TCN,43,3891,18,10,class_10,10,class_10,1,1.0,1.7095841264762768e-43,9.80908925027372e-45,0.0,0.0,0.0,1.168935152970476e-40,0.0,8.91617645549329e-28,2.1639467457428128e-39,7.343266381555269e-40,1.0,8.407790785948902e-45
TCN,43,3892,18,10,class_10,10,class_10,1,1.0,0.0,0.0,0.0,0.0,0.0,9.80908925027372e-45,0.0,9.581189048968569e-34,1.848248635104614e-38,1.3823108701332158e-40,1.0,0.0
TCN,43,3893,18,10,class_10,10,class_10,1,1.0,0.0,0.0,0.0,0.0,0.0,0.0,0.0,7.453945530526606e-37,0.0,0.0,1.0,0.0
TCN,43,3894,18,10,class_10,10,class_10,1,1.0,8.494589438046301e-33,6.1300579394543e-33,1.0065490547588966e-36,8.14709879793484e-34,3.5673791073691037e-38,5.288196436044225e-31,1.2611686178923354e-44,2.0565523335299445e-23,3.05559452999322e-22,6.556300636787187e-26,1.0,1.637503665232053e-35
TCN,43,3895,18,10,class_10,10,class_10,1,1.0,0.0,0.0,0.0,0.0,0.0,1.680994835207122e-39,0.0,8.487104279029687e-41,0.0,0.0,1.0,0.0
TCN,43,3896,18,10,class_10,10,class_10,1,1.0,0.0,1.4171331369716875e-41,0.0,0.0,0.0,8.22325913238491e-25,0.0,1.528974971304844e-39,1.4862591902168307e-40,1.401298464324817e-45,1.0,0.0
TCN,43,3897,18,10,class_10,10,class_10,1,1.0,0.0,0.0,0.0,0.0,0.0,0.0,0.0,8.500136354747908e-41,0.0,0.0,1.0,0.0
TCN,43,3898,18,10,class_10,7,class_7,0,1.0,2.77149916348595e-26,4.764413567636556e-26,8.484062833886315e-26,6.1503816846503205e-28,1.7305930889943038e-33,1.09396387663452e-26,1.4895284195341005e-39,1.0,5.133709115401623e-18,2.8535800183337026e-19,5.410143000261769e-09,9.752901310324865e-23
TCN,43,3899,18,10,class_10,10,class_10,1,1.0,0.0,0.0,0.0,0.0,0.0,3.409095719590987e-39,0.0,3.312477872033948e-38,1.3815205377993366e-38,4.2097808465246154e-41,1.0,0.0
TCN,43,3900,18,10,class_10,10,class_10,1,1.0,6.523086804893788e-29,3.225244873677261e-23,4.585889267552225e-29,6.235705256196847e-30,7.235596486283867e-35,1.646224149520604e-25,5.646924525566861e-40,3.389194347391822e-08,1.9132750576249752e-20,7.044898753767124e-17,1.0,1.4038797932013706e-25
TCN,43,3901,18,10,class_10,10,class_10,1,1.0,1.0837128448753267e-26,1.6706797860693647e-20,4.200464622539784e-24,7.515478362177918e-36,1.788248699179237e-32,8.365886976224868e-12,9.208679717731182e-37,1.4797981571526622e-17,4.743320859922825e-27,1.0613901034840137e-27,1.0,1.9198223108392334e-31
TCN,43,3902,18,10,class_10,10,class_10,1,1.0,7.422170467403275e-21,3.373249486308392e-17,6.408570890541428e-21,6.76366518649127e-28,3.420413062632843e-26,4.0411229917936e-11,8.142551943174189e-29,5.297913935895307e-14,1.3754864581187226e-19,2.4429188038426788e-20,1.0,1.2368243266068113e-23
TCN,43,3903,18,10,class_10,10,class_10,1,1.0,6.58357555188901e-24,2.6239790675767683e-21,1.1502018969087303e-24,1.8465625254534334e-25,3.0382784690110345e-28,2.2520755541676943e-21,1.0454949024221947e-31,3.230639367135524e-11,1.9337993796387192e-19,5.857198709063219e-19,1.0,8.579892912165084e-23
TCN,43,3904,18,10,class_10,10,class_10,1,1.0,3.429083287790328e-21,7.576874037581484e-15,2.431336110380177e-19,1.8966716788952916e-26,1.2394638749172034e-24,4.682432219738075e-11,3.9510355007974155e-30,2.375290068801217e-12,2.1351026532963474e-22,1.3005921037414936e-18,1.0,2.0511285795406653e-25
TCN,43,3905,18,10,class_10,10,class_10,1,1.0,1.4094472503130079e-36,2.0016087596988247e-29,3.340139223460027e-38,0.0,1.3340361380372259e-42,2.2707888837837013e-19,0.0,1.6092353206395459e-27,6.789543293377317e-40,1.3196561701417526e-36,1.0,0.0
TCN,43,3906,18,10,class_10,10,class_10,1,1.0,5.2198244499771196e-34,2.5611136771082987e-28,8.145428824538505e-32,1.96614232043192e-33,1.3287936002224938e-37,1.3687563776939872e-25,1.604726363689315e-39,1.4694343362947423e-20,7.321038179385923e-32,6.12714487343513e-30,1.0,3.5322370973141376e-32
TCN,43,3907,18,10,class_10,10,class_10,1,1.0,1.5938751574260532e-21,2.5365870678297918e-17,1.4761987996243508e-20,3.449283579570563e-23,1.0660987733975631e-24,2.1962331042332806e-14,5.512159412255998e-27,7.76108642413717e-14,2.087595132226143e-20,1.48801675488529e-18,1.0,1.9093349536254183e-23
TCN,43,3908,18,10,class_10,10,class_10,1,0.9999622106552124,2.9064062354727804e-12,1.1604840699508401e-10,7.205728635301112e-12,5.996078633607738e-11,2.171479413382721e-14,1.8028176174134103e-10,6.579464790102286e-15,3.778519021579996e-05,1.5660155464058967e-11,1.884399747353882e-09,0.9999622106552124,2.850566354142825e-12
TCN,43,3909,18,10,class_10,10,class_10,1,0.9999997615814209,3.6077197866369584e-17,2.4690726656425525e-15,4.8721943930998195e-17,8.740496586770173e-18,4.960874763809351e-21,2.0520385351607395e-15,1.5565718815931965e-22,1.8516965383241768e-07,2.788575928566598e-16,6.728943574216273e-14,0.9999997615814209,1.1043129184101387e-16
TCN,43,3910,18,10,class_10,10,class_10,1,1.0,8.348403761573804e-30,8.087484430127433e-28,3.162920869919967e-32,4.212907827232175e-36,3.5057463104484626e-35,4.1713233118400144e-24,6.059074429894077e-41,6.94000091067372e-22,7.151570106967706e-28,1.0460429696102995e-28,1.0,3.5726823337387675e-35
TCN,43,3911,18,10,class_10,10,class_10,1,0.9999589920043945,8.638568083085829e-09,9.10576204660174e-07,1.4179806218095337e-09,2.2642673326578322e-13,1.2527593545863525e-11,3.8920374208828434e-05,2.673649062562289e-13,1.205051489705511e-06,9.268196765610526e-10,1.5296858224544962e-09,0.9999589920043945,3.409317272939916e-11
TCN,43,3912,18,10,class_10,10,class_10,1,1.0,9.091498966829576e-16,6.779442285331783e-11,5.658258014689874e-15,1.5112139805090587e-17,1.8203565217107467e-17,1.1675086453166728e-09,2.0083428284904666e-18,1.1841899683062707e-09,2.427964039129933e-14,9.246879520766194e-13,1.0,1.3803394492243888e-17
TCN,43,3913,18,10,class_10,10,class_10,1,1.0,1.0905255966834315e-20,1.834143802724658e-17,2.30990234523047e-20,9.866956239951348e-24,3.6867130908616173e-26,2.2205593483773378e-13,1.103119709071538e-27,1.335277031732664e-15,5.904816988728871e-22,1.4322054733955308e-21,1.0,3.3759650030769563e-25
TCN,43,3914,18,10,class_10,10,class_10,1,1.0,1.2385050736514752e-23,7.435303187473776e-18,1.9841902804662022e-23,2.7675786190349646e-34,1.3204141433058563e-32,2.291045478330922e-11,1.4783184555721576e-34,1.6311159609682127e-17,1.9022946239609246e-26,5.942619203307062e-23,1.0,6.408168074446948e-32
TCN,43,3915,18,10,class_10,10,class_10,1,1.0,2.8533839669264817e-34,8.785937241040261e-31,1.8057328058549946e-35,0.0,2.382207389352189e-43,5.655071956507058e-20,0.0,3.9282470158602525e-25,1.5887812126715173e-37,2.8496825300791858e-36,1.0,1.5652503846508207e-42
TCN,43,3916,18,10,class_10,10,class_10,1,1.0,8.53582307623614e-30,1.085037647402496e-24,1.7318232658729584e-31,5.884313498575208e-36,1.3088184838739446e-34,9.91254471992335e-21,2.4766549058476817e-41,5.521302739755984e-16,1.712970625972606e-26,2.810305881493375e-25,1.0,6.093666911873146e-32
TCN,43,3917,18,10,class_10,10,class_10,1,1.0,4.969153032283417e-21,3.97405708940147e-15,6.221121989434752e-21,7.339845166471113e-28,3.464114785816681e-25,7.474171455357226e-12,1.3866794341113567e-30,5.872965447295542e-10,5.339943853674875e-18,1.3650134468350063e-16,1.0,4.9190362067255215e-23
TCN,43,3918,18,10,class_10,10,class_10,1,0.9999982118606567,5.232959291097472e-17,3.718762797699782e-11,3.1185604516262232e-18,3.299089435670563e-17,3.544081142518559e-17,7.793588772389212e-14,5.930314992669532e-22,1.7603767901164247e-06,1.963134922634488e-13,7.086770614783688e-10,0.9999982118606567,4.2969680320467687e-17
TCN,43,3919,18,10,class_10,10,class_10,1,1.0,2.225859080384751e-10,2.347772865007869e-09,4.386670714173757e-12,1.821103489361986e-13,5.774685742608587e-13,1.4061753539351685e-08,3.055371931073034e-15,1.4045402174645005e-08,2.422116673894692e-11,8.802800849361248e-11,1.0,3.204350372825078e-14
TCN,43,3920,18,11,class_11,11,class_11,1,1.0,0.0,0.0,0.0,2.858368607529762e-41,0.0,0.0,4.764414778704378e-44,2.802596928649634e-45,1.401298464324817e-45,0.0,0.0,1.0
TCN,43,3921,18,11,class_11,11,class_11,1,1.0,7.903323338791968e-43,2.925911193510218e-42,0.0,8.640678406598557e-33,5.156778348715327e-43,0.0,1.4136904269045343e-36,3.9196727472801885e-31,6.660079617867934e-34,4.4042415589982836e-35,9.80908925027372e-45,1.0
TCN,43,3922,18,11,class_11,11,class_11,1,1.0,0.0,0.0,0.0,1.619862909441259e-38,0.0,0.0,3.529870831634214e-42,4.6382979169151445e-42,1.9043646130174264e-42,0.0,0.0,1.0
TCN,43,3923,18,11,class_11,11,class_11,1,1.0,8.407790785948902e-45,2.059908742557481e-43,0.0,6.171903560574328e-30,3.531272130098539e-43,0.0,5.684839454080358e-33,1.066890841009549e-34,1.4505755620279201e-36,8.132982144110163e-40,0.0,1.0
TCN,43,3924,18,11,class_11,11,class_11,1,1.0,0.0,0.0,0.0,1.3455345206122124e-37,0.0,0.0,2.3541814200656927e-43,2.8062666635966705e-33,5.2298756818083666e-39,2.634441112930656e-43,0.0,1.0
TCN,43,3925,18,11,class_11,11,class_11,1,1.0,1.401298464324817e-45,0.0,0.0,1.317220556465328e-43,0.0,0.0,8.407790785948902e-45,8.407790785948902e-45,0.0,0.0,0.0,1.0
TCN,43,3926,18,11,class_11,11,class_11,1,1.0,3.590671210183418e-38,8.127531093083939e-44,0.0,2.46524545856032e-28,3.9710682518284185e-39,0.0,6.710434198109763e-30,5.392056360875464e-41,2.7167393717404526e-40,1.2611686178923354e-44,0.0,1.0
TCN,43,3927,18,11,class_11,11,class_11,1,1.0,0.0,0.0,0.0,0.0,0.0,0.0,0.0,0.0,0.0,0.0,0.0,1.0
TCN,43,3928,18,11,class_11,11,class_11,1,1.0,1.2051166793193427e-43,0.0,0.0,1.818404468505022e-34,0.0,0.0,5.918660960652415e-38,5.266473393801138e-39,1.417105111002401e-40,0.0,0.0,1.0
TCN,43,3929,18,11,class_11,11,class_11,1,1.0,0.0,0.0,0.0,1.0624708631512982e-36,0.0,0.0,3.5340747270271887e-41,7.308065764131429e-40,1.7613901307023653e-40,1.401298464324817e-45,0.0,1.0
TCN,43,3930,18,11,class_11,11,class_11,1,1.0,0.0,0.0,0.0,0.0,0.0,0.0,0.0,0.0,0.0,0.0,0.0,1.0
TCN,43,3931,18,11,class_11,11,class_11,1,1.0,0.0,0.0,0.0,6.23004125033249e-39,0.0,0.0,2.597727093165346e-41,4.5536908787555264e-37,3.89314344552578e-40,4.091791515828466e-43,0.0,1.0
TCN,43,3932,18,11,class_11,11,class_11,1,1.0,4.2217518590456495e-38,1.3017211865150013e-37,2.802596928649634e-45,1.9738953500228215e-28,4.6158771414859474e-42,0.0,3.124303961133585e-34,5.693900068915271e-22,4.0933568359181746e-25,2.329028203409084e-23,6.600829308147923e-38,1.0
TCN,43,3933,18,11,class_11,11,class_11,1,1.0,0.0,0.0,0.0,3.098923169820957e-36,0.0,0.0,1.138042127025971e-39,5.576665734389639e-35,6.905166111226915e-38,7.496946784137771e-43,0.0,1.0
TCN,43,3934,18,11,class_11,11,class_11,1,1.0,0.0,0.0,0.0,0.0,0.0,0.0,0.0,0.0,0.0,0.0,0.0,1.0
TCN,43,3935,18,11,class_11,11,class_11,1,1.0,0.0,0.0,0.0,0.0,0.0,0.0,0.0,2.0638323782575906e-41,5.895262639414505e-42,0.0,0.0,1.0
TCN,43,3936,18,11,class_11,11,class_11,1,1.0,0.0,0.0,0.0,2.802596928649634e-45,0.0,0.0,1.401298464324817e-45,0.0,0.0,0.0,0.0,1.0
TCN,43,3937,18,11,class_11,11,class_11,1,1.0,0.0,0.0,0.0,3.9357176954688964e-39,0.0,0.0,9.436343858763318e-42,1.8886700702169884e-41,1.5414283107572988e-44,0.0,0.0,1.0
TCN,43,3938,18,11,class_11,11,class_11,1,1.0,0.0,0.0,0.0,1.401298464324817e-45,0.0,0.0,0.0,4.203895392974451e-45,0.0,0.0,0.0,1.0
TCN,43,3939,18,11,class_11,11,class_11,1,1.0,0.0,2.802596928649634e-45,0.0,6.730021739806656e-37,0.0,0.0,2.6577222856169486e-39,6.281709215031532e-31,1.1826677132626844e-33,1.9181327627929877e-37,0.0,1.0
TCN,43,3940,18,11,class_11,11,class_11,1,1.0,0.0,0.0,0.0,0.0,0.0,0.0,0.0,0.0,1.401298464324817e-45,0.0,0.0,1.0
TCN,43,3941,18,11,class_11,11,class_11,1,1.0,0.0,0.0,0.0,0.0,0.0,0.0,0.0,0.0,0.0,0.0,0.0,1.0
TCN,43,3942,18,11,class_11,11,class_11,1,1.0,0.0,0.0,0.0,0.0,0.0,0.0,0.0,0.0,0.0,0.0,0.0,1.0
TCN,43,3943,18,11,class_11,11,class_11,1,1.0,0.0,0.0,0.0,0.0,0.0,0.0,0.0,8.631998540240873e-43,5.994754830381567e-42,0.0,0.0,1.0
TCN,43,3944,18,11,class_11,11,class_11,1,1.0,0.0,0.0,0.0,0.0,0.0,0.0,0.0,0.0,0.0,0.0,0.0,1.0
TCN,43,3945,18,11,class_11,11,class_11,1,1.0,0.0,0.0,0.0,0.0,0.0,0.0,0.0,2.3009629069875648e-39,5.774330581943274e-41,0.0,0.0,1.0
TCN,43,3946,18,11,class_11,11,class_11,1,1.0,0.0,0.0,0.0,0.0,0.0,0.0,0.0,2.3764358871510661e-35,1.7806541730550086e-37,1.4153114489680652e-43,0.0,1.0
TCN,43,3947,18,11,class_11,11,class_11,1,1.0,0.0,0.0,0.0,4.5962589629854e-43,0.0,0.0,0.0,5.9195704369869254e-36,2.414090707764654e-34,5.45591493319321e-39,0.0,1.0
TCN,43,3948,18,11,class_11,11,class_11,1,1.0,9.612907465268245e-43,5.044674471569341e-44,0.0,3.279038406520072e-43,0.0,0.0,1.401298464324817e-45,1.2835161690922315e-30,1.4449938060970507e-26,9.910452752856088e-31,1.401298464324817e-43,1.0
TCN,43,3949,18,11,class_11,11,class_11,1,1.0,0.0,0.0,0.0,0.0,0.0,0.0,0.0,3.0805264392925513e-35,5.5355240778291916e-36,6.176251007480918e-40,0.0,1.0
TCN,43,3950,18,11,class_11,11,class_11,1,1.0,5.605193857299268e-45,1.401298464324817e-45,0.0,4.5637025957637415e-39,0.0,0.0,2.917223143031404e-41,2.090941936833633e-28,1.1532217233318337e-29,7.50336583420653e-35,2.802596928649634e-45,1.0
TCN,43,3951,18,11,class_11,11,class_11,1,1.0,0.0,0.0,0.0,2.2701035122062037e-43,0.0,0.0,0.0,9.065535980982406e-36,1.7092904497609161e-32,2.1639884742281937e-31,0.0,1.0
TCN,43,3952,18,11,class_11,11,class_11,1,1.0,0.0,0.0,0.0,0.0,0.0,0.0,0.0,2.382207389352189e-44,1.401298464324817e-45,0.0,0.0,1.0
TCN,43,3953,18,11,class_11,11,class_11,1,1.0,0.0,0.0,0.0,0.0,0.0,0.0,0.0,2.802596928649634e-45,3.923635700109488e-44,0.0,0.0,1.0
TCN,43,3954,18,11,class_11,11,class_11,1,1.0,0.0,0.0,0.0,2.5223372357846707e-44,0.0,0.0,0.0,2.1318378131208133e-38,6.166747961815253e-38,8.393777801305654e-43,0.0,1.0
TCN,43,3955,18,11,class_11,11,class_11,1,1.0,0.0,0.0,0.0,0.0,0.0,0.0,0.0,0.0,4.203895392974451e-45,0.0,0.0,1.0
TCN,43,3956,18,11,class_11,11,class_11,1,1.0,0.0,0.0,0.0,0.0,0.0,0.0,0.0,0.0,0.0,0.0,0.0,1.0
TCN,43,3957,18,11,class_11,11,class_11,1,1.0,0.0,0.0,0.0,0.0,0.0,0.0,0.0,1.2712704383918065e-38,3.599130008233468e-39,0.0,0.0,1.0
TCN,43,3958,18,11,class_11,11,class_11,1,1.0,0.0,0.0,0.0,0.0,0.0,0.0,0.0,0.0,0.0,0.0,0.0,1.0
TCN,43,3959,18,11,class_11,11,class_11,1,1.0,0.0,0.0,0.0,0.0,0.0,0.0,0.0,0.0,0.0,0.0,0.0,1.0
TCN,43,3960,18,0,class_0,0,class_0,1,1.0,1.0,1.6403380145724907e-25,6.88023740170546e-16,1.4687517697422205e-26,3.2456810304959743e-17,3.2657833753675123e-20,4.646687047629283e-25,1.7094036476690532e-22,1.498722494468324e-16,4.24018353245939e-23,1.558033991585525e-29,1.4831254032787167e-19
TCN,43,3961,18,0,class_0,0,class_0,1,1.0,1.0,0.0,1.1070257868166055e-43,0.0,0.0,3.6657967826737215e-42,0.0,0.0,0.0,0.0,0.0,0.0
TCN,43,3962,18,0,class_0,0,class_0,1,1.0,1.0,0.0,4.697200881291714e-37,0.0,7.239747291838679e-25,2.707817864937482e-38,0.0,0.0,3.020923503329336e-33,0.0,0.0,0.0
TCN,43,3963,18,0,class_0,0,class_0,1,1.0,1.0,0.0,0.0,0.0,0.0,0.0,0.0,0.0,0.0,0.0,0.0,0.0
TCN,43,3964,18,0,class_0,0,class_0,1,1.0,1.0,0.0,1.802306234593969e-27,0.0,2.8738837841267662e-37,1.9218241192596507e-37,5.605193857299268e-45,3.3858313624862663e-40,2.5846289658427107e-36,0.0,0.0,7.533332474067696e-36
TCN,43,3965,18,0,class_0,0,class_0,1,1.0,1.0,1.8386437150405925e-41,4.127444748227939e-25,2.319429218150437e-41,2.0409688996943005e-30,5.221639578558682e-33,1.8885740812721822e-38,9.198186615464115e-36,7.03011449475374e-30,9.170419449188398e-40,0.0,1.7441356993320023e-30
TCN,43,3966,18,0,class_0,0,class_0,1,1.0,1.0,0.0,0.0,0.0,0.0,0.0,0.0,0.0,0.0,0.0,0.0,0.0
TCN,43,3967,18,0,class_0,0,class_0,1,1.0,1.0,0.0,2.1021747068384462e-39,0.0,1.7095841264762768e-43,3.7789992778157375e-39,0.0,4.203895392974451e-45,4.5875199545681906e-35,0.0,0.0,0.0
TCN,43,3968,18,0,class_0,0,class_0,1,1.0,1.0,2.0183876260316975e-34,4.95224630420224e-24,9.534434751266055e-42,7.396572470018067e-26,1.699245709631804e-25,5.963553518774911e-39,4.8802017566365296e-29,3.390361703158757e-21,7.24403095671638e-32,7.47723331734165e-39,2.3004949688817718e-26
TCN,43,3969,18,0,class_0,0,class_0,1,1.0,1.0,0.0,0.0,0.0,0.0,0.0,0.0,0.0,0.0,0.0,0.0,0.0
TCN,43,3970,18,0,class_0,0,class_0,1,1.0,1.0,7.860886138069839e-26,2.29407326322476e-17,7.787777591824832e-29,6.023952170419733e-12,1.9500799096808966e-21,3.863532237604138e-22,1.48836821363498e-26,1.3480533362208282e-20,5.235103820252359e-25,9.47727650180971e-31,8.652741016945198e-28
TCN,43,3971,18,0,class_0,0,class_0,1,1.0,1.0,0.0,1.0948466926779085e-30,0.0,1.296533176026113e-36,2.9648392648491615e-40,0.0,4.344025239406933e-44,2.1592861441765993e-33,1.401298464324817e-45,0.0,2.813804513767304e-39
TCN,43,3972,18,0,class_0,0,class_0,1,1.0,1.0,3.499138115130859e-32,5.425318405467392e-18,1.178607968747691e-36,8.308317335340706e-28,7.955714609518011e-23,4.89547594163774e-35,3.2205341118956433e-24,1.5997984273481028e-18,1.740133364411379e-32,7.934631637854818e-35,1.3289494949923068e-24
TCN,43,3973,18,0,class_0,0,class_0,1,1.0,1.0,0.0,0.0,0.0,0.0,0.0,0.0,0.0,0.0,0.0,0.0,0.0
TCN,43,3974,18,0,class_0,0,class_0,1,1.0,1.0,0.0,0.0,0.0,0.0,0.0,0.0,0.0,0.0,0.0,0.0,0.0
TCN,43,3975,18,0,class_0,0,class_0,1,1.0,1.0,2.641727864945145e-41,2.3026976934777664e-27,0.0,1.2124767196528296e-30,1.1190085107421112e-28,1.3452465257518244e-43,5.496769541498408e-34,2.1116709615663158e-28,9.163090658219979e-42,1.401298464324817e-45,2.0157427086410496e-32
TCN,43,3976,18,0,class_0,0,class_0,1,1.0,1.0,0.0,8.127531093083939e-44,0.0,0.0,0.0,0.0,0.0,1.1210387714598537e-44,0.0,0.0,0.0
TCN,43,3977,18,0,class_0,0,class_0,1,1.0,1.0,1.5470643331808132e-38,1.907985947243303e-25,0.0,4.410923826531201e-32,1.384034579646097e-26,0.0,2.805541552559526e-31,6.628740883716007e-22,6.661352509860883e-41,3.7338998880399076e-41,2.0322034499092018e-32
TCN,43,3978,18,0,class_0,0,class_0,1,1.0,1.0,0.0,2.1117567857374993e-42,0.0,3.7044808739469064e-31,2.2468742436150297e-37,0.0,0.0,3.1749891929470256e-37,0.0,0.0,0.0
TCN,43,3979,18,0,class_0,0,class_0,1,1.0,1.0,0.0,7.011948405056132e-32,0.0,8.97625192171558e-33,3.2162715626527994e-33,0.0,1.1378543530317515e-42,1.2238295500535232e-29,5.044674471569341e-44,0.0,1.3928906735388682e-42
TCN,43,3980,18,0,class_0,0,class_0,1,1.0,1.0,3.464688032267681e-37,2.0131516137830405e-26,1.8497139729087585e-43,2.510494701121212e-28,9.17365571494712e-29,5.7803561653398704e-40,1.4277937798283964e-34,8.09665724926656e-27,1.025665635671542e-36,3.6433760072445244e-44,6.8813401681317484e-31
TCN,43,3981,18,0,class_0,0,class_0,1,1.0,1.0,2.534948921963594e-42,1.4586829694743651e-28,0.0,1.2607188571372257e-37,5.444584674675362e-31,0.0,2.1615019969456474e-34,5.781654019002126e-27,1.401298464324817e-45,0.0,5.35161141753521e-32
TCN,43,3982,18,0,class_0,0,class_0,1,1.0,1.0,7.938291138883751e-36,4.906130792219058e-28,4.203895392974451e-45,6.6452281986312325e-28,6.229150293445814e-28,4.2165070791533746e-42,9.722529846862968e-35,3.740988693293086e-25,2.4163443651896673e-37,6.4459729358941585e-43,8.265317940066723e-30
TCN,43,3983,18,0,class_0,0,class_0,1,1.0,1.0,0.0,1.1894501624881912e-39,0.0,1.5688666476627542e-34,1.3489617883702888e-38,0.0,0.0,2.9422984055404276e-34,0.0,0.0,1.401298464324817e-45
TCN,43,3984,18,0,class_0,0,class_0,1,0.9999980926513672,0.9999980926513672,5.871476259395467e-36,1.5254433448812935e-30,1.6253618848749623e-39,1.9345425243955106e-06,5.517994883690994e-28,4.120316571576016e-37,1.873564072771567e-39,1.7632332808458569e-28,7.762961437333794e-38,8.407790785948902e-45,6.656729121759628e-37
TCN,43,3985,18,0,class_0,0,class_0,1,0.9999997615814209,0.9999997615814209,1.4166650437377054e-13,1.443448971460981e-10,9.25522725916028e-16,2.784119033094612e-07,5.983604453932423e-13,3.738273579578788e-12,1.5061161656555679e-15,9.682377122288699e-11,2.74136019873944e-13,1.6260663012612623e-15,4.886997670281628e-15
TCN,43,3986,18,0,class_0,0,class_0,1,0.9999958276748657,0.9999958276748657,1.498523256437262e-14,2.7759950588235327e-11,1.472928250111842e-15,1.4665008052361372e-07,2.947550989634666e-14,4.307338448590603e-13,3.036305812353403e-14,4.0162431105272844e-06,1.0974984891156878e-13,2.9365412553862547e-14,7.16387517206039e-15
TCN,43,3987,18,0,class_0,0,class_0,1,1.0,1.0,2.341209166424717e-27,1.4573611311913451e-18,2.8399867108733663e-32,1.8010420612027867e-19,4.192204854431667e-24,3.88072979913732e-20,1.0896894773455967e-28,2.2944611389576406e-22,4.358270789695581e-32,3.4103928834185843e-34,2.717656834139931e-32
TCN,43,3988,18,0,class_0,0,class_0,1,0.9999935626983643,0.9999935626983643,1.9880352857101942e-14,6.380489594448591e-06,3.7906838663275626e-17,4.98629956768859e-12,4.891364548641197e-13,8.561837870624256e-12,1.8874161201448697e-16,6.41695491231456e-14,5.341128479709628e-19,1.044553176215593e-20,7.326942196357085e-17
TCN,43,3989,18,0,class_0,0,class_0,1,1.0,1.0,6.03265057707792e-25,3.999442495500897e-21,1.1434318302199934e-28,1.2457605780280545e-10,2.7233073840524046e-21,6.132664756834687e-22,5.261404874240735e-27,1.8021908082784697e-18,1.1653050210436875e-26,1.1209407625515409e-26,5.995767110888924e-30
TCN,43,3990,18,0,class_0,0,class_0,1,1.0,1.0,1.8006358379738407e-20,1.1980120339076544e-16,4.356027993049367e-24,7.639320287466944e-10,8.521858192493627e-17,4.283994448601426e-18,3.3630279883372107e-21,2.671416343005633e-15,3.3826055848733e-24,6.770216334418047e-22,6.2230112923700946e-24
TCN,43,3991,18,0,class_0,0,class_0,1,1.0,1.0,1.966839214094515e-34,2.0939942950542436e-25,1.7793898094766176e-39,2.0221192058272942e-25,5.69016965034181e-28,1.577470693773852e-36,5.049339290034998e-33,4.552036262169632e-24,1.315577424862604e-32,4.0916513859820334e-41,2.7078020350260553e-27
TCN,43,3992,18,0,class_0,0,class_0,1,0.9999996423721313,0.9999996423721313,3.2380057779809294e-21,2.3271157223447858e-10,8.754161089669737e-29,3.0844612855435364e-22,3.502255451794112e-13,3.623111979322857e-07,2.773361996883871e-24,9.23542707819663e-19,3.3205006981057775e-36,6.93047244657239e-30,4.2960759053161093e-23
TCN,43,3993,18,0,class_0,0,class_0,1,1.0,1.0,1.1516367746173876e-33,6.6994017306275085e-25,3.946818333487769e-37,4.002662764555529e-21,2.879924705271876e-26,1.56369915612944e-33,2.9397336366606967e-31,4.78628069825205e-23,2.630127761536177e-32,1.3341860769729086e-39,4.889395635819599e-26
TCN,43,3994,18,0,class_0,0,class_0,1,1.0,1.0,0.0,1.3423514655453047e-36,0.0,1.3721504753579358e-38,4.819137111484558e-35,0.0,1.1210387714598537e-44,1.9958622155340654e-34,0.0,0.0,1.9197788961249994e-43
TCN,43,3995,18,0,class_0,0,class_0,1,1.0,1.0,1.0051628577863587e-23,1.1310156506011762e-14,2.2836797130559258e-27,3.1539525765372778e-12,1.4442296885979025e-16,1.9212568063404164e-25,1.722676107342855e-18,7.4887372778637e-13,6.278764194618771e-23,2.695284883220074e-24,3.5539413835743746e-18
TCN,43,3996,18,0,class_0,0,class_0,1,1.0,1.0,8.104269538576147e-41,2.1184217522722407e-30,0.0,7.896533177178446e-33,2.2445241782906004e-32,4.7069615416670605e-42,1.6265076425513329e-37,1.4806192814482804e-29,6.974963106176777e-41,0.0,1.723906105708659e-32
TCN,43,3997,18,0,class_0,0,class_0,1,1.0,1.0,0.0,3.976958546023998e-35,0.0,5.597808561492613e-35,2.4280315306937677e-38,0.0,8.014025917473629e-42,1.614414537464523e-32,0.0,0.0,8.133094247987309e-40
TCN,43,3998,18,0,class_0,0,class_0,1,1.0,1.0,4.5173940760719064e-21,3.2593466814390126e-10,1.657794851828763e-17,5.058852184950053e-15,1.0301136594112745e-18,1.471878564531957e-15,3.882068133424461e-17,3.884749522098113e-17,1.9430416043320934e-20,4.5653630673168105e-29,1.1660762712879867e-15
TCN,43,3999,18,0,class_0,0,class_0,1,1.0,1.0,3.755417304376224e-24,2.390122605042122e-13,2.1500585409806878e-23,3.897629551416176e-19,2.465067372537353e-20,5.480284108846111e-22,2.623652914461765e-18,8.08950544469094e-17,8.062092818131426e-23,3.873847087428636e-30,1.1348689702378475e-17
TCN,43,4000,18,1,class_1,5,class_5,0,1.0,1.194531741556117e-36,1.5537791308558876e-28,5.5177528331254e-41,0.0,0.0,1.0,0.0,0.0,1.0663881313511858e-42,0.0,4.364206865936844e-26,0.0
TCN,43,4001,18,1,class_1,1,class_1,1,1.0,0.0,1.0,0.0,0.0,2.5223372357846707e-44,3.424576875800186e-34,0.0,1.948087768397411e-28,7.128685547713209e-37,4.9996045090612624e-39,1.53770375096037e-30,0.0
TCN,43,4002,18,1,class_1,1,class_1,1,0.9999977350234985,3.295299103034388e-11,0.9999977350234985,5.21988559960742e-14,8.910419624363897e-11,1.8928161580333835e-06,3.358102276251884e-07,3.2162361662813055e-09,5.546334875747294e-13,3.759172660655619e-12,2.949446797906319e-10,3.698930484824503e-12,2.159326862281874e-14
TCN,43,4003,18,1,class_1,1,class_1,1,1.0,8.500415780387927e-35,1.0,7.81354983650865e-36,2.1655666467675723e-41,2.6379503374283288e-28,6.22338995323825e-17,4.474432720148501e-36,1.2700886569900202e-29,6.452672549177837e-30,5.941054243547415e-31,1.0044302623852026e-24,2.28425765058992e-32
TCN,43,4004,18,1,class_1,1,class_1,1,0.9972931742668152,1.2761355305812572e-09,0.9972931742668152,3.719476637797925e-08,4.176486197978215e-18,9.329328420903948e-09,0.002706852275878191,3.6940905927740006e-14,8.585572710682675e-23,1.5338463938102502e-14,1.207808267462973e-13,2.2223787666777106e-15,7.5543859179145e-20
TCN,43,4005,18,1,class_1,1,class_1,1,0.999963641166687,2.4925049871282745e-11,0.999963641166687,1.0498614451005654e-15,4.018547071439529e-15,3.528874003677629e-05,1.0993536534442683e-06,2.47577549146406e-14,8.34375760393259e-18,1.640361676312073e-15,1.089475287763264e-09,4.719988505944017e-13,3.941734987113626e-17
TCN,43,4006,18,1,class_1,1,class_1,1,1.0,1.401298464324817e-44,1.0,1.1967088885333938e-42,1.983099369832445e-39,1.275283015453109e-22,7.89578176999084e-25,7.997967037072466e-40,3.1383783111163236e-32,3.867017796592829e-34,3.585276573199062e-24,2.335612671298531e-30,1.0243491774214413e-42
TCN,43,4007,18,1,class_1,1,class_1,1,1.0,7.331593565347443e-42,1.0,2.097743801094251e-42,0.0,8.020909654181833e-27,2.3048082891373814e-18,1.8048724220503644e-42,2.253287930634306e-42,1.0613274820771231e-38,1.3812988438193379e-31,2.6293765618712842e-31,0.0
TCN,43,4008,18,1,class_1,5,class_5,0,1.0,2.2088667693152091e-41,3.522872153569743e-24,5.5479241903607773e-39,0.0,0.0,1.0,0.0,0.0,0.0,0.0,2.203331188695413e-30,0.0
TCN,43,4009,18,1,class_1,5,class_5,0,1.0,1.0705943234900681e-16,1.8024943787987163e-13,3.80286588623404e-14,3.147316350873539e-42,4.2095050794471814e-27,1.0,4.550906395804522e-32,1.453990949610371e-25,5.796435055240839e-17,4.326914301563244e-31,3.500436711120097e-15,1.1776034241858413e-25
TCN,43,4010,18,1,class_1,1,class_1,1,1.0,3.769155115516154e-30,1.0,2.2317322742775096e-34,5.110535499392608e-42,3.548311512363892e-30,3.5247673668692414e-09,9.668959403841238e-44,8.088589456869224e-22,4.1924806717585687e-22,1.558937674026618e-29,1.1809756189466725e-13,1.5789894448155091e-34
TCN,43,4011,18,1,class_1,5,class_5,0,1.0,3.566785999222463e-20,2.54293197610167e-10,8.286638507889118e-20,0.0,1.0989741448662445e-27,1.0,2.1019476964872256e-44,2.88771707124133e-31,3.375170097525049e-23,2.5159595273384108e-28,4.6054539983063705e-14,4.905694250396992e-38
TCN,43,4012,18,1,class_1,1,class_1,1,1.0,0.0,1.0,0.0,0.0,3.1107402188771185e-38,4.700359622135865e-28,0.0,0.0,0.0,0.0,1.346633811231506e-40,0.0
TCN,43,4013,18,1,class_1,1,class_1,1,1.0,0.0,1.0,0.0,0.0,3.7453353803398152e-37,2.8048311629086556e-19,0.0,6.726232628759122e-44,1.2807867963928828e-42,8.632699189473036e-41,5.070859010014204e-34,0.0
TCN,43,4014,18,1,class_1,5,class_5,0,1.0,1.997041641592067e-35,1.558836909511365e-21,1.4264421980883393e-36,0.0,0.0,1.0,0.0,0.0,5.770406946243164e-41,0.0,9.468452898487186e-25,0.0
TCN,43,4015,18,1,class_1,5,class_5,0,1.0,0.0,1.7715114963334507e-33,9.276595833830289e-43,0.0,0.0,1.0,0.0,0.0,0.0,0.0,3.0150972539766606e-26,0.0
TCN,43,4016,18,1,class_1,5,class_5,0,1.0,3.508423754115901e-19,3.5784082538488707e-14,6.493621132603862e-20,0.0,5.047125662109179e-25,1.0,4.8134602249557466e-42,2.3923894546940952e-28,3.458672508387271e-26,8.238678440400535e-32,4.0034059339908844e-16,9.101265011241561e-35
TCN,43,4017,18,1,class_1,1,class_1,1,0.9931185245513916,3.5799935065028432e-12,0.9931185245513916,5.017751214531074e-10,1.5972833394591956e-20,7.431057158502341e-11,0.006881479639559984,2.194420860301971e-12,4.1227318270973653e-20,2.2121844286959735e-12,2.85470120995523e-18,5.436658610281919e-14,1.9421917556103352e-16
TCN,43,4018,18,1,class_1,5,class_5,0,1.0,3.0340060341706545e-27,4.5321371164622437e-20,8.228989243896368e-28,0.0,4.828395851412837e-34,1.0,0.0,8.05851982520481e-32,1.014137062471354e-30,3.745376522462728e-40,2.8462475432089462e-15,9.898772351990508e-41
TCN,43,4019,18,1,class_1,5,class_5,0,0.9911871552467346,2.2632184321080828e-11,0.008812354877591133,1.3409318100343626e-09,4.279563311075842e-24,1.0094813982126916e-13,0.9911871552467346,3.313097460170692e-19,1.7236408439553726e-16,2.705805544900297e-11,2.130956383098186e-15,4.29684632763383e-07,2.5671191314197366e-17
TCN,43,4020,18,1,class_1,1,class_1,1,1.0,0.0,1.0,0.0,0.0,0.0,8.530066501725022e-29,0.0,0.0,0.0,0.0,0.0,0.0
TCN,43,4021,18,1,class_1,1,class_1,1,0.8973135352134705,1.8162366162844072e-37,0.8973135352134705,1.796887325659427e-35,0.0,2.568340969965855e-28,0.10268650949001312,1.4615542982907842e-42,4.262588488274524e-32,9.166072652754657e-25,4.6646129837335693e-35,4.63150331075305e-15,1.9536898346729107e-35
TCN,43,4022,18,1,class_1,5,class_5,0,1.0,2.9367793127881536e-28,1.1514750199344281e-13,1.7567252506001564e-27,0.0,1.7995655644119121e-34,1.0,0.0,6.498465576367766e-39,4.5191684338944674e-29,2.4399408860823715e-41,9.297740306262611e-21,3.29529346870624e-41
TCN,43,4023,18,1,class_1,5,class_5,0,1.0,3.136339743986687e-27,8.859225335607512e-19,2.71656311556197e-21,0.0,4.105782079696285e-36,1.0,0.0,5.73813758752203e-31,1.875594862511014e-29,2.7927878393993604e-42,9.046057518637568e-20,4.931264041635967e-32
TCN,43,4024,18,1,class_1,5,class_5,0,1.0,1.468114715257448e-24,8.599125067337756e-16,8.801719997916767e-20,0.0,8.143164704869386e-31,1.0,6.724932223784229e-39,2.861818268037298e-36,2.0187768829044486e-30,1.2785320511118456e-37,4.122492111832019e-23,3.537635146165345e-37
TCN,43,4025,18,1,class_1,1,class_1,1,0.9999926090240479,2.8389402563703834e-22,0.9999926090240479,5.166128583713002e-24,1.0596423657428728e-35,3.49172375303028e-18,7.444090897479327e-06,3.5943784626494534e-27,2.624252796891111e-34,8.717827095266105e-25,3.607353003403853e-23,6.025744513689141e-20,3.7222818404054693e-34
TCN,43,4026,18,1,class_1,5,class_5,0,1.0,0.0,9.668994771505623e-12,0.0,0.0,0.0,1.0,0.0,0.0,0.0,0.0,7.503414729433586e-37,0.0
TCN,43,4027,18,1,class_1,5,class_5,0,1.0,7.623724706366283e-23,1.386185003587892e-11,9.5887150439332e-28,0.0,6.661690585121278e-31,1.0,2.6624670822171524e-44,6.38035283856022e-27,6.57950818506169e-24,1.6104852799881508e-38,2.91271760671178e-14,1.4640826808276922e-31
TCN,43,4028,18,1,class_1,5,class_5,0,0.7446635365486145,4.1863037836264994e-07,0.23773881793022156,1.1063784768339247e-06,5.265447908416043e-13,0.017593473196029663,0.7446635365486145,5.201293284962105e-10,2.963023923441277e-11,1.1748568340408383e-07,8.877965740339278e-08,2.4913799734349595e-06,5.834992862149835e-13
TCN,43,4029,18,1,class_1,1,class_1,1,1.0,8.3571807605909e-34,1.0,1.8048610792186452e-32,3.133040501471835e-34,4.756594284666773e-23,2.48413856439704e-18,4.257088714610275e-30,1.5167999759979774e-23,3.188977913075718e-26,1.0732131265153515e-20,5.711414750007997e-21,2.4616155094354892e-30
TCN,43,4030,18,1,class_1,1,class_1,1,0.9793815612792969,2.435547894225851e-25,0.9793815612792969,2.4893003235657166e-28,0.0,2.904677989512305e-26,0.020618412643671036,2.812406017899908e-42,7.978726680923818e-33,1.5965925535196158e-28,2.2817018319976446e-32,9.01593573663145e-19,1.7602692488763335e-36
TCN,43,4031,18,1,class_1,1,class_1,1,1.0,0.0,1.0,2.0038568039844884e-43,0.0,2.2650716358719817e-33,1.6479536235173072e-23,7.754785701573538e-42,5.642229390984233e-35,2.431733913697787e-35,5.249944086626941e-32,6.223469883445465e-29,5.86443407319936e-42
TCN,43,4032,18,1,class_1,1,class_1,1,0.999993085861206,1.401298464324817e-44,0.999993085861206,1.8414034882881723e-37,0.0,8.463572182889932e-34,6.876276074763155e-06,0.0,4.7826230312262155e-35,1.3798839482890271e-30,4.095027884808851e-34,6.597348547442246e-19,1.0852916476349276e-40
TCN,43,4033,18,1,class_1,1,class_1,1,1.0,0.0,1.0,0.0,2.3680879060256522e-39,5.184568615657655e-31,2.9448968780472485e-31,3.940933888872499e-38,2.250270991092553e-37,1.7673176232064593e-41,2.117221849748366e-40,1.2176386823965492e-39,0.0
TCN,43,4034,18,1,class_1,5,class_5,0,0.9999997615814209,8.201708734353243e-24,2.8669026619354554e-07,1.341369781494885e-19,0.0,9.562384538624115e-26,0.9999997615814209,9.98846248486247e-35,5.870563232752333e-30,1.8087019243214187e-22,1.135654232973484e-29,8.617512035040279e-16,1.0222922426468956e-25
TCN,43,4035,18,1,class_1,1,class_1,1,1.0,0.0,1.0,0.0,9.639532136090417e-42,2.214051573633211e-43,1.8315559314444454e-33,0.0,1.3173980728309543e-28,1.056548213534697e-39,3.0366137721918786e-42,6.881219616954292e-28,0.0
TCN,43,4036,18,1,class_1,1,class_1,1,1.0,0.0,1.0,0.0,0.0,0.0,1.211230334779989e-12,0.0,0.0,0.0,0.0,6.121238316690619e-36,0.0
TCN,43,4037,18,1,class_1,5,class_5,0,1.0,1.7401137581624265e-24,4.872328330184604e-16,2.2284739425606683e-19,0.0,1.5452406622120655e-32,1.0,3.4051552683093055e-43,3.649529211980994e-29,1.4794641002416934e-26,3.4657308785848315e-38,1.7285205519608485e-19,6.688777383897841e-33
TCN,43,4038,18,1,class_1,5,class_5,0,0.9999982118606567,2.9410804921329536e-27,1.7300692434218945e-06,5.444692699634553e-26,0.0,9.787663847929645e-29,0.9999982118606567,0.0,8.025951431784134e-33,1.5343641970132093e-26,1.3154445940009612e-32,9.347749726780052e-16,2.70098633313692e-36
TCN,43,4039,18,1,class_1,1,class_1,1,1.0,3.371056689002727e-13,1.0,6.773533365025095e-19,3.7430347822684906e-15,2.3701978157930625e-09,2.987204927862308e-10,1.6865847301118612e-14,3.60042408010402e-15,7.240122672398652e-13,2.1119538409775096e-12,2.454898229142799e-10,2.1461492160263922e-16
TCN,43,4040,18,2,class_2,2,class_2,1,1.0,3.9774824906401666e-16,3.215816748334325e-26,1.0,6.96371817427308e-27,2.436264064757181e-28,7.555613453709632e-27,5.262542343133773e-22,6.713475304999491e-24,5.845186307118081e-28,1.0158763663867477e-36,3.462042380767036e-39,3.259692854604236e-30
TCN,43,4041,18,2,class_2,2,class_2,1,1.0,2.4158565800472445e-29,1.231962619877394e-34,1.0,8.541456162305761e-38,5.605193857299268e-45,2.303034115729192e-32,2.5801898962457663e-33,1.371952746844707e-29,5.755394219223528e-37,0.0,2.802596928649634e-45,9.248368027342393e-34
TCN,43,4042,18,2,class_2,2,class_2,1,1.0,6.583181837689746e-29,0.0,1.0,0.0,0.0,1.401298464324817e-45,8.116248398368581e-38,4.0637655465419695e-44,0.0,0.0,0.0,0.0
TCN,43,4043,18,2,class_2,2,class_2,1,1.0,3.6013590256747005e-37,0.0,1.0,0.0,0.0,0.0,7.482933799494523e-43,1.179893306961496e-41,0.0,0.0,0.0,0.0
TCN,43,4044,18,2,class_2,2,class_2,1,1.0,5.937319386140061e-11,1.1558010343987627e-24,1.0,9.059852137436195e-24,4.25070364837114e-26,1.373206670802344e-18,4.753569892930351e-21,1.6673763950566944e-19,3.5216602465791864e-18,1.327989652337739e-27,1.1405404893723832e-26,5.004650712789306e-21
TCN,43,4045,18,2,class_2,2,class_2,1,1.0,5.503128187486382e-26,3.0502063672958293e-41,1.0,1.2695764086782843e-42,0.0,6.896583438392618e-38,2.307456288742787e-33,4.1001066632528765e-33,8.319946748336694e-38,0.0,0.0,1.3926699410047677e-37
TCN,43,4046,18,2,class_2,2,class_2,1,1.0,3.4215178971390926e-21,1.2475841132803567e-33,1.0,5.591412265102957e-33,1.1551026376328124e-35,6.010574816164968e-33,4.074251352795241e-28,6.775466803707989e-28,2.424421363542703e-31,2.382207389352189e-44,3.2229864679470793e-44,9.562202978492866e-34
TCN,43,4047,18,2,class_2,2,class_2,1,1.0,2.834875509054307e-26,0.0,1.0,0.0,0.0,1.8216880036222622e-44,1.6336337497098717e-41,9.388699710976274e-44,0.0,0.0,0.0,0.0
TCN,43,4048,18,2,class_2,2,class_2,1,1.0,3.8167204137020587e-34,1.401298464324817e-45,1.0,4.203895392974451e-45,0.0,3.407957865237955e-41,2.167080049109043e-40,1.176354390243807e-34,4.171629655054294e-37,0.0,0.0,3.735872916277677e-38
TCN,43,4049,18,2,class_2,2,class_2,1,1.0,5.8449566399722124e-30,1.2856752730347837e-33,1.0,1.605235035031865e-38,1.401298464324817e-45,1.4897895080111073e-32,1.5855444329425262e-34,6.983362733432836e-31,1.8840919720821007e-37,0.0,0.0,1.82992181062581e-33
TCN,43,4050,18,2,class_2,2,class_2,1,1.0,1.1089658159731943e-15,1.3009736407990337e-19,1.0,2.0037501666332074e-19,2.237035731288608e-25,1.1243739242843295e-21,1.0054970665974646e-22,2.9190229294837183e-19,5.166648058085421e-21,3.126466556661701e-31,6.9185055379228265e-31,1.0062974098661992e-25
TCN,43,4051,18,2,class_2,2,class_2,1,1.0,3.5011663029492143e-14,2.408495164224655e-29,1.0,4.1194884492081045e-31,1.706399697563261e-30,1.734979628932473e-21,6.884993416495008e-30,6.03547925972072e-26,1.3333912502748635e-26,1.915041117227505e-36,1.0635228201057028e-33,4.2456617178511296e-27
TCN,43,4052,18,2,class_2,2,class_2,1,1.0,7.155101530632333e-25,3.8324052229970407e-26,1.0,1.6754792213159725e-35,2.0118442052311399e-41,3.1094441554244785e-25,2.2488412272117434e-34,4.882505593908774e-31,1.9616408750180415e-32,1.4573504028978098e-43,1.4736054650839776e-40,1.339779945086385e-26
TCN,43,4053,18,2,class_2,2,class_2,1,1.0,3.4333032950881096e-18,1.380367492181962e-22,1.0,1.6256740764205637e-25,1.0970588225828791e-29,4.8768056622913045e-25,6.527602123574279e-26,1.1825028755795312e-22,3.8810878016104924e-26,1.8428375031480034e-35,8.750426869719926e-36,3.28066638216189e-28
TCN,43,4054,18,2,class_2,2,class_2,1,1.0,1.2991234291452742e-27,5.484495727436893e-34,1.0,9.484471454520554e-39,1.401298464324817e-45,1.1013335142548633e-33,1.651638783910543e-34,2.5271506360475047e-32,6.533270018689772e-37,0.0,0.0,8.304771161288495e-35
TCN,43,4055,18,2,class_2,2,class_2,1,1.0,7.057546612914679e-23,8.717241012635834e-29,1.0,1.1810498105926706e-32,9.175927448984211e-37,1.4387974682030866e-30,2.0498217225051278e-33,1.4436260491691457e-28,3.599890173223736e-29,2.7311307069690685e-42,7.019104007803009e-42,1.846863054724904e-35
TCN,43,4056,18,2,class_2,2,class_2,1,1.0,0.0,0.0,1.0,0.0,0.0,0.0,0.0,0.0,0.0,0.0,0.0,0.0
TCN,43,4057,18,2,class_2,2,class_2,1,1.0,8.05497107816272e-13,3.388354755002302e-30,1.0,4.4404287020110775e-27,8.268400227313901e-32,2.322331026759247e-22,9.260347447385357e-24,2.30633525000787e-21,9.029518455879876e-18,3.5947234382679734e-33,1.6082570159362717e-30,7.194435121442784e-24
TCN,43,4058,18,2,class_2,2,class_2,1,1.0,3.961028680218332e-21,1.512829323517638e-24,1.0,1.651031882385293e-29,2.7480442447294502e-33,3.2464850718794727e-25,3.713600459554823e-27,8.919014236229146e-25,2.7844126152447386e-29,1.608480061122059e-35,1.294521090797546e-37,3.5482745886757395e-28
TCN,43,4059,18,2,class_2,2,class_2,1,1.0,5.548535514228969e-25,3.2461186545806448e-37,1.0,1.5267339139072064e-36,1.056579042100912e-42,7.414300218581682e-37,5.500269507051359e-35,2.8651228943241747e-32,2.1018885056400925e-37,0.0,0.0,1.2372764790755972e-40
TCN,43,4060,18,2,class_2,2,class_2,1,1.0,9.222031992217605e-12,1.0269385258708287e-35,1.0,1.2498195016297687e-39,1.4598727401335944e-41,8.791983866661045e-36,5.0116429739047934e-21,6.324398953685769e-35,2.598922400755415e-38,0.0,0.0,7.254283929070643e-40
TCN,43,4061,18,2,class_2,2,class_2,1,1.0,2.7645550779165085e-12,5.732042444861474e-13,1.0,1.4131979748307512e-16,7.579398437921426e-20,8.334525738900905e-16,5.7118591463297424e-18,1.9242517566061667e-15,8.63297369505012e-17,1.8835018100177837e-23,1.0720944712646501e-23,5.794218211199197e-19
TCN,43,4062,18,2,class_2,2,class_2,1,1.0,2.5305039828975465e-20,2.5789406200820715e-25,1.0,4.420626356902888e-32,1.3117176156932822e-34,1.8565567768250014e-25,1.3496480104909616e-28,3.6545479807860105e-27,1.6888370596455915e-30,2.421242519893807e-38,2.9270182192970346e-40,1.9644071658738316e-29
TCN,43,4063,18,2,class_2,2,class_2,1,1.0,2.2058586232744719e-26,1.8631993686801884e-38,1.0,1.0134135843356968e-38,1.3158192580010032e-42,1.4391363254585158e-39,5.4670982273737304e-33,1.267472375670316e-33,1.3733550315178695e-38,0.0,0.0,4.344025239406933e-43
TCN,43,4064,18,2,class_2,2,class_2,1,1.0,1.2316684046616427e-31,0.0,1.0,0.0,0.0,0.0,2.0276987909876417e-30,0.0,0.0,0.0,0.0,0.0
TCN,43,4065,18,2,class_2,2,class_2,1,1.0,7.036600477861992e-17,2.5861214729908786e-26,1.0,6.845762373991117e-30,3.148752989157811e-31,4.802660995588131e-26,2.0726425716415565e-23,9.396278436546705e-24,3.927437940394335e-25,3.677387874437643e-33,1.599942409204824e-36,9.407203272615498e-27
TCN,43,4066,18,2,class_2,2,class_2,1,1.0,1.9804985962043142e-32,0.0,1.0,0.0,0.0,0.0,1.7863396963535015e-32,0.0,0.0,0.0,0.0,0.0
TCN,43,4067,18,2,class_2,6,class_6,0,0.7292777299880981,0.27072229981422424,3.075652343288084e-28,9.696330042596561e-15,1.70691032921093e-19,1.8676413449997573e-21,4.773012921875443e-28,0.7292777299880981,9.313368171414438e-19,1.0733956184417217e-23,1.8987987914816695e-27,2.4218638220017253e-36,9.177865647320595e-19
TCN,43,4068,18,2,class_2,2,class_2,1,1.0,4.466373070553839e-33,6.712219644115874e-43,1.0,1.0930128021733573e-43,0.0,1.4111075535750908e-42,1.4540797722820756e-39,3.1350562224533456e-37,1.5694542800437951e-43,0.0,0.0,0.0
TCN,43,4069,18,2,class_2,2,class_2,1,1.0,1.4320135214491851e-22,9.540039945123355e-41,1.0,5.488168059427188e-38,2.7325320054333933e-43,1.0625749528890776e-31,2.995344195242466e-34,4.086789487752411e-32,1.762994000872693e-36,0.0,0.0,1.2611686178923354e-44
TCN,43,4070,18,2,class_2,2,class_2,1,1.0,8.745018339111866e-29,0.0,1.0,0.0,0.0,5.6430289158360383e-42,1.0017662958398346e-33,4.910149818994159e-42,0.0,0.0,0.0,0.0
TCN,43,4071,18,2,class_2,2,class_2,1,1.0,1.1972975370080222e-19,1.6325684692827818e-22,1.0,5.578879788505394e-27,1.4690232835841983e-30,3.1676307330088066e-24,3.563930665786658e-27,3.1325217211154765e-22,4.78539985616528e-25,1.585109017896367e-34,1.3383091346188055e-33,1.0432295470734143e-28
TCN,43,4072,18,2,class_2,2,class_2,1,1.0,1.4993893568275543e-43,0.0,1.0,0.0,0.0,0.0,0.0,0.0,0.0,0.0,0.0,0.0
TCN,43,4073,18,2,class_2,2,class_2,1,1.0,5.173759641194375e-13,9.607958559779326e-31,1.0,3.4600976965461177e-26,4.0639092895498135e-30,2.476903840407363e-22,9.701350275687849e-25,1.1029121113880142e-22,7.238863767624832e-25,2.3990669716958666e-38,5.716732730904438e-36,2.6399986814736197e-32
TCN,43,4074,18,2,class_2,2,class_2,1,1.0,3.814997223311617e-22,1.6831962750945762e-38,1.0,9.492115537643446e-41,8.744102417386859e-43,4.8373025170077196e-33,2.4702672889168634e-32,1.417150410594276e-30,7.119436783989673e-32,4.484155085839415e-44,2.1019476964872256e-44,4.1255501007231807e-35
TCN,43,4075,18,2,class_2,2,class_2,1,1.0,1.7884975683298002e-21,1.7194567728393135e-28,1.0,8.030445140975816e-31,1.1208421287037054e-34,2.0662674520168783e-27,1.5977235558794572e-27,1.4034254586237699e-24,1.0949861217304019e-27,2.5959726226464604e-36,3.33661338836797e-37,4.401064090247012e-29
TCN,43,4076,18,2,class_2,2,class_2,1,1.0,7.554435863104436e-26,5.214603380292916e-29,1.0,2.1038842725762993e-31,4.007333575825452e-38,2.830425827570953e-32,8.479244093980286e-33,7.242443185463673e-28,3.7897394204373294e-32,0.0,1.5414283107572988e-44,1.12342276354293e-35
TCN,43,4077,18,2,class_2,2,class_2,1,1.0,6.186194351966201e-28,1.4743938197260978e-33,1.0,3.6846696945990024e-36,6.102654812134578e-42,1.977675058773639e-32,1.1687465540710868e-33,7.973189876836529e-29,1.4699011354185527e-33,7.006492321624085e-44,8.828180325246348e-44,9.637672700469282e-35
TCN,43,4078,18,2,class_2,2,class_2,1,1.0,6.3890882897217255e-37,0.0,1.0,0.0,0.0,1.6815581571897805e-43,5.026457591533119e-42,2.5070748534306306e-38,1.3420235392838773e-41,0.0,0.0,1.8357009882655104e-43
TCN,43,4079,18,2,class_2,2,class_2,1,1.0,1.5714821005358322e-14,9.024813333441666e-15,1.0,1.981251047842221e-20,3.9640043392834726e-22,6.5491785116508326e-18,4.032950095775257e-20,7.635589256371854e-18,3.460768586557014e-20,4.154187379433964e-25,3.223454562789177e-27,2.8400012427334695e-22
TCN,43,4080,18,3,class_3,3,class_3,1,1.0,1.5024469156028463e-26,3.2987211478424974e-30,8.735969562274378e-32,1.0,6.017100294534409e-22,2.0967614908707595e-39,9.500524824311574e-14,1.9519877765347952e-26,3.7881742680763088e-34,3.119966306119733e-28,4.583297512709781e-38,1.5846721672662256e-21
TCN,43,4081,18,3,class_3,6,class_6,0,1.0,2.9063390174995286e-23,3.54559452144271e-36,1.4549121498118285e-32,9.131954813034301e-24,8.377042353952774e-32,7.367666799350987e-37,1.0,2.1889914603937295e-35,3.431779939131477e-42,0.0,0.0,5.804738558371823e-30
TCN,43,4082,18,3,class_3,3,class_3,1,1.0,3.0647527285547066e-33,1.294660664608748e-35,4.273960316190692e-42,1.0,1.7999317000987517e-24,0.0,4.2702454438355525e-23,1.8990240955172378e-34,3.651324396341929e-37,7.40568828163084e-27,5.465064010866787e-44,7.285324519498728e-24
TCN,43,4083,18,3,class_3,3,class_3,1,1.0,1.401298464324817e-45,7.230700075916056e-43,0.0,1.0,1.5576675384950275e-34,0.0,6.257410336206814e-31,2.62393137444822e-41,0.0,3.4603664278037033e-41,0.0,3.994696386014478e-38
TCN,43,4084,18,3,class_3,6,class_6,0,0.9999955892562866,9.293856351177965e-09,3.292864493140674e-20,1.5300579510243562e-19,3.2428756640001666e-06,1.2103419066988863e-06,8.533068352432841e-26,0.9999955892562866,8.682448616376161e-23,1.5408364001471193e-25,8.670305838234275e-22,1.6157365002481678e-34,3.726029382378402e-19
TCN,43,4085,18,3,class_3,3,class_3,1,0.9999879598617554,8.211819252205727e-16,4.825220778421706e-21,1.9446132151842015e-19,0.9999879598617554,2.3064815150435373e-15,8.936236672163834e-26,1.201668146677548e-05,8.628152948478707e-19,2.4246944932098115e-26,1.1637867719499282e-23,2.543409227552146e-30,3.3480857653369125e-15
TCN,43,4086,18,3,class_3,3,class_3,1,1.0,2.65568381687542e-33,1.4952635754161751e-36,2.8852735380447983e-41,1.0,2.1001039226168232e-27,0.0,5.338917710275609e-21,1.1094004911741751e-32,8.326069862106408e-39,7.38665697768583e-31,4.624284932271896e-44,1.3865672052563574e-24
TCN,43,4087,18,3,class_3,3,class_3,1,1.0,1.5608623576531198e-33,1.3423162559595707e-35,7.08578619652637e-39,1.0,2.1285749449846997e-27,0.0,1.3241959610146357e-19,1.2070074735768717e-31,2.916065670499872e-39,2.6660167795611325e-33,1.8216880036222622e-44,9.656848474982794e-27
TCN,43,4088,18,3,class_3,3,class_3,1,1.0,0.0,3.7057337889069787e-41,0.0,1.0,1.5377307410453488e-33,0.0,3.0459442532348937e-31,4.133026124439688e-38,5.324934164434305e-44,6.914797879048474e-35,0.0,2.8152520322117606e-33
TCN,43,4089,18,3,class_3,3,class_3,1,1.0,7.410854087323924e-21,7.294744085700843e-26,4.340467021440591e-25,1.0,9.548382978890854e-20,1.0143526628289743e-32,6.316281941920465e-10,2.111758984311635e-21,4.4307453790290037e-29,9.347932701539783e-26,9.444167733635961e-34,7.283207006701814e-18
TCN,43,4090,18,3,class_3,3,class_3,1,1.0,1.0773891887180274e-27,1.2407603832675127e-31,4.084495730931972e-33,1.0,3.1228560924337293e-23,1.7100045160155743e-41,1.5178132671406761e-15,2.3758281423610663e-28,1.7516515996323673e-36,4.52460000772747e-30,6.28286179464675e-41,9.313092659660697e-25
TCN,43,4091,18,3,class_3,3,class_3,1,1.0,0.0,0.0,0.0,1.0,0.0,0.0,0.0,0.0,0.0,0.0,0.0,0.0
TCN,43,4092,18,3,class_3,3,class_3,1,1.0,4.192253900512706e-31,1.6340289831391376e-34,1.0277952506049089e-38,1.0,8.020210156426031e-26,0.0,6.119640328600419e-17,2.570752354626849e-30,5.63557400800583e-38,2.2040782388652475e-31,8.179379136263957e-42,5.720436213807202e-23
TCN,43,4093,18,3,class_3,3,class_3,1,1.0,5.552479522932235e-23,1.041770655140541e-27,1.9519856098636077e-28,1.0,1.1363537129084707e-19,5.4207594824214726e-36,1.2485383386884319e-11,4.655380294804819e-25,1.4876834335574565e-31,1.9043493600999924e-26,1.0273181365037756e-36,2.4361997385115327e-20
TCN,43,4094,18,3,class_3,3,class_3,1,1.0,4.421089569979762e-36,9.668732393490017e-39,0.0,1.0,7.509875452499313e-25,0.0,2.1169570499290957e-25,1.4204027866784966e-38,1.1000122880026598e-39,1.0008100974539347e-28,0.0,2.028973914055599e-24
TCN,43,4095,18,3,class_3,6,class_6,0,0.9994561076164246,5.339237385548756e-11,3.402485647391681e-18,2.5347251835326084e-16,0.00054390006698668,2.3638868437030926e-15,1.347494080539592e-21,0.9994561076164246,2.3708561381488723e-17,4.8832216060841254e-23,6.303801693117399e-24,3.158744409021156e-30,1.0351239823787588e-14
TCN,43,4096,18,3,class_3,3,class_3,1,1.0,1.2772587775639343e-31,1.0792421697399517e-31,5.590732457147436e-40,1.0,5.0607202006964655e-24,0.0,2.7702692708603957e-21,2.697345535430745e-29,3.0177608827982227e-30,4.759044171094027e-23,1.294279798412377e-36,1.6928336021910498e-18
TCN,43,4097,18,3,class_3,3,class_3,1,1.0,4.696738392357931e-28,3.681124506492678e-31,1.3440700671282924e-33,1.0,1.4997285132494063e-24,1.1140322791382296e-42,6.459265467991421e-17,2.6876947101090703e-26,3.178970555507316e-33,2.2983096546924745e-27,7.249703925169844e-38,3.9798837937612095e-22
TCN,43,4098,18,3,class_3,3,class_3,1,1.0,9.81672024391474e-32,7.071112798974544e-35,8.888814509797682e-40,1.0,1.647760901023339e-28,0.0,8.33736665142364e-21,1.2438936399497425e-30,3.818551857433486e-36,8.42759201997175e-31,1.0491521602399905e-41,1.309330883211172e-22
TCN,43,4099,18,3,class_3,3,class_3,1,1.0,1.471363387541058e-43,2.0879347118439774e-42,0.0,1.0,2.212977708173254e-36,0.0,4.661799476575785e-31,1.5930240753721877e-36,1.3592595103950726e-43,2.7846986478322604e-37,0.0,3.9057621822314277e-31
TCN,43,4100,18,3,class_3,3,class_3,1,1.0,7.779304064306816e-32,1.1789894246657004e-30,1.09824832228538e-36,1.0,4.595544581694011e-19,1.4153114489680652e-43,6.701426099562117e-16,7.794776508699515e-33,1.5095522817873414e-35,3.187007917854203e-26,7.109627888598392e-41,2.684267730703848e-22
TCN,43,4101,18,3,class_3,3,class_3,1,1.0,7.154838933835859e-37,1.4444084856017448e-35,1.0229478789571165e-43,1.0,8.609897015814112e-22,0.0,1.3333439606273935e-21,6.18575181106904e-41,1.5419888301430287e-41,5.177651066501936e-31,0.0,1.0196786016379666e-26
TCN,43,4102,18,3,class_3,3,class_3,1,1.0,0.0,0.0,0.0,1.0,8.136645698815293e-38,0.0,5.286692859383378e-35,1.7376100957627732e-43,0.0,1.9509703986424055e-39,0.0,2.3701245644240896e-36
TCN,43,4103,18,3,class_3,3,class_3,1,1.0,1.5255754035471753e-21,2.414684613764154e-23,3.6394985330889753e-25,1.0,1.1858227268708526e-15,2.1099213294434784e-30,3.5957274935327632e-09,7.969903882174657e-22,2.1108182560834383e-27,4.47941677223808e-22,1.840685162935661e-30,7.362796174572073e-17
TCN,43,4104,18,3,class_3,3,class_3,1,1.0,0.0,0.0,0.0,1.0,4.203895392974451e-45,0.0,0.0,0.0,0.0,0.0,0.0,0.0
TCN,43,4105,18,3,class_3,3,class_3,1,1.0,0.0,2.7073086330755466e-41,0.0,1.0,9.634828396563729e-23,0.0,3.1044194548154185e-32,0.0,0.0,2.0970922533602787e-36,0.0,1.3598899826001416e-37
TCN,43,4106,18,3,class_3,3,class_3,1,1.0,3.1795875522882532e-34,1.3010968979597956e-35,1.0951567888237743e-40,1.0,1.2322838601731081e-24,0.0,2.9193457884165554e-19,3.6310327425890394e-36,8.854244476682789e-41,1.767388082555957e-32,0.0,8.011403263976337e-26
TCN,43,4107,18,3,class_3,3,class_3,1,1.0,1.099598904955684e-40,5.122548102452063e-37,0.0,1.0,2.7810756760303484e-24,0.0,1.530316939975997e-25,1.8767450202855843e-39,1.1210387714598537e-43,5.6436130304870976e-33,0.0,1.1116808062167123e-30
TCN,43,4108,18,3,class_3,6,class_6,0,1.0,4.322948244802926e-19,6.623607859538818e-30,1.2091190425216881e-22,2.586481173010892e-15,6.020420767856666e-25,5.3952772005566745e-30,1.0,5.567557021413724e-24,3.1850017139642476e-34,2.1388850271758106e-37,1.131882299236492e-38,2.0386740632905586e-22
TCN,43,4109,18,3,class_3,3,class_3,1,1.0,2.342952633766173e-26,2.3033774049996912e-24,4.222293790891084e-33,1.0,9.355022182258588e-13,4.472224430714153e-39,2.8533231270547166e-16,2.1203017277225955e-26,2.6889677343948707e-25,9.916120745788508e-17,6.496013119932203e-31,4.799807817695304e-17
TCN,43,4110,18,3,class_3,3,class_3,1,1.0,0.0,1.401298464324817e-45,0.0,1.0,1.0614834522013964e-34,0.0,3.2210141533859094e-31,3.196361797124908e-42,0.0,1.6316461479680734e-38,0.0,1.3468562872051038e-34
TCN,43,4111,18,3,class_3,3,class_3,1,1.0,2.6624670822171524e-44,8.295686908802917e-43,0.0,1.0,3.095489885447794e-33,0.0,2.841280511677633e-29,1.004193180570286e-38,8.407790785948902e-45,1.2332079379038888e-35,0.0,4.938756054880933e-32
TCN,43,4112,18,3,class_3,3,class_3,1,1.0,1.5938955856211493e-33,2.1543095419055993e-32,3.321455711035184e-40,1.0,5.191125414854245e-21,0.0,3.5948861001127135e-19,7.3032343623535595e-34,1.431062604226462e-38,1.3723984190709004e-28,6.670180690186129e-43,3.2165652417479116e-26
TCN,43,4113,18,3,class_3,3,class_3,1,1.0,1.01391230645915e-39,2.4411821562620704e-38,0.0,1.0,2.3225768989261865e-24,0.0,5.674521854729653e-27,7.603049964947886e-37,7.747473165667305e-38,6.193439820787607e-29,1.401298464324817e-44,8.124124497827584e-21
TCN,43,4114,18,3,class_3,3,class_3,1,1.0,1.4629958378642359e-21,1.3096499143384615e-23,5.949282277499966e-25,1.0,9.647256341764436e-16,9.199789305354601e-31,5.188681928558481e-09,4.199153299057035e-23,4.8964645498281785e-28,2.226838972420137e-22,7.216229339825082e-32,4.9846357007421127e-17
TCN,43,4115,18,3,class_3,6,class_6,0,0.999985933303833,9.811299260512931e-18,4.9619177389002494e-23,2.8717186512944414e-21,1.4068752534512896e-05,1.2909069313264216e-16,1.671417975598744e-24,0.999985933303833,4.075885515353965e-22,1.0578361825126077e-31,1.121016770430039e-30,1.9634718485287693e-30,1.9132646209320902e-18
TCN,43,4116,18,3,class_3,3,class_3,1,1.0,1.931299629665182e-27,1.0637080805427053e-28,3.087601657138204e-32,1.0,2.0744017630146355e-20,6.663493693914371e-39,1.8942284196808538e-14,7.501106554795562e-27,6.408894842196443e-34,1.8472871373357097e-26,3.6669019026946266e-37,1.3318130403567364e-22
TCN,43,4117,18,3,class_3,3,class_3,1,0.9999977350234985,6.238727288002024e-18,1.6846963978997862e-22,4.0617756967676924e-23,0.9999977350234985,1.8462787739213825e-15,2.6874910333878016e-28,2.282373088746681e-06,1.166044714761208e-19,7.125144229607774e-27,3.518115467461667e-21,9.89335730341321e-31,8.33925417327401e-14
TCN,43,4118,18,3,class_3,3,class_3,1,1.0,0.0,0.0,0.0,1.0,0.0,0.0,0.0,0.0,0.0,0.0,0.0,0.0
TCN,43,4119,18,3,class_3,3,class_3,1,1.0,4.842446251846121e-36,5.00179045170874e-35,1.9506074623401454e-42,1.0,2.2361420406298444e-23,0.0,9.750753361986806e-21,4.2195847700282303e-35,5.55174833386992e-40,7.604324489141718e-30,1.401298464324817e-44,3.1457939414906894e-27
TCN,43,4120,18,4,class_4,4,class_4,1,1.0,2.423251470697969e-35,2.6081894987118374e-30,0.0,4.22213731789931e-31,1.0,1.401298464324817e-45,3.179968476742767e-31,0.0,0.0,3.1739970736342837e-40,0.0,0.0
TCN,43,4121,18,4,class_4,1,class_1,0,0.8903955817222595,1.6790898671459331e-09,0.8903955817222595,1.7876460728372123e-11,5.166673755496731e-10,0.10770570486783981,0.00024374242639169097,8.902458326076612e-09,1.1761879664673458e-11,2.745383653746103e-07,0.0016546262195333838,2.1595470300894704e-08,1.0306867338771841e-11
TCN,43,4122,18,4,class_4,4,class_4,1,1.0,8.348776935889561e-17,1.3784465952850714e-15,8.778202864370043e-30,2.793094083939639e-21,1.0,1.6491359682420524e-23,4.7349062895717126e-23,1.879392995475395e-34,6.873206227671357e-24,5.476652975788492e-20,1.5375797598162452e-31,1.127509685887258e-28
TCN,43,4123,18,4,class_4,4,class_4,1,0.9999998807907104,3.8626592337059657e-16,1.1703110658345395e-07,1.1470065295304711e-26,2.1160682140244725e-18,0.9999998807907104,6.849646409768677e-17,4.022506113361163e-18,8.541721989007211e-29,4.890337825646816e-22,9.663857848717441e-14,4.524958611597921e-24,1.8891104008964296e-27
TCN,43,4124,18,4,class_4,4,class_4,1,1.0,1.3614371572646684e-14,2.3595388880595647e-13,3.8381689655525087e-19,8.297790406175398e-12,1.0,6.533102204747076e-20,3.759781928066447e-13,3.0755298418176694e-24,4.804125410979616e-19,8.473270794452344e-16,6.870033429110558e-24,2.7056818332926154e-22
TCN,43,4125,18,4,class_4,4,class_4,1,1.0,1.617504103736261e-38,2.1583800951715046e-33,0.0,1.3734115999862668e-32,1.0,0.0,2.3993359290758377e-35,0.0,0.0,1.0930128021733573e-43,0.0,0.0
TCN,43,4126,18,4,class_4,4,class_4,1,0.9999969005584717,4.50428192669077e-15,3.1095325994101586e-06,2.356554019921708e-17,4.1919760995767774e-09,0.9999969005584717,3.9063797498389147e-14,1.0331133865060238e-10,6.978989002558899e-19,2.744151962158866e-16,8.14192624432053e-09,3.721038236600803e-17,4.734465494292714e-20
TCN,43,4127,18,4,class_4,4,class_4,1,1.0,1.6624960849784393e-22,3.568319413820714e-15,1.145551424034173e-32,1.25435308413353e-22,1.0,8.003186784610395e-26,9.225934179255996e-24,1.4012449235130921e-36,4.146276272751479e-30,1.478486955682083e-20,3.0475349321904264e-32,5.432896576388083e-34
TCN,43,4128,18,4,class_4,4,class_4,1,0.9998738765716553,1.703252475041342e-14,0.00012605304073076695,1.9694748522775187e-18,1.5786302592233145e-16,0.9998738765716553,2.313539138043552e-09,7.928862999266202e-17,1.7824539345409465e-23,1.6785284515197598e-15,7.842557159243313e-10,1.4311983514021912e-16,6.757053085809167e-23
TCN,43,4129,18,4,class_4,4,class_4,1,0.9999111890792847,1.6768501616138938e-15,1.759844167281699e-06,1.9680228142603643e-19,8.839254333906435e-14,0.9999111890792847,2.9548569537365954e-13,9.91502209111636e-15,6.396836982162162e-22,6.703193230518656e-13,8.702486229594797e-05,4.698736127424887e-15,1.711033598382308e-21
TCN,43,4130,18,4,class_4,4,class_4,1,1.0,4.392616218334014e-34,1.4528615528140648e-30,0.0,1.4318066825006307e-36,1.0,1.961817850054744e-43,1.6834732277230654e-37,0.0,0.0,1.502425970599746e-39,0.0,0.0
TCN,43,4131,18,4,class_4,4,class_4,1,1.0,4.870251028862737e-22,1.5078544523671296e-20,4.612287014820347e-39,4.715326328030629e-25,1.0,3.992549071211959e-30,1.1255512847640084e-26,1.555441295400547e-43,7.674958369520199e-32,6.854510224217619e-24,4.847834076285634e-40,1.6828658372578852e-34
TCN,43,4132,18,4,class_4,4,class_4,1,1.0,3.627985187063365e-22,5.451839804087759e-23,1.0723513336933552e-32,1.0003730521420378e-24,1.0,1.9648397477949342e-31,2.8034960397290545e-25,2.8320241964004553e-41,3.6854363373209293e-32,1.5726016101290735e-24,9.865141188846712e-41,3.235969711216415e-36
TCN,43,4133,18,4,class_4,4,class_4,1,0.999107301235199,2.207075340265874e-06,0.0005971079226583242,2.7100540478386392e-08,0.00014918175293132663,0.999107301235199,2.7461561558084213e-07,2.0028714061481878e-05,1.4878177856392227e-10,1.4352696098285378e-07,0.0001236076350323856,1.6886813725136562e-08,1.0762750690673784e-09
TCN,43,4134,18,4,class_4,4,class_4,1,1.0,5.1856037419273834e-21,1.563747724903934e-17,3.3541801925492855e-33,2.17419153156539e-23,1.0,4.0366320668950276e-26,1.559019653873225e-23,2.8900197359434665e-39,2.7153426285373146e-27,7.425626208282672e-21,2.8068819872496623e-37,1.258301227519918e-31
TCN,43,4135,18,4,class_4,4,class_4,1,1.0,2.1352651929827667e-37,6.826323447255495e-33,0.0,1.0472702164024023e-39,1.0,0.0,1.5572349574348827e-40,0.0,0.0,4.6523109015583927e-42,0.0,0.0
TCN,43,4136,18,4,class_4,4,class_4,1,1.0,0.0,3.245201360247299e-30,0.0,0.0,1.0,0.0,0.0,0.0,0.0,0.0,0.0,0.0
TCN,43,4137,18,4,class_4,4,class_4,1,1.0,3.654586394959123e-42,4.28797330083394e-43,0.0,3.2229864679470793e-44,1.0,0.0,9.80908925027372e-45,0.0,0.0,0.0,0.0,0.0
TCN,43,4138,18,4,class_4,4,class_4,1,1.0,1.7374849926024212e-19,2.3110909326848748e-21,1.0770634567883863e-29,6.479874658301824e-24,1.0,6.75178499133282e-27,8.665937599857704e-24,2.47191309121061e-35,3.468119117727293e-26,3.626613515721367e-23,3.1863142727930857e-34,1.3399132252301971e-33
TCN,43,4139,18,4,class_4,4,class_4,1,1.0,1.3580767225219508e-28,4.77780941188334e-26,0.0,4.633201394400395e-39,1.0,1.3367408010188008e-36,1.1497653899785124e-41,0.0,7.945362292721713e-43,3.191712176716401e-36,0.0,0.0
TCN,43,4140,18,4,class_4,4,class_4,1,0.9999997615814209,1.9854745932758256e-18,2.2654357678675296e-07,1.0221357800982136e-26,1.9923751437187463e-14,0.9999997615814209,3.4350559357097447e-19,3.1419368983374107e-16,4.743599777460806e-31,3.478408778575204e-21,5.55694596240941e-13,2.710014235197376e-26,3.564217167125185e-26
TCN,43,4141,18,4,class_4,4,class_4,1,1.0,1.4512656207138296e-16,1.4651513441615686e-14,1.1666716362803214e-24,1.0298923850239963e-13,1.0,1.6114816493063724e-22,1.3001893398728592e-12,1.4004278016284046e-28,1.1300439369823915e-24,3.576077887064333e-20,6.347621346191743e-29,1.2028153694128983e-24
TCN,43,4142,18,4,class_4,4,class_4,1,1.0,2.2879188004193187e-26,1.5396735637537672e-18,1.401298464324817e-45,1.838480374308508e-24,1.0,2.621750509209546e-34,1.059827813187251e-28,2.6749946904882163e-40,3.893429310412502e-39,1.523940517671564e-29,8.688050478813866e-44,1.9408125753058595e-34
TCN,43,4143,18,4,class_4,4,class_4,1,1.0,3.282446836987928e-26,5.818730890807627e-29,0.0,5.70817244297233e-35,1.0,2.0884045672190655e-38,2.3542573278429858e-35,0.0,7.875297369505472e-43,1.1606198703039479e-34,0.0,2.7465449900766415e-43
TCN,43,4144,18,4,class_4,4,class_4,1,1.0,7.361291616417645e-14,1.1889272118897898e-12,7.7832757835429e-26,5.065137821765703e-26,1.0,7.683047288179205e-16,1.942926347020675e-24,4.691239140142976e-29,2.6002520229091155e-15,1.5976350315817408e-16,1.5985117465610576e-25,8.261480645023153e-28
TCN,43,4145,18,4,class_4,4,class_4,1,1.0,6.939804626303283e-25,6.272256029041825e-22,1.0142931367822802e-35,3.87255063564951e-28,1.0,3.329746299382168e-30,1.014382390587399e-27,3.6433760072445244e-44,9.400144000829728e-33,6.190936111859904e-29,4.3706499102291044e-42,8.032957459726657e-40
TCN,43,4146,18,4,class_4,4,class_4,1,0.9320938587188721,1.101200619406384e-12,0.06785781681537628,3.3044932411762496e-17,1.4342450838089604e-10,0.9320938587188721,1.3833790779571586e-09,3.382183422218077e-11,5.127484300050753e-15,2.3261419374899506e-13,4.8314763262169436e-05,5.5133015394812773e-14,3.701100298632298e-15
TCN,43,4147,18,4,class_4,4,class_4,1,1.0,8.415634183446541e-14,7.601717513924452e-14,2.815313415350778e-20,4.056322199788229e-14,1.0,6.584972891502687e-19,8.980581272936047e-15,8.448533124197864e-27,2.314272947608856e-16,2.0028545336982229e-13,7.01478240407808e-25,4.924708937049402e-22
TCN,43,4148,18,4,class_4,4,class_4,1,1.0,1.604668866794815e-19,1.6131640116857347e-18,7.246059841157989e-29,7.063674719696312e-19,1.0,7.844855775733529e-27,2.0452904015137961e-19,2.6579918954414847e-35,4.3173890545475705e-29,5.260785187021829e-26,6.091868033582629e-35,1.4427814301470065e-31
TCN,43,4149,18,4,class_4,3,class_3,0,0.9983910918235779,2.1252251464188264e-14,8.437053224952251e-07,1.1205408175914244e-22,0.9983910918235779,0.0016080845380201936,9.828162603920137e-21,5.59132818170327e-13,3.513809455533111e-14,7.689587017806719e-15,1.0077819828646639e-10,9.170037979281363e-16,2.9542013366828934e-12
TCN,43,4150,18,4,class_4,4,class_4,1,1.0,2.5339330455972073e-35,1.0646365082707798e-40,0.0,1.3841830048815538e-39,1.0,0.0,6.514496430799642e-41,0.0,0.0,0.0,0.0,0.0
TCN,43,4151,18,4,class_4,4,class_4,1,1.0,3.954714668534445e-15,5.889634212188216e-14,4.452245121000903e-22,2.120965925946853e-14,1.0,2.2669623010335912e-20,2.0128173098128395e-15,2.7498666561274058e-27,2.2699390203277884e-20,1.3070193508677705e-16,1.239812625393021e-26,1.8927797293418328e-22
TCN,43,4152,18,4,class_4,4,class_4,1,0.99998939037323,3.0575945421384976e-12,1.056714518199442e-05,1.541997341569097e-17,2.716755466425358e-11,0.99998939037323,9.939857097129856e-13,3.762240085442015e-12,3.975337127669652e-21,8.550761688335198e-14,4.883088067231256e-08,3.147024522325755e-17,2.4797474761153024e-18
TCN,43,4153,18,4,class_4,4,class_4,1,1.0,1.1630903213302377e-16,3.37256694793453e-10,8.286392163667813e-26,2.029894771196352e-17,1.0,1.2338915678676677e-18,3.0713404844671156e-19,1.0102494111305858e-29,1.844850994009667e-18,5.465535318706534e-14,1.3086068982267964e-22,5.550520084888303e-27
TCN,43,4154,18,4,class_4,4,class_4,1,1.0,2.5563910099890563e-08,7.625552207908559e-13,6.6998721559954235e-22,9.857857044953986e-23,1.0,6.482948943301037e-14,9.725334092675373e-23,2.3533726481594307e-24,3.1213279302801794e-14,1.4079637453211051e-14,1.7827826307920468e-21,3.0461311652475716e-23
TCN,43,4155,18,4,class_4,3,class_3,0,1.0,2.500318039761017e-34,4.728722082031726e-20,0.0,1.0,1.2985632978863653e-20,0.0,3.6348377707369593e-32,3.888545865171775e-24,2.4328547173657847e-29,1.8597979597655217e-23,9.515064413408984e-30,7.672874083559637e-26
TCN,43,4156,18,4,class_4,4,class_4,1,0.9999977350234985,4.187134241217215e-14,2.2281267320067855e-06,7.016985543996522e-18,1.4235619794078502e-08,0.9999977350234985,1.5379590775823487e-14,2.5508068990376387e-09,1.564655555626211e-19,3.683165275946695e-17,1.1107685951583512e-12,2.502565873698037e-18,2.502047515797302e-20
TCN,43,4157,18,4,class_4,4,class_4,1,1.0,1.478078951584977e-15,4.079961613001615e-08,7.824974306180355e-21,8.897013984918156e-13,1.0,1.0772766193505165e-15,8.917571542310654e-13,3.0260961808477477e-22,9.694901868533284e-20,7.987110105245332e-12,3.661901429908404e-20,3.4286009542515047e-20
TCN,43,4158,18,4,class_4,4,class_4,1,1.0,3.887140074068391e-15,3.435718198829818e-08,3.5034646468833024e-25,1.2901004485822522e-20,1.0,3.192647596219223e-15,5.940767134606446e-21,4.2445788829991973e-26,3.820513785926348e-16,5.3731854035565796e-12,1.8492810050166345e-20,3.3644459082274994e-25
TCN,43,4159,18,4,class_4,4,class_4,1,1.0,1.4673201889636722e-12,1.351821808654027e-14,2.5514563708782867e-23,8.76373622607985e-18,1.0,4.07307126354092e-20,7.804710158318653e-19,2.0248873545660117e-28,1.1794874233512028e-17,3.271026572383538e-16,4.084089754063849e-26,8.918244946962984e-22
TCN,43,4160,18,5,class_5,5,class_5,1,1.0,0.0,3.7893913072271703e-41,0.0,0.0,0.0,1.0,0.0,0.0,0.0,0.0,4.7005912612690154e-36,0.0
TCN,43,4161,18,5,class_5,5,class_5,1,1.0,0.0,0.0,3.5052079786620974e-41,0.0,0.0,1.0,0.0,0.0,0.0,0.0,4.868833935072006e-39,0.0
TCN,43,4162,18,5,class_5,5,class_5,1,1.0,4.881009485480092e-11,5.742582685687881e-16,4.88988901724708e-15,2.7368760306728e-41,3.528418470511284e-21,1.0,1.0553166403403711e-37,6.5250757255278275e-22,1.4714936929025726e-19,9.789457164115852e-25,2.686190300141972e-13,3.1276181702335293e-27
TCN,43,4163,18,5,class_5,5,class_5,1,1.0,4.783055165917459e-21,9.128156435204374e-17,7.70217580675727e-17,0.0,6.936052377196421e-31,1.0,1.3756266764583864e-40,1.1119429318664164e-24,3.841066811882829e-20,4.0739361623227796e-30,2.5324734713796926e-13,4.739682778257877e-28
TCN,43,4164,18,5,class_5,5,class_5,1,1.0,2.8607989310813764e-09,2.994409720180613e-10,8.136458520824341e-12,2.1947223030029003e-32,7.642915502413007e-15,1.0,3.756179914832229e-30,6.943006645912842e-18,6.120053248903634e-12,3.720409000308834e-18,2.1534297955927428e-10,2.5355839845942606e-22
TCN,43,4165,18,5,class_5,5,class_5,1,0.9999991655349731,2.4142670085325335e-09,4.8309431122106616e-08,7.863166615607042e-07,1.0117110362816835e-20,2.1507710248333057e-15,0.9999991655349731,7.643127146498896e-19,1.4795854970904576e-13,7.300698934287198e-10,4.924753570982425e-14,8.437543641548473e-08,5.928219581896599e-10
TCN,43,4166,18,5,class_5,5,class_5,1,0.7664628624916077,2.641508160209499e-13,0.23351578414440155,1.8908365185952214e-15,3.361789123306328e-24,7.505724340661768e-12,0.7664628624916077,2.423010796008772e-19,1.0105102001952619e-15,1.4479662044028507e-12,6.949326097210884e-13,2.139140633516945e-05,1.4729480056664115e-18
TCN,43,4167,18,5,class_5,5,class_5,1,1.0,2.687178614822339e-21,6.370963172459319e-20,5.159649317431551e-16,5.1458622336782365e-40,9.598768638984145e-30,1.0,1.3539345762306383e-41,1.630638126647706e-23,1.0358352677083038e-18,1.4060314753575316e-29,1.0379585645842182e-12,3.818830449020659e-35
TCN,43,4168,18,5,class_5,5,class_5,1,1.0,3.178311045073947e-21,9.369529599103726e-19,1.2250595278228917e-19,0.0,1.9079384485145672e-29,1.0,7.006492321624085e-44,1.7947369507450695e-29,1.6988640242131935e-24,3.7700880348527403e-31,2.900742593716678e-14,2.384330356525641e-39
TCN,43,4169,18,5,class_5,5,class_5,1,1.0,1.7175556392429602e-28,6.529395080168143e-11,3.8303124945673595e-20,0.0,5.601397607476837e-35,1.0,6.0395963812399616e-43,2.653791344438993e-32,2.9053482131329517e-26,3.1626247182379846e-36,3.356767416294906e-17,4.442075602322342e-33
TCN,43,4170,18,5,class_5,5,class_5,1,1.0,0.0,2.2827298167307068e-35,1.1820904353338352e-33,0.0,0.0,1.0,0.0,0.0,0.0,0.0,3.1157171780409456e-30,0.0
TCN,43,4171,18,5,class_5,5,class_5,1,1.0,1.1214551152691846e-24,7.906962399932125e-18,4.928033007577386e-23,0.0,9.613164589160248e-31,1.0,0.0,4.508419092889531e-31,3.962100419717751e-29,6.356830802646926e-36,1.739594742604132e-18,1.495199474419223e-40
TCN,43,4172,18,5,class_5,5,class_5,1,0.9995452761650085,4.2998031350716115e-12,2.755439756571554e-12,2.5984530793721206e-07,6.534622369333164e-26,4.1401278231202676e-21,0.9995452761650085,3.1225357374067886e-28,4.491579905317039e-14,5.104645525721985e-11,3.8920588208628764e-17,0.0004544242983683944,2.7628504543518824e-19
TCN,43,4173,18,5,class_5,5,class_5,1,1.0,0.0,0.0,0.0,0.0,0.0,1.0,0.0,0.0,0.0,0.0,0.0,0.0
TCN,43,4174,18,5,class_5,5,class_5,1,1.0,7.95351943352906e-18,6.400793957361817e-12,1.2512339254977523e-12,1.6861411430537118e-36,2.792164654331995e-23,1.0,4.510242989924267e-31,1.1962507900260375e-21,5.170776733011349e-18,5.0510792160293974e-23,2.62894317426543e-10,4.341510289987746e-25
TCN,43,4175,18,5,class_5,5,class_5,1,1.0,1.6629696540563823e-32,4.0523371413819688e-19,5.934771920705525e-26,0.0,3.4971205412018535e-26,1.0,0.0,2.4004816055890012e-34,8.228323240610386e-37,9.388699710976274e-44,3.467553039223113e-17,0.0
TCN,43,4176,18,5,class_5,5,class_5,1,1.0,3.113897460805333e-16,5.034265147831865e-16,3.22315127758799e-17,6.950440383051093e-43,1.5224229765303928e-23,1.0,1.6389072562206653e-38,2.2026487420881517e-24,2.2133902192724393e-22,1.7846424910718238e-26,5.567965186137336e-11,9.94848234609389e-31
TCN,43,4177,18,5,class_5,5,class_5,1,1.0,4.332328442089039e-25,9.390191901346382e-23,3.249064331550214e-16,2.802596928649634e-45,1.312044829239513e-31,1.0,6.516037859110399e-43,6.980724024748455e-24,1.493134597505987e-25,1.7908666120552536e-36,3.10146169365066e-16,4.8441462847222646e-36
TCN,43,4178,18,5,class_5,5,class_5,1,1.0,1.312977461755478e-29,3.5971116915893333e-17,5.669685730287206e-31,0.0,2.973624843261712e-32,1.0,0.0,1.0875718360119218e-35,1.4708673991217683e-31,7.191773405875577e-39,3.8886000995483354e-19,1.2611686178923354e-44
TCN,43,4179,18,5,class_5,5,class_5,1,1.0,9.526914840912731e-28,9.572419558080746e-27,1.0395755199443272e-19,0.0,8.002395140219733e-41,1.0,0.0,3.973111029035837e-33,7.649456701365833e-28,7.118596198770071e-42,1.8022121495382736e-17,0.0
TCN,43,4180,18,5,class_5,5,class_5,1,1.0,3.7071073639328764e-25,5.431869632499908e-23,2.315537230425739e-22,0.0,1.1811644752452297e-36,1.0,0.0,9.263339049926069e-34,2.7066349214797566e-27,9.563974571309531e-37,3.717375149976173e-17,1.1210387714598537e-44
TCN,43,4181,18,5,class_5,5,class_5,1,1.0,7.328116941945603e-22,7.210414557090594e-12,5.867349812621592e-27,0.0,4.06620866934748e-28,1.0,6.025583396596713e-44,3.8461644775854156e-30,3.687819567283233e-21,3.0282715828011735e-34,4.389627123433954e-15,1.525562587028241e-30
TCN,43,4182,18,5,class_5,5,class_5,1,0.9999879598617554,6.527389739829914e-10,1.1637097486527637e-05,2.482871934716968e-07,1.2978300959773908e-19,2.3111103308881553e-11,0.9999879598617554,3.151021856092305e-16,1.1309637444221685e-13,1.8894366071720015e-09,4.493451509317292e-13,1.2424906969954463e-07,5.0688575922329046e-14
TCN,43,4183,18,5,class_5,5,class_5,1,1.0,3.566486792485266e-20,2.5175000406312532e-17,1.9744590416316023e-14,1.401298464324817e-45,4.423049495378916e-27,1.0,5.651857096161285e-41,2.06482570086051e-27,4.617661553543314e-22,9.640592398847984e-32,6.298097597441589e-16,1.916458827699444e-36
TCN,43,4184,18,5,class_5,5,class_5,1,1.0,1.9494638453426757e-27,1.8885623905901e-20,8.056866772406518e-23,0.0,8.054717500647979e-30,1.0,1.1630777253895982e-43,5.357721284522479e-31,1.8827921228985e-29,3.511482712925651e-38,6.177167162647333e-19,4.305083995862425e-38
TCN,43,4185,18,5,class_5,5,class_5,1,1.0,0.0,0.0,0.0,0.0,0.0,1.0,0.0,0.0,0.0,0.0,0.0,0.0
TCN,43,4186,18,5,class_5,5,class_5,1,1.0,3.4853499955383137e-17,3.834898046497061e-15,1.6358715597408757e-12,2.22830529498513e-33,1.4112136111700807e-26,1.0,6.680216376090237e-31,9.003240582180291e-18,4.909268495805548e-16,5.868961815985044e-27,3.743235235664777e-11,3.2002410215982313e-17
TCN,43,4187,18,5,class_5,5,class_5,1,1.0,5.748503284786677e-30,2.7723357874537917e-25,1.2500991713003888e-26,0.0,6.33514726536173e-34,1.0,0.0,1.6078472571563453e-36,1.2310565708722992e-33,4.203895392974451e-45,1.9374726754815655e-23,0.0
TCN,43,4188,18,5,class_5,5,class_5,1,1.0,5.44561121414363e-28,3.574931149719074e-13,1.2005941531931357e-28,0.0,5.760062643667338e-33,1.0,2.802596928649634e-45,1.3243154715233964e-29,9.828215872541623e-26,1.244182778557022e-38,2.091419553274139e-14,2.2863901787174165e-35
TCN,43,4189,18,5,class_5,5,class_5,1,1.0,9.149647511634343e-21,2.578541436742507e-22,1.603975707212954e-21,0.0,3.1776750872643127e-32,1.0,4.107205798936039e-42,1.3544490529157652e-29,2.0346718563740104e-23,1.6705578072994027e-36,5.480736611376301e-17,3.992523801665001e-35
TCN,43,4190,18,5,class_5,5,class_5,1,1.0,2.802596928649634e-45,1.0441525515270339e-37,1.4624805565757029e-39,0.0,0.0,1.0,0.0,0.0,0.0,0.0,1.8925175460226693e-32,0.0
TCN,43,4191,18,5,class_5,5,class_5,1,1.0,1.0127857894666342e-19,1.2880770471892041e-16,4.421837893828794e-18,4.2200579694619737e-39,8.229047864389051e-29,1.0,1.7103323418319278e-34,3.0610295923035756e-23,3.595077902617249e-19,8.266934878625658e-28,3.1652250265246096e-10,2.5291012983930332e-30
TCN,43,4192,18,5,class_5,5,class_5,1,1.0,1.1490652888894677e-33,2.9162171217369033e-27,1.0880423465669095e-32,0.0,2.9465523198897226e-40,1.0,0.0,2.264190032686753e-40,9.240569701391767e-35,0.0,2.0300655003331986e-24,0.0
TCN,43,4193,18,5,class_5,5,class_5,1,1.0,4.02769127416595e-28,1.171399279685311e-23,2.348163760159211e-23,0.0,2.9638440066278594e-37,1.0,0.0,9.843818134582529e-35,6.836941464382546e-30,3.1380471538956005e-37,2.3577816593483133e-19,0.0
TCN,43,4194,18,5,class_5,5,class_5,1,1.0,4.66992635595253e-34,9.680969045090594e-20,2.2822272412382637e-33,0.0,1.0889667311027841e-35,1.0,0.0,1.2676145908282295e-40,2.421875602773967e-34,6.282021015568155e-42,4.175965100041701e-20,0.0
TCN,43,4195,18,5,class_5,5,class_5,1,1.0,0.0,4.132413476751085e-37,0.0,0.0,0.0,1.0,0.0,0.0,0.0,0.0,2.1166607676951608e-30,0.0
TCN,43,4196,18,5,class_5,5,class_5,1,1.0,9.524205272476484e-41,4.248648006894535e-32,1.5699256544264186e-35,0.0,0.0,1.0,0.0,0.0,0.0,0.0,2.0193554518199685e-29,0.0
TCN,43,4197,18,5,class_5,5,class_5,1,1.0,6.119322814290295e-29,2.8438597573306364e-15,7.67025794847143e-29,0.0,9.3207094939977e-30,1.0,0.0,2.4874015884480367e-32,1.237377413969349e-29,7.022845474702756e-40,4.173682002762101e-15,1.3842684840878776e-39
TCN,43,4198,18,5,class_5,5,class_5,1,1.0,0.0,7.225532808231764e-34,0.0,0.0,0.0,1.0,0.0,0.0,0.0,0.0,1.5782495721407123e-33,0.0
TCN,43,4199,18,5,class_5,5,class_5,1,0.9999884366989136,3.289288980079519e-12,1.1529969924595207e-05,9.223265529686824e-15,2.2387245407382423e-26,2.018362826048184e-13,0.9999884366989136,2.2226717673566525e-22,7.494165028990805e-17,8.461590260931684e-13,1.3872399619478735e-15,2.219637451617018e-08,1.7858334409122043e-19
TCN,43,4200,18,6,class_6,6,class_6,1,1.0,2.231284195732448e-24,0.0,1.9516248050252452e-39,7.325381754990131e-36,5.184804318001823e-44,0.0,1.0,2.965988329589908e-41,0.0,0.0,0.0,2.920088966546764e-36
TCN,43,4201,18,6,class_6,6,class_6,1,0.9999197721481323,6.143753839005228e-10,9.985213170356482e-15,1.2913912994516608e-11,8.018696826184168e-05,1.4458558048741077e-12,6.993508090260736e-19,0.9999197721481323,1.8773115200099383e-15,9.559325156678253e-18,1.2647565716541651e-20,2.0384831392299725e-26,3.0608723888825295e-11
TCN,43,4202,18,6,class_6,3,class_3,0,0.9999462366104126,1.0231009214397234e-15,3.747138514622872e-20,1.5685354810245142e-21,0.9999462366104126,2.1124950882545415e-14,3.616133382115263e-27,5.361373405321501e-05,1.2069735597715436e-18,7.23442437399461e-23,3.242879648934714e-19,1.9749254517091702e-29,1.2389553205593984e-07
TCN,43,4203,18,6,class_6,6,class_6,1,1.0,4.7341996279728156e-24,0.0,1.6780033432454813e-38,1.7294809952154092e-37,7.146622168056567e-44,0.0,1.0,5.576887628319907e-40,0.0,0.0,0.0,2.8827018751030694e-36
TCN,43,4204,18,6,class_6,6,class_6,1,1.0,5.151824215306579e-15,6.764096925818022e-30,6.573035581334352e-24,2.1695138009675956e-20,1.8364389132193608e-26,5.834589352851456e-33,1.0,4.136138704145694e-28,3.180523310076355e-33,1.38875684306911e-40,0.0,5.367580387509745e-24
TCN,43,4205,18,6,class_6,6,class_6,1,1.0,1.0816620659204415e-30,0.0,4.89277652063346e-39,1.8487703385228822e-38,1.8317633395807576e-40,0.0,1.0,0.0,0.0,0.0,0.0,0.0
TCN,43,4206,18,6,class_6,6,class_6,1,1.0,8.261583084312463e-11,2.590480878097463e-22,8.637849428452753e-17,4.2767703267720947e-10,3.5406496768052014e-20,1.606612460589159e-24,1.0,8.265710838391527e-19,3.8160830745704358e-25,9.606566774467952e-31,2.5865251679482253e-34,3.883800911371637e-17
TCN,43,4207,18,6,class_6,6,class_6,1,1.0,2.6780634075894313e-19,2.285453010795271e-31,4.605353401682745e-27,1.1189154531261458e-19,3.08553549353895e-28,2.8304566842976623e-33,1.0,3.7803455960410665e-29,7.752769625446944e-37,1.4503439105761857e-42,0.0,7.407019946631588e-26
TCN,43,4208,18,6,class_6,6,class_6,1,0.9599513411521912,7.380168698389866e-11,1.021445924939907e-15,1.9613427635484237e-12,0.04004865884780884,2.414398542205376e-12,6.534414061499797e-19,0.9599513411521912,2.964336472143815e-14,2.684829745000115e-19,1.868074580845582e-19,1.1436101751847035e-25,1.228593754509788e-10
TCN,43,4209,18,6,class_6,6,class_6,1,1.0,1.70874855717657e-18,6.449761766556444e-32,1.2170900416859537e-26,3.641844626499466e-18,5.195544618304503e-28,2.2760791761947228e-34,1.0,3.6348692739855614e-30,8.577373123504563e-38,1.2611686178923354e-44,0.0,2.169516633372676e-25
TCN,43,4210,18,6,class_6,6,class_6,1,1.0,0.0,0.0,0.0,0.0,0.0,0.0,1.0,0.0,0.0,0.0,0.0,0.0
TCN,43,4211,18,6,class_6,3,class_3,0,1.0,8.737180038415884e-22,2.7325126098440377e-24,8.687836853135777e-27,1.0,3.365460422788348e-17,2.2118924551117737e-33,1.3755779284738145e-12,6.299330543102577e-21,4.51916028672932e-25,2.78628778982796e-18,4.8396750748552074e-29,2.6962742189087048e-15
TCN,43,4212,18,6,class_6,3,class_3,0,1.0,2.1675985295408433e-39,1.7013375859072147e-36,0.0,1.0,6.32265422233847e-30,0.0,1.3290697716284497e-26,7.308888673852007e-35,4.3377376131975075e-39,7.695915964427422e-33,2.382207389352189e-44,8.514619791254652e-30
TCN,43,4213,18,6,class_6,6,class_6,1,1.0,5.997487571599932e-21,3.206370054607474e-35,1.9086809847860946e-29,2.4579249198785764e-25,6.756772373498274e-30,3.888963372206699e-38,1.0,4.479795410898758e-36,9.39433293080286e-40,0.0,0.0,2.4793435064944776e-29
TCN,43,4214,18,6,class_6,6,class_6,1,1.0,2.225517805846557e-19,5.108670651396284e-38,1.218002483497175e-30,6.85374926926692e-25,2.6219019459427106e-33,2.0913678930815732e-40,1.0,1.2554518439072041e-33,8.999138737893975e-41,0.0,0.0,5.290784742949368e-29
TCN,43,4215,18,6,class_6,3,class_3,0,1.0,5.5354451423503846e-34,3.077650151552883e-34,9.810358826682398e-39,1.0,6.309649831778826e-28,0.0,4.075587136605174e-21,1.0438211160160588e-31,1.572244141972001e-36,7.021989477800856e-31,5.324934164434305e-44,6.238481643582384e-25
TCN,43,4216,18,6,class_6,6,class_6,1,1.0,6.870291011443208e-14,8.600032166227208e-26,2.768494346445423e-21,3.422153402668493e-12,1.7914472265395047e-21,1.9391397052827935e-27,1.0,2.865440799969662e-24,1.2735568167147766e-30,4.871630855060317e-35,7.46255891982324e-40,2.8398400879168637e-21
TCN,43,4217,18,6,class_6,6,class_6,1,1.0,1.406688667251806e-18,8.183425503934484e-32,8.969266524784471e-26,1.4794651342380484e-17,8.762754950193458e-28,2.978263596517671e-35,1.0,1.367398704935271e-26,2.1986248891463326e-34,8.630274943129754e-40,0.0,8.613088406248725e-21
TCN,43,4218,18,6,class_6,6,class_6,1,1.0,2.3613165074517206e-21,9.88475936734726e-42,1.0838050861615386e-31,5.361237893422399e-31,2.1918606111521632e-39,7.146622168056567e-44,1.0,3.2787314549837416e-33,4.80687412217342e-41,0.0,0.0,1.8939908812546312e-32
TCN,43,4219,18,6,class_6,6,class_6,1,1.0,5.3047796461525715e-14,2.5609110500188497e-26,1.565798777393896e-20,3.227313054860316e-15,4.241119358151254e-24,2.6081723308519425e-28,1.0,2.118769824679162e-22,1.59548588107165e-30,7.494686209455123e-38,2.264694219874217e-38,5.203973371536526e-21
TCN,43,4220,18,6,class_6,3,class_3,0,0.7353588938713074,2.077433711167309e-12,2.231053284030101e-16,2.114536861173898e-15,0.7353588938713074,9.855832512964402e-13,7.19677829076678e-20,0.264641135931015,5.530703746679322e-15,1.8060044302332336e-23,1.6238354130305251e-21,6.5538171116053e-27,9.100558577123524e-14
TCN,43,4221,18,6,class_6,6,class_6,1,1.0,6.108192944498381e-12,1.3888480486523842e-25,7.230775336394527e-18,2.0415746458841977e-13,1.1574270598979254e-20,2.228168749824649e-26,1.0,1.3518956547896224e-19,6.6105107836006e-29,3.1382379570908354e-30,6.466599331824206e-36,4.852954916514387e-19
TCN,43,4222,18,6,class_6,3,class_3,0,1.0,1.486334483382704e-22,6.871209719327856e-25,1.4723250631238388e-26,1.0,1.3567528076477455e-18,8.981907665847768e-32,3.1589726390279793e-09,1.8779424547832016e-22,1.9500104163615707e-31,5.665718428953859e-27,5.174187718516367e-34,2.884607821604508e-19
TCN,43,4223,18,6,class_6,3,class_3,0,1.0,1.2048163212619672e-26,7.823990732198524e-28,3.687927562498627e-31,1.0,2.0221318646782402e-20,1.1750295681476403e-37,1.6716571296692198e-14,2.423171159660999e-25,8.465964975109428e-32,2.801507617209832e-25,6.586879151001582e-35,1.7007600797978848e-21
TCN,43,4224,18,6,class_6,6,class_6,1,1.0,8.548756335281627e-31,0.0,5.605193857299268e-45,2.2420775429197073e-44,0.0,0.0,1.0,0.0,0.0,0.0,0.0,0.0
TCN,43,4225,18,6,class_6,3,class_3,0,0.9999998807907104,5.652995422169027e-22,3.2802345135570906e-24,4.552676028363766e-25,0.9999998807907104,4.110847762010907e-19,2.114110791309809e-30,8.732510536901827e-08,5.953652249792807e-21,3.0321846686805525e-30,8.854293745634002e-26,8.777610320075655e-35,2.1194701597297194e-17
TCN,43,4226,18,6,class_6,6,class_6,1,1.0,9.026127073794627e-29,2.1019476964872256e-44,1.0072886029961047e-32,2.0394239239591277e-34,2.547177493142371e-38,1.2611686178923354e-44,1.0,4.1914238366419603e-41,0.0,0.0,0.0,6.019978202739414e-42
TCN,43,4227,18,6,class_6,3,class_3,0,0.8551749587059021,8.952768946112952e-14,9.038164478514525e-17,5.457862585897372e-18,0.8551749587059021,1.8602661254409243e-14,6.0642682696761676e-21,0.1448250412940979,4.3059661027501205e-16,8.140450431011597e-25,2.473729211689264e-22,4.461851013375491e-28,3.4208389159545716e-12
TCN,43,4228,18,6,class_6,6,class_6,1,1.0,3.3251194926385623e-34,0.0,0.0,0.0,0.0,0.0,1.0,0.0,0.0,0.0,0.0,0.0
TCN,43,4229,18,6,class_6,3,class_3,0,0.99992835521698,2.1323970436596049e-19,1.02111277629384e-17,1.2370741687162561e-25,0.99992835521698,7.812889002423162e-09,7.514569864368298e-28,7.159077358664945e-05,8.897646952535103e-25,2.2783489315628563e-26,1.3273732392956343e-19,1.0312468676389922e-33,3.9133702788712865e-13
TCN,43,4230,18,6,class_6,6,class_6,1,1.0,1.2230990251302093e-33,0.0,1.4825751205021822e-36,7.461163226552773e-39,7.006492321624085e-45,0.0,1.0,9.248569864543793e-44,0.0,0.0,0.0,1.0369608636003646e-42
TCN,43,4231,18,6,class_6,3,class_3,0,0.9969971179962158,6.514781769606515e-11,1.0392905797979501e-15,5.4109159237621454e-14,0.9969971179962158,7.491730326381063e-12,1.0982650700795185e-18,0.003002929501235485,1.3590184750125744e-12,4.554698920034025e-19,3.9746099901577904e-16,2.241520620499386e-22,2.1237471850565903e-11
TCN,43,4232,18,6,class_6,3,class_3,0,0.9727727174758911,2.0114552808336546e-15,2.6131717502791364e-17,8.957238354129833e-21,0.9727727174758911,1.7779494730993254e-15,1.4520056233702012e-23,0.02722731977701187,4.3537933548956916e-17,1.1441742107319365e-24,5.866772940951576e-22,5.803804813368004e-28,6.325476167162725e-12
TCN,43,4233,18,6,class_6,3,class_3,0,0.9936652183532715,8.937177387036144e-12,1.3900512733987973e-18,8.31278219138665e-15,0.9936652183532715,3.270454003098666e-12,5.917085858397848e-22,0.006334783975034952,1.3871823637074602e-15,1.1640997982680071e-21,1.989114394766212e-18,6.0216766012917825e-28,4.6141245663676445e-14
TCN,43,4234,18,6,class_6,6,class_6,1,0.999957799911499,2.6261598798371644e-11,8.642391311760159e-18,3.127096748752617e-17,4.225676821079105e-05,4.106277026643735e-16,2.349993665023834e-21,0.999957799911499,3.0773371365216734e-16,6.445580113738698e-24,1.7433168095389407e-23,1.0336627308159137e-28,1.2791388608046628e-11
TCN,43,4235,18,6,class_6,6,class_6,1,1.0,1.5733180228376199e-21,4.951137238556274e-37,3.098263531207168e-27,1.1625110552140655e-28,3.595546284313549e-33,1.3631205921317346e-37,1.0,2.328325875857332e-31,1.8555882160712082e-39,0.0,0.0,8.312830093418344e-33
TCN,43,4236,18,6,class_6,6,class_6,1,1.0,3.1664840020872997e-12,2.7042731150703556e-26,2.424039756992e-18,1.3129587477997418e-12,2.6336576058094572e-20,6.2110019666903615e-27,1.0,1.0679897717527632e-20,2.5998254332277705e-30,4.040841176820294e-32,9.779388449062662e-38,3.3743752665204973e-21
TCN,43,4237,18,6,class_6,6,class_6,1,0.9882158041000366,3.964481805449234e-14,5.935619567036309e-19,4.5600726782039604e-17,0.01178419403731823,3.492560363501816e-15,1.2930521231204304e-23,0.9882158041000366,3.592426788754017e-18,4.579840946673118e-25,1.0531620461976174e-24,1.817347694491858e-33,1.9007521251390713e-12
TCN,43,4238,18,6,class_6,6,class_6,1,1.0,4.3524614109019e-22,2.2827100416067783e-37,1.523128533569948e-27,1.909496646210198e-29,1.148311594972499e-33,3.973722030860157e-38,1.0,4.226760008208636e-32,3.1639217376757882e-40,0.0,0.0,1.7850241712381375e-33
TCN,43,4239,18,6,class_6,3,class_3,0,0.9999992847442627,2.2920921449781803e-19,1.7884842962814953e-19,9.79386196619538e-24,0.9999992847442627,4.4260019260722316e-11,6.937566067854743e-28,6.623813533224165e-07,7.93086107338248e-23,1.557577661744502e-26,6.062262986769709e-19,3.727966310680855e-32,2.0194762593276792e-15
TCN,43,4240,18,7,class_7,7,class_7,1,1.0,8.933773918136398e-29,1.2121757365344566e-23,2.669647629490794e-27,1.4740705177842562e-29,2.1781629074530004e-35,3.2041821670216828e-27,5.717297734445254e-43,1.0,1.3452683063400674e-21,4.285015696771676e-22,1.184135789422669e-09,2.683821896102501e-26
TCN,43,4241,18,7,class_7,7,class_7,1,1.0,0.0,0.0,0.0,0.0,0.0,0.0,0.0,1.0,9.567656735258268e-38,4.228277986253703e-41,1.0006869620696974e-30,0.0
TCN,43,4242,18,7,class_7,7,class_7,1,1.0,0.0,0.0,0.0,0.0,0.0,0.0,0.0,1.0,2.8656076032925867e-37,3.851110937568971e-38,5.830197562853185e-21,0.0
TCN,43,4243,18,7,class_7,7,class_7,1,1.0,0.0,0.0,0.0,0.0,0.0,0.0,0.0,1.0,2.201299757607855e-40,7.1045832141268225e-43,6.390737844212955e-32,0.0
TCN,43,4244,18,7,class_7,7,class_7,1,1.0,9.706913292487783e-38,1.8065201058238385e-33,5.066285857005545e-38,5.378183506078648e-42,0.0,1.4222352646802942e-38,0.0,1.0,2.265204697424391e-30,3.5139630031955764e-30,2.2420988997191238e-20,5.751405724704257e-35
TCN,43,4245,18,7,class_7,7,class_7,1,1.0,2.8168789625980327e-37,6.407239433909798e-32,5.340238585742275e-37,9.523418975882182e-37,1.5414283107572988e-44,5.9722432310816e-34,0.0,1.0,2.591787481850068e-28,7.56798408692842e-28,1.694389517581385e-08,5.003060062749445e-31
TCN,43,4246,18,7,class_7,7,class_7,1,1.0,0.0,0.0,0.0,0.0,0.0,0.0,0.0,1.0,9.207775245713748e-35,1.4990262252363941e-30,2.329130705615271e-34,0.0
TCN,43,4247,18,7,class_7,7,class_7,1,1.0,0.0,0.0,0.0,0.0,0.0,0.0,0.0,1.0,1.5680529815794703e-42,8.272985873680855e-41,4.507535025628797e-34,0.0
TCN,43,4248,18,7,class_7,7,class_7,1,1.0,0.0,0.0,0.0,0.0,0.0,0.0,0.0,1.0,4.203895392974451e-45,0.0,3.971254288212542e-37,0.0
TCN,43,4249,18,7,class_7,7,class_7,1,1.0,0.0,0.0,0.0,0.0,0.0,0.0,0.0,1.0,1.318146803539859e-36,7.170967829834532e-35,2.6345814044731094e-28,0.0
TCN,43,4250,18,7,class_7,7,class_7,1,1.0,0.0,0.0,0.0,0.0,0.0,0.0,0.0,1.0,3.992859844247134e-41,7.0590313731028314e-37,5.6360582752311566e-34,0.0
TCN,43,4251,18,7,class_7,7,class_7,1,1.0,3.2320388560266176e-40,1.626116063708462e-38,3.595871989303913e-41,3.685414961174269e-42,0.0,0.0,0.0,1.0,1.388236785451055e-28,3.4167485572090586e-26,8.939285003264931e-24,2.963717945818009e-38
TCN,43,4252,18,7,class_7,7,class_7,1,1.0,0.0,0.0,0.0,0.0,0.0,0.0,0.0,1.0,3.357359219768729e-38,1.6651354997072794e-38,1.158311125930536e-34,0.0
TCN,43,4253,18,7,class_7,7,class_7,1,1.0,0.0,0.0,0.0,0.0,0.0,0.0,0.0,1.0,0.0,0.0,7.494676680625565e-40,0.0
TCN,43,4254,18,7,class_7,7,class_7,1,1.0,0.0,5.079706933177462e-42,1.1210387714598537e-44,0.0,0.0,0.0,0.0,1.0,1.2009582033233876e-32,3.659108719173053e-35,4.766558899520208e-26,1.461475825576782e-39
TCN,43,4255,18,7,class_7,7,class_7,1,1.0,4.246907839036711e-35,2.5127230885832522e-31,1.045648831570725e-34,6.972518210299325e-34,1.2191296639625909e-43,4.9377021493997136e-39,0.0,1.0,4.64682280033588e-20,2.1927307341694583e-17,1.1118383164555705e-14,2.0092805812616697e-30
TCN,43,4256,18,7,class_7,7,class_7,1,1.0,2.9205862593457837e-41,4.6803321064301103e-38,3.3070643758065683e-43,4.454027168856431e-41,0.0,0.0,0.0,1.0,1.5148525357464866e-29,9.55384608229007e-28,1.0288627479568765e-22,5.490427513071066e-41
TCN,43,4257,18,7,class_7,7,class_7,1,1.0,0.0,0.0,0.0,0.0,0.0,0.0,0.0,1.0,3.0828566215145976e-44,1.401298464324817e-45,3.7484593790842424e-40,0.0
TCN,43,4258,18,7,class_7,7,class_7,1,1.0,0.0,0.0,0.0,0.0,0.0,0.0,0.0,1.0,0.0,0.0,8.455590874713211e-35,0.0
TCN,43,4259,18,7,class_7,7,class_7,1,1.0,0.0,0.0,0.0,0.0,0.0,0.0,0.0,1.0,9.388699710976274e-44,1.0407443694540416e-41,9.742855477058943e-39,0.0
TCN,43,4260,18,7,class_7,7,class_7,1,1.0,4.0637655465419695e-44,5.114739394785582e-43,1.401298464324817e-45,0.0,0.0,0.0,0.0,1.0,2.5389478606181587e-33,5.0785084476666835e-33,1.3229764571547222e-23,7.749180507716238e-43
TCN,43,4261,18,7,class_7,7,class_7,1,1.0,0.0,5.605193857299268e-45,1.401298464324817e-45,0.0,0.0,0.0,0.0,1.0,5.117862981196832e-21,1.7051729088634016e-34,8.377969132323292e-17,1.3326068136036145e-40
TCN,43,4262,18,7,class_7,7,class_7,1,1.0,0.0,0.0,0.0,0.0,0.0,0.0,0.0,1.0,5.036132156130817e-37,2.123061265375095e-34,1.419939421969116e-27,0.0
TCN,43,4263,18,7,class_7,7,class_7,1,1.0,0.0,0.0,0.0,0.0,0.0,0.0,0.0,1.0,4.894644451486405e-39,1.7086425974012133e-35,1.2477633071673387e-28,0.0
TCN,43,4264,18,7,class_7,7,class_7,1,1.0,1.401298464324817e-45,1.4755672829340324e-42,0.0,0.0,0.0,0.0,0.0,1.0,1.0455496033171262e-33,2.0893351202214543e-32,3.056631787420277e-22,2.665493886900094e-40
TCN,43,4265,18,7,class_7,7,class_7,1,1.0,0.0,0.0,0.0,0.0,0.0,0.0,0.0,1.0,0.0,4.203895392974451e-45,4.3131103980479354e-36,0.0
TCN,43,4266,18,7,class_7,7,class_7,1,1.0,4.456129116552918e-43,5.763540583767973e-42,3.471016296132572e-42,1.401298464324817e-45,0.0,0.0,0.0,1.0,1.3946462256095652e-24,6.236127423238001e-32,1.3027275249212836e-14,8.567796201383859e-37
TCN,43,4267,18,7,class_7,7,class_7,1,1.0,0.0,0.0,0.0,0.0,0.0,0.0,0.0,1.0,5.643309175528903e-41,8.226951483759767e-35,1.1114529671996586e-28,0.0
TCN,43,4268,18,7,class_7,7,class_7,1,1.0,0.0,0.0,0.0,0.0,0.0,0.0,0.0,1.0,0.0,1.2597673194280105e-42,7.0274183882575335e-34,0.0
TCN,43,4269,18,7,class_7,7,class_7,1,1.0,0.0,0.0,0.0,0.0,0.0,0.0,0.0,1.0,1.6477101403060337e-36,3.7507471707946e-33,5.702276718913357e-34,0.0
TCN,43,4270,18,7,class_7,7,class_7,1,1.0,0.0,2.5659176180251725e-41,0.0,0.0,0.0,0.0,0.0,1.0,3.652963691337435e-39,1.057138987514791e-35,4.178395762511992e-31,0.0
TCN,43,4271,18,7,class_7,7,class_7,1,1.0,1.1087418729679562e-37,1.2406739513719487e-33,2.3848278174804764e-40,3.506609277126422e-41,0.0,6.934700998699796e-39,0.0,1.0,6.010096316495787e-32,3.080213675143286e-32,4.934742813170874e-18,3.4804750607667644e-39
TCN,43,4272,18,7,class_7,7,class_7,1,1.0,9.572286625384397e-39,1.0979525904638068e-33,2.834826793329105e-42,2.619307089515948e-41,0.0,1.401298464324817e-45,0.0,1.0,2.390718529911407e-29,2.1214759903208477e-25,2.150203839298668e-25,3.9990703990410214e-39
TCN,43,4273,18,7,class_7,7,class_7,1,1.0,3.327616461604919e-28,4.8119083435938744e-24,4.569923308313255e-31,8.836817720556917e-33,4.156924263055931e-35,2.5308773292978036e-30,6.303769167734476e-39,1.0,3.780359035160959e-22,8.988363448057841e-22,1.185121251241628e-16,8.050074956239067e-31
TCN,43,4274,18,7,class_7,7,class_7,1,1.0,0.0,0.0,0.0,0.0,0.0,0.0,0.0,1.0,2.6022112482511853e-42,6.893509998496784e-37,1.3387938689548586e-26,0.0
TCN,43,4275,18,7,class_7,7,class_7,1,1.0,0.0,0.0,0.0,0.0,0.0,0.0,0.0,1.0,2.802596928649634e-45,1.401298464324817e-45,8.53031800109237e-31,0.0
TCN,43,4276,18,7,class_7,7,class_7,1,1.0,0.0,0.0,0.0,0.0,0.0,0.0,0.0,1.0,0.0,0.0,0.0,0.0
TCN,43,4277,18,7,class_7,7,class_7,1,1.0,0.0,0.0,0.0,0.0,0.0,0.0,0.0,1.0,0.0,0.0,4.737299653419693e-40,0.0
TCN,43,4278,18,7,class_7,7,class_7,1,1.0,0.0,0.0,0.0,0.0,0.0,0.0,0.0,1.0,6.03385105753623e-41,2.3227643084955303e-40,3.4660690038200914e-26,0.0
TCN,43,4279,18,7,class_7,7,class_7,1,1.0,0.0,1.401298464324817e-45,0.0,0.0,0.0,0.0,0.0,1.0,6.849927924832984e-34,1.7818674178932027e-33,4.586768948091386e-27,4.344025239406933e-44
TCN,43,4280,18,8,class_8,8,class_8,1,1.0,0.0,0.0,0.0,0.0,0.0,0.0,0.0,0.0,1.0,0.0,0.0,0.0
TCN,43,4281,18,8,class_8,8,class_8,1,1.0,7.747497363391295e-17,1.2191296639625909e-43,7.6548690729550665e-25,1.1500456496713774e-41,4.872543470303387e-34,2.98588676778332e-41,1.401298464324817e-45,5.598851080175582e-29,1.0,2.878004198746212e-25,6.68527256254303e-36,6.469581822091554e-22
TCN,43,4282,18,8,class_8,8,class_8,1,1.0,1.6088199190385783e-32,0.0,8.083751390149872e-36,0.0,0.0,0.0,0.0,6.346620874773529e-41,1.0,1.7238801734093186e-39,3.8922410093147546e-39,3.273696656774066e-39
TCN,43,4283,18,8,class_8,8,class_8,1,1.0,1.1552436194687112e-35,0.0,1.089103179457891e-40,0.0,0.0,0.0,0.0,9.734820431664504e-42,1.0,5.3643807162050485e-40,1.471363387541058e-42,8.407790785948902e-45
TCN,43,4284,18,8,class_8,8,class_8,1,1.0,1.639325824071959e-39,0.0,1.8441087790514593e-42,0.0,0.0,0.0,0.0,1.6815581571897805e-44,1.0,1.401298464324817e-45,0.0,0.0
TCN,43,4285,18,8,class_8,8,class_8,1,1.0,3.286026967420849e-28,0.0,2.177904896060008e-28,1.0577000808723719e-41,3.7669551175148657e-38,0.0,0.0,8.200729809336146e-34,1.0,2.3343988029346262e-32,1.460818421177535e-32,1.18440899905237e-28
TCN,43,4286,18,8,class_8,8,class_8,1,1.0,5.359169846210997e-32,0.0,4.264249317832921e-40,0.0,0.0,0.0,0.0,6.268288290617772e-41,1.0,3.779058132351239e-39,7.006492321624085e-44,4.203895392974451e-45
TCN,43,4287,18,8,class_8,8,class_8,1,1.0,9.52129770445181e-25,0.0,6.601259549020081e-30,0.0,3.5762748302803305e-39,0.0,0.0,5.626606106789095e-34,1.0,2.3436171765705685e-31,1.8476221145612144e-37,7.172233965820062e-33
TCN,43,4288,18,8,class_8,8,class_8,1,1.0,4.928161102472912e-17,3.681351195627727e-41,1.0003976046488519e-21,2.2358137387841754e-40,4.296715381492879e-31,1.3373412405951824e-38,2.9912117019477545e-41,1.4982323621795324e-29,1.0,4.060149982631929e-27,1.7928132025181974e-30,3.7424266234044446e-27
TCN,43,4289,18,8,class_8,8,class_8,1,1.0,5.452470413640565e-28,0.0,4.467595423966576e-35,0.0,3.923635700109488e-44,0.0,0.0,2.587850519461678e-32,1.0,2.5643775265109274e-29,3.1929924926765097e-35,1.1309069955053219e-38
TCN,43,4290,18,8,class_8,8,class_8,1,1.0,7.544195536434245e-23,0.0,1.5791989987093686e-28,0.0,2.1814130230592168e-36,0.0,0.0,9.937257613014725e-38,1.0,2.2585927885548293e-32,8.155165819839196e-38,3.7688673544990724e-30
TCN,43,4291,18,8,class_8,8,class_8,1,1.0,4.5893926005102084e-41,0.0,3.146349454933155e-40,0.0,0.0,0.0,0.0,5.913199259757863e-41,1.0,1.0081501671738464e-40,6.964453367694341e-43,3.90962271546624e-43
TCN,43,4292,18,8,class_8,8,class_8,1,1.0,1.059181735913282e-27,0.0,5.435555232368956e-32,0.0,6.320066268874574e-40,0.0,0.0,1.7481554796908177e-34,1.0,1.8425478606879288e-29,5.257789502376166e-36,7.27215401621133e-34
TCN,43,4293,18,8,class_8,8,class_8,1,1.0,2.6448600324009933e-30,0.0,2.967059024115053e-28,1.401298464324817e-45,1.2071597724803283e-39,0.0,0.0,2.139985349782143e-31,1.0,1.357132678306828e-30,3.3646663809236277e-31,1.5123912668668253e-31
TCN,43,4294,18,8,class_8,8,class_8,1,1.0,2.418620298921395e-31,0.0,5.735442061426159e-32,0.0,0.0,0.0,0.0,2.3383637086457513e-33,1.0,4.052029678988214e-33,5.697375978645395e-37,3.0289023706907606e-37
TCN,43,4295,18,8,class_8,8,class_8,1,1.0,4.174481488005786e-36,0.0,8.134677715251996e-41,0.0,0.0,0.0,0.0,1.9838742878832165e-40,1.0,1.579516443796726e-38,5.653538654318474e-41,2.802596928649634e-45
TCN,43,4296,18,8,class_8,8,class_8,1,1.0,9.361514520768373e-41,0.0,1.5736581754367696e-42,0.0,0.0,0.0,0.0,8.407790785948902e-44,1.0,4.526194039769159e-43,8.407790785948902e-45,0.0
TCN,43,4297,18,8,class_8,8,class_8,1,1.0,9.418999839427605e-23,0.0,3.95008096008354e-25,0.0,9.119506554130756e-36,8.407790785948902e-45,0.0,4.949280255803845e-32,1.0,2.0061492900059945e-29,2.18677361020264e-33,4.83122206676658e-31
TCN,43,4298,18,8,class_8,8,class_8,1,1.0,4.297116686742602e-20,1.3569511514347903e-38,1.8967291512401845e-19,1.574768345620752e-32,1.3366850575177772e-28,7.611523224398089e-37,1.2651125443942083e-37,1.837455989119272e-25,1.0,5.498187338644538e-22,1.2038674930669552e-30,3.896826927728058e-19
TCN,43,4299,18,8,class_8,8,class_8,1,1.0,6.5808385989783456e-24,0.0,5.087204920031023e-29,0.0,3.846914609187704e-40,0.0,0.0,3.341256366845964e-33,1.0,5.842970054519323e-31,2.5505384185882588e-33,8.644437049785311e-33
TCN,43,4300,18,8,class_8,8,class_8,1,1.0,0.0,0.0,1.401298464324817e-45,0.0,0.0,0.0,0.0,4.28797330083394e-43,1.0,0.0,4.344025239406933e-44,0.0
TCN,43,4301,18,8,class_8,8,class_8,1,1.0,0.0,0.0,1.4993893568275543e-43,0.0,0.0,0.0,0.0,2.3155055824503277e-41,1.0,0.0,1.1695927005039532e-35,0.0
TCN,43,4302,18,8,class_8,8,class_8,1,1.0,2.439282275804139e-40,0.0,4.17727072215228e-42,0.0,0.0,0.0,0.0,2.466285297211678e-43,1.0,0.0,4.4314662635808015e-41,1.4573504028978098e-43
TCN,43,4303,18,8,class_8,8,class_8,1,1.0,2.1364083203308615e-20,5.1194772616729616e-31,1.3673783562062954e-18,1.9634782056022186e-29,2.4460023113492234e-30,2.3951292893799507e-35,3.072358245881149e-35,7.312112658118224e-23,1.0,1.1636031537890303e-27,3.774330145971285e-25,2.903628516672738e-20
TCN,43,4304,18,8,class_8,8,class_8,1,1.0,2.653939744864372e-27,2.096720853215294e-40,3.139221331884337e-14,6.916720254270394e-36,3.015933297351496e-36,6.333869058748173e-43,1.4373118348579649e-41,4.710533579935132e-22,1.0,6.5211690777751254e-37,1.9615167663244817e-29,2.5369095233505216e-22
TCN,43,4305,18,8,class_8,8,class_8,1,1.0,1.7482788937406845e-30,8.898245248462588e-43,3.8842655216772638e-22,1.2611686178923354e-44,5.605193857299268e-45,2.802596928649634e-45,0.0,4.144021535408071e-27,1.0,3.958556057840462e-40,4.0437708026161307e-32,4.934574439418705e-25
TCN,43,4306,18,8,class_8,8,class_8,1,1.0,5.7618971409290125e-37,0.0,1.233360753916348e-24,0.0,0.0,0.0,0.0,9.860642449273892e-30,1.0,2.382207389352189e-44,4.6992382075781464e-32,5.194738757682099e-33
TCN,43,4307,18,8,class_8,8,class_8,1,1.0,5.50380702046527e-31,0.0,1.417782309337504e-31,0.0,8.971112768607479e-42,0.0,0.0,5.506405656439274e-33,1.0,1.0705740901238169e-38,1.0233886879037452e-33,1.0729219937267624e-36
TCN,43,4308,18,8,class_8,8,class_8,1,1.0,3.981108555325306e-39,0.0,5.6420743648056e-29,0.0,0.0,0.0,0.0,4.762250416950082e-34,1.0,0.0,3.345524077146796e-36,6.3447730028915295e-34
TCN,43,4309,18,8,class_8,8,class_8,1,1.0,2.4363044285883258e-33,0.0,4.504299345414633e-36,0.0,0.0,0.0,0.0,3.365722729523205e-40,1.0,5.465064010866787e-44,4.278119370032808e-39,7.902837088224848e-39
TCN,43,4310,18,8,class_8,8,class_8,1,1.0,7.456928502593583e-38,0.0,9.69599800852032e-30,0.0,0.0,0.0,0.0,1.9648142414042313e-34,1.0,1.0789998175301091e-43,1.0098214117743387e-37,4.481656066210076e-37
TCN,43,4311,18,8,class_8,8,class_8,1,1.0,4.173607902848583e-35,0.0,6.667734565650184e-33,0.0,0.0,0.0,0.0,1.6604957435431303e-34,1.0,2.802596928649634e-45,6.416842286033955e-35,1.0370040011722904e-36
TCN,43,4312,18,8,class_8,8,class_8,1,1.0,4.51769157232639e-34,0.0,1.8437126914776126e-24,0.0,5.89946653480748e-43,0.0,0.0,4.2816484591413275e-30,1.0,1.1147749673243217e-40,8.573837623146252e-31,1.4982765184493267e-31
TCN,43,4313,18,8,class_8,8,class_8,1,1.0,8.693123179254722e-40,0.0,5.563746775967614e-35,0.0,0.0,0.0,0.0,8.13444655705732e-37,1.0,1.401298464324817e-45,2.6368642785925623e-35,1.8159006409646007e-40
TCN,43,4314,18,8,class_8,8,class_8,1,1.0,5.874243162449633e-42,0.0,1.7813703123524995e-34,0.0,0.0,0.0,0.0,6.445539318097358e-37,1.0,0.0,1.7510845154435917e-35,8.088294736082844e-42
TCN,43,4315,18,8,class_8,8,class_8,1,1.0,1.1210387714598537e-44,0.0,4.30717108979519e-41,0.0,0.0,0.0,0.0,2.5405541158208933e-42,1.0,0.0,1.3907144570237717e-39,0.0
TCN,43,4316,18,8,class_8,8,class_8,1,1.0,7.081370249923541e-35,0.0,5.398936820099315e-32,0.0,0.0,0.0,0.0,9.945426075475432e-35,1.0,1.708182828011952e-41,3.137270946650242e-36,5.682993560607583e-34
TCN,43,4317,18,8,class_8,8,class_8,1,1.0,4.101023494319192e-36,0.0,5.434288733630336e-25,4.160735400273247e-41,1.961817850054744e-43,0.0,0.0,5.625255565268656e-26,1.0,3.7378686455505683e-38,1.2875189549324877e-28,1.90058463236339e-24
TCN,43,4318,18,8,class_8,8,class_8,1,1.0,2.185198594709332e-32,8.800154355959851e-43,5.658772219023524e-24,1.0217716850781008e-37,1.312255335616686e-38,0.0,0.0,3.9526112930667945e-26,1.0,5.458001915022098e-37,2.685806085427706e-28,1.121261545443078e-26
TCN,43,4319,18,8,class_8,8,class_8,1,1.0,1.6290094647775998e-41,0.0,1.799211176254492e-39,0.0,0.0,0.0,0.0,3.1816537684433545e-39,1.0,1.401298464324817e-45,1.0820916424617954e-37,2.260574682648795e-41
TCN,43,5760,21,9,class_9,9,class_9,1,1.0,0.0,0.0,0.0,0.0,0.0,0.0,0.0,0.0,0.0,1.0,0.0,0.0
TCN,43,5761,21,9,class_9,9,class_9,1,1.0,0.0,0.0,0.0,0.0,0.0,0.0,0.0,0.0,0.0,1.0,0.0,0.0
TCN,43,5762,21,9,class_9,9,class_9,1,1.0,0.0,0.0,0.0,0.0,0.0,0.0,0.0,0.0,0.0,1.0,0.0,0.0
TCN,43,5763,21,9,class_9,9,class_9,1,1.0,0.0,0.0,0.0,0.0,0.0,0.0,0.0,0.0,0.0,1.0,0.0,0.0
TCN,43,5764,21,9,class_9,9,class_9,1,1.0,0.0,0.0,0.0,0.0,0.0,0.0,0.0,0.0,0.0,1.0,0.0,0.0
TCN,43,5765,21,9,class_9,9,class_9,1,1.0,0.0,0.0,0.0,0.0,0.0,0.0,0.0,0.0,0.0,1.0,0.0,0.0
TCN,43,5766,21,9,class_9,9,class_9,1,1.0,0.0,0.0,0.0,0.0,0.0,0.0,0.0,0.0,0.0,1.0,0.0,0.0
TCN,43,5767,21,9,class_9,9,class_9,1,1.0,0.0,0.0,0.0,0.0,0.0,0.0,0.0,0.0,0.0,1.0,0.0,0.0
TCN,43,5768,21,9,class_9,9,class_9,1,1.0,0.0,0.0,0.0,0.0,0.0,0.0,0.0,0.0,0.0,1.0,0.0,0.0
TCN,43,5769,21,9,class_9,9,class_9,1,1.0,0.0,0.0,0.0,0.0,0.0,0.0,0.0,0.0,0.0,1.0,0.0,0.0
TCN,43,5770,21,9,class_9,9,class_9,1,1.0,0.0,0.0,0.0,0.0,0.0,0.0,0.0,0.0,0.0,1.0,0.0,0.0
TCN,43,5771,21,9,class_9,9,class_9,1,1.0,0.0,0.0,0.0,0.0,0.0,0.0,0.0,0.0,0.0,1.0,0.0,0.0
TCN,43,5772,21,9,class_9,9,class_9,1,1.0,0.0,0.0,0.0,0.0,0.0,0.0,0.0,0.0,0.0,1.0,0.0,0.0
TCN,43,5773,21,9,class_9,9,class_9,1,1.0,0.0,0.0,0.0,0.0,0.0,0.0,0.0,0.0,0.0,1.0,0.0,0.0
TCN,43,5774,21,9,class_9,9,class_9,1,1.0,0.0,0.0,0.0,0.0,0.0,0.0,0.0,0.0,0.0,1.0,0.0,0.0
TCN,43,5775,21,9,class_9,9,class_9,1,1.0,0.0,0.0,0.0,0.0,0.0,0.0,0.0,0.0,0.0,1.0,0.0,0.0
TCN,43,5776,21,9,class_9,9,class_9,1,1.0,0.0,0.0,0.0,0.0,0.0,0.0,0.0,0.0,0.0,1.0,0.0,0.0
TCN,43,5777,21,9,class_9,9,class_9,1,1.0,0.0,0.0,0.0,0.0,0.0,0.0,0.0,0.0,0.0,1.0,0.0,0.0
TCN,43,5778,21,9,class_9,9,class_9,1,1.0,0.0,0.0,0.0,0.0,0.0,0.0,0.0,0.0,0.0,1.0,0.0,0.0
TCN,43,5779,21,9,class_9,9,class_9,1,1.0,0.0,0.0,0.0,0.0,0.0,0.0,0.0,0.0,0.0,1.0,0.0,0.0
TCN,43,5780,21,9,class_9,9,class_9,1,1.0,0.0,0.0,0.0,0.0,0.0,0.0,0.0,0.0,0.0,1.0,0.0,0.0
TCN,43,5781,21,9,class_9,9,class_9,1,1.0,0.0,0.0,0.0,0.0,0.0,0.0,0.0,0.0,0.0,1.0,0.0,0.0
TCN,43,5782,21,9,class_9,9,class_9,1,1.0,0.0,0.0,0.0,0.0,0.0,0.0,0.0,0.0,0.0,1.0,0.0,0.0
TCN,43,5783,21,9,class_9,9,class_9,1,1.0,0.0,0.0,0.0,0.0,0.0,0.0,0.0,0.0,0.0,1.0,0.0,0.0
TCN,43,5784,21,9,class_9,9,class_9,1,1.0,0.0,0.0,0.0,0.0,0.0,0.0,0.0,0.0,0.0,1.0,0.0,0.0
TCN,43,5785,21,9,class_9,9,class_9,1,1.0,0.0,0.0,0.0,0.0,0.0,0.0,0.0,0.0,0.0,1.0,0.0,0.0
TCN,43,5786,21,9,class_9,9,class_9,1,1.0,0.0,0.0,0.0,0.0,0.0,0.0,0.0,0.0,0.0,1.0,0.0,0.0
TCN,43,5787,21,9,class_9,9,class_9,1,1.0,0.0,0.0,0.0,0.0,0.0,0.0,0.0,0.0,0.0,1.0,0.0,0.0
TCN,43,5788,21,9,class_9,9,class_9,1,1.0,0.0,0.0,0.0,0.0,0.0,0.0,0.0,0.0,0.0,1.0,0.0,0.0
TCN,43,5789,21,9,class_9,9,class_9,1,1.0,0.0,0.0,0.0,0.0,0.0,0.0,0.0,0.0,0.0,1.0,0.0,0.0
TCN,43,5790,21,9,class_9,9,class_9,1,1.0,0.0,0.0,0.0,0.0,0.0,0.0,0.0,0.0,0.0,1.0,0.0,0.0
TCN,43,5791,21,9,class_9,9,class_9,1,1.0,0.0,0.0,0.0,0.0,0.0,0.0,0.0,0.0,0.0,1.0,0.0,0.0
TCN,43,5792,21,9,class_9,9,class_9,1,1.0,0.0,0.0,0.0,0.0,0.0,0.0,0.0,0.0,0.0,1.0,0.0,0.0
TCN,43,5793,21,9,class_9,9,class_9,1,1.0,0.0,0.0,0.0,0.0,0.0,0.0,0.0,0.0,0.0,1.0,0.0,0.0
TCN,43,5794,21,9,class_9,9,class_9,1,1.0,0.0,0.0,0.0,0.0,0.0,0.0,0.0,0.0,0.0,1.0,0.0,0.0
TCN,43,5795,21,9,class_9,9,class_9,1,1.0,0.0,0.0,0.0,0.0,0.0,0.0,0.0,0.0,0.0,1.0,0.0,0.0
TCN,43,5796,21,9,class_9,9,class_9,1,1.0,0.0,0.0,0.0,0.0,0.0,0.0,0.0,0.0,0.0,1.0,0.0,0.0
TCN,43,5797,21,9,class_9,9,class_9,1,1.0,0.0,0.0,0.0,0.0,0.0,0.0,0.0,0.0,0.0,1.0,0.0,0.0
TCN,43,5798,21,9,class_9,9,class_9,1,1.0,0.0,0.0,0.0,0.0,0.0,0.0,0.0,0.0,0.0,1.0,0.0,0.0
TCN,43,5799,21,9,class_9,9,class_9,1,1.0,0.0,0.0,0.0,0.0,0.0,0.0,0.0,0.0,0.0,1.0,0.0,0.0
TCN,43,5800,21,10,class_10,10,class_10,1,1.0,2.3792914458835607e-29,5.612121536828568e-32,1.7120853286393182e-30,9.001019280433099e-38,4.912670990349621e-34,1.5088902052786682e-20,0.0,9.745793802100897e-16,3.921302525400172e-24,3.00628540225736e-28,1.0,3.4618150674662975e-33
TCN,43,5801,21,10,class_10,10,class_10,1,0.9999914169311523,1.4311598908124299e-15,3.39266890405851e-13,1.4403941381242779e-15,2.730470493507301e-22,9.609808816642976e-18,7.765815439597645e-07,3.4258306265292066e-25,1.938577952387277e-06,5.841935944772558e-06,5.229130461970044e-10,0.9999914169311523,7.83389093883275e-15
TCN,43,5802,21,10,class_10,10,class_10,1,1.0,4.624284932271896e-44,0.0,1.6535321879032841e-43,0.0,0.0,2.6581744184900987e-35,0.0,7.700187668623034e-22,1.1415149521463448e-27,2.9068159795965566e-38,1.0,2.802596928649634e-45
TCN,43,5803,21,10,class_10,10,class_10,1,1.0,3.876622307143657e-17,1.519783783413345e-14,2.4558609815666086e-19,3.2278048850868844e-23,3.2310055229403035e-17,3.0624044966565123e-10,2.9915439627585407e-25,6.693159804171955e-09,5.541195835512269e-10,3.498119328926297e-12,1.0,4.2601102800846145e-15
TCN,43,5804,21,10,class_10,10,class_10,1,1.0,1.3966708162762308e-37,8.223323856105184e-40,5.743037077363616e-33,8.177335267702874e-33,2.0038568039844884e-43,8.08380129975738e-31,0.0,5.662705149234171e-08,6.276044197168859e-20,9.601686574998357e-25,1.0,7.316053994946772e-36
TCN,43,5805,21,10,class_10,10,class_10,1,1.0,1.6112497671142706e-20,5.684354786357219e-28,2.122615762163136e-19,8.978666743286957e-29,4.340512612054234e-27,4.8981261673225285e-21,9.198888296051947e-36,1.506320589095278e-11,1.1640227448594942e-08,4.701921107067581e-20,1.0,5.176571398158573e-21
TCN,43,5806,21,10,class_10,10,class_10,1,1.0,2.650764001941874e-26,5.9925522071902726e-27,3.8932470447585845e-26,1.2379139604536705e-24,4.2784059935796125e-27,5.555193835534919e-22,3.914521206482011e-37,1.5639650685628226e-10,1.05285063707692e-13,7.06464851807244e-18,1.0,5.777244794987446e-27
TCN,43,5807,21,10,class_10,10,class_10,1,1.0,3.02616821583908e-20,8.414735888642746e-25,2.441415165537568e-23,1.6043832382786176e-24,4.830446969297021e-24,2.3044995956725342e-19,2.104930086390339e-29,2.0522212401674622e-13,2.0367379437597746e-15,2.892573053915511e-20,1.0,1.1085310729525948e-21
TCN,43,5808,21,10,class_10,10,class_10,1,1.0,0.0,0.0,0.0,0.0,0.0,1.2990036764291054e-42,0.0,2.2779729474037243e-19,1.2474466539097074e-32,1.176384007191318e-37,1.0,0.0
TCN,43,5809,21,10,class_10,10,class_10,1,1.0,0.0,0.0,0.0,0.0,0.0,0.0,0.0,3.590384430010331e-30,0.0,0.0,1.0,0.0
TCN,43,5810,21,10,class_10,10,class_10,1,1.0,6.1328797962807015e-28,3.844479665042269e-29,5.3446882480118615e-27,7.845532168348529e-30,1.8489534021202488e-31,7.956199916746903e-23,5.68829085623373e-41,1.1498072494120493e-09,7.363980564860351e-16,2.0421252724480444e-19,1.0,3.8253652557155254e-26
TCN,43,5811,21,10,class_10,10,class_10,1,1.0,7.5093020492288305e-25,1.3925357268652596e-24,3.0266154406500004e-22,1.2653024483620936e-40,1.6899035357115826e-34,2.4432038614463636e-08,5.521115949439779e-43,1.1581885151946974e-17,8.139844211127458e-23,5.521984929053278e-28,1.0,3.763937613310368e-31
TCN,43,5812,21,10,class_10,10,class_10,1,1.0,5.238004894459608e-38,1.70411906246541e-40,5.953961630786608e-39,8.976717962464778e-42,3.4051552683093055e-43,4.370276877571857e-31,0.0,9.277029093129218e-18,3.5959805956219405e-28,1.5530123549504507e-31,1.0,6.128809005405144e-36
TCN,43,5813,21,10,class_10,10,class_10,1,1.0,8.169570047013684e-43,1.401298464324817e-45,1.3672441090447954e-39,9.80908925027372e-45,0.0,7.082813081995454e-32,0.0,1.857783731276362e-16,3.9961889659593935e-31,1.2793542358342291e-33,1.0,7.721888818825048e-39
TCN,43,5814,21,10,class_10,10,class_10,1,0.9999217987060547,1.0475995071423938e-11,1.8925039486916706e-12,4.9813434627177244e-11,7.544984623545899e-16,4.13264325646763e-14,2.8724942424673827e-09,3.563192571545168e-18,1.1711107617884409e-05,6.634528836002573e-05,1.2603015875356505e-07,0.9999217987060547,2.6467705804833486e-09
TCN,43,5815,21,10,class_10,10,class_10,1,1.0,3.632165619529926e-42,0.0,1.349464434129442e-40,5.605193857299268e-45,0.0,4.105741321955146e-33,0.0,3.873139466483225e-14,9.33773497952145e-27,1.2510071675236306e-31,1.0,4.316363607721161e-40
TCN,43,5816,21,10,class_10,10,class_10,1,1.0,1.2738214371919806e-19,2.7148952237946175e-21,1.3032727343816623e-20,5.301877547953636e-21,5.016135012956386e-22,8.016340141605433e-15,2.999845634191126e-29,4.466195191454858e-10,1.7933103613199108e-10,1.2164783611857966e-13,1.0,1.2651958497958705e-20
TCN,43,5817,21,10,class_10,10,class_10,1,1.0,7.390813398058998e-35,3.550060739908206e-36,4.7882990962578155e-34,1.401298464324817e-45,6.282021015568155e-42,2.050169470619184e-22,0.0,3.159990082119156e-17,1.635228291318438e-24,4.8396329639455835e-31,1.0,8.367124162841628e-36
TCN,43,5818,21,10,class_10,10,class_10,1,1.0,3.959953143796739e-15,1.6034817333688308e-19,6.240461769941262e-16,6.2916552666768424e-18,6.566433059788988e-20,8.413017868079062e-14,3.140201250473367e-23,1.3567622580978878e-08,7.360203592432502e-12,1.9471877994552134e-14,1.0,2.8700718695097785e-14
TCN,43,5819,21,10,class_10,10,class_10,1,1.0,6.121162407530096e-23,1.1690836826276742e-21,1.2523395640046077e-23,3.4370837918608375e-29,3.216910430023704e-25,7.646415442551062e-15,4.567443544205478e-33,2.020453438887279e-14,4.20852693560788e-19,5.057136090059684e-22,1.0,1.7324619614561783e-26
TCN,43,5820,21,10,class_10,10,class_10,1,1.0,0.0,0.0,0.0,0.0,0.0,0.0,0.0,2.068284303910234e-29,0.0,0.0,1.0,0.0
TCN,43,5821,21,10,class_10,10,class_10,1,1.0,4.742323228211632e-28,2.528318842333352e-31,1.057316159798527e-28,6.36416385663369e-27,1.9320179471795796e-31,8.652257962900266e-25,9.626920449911493e-42,2.5126996837376847e-12,1.0738929655812935e-20,7.202932062159777e-21,1.0,1.9772197699222012e-27
TCN,43,5822,21,10,class_10,10,class_10,1,1.0,2.841255113476491e-24,5.764619997564269e-23,3.8432057225693677e-28,5.3239607181860014e-24,1.31310670282514e-23,1.2190033863603958e-20,3.4670599763228727e-34,8.629913190311145e-13,5.6905521961247985e-12,7.539749206919577e-12,1.0,8.982022268557313e-22
TCN,43,5823,21,10,class_10,10,class_10,1,1.0,2.2560905275629555e-42,1.401298464324817e-45,7.509558470316695e-42,1.401298464324817e-44,0.0,2.3950926986744503e-35,0.0,7.5230877299809665e-19,1.520625570940098e-28,9.855358412618482e-34,1.0,2.7053496178224205e-39
TCN,43,5824,21,10,class_10,10,class_10,1,1.0,9.80908925027372e-44,5.465064010866787e-44,2.8401237015242527e-40,5.639805929368091e-41,0.0,9.292502330086e-34,0.0,3.1657229069852915e-16,3.7225537534951696e-25,5.856715815260098e-31,1.0,1.381820415670702e-41
TCN,43,5825,21,10,class_10,10,class_10,1,1.0,1.401828527329204e-35,9.76116484279381e-41,1.630828171714921e-34,1.18306024149087e-40,1.1770907100328463e-43,3.8301505657000957e-28,0.0,3.617215489196822e-17,1.6164716749974903e-26,1.5036472345887986e-31,1.0,5.4062090893690745e-33
TCN,43,5826,21,10,class_10,10,class_10,1,1.0,1.500699057141117e-27,1.556638534970195e-28,1.7050015551784382e-29,4.632170946772057e-34,2.043593167322624e-31,2.4694506825748347e-22,9.711558877156712e-41,9.273853513670403e-16,9.017991197735582e-17,1.1070899692291626e-21,1.0,1.5076484671966473e-26
TCN,43,5827,21,10,class_10,10,class_10,1,1.0,2.554087343003377e-29,9.556013229317619e-32,1.1165390021172484e-29,5.370735887777043e-31,1.6096127605908491e-31,1.0860588586591837e-27,4.335617448620984e-42,3.656433879631327e-14,6.278047268788896e-15,4.003794887239604e-20,1.0,5.850341540096719e-27
TCN,43,5828,21,10,class_10,10,class_10,1,1.0,4.658123263380658e-37,3.508290835283612e-41,6.30589811901289e-35,2.2308671552051088e-39,1.9169762991963498e-42,4.9148927202230816e-30,0.0,5.437361774683082e-16,7.615357227190167e-22,5.634995293322123e-30,1.0,2.6646543081401325e-33
TCN,43,5829,21,10,class_10,10,class_10,1,1.0,4.8724548903038214e-40,8.099505123797443e-42,1.226188004327395e-39,3.605568974677041e-40,8.267660939516421e-44,6.808357485471115e-32,0.0,1.56670251744955e-18,1.9180328612432704e-27,4.358422722340425e-31,1.0,7.03429408315629e-39
TCN,43,5830,21,10,class_10,10,class_10,1,0.9999572038650513,2.7441623192542286e-13,1.3082960677472991e-15,2.6702755675026e-13,3.273821728169918e-15,1.8135217599197926e-16,9.470159709592044e-14,1.1263913079384212e-20,8.518192771589383e-06,3.4157066693296656e-05,8.407590734726966e-10,0.9999572038650513,1.8786206368304192e-08
TCN,43,5831,21,10,class_10,10,class_10,1,1.0,2.7146548684217445e-30,7.418042048697991e-35,2.7941923671317155e-28,3.3656786578838384e-32,1.7052101022393456e-36,2.9693347510855894e-28,1.401298464324817e-45,7.392334357494978e-13,1.1519021278277516e-15,1.8813423316887338e-21,1.0,1.7968094379396935e-25
TCN,43,5832,21,10,class_10,10,class_10,1,1.0,1.3114510384018185e-21,5.972348026054604e-22,1.6040429560274024e-21,1.475376183045451e-21,1.0655957089096946e-22,5.090764172744554e-19,7.823449425513529e-29,1.6336133557004473e-09,3.0046803803709943e-13,2.9689992191118605e-14,1.0,1.1575436451891511e-17
TCN,43,5833,21,10,class_10,10,class_10,1,1.0,3.9013256272589724e-38,6.038475342468502e-41,6.199980595675794e-39,2.2719532261791124e-39,1.0426711548424883e-39,3.620055617034682e-34,0.0,3.513071216688742e-19,7.96215865648058e-21,3.4437659261735106e-28,1.0,2.1487079276237487e-36
TCN,43,5834,21,10,class_10,10,class_10,1,1.0,1.1559030772522551e-39,1.577862070829744e-42,5.7307451550283e-38,4.858703948473402e-39,2.5223372357846707e-44,2.3434179670123025e-33,0.0,2.500417172795257e-16,2.341945209086399e-24,1.0716373748649906e-29,1.0,2.5275011887815234e-37
TCN,43,5835,21,10,class_10,10,class_10,1,1.0,0.0,0.0,0.0,0.0,0.0,0.0,0.0,2.3976492446038552e-30,0.0,0.0,1.0,0.0
TCN,43,5836,21,10,class_10,10,class_10,1,1.0,7.917336323435216e-43,0.0,6.070424947455108e-42,0.0,0.0,5.462589976949587e-35,0.0,7.623532401010251e-20,4.708214482275065e-30,3.043160728300306e-36,1.0,1.8518117167098528e-39
TCN,43,5837,21,10,class_10,10,class_10,1,1.0,9.096431081185878e-22,1.0993878595167212e-22,1.0092673799623142e-21,5.486466952130048e-25,1.2201879600905149e-23,7.29480159734797e-18,1.0047568056308884e-30,2.0489661356482003e-10,5.080504972884009e-14,2.3593149833702875e-16,1.0,3.044928866002239e-19
TCN,43,5838,21,10,class_10,10,class_10,1,1.0,7.563976611900139e-27,3.3488242436328274e-25,6.206551758886465e-26,2.0905039174687193e-35,1.9530348504787788e-29,4.616707021593057e-16,6.3190993729341896e-40,8.288994541612435e-16,1.637542058313438e-19,1.215561903037456e-21,1.0,2.5916490556353152e-28
TCN,43,5839,21,10,class_10,10,class_10,1,1.0,2.8773807143156793e-31,1.615243745414095e-35,2.3006206495028013e-31,3.0634131337231416e-30,2.159686574203511e-36,1.2302139325875284e-29,1.5694542800437951e-43,3.1824474560617974e-14,4.6779095240694585e-21,1.0706155148395418e-22,1.0,9.615206171799648e-26
TCN,43,5840,21,11,class_11,11,class_11,1,1.0,0.0,0.0,0.0,0.0,0.0,0.0,0.0,1.6975805968242055e-25,1.363328191812498e-30,5.672437350135499e-37,0.0,1.0
TCN,43,5841,21,11,class_11,11,class_11,1,1.0,0.0,0.0,0.0,2.347759269203692e-39,0.0,0.0,9.851548593742761e-41,3.5901425574458056e-35,1.1004698119512618e-38,2.6624670822171524e-44,0.0,1.0
TCN,43,5842,21,11,class_11,11,class_11,1,1.0,0.0,0.0,0.0,0.0,0.0,0.0,0.0,0.0,0.0,0.0,0.0,1.0
TCN,43,5843,21,11,class_11,11,class_11,1,1.0,0.0,0.0,0.0,0.0,0.0,0.0,0.0,0.0,0.0,0.0,0.0,1.0
TCN,43,5844,21,11,class_11,11,class_11,1,1.0,0.0,0.0,0.0,9.160288061291329e-42,0.0,0.0,5.605193857299268e-45,4.818642439303854e-27,2.2448324516841036e-32,1.4967604007331246e-34,0.0,1.0
TCN,43,5845,21,11,class_11,11,class_11,1,1.0,0.0,0.0,0.0,0.0,0.0,0.0,0.0,0.0,0.0,0.0,0.0,1.0
TCN,43,5846,21,11,class_11,11,class_11,1,1.0,0.0,0.0,0.0,4.203895392974451e-45,0.0,0.0,0.0,1.60869063704489e-42,5.605193857299268e-45,0.0,0.0,1.0
TCN,43,5847,21,11,class_11,11,class_11,1,1.0,5.044674471569341e-44,0.0,0.0,5.379389743796739e-38,0.0,0.0,2.3902242178665913e-38,1.7867502847753002e-30,5.2191076739296064e-34,1.4782879319284883e-37,4.203895392974451e-45,1.0
TCN,43,5848,21,11,class_11,11,class_11,1,1.0,3.566364338589023e-35,2.550363205071167e-43,0.0,1.8748509720699944e-29,3.780563126901924e-41,0.0,1.4053820194306796e-30,2.8290349826550603e-31,2.3320035495238335e-33,3.093891230349831e-36,1.401298464324817e-44,1.0
TCN,43,5849,21,11,class_11,11,class_11,1,1.0,0.0,0.0,0.0,0.0,0.0,0.0,0.0,0.0,0.0,0.0,0.0,1.0
TCN,43,5850,21,11,class_11,11,class_11,1,1.0,0.0,0.0,0.0,1.3534301087834813e-40,0.0,0.0,6.025583396596713e-44,1.5770715504770357e-31,1.740973857795485e-35,5.885453550164232e-42,0.0,1.0
TCN,43,5851,21,11,class_11,11,class_11,1,1.0,0.0,0.0,0.0,0.0,0.0,0.0,0.0,0.0,0.0,0.0,0.0,1.0
TCN,43,5852,21,11,class_11,11,class_11,1,1.0,1.0789998175301091e-43,0.0,0.0,1.4685272993549032e-34,2.802596928649634e-45,0.0,1.8072549433305726e-36,3.490476061828859e-30,6.320712562075617e-34,9.192013548206745e-36,4.203895392974451e-45,1.0
TCN,43,5853,21,11,class_11,11,class_11,1,1.0,0.0,0.0,0.0,0.0,0.0,0.0,0.0,0.0,0.0,0.0,0.0,1.0
TCN,43,5854,21,11,class_11,11,class_11,1,1.0,0.0,0.0,0.0,0.0,0.0,0.0,0.0,0.0,0.0,0.0,0.0,1.0
TCN,43,5855,21,11,class_11,11,class_11,1,1.0,0.0,0.0,0.0,0.0,0.0,0.0,0.0,0.0,0.0,0.0,0.0,1.0
TCN,43,5856,21,11,class_11,11,class_11,1,1.0,4.0637655465419695e-44,0.0,0.0,4.162945247951487e-39,0.0,0.0,2.257589916919783e-40,8.471732491121963e-28,1.529496675097844e-29,8.021129700893855e-33,2.942726775082116e-44,1.0
TCN,43,5857,21,11,class_11,11,class_11,1,1.0,0.0,0.0,0.0,4.4515463100551904e-38,0.0,0.0,1.89169687489993e-40,5.970077375111251e-27,1.9136802353067519e-31,3.0147598836486333e-36,3.363116314379561e-44,1.0
TCN,43,5858,21,11,class_11,11,class_11,1,1.0,6.025583396596713e-44,0.0,0.0,9.387959267199486e-33,9.80908925027372e-45,0.0,1.0662143255000587e-36,1.844959260395251e-30,9.899971178297073e-34,2.0109548627529653e-35,4.203895392974451e-45,1.0
TCN,43,5859,21,11,class_11,11,class_11,1,1.0,0.0,2.228064558276459e-43,0.0,4.987781753917754e-41,0.0,0.0,5.537931531011677e-42,6.804068288570298e-26,4.2485087719396687e-29,1.3693415977333385e-32,2.872661851865875e-43,1.0
TCN,43,5860,21,11,class_11,9,class_9,0,0.998345136642456,3.407743742023435e-23,9.70605559432922e-23,7.006492321624085e-45,7.24895203642516e-23,1.2883792123441484e-11,1.871139826428285e-40,7.554833991342539e-26,4.65560361023373e-27,2.894623032040029e-21,0.998345136642456,4.108549110700256e-30,0.0016548865241929889
TCN,43,5861,21,11,class_11,0,class_0,0,0.515887975692749,0.515887975692749,6.855581159470603e-05,7.578991062473506e-05,4.691150650160125e-07,1.020047056954354e-05,3.380448143630588e-10,0.00036199696478433907,1.6291352267217007e-07,0.37120288610458374,3.337372618261725e-05,8.202515333621818e-10,0.11235856264829636
TCN,43,5862,21,11,class_11,11,class_11,1,1.0,1.3960624983077967e-16,2.3319392804163923e-27,1.1380435710028298e-30,3.567023515143605e-24,3.966051356665102e-27,1.4953257033848894e-37,1.5775865857989168e-19,9.581832216080002e-22,2.2193408036030442e-16,5.7572989739333655e-24,2.0945062668075154e-32,1.0
TCN,43,5863,21,11,class_11,11,class_11,1,1.0,1.9635608417001293e-10,4.581554291816968e-21,9.131457559493076e-26,3.820611591761976e-18,3.827703838334006e-17,4.289416125811561e-29,3.2134942628972776e-14,1.1109451801832852e-19,5.819999430306533e-13,1.0910045698010167e-19,1.0002352603286086e-25,1.0
TCN,43,5864,21,11,class_11,11,class_11,1,1.0,2.0585365616504906e-17,9.43828074625508e-30,4.351664446011169e-37,1.7989294523186684e-24,1.6535763085053604e-24,1.556357604466369e-38,1.1334827661039295e-20,1.5304137487705816e-28,5.381371333498215e-19,5.911193583731443e-30,6.7722410643905736e-34,1.0
TCN,43,5865,21,11,class_11,11,class_11,1,1.0,0.0,0.0,0.0,0.0,0.0,0.0,0.0,0.0,0.0,0.0,0.0,1.0
TCN,43,5866,21,11,class_11,11,class_11,1,1.0,2.878033475053063e-35,7.595037676640509e-42,0.0,3.507408452572863e-33,1.5360640415844515e-35,0.0,1.0911609066310182e-30,5.094140307360007e-41,1.5577235902093928e-38,3.433181237595802e-43,0.0,1.0
TCN,43,5867,21,11,class_11,11,class_11,1,1.0,6.74024561340237e-43,0.0,0.0,5.311209780012381e-36,1.7615016740601256e-36,0.0,1.1522497239999446e-37,0.0,2.6624670822171524e-44,0.0,0.0,1.0
TCN,43,5868,21,11,class_11,11,class_11,1,1.0,8.779408827534439e-30,6.160083554923155e-34,2.802596928649634e-45,2.611770545767041e-25,3.759489072489116e-31,0.0,1.6522577028503802e-25,4.117122553357301e-28,2.5370166823853686e-29,1.7086690614418172e-27,5.059528235291185e-41,1.0
TCN,43,5869,21,11,class_11,11,class_11,1,1.0,0.0,0.0,0.0,3.461207206882298e-43,0.0,0.0,5.74532370373175e-44,6.002686009291753e-35,2.6262409385251816e-37,2.4321101500040315e-38,0.0,1.0
TCN,43,5870,21,11,class_11,11,class_11,1,1.0,2.8663560087764133e-41,0.0,0.0,5.211594342042785e-39,0.0,0.0,1.9732463919142685e-37,6.094796437966367e-35,2.1398339282018353e-35,7.674609008638729e-39,0.0,1.0
TCN,43,5871,21,11,class_11,4,class_4,0,0.9951653480529785,1.6812100519516485e-16,1.616526248585676e-16,1.1788887441183908e-37,1.443288414129662e-12,0.9951653480529785,1.884831952735352e-34,2.302790692225788e-19,2.4796257515278275e-27,4.88146783222909e-18,0.003196512348949909,2.1349612022911352e-29,0.001638186746276915
TCN,43,5872,21,11,class_11,11,class_11,1,1.0,9.896949790473475e-34,1.8860076031347713e-40,0.0,7.52535504020097e-34,4.425300550337772e-42,0.0,2.2900510744979476e-32,8.450240268500568e-27,5.77378293591241e-28,7.148259200175225e-31,3.1529215447308384e-43,1.0
TCN,43,5873,21,11,class_11,11,class_11,1,1.0,1.3765585399371624e-39,3.607515378243988e-39,0.0,3.1331430576859722e-37,1.387294842597388e-35,0.0,9.822541715531238e-41,1.924712868017887e-39,3.3919209815187705e-32,4.5489381407166656e-35,1.401298464324817e-45,1.0
TCN,43,5874,21,11,class_11,11,class_11,1,1.0,8.148785988190818e-39,3.0828566215145976e-44,0.0,5.961877005292193e-37,3.4683874602134985e-39,0.0,1.6053975856537267e-40,1.741888764441804e-37,2.2589743892859367e-30,3.8782707586694745e-36,1.401298464324817e-45,1.0
TCN,43,5875,21,11,class_11,11,class_11,1,1.0,4.769928888161496e-39,6.478202800573629e-41,0.0,1.5791754977910067e-35,7.626454788210671e-39,0.0,1.9141564382706196e-37,2.903646242470254e-38,2.0675337554692112e-30,5.51228445980808e-35,0.0,1.0
TCN,43,5876,21,11,class_11,11,class_11,1,1.0,8.491168044576229e-41,5.773349673018246e-41,0.0,6.487848487212575e-36,3.818318681369022e-36,0.0,4.159053842116057e-42,3.481547576854773e-33,3.308244006073094e-25,1.195296243087171e-23,4.624284932271896e-44,1.0
TCN,43,5877,21,11,class_11,11,class_11,1,1.0,2.0401224082412147e-40,9.989996882018053e-41,0.0,2.9398975960821174e-34,1.4835885216149616e-35,0.0,1.4941260797955503e-39,1.8078713733143072e-33,3.181248771022903e-27,1.0032383243722927e-26,2.9987787136551085e-43,1.0
TCN,43,5878,21,11,class_11,11,class_11,1,1.0,1.7083987681053045e-38,2.945324502175281e-38,0.0,7.559749931437633e-31,1.7160703384262493e-34,0.0,3.3875838734293793e-35,5.1250768502359585e-34,2.603546013907445e-31,2.545955404739756e-29,4.203895392974451e-45,1.0
TCN,43,5879,21,11,class_11,11,class_11,1,0.9999982118606567,5.507951317262894e-10,2.1123212409459722e-19,8.928867946125036e-18,4.579556537546553e-20,1.5380607618920934e-20,6.862758923621159e-26,4.356472559812526e-15,3.220250197684578e-14,1.7319628113909857e-06,1.8807633910282364e-15,6.81831165657466e-21,0.9999982118606567
TCN,43,5880,21,0,class_0,0,class_0,1,1.0,1.0,0.0,3.997078268302586e-36,0.0,0.0,0.0,0.0,0.0,0.0,0.0,0.0,0.0
TCN,43,5881,21,0,class_0,0,class_0,1,1.0,1.0,2.381927129659324e-41,1.6708486152404008e-24,6.795006653409251e-36,1.1853777787543067e-33,1.6359607571501172e-36,2.3415997931656872e-29,1.0194032477756792e-32,6.77196794195158e-31,6.485933764201309e-39,0.0,1.4846945253772207e-25
TCN,43,5882,21,0,class_0,0,class_0,1,1.0,1.0,0.0,4.756105078810932e-40,0.0,0.0,0.0,0.0,0.0,1.401298464324817e-45,0.0,0.0,2.382207389352189e-44
TCN,43,5883,21,0,class_0,0,class_0,1,1.0,1.0,0.0,2.6367236554890704e-35,0.0,0.0,0.0,2.4718904910689773e-42,1.1350517561031018e-43,2.9610165226384834e-39,0.0,0.0,1.9437596194254583e-36
TCN,43,5884,21,0,class_0,0,class_0,1,1.0,1.0,0.0,1.2611686178923354e-44,0.0,0.0,0.0,0.0,0.0,0.0,0.0,0.0,0.0
TCN,43,5885,21,0,class_0,0,class_0,1,1.0,1.0,1.5464845209689853e-25,3.803573341704114e-12,1.8726259984435235e-16,3.510416871651242e-20,6.4012132038110935e-22,4.0757552531806105e-15,3.8382606481836526e-17,1.4381046146852944e-17,8.149230519939884e-22,4.472252746359858e-34,1.247530046931053e-13
TCN,43,5886,21,0,class_0,0,class_0,1,1.0,1.0,0.0,9.5708685113385e-43,0.0,0.0,0.0,0.0,0.0,0.0,0.0,0.0,0.0
TCN,43,5887,21,0,class_0,0,class_0,1,1.0,1.0,9.938695650326685e-31,7.363418876137203e-16,5.304092171604266e-25,9.35817704647021e-25,1.8652242627616009e-25,1.5861712049345372e-22,1.1072546581426238e-21,4.5555695922522224e-21,4.490249813370453e-28,2.6896256477542317e-39,2.3222562165931155e-18
TCN,43,5888,21,0,class_0,0,class_0,1,1.0,1.0,2.098906038872989e-24,1.4226971163655566e-11,2.6834069414069647e-15,6.236885570368175e-18,8.317721774518666e-24,3.500612300033623e-10,4.7148393288654895e-18,1.1704408565995007e-20,1.71062517795486e-20,1.3320082093919096e-34,3.3434546126977997e-15
TCN,43,5889,21,0,class_0,0,class_0,1,1.0,1.0,0.0,4.2217518590456495e-38,0.0,0.0,0.0,0.0,0.0,3.2229864679470793e-44,0.0,0.0,4.784173087051358e-41
TCN,43,5890,21,0,class_0,0,class_0,1,1.0,1.0,8.648109185627528e-23,7.515735256369283e-10,4.231991750851087e-15,1.4887903714172772e-16,4.785954740926013e-22,1.198280780156935e-10,1.777151223955877e-16,1.2735743169839804e-18,6.71910384674334e-19,1.7607605278565857e-31,1.8739346114074722e-15
TCN,43,5891,21,0,class_0,0,class_0,1,1.0,1.0,0.0,1.6928091825598444e-39,0.0,3.659575017492119e-39,0.0,1.1140322791382296e-42,0.0,2.802596928649634e-45,0.0,0.0,0.0
TCN,43,5892,21,0,class_0,0,class_0,1,1.0,1.0,1.0589005162450345e-24,3.230426451512891e-13,2.0427749328633132e-16,6.311390968911745e-18,1.9738607632099152e-25,2.6777362549523787e-08,5.272879358331526e-19,6.266229384161426e-22,4.978542319834622e-22,4.6079352723500376e-35,1.3379423069279833e-17
TCN,43,5893,21,0,class_0,0,class_0,1,1.0,1.0,1.3690909235630256e-32,6.812368188004528e-14,5.440948400450529e-32,3.4762533829957693e-25,1.677946151504997e-30,1.2068690297819896e-24,8.580970522867042e-31,2.2486230800721437e-30,4.8721188229691526e-33,1.401298464324817e-45,3.942784470850124e-30
TCN,43,5894,21,0,class_0,0,class_0,1,1.0,1.0,0.0,4.847451317932225e-30,0.0,6.512510790875694e-39,0.0,6.543325019004953e-36,0.0,1.401298464324817e-45,0.0,0.0,0.0
TCN,43,5895,21,0,class_0,0,class_0,1,1.0,1.0,8.176980202976135e-36,1.7103145341532248e-17,4.840261148126663e-31,4.80868475556414e-29,1.8792085989826594e-32,2.188289751061387e-28,4.105933588749903e-31,1.1772558544976727e-28,2.6195825486517443e-33,0.0,6.797160478601567e-28
TCN,43,5896,21,0,class_0,0,class_0,1,1.0,1.0,2.3928072593518505e-37,3.1238542007514094e-17,9.63726360203249e-36,1.639210205404497e-27,7.01819560766572e-36,1.519075681937359e-23,5.073120229518354e-35,1.8062230639115155e-34,1.2817549254759155e-37,0.0,1.2684052406402888e-34
TCN,43,5897,21,0,class_0,0,class_0,1,1.0,1.0,5.605193857299268e-45,2.8875467656197827e-27,2.1944308727954277e-38,2.136685262120281e-35,4.513372158820587e-40,1.6876594588088925e-29,2.0384660510356073e-35,3.741173136649137e-33,3.2818410034487216e-41,0.0,1.7693536454678764e-29
TCN,43,5898,21,0,class_0,0,class_0,1,1.0,1.0,2.5769878758933386e-42,1.4476656656570826e-24,1.2856191909626885e-36,9.832076277632508e-34,1.0260222515572087e-35,1.1234213616740812e-30,4.768306141402236e-33,4.2678387891236865e-29,6.48702257310809e-39,0.0,4.445004326372953e-27
TCN,43,5899,21,0,class_0,0,class_0,1,1.0,1.0,0.0,3.9275593358095973e-41,0.0,0.0,0.0,2.5223372357846707e-44,0.0,3.5032461608120427e-44,0.0,0.0,1.3312335411085762e-43
TCN,43,5900,21,0,class_0,0,class_0,1,1.0,1.0,1.2123126569031045e-26,2.0693565472838273e-15,2.9369631697643646e-25,1.7336929743696885e-17,8.724934886096542e-27,9.930433220316942e-16,2.962425072964812e-26,1.7316396802121885e-22,1.9961835546754068e-25,1.148266632887552e-35,1.1383720155145196e-25
TCN,43,5901,21,0,class_0,0,class_0,1,1.0,1.0,2.9192997552516564e-35,2.7525541236771286e-19,7.073702559966199e-35,3.371386720623609e-23,4.158020606688502e-34,7.822254364266251e-22,2.780403905250909e-34,2.7204187404017925e-30,3.049113419065489e-34,0.0,2.3692332923242985e-33
TCN,43,5902,21,0,class_0,0,class_0,1,1.0,1.0,1.401298464324817e-45,1.838417798902134e-31,2.1612226215281654e-41,3.570782262374211e-31,1.961817850054744e-44,1.9563051592228653e-32,6.831330013583483e-42,9.429347247797588e-32,4.858582035507006e-41,0.0,1.4136872506878039e-33
TCN,43,5903,21,0,class_0,0,class_0,1,1.0,1.0,4.928223654483143e-37,8.849146285246396e-22,2.9931441032812687e-31,7.5675628783458625e-25,6.6761706245497935e-37,3.423606851303216e-21,1.0472705454138293e-32,7.02089485746137e-30,2.961489627330998e-32,0.0,2.4060525433873751e-29
TCN,43,5904,21,0,class_0,0,class_0,1,1.0,1.0,2.8665194275306996e-34,1.2116980018401402e-18,8.52721418172742e-34,2.3482801960288217e-23,1.704516767202227e-33,3.64253020443383e-23,4.482861950218014e-33,2.9670007045489243e-29,2.694040271011148e-32,1.401298464324817e-45,1.0983306698546496e-31
TCN,43,5905,21,0,class_0,0,class_0,1,1.0,1.0,6.922414413764596e-43,6.74995612825763e-27,9.531211764798108e-41,1.8148955691950045e-29,3.9866941310041046e-42,1.23003163128123e-28,9.823102234916968e-42,1.1581773510286911e-36,8.083670451150572e-41,0.0,9.440258526153256e-38
TCN,43,5906,21,0,class_0,0,class_0,1,1.0,1.0,0.0,0.0,0.0,0.0,0.0,0.0,0.0,1.401298464324817e-45,0.0,0.0,0.0
TCN,43,5907,21,0,class_0,0,class_0,1,1.0,1.0,2.550449659581222e-34,1.0388881603202769e-22,5.137806039788723e-32,7.859909030300729e-23,1.1397741453803417e-35,1.6749937268342848e-20,1.0776812822193726e-34,7.45695849879156e-30,3.358277157703886e-33,0.0,9.992101650068723e-32
TCN,43,5908,21,0,class_0,0,class_0,1,1.0,1.0,2.905704469654654e-40,2.0294337126782597e-21,5.261814076407258e-39,1.75266696713253e-29,9.461819464844743e-38,1.62040794117349e-29,1.0161432857182323e-37,1.1761260872003583e-33,3.0923677386594172e-37,0.0,7.572293080642281e-34
TCN,43,5909,21,0,class_0,0,class_0,1,1.0,1.0,1.0788777408920523e-35,4.0428659435630758e-22,5.426374327615446e-33,4.931512199713773e-23,2.979705270314389e-36,6.577484968254521e-21,7.1463909291471e-35,1.7862733161875106e-30,1.4069193419629446e-33,0.0,2.1981407875118854e-32
TCN,43,5910,21,0,class_0,0,class_0,1,1.0,1.0,8.33915620775997e-34,6.0394791045905025e-21,2.8996828984360902e-31,1.1540747109152997e-23,1.844885348616549e-34,4.204228594952325e-18,1.5175975901213347e-32,1.0853584220125344e-28,3.5377927774897115e-32,0.0,1.3725928416987863e-27
TCN,43,5911,21,0,class_0,0,class_0,1,1.0,1.0,6.1937392123156915e-43,6.600614898137977e-27,1.3323125409261063e-40,1.3009124134335534e-29,2.742341094683667e-42,1.6453159329589394e-30,8.007019425152005e-42,8.63569061417235e-36,2.117221849748366e-41,0.0,8.417386160367785e-36
TCN,43,5912,21,0,class_0,0,class_0,1,1.0,1.0,5.441241936973265e-42,1.0544440429873538e-21,8.53591150454212e-40,2.326301674585216e-31,6.8733549545285845e-40,2.445069439032411e-30,9.950415805594735e-39,3.99683397153351e-36,2.0412014080587448e-39,0.0,6.357462171683012e-36
TCN,43,5913,21,0,class_0,0,class_0,1,1.0,1.0,1.9856399239482658e-42,6.1304136160238944e-24,4.624284932271896e-44,9.543044587892172e-32,2.5040362778405886e-40,5.681989262903025e-29,2.71992031925447e-42,1.4795743239187385e-37,2.802596928649634e-45,0.0,1.2079192762479923e-42
TCN,43,5914,21,0,class_0,0,class_0,1,1.0,1.0,3.8142590502134693e-35,1.081493212524943e-22,3.028585155102805e-33,2.234973737629212e-23,1.5659420027946402e-35,5.8376808655221475e-19,5.000721716122201e-35,9.536025828672847e-31,2.300809069079035e-35,0.0,4.732173649109867e-33
TCN,43,5915,21,0,class_0,0,class_0,1,1.0,1.0,6.649161213221257e-42,1.1943867365376298e-27,1.2250571564666848e-40,1.1028203473358074e-28,2.660925653906395e-41,7.802433467311788e-30,5.340628707234743e-41,9.938869939404713e-34,5.906473027129104e-40,0.0,4.599630875418396e-34
TCN,43,5916,21,0,class_0,0,class_0,1,1.0,1.0,1.6404547415039048e-35,2.7537682697199915e-22,2.0000017005233868e-33,3.7014608277353537e-22,9.350881781911932e-36,5.5775140805574086e-21,6.997588726778605e-35,3.1883634812381475e-30,1.8055065174527428e-34,0.0,5.7793429550727315e-33
TCN,43,5917,21,0,class_0,0,class_0,1,1.0,1.0,1.401298464324817e-45,3.0778973613056574e-26,0.0,3.59319970371572e-34,7.118596198770071e-43,1.826918525415215e-30,0.0,2.9147008057956195e-43,0.0,0.0,0.0
TCN,43,5918,21,0,class_0,0,class_0,1,1.0,1.0,5.613860047522039e-38,4.020670679351522e-23,1.3171817236822847e-36,4.203943104701356e-24,1.8441153931802109e-37,2.467294631057557e-22,3.6953235986674483e-37,9.077112716562391e-32,2.16643630380492e-36,0.0,6.852616064599898e-35
TCN,43,5919,21,0,class_0,0,class_0,1,1.0,1.0,0.0,0.0,0.0,0.0,0.0,0.0,0.0,0.0,0.0,0.0,0.0
TCN,43,5920,21,1,class_1,1,class_1,1,1.0,0.0,1.0,0.0,0.0,0.0,2.382207389352189e-44,0.0,0.0,0.0,0.0,0.0,0.0
TCN,43,5921,21,1,class_1,1,class_1,1,1.0,1.9326853362601685e-27,1.0,1.8797367072641024e-27,3.618014498022945e-14,1.2879575010671385e-11,5.699868667042419e-17,4.2528618518867674e-18,4.409303832801931e-19,2.1967759881931434e-23,2.386078842223359e-16,5.445918551024297e-22,3.67256413096938e-26
TCN,43,5922,21,1,class_1,1,class_1,1,1.0,1.6211779390393532e-25,1.0,1.3416006422186108e-26,2.128904131401919e-23,3.4809939219310193e-12,5.202007105783134e-14,1.758305198292576e-22,6.063183402915759e-22,5.119603372436818e-20,3.4545817270172086e-13,9.182319394533734e-18,6.401716193357176e-25
TCN,43,5923,21,1,class_1,1,class_1,1,1.0,3.329001879310414e-27,1.0,8.589719774339986e-30,2.7825464132027517e-27,1.838051500553054e-14,6.319592117269351e-15,1.6865906738142753e-22,8.80573350630359e-31,9.277189495785625e-29,5.84092974662492e-20,9.202063445479234e-25,1.2412486836208443e-30
TCN,43,5924,21,1,class_1,1,class_1,1,1.0,8.124566425532189e-19,1.0,1.3730570866188428e-22,5.318693790533541e-20,2.2708968927531714e-08,3.727838177036702e-11,2.3163407667913406e-15,6.510365050572014e-27,4.065711052455689e-21,1.3319752973042667e-15,3.272417622374129e-20,6.243933658513593e-25
TCN,43,5925,21,1,class_1,1,class_1,1,1.0,9.814543462875364e-18,1.0,5.383298535078493e-20,4.9833998929069585e-17,2.4911020801710038e-08,3.360467806801104e-11,1.2433991011286116e-13,2.2836346351895447e-21,5.582074818412902e-19,3.7466469542720565e-16,3.205382776285861e-18,2.4128270798351864e-21
TCN,43,5926,21,1,class_1,1,class_1,1,1.0,3.377129299022809e-43,1.0,8.491868693808391e-43,4.763683108087332e-35,4.269220568627146e-30,5.745298032982238e-24,1.617754240893129e-34,2.4407534469541577e-31,1.4167536379045192e-33,1.0452943924733032e-33,3.4639702628901333e-32,4.985819936067699e-42
TCN,43,5927,21,1,class_1,1,class_1,1,0.9999932050704956,1.3975898617655386e-13,0.9999932050704956,8.414589940053342e-16,1.7427798570598951e-12,5.317741852195468e-06,1.0090555058184236e-08,1.4490835837932536e-06,7.933223730019459e-18,8.144108285435166e-15,2.9350220170920593e-14,4.347037883329534e-15,4.087315338616171e-13
TCN,43,5928,21,1,class_1,1,class_1,1,1.0,1.3432130692866507e-27,1.0,1.0148932435051477e-27,3.8597946979389126e-20,4.593695995152355e-15,5.0969148809843455e-15,1.9826129877960926e-19,3.3011407017411443e-21,4.076546643901413e-23,2.3323748391454897e-20,5.502614552262383e-22,5.74053223690505e-28
TCN,43,5929,21,1,class_1,1,class_1,1,1.0,6.714964516616367e-23,1.0,5.720215017209378e-24,5.236632061551382e-21,2.1295019567157958e-11,8.748160073950018e-13,1.2851737156174466e-20,4.421549207795013e-19,5.713689697025322e-18,1.488452698768239e-12,1.7465458324589906e-15,2.8742784481338984e-22
TCN,43,5930,21,1,class_1,1,class_1,1,1.0,1.1831043132310913e-20,1.0,5.177965836026296e-24,4.299094087139485e-23,1.6709687800098294e-10,2.5360094232929065e-11,3.4062616028108936e-17,5.380032818054759e-28,6.746292013319994e-22,3.6244119605260335e-17,7.742429112748379e-21,6.63467273512573e-26
TCN,43,5931,21,1,class_1,1,class_1,1,1.0,0.0,1.0,0.0,0.0,0.0,8.407790785948902e-45,0.0,0.0,0.0,0.0,0.0,0.0
TCN,43,5932,21,1,class_1,1,class_1,1,1.0,2.5999584322321254e-27,1.0,7.367046158411288e-30,2.254990242084107e-28,2.63335445165264e-14,1.5337376983072938e-15,6.218014003685926e-21,4.173998473244436e-31,3.62057586453267e-29,6.215602705178711e-26,3.4211273419009677e-28,1.5507693236499857e-30
TCN,43,5933,21,1,class_1,1,class_1,1,1.0,6.135249826410965e-26,1.0,3.8923758876631337e-31,4.898068668915921e-29,1.5423222421429017e-10,2.547596007984815e-15,4.1878912052297377e-23,3.0445835597490994e-32,2.222815806896451e-30,6.516319748133109e-22,1.047556919065458e-27,1.0079958097849181e-32
TCN,43,5934,21,1,class_1,1,class_1,1,0.9999420642852783,2.6172945838882232e-17,0.9999420642852783,6.270419369003498e-19,2.048870716641303e-14,5.794780372525565e-05,6.840892852189029e-10,1.3652262913915747e-12,3.842946130045398e-17,9.195040936046432e-17,8.553844438319302e-11,6.875251236382329e-15,7.82031737626691e-20
TCN,43,5935,21,1,class_1,1,class_1,1,0.9935474991798401,3.675822717903862e-15,0.9935474991798401,3.7799116321766274e-15,5.765005660351985e-12,0.006452527828514576,6.707486566170928e-09,1.6777138012180615e-10,7.710202767421484e-17,1.8839273131961154e-14,9.514949717015497e-09,2.3493932629426242e-14,4.0299121095395337e-17
TCN,43,5936,21,1,class_1,1,class_1,1,0.998907208442688,1.3103639062705952e-08,0.998907208442688,2.0726769633938602e-08,2.591265049756153e-11,1.69948498296435e-06,0.0010905967792496085,8.5989055875757e-09,9.63673862930392e-11,1.5898397975888656e-07,1.2311144814702857e-07,9.008314094671732e-08,2.2160030255236052e-08
TCN,43,5937,21,1,class_1,1,class_1,1,1.0,2.3971712298260933e-32,1.0,3.3977191257713007e-34,1.3410325699222143e-26,4.691932547034303e-16,1.9965878475235368e-17,4.685132183845229e-25,3.5707042095493163e-29,2.2575025575112495e-29,2.390259586872339e-24,1.537178192514253e-27,1.2302518931882018e-36
TCN,43,5938,21,1,class_1,1,class_1,1,1.0,6.23826396727635e-26,1.0,2.3112767484150394e-28,1.64520543272838e-27,5.3395781313180304e-14,4.0982232256230045e-14,6.588921231361555e-18,1.3195917311117357e-27,2.712207330143649e-26,1.9502573970736841e-22,1.1989163504331336e-25,7.957306202954433e-27
TCN,43,5939,21,1,class_1,1,class_1,1,0.9999247789382935,8.254617285931645e-14,0.9999247789382935,9.50824394143902e-17,3.863118749079851e-17,7.51019615563564e-05,6.465108270958808e-08,2.8429071163155184e-12,2.966178597890484e-21,1.4349458104493014e-15,3.0512977127611363e-12,3.228593795146344e-17,1.5889133508723644e-18
TCN,43,5940,21,1,class_1,1,class_1,1,1.0,0.0,1.0,1.401298464324817e-45,1.2611686178923354e-44,5.238056091851885e-34,2.5188991223607776e-27,2.3191489584575723e-42,1.5834047806764152e-34,1.606939843533175e-36,1.5786537952606013e-32,1.0477271426845192e-30,5.605193857299268e-45
TCN,43,5941,21,1,class_1,1,class_1,1,1.0,1.727969836172228e-23,1.0,1.8945703173789397e-23,3.4619323262812996e-19,5.386833340503827e-12,1.0238296321851692e-11,1.606858161586156e-16,2.1147184168234994e-20,3.49294461991562e-20,1.3700991186771048e-17,1.9931764719593069e-19,5.521403629470024e-25
TCN,43,5942,21,1,class_1,1,class_1,1,0.999990701675415,2.665229286795365e-18,0.999990701675415,5.533447972128207e-20,3.050529528416876e-14,9.318177944805939e-06,1.5473729242376777e-10,2.053723510697658e-11,3.582682084150259e-19,6.100211758526957e-18,2.8175550000758554e-12,7.861779313332641e-17,3.376172405258561e-21
TCN,43,5943,21,1,class_1,1,class_1,1,1.0,1.0811024557864796e-35,1.0,7.378418475936924e-35,1.6595387315773864e-35,1.2387973860599048e-24,6.461671281444001e-20,7.046629795416691e-29,1.7318404446208697e-34,2.640401582162364e-32,9.703717620981492e-33,5.416889745651345e-30,2.4170765093334906e-34
TCN,43,5944,21,1,class_1,1,class_1,1,1.0,2.6567110843273394e-30,1.0,6.623406238747765e-30,2.0361874776808053e-29,3.2942393448669197e-18,2.1829575952321443e-17,8.179806800180687e-24,3.084648110032328e-31,2.736020616126471e-29,5.813012780728617e-27,2.0507820122990328e-27,6.992692396996442e-31
TCN,43,5945,21,1,class_1,1,class_1,1,0.6597219705581665,0.0004455824673641473,0.6597219705581665,5.437152140075341e-05,2.814803112816122e-10,1.707811861706432e-06,0.3397727906703949,1.477476985201065e-07,1.123658527335536e-10,2.466615114826709e-06,7.623667030998149e-09,9.856682936515426e-07,6.182834244583546e-10
TCN,43,5946,21,1,class_1,1,class_1,1,1.0,1.5251455967850423e-20,1.0,1.4818635327919185e-20,2.1466240838724466e-16,2.1246820275377942e-11,3.778476836968636e-11,3.595743376037493e-15,5.855456459898029e-19,9.725591007517698e-16,1.5663300734561347e-13,9.71757688469659e-17,2.955820834514964e-19
TCN,43,5947,21,1,class_1,1,class_1,1,1.0,4.345176546225222e-38,1.0,9.742781208240333e-39,2.3581942007689087e-35,1.2379039517809355e-25,8.579546393968413e-20,1.2133412722379724e-31,1.9470076160423952e-31,3.674042011969652e-30,2.2476378841507874e-29,8.323127736613044e-29,2.0373357861150583e-38
TCN,43,5948,21,1,class_1,1,class_1,1,1.0,8.577231099012924e-33,1.0,1.888196943067825e-33,1.7882118846247146e-35,8.540785227452061e-20,3.0194504416851715e-17,1.337996784328775e-27,8.306735292962574e-35,2.0584365576684235e-30,3.59560859021612e-29,6.183716643092747e-28,5.022252961456175e-33
TCN,43,5949,21,1,class_1,1,class_1,1,0.912929892539978,9.419525181148013e-16,0.912929892539978,1.8848269786531297e-18,1.2625230721985403e-13,0.08706981688737869,3.2841562802587987e-09,2.1162164089236907e-13,2.1383880284929909e-19,1.1754441645170436e-16,3.208479881777748e-07,5.676522416724929e-14,3.0366054741795234e-21
TCN,43,5950,21,1,class_1,1,class_1,1,1.0,8.762739686962379e-41,1.0,1.2593132987255693e-39,3.306766995250853e-33,5.519358384313722e-26,7.230681386771517e-21,1.7423384448767278e-32,5.359701757404745e-32,1.5246186709420024e-32,2.528156200934972e-30,2.9018961191998184e-31,1.2410599849292742e-40
TCN,43,5951,21,1,class_1,1,class_1,1,1.0,0.0,1.0,0.0,1.1042231898879559e-42,3.2445149533984414e-26,8.156230258751092e-29,2.9111975596348075e-39,9.150478972041055e-43,3.7891110475343054e-42,3.624196737843779e-36,8.841385265143127e-37,0.0
TCN,43,5952,21,1,class_1,4,class_4,0,0.9999818801879883,1.8036903351101308e-12,1.817566044337582e-05,1.9036425979665223e-15,2.5398855241220986e-10,0.9999818801879883,2.232748534669593e-11,8.538340867669802e-11,4.0135762850583464e-17,8.129551177203653e-15,2.4883726190694233e-09,7.135760772112481e-16,5.468834723132582e-18
TCN,43,5953,21,1,class_1,1,class_1,1,1.0,0.0,1.0,0.0,0.0,3.8978648180972927e-28,1.0043538931872005e-31,5.983544442666969e-43,0.0,0.0,1.095815399102007e-42,2.404347905088521e-41,0.0
TCN,43,5954,21,1,class_1,1,class_1,1,1.0,3.436810600618403e-40,1.0,1.5643955925875825e-40,2.289042609430818e-28,1.4556260746200754e-20,3.7219631333354306e-22,2.5110170337369872e-24,2.1434400395171333e-32,2.9333299590504342e-36,7.580881352571984e-33,7.829251553957225e-34,1.2086533324355442e-37
TCN,43,5955,21,1,class_1,1,class_1,1,1.0,0.0,1.0,0.0,1.401298464324817e-45,9.127652230071757e-28,2.236085313750002e-28,2.236904621612683e-35,0.0,3.4191682529525537e-43,6.726232628759122e-44,1.3421818299584074e-37,3.8956097308229915e-43
TCN,43,5956,21,1,class_1,1,class_1,1,1.0,0.0,1.0,0.0,0.0,0.0,1.3912091153816784e-41,0.0,0.0,0.0,0.0,0.0,0.0
TCN,43,5957,21,1,class_1,1,class_1,1,1.0,0.0,1.0,0.0,0.0,1.401298464324817e-45,8.084464119695835e-35,0.0,5.5491419187262756e-43,1.3592595103950726e-43,1.891752926838503e-43,3.81329045253623e-39,0.0
TCN,43,5958,21,1,class_1,1,class_1,1,1.0,0.0,1.0,0.0,0.0,0.0,9.80908925027372e-45,0.0,0.0,0.0,0.0,0.0,0.0
TCN,43,5959,21,1,class_1,1,class_1,1,1.0,0.0,1.0,0.0,0.0,6.964453367694341e-43,2.0958489752297422e-32,0.0,1.1556253398966259e-38,1.569454280043795e-42,7.006492321624085e-45,3.875711292629579e-41,0.0
TCN,43,5960,21,2,class_2,2,class_2,1,1.0,2.2420775429197073e-44,0.0,1.0,0.0,0.0,0.0,1.1350517561031018e-43,1.4417189185282664e-39,0.0,0.0,0.0,0.0
TCN,43,5961,21,2,class_2,2,class_2,1,1.0,2.9515502561087175e-19,1.1738183897516026e-32,1.0,2.0043923555947004e-34,4.9949157643996315e-39,5.828570868557747e-22,5.3743658143323824e-30,3.126651273218666e-20,1.606117510683121e-15,6.493141202722718e-38,5.691781807779658e-26,6.202455624936727e-19
TCN,43,5962,21,2,class_2,2,class_2,1,1.0,1.7247405964951473e-33,1.401298464324817e-45,1.0,5.605193857299268e-45,0.0,2.244039360769762e-41,2.7299956552129654e-40,1.813339798289094e-35,6.728943300508512e-37,0.0,0.0,8.58142567866339e-40
TCN,43,5963,21,2,class_2,2,class_2,1,1.0,3.70884418816473e-19,1.0009194670979303e-40,1.0,4.3159992701204366e-43,0.0,1.3025867853919963e-35,6.08874041504885e-32,1.0381517655080619e-36,3.3361985268950624e-34,0.0,0.0,2.4402354053884094e-36
TCN,43,5964,21,2,class_2,2,class_2,1,1.0,4.69240149010334e-37,0.0,1.0,0.0,0.0,0.0,8.617985555597625e-43,2.5924021590009116e-43,0.0,0.0,0.0,0.0
TCN,43,5965,21,2,class_2,2,class_2,1,1.0,1.8023804873860617e-36,0.0,1.0,0.0,0.0,5.030661486926093e-43,1.6030854431875907e-42,5.279812353883046e-38,1.1602583128793766e-39,0.0,0.0,1.4265218366826638e-42
TCN,43,5966,21,2,class_2,2,class_2,1,1.0,6.237694553007252e-18,4.9251350140907793e-32,1.0,1.1342717475856669e-32,9.429205644386048e-39,1.959047547922817e-23,1.457865989991956e-27,1.1339530938108644e-22,3.34227444682091e-19,1.168155806816557e-37,8.437178411501576e-31,2.4615221887152566e-22
TCN,43,5967,21,2,class_2,2,class_2,1,1.0,2.2084463797759117e-42,0.0,1.0,0.0,0.0,0.0,1.7824516466211673e-42,8.92206732235611e-42,0.0,0.0,0.0,0.0
TCN,43,5968,21,2,class_2,2,class_2,1,1.0,4.9618475795834913e-26,1.0521044158446301e-38,1.0,1.4033765899474108e-39,0.0,4.44262656122655e-29,9.113047505398631e-34,1.2846342729876602e-28,4.070229914774863e-27,0.0,4.317596750369767e-39,1.1274876881561745e-29
TCN,43,5969,21,2,class_2,2,class_2,1,1.0,1.1826959038901456e-42,0.0,1.0,0.0,0.0,0.0,9.80908925027372e-45,8.302693401124541e-42,0.0,0.0,0.0,0.0
TCN,43,5970,21,2,class_2,2,class_2,1,1.0,8.914906992483068e-23,1.401562236958372e-26,1.0,1.4840055703424908e-30,2.0980064757245315e-34,2.2117060547344226e-26,1.6771239852525065e-26,8.67466555691307e-25,5.781868591672055e-29,3.2942988113617193e-35,5.392086628922293e-38,6.570214671744808e-28
TCN,43,5971,21,2,class_2,2,class_2,1,1.0,6.855253608748149e-36,2.802596928649634e-44,1.0,2.5615735927857656e-42,0.0,5.469340101156643e-37,6.742069543483535e-38,1.0972621895707903e-32,7.289811284454812e-36,0.0,0.0,3.4429987346368615e-39
TCN,43,5972,21,2,class_2,2,class_2,1,0.9999983310699463,1.6333436860804795e-06,3.531259263997558e-18,0.9999983310699463,1.2199516099921944e-18,1.0408436265974622e-19,4.388665819643478e-11,8.708547324562908e-15,9.118445202464104e-14,3.665160264176848e-08,1.380666870575292e-20,3.7036247612175815e-17,1.7331250909240203e-13
TCN,43,5973,21,2,class_2,2,class_2,1,1.0,5.573272278281949e-40,0.0,1.0,0.0,0.0,0.0,2.910034481909418e-40,7.190676189178011e-39,3.923635700109488e-44,0.0,0.0,0.0
TCN,43,5974,21,2,class_2,2,class_2,1,1.0,8.853177846855479e-34,1.6815581571897805e-44,1.0,5.094700826745737e-41,0.0,1.3186942740342892e-37,3.512343614650194e-36,1.7994652075000656e-31,1.4571450013312154e-32,0.0,0.0,4.052639909358493e-37
TCN,43,5975,21,2,class_2,2,class_2,1,1.0,0.0,0.0,1.0,0.0,0.0,0.0,0.0,1.164479023853923e-42,0.0,0.0,0.0,0.0
TCN,43,5976,21,2,class_2,2,class_2,1,1.0,8.964946779475007e-28,6.165263426222147e-39,1.0,8.641424592963714e-36,9.80908925027372e-45,6.4617582741537605e-31,2.041318350654913e-31,1.028170612245473e-25,1.10302933611853e-23,0.0,1.7630939975311071e-37,2.776944821885377e-29
TCN,43,5977,21,2,class_2,2,class_2,1,1.0,5.184804318001823e-44,0.0,1.0,0.0,0.0,0.0,4.862505671207115e-43,4.271283836123832e-40,4.203895392974451e-45,0.0,0.0,0.0
TCN,43,5978,21,2,class_2,2,class_2,1,1.0,1.6753111633681938e-30,4.856900477349816e-42,1.0,3.415880246235862e-38,0.0,6.909635874686056e-33,3.5581720383598794e-34,2.9733134816094503e-28,9.238594461553212e-28,0.0,4.994367856700081e-41,1.720004493021486e-32
TCN,43,5979,21,2,class_2,2,class_2,1,1.0,1.401298464324817e-45,0.0,1.0,0.0,0.0,0.0,5.605193857299268e-45,9.778260684058574e-42,0.0,0.0,0.0,0.0
TCN,43,5980,21,2,class_2,2,class_2,1,1.0,7.958171046309858e-31,4.330012254763685e-43,1.0,2.977759236690236e-42,0.0,1.5110481600507367e-40,5.578963917680993e-35,7.718370523839768e-35,1.405530385687078e-39,0.0,0.0,1.401298464324817e-45
TCN,43,5981,21,2,class_2,2,class_2,1,1.0,7.992026811756196e-32,4.428103147266422e-43,1.0,2.5310813382020576e-40,0.0,1.78638929530592e-40,7.606041793221158e-36,1.7193540773034965e-33,7.447149681390139e-38,0.0,0.0,5.5351289340830274e-43
TCN,43,5982,21,2,class_2,2,class_2,1,1.0,1.771038871112296e-10,1.5654773641531918e-26,1.0,1.1903522984901274e-27,4.47314356493745e-25,2.2987256578620033e-16,7.06843554397937e-22,2.1950798857500783e-19,7.180575890518398e-20,1.4257955829249612e-35,6.350880517510537e-25,4.935494386819661e-26
TCN,43,5983,21,2,class_2,2,class_2,1,1.0,7.08690649541224e-36,4.021726592612225e-43,1.0,0.0,0.0,5.241339467978922e-32,3.858755581211249e-41,7.749288665536909e-35,8.962165758172458e-38,0.0,0.0,1.568599487980557e-40
TCN,43,5984,21,2,class_2,2,class_2,1,1.0,1.5437072803409407e-34,3.7274539151040134e-43,1.0,7.282548119096074e-42,0.0,2.023811294116474e-40,1.7242635686691579e-37,2.5791751140132205e-34,1.2269419029012017e-38,0.0,0.0,1.2611686178923354e-44
TCN,43,5985,21,2,class_2,2,class_2,1,1.0,1.210927629687429e-31,6.49573864955619e-39,1.0,5.3193289705770056e-42,0.0,9.491522523558837e-33,3.3612326105111015e-36,3.2053250653843545e-31,6.460441647012443e-34,0.0,2.942726775082116e-44,3.264162849804512e-36
TCN,43,5986,21,2,class_2,2,class_2,1,1.0,3.05019912372057e-24,1.7572282742633206e-42,1.0,2.3110558656755476e-36,2.3829080385843514e-41,2.0541719297801023e-35,2.9951133233912125e-28,1.2007905378621524e-29,4.908924102106375e-34,0.0,0.0,9.802082757952095e-42
TCN,43,5987,21,2,class_2,2,class_2,1,1.0,1.8237914927470602e-38,4.203895392974451e-45,1.0,0.0,0.0,2.0632229825858757e-31,5.605193857299268e-45,2.0347990883726113e-35,3.7727480853663845e-39,0.0,0.0,8.65161671874142e-42
TCN,43,5988,21,2,class_2,2,class_2,1,1.0,6.635299990322734e-35,1.401298464324817e-45,1.0,5.605193857299268e-45,0.0,7.197489302311558e-41,3.1946522129984315e-40,9.82351818514273e-36,8.542455568370517e-41,0.0,0.0,1.401298464324817e-45
TCN,43,5989,21,2,class_2,2,class_2,1,1.0,8.267689279376563e-36,0.0,1.0,1.5414283107572988e-44,0.0,0.0,4.142099531996191e-39,6.206510646519548e-39,7.006492321624085e-45,0.0,0.0,0.0
TCN,43,5990,21,2,class_2,2,class_2,1,1.0,1.7615722995027275e-41,0.0,1.0,0.0,0.0,4.771280468556307e-37,0.0,7.533464622118076e-39,7.524972753424268e-43,0.0,0.0,2.802596928649634e-45
TCN,43,5991,21,2,class_2,2,class_2,1,1.0,1.5262942873425908e-41,0.0,1.0,0.0,0.0,8.728947094235493e-38,0.0,1.6740331844363562e-40,0.0,0.0,0.0,0.0
TCN,43,5992,21,2,class_2,2,class_2,1,1.0,7.40127474834791e-29,1.3266092561763043e-41,1.0,3.595597298931665e-35,0.0,5.091333506535965e-39,3.4063657499752625e-32,1.445614601929381e-29,9.940268364422459e-35,0.0,0.0,4.714192241742977e-40
TCN,43,5993,21,2,class_2,2,class_2,1,1.0,2.3434817008466362e-32,1.233142648605839e-43,1.0,1.950467332493713e-41,0.0,6.917089479600162e-41,2.1653620796125563e-36,2.4331362417241193e-34,1.6003140111367877e-37,0.0,0.0,3.1515202462665136e-42
TCN,43,5994,21,2,class_2,2,class_2,1,1.0,7.923698969175384e-31,0.0,1.0,6.013812489496385e-41,0.0,6.305843089461677e-44,1.85111719059146e-34,1.363038648681696e-35,7.994407738973081e-42,0.0,0.0,0.0
TCN,43,5995,21,2,class_2,2,class_2,1,1.0,1.5139942958598813e-33,5.376782207614323e-42,1.0,5.095541605824332e-41,0.0,8.651238368156053e-40,7.311143665761574e-36,2.150743698159479e-34,6.82010841548117e-39,0.0,0.0,2.6624670822171524e-44
TCN,43,5996,21,2,class_2,2,class_2,1,1.0,9.004394347020782e-36,2.5223372357846707e-44,1.0,0.0,0.0,2.5836987321892915e-31,5.069897843927188e-42,1.2466747811562743e-34,3.6123387036101326e-37,0.0,0.0,1.0498542107706173e-39
TCN,43,5997,21,2,class_2,2,class_2,1,1.0,6.604850760668976e-33,4.03896256372342e-41,1.0,1.0411647589933391e-42,0.0,5.291790092636709e-38,2.3990487548158304e-38,3.412382327251292e-35,1.3403279681420443e-40,0.0,0.0,0.0
TCN,43,5998,21,2,class_2,2,class_2,1,1.0,1.8433856058350934e-13,2.2001082201651193e-28,1.0,1.8143177126930081e-25,6.730135998013952e-26,5.1720487639256325e-22,1.6565810469979027e-17,2.3743245284292922e-20,2.4736381834516885e-21,4.424585888120967e-40,3.7075627850358923e-31,1.4179156933021528e-26
TCN,43,5999,21,2,class_2,2,class_2,1,1.0,7.689713257263667e-36,7.006492321624085e-44,1.0,0.0,0.0,1.4281767062967263e-32,1.523211430721076e-42,5.571435128911591e-35,3.151998369302541e-38,0.0,0.0,6.71388718928842e-40
TCN,43,6000,21,3,class_3,3,class_3,1,1.0,2.4801633032272093e-24,5.633085086790173e-29,2.7658231783096484e-29,1.0,4.4066593105342046e-21,1.902204147097069e-37,1.84664431098977e-13,2.9587108323261435e-25,5.221662280293333e-32,5.48014429360446e-27,3.1096857698086834e-37,2.051039888382408e-20
TCN,43,6001,21,3,class_3,3,class_3,1,1.0,0.0,1.401298464324817e-45,0.0,1.0,4.462121068786371e-38,0.0,4.303558169207886e-30,2.0959641520445586e-40,0.0,0.0,0.0,1.638714409526005e-37
TCN,43,6002,21,3,class_3,6,class_6,0,0.5946109890937805,4.1021710334154804e-11,8.758584338429717e-19,3.502841225899115e-15,0.4053889513015747,1.0027260732891133e-14,4.99149226045473e-22,0.5946109890937805,9.700178960308885e-15,2.880359114209087e-22,5.015503924232209e-22,2.267601953583684e-28,4.370762779482007e-11
TCN,43,6003,21,3,class_3,3,class_3,1,1.0,4.3860641933366774e-43,4.1716655282949804e-41,0.0,1.0,1.5926035689234338e-30,0.0,5.038230808587065e-28,3.552277594078768e-40,3.783505853677006e-44,3.387738845829146e-35,0.0,4.661281494990095e-32
TCN,43,6004,21,3,class_3,3,class_3,1,1.0,7.075287148040013e-22,1.571226804297572e-26,6.675007408913834e-27,1.0,1.516970079652692e-20,5.741960673513148e-34,2.9909105747627507e-10,1.3254776668724702e-22,1.5298869016064979e-30,1.4923196055832804e-26,2.0003201688049072e-35,6.4944452112891176e-18
TCN,43,6005,21,3,class_3,3,class_3,1,0.9999444484710693,4.156491588211583e-18,4.554262255080843e-26,7.465276313754125e-24,0.9999444484710693,2.4253386373488613e-18,6.381153686122396e-31,5.5563221394550055e-05,1.1681805694198282e-21,4.908960705531092e-30,2.775604495014705e-29,3.9454118334035446e-36,8.470311473092874e-16
TCN,43,6006,21,3,class_3,3,class_3,1,1.0,0.0,0.0,0.0,1.0,0.0,0.0,0.0,0.0,0.0,0.0,0.0,0.0
TCN,43,6007,21,3,class_3,3,class_3,1,0.8347610235214233,2.921664646327038e-12,1.3881438724544324e-19,4.271502979104303e-16,0.8347610235214233,8.609574065775085e-15,5.642592050768717e-23,0.16523894667625427,7.361712104748486e-16,1.9650744452387056e-23,4.8491743694147866e-23,3.471108353593976e-29,4.8016005234352566e-12
TCN,43,6008,21,3,class_3,3,class_3,1,0.9203944206237793,2.6082369770918934e-12,1.0215714492359704e-20,9.40044841098907e-17,0.9203944206237793,7.665171187222995e-16,3.184768736174733e-23,0.07960560917854309,1.2454045860977166e-16,7.67347485044277e-25,3.3309792238805966e-25,2.5768826046861614e-30,1.1056020194407518e-13
TCN,43,6009,21,3,class_3,3,class_3,1,1.0,0.0,2.5083242511414226e-43,0.0,1.0,9.911406010529352e-37,0.0,2.8771422300217845e-29,1.126515045858435e-38,0.0,1.1210387714598537e-44,0.0,1.4122197137194807e-35
TCN,43,6010,21,3,class_3,6,class_6,0,0.9999843835830688,6.369617333579214e-11,5.6355132547673706e-21,5.3983222379023685e-15,1.556794268253725e-05,2.0509405620854162e-17,6.651434329366426e-22,0.9999843835830688,3.367631209413483e-16,7.531134366426501e-24,1.2215035797837093e-26,2.665379085630755e-30,5.82198948339413e-15
TCN,43,6011,21,3,class_3,3,class_3,1,1.0,1.3576802470257785e-39,7.439451508146524e-39,0.0,1.0,9.799509831124351e-32,0.0,3.7258108812867366e-23,1.5040406596910494e-34,2.2420775429197073e-44,8.050067313976063e-40,0.0,2.9384556392024827e-31
TCN,43,6012,21,3,class_3,3,class_3,1,1.0,0.0,0.0,0.0,1.0,0.0,0.0,0.0,0.0,0.0,0.0,0.0,0.0
TCN,43,6013,21,3,class_3,3,class_3,1,1.0,8.943992136286385e-24,1.3083916023085435e-23,1.3851898439084128e-28,1.0,1.1098291543046833e-15,9.359384285227942e-34,7.304319475653909e-12,1.3775052839367668e-23,3.9799967842808166e-26,3.586833393451933e-18,1.2467956063635045e-31,2.1922799538228415e-16
TCN,43,6014,21,3,class_3,3,class_3,1,1.0,1.8357009882655104e-43,2.350818303751313e-41,0.0,1.0,5.390904795769841e-34,0.0,5.938444314738361e-25,1.050024104196432e-37,0.0,2.1159606811304738e-43,0.0,8.034753680419885e-34
TCN,43,6015,21,3,class_3,3,class_3,1,0.9999996423721313,7.835617244918814e-18,8.469618361768601e-23,9.368439408983711e-22,0.9999996423721313,1.3608693381405646e-16,3.7525873483085455e-28,3.374015022927779e-07,3.6676337915533966e-19,3.407219672141813e-26,1.748664813159796e-23,5.3818494815674574e-31,7.46145224599093e-15
TCN,43,6016,21,3,class_3,3,class_3,1,1.0,8.212874795458686e-27,6.3786221979121935e-28,1.0308610850867317e-32,1.0,2.541561545918048e-20,1.2901418649407153e-39,2.107379432769599e-15,3.0682144018428605e-26,1.1881830995196398e-28,1.4154387081716013e-21,1.6674581081913857e-35,9.033819381474846e-19
TCN,43,6017,21,3,class_3,3,class_3,1,1.0,0.0,0.0,0.0,1.0,0.0,0.0,0.0,0.0,0.0,0.0,0.0,0.0
TCN,43,6018,21,3,class_3,6,class_6,0,0.9884164929389954,2.8422196887700757e-11,1.3293419291535105e-19,2.302076731959578e-15,0.011583531275391579,6.357838619453198e-15,1.0685947687447277e-22,0.9884164929389954,4.46329029660399e-16,1.3641854937698548e-22,3.3430552545291396e-23,7.61395338654727e-30,7.604835164376489e-12
TCN,43,6019,21,3,class_3,3,class_3,1,1.0,7.165307299633405e-20,3.4368401665376974e-26,3.051908585302184e-25,1.0,5.427593152151913e-19,6.843561778036717e-32,4.013192977936342e-08,2.128085199118991e-22,1.4054677834985156e-30,2.981310472369281e-27,2.3422895842710093e-35,4.2289049642679454e-17
TCN,43,6020,21,3,class_3,3,class_3,1,1.0,4.973385517731524e-27,5.855247726259424e-29,5.013464120802863e-34,1.0,6.475242213368699e-20,1.3683959763824704e-40,2.959709639372733e-14,5.3686163868269174e-27,3.770708272692008e-30,7.022828831854128e-21,1.8427934642609054e-37,2.117320979062184e-17
TCN,43,6021,21,3,class_3,3,class_3,1,1.0,1.3544977476469966e-26,1.8035432353231247e-28,6.202601001921405e-33,1.0,1.341031671419504e-20,6.938829223975697e-39,2.40344582343871e-15,2.4103750962212155e-25,6.117268689633985e-29,7.96215108341589e-23,9.305200424139766e-34,2.918435807024686e-17
TCN,43,6022,21,3,class_3,3,class_3,1,1.0,6.712675054914951e-26,8.489427935450993e-28,2.653427305823793e-39,1.0,1.8989961689558568e-18,2.2560905275629555e-43,2.0714147298121756e-18,2.335467083332724e-25,1.9712176092505184e-27,3.6345967148759115e-20,4.239849994171044e-35,2.492755784774814e-12
TCN,43,6023,21,3,class_3,3,class_3,1,0.9981719255447388,5.259051657699465e-13,1.4410485349757341e-19,1.0558270340415799e-19,0.9981719255447388,2.2090877738190073e-10,5.198037711506353e-25,0.0018281049560755491,2.7962042378063987e-18,1.4133788598194371e-22,1.9472848059034977e-16,1.6976255143253335e-28,3.4916178021787703e-12
TCN,43,6024,21,3,class_3,3,class_3,1,1.0,1.930167748458744e-32,8.61655638089892e-32,1.1664940910456221e-38,1.0,3.8973373255300104e-24,1.401298464324817e-45,1.233340251989401e-19,1.2432727908534122e-29,2.993219581038851e-34,7.163427710967908e-26,1.4360719659767303e-38,2.9495280476551117e-24
TCN,43,6025,21,3,class_3,3,class_3,1,1.0,1.401298464324817e-45,2.1019476964872256e-44,0.0,1.0,6.221152323158296e-34,0.0,2.8130674435516826e-29,5.323813125662845e-41,1.401298464324817e-45,1.1840659029519713e-35,0.0,1.7287737984280552e-31
TCN,43,6026,21,3,class_3,6,class_6,0,0.9997625946998596,2.4505321816886694e-13,2.5654140743628387e-20,5.9971252018681486e-18,0.00023735493596177548,1.2836893582889117e-14,3.993900211216304e-23,0.9997625946998596,1.8910641272669327e-18,4.334876754691438e-22,2.0924535510987338e-23,2.283069154744956e-26,1.4367943466930821e-11
TCN,43,6027,21,3,class_3,3,class_3,1,1.0,2.210393764251784e-38,8.014839231102323e-38,0.0,1.0,1.8686470100513263e-28,0.0,2.0412399122708805e-24,6.920603604321212e-35,2.7027908468265634e-39,1.4764792843842323e-29,2.1019476964872256e-44,9.589816868454385e-27
TCN,43,6028,21,3,class_3,3,class_3,1,1.0,0.0,0.0,0.0,1.0,5.74532370373175e-44,0.0,7.900156404262594e-40,0.0,0.0,0.0,0.0,2.075323025665054e-42
TCN,43,6029,21,3,class_3,3,class_3,1,1.0,4.224949111671223e-27,2.8314032595872213e-28,1.8435504186608468e-32,1.0,8.932417765874413e-20,1.3604859268110496e-38,1.0519046368001085e-14,8.885559138276789e-26,6.77184202299672e-30,1.424707533507135e-21,9.558732629887425e-35,1.4626018373597514e-18
TCN,43,6030,21,3,class_3,3,class_3,1,0.9999988079071045,2.7629233496433636e-19,2.0850756190421276e-22,5.574630106062116e-23,0.9999988079071045,2.5696514753818962e-15,2.446879068386914e-28,1.2094757266822853e-06,4.975026499308684e-21,8.575255770827446e-26,4.500272992394675e-22,3.5025025915518956e-30,2.359432636246661e-13
TCN,43,6031,21,3,class_3,3,class_3,1,0.8894065022468567,4.0613772924174424e-14,4.610935310966325e-19,9.301602974766943e-18,0.8894065022468567,2.512036802529427e-13,7.963532536633113e-23,0.1105935126543045,1.9137185362932287e-18,3.9801942894135045e-22,3.0585635247614334e-21,2.9649629864083276e-26,6.007401243124377e-10
TCN,43,6032,21,3,class_3,3,class_3,1,1.0,6.098310786895171e-41,1.6277048559073134e-38,0.0,1.0,2.0630519434558537e-29,0.0,2.9742822070381076e-25,1.3524977632580336e-36,3.277637108055747e-42,3.270949976254886e-32,0.0,1.1888579724555429e-29
TCN,43,6033,21,3,class_3,3,class_3,1,1.0,6.789779348269346e-34,2.725535548292119e-33,2.2601542931094975e-41,1.0,8.787979903921731e-24,0.0,9.670043798656358e-20,1.0404623995173413e-30,6.620910229032553e-36,4.662057786663361e-27,7.734354769963682e-40,8.553651611925088e-23
TCN,43,6034,21,3,class_3,6,class_6,0,0.9703905582427979,1.3319473302075835e-10,2.85688099630543e-17,2.4253795827891827e-18,0.0007220537518151104,1.5565582676957401e-12,6.874328776739486e-24,0.9703905582427979,3.5570339534073125e-13,6.412313931280845e-19,2.5605132604304432e-15,3.351898490047256e-27,0.02888735570013523
TCN,43,6035,21,3,class_3,3,class_3,1,1.0,2.4532194019958e-35,1.6245816360606247e-34,2.879668344187499e-42,1.0,8.060512320516674e-26,0.0,1.60306961526633e-22,2.0737402774794766e-32,4.7810667782987444e-36,4.57935604373544e-27,2.820253289300127e-41,3.855472625201351e-25
TCN,43,6036,21,3,class_3,3,class_3,1,1.0,1.572290109655631e-31,1.3457644724400257e-31,2.911276873127888e-38,1.0,2.8356261570442413e-23,8.407790785948902e-45,7.936028699476626e-19,1.0953323317120298e-28,1.599658079334071e-33,1.547599896333258e-25,1.8157606232220454e-37,2.923241593016901e-22
TCN,43,6037,21,3,class_3,3,class_3,1,1.0,0.0,0.0,0.0,1.0,1.4721813254546843e-38,0.0,4.331539670089799e-40,0.0,0.0,1.2611686178923354e-44,0.0,2.049502700161405e-39
TCN,43,6038,21,3,class_3,3,class_3,1,1.0,4.0995604873806392e-25,5.877433442550019e-26,6.222081147366438e-33,1.0,1.896687756020405e-17,3.136563122769942e-37,3.790856568404574e-15,2.3072719619849608e-25,1.2053758761331846e-28,6.77099805644762e-20,3.15127333720805e-33,8.169728729218783e-18
TCN,43,6039,21,3,class_3,3,class_3,1,1.0,1.2374205818834932e-28,1.3967333543495537e-24,6.320292830810286e-37,1.0,2.0113728460557923e-09,1.7934966811169755e-39,6.985597183036462e-17,2.1241764459923974e-29,3.035301222058255e-28,4.1703634070840975e-19,3.484562214769403e-34,1.9929244726781623e-20
TCN,43,6040,21,4,class_4,4,class_4,1,1.0,7.97469939311348e-17,1.9881962742829273e-10,1.1739978861147221e-24,4.5074203701075954e-13,1.0,2.3047004777767625e-20,5.532057728845508e-15,1.191583449207077e-27,3.368205525048682e-19,1.6336373920289304e-10,1.5349597315298688e-24,2.8314583006971937e-20
TCN,43,6041,21,4,class_4,4,class_4,1,1.0,5.117232025015424e-16,2.046545599654337e-09,3.0898558319578e-22,5.205903850363791e-12,1.0,2.0255463240751914e-18,6.839396670538234e-14,1.692311942749654e-24,1.26475747638296e-19,2.0870176697940224e-09,3.3979475410846557e-22,1.8202199246263697e-22
TCN,43,6042,21,4,class_4,4,class_4,1,1.0,4.301184737403858e-27,3.0678694581139487e-22,1.7120504117734885e-40,6.1921232310035e-27,1.0,3.872420938009284e-34,5.091675749729799e-27,0.0,2.4108752654392233e-37,1.59512405119632e-26,0.0,9.095841335982137e-37
TCN,43,6043,21,4,class_4,4,class_4,1,1.0,3.65771698168344e-18,4.825331648088769e-22,9.672987358656645e-29,3.154141306192836e-22,1.0,4.760863915045005e-29,1.1679413079072746e-23,4.0688256352966464e-38,1.5127254897009882e-24,4.9668899291858574e-24,4.1980483350022095e-38,5.315784348062543e-31
TCN,43,6044,21,4,class_4,4,class_4,1,1.0,1.3313880163276504e-12,7.158613257729485e-09,5.600548760020932e-18,1.120634141038579e-09,1.0,1.1837617898310645e-15,1.8137295831888167e-10,1.151157531686785e-19,1.1621374622041358e-15,1.438519969809704e-08,1.2527489076896156e-18,6.839255697786031e-17
TCN,43,6045,21,4,class_4,4,class_4,1,1.0,8.585055287601046e-18,1.0321149317149558e-12,2.0539227803337406e-26,2.8087663352929435e-15,1.0,2.0759578384818383e-23,2.1711646466750983e-17,3.33424590367802e-30,1.5611338705189769e-21,1.6505163392705607e-13,1.4952126845826655e-28,1.0259507783657799e-22
TCN,43,6046,21,4,class_4,4,class_4,1,1.0,1.491719074653286e-11,9.952424710256725e-17,1.2000313043090246e-20,5.276503650185427e-18,1.0,8.975826491898834e-21,1.7536733566297844e-18,6.944644534475847e-27,4.274775437956461e-16,1.1850708924859358e-17,9.580853397900212e-28,1.2471248463222985e-22
TCN,43,6047,21,4,class_4,4,class_4,1,0.9999966621398926,1.0507506729940871e-13,3.3693927434796933e-06,7.249808762289373e-18,5.804778324680626e-10,0.9999966621398926,3.838912559150573e-14,1.6620947673740005e-10,3.462341522190572e-20,1.1088509966867271e-17,4.893199623268174e-09,9.923418009075359e-19,1.0941978747063835e-19
TCN,43,6048,21,4,class_4,4,class_4,1,1.0,4.319795376449905e-36,3.549182491229714e-35,0.0,2.2116177984603716e-37,1.0,0.0,1.825203861469253e-39,0.0,0.0,5.569850307432068e-39,0.0,0.0
TCN,43,6049,21,4,class_4,4,class_4,1,1.0,5.3901833355301545e-27,2.5524330293664593e-28,8.860410189925818e-41,1.0291510954764408e-26,1.0,1.6841001126040657e-39,7.423500581759246e-29,0.0,4.337827778345896e-36,1.9992887664322226e-29,0.0,5.6356777040921904e-39
TCN,43,6050,21,4,class_4,4,class_4,1,1.0,2.1272360828721275e-19,9.188220388527124e-15,1.0871639437195782e-30,1.1801895342551379e-17,1.0,1.176089920583465e-26,5.183193205144259e-20,3.6060798616406186e-34,3.880366166445538e-24,3.80996436114521e-15,6.695057462467109e-33,3.138317943669765e-25
TCN,43,6051,21,4,class_4,4,class_4,1,1.0,1.129384762776621e-16,1.0257553744656527e-14,8.872697254255226e-24,6.42191852538547e-14,1.0,8.933835236587303e-23,1.3650760478637643e-16,6.259517875326426e-29,2.932358179557324e-20,4.624071973069433e-17,2.3661411962232846e-28,2.974058308591683e-23
TCN,43,6052,21,4,class_4,4,class_4,1,1.0,4.552230767768941e-15,2.492549894782259e-13,1.4867151813446764e-21,3.9579862824712375e-13,1.0,2.395448976439792e-20,9.616066894580638e-15,4.2503794758429006e-26,3.5463983235685035e-18,3.434300912229238e-13,3.4971222052053254e-25,1.3292962080376213e-21
TCN,43,6053,21,4,class_4,4,class_4,1,0.9993634819984436,3.0607788439190875e-12,3.0590317692258395e-06,5.6593180764233624e-15,6.287074256761116e-07,0.9993634819984436,8.523238538560296e-14,1.0611947942607003e-07,7.763776410195237e-16,1.6352316636186748e-13,0.0006327155278995633,9.164000328433335e-15,1.5687514357204738e-14
TCN,43,6054,21,4,class_4,4,class_4,1,1.0,1.2394333742413918e-20,2.14724111479136e-21,1.1935593480057244e-32,3.028924215638529e-23,1.0,1.5045552804649218e-29,2.5908832839338255e-24,5.372868100743771e-38,1.5120596364005713e-27,4.3439458980326155e-25,8.039055910643399e-39,1.6075509434995068e-31
TCN,43,6055,21,4,class_4,4,class_4,1,0.9994702935218811,8.524753986382052e-17,0.0005297493189573288,4.256815118478601e-22,1.809940001692989e-13,0.9994702935218811,4.377772050304183e-15,5.379993867939137e-13,8.216328373034961e-26,8.908635030793807e-20,5.19576742741279e-12,1.4055061542030763e-22,6.381929151884168e-22
TCN,43,6056,21,4,class_4,4,class_4,1,1.0,2.5264581419674065e-16,2.6853832810311458e-15,1.4525113423750158e-24,3.666267961265707e-17,1.0,1.8419571446419157e-22,2.979084565459982e-18,2.971677366505874e-30,2.308008553992121e-20,5.366368138342882e-18,1.0720707091024777e-29,5.719055687501543e-25
TCN,43,6057,21,4,class_4,4,class_4,1,1.0,9.69040115077896e-14,3.026195405375631e-10,2.011716484618764e-18,1.916859027062401e-08,1.0,2.4382955117458307e-17,3.099649981130881e-10,4.211300898716774e-21,5.733914362263917e-16,5.080524334566405e-10,6.324809079218274e-20,1.7352420189592043e-16
TCN,43,6058,21,4,class_4,4,class_4,1,1.0,1.0276381725356993e-16,3.121850347675981e-11,2.894683799770495e-26,1.3077146516268096e-13,1.0,2.0859520750622643e-23,2.0478620274560653e-16,4.740168895012903e-29,2.103303292058525e-19,1.752386569187081e-10,6.24530894197572e-27,4.548192175164015e-20
TCN,43,6059,21,4,class_4,4,class_4,1,1.0,4.833333047733651e-27,1.827159166449721e-26,1.871994618491523e-41,1.7067342722196858e-27,1.0,1.061145817744208e-37,7.555399850023206e-30,0.0,9.306287218315666e-37,3.865196953639353e-30,0.0,5.249278060345408e-40
TCN,43,6060,21,4,class_4,4,class_4,1,1.0,7.388259411584871e-32,8.589935988893405e-33,0.0,1.1178261402195344e-29,1.0,1.2611686178923354e-44,6.040896619476032e-32,0.0,5.78315876226852e-42,1.3881050518428588e-27,0.0,4.946583579066604e-43
TCN,43,6061,21,4,class_4,4,class_4,1,1.0,1.0044707847216045e-27,1.234704539179421e-28,7.707141553786494e-44,3.619115877227141e-27,1.0,1.723541059180952e-40,1.883381036164307e-29,0.0,1.1547049110133188e-37,2.320558209187098e-31,0.0,4.102127493301326e-39
TCN,43,6062,21,4,class_4,4,class_4,1,1.0,8.1502379758427725e-19,1.2238261619390567e-12,5.796610575246084e-25,1.2597789131318926e-11,1.0,1.1294638315496582e-21,1.9507033249994976e-15,4.258313536841798e-27,1.5045377327606047e-22,1.348318295095726e-16,6.58384158906632e-27,4.730104335469451e-23
TCN,43,6063,21,4,class_4,4,class_4,1,1.0,5.527087680440932e-27,8.913009384070366e-29,1.401298464324817e-45,5.163156374800364e-30,1.0,1.4768438658350323e-39,6.1495977559313164e-31,0.0,1.7277194509418757e-38,2.0790064921711605e-33,0.0,6.55430732017111e-40
TCN,43,6064,21,4,class_4,4,class_4,1,1.0,4.0871486978093116e-24,1.636566239645599e-21,4.102985522386437e-33,1.2612704396420757e-17,1.0,8.990340662320567e-32,8.732986782009866e-21,9.795933636082884e-37,3.427511318184125e-30,4.235529757989566e-22,8.466197466461347e-38,1.7029791030419162e-30
TCN,43,6065,21,4,class_4,4,class_4,1,1.0,2.0258962132024952e-16,1.6441685388385655e-14,4.404734533312815e-25,1.9589659196417265e-15,1.0,2.8801283881715277e-22,2.5446031758843697e-16,2.330229584256511e-29,1.379652241465529e-21,1.0089812792556883e-16,6.559967761475696e-29,8.666537607462215e-23
TCN,43,6066,21,4,class_4,4,class_4,1,1.0,3.658773976334615e-20,5.60915890886639e-20,1.3872024115480376e-31,1.6132177138020652e-20,1.0,2.562901903061662e-28,3.998847151642058e-21,2.9606700319750005e-36,1.7799976102691485e-27,2.2202400562846544e-22,1.5335516232997167e-36,6.752936914106682e-29
TCN,43,6067,21,4,class_4,4,class_4,1,1.0,1.7719461495112216e-23,7.529224117656403e-21,5.1124075006924905e-33,5.2974664483892726e-15,1.0,4.4143236500673666e-32,6.466704158483503e-19,3.8069491169108485e-34,1.9814849584511655e-28,2.573986715737397e-18,3.0389048705181967e-35,1.192834148112962e-27
TCN,43,6068,21,4,class_4,4,class_4,1,1.0,2.2430122618078504e-22,5.612645426680687e-21,5.800812257364547e-33,1.1549710928045959e-19,1.0,4.154554856286354e-31,5.49904460956746e-23,1.110781266700996e-39,9.39776486773704e-28,1.1957717684408383e-21,4.4968592577169834e-39,3.4858606760414286e-29
TCN,43,6069,21,4,class_4,4,class_4,1,1.0,1.1463560308148101e-39,0.0,0.0,5.74532370373175e-44,1.0,0.0,2.382207389352189e-44,0.0,0.0,0.0,0.0,0.0
TCN,43,6070,21,4,class_4,4,class_4,1,1.0,1.3224946831391614e-19,3.509982243040061e-16,1.8786183197453968e-27,4.4216382942205423e-13,1.0,1.6707320548786786e-26,4.2077881599232936e-19,2.087088603580239e-32,2.507628284503384e-24,3.219084195952189e-17,2.8506142377497155e-31,2.2254188176869036e-24
TCN,43,6071,21,4,class_4,4,class_4,1,1.0,7.21642658777715e-31,2.599290718043778e-37,0.0,3.8045768984253655e-37,1.0,0.0,4.480254319330243e-37,0.0,1.401298464324817e-45,2.802316668956769e-41,0.0,0.0
TCN,43,6072,21,4,class_4,4,class_4,1,1.0,1.0537116771447211e-22,4.511212031904066e-21,7.452709856662137e-33,1.9610562215932603e-18,1.0,5.69402293022776e-32,1.2963798318749094e-21,9.198577346801674e-35,2.466779991391759e-27,2.6910643310083804e-15,1.1473646361237252e-35,2.456413288280106e-27
TCN,43,6073,21,4,class_4,4,class_4,1,1.0,1.3352124881219362e-20,2.192083230110649e-20,2.611304041524002e-31,3.0212418463813797e-21,1.0,2.447767734592972e-29,7.169124361526587e-23,1.312435542599198e-38,6.014623845835436e-29,6.045993271821215e-24,7.685657406250852e-38,1.2770401356146813e-30
TCN,43,6074,21,4,class_4,4,class_4,1,1.0,1.2542169319903676e-33,2.3972447231728586e-39,0.0,2.005756964702113e-39,1.0,0.0,1.042229745826226e-40,0.0,0.0,2.802596928649634e-44,0.0,0.0
TCN,43,6075,21,4,class_4,4,class_4,1,1.0,3.9322352007742104e-25,1.3337833462056433e-18,1.662929958163168e-34,1.1351313919947102e-20,1.0,1.015283942468491e-28,9.561521919224256e-24,7.266648426200459e-38,4.0415502937874274e-32,4.180094203266444e-27,5.599145853127242e-38,2.6512907740812063e-33
TCN,43,6076,21,4,class_4,4,class_4,1,1.0,1.313921331132273e-26,2.3432643262683725e-27,1.9962897922771344e-41,4.142834199597356e-28,1.0,1.7571452052903554e-37,5.234456588383389e-28,0.0,1.976154142279681e-37,7.402929581083133e-32,0.0,4.3669925212372167e-39
TCN,43,6077,21,4,class_4,4,class_4,1,1.0,3.21178448031052e-33,1.1392124637773778e-29,0.0,7.462982109026516e-25,1.0,1.11122968220958e-42,1.8533616563991093e-29,0.0,7.707141553786494e-44,5.070859010014204e-34,0.0,6.721187954287553e-41
TCN,43,6078,21,4,class_4,4,class_4,1,1.0,1.0239704991945729e-18,1.4531158583079882e-16,7.237937231617536e-29,1.5734405239242537e-18,1.0,5.223334508584528e-25,4.396723449660765e-19,5.447505767116896e-34,3.1169496738995907e-25,8.278076542314341e-20,3.669680304916095e-33,2.1593915574318455e-27
TCN,43,6079,21,4,class_4,4,class_4,1,1.0,1.2121449180345981e-28,4.391844422861987e-27,2.7165712159247336e-40,6.064590983206163e-23,1.0,1.7082684473481223e-38,7.528343056069086e-26,8.407790785948902e-45,3.5596191648891815e-37,2.923701285500792e-28,0.0,1.9478929790589325e-37
TCN,43,6080,21,5,class_5,5,class_5,1,1.0,2.422226873546771e-34,4.6514268197706905e-23,2.6620906655750075e-28,0.0,1.1883010977474449e-42,1.0,0.0,6.36838413854249e-36,4.1946989875371337e-32,1.249341658853434e-40,2.994601646570864e-19,0.0
TCN,43,6081,21,5,class_5,5,class_5,1,1.0,5.02236580001729e-40,1.0999199619745109e-23,5.1101508894935375e-31,0.0,1.401298464324817e-45,1.0,0.0,2.259312123942826e-36,3.649288085465511e-39,0.0,4.9889819409712484e-21,0.0
TCN,43,6082,21,5,class_5,5,class_5,1,1.0,6.801578556486717e-33,3.099073513863126e-23,3.84869293772217e-28,0.0,4.049752561898721e-43,1.0,0.0,1.055387938406236e-40,2.2757469110648343e-36,0.0,1.820784309796756e-20,0.0
TCN,43,6083,21,5,class_5,5,class_5,1,1.0,8.97045252161264e-36,3.313788958679699e-25,9.691571258543145e-28,0.0,3.923635700109488e-43,1.0,0.0,1.592694394685083e-38,6.058403178782657e-35,0.0,1.297717134124989e-19,0.0
TCN,43,6084,21,5,class_5,5,class_5,1,1.0,4.548082321781913e-40,1.1657296732506151e-22,5.006207096225466e-32,0.0,3.6335669179942507e-42,1.0,0.0,1.600765789761686e-37,9.973251365369372e-40,0.0,5.185973799733466e-23,0.0
TCN,43,6085,21,5,class_5,5,class_5,1,1.0,6.2548122115728526e-30,8.521547623655235e-21,1.465601503021027e-25,0.0,2.8072436343573352e-39,1.0,0.0,2.340939710097209e-36,2.8149848276521393e-32,4.0931928142927907e-42,6.123467114268273e-18,1.778247751228193e-42
TCN,43,6086,21,5,class_5,5,class_5,1,1.0,1.0406804702440684e-38,2.2035425143678263e-29,3.185799887926236e-29,0.0,0.0,1.0,0.0,1.4449518542153102e-38,2.4844378744639697e-36,0.0,1.4810900219839534e-19,0.0
TCN,43,6087,21,5,class_5,5,class_5,1,1.0,0.0,1.122580199770611e-41,4.189882408331203e-43,0.0,0.0,1.0,0.0,0.0,0.0,0.0,2.665110409131801e-34,0.0
TCN,43,6088,21,5,class_5,5,class_5,1,1.0,0.0,1.9211288061720405e-36,0.0,0.0,0.0,1.0,0.0,0.0,0.0,0.0,1.1564529035424011e-33,0.0
TCN,43,6089,21,5,class_5,5,class_5,1,1.0,1.401298464324817e-45,1.2937039970968646e-26,6.058694958269937e-38,0.0,0.0,1.0,0.0,5.324934164434305e-44,1.6353153078670615e-42,0.0,3.748293921956515e-22,0.0
TCN,43,6090,21,5,class_5,5,class_5,1,1.0,0.0,1.2233097372816718e-39,0.0,0.0,0.0,1.0,0.0,0.0,0.0,0.0,2.225979579412028e-31,0.0
TCN,43,6091,21,5,class_5,5,class_5,1,1.0,1.0645248142454086e-34,2.028367076641282e-27,3.758765442680648e-27,0.0,0.0,1.0,0.0,1.0663933329710854e-36,1.496054011280227e-32,0.0,2.52920243359074e-19,0.0
TCN,43,6092,21,5,class_5,5,class_5,1,1.0,3.469591304739758e-24,5.557285228750938e-17,4.54606108648744e-19,0.0,3.958091370373396e-32,1.0,4.543009621341057e-42,3.538034750421383e-25,2.9159101485334394e-24,1.3912180435138205e-33,9.454619379067886e-12,2.3529691745268404e-31
TCN,43,6093,21,5,class_5,5,class_5,1,1.0,7.161336527808349e-30,2.61554469299589e-21,1.6378369557243908e-25,0.0,5.0842051012479445e-40,1.0,0.0,4.378110342538378e-35,1.960798605103813e-29,1.1827519558287186e-40,1.2852155316653627e-16,4.292177196226915e-42
TCN,43,6094,21,5,class_5,5,class_5,1,1.0,0.0,0.0,0.0,0.0,0.0,1.0,0.0,0.0,0.0,0.0,0.0,0.0
TCN,43,6095,21,5,class_5,5,class_5,1,1.0,0.0,1.5414283107572988e-43,0.0,0.0,0.0,1.0,0.0,0.0,0.0,0.0,1.0217381974079197e-34,0.0
TCN,43,6096,21,5,class_5,5,class_5,1,1.0,0.0,0.0,0.0,0.0,0.0,1.0,0.0,0.0,0.0,0.0,0.0,0.0
TCN,43,6097,21,5,class_5,5,class_5,1,1.0,5.6294518500427415e-30,6.419238208489738e-21,2.9394512863632383e-25,0.0,2.784910972575575e-37,1.0,0.0,1.627355113962344e-33,4.576397743118488e-30,9.831369895856484e-41,2.3348376370187695e-15,9.41672568026277e-43
TCN,43,6098,21,5,class_5,5,class_5,1,1.0,6.454072441017956e-40,1.1816587607474347e-31,1.1393231957860357e-33,0.0,0.0,1.0,0.0,0.0,3.018957411541386e-41,0.0,5.737939144027884e-24,0.0
TCN,43,6099,21,5,class_5,5,class_5,1,1.0,1.466048072249092e-26,1.1992127186200238e-19,9.529451851973327e-22,0.0,8.089029491798589e-35,1.0,0.0,6.033867641543256e-26,2.505670883939259e-22,9.986016970171617e-37,7.921303722549858e-14,1.9224567259225406e-35
TCN,43,6100,21,5,class_5,5,class_5,1,1.0,6.725078486161156e-34,1.1855248347138993e-29,7.963827449894377e-29,0.0,0.0,1.0,0.0,2.6616263031385575e-41,4.2608448800294255e-36,0.0,1.1525069217598004e-18,0.0
TCN,43,6101,21,5,class_5,5,class_5,1,1.0,0.0,1.401298464324817e-45,0.0,0.0,0.0,1.0,0.0,0.0,0.0,0.0,2.934599243989032e-41,0.0
TCN,43,6102,21,5,class_5,5,class_5,1,1.0,0.0,0.0,0.0,0.0,0.0,1.0,0.0,0.0,0.0,0.0,0.0,0.0
TCN,43,6103,21,5,class_5,5,class_5,1,1.0,1.7883320526901104e-23,5.30674992949118e-15,4.4628772191496933e-20,0.0,9.340682591227211e-29,1.0,2.785119934202575e-39,1.4703606145805638e-26,4.218930180001584e-25,1.942257928262142e-33,4.452093262195117e-14,1.2527289323429523e-27
TCN,43,6104,21,5,class_5,5,class_5,1,1.0,4.557527955482704e-31,1.1497963995264804e-20,4.361302213302199e-30,0.0,6.224353364171253e-35,1.0,0.0,1.024126264691138e-34,9.307939693319166e-33,1.1770907100328463e-43,2.3924434189152548e-21,0.0
TCN,43,6105,21,5,class_5,5,class_5,1,1.0,0.0,9.616130451736192e-41,8.407790785948902e-45,0.0,0.0,1.0,0.0,0.0,0.0,0.0,3.033811175263229e-42,0.0
TCN,43,6106,21,5,class_5,5,class_5,1,1.0,2.6291848423909737e-39,9.050012990909736e-23,4.3342118733489045e-33,0.0,5.605193857299268e-45,1.0,0.0,2.4999164603554737e-42,1.1199807911192884e-39,0.0,6.472293862774831e-23,0.0
TCN,43,6107,21,5,class_5,5,class_5,1,1.0,0.0,1.6520777526230614e-29,1.0649530615938707e-38,0.0,0.0,1.0,0.0,4.491161578161039e-42,0.0,0.0,3.4191178747452427e-28,0.0
TCN,43,6108,21,5,class_5,5,class_5,1,1.0,1.712256395894273e-21,1.9067917383930322e-11,2.087735679931588e-15,1.1633441963055742e-37,5.95689261586786e-24,1.0,3.025975190301995e-33,1.8946299300198255e-21,8.384007385358807e-18,4.757372417063683e-24,1.3484387760033523e-13,2.1219848364195944e-26
TCN,43,6109,21,5,class_5,5,class_5,1,1.0,4.1965056488859506e-33,1.095962089040836e-23,8.216259039556963e-27,0.0,1.0789998175301091e-42,1.0,0.0,3.7154874830577164e-33,1.7116207497619862e-31,4.203895392974451e-45,3.6277038084917495e-17,7.006492321624085e-45
TCN,43,6110,21,5,class_5,5,class_5,1,1.0,1.1383029585250181e-32,7.01425733431526e-22,4.1206957966647403e-25,0.0,2.290533322777288e-38,1.0,0.0,9.585576030620036e-34,3.5729822340309084e-35,1.1476942708482403e-39,2.080915406441707e-21,1.9862004433339957e-41
TCN,43,6111,21,5,class_5,5,class_5,1,1.0,1.5694542800437951e-43,8.890934456206487e-22,2.282490765031199e-31,0.0,0.0,1.0,0.0,1.2614747960015965e-36,6.078552478548191e-41,1.961817850054744e-44,6.455111210081669e-22,0.0
TCN,43,6112,21,5,class_5,5,class_5,1,1.0,2.964026511739853e-41,5.259771478008573e-30,6.435248271858458e-36,0.0,0.0,1.0,0.0,0.0,0.0,0.0,4.164811949157731e-28,0.0
TCN,43,6113,21,5,class_5,5,class_5,1,1.0,0.0,3.267586158110686e-30,2.5630533639640926e-39,0.0,0.0,1.0,0.0,0.0,0.0,0.0,6.544575247877667e-28,0.0
TCN,43,6114,21,5,class_5,5,class_5,1,1.0,0.0,0.0,0.0,0.0,0.0,1.0,0.0,0.0,0.0,0.0,0.0,0.0
TCN,43,6115,21,5,class_5,5,class_5,1,1.0,1.4284836545327185e-41,1.1393899073924295e-23,1.1833909692228064e-31,0.0,0.0,1.0,0.0,3.7274539151040134e-43,3.0211994890843056e-42,0.0,6.898024087572449e-25,0.0
TCN,43,6116,21,5,class_5,5,class_5,1,1.0,0.0,0.0,0.0,0.0,0.0,1.0,0.0,0.0,0.0,0.0,0.0,0.0
TCN,43,6117,21,5,class_5,5,class_5,1,1.0,0.0,1.0975013585901445e-31,3.685414961174269e-43,0.0,0.0,1.0,0.0,0.0,0.0,0.0,2.019016608520378e-29,0.0
TCN,43,6118,21,5,class_5,5,class_5,1,1.0,2.4419479655055537e-29,2.620678019165442e-21,5.152508505753909e-24,0.0,5.731269801173344e-38,1.0,0.0,4.554230289458591e-29,1.7647843766748177e-28,4.183212227641017e-40,1.2632989247320721e-15,5.413496227379633e-41
TCN,43,6119,21,5,class_5,5,class_5,1,1.0,0.0,4.791358232143754e-31,1.87633864373093e-42,0.0,0.0,1.0,0.0,0.0,0.0,0.0,1.341754254390975e-26,0.0
TCN,43,6120,21,6,class_6,6,class_6,1,1.0,6.465400832030849e-18,3.17472680185923e-27,1.2315923249820687e-25,4.836597702201351e-12,2.0991012630143696e-21,2.7621630838672897e-30,1.0,1.2430275417305877e-27,3.494000837475781e-33,6.20638829778296e-33,6.6982066594726256e-43,4.345069122334125e-19
TCN,43,6121,21,6,class_6,3,class_3,0,0.9989666938781738,2.002620346028966e-14,1.7933780260323297e-18,4.709518489575242e-18,0.9989666938781738,3.75714325102916e-13,8.675993209816556e-24,0.001033349777571857,1.0573300522338618e-17,7.415035024878047e-22,5.226478661870364e-19,2.4272752682242395e-28,6.39678171543423e-11
TCN,43,6122,21,6,class_6,6,class_6,1,1.0,2.447312069935873e-20,1.5971823780286438e-33,1.0617089050751206e-29,8.966685297946878e-22,3.0664225166226027e-27,4.235725719435774e-36,1.0,1.4445974256556529e-33,1.1523367726605484e-39,1.1406569499604011e-42,0.0,2.2289167810150491e-26
TCN,43,6123,21,6,class_6,6,class_6,1,1.0,1.5052089933690585e-15,3.5699841524913585e-28,1.7792867418229554e-25,2.5169250508438553e-16,6.226270865630468e-22,5.126668936111292e-31,1.0,6.7705316082254965e-28,8.349186664321339e-33,2.1903302152978467e-33,2.2701035122062037e-43,1.3535463324760631e-20
TCN,43,6124,21,6,class_6,6,class_6,1,0.8454995155334473,3.972578863087328e-11,3.1675816149089227e-17,1.1093893747984689e-14,0.1545005440711975,1.0985842227237419e-12,1.0737453816966124e-20,0.8454995155334473,1.2932520214502339e-15,2.99690686322873e-21,9.39612242182154e-19,6.507158280918112e-28,1.563607021637381e-10
TCN,43,6125,21,6,class_6,6,class_6,1,0.998879611492157,1.3722493974466232e-10,1.777768466128964e-17,1.7711711342905702e-14,0.0011204361217096448,8.664036420811053e-14,6.652335120167767e-20,0.998879611492157,4.978673846107973e-16,2.4703377408855376e-22,8.66999019289799e-21,1.0128472799769765e-28,1.6433873576207625e-12
TCN,43,6126,21,6,class_6,6,class_6,1,0.999923825263977,1.1995540845355368e-11,4.616861026079502e-18,3.87788412153727e-15,7.622806151630357e-05,1.6424668496475316e-14,1.4498351640973506e-20,0.999923825263977,1.400248693951805e-17,1.32678215881978e-23,1.5981789300894494e-22,9.89511678335752e-31,1.91558235745036e-13
TCN,43,6127,21,6,class_6,6,class_6,1,0.9999995231628418,2.777306596507545e-12,1.2975134408991478e-19,1.2803752677673964e-16,4.2392537125124363e-07,1.9126147944603135e-15,1.2974719687774208e-22,0.9999995231628418,5.073447017373786e-20,7.95867666388798e-25,3.251540437686775e-25,4.119307353283101e-34,7.88257754560798e-15
TCN,43,6128,21,6,class_6,6,class_6,1,0.9999983310699463,5.646996759089973e-10,7.949038958042378e-20,3.1135597064176155e-16,1.670456413194188e-06,6.098612868033729e-16,3.200471548918573e-22,0.9999983310699463,7.700316701786945e-16,2.5604711577587903e-23,1.9086637276583838e-21,6.943429591663086e-30,4.8173934459605494e-12
TCN,43,6129,21,6,class_6,6,class_6,1,0.999996542930603,6.7916096974562825e-15,1.3600371153451902e-20,1.3084645367275256e-19,3.5137522900186013e-06,4.3765866276945006e-15,1.750774227220357e-24,0.999996542930603,1.1568972079025262e-21,1.0688799025189198e-25,5.624660098544731e-25,6.235643964452027e-35,3.456092020643481e-13
TCN,43,6130,21,6,class_6,6,class_6,1,0.9900853633880615,2.613306016030492e-09,4.770127584700166e-17,2.0208966065252826e-14,0.009914667345583439,1.0636531531851151e-13,2.887325303787201e-20,0.9900853633880615,1.7569954280545474e-13,6.471981958532504e-20,9.0864268276623e-18,1.8184739927725122e-26,8.347647018069893e-09
TCN,43,6131,21,6,class_6,6,class_6,1,0.8219151496887207,1.0731506964534523e-13,1.815042713455706e-18,2.013159253043179e-17,0.1780848652124405,3.358653009573678e-14,1.6905824046580023e-23,0.8219151496887207,7.451599638157806e-17,5.9693824139219525e-22,1.6408361758559598e-19,2.995052476042032e-29,4.17677403774519e-09
TCN,43,6132,21,6,class_6,6,class_6,1,0.9976892471313477,3.295505646150332e-09,1.085151362238409e-17,1.3606689830848034e-14,0.002310735872015357,6.706715396801247e-14,2.356220905241745e-20,0.9976892471313477,2.273664451699943e-14,1.537157487125534e-20,3.218473684961337e-19,2.5369664637620687e-27,5.8827875903944e-10
TCN,43,6133,21,6,class_6,6,class_6,1,1.0,3.449647763606698e-18,3.862784352411501e-35,6.8040763350454205e-31,2.223699381748004e-21,1.1937893612171295e-28,1.2991614065842498e-37,1.0,5.026524505888972e-34,1.7216352932694703e-41,5.605193857299268e-45,0.0,5.460880468225218e-28
TCN,43,6134,21,6,class_6,6,class_6,1,1.0,1.7592203264199884e-19,3.8610165191104595e-35,1.5988544011932534e-31,5.018891103632611e-22,3.7124631858856e-29,1.5634097510919607e-37,1.0,3.4406040065896786e-34,1.7938021641821983e-41,1.1210387714598537e-44,0.0,3.1750777062950973e-27
TCN,43,6135,21,6,class_6,6,class_6,1,1.0,8.437629236218659e-16,4.074317739600424e-26,5.058484095574526e-23,2.035793408849962e-12,2.5636261040817597e-20,3.2565518133282175e-28,1.0,4.273335328184832e-26,6.824396371204116e-33,1.9312496073376837e-33,3.839557792249999e-42,8.111149717555293e-21
TCN,43,6136,21,6,class_6,6,class_6,1,1.0,1.5794368595822272e-17,1.798718133820344e-30,2.3482216699452253e-27,1.3547157099532111e-17,4.388752704411103e-24,4.34732634954225e-33,1.0,2.001011119562957e-31,1.1093680852256937e-37,5.4982439559050696e-39,0.0,4.083671103116258e-25
TCN,43,6137,21,6,class_6,6,class_6,1,1.0,1.65813577332561e-14,4.140869415480048e-23,5.705951318997312e-20,9.440753734324403e-10,2.189319399964259e-18,2.608046875775365e-25,1.0,1.0104957941639243e-22,1.488161704592987e-29,2.0535984862311736e-29,1.0131628920404291e-37,3.644137571157463e-18
TCN,43,6138,21,6,class_6,6,class_6,1,0.9961445331573486,2.405352826639895e-11,4.648553624068859e-18,1.8744019618361198e-15,0.0038554661441594362,8.720707329553691e-15,2.7708123100857753e-21,0.9961445331573486,7.077724721544576e-15,1.6689487652347554e-21,3.3036663087178803e-20,6.587339077845327e-28,6.010664188593751e-10
TCN,43,6139,21,6,class_6,3,class_3,0,0.9999959468841553,2.278332016167876e-16,1.325742271772227e-19,1.327741463915191e-19,0.9999959468841553,1.2642877298188731e-14,1.7349293396414107e-25,4.054980308865197e-06,2.3944838906019595e-17,3.5877830682848747e-22,1.3308353779000809e-18,3.269036509747962e-27,9.26434189779668e-12
TCN,43,6140,21,6,class_6,3,class_3,0,1.0,7.86452355105191e-24,3.2819729657769714e-25,1.8449893680969596e-28,1.0,6.072801888159094e-18,8.979188086198743e-35,2.569651848076393e-13,2.218775173138095e-22,3.259959216734076e-27,6.641931546819065e-21,8.284032186290006e-31,4.0428584787427236e-18
TCN,43,6141,21,6,class_6,3,class_3,0,0.9999998807907104,5.16493849224795e-19,8.971229767849675e-23,2.0588686500287269e-22,0.9999998807907104,1.8868605459408097e-15,3.568649242298655e-28,7.711809502097822e-08,2.0533332143189685e-20,2.2672491039585727e-26,2.1636692125623473e-21,3.2907774391382846e-30,1.6055223641585565e-16
TCN,43,6142,21,6,class_6,3,class_3,0,0.9999998807907104,5.785957261819207e-19,3.062911372661326e-22,3.6138679847390196e-22,0.9999998807907104,7.110730630883761e-15,8.35315683630593e-28,7.311163585654867e-08,3.275052644989508e-20,7.48704433878802e-26,1.8144121110232566e-20,6.398939856045817e-30,3.297184273283731e-16
TCN,43,6143,21,6,class_6,3,class_3,0,1.0,1.5336994844241502e-19,6.25139955644974e-23,1.6683844898738072e-23,1.0,1.7382972138603914e-15,1.3375362282752302e-29,1.2076641908720376e-08,7.886105699946151e-21,7.714255384716719e-26,4.676948330504149e-20,1.5656175100127364e-30,1.8800781413739077e-15
TCN,43,6144,21,6,class_6,3,class_3,0,1.0,4.704592816153628e-28,1.391842607789434e-28,6.0500490184915346e-33,1.0,5.590574486947797e-20,1.7369500841860762e-39,4.0623437570102595e-15,1.6277705667208258e-26,3.3094200272259415e-31,2.861149593860486e-23,6.136389021162247e-36,9.189142962503049e-20
TCN,43,6145,21,6,class_6,3,class_3,0,1.0,7.267269588592784e-20,1.8484689705334617e-21,8.195705502864511e-24,1.0,1.4406923996008298e-15,5.821484368774993e-29,5.466578301138725e-10,2.2138339313930337e-18,4.1161297908592306e-22,2.1469517797439156e-16,3.0255240846211775e-26,3.3876411875341517e-13
TCN,43,6146,21,6,class_6,3,class_3,0,0.9950807094573975,2.3043869330080513e-12,3.805214451839914e-17,2.52183985364118e-15,0.9950807094573975,2.734132364956565e-12,1.1728554323504599e-20,0.004919232334941626,2.7869603190988287e-14,2.507090732594461e-20,3.90810380864069e-17,1.807991689182621e-24,2.0214066531742958e-11
TCN,43,6147,21,6,class_6,3,class_3,0,0.9999260902404785,7.338433788590948e-13,2.157144497775141e-16,2.1064511640687473e-16,0.9999260902404785,2.2263132309907618e-11,1.4542413750824552e-21,7.38661692594178e-05,2.2940921081196497e-13,7.278530954699051e-18,1.4784908323670076e-12,2.795434009467593e-22,3.6035421313584948e-09
TCN,43,6148,21,6,class_6,6,class_6,1,1.0,1.8095912623467366e-16,9.00979533231097e-27,5.0030801853903197e-23,2.2452020711355436e-12,2.308421376894509e-21,1.0830964895152245e-27,1.0,2.2117146829005735e-26,1.5259152779451578e-33,1.7661865758008478e-34,4.5149836520545606e-42,2.757847122362091e-22
TCN,43,6149,21,6,class_6,3,class_3,0,1.0,5.0921352609605715e-22,1.9779470380470568e-24,4.346263669979768e-26,1.0,5.189552161273139e-17,5.169339851243882e-32,3.839270013017426e-10,3.197365077782685e-22,1.0559421291538283e-27,1.4675569432658024e-21,4.796750459829846e-32,7.602257020972294e-17
TCN,43,6150,21,6,class_6,3,class_3,0,0.9915116429328918,1.9632880390862972e-12,3.1619491105074776e-16,1.134101899847792e-14,0.9915116429328918,2.921684075229969e-11,1.0806136949671875e-19,0.008488372899591923,3.568849995258874e-14,1.0881339945815163e-19,6.430831366045482e-16,1.0836579888438324e-23,7.359010623098072e-11
TCN,43,6151,21,6,class_6,3,class_3,0,1.0,2.120011224876696e-33,4.422968676333695e-33,1.565019170404207e-39,1.0,1.2215192614756885e-24,0.0,6.984543455748707e-21,7.683837936296876e-31,5.696400854280428e-36,1.3924645868649738e-27,1.5353186494528426e-40,3.8008430214386645e-25
TCN,43,6152,21,6,class_6,3,class_3,0,0.9999995231628418,2.9596601726486135e-16,4.6078302817419545e-19,1.0553419055370147e-19,0.9999995231628418,1.7811641918330512e-13,1.5587445780755743e-24,4.790724688064074e-07,1.327120236799503e-16,6.266346009357654e-22,2.965365733641759e-17,1.920149566104229e-25,1.67967609222483e-13
TCN,43,6153,21,6,class_6,3,class_3,0,1.0,1.6887216080003308e-22,1.489517852679633e-23,2.4356348538146998e-26,1.0,4.322443540552177e-16,1.3342370752507632e-32,3.6812514841999544e-12,2.800667754474936e-22,7.786215523010013e-26,1.8421075719599524e-19,4.114449528104096e-30,9.512006620609402e-17
TCN,43,6154,21,6,class_6,3,class_3,0,1.0,3.3873021668801467e-26,1.731477580143003e-26,1.7939684783661855e-31,1.0,1.4484316389306527e-19,5.0804692395420546e-39,6.607273887612269e-17,4.22979131555228e-25,4.59207084063529e-28,1.6859997728200541e-21,2.2695096045909159e-32,3.849530872877293e-20
TCN,43,6155,21,6,class_6,3,class_3,0,0.9999704360961914,7.636820101123333e-18,3.0246119611426797e-21,2.925366887794117e-20,0.9999704360961914,5.890515804079718e-14,1.0280422374591e-25,2.9524806450353935e-05,4.122455238580043e-20,4.573354846028729e-27,2.945181266295163e-23,6.072330349342162e-30,1.7801656024569182e-16
TCN,43,6156,21,6,class_6,3,class_3,0,1.0,1.1663592903484598e-33,3.008985439841774e-33,2.1562003678320252e-39,1.0,1.3895748360651256e-24,0.0,2.758754617850038e-20,3.670159730287078e-31,7.731210704625246e-37,5.275105867642733e-29,4.093332944139223e-41,4.8649859374812485e-26
TCN,43,6157,21,6,class_6,3,class_3,0,1.0,4.600607886225651e-29,1.0929651682081179e-29,1.5759206469170197e-34,1.0,2.3220930810666836e-21,2.048838484689315e-41,2.280923936986474e-16,1.1740363014837648e-27,5.854719050760814e-34,2.6990979872353916e-27,2.1516514167051954e-37,1.4566070490303554e-23
TCN,43,6158,21,6,class_6,3,class_3,0,1.0,9.57687288864477e-20,5.666792031421491e-22,5.752231094819954e-23,1.0,5.031791176351172e-15,1.790491328460634e-28,6.157401255535433e-09,5.734143314483739e-20,2.0462450374992815e-24,7.093269691049811e-19,2.5505545254469526e-28,9.342602307559587e-15
TCN,43,6159,21,6,class_6,3,class_3,0,0.606072723865509,3.1833232881292584e-13,2.352868309907325e-18,4.3241262244414567e-16,0.606072723865509,3.579006232004578e-12,1.6514293383548237e-21,0.3939272165298462,4.944414010369497e-16,4.311381069054845e-22,7.550833435677526e-19,2.5535752598978765e-26,1.462545883013089e-11
TCN,43,6160,21,7,class_7,7,class_7,1,1.0,0.0,0.0,0.0,0.0,0.0,0.0,0.0,1.0,1.8216880036222622e-44,4.203895392974451e-45,1.2611686178923354e-44,0.0
TCN,43,6161,21,7,class_7,7,class_7,1,1.0,0.0,0.0,0.0,0.0,0.0,0.0,0.0,1.0,0.0,0.0,0.0,0.0
TCN,43,6162,21,7,class_7,7,class_7,1,1.0,0.0,0.0,0.0,0.0,0.0,0.0,0.0,1.0,7.006492321624085e-45,0.0,1.837692677763085e-34,0.0
TCN,43,6163,21,7,class_7,7,class_7,1,1.0,0.0,0.0,0.0,0.0,0.0,0.0,0.0,1.0,0.0,0.0,3.1603764525610464e-40,0.0
TCN,43,6164,21,7,class_7,7,class_7,1,0.9999998807907104,5.636949522578412e-38,1.7786657641652948e-36,3.472747807777418e-36,1.960439958879967e-36,2.802596928649634e-45,1.7728108730951703e-31,0.0,0.9999998807907104,4.225859711686749e-23,3.8024648701559923e-26,6.164853516565927e-08,3.330577505763972e-34
TCN,43,6165,21,7,class_7,7,class_7,1,1.0,0.0,0.0,0.0,0.0,0.0,0.0,0.0,1.0,0.0,0.0,0.0,0.0
TCN,43,6166,21,7,class_7,7,class_7,1,1.0,0.0,0.0,0.0,0.0,0.0,0.0,0.0,1.0,0.0,0.0,5.605193857299268e-45,0.0
TCN,43,6167,21,7,class_7,7,class_7,1,1.0,0.0,0.0,0.0,0.0,0.0,0.0,0.0,1.0,4.02455717066861e-36,2.3739257154280294e-40,1.5723820930161167e-21,0.0
TCN,43,6168,21,7,class_7,7,class_7,1,1.0,0.0,0.0,0.0,0.0,0.0,0.0,0.0,1.0,0.0,0.0,0.0,0.0
TCN,43,6169,21,7,class_7,7,class_7,1,1.0,0.0,0.0,0.0,4.624284932271896e-44,0.0,1.7656360650492695e-43,0.0,1.0,7.822904560372036e-31,2.112300670701523e-34,6.38640399244772e-12,2.802596928649634e-45
TCN,43,6170,21,7,class_7,7,class_7,1,1.0,0.0,0.0,0.0,0.0,0.0,0.0,0.0,1.0,0.0,0.0,0.0,0.0
TCN,43,6171,21,7,class_7,7,class_7,1,1.0,0.0,0.0,0.0,0.0,0.0,0.0,0.0,1.0,3.694929777747034e-40,1.1350517561031018e-42,4.0235482806158473e-41,0.0
TCN,43,6172,21,7,class_7,7,class_7,1,1.0,0.0,0.0,0.0,0.0,0.0,0.0,0.0,1.0,0.0,0.0,0.0,0.0
TCN,43,6173,21,7,class_7,7,class_7,1,1.0,7.738906085050977e-31,9.116343169438316e-28,2.823702187963346e-28,6.551558989590478e-31,1.0392453612503964e-36,1.1414620853693713e-28,9.892690716655338e-40,1.0,2.894688933945946e-15,3.36698343031712e-20,1.9815781590003946e-18,1.3372882539615344e-26
TCN,43,6174,21,7,class_7,7,class_7,1,1.0,7.031893302396572e-35,1.0256676775764019e-32,1.536556365939636e-35,1.651379578222637e-35,3.839557792249999e-43,2.795008888077288e-31,0.0,1.0,2.2314245539667818e-20,6.14359055136948e-25,8.791207291657171e-22,9.049405506561143e-35
TCN,43,6175,21,7,class_7,7,class_7,1,1.0,0.0,0.0,0.0,0.0,0.0,0.0,0.0,1.0,9.921193127419705e-43,0.0,3.2520774240664625e-40,0.0
TCN,43,6176,21,7,class_7,7,class_7,1,1.0,0.0,0.0,0.0,0.0,0.0,0.0,0.0,1.0,5.95705990169123e-41,0.0,7.146622168056567e-44,0.0
TCN,43,6177,21,7,class_7,7,class_7,1,1.0,3.3742079616674865e-36,7.07461099963293e-30,2.9361862940936325e-35,1.0481612211568672e-33,3.780775283489423e-38,1.9091657786397777e-32,6.866362475191604e-44,1.0,3.995492788855313e-21,3.2206545983451212e-18,4.239242405819143e-17,3.105018679131962e-35
TCN,43,6178,21,7,class_7,7,class_7,1,1.0,0.0,0.0,0.0,0.0,0.0,0.0,0.0,1.0,3.363116314379561e-44,0.0,7.731960110972487e-34,0.0
TCN,43,6179,21,7,class_7,7,class_7,1,1.0,8.503204709611875e-35,1.992747112158032e-30,3.698038738787698e-33,2.4255740477929896e-34,1.0980995155988564e-40,2.9729504438149333e-28,1.5414283107572988e-44,1.0,6.11516794817463e-22,5.791044076876005e-24,2.896058913515187e-11,5.072201700069331e-31
TCN,43,6180,21,7,class_7,7,class_7,1,1.0,7.981426109999576e-39,2.7241814683395804e-35,1.9614872781418158e-36,2.834266273943375e-41,0.0,1.1430883592930171e-34,0.0,1.0,1.7151301388636245e-24,1.6380709757126746e-29,5.890072843144406e-25,1.4335632989567741e-33
TCN,43,6181,21,7,class_7,7,class_7,1,1.0,2.8672412545305014e-34,4.1089187658696915e-27,8.103368020361351e-33,2.9463898146475104e-32,1.4330074663650983e-38,3.5405387299422436e-29,2.9763579382259115e-42,1.0,1.9167321620599125e-18,2.6001945957399927e-21,4.906053794012481e-14,2.7738718539574123e-31
TCN,43,6182,21,7,class_7,7,class_7,1,1.0,0.0,0.0,0.0,0.0,0.0,0.0,0.0,1.0,0.0,0.0,0.0,0.0
TCN,43,6183,21,7,class_7,7,class_7,1,0.9999998807907104,4.13347160412863e-21,8.433202633971297e-20,8.208369644353585e-18,2.1169022438177055e-23,1.2975341324958664e-26,3.307716069191654e-16,6.1562896101716776e-30,0.9999998807907104,1.763810359989293e-07,1.4425069559320853e-15,7.779641189066544e-14,1.636316328510825e-21
TCN,43,6184,21,7,class_7,7,class_7,1,1.0,0.0,0.0,0.0,0.0,0.0,0.0,0.0,1.0,9.812186119879877e-40,0.0,1.1072006583271974e-27,0.0
TCN,43,6185,21,7,class_7,7,class_7,1,1.0,2.1804204104894154e-42,3.0659524330382036e-36,9.241563372222169e-41,8.850699752087433e-37,0.0,1.2013027652889898e-38,0.0,1.0,5.702188608752753e-27,2.0762545543364928e-27,4.173942384950067e-20,2.6720415784099554e-35
TCN,43,6186,21,7,class_7,7,class_7,1,0.5172471404075623,4.667130892943106e-16,4.508331506508298e-14,4.0161214631684317e-11,5.892038522488187e-19,6.2720356023722444e-21,9.890014780467027e-07,9.370510070129044e-28,0.5172471404075623,6.283569291554159e-07,1.1576377877131616e-12,0.4827512502670288,3.0147604516890877e-18
TCN,43,6187,21,7,class_7,7,class_7,1,1.0,0.0,0.0,0.0,0.0,0.0,0.0,0.0,1.0,2.167716574923478e-37,1.1209339543347222e-38,1.8533787767126087e-26,0.0
TCN,43,6188,21,7,class_7,7,class_7,1,1.0,0.0,0.0,0.0,0.0,0.0,0.0,0.0,1.0,2.2170407114134315e-37,7.406717176019896e-39,1.0823756850309387e-31,0.0
TCN,43,6189,21,7,class_7,7,class_7,1,1.0,0.0,0.0,0.0,0.0,0.0,0.0,0.0,1.0,0.0,0.0,2.237663452757084e-40,0.0
TCN,43,6190,21,7,class_7,7,class_7,1,1.0,2.9109121431635938e-37,1.4668364930762644e-34,5.429102163275575e-35,1.3600930251424284e-36,1.401298464324817e-44,8.12372609019078e-35,0.0,1.0,5.022089461286739e-22,8.065983348228294e-27,1.1200311698459938e-17,2.5012256958872945e-33
TCN,43,6191,21,7,class_7,7,class_7,1,1.0,1.5517446208330957e-24,1.7320708046875776e-20,1.200735281256489e-22,1.1587456549427265e-24,5.510075459759674e-28,2.0982536452245728e-20,9.816131650383396e-30,1.0,1.8479865532793072e-13,1.823479823354849e-14,2.1516068345940088e-14,3.2097305040264605e-23
TCN,43,6192,21,7,class_7,7,class_7,1,1.0,1.18489434784283e-25,1.2622867468298828e-16,1.2454072515847517e-24,1.5254283788071038e-23,2.5710126296143585e-26,1.4776652099046483e-18,1.6364773439153326e-30,1.0,4.543927300398876e-12,3.99953126173358e-11,1.9704611477645156e-13,1.8454233363505844e-23
TCN,43,6193,21,7,class_7,7,class_7,1,1.0,8.660240588148642e-27,1.0974137508786237e-23,1.0253265837928766e-26,1.4296923574001402e-24,5.720109735960079e-30,9.511569077338172e-25,8.676521286470242e-32,1.0,1.8354247746212577e-17,1.9334102738785742e-17,2.1056259221028523e-13,1.0480421417075068e-24
TCN,43,6194,21,7,class_7,7,class_7,1,1.0,0.0,0.0,0.0,0.0,0.0,0.0,0.0,1.0,0.0,0.0,1.5338141033176663e-37,0.0
TCN,43,6195,21,7,class_7,7,class_7,1,0.9999996423721313,1.4551094098546565e-20,3.3518568596386163e-22,3.5642856907246565e-18,4.203895392974451e-44,3.793544755875429e-38,3.4172757068517967e-07,0.0,0.9999996423721313,4.744283299551455e-10,8.503930813474275e-24,7.979897298504568e-10,2.2825892996696623e-28
TCN,43,6196,21,7,class_7,7,class_7,1,1.0,0.0,9.668959403841238e-44,0.0,0.0,0.0,7.006492321624085e-45,0.0,1.0,7.926074635911556e-34,2.4078367104762947e-34,5.340304253679453e-28,2.6624670822171524e-43
TCN,43,6197,21,7,class_7,7,class_7,1,1.0,0.0,0.0,0.0,0.0,0.0,0.0,0.0,1.0,3.265272480885433e-35,2.1600633273086294e-38,2.6929342255323798e-37,0.0
TCN,43,6198,21,7,class_7,7,class_7,1,1.0,9.576879857757551e-26,5.5135857015660606e-21,7.083050180296873e-26,1.0164451464528296e-23,7.402298644928719e-27,7.844119663738369e-24,2.566217090534371e-29,1.0,3.872146002715214e-16,6.473116855899852e-13,2.3271704138942318e-17,8.379276590953061e-25
TCN,43,6199,21,7,class_7,7,class_7,1,1.0,0.0,0.0,0.0,0.0,0.0,0.0,0.0,1.0,0.0,0.0,0.0,0.0
TCN,43,6200,21,8,class_8,8,class_8,1,1.0,1.0839313801461164e-27,0.0,1.69397532072108e-35,0.0,3.34664377067173e-38,0.0,0.0,5.074497073194502e-34,1.0,1.1075028085398574e-23,9.881634384779207e-34,6.841718673424288e-29
TCN,43,6201,21,8,class_8,8,class_8,1,1.0,2.136379495668929e-24,1.3296685164562924e-33,1.3949681513479314e-28,1.7146007454907558e-31,2.2678549244818792e-26,6.033074626083117e-37,9.361108144213719e-39,4.666136906285573e-25,1.0,8.328102205253096e-13,2.0513476117013806e-25,1.8368068295639088e-22
TCN,43,6202,21,8,class_8,8,class_8,1,1.0,4.697200881291714e-37,0.0,1.6891111559124912e-40,0.0,1.401298464324817e-45,0.0,0.0,8.582869016081645e-40,1.0,6.273046931332639e-29,2.3555827185300175e-42,1.9846824167075926e-38
TCN,43,6203,21,8,class_8,8,class_8,1,1.0,5.121031224890401e-40,0.0,0.0,0.0,0.0,0.0,0.0,7.006492321624085e-45,1.0,1.3182714933454797e-30,0.0,2.802596928649634e-45
TCN,43,6204,21,8,class_8,8,class_8,1,1.0,0.0,0.0,0.0,0.0,0.0,0.0,0.0,0.0,1.0,0.0,0.0,0.0
TCN,43,6205,21,8,class_8,8,class_8,1,1.0,2.680687144191457e-29,0.0,5.427408017644062e-26,0.0,0.0,2.6041702635043114e-39,0.0,6.139692291976485e-28,1.0,5.3845979930711913e-33,1.251393325348795e-24,1.0523967293409714e-32
TCN,43,6206,21,8,class_8,8,class_8,1,1.0,2.683166077993118e-19,6.170283493892683e-36,2.4917512316514575e-17,1.0750160582786087e-35,7.737042103658878e-32,3.1712042759909457e-27,3.7947162413916046e-42,2.3752124551180796e-20,1.0,1.4111451528346495e-24,1.7403164383015388e-20,4.004061528536456e-24
TCN,43,6207,21,8,class_8,8,class_8,1,1.0,6.019358070528232e-27,3.2798360256059656e-38,6.080962884103984e-25,4.428103147266422e-43,2.2827799944261174e-37,1.0476987192311163e-31,0.0,5.67555810133623e-28,1.0,9.32204019121865e-27,6.321226841652826e-24,1.3235492282579598e-27
TCN,43,6208,21,8,class_8,8,class_8,1,1.0,7.499267267624548e-29,7.912669775879359e-32,5.7953575492149726e-30,3.2827532325809275e-30,1.2201416951365754e-30,1.8113804725082281e-38,3.783505853677006e-44,2.996686625885767e-23,1.0,4.583531332258417e-09,8.349884989479207e-26,9.552776765001157e-23
TCN,43,6209,21,8,class_8,8,class_8,1,1.0,2.982028574608345e-26,4.36788675592859e-34,1.3183136840006403e-27,1.6454273110486798e-32,3.4569660092710976e-29,1.2013498096810341e-36,1.3627627565558846e-41,2.7658710723355055e-25,1.0,5.260947724011235e-14,5.896072130328612e-26,9.254202220933685e-24
TCN,43,6210,21,8,class_8,8,class_8,1,1.0,9.668959403841238e-44,0.0,2.802596928649634e-45,0.0,0.0,0.0,0.0,2.2701035122062037e-43,1.0,9.80908925027372e-45,0.0,0.0
TCN,43,6211,21,8,class_8,8,class_8,1,1.0,5.66122068460378e-36,0.0,5.0550286659222375e-39,0.0,0.0,0.0,0.0,6.49777617337934e-30,1.0,2.188961808167341e-24,6.532307973708359e-34,3.6756289204811364e-36
TCN,43,6212,21,8,class_8,8,class_8,1,1.0,2.046574031939804e-23,6.165713243029195e-44,2.1241671925008677e-30,1.401298464324817e-45,1.7855612252196694e-34,3.144934143484187e-41,0.0,6.654759776389282e-30,1.0,4.896624116205559e-24,3.3648718573361515e-31,9.784834724549815e-31
TCN,43,6213,21,8,class_8,8,class_8,1,1.0,5.781908243518957e-38,0.0,6.108260005991878e-42,0.0,0.0,0.0,0.0,4.78715785278037e-40,1.0,2.5419494234540235e-35,1.317220556465328e-43,5.074942518398758e-41
TCN,43,6214,21,8,class_8,8,class_8,1,1.0,2.5223372357846707e-43,0.0,2.368194404708941e-43,0.0,0.0,0.0,0.0,2.802596928649634e-45,1.0,2.8940254877335854e-38,4.203895392974451e-45,0.0
TCN,43,6215,21,8,class_8,8,class_8,1,1.0,4.029181943942906e-28,1.8669559696033504e-38,2.253775694989764e-30,2.0001433630540276e-40,6.919087731210289e-38,9.105217031643364e-41,0.0,3.2073531336379186e-25,1.0,5.792547571059636e-16,1.2092802213745256e-30,4.307438617119272e-28
TCN,43,6216,21,8,class_8,8,class_8,1,1.0,1.2175509952995873e-24,2.4734543479755303e-32,8.285163512807932e-25,9.087000302658739e-29,4.3903995541065216e-29,3.4325584089738724e-32,1.1711492045441091e-40,1.7460676053807698e-21,1.0,3.54099108162368e-14,4.833094826994872e-19,2.136276730758806e-21
TCN,43,6217,21,8,class_8,8,class_8,1,1.0,9.939476972034317e-34,0.0,2.0640173496548815e-39,0.0,1.9646204469833935e-42,0.0,0.0,8.50293481317019e-30,1.0,1.188856236405101e-17,1.7644855519049065e-31,3.851954364541144e-35
TCN,43,6218,21,8,class_8,8,class_8,1,1.0,1.4801978025133072e-26,1.1776307383365101e-32,1.8256341688974364e-25,7.132545379772529e-30,1.7100096877344103e-30,1.8838226347148276e-33,3.90962271546624e-43,3.534178502493823e-24,1.0,3.6863382084275503e-16,1.6240169444398572e-20,1.7589567595349652e-21
TCN,43,6219,21,8,class_8,8,class_8,1,1.0,2.802596928649634e-45,0.0,5.5197146509754544e-42,0.0,0.0,0.0,0.0,1.5946776524016418e-42,1.0,1.8177503549375095e-40,1.0930128021733573e-43,0.0
TCN,43,6220,21,8,class_8,8,class_8,1,1.0,5.1576170134251156e-33,1.8886700702169884e-41,5.274457712191168e-38,1.9546749497354086e-36,7.218613807156851e-35,0.0,0.0,8.990447867405362e-31,1.0,1.696641721701201e-14,6.220073250200968e-30,2.1155006732607298e-28
TCN,43,6221,21,8,class_8,8,class_8,1,0.9999998807907104,1.7511130552864095e-14,8.978962340214833e-24,6.5628000811557285e-09,2.0722776445868012e-24,2.4143348696962632e-30,5.476977961237894e-23,2.5999269432775346e-28,1.8119207035368484e-14,0.9999998807907104,6.44995116613989e-19,4.44974782796417e-15,7.351210484785042e-08
TCN,43,6222,21,8,class_8,8,class_8,1,0.9999986886978149,1.1609224357929469e-14,3.219377010719865e-23,6.159074609204333e-16,4.496757530652538e-28,6.319455257274926e-25,7.754902675453396e-26,3.3701227435815006e-30,1.3245439731690567e-06,0.9999986886978149,1.3258044835595673e-11,5.77359611942524e-14,2.6247519479826337e-17
TCN,43,6223,21,8,class_8,8,class_8,1,1.0,2.7794651343796387e-38,0.0,0.0,0.0,3.9697356169888456e-39,0.0,0.0,1.1888891559696815e-30,1.0,8.446461439342093e-14,3.1699014691244853e-25,9.811891847202369e-42
TCN,43,6224,21,8,class_8,8,class_8,1,1.0,2.5090208745433226e-20,1.391007016563909e-31,2.9977881993427233e-28,4.754257674409203e-29,1.3480557061167597e-24,2.379255739108486e-36,5.484866757190667e-36,7.892304707778897e-21,1.0,2.150188693761379e-09,2.181979994410138e-20,2.963406209979046e-20
TCN,43,6225,21,8,class_8,9,class_9,0,1.0,0.0,4.97534999446165e-38,0.0,2.2681136683868624e-40,2.228064558276459e-43,0.0,0.0,3.858402701122375e-24,6.758376201184727e-21,1.0,6.006415171300593e-29,5.36136792450675e-42
TCN,43,6226,21,8,class_8,9,class_9,0,1.0,7.15409021051512e-33,3.954097879872268e-29,4.792310146973999e-38,5.172466681263397e-28,4.396662964165895e-31,6.305843089461677e-44,1.1277018055278717e-38,1.381762596924674e-16,4.965245726916033e-15,1.0,5.976678304444416e-22,6.183953791832418e-20
TCN,43,6227,21,8,class_8,9,class_9,0,0.9993149042129517,6.056983114958979e-26,4.786202171617093e-28,9.946901541290905e-31,7.6053032166468e-27,4.058465468006071e-28,2.3195427233260475e-39,1.782728543197718e-38,3.549142164378403e-15,0.0006850537029094994,0.9993149042129517,1.010155613612657e-19,3.8110245684624865e-18
TCN,43,6228,21,8,class_8,9,class_9,0,0.999997615814209,5.570064155918632e-19,2.8713543409193925e-16,1.9965834825024506e-24,8.275271337317494e-14,3.6488664867384557e-10,4.907637736104044e-27,1.0558864593753323e-21,4.868393994493506e-17,2.3817062810849166e-06,0.999997615814209,1.9582738937238197e-15,4.97731171124967e-16
TCN,43,6229,21,8,class_8,9,class_9,0,0.9695659279823303,1.0226816484026387e-19,2.781364517450795e-22,3.577820821620381e-29,2.4705377505727135e-19,1.9074807922417336e-13,6.311335928329145e-35,7.115509476171485e-29,6.363481711559689e-20,0.030434049665927887,0.9695659279823303,3.679506159789005e-18,4.457995302571982e-19
TCN,43,6230,21,8,class_8,9,class_9,0,1.0,5.578767843827376e-29,2.773140918615183e-24,1.4139971431124057e-37,1.8068877966749e-23,3.686720614622501e-22,7.621592282539464e-40,1.4647914451465205e-32,1.4477161133119715e-23,1.1478728124264537e-12,1.0,2.1804230530892056e-21,1.3724294562608744e-21
TCN,43,6231,21,8,class_8,8,class_8,1,1.0,4.954851240006121e-41,0.0,1.401298464324817e-45,0.0,0.0,0.0,0.0,1.9472443460257658e-41,1.0,5.618326300440344e-27,3.4964206041481322e-37,1.0019284019922442e-42
TCN,43,6232,21,8,class_8,9,class_9,0,1.0,6.67545760517643e-22,5.425706404873468e-20,2.4743441384243852e-30,3.1631483817749753e-18,8.074137604167919e-13,3.213083034226194e-33,1.9620220564343273e-25,3.5829325001560126e-20,4.385682039753647e-09,1.0,1.3102479898269783e-18,4.518669582114115e-21
TCN,43,6233,21,8,class_8,8,class_8,1,1.0,2.2795931054066113e-39,0.0,0.0,0.0,0.0,0.0,0.0,2.1159606811304738e-43,1.0,7.296034356599017e-31,1.3444628748090231e-36,0.0
TCN,43,6234,21,8,class_8,8,class_8,1,1.0,5.626115243371638e-40,0.0,0.0,0.0,0.0,0.0,0.0,7.499749381066421e-42,1.0,2.650651412077325e-27,2.713617278761937e-39,1.401298464324817e-45
TCN,43,6235,21,8,class_8,8,class_8,1,1.0,1.6955711418330287e-43,0.0,0.0,0.0,0.0,0.0,0.0,1.1911036946760945e-43,1.0,1.8879958421264533e-25,4.953987479632711e-38,0.0
TCN,43,6236,21,8,class_8,8,class_8,1,1.0,3.083813788512531e-23,3.0057852059767326e-42,3.606042942098552e-24,2.802596928649634e-45,1.319364543115745e-40,1.3006431956323655e-40,0.0,7.31241124197085e-25,1.0,4.104117963627611e-23,8.72297552200832e-26,3.4298130301625834e-30
TCN,43,6237,21,8,class_8,8,class_8,1,1.0,6.71235559583062e-22,9.80538518698863e-31,2.4776497212664495e-15,8.710537117512964e-34,4.238588691028499e-35,1.8146879298728753e-29,2.4340554325322073e-42,4.7371571942900204e-11,1.0,9.997210915598306e-17,4.328218717065675e-16,7.566783878201957e-25
TCN,43,6238,21,8,class_8,8,class_8,1,1.0,1.4645433078055958e-20,2.5932922109156178e-27,7.908365802500317e-14,2.104875598645594e-35,3.0330015241130427e-33,2.0627640313736424e-26,2.067251546510543e-40,2.8975157475887297e-16,1.0,8.39117035587321e-19,2.1975527421913056e-18,2.4548070260367808e-23
TCN,43,6239,21,8,class_8,8,class_8,1,1.0,1.814721596031083e-30,0.0,3.783636073540699e-36,0.0,0.0,0.0,0.0,3.491591561484253e-39,1.0,4.928351284184064e-31,5.680863795006605e-36,3.1973382865671276e-31
TCN,43,8160,26,9,class_9,9,class_9,1,1.0,1.0637859976788176e-34,2.828603717265964e-23,3.5019849921941503e-38,1.5099600718346354e-29,4.0557714964591613e-26,8.62407162379305e-28,2.5863028673050914e-38,2.726270355041768e-28,5.2304374713397054e-23,1.0,2.152628239602227e-22,7.842659072076023e-30
TCN,43,8161,26,9,class_9,9,class_9,1,1.0,0.0,2.5223372357846707e-44,0.0,9.675268610047014e-38,0.0,0.0,0.0,2.6008099497868605e-42,7.081879936927218e-36,1.0,2.5253724706791737e-36,4.203895392974451e-45
TCN,43,8162,26,9,class_9,9,class_9,1,1.0,0.0,4.4974674212505004e-41,0.0,1.2122180115210323e-37,2.802596928649634e-45,0.0,0.0,3.046774885553011e-35,8.286552651889681e-33,1.0,1.235171811290635e-34,0.0
TCN,43,8163,26,9,class_9,9,class_9,1,1.0,0.0,1.401298464324817e-45,0.0,7.873615811348282e-41,0.0,0.0,0.0,6.565363565054633e-41,2.396792803297075e-35,1.0,8.821767983473597e-39,0.0
TCN,43,8164,26,9,class_9,9,class_9,1,1.0,0.0,0.0,0.0,1.2373465439988135e-42,0.0,0.0,0.0,0.0,1.064986832886861e-43,1.0,2.2420775429197073e-44,0.0
TCN,43,8165,26,9,class_9,9,class_9,1,1.0,0.0,0.0,0.0,0.0,0.0,0.0,0.0,0.0,1.7656360650492695e-43,1.0,0.0,0.0
TCN,43,8166,26,9,class_9,9,class_9,1,1.0,0.0,0.0,0.0,5.249264047360765e-42,0.0,0.0,0.0,2.7787748547561123e-42,3.6896580929242444e-39,1.0,2.261485526650606e-40,0.0
TCN,43,8167,26,9,class_9,9,class_9,1,1.0,0.0,0.0,0.0,8.96831017167883e-44,0.0,0.0,0.0,2.3401684354224445e-43,5.3168346593105074e-40,1.0,6.087240529027005e-41,0.0
TCN,43,8168,26,9,class_9,9,class_9,1,1.0,0.0,1.1630777253895982e-43,0.0,1.9898438193412402e-43,0.0,0.0,0.0,6.706614450258575e-42,2.3948972679854217e-38,1.0,4.61649371281025e-40,0.0
TCN,43,8169,26,9,class_9,9,class_9,1,1.0,0.0,0.0,0.0,1.774015829865932e-40,0.0,0.0,0.0,1.1000192944949814e-42,2.4471148167549008e-36,1.0,1.197404633220931e-38,0.0
TCN,43,8170,26,9,class_9,9,class_9,1,1.0,0.0,0.0,0.0,1.7873842172155907e-40,0.0,0.0,0.0,2.9006878211523713e-43,1.128214428532091e-37,1.0,1.897564111570058e-39,0.0
TCN,43,8171,26,9,class_9,9,class_9,1,0.997583270072937,7.70196979246263e-15,2.0239596665305726e-08,1.9344425029724305e-23,1.3227390016634644e-10,0.0024167175870388746,4.6996994421139314e-17,9.088788037881889e-15,3.34420022668451e-17,2.13455911068439e-14,0.997583270072937,2.5356483965055564e-15,3.436947144800414e-15
TCN,43,8172,26,9,class_9,9,class_9,1,1.0,0.0,1.9765093770455813e-36,0.0,6.297772399518461e-35,1.0270536834575882e-39,0.0,0.0,1.844316289964606e-33,8.088992433273888e-29,1.0,6.96710874986605e-30,4.452625870392106e-41
TCN,43,8173,26,9,class_9,9,class_9,1,1.0,7.562105070217381e-26,7.875325418920179e-14,2.1994367928382573e-28,4.678842186365983e-19,1.9180937013481748e-17,6.83907458288516e-24,7.111084050271148e-30,2.3127805009667823e-13,2.826602667205247e-12,1.0,4.339616231467669e-13,3.858246642347217e-21
TCN,43,8174,26,9,class_9,9,class_9,1,1.0,0.0,7.201132678318802e-41,0.0,6.025261097949919e-40,0.0,0.0,0.0,1.1455403742150837e-36,1.1222246202628678e-33,1.0,6.179476915824319e-34,0.0
TCN,43,8175,26,9,class_9,9,class_9,1,1.0,0.0,1.6946026469069962e-27,0.0,7.015563755481521e-31,2.2041982333285794e-29,8.940284202392333e-43,0.0,1.6091511382416767e-25,7.000850873972844e-26,1.0,1.3933587306565347e-25,2.070865327094221e-37
TCN,43,8176,26,9,class_9,9,class_9,1,1.0,0.0,0.0,0.0,0.0,0.0,0.0,0.0,0.0,0.0,1.0,0.0,0.0
TCN,43,8177,26,9,class_9,9,class_9,1,1.0,0.0,1.3032075718220799e-43,0.0,3.623757828743977e-42,1.1434595468890507e-42,0.0,0.0,7.006492321624085e-44,4.443301069891103e-38,1.0,3.241203347983302e-42,0.0
TCN,43,8178,26,9,class_9,9,class_9,1,1.0,0.0,8.818001293201492e-39,0.0,6.658431997231364e-33,1.0722744256804286e-38,0.0,0.0,8.753184232734148e-39,1.0258398140304004e-32,1.0,4.271525147342452e-34,7.388906672538328e-40
TCN,43,8179,26,9,class_9,9,class_9,1,1.0,0.0,5.605193857299268e-45,0.0,2.404740268658532e-40,0.0,0.0,0.0,4.5962589629854e-43,4.304478578873898e-37,1.0,4.159249463381677e-38,0.0
TCN,43,8180,26,9,class_9,9,class_9,1,1.0,0.0,0.0,0.0,0.0,0.0,0.0,0.0,0.0,0.0,1.0,0.0,0.0
TCN,43,8181,26,9,class_9,9,class_9,1,1.0,0.0,0.0,0.0,7.435940302610435e-37,0.0,0.0,0.0,2.4382593279251817e-42,2.0437764386009432e-35,1.0,2.1190206685610506e-37,0.0
TCN,43,8182,26,9,class_9,9,class_9,1,1.0,4.203895392974451e-45,7.71547759809107e-37,0.0,7.178328496132536e-28,3.947902602187525e-37,0.0,0.0,8.824544560599233e-28,3.1315093437302814e-20,1.0,2.17429806723064e-24,1.7089106135570319e-34
TCN,43,8183,26,9,class_9,9,class_9,1,1.0,0.0,7.430735431698424e-40,0.0,4.734597841722209e-31,4.2747254251522134e-39,0.0,0.0,2.4226681000579215e-36,3.0630059048641975e-29,1.0,2.081665901203102e-32,3.3861396481484177e-40
TCN,43,8184,26,9,class_9,9,class_9,1,1.0,0.0,1.2149679196274233e-37,0.0,3.955725434942526e-41,2.3794047924235394e-42,0.0,0.0,1.6020974717183032e-37,1.4176474135080947e-39,1.0,1.232267485026046e-35,0.0
TCN,43,8185,26,9,class_9,9,class_9,1,1.0,3.503059164726068e-20,2.5308134494334e-12,6.3902003032551465e-25,5.561836324829983e-09,5.59053858761871e-10,6.890006598369849e-24,8.097598447455261e-16,1.144552422944426e-15,1.099253587460991e-11,1.0,1.4630226233101765e-15,3.024658995487428e-11
TCN,43,8186,26,9,class_9,9,class_9,1,1.0,4.380525981545973e-38,3.726830612196632e-25,8.613221140818921e-41,4.1824536210888403e-20,4.6276178143597625e-25,5.5080838737215585e-40,6.66073991508531e-34,7.61192240059109e-24,1.2773389258116343e-20,1.0,1.6739187908860395e-22,1.109049587281292e-24
TCN,43,8187,26,9,class_9,9,class_9,1,0.9999856948852539,7.627904384521766e-12,5.727461172000403e-08,2.5340195521479864e-15,1.128536223404808e-05,2.859698497559293e-06,2.4225758507942117e-15,6.411745800960489e-09,8.67778071622638e-11,1.6185335738327922e-08,0.9999856948852539,1.2023433637597947e-10,1.156332558593931e-07
TCN,43,8188,26,9,class_9,9,class_9,1,0.5471518039703369,2.6707402867032215e-07,2.353749550820794e-06,5.012193351333627e-12,1.3284063982155203e-07,0.45284539461135864,7.0097920523704e-11,8.682116692249053e-10,1.9414468296896636e-11,1.4442441909068293e-08,0.5471518039703369,1.0595306576544061e-10,1.1071577682431055e-10
TCN,43,8189,26,9,class_9,9,class_9,1,1.0,9.294002763354132e-39,7.474659838873632e-26,3.371804364858375e-41,1.5837752332058502e-24,2.959396471090065e-27,3.551703061708395e-40,1.0572115949539409e-35,3.2040161534012206e-24,8.042706719157801e-24,1.0,5.335549873744603e-24,4.885384385968627e-27
TCN,43,8190,26,9,class_9,9,class_9,1,1.0,4.9906461605090455e-18,7.309270071522486e-15,6.089561396973411e-22,2.0801223699247473e-13,8.051146554999278e-13,4.873540263293146e-22,2.028856080501169e-18,1.3710626914465005e-15,1.4288307407898937e-13,1.0,2.6769134280146356e-16,8.569362023637134e-15
TCN,43,8191,26,9,class_9,9,class_9,1,1.0,0.0,0.0,0.0,0.0,0.0,0.0,0.0,0.0,0.0,1.0,0.0,0.0
TCN,43,8192,26,9,class_9,9,class_9,1,0.9667854905128479,2.1284057183379446e-08,0.004407336935400963,4.506144155730363e-12,0.0013355124974623322,0.027343960478901863,3.974263973471892e-11,0.0001250511995749548,1.4327018682536163e-08,1.4802171222072502e-07,0.9667854905128479,1.2758108347554753e-08,2.357607172598364e-06
TCN,43,8193,26,9,class_9,9,class_9,1,1.0,0.0,0.0,0.0,0.0,0.0,0.0,0.0,0.0,0.0,1.0,0.0,0.0
TCN,43,8194,26,9,class_9,9,class_9,1,1.0,0.0,0.0,0.0,0.0,0.0,0.0,0.0,0.0,0.0,1.0,0.0,0.0
TCN,43,8195,26,9,class_9,9,class_9,1,1.0,0.0,2.900422975742614e-39,0.0,6.111705166560102e-33,1.6299903737026272e-41,0.0,0.0,3.0037757843362866e-35,1.0299243563491123e-27,1.0,2.4990180845826084e-29,8.145747973120162e-41
TCN,43,8196,26,9,class_9,9,class_9,1,1.0,0.0,1.9674230439120432e-42,0.0,1.4067321628546754e-32,8.001414231294705e-43,0.0,0.0,1.2667763544449345e-33,2.838627663549861e-28,1.0,2.794819859181721e-29,3.0968696061578457e-43
TCN,43,8197,26,9,class_9,9,class_9,1,1.0,0.0,0.0,0.0,4.031049431295378e-39,2.2560905275629555e-43,0.0,0.0,0.0,3.1556821027055583e-40,1.0,7.160635152699815e-43,0.0
TCN,43,8198,26,9,class_9,9,class_9,1,1.0,0.0,1.9089888979496983e-41,0.0,4.178531890770172e-41,2.60758479065675e-36,0.0,0.0,4.203895392974451e-45,6.509031366788775e-42,1.0,8.547920632381384e-44,0.0
TCN,43,8199,26,9,class_9,9,class_9,1,1.0,0.0,0.0,0.0,0.0,0.0,0.0,0.0,0.0,0.0,1.0,0.0,0.0
TCN,43,8200,26,10,class_10,1,class_1,0,0.7015947699546814,1.5038822082810278e-19,0.7015947699546814,5.0688748337579526e-11,6.993580879781747e-24,3.1435012134120874e-23,0.06257743388414383,9.4018465574601e-32,0.2358262985944748,8.018677448004917e-22,6.269983382782137e-17,1.4691805745314923e-06,7.778110970187531e-21
TCN,43,8201,26,10,class_10,10,class_10,1,0.6524741053581238,1.5442613854332876e-09,0.0027841413393616676,3.182235275289713e-08,1.6045469397596435e-09,3.58018545365546e-11,1.690681165200658e-05,1.786769923640616e-14,0.3447248637676239,1.7897129958588387e-11,1.5800961884401832e-12,0.6524741053581238,4.723237859854956e-12
TCN,43,8202,26,10,class_10,7,class_7,0,0.777940034866333,8.637753475501696e-17,1.6458420759590808e-06,5.140550312657743e-18,8.252786787288358e-10,4.2899173102739496e-10,5.378568142082318e-13,1.1555064647765555e-16,0.777940034866333,3.336460014519149e-12,0.09019958227872849,0.13185875117778778,1.741840703403336e-17
TCN,43,8203,26,10,class_10,10,class_10,1,0.9999997615814209,1.2152546865682162e-15,3.2232974622736776e-10,8.727149862150507e-15,4.635583845654334e-18,2.0712107553449261e-16,2.195620396605591e-07,8.506231920734805e-25,2.0409669510002004e-09,5.123481010583793e-16,7.271240184780009e-18,0.9999997615814209,1.6719902152993914e-23
TCN,43,8204,26,10,class_10,10,class_10,1,0.9999914169311523,3.071363163797969e-10,5.38832823845925e-12,5.893191490358163e-10,4.320636016496899e-19,8.444499206952387e-19,5.392513813262667e-08,1.5930200913693615e-24,8.584075658291113e-06,3.063327369545732e-12,1.30855179122924e-13,0.9999914169311523,9.620250559713717e-13
TCN,43,8205,26,10,class_10,5,class_5,0,0.9272107481956482,8.874056220520288e-05,6.833491352153942e-05,3.266325165895978e-06,2.9794526221205153e-12,1.6564882798775216e-08,0.9272107481956482,5.229197202203176e-14,4.8277186579070985e-05,1.008520769119059e-07,6.749618641777033e-10,0.07258057594299316,4.172751120329332e-12
TCN,43,8206,26,10,class_10,10,class_10,1,0.9999247789382935,4.998794780886051e-11,4.138351050730904e-10,3.194595976641068e-10,5.355032501550569e-15,1.046821570399592e-11,6.4003684201452415e-06,4.1275402667722273e-19,6.875502003822476e-05,1.271857952289679e-09,1.2891036682560753e-08,0.9999247789382935,3.7383974489358407e-17
TCN,43,8207,26,10,class_10,7,class_7,0,1.0,1.8172887361033246e-33,3.858764732811089e-27,1.5811611247109052e-32,2.601305126708676e-29,5.56181270606923e-36,3.1950876850830432e-28,1.7217193711773297e-40,1.0,5.507189440641686e-23,8.743853221072428e-21,3.246971051404368e-12,3.8950790544722846e-31
TCN,43,8208,26,10,class_10,7,class_7,0,0.9999669790267944,4.765190659723147e-23,3.890146410305927e-20,1.7386864724421545e-20,2.696094636317509e-21,6.657295786773271e-26,6.400791305347981e-19,1.1192911259151224e-29,0.9999669790267944,7.827213354593071e-16,3.2376011170376666e-15,3.2988464226946235e-05,4.2928396823385306e-23
TCN,43,8209,26,10,class_10,8,class_8,0,0.6938963532447815,0.00014497528900392354,4.3467082377901534e-07,2.0556181201669688e-09,2.2858341708342778e-07,3.762817168961874e-09,1.0299775254907217e-08,1.0266726135910176e-08,0.021383346989750862,0.6938963532447815,0.00048813066678121686,0.2840745449066162,1.196337143483106e-05
TCN,43,8210,26,10,class_10,10,class_10,1,1.0,1.187245869786328e-27,2.851592149563281e-24,3.724004468699871e-24,2.0337989998194508e-34,1.4327281875811584e-39,3.669302059752551e-18,4.860042973233972e-37,1.1633877093040627e-16,5.1572171679637385e-28,2.6412382476663457e-24,1.0,5.684882800434545e-33
TCN,43,8211,26,10,class_10,7,class_7,0,1.0,1.8794383159340166e-39,1.0632710244456006e-26,5.722624193222417e-36,3.3294851512357654e-42,0.0,9.672589704052252e-35,0.0,1.0,8.919950173373882e-36,9.80908925027372e-45,5.283022283530947e-13,1.049572549779288e-41
TCN,43,8212,26,10,class_10,5,class_5,0,0.9984264373779297,7.031710205376107e-35,9.80310741600457e-24,2.63801644112181e-25,0.0,0.0,0.9984264373779297,0.0,1.4660081000753787e-21,3.90136803741126e-33,8.982323156322077e-43,0.0015735975466668606,1.401298464324817e-45
TCN,43,8213,26,10,class_10,7,class_7,0,0.9999990463256836,6.133677418159321e-18,3.8974075702857824e-13,2.3905666940931534e-17,5.165501273246553e-13,6.248851927000885e-20,9.721871474088067e-16,5.815160356357508e-19,0.9999990463256836,2.7554041066488698e-15,2.569730249445991e-15,9.397228950547287e-07,1.8079274514103127e-15
TCN,43,8214,26,10,class_10,7,class_7,0,0.9999607801437378,3.344458598597964e-30,1.1436482999765268e-14,3.8504340987625175e-29,2.379342824794911e-22,2.8542760022742626e-25,1.2338553981029141e-21,9.569239597879483e-33,0.9999607801437378,5.2880683358593506e-24,1.314397107100029e-17,3.924295015167445e-05,7.680464173470468e-30
TCN,43,8215,26,10,class_10,7,class_7,0,0.9999464750289917,3.1766008641028024e-29,1.366983299410748e-23,5.702549166912467e-30,7.303855651023275e-24,2.0053751188304977e-30,7.49298668007563e-26,4.7337203425361597e-35,0.9999464750289917,1.1369123344717568e-20,1.8249888125503825e-15,5.3525003750110045e-05,1.2940635296988828e-27
TCN,43,8216,26,10,class_10,10,class_10,1,0.9990501999855042,3.654688673460883e-18,4.4902054080128706e-13,1.6072077479653557e-15,1.7451974436881067e-18,2.3356172514373783e-18,1.6956295256775888e-09,1.8241576431499923e-25,0.000949819223023951,1.545213880894264e-13,8.423612556183319e-14,0.9990501999855042,8.315061956427314e-22
TCN,43,8217,26,10,class_10,7,class_7,0,1.0,3.4612562589634632e-28,2.114214081954029e-24,3.299040572351571e-27,2.7127357005086104e-33,5.2296598818448606e-40,3.4259462593630677e-28,2.6624670822171524e-44,1.0,8.355293655579228e-28,6.25578926883538e-38,2.37115305168345e-08,1.8822260344360914e-35
TCN,43,8218,26,10,class_10,5,class_5,0,0.9999570846557617,1.4361530441573756e-15,1.2041507346793878e-08,8.658269989912735e-15,6.16539969139055e-31,3.009258046254385e-18,0.9999570846557617,5.0420831838125625e-31,1.2765519198621681e-15,3.080829021574923e-20,7.827768565102618e-22,4.2873743950622156e-05,2.5938723010148672e-28
TCN,43,8219,26,10,class_10,5,class_5,0,0.999371349811554,1.401298464324817e-45,8.552840311029936e-38,6.166904346723871e-40,0.0,0.0,0.999371349811554,0.0,9.12973653616882e-23,0.0,0.0,0.0006286198040470481,0.0
TCN,43,8220,26,10,class_10,10,class_10,1,0.9783009886741638,3.572842993275526e-15,2.849865309018096e-12,2.5269197845290137e-10,1.2454929822986408e-32,7.096996095280716e-22,0.021699007600545883,4.0613458390604655e-34,7.490622027815294e-14,6.156494368175984e-18,3.442406812819196e-25,0.9783009886741638,2.9528053702858524e-24
TCN,43,8221,26,10,class_10,5,class_5,0,0.732249915599823,4.6117412466628593e-07,2.0049412796652177e-07,1.5604151485604234e-05,1.9864489624065763e-15,1.9572454768024272e-11,0.732249915599823,1.7604365404143828e-19,0.000290860392851755,2.406259566600788e-11,2.0765953247323804e-13,0.2674430310726166,2.154750987012899e-13
TCN,43,8222,26,10,class_10,7,class_7,0,1.0,2.6680351992384305e-15,2.5236650876697686e-12,2.1523979633667444e-15,2.856736115025571e-13,5.39243210313606e-17,2.8434814724163926e-14,1.8759210558700163e-17,1.0,8.30119792349926e-11,2.1662376059605748e-10,1.2970784446508787e-08,2.083195405457386e-13
TCN,43,8223,26,10,class_10,7,class_7,0,1.0,9.177274354349279e-26,1.2323721143547624e-33,2.6703002626084297e-34,1.8799313417442822e-26,1.342130037967166e-39,4.943780982137955e-40,7.006492321624085e-45,1.0,7.353962624167992e-30,6.546334504948249e-32,4.890379008866408e-13,9.404342172719875e-25
TCN,43,8224,26,10,class_10,5,class_5,0,1.0,1.0973177365199084e-15,9.59531390974655e-14,6.473404277895778e-12,2.0350833389635026e-38,3.425128293804527e-25,1.0,1.0520688789155748e-37,1.7300057547506875e-18,1.4491859189505793e-23,9.831228195192588e-31,1.705784818950562e-11,2.565945739042269e-27
TCN,43,8225,26,10,class_10,7,class_7,0,1.0,7.32987465026018e-23,4.2931700012449585e-19,1.5884515513481938e-25,3.2051255260270426e-26,7.265815218025818e-31,1.39397608827058e-24,2.2566818755149006e-39,1.0,2.7856201064901003e-24,2.2108166394552463e-22,3.020699399706832e-14,1.8450275746951963e-25
TCN,43,8226,26,10,class_10,7,class_7,0,1.0,2.588291822154524e-19,5.1357328264017504e-23,1.552742571530056e-20,7.103436229493196e-23,5.191914842721439e-37,2.6853649163161527e-21,8.143982561262867e-36,1.0,5.409893280344997e-21,5.835059917933769e-32,7.715557251257443e-13,2.141568455230196e-17
TCN,43,8227,26,10,class_10,7,class_7,0,0.9998206496238708,3.625349817904546e-18,2.296356334252625e-11,8.088491995295044e-06,4.6694991177452864e-26,1.114103644071815e-32,0.00017123135330621153,8.446596161836387e-35,0.9998206496238708,2.775023864631672e-17,7.734678623774342e-25,7.526081979847277e-09,3.4677393864715087e-16
TCN,43,8228,26,10,class_10,7,class_7,0,0.9999973773956299,5.0667206975135715e-14,1.8430951209680302e-10,2.223561978098587e-06,1.7236549689690608e-21,9.90653102498357e-24,3.241512729346141e-07,5.324646924714071e-28,0.9999973773956299,8.004335884797826e-16,2.2963725804854273e-22,3.1004962153247106e-08,2.432563265403198e-12
TCN,43,8229,26,10,class_10,7,class_7,0,1.0,1.7509647941364942e-27,1.0256784332890388e-19,1.5416722229281042e-25,2.4135819629234977e-21,1.6786375302623767e-30,6.497477458313107e-23,1.6113819971382717e-31,1.0,3.779955138377486e-22,3.016125736312223e-23,1.1009401390538187e-08,7.367041042948763e-24
TCN,43,8230,26,10,class_10,10,class_10,1,0.9999656677246094,1.4688519497929597e-12,2.10076846815719e-20,5.135906928003533e-24,4.619740612236242e-22,2.8428220174795677e-20,3.50844249596063e-16,1.7320751272925656e-30,3.437424311414361e-05,3.412897697785411e-08,7.662571022137854e-09,0.9999656677246094,9.119779344496503e-22
TCN,43,8231,26,10,class_10,5,class_5,0,0.9999997615814209,1.3764509009580456e-13,1.2112366221117554e-07,7.208640084854778e-08,2.7547537147627936e-23,8.96234692362996e-13,0.9999997615814209,3.485172741072801e-19,3.240523938075057e-08,3.868443177010468e-14,5.817125290815404e-16,5.030291916341412e-08,4.332710903361879e-16
TCN,43,8232,26,10,class_10,10,class_10,1,1.0,1.2341469888331149e-16,4.078641484861155e-18,1.0661725713352465e-23,3.3149290841331166e-16,1.8834203580214833e-18,5.6305601134152744e-18,2.102908702543083e-28,7.07587366477469e-09,3.379823751057352e-14,5.375478707991821e-13,1.0,6.144943339969857e-27
TCN,43,8233,26,10,class_10,7,class_7,0,0.9825243353843689,7.79488606578262e-23,9.325982694430301e-12,2.248701455658823e-24,4.2115520902043513e-19,1.345305338626402e-22,2.571154035729709e-18,2.6845703606271384e-28,0.9825243353843689,4.447127344857514e-21,1.931470365382371e-21,0.017475612461566925,2.1813606403074707e-26
TCN,43,8234,26,10,class_10,7,class_7,0,0.7937518954277039,6.9910455202659705e-09,3.729247577410888e-09,8.75516661835718e-07,1.09860872569284e-12,2.0172667738847664e-15,7.937241207400803e-06,2.162042720215301e-21,0.7937518954277039,8.696319706014144e-12,1.2954627774425676e-16,0.206239253282547,4.5972188051799853e-14
TCN,43,8235,26,10,class_10,10,class_10,1,0.9686679244041443,5.846548578603006e-09,0.010238458402454853,1.718673869888221e-09,2.13809002502785e-07,4.9885671614902094e-05,0.0001852823479566723,1.6879660169610844e-10,0.002475106855854392,7.029215964848845e-08,0.018383009359240532,0.9686679244041443,3.958751729205012e-12
TCN,43,8236,26,10,class_10,7,class_7,0,0.9999992847442627,5.605193857299268e-45,8.00103415430963e-36,8.882830965355015e-41,1.1904394792040045e-39,0.0,1.480823383524237e-34,0.0,0.9999992847442627,8.082492710058686e-33,4.208965668599476e-30,7.112084290383791e-07,5.605193857299268e-44
TCN,43,8237,26,10,class_10,10,class_10,1,0.9929322004318237,3.06216737200639e-17,1.0382696927990764e-05,1.2333364047723721e-15,3.768919685620108e-15,4.427003722780971e-15,1.74772787886468e-06,1.967132425568246e-23,0.00705570075660944,2.0071023785177148e-15,9.583892924061588e-13,0.9929322004318237,3.327658582925398e-23
TCN,43,8238,26,10,class_10,7,class_7,0,0.9998596906661987,4.323530422567501e-11,6.505848919487189e-13,6.340868526113195e-16,3.921479319046739e-08,9.520700302082224e-15,8.103940077252235e-16,2.742956553824829e-18,0.9998596906661987,5.0424482297972695e-12,5.967070641852562e-14,0.00014025806740392,4.671426006436219e-12
TCN,43,8239,26,10,class_10,10,class_10,1,0.9950893521308899,1.4838846354836782e-29,2.4380232214172986e-23,3.675231639350152e-20,2.1019476964872256e-44,4.481754735558585e-35,0.004910706542432308,0.0,4.925331809069178e-10,1.082369857871697e-23,5.496489994248103e-33,0.9950893521308899,2.323713100108171e-34
TCN,43,8240,26,11,class_11,6,class_6,0,0.9999988079071045,1.4088951116875137e-09,5.84028173045148e-11,1.621936751572406e-10,1.7474994975369418e-12,5.0977589360813946e-17,1.1758343290683727e-16,0.9999988079071045,5.243401823840088e-10,5.043903142376571e-11,5.309267033477734e-18,2.0809500460515745e-16,1.2230630090925843e-06
TCN,43,8241,26,11,class_11,0,class_0,0,0.9998668432235718,0.9998668432235718,4.7807389964111754e-14,0.00012877906556241214,3.227842255634772e-12,3.1225098062748202e-09,1.2775687625865562e-12,4.437046356997598e-07,1.707321217736535e-08,1.2665253734667203e-07,1.378876106628013e-07,9.729909477944332e-14,3.625401404860895e-06
TCN,43,8242,26,11,class_11,11,class_11,1,0.9997320771217346,2.614106904275104e-07,1.2908265034639044e-07,0.00011227560753468424,7.888734110395035e-09,2.1812378292462853e-12,3.378908481135867e-12,8.420147423748858e-08,2.051873337904908e-07,0.00015493087994400412,1.0123452770516295e-10,9.727643170143185e-12,0.9997320771217346
TCN,43,8243,26,11,class_11,0,class_0,0,0.9999951124191284,0.9999951124191284,5.299587453191343e-21,1.2099948820676332e-10,2.568263000714745e-20,5.001675373206521e-18,8.000699618470583e-20,4.927835561829852e-06,1.1244196356343175e-14,6.76994577103907e-16,1.6146892293377059e-18,1.4404643516685463e-24,9.587867826066354e-12
TCN,43,8244,26,11,class_11,0,class_0,0,0.9987702965736389,0.9987702965736389,2.927693504295448e-11,0.000926390232052654,1.5489048932337823e-10,1.3778650220785948e-08,1.7935073565178428e-11,0.0002976515388581902,2.834407597518407e-09,3.7272034205670934e-06,1.987897624289303e-09,3.043403609638215e-14,1.9532994883775245e-06
TCN,43,8245,26,11,class_11,0,class_0,0,0.679947018623352,0.679947018623352,8.080419111600179e-10,0.29129812121391296,1.7387898898491017e-09,7.149719749577343e-08,6.695888288277274e-10,1.8767822496101871e-07,0.00011939815885853022,0.01640111580491066,0.0067358906380832195,8.805726148253257e-10,0.005498179700225592
TCN,43,8246,26,11,class_11,6,class_6,0,0.9999179840087891,4.823148813670741e-08,4.7878487841046535e-09,8.169447391992435e-05,3.2004126637730224e-07,4.271569209457482e-10,4.4796878879982405e-12,0.9999179840087891,2.207952931598811e-09,1.2361597856447304e-11,8.098571476553419e-16,8.783708899016637e-16,2.546802102543211e-09
TCN,43,8247,26,11,class_11,6,class_6,0,1.0,9.242907546107293e-14,5.007248855054193e-28,5.448464573367851e-18,5.16754695562059e-24,4.840208015782006e-30,1.2296510494686259e-29,1.0,3.9860778236468786e-17,3.1305952912304906e-24,1.8153682766627922e-27,2.7233350008268605e-31,1.350500860772784e-16
TCN,43,8248,26,11,class_11,2,class_2,0,0.9997389912605286,1.5651986373654836e-09,2.5088780603255145e-05,0.9997389912605286,2.1485711840796284e-06,8.622987848934394e-13,1.9233644191207766e-11,1.0824986418356275e-07,8.188590641111659e-07,6.683957280984032e-07,6.206488231338958e-13,2.4482343236043036e-11,0.00023213033273350447
TCN,43,8249,26,11,class_11,2,class_2,0,0.999556839466095,0.0004216148518025875,2.8245658589831635e-10,0.999556839466095,1.9455771629178775e-12,9.880728776400644e-14,3.3267448041121583e-13,1.3477448135290615e-07,8.083393510105452e-09,1.094449544325471e-05,6.143936542250122e-14,3.411137203864628e-16,1.0456035852257628e-05
TCN,43,8250,26,11,class_11,6,class_6,0,1.0,3.913218895025371e-16,4.5013107457330225e-36,1.755627354976059e-26,3.1161794989962417e-40,1.1400964305746712e-41,4.457964817541184e-40,1.0,1.8413235033879315e-31,3.635304473967682e-27,0.0,0.0,1.0439745930724005e-27
TCN,43,8251,26,11,class_11,0,class_0,0,0.9998432397842407,0.9998432397842407,1.8722368502903722e-19,0.00015668176638428122,1.940404933817838e-19,2.342497905208717e-17,9.983678240776939e-17,2.1851775944270457e-09,6.770051641687147e-13,3.6575346836495784e-14,4.739221867083919e-16,3.809760449078398e-22,5.7121276458849124e-11
TCN,43,8252,26,11,class_11,6,class_6,0,1.0,1.409795019965157e-16,5.11346067016243e-33,4.2033885607285345e-21,1.4286013636037218e-39,2.9965226231275456e-40,7.171015523308025e-37,1.0,1.7853818965034854e-29,1.1640165739108925e-26,0.0,2.7381371992906926e-42,3.7642985370958444e-30
TCN,43,8253,26,11,class_11,0,class_0,0,0.9327892065048218,0.9327892065048218,2.0436825707292883e-06,0.005450433120131493,8.311388342008286e-07,0.006600492633879185,4.3901982849092747e-07,0.0004932859446853399,2.4133629267453216e-05,0.017143599689006805,0.03728074952960014,1.5777200701450056e-07,0.00021474853565450758
TCN,43,8254,26,11,class_11,0,class_0,0,0.9999719858169556,0.9999719858169556,4.141700871151954e-12,2.7313499231240712e-05,1.0924846444160252e-10,3.2369189995051784e-08,4.519600665942036e-11,2.2297973245599678e-08,3.102035295299288e-10,2.918955965824921e-09,2.6715945011801523e-09,4.103143216497131e-15,7.218789619400923e-07
TCN,43,8255,26,11,class_11,6,class_6,0,0.999987006187439,1.2091334610886406e-05,7.454477590762565e-10,6.724361867327389e-08,1.284260093825651e-07,7.819753733429025e-10,5.17050855255996e-12,0.999987006187439,2.2417136202879107e-10,1.9049259947223618e-09,1.655608227011003e-14,4.108295294398805e-15,7.206323857644747e-07
TCN,43,8256,26,11,class_11,0,class_0,0,0.6908074617385864,0.6908074617385864,2.4020017974635266e-08,2.2796700704930117e-06,0.003639204427599907,3.275314884376712e-05,7.580998606648848e-10,0.30542901158332825,1.003254283205024e-06,1.35476653895239e-07,4.668609676627966e-07,2.6735828828616803e-11,8.752282883506268e-05
TCN,43,8257,26,11,class_11,6,class_6,0,0.9999507665634155,4.9289214075542986e-05,1.2105567252393644e-19,6.535490204573335e-11,3.6376534651248044e-14,3.85283269860575e-15,3.745413843045699e-19,0.9999507665634155,1.3211151194281873e-13,1.802790348786448e-17,1.616653038829968e-16,2.0066097073925833e-21,4.290098820896454e-13
TCN,43,8258,26,11,class_11,6,class_6,0,0.9999942779541016,5.778281774837524e-06,5.150145441357883e-22,1.3776968931997202e-12,3.4122092173673357e-26,8.390497506241106e-23,8.733593939849622e-23,0.9999942779541016,6.392471160855405e-20,2.7969237169356287e-12,4.67804870595441e-26,2.476865778361724e-26,2.375656895900783e-16
TCN,43,8259,26,11,class_11,0,class_0,0,0.9327892065048218,0.9327892065048218,2.0436825707292883e-06,0.005450433120131493,8.311388342008286e-07,0.006600492633879185,4.3901982849092747e-07,0.0004932859446853399,2.4133629267453216e-05,0.017143599689006805,0.03728074952960014,1.5777200701450056e-07,0.00021474853565450758
TCN,43,8260,26,11,class_11,11,class_11,1,0.8905274868011475,1.4741401344053884e-07,3.661133618493295e-10,1.3729808401308219e-09,0.0002722561766859144,3.031976669731762e-09,2.1650130961007458e-13,0.10919922590255737,7.583690830870182e-07,5.440369821307911e-10,1.297217409046425e-07,5.075411679068874e-15,0.8905274868011475
TCN,43,8261,26,11,class_11,6,class_6,0,0.9999324083328247,1.3145013966209262e-08,1.3881486665923148e-05,5.473561941471417e-07,9.861285121814944e-09,3.1949239200912416e-05,2.1198473405092955e-05,0.9999324083328247,1.7696484902463006e-11,9.27992925559007e-13,3.585134966677117e-10,9.342902157222915e-14,4.9752793031265785e-12
TCN,43,8262,26,11,class_11,11,class_11,1,1.0,1.5882455846962212e-25,1.589183787233881e-19,2.603539265003934e-21,3.6465371466756075e-14,1.2342637284818898e-25,5.63777111508611e-29,2.0624285699405442e-12,1.2028747144002209e-17,9.530966923738097e-17,1.2791862487250447e-21,1.4704245788740256e-23,1.0
TCN,43,8263,26,11,class_11,11,class_11,1,0.8684203624725342,0.1239531934261322,8.533734074944732e-08,0.00016307822079397738,0.0013457131572067738,6.800225673941895e-05,5.5227946660352245e-09,0.0053420886397361755,0.00011747528333216906,1.4842728887742851e-05,0.0005751543212682009,1.4234870227003427e-10,0.8684203624725342
TCN,43,8264,26,11,class_11,11,class_11,1,0.6346323490142822,2.606770355129129e-10,5.9474086100408385e-08,2.9794369638125318e-08,0.05742892622947693,3.026052741716967e-10,1.2591753269404482e-13,0.3079386055469513,3.1230303676466065e-08,2.1647941217395328e-09,2.223766093142898e-12,3.124345400451478e-13,0.6346323490142822
TCN,43,8265,26,11,class_11,6,class_6,0,0.9904966354370117,0.009487764909863472,1.563751652611245e-07,8.076140147750266e-06,1.889273676169978e-06,9.923514880938455e-07,1.5067378456024016e-09,0.9904966354370117,5.2496844205052184e-08,4.344328630168093e-08,3.295573947070807e-08,1.514919374841217e-12,4.387882654555142e-06
TCN,43,8266,26,11,class_11,0,class_0,0,0.9701472520828247,0.9701472520828247,3.646721591366031e-09,1.0265882337989751e-05,0.0001331581879639998,0.0009699330548755825,6.578540490131957e-10,0.0033418675884604454,4.686461579694878e-06,1.615339715499431e-05,0.000289394985884428,2.8216439601491672e-11,0.02508722059428692
TCN,43,8267,26,11,class_11,6,class_6,0,0.999818742275238,2.1574496713583358e-05,1.1829745997615337e-14,7.856100318892612e-12,3.2470734367961995e-06,1.0050808896266972e-07,4.506293365242703e-17,0.999818742275238,8.38807037609017e-14,1.6858102370662098e-13,2.980199908467901e-13,3.4515686256230625e-22,0.00015634209557902068
TCN,43,8268,26,11,class_11,6,class_6,0,1.0,3.3162465828961984e-11,1.8236839332729237e-19,5.0001621190677494e-15,7.266167913263834e-18,2.2082080692519074e-18,1.0334773570604787e-21,1.0,9.959473648753809e-20,3.217532250026675e-20,8.504166051796212e-23,4.680835507324639e-29,6.843404835738597e-17
TCN,43,8269,26,11,class_11,11,class_11,1,0.8962498307228088,0.0067870356142520905,2.6674113584590486e-08,5.476222668221453e-06,0.07837868481874466,1.2194860573799815e-05,1.01333885726973e-09,0.01674073375761509,0.0011819315841421485,6.98376561558689e-06,0.0006371872732415795,4.4771000795584825e-10,0.8962498307228088
TCN,43,8270,26,11,class_11,3,class_3,0,0.9996836185455322,2.9259664894969173e-13,9.048776311582074e-11,5.877134038765816e-14,0.9996836185455322,2.55805210347404e-10,2.501063920500794e-18,1.4977922546677291e-05,1.2308163386057225e-12,1.106762164554409e-11,2.140570706798961e-11,7.39847015828577e-17,0.00030137086287140846
TCN,43,8271,26,11,class_11,6,class_6,0,0.7963393330574036,0.003975894767791033,4.1649906279417337e-07,6.159817530715372e-06,0.07426461577415466,5.151766526978463e-05,4.8106874039888226e-09,0.7963393330574036,0.0004330688971094787,2.1680314148397883e-06,0.000975801725871861,4.379827334144437e-10,0.12395112961530685
TCN,43,8272,26,11,class_11,0,class_0,0,0.9150108098983765,0.9150108098983765,2.5245119104511105e-05,0.05716008320450783,0.0024449657648801804,0.0007119552465155721,0.00012820359552279115,0.006528404075652361,0.004144778475165367,0.002600850071758032,0.0038480006624013186,1.312785843765596e-05,0.0073835584335029125
TCN,43,8273,26,11,class_11,3,class_3,0,1.0,5.847936147359003e-18,7.379161115810822e-17,2.4203124989232944e-21,1.0,1.8496669473844207e-11,2.3503134455689836e-24,2.528000031531974e-09,1.0342875093846405e-18,1.8830744672784654e-19,2.17332137122982e-15,1.1044825125692558e-22,2.3433436181080625e-13
TCN,43,8274,26,11,class_11,6,class_6,0,0.9999324083328247,1.3145013966209262e-08,1.3881486665923148e-05,5.473561941471417e-07,9.861285121814944e-09,3.1949239200912416e-05,2.1198473405092955e-05,0.9999324083328247,1.7696484902463006e-11,9.27992925559007e-13,3.585134966677117e-10,9.342902157222915e-14,4.9752793031265785e-12
TCN,43,8275,26,11,class_11,6,class_6,0,0.9999996423721313,2.5215246068910346e-07,7.463213121609153e-16,2.9423696552149936e-12,1.5033295142075076e-07,4.907032766232611e-11,4.302091257888677e-17,0.9999996423721313,4.76536839773712e-14,6.73247832740846e-16,1.8107586590365102e-15,5.202281447910557e-22,2.7161966897892853e-08
TCN,43,8276,26,11,class_11,3,class_3,0,0.7275447249412537,8.683966734679416e-05,4.108945722691715e-05,1.2386070693537476e-06,0.7275447249412537,8.525267185177654e-05,4.493978167374735e-07,0.20155613124370575,4.890726268058643e-05,1.1594114766921848e-05,0.0002568356867413968,1.5283468428606284e-06,0.07036542147397995
TCN,43,8277,26,11,class_11,0,class_0,0,0.9822120070457458,0.9822120070457458,1.3309128243932378e-09,0.00014263010234571993,3.6648043533205055e-07,5.3286168366639686e-08,1.2774745150601063e-10,0.0002654849085956812,1.6166776362069868e-08,1.8899310134656844e-06,1.2256273329569467e-08,8.996907494181194e-14,0.017377592623233795
TCN,43,8278,26,11,class_11,11,class_11,1,0.8340634107589722,0.15954360365867615,8.358381933248893e-07,0.000909522408619523,0.0004478562041185796,5.258402779872995e-06,1.3235674778400153e-08,0.0022761437576264143,3.896171983797103e-05,0.0003085159114561975,0.0024058681447058916,6.227997007002273e-10,0.8340634107589722
TCN,43,8279,26,11,class_11,11,class_11,1,0.999998927116394,1.2300516796341721e-24,1.0374990381128776e-18,1.9581945999576559e-22,1.1266386081842938e-06,1.547098861190068e-22,1.4500094837845065e-29,6.485514902898615e-10,4.804842568298894e-16,4.1823299973953306e-16,2.981990502650669e-19,2.101662978363548e-21,0.999998927116394
TCN,43,8280,26,0,class_0,0,class_0,1,1.0,1.0,6.605791847132297e-23,5.178492363572514e-19,2.2989537985133353e-31,3.907064559036111e-13,1.6791673790597856e-17,4.3138989083764763e-29,1.7021418359376954e-22,2.588604854016248e-14,6.827318977675556e-24,1.2338771404160129e-26,1.422541273498655e-20
TCN,43,8281,26,0,class_0,0,class_0,1,1.0,1.0,8.819525920125346e-14,3.6980234846550886e-11,2.0601291169742025e-19,3.1213281959097117e-10,1.0068677142038851e-10,2.2381021697944207e-18,1.7451358825908148e-13,1.5682134479888532e-09,7.804696254239737e-15,8.592234057265148e-17,6.046141777342473e-13
TCN,43,8282,26,0,class_0,0,class_0,1,1.0,1.0,6.0406122482085006e-27,1.5571133809620892e-21,1.4828756485760352e-35,2.8713503704524523e-16,1.4398480891117665e-20,1.3037272663119646e-32,7.36100152385839e-24,6.610327706084917e-16,5.018265848411569e-27,2.426134199871173e-30,1.4076182543350195e-24
TCN,43,8283,26,0,class_0,5,class_5,0,1.0,2.4661836808825832e-11,6.933621970843518e-15,1.5438879341633793e-10,5.512200085945984e-35,8.071930338216026e-18,1.0,6.884048507116043e-30,6.157689644161123e-18,3.917294446990644e-17,4.085901508718157e-24,8.161556825335425e-13,2.7982515445197255e-24
TCN,43,8284,26,0,class_0,2,class_2,0,0.9999997615814209,1.2164423424110282e-07,8.7144224128477e-12,0.9999997615814209,9.304472272405988e-15,1.1559471336673646e-15,8.156751363230796e-08,8.199673036911326e-13,1.047361919415124e-10,1.186020615051575e-09,4.7826855628272606e-15,3.129204794588558e-12,3.584120333854912e-09
TCN,43,8285,26,0,class_0,2,class_2,0,0.9999979734420776,1.408939169778023e-06,8.382121108319041e-10,0.9999979734420776,1.381051362159269e-08,1.1008668802936494e-11,5.864449370562852e-09,2.1408226302810363e-08,3.684463649733516e-07,1.5056083668696374e-07,1.141845840969824e-12,1.9281472252163923e-10,7.529718004661845e-08
TCN,43,8286,26,0,class_0,4,class_4,0,0.910266101360321,0.08973347395658493,8.097899240055995e-08,1.1103286068347984e-09,8.22197449013018e-11,0.910266101360321,1.2462101040000562e-07,3.306235285549519e-09,5.1856795767191155e-12,2.650682517923997e-07,2.3549064920302953e-08,2.8179403255279567e-10,5.0540616830518914e-11
TCN,43,8287,26,0,class_0,11,class_11,0,0.9934625625610352,0.0007161424146033823,1.1113032996945549e-05,0.005186573136597872,8.358147507436797e-10,9.140310036626076e-12,0.0002273138816235587,4.032511546903095e-10,1.8074917562671544e-08,0.00039616163121536374,4.702583322746534e-10,1.5080117066190724e-07,0.9934625625610352
TCN,43,8288,26,0,class_0,5,class_5,0,1.0,8.806524086357737e-12,1.532024507255869e-11,2.125626410998116e-11,9.329298976686584e-34,1.7941046214823963e-17,1.0,3.2736171415276925e-27,7.708042471514468e-20,1.330797074474636e-15,2.0380276706648205e-23,5.927977835169795e-13,2.3451928468812763e-22
TCN,43,8289,26,0,class_0,0,class_0,1,1.0,1.0,3.1068594033647153e-25,6.6850422777966395e-21,1.820905107739431e-32,1.8244520583596193e-16,5.375547361600383e-18,5.794100654231345e-29,2.138336462359556e-24,7.245350465582865e-19,2.322803824318186e-27,2.2480837068402576e-29,1.1431574673171755e-20
TCN,43,8290,26,0,class_0,0,class_0,1,0.8092108964920044,0.8092108964920044,0.0057796817272901535,0.0016684524016454816,1.2783325509246879e-08,0.0007344275363720953,0.17387422919273376,1.950059640876134e-06,1.0681170351745095e-05,0.007879219949245453,2.011029573623091e-05,0.00045211479300633073,0.00036822794936597347
TCN,43,8291,26,0,class_0,0,class_0,1,1.0,1.0,2.0149016366933178e-35,1.353835102560681e-28,0.0,5.074280365286105e-28,1.0592843956830377e-24,2.382207389352189e-44,6.891796425481183e-31,1.925764969906127e-22,1.2171650435156075e-39,9.633856877309901e-40,1.6011370936731152e-31
TCN,43,8292,26,0,class_0,0,class_0,1,0.999845027923584,0.999845027923584,7.595581337227486e-07,3.554119393811561e-05,3.5772450973636793e-11,1.221543925566948e-06,0.00011729617835953832,1.4684940763398657e-10,3.3313558578385027e-09,1.3254644670723792e-07,1.3889859262761206e-09,3.6980701167976804e-08,6.776287864163066e-10
TCN,43,8293,26,0,class_0,2,class_2,0,0.9988231062889099,0.0011191191151738167,2.934865221959626e-07,0.9988231062889099,1.1907415053968862e-09,1.3668952081324903e-10,7.191179065557662e-07,1.4736073694621155e-08,2.061700854483206e-07,5.115607928019017e-05,5.352228660271408e-10,1.7478470226706122e-08,5.349947969079949e-06
TCN,43,8294,26,0,class_0,5,class_5,0,0.9999854564666748,3.124006298094173e-07,1.277907446528559e-09,1.4230294254957698e-05,1.2393342579707275e-21,7.012949994485672e-15,0.9999854564666748,3.915412693815147e-18,2.546259373053389e-13,1.5112068263434253e-09,1.0780009383995373e-15,1.6981404726834626e-08,6.389009601318746e-14
TCN,43,8295,26,0,class_0,0,class_0,1,1.0,1.0,9.844063388267789e-16,5.93348148392181e-11,7.889784650343966e-19,1.1409483655164948e-13,4.308432950683727e-13,2.1638367570260676e-19,1.2734493175857144e-16,1.0428064634027123e-08,9.878327856217695e-17,3.439844432577026e-18,3.746104121349347e-12
TCN,43,8296,26,0,class_0,0,class_0,1,1.0,1.0,1.4192079941240078e-20,2.498901248517468e-16,7.918051706234938e-30,1.51340562532052e-14,5.648184569485533e-16,3.711422926122501e-25,2.0882674180991166e-17,3.821850128038484e-11,3.4454452979501198e-22,1.0748708672205755e-23,5.841604493360216e-18
TCN,43,8297,26,0,class_0,0,class_0,1,1.0,1.0,2.280428691848952e-23,1.6205864216090006e-15,5.881235753890491e-37,1.85462197452257e-20,1.0820769627550852e-11,1.6420717522216622e-33,1.2918712772314051e-23,3.779917872840759e-19,1.0413494542617035e-27,8.813788203341232e-26,2.0014753322352425e-25
TCN,43,8298,26,0,class_0,0,class_0,1,0.621209442615509,0.621209442615509,2.6520125175011344e-05,0.36776143312454224,2.752704730824007e-10,1.7946706520888256e-07,0.01100176852196455,1.3284851263506425e-07,9.724940852606778e-10,5.323350364960788e-07,1.3864013270747932e-09,7.725767581234777e-09,3.724484542999562e-08
TCN,43,8299,26,0,class_0,0,class_0,1,1.0,1.0,1.842611078908124e-14,1.4012647379241239e-12,3.151762667158186e-20,1.999735377289369e-10,1.409568017862739e-10,2.3601080179671543e-15,2.8352131655957257e-17,4.8160069919392975e-15,9.991139285825075e-19,3.70017111672405e-17,6.761661358681004e-18
TCN,43,8300,26,0,class_0,0,class_0,1,1.0,1.0,1.5191444508867716e-24,1.1834936244939197e-18,2.024375849241781e-37,2.074955586284134e-20,3.095981858467628e-13,2.4568474045974946e-32,1.11607360478138e-24,7.948840563942336e-20,1.137831436590303e-29,8.009531452663387e-28,4.874369068170303e-25
TCN,43,8301,26,0,class_0,0,class_0,1,1.0,1.0,7.543606462063227e-19,5.124381512485842e-16,1.5590022039645008e-30,3.5846612345125095e-09,1.3310002405786392e-11,2.521023615682431e-27,1.7830110281122136e-24,3.553862056953631e-17,5.286800833599887e-25,1.5010987535977225e-21,4.992072661907518e-26
TCN,43,8302,26,0,class_0,0,class_0,1,1.0,1.0,4.9442642940188515e-23,7.201026778280793e-16,1.6972532982709253e-29,4.420440620338069e-17,1.6483367032687091e-16,5.155783794602628e-27,1.6199218187963515e-19,1.0977857349287606e-13,8.299433612152927e-24,1.5327238285535362e-25,2.3222826863727172e-18
TCN,43,8303,26,0,class_0,0,class_0,1,1.0,1.0,0.0,1.1673819044269123e-35,0.0,4.266272792815406e-38,2.447712285578538e-36,0.0,0.0,2.432401900344304e-40,0.0,0.0,5.605193857299268e-45
TCN,43,8304,26,0,class_0,0,class_0,1,1.0,1.0,1.1118961918577821e-24,4.24243875578314e-20,1.5253233504179616e-31,5.913040125388928e-16,4.286579305297593e-17,7.931365467347492e-27,5.11113990597842e-18,2.1297393915705592e-13,2.699364988573291e-20,2.450023984874722e-25,1.6981427317057507e-19
TCN,43,8305,26,0,class_0,0,class_0,1,1.0,1.0,4.1454612470121063e-41,6.003779640907328e-37,0.0,1.95093067210692e-26,5.880036535848138e-33,0.0,2.2570602261002683e-39,4.590685434966857e-29,0.0,0.0,6.969767988302078e-37
TCN,43,8306,26,0,class_0,0,class_0,1,0.9999369382858276,0.9999369382858276,4.693870847560788e-10,1.5388488918688381e-06,5.91695258327779e-13,1.3703483681126727e-08,3.466181794919976e-07,1.1375227149112987e-11,4.168413880734079e-08,6.081267929403111e-05,8.752231828168533e-09,4.240499618113347e-11,3.307775102712185e-07
TCN,43,8307,26,0,class_0,0,class_0,1,1.0,1.0,1.5710035269206335e-13,4.5363979239709806e-10,3.636654564464063e-17,2.04213252211205e-12,6.954274378578873e-10,6.443985787716342e-16,1.250245702322586e-13,7.725273198921911e-10,5.055825482119629e-14,1.9844850371090284e-16,2.1243751202604244e-10
TCN,43,8308,26,0,class_0,0,class_0,1,1.0,1.0,9.487103788957907e-26,1.9280852159672028e-17,2.60326253150613e-35,1.78408196674448e-21,4.1451610232771967e-19,2.7354396392107736e-34,5.799172894073855e-26,1.4773868822077762e-21,3.795171114083512e-36,3.5382666780372455e-31,1.6460133096803893e-22
TCN,43,8309,26,0,class_0,0,class_0,1,1.0,1.0,1.7067815295476272e-42,2.4296834710066155e-36,0.0,6.797146795847323e-32,1.273974728466381e-30,0.0,3.2267879552626505e-35,1.8675300477207795e-26,0.0,0.0,6.269002616522946e-37
TCN,43,8310,26,0,class_0,0,class_0,1,1.0,1.0,1.6374508867266925e-39,6.335898446546676e-26,0.0,2.864401728539945e-32,2.169930292309851e-25,9.248569864543793e-44,3.401683393923677e-29,1.4657707728497648e-23,9.697660238468153e-38,2.4948717858839043e-41,8.430136918221506e-30
TCN,43,8311,26,0,class_0,0,class_0,1,1.0,1.0,8.903321970555609e-22,2.0252373721164028e-18,1.2204355499163714e-29,1.2090167124281619e-16,2.415743524222981e-16,1.1057618923622429e-26,7.842048574181414e-18,6.742759562500256e-13,1.8166447291038937e-25,3.3777939277819047e-25,3.1161031048214813e-19
TCN,43,8312,26,0,class_0,0,class_0,1,0.9999998807907104,0.9999998807907104,6.221129167371942e-11,3.421042116258377e-09,2.3660122611259904e-15,1.228302529132641e-11,1.383571923696536e-08,1.5725373341815216e-14,8.275385856171963e-14,8.5864080290321e-08,8.110748401027323e-13,1.4114813376257807e-13,3.959118810570317e-09
TCN,43,8313,26,0,class_0,0,class_0,1,1.0,1.0,5.114012961326119e-23,6.382006679871755e-20,5.487054227625656e-32,1.4653846011533747e-16,4.226728559167392e-13,4.299929183048027e-31,1.043645721275097e-24,2.4495816467415654e-20,5.589375504849197e-29,1.4843497685097358e-24,3.1070218902222633e-27
TCN,43,8314,26,0,class_0,0,class_0,1,0.9999995231628418,0.9999995231628418,1.4089263977723476e-08,8.35172571100884e-08,7.271100903446723e-14,3.525695291273223e-08,1.6862038876297447e-07,5.054119015662772e-13,3.4645425417423326e-10,8.664715522854749e-08,2.655609239454737e-12,9.876855193088896e-13,3.6244347800806764e-11
TCN,43,8315,26,0,class_0,0,class_0,1,0.9999779462814331,0.9999779462814331,8.22041634762627e-09,4.610660084836127e-07,1.3485171096103143e-13,3.996600828060082e-10,9.579583775121137e-07,7.151958062237562e-13,8.807304711921926e-12,1.8208917026640847e-05,1.851755693227375e-10,2.153485167966096e-10,2.4202868189604487e-06
TCN,43,8316,26,0,class_0,0,class_0,1,1.0,1.0,7.901207530464491e-32,1.324085896340683e-25,6.754258598045618e-43,3.373621593150384e-25,1.4482368435509515e-21,1.2068841090464263e-37,1.378441381621698e-30,4.888020404742766e-24,8.084780515938974e-33,2.0127506771817423e-35,3.460977059306838e-29
TCN,43,8317,26,0,class_0,0,class_0,1,1.0,1.0,9.757885197422952e-16,1.490373796597666e-11,7.143361325565321e-21,5.432477384603729e-13,1.3900823200851953e-11,1.1303577132926211e-18,2.0410839088758764e-13,5.363231192490048e-09,9.039628786722091e-15,1.0502149754769256e-17,3.840774920327306e-12
TCN,43,8318,26,0,class_0,0,class_0,1,1.0,1.0,3.1911799469682765e-34,9.828061335922886e-27,0.0,2.4660874608801245e-24,1.0576638273658451e-19,1.1130513702132022e-41,4.737499373203061e-34,1.5107385688293432e-28,5.208766521741778e-41,1.1519984992112604e-38,2.405515292804413e-33
TCN,43,8319,26,0,class_0,0,class_0,1,0.9999994039535522,0.9999994039535522,7.65701412865083e-13,2.581371782994779e-09,2.797418158442545e-16,2.0251414412086888e-07,5.376170619797449e-10,2.806365632162188e-15,1.23818819780519e-11,3.019271161974757e-07,3.0423372154864126e-12,2.213406527832272e-14,3.36424471614194e-10
TCN,43,8320,26,1,class_1,5,class_5,0,1.0,1.1869644806969393e-13,2.8011776268324165e-24,7.992618475697807e-14,2.0949412041656015e-42,2.535831836802072e-25,1.0,1.8472952334480652e-10,2.121068055247467e-28,4.437677068892005e-23,0.0,1.5645630866899923e-27,2.7918911215894158e-28
TCN,43,8321,26,1,class_1,5,class_5,0,1.0,6.136574933620251e-29,2.956255863662507e-22,1.3754143484864803e-32,0.0,1.7089985238480355e-38,1.0,0.0,6.825724819726184e-42,2.1338039980446645e-33,0.0,1.1457708454825812e-23,4.203895392974451e-45
TCN,43,8322,26,1,class_1,5,class_5,0,0.9989728927612305,4.065515895397727e-15,0.0010149370646104217,8.91350134571119e-15,1.3428942508436568e-26,3.5812499243172e-18,0.9989728927612305,1.5429399778695768e-26,4.559888924782207e-11,4.0238858671665133e-16,1.4902696846811548e-18,1.2114614946767688e-05,3.62279824195344e-12
TCN,43,8323,26,1,class_1,5,class_5,0,0.6672763228416443,3.2340334854552566e-08,0.3327184319496155,5.0051078837043406e-09,2.6876465534797996e-19,8.376863647185928e-09,0.6672763228416443,2.9454079962781127e-15,1.0456539063438686e-12,4.449080215351842e-09,2.717266134322216e-10,5.236704055278096e-06,2.2021327469867735e-11
TCN,43,8324,26,1,class_1,1,class_1,1,1.0,0.0,1.0,0.0,0.0,7.031148929782463e-33,6.67187120368758e-21,0.0,9.024362110251822e-43,2.8676171773943057e-41,2.5932182752265344e-38,4.129279769810897e-36,0.0
TCN,43,8325,26,1,class_1,1,class_1,1,1.0,2.5040649614323837e-30,1.0,1.6654552620167752e-28,2.040026012165619e-31,2.014356043802815e-20,3.6190725438180193e-13,4.7007476657425565e-23,6.137089518027267e-29,1.7183334268984102e-23,1.0709722790328207e-27,1.3858652847115008e-22,1.3706613506316846e-28
TCN,43,8326,26,1,class_1,1,class_1,1,0.9999818801879883,2.5076078366548238e-12,0.9999818801879883,3.3135325809129784e-14,1.5218035334760727e-15,5.926492576691089e-07,1.7480530004831962e-05,2.435681051380506e-13,3.4135901583403174e-16,1.3927985097851115e-15,1.6217168233301216e-11,1.2034693554208165e-11,4.654267374150069e-17
TCN,43,8327,26,1,class_1,5,class_5,0,0.9015130996704102,3.8610825868090615e-05,0.09839805215597153,4.284565875423141e-05,3.208943093885308e-12,1.7018243170241476e-06,0.9015130996704102,4.9566850179871835e-08,3.2818314732452336e-10,2.8724132334900787e-06,7.356697917515476e-09,2.6084796900249785e-06,1.7202475532940298e-07
TCN,43,8328,26,1,class_1,5,class_5,0,0.9992332458496094,0.00018367687880527228,0.0003362261049915105,4.231170350976754e-06,8.999924964352493e-14,1.2853749922214774e-06,0.9992332458496094,4.9828309880983745e-12,1.2826827378020766e-09,3.616762114688754e-06,9.82729133625071e-08,0.00023773885914124548,7.827768815082958e-12
TCN,43,8329,26,1,class_1,5,class_5,0,0.5972617864608765,0.1969156414270401,0.14396542310714722,0.056147415190935135,7.310398814297514e-06,0.00026925239944830537,0.5972617864608765,0.0003496821445878595,3.4088582197000505e-06,0.0008748025866225362,3.504657433950342e-05,0.00022993606398813426,0.00394031498581171
TCN,43,8330,26,1,class_1,5,class_5,0,0.9750725030899048,0.007508446462452412,0.008148293010890484,0.005946471355855465,4.3788705994529664e-09,8.45383146952372e-06,0.9750725030899048,5.815546728626941e-07,1.8004361663770396e-06,0.00023356196470558643,7.483722015422245e-07,0.0030320610385388136,4.6989545808173716e-05
TCN,43,8331,26,1,class_1,1,class_1,1,1.0,4.949140835235246e-20,1.0,3.231380860990011e-21,2.714688775321195e-28,8.110855968917669e-17,2.9171507431868804e-09,1.2640339518409176e-19,8.522334759666783e-27,4.535321697197087e-19,1.8043576078930523e-18,1.3707474628412239e-17,5.568749621330237e-23
TCN,43,8332,26,1,class_1,1,class_1,1,1.0,8.478336196752476e-26,1.0,5.740883237637415e-28,1.3003186495270417e-34,3.865966725466523e-21,9.079247770271692e-12,2.3482908950896638e-29,3.611859406530927e-28,1.2676087556860656e-24,4.682970211926858e-25,1.8497042888457143e-20,5.228803502514126e-30
TCN,43,8333,26,1,class_1,5,class_5,0,0.9982630610466003,2.8234589990461245e-06,0.0016514917369931936,3.588687569333615e-09,8.704800021025753e-19,2.4435326650973366e-08,0.9982630610466003,5.763640432976391e-14,3.081719254782733e-11,1.1717356862561701e-08,1.1406325103185955e-12,8.260380127467215e-05,1.536694799186833e-10
TCN,43,8334,26,1,class_1,1,class_1,1,0.7513735890388489,5.385006879971531e-15,0.7513735890388489,2.69239480801028e-15,3.422744701275595e-25,1.4314836642437267e-11,0.2486264705657959,2.1730228562224104e-19,4.627683509798289e-16,6.507231006206565e-14,2.6876935104552227e-16,2.407601451537289e-09,9.149959261790047e-18
TCN,43,8335,26,1,class_1,1,class_1,1,1.0,3.8631716886390545e-18,1.0,5.717172540994477e-20,1.1928310046845408e-17,1.0669648498051743e-10,1.2870330357017679e-09,1.0938077802172524e-14,1.8142004781560046e-17,5.691029084144432e-16,1.292482915534127e-15,8.912354674858844e-16,1.6711067857488525e-20
TCN,43,8336,26,1,class_1,1,class_1,1,1.0,4.091223264364616e-30,1.0,5.203358316817399e-36,5.227129178029826e-22,8.664996736184555e-20,7.195214402421172e-21,2.2282826194311275e-23,1.2020235857780234e-21,9.191362547299911e-25,6.584382162164598e-23,3.6321670333852504e-22,6.780097702259268e-27
TCN,43,8337,26,1,class_1,1,class_1,1,0.8262441158294678,5.68554678466171e-05,0.8262441158294678,1.3802256262351875e-06,2.9666885614787475e-10,2.5770976208150387e-05,0.17322057485580444,1.9039392782360665e-06,4.786933960332362e-09,0.0001231748319696635,1.625087634238298e-06,0.0003216697950847447,2.986981598951388e-06
TCN,43,8338,26,1,class_1,5,class_5,0,0.9977675676345825,2.2465355797862685e-08,7.760757267133867e-16,0.0022324498277157545,1.077329219111419e-25,8.404487733514147e-22,0.9977675676345825,4.568072251302868e-26,6.229672539544845e-14,4.792039681733584e-11,1.0564213196908467e-21,2.5850106499802905e-09,5.043893430900309e-18
TCN,43,8339,26,1,class_1,1,class_1,1,0.7034486532211304,0.0018767573637887836,0.7034486532211304,0.0002635152486618608,2.5507251866230263e-10,0.00019376122509129345,0.29420769214630127,4.794184178535943e-07,7.473294899584815e-11,2.4539281184843276e-06,1.3343569662538357e-06,5.340279130905401e-06,5.85746562364875e-09
TCN,43,8340,26,1,class_1,5,class_5,0,0.9994961023330688,1.3738838333665626e-06,2.64790678272675e-08,0.0005025597056373954,8.165647089204201e-17,4.0064850742593805e-11,0.9994961023330688,1.7598406498408573e-15,6.499068861201551e-13,3.4172355917183594e-11,6.7608941652064734e-15,4.6646246865122976e-09,2.7928363560605213e-14
TCN,43,8341,26,1,class_1,5,class_5,0,0.9996618032455444,9.62083277045167e-07,1.8617924069985747e-05,0.00031861086608842015,2.9735931201683955e-18,7.092035292366461e-11,0.9996618032455444,3.283009918065259e-14,1.751733591623568e-14,1.9875552315085088e-09,8.216734584398644e-13,1.4636457601469033e-09,2.334404167908012e-15
TCN,43,8342,26,1,class_1,5,class_5,0,0.9999996423721313,4.872824366231043e-10,5.798786201650225e-14,3.2493881008122116e-07,8.465231875706549e-29,6.3239835949722116e-21,0.9999996423721313,8.305082735999108e-28,5.794161909977984e-15,1.3213007890502254e-13,6.810831185222149e-22,1.7027555754278723e-10,4.53997400653133e-20
TCN,43,8343,26,1,class_1,1,class_1,1,0.8125672340393066,0.056095000356435776,0.8125672340393066,0.0018095284467563033,3.535393261699937e-05,0.008218150585889816,0.11516222357749939,0.0022776126861572266,1.2905909443361452e-06,0.0015863410662859678,0.00013751245569437742,0.0021082297898828983,1.3758422028331552e-06
TCN,43,8344,26,1,class_1,5,class_5,0,1.0,2.207446284087133e-29,1.2594587970159557e-23,2.0975444788940095e-32,0.0,1.995264462190788e-38,1.0,0.0,3.012791698298357e-42,8.708639566573599e-35,0.0,2.9300151787340174e-24,0.0
TCN,43,8345,26,1,class_1,5,class_5,0,1.0,4.40010091081988e-17,1.0079379691996238e-10,3.8617321146405814e-12,4.509309103743577e-33,7.217242815845954e-26,1.0,9.085941707694623e-33,7.038405452133032e-15,5.608780034296447e-18,2.0803567635476222e-24,1.599483212544328e-08,9.238835689323252e-14
TCN,43,8346,26,1,class_1,1,class_1,1,0.9807464480400085,4.6996215946615294e-11,0.9807464480400085,7.548700980601977e-16,4.679213261865743e-25,1.608352014938197e-12,0.019245175644755363,7.70017555171953e-22,7.624673800860939e-15,1.5302726100174802e-11,3.8482736284704486e-14,8.316618732351344e-06,1.5937072074564246e-15
TCN,43,8347,26,1,class_1,1,class_1,1,1.0,6.378505098985321e-34,1.0,1.210728324620247e-32,1.1303190008942331e-33,1.8566728715122705e-22,2.0612495949456563e-15,6.327742514205213e-31,5.866873722739339e-29,5.5089011239760836e-27,1.5792007705649175e-26,1.99943772916896e-25,8.572970414127548e-35
TCN,43,8348,26,1,class_1,1,class_1,1,1.0,2.700546115025435e-30,1.0,2.1157497501693187e-29,1.5546957804102633e-31,1.1629377468322765e-19,9.995624391124364e-14,8.042706719157801e-24,2.3679267288839916e-30,2.45444749158587e-26,6.8393999741418675e-28,3.7445866385779924e-25,9.988867630010741e-31
TCN,43,8349,26,1,class_1,1,class_1,1,0.7901889681816101,9.705408032800733e-09,0.7901889681816101,1.1646301978363027e-10,4.298147591600269e-17,1.156805140567485e-08,0.20980148017406464,6.086471604493937e-11,1.3710836285762973e-11,2.0918777465794847e-07,2.7075709729817987e-11,9.339633834315464e-06,1.2729663545485437e-08
TCN,43,8350,26,1,class_1,1,class_1,1,0.9994335770606995,7.094726584000455e-07,0.9994335770606995,5.112791079397994e-09,3.825844885341212e-08,0.0003917684080079198,0.00016626634169369936,6.792544354539132e-06,3.2584067388707894e-11,2.3596752996013493e-08,5.499780968420964e-07,1.985387427794194e-07,4.733221592445602e-10
TCN,43,8351,26,1,class_1,1,class_1,1,0.9999984502792358,7.761629181673947e-16,0.9999984502792358,1.7346098213606423e-17,4.433936584761543e-28,9.170517611687746e-16,1.516398583589762e-06,1.47633176244547e-20,2.259165128572804e-26,9.083878284195023e-19,1.3861891877983025e-17,2.045688196806276e-16,2.8175087357328286e-22
TCN,43,8352,26,1,class_1,5,class_5,0,0.9997289776802063,9.550733892638164e-08,0.00026965688448399305,1.2140625358370016e-06,7.969944655554949e-19,1.6212679527886908e-13,0.9997289776802063,5.667916561980825e-14,8.721030896139542e-14,5.020785176501619e-11,1.0886785298535066e-15,8.004318874377248e-10,4.075578208251329e-10
TCN,43,8353,26,1,class_1,5,class_5,0,1.0,0.0,0.0,0.0,0.0,0.0,1.0,0.0,0.0,0.0,0.0,0.0,0.0
TCN,43,8354,26,1,class_1,1,class_1,1,0.9999908208847046,8.155083275340758e-10,0.9999908208847046,5.835704640876072e-14,5.625356847005492e-10,4.407804226502776e-06,1.9224810898776923e-07,6.968348120750534e-11,6.997082913073882e-09,3.0039939424852946e-09,7.676958091451525e-08,4.430055469129002e-06,6.502344218617395e-10
TCN,43,8355,26,1,class_1,5,class_5,0,0.9574769735336304,7.007852261025713e-25,0.04252299293875694,4.625896911213535e-28,1.2146455088767514e-41,1.0430129562214965e-23,0.9574769735336304,1.133677516824227e-34,5.64979468609927e-25,6.794204350038854e-20,3.130539902255662e-28,2.3887827479973645e-12,1.0440936155429636e-27
TCN,43,8356,26,1,class_1,1,class_1,1,0.9988343119621277,3.214826733710652e-07,0.9988343119621277,5.539301906054561e-09,2.0128954503206842e-08,0.0009494174155406654,0.00020967682939954102,6.807307499911985e-07,2.8694031595222214e-09,1.8035967741525383e-07,4.7844146138231736e-06,6.939047239029605e-07,1.4370753476100617e-09
TCN,43,8357,26,1,class_1,1,class_1,1,1.0,1.948646095488289e-27,1.0,2.974311594803129e-28,4.844371707802901e-27,2.4211695643435328e-15,2.9852121751113014e-13,1.3884966520609892e-20,2.0472445242661965e-24,2.943392760850846e-23,1.22839763553115e-24,1.8816078938238674e-21,5.42905929071908e-28
TCN,43,8358,26,1,class_1,1,class_1,1,0.9999994039535522,6.694026409570508e-12,0.9999994039535522,1.598836690754231e-14,3.330843587057153e-11,4.290238564408355e-07,9.149318458412381e-08,1.0911260783785792e-09,3.064593578905317e-10,4.171605283431745e-10,3.6523564173052137e-09,5.336038100267615e-08,8.946337004545057e-10
TCN,43,8359,26,1,class_1,1,class_1,1,0.999998927116394,1.386484243387498e-12,0.999998927116394,5.0570327581793504e-15,6.95209067722545e-14,4.787424359165016e-07,5.92027276979934e-07,7.428971326994827e-11,3.943376454909088e-14,2.7354689693948053e-11,2.881651361974491e-08,6.401175589587638e-09,2.9290354863764634e-12
TCN,43,8360,26,2,class_2,2,class_2,1,1.0,5.697258967652221e-25,1.6370824178774748e-31,1.0,1.0370050450835944e-34,4.203895392974451e-44,3.732515787910628e-28,2.327382203686171e-33,4.4707902844506414e-32,7.080489717411053e-32,5.324934164434305e-44,1.708743347397682e-41,1.909607688108554e-27
TCN,43,8361,26,2,class_2,2,class_2,1,1.0,2.1823781670704534e-10,1.781716375999498e-12,1.0,4.094740497194438e-13,5.931174918809908e-18,1.800874885684884e-14,3.1196877250932043e-16,5.4259710873666434e-14,1.9147308812859017e-17,3.1709027864273537e-19,1.7744710408333444e-21,1.0686759923878841e-17
TCN,43,8362,26,2,class_2,2,class_2,1,1.0,6.812171369181115e-26,7.58132871771208e-37,1.0,4.4719460158026905e-34,2.553879062918158e-39,6.456014221008467e-32,1.7923304952610266e-27,5.183330370597199e-28,7.700730117977672e-26,0.0,7.567011707354012e-43,2.398551590801745e-33
TCN,43,8363,26,2,class_2,2,class_2,1,0.8859840035438538,0.10760924965143204,2.239705736428732e-07,0.8859840035438538,2.4101311282720417e-05,8.697255020123293e-14,1.2225468708493281e-06,6.470384228407511e-09,0.0059713986702263355,0.00012822059215977788,4.847191537038498e-10,9.525155633127724e-07,0.00028068595565855503
TCN,43,8364,26,2,class_2,2,class_2,1,1.0,1.3744940515619808e-13,9.647748648588558e-28,1.0,7.42337172171752e-33,5.857316727972239e-32,3.9248399323159206e-21,1.1696013663043271e-28,5.111106388619999e-16,2.9870996343106526e-08,2.234910737225169e-26,1.0184927540818819e-19,4.392470004232956e-17
TCN,43,8365,26,2,class_2,2,class_2,1,1.0,4.504717476149888e-26,3.278970374210546e-32,1.0,9.194316203657173e-31,4.6864044931954155e-40,7.562122398772056e-29,3.904012145738534e-27,4.570908914999357e-27,7.484463486736394e-29,2.029080176342335e-42,8.037735887490005e-40,2.717609327711237e-29
TCN,43,8366,26,2,class_2,2,class_2,1,1.0,8.661099552903838e-27,3.403645901707412e-35,1.0,1.5881405076245424e-35,2.35516232899072e-41,7.027150687786233e-34,1.4444666188483453e-31,4.2147345246755715e-31,1.8432471411183347e-33,0.0,1.401298464324817e-45,3.75861318775674e-39
TCN,43,8367,26,2,class_2,2,class_2,1,0.9976478219032288,0.0023521583061665297,2.93438703884315e-15,0.9976478219032288,4.188011664289965e-24,1.460092067983689e-17,1.0708077091692303e-08,8.325341836386077e-21,8.859594713110048e-17,1.4499379886838415e-13,1.8267066647411296e-23,1.0799244575785232e-16,4.2412220248008627e-19
TCN,43,8368,26,2,class_2,2,class_2,1,0.995815098285675,1.1082933269790374e-05,1.9633478586911224e-05,0.995815098285675,5.8636508981635416e-08,1.4451980194160607e-12,2.0644283438286948e-07,1.8771443066611937e-08,6.215603552683913e-12,8.035987093535368e-07,6.4350139088599056e-15,1.0574517878090411e-13,0.004153144545853138
TCN,43,8369,26,2,class_2,0,class_0,0,0.986331582069397,0.986331582069397,3.520551905555891e-12,0.01366784144192934,1.315844239124786e-10,1.0805133778815298e-13,8.122900269080802e-11,9.45264266166701e-12,4.647966456161612e-10,9.286419966336723e-10,1.0154541197501484e-15,6.494174309638506e-19,6.177409659358091e-07
TCN,43,8370,26,2,class_2,0,class_0,0,1.0,1.0,1.6842362095046125e-16,7.080612540733e-09,3.340864438884655e-16,7.556870507499126e-15,5.305966169905085e-13,1.1948726386375543e-15,1.477815537043875e-13,2.094919073283852e-12,1.1014024470289239e-15,1.9737593683539692e-21,7.406242980012578e-11
TCN,43,8371,26,2,class_2,2,class_2,1,1.0,4.336798525546651e-15,2.7066694638411077e-17,1.0,1.1030472653491839e-21,2.679384997244892e-24,2.7514322599713535e-18,2.830473923456513e-21,1.2238609648287935e-16,2.978229221932511e-20,6.2308138154352785e-28,1.8032984351827185e-25,7.581538121521553e-20
TCN,43,8372,26,2,class_2,0,class_0,0,1.0,1.0,4.787657625317152e-35,3.249491794709339e-20,8.531105050809486e-41,5.613773106391474e-31,1.1256781322417133e-22,8.966953714765363e-38,1.2600070343921702e-30,2.751032845227331e-26,4.368781721537242e-36,9.417146069802068e-41,5.055563022528583e-26
TCN,43,8373,26,2,class_2,2,class_2,1,0.9999994039535522,2.913318155606248e-07,2.1133275098834557e-15,0.9999994039535522,2.2245657726602967e-19,7.64506323608033e-24,6.356660087192267e-09,2.6763780270913545e-18,3.649441453245153e-15,5.394297161731565e-11,4.061443680989903e-22,9.047722054184208e-17,3.569519719803793e-07
TCN,43,8374,26,2,class_2,2,class_2,1,1.0,5.072989922537168e-18,5.342197352157411e-21,1.0,7.274403800297785e-26,2.5147395409966076e-29,2.9900226848925e-20,6.969950866910213e-23,1.1705077419068438e-20,7.170926277606293e-24,4.104166115444006e-30,8.274845274760364e-30,3.6143685946072954e-20
TCN,43,8375,26,2,class_2,2,class_2,1,1.0,4.299568947402355e-12,1.1526558918182424e-19,1.0,1.6964374249598613e-22,1.010772842113838e-23,4.0064923102924423e-16,4.058536633890855e-21,2.877137656890118e-17,3.436772270857307e-20,4.531770636114944e-29,1.1423573654595994e-24,3.806090319786334e-20
TCN,43,8376,26,2,class_2,2,class_2,1,0.9940051436424255,0.003969172015786171,0.0006170469569042325,0.9940051436424255,1.993834075619816e-06,1.6393990165397554e-07,0.0004864147340413183,0.00010213708446826786,1.54082874814776e-06,2.3841337679186836e-05,1.1835288304951064e-10,6.794121265585318e-09,0.0007926161051727831
TCN,43,8377,26,2,class_2,2,class_2,1,1.0,2.423449274111729e-17,1.8104824780478112e-23,1.0,4.142021735517887e-31,3.2654861132083707e-34,4.526566546781033e-23,2.439543157970551e-31,1.1762353914647684e-23,3.389630785664746e-25,7.933931105210688e-36,1.6036224799499671e-34,6.4388454109756e-25
TCN,43,8378,26,2,class_2,2,class_2,1,0.9999614953994751,5.586225881870632e-08,6.145574500682205e-12,0.9999614953994751,1.6031674008069527e-14,5.464213601092372e-20,5.641923039867436e-10,1.8806225718007554e-15,2.3848349961497206e-09,3.0827038144387586e-10,3.745784419960123e-18,1.183451123557e-13,3.847044717986137e-05
TCN,43,8379,26,2,class_2,2,class_2,1,1.0,4.41515330833241e-15,1.1953137952423122e-24,1.0,2.4075686715507832e-28,8.053656180594084e-34,7.200819197306073e-20,1.548666388706647e-28,9.721212609989956e-24,1.2757857804511674e-27,1.760353169838765e-40,6.566048885275098e-30,9.068992857678719e-29
TCN,43,8380,26,2,class_2,2,class_2,1,1.0,1.3407088165256348e-21,1.796509235523088e-16,1.0,7.630732788876085e-24,5.088708432553959e-33,1.8817557058471222e-24,4.56513269425984e-23,1.605603310276155e-22,7.334237997699138e-23,3.123609699131927e-36,3.775981154457042e-35,2.6430377047088378e-20
TCN,43,8381,26,2,class_2,0,class_0,0,1.0,1.0,8.349378296194887e-18,9.136188694469638e-09,3.13880776506999e-18,1.4727154330838443e-15,3.850377997124607e-15,6.603213671575553e-18,2.3824156894242804e-14,2.202422706015783e-12,6.745324438185505e-19,1.0967065370770931e-23,1.3188186437015914e-13
TCN,43,8382,26,2,class_2,2,class_2,1,1.0,5.288902310017821e-16,8.000311231323595e-20,1.0,4.1241250034591183e-17,6.969172438690464e-25,3.143846229617595e-22,1.045228935924022e-21,6.767851151204738e-19,5.0761980391453784e-20,3.3610377709219614e-30,1.2704611288319991e-30,8.742547826668242e-22
TCN,43,8383,26,2,class_2,0,class_0,0,1.0,1.0,0.0,2.211022451538921e-34,0.0,4.662722549148326e-40,7.462733801871588e-38,0.0,1.677354261796806e-41,3.701978481572876e-32,0.0,0.0,9.932937129589518e-38
TCN,43,8384,26,2,class_2,4,class_4,0,0.9999561309814453,4.346882633399218e-05,1.1084734552468944e-07,1.166882562797511e-10,1.1804117150404636e-07,0.9999561309814453,8.6160358361842e-12,5.128582003521842e-10,4.2762653556757915e-17,4.2822762225114275e-08,9.047371918313729e-08,8.213883810311365e-14,5.39207345440218e-09
TCN,43,8385,26,2,class_2,2,class_2,1,1.0,4.657237278897735e-21,1.1050008888472946e-22,1.0,7.037012784610015e-29,1.7351732695708134e-34,8.179120491193144e-24,1.4775802326072916e-26,6.0905303863777305e-24,3.489749236932706e-27,2.0463819838185007e-35,4.732710152078422e-35,8.281407351607722e-24
TCN,43,8386,26,2,class_2,2,class_2,1,0.9999998807907104,1.5969749256328214e-07,3.0167739417663597e-09,0.9999998807907104,7.353540248510732e-15,1.2201543486516087e-13,8.746653401559001e-10,2.0672753873324234e-13,1.3261228226646438e-10,3.6490138688449747e-10,2.2948902503251885e-14,9.09615468342416e-14,3.8621387338233504e-11
TCN,43,8387,26,2,class_2,2,class_2,1,1.0,7.07475493324843e-20,1.2440103349473685e-33,1.0,2.408677076564206e-38,6.947728870522624e-39,1.2529805923761902e-22,2.055831097949713e-30,2.5802567466800272e-27,1.6370943417897384e-24,7.268913485038194e-40,2.592717807645714e-35,5.728364151331101e-30
TCN,43,8388,26,2,class_2,2,class_2,1,1.0,4.366320943234261e-19,6.16933009663071e-25,1.0,1.548374212615539e-24,2.45899831358118e-29,3.978513479259968e-24,8.527754507475258e-22,1.0576224077507e-21,2.789024041296129e-23,4.910625928644553e-35,9.078458216783701e-33,2.0478986255420928e-26
TCN,43,8389,26,2,class_2,2,class_2,1,1.0,3.794383918176436e-09,2.920884951920796e-25,1.0,9.116760133271275e-28,1.1721842116934454e-26,1.0251346912832559e-19,6.036090006680379e-22,1.219520261152142e-19,2.5270555648930168e-16,4.3019966425122536e-31,9.93819491564301e-25,1.1516136927140396e-20
TCN,43,8390,26,2,class_2,2,class_2,1,1.0,1.0750942505962955e-27,9.819065024536844e-35,1.0,2.0738082242671965e-35,1.401298464324817e-44,3.949016283621347e-30,1.9625241120858906e-32,3.674462556828602e-30,4.6184883401999634e-30,7.006492321624085e-45,2.9006878211523713e-43,3.6831752739371226e-31
TCN,43,8391,26,2,class_2,2,class_2,1,1.0,1.3778444398523816e-19,1.8134891425019705e-23,1.0,1.0983579435805378e-27,9.304612368397088e-31,4.091186728871718e-25,1.5698310443482758e-26,5.543720137658405e-22,2.935775687582974e-25,5.112441319113951e-35,6.9331579758234905e-34,1.9826903354106343e-25
TCN,43,8392,26,2,class_2,2,class_2,1,1.0,5.9810691732753596e-33,6.118685666566454e-39,1.0,7.257450863600017e-38,0.0,6.105415370109298e-40,9.050708315043163e-37,1.3632838207578452e-34,5.7459556893391605e-39,0.0,0.0,1.8216880036222622e-44
TCN,43,8393,26,2,class_2,2,class_2,1,1.0,2.1768532809662844e-10,2.356020066540676e-11,1.0,1.28985147215821e-13,4.099450040350539e-18,1.670446821231547e-13,6.953244759616084e-16,9.552022801201376e-13,8.853896890821666e-13,4.7130185750902895e-20,2.5740542343548965e-19,1.7237593730873302e-12
TCN,43,8394,26,2,class_2,2,class_2,1,1.0,1.2118595189847259e-11,1.3868359189602271e-18,1.0,4.2467602090282326e-21,6.9668181424834e-22,1.634561432917292e-16,7.007735209055736e-21,8.999738299466742e-18,2.6705972753805277e-18,4.0993237058495565e-26,1.6111602437077582e-24,9.308270905149715e-23
TCN,43,8395,26,2,class_2,2,class_2,1,1.0,1.650542569790266e-27,4.4603330119458927e-41,1.0,1.0252185429887084e-38,0.0,1.5184233037302779e-35,6.023396205112044e-36,7.924881234373667e-30,7.330356656008565e-36,0.0,7.987401246651457e-44,2.2139450749499223e-39
TCN,43,8396,26,2,class_2,2,class_2,1,1.0,1.7429439938751332e-24,1.46918023558992e-30,1.0,4.768669809967022e-33,1.8496789404471504e-39,2.144914385674237e-30,3.984806531908969e-29,3.6203584872272594e-27,2.164198052645804e-28,4.5736980577097704e-41,2.9557588508003366e-41,1.059795433490061e-28
TCN,43,8397,26,2,class_2,2,class_2,1,1.0,1.3246395896403945e-13,1.7682942715885157e-14,1.0,8.826036988275507e-18,5.830535276548641e-27,6.6610073813850364e-15,2.5475128519314255e-19,1.0795051100951833e-17,1.300468709073616e-17,5.332309602924505e-26,2.4972341743301015e-23,4.464770914092142e-11
TCN,43,8398,26,2,class_2,2,class_2,1,0.9452405571937561,0.054758962243795395,5.505466959057626e-13,0.9452405571937561,5.140487861765575e-12,2.9117458481630427e-15,8.339560292336401e-11,2.890434202748593e-13,4.604815695419262e-10,4.154777855092107e-09,1.397133366328808e-17,2.592680790785942e-19,4.155974693276221e-07
TCN,43,8399,26,2,class_2,2,class_2,1,0.9999996423721313,3.9097923831832304e-07,7.280259762179287e-18,0.9999996423721313,2.6316452809625785e-22,5.557971938585843e-21,2.0216881799903154e-16,1.189460092338165e-23,1.5035935997954292e-18,6.043028711082378e-20,2.1143414829902223e-25,2.193412002489728e-28,8.845535851898929e-21
TCN,43,8400,26,3,class_3,3,class_3,1,0.9463052153587341,2.638588547654308e-08,3.0893711482349318e-06,5.100438826843856e-08,0.9463052153587341,1.5123113872306249e-09,1.1827041082601575e-12,0.0536576472222805,2.904087560706703e-11,1.274202826584414e-10,1.0448052839562294e-10,3.661019970117646e-15,3.390589336049743e-05
TCN,43,8401,26,3,class_3,6,class_6,0,1.0,1.7449075648598824e-15,5.3978016845791954e-42,1.1545549408126719e-30,3.7883892779316886e-35,7.76774070587622e-39,2.2420775429197073e-44,1.0,1.6689744098081688e-33,8.599942436570979e-39,0.0,0.0,6.74244320095219e-34
TCN,43,8402,26,3,class_3,4,class_4,0,1.0,1.9883732095045013e-15,2.467657197487074e-18,1.1921730481000925e-22,5.215206305003717e-12,1.0,1.0844204623517737e-25,5.622249627662557e-12,3.7474533005592953e-28,1.284063038314295e-25,8.929483374963124e-21,2.5007104987538482e-33,1.754283672172459e-24
TCN,43,8403,26,3,class_3,3,class_3,1,0.9997645020484924,1.0743018793444288e-16,3.930412340365653e-16,3.18632617479358e-21,0.9997645020484924,0.00023530892212875187,4.1154370526553107e-25,1.3404064702626783e-07,9.59212370807129e-21,6.2777232768771134e-21,2.54780517430081e-13,1.1101717172670657e-25,8.927952574824295e-15
TCN,43,8404,26,3,class_3,3,class_3,1,0.9828703999519348,4.413092938193586e-06,9.231837516665564e-09,9.626770406612195e-06,0.9828703999519348,2.344315726077184e-05,2.5718529736429296e-11,0.017092043533921242,9.197564487806176e-09,5.881923420547608e-11,5.329392394060051e-08,2.8691034567411827e-15,1.3762291306562702e-09
TCN,43,8405,26,3,class_3,0,class_0,0,0.9997332692146301,0.9997332692146301,5.822795858759916e-14,2.121106490449165e-08,1.8533350409910554e-09,8.358600922520054e-08,2.24754183913959e-16,7.714034211403487e-08,4.12384615344763e-08,5.847990180996021e-08,0.000248253665631637,3.826567953916848e-16,1.8152852135244757e-05
TCN,43,8406,26,3,class_3,6,class_6,0,0.9422395825386047,0.05776041001081467,1.7109442703371988e-25,2.258149801838317e-17,1.2646367222256454e-23,1.286556771941393e-17,7.533899749144632e-27,0.9422395825386047,6.690123444483138e-24,1.1669863128954141e-23,1.5163364045833262e-28,1.8983896557317488e-35,3.364367814942187e-22
TCN,43,8407,26,3,class_3,6,class_6,0,1.0,2.996762213380855e-11,9.130982448825829e-31,4.693018266077352e-26,7.124332208239414e-23,1.9414760499122535e-22,8.632903246151837e-33,1.0,1.2297166514573566e-29,9.244104472597762e-33,1.1064640062622577e-38,4.75040179406113e-43,2.170339933516421e-29
TCN,43,8408,26,3,class_3,6,class_6,0,1.0,8.784300022134702e-15,3.101308919692827e-38,1.36655201798347e-29,2.518851820418142e-34,1.1091634821256905e-32,2.030089111236649e-40,1.0,4.1455130712892644e-32,2.1860039369093399e-35,2.2420775429197073e-44,0.0,7.907814749111593e-31
TCN,43,8409,26,3,class_3,6,class_6,0,0.9999562501907349,4.378068842925131e-05,2.0995662089582234e-17,1.1721223991401075e-10,5.036990269324804e-10,2.7769044117116615e-13,1.4684310411749585e-17,0.9999562501907349,7.797935474423978e-13,2.4528911136543288e-17,9.474823487227132e-19,6.671445900374583e-23,1.4002490031188308e-13
TCN,43,8410,26,3,class_3,3,class_3,1,0.7150740623474121,2.3210740274226538e-10,1.2616537588966414e-12,3.6665848308914395e-12,0.7150740623474121,4.527043131474784e-07,8.852042223245194e-16,0.2849254906177521,3.3409095802350297e-12,1.9948841400118083e-15,1.0851321924354451e-10,1.1749864079359356e-19,1.4933858594190497e-09
TCN,43,8411,26,3,class_3,0,class_0,0,0.6893821954727173,0.6893821954727173,4.010834775414196e-09,0.310615599155426,1.4937631576117383e-08,5.043136184212926e-07,1.7215019409988486e-09,1.413828272234241e-06,9.60462465116052e-09,3.5855276792062796e-07,9.250728183474166e-09,7.776057900886479e-13,1.2989944675467768e-09
TCN,43,8412,26,3,class_3,6,class_6,0,0.999806821346283,2.1929494664618687e-07,7.173972971230569e-09,4.133433179065449e-12,0.00019296053505968302,8.484883629034101e-11,9.583780539730146e-15,0.999806821346283,1.3014670938171768e-11,5.007479636699079e-15,2.1543496966838077e-13,2.2779346386016055e-17,2.6389015417294104e-08
TCN,43,8413,26,3,class_3,3,class_3,1,0.4055716097354889,4.019574407720938e-05,0.36764535307884216,0.22607390582561493,0.4055716097354889,4.969486781192245e-06,2.1132080973984557e-08,0.0004196142836008221,8.353303201147355e-06,5.7518467656336725e-05,5.478722755469789e-07,1.4398895409328816e-09,0.00017786837997846305
TCN,43,8414,26,3,class_3,2,class_2,0,1.0,1.731672444327259e-11,3.310887336971527e-22,1.0,3.2891379798576374e-20,3.6269868047017175e-23,1.7460335518332132e-22,5.444572201938891e-13,3.742831137019125e-17,4.415746180368784e-21,3.211597960272546e-27,4.234880146859964e-31,1.320910200096564e-21
TCN,43,8415,26,3,class_3,6,class_6,0,0.9998633861541748,6.357619986019358e-11,6.225175339872384e-17,2.9103218269600306e-17,1.0129613201570464e-06,0.00013569134171120822,1.5882567310247107e-20,0.9998633861541748,1.0338104588157447e-19,1.2230215484620687e-24,1.1032975076793204e-19,3.80482747582632e-29,2.482853084366102e-17
TCN,43,8416,26,3,class_3,6,class_6,0,1.0,2.2077936267378417e-12,3.2907225864926505e-18,6.685472730793626e-22,1.3801067060004168e-11,2.529177605195554e-12,1.792724903526924e-22,1.0,6.276348513200367e-22,3.0147653160988855e-25,8.530149197304974e-25,3.0219438747436464e-29,8.84978747139016e-22
TCN,43,8417,26,3,class_3,6,class_6,0,1.0,9.307653259238435e-11,4.05021586480219e-36,5.784641287338778e-24,9.028252706123287e-31,1.0631135644006244e-32,2.9699556858021042e-37,1.0,8.266721793736611e-26,2.681368148035696e-32,1.233142648605839e-41,0.0,4.628952399070305e-28
TCN,43,8418,26,3,class_3,6,class_6,0,1.0,1.4742211357915425e-12,5.0945394565641955e-24,2.1672567611180623e-19,2.994130822182167e-13,1.2941632560207315e-18,9.566213441427952e-27,1.0,6.637039952874422e-22,7.234608849117296e-26,1.1365918900225021e-27,1.410346126104895e-35,3.696628384878547e-18
TCN,43,8419,26,3,class_3,3,class_3,1,0.9998832941055298,2.1547416628742155e-12,5.302326723440618e-15,3.233185068415509e-14,0.9998832941055298,2.0251418320071934e-09,1.3858069062782111e-18,0.00011674121196847409,1.7656144287499925e-14,1.0507776237295842e-17,2.242442986670739e-14,3.867049572743014e-21,4.0307579322884646e-12
TCN,43,8420,26,3,class_3,3,class_3,1,0.9999569654464722,1.7530347833083493e-12,6.245973183105491e-11,1.5155783707093457e-15,0.9999569654464722,1.2145576874900144e-05,7.168204913319179e-18,3.0250743293436244e-05,2.9625320209156203e-13,8.642166199519536e-15,5.964873253105907e-07,7.972561296666153e-17,7.263443319027729e-11
TCN,43,8421,26,3,class_3,3,class_3,1,0.8459194302558899,7.303617053366906e-07,3.501633116798075e-08,1.5670211794827082e-09,0.8459194302558899,0.0002480218536220491,4.993707812712966e-13,0.15245060622692108,8.188239419837373e-09,5.719942297588432e-10,5.470368250826141e-06,2.566540323366631e-15,0.0013756485423073173
TCN,43,8422,26,3,class_3,6,class_6,0,1.0,7.822681738489656e-12,4.5268820154124744e-21,1.7756257374702067e-17,3.360373368455072e-10,4.92543614401264e-13,5.849027670688658e-26,1.0,8.180764042373276e-19,1.5504259609439282e-23,1.826825901281524e-17,1.233158079265081e-32,9.730717039156244e-15
TCN,43,8423,26,3,class_3,6,class_6,0,0.9734574556350708,3.581610314995487e-07,3.1860156873841916e-12,6.805966901168858e-10,0.026542041450738907,5.824034943202605e-08,4.180424723835424e-14,0.9734574556350708,9.73444502089249e-12,3.265880878992704e-14,2.913204399934699e-12,5.558615976240898e-19,1.0722611687441486e-10
TCN,43,8424,26,3,class_3,3,class_3,1,0.9785379767417908,9.775614762119744e-10,0.006934053730219603,3.061473398702219e-05,0.9785379767417908,1.1035180769169983e-08,6.632619258505057e-13,0.014496761374175549,5.121700041854638e-07,1.3415270630479093e-11,2.8603075463706773e-10,8.102816106882876e-14,1.435337964039718e-07
TCN,43,8425,26,3,class_3,6,class_6,0,0.8216819167137146,0.17688849568367004,6.862661194872999e-08,9.196845348924398e-05,3.773049684241414e-05,1.1563053021745873e-06,5.50018031120203e-10,0.8216819167137146,6.271599431784125e-06,5.710439836548176e-07,2.051206365649705e-06,1.4388706155374353e-12,0.0012897212291136384
TCN,43,8426,26,3,class_3,6,class_6,0,0.9997813105583191,0.000218564789975062,4.9307570016993846e-14,4.827410471364146e-09,1.113183998313616e-07,6.556392234680075e-11,1.28988559488049e-15,0.9997813105583191,3.781803342706169e-11,6.64263091689106e-14,3.95154666366776e-13,1.429600581480199e-20,3.2462534882427008e-09
TCN,43,8427,26,3,class_3,6,class_6,0,1.0,4.652311424990785e-09,3.1944496372036054e-23,1.6230147434348474e-11,5.642185395109134e-13,2.2403412649945405e-17,7.192291391932846e-25,1.0,1.2530082949861e-16,3.9603294465337187e-23,7.173056497873229e-25,6.200539386868154e-34,3.917981999515798e-17
TCN,43,8428,26,3,class_3,6,class_6,0,0.9754791855812073,0.0005969772464595735,1.2003544859473525e-11,6.256880791255526e-09,0.023573650047183037,0.00017265132919419557,9.458275879693713e-16,0.9754791855812073,4.165817413248618e-10,1.5609097347990541e-10,4.4470621674008726e-07,5.725532235060091e-19,0.00017711144755594432
TCN,43,8429,26,3,class_3,0,class_0,0,0.9644405245780945,0.9644405245780945,2.39421329983891e-11,1.4983825735725986e-08,5.3584456871647035e-09,0.000397803436499089,5.3037276312320816e-14,0.03516104072332382,1.1603441818497373e-10,3.207039495078945e-11,6.590429393327213e-07,3.695553926893677e-16,8.093836018074896e-11
TCN,43,8430,26,3,class_3,3,class_3,1,0.9999533891677856,3.979338560056167e-12,2.273356226998349e-16,1.0908401155832522e-14,0.9999533891677856,4.171244252781925e-11,3.200465187544233e-20,4.657990575651638e-05,1.506136219160594e-14,6.907149400334434e-19,9.168044910756474e-15,1.2245094190154061e-23,1.944791376551347e-11
TCN,43,8431,26,3,class_3,6,class_6,0,0.999992847442627,4.8012093429861125e-06,2.400277073183032e-15,3.326707312401034e-11,2.3457678253180347e-06,2.313873918857734e-11,4.1477453112866925e-17,0.999992847442627,2.5061673656484595e-12,3.8101529847946517e-16,3.633290652523382e-15,4.3247560479306865e-23,3.3532887577791826e-09
TCN,43,8432,26,3,class_3,3,class_3,1,0.9999474287033081,5.806707337185912e-10,3.65311351047809e-13,1.3049518334407734e-14,0.9999474287033081,3.057536801520655e-08,5.675759226639127e-20,9.528923783364007e-07,3.758026945188675e-10,5.834890730305187e-12,1.224004245159449e-05,4.170132458257073e-17,3.9380731323035434e-05
TCN,43,8433,26,3,class_3,3,class_3,1,0.9999980926513672,6.00073601919604e-10,1.478128694998304e-07,5.194559019039424e-11,0.9999980926513672,2.5055355123981826e-08,1.5751275397584016e-15,1.2543478078441694e-06,1.738237678794441e-11,3.190516947859656e-11,5.009613914808142e-07,1.7823231700741203e-14,1.4646214241409439e-09
TCN,43,8434,26,3,class_3,3,class_3,1,0.968343198299408,2.4052949854080907e-08,1.8420406311392412e-09,3.5813641548892994e-12,0.968343198299408,9.007633252622327e-07,3.976427002884593e-14,0.031655192375183105,7.294290171877549e-11,9.249284281184766e-13,1.0610043510439482e-08,1.4832585845272166e-16,6.95277094564517e-07
TCN,43,8435,26,3,class_3,6,class_6,0,0.9996808767318726,1.459967620576208e-06,1.8665646805970937e-10,2.499791484922298e-08,0.0003159354964736849,7.709500096098054e-07,8.633034608365731e-13,0.9996808767318726,1.772111488662631e-07,7.457860717874354e-12,1.0409820561108063e-07,3.16136107905967e-14,6.642912353527208e-07
TCN,43,8436,26,3,class_3,3,class_3,1,0.9999457597732544,4.4594224146710104e-11,1.8313785817708483e-12,3.209517355859646e-17,0.9999457597732544,5.270308247418143e-05,1.2664413059173883e-19,7.1236502208194e-07,2.1813535136180895e-13,9.454493665825986e-14,4.38538137359501e-07,7.655532580940507e-18,3.849927452392876e-07
TCN,43,8437,26,3,class_3,6,class_6,0,0.9999686479568481,8.352579072834487e-09,1.0276154249365052e-13,1.6961621994091014e-13,1.6886774645286096e-08,3.13587297569029e-05,2.4392687724545605e-18,0.9999686479568481,1.0041926049581657e-15,1.061888148281274e-18,8.426541582562397e-12,1.392190087459637e-23,1.4133484819975665e-15
TCN,43,8438,26,3,class_3,6,class_6,0,0.9918238520622253,0.007845818065106869,1.3887219519682133e-15,3.5692314988983176e-14,1.4982201590463262e-10,0.00033033531508408487,3.686386751521798e-19,0.9918238520622253,1.3636530449200862e-18,1.155794654501969e-19,3.182227227495511e-14,1.888547451573685e-27,1.6469891846918296e-18
TCN,43,8439,26,3,class_3,3,class_3,1,0.7613674402236938,0.00034867480280809104,1.079319189578598e-09,4.410721032854781e-08,0.7613674402236938,8.254190220213786e-07,1.2752440162883127e-13,0.23662348091602325,4.377014306555793e-08,7.851322925134241e-10,2.7733742058444477e-07,5.647867461525905e-16,0.0016592438332736492
TCN,43,8440,26,4,class_4,3,class_3,0,0.9758483171463013,0.0006709145964123309,2.839315357050509e-06,5.8409899139633126e-08,0.9758483171463013,0.016326509416103363,4.2697476665409795e-09,0.00496439216658473,1.4132541537037469e-06,1.256351083611662e-06,0.001291331835091114,4.597822567120602e-09,0.0008929686737246811
TCN,43,8441,26,4,class_4,0,class_0,0,0.9999992847442627,0.9999992847442627,2.0740634416090836e-13,9.223173613737146e-11,1.7299064723976658e-17,6.972887263145822e-07,2.7937577251613277e-10,1.9623972501110537e-15,3.286419013919721e-17,7.56160216906776e-13,8.392877626879017e-15,8.99742653644981e-19,2.7007476116613915e-13
TCN,43,8442,26,4,class_4,4,class_4,1,1.0,1.5441615355647502e-18,1.4662998246151027e-11,5.311368920416864e-22,6.854984028331623e-12,1.0,1.0499971394013144e-20,1.7124079931818414e-12,1.171666802139794e-24,1.4347241066840924e-24,3.1345753879323827e-16,4.335578379536714e-28,2.3458012164113828e-22
TCN,43,8443,26,4,class_4,1,class_1,0,0.9999985694885254,1.6264458181369513e-19,0.9999985694885254,2.541426832772352e-24,8.882118998632116e-12,1.401293843628082e-06,1.4304278425877654e-15,1.872115472627972e-13,7.5565270232313055e-19,9.921004741949978e-21,5.961675963126882e-18,1.144578376201434e-20,2.4965638003328447e-23
TCN,43,8444,26,4,class_4,1,class_1,0,0.9999982118606567,5.058801574731454e-16,0.9999982118606567,4.5738054310518396e-23,5.933009075351214e-14,1.734526563268446e-06,1.5236371192495213e-12,4.856208615571997e-14,5.668911928925989e-18,3.69466586578804e-16,3.9450120253858856e-11,2.248418465300439e-14,3.285763556002334e-17
TCN,43,8445,26,4,class_4,4,class_4,1,0.9995947480201721,5.162290408512737e-13,0.000378728931536898,1.285743239808947e-17,3.809679810728994e-06,0.9995947480201721,2.007657495112225e-12,3.588167096779671e-09,3.0980312631538392e-15,1.869415267117397e-13,2.267316813231446e-05,3.104032059598333e-13,5.841097869057829e-14
TCN,43,8446,26,4,class_4,1,class_1,0,0.9994983673095703,4.850529222721889e-08,0.9994983673095703,1.77707102505531e-11,3.813743158082028e-12,0.00011934988287976012,0.00037904619239270687,5.609273046047747e-10,1.2798541740299818e-11,2.1647594827811645e-09,4.739317205348925e-07,2.744080120464787e-06,1.0560459451358639e-10
TCN,43,8447,26,4,class_4,1,class_1,0,0.9998736381530762,6.320608099408265e-13,0.9998736381530762,4.508242864510368e-17,1.1422812374792374e-19,0.00011757639731513336,8.710906513442751e-06,5.0680711183304084e-08,4.553226538543681e-19,7.685832120751541e-15,1.249762893542651e-14,3.0961512602925185e-17,5.817149537133519e-15
TCN,43,8448,26,4,class_4,4,class_4,1,0.9930379986763,4.2313381243275217e-08,0.006952198687940836,5.154718318856055e-10,3.594559245811979e-07,0.9930379986763,3.4329975733271567e-06,6.047463102731854e-06,1.3793150649421548e-11,4.719491117355368e-11,7.952966285529328e-09,3.6677580417254774e-10,5.273140864930914e-12
TCN,43,8449,26,4,class_4,0,class_0,0,0.999909520149231,0.999909520149231,6.177606906021538e-07,3.977114465669729e-05,9.082852803210528e-10,1.0446815394971054e-05,3.8337264413712546e-05,5.06662667376645e-09,9.185085581009389e-09,3.789022002820275e-07,7.134687507459603e-08,1.4998561281842626e-09,7.945854463287105e-07
TCN,43,8450,26,4,class_4,4,class_4,1,0.9836614727973938,1.610992148926016e-05,0.0018975773127749562,4.464016378769031e-10,0.01290796883404255,0.9836614727973938,6.085171122549582e-08,0.0015098033472895622,4.614240101119549e-10,4.872913628162223e-09,6.926768946868833e-06,1.995694054457431e-09,5.6012627425161554e-08
TCN,43,8451,26,4,class_4,1,class_1,0,0.9955358505249023,1.2033275309346336e-13,0.9955358505249023,1.454002260916497e-18,4.472938339161736e-11,0.004464105702936649,1.2056029785600941e-11,3.15369085013284e-11,3.493576224012092e-18,5.701464741812842e-15,2.944254215431208e-11,2.971236571938738e-15,1.06342587704001e-18
TCN,43,8452,26,4,class_4,4,class_4,1,0.8055832982063293,0.16756577789783478,0.0179398525506258,0.0021797085646539927,0.0007520359358750284,0.8055832982063293,0.0011999772395938635,0.00032862761872820556,2.3399925339617766e-06,0.000264211354078725,0.004154843278229237,6.131999725766946e-06,2.324513297935482e-05
TCN,43,8453,26,4,class_4,4,class_4,1,0.9997109770774841,0.0002634243865031749,6.05305785938981e-06,1.2212507449760324e-08,4.214719865558436e-06,0.9997109770774841,1.3427687406419864e-08,1.472041640226962e-05,3.868490250358292e-11,3.0042335197322245e-07,2.122452542607789e-07,1.5449468093731156e-10,1.559889462043884e-08
TCN,43,8454,26,4,class_4,4,class_4,1,1.0,1.5588397239696405e-10,7.699207382749762e-10,2.01480699020594e-15,2.1466000532655016e-08,1.0,3.431215272846344e-14,1.4158990424562035e-08,1.8691645453650096e-16,6.715353777610525e-14,1.4734713449371384e-11,1.0741410092588994e-16,9.732795658008806e-15
TCN,43,8455,26,4,class_4,4,class_4,1,0.9623039960861206,2.7848898298543645e-08,0.03762996941804886,4.3990505682600656e-11,3.2609534628136316e-06,0.9623039960861206,3.291182508746715e-07,3.861777440761216e-05,2.262577764033935e-10,2.1707400321702153e-09,2.37365147768287e-05,2.4942652387949238e-08,1.85072415725962e-10
TCN,43,8456,26,4,class_4,4,class_4,1,0.9999990463256836,9.077098184206989e-07,3.0715388565916157e-10,1.0101631284451244e-15,1.5043223333677247e-09,0.9999990463256836,3.892799101188997e-14,1.2438020391414284e-08,2.2429300094395864e-17,2.0768961569539272e-14,4.271568775776613e-12,1.1024895476422758e-16,1.5328353964602312e-15
TCN,43,8457,26,4,class_4,4,class_4,1,1.0,3.971649059435721e-14,5.480491210049614e-15,6.421393805623134e-21,1.0578890600977317e-13,1.0,2.330505847169646e-21,3.5422070821227586e-14,1.9042113094415788e-26,4.8019427527617275e-20,1.1651097421750818e-18,3.9686523732032455e-28,9.31311601057458e-20
TCN,43,8458,26,4,class_4,4,class_4,1,1.0,3.518921129963201e-14,3.345199280340577e-13,3.390783311447274e-24,7.79494063697303e-14,1.0,2.933130107089898e-20,1.2837029108160678e-14,1.1735097784296166e-24,1.9840172359380329e-22,2.9966828329920475e-18,3.0744153785738184e-24,7.81247248904151e-22
TCN,43,8459,26,4,class_4,4,class_4,1,1.0,5.925022278363556e-11,2.0982893200738317e-09,7.933744264852771e-15,3.105203560949121e-08,1.0,2.1725556534455022e-14,3.540428394899209e-08,1.4957172480412452e-17,9.534794083291588e-15,2.269991703288121e-12,3.1083046528014845e-18,2.373289332934089e-15
TCN,43,8460,26,4,class_4,3,class_3,0,0.7210947871208191,4.9114073810523073e-14,0.00018631599959917367,8.571734371016492e-18,0.7210947871208191,0.028926542028784752,9.618151230905594e-16,2.920853781063215e-08,6.9682731806963716e-12,2.6722719523308847e-11,0.24979236721992493,3.428628561619185e-11,2.993763570380281e-10
TCN,43,8461,26,4,class_4,1,class_1,0,0.9981649518013,6.108827916466719e-25,0.9981649518013,4.9308318067207965e-28,7.274658476349642e-21,4.768261896437309e-10,3.230124079279567e-17,1.5569180692571482e-24,3.014349490162798e-15,1.9333860604481586e-23,0.0018350387690588832,8.172482930465855e-19,1.24613075413138e-26
TCN,43,8462,26,4,class_4,4,class_4,1,0.9959944486618042,5.046554537105341e-14,0.004004974849522114,9.676616885996434e-18,4.619574500708268e-09,0.9959944486618042,1.1956951921632264e-11,1.7957796707990248e-11,2.365107629938323e-16,9.628353742755272e-16,5.828168241350795e-07,2.0283718416913912e-14,9.470757274130975e-18
TCN,43,8463,26,4,class_4,1,class_1,0,0.9998811483383179,5.308435548773138e-12,0.9998811483383179,4.4230786568066893e-13,2.9136246366967544e-12,0.00011676702706608921,1.5993709894246422e-06,6.639258032237194e-09,2.324865560482392e-14,1.9944013107675573e-10,5.296717517921934e-07,2.5439652606706886e-09,1.2744814969004037e-12
TCN,43,8464,26,4,class_4,4,class_4,1,0.9595922827720642,4.558505239948829e-10,1.5921463273116387e-05,2.063620108128106e-12,0.04027474299073219,0.9595922827720642,1.540172156477837e-11,5.0396979531797115e-06,7.094523319511881e-12,3.4155822614678755e-10,0.00011198470747331157,1.933352956895451e-11,2.4171200596612152e-09
TCN,43,8465,26,4,class_4,5,class_5,0,0.9654316902160645,5.374571173888398e-06,4.8614179348760445e-08,1.1155651691296953e-07,5.866007148611143e-18,0.0002175077679567039,0.9654316902160645,0.034345269203186035,4.68162125473022e-20,2.859968511313189e-23,4.1699399495794007e-22,1.285004811031308e-22,5.567472802623482e-22
TCN,43,8466,26,4,class_4,2,class_2,0,0.6598092913627625,0.003121060784906149,0.16702821850776672,0.6598092913627625,0.0009775318903848529,0.06014072149991989,0.10293439030647278,0.0057107312604784966,6.979009299357131e-07,8.671762770973146e-05,0.00018333730986341834,2.0853863134107087e-06,5.175506885279901e-06
TCN,43,8467,26,4,class_4,4,class_4,1,0.9751264452934265,6.759954703738913e-05,0.0013989669969305396,2.1414216462289914e-06,0.01982089877128601,0.9751264452934265,4.134572918701451e-06,0.003065846860408783,1.3929866327089258e-07,2.971250069094822e-06,0.0005031389300711453,3.381642272870522e-07,7.301920049940236e-06
TCN,43,8468,26,4,class_4,4,class_4,1,1.0,5.122522414927055e-13,5.8171722647215596e-12,3.203610335028313e-18,1.0967798225181014e-08,1.0,3.4282382614022943e-18,1.3164369150331368e-08,2.9754684258587584e-21,3.3652886794136667e-20,7.068537590440419e-16,7.385866419590957e-24,3.01034870974143e-20
TCN,43,8469,26,4,class_4,0,class_0,0,0.8164225816726685,0.8164225816726685,0.0007633273489773273,8.523725227860268e-07,2.947898369853874e-09,0.18114055693149567,0.0016595411580055952,2.722781289321574e-08,1.6461128016231896e-09,7.67545043345308e-06,3.986394403909799e-06,1.4685474525322206e-06,4.789686869344223e-09
TCN,43,8470,26,4,class_4,4,class_4,1,0.5223791599273682,0.004130644723773003,0.016444602981209755,0.0024951077066361904,0.3201943337917328,0.5223791599273682,0.00039893362554721534,0.06978282332420349,0.0002292957651661709,0.0010156086646020412,0.062076959758996964,8.318206528201699e-05,0.0007693190709687769
TCN,43,8471,26,4,class_4,4,class_4,1,1.0,6.570380044105628e-16,5.855860951217568e-18,2.9780497574176366e-26,1.2047660215117927e-18,1.0,1.5847732803016132e-23,4.353584905381328e-17,1.0084297070559874e-26,2.5261888405396956e-23,5.287081635858755e-18,2.5623130575043297e-30,1.2205696109964608e-23
TCN,43,8472,26,4,class_4,4,class_4,1,1.0,3.7281419271173455e-12,1.8361119962741668e-16,7.809860087900057e-27,1.1342106171883166e-18,1.0,1.451146374615218e-20,2.108027604880151e-18,4.490171127576645e-25,2.967116244273317e-20,5.779157934119249e-21,6.64645920451825e-24,3.8090349494810843e-22
TCN,43,8473,26,4,class_4,4,class_4,1,1.0,1.64435724786525e-36,6.754258598045618e-43,0.0,3.589426016368019e-41,1.0,0.0,2.0318827732709848e-43,0.0,0.0,0.0,0.0,0.0
TCN,43,8474,26,4,class_4,4,class_4,1,1.0,5.84541936762725e-17,1.260059182527502e-16,1.095901901418958e-26,2.283460353727476e-21,1.0,1.0182192472970174e-22,1.0187806646338386e-18,4.4824905086968335e-31,6.710272233901454e-25,2.132554821899101e-22,5.431539226449033e-30,4.1955672899492556e-30
TCN,43,8475,26,4,class_4,4,class_4,1,1.0,6.17674623111312e-18,1.3033520929184306e-09,6.031279618802255e-37,2.7072298818646626e-30,1.0,5.913589727840104e-21,7.395032036676539e-23,1.802105518996198e-36,7.584830918375704e-29,4.161133792742501e-25,1.3236386877038766e-29,4.040634409200694e-35
TCN,43,8476,26,4,class_4,4,class_4,1,1.0,1.1296790326104089e-14,1.2304587416241825e-13,1.0337573585056215e-21,1.9064743273650153e-12,1.0,1.4310654989579848e-19,1.714217553712774e-13,1.1807714994419702e-23,5.851054954310452e-20,1.107253856507675e-15,2.687544658904136e-23,1.0465380865682935e-20
TCN,43,8477,26,4,class_4,4,class_4,1,1.0,5.824331239523417e-09,9.611272281523364e-13,2.463748004777875e-15,1.861387563181771e-12,1.0,4.695692314528929e-16,2.9327224242842176e-12,1.6027655112806335e-20,1.311265617029607e-14,7.539881567676047e-15,7.79702545655758e-21,5.825679582428843e-15
TCN,43,8478,26,4,class_4,4,class_4,1,0.9999997615814209,2.974666131194681e-07,2.116720310141318e-08,7.795343475254832e-17,1.0424980106601978e-12,0.9999997615814209,2.1227788971067696e-10,2.9282166968958023e-12,3.584921100768221e-16,1.2855801221744317e-13,5.626195689889535e-12,1.0714051174032235e-12,2.223118206588329e-17
TCN,43,8479,26,4,class_4,4,class_4,1,0.9997746348381042,1.9581523247325094e-06,0.00018893751257564873,4.3088568824067863e-10,4.3656828911491086e-13,0.9997746348381042,3.4565913665574044e-05,4.0237646548035855e-10,2.156327688022236e-13,1.0984138043568237e-09,2.401115528627429e-09,4.20570411829857e-10,1.0806900079679549e-12
TCN,43,8480,26,5,class_5,5,class_5,1,1.0,6.035598778365031e-17,1.1346202162488758e-13,1.00534772496416e-14,1.4890769839470663e-35,2.5820454937746263e-22,1.0,2.123843132218233e-30,7.549939563628086e-19,1.320836625450693e-18,4.8339069748570784e-26,9.446152887671033e-11,1.0355007127071673e-23
TCN,43,8481,26,5,class_5,1,class_1,0,0.622465193271637,9.501094133668175e-09,0.622465193271637,4.4192746684323936e-11,2.377228737587981e-17,9.234082426701207e-06,0.3775254786014557,3.399154059353232e-14,3.584637080033095e-15,3.055774730476024e-11,1.4529777381255826e-08,4.499418437831082e-08,4.7870083557689035e-17
TCN,43,8482,26,5,class_5,5,class_5,1,1.0,2.0637380693244722e-09,1.907078798875296e-15,4.053829805340933e-15,2.970752744368612e-43,3.125763833730374e-23,1.0,5.232294322957791e-40,1.546655605177805e-25,2.6545958574027758e-21,5.365831877313322e-27,4.792160036623884e-17,2.2585727125219105e-27
TCN,43,8483,26,5,class_5,5,class_5,1,0.9999037981033325,9.620015771361068e-05,1.232590554145832e-13,5.821270987696621e-17,3.4553456700216998e-34,2.2979827049153235e-20,0.9999037981033325,1.5128358764461255e-29,1.6915622504049742e-16,4.760914020874099e-14,5.43326592616291e-26,9.028873839984214e-14,1.3160066144564193e-19
TCN,43,8484,26,5,class_5,5,class_5,1,1.0,2.4986035185324294e-25,1.8967375006772105e-14,1.8410592673041944e-28,0.0,1.239973705713744e-33,1.0,0.0,5.5609823302304346e-37,2.1438439523065137e-29,2.841272766264999e-41,6.826847988597736e-17,2.991729341600476e-38
TCN,43,8485,26,5,class_5,5,class_5,1,1.0,8.287279118016968e-42,3.671401976531021e-43,2.6624670822171524e-44,0.0,0.0,1.0,0.0,0.0,0.0,0.0,7.704338956857844e-42,0.0
TCN,43,8486,26,5,class_5,5,class_5,1,1.0,1.0602322584755724e-28,5.744082417857508e-35,1.696001633061664e-32,0.0,6.011262126291314e-40,1.0,0.0,1.2037714327935909e-40,7.809996861067935e-41,0.0,5.191879092137848e-28,0.0
TCN,43,8487,26,5,class_5,5,class_5,1,0.9706665277481079,8.25773227575155e-08,0.02932490035891533,2.8685109842996326e-10,4.222100290913279e-21,8.072467139186301e-10,0.9706665277481079,1.8650567002686223e-17,7.584894592559035e-15,8.445245891497422e-11,7.021669357065718e-11,8.426666681771167e-06,3.2327375067940916e-16
TCN,43,8488,26,5,class_5,5,class_5,1,1.0,2.6191029836908073e-33,3.9426138985775572e-25,3.4197317498172606e-35,0.0,1.9057659114817512e-43,1.0,0.0,1.1350517561031018e-43,2.5239767549879308e-40,0.0,1.1877187410544575e-24,0.0
TCN,43,8489,26,5,class_5,5,class_5,1,1.0,4.550178664284543e-39,6.794679874015329e-33,2.4287461929105734e-37,0.0,0.0,1.0,0.0,0.0,4.344025239406933e-44,0.0,3.805588023022291e-32,0.0
TCN,43,8490,26,5,class_5,5,class_5,1,1.0,8.699975604389261e-27,0.0,3.918955363238643e-40,0.0,0.0,1.0,0.0,2.802596928649634e-44,8.439286056342211e-35,0.0,3.421372439384998e-37,0.0
TCN,43,8491,26,5,class_5,5,class_5,1,1.0,0.0,0.0,0.0,0.0,0.0,1.0,0.0,0.0,0.0,0.0,1.983453898343919e-40,0.0
TCN,43,8492,26,5,class_5,5,class_5,1,1.0,7.409432850273529e-23,5.050825038997381e-17,3.2441999390522737e-22,0.0,1.5986873551808069e-34,1.0,2.019761541554575e-40,4.2849042738049695e-28,1.261146249378314e-23,7.101868955053364e-37,1.5248760396131193e-15,1.2279379268386324e-25
TCN,43,8493,26,5,class_5,5,class_5,1,1.0,0.0,9.031136487639442e-33,4.922186972802709e-40,0.0,0.0,1.0,0.0,0.0,0.0,0.0,1.9817050681696846e-27,0.0
TCN,43,8494,26,5,class_5,5,class_5,1,1.0,6.061597951254522e-26,2.9340367745894386e-20,1.2555971651127178e-23,0.0,2.9911937700741584e-30,1.0,0.0,5.986945072805777e-30,1.3559010423458105e-30,4.664362068351586e-41,1.615624115691869e-22,1.877739942195255e-42
TCN,43,8495,26,5,class_5,5,class_5,1,1.0,0.0,0.0,0.0,0.0,0.0,1.0,0.0,0.0,0.0,0.0,0.0,0.0
TCN,43,8496,26,5,class_5,5,class_5,1,0.9999969005584717,1.781998298922005e-10,2.2672395516565302e-06,1.0906270678234797e-11,4.930261249974772e-28,4.60202794061714e-16,0.9999969005584717,1.6925141672427075e-23,1.7452665546282855e-17,4.086020801222223e-13,1.9218679941343563e-16,8.013205388124334e-07,5.517824081320729e-19
TCN,43,8497,26,5,class_5,5,class_5,1,1.0,2.7711524065515025e-32,1.0018969341956985e-24,6.523833102747238e-29,0.0,5.2128302872883195e-43,1.0,0.0,1.0347673942985754e-36,3.5018702785387444e-35,0.0,4.883576108815335e-20,0.0
TCN,43,8498,26,5,class_5,5,class_5,1,1.0,5.445025442826942e-41,2.0635494818815351e-35,9.146790736546332e-35,0.0,3.1991643940535574e-42,1.0,0.0,0.0,2.942726775082116e-44,0.0,6.994033250488583e-29,0.0
TCN,43,8499,26,5,class_5,5,class_5,1,1.0,2.0618991922758575e-33,1.6286696389671144e-28,3.212792275698518e-31,0.0,2.1019476964872256e-44,1.0,0.0,5.85908615774011e-38,5.497416866951952e-35,0.0,1.8441249144414214e-27,0.0
TCN,43,8500,26,5,class_5,5,class_5,1,1.0,1.2753498477489993e-24,0.0,5.245414410981544e-34,0.0,0.0,1.0,3.231557382799011e-11,0.0,0.0,0.0,0.0,0.0
TCN,43,8501,26,5,class_5,5,class_5,1,1.0,3.4489309693578033e-29,9.054018511042086e-23,9.558922795104876e-26,0.0,8.830618584574273e-40,1.0,0.0,5.315714942467967e-34,2.0516140942507425e-32,2.802596928649634e-45,3.29004141618291e-20,6.642154720899633e-43
TCN,43,8502,26,5,class_5,5,class_5,1,1.0,0.0,0.0,0.0,0.0,0.0,1.0,0.0,0.0,0.0,0.0,1.4086552812625224e-40,0.0
TCN,43,8503,26,5,class_5,5,class_5,1,1.0,6.00095331499545e-14,1.5922423102221472e-11,4.275438683642996e-11,2.4486431299380067e-31,6.191510474469002e-19,1.0,1.393852354205001e-26,7.189827414531315e-16,2.6143243106574432e-16,7.874437323820004e-22,7.174544291999041e-11,6.804429077891833e-19
TCN,43,8504,26,5,class_5,5,class_5,1,1.0,2.2720793430409016e-40,1.4836647414211645e-24,3.5884171980617373e-35,0.0,4.893096016683326e-40,1.0,0.0,1.7208147825718634e-36,2.0187105677063315e-41,0.0,1.1872403576577306e-21,0.0
TCN,43,8505,26,5,class_5,5,class_5,1,1.0,4.460826618008919e-31,8.212741256291167e-29,7.663982925703365e-33,0.0,4.6004628583783744e-42,1.0,0.0,2.1814013194144427e-41,1.2386077126167058e-41,0.0,4.469629682642756e-25,0.0
TCN,43,8506,26,5,class_5,5,class_5,1,1.0,1.9868149360608912e-19,4.686733053201213e-21,2.0219270366639962e-17,0.0,1.5645802274664973e-28,1.0,5.043614058574642e-36,7.5008447246196225e-28,2.3348180480229535e-24,2.1301698475587274e-39,1.5117321264447619e-18,2.4214120152497956e-28
TCN,43,8507,26,5,class_5,5,class_5,1,1.0,5.006423819668753e-22,1.4912136827448046e-21,8.305510207705844e-25,0.0,1.2077220801026236e-30,1.0,0.0,1.192178441189271e-28,7.928059921561568e-29,2.8085076055721562e-39,8.44602525178497e-18,4.6996187377139985e-40
TCN,43,8508,26,5,class_5,5,class_5,1,1.0,0.0,4.0037899722688673e-41,0.0,0.0,0.0,1.0,0.0,0.0,0.0,0.0,0.0,0.0
TCN,43,8509,26,5,class_5,5,class_5,1,1.0,5.880764430402066e-22,8.616777664092454e-19,1.9555881441539785e-18,0.0,4.863481602719997e-34,1.0,2.4299916669856653e-40,1.9584979975258073e-27,2.2507506401892702e-23,1.570746979446589e-34,4.639286802384489e-16,1.4463884104883803e-27
TCN,43,8510,26,5,class_5,5,class_5,1,1.0,2.700084479866056e-36,4.0124150385883136e-29,1.5148558964848356e-32,0.0,2.965147550511313e-42,1.0,0.0,0.0,2.188758136352148e-40,0.0,9.689690202766462e-27,0.0
TCN,43,8511,26,5,class_5,5,class_5,1,1.0,1.3672446904367517e-15,2.488846649796204e-15,1.2085948561391113e-12,3.935975814646025e-38,1.0612864260528755e-24,1.0,8.369084110260914e-33,5.128248068997548e-18,4.399592732410558e-19,3.1112458397762934e-26,6.5371549319570565e-12,1.2498912552991637e-23
TCN,43,8512,26,5,class_5,5,class_5,1,1.0,2.743698534834289e-17,7.125161639566793e-19,9.91200975863364e-22,0.0,9.157730448681945e-25,1.0,1.3736928845776182e-41,2.7383353894007003e-24,3.021699827468515e-23,2.1196968168720493e-32,1.4245794824276244e-14,1.5120089042684417e-33
TCN,43,8513,26,5,class_5,5,class_5,1,1.0,2.2770443854673453e-18,2.2226036539252066e-15,1.3308111394567251e-13,1.4341119698146791e-38,7.010158002844061e-24,1.0,1.4153877685701614e-32,4.363419332585919e-21,5.291671379157857e-22,1.2896184833872371e-27,1.4769967611157411e-15,1.0969224131778899e-26
TCN,43,8514,26,5,class_5,5,class_5,1,1.0,0.0,0.0,0.0,0.0,0.0,1.0,0.0,0.0,0.0,0.0,0.0,0.0
TCN,43,8515,26,5,class_5,5,class_5,1,1.0,1.421337032364662e-41,8.805015639250382e-34,3.3644615609053128e-40,0.0,0.0,1.0,0.0,0.0,0.0,0.0,7.347770961967524e-36,0.0
TCN,43,8516,26,5,class_5,5,class_5,1,0.9999972581863403,1.3676110022231569e-08,2.568404624980758e-06,4.6387622631982595e-08,7.246736122355862e-20,7.675751700908506e-11,0.9999972581863403,2.1024713293080556e-19,5.439196236288598e-15,1.2805913274238634e-10,4.27587720547469e-14,2.4908386464517207e-08,4.626098694817159e-20
TCN,43,8517,26,5,class_5,5,class_5,1,1.0,1.6815581571897805e-44,4.2022138348172614e-40,2.1595592802510118e-39,0.0,0.0,1.0,0.0,0.0,0.0,0.0,1.7735163624867372e-29,0.0
TCN,43,8518,26,5,class_5,5,class_5,1,1.0,1.5480788828141468e-24,2.0807032960068984e-19,1.304105602681342e-24,0.0,6.991777124670056e-26,1.0,8.409472344106092e-41,1.5187406572849952e-29,1.5927761307418181e-27,3.198594065578577e-39,6.7682002478930154e-15,6.860590112032704e-36
TCN,43,8519,26,5,class_5,5,class_5,1,1.0,3.489754589477207e-24,4.2418424102602774e-19,1.0022458237082506e-22,0.0,3.667870504879812e-28,1.0,0.0,9.346599409128233e-29,2.376761736901608e-28,2.135500667176712e-38,1.853213546048921e-21,1.2001280567863463e-40
TCN,43,8520,26,6,class_6,6,class_6,1,0.9999567270278931,4.327778879087418e-05,8.310624984600071e-27,1.256578798262617e-14,1.2287774057926978e-21,4.814506851415672e-25,5.397254194727978e-27,0.9999567270278931,4.58026415695638e-17,3.7901601459700126e-21,6.616805414789932e-30,6.752836683229871e-33,5.7243499871695994e-18
TCN,43,8521,26,6,class_6,6,class_6,1,1.0,4.259255274863261e-12,5.143716519424206e-29,5.289443517632377e-25,2.686530183780022e-23,8.496564430341321e-26,5.923241977649405e-32,1.0,1.231881727734057e-28,9.994203433967994e-31,1.051306572550982e-37,1.1375740933388865e-41,2.886029872380704e-25
TCN,43,8522,26,6,class_6,6,class_6,1,0.9999995231628418,4.3884162437279883e-07,3.364543375690125e-27,4.0472077944035274e-18,5.5213279990084575e-21,5.668124165054919e-24,3.597405783780787e-28,0.9999995231628418,5.793350705531782e-20,3.120328266549039e-24,5.244959402832279e-31,1.305999478525005e-35,6.580952276737796e-19
TCN,43,8523,26,6,class_6,6,class_6,1,0.9999997615814209,2.2397432530851802e-07,4.2101553843299713e-23,5.538144807043859e-20,8.097285638607327e-24,6.910550534368705e-20,3.51374116254752e-26,0.9999997615814209,1.893275638861291e-24,3.432663148044552e-24,1.5195037129859106e-31,1.3504631033578348e-33,6.572361184146478e-23
TCN,43,8524,26,6,class_6,0,class_0,0,0.9998449087142944,0.9998449087142944,5.102350315485587e-22,4.096044250306852e-12,1.567390453838207e-20,1.7508615629325635e-18,1.1991078548981307e-21,0.00015512491518165916,3.733538259145459e-17,3.8093655026476466e-19,8.03538766767916e-24,2.091615049349196e-28,1.482172992691302e-17
TCN,43,8525,26,6,class_6,3,class_3,0,0.9752947688102722,3.784494037972763e-05,0.0002847366558853537,4.730071623271215e-07,0.9752947688102722,0.00033399686799384654,9.886372609457794e-09,0.0020150253549218178,8.589855724494555e-07,8.171359513653442e-05,0.021785331889986992,1.4367312815011246e-06,0.0001638445392018184
TCN,43,8526,26,6,class_6,0,class_0,0,0.9671457409858704,0.9671457409858704,3.069327422950369e-24,8.122631798938851e-13,5.633859695813805e-27,1.4949317545850668e-21,6.8409184466435e-25,0.03285428509116173,6.994246348957439e-20,5.965538124336855e-21,5.0457447640797806e-29,6.61934901411843e-33,2.0983229539126168e-21
TCN,43,8527,26,6,class_6,0,class_0,0,0.9998713731765747,0.9998713731765747,1.6116316717178837e-21,2.723643251038854e-13,1.698829655121275e-21,3.8577453838207067e-16,6.408570941028526e-23,0.00012857679394073784,6.296334436762773e-21,1.6548749818146332e-20,4.565346633337336e-23,2.2935777926492847e-31,9.41202096244178e-20
TCN,43,8528,26,6,class_6,0,class_0,0,0.9745067954063416,0.9745067954063416,1.1757868983997e-11,3.124577219182356e-08,1.6089530845420086e-06,3.458343889040094e-10,6.174437182241213e-14,0.02549097128212452,8.970004738984017e-10,2.9738825985115014e-11,1.785142346444335e-11,1.0263264129767005e-18,6.469932145591883e-07
TCN,43,8529,26,6,class_6,6,class_6,1,1.0,1.1696806717642616e-11,2.2296893485529406e-27,3.706623725207908e-19,1.1388704577397066e-27,3.028951190290367e-28,3.2944453576710424e-30,1.0,7.266208652716796e-22,2.3496176371184206e-21,2.9380783205539313e-36,7.322850056990922e-33,3.2077005440362734e-22
TCN,43,8530,26,6,class_6,3,class_3,0,0.997068464756012,8.945012837102695e-07,2.1103405134503816e-10,1.1090088847254265e-09,0.997068464756012,4.210156703265966e-07,8.742596354976637e-14,0.0029287838842719793,9.447341797752529e-10,1.3992512010174707e-11,7.264414136898267e-08,5.223047086555575e-16,1.3084085139780655e-06
TCN,43,8531,26,6,class_6,6,class_6,1,1.0,2.391714546779799e-20,7.876728783555353e-35,1.1477909611776802e-32,4.6128754480714865e-36,5.282615399227204e-37,3.5196273398599998e-40,1.0,8.731971118240056e-32,5.444075366952285e-35,0.0,0.0,4.549668218828699e-27
TCN,43,8532,26,6,class_6,6,class_6,1,1.0,3.5357426621945853e-13,6.583533319904596e-29,3.3168754732016784e-17,6.270246521143758e-37,3.5848051932034733e-35,4.191244209640067e-32,1.0,4.206363132743348e-25,2.062060065706889e-22,5.605193857299268e-45,5.084097481525884e-38,2.4231344283250996e-25
TCN,43,8533,26,6,class_6,6,class_6,1,1.0,3.262266758813359e-12,2.6519408812319285e-31,1.74741635568128e-18,4.0281194926520225e-29,3.7942239313857164e-32,1.4246940104088276e-32,1.0,1.2440024875277794e-23,9.045961061104255e-26,5.206244184505993e-41,1.3836981556128974e-39,8.779934114334156e-25
TCN,43,8534,26,6,class_6,6,class_6,1,1.0,1.9408653632263003e-18,6.674791932790168e-23,8.12312004439241e-24,5.666417483070774e-17,8.559595710400365e-22,8.430346952919004e-26,1.0,1.5155592437025173e-27,1.6324194245688364e-29,6.030825553258263e-35,6.417472094584072e-37,4.409970254416726e-22
TCN,43,8535,26,6,class_6,6,class_6,1,1.0,6.903393059021906e-14,3.1878568795397996e-35,8.28825021761389e-20,1.0023635461523882e-31,2.993432031338508e-37,1.0595486289649584e-36,1.0,4.8155599807241425e-25,6.034756434138467e-29,0.0,3.2229864679470793e-44,4.852969829446623e-28
TCN,43,8536,26,6,class_6,6,class_6,1,0.9999998807907104,1.1950095313295606e-07,1.8944372920110113e-26,3.836225453004527e-17,3.1818043483542064e-21,4.027454883136423e-23,6.767845417435562e-28,0.9999998807907104,1.172187124537686e-21,5.945948748529729e-24,1.0863595294254235e-30,7.174821763827987e-36,1.7271683055297804e-20
TCN,43,8537,26,6,class_6,0,class_0,0,0.999772846698761,0.999772846698761,1.8515405425897262e-15,7.988930519786663e-06,4.488256120926959e-12,4.321365834614177e-11,5.169491628520409e-15,0.00021912353986408561,8.426885925172378e-12,7.690842862735636e-13,5.7481400688548165e-15,2.848775779185389e-20,3.6424094534796836e-13
TCN,43,8538,26,6,class_6,6,class_6,1,1.0,3.378886148652782e-08,2.5326595066274355e-26,4.67904881592144e-22,4.39602925206417e-22,4.2481655426427785e-23,1.4241800548912893e-29,1.0,7.101258076065506e-26,1.1896174984384453e-26,7.015824156867587e-33,9.267490196409106e-38,3.227782039675069e-22
TCN,43,8539,26,6,class_6,0,class_0,0,0.9999991655349731,0.9999991655349731,7.35164721124428e-25,1.601870719403209e-10,7.711924547260824e-26,1.518733442522238e-22,2.5941446321312355e-24,8.785190175331081e-07,5.322015033784041e-21,6.982646756453517e-21,7.810587072287284e-30,2.8466438292556606e-32,7.527979206795543e-22
TCN,43,8540,26,6,class_6,6,class_6,1,1.0,1.3773781587363227e-32,5.418549690795171e-35,2.3787317458564234e-34,5.09927585447634e-27,7.499440871196515e-36,1.8356729622962239e-40,1.0,1.0038523847837622e-39,3.1881941328438055e-37,8.828180325246348e-44,0.0,2.947308491033327e-34
TCN,43,8541,26,6,class_6,6,class_6,1,1.0,7.549833647146897e-09,1.3942590063444147e-15,1.1193598131731264e-11,1.9536630091465668e-08,1.2309147841629842e-12,1.1537881790337114e-16,1.0,5.326100481874499e-14,3.927406812697166e-18,2.953397453814125e-19,4.656592912066802e-23,8.245615995550182e-12
TCN,43,8542,26,6,class_6,6,class_6,1,0.9999998807907104,2.0942239942201013e-08,3.490600079866915e-20,2.0927595029122147e-22,2.3506796509309424e-10,3.934016845619226e-08,2.715241486400355e-25,0.9999998807907104,9.851611317622989e-24,1.7562846671623586e-25,1.0707997422599035e-21,1.8247215338203677e-33,3.4723803928996686e-19
TCN,43,8543,26,6,class_6,6,class_6,1,1.0,2.4685735954659738e-23,1.4695232696600329e-36,2.4757898648205293e-29,5.385301673376952e-31,9.403237284826558e-31,7.362858215644687e-38,1.0,1.3967514413846742e-36,6.169524774852159e-38,0.0,0.0,5.606435482574545e-30
TCN,43,8544,26,6,class_6,3,class_3,0,0.9998636245727539,2.0308776361999126e-12,3.102888023018453e-14,4.0812825666779184e-15,0.9998636245727539,2.5004297299346945e-08,9.205120214528452e-19,0.00013630940520670265,3.358479198412902e-14,6.096512226324538e-16,2.381523311889566e-10,2.0135897708252097e-20,2.8669413509874175e-09
TCN,43,8545,26,6,class_6,6,class_6,1,1.0,4.318172972485688e-17,3.998013627798966e-26,1.4407372880754219e-21,4.938164859365006e-20,7.03724890627898e-23,3.495303089261584e-28,1.0,4.578487064144532e-25,3.3174371996251034e-29,4.6657035302504455e-35,6.63018247523595e-37,3.316511031701539e-23
TCN,43,8546,26,6,class_6,3,class_3,0,0.9999969005584717,5.340852322980585e-15,6.105904001912241e-19,2.4779856072599586e-20,0.9999969005584717,3.853837693412743e-09,6.08535388111767e-25,3.097554554187809e-06,6.164413071577531e-19,6.25033402624784e-22,9.32380622294354e-16,1.0660369872538312e-27,1.3039646673627253e-13
TCN,43,8547,26,6,class_6,6,class_6,1,1.0,5.359626508106237e-22,7.135440120202111e-35,4.989954004153596e-28,2.99093309244692e-29,2.9583633413302687e-31,2.824057018693241e-36,1.0,5.18365347861186e-33,7.230457483125912e-37,0.0,0.0,7.029040939273021e-30
TCN,43,8548,26,6,class_6,3,class_3,0,1.0,2.7131317627458415e-16,2.84633436408604e-15,2.1193288178274888e-21,1.0,3.046199292811025e-09,5.095200127572318e-24,3.3588846981569276e-11,1.8475158655408474e-15,1.9682165782169275e-15,1.3167702483940502e-09,1.230352372219283e-18,5.848280887343904e-11
TCN,43,8549,26,6,class_6,6,class_6,1,1.0,5.400935232900694e-13,2.1253349144590284e-22,1.1491103072336015e-16,1.265190751643941e-13,2.438757988426309e-19,5.2514896445451575e-23,1.0,1.739110428355482e-18,1.835314083850177e-23,3.950182464295329e-27,6.240607725916612e-30,5.3201226209646346e-17
TCN,43,8550,26,6,class_6,3,class_3,0,1.0,3.77928126688652e-20,1.7965885983329836e-19,3.2583618855671634e-23,1.0,2.914362544695348e-14,4.076240838427793e-28,1.3242790111028802e-12,3.115091424158238e-20,5.8828229156025855e-24,2.9506753368350625e-17,2.0496569225441206e-26,6.52157725236874e-19
TCN,43,8551,26,6,class_6,6,class_6,1,1.0,7.856299638620001e-11,2.124544954146763e-18,1.397945751128657e-13,7.042139094082245e-11,1.2861167853091531e-14,5.937529578769482e-20,1.0,2.8299076291468105e-17,3.982375836915239e-21,4.82496359714483e-22,4.8114029649394e-28,8.090469924050287e-15
TCN,43,8552,26,6,class_6,3,class_3,0,0.9999923706054688,5.1687838037439704e-11,2.3557872319557305e-10,2.330491892131234e-14,0.9999923706054688,5.012584551877808e-06,9.580473087829355e-16,2.5756380637176335e-06,2.8658501895380273e-13,3.905515234131629e-13,3.0314208032677925e-08,1.266604470808732e-15,1.5459942354079104e-11
TCN,43,8553,26,6,class_6,6,class_6,1,1.0,2.7913927111324337e-34,0.0,1.1434903754552659e-39,0.0,0.0,0.0,1.0,0.0,0.0,0.0,0.0,0.0
TCN,43,8554,26,6,class_6,6,class_6,1,0.9999973773956299,2.461094709360623e-06,7.642953618895634e-15,5.120660433221083e-14,1.3794270614653215e-07,1.0529277449933261e-10,2.3593075387447745e-17,0.9999973773956299,1.905437672539991e-15,4.9195829086484924e-17,1.4771443301370206e-16,4.818818469300771e-25,3.1367519692793167e-11
TCN,43,8555,26,6,class_6,6,class_6,1,1.0,9.149431127365374e-30,1.821688003622262e-43,1.7289325550224417e-38,2.0302663821558405e-32,2.593571062719955e-33,5.605193857299268e-45,1.0,0.0,0.0,0.0,0.0,4.207959158520993e-41
TCN,43,8556,26,6,class_6,3,class_3,0,1.0,6.117289152639644e-30,3.6804621077448394e-25,2.2831206556879886e-36,1.0,1.8526306276707282e-17,2.0801266768007596e-39,2.75120271735137e-17,1.6622245145350656e-28,1.961185488506533e-31,1.1626426080929956e-23,3.295142549982671e-34,1.7645811232190248e-22
TCN,43,8557,26,6,class_6,9,class_9,0,0.9999686479568481,6.839537616820657e-13,3.2118943060766014e-09,1.855273543843218e-14,1.938534842338413e-05,4.674334877496911e-11,3.243052788176679e-18,7.135190441959205e-12,1.2800072113350325e-07,6.899677373439772e-06,0.9999686479568481,1.2099964585843281e-08,4.963583251083037e-06
TCN,43,8558,26,6,class_6,6,class_6,1,1.0,4.644318072212061e-15,2.6118137828942926e-30,6.792667315780637e-23,1.2034000660161e-21,1.283006610581165e-23,3.985089243002319e-32,1.0,2.792061325648251e-28,5.630562692204269e-32,4.4177321933838925e-37,0.0,1.0208477791648681e-23
TCN,43,8559,26,6,class_6,6,class_6,1,1.0,2.175783854826166e-16,2.0249572034579917e-20,2.4067807369086575e-19,1.6870174961852724e-12,1.1138355043399104e-18,1.844333572341676e-22,1.0,3.9757602499400187e-20,1.3098610987136765e-21,3.502327023176312e-26,8.65301280417895e-26,1.7954011893731373e-14
TCN,43,8560,26,7,class_7,3,class_3,0,0.868245005607605,0.0893196314573288,1.3902857745051733e-06,1.5461333759958507e-06,0.868245005607605,0.00021846876188647002,3.402575643463024e-08,0.005418169312179089,9.213545126840472e-05,0.0037430315278470516,0.0025781209114938974,7.219224789878353e-05,0.03031039796769619
TCN,43,8561,26,7,class_7,8,class_8,0,0.5689988136291504,3.139580257993657e-07,2.8746401092849538e-11,3.765635230354935e-22,0.0016061443602666259,4.2651812691474333e-05,8.615984992421081e-20,4.559596700204338e-09,6.5403737113667315e-12,0.5689988136291504,0.4293520152568817,3.177453322678048e-08,1.3378305130373747e-09
TCN,43,8562,26,7,class_7,8,class_8,0,0.6563352346420288,0.0005286785890348256,1.0933207228447372e-08,1.7424220790250626e-16,0.00024073543318081647,0.24998459219932556,4.142207274881668e-14,1.7842569377535256e-06,6.28571569794012e-11,0.6563352346420288,0.09290897101163864,5.802784919239912e-09,2.365825313432879e-09
TCN,43,8563,26,7,class_7,8,class_8,0,0.5221235752105713,0.00024202442727982998,1.7768682358809684e-10,7.573899780648874e-18,0.4334050416946411,0.0005424335249699652,3.8737333953979276e-16,1.4854061191726942e-05,1.5049808066436299e-09,0.5221235752105713,0.043520793318748474,0.0001511653244961053,1.5358016014488385e-07
TCN,43,8564,26,7,class_7,8,class_8,0,0.9452200531959534,0.00014434754848480225,9.38068023259575e-09,2.5466680847463508e-11,4.6020675654290244e-05,8.71239251409861e-07,8.424998476641576e-10,1.880167133094801e-08,3.6368237488204613e-06,0.9452200531959534,3.430556535022333e-05,0.054549526423215866,1.137330400524661e-06
TCN,43,8565,26,7,class_7,3,class_3,0,0.9999690055847168,1.9271933007769526e-11,1.8720840985276058e-14,2.0783225668063942e-19,0.9999690055847168,6.107182537462563e-10,1.0281089755847197e-22,3.084496347582899e-05,2.861930866447128e-14,1.6718996187492507e-09,2.9577180704620787e-09,1.820195883235789e-17,1.1143384170964055e-07
TCN,43,8566,26,7,class_7,3,class_3,0,0.9998908042907715,6.739270247635432e-06,1.2353872536497584e-13,1.4695522944214415e-15,0.9998908042907715,1.7426264597997232e-10,5.234612990578088e-17,1.8668341681404854e-06,2.0926151478306565e-07,1.006381040724591e-07,1.1433209934352817e-08,1.5313630683522206e-06,9.869220957625657e-05
TCN,43,8567,26,7,class_7,8,class_8,0,0.49442580342292786,0.00039204407949000597,5.846725616720505e-05,1.5538368118225843e-13,0.22608856856822968,0.0007127920398488641,2.4289067979132994e-10,0.00016607441648375243,0.0004556960193440318,0.49442580342292786,0.006791336927562952,0.27023258805274963,0.0006766791921108961
TCN,43,8568,26,7,class_7,3,class_3,0,0.946200966835022,0.01605278067290783,1.4329444297800364e-07,8.67934879522636e-09,0.946200966835022,0.0009332880727015436,4.9984724692642146e-11,0.03648548945784569,4.371926110025015e-08,7.026871116977418e-06,0.00016339127614628524,5.9403237884225746e-09,0.0001569254818605259
TCN,43,8569,26,7,class_7,3,class_3,0,0.9997802376747131,4.3537398686233075e-10,4.069676887152873e-12,1.54714286820032e-16,0.9997802376747131,1.2446824682044166e-09,3.8405910537836405e-19,0.0002196710411226377,1.4443730933511034e-11,3.0100366643637244e-09,2.097048090732301e-09,2.1924568619478314e-14,1.1805305177858827e-07
TCN,43,8570,26,7,class_7,10,class_10,0,1.0,2.9403096147542035e-21,2.1084952927984883e-17,4.05570114163644e-30,4.032679855869136e-17,3.958005714742427e-22,2.175651713100954e-23,4.159017307437556e-28,2.7860783902156072e-08,1.8206814528243243e-11,2.1754501344328596e-14,1.0,5.847548160877625e-21
TCN,43,8571,26,7,class_7,8,class_8,0,0.6430597901344299,4.1108368264985984e-08,1.2959910380104522e-13,1.2477329634169152e-22,0.3231269121170044,4.5465515796649925e-08,2.62178332057874e-23,3.173149298874023e-09,8.311078214529033e-11,0.6430597901344299,0.03381318971514702,1.2148321459903855e-08,8.091151748601533e-09
TCN,43,8572,26,7,class_7,3,class_3,0,0.8972486257553101,0.019772958010435104,0.000351981318090111,2.2262731818045722e-06,0.8972486257553101,0.0003010420477949083,1.7865268091554753e-06,0.006771624553948641,0.010230018757283688,0.046354278922080994,8.172634261427447e-05,0.012823867611587048,0.0060598282143473625
TCN,43,8573,26,7,class_7,3,class_3,0,0.9902529716491699,3.7586974940495566e-05,9.98194173007505e-06,3.3577425562203445e-11,0.9902529716491699,0.00022806841298006475,1.1045518666374932e-10,0.009407625533640385,2.1627324997552932e-07,4.169817839283496e-05,6.226252025953727e-06,8.833217179926578e-08,1.5636249372619204e-05
TCN,43,8574,26,7,class_7,3,class_3,0,0.9995354413986206,5.3565209157113713e-08,1.1121642495837136e-09,1.963225013058758e-14,0.9995354413986206,3.1599768135492923e-06,7.582398068826121e-16,0.00045626555220223963,6.370996785687311e-11,1.2831502260723937e-07,4.554091447062092e-06,2.845571174525663e-11,5.160114824320772e-07
TCN,43,8575,26,7,class_7,10,class_10,0,0.9977501034736633,2.6133977794329244e-12,1.6248548323884518e-15,5.405614464023568e-28,0.0018227556720376015,4.499700959059716e-12,1.3177195423165166e-25,8.88334736983563e-17,0.00042677493183873594,4.036044174426934e-07,9.256975630478337e-09,0.9977501034736633,1.399915990421552e-12
TCN,43,8576,26,7,class_7,10,class_10,0,1.0,2.92860211704061e-35,3.0736273435614303e-33,5.47711517765998e-41,1.9488269580365216e-32,1.3922663670470422e-37,1.3882385326764706e-33,0.0,2.518345503920577e-13,1.5029013118102052e-24,3.5865507413331747e-23,1.0,6.452898623741136e-36
TCN,43,8577,26,7,class_7,0,class_0,0,0.6387959122657776,0.6387959122657776,3.0206606993488094e-08,1.1534260693224496e-06,0.29981210827827454,0.0001403675996698439,1.3725837133549135e-09,0.008373874239623547,7.841837941668928e-06,0.001009480212815106,0.0009938247967511415,1.1309075489407405e-06,0.050864312797784805
TCN,43,8578,26,7,class_7,8,class_8,0,0.9999117851257324,1.4195833397678825e-09,3.268036611724784e-13,1.1579930937749818e-18,9.945836472111114e-13,1.82913975632637e-10,6.186211617834406e-14,2.04281202364198e-17,3.3260230125620183e-09,0.9999117851257324,4.033965524286032e-06,8.410341251874343e-05,1.0126719341557733e-14
TCN,43,8579,26,7,class_7,8,class_8,0,0.9665871858596802,2.526935531932395e-07,9.069101372660704e-12,1.1004573054979371e-18,1.1769774488357143e-08,6.290532184038966e-08,6.871096539776047e-15,1.318707106403097e-13,3.6710549267127135e-08,0.9665871858596802,0.002030144212767482,0.03138227388262749,5.649008821481671e-13
TCN,43,8580,26,7,class_7,3,class_3,0,0.9990416169166565,0.0004016718303319067,1.0322274146545851e-09,3.3127001575899984e-12,0.9990416169166565,6.1005041061434895e-05,4.031465170918104e-14,0.00048238926683552563,2.6004152164915695e-09,3.617517222664901e-06,9.604633305571042e-06,6.11778683268227e-10,3.938050952001504e-08
TCN,43,8581,26,7,class_7,7,class_7,1,0.9939244389533997,8.978920959634706e-05,2.061045607243517e-18,3.7594846396491076e-22,0.0002558364358264953,1.2022456157511057e-14,1.7627313863912445e-25,6.9772539085060075e-15,0.9939244389533997,0.0031601479277014732,0.001719936029985547,0.0007493621669709682,0.00010041425412055105
TCN,43,8582,26,7,class_7,3,class_3,0,1.0,1.7263472595896445e-10,1.1800836095771739e-21,6.976936678890585e-26,1.0,4.077203256003942e-14,2.794588290180033e-27,2.5776891472012453e-12,4.670936415429594e-10,4.010508591889561e-11,5.784027160764087e-15,6.188699292614119e-12,2.7321478413000477e-09
TCN,43,8583,26,7,class_7,0,class_0,0,0.9611926674842834,0.9611926674842834,1.0341613633155222e-12,9.756191410303927e-10,0.0002429326414130628,2.0082284208911005e-06,3.2109991748852096e-13,5.298488190419448e-07,3.219858626835048e-05,0.03184211626648903,0.00661267526447773,1.142885892591039e-07,7.469436968676746e-05
TCN,43,8584,26,7,class_7,3,class_3,0,0.9987998008728027,1.5401019481942058e-05,1.4166205986043678e-09,6.718321645532432e-13,0.9987998008728027,1.8573152260614734e-07,5.1144499876518146e-14,5.279177003103541e-06,4.804148829862243e-07,0.0007421295740641654,0.00043387824553065,1.5463648423974519e-06,1.2801563116227044e-06
TCN,43,8585,26,7,class_7,8,class_8,0,0.6599605083465576,2.0518884412012994e-05,2.0172108428084812e-10,7.886194952275161e-13,0.0006759231328032911,3.3321381209816536e-09,3.4628533764416436e-13,5.095183649994617e-11,0.0005777376354672015,0.6599605083465576,6.520582974189892e-05,0.33857282996177673,0.0001272222143597901
TCN,43,8586,26,7,class_7,10,class_10,0,1.0,1.1027286917612194e-19,7.701228312724621e-19,2.101369466570998e-20,1.1569344266680058e-17,1.2747382596663996e-22,1.6056701714078523e-15,1.7804672290267878e-26,2.885872747368512e-12,2.0182321796863995e-13,7.2540452174274e-16,1.0,7.491438765768922e-20
TCN,43,8587,26,7,class_7,3,class_3,0,0.9549410343170166,0.004613685887306929,1.2936723123857519e-06,1.0048400156392745e-07,0.9549410343170166,4.4000382331432775e-05,1.6746081188401263e-09,0.001713267178274691,0.00025600718799978495,0.019450999796390533,0.00044039697968401015,4.3731764890253544e-05,0.018495477735996246
TCN,43,8588,26,7,class_7,3,class_3,0,0.922150731086731,0.010061495006084442,2.0937409317411948e-07,1.23402319474053e-08,0.922150731086731,4.436683593667112e-05,3.060958153611182e-10,0.0008472102927044034,1.3650407026943867e-06,0.03517213091254234,0.029461504891514778,4.347174763097428e-05,0.002217448316514492
TCN,43,8589,26,7,class_7,0,class_0,0,0.8340762257575989,0.8340762257575989,3.7008965336760014e-11,2.4106233468046412e-05,8.48904801387107e-06,1.638645471757627e-06,2.6343499603953546e-10,7.003211521805497e-07,3.7851314118597656e-06,0.163034126162529,0.0002681946789380163,3.098062677509006e-07,0.0025824394542723894
TCN,43,8590,26,7,class_7,3,class_3,0,0.8936590552330017,0.0011976574314758182,1.0601421251976717e-07,1.0073139655730756e-08,0.8936590552330017,5.374550528358668e-05,2.9418380925738674e-11,0.010699239559471607,1.5451507351826876e-05,0.0008959480910561979,0.018989548087120056,3.867392450729312e-08,0.07448921352624893
TCN,43,8591,26,7,class_7,3,class_3,0,0.9978768825531006,1.0555519652788448e-10,5.6620512722815874e-09,5.889561302346111e-22,0.9978768825531006,1.5138611197951235e-10,2.5966880672634553e-18,0.00026356778107583523,1.6262328372818047e-08,1.4964233230330137e-07,6.695300544379279e-05,0.0017924699932336807,2.7687560564030288e-14
TCN,43,8592,26,7,class_7,3,class_3,0,0.5274912714958191,0.3572502136230469,6.609896809095517e-05,0.0001016537135001272,0.5274912714958191,0.0001409800461260602,9.283662620873656e-07,0.008825171738862991,7.789526716805995e-05,0.029558397829532623,0.012022675946354866,5.5132710258476436e-05,0.06440959125757217
TCN,43,8593,26,7,class_7,3,class_3,0,0.8992930054664612,0.0026703309267759323,3.2229200996880536e-07,7.55163043208995e-09,0.8992930054664612,3.093000850640237e-05,2.8917463909539087e-11,0.09790266305208206,4.6554919208574574e-07,1.3510346263956308e-07,2.756110575319326e-07,7.338634144815614e-10,0.00010187641601078212
TCN,43,8594,26,7,class_7,3,class_3,0,0.9999998807907104,1.4845737486557375e-12,5.52960938011147e-15,3.390496560508226e-25,0.9999998807907104,7.85930240158883e-13,2.296418715043317e-25,9.198667072496391e-08,5.466952235420701e-14,1.1387556696218493e-11,5.236735958064065e-12,2.274354478620094e-13,3.391628002210288e-14
TCN,43,8595,26,7,class_7,10,class_10,0,1.0,2.7104041350144032e-36,9.789274889988167e-39,0.0,4.952712644206948e-34,1.3716610018043472e-40,9.465911256360572e-41,0.0,2.731117198714883e-12,1.323163180530988e-23,2.044863939269466e-24,1.0,2.0630053206935584e-36
TCN,43,8596,26,7,class_7,3,class_3,0,0.9968608617782593,1.332324154645903e-05,3.7484446657742865e-09,2.3586486930238237e-11,0.9968608617782593,9.60178567765979e-07,1.2724231932860486e-13,0.0018890592036768794,4.0938886058938806e-08,4.461364824237535e-06,9.679862387201865e-07,3.2218144818685346e-10,0.0012304616393521428
TCN,43,8597,26,7,class_7,0,class_0,0,1.0,1.0,1.1388076491582859e-23,9.935175546030382e-15,1.433142588480544e-25,1.7517669121130028e-19,9.786141157752172e-16,8.08738789288897e-29,3.53359604922802e-18,3.168426354616116e-10,1.8604139009264847e-17,1.5416707910276273e-08,4.77902467991518e-21
TCN,43,8598,26,7,class_7,10,class_10,0,0.9999997615814209,1.0575186559780292e-11,1.9745009671155134e-17,3.8973699528170504e-22,4.653172812341122e-12,1.2123693747125128e-16,3.45180207796391e-20,8.847557961145387e-22,1.6361029508971114e-07,6.589632306486237e-08,2.3314288000175765e-11,0.9999997615814209,9.2887970806841e-15
TCN,43,8599,26,7,class_7,3,class_3,0,0.9895920753479004,0.0001413860882166773,4.5858192798675645e-09,1.7336842006443476e-07,0.9895920753479004,1.166178890343872e-06,1.030592364920091e-11,0.009060992859303951,2.4912276330724126e-07,1.9474935015750816e-06,5.136271283845417e-05,8.362798453731557e-09,0.0011506930459290743
TCN,43,8600,26,8,class_8,10,class_10,0,1.0,6.344176383107516e-24,1.738533369663116e-33,1.3831899438096865e-26,2.2420775429197073e-44,3.6156583236201795e-40,7.521052255671614e-26,0.0,1.610868990281622e-12,1.090199695147657e-15,2.0283373402829406e-26,1.0,1.8483853715666853e-35
TCN,43,8601,26,8,class_8,8,class_8,1,0.9387882351875305,9.722048470092726e-13,1.0167436709831157e-20,5.834291112293694e-14,2.078089179089032e-20,8.044622073435678e-25,1.8081968261501366e-21,3.886358590855992e-32,1.4381362767323935e-08,0.9387882351875305,2.33848313976881e-12,0.06121177598834038,2.5437015774981697e-12
TCN,43,8602,26,8,class_8,10,class_10,0,0.9894250631332397,2.2772760881273268e-21,3.094830947395761e-32,1.3879163299676083e-25,1.4067151227783632e-34,1.4673062316391125e-35,5.723844234492867e-30,0.0,3.5532014663886e-08,0.010574896819889545,4.122682996040867e-15,0.9894250631332397,8.00863642938388e-31
TCN,43,8603,26,8,class_8,10,class_10,0,0.999941349029541,1.8277384932554068e-15,4.677551661954363e-26,1.2508144796527114e-16,1.7508936069509248e-29,2.4225437699260216e-29,1.5790976824683422e-24,5.855014657026045e-37,1.0745357315045112e-07,5.8484576584305614e-05,5.928997696719607e-17,0.999941349029541,7.895551644473645e-27
TCN,43,8604,26,8,class_8,8,class_8,1,0.9632015228271484,1.7077464997683478e-09,1.682707105266985e-21,4.428519594119201e-16,8.615984560756394e-24,1.3582220524251823e-24,5.410797249814024e-19,1.6550486588417633e-33,1.1141659342683852e-05,0.9632015228271484,2.1177468667588073e-08,0.03678737208247185,4.065706448032357e-20
TCN,43,8605,26,8,class_8,10,class_10,0,0.9999985694885254,3.1238275986229097e-16,1.2048185360814033e-27,6.981294354926084e-18,4.301395009809823e-33,2.7020027758700306e-32,1.1723357561874214e-24,2.2356315699838132e-41,2.217276584559613e-09,1.482433049204701e-06,9.717552400150459e-19,0.9999985694885254,1.4552129251970654e-28
TCN,43,8606,26,8,class_8,8,class_8,1,0.9999998807907104,1.4352647588857926e-18,5.829185384915535e-32,4.821959220387295e-24,1.7935500317646516e-32,2.5086955033092894e-35,2.9123103878910415e-30,0.0,2.1348953160860162e-10,0.9999998807907104,1.2160392084839631e-14,8.596830269880229e-08,2.807507582321378e-26
TCN,43,8607,26,8,class_8,10,class_10,0,1.0,4.195364747228057e-20,2.404295690351323e-25,4.3691742820777476e-17,4.74005056328633e-33,4.8803035697287374e-33,1.6043420163520153e-22,2.6624670822171524e-43,7.413327729466346e-10,2.1765460267442194e-10,4.4843729013156577e-23,1.0,1.4596898396307597e-29
TCN,43,8608,26,8,class_8,8,class_8,1,0.8070763349533081,2.855594358221634e-18,7.845890120484286e-29,1.8986161893243138e-20,8.948430245013185e-30,1.965544292089043e-30,2.294787591047377e-26,9.682972388484486e-43,1.8902090559436147e-08,0.8070763349533081,1.6334307021662227e-14,0.1929236650466919,2.345724740290926e-25
TCN,43,8609,26,8,class_8,10,class_10,0,1.0,3.26624357429086e-28,1.7225429041954645e-35,8.662403129119126e-31,5.040014537604137e-37,5.605193857299268e-45,9.449214094149843e-34,0.0,2.85961338430344e-14,2.723471599812093e-15,3.0177208327841026e-26,1.0,7.423386831521906e-29
TCN,43,8610,26,8,class_8,10,class_10,0,0.9893529415130615,5.276523502520128e-18,9.740499316187309e-27,5.386623171061974e-21,6.409950915131552e-25,3.483307916085454e-29,1.118707611343913e-24,1.5936224746580052e-39,3.5032321488159823e-09,0.010646983981132507,3.264921021256875e-14,0.9893529415130615,2.2425983100139527e-17
TCN,43,8611,26,8,class_8,10,class_10,0,1.0,2.5426663978772286e-28,2.0437607978680037e-35,1.6860194993685914e-28,9.580814187952689e-36,1.0314957995894978e-41,2.0259714931399205e-33,0.0,1.5533539732270896e-11,4.809908027425536e-09,4.1723779715386406e-22,1.0,5.643223721277811e-26
TCN,43,8612,26,8,class_8,10,class_10,0,0.999996542930603,2.1325863656562787e-16,2.941492217436465e-26,2.4545145383245254e-18,6.710513191330139e-30,1.5598007313829466e-29,6.3053581156834004e-24,1.0696361169837364e-37,1.0582110299139913e-08,3.423732096052845e-06,7.884194253571603e-18,0.999996542930603,4.4025165399442214e-26
TCN,43,8613,26,8,class_8,10,class_10,0,0.9999984502792358,4.080538911170555e-23,3.170910841304619e-26,2.912279598033821e-18,1.5881304829876166e-22,2.698876771345097e-35,1.8742195679747892e-28,1.6878640002792422e-40,3.560951427061809e-07,1.2078720601493842e-06,9.240317990363502e-18,0.9999984502792358,2.989372500251518e-17
TCN,43,8614,26,8,class_8,10,class_10,0,0.9963531494140625,1.4005488280290749e-25,5.260574082041427e-32,8.003794760301694e-21,2.200057672027243e-30,2.959738538439019e-40,1.3765600146681504e-32,0.0,7.97769050819852e-09,0.003646859899163246,2.0947836063990415e-21,0.9963531494140625,1.008225972495807e-20
TCN,43,8615,26,8,class_8,8,class_8,1,0.9999496936798096,7.108422840156151e-22,3.1294593652788946e-31,1.4579614161618748e-17,5.1446915214585516e-30,1.9294380464395904e-39,1.5303037289645636e-33,0.0,1.8494850095862603e-08,0.9999496936798096,5.619346882112074e-21,5.032533226767555e-05,4.2168462399951467e-20
TCN,43,8616,26,8,class_8,8,class_8,1,0.9901884198188782,7.434415002291048e-22,8.376882229581673e-34,6.347732838931533e-19,7.612729282749976e-35,1.3495905509912313e-41,3.203063781595357e-33,0.0,2.1538696159950632e-08,0.9901884198188782,3.795578370833207e-22,0.009811540134251118,3.052917451625262e-22
TCN,43,8617,26,8,class_8,10,class_10,0,0.9921759963035583,3.073527199965074e-29,2.881069642651824e-42,2.3100966510928255e-34,7.440894845564779e-43,0.0,1.7583493130347805e-41,0.0,2.9532695862144465e-06,0.007821088656783104,5.260022490070614e-18,0.9921759963035583,3.827089284066769e-32
TCN,43,8618,26,8,class_8,8,class_8,1,1.0,2.3333589656649045e-38,0.0,4.7322660723532e-32,2.4574571168864317e-41,0.0,0.0,0.0,2.5873078094047763e-13,1.0,5.791783640137625e-28,1.8674847779287518e-10,2.1419707597406818e-30
TCN,43,8619,26,8,class_8,10,class_10,0,0.912254810333252,1.008995159346367e-17,6.134535614550388e-28,3.0865860745612003e-17,2.8428187278500905e-28,2.2613325720130083e-32,1.694020399766209e-26,2.094170490010223e-40,2.796169518148872e-08,0.08774520456790924,2.498889072418851e-16,0.912254810333252,1.4009925319171168e-21
TCN,43,8620,26,8,class_8,8,class_8,1,0.9999996423721313,1.1257695492299426e-19,1.6983002828773382e-31,2.6844817959990886e-22,4.9643891197938335e-31,9.447006713205315e-35,2.338158915489319e-32,0.0,2.996146886147244e-09,0.9999996423721313,2.7754572728619364e-13,4.0085802766043344e-07,3.452354608763701e-20
TCN,43,8621,26,8,class_8,8,class_8,1,0.9999996423721313,4.1808743966864625e-12,1.1662215142773837e-17,3.142124853638961e-07,7.674131737013762e-18,2.7195247644574337e-23,1.359538222038244e-20,6.930384147980747e-25,5.972390637598579e-11,0.9999996423721313,8.689671830608057e-16,6.044448361969268e-12,4.810256793580381e-12
TCN,43,8622,26,8,class_8,8,class_8,1,0.9999998807907104,1.6744539782509449e-12,5.810799873758435e-18,1.8176919969192795e-09,5.43513662574809e-18,3.036847258469252e-24,1.4426069262861191e-21,1.8226549555701836e-26,5.8652354084642866e-08,0.9999998807907104,9.523201590375466e-14,9.783007470787197e-08,4.656225491977972e-13
TCN,43,8623,26,8,class_8,8,class_8,1,0.9997468590736389,2.2829549015113138e-11,8.198457661857984e-21,1.908767080749385e-05,7.524316537445515e-25,5.05959972354377e-29,1.3268481088536338e-20,1.5690627164470515e-33,2.6271479782735696e-06,0.9997468590736389,8.162396600269113e-18,0.00023145662271417677,2.4661926289761093e-20
TCN,43,8624,26,8,class_8,8,class_8,1,0.9999935626983643,2.761448639639595e-16,2.190721007429029e-22,1.1774771695866049e-13,9.116094764534833e-24,2.361594599424869e-32,7.152717238990831e-30,8.8302726320094e-37,6.470246717071859e-06,0.9999935626983643,1.8000203107562673e-12,7.533516033220167e-09,3.626838379047672e-16
TCN,43,8625,26,8,class_8,8,class_8,1,1.0,7.535236945227839e-19,7.363538558500073e-29,4.804158915301671e-13,3.8161791476597816e-28,1.0200512941378676e-35,1.2641474076144105e-30,2.06800544508435e-39,5.093205046081961e-14,1.0,3.059221523108809e-22,6.143443826572836e-12,2.635486612003737e-20
TCN,43,8626,26,8,class_8,2,class_2,0,1.0,5.1795250778877714e-17,4.580689658663477e-17,1.0,2.487240766053626e-24,3.9934538730998324e-27,7.337323062305502e-21,1.1732745961907597e-28,1.1764902745591e-13,7.466462022357465e-16,4.698684608513627e-31,3.6785164612082023e-22,2.6419621698692275e-14
TCN,43,8627,26,8,class_8,8,class_8,1,1.0,1.929286732202883e-15,2.7844569935631357e-20,1.3217947569810207e-10,1.0436374834000877e-17,6.533331225898447e-26,4.427476900172271e-25,1.7285738940844493e-26,2.6520220481468515e-12,1.0,1.5921107885788667e-16,7.523756465933895e-13,2.854224356863e-10
TCN,43,8628,26,8,class_8,8,class_8,1,1.0,5.4384048534059787e-14,2.561608537411938e-23,1.3013152777574533e-09,2.400622063723322e-24,5.498601931479829e-31,3.6319776225817476e-27,1.0810045333188419e-33,8.012351199182532e-11,1.0,6.187426270194522e-19,4.868575594757507e-12,3.131734677745781e-21
TCN,43,8629,26,8,class_8,10,class_10,0,0.9989483952522278,1.8552657511401033e-14,6.693752311932238e-20,1.2000121169241382e-15,3.507670015065229e-23,1.6963621042818154e-28,1.3735399957105829e-22,8.662817958779644e-36,0.0010268717305734754,2.474686516507063e-05,1.7540285196515626e-11,0.9989483952522278,1.0714469676070815e-12
TCN,43,8630,26,8,class_8,8,class_8,1,0.999966025352478,5.795110242771774e-17,6.988137581763541e-23,3.4234337399785964e-16,2.0907248413110325e-23,2.6009359462508793e-31,1.1797024836766493e-27,1.316946036490973e-36,2.3889433009571803e-07,0.999966025352478,5.585152999809662e-12,3.3729109418345615e-05,1.6667650061790579e-13
TCN,43,8631,26,8,class_8,7,class_7,0,0.8838522434234619,3.4639774484549564e-15,9.520814519258753e-22,3.531114677458695e-14,1.428740379781242e-23,2.6701839070347975e-32,2.8606041458483324e-25,1.89456505259671e-38,0.8838522434234619,0.018688343465328217,6.550561204576866e-10,0.09745939821004868,3.856297225990346e-12
TCN,43,8632,26,8,class_8,10,class_10,0,0.9917657971382141,7.511613214465902e-24,1.3425161113509634e-31,3.154276698389999e-24,1.3656377725891705e-36,5.970394657877745e-39,7.515681235972481e-32,0.0,4.072449488745633e-09,0.008234260603785515,4.8382348239237e-18,0.9917657971382141,2.3822520759306476e-33
TCN,43,8633,26,8,class_8,7,class_7,0,0.44528526067733765,2.92465717137804e-15,2.8714961041667477e-21,3.945268726513254e-14,9.606892465327137e-24,1.1607582801719824e-32,2.98428323768308e-25,1.070746169575236e-37,0.44528526067733765,0.2085450142621994,7.498827336860359e-09,0.346169650554657,5.281775884713458e-12
TCN,43,8634,26,8,class_8,8,class_8,1,1.0,1.3281311273760147e-20,1.561675503813186e-29,7.040493520696912e-17,3.357654604140747e-30,6.309981964605907e-37,1.9183668356884686e-37,2.718519020790145e-43,6.416750617893849e-18,1.0,5.948525264802755e-20,4.9487065654136555e-20,1.9439216449361835e-22
TCN,43,8635,26,8,class_8,8,class_8,1,1.0,1.8965381151297954e-22,1.1833160338089302e-28,5.0003072164733586e-18,3.026189045638251e-29,5.834908714556036e-38,7.651464490578677e-37,6.165713243029195e-44,7.335302782123399e-15,1.0,1.917968383485373e-18,2.6180581377680586e-15,2.5348488924483394e-22
TCN,43,8636,26,8,class_8,8,class_8,1,1.0,1.029575209809952e-11,3.4434595772794974e-23,3.2387259107230504e-12,1.0827401352994676e-29,1.062924648352515e-29,5.265107355921535e-24,5.010482789039816e-41,1.8767822365650666e-11,1.0,9.118268318161915e-18,5.0083097669073595e-09,9.971927594026393e-23
TCN,43,8637,26,8,class_8,8,class_8,1,1.0,2.849884499396549e-13,4.293264076883765e-21,5.740031713830085e-12,4.85035190208801e-24,4.6468187696818996e-29,3.198458233893486e-25,1.2794310390076098e-35,3.5359165595494346e-10,1.0,1.7204138707724824e-14,3.923494418245355e-09,3.52356813866204e-18
TCN,43,8638,26,8,class_8,10,class_10,0,0.9995003938674927,2.530890644628081e-12,9.565851611711296e-19,3.171531659518223e-08,4.660002526671348e-24,5.584014163662735e-26,8.036386552730745e-17,1.7857955012437883e-31,6.720974852214567e-06,0.0004928645212203264,8.118342615205764e-18,0.9995003938674927,2.432432331486963e-18
TCN,43,8639,26,8,class_8,10,class_10,0,0.8597179055213928,3.5653895268561615e-15,7.362729227848438e-25,2.290778244179448e-13,6.438195217026375e-26,1.0527744709241251e-29,8.076334597369924e-23,4.1098985340650854e-36,4.3151595718882163e-07,0.14028166234493256,8.891421314358638e-17,0.8597179055213928,3.971023913918942e-21
TCN,43,12000,33,9,class_9,9,class_9,1,0.9972202777862549,3.872116406192897e-18,4.742321986495046e-12,7.170677065352977e-27,5.389954367274186e-06,0.00277441437356174,1.0984399997517484e-25,1.0437665401192582e-16,6.994270668067448e-17,5.2781971501825176e-12,0.9972202777862549,1.0397211637027309e-16,5.710485795167031e-13
TCN,43,12001,33,9,class_9,9,class_9,1,0.9995467066764832,3.398164535026007e-25,2.0800727052066762e-16,8.563781985751015e-37,7.763031328877901e-10,0.0004533028113655746,2.362032149646314e-34,6.311450803998784e-23,8.900941630105759e-24,1.523380380433157e-18,0.9995467066764832,1.1318830281322559e-23,5.405133841427906e-20
TCN,43,12002,33,9,class_9,4,class_4,0,0.9999998807907104,9.600186059141025e-17,1.675408401423384e-13,1.8502350427457865e-26,2.106063767826072e-09,0.9999998807907104,7.395306225005671e-25,1.1165761687762578e-16,2.6998561270619944e-22,1.3684857525231569e-16,1.2263129178791132e-07,8.671998165757027e-22,1.5712526022527295e-16
TCN,43,12003,33,9,class_9,9,class_9,1,1.0,0.0,3.561143777618367e-35,0.0,2.655287934344042e-26,2.801090264020229e-33,0.0,0.0,2.8067805750331706e-33,1.2626629933481921e-30,1.0,1.6467332852724434e-32,1.4353503308987661e-36
TCN,43,12004,33,9,class_9,4,class_4,0,0.9999862909317017,8.359348733864166e-22,5.252135322929921e-17,1.202022067036855e-34,2.132948331845519e-11,0.9999862909317017,2.9509160556453516e-32,7.535984441043981e-22,4.08009398868963e-26,7.181029935126507e-19,1.3767910786555149e-05,2.220399856577782e-26,7.811301107590082e-20
TCN,43,12005,33,9,class_9,9,class_9,1,1.0,8.407790785948902e-44,7.554585397007295e-32,0.0,5.846197878710211e-25,1.5943505784713547e-27,0.0,2.1972359920613132e-42,6.944735989064815e-31,1.1750713925323758e-27,1.0,1.5755390584918687e-30,4.649824025021027e-33
TCN,43,12006,33,9,class_9,9,class_9,1,1.0,2.222672716320114e-29,2.1137688587167283e-18,6.428777227114648e-34,3.803282488801235e-16,1.949950081098817e-17,2.400408137192075e-34,5.314329236519502e-29,2.1780962844989734e-20,1.6233257393953108e-17,1.0,2.1058553058069644e-20,2.7637039286450395e-21
TCN,43,12007,33,9,class_9,9,class_9,1,1.0,3.54687270426922e-25,1.220155834008585e-11,1.4493045573136743e-27,2.9624476483025575e-11,3.6784632414729734e-13,1.0047128933749134e-26,2.1888555091603623e-22,3.988361040660872e-16,2.2281663818700392e-13,1.0,1.294101066100738e-15,2.3053118684224975e-16
TCN,43,12008,33,9,class_9,9,class_9,1,1.0,1.3441254869803645e-41,9.574025783654365e-27,0.0,4.156378736421055e-23,2.102173796565254e-25,0.0,5.233008985174597e-41,1.5818182172114166e-25,3.797279786033588e-24,1.0,1.5324650567543485e-27,9.452436895583614e-31
TCN,43,12009,33,9,class_9,9,class_9,1,1.0,0.0,3.75547988439051e-43,0.0,3.5962952487024655e-36,8.804554433137831e-39,0.0,0.0,4.0950299165795205e-39,2.213349175580565e-36,1.0,7.957315368622403e-40,1.401298464324817e-45
TCN,43,12010,33,9,class_9,9,class_9,1,1.0,1.0163743878609687e-39,1.84540665933801e-26,7.006492321624085e-45,7.200322081144974e-21,6.339697428102897e-25,1.401298464324817e-45,2.4131368490567664e-39,9.112671699851852e-25,2.343261210514316e-22,1.0,2.0196061908060995e-25,6.947975839574778e-29
TCN,43,12011,33,9,class_9,9,class_9,1,1.0,5.7081598671593915e-39,2.5078746371359184e-26,4.90454462513686e-44,6.460256476449883e-23,4.7214976854997863e-26,1.401298464324817e-45,5.346121797214896e-40,7.911278942473907e-25,1.6246978336374362e-21,1.0,6.911404647639195e-25,8.212991627183937e-29
TCN,43,12012,33,9,class_9,9,class_9,1,1.0,7.130076353254633e-36,8.513142835302607e-26,2.0019930770269364e-40,1.8330350646949936e-21,1.4989171303653412e-23,7.069550752518702e-42,9.486145781977668e-37,5.691030634704184e-23,9.630354962007725e-21,1.0,6.981922304463485e-24,5.628945107781718e-27
TCN,43,12013,33,9,class_9,9,class_9,1,1.0,0.0,9.470360135495182e-34,0.0,3.037733671578016e-28,4.1111818771527364e-32,0.0,0.0,1.8837570182528227e-34,1.1261894157713975e-29,1.0,7.515461418528877e-33,7.049097960652803e-38
TCN,43,12014,33,9,class_9,9,class_9,1,1.0,0.0,1.449085544555222e-39,0.0,1.4572324516824318e-34,5.585575678798721e-42,0.0,0.0,8.477631501410851e-40,5.374841734342477e-36,1.0,9.317045715301489e-38,2.802596928649634e-45
TCN,43,12015,33,9,class_9,9,class_9,1,1.0,0.0,0.0,0.0,1.5390755306356974e-39,0.0,0.0,0.0,1.617098427830839e-42,6.24085390694344e-35,1.0,1.0319161891287953e-41,0.0
TCN,43,12016,33,9,class_9,9,class_9,1,1.0,0.0,3.673802681060102e-38,0.0,8.727626950972807e-28,2.291948792577915e-31,0.0,0.0,1.6488814231383993e-34,7.694926139409312e-31,1.0,2.7515447153776303e-35,4.456526861109032e-37
TCN,43,12017,33,9,class_9,9,class_9,1,1.0,0.0,3.3869120393777985e-35,0.0,3.6473423034828146e-30,1.357551389394591e-31,0.0,0.0,3.663709381361093e-32,6.033559348307409e-29,1.0,1.0878265698851367e-32,4.863063387995917e-38
TCN,43,12018,33,9,class_9,9,class_9,1,1.0,0.0,5.775937478918284e-37,0.0,8.196312953494922e-28,3.7195027513549346e-32,0.0,0.0,5.3916041230730845e-34,6.414995228087089e-31,1.0,5.379605815500043e-34,6.307169323169865e-36
TCN,43,12019,33,9,class_9,9,class_9,1,1.0,5.599773267138543e-35,6.96696658638424e-25,9.118094964530509e-40,1.9347925678877314e-22,3.884322698315674e-23,2.3499775246727182e-42,1.0665107729927835e-37,5.578407500242451e-21,4.0804893934249014e-20,1.0,6.186206986837008e-24,1.1717997960765457e-26
TCN,43,12020,33,9,class_9,9,class_9,1,1.0,0.0,6.257704429051767e-36,0.0,1.8131083475840143e-31,1.9430245318822366e-37,0.0,0.0,6.700793564568613e-29,1.5579888863062275e-26,1.0,3.158342295913627e-30,2.7655075851036392e-36
TCN,43,12021,33,9,class_9,9,class_9,1,1.0,0.0,0.0,0.0,0.0,0.0,0.0,0.0,1.3640967926939218e-39,1.1466421311196744e-36,1.0,3.570331923493129e-39,0.0
TCN,43,12022,33,9,class_9,9,class_9,1,1.0,0.0,1.462955596755109e-42,0.0,3.315590727652987e-36,4.44211613190967e-43,0.0,0.0,3.948970055305709e-38,1.9299285121124918e-36,1.0,1.8397731616028383e-37,2.802596928649634e-45
TCN,43,12023,33,9,class_9,9,class_9,1,1.0,8.407790785948902e-43,1.840552868099442e-29,1.401298464324817e-45,8.259463233406408e-28,6.049091973308892e-29,0.0,5.605193857299268e-45,4.9654906477121764e-23,1.4429909942618787e-23,1.0,4.319949303963616e-26,8.019076442870754e-34
TCN,43,12024,33,9,class_9,9,class_9,1,1.0,0.0,0.0,0.0,1.9851972537633856e-38,1.401298464324817e-45,0.0,0.0,2.3261554507791963e-43,6.028821674033503e-36,1.0,1.2908200933974485e-40,0.0
TCN,43,12025,33,9,class_9,9,class_9,1,1.0,0.0,6.247529865377771e-33,0.0,6.692877631385317e-28,3.941470394531547e-33,0.0,0.0,9.016560016795884e-29,5.476293926311392e-29,1.0,4.2818585434917065e-31,4.804615767147539e-36
TCN,43,12026,33,9,class_9,9,class_9,1,1.0,0.0,2.169709025157963e-38,0.0,1.40107230449226e-31,1.1179360164001456e-38,0.0,0.0,5.441980943668031e-34,3.0541951891426374e-30,1.0,1.1278725032765842e-33,3.2675477591126084e-41
TCN,43,12027,33,9,class_9,9,class_9,1,1.0,3.4713593698698793e-35,1.9475102205256882e-26,7.002148296384678e-41,2.386422271070079e-18,5.38944771820403e-18,1.998251610127189e-42,3.5373841554495565e-34,6.743290099534117e-27,9.226973550830279e-20,1.0,4.19628056592825e-26,1.6461712865954904e-28
TCN,43,12028,33,9,class_9,9,class_9,1,1.0,0.0,8.144346674655837e-42,0.0,5.877243510617568e-37,1.0166420358676548e-41,0.0,0.0,4.780811360825055e-36,1.5524606954516098e-32,1.0,9.807449843174337e-37,0.0
TCN,43,12029,33,9,class_9,9,class_9,1,1.0,1.6131291098007924e-38,4.118303052116713e-27,3.0688436368713494e-43,2.113034296483387e-19,5.193437370529943e-23,4.203895392974451e-45,7.48878178344479e-35,1.7757057139066804e-26,9.663759396946166e-23,1.0,5.7645201758448795e-27,6.728441795960473e-26
TCN,43,12030,33,9,class_9,9,class_9,1,1.0,3.0123551134172093e-30,3.688430197827534e-18,7.525732300419187e-33,7.321391756742734e-12,3.4233540659419953e-16,1.5702385781398584e-33,1.444770191147514e-23,3.2376999473364835e-20,5.303954614886122e-16,1.0,7.807352289517421e-21,3.2785309782393846e-18
TCN,43,12031,33,9,class_9,9,class_9,1,1.0,0.0,1.6173786875237039e-41,0.0,1.299045235578441e-33,2.1323508901317444e-30,0.0,0.0,2.464757881885564e-40,3.419318007948195e-33,1.0,1.2125575741649075e-40,2.802596928649634e-45
TCN,43,12032,33,9,class_9,9,class_9,1,1.0,0.0,1.7641897849042399e-38,0.0,2.768199294378536e-28,4.5067539346119304e-30,0.0,0.0,3.4611213353124043e-37,2.9632003031008514e-29,1.0,2.53946843012813e-35,3.303705463387582e-39
TCN,43,12033,33,9,class_9,9,class_9,1,1.0,1.401298464324817e-45,1.1495525129307843e-32,0.0,7.759030266880449e-25,2.345656424170375e-31,0.0,1.0089348943138683e-42,2.871372057392016e-31,1.8458924559071822e-26,1.0,1.8382092520983658e-29,3.613145271455282e-33
TCN,43,12034,33,9,class_9,9,class_9,1,1.0,0.0,0.0,0.0,2.228064558276459e-43,0.0,0.0,0.0,0.0,1.5414283107572988e-44,1.0,0.0,0.0
TCN,43,12035,33,9,class_9,9,class_9,1,1.0,0.0,5.332102068402399e-35,0.0,2.7511006475910233e-30,3.00814606340689e-34,0.0,0.0,7.862227663831902e-28,3.2504363405682566e-26,1.0,1.5424404590495508e-28,1.0004515186097925e-35
TCN,43,12036,33,9,class_9,9,class_9,1,1.0,1.401298464324817e-45,9.180818354674986e-32,8.885493432437233e-40,3.4600847542968914e-26,4.285201748607781e-34,0.0,0.0,8.750765672183501e-20,1.0987153548080997e-10,1.0,2.779481437555144e-19,4.052569830519612e-26
TCN,43,12037,33,9,class_9,9,class_9,1,0.9998923540115356,4.3061515182622745e-14,3.540049919870114e-10,2.4007239677660032e-14,0.00010704080341383815,6.4794987153504735e-09,1.7666373447800217e-18,2.0755799422927934e-12,1.2176580810319138e-07,4.387732701616187e-07,0.9998923540115356,3.782739010915748e-09,1.0659053195638535e-08
TCN,43,12038,33,9,class_9,9,class_9,1,1.0,8.463842724521895e-43,3.732677251228569e-33,0.0,1.4928148006905813e-26,8.157590371542677e-31,0.0,1.567072072654443e-41,1.1973194704345698e-28,6.513029397464518e-25,1.0,1.9267656776124784e-28,4.015504218934365e-31
TCN,43,12039,33,9,class_9,9,class_9,1,1.0,2.2905030888100373e-34,9.00871883620293e-22,2.0663672711276156e-37,6.174040357893336e-17,1.6703148956177554e-22,1.3954970886825123e-39,4.463254245268817e-34,7.898732780017835e-18,8.731463154095634e-19,1.0,3.147257440876613e-20,4.319936817774601e-24
TCN,43,12040,33,10,class_10,10,class_10,1,1.0,6.414458293950879e-38,2.7078090647831263e-37,1.300559117724506e-40,2.1019476964872256e-44,2.9945840668319986e-38,8.008979359656923e-36,0.0,5.578061335455466e-23,9.222023598533589e-25,2.06146330944264e-36,1.0,2.421948213800441e-40
TCN,43,12041,33,10,class_10,10,class_10,1,0.9999998807907104,1.0701672600918237e-20,5.924292631985517e-13,1.0796037927422609e-17,1.2555584465511443e-31,6.715191077468347e-24,7.521292388901202e-08,2.046573280600829e-31,4.867537276020961e-11,3.130852122884214e-20,3.7663655893354246e-23,0.9999998807907104,3.1262932591097957e-20
TCN,43,12042,33,10,class_10,10,class_10,1,0.9999998807907104,7.208930220200038e-19,3.363215785478124e-16,1.2423450176858358e-19,5.6018511558953965e-18,3.944218496090179e-20,2.426304784304323e-19,6.255465526130441e-27,2.067011450890277e-09,9.870215933460713e-08,7.240242476738712e-14,0.9999998807907104,9.604266709185849e-14
TCN,43,12043,33,10,class_10,10,class_10,1,1.0,8.238956150940917e-33,1.2310443582206781e-30,1.2200926524102332e-34,3.860624913362658e-39,1.4916645638456879e-34,3.570576139439794e-32,0.0,6.986899330756743e-18,2.222318297086596e-20,5.406585174092941e-31,1.0,7.098764466867715e-34
TCN,43,12044,33,10,class_10,10,class_10,1,1.0,9.42325262462106e-28,5.245464677324037e-30,1.2132550962769158e-28,1.9575593040216608e-39,2.631639125847098e-35,3.5010146752529072e-28,0.0,2.0334465014593128e-11,7.348346321887507e-17,7.916342443409294e-27,1.0,8.678573111859603e-32
TCN,43,12045,33,10,class_10,10,class_10,1,1.0,1.6301789149375587e-22,2.0765835629518596e-23,8.304615312801605e-27,2.832447668796374e-38,3.4622484980708115e-27,1.5851936747540783e-19,1.654372966981879e-41,1.2074197978245715e-12,5.318070303146829e-18,6.314685560804415e-27,1.0,2.580873078868785e-30
TCN,43,12046,33,10,class_10,10,class_10,1,1.0,1.004875822857385e-22,1.138629524365887e-23,1.3359370215125523e-26,3.0346488714852023e-38,8.175515798990457e-28,3.0881875686054066e-19,1.1829761635830106e-41,1.3816995507801022e-12,4.446483326589505e-18,1.695579940797976e-26,1.0,5.491810395318518e-31
TCN,43,12047,33,10,class_10,10,class_10,1,0.9999998807907104,7.500203050415748e-16,2.205720926173655e-21,5.596724704049099e-18,6.419672943286977e-30,4.21901232014334e-24,9.409752290364883e-19,1.8773721553824384e-34,7.49930393340037e-08,6.953908369272677e-12,1.1661439198891648e-21,0.9999998807907104,7.31693496483184e-24
TCN,43,12048,33,10,class_10,10,class_10,1,1.0,1.5778829106300117e-25,1.0145924055441146e-25,2.0132447671625907e-25,2.3103305872215762e-38,1.0656669952699996e-33,6.018251501341504e-21,9.80908925027372e-45,5.021176616853973e-12,9.935339361912867e-20,6.670298125013818e-27,1.0,4.0445113640571487e-32
TCN,43,12049,33,10,class_10,10,class_10,1,1.0,3.7291663800331847e-23,2.6709217369758016e-19,2.4649174245425422e-27,2.2963272098805994e-36,4.44168675026563e-25,1.4524072887778304e-15,7.795969863440044e-40,2.5101283525959684e-15,1.7884439712266334e-20,1.099729571627631e-26,1.0,2.3579290553907e-31
TCN,43,12050,33,10,class_10,10,class_10,1,1.0,2.1274793545072238e-40,4.344025239406933e-43,7.006492321624085e-45,0.0,0.0,7.75110395483059e-32,0.0,5.900355822537666e-23,1.2548498585564687e-31,0.0,1.0,0.0
TCN,43,12051,33,10,class_10,10,class_10,1,1.0,0.0,2.5223372357846707e-44,0.0,0.0,0.0,2.5223372357846707e-44,0.0,8.086524835532642e-29,6.197019607806907e-33,2.6624670822171524e-44,1.0,0.0
TCN,43,12052,33,10,class_10,10,class_10,1,0.9999988079071045,1.3673201568371873e-13,8.498481459577947e-15,6.738823027699868e-15,3.0915855199330236e-22,1.7315684023253767e-18,2.4888572106029905e-12,2.658427970525371e-25,1.188521423500788e-06,1.8678412982975345e-11,1.6540406099006298e-17,0.9999988079071045,8.253515507825504e-17
TCN,43,12053,33,10,class_10,10,class_10,1,1.0,0.0,0.0,0.0,0.0,0.0,2.802596928649634e-45,0.0,5.191681684318548e-28,7.5014914910154e-31,1.401298464324817e-45,1.0,0.0
TCN,43,12054,33,10,class_10,10,class_10,1,1.0,6.445972935894159e-44,9.452583226406686e-38,0.0,0.0,0.0,9.968572955142664e-32,0.0,5.03917258832987e-28,1.016226230928517e-34,0.0,1.0,0.0
TCN,43,12055,33,10,class_10,10,class_10,1,1.0,0.0,7.076557244840326e-43,0.0,0.0,0.0,2.4424379999457983e-39,0.0,7.985418064966438e-31,1.4944911915408087e-32,0.0,1.0,0.0
TCN,43,12056,33,10,class_10,10,class_10,1,1.0,2.91134357493479e-38,2.269005317514413e-34,2.5385922979708386e-41,0.0,7.707141553786494e-44,2.8119438078738785e-27,0.0,9.183982777197396e-22,5.8541503223493156e-30,8.502238302444395e-41,1.0,0.0
TCN,43,12057,33,10,class_10,10,class_10,1,1.0,1.5059614466252377e-40,1.708247287741311e-39,0.0,1.401298464324817e-45,3.119290381587043e-42,3.8656219436864404e-41,0.0,1.4186623378229928e-26,7.585541018375849e-25,1.641606559515874e-35,1.0,0.0
TCN,43,12058,33,10,class_10,10,class_10,1,1.0,1.4478872942383778e-38,1.2100187576591823e-37,0.0,0.0,8.317715320662103e-40,1.319544049449025e-38,0.0,7.664987180419135e-23,4.241879820063887e-24,6.5874106489355965e-34,1.0,9.80908925027372e-45
TCN,43,12059,33,10,class_10,10,class_10,1,1.0,1.3639732090726812e-30,3.50973740075543e-33,1.8025239579280331e-37,1.7859310707080858e-39,1.2103155011061428e-35,2.726753691047357e-32,0.0,1.2711238978168686e-17,8.11992253017574e-18,1.68186416106883e-27,1.0,1.4336835116212449e-33
TCN,43,12060,33,10,class_10,10,class_10,1,1.0,1.3010841672641407e-32,1.8817254793245637e-33,1.5431435000776324e-39,1.2225908711694731e-39,1.4355895206098055e-31,6.931277758834026e-35,0.0,5.633464772323129e-24,1.7013190729462117e-20,5.590711082722691e-32,1.0,4.656341035941791e-39
TCN,43,12061,33,10,class_10,10,class_10,1,1.0,0.0,0.0,0.0,0.0,0.0,0.0,0.0,3.1780839756274065e-34,7.782527949399443e-35,0.0,1.0,0.0
TCN,43,12062,33,10,class_10,10,class_10,1,1.0,6.128715734979358e-36,4.2587833166336414e-35,2.9493128778644425e-41,0.0,8.745708305426975e-39,1.4447234239563817e-34,0.0,1.7301096434657453e-20,6.891139875946289e-23,2.0166724144699547e-33,1.0,8.683846583420891e-42
TCN,43,12063,33,10,class_10,10,class_10,1,1.0,0.0,0.0,0.0,0.0,0.0,0.0,0.0,2.6474966407799758e-36,2.876274735618536e-37,0.0,1.0,0.0
TCN,43,12064,33,10,class_10,10,class_10,1,1.0,0.0,0.0,0.0,0.0,0.0,0.0,0.0,3.480762521115866e-34,1.7860090165338654e-36,0.0,1.0,0.0
TCN,43,12065,33,10,class_10,10,class_10,1,1.0,8.742140599536804e-41,1.1717390110677434e-38,0.0,0.0,3.9848724430004823e-41,9.758669410488541e-38,0.0,3.5633481875342773e-26,5.737379971068575e-28,5.950555074219834e-39,1.0,5.605193857299268e-45
TCN,43,12066,33,10,class_10,10,class_10,1,1.0,0.0,4.203895392974451e-45,0.0,0.0,0.0,4.2697564207977176e-42,0.0,3.24944865643569e-31,8.110517928428571e-39,0.0,1.0,0.0
TCN,43,12067,33,10,class_10,10,class_10,1,1.0,8.933115159448847e-39,3.293282651596731e-34,5.465064010866787e-44,0.0,5.562734513830226e-40,2.561031439523515e-31,0.0,6.519871641690521e-23,1.4758549219703863e-28,2.1278567241836664e-38,1.0,0.0
TCN,43,12068,33,10,class_10,10,class_10,1,1.0,1.4889206258098127e-24,4.0797297568185474e-26,1.1567291483021684e-36,2.693882068297804e-35,7.114585295329993e-22,1.4916706442292197e-26,1.3397562383685998e-39,5.387953430361892e-23,5.7045528465793755e-22,6.48504773246954e-30,1.0,1.3955265495814263e-36
TCN,43,12069,33,10,class_10,10,class_10,1,1.0,5.763680713614405e-41,4.6830694028503224e-40,0.0,0.0,1.4995715256279165e-40,1.0262751220308093e-38,0.0,3.374710745052534e-28,1.215914685159493e-28,3.6090441948685664e-41,1.0,0.0
TCN,43,12070,33,10,class_10,10,class_10,1,1.0,1.9365944776968972e-42,1.401298464324817e-45,0.0,0.0,0.0,3.5127273462216644e-39,0.0,1.5628676243561063e-29,2.768405276253631e-32,0.0,1.0,0.0
TCN,43,12071,33,10,class_10,10,class_10,1,1.0,3.598054292541311e-27,3.268689842357972e-26,1.668267480847445e-26,8.698554605645261e-33,9.190687917151552e-27,4.708531770446347e-25,6.445972935894159e-44,7.211248745418478e-17,5.976787824999287e-16,4.651202186235325e-28,1.0,9.943865732998523e-36
TCN,43,12072,33,10,class_10,10,class_10,1,1.0,0.0,0.0,0.0,0.0,0.0,0.0,0.0,1.6093900705329255e-33,8.222836966545963e-36,0.0,1.0,0.0
TCN,43,12073,33,10,class_10,10,class_10,1,1.0,0.0,0.0,0.0,0.0,0.0,1.8216880036222622e-44,0.0,5.975713106734235e-32,9.129112690521844e-36,0.0,1.0,0.0
TCN,43,12074,33,10,class_10,10,class_10,1,1.0,0.0,0.0,0.0,0.0,0.0,0.0,0.0,1.7563293267249522e-35,4.263436564723613e-40,0.0,1.0,0.0
TCN,43,12075,33,10,class_10,10,class_10,1,1.0,0.0,0.0,0.0,0.0,0.0,0.0,0.0,1.2753407900411308e-38,4.646835299783074e-37,0.0,1.0,0.0
TCN,43,12076,33,10,class_10,10,class_10,1,1.0,1.0547041047556455e-39,2.1685457221037802e-35,1.8216880036222622e-44,0.0,7.711345449179468e-42,2.7570020994298915e-32,0.0,1.5719178649394732e-24,1.9802671989658605e-29,2.097113216785305e-40,1.0,0.0
TCN,43,12077,33,10,class_10,10,class_10,1,1.0,2.351499975859499e-29,9.322608725738233e-27,1.9399011654036765e-35,4.931309425805464e-41,2.0699170937753904e-30,7.056116250321332e-24,1.401298464324817e-45,6.282337292757315e-22,2.6287451758394964e-23,3.4898751020969444e-31,1.0,1.5777941078542243e-38
TCN,43,12078,33,10,class_10,10,class_10,1,1.0,0.0,0.0,0.0,0.0,0.0,0.0,0.0,4.4187097391926055e-37,4.244533048439871e-42,0.0,1.0,0.0
TCN,43,12079,33,10,class_10,10,class_10,1,1.0,0.0,0.0,0.0,0.0,0.0,0.0,0.0,5.965568971603948e-35,1.0200612041206073e-40,0.0,1.0,0.0
TCN,43,12080,33,11,class_11,11,class_11,1,1.0,3.276609676021704e-38,7.493557458833746e-34,2.1480896523205132e-39,2.051123929205629e-22,2.223874675868128e-40,0.0,1.061000945264626e-28,2.5911193998635195e-25,7.999418639626958e-22,6.000970446977189e-27,2.766912237715968e-35,1.0
TCN,43,12081,33,11,class_11,11,class_11,1,1.0,4.831111570297603e-31,8.045977558337977e-27,5.140371409272599e-33,3.723037366705221e-17,2.1570560844562956e-32,4.28797330083394e-43,6.025737627248983e-22,2.5024107584762523e-24,5.669744486212524e-18,5.291284837314299e-23,1.4635243210110516e-31,1.0
TCN,43,12082,33,11,class_11,11,class_11,1,1.0,1.1275480606655599e-36,2.972626554684276e-32,7.432342126886455e-36,1.0533132708331483e-23,8.860410189925818e-42,0.0,9.015096867222472e-33,8.67817401578904e-25,3.618152733799937e-14,3.5222573784890863e-22,3.551778186263789e-30,1.0
TCN,43,12083,33,11,class_11,11,class_11,1,1.0,3.7198448644427297e-39,2.459001479628277e-34,4.93542644069365e-38,4.939657168838657e-26,1.639519203260036e-43,0.0,2.2521941378703938e-30,2.7259301202577923e-26,5.9157101859533384e-21,3.443027091298595e-30,4.297114520025729e-36,1.0
TCN,43,12084,33,11,class_11,11,class_11,1,1.0,0.0,9.949219096706201e-44,0.0,1.9332083666352374e-35,0.0,0.0,9.829940571422873e-40,1.0148591906915833e-33,2.357471600009134e-30,2.8317873769599844e-39,0.0,1.0
TCN,43,12085,33,11,class_11,11,class_11,1,1.0,2.1979903212275954e-24,7.820761965651318e-22,2.9886320876458634e-27,1.2628703638384309e-11,1.118789435941307e-23,3.3105969931831926e-37,5.152381373561512e-20,2.345729210171039e-15,2.0553873273515544e-12,1.696585146676588e-12,5.508767919758597e-22,1.0
TCN,43,12086,33,11,class_11,11,class_11,1,1.0,2.3895441670241278e-20,1.9204126246472848e-19,4.2288134593513863e-22,1.568895431321507e-13,1.2421725668859382e-22,2.859794378431897e-32,6.278174833481036e-20,1.6830908194931382e-11,2.997154080475184e-09,3.140242623225764e-12,3.0347955933057346e-18,1.0
TCN,43,12087,33,11,class_11,11,class_11,1,1.0,4.2222196025038675e-30,8.634510164091628e-27,5.394942490295221e-32,9.870911156322198e-16,4.2326333657325197e-32,1.961817850054744e-44,8.621987792245126e-23,5.969256478904866e-20,1.2673625917663042e-16,1.2706232209017267e-19,6.403853083889882e-29,1.0
TCN,43,12088,33,11,class_11,11,class_11,1,1.0,0.0,5.2225973375846635e-40,0.0,1.7598414323335648e-30,0.0,0.0,2.521966880447821e-34,6.962850357010987e-32,2.729057777524404e-29,2.5014222396332985e-36,4.203895392974451e-45,1.0
TCN,43,12089,33,11,class_11,11,class_11,1,1.0,3.016995593691331e-42,7.663992210953618e-38,8.414797278270527e-42,4.1305392433883204e-29,0.0,0.0,3.74104662406963e-32,9.699919833832855e-30,8.50321119976539e-26,1.518759364249031e-35,1.0243491774214413e-41,1.0
TCN,43,12090,33,11,class_11,11,class_11,1,1.0,0.0,7.644195226769023e-40,1.401298464324817e-45,4.870843843592684e-30,0.0,0.0,1.1861388048172886e-31,6.769843147750392e-33,4.784620862762129e-30,1.0727816957245142e-38,2.802596928649634e-45,1.0
TCN,43,12091,33,11,class_11,11,class_11,1,0.9990365505218506,1.466223323309812e-11,2.2915901815023787e-11,1.0898523057601642e-14,0.00031988986302167177,1.1351639246648393e-11,4.315631072958942e-22,3.1817656842569875e-10,1.3553501376772914e-10,0.0006223829695954919,2.1159999960218556e-05,1.3883496132252593e-13,0.9990365505218506
TCN,43,12092,33,11,class_11,11,class_11,1,1.0,0.0,3.5295345200027762e-40,1.401298464324817e-45,3.711027437085506e-32,0.0,0.0,1.2256303787463081e-33,1.1774100392721432e-33,1.2325063158428184e-29,1.2110480954591368e-38,0.0,1.0
TCN,43,12093,33,11,class_11,11,class_11,1,1.0,9.061737114889422e-20,7.233620341393342e-17,3.289374582593396e-21,2.843754565162726e-09,2.0588317035704587e-20,1.1187134221634446e-29,1.5586478505427714e-12,2.1079183574822897e-15,1.684885521033297e-12,5.445288859574904e-13,6.765643465522662e-23,1.0
TCN,43,12094,33,11,class_11,11,class_11,1,1.0,3.893418075226255e-22,4.5180685837003066e-20,1.6693322273653397e-24,2.956740408066594e-11,4.5144610028738733e-23,4.7299920785315345e-32,1.1810021141372626e-14,4.226469744544589e-17,4.851005461583603e-14,3.0642181843554804e-16,1.1916585687949254e-23,1.0
TCN,43,12095,33,11,class_11,11,class_11,1,1.0,8.269327485469694e-29,1.1242820969306572e-24,1.9875022256358496e-29,6.279624867653157e-16,5.2994877645804834e-30,3.1922840185937225e-40,5.6695197483486766e-21,9.810940445072842e-20,2.4269302354178093e-15,7.370292995181703e-19,1.3262386546102004e-26,1.0
TCN,43,12096,33,11,class_11,3,class_3,0,0.7646453380584717,3.507450135453033e-13,1.469217813816065e-13,7.992184957287086e-19,0.7646453380584717,7.841371996164526e-11,1.4764065308398392e-24,5.9163685506291586e-08,1.4246560203247383e-13,5.592745155880152e-10,3.337187081342563e-06,4.277125282300844e-19,0.23535118997097015
TCN,43,12097,33,11,class_11,11,class_11,1,0.9998941421508789,1.7135963566899167e-15,8.864017680932593e-15,9.528529222472903e-19,8.452035399386659e-05,5.197722389619448e-16,8.529879325408552e-29,1.1073917390719279e-12,2.7988210707374783e-12,4.351058464635571e-07,2.083337130898144e-05,2.474833609686431e-18,0.9998941421508789
TCN,43,12098,33,11,class_11,11,class_11,1,1.0,1.0158210785907093e-23,6.344009933456514e-23,9.74755707906151e-28,8.193054084292255e-15,8.817285075822657e-26,1.4833282253805388e-35,3.444639474510904e-17,5.5384600888730385e-21,3.8197437800377345e-15,1.0009744904246866e-20,1.2448781678141494e-27,1.0
TCN,43,12099,33,11,class_11,11,class_11,1,1.0,1.3510020897051427e-29,1.504947080819452e-27,5.678448805573716e-32,4.6935342711381176e-20,3.1390010292486717e-32,1.8931962642567576e-40,1.7187031136243232e-20,9.52624831939166e-23,5.907437006578744e-20,5.169693446143696e-25,1.6891060362629466e-32,1.0
TCN,43,12100,33,11,class_11,11,class_11,1,1.0,8.728680847527271e-38,2.182861405151943e-36,2.4009847887741416e-41,1.2769851342012968e-17,1.4197956040539047e-41,0.0,5.268357019116787e-26,2.3089221584189177e-22,3.464985244521786e-26,1.1470767104176446e-26,3.0027057124715324e-38,1.0
TCN,43,12101,33,11,class_11,11,class_11,1,1.0,0.0,0.0,0.0,0.0,0.0,0.0,1.401298464324817e-45,0.0,0.0,0.0,0.0,1.0
TCN,43,12102,33,11,class_11,11,class_11,1,1.0,2.0755009681108577e-21,8.815415224027869e-23,7.32825679120688e-22,9.295464077011938e-15,1.3652389249659178e-29,7.641904845907519e-35,3.90732493537591e-17,6.115939054024758e-14,1.824633111652095e-16,3.926092737032452e-16,2.423990594704087e-28,1.0
TCN,43,12103,33,11,class_11,11,class_11,1,1.0,3.6779373584176796e-24,2.0033267838494155e-22,8.130875809268181e-23,4.660143798629335e-13,2.2239013994393223e-30,2.0807340556071365e-35,8.31381366575817e-18,3.549161290382352e-13,4.128156417066906e-16,7.342762873432289e-19,7.064670029354015e-27,1.0
TCN,43,12104,33,11,class_11,11,class_11,1,1.0,2.0377363038166263e-19,2.167229764657055e-21,1.8207217865746742e-20,1.1423142163083377e-12,5.2959591389309534e-27,4.032587443235995e-32,2.5614373903165566e-12,2.302869554798208e-15,3.2990181740607917e-18,1.8371451991429732e-20,1.2545297949546268e-30,1.0
TCN,43,12105,33,11,class_11,11,class_11,1,1.0,2.3006043769390134e-15,4.2298247891091044e-17,4.586462122024566e-16,6.346193570649916e-10,4.833195518462992e-23,2.3038496306961033e-26,6.146347536831187e-13,1.401851690285838e-10,8.542852297961645e-13,8.81851252990725e-15,3.2375097674872753e-23,1.0
TCN,43,12106,33,11,class_11,11,class_11,1,0.9999995231628418,2.592226292560257e-13,3.248535067248287e-13,4.995934655555034e-12,9.094323871750021e-08,1.572167001823046e-19,2.0179061955553482e-22,4.109546694053279e-07,2.515404377845254e-11,4.7016890381001986e-11,5.30691484680601e-13,1.8622838561153776e-21,0.9999995231628418
TCN,43,12107,33,11,class_11,11,class_11,1,1.0,2.1547864576815215e-39,8.71355735739286e-35,7.043298984033469e-36,4.5888665746903155e-28,0.0,0.0,1.0704633435709247e-24,1.4355252868964992e-29,1.9038905650686405e-27,3.689222849621225e-38,1.401298464324817e-45,1.0
TCN,43,12108,33,11,class_11,7,class_7,0,0.9930055737495422,1.0496400095123294e-14,1.3097875087197276e-19,2.984373765091799e-18,1.755034479019018e-15,1.5470871860486708e-24,1.0145206874037336e-29,2.9788952881181364e-23,0.9930055737495422,3.2805496630317066e-06,0.0033808727748692036,6.793942172083137e-14,0.003610258921980858
TCN,43,12109,33,11,class_11,11,class_11,1,1.0,8.618753967587783e-33,4.861017013509605e-33,1.106848395960256e-30,9.825769094103076e-28,4.484155085839415e-44,0.0,2.2179853362056734e-32,4.722571549857328e-14,1.3114917108079143e-20,8.689798642099574e-33,9.173176796508076e-34,1.0
TCN,43,12110,33,11,class_11,11,class_11,1,0.9999992847442627,5.142539976077387e-07,2.78381922438616e-19,3.109586592499401e-16,3.6877421655376243e-16,2.0638749206261118e-16,1.2192657816923115e-23,7.903221062021548e-17,2.0094981234564102e-11,1.6488070286868606e-07,1.5547811926808208e-08,5.61244569972126e-22,0.9999992847442627
TCN,43,12111,33,11,class_11,11,class_11,1,1.0,7.500142963896136e-32,2.226968202134516e-28,7.956220372209386e-33,7.928914469435e-12,1.3692788557223633e-32,4.119817485114962e-43,2.9723833529053667e-13,1.1833285920662441e-22,2.7874789586056405e-25,1.0505668971976424e-26,7.889530974578943e-37,1.0
TCN,43,12112,33,11,class_11,11,class_11,1,0.8377810120582581,0.0006348841125145555,2.4897979186179475e-13,3.4451315134020888e-09,1.8828283376848276e-09,2.397966714084987e-09,6.1657029563452305e-18,1.0092047857124253e-11,1.3408193666464285e-08,0.02950892224907875,0.13207517564296722,4.760384985271068e-16,0.8377810120582581
TCN,43,12113,33,11,class_11,11,class_11,1,1.0,5.605193857299268e-45,1.2001887688023775e-32,6.461807608541029e-41,1.2035062706753142e-20,1.401298464324817e-45,0.0,5.365909728418337e-21,1.7371014706070206e-33,4.4068576034926104e-30,8.407979120462508e-37,0.0,1.0
TCN,43,12114,33,11,class_11,11,class_11,1,0.9531350135803223,3.7491971361385566e-24,2.5406862854323902e-18,7.031016627448695e-21,1.2196448295753726e-09,1.562556575836732e-26,3.317896564009495e-30,0.04686499759554863,2.4045912932248062e-19,1.341766181954057e-19,2.943696097590426e-26,1.0619739461373892e-29,0.9531350135803223
TCN,43,12115,33,11,class_11,6,class_6,0,1.0,2.8418435169370864e-22,4.782107644555325e-28,2.1838077854430794e-24,6.499522549286545e-19,2.9510497916376447e-30,4.991083626718168e-33,1.0,1.1439148135447772e-23,7.546046781896877e-28,2.472454590030156e-32,4.253629997810575e-38,8.522715411012072e-14
TCN,43,12116,33,11,class_11,11,class_11,1,1.0,0.0,0.0,0.0,2.136349954939582e-36,0.0,0.0,2.7609263771175163e-33,1.081143638266788e-35,3.5636952618622095e-37,0.0,0.0,1.0
TCN,43,12117,33,11,class_11,11,class_11,1,1.0,9.001871674154958e-32,4.769099320358111e-21,1.2203222636596287e-24,9.813612553813997e-17,3.4244575470523657e-35,1.6894747928639835e-38,1.4459656074491262e-13,3.001709145497128e-23,8.61170869483638e-21,1.5840861663138728e-28,5.26514067555628e-34,1.0
TCN,43,12118,33,11,class_11,11,class_11,1,1.0,0.0,0.0,0.0,1.912693931089373e-39,0.0,0.0,3.064639741478375e-42,8.243745819404868e-38,8.122066029073072e-41,0.0,0.0,1.0
TCN,43,12119,33,11,class_11,11,class_11,1,1.0,0.0,2.0879347118439774e-43,1.401298464324817e-45,9.003402810648202e-35,0.0,0.0,1.242383078832071e-34,5.627599270945846e-32,7.876702954822059e-34,1.1210387714598537e-44,0.0,1.0
TCN,43,12120,33,0,class_0,0,class_0,1,1.0,1.0,1.0451239765916823e-16,1.1900362917316443e-09,2.513691502567712e-16,1.5094260476938848e-12,5.020356833750725e-18,6.788377896599183e-20,3.854971847226816e-18,6.631382942767772e-11,1.0116356852977587e-18,1.1685613683559965e-22,4.694710923442571e-22
TCN,43,12121,33,0,class_0,0,class_0,1,0.9414170980453491,0.9414170980453491,2.7398790791721694e-08,0.05826158821582794,8.416531471766575e-08,1.0293397245675351e-08,2.083601069458041e-10,1.092989847933934e-12,1.6684522208265662e-08,0.0003211372240912169,3.732803996459033e-12,4.002940557149004e-13,1.740852145597216e-12
TCN,43,12122,33,0,class_0,2,class_2,0,0.7181785702705383,0.28102198243141174,5.5590625436252594e-08,0.7181785702705383,7.412334923628805e-08,8.938841888905813e-10,6.710045297175782e-10,8.442878557737843e-13,3.1535921607428463e-07,0.0007990056765265763,1.6444565978032677e-12,3.7663674262722324e-12,3.06298107537184e-12
TCN,43,12123,33,0,class_0,0,class_0,1,1.0,1.0,1.112389205508641e-15,2.518910253990203e-11,2.891879773164615e-19,4.124638998403984e-12,5.518739152189471e-14,3.5282355052683704e-18,6.250959428105305e-19,7.460604535417317e-14,3.388952103384435e-21,1.0046305186702975e-22,1.235529388711697e-20
TCN,43,12124,33,0,class_0,0,class_0,1,0.9831185936927795,0.9831185936927795,6.650998329860158e-08,0.0168810673058033,7.172878735417498e-09,5.2991171450855745e-09,8.541936935557715e-09,4.0320224936607474e-10,7.2265997630438505e-09,2.606378757263883e-07,5.270620094879885e-13,2.6174602849732276e-13,1.5234588764123647e-12
TCN,43,12125,33,0,class_0,0,class_0,1,1.0,1.0,2.7578582999102444e-14,3.7375336603417963e-08,8.520167435321568e-17,2.262747975101398e-11,1.7451558048057342e-13,4.564741926646184e-19,2.928710012272415e-15,3.3338508842462033e-08,4.386389895858446e-18,1.0866776759046919e-17,4.2253047433698696e-19
TCN,43,12126,33,0,class_0,0,class_0,1,0.9994176626205444,0.9994176626205444,1.2649473482562179e-11,0.0005822641542181373,1.8578250916834183e-12,3.3047061181318282e-12,8.952620545940593e-13,2.2310149028496786e-16,6.0213630956318376e-12,6.663351115321348e-08,4.181457553459659e-18,6.478224447631136e-17,2.212165094507208e-18
TCN,43,12127,33,0,class_0,2,class_2,0,0.5703151226043701,0.4296620190143585,1.5867136937686155e-08,0.5703151226043701,1.400792370986892e-06,7.930066603378805e-10,2.6324222315854406e-11,3.0483966045879995e-11,9.822750968169203e-08,2.1334442863008007e-05,6.583892231317584e-14,1.1400448185309997e-13,5.366024024590615e-15
TCN,43,12128,33,0,class_0,0,class_0,1,0.9993413090705872,0.9993413090705872,1.0296799857201222e-08,0.0006512140389531851,4.5420524230621595e-08,4.328137293008183e-10,3.579304908019054e-11,3.892477052486187e-12,4.7048316353937025e-09,7.4384270192240365e-06,1.0531790825725473e-13,3.016167231337935e-13,5.334012531931507e-15
TCN,43,12129,33,0,class_0,0,class_0,1,0.9999566078186035,0.9999566078186035,8.863812461790133e-11,4.3437063141027465e-05,3.791703496319743e-12,6.68312540724747e-12,9.292628298795957e-12,4.052293287574614e-15,2.7366055602162653e-11,3.124853265035199e-08,2.921717397950806e-17,1.1137851369815398e-14,1.7926651617804315e-17
TCN,43,12130,33,0,class_0,0,class_0,1,1.0,1.0,3.410475988770178e-16,2.997642412072565e-11,6.943877770495437e-19,8.560541022524428e-15,9.665599899028412e-16,2.0342191060026567e-18,1.831074094112443e-18,3.2799495880268294e-15,3.1536807139761046e-24,1.1463578242603817e-21,8.38660431990166e-24
TCN,43,12131,33,0,class_0,0,class_0,1,1.0,1.0,1.681411265546084e-24,7.193622241300721e-21,9.806442868593636e-29,4.2662160624909767e-19,9.954326529509101e-24,3.5690392393508116e-31,6.525109199854264e-27,1.517909511259308e-18,8.16953906059404e-26,7.880566037743148e-30,1.365738914435074e-29
TCN,43,12132,33,0,class_0,0,class_0,1,1.0,1.0,4.2389856489570066e-16,2.2164349348929857e-12,2.923201484046818e-19,4.765665726630397e-12,1.0746789810595243e-14,1.682423740977223e-18,5.820092937747739e-19,2.2154942946406644e-14,4.929972217009037e-22,2.29435728699719e-21,1.3316969705185858e-21
TCN,43,12133,33,0,class_0,0,class_0,1,1.0,1.0,1.0300961192074962e-29,2.6868876560992226e-24,3.8815273314590145e-36,2.4516918458764993e-22,4.953698892951591e-25,7.790743580687498e-38,5.792320780047794e-33,2.456894864751584e-24,1.648141086694347e-32,8.754270902698952e-35,3.7960438813308274e-34
TCN,43,12134,33,0,class_0,0,class_0,1,1.0,1.0,2.0213751640544033e-21,4.1698944949384534e-15,3.589847627714365e-24,1.0601219787071303e-15,3.47758846420797e-20,5.014211303655447e-26,8.145683675092266e-23,1.1654747356203708e-17,1.6441860238339716e-23,2.546976629092767e-28,3.084234133045878e-25
TCN,43,12135,33,0,class_0,0,class_0,1,1.0,1.0,1.0460017135331074e-23,2.1748283950442182e-17,1.1025654957670214e-25,4.5601795085800716e-20,1.562371523859509e-23,4.359759874435954e-28,9.405372868796352e-27,7.99374903950315e-21,1.2864402367558115e-26,2.7203301746166397e-34,1.1414643749148892e-24
TCN,43,12136,33,0,class_0,0,class_0,1,1.0,1.0,1.9383093695086832e-14,4.451391255599901e-09,9.823426224601326e-17,2.1099145176774366e-14,6.478517203393531e-16,1.1717687529012868e-18,2.7460230777916855e-17,2.4360597089892466e-13,1.066820551149126e-21,4.516170672714766e-21,5.448014144241799e-23
TCN,43,12137,33,0,class_0,0,class_0,1,0.8526283502578735,0.8526283502578735,2.0773610742708115e-07,0.14735187590122223,1.030929865919461e-06,3.3432159263213634e-09,1.1906599317601518e-10,7.637214645417334e-12,1.4639573109320736e-08,1.8538154108682647e-05,2.7768523157972735e-12,6.309116776107362e-14,3.126417852904184e-13
TCN,43,12138,33,0,class_0,0,class_0,1,0.9999998807907104,0.9999998807907104,4.016511312454098e-14,3.272930371167604e-08,1.8280744476981115e-16,1.4734803654992135e-10,1.6702204940280407e-13,5.786003894126239e-18,3.469050964050773e-15,6.607731961594254e-08,1.2254952917394635e-17,1.0556936408280481e-17,1.8651819354133628e-17
TCN,43,12139,33,0,class_0,0,class_0,1,0.9843994379043579,0.9843994379043579,1.1503826780057125e-09,0.014683225192129612,8.367943005183065e-10,6.523705131655788e-09,2.5041383897028702e-11,3.111777125580119e-14,1.7627369564010564e-09,0.0009173515718430281,3.097129486467204e-13,1.5786097472617056e-13,1.0128711020948589e-12
TCN,43,12140,33,0,class_0,3,class_3,0,0.9999706745147705,3.608636234275764e-08,6.622871695505239e-11,4.031564415640787e-08,0.9999706745147705,2.3015425654193677e-07,6.167339533187167e-17,1.4723515739945015e-08,2.1276784500923185e-10,1.3897513895244629e-07,2.8898359232698567e-05,7.281668020628546e-16,1.8622475783658388e-10
TCN,43,12141,33,0,class_0,0,class_0,1,1.0,1.0,1.1072510432664117e-20,1.7260522408770872e-16,2.49961669203605e-23,2.3901884872647595e-15,9.542515489537983e-21,1.2956098915145102e-19,8.454667041588902e-25,1.3534739541724648e-20,7.484324579039155e-28,1.2557951572591626e-28,1.4830635862705554e-26
TCN,43,12142,33,0,class_0,0,class_0,1,0.9999998807907104,0.9999998807907104,1.7997434055214145e-12,1.4400475256692857e-10,2.9630884876806485e-13,1.4656092162113055e-07,1.2771289017651788e-13,2.611510827195667e-14,2.9488886664166174e-15,1.488044583386472e-11,4.708683258840968e-14,5.931513649270749e-18,1.3823424174468492e-16
TCN,43,12143,33,0,class_0,0,class_0,1,0.9845065474510193,0.9845065474510193,8.891224467788561e-08,0.015493194572627544,9.95961784155952e-08,1.7001271501726478e-08,1.7448269218345303e-10,1.6722580264971754e-10,4.531895136938857e-10,1.4933506875536295e-08,5.682351019841575e-14,5.675805572741667e-15,1.7529383901119188e-15
TCN,43,12144,33,0,class_0,0,class_0,1,0.9999810457229614,0.9999810457229614,2.3929306453007726e-11,1.8975080820382573e-05,1.8107966298294698e-12,2.283933979441155e-11,9.69327374443496e-13,2.3897398816752347e-13,2.826008199154073e-13,3.859591465871226e-11,3.6989134713207245e-18,8.827621039148546e-18,5.014000260935985e-19
TCN,43,12145,33,0,class_0,0,class_0,1,0.9999998807907104,0.9999998807907104,1.943117636737067e-14,7.891317466146575e-08,1.2167843354267288e-17,1.6567423702460587e-13,9.137431445976809e-15,1.3105289789451595e-16,2.3296747859167974e-17,8.858827751246089e-17,7.722157507942312e-23,1.3584692183240061e-22,1.414552684846406e-22
TCN,43,12146,33,0,class_0,0,class_0,1,1.0,1.0,1.001585061192263e-21,1.8293173626690888e-15,4.669023545553003e-24,1.9655434282621767e-17,3.0344203925809336e-21,1.0515157913071734e-21,3.2763725266664454e-23,1.5263418565981225e-16,2.8300105714961862e-28,1.5630665620860056e-26,4.803150836610186e-28
TCN,43,12147,33,0,class_0,0,class_0,1,1.0,1.0,1.2862220549625002e-22,2.6023642054422125e-16,5.779013553640932e-25,2.07937117332917e-18,2.088325852189383e-22,1.7941907762206028e-20,2.7103882662000158e-25,2.906066437657782e-20,4.985037853560378e-31,3.9536287353748775e-30,5.201310100241614e-30
TCN,43,12148,33,0,class_0,0,class_0,1,0.9999996423721313,0.9999996423721313,2.488874731310098e-11,3.449172254477162e-07,2.054728132430683e-12,1.3739347159980042e-10,2.0072557168921562e-13,7.628327223369036e-13,1.330299717903832e-14,5.155034819154247e-12,1.5208655238963274e-17,1.6559352464141672e-18,1.6964078496178914e-18
TCN,43,12149,33,0,class_0,0,class_0,1,0.9999994039535522,0.9999994039535522,2.5228549718064874e-12,5.415291752797202e-07,3.7926425373738595e-14,5.267085378957148e-12,6.426562298815497e-13,8.12827181864012e-14,1.9884489766016332e-14,2.1395515567568246e-12,1.5169360230759096e-18,1.1427001786101014e-18,3.3466118717604084e-18
TCN,43,12150,33,0,class_0,0,class_0,1,1.0,1.0,6.382927227131102e-14,2.861920249397354e-11,1.551296056029165e-15,6.115193351696746e-10,1.8542377072520207e-15,5.944049472192316e-15,2.2524669055939553e-17,1.6139507265366948e-12,1.4568441433084995e-18,8.114712894979093e-20,2.110440309781209e-19
TCN,43,12151,33,0,class_0,0,class_0,1,0.9997480511665344,0.9997480511665344,4.2916951770166634e-08,5.380874790716916e-05,0.0001510612783022225,2.6420922949910164e-05,6.289553600158371e-11,2.042467173168916e-08,4.93491469910623e-09,2.0250417946954258e-05,2.3844285124141607e-07,8.714828582086567e-14,2.29185275202326e-08
TCN,43,12152,33,0,class_0,0,class_0,1,1.0,1.0,5.680977702328571e-19,3.862009334442295e-17,1.3651982700031236e-20,3.345598451054421e-11,2.3548053277950282e-20,5.425442482559275e-18,4.74963148277293e-23,9.703096988812176e-16,6.981713098551421e-23,5.93508931396036e-26,2.7437844461035144e-23
TCN,43,12153,33,0,class_0,0,class_0,1,0.9976587295532227,0.9976587295532227,1.5613218238286208e-06,0.001250431057997048,0.0005264679784886539,9.883439633995295e-05,1.7673313923438627e-09,2.7281972236892216e-08,3.9212672220401146e-08,0.00046277273213490844,1.1396301715649315e-06,7.550154078328486e-12,1.2253166481457356e-08
TCN,43,12154,33,0,class_0,0,class_0,1,0.8944063186645508,0.8944063186645508,5.102628165332135e-06,0.10092198848724365,0.0035120747052133083,4.792934487340972e-05,6.818898778959692e-09,2.4282075017367788e-08,5.931807436354575e-07,0.0011048925807699561,1.052334368978336e-06,3.645332646851074e-11,7.914497501815276e-09
TCN,43,12155,33,0,class_0,0,class_0,1,1.0,1.0,1.4490068278035715e-26,1.7774442260306862e-22,5.995615976545804e-27,4.252324339584973e-19,2.3402806755985278e-27,4.912728045984257e-26,9.969647827177056e-30,6.516519172169949e-22,5.515312063278463e-28,2.2364684030059325e-36,2.0797447553965904e-25
TCN,43,12156,33,0,class_0,0,class_0,1,1.0,1.0,1.496867328945666e-21,1.6517656357414405e-18,7.457501237563394e-22,1.54133975548143e-14,4.973986364117045e-22,2.1888696205061833e-17,3.18474764647147e-26,2.7780462529390734e-22,1.733405561202781e-28,3.2607126194634615e-30,2.5020646457540866e-26
TCN,43,12157,33,0,class_0,0,class_0,1,1.0,1.0,4.1256608865711126e-20,5.137946215740528e-16,2.7668262527296787e-21,8.486019910857942e-15,1.9957089371034262e-20,6.385178374683619e-18,6.607830263711388e-24,2.4743001298901227e-20,7.789364187357493e-26,1.9672951881034064e-28,7.002995145824654e-24
TCN,43,12158,33,0,class_0,0,class_0,1,1.0,1.0,3.0194051494243627e-24,3.319517415699869e-19,1.6569699757936696e-28,9.631429456698734e-19,1.7666151221770466e-22,1.924549437803099e-26,9.571396504094287e-27,7.56238010558591e-22,1.0902751857436058e-29,6.24594277755748e-30,2.8256293216139483e-29
TCN,43,12159,33,0,class_0,0,class_0,1,1.0,1.0,7.745919588751154e-20,1.0202752062927933e-16,7.777970521391966e-24,2.0821021908543416e-14,2.2890793980908973e-19,2.1810112340910256e-23,1.1746037904544997e-22,4.23778722968554e-17,3.0999958500335107e-23,4.009422528640725e-26,1.524026572978526e-23
TCN,43,12160,33,1,class_1,1,class_1,1,1.0,1.2870194024086876e-26,1.0,2.3446109394947536e-30,1.5020698974941477e-32,1.1074200336806169e-20,3.809106740286115e-15,5.610511878209592e-26,7.253312556290811e-27,1.4608050007364816e-20,3.090222974133977e-21,2.2846761605939127e-17,7.44496251435596e-23
TCN,43,12161,33,1,class_1,1,class_1,1,1.0,0.0,1.0,0.0,0.0,0.0,6.0688367515434955e-27,0.0,0.0,1.5074266442995357e-38,1.5414283107572988e-44,2.56398438666379e-38,2.4312528356035576e-42
TCN,43,12162,33,1,class_1,1,class_1,1,1.0,1.348106702295035e-17,1.0,3.7938125038036036e-20,2.6471720830612453e-22,5.891929197136825e-13,5.774774436417829e-09,3.480923669362481e-18,4.453161966699387e-22,2.0487058840297674e-16,4.173174799433285e-14,1.2978788542213158e-14,1.4144416243381124e-19
TCN,43,12163,33,1,class_1,1,class_1,1,1.0,0.0,1.0,0.0,0.0,3.881456616333311e-41,2.8413765448641175e-30,0.0,2.6505140063164617e-39,5.209060870649922e-35,1.5574622480457962e-38,7.234262316542402e-30,1.961817850054744e-43
TCN,43,12164,33,1,class_1,4,class_4,0,0.9999977350234985,2.534299814174409e-16,2.2727790565113537e-06,3.9773506982856724e-24,1.429432287707166e-17,0.9999977350234985,1.0373455803928174e-14,1.5144892186880746e-16,3.931690324686213e-23,1.2611563714356046e-18,5.167595545267981e-16,1.526865389289071e-20,1.963594942290762e-20
TCN,43,12165,33,1,class_1,1,class_1,1,1.0,9.677364800877582e-32,1.0,3.7695253257070016e-32,1.2422832661035793e-27,8.836370464529643e-20,2.8711203480677135e-16,4.306321096269042e-28,5.545908484155067e-26,1.748731274691061e-24,3.0626909459917456e-21,1.0093785777955141e-22,1.7043180381272768e-30
TCN,43,12166,33,1,class_1,1,class_1,1,1.0,0.0,1.0,0.0,0.0,2.2350710505980832e-42,1.1350199681070645e-33,0.0,1.192090489054672e-38,0.0,0.0,2.925911193510218e-42,0.0
TCN,43,12167,33,1,class_1,1,class_1,1,1.0,2.696658764746678e-40,1.0,0.0,3.006942834736228e-33,2.5492758015640748e-24,1.2376200697071328e-26,2.6181840777162504e-33,3.9847682595761475e-33,1.5735949129768185e-35,1.3772401759033454e-34,5.73818084571414e-31,1.575444824252551e-35
TCN,43,12168,33,1,class_1,1,class_1,1,1.0,4.65334225535299e-16,1.0,2.71646242409385e-19,5.819221263865518e-21,1.3687922323368795e-11,4.069669490291972e-09,6.4642976377915e-16,1.5096120625347885e-17,3.571465692631115e-11,5.5490407407932096e-11,2.3079588240548787e-10,4.671149873695414e-14
TCN,43,12169,33,1,class_1,1,class_1,1,0.999998927116394,5.13821385439428e-09,0.999998927116394,1.018207762028267e-12,2.864343484620946e-10,5.330682029125455e-07,4.0616509977553505e-07,3.850892049683807e-09,6.4997625337515075e-12,3.106703339028627e-09,8.442194143754023e-08,1.4005447468434795e-08,4.0025052716607945e-10
TCN,43,12170,33,1,class_1,1,class_1,1,1.0,1.1698585116254936e-16,1.0,2.421016515250695e-19,3.1605141411037692e-21,2.4240715337797702e-11,6.809891317516303e-09,1.3397816588252807e-16,2.1216142118774568e-17,1.3698734854794559e-11,5.5870825327319906e-11,2.106324142880922e-10,7.490714693219724e-15
TCN,43,12171,33,1,class_1,1,class_1,1,1.0,0.0,1.0,0.0,0.0,2.8806662680460016e-30,1.880762457552483e-27,1.554257338328039e-38,8.474492592850764e-41,1.0229478789571165e-43,6.487731630131038e-41,3.1621662582220084e-36,2.1504326233528643e-41
TCN,43,12172,33,1,class_1,1,class_1,1,1.0,0.0,1.0,0.0,1.0250498266536037e-41,3.7454447361832317e-32,2.173379404557365e-30,2.39683694531974e-40,1.620185858290541e-36,1.6538167916213885e-38,7.512547720200792e-38,1.4243246113090817e-32,4.278920632494709e-38
TCN,43,12173,33,1,class_1,1,class_1,1,1.0,1.844486366810408e-24,1.0,1.312124880404804e-31,6.523642376290891e-34,5.174624777220946e-18,5.105818198791745e-11,2.0782289406782808e-26,8.636293883368922e-26,7.427658061539031e-23,2.8861042440914367e-27,7.864576838164296e-18,3.0093995828291854e-25
TCN,43,12174,33,1,class_1,1,class_1,1,0.9999911785125732,1.689947140559589e-11,0.9999911785125732,4.820059282262257e-13,6.7658795233072055e-12,1.8297563428859576e-06,6.965211923670722e-06,1.2001498816971434e-07,9.239904848190594e-13,3.323384969999843e-11,1.0016884023633654e-11,1.3047900260243495e-10,1.843441371773835e-11
TCN,43,12175,33,1,class_1,4,class_4,0,0.8303059339523315,1.645525316007479e-08,0.16969363391399384,8.205148257882378e-13,7.212693109437396e-09,0.8303059339523315,4.283592147658055e-07,4.267793585199797e-08,2.5655375718823537e-13,2.0472982846780202e-13,2.5021512639611387e-10,2.5486049902434527e-12,2.235099583712541e-13
TCN,43,12176,33,1,class_1,1,class_1,1,1.0,6.893402809041243e-30,1.0,1.3481941604884578e-32,2.763523386782827e-22,3.263029088465888e-14,1.3542861550611123e-18,1.444575031889943e-26,1.1223752229075117e-24,6.175711488315882e-25,1.839159577804996e-18,8.749316253235039e-23,3.4864344226089237e-28
TCN,43,12177,33,1,class_1,1,class_1,1,0.9999997615814209,1.1011285377496055e-16,0.9999997615814209,8.81728107469648e-19,5.600406596806273e-11,2.4115254859680135e-07,3.1459912799847167e-12,8.217118825648573e-12,3.1200932950562615e-15,5.82788483270702e-13,1.9885448843126596e-10,5.1030052172816934e-14,1.233536113965511e-14
TCN,43,12178,33,1,class_1,1,class_1,1,1.0,4.203895392974451e-45,1.0,0.0,7.643597637289018e-27,2.650007721997284e-32,1.0588951835365536e-34,3.2313143847205617e-39,4.3656587716904993e-32,4.008402822462177e-31,4.604707082468529e-33,2.438846654057802e-30,1.5576436612660265e-34
TCN,43,12179,33,1,class_1,1,class_1,1,0.995201587677002,2.335155357968688e-07,0.995201587677002,1.3519178831966627e-10,1.372252463570367e-13,6.706778367515653e-05,0.00473116897046566,7.501413379351618e-11,3.11241435905425e-16,3.0042315857237156e-11,3.2258207216528945e-10,3.2046347797631825e-09,4.547821537762009e-16
TCN,43,12180,33,1,class_1,1,class_1,1,1.0,7.027000682893845e-16,1.0,3.894308513901004e-15,2.5322277598271883e-16,1.1234000708848502e-11,5.115093237861856e-09,7.444300167622209e-14,4.957386386131146e-17,5.263794174842351e-12,7.680912850194233e-11,6.735651533057441e-13,3.6308558156589177e-12
TCN,43,12181,33,1,class_1,1,class_1,1,1.0,0.0,1.0,0.0,1.251031961113041e-37,3.867198914558352e-32,1.3357674722698982e-28,7.663701301392425e-41,3.19976151490676e-34,2.060742156859763e-34,6.283408157016775e-32,2.1222050279431164e-32,8.758115402030107e-43
TCN,43,12182,33,1,class_1,1,class_1,1,1.0,0.0,1.0,0.0,1.2611686178923354e-44,6.37473169324256e-35,1.067046548093285e-32,0.0,4.399348502778477e-40,1.2723790056069339e-42,4.933118737541049e-35,1.4427220800729073e-37,0.0
TCN,43,12183,33,1,class_1,1,class_1,1,1.0,3.414502938001246e-36,1.0,2.372745541861375e-38,9.913898926134507e-30,8.483285682635156e-26,4.926045936376894e-21,1.2907970635517896e-31,1.784295207384252e-26,3.960105878519095e-29,5.215501585870729e-28,3.666165575396543e-27,3.6943529584575675e-36
TCN,43,12184,33,1,class_1,1,class_1,1,1.0,6.461849647494959e-40,1.0,9.668959403841238e-43,1.0876938124918907e-32,1.4542564506087844e-26,4.0779956236121227e-22,1.4544952717605689e-33,1.0462982756985523e-28,5.149063363477464e-34,9.022823865691176e-36,2.930562077087276e-32,3.7891110475343054e-42
TCN,43,12185,33,1,class_1,1,class_1,1,1.0,4.711725956445765e-41,1.0,2.9287137904388677e-43,1.2984436951419858e-36,1.0794261100051096e-26,5.689473461142601e-21,9.602851205802316e-34,1.0922174086274426e-32,1.4966119716124593e-34,2.0339987563728907e-36,3.7069969020554064e-31,1.8932383032106874e-40
TCN,43,12186,33,1,class_1,1,class_1,1,1.0,2.712913826932846e-39,1.0,3.4205695514168785e-42,1.6789303694150535e-32,2.0212343997144756e-23,8.664223405110659e-23,9.343452582539217e-31,1.4677447277661677e-32,3.2433879673566137e-34,2.0624114506734268e-32,7.612948291857543e-29,4.771560699550579e-34
TCN,43,12187,33,1,class_1,1,class_1,1,1.0,0.0,1.0,0.0,0.0,9.143004446032347e-39,5.9386976124728865e-31,0.0,0.0,0.0,0.0,8.285541507921205e-40,0.0
TCN,43,12188,33,1,class_1,1,class_1,1,1.0,1.5256743977435243e-36,1.0,1.1546029525370545e-38,1.5786369888805156e-38,1.1604853259527058e-22,4.240485161971443e-18,6.6092940999277255e-31,2.574818782458596e-35,3.390715658998796e-33,5.244704461617473e-30,7.271788098543815e-28,7.865061666923881e-32
TCN,43,12189,33,1,class_1,1,class_1,1,1.0,2.1970694444498856e-23,1.0,1.5782567567433766e-24,8.439633257480104e-29,2.052210218151236e-16,2.324369342832089e-11,2.63040203617595e-22,2.265517856642614e-28,9.262163461987161e-21,2.3579178339566548e-18,1.4623167702411503e-19,2.9126004273853213e-22
TCN,43,12190,33,1,class_1,1,class_1,1,1.0,1.937086708207684e-32,1.0,2.8982520352843915e-34,6.262554103883752e-28,1.794082990709378e-18,8.224041408239015e-18,2.8191845726113956e-26,6.166994467461113e-27,3.965928386038153e-28,8.350554288653481e-26,4.8540744578136574e-23,3.871014706518861e-28
TCN,43,12191,33,1,class_1,1,class_1,1,0.8774710297584534,5.052132215181693e-13,0.8774710297584534,3.1928716695209964e-18,1.8419570339475722e-13,0.12252894788980484,9.315896498662823e-09,2.7753056797141795e-11,5.361511760966583e-19,2.5470011790976058e-15,7.680511782126587e-11,1.9418159165037266e-14,7.347695827053795e-17
TCN,43,12192,33,1,class_1,1,class_1,1,1.0,0.0,1.0,0.0,0.0,3.5032461608120427e-44,5.440035629087115e-32,0.0,1.7011342967363982e-39,1.2611686178923354e-43,0.0,1.6297101140097623e-42,0.0
TCN,43,12193,33,1,class_1,1,class_1,1,1.0,1.7032744395690756e-34,1.0,1.3828552465606367e-37,2.979681749526499e-29,4.236739365747195e-23,2.853209855009585e-19,2.710651604860584e-29,5.84278395988335e-26,1.9014055587262564e-30,4.955438670707802e-32,1.8106098815491947e-27,4.6658616594953925e-36
TCN,43,12194,33,1,class_1,1,class_1,1,1.0,3.1455763595552223e-28,1.0,9.545061675072477e-29,8.232734214673229e-26,3.0631982872038147e-18,1.5660221407162097e-17,5.122579714655503e-25,2.8128308536737405e-22,1.717265309232741e-23,1.2541987119429873e-24,7.09560583837579e-24,1.468845499937789e-28
TCN,43,12195,33,1,class_1,4,class_4,0,0.9997701048851013,8.300377746239818e-12,0.0002299513726029545,7.936599454099288e-18,1.4302784651087919e-11,0.9997701048851013,6.606675384719651e-13,1.5137918696339625e-09,1.3051968178787717e-20,4.061905840976529e-15,2.6728087592918005e-16,7.021773348584716e-22,4.150651362214714e-17
TCN,43,12196,33,1,class_1,1,class_1,1,0.9999998807907104,3.642004842781439e-14,0.9999998807907104,2.993062387527995e-17,2.9470623359965228e-18,1.5275491982436051e-10,6.693685605796418e-08,6.283554571132825e-16,1.5262214364523406e-21,1.5150421988537337e-15,4.83963813469046e-10,5.1987331540354065e-14,1.1070951714197337e-19
TCN,43,12197,33,1,class_1,1,class_1,1,1.0,4.522820309280325e-31,1.0,2.299978858974611e-32,2.802596928649634e-45,6.895289406944651e-32,9.90665015299097e-13,3.4995465535000217e-35,4.068155814630699e-39,5.067889841919657e-23,8.869586359440256e-31,1.1677146997236409e-22,6.283232428510649e-27
TCN,43,12198,33,1,class_1,1,class_1,1,0.9996724128723145,3.909415981789995e-16,0.9996724128723145,5.700930849666998e-19,1.192093146566859e-27,7.70365242341235e-16,0.00032757181907072663,1.9670319877977934e-22,9.354979043803489e-23,7.316071719619158e-17,6.255653411729387e-14,6.839918909040676e-11,7.432398547599558e-22
TCN,43,12199,33,1,class_1,1,class_1,1,1.0,3.223178445836692e-38,1.0,2.1019476964872256e-43,4.468315574968573e-33,3.235261158919988e-24,1.2268476224600038e-24,8.075190686088172e-34,1.6845022276842788e-28,2.4322423318287803e-29,5.175128436817161e-29,1.8123029665633055e-27,6.431208939217415e-33
TCN,43,12200,33,2,class_2,2,class_2,1,1.0,2.8948655403154486e-15,4.531939140605399e-16,1.0,4.7498746412583554e-20,1.7519526276790947e-28,4.246921767741622e-21,6.841673534441217e-27,1.0789210544082719e-16,8.672168004354478e-21,5.166517709712748e-33,3.564183507286435e-30,1.4704519129043915e-24
TCN,43,12201,33,2,class_2,2,class_2,1,1.0,1.3990113905741034e-15,1.551971713035366e-14,1.0,2.834608728178521e-16,6.270927739133157e-26,3.1483364511336618e-21,1.4735290620804324e-24,3.079760296613443e-14,3.910221721881071e-15,5.264652281016464e-29,4.713399535269627e-26,8.486123452363938e-21
TCN,43,12202,33,2,class_2,2,class_2,1,1.0,1.6170163365550013e-16,1.1821508390445052e-15,1.0,6.40256943347224e-18,6.277479097987781e-28,3.1269459260196295e-22,1.6746372245083137e-26,1.452865131261645e-14,1.2116022804996556e-16,3.36702865437104e-31,3.1576844403743418e-27,6.321425918590868e-22
TCN,43,12203,33,2,class_2,2,class_2,1,1.0,2.6535294953189046e-16,4.573727616937308e-15,1.0,3.8874921221370936e-17,4.052320692222006e-27,6.78868199048746e-22,1.531578377867252e-25,1.7964733636777717e-14,5.87419095926311e-16,2.7353200591092004e-30,1.5567827919378545e-26,3.3340195155029933e-21
TCN,43,12204,33,2,class_2,2,class_2,1,1.0,1.3023062742607903e-16,1.8158709263896636e-15,1.0,2.9736489217725183e-16,1.1156637915411177e-26,1.4136574223822888e-22,1.4773613237060928e-25,8.131249478262898e-15,5.59897587277744e-15,5.474640560593119e-30,2.6433422383081833e-26,1.886092157862378e-21
TCN,43,12205,33,2,class_2,2,class_2,1,1.0,4.501561892138899e-16,6.6108100913483785e-15,1.0,4.555648254543537e-17,5.1106681152833796e-27,1.3098710951590674e-21,1.9894862488495968e-25,5.83804041893142e-14,1.6290345164666781e-15,5.9011005071166384e-30,8.079876390549521e-26,1.569236908373533e-20
TCN,43,12206,33,2,class_2,2,class_2,1,1.0,7.997460094848489e-16,6.091418381937988e-15,1.0,5.1776089967168535e-17,2.121717671417709e-26,4.306156058315445e-21,3.117781922154599e-25,1.3059474020856582e-13,3.590151688036194e-15,2.3043121343463044e-29,2.788319095469701e-25,5.1744418927573893e-20
TCN,43,12207,33,2,class_2,2,class_2,1,1.0,1.2656058655507313e-13,5.303309705175906e-15,1.0,4.225194314758094e-18,2.596500540572775e-26,2.1116402386572937e-19,1.9586494295454746e-25,7.167192186963156e-13,3.745105777824527e-15,3.3272720812567383e-29,3.0464315240372345e-24,3.95965575427195e-20
TCN,43,12208,33,2,class_2,2,class_2,1,1.0,6.011913328409857e-15,3.889114507868441e-14,1.0,4.602393223575643e-16,2.7564229838812866e-25,2.942229740062835e-20,5.546634063624547e-24,2.1299303466781883e-13,1.1120036572868745e-14,2.5710001977365675e-28,1.3262147114491318e-24,6.371935109679069e-20
TCN,43,12209,33,2,class_2,2,class_2,1,1.0,4.8496155652204536e-15,7.143437961109039e-15,1.0,2.1188156944290674e-17,2.01238386107001e-26,1.2578138282843316e-20,2.278478538944394e-25,1.3514769815411998e-13,2.6129397294260377e-15,1.8416766783146474e-29,3.0186780661887818e-25,1.4040709120317142e-20
TCN,43,12210,33,2,class_2,2,class_2,1,1.0,1.1279183560449282e-13,3.7829977967199484e-15,1.0,4.3562739041166156e-18,2.6403088216085757e-26,1.700301285363602e-19,3.2199921644537565e-25,8.204853354891462e-13,4.2938336263301236e-15,3.4216212827463923e-29,3.59240945350407e-24,5.488678760178335e-20
TCN,43,12211,33,2,class_2,2,class_2,1,1.0,1.2793806922686423e-15,7.820074137397139e-15,1.0,8.596656495692102e-18,2.414790090322009e-27,6.030914473296954e-21,5.429064625545026e-26,3.2081034064077724e-15,3.9241254389059566e-19,1.735976992711024e-31,1.7161280436716832e-28,6.661412220748896e-23
TCN,43,12212,33,2,class_2,2,class_2,1,1.0,5.384646890968948e-15,7.806541939031804e-15,1.0,2.054135795355586e-17,1.674803162632322e-26,1.5107101641849982e-20,5.661036447036735e-25,1.0291108785455416e-13,7.374072433031294e-16,1.350579438360316e-29,9.073608786939505e-26,9.699926990754543e-21
TCN,43,12213,33,2,class_2,2,class_2,1,1.0,1.249796859563836e-14,1.2347934496724153e-14,1.0,1.1169086292080551e-16,2.399896065171486e-26,2.7185652723073246e-20,3.218248535334185e-25,2.8360246009245804e-13,1.6624629628976447e-16,1.5535709498659615e-29,6.817526378872885e-26,2.4087806399099605e-21
TCN,43,12214,33,2,class_2,2,class_2,1,1.0,1.0608183033172444e-14,1.5248601535101936e-13,1.0,5.206950728876489e-14,2.88754014658375e-24,2.2300971875775756e-20,4.873518932494269e-23,9.300723169056169e-13,9.48023330302715e-14,5.6257465233300795e-27,5.3807626476664404e-24,3.099836598075626e-19
TCN,43,12215,33,2,class_2,2,class_2,1,1.0,4.985801098963526e-15,5.291622175163102e-14,1.0,2.475269346926428e-15,2.6810603898961616e-25,2.020767178226241e-20,2.0742708988790684e-24,4.692897546260122e-13,1.9639763312829725e-14,4.193491453442088e-28,1.9137455932756447e-24,1.6041425731300782e-19
TCN,43,12216,33,2,class_2,2,class_2,1,1.0,3.919361207381945e-15,1.1641746187939297e-14,1.0,2.4619711414127724e-16,3.4117340519314565e-26,6.423598678164114e-21,6.800649168191844e-24,5.470948198052668e-14,4.0132532213983077e-16,5.393201484420128e-29,2.764941140913718e-26,1.4337915760642298e-20
TCN,43,12217,33,2,class_2,2,class_2,1,1.0,1.1759215469921602e-15,6.883046904112384e-16,1.0,5.209756042564868e-20,1.4334301760435597e-28,4.956695239893971e-21,1.1400930881425822e-25,1.3243141754639272e-16,1.265225479663906e-19,1.665788636446448e-32,3.9341479539874007e-29,1.1001765942041974e-22
TCN,43,12218,33,2,class_2,2,class_2,1,1.0,8.335070169327753e-15,9.288551441129396e-15,1.0,9.260097698606993e-17,2.1591537436023125e-26,8.847159516968491e-21,4.894903610571272e-25,5.83275723727017e-13,1.0612797668669086e-14,6.379227060285353e-29,1.1087026856982211e-24,7.23021577455953e-20
TCN,43,12219,33,2,class_2,2,class_2,1,1.0,2.42440417141086e-15,7.314486100411677e-15,1.0,7.84381758263942e-17,1.0964622699955769e-26,4.168768547933133e-21,3.210572672207352e-25,3.251518520576424e-13,3.7340215046767575e-15,2.0058432477007692e-29,5.711751328557262e-25,4.1060502437050703e-20
TCN,43,12220,33,2,class_2,2,class_2,1,0.9999972581863403,1.306609171986689e-13,1.2650478537976073e-12,0.9999972581863403,2.7426208362157922e-06,2.8238394321731215e-17,7.464258127828312e-21,3.7613275572603006e-17,1.3215433955493516e-11,4.947194298665636e-08,1.187433149709386e-19,6.159587506679049e-22,3.4593914135551746e-17
TCN,43,12221,33,2,class_2,2,class_2,1,1.0,3.010157894683751e-17,6.463567745265686e-13,1.0,2.192221881455736e-12,2.681563042204207e-24,2.5845092641538126e-22,5.005220712124983e-22,2.8616307203222684e-15,3.065341932378691e-15,4.772667217450425e-28,6.732337528533381e-28,6.24585218559003e-21
TCN,43,12222,33,2,class_2,2,class_2,1,0.9999996423721313,2.262182581286732e-14,1.7422916442910719e-09,0.9999996423721313,3.20429933253763e-07,3.697430750072723e-18,1.273345704942186e-18,5.078337330868691e-16,1.1599995053054868e-12,6.543122155200365e-10,4.367397312006346e-21,2.2437825434610317e-21,7.859333902744139e-16
TCN,43,12223,33,2,class_2,2,class_2,1,1.0,2.0791854349333505e-10,1.222115186827466e-10,1.0,5.12215603929605e-15,3.915344318936467e-21,2.7745080877412433e-15,1.3456610600959607e-17,4.1666331533937284e-16,1.1279896730427135e-16,2.9678219292624133e-25,6.010939522592524e-26,4.708618103478478e-19
TCN,43,12224,33,2,class_2,2,class_2,1,1.0,1.0555304547077426e-10,8.47932279945951e-11,1.0,8.726015367396779e-16,3.0445194277548965e-21,5.422388985032705e-15,1.3462625196629602e-16,3.2970836881212446e-16,3.993676490042248e-15,7.760239812515282e-26,7.6629036212747425e-25,9.357390516819357e-18
TCN,43,12225,33,2,class_2,2,class_2,1,0.9998607635498047,0.00013770180521532893,1.5271579059117357e-06,0.9998607635498047,5.80492276469613e-09,1.2002048931526038e-13,4.183743351759972e-10,7.51845200680501e-12,7.60074364558605e-11,4.033066415554121e-12,1.5672458981842003e-15,2.7206053064930336e-19,7.464486318007994e-15
TCN,43,12226,33,2,class_2,2,class_2,1,1.0,9.559690770509001e-18,5.934265394618582e-14,1.0,3.225265310358681e-14,3.891645348972195e-25,1.317934894441109e-22,1.3865309570977625e-23,9.380702484801796e-16,1.8294630523360165e-16,6.873918566998397e-30,5.905971063575372e-28,2.5148649378827525e-21
TCN,43,12227,33,2,class_2,2,class_2,1,1.0,2.546213795798684e-17,2.726026056363434e-13,1.0,1.420781081760275e-13,5.270691307839142e-25,2.177255088668034e-22,3.538402773755191e-23,1.5389184694500563e-15,4.294241313875549e-16,1.9235628561149624e-29,6.385438545467866e-28,7.49986970722714e-21
TCN,43,12228,33,2,class_2,2,class_2,1,1.0,1.5692101940586626e-16,6.38917846580711e-13,1.0,4.58202757420284e-13,1.4955529541489357e-23,1.4200195035413621e-21,1.7326571214533064e-22,2.6385327028723843e-14,1.1323350568824553e-13,1.0317725750202435e-27,3.4398979886215603e-25,7.994976691854452e-19
TCN,43,12229,33,2,class_2,2,class_2,1,1.0,3.4982193376828627e-16,9.893352277820164e-14,1.0,4.201060648716202e-15,6.696102812929487e-26,1.800394550035394e-21,2.418785783281262e-24,2.0321900121077294e-15,6.766718740946153e-18,4.047725835644077e-30,1.4762603302236798e-28,3.543402384845865e-22
TCN,43,12230,33,2,class_2,2,class_2,1,1.0,7.256792822901703e-14,1.130576752009227e-12,1.0,3.704797428040474e-13,9.881048293390035e-23,1.4824578426749923e-19,2.423128770220257e-22,1.4984474978104595e-13,8.571508574532066e-14,1.90499601033812e-26,1.2172259846066363e-24,2.47827835164862e-19
TCN,43,12231,33,2,class_2,2,class_2,1,1.0,3.4976187383837e-16,2.213147064699869e-13,1.0,1.0877385797636308e-11,9.147823539003727e-23,5.527228527118217e-22,1.4677584877607555e-21,5.205180514720022e-15,1.858026570328384e-14,4.029967964101459e-27,1.2572824277697665e-26,7.567318046686457e-21
TCN,43,12232,33,2,class_2,2,class_2,1,1.0,1.2235441745065204e-15,1.4007055877587188e-13,1.0,1.345368722026688e-13,1.0282423246321383e-23,6.440479140332591e-21,2.7867268783401254e-23,7.030197956984022e-14,6.629021469120935e-14,9.34079393405212e-28,3.1241394014935815e-25,2.0421875694879273e-19
TCN,43,12233,33,2,class_2,2,class_2,1,1.0,1.3013237160419753e-15,1.1694837806497382e-12,1.0,1.4756362364670705e-12,5.1900903914812716e-23,5.4139605209545714e-21,9.490923128055864e-22,4.3593393428225085e-15,2.761952306605856e-15,3.396241101086828e-27,7.911935145324558e-27,8.200126563367295e-21
TCN,43,12234,33,2,class_2,2,class_2,1,1.0,2.8193699003024875e-13,2.80786006424949e-12,1.0,4.278595503609019e-15,7.546703356806379e-22,2.22535870799549e-17,4.664704522630587e-21,6.802185327319226e-15,5.078972919907764e-18,2.0522466049845415e-26,4.828931296327155e-26,2.5750250406636526e-20
TCN,43,12235,33,2,class_2,2,class_2,1,1.0,1.5259043773157554e-17,3.071522308278332e-15,1.0,1.4315044744032848e-16,1.2431222974838516e-27,5.214897858139938e-23,3.577364889965374e-25,4.898549293858045e-16,8.305852879542959e-19,1.0202323533286729e-31,1.4973638881452352e-29,3.14425252453822e-23
TCN,43,12236,33,2,class_2,2,class_2,1,1.0,9.933237958163537e-16,5.113787865385078e-12,1.0,1.0410546730232895e-10,9.842793966849844e-22,6.55166707806135e-21,4.7108798608424425e-20,9.794025975699925e-15,3.046557621520611e-14,7.699731715894502e-26,2.6819079839609666e-26,1.7707865732054672e-20
TCN,43,12237,33,2,class_2,2,class_2,1,1.0,1.5617286977520628e-11,3.810217563682272e-08,1.0,1.3196509163204695e-10,1.9090340056891878e-18,1.2173388958382301e-14,3.770461814979703e-16,2.0483116071334795e-12,3.298372046409842e-13,1.853340773535715e-21,9.773948750364886e-22,3.2526253639395897e-15
TCN,43,12238,33,2,class_2,2,class_2,1,1.0,3.040660345207766e-17,1.4482372820510264e-13,1.0,3.0600044389648626e-14,2.401829760465409e-25,2.797549923742013e-22,1.6854843752807934e-22,1.2106603798623088e-15,1.6870720493422403e-16,1.9301782750106557e-29,6.654157291335898e-28,2.899321765270564e-21
TCN,43,12239,33,2,class_2,2,class_2,1,1.0,6.963059158322353e-18,2.093287430329424e-14,1.0,4.652241641917151e-16,2.156543299637091e-27,4.8560377748345715e-23,1.986256898822655e-24,6.189957959856817e-17,1.833380273660241e-18,1.37263180642129e-31,2.7915899392480345e-30,8.478964154684935e-23
TCN,43,12240,33,3,class_3,3,class_3,1,0.9718677997589111,2.9578716294054175e-06,3.1395659405575316e-09,5.940935243753387e-11,0.9718677997589111,7.513284572269185e-07,2.741143142311541e-16,0.027218494564294815,1.180940123468588e-09,1.5931210839426058e-07,1.0408630259917118e-05,3.1468419179041945e-14,0.0008994322852231562
TCN,43,12241,33,3,class_3,3,class_3,1,0.995360791683197,1.9067730505639702e-08,2.4857246927467713e-08,2.305361977705811e-11,0.995360791683197,0.0008965301094576716,6.69453506301973e-14,0.003737796563655138,1.5555778887232918e-11,6.930850338093819e-10,2.754011575234472e-06,1.0302062784935898e-14,2.1584430669463472e-06
TCN,43,12242,33,3,class_3,6,class_6,0,0.9815292358398438,4.061462104132385e-12,2.869017821710215e-14,5.926955884095582e-20,0.018437286838889122,1.6554678738955886e-09,1.0273326733451098e-21,0.9815292358398438,1.5191489586891574e-16,3.1766446027467476e-15,2.62184445974558e-14,4.915976183719733e-22,3.355683293193579e-05
TCN,43,12243,33,3,class_3,6,class_6,0,0.9997846484184265,6.665604246336443e-07,3.960845540440516e-11,2.3055359843482393e-09,0.00021466129692271352,8.252882821579988e-09,2.3723835396172177e-12,0.9997846484184265,4.988893673174566e-11,7.018422166138114e-14,1.2993125421878384e-15,1.4268570428497168e-16,3.960169525640822e-09
TCN,43,12244,33,3,class_3,3,class_3,1,1.0,9.772216630931025e-18,1.00442225676599e-17,1.1562141901688982e-19,1.0,2.0584237439558173e-12,3.007689480298086e-25,3.089907019485083e-12,9.454337738971797e-18,2.1197027939372422e-19,3.4053445149449454e-14,7.748390604028894e-23,4.104495081080949e-15
TCN,43,12245,33,3,class_3,3,class_3,1,1.0,2.1815150178571372e-34,8.96524150694181e-31,7.954980805380838e-39,1.0,2.4670835949881923e-25,0.0,7.137766509455328e-24,6.98522706747324e-31,2.146317916010885e-34,7.368825115826794e-28,7.289859533963535e-38,1.3518180279816756e-27
TCN,43,12246,33,3,class_3,3,class_3,1,0.9999997615814209,1.0687852836263177e-18,1.0981215707868528e-15,1.3760822735270567e-22,0.9999997615814209,2.535736030040425e-07,9.690025314576786e-26,1.6113528567007762e-10,6.245088012875699e-21,4.136916359015516e-18,2.6573172915572707e-12,1.471782366264092e-23,2.582452047344974e-12
TCN,43,12247,33,3,class_3,3,class_3,1,0.9872879981994629,3.1900003472085103e-13,2.8722477521392342e-11,5.865770988546259e-18,0.9872879981994629,0.011367397382855415,2.854223539000875e-20,1.3638604912102892e-07,1.768680688019053e-14,4.3259124581085384e-12,0.0013443956850096583,1.232275972461969e-16,2.377329721969801e-10
TCN,43,12248,33,3,class_3,3,class_3,1,0.999680757522583,5.378405498746019e-10,6.220318010674575e-11,2.338614545072115e-12,0.999680757522583,2.9974545068256475e-09,4.9777059124423884e-17,0.0003184382803738117,4.6195689634709325e-11,7.92291093842934e-11,7.135083279763421e-08,4.414667693755837e-16,7.146200005081482e-07
TCN,43,12249,33,3,class_3,3,class_3,1,0.9999998807907104,3.1912925817316327e-17,8.78459126911966e-17,5.246266312501763e-22,0.9999998807907104,7.25172422111342e-11,6.695280517880432e-27,9.892399077671143e-08,5.082320468147978e-20,5.0250335474979774e-17,3.0990891818939714e-13,3.9279470021972356e-25,1.731770638002672e-08
TCN,43,12250,33,3,class_3,3,class_3,1,1.0,3.823358916656616e-15,1.457741372884046e-15,1.0791803920739195e-16,1.0,1.1796535970276523e-10,3.43944238200575e-23,5.798556634850627e-10,1.3982004624062258e-15,6.356753570247765e-15,1.8176254945601045e-10,4.10387372471829e-20,2.241432517022246e-12
TCN,43,12251,33,3,class_3,3,class_3,1,1.0,5.872933380034233e-17,1.893104237553258e-15,4.3352823478414013e-20,1.0,4.888698335037134e-10,3.3890245460590836e-24,1.7137925523158515e-09,2.484480810375484e-17,4.146116162526657e-16,1.3689371858305321e-09,1.2545265931430002e-20,9.837326266082247e-12
TCN,43,12252,33,3,class_3,3,class_3,1,1.0,4.190589661728227e-24,5.682291065616294e-22,6.3803743126791e-28,1.0,4.6857998167379455e-15,1.700931509432219e-33,4.4008247931175376e-16,1.4583870978857685e-22,8.508156425799182e-23,3.7108455185695774e-16,5.245112662469186e-27,2.9187778772272494e-19
TCN,43,12253,33,3,class_3,3,class_3,1,0.9998912811279297,5.0589278544066474e-08,6.831284843356045e-11,3.187834718421101e-11,0.9998912811279297,5.0248846861222773e-08,4.415092269020648e-16,0.00010838996240636334,1.5442884471195129e-10,1.6129274305054508e-10,2.8256271988880144e-08,1.6162431542928357e-15,2.1053833165751712e-07
TCN,43,12254,33,3,class_3,3,class_3,1,1.0,9.86632164267306e-38,6.207091734724657e-35,4.203895392974451e-45,1.0,8.268254381378806e-29,0.0,7.017705506188719e-31,2.7521681727857225e-32,9.622129399251579e-36,2.0820107677357463e-29,1.9514099859706642e-38,5.881778976061438e-28
TCN,43,12255,33,3,class_3,3,class_3,1,1.0,3.432225031723013e-28,2.364961544873048e-26,4.5994753979234005e-33,1.0,3.915092368122936e-20,2.3361467088298323e-40,7.581736354062882e-21,1.3100170666897117e-27,2.59741081210169e-27,1.2627704496111142e-20,1.1448661402150023e-31,5.969276189067899e-21
TCN,43,12256,33,3,class_3,3,class_3,1,0.9999996423721313,2.5314019585383067e-19,6.659960131024875e-16,3.601520796959373e-23,0.9999996423721313,4.109221833914489e-07,6.3573191016113374e-27,3.2917735377779866e-12,1.0632976624294772e-21,1.3938363484842634e-18,4.549030965285417e-13,4.167268172356726e-23,1.4682672395613383e-14
TCN,43,12257,33,3,class_3,3,class_3,1,1.0,1.2699929683644395e-27,7.507623818650454e-22,2.272915658247141e-31,1.0,6.857467567896488e-16,3.711400415688954e-37,1.069846142761917e-18,1.2872262472847148e-25,2.7300627036952607e-25,1.0912845756082447e-17,4.094595522558255e-30,8.954760043466441e-21
TCN,43,12258,33,3,class_3,3,class_3,1,0.9999998807907104,7.74968813470003e-16,3.248842726555389e-15,1.1902019106277084e-20,0.9999998807907104,6.230080629165968e-08,5.630585430019072e-24,1.8628845688262174e-10,1.5720664735292266e-18,9.405025035882203e-17,8.172593157773633e-11,2.9418897599453463e-22,1.040637980518136e-13
TCN,43,12259,33,3,class_3,3,class_3,1,0.9999998807907104,1.1156071726137196e-13,6.906434923742086e-14,1.7710979937813964e-19,0.9999998807907104,4.626613314684391e-09,3.0416400475855163e-21,1.4983132246015884e-07,1.7431044434734148e-15,3.3960022074048515e-15,1.5003619874276453e-11,4.578275945636047e-18,3.215642812789965e-12
TCN,43,12260,33,3,class_3,3,class_3,1,1.0,2.2566535618509275e-26,7.4718451585119e-24,1.4078671273357756e-29,1.0,2.4512538198148226e-21,7.849477044001823e-39,8.52613637579163e-20,4.735618054154033e-20,2.0862395990849993e-22,5.376085293696338e-16,3.6006118812851384e-25,1.334109048571836e-18
TCN,43,12261,33,3,class_3,6,class_6,0,0.5135493874549866,9.088881036678487e-11,6.627288939853315e-09,1.264620741459055e-09,0.4846281409263611,6.915263917051107e-10,6.873088761267989e-15,0.5135493874549866,1.495461674494436e-07,1.1040463682165935e-10,1.3783571506387204e-10,4.649017173834202e-13,0.0018222980434074998
TCN,43,12262,33,3,class_3,6,class_6,0,1.0,0.0,0.0,0.0,0.0,0.0,0.0,1.0,0.0,0.0,0.0,0.0,0.0
TCN,43,12263,33,3,class_3,6,class_6,0,1.0,1.723597111119525e-43,0.0,3.6433760072445244e-44,7.006492321624085e-45,0.0,0.0,1.0,0.0,0.0,0.0,0.0,1.3556266441263105e-38
TCN,43,12264,33,3,class_3,6,class_6,0,1.0,4.142274603413063e-16,3.9066375482868785e-18,1.1982549470750592e-15,2.673688744361802e-12,5.3212160710163684e-18,2.5572385572304884e-20,1.0,7.639730287954417e-17,6.968894070976256e-21,1.149797279057086e-26,2.223611340137816e-24,1.4063426936666498e-14
TCN,43,12265,33,3,class_3,6,class_6,0,0.9999089241027832,5.527075463973574e-10,7.622218828329252e-11,3.903882078715171e-11,7.161471876315773e-05,8.015611091538588e-11,6.544353817541926e-13,0.9999089241027832,1.4863790198660354e-09,6.170241184308423e-13,1.2639226416779475e-13,4.2103541248068865e-14,1.9442899429122917e-05
TCN,43,12266,33,3,class_3,6,class_6,0,1.0,1.8216880036222622e-44,0.0,0.0,0.0,0.0,0.0,1.0,0.0,0.0,0.0,0.0,0.0
TCN,43,12267,33,3,class_3,3,class_3,1,1.0,1.6060247605753967e-16,3.61396390176588e-15,4.7959245355916126e-18,1.0,2.455147359286397e-13,1.0770750234758535e-23,2.3298900586610216e-08,9.9984896664157e-13,1.5142206065410502e-13,3.3418692813036444e-10,1.9979676840469488e-16,5.048324780432267e-08
TCN,43,12268,33,3,class_3,6,class_6,0,1.0,1.2529624754228336e-28,1.226290193622852e-25,6.638625421298953e-25,1.1651630953245914e-18,2.7391717309188787e-31,4.862002738991167e-32,1.0,8.745146018945678e-23,3.4087567183118294e-25,9.63971150229385e-39,5.351121236390917e-32,5.549802978288554e-11
TCN,43,12269,33,3,class_3,6,class_6,0,1.0,2.4291988123145503e-38,1.1210387714598537e-44,3.416844900098703e-38,3.8522612242419784e-36,0.0,0.0,1.0,9.808598795811206e-40,2.3780034939592146e-42,0.0,0.0,5.723708629464556e-31
TCN,43,12270,33,3,class_3,6,class_6,0,1.0,5.1594027152454096e-20,5.477605263429725e-23,3.7742655958499934e-21,2.3789259136815927e-16,8.714902985105677e-24,6.423362166817891e-26,1.0,9.165616782659304e-20,1.2797072787311686e-23,4.240940584309781e-32,1.7613819566126903e-27,2.2933066375270018e-14
TCN,43,12271,33,3,class_3,3,class_3,1,0.999983549118042,5.873980230171327e-13,1.2678895433548831e-10,1.1499203282291925e-12,0.999983549118042,1.564667423403776e-10,4.413171108960769e-18,8.317137144331355e-06,3.5811105192351533e-09,4.351884963504915e-10,1.1868761617961354e-07,5.06306910459664e-13,8.002869435586035e-06
TCN,43,12272,33,3,class_3,6,class_6,0,1.0,1.3804440867755573e-33,2.1019476964872256e-44,3.452211094949087e-35,2.365350120204754e-33,1.811738784525556e-41,1.4293244336113134e-43,1.0,5.091898229817088e-41,5.7032847498020055e-43,0.0,0.0,8.743286659893643e-36
TCN,43,12273,33,3,class_3,6,class_6,0,1.0,3.623176893107876e-27,7.761298342131316e-28,1.4915690783876725e-25,3.124653590892366e-24,2.688847971404244e-30,3.67132041340908e-32,1.0,7.441475526671455e-29,1.3399159554627637e-29,3.574572252646176e-41,3.412311979826305e-38,6.394770040372738e-22
TCN,43,12274,33,3,class_3,3,class_3,1,1.0,1.1322491591744522e-42,1.8007388202725156e-35,0.0,1.0,5.719399906349495e-34,0.0,2.7719657623854364e-25,5.03028425110168e-34,4.553519359823493e-41,6.264515322528546e-35,3.946056475538685e-42,1.333799116014766e-25
TCN,43,12275,33,3,class_3,6,class_6,0,0.9999991655349731,5.557255138941023e-26,1.30901290577486e-18,7.953322848886608e-20,4.560724627816759e-12,7.516116328335743e-25,2.6957823062431345e-27,0.9999991655349731,7.408682861000595e-18,8.3983873774707645e-22,6.721437906688263e-32,1.2361934756194268e-27,8.24283176825702e-07
TCN,43,12276,33,3,class_3,3,class_3,1,1.0,1.1210387714598537e-44,1.854570537074477e-37,0.0,1.0,9.339473373908743e-36,0.0,2.876220491987463e-29,1.0490723153745321e-35,3.194960498660583e-43,9.496573236214279e-37,2.7745709593631378e-43,2.2458037368053123e-29
TCN,43,12277,33,3,class_3,3,class_3,1,0.9999854564666748,9.524311635324649e-19,1.7442341918647887e-18,2.367001071951357e-20,0.9999854564666748,8.151877271627382e-15,1.787505193341161e-26,1.4508651474898215e-05,6.3485334463669074e-18,1.8859451200461483e-18,2.341341367746025e-15,2.5288132229991848e-23,6.323796486462641e-10
TCN,43,12278,33,3,class_3,3,class_3,1,1.0,5.925299919905116e-24,1.0995770851597784e-21,8.290019074939083e-28,1.0,5.61663494139325e-19,9.993310939882132e-34,2.745719504624461e-13,4.39817646833931e-22,4.573724020606421e-24,3.1814682092951287e-19,7.752066396942896e-28,5.641530596289259e-16
TCN,43,12279,33,3,class_3,6,class_6,0,0.9999973773956299,3.7863635288271394e-24,1.7480500923527694e-20,2.1402282145502373e-20,4.541226878047866e-13,1.9106175379193138e-25,7.135286947066895e-27,0.9999973773956299,4.013269401051089e-18,8.964169222934232e-21,2.993491720470694e-30,2.8986318020820934e-26,2.662103270267835e-06
TCN,43,12280,33,4,class_4,4,class_4,1,1.0,2.259776502676883e-22,3.1738701790348456e-25,2.015776136618158e-37,6.649545844677057e-26,1.0,7.563285855179105e-34,4.704333354101148e-24,1.1726990406456524e-39,2.2962221012853873e-36,6.17248263260143e-33,4.3019862854771884e-43,3.954374475603195e-34
TCN,43,12281,33,4,class_4,3,class_3,0,0.8584371209144592,1.529168273194212e-15,4.950943122139506e-08,4.389771518270196e-24,0.8584371209144592,0.14156292378902435,1.0693455118910084e-22,7.791198242124153e-12,1.4010318633858915e-19,2.803538103835355e-17,1.6799405616607643e-11,2.0169548126429093e-19,1.449241524313291e-14
TCN,43,12282,33,4,class_4,4,class_4,1,1.0,3.894081773768936e-17,1.3351778883896603e-11,1.183567459148345e-23,2.3404860948622597e-12,1.0,5.200005085638902e-21,1.5591203111211898e-16,5.773668169038282e-22,6.335875928633621e-18,1.4209153818833808e-11,4.876669473817944e-20,2.6727244414115417e-20
TCN,43,12283,33,4,class_4,4,class_4,1,1.0,8.702650739137608e-30,1.1906775060552485e-30,0.0,4.823372174266506e-33,1.0,3.867583761536495e-43,9.375034890483187e-34,0.0,0.0,3.4200090320311485e-41,0.0,2.1019476964872256e-44
TCN,43,12284,33,4,class_4,4,class_4,1,1.0,2.0064633288185973e-10,2.933306944780459e-14,8.942803007357855e-23,1.1051290665012718e-19,1.0,8.715394136721026e-18,7.947116021612134e-19,1.852058839854851e-24,1.2133724221951007e-18,1.6357617782271164e-20,2.274307567937834e-20,1.0215528630419546e-23
TCN,43,12285,33,4,class_4,4,class_4,1,1.0,9.283705700830485e-21,2.522288357586751e-16,1.8431021674000478e-30,5.261394385660146e-16,1.0,3.8394711518142064e-27,7.263199472238111e-19,2.4941394632922325e-31,1.6577359181325524e-27,4.0179304668675975e-21,4.190416931980789e-30,9.386626637089665e-27
TCN,43,12286,33,4,class_4,4,class_4,1,1.0,3.9623520935692935e-13,1.4708490348620582e-18,1.9006886764434414e-29,1.0376320571008935e-23,1.0,1.3318536824705734e-22,7.418224705062217e-24,1.3562439594386233e-28,7.365752044229631e-23,2.250779934065669e-20,1.7101493311970733e-27,2.745738232698617e-26
TCN,43,12287,33,4,class_4,4,class_4,1,1.0,5.058035817647572e-32,1.264574782095539e-33,0.0,8.992821460209045e-37,1.0,5.605193857299268e-45,9.596061391441764e-37,0.0,0.0,0.0,0.0,0.0
TCN,43,12288,33,4,class_4,4,class_4,1,1.0,1.2704591547971057e-18,2.4236088074733883e-15,1.2700316795563217e-27,2.6004775057266526e-17,1.0,4.183753393123582e-24,2.805644384848372e-19,6.907571634900856e-28,1.4349876848340494e-23,6.937077001691756e-18,3.132527211587377e-26,3.758668791812319e-25
TCN,43,12289,33,4,class_4,4,class_4,1,1.0,2.6386200183219172e-24,1.369361831917621e-18,1.989681026575004e-35,1.014742588603205e-19,1.0,4.353622567648955e-30,4.904462096164872e-22,4.47288170471417e-35,1.1603124181034514e-30,4.970550401558264e-23,1.7687292481418482e-33,1.5804751003302936e-30
TCN,43,12290,33,4,class_4,4,class_4,1,1.0,1.9415917915842675e-25,5.724711918799591e-24,6.912567489455786e-39,1.8423345514761915e-24,1.0,1.6509962798205477e-34,1.0398421791167672e-25,2.5335476234992693e-42,4.3125507754932226e-36,1.351613526618206e-32,9.556855526695252e-43,2.853807271166585e-35
TCN,43,12291,33,4,class_4,0,class_0,0,0.9997634291648865,0.9997634291648865,6.262346189622557e-18,1.3283646928079615e-19,8.407396800097113e-23,0.00023662083549425006,3.138497613699313e-17,7.399974218693312e-22,9.92514953074198e-20,3.951674491103896e-12,3.348723845843991e-16,5.21535811114648e-22,3.7642350971134245e-18
TCN,43,12292,33,4,class_4,4,class_4,1,0.9970321655273438,5.21074557200546e-13,0.0029678363353013992,1.4175096372300716e-18,4.4809822519198406e-09,0.9970321655273438,1.2938555392014162e-12,4.845501222483506e-10,2.3181682403750417e-16,8.252296839172642e-16,1.4494529708419801e-12,4.2739882928855555e-17,3.178159732931149e-16
TCN,43,12293,33,4,class_4,4,class_4,1,1.0,1.2687623846506513e-13,1.4096448971651002e-23,8.372442056810831e-32,8.026461706536585e-24,1.0,1.0959175736738805e-28,3.221374722076247e-21,7.307550171495504e-35,1.477768867514768e-30,2.9163798552940402e-30,8.28935312942727e-36,1.770640822361476e-32
TCN,43,12294,33,4,class_4,4,class_4,1,1.0,5.128130609350565e-18,2.676941337088503e-18,5.133209969724466e-29,3.186244794761589e-17,1.0,1.432589738734428e-26,2.154062067125105e-18,5.277659304683454e-30,2.7165044650355656e-26,1.0765625415664985e-21,6.32825220855573e-30,1.4210306646608135e-24
TCN,43,12295,33,4,class_4,4,class_4,1,1.0,3.5109045197090025e-32,5.8892592992207965e-34,0.0,6.652852748394056e-31,1.0,2.802596928649634e-45,4.9629845362877154e-33,0.0,1.401298464324817e-45,4.5084547222495784e-38,0.0,7.244881216375023e-40
TCN,43,12296,33,4,class_4,4,class_4,1,1.0,2.9953624124158268e-22,1.242710760763555e-18,2.418950091208358e-33,9.116976882430567e-19,1.0,1.729276848884501e-29,3.39247044826527e-21,1.6514694622145017e-33,2.2510603970789127e-30,3.7335059038728055e-24,1.0462997156497447e-33,4.1718700009214243e-29
TCN,43,12297,33,4,class_4,4,class_4,1,1.0,2.1677511526519555e-28,1.007028679986878e-37,0.0,4.4742058667427084e-41,1.0,2.802596928649634e-45,3.838146404436731e-38,0.0,0.0,1.401298464324817e-45,0.0,0.0
TCN,43,12298,33,4,class_4,0,class_0,0,0.921026885509491,0.921026885509491,2.7718036199608775e-12,8.330530655065621e-17,1.1985541614636767e-15,0.07897303253412247,1.2631476234718688e-14,2.876970275238807e-15,1.1613494204694463e-17,4.0830998304652866e-11,9.759474993561654e-14,1.0425434666003873e-20,5.716639250863409e-08
TCN,43,12299,33,4,class_4,4,class_4,1,0.9990897178649902,6.175272737607429e-09,0.0009085998171940446,9.962097471819323e-14,9.31653971747437e-08,0.9990897178649902,5.854952633832511e-10,1.6033716292440658e-06,4.463908355369778e-14,1.4113119527203732e-11,7.315883010505786e-09,6.393594421255644e-14,6.769748650548024e-10
TCN,43,12300,33,4,class_4,4,class_4,1,1.0,2.7374794601168703e-16,1.360360663092003e-13,8.800296231462766e-23,4.494602932024472e-13,1.0,6.3861679476525225e-21,1.5007606092641394e-14,2.4785731075537035e-25,1.168379286637297e-21,1.6611436098206226e-17,6.277560826750901e-25,1.4964904932466855e-21
TCN,43,12301,33,4,class_4,4,class_4,1,1.0,3.4044983713822858e-15,7.424958678491425e-14,1.377861311654435e-25,8.202888538819656e-19,1.0,1.7558537013268976e-20,9.760900634715177e-16,3.4311286286946226e-26,5.2953818653116546e-24,2.957378725801131e-18,1.0491142036777021e-24,1.440166982692529e-27
TCN,43,12302,33,4,class_4,4,class_4,1,1.0,7.141070779505257e-29,4.480845805600801e-25,0.0,5.734179556983489e-30,1.0,1.7430929618693307e-36,3.830000960063869e-30,5.885453550164232e-44,1.950088981908345e-40,3.965984779674337e-30,2.0879347118439774e-43,5.755132792982024e-42
TCN,43,12303,33,4,class_4,4,class_4,1,0.9996612071990967,0.0003388098266441375,8.448708183526089e-25,7.241797517449817e-32,2.892823888899042e-31,0.9996612071990967,4.551808774406089e-26,1.463270654972517e-28,6.883772404615199e-35,1.1573857573497386e-24,1.775878443153076e-31,3.446353443160455e-41,3.336484832049554e-24
TCN,43,12304,33,4,class_4,0,class_0,0,0.9999681711196899,0.9999681711196899,1.569145702262631e-08,3.6170166861637654e-10,3.066599670426245e-16,3.084261334151961e-05,9.503772844254854e-07,1.3378711760127487e-14,3.134285755603981e-15,4.427909705562172e-10,1.3676987060257106e-12,1.1108156088750556e-13,3.14760240441303e-12
TCN,43,12305,33,4,class_4,4,class_4,1,1.0,1.1045726582923591e-19,2.4376078072646092e-24,1.7078532426131428e-36,3.1564851144941653e-24,1.0,2.1480003404637896e-31,5.5668022818241415e-28,6.990971405308571e-35,1.1433632863732726e-26,4.760624101715004e-23,4.163144969976933e-35,7.569395793577656e-29
TCN,43,12306,33,4,class_4,4,class_4,1,1.0,5.074480088410682e-18,8.275760922361007e-15,1.4013407827000103e-29,2.95831000213069e-14,1.0,6.58661138447514e-25,1.3898381709934883e-19,7.891094705544593e-30,2.1554774237538772e-24,5.893288640547938e-17,2.949464510552171e-29,5.464355934318868e-22
TCN,43,12307,33,4,class_4,4,class_4,1,1.0,2.2088428863753506e-08,1.198001975399876e-10,5.3076560165167254e-17,2.4727664360568724e-09,1.0,1.3986218612974848e-15,1.7383860193356804e-12,3.837950951762313e-18,8.807897445249624e-13,6.474490648472608e-12,5.2208228144320326e-18,1.6124243867182697e-12
TCN,43,12308,33,4,class_4,4,class_4,1,1.0,1.9608338919882182e-16,1.8629757878510168e-19,1.1085433835825032e-29,2.356815986567675e-22,1.0,9.524307208805228e-26,1.747191023773617e-24,1.7361831509102713e-30,2.864631823111358e-24,2.6469311081428057e-21,2.879272188169655e-29,4.224318851096922e-28
TCN,43,12309,33,4,class_4,4,class_4,1,0.9987187385559082,3.315110461699078e-07,0.00031353466329164803,5.431374479943768e-14,7.174401162046706e-08,0.9987187385559082,7.004453961290125e-11,0.0009654867462813854,1.2638105622783669e-13,1.540795546706164e-10,9.895807728810269e-09,1.2332635726444025e-13,1.9040337519982131e-06
TCN,43,12310,33,4,class_4,4,class_4,1,1.0,3.0232554063284664e-16,1.2293532858365097e-10,1.2590374537847027e-21,2.1502918803179005e-12,1.0,7.689280722752058e-19,6.070196564367594e-14,1.7270020616137028e-22,3.746937535583416e-21,1.0630452085221131e-16,2.6290277773701827e-22,8.804098465295284e-21
TCN,43,12311,33,4,class_4,4,class_4,1,1.0,1.3097368600630801e-20,6.709347660782683e-11,5.382103914968704e-29,8.861920328817301e-21,1.0,6.938256884362683e-21,7.169569380051328e-21,4.820749352496234e-30,5.329538305290328e-28,1.5811199076773536e-23,8.525256973171401e-28,1.1559386387229118e-30
TCN,43,12312,33,4,class_4,4,class_4,1,0.9932283759117126,6.967551675490802e-16,0.0067716361954808235,4.770522232570415e-18,1.1442984580722904e-11,0.9932283759117126,1.1382316963959305e-11,3.474084897796964e-13,9.563268789879436e-16,1.716148618334046e-18,2.9534635154204736e-11,8.599774635729182e-16,8.954104115090081e-21
TCN,43,12313,33,4,class_4,4,class_4,1,1.0,3.0847173081213205e-17,1.757830695302642e-20,1.2552766570453652e-30,5.413547738441862e-21,1.0,5.1396814795235955e-27,2.554700671791535e-22,8.163497495141788e-33,8.114962828201972e-27,4.1740571832627677e-26,2.666449908764395e-36,1.821925259232854e-26
TCN,43,12314,33,4,class_4,0,class_0,0,0.7307613492012024,0.7307613492012024,4.285395334591158e-05,5.526318545889808e-06,1.784619207967353e-08,0.2691716253757477,2.091736860165838e-06,1.1845913583385936e-08,9.165566083879639e-10,1.3045383639109787e-05,3.0429643516072247e-07,2.5978676987392646e-09,3.156236516588251e-06
TCN,43,12315,33,4,class_4,4,class_4,1,1.0,4.200333725040868e-14,7.424892731723884e-20,8.961605945837676e-26,1.6914651352651574e-18,1.0,5.359367686047981e-27,8.197429163942419e-23,6.906398416307097e-32,1.6696686159316554e-18,1.2617490148405497e-21,1.1705491011896758e-33,5.93963087198034e-22
TCN,43,12316,33,4,class_4,4,class_4,1,1.0,9.97502688088181e-12,8.165115111813392e-11,2.2437000111922967e-19,1.546023725707002e-11,1.0,5.63234558276747e-17,5.6115837887907305e-14,1.292643621837895e-18,2.363091140952442e-14,6.0654672395799025e-09,1.102839130712753e-17,2.487564241914061e-16
TCN,43,12317,33,4,class_4,4,class_4,1,1.0,3.486157626926408e-34,4.16402943479353e-30,0.0,1.0378983210626102e-36,1.0,1.1056244883522807e-42,2.105685508800578e-36,0.0,0.0,0.0,0.0,0.0
TCN,43,12318,33,4,class_4,4,class_4,1,1.0,1.312496424251643e-22,6.833726822571726e-17,5.958985234374858e-31,1.2917901265421051e-19,1.0,6.1517688356927654e-27,8.212093508073722e-19,2.1905852188138536e-29,1.7628993727417487e-29,4.048809991551254e-21,2.900941345953882e-33,9.33145332428512e-30
TCN,43,12319,33,4,class_4,4,class_4,1,1.0,3.1341162551295306e-19,2.059682583993236e-14,1.8567380222402078e-28,5.941504005836919e-17,1.0,6.833311165111615e-24,1.9108563672967034e-17,2.0599919717934316e-30,1.1070654580451014e-27,3.9305316457886243e-22,5.62520163862836e-30,8.085422144342983e-27
TCN,43,12320,33,5,class_5,5,class_5,1,1.0,2.682303728753482e-36,6.723158389607485e-33,8.601995022688281e-35,0.0,0.0,1.0,0.0,0.0,0.0,0.0,7.158396124382354e-35,0.0
TCN,43,12321,33,5,class_5,5,class_5,1,1.0,2.191821878599483e-22,0.0,0.0,0.0,0.0,1.0,1.864773122338813e-28,0.0,0.0,0.0,0.0,0.0
TCN,43,12322,33,5,class_5,5,class_5,1,1.0,3.2719744609614105e-39,0.0,0.0,0.0,0.0,1.0,0.0,0.0,0.0,0.0,0.0,0.0
TCN,43,12323,33,5,class_5,11,class_11,0,0.8639119863510132,0.002326706890016794,2.0280258468119428e-05,2.638731530169025e-06,0.08645937591791153,0.00011995247041340917,1.4156009342514153e-07,0.04509156197309494,0.0013433918356895447,0.0006402601138688624,8.115097443806008e-05,2.573768369984464e-06,0.8639119863510132
TCN,43,12324,33,5,class_5,3,class_3,0,0.9317153692245483,7.908480093021808e-09,0.00033331880695186555,6.48211736023474e-12,0.9317153692245483,0.0004016796010546386,6.74502051434267e-11,0.006659424398094416,3.034279671965123e-08,9.846618631570436e-09,4.777734648087062e-05,1.0516028048357384e-09,0.06084240600466728
TCN,43,12325,33,5,class_5,5,class_5,1,1.0,4.265400772599729e-20,1.3251935015422956e-16,5.163520394485304e-19,1.401298464324817e-45,7.544515245981913e-22,1.0,4.5209927001292783e-38,1.9575848599723937e-29,4.49734686521552e-28,2.7870516472290455e-34,4.1863091993628537e-16,3.616037297503104e-35
TCN,43,12326,33,5,class_5,5,class_5,1,1.0,9.99115373142422e-31,1.009482292921194e-30,1.6527278743499137e-28,0.0,6.965940313520805e-37,1.0,0.0,1.034158266671715e-41,3.112829274627734e-38,0.0,1.0183175469462682e-27,0.0
TCN,43,12327,33,5,class_5,5,class_5,1,1.0,2.3064882929614766e-18,3.4345860581307866e-26,7.024616403287133e-23,0.0,3.9379845176590743e-25,1.0,4.7278070549385466e-33,1.6526744432754665e-24,2.047688652955836e-25,0.0,2.7707225945127464e-22,1.0378846638328949e-32
TCN,43,12328,33,5,class_5,11,class_11,0,0.8639119863510132,0.002326706890016794,2.0280258468119428e-05,2.638731530169025e-06,0.08645937591791153,0.00011995247041340917,1.4156009342514153e-07,0.04509156197309494,0.0013433918356895447,0.0006402601138688624,8.115097443806008e-05,2.573768369984464e-06,0.8639119863510132
TCN,43,12329,33,5,class_5,1,class_1,0,0.9610896706581116,1.8760471220957697e-06,0.9610896706581116,2.2591947868022544e-08,2.6290638069359495e-11,0.0009320140234194696,0.03796998783946037,4.733486380636975e-10,5.689277521314651e-11,1.0822954754630132e-09,4.100877504242817e-06,2.246602434752276e-06,3.801747978926517e-12
TCN,43,12330,33,5,class_5,5,class_5,1,1.0,0.0,0.0,0.0,0.0,0.0,1.0,0.0,0.0,0.0,0.0,0.0,0.0
TCN,43,12331,33,5,class_5,0,class_0,0,0.8755975365638733,0.8755975365638733,0.0004676745447795838,0.0005289855762384832,3.3667745924503834e-07,4.233749132254161e-05,0.03466267138719559,4.815326519747032e-06,0.0022775265388190746,0.08385883271694183,4.904542220174335e-05,0.0006323506822809577,0.0018779365345835686
TCN,43,12332,33,5,class_5,5,class_5,1,1.0,3.1653887713835068e-21,1.351416872311319e-18,1.1696034422118067e-17,0.0,3.7243587185181815e-32,1.0,1.668946471010857e-42,1.076073201539344e-30,1.3496596575523003e-26,5.546726932163246e-36,1.7485441750874656e-17,1.3750157089647577e-32
TCN,43,12333,33,5,class_5,5,class_5,1,1.0,9.931932130427533e-27,2.2689077506705464e-21,8.639160899721334e-26,0.0,2.9027632674923013e-36,1.0,0.0,1.0096077615147809e-33,8.522280558468622e-32,4.7075781129913635e-40,1.3877362636979604e-17,5.484682189367334e-42
TCN,43,12334,33,5,class_5,5,class_5,1,1.0,3.4458124033846143e-15,1.4562903771775382e-08,2.819164869095462e-17,2.009830539337905e-39,2.398373835386991e-21,1.0,4.010644338597444e-27,1.3850672099109068e-22,1.4768987236695413e-18,5.285850009690063e-26,1.0949564588358385e-09,1.3772365584694033e-24
TCN,43,12335,33,5,class_5,5,class_5,1,1.0,5.828596257337822e-36,8.633092817574781e-35,3.0646328717527834e-35,0.0,4.5004101480255825e-41,1.0,0.0,8.407790785948902e-45,4.946583579066604e-43,0.0,2.735162119688224e-31,0.0
TCN,43,12336,33,5,class_5,5,class_5,1,1.0,6.625649842699425e-24,4.03101759592115e-25,5.107036527915834e-22,0.0,2.8732693052742433e-30,1.0,1.1546699346036493e-42,1.921061328904774e-30,4.724174949604428e-29,9.276595833830289e-43,1.1039697857974758e-20,2.3175256943164984e-37
TCN,43,12337,33,5,class_5,0,class_0,0,0.8755975365638733,0.8755975365638733,0.0004676745447795838,0.0005289855762384832,3.3667745924503834e-07,4.233749132254161e-05,0.03466267138719559,4.815326519747032e-06,0.0022775265388190746,0.08385883271694183,4.904542220174335e-05,0.0006323506822809577,0.0018779365345835686
TCN,43,12338,33,5,class_5,5,class_5,1,1.0,9.99115373142422e-31,1.009482292921194e-30,1.6527278743499137e-28,0.0,6.965940313520805e-37,1.0,0.0,1.034158266671715e-41,3.112829274627734e-38,0.0,1.0183175469462682e-27,0.0
TCN,43,12339,33,5,class_5,5,class_5,1,1.0,9.931932130427533e-27,2.2689077506705464e-21,8.639160899721334e-26,0.0,2.9027632674923013e-36,1.0,0.0,1.0096077615147809e-33,8.522280558468622e-32,4.7075781129913635e-40,1.3877362636979604e-17,5.484682189367334e-42
TCN,43,12340,33,5,class_5,5,class_5,1,1.0,1.8006047956661315e-24,1.0388701853849943e-26,5.611683190283169e-28,0.0,3.687224878270791e-38,1.0,0.0,5.391663997305453e-40,3.1601024706853016e-37,0.0,6.0667998880343116e-27,0.0
TCN,43,12341,33,5,class_5,5,class_5,1,0.9960450530052185,8.055705620790832e-06,0.0033939664717763662,6.968257366679609e-07,1.335960799079335e-15,1.8622849040639267e-07,0.9960450530052185,8.926013547001441e-14,7.870527007902695e-10,4.1396880590127694e-08,5.704301031528303e-09,0.0005519955884665251,2.1368933011967073e-10
TCN,43,12342,33,5,class_5,5,class_5,1,1.0,1.1044038947249923e-12,1.6418443271604133e-09,5.397547101111677e-13,3.1020889197154783e-31,2.7922083887805804e-22,1.0,8.046986456739344e-28,2.5492434688692513e-19,1.1295459467937363e-13,1.755107597944917e-23,1.99336597575539e-12,1.372668507095817e-16
TCN,43,12343,33,5,class_5,5,class_5,1,1.0,1.3990829978924313e-12,8.154678646753177e-13,7.860441927718266e-17,7.635451124351636e-40,5.832513830127047e-20,1.0,1.1735676421128929e-32,7.287190333311757e-23,2.319449592774723e-18,3.727356683812801e-25,4.843417333866284e-13,1.5098939474374073e-25
TCN,43,12344,33,5,class_5,5,class_5,1,1.0,2.0928453468935931e-13,1.7940068900930232e-19,1.2774210178328752e-21,0.0,9.192352657893559e-31,1.0,3.783505853677006e-44,3.8870123473054164e-27,2.11019829923434e-27,2.721623625563826e-37,9.918077524245563e-19,7.710911451987274e-31
TCN,43,12345,33,5,class_5,5,class_5,1,1.0,1.0070330229561406e-21,7.069832492058534e-16,4.990937722792796e-23,0.0,3.5178022843544016e-28,1.0,3.783505853677006e-44,4.794936013543996e-26,9.928873537971693e-25,7.351871359473793e-34,1.9385812399796976e-12,4.160391420837057e-31
TCN,43,12346,33,5,class_5,5,class_5,1,1.0,3.140239465486937e-14,9.408207719829864e-12,5.956098515867009e-16,2.7892276444689582e-37,9.78668608779611e-19,1.0,1.4178857058206023e-30,1.3282837842042962e-19,9.724250577878668e-17,5.064248812503374e-26,1.023976667346993e-10,1.2564895719003581e-21
TCN,43,12347,33,5,class_5,5,class_5,1,0.9926139116287231,2.588530357468537e-15,0.007386067416518927,2.5676950249019537e-19,1.6749262711840274e-36,4.676423587803061e-20,0.9926139116287231,8.301691751146025e-26,2.4510615144587915e-22,2.4495585681377774e-13,6.049395135867368e-25,7.774291765905161e-10,1.143236530791087e-16
TCN,43,12348,33,5,class_5,5,class_5,1,1.0,1.1756213579133624e-22,1.1683468612986488e-23,4.7173028560065154e-26,0.0,4.717456706645468e-37,1.0,0.0,1.2531319323374594e-32,1.3436524100181518e-29,1.401298464324817e-45,3.0958866167802292e-21,2.693682687068145e-38
TCN,43,12349,33,5,class_5,5,class_5,1,1.0,1.9643732014339326e-33,7.71430852505033e-35,5.432966558709575e-31,0.0,0.0,1.0,0.0,4.203895392974451e-45,2.362585847735327e-37,0.0,3.2643466837589156e-30,0.0
TCN,43,12350,33,5,class_5,5,class_5,1,0.9999964237213135,4.040665579907454e-09,2.6749000880954554e-07,3.3147666727018077e-06,3.6875310525016886e-18,4.795697937072865e-14,0.9999964237213135,7.631846475858288e-15,1.830969056926257e-11,1.4618120047771299e-08,4.928935542049609e-16,2.5362880684554057e-09,5.5806594900786877e-08
TCN,43,12351,33,5,class_5,5,class_5,1,1.0,1.0617427726836725e-34,0.0,2.0287582980850797e-38,0.0,0.0,1.0,0.0,0.0,1.401298464324817e-45,0.0,5.282474820965263e-41,0.0
TCN,43,12352,33,5,class_5,5,class_5,1,1.0,5.1427476352369287e-17,1.5768859801569015e-15,2.9128328031926068e-15,1.774183985681651e-41,3.1631821999935896e-27,1.0,1.2743039080269135e-32,2.8245478283648153e-24,1.2316853737764122e-19,6.097459879494945e-31,1.1089398358845153e-16,2.8617238969254387e-26
TCN,43,12353,33,5,class_5,5,class_5,1,1.0,3.1677773033649967e-23,1.0841521510363854e-24,1.592544489517757e-28,0.0,3.372986908300992e-35,1.0,0.0,1.5518619280166597e-33,6.418072789846976e-33,0.0,3.213556492038557e-21,8.029440200581202e-43
TCN,43,12354,33,5,class_5,5,class_5,1,1.0,1.5166953928619658e-40,3.9759041328288035e-41,8.245492397810802e-40,0.0,3.088461815371897e-42,1.0,0.0,0.0,0.0,0.0,1.3607171334345996e-34,0.0
TCN,43,12355,33,5,class_5,5,class_5,1,1.0,3.069944694247747e-35,1.0155330795623906e-33,2.228467807079131e-32,0.0,5.577167888012772e-43,1.0,0.0,5.348756238327827e-42,1.9648446547376855e-40,0.0,2.1044665391268492e-27,0.0
TCN,43,12356,33,5,class_5,5,class_5,1,1.0,5.241851296566779e-20,6.270444572162787e-20,3.798203172375052e-26,0.0,1.3432834740631802e-29,1.0,1.7668972336671618e-41,3.6076871200476553e-28,1.5183541532378121e-27,7.0549492225204375e-40,6.348649665242971e-18,1.0407019403786194e-35
TCN,43,12357,33,5,class_5,5,class_5,1,1.0,0.0,0.0,0.0,0.0,0.0,1.0,0.0,0.0,0.0,0.0,0.0,0.0
TCN,43,12358,33,5,class_5,6,class_6,0,1.0,6.385125501245925e-12,5.510781463547569e-31,1.5748192062075938e-21,0.0,4.405494878102698e-38,3.656261737816635e-09,1.0,2.6844442491520176e-35,3.640324470553038e-29,0.0,2.3182760896441443e-38,7.615354951971642e-30
TCN,43,12359,33,5,class_5,5,class_5,1,0.9999992847442627,1.1928397158911253e-09,6.695441356896481e-07,9.64741567882621e-12,9.332671324511667e-27,6.474643412558712e-13,0.9999992847442627,2.678978500375875e-21,3.1423278321667093e-18,3.2545980613220976e-14,1.2289072463301222e-17,2.1375070602402957e-09,1.6763549236180747e-19
TCN,43,12360,33,6,class_6,3,class_3,0,0.9914528131484985,1.0565778937529635e-12,3.0700570259828766e-14,3.2199811376688826e-15,0.9914528131484985,2.7047364348220526e-10,2.7849432852904373e-20,0.008547143079340458,4.4125374058934924e-16,1.2852837707571759e-15,2.242826692595845e-14,1.2584888609785503e-21,4.923209573348686e-08
TCN,43,12361,33,6,class_6,3,class_3,0,1.0,4.363269082982467e-21,8.97435905410512e-20,2.3488970458136592e-24,1.0,3.3022085550894883e-15,5.040881189117095e-29,1.1600960704496056e-14,2.168192173143889e-18,2.9901807700935517e-21,3.891961809120636e-15,7.303971613576343e-23,1.982583803830106e-18
TCN,43,12362,33,6,class_6,6,class_6,1,1.0,2.008842792996306e-16,8.406373500583475e-30,7.72055579489959e-26,5.70470620845018e-29,8.746211174355352e-31,2.5180064746760077e-34,1.0,1.945800245105965e-28,2.270738827388044e-25,1.9337918807682476e-43,4.62513871540024e-36,9.907685720133588e-25
TCN,43,12363,33,6,class_6,6,class_6,1,1.0,2.1101740146911574e-12,2.2562470809267617e-20,1.670127287581316e-18,1.1140411315140237e-15,5.280321576619674e-21,4.79441259200743e-23,1.0,8.173374941358917e-18,2.964165277438034e-19,3.296046906846015e-27,5.6751801314216686e-24,8.9694067060761e-14
TCN,43,12364,33,6,class_6,3,class_3,0,1.0,6.5360056615823724e-24,6.219962644107471e-20,9.35756127274095e-27,1.0,2.253842176080386e-17,2.1448958892706267e-32,6.304707630803725e-16,5.770616163383645e-19,7.345224252742517e-20,6.168767211454929e-13,4.0508161468747655e-22,8.066332476138635e-17
TCN,43,12365,33,6,class_6,3,class_3,0,0.9999730587005615,3.010349955423486e-11,8.223801380277587e-15,5.925087489886977e-19,0.9999730587005615,4.04386912844501e-10,4.47392169591441e-20,2.698993557714857e-05,4.570046835265015e-15,1.020442362950978e-16,8.888589259699493e-15,4.5309952194760084e-20,1.4318573236804522e-11
TCN,43,12366,33,6,class_6,6,class_6,1,1.0,7.562122450585282e-14,4.046267571443995e-26,3.6456007666213125e-24,2.1191882443919002e-24,1.2736760204935884e-26,9.947614737223436e-30,1.0,4.744070644479846e-24,4.685065742035487e-23,8.81112080563778e-36,2.7966087358887573e-31,1.1958225382665209e-20
TCN,43,12367,33,6,class_6,6,class_6,1,1.0,1.3752128324995283e-09,2.463602099630398e-19,8.354125485730329e-18,1.095523508979387e-15,1.6659530240176438e-18,1.257241829659577e-22,1.0,1.2190511204978538e-18,5.266187880766278e-18,3.4087047027958914e-25,2.0444574047323408e-25,1.6494958678570266e-14
TCN,43,12368,33,6,class_6,6,class_6,1,0.9999691247940063,1.13327960349352e-08,3.880887785071528e-14,6.133637548053796e-17,3.08733360725455e-05,4.873214609624199e-10,2.1543569570134802e-18,0.9999691247940063,8.147294929261855e-16,1.4103977368466877e-15,1.401455881337765e-17,4.889259744352369e-20,6.9534690505523855e-12
TCN,43,12369,33,6,class_6,6,class_6,1,1.0,2.0213880126896322e-16,2.740061533122677e-30,4.201337692035521e-28,3.6565123330327883e-28,1.2453655469560681e-30,1.0268646843921992e-34,1.0,9.71993153993922e-28,9.288591602909505e-29,1.9746453361971733e-39,2.630329703236327e-39,1.645604237969378e-23
TCN,43,12370,33,6,class_6,6,class_6,1,0.9993941783905029,7.393646250797303e-10,4.88445038809935e-14,2.1514774172240912e-17,0.0006058320286683738,6.610625241654233e-11,4.953622280074208e-19,0.9993941783905029,2.6461328330465656e-15,3.8998557326725726e-15,1.0691791961330022e-15,6.014838008065659e-20,7.665362788955576e-10
TCN,43,12371,33,6,class_6,6,class_6,1,0.9999998807907104,6.249419470805151e-08,8.959013881805041e-17,4.4599798165604124e-14,5.219034537873313e-09,1.509727997998922e-12,2.3108210650100293e-18,0.9999998807907104,1.4183934631709723e-16,2.9069603237692927e-15,1.0792192332443107e-20,2.1137193054281575e-19,2.3129171104405155e-13
TCN,43,12372,33,6,class_6,6,class_6,1,1.0,5.414509729462225e-09,4.3160199603175554e-15,2.767424457082474e-16,4.2908179231915256e-09,7.194777000736619e-13,8.499869126193038e-19,1.0,5.083339589817819e-16,3.793648388998724e-15,8.425425972990562e-19,6.006989647327922e-21,2.362645357134596e-10
TCN,43,12373,33,6,class_6,6,class_6,1,0.9999998807907104,5.065501837431263e-12,4.171080986265487e-18,5.520454102078341e-18,1.7871511204248236e-07,2.1318514851651968e-14,3.0985682894740993e-21,0.9999998807907104,3.3560758933028114e-17,4.5301727460381286e-17,5.216613725272102e-21,2.625721074403888e-21,2.238878180071957e-11
TCN,43,12374,33,6,class_6,6,class_6,1,0.907113254070282,1.8418641047901474e-06,7.801139942364976e-12,9.047759069735761e-11,0.09288466721773148,1.9052423283483222e-07,1.100622244981208e-14,0.907113254070282,1.0563455492273999e-12,5.563686664156187e-12,2.5694425970571033e-13,1.0779923621909463e-15,8.389035577316406e-10
TCN,43,12375,33,6,class_6,6,class_6,1,0.9085907936096191,1.940195204497286e-07,4.1557184776719325e-11,1.669359317446606e-09,0.09140900522470474,2.9575147664218093e-08,1.7890115116322297e-13,0.9085907936096191,1.0477003813125219e-11,1.9871545381411337e-11,1.1944517640596897e-12,4.233860729049204e-15,1.0799888983115125e-08
TCN,43,12376,33,6,class_6,6,class_6,1,1.0,7.613362197622653e-12,7.163168524801041e-22,2.1369892660771637e-18,5.941427021171285e-20,8.442754429393332e-22,1.4672915389028498e-24,1.0,1.258500889024762e-19,3.4328300443801527e-19,2.8449650469985337e-31,6.812379061466318e-26,1.3687507522400974e-18
TCN,43,12377,33,6,class_6,6,class_6,1,1.0,3.8149401714905606e-14,3.4919136228887066e-23,5.544632439518075e-21,1.5281456128457102e-19,9.499249712682652e-23,3.311992451227575e-26,1.0,7.341635064365862e-21,1.8495349753140824e-20,3.017826663462095e-32,1.7806234604638765e-26,8.264391278519351e-18
TCN,43,12378,33,6,class_6,3,class_3,0,0.9999953508377075,1.4915563228967699e-10,1.621290254827379e-11,9.37151614990861e-13,0.9999953508377075,1.8434063164818326e-08,1.4088369462924736e-16,4.529594662017189e-06,4.37281044707305e-11,5.0949548399681355e-12,8.429694275946531e-08,4.7209462630381366e-14,7.100101062640363e-11
TCN,43,12379,33,6,class_6,6,class_6,1,0.9999998807907104,1.1567802715717335e-07,8.891023605920123e-17,1.4147391618661923e-14,1.0350779478321415e-12,2.2251069327458746e-14,5.033450896052286e-19,0.9999998807907104,2.859522878833026e-16,6.315831714500016e-15,5.977476000591775e-22,9.410429932232323e-20,3.658433555013205e-15
TCN,43,12380,33,6,class_6,6,class_6,1,1.0,8.606768161390705e-39,0.0,2.802596928649634e-45,0.0,0.0,0.0,1.0,0.0,0.0,0.0,0.0,0.0
TCN,43,12381,33,6,class_6,6,class_6,1,1.0,4.1722184734860335e-11,1.762620142135158e-18,2.046513254542505e-14,3.8322496218046176e-12,6.771993473189057e-16,1.642133556947961e-19,1.0,1.322455666063643e-17,4.40912123268171e-18,1.521285123560702e-23,2.894910505575666e-22,5.6591431641197544e-15
TCN,43,12382,33,6,class_6,6,class_6,1,0.999868631362915,1.1019430701253441e-07,1.5765910712367548e-12,5.878973974304813e-10,0.00013122845848556608,5.866745311777777e-09,2.934534668215527e-13,0.999868631362915,1.9300004303057783e-12,6.138007853720429e-13,8.14659348010241e-14,5.860485860297417e-15,1.2109517381897472e-11
TCN,43,12383,33,6,class_6,6,class_6,1,1.0,3.760443345601772e-12,1.929656949603933e-20,7.736573947094165e-16,3.560149611637857e-14,3.6316640183924084e-17,2.221435540276637e-21,1.0,2.029009936095104e-19,1.1768526049460377e-19,5.236079049546439e-26,4.0637822433662126e-24,7.664688643140857e-17
TCN,43,12384,33,6,class_6,6,class_6,1,1.0,7.757923535349487e-13,5.327364323563716e-20,1.3511670521857994e-14,4.610679459754463e-12,3.358102776971142e-15,9.686319708119333e-21,1.0,7.250489454385321e-20,7.226127450537857e-22,3.1123395214656725e-25,9.904124013146515e-27,5.307404713876753e-20
TCN,43,12385,33,6,class_6,6,class_6,1,1.0,3.393844182005219e-20,1.5332169360430553e-30,2.3589517190001865e-26,2.8432132064509496e-27,2.0046124881883396e-28,1.5179499261858945e-33,1.0,1.7138814604974877e-31,1.0067167543817884e-31,5.465064010866787e-44,1.7280420298483633e-39,2.3606135365416502e-29
TCN,43,12386,33,6,class_6,6,class_6,1,1.0,1.9840148676488533e-17,1.9271720921641678e-26,9.723697521841402e-24,4.282204575158703e-22,5.567493123680401e-24,2.732974938475355e-29,1.0,2.7411096452632714e-28,4.0732392164241544e-29,3.631860416724396e-38,2.2070520586569005e-35,4.1935602284004017e-26
TCN,43,12387,33,6,class_6,6,class_6,1,1.0,4.875682968474848e-09,2.914767002927662e-15,3.1936009826233347e-13,2.3548621386204616e-10,1.7738971099315326e-12,1.1347694604101574e-17,1.0,6.0547362635809356e-18,2.827263959909091e-17,3.0702727752420687e-20,5.997896517093199e-22,1.9607441594353685e-16
TCN,43,12388,33,6,class_6,6,class_6,1,1.0,1.2436120189196487e-10,7.785385875040919e-18,2.9442370579318283e-14,1.0199261784259433e-14,4.610669794261502e-16,4.857953543106651e-20,1.0,2.234186710364901e-18,4.788868271376229e-18,1.326690295967367e-24,3.0233829410958943e-23,6.525092501138391e-17
TCN,43,12389,33,6,class_6,6,class_6,1,1.0,2.613422861633592e-19,4.038731517108873e-31,2.1464996443105897e-25,2.2049383621876764e-29,2.5828736762143363e-29,1.760772069741743e-33,1.0,8.701484084504304e-31,2.3180757626012124e-28,1.471363387541058e-43,8.728480742106565e-38,4.993058121741462e-28
TCN,43,12390,33,6,class_6,6,class_6,1,1.0,2.8404121214770746e-15,1.4676458005581665e-22,1.6927247038634072e-17,2.5326660827691567e-21,2.977056548011375e-22,1.9454247927670265e-25,1.0,2.5071417939831343e-23,7.723130646754993e-23,4.0783753542905226e-34,8.091735228348594e-30,3.478434325046759e-22
TCN,43,12391,33,6,class_6,6,class_6,1,1.0,3.464510255607542e-33,0.0,2.5703300266296385e-38,0.0,0.0,0.0,1.0,0.0,1.401298464324817e-45,0.0,0.0,0.0
TCN,43,12392,33,6,class_6,6,class_6,1,1.0,6.665694905760855e-12,4.84210023892616e-19,2.136203032228421e-14,2.6920282015627966e-16,2.5437077694148933e-18,7.28014016349494e-21,1.0,4.47896226314867e-19,1.8170808864850367e-18,1.2962474379593207e-27,8.925451538430976e-24,8.067404833084748e-18
TCN,43,12393,33,6,class_6,6,class_6,1,1.0,8.083000364004925e-16,4.1252411145930106e-25,1.6642126360088322e-18,1.4554616763507396e-17,8.463595059134085e-20,1.8050465016448817e-25,1.0,4.292814990992197e-24,2.593443334786494e-25,1.5305925038455225e-31,2.2740357633041525e-30,4.2068970732470465e-23
TCN,43,12394,33,6,class_6,6,class_6,1,0.9999998807907104,3.83657772218271e-09,2.049128976986921e-15,5.057214647052888e-10,6.637782945517756e-08,2.6426677512958463e-10,1.6299294067754523e-15,0.9999998807907104,1.5908495088748018e-14,9.844099387168047e-16,2.5914359253230805e-17,4.698175465232879e-19,5.488775615790234e-15
TCN,43,12395,33,6,class_6,6,class_6,1,1.0,4.9734045007299166e-12,1.1485707207764209e-17,3.4208988181246014e-13,2.837659218712929e-09,3.008001616885969e-12,3.28327444546207e-18,1.0,2.1018938952019476e-17,4.641011856532695e-20,9.153867223279678e-22,3.7176616325914415e-23,1.1504255078639485e-17
TCN,43,12396,33,6,class_6,6,class_6,1,1.0,1.7961879982778418e-15,7.366078065650617e-26,1.808805927743163e-22,7.197351824199312e-22,1.223884641178471e-23,1.2171398173453664e-28,1.0,8.244892995598135e-27,6.354705999862793e-26,1.0097916190479484e-35,7.327265507646198e-33,2.4009436034282902e-23
TCN,43,12397,33,6,class_6,6,class_6,1,1.0,2.2034203478664505e-18,1.6204204296254732e-29,5.689858071854663e-23,3.6807850476779143e-25,4.095336337529895e-27,6.39349684700377e-31,1.0,3.3071917338034494e-28,1.3197074795013933e-27,2.8380077408431223e-40,1.463594585267517e-34,2.915607102686318e-26
TCN,43,12398,33,6,class_6,6,class_6,1,1.0,1.1614328366711386e-15,4.927048028455556e-26,1.1873683969770595e-19,4.877597305508938e-21,2.8167272585656805e-23,8.671149825725629e-27,1.0,1.3371313630860328e-24,1.9454256555836416e-24,8.006142790769343e-35,2.6432865626827566e-30,4.20863067397236e-23
TCN,43,12399,33,6,class_6,6,class_6,1,1.0,1.7272058468116884e-15,9.261574002833459e-26,4.1624801173525257e-19,3.9754737094059515e-19,2.4430095796447644e-22,3.1613865784692396e-26,1.0,3.507384447417539e-24,1.550561230867651e-24,8.809315377180499e-34,2.5670090163765426e-30,3.016368831688776e-22
TCN,43,12400,33,7,class_7,7,class_7,1,1.0,8.190589523978556e-42,1.4448370318191434e-37,1.0388477169671648e-31,0.0,0.0,2.284116496849452e-43,0.0,1.0,3.6967213098077044e-36,9.80908925027372e-45,3.1146953443116628e-30,3.9822667870264466e-30
TCN,43,12401,33,7,class_7,7,class_7,1,1.0,3.839594226010071e-39,3.180301688065252e-35,4.0249420091703374e-28,1.401298464324817e-45,0.0,5.995875869153027e-41,0.0,1.0,1.5065327306736667e-34,9.486790603479012e-43,7.336397390758795e-29,4.576978290626099e-28
TCN,43,12402,33,7,class_7,7,class_7,1,1.0,0.0,3.185151409410309e-42,1.5938576977392656e-35,0.0,0.0,0.0,0.0,1.0,1.3004049748934302e-42,0.0,4.920761822457415e-31,5.768450733586967e-37
TCN,43,12403,33,7,class_7,7,class_7,1,1.0,0.0,0.0,3.591038910900457e-39,0.0,0.0,0.0,0.0,1.0,0.0,0.0,1.867482997955783e-38,3.077251427657298e-42
TCN,43,12404,33,7,class_7,7,class_7,1,1.0,5.044674471569341e-44,2.8950099839826815e-37,1.7418219502913917e-30,0.0,0.0,8.85200239913987e-42,0.0,1.0,7.134739157079093e-40,0.0,2.1005504013261808e-29,1.5435438361166535e-32
TCN,43,12405,33,7,class_7,7,class_7,1,1.0,0.0,3.313089959203165e-41,2.1718758723448983e-33,0.0,0.0,0.0,0.0,1.0,9.80908925027372e-45,0.0,6.267123335825063e-34,4.387387019087e-36
TCN,43,12406,33,7,class_7,7,class_7,1,1.0,2.441105419303133e-25,5.298862256516617e-22,3.028354131080631e-18,2.7979284690011825e-26,1.9285908778884136e-34,9.178284928309698e-27,2.9521442182271924e-36,1.0,8.788562979415772e-21,1.1332383306104708e-24,2.1985945844446223e-16,6.36642999522786e-17
TCN,43,12407,33,7,class_7,7,class_7,1,1.0,8.274332004248769e-17,8.431005967966722e-15,3.922491129647321e-13,1.1507541260418005e-18,1.1526259925147646e-25,3.22701272212351e-18,2.062788806536447e-25,1.0,1.492748529910017e-16,3.539343300124039e-18,2.1298947848469307e-12,6.962745491279065e-09
TCN,43,12408,33,7,class_7,7,class_7,1,1.0,1.854071989888102e-18,1.8729830757703504e-16,1.9166558192450743e-14,2.972149069614031e-18,7.047235648680807e-25,5.777904400062062e-20,4.357519420872349e-26,1.0,6.663778026155505e-15,4.905540690569792e-17,3.94058952135623e-11,1.6992802998050394e-11
TCN,43,12409,33,7,class_7,7,class_7,1,1.0,3.4212791689592126e-38,1.2548581274245427e-33,4.513054749841942e-28,2.2580523454130102e-41,0.0,1.3192218909320768e-38,0.0,1.0,3.1742100237916763e-32,3.4278815761294313e-35,2.012754342198576e-24,1.391358747983562e-29
TCN,43,12410,33,7,class_7,7,class_7,1,1.0,0.0,0.0,2.420042167629266e-38,0.0,0.0,0.0,0.0,1.0,0.0,0.0,1.5123223607443473e-38,9.757941856325864e-41
TCN,43,12411,33,7,class_7,7,class_7,1,1.0,3.374409348300983e-31,2.278816393278958e-26,3.696268229712827e-22,8.356279682182034e-36,2.572783980500364e-42,2.4271629925270128e-29,0.0,1.0,6.767975417706809e-28,8.705003044392926e-31,4.1874981303557067e-20,1.1855234397628406e-24
TCN,43,12412,33,7,class_7,7,class_7,1,1.0,0.0,0.0,4.784453346744223e-41,0.0,0.0,0.0,0.0,1.0,0.0,0.0,4.90454462513686e-44,2.802596928649634e-45
TCN,43,12413,33,7,class_7,7,class_7,1,1.0,1.1234418614589837e-24,2.0911340758429347e-20,1.8322067111661814e-17,4.887733250128802e-27,1.966892616435531e-33,7.408755060983763e-23,5.105302938822942e-37,1.0,6.121422794737691e-22,3.2612062024470283e-25,7.1049017736572306e-15,4.118541782478569e-18
TCN,43,12414,33,7,class_7,7,class_7,1,1.0,1.4058999505377367e-18,7.488539406732056e-16,1.747370829844122e-13,2.865171888331125e-21,2.7347818098379927e-27,2.1649098946238845e-19,2.3829167682626266e-28,1.0,5.310002397042293e-18,1.948839138762067e-20,1.9201466114272987e-14,1.7363025947569888e-11
TCN,43,12415,33,7,class_7,7,class_7,1,1.0,1.5709443666712277e-27,4.992441922766871e-23,6.678928330626493e-20,1.1810651031864276e-29,8.032355080753201e-36,1.8439931808332253e-25,4.0021084141116776e-42,1.0,3.5604867770246724e-23,8.55011452725902e-26,9.33693205725243e-16,1.6824083226214108e-21
TCN,43,12416,33,7,class_7,7,class_7,1,1.0,0.0,2.5147702240773167e-41,5.8201149766310025e-34,0.0,0.0,0.0,0.0,1.0,3.2229864679470793e-44,0.0,3.7817225489647214e-33,5.0257907976718545e-36
TCN,43,12417,33,7,class_7,7,class_7,1,1.0,0.0,0.0,1.5248509499243362e-40,0.0,0.0,0.0,0.0,1.0,0.0,0.0,2.6286243230052438e-39,3.593533222166955e-39
TCN,43,12418,33,7,class_7,7,class_7,1,1.0,0.0,0.0,3.6003561443897525e-40,0.0,0.0,0.0,0.0,1.0,0.0,0.0,2.921432643618236e-39,2.9565814129988953e-38
TCN,43,12419,33,7,class_7,7,class_7,1,1.0,0.0,9.80908925027372e-45,5.233770731019804e-38,0.0,0.0,0.0,0.0,1.0,1.5190075353281017e-42,0.0,6.600505440046848e-37,3.6362330710519484e-35
TCN,43,12420,33,7,class_7,7,class_7,1,1.0,0.0,0.0,0.0,0.0,0.0,0.0,0.0,1.0,0.0,0.0,0.0,0.0
TCN,43,12421,33,7,class_7,7,class_7,1,1.0,0.0,0.0,0.0,0.0,0.0,0.0,0.0,1.0,0.0,0.0,5.465064010866787e-44,1.1070257868166055e-43
TCN,43,12422,33,7,class_7,7,class_7,1,1.0,0.0,1.401298464324817e-45,3.129235677048049e-38,0.0,0.0,1.3081401424165032e-40,0.0,1.0,0.0,0.0,4.346256106562138e-37,9.94689182021665e-38
TCN,43,12423,33,7,class_7,7,class_7,1,1.0,0.0,0.0,7.847329694235092e-37,0.0,0.0,0.0,0.0,1.0,0.0,0.0,5.627054113342735e-41,4.312075634420327e-40
TCN,43,12424,33,7,class_7,7,class_7,1,1.0,5.605193857299268e-44,6.014986217090103e-38,1.3225454906297624e-41,5.44040115789467e-41,0.0,0.0,0.0,1.0,3.894718780147437e-33,1.2094783055551439e-23,4.739506825298158e-26,5.967967774456667e-32
TCN,43,12425,33,7,class_7,7,class_7,1,1.0,2.83863787673656e-36,3.613605803693311e-30,1.7358370794959174e-32,4.555730753189991e-34,8.407790785948902e-45,1.3246839841901992e-37,0.0,1.0,1.7185387061089484e-28,2.468328575268812e-23,3.7958681768727686e-20,4.189644704971386e-25
TCN,43,12426,33,7,class_7,7,class_7,1,1.0,1.324003651428338e-27,5.172085114636145e-23,1.42537679047735e-20,2.1525066949184014e-28,5.472911999731819e-36,2.5578454317705718e-26,1.7006018033199547e-40,1.0,7.472504488456484e-23,1.337712359142728e-25,1.0665843106990886e-14,5.711700870489409e-20
TCN,43,12427,33,7,class_7,7,class_7,1,1.0,0.0,0.0,3.6433760072445244e-44,0.0,0.0,0.0,0.0,1.0,0.0,0.0,2.2701035122062037e-42,0.0
TCN,43,12428,33,7,class_7,7,class_7,1,1.0,0.0,0.0,1.401298464324817e-45,0.0,0.0,0.0,0.0,1.0,0.0,0.0,5.969531458023721e-43,0.0
TCN,43,12429,33,7,class_7,7,class_7,1,1.0,0.0,0.0,1.401298464324817e-45,0.0,0.0,0.0,0.0,1.0,0.0,0.0,7.716950643036768e-42,5.605193857299268e-45
TCN,43,12430,33,7,class_7,7,class_7,1,1.0,0.0,0.0,1.5414283107572988e-42,0.0,0.0,0.0,0.0,1.0,0.0,0.0,1.3881388704463427e-39,1.001802285130455e-40
TCN,43,12431,33,7,class_7,7,class_7,1,1.0,0.0,0.0,0.0,0.0,0.0,0.0,0.0,1.0,0.0,0.0,1.4573504028978098e-43,0.0
TCN,43,12432,33,7,class_7,7,class_7,1,1.0,0.0,2.312142466135948e-43,1.6029533848203128e-37,0.0,0.0,0.0,0.0,1.0,0.0,0.0,4.0331595065229583e-38,3.2832978372769535e-34
TCN,43,12433,33,7,class_7,7,class_7,1,1.0,0.0,0.0,0.0,0.0,0.0,0.0,0.0,1.0,0.0,0.0,4.049752561898721e-43,0.0
TCN,43,12434,33,7,class_7,7,class_7,1,1.0,4.702502609953579e-39,3.89201551048253e-33,8.901931675771494e-29,1.961817850054744e-44,0.0,3.8124762981284574e-39,0.0,1.0,2.9113718838542625e-34,6.415971135772964e-40,4.491316701522446e-26,1.0612681680444097e-28
TCN,43,12435,33,7,class_7,7,class_7,1,1.0,4.351828176476061e-23,2.337924380950411e-20,8.089184033324175e-20,1.65265002803045e-23,1.1399143408748047e-33,2.280346814249966e-26,2.3320646201287786e-34,1.0,1.2780407368625973e-20,2.944698357203423e-21,7.74800412732177e-16,8.097147626874579e-13
TCN,43,12436,33,7,class_7,7,class_7,1,1.0,5.571508043515364e-39,4.5937940867890825e-33,2.1268044375868246e-28,3.040817667584853e-43,0.0,1.434713967634953e-38,0.0,1.0,3.084315709617274e-33,2.444443818567633e-38,7.272214834545313e-25,1.2555938975799742e-28
TCN,43,12437,33,7,class_7,7,class_7,1,1.0,0.0,3.0828566215145976e-44,3.97981375554427e-40,0.0,0.0,0.0,0.0,1.0,0.0,0.0,2.0308773453446804e-33,1.76283346812062e-42
TCN,43,12438,33,7,class_7,7,class_7,1,1.0,0.0,0.0,4.203895392974451e-45,0.0,0.0,0.0,0.0,1.0,0.0,0.0,2.5083242511414226e-43,0.0
TCN,43,12439,33,7,class_7,7,class_7,1,1.0,0.0,0.0,0.0,0.0,0.0,0.0,0.0,1.0,0.0,0.0,0.0,0.0
TCN,43,12440,33,8,class_8,8,class_8,1,1.0,4.3964701255981705e-20,1.477874896807295e-24,8.198053941779354e-23,8.430546717290633e-17,4.427408128073726e-18,2.7471126654564236e-32,3.075463361412291e-29,1.300135086453058e-19,1.0,7.425210446498909e-11,5.631290513896159e-18,4.7939206078396416e-15
TCN,43,12441,33,8,class_8,8,class_8,1,1.0,6.096310690503642e-34,3.4609325523832905e-39,3.879115408606197e-28,1.0103683335430698e-30,2.9841285305741626e-37,2.1019476964872256e-44,0.0,1.0987500023659776e-23,1.0,2.3764830740979547e-26,3.3181559644611056e-23,1.0599501819610926e-26
TCN,43,12442,33,8,class_8,8,class_8,1,1.0,3.5032461608120427e-44,0.0,1.2691245179495088e-37,1.6594596804073781e-40,0.0,0.0,0.0,1.9240855145426802e-35,1.0,9.807075864640178e-37,5.902059789852778e-33,4.420024493463774e-37
TCN,43,12443,33,8,class_8,8,class_8,1,1.0,2.247822866623439e-41,3.040817667584853e-43,6.39481545259736e-38,3.281748655108715e-32,6.165713243029195e-44,0.0,0.0,1.878227678334257e-31,1.0,7.599837523761126e-28,2.0108852420172088e-28,3.15139644085394e-31
TCN,43,12444,33,8,class_8,8,class_8,1,1.0,3.497239645836533e-34,4.657635835722827e-40,5.185246189409378e-29,1.4582079127105877e-31,7.0280776989607905e-37,0.0,0.0,2.304698824967951e-29,1.0,9.626490745437553e-30,1.6692460940004369e-28,1.2222024612419285e-27
TCN,43,12445,33,8,class_8,8,class_8,1,1.0,2.199164178748224e-39,2.129973665773722e-43,6.538148362289122e-32,2.6741973386220925e-32,9.444751649549267e-43,0.0,0.0,1.3899437371607653e-27,1.0,5.49289984348286e-31,1.789324503803827e-27,6.034735850762186e-28
TCN,43,12446,33,8,class_8,8,class_8,1,1.0,5.8012545371140436e-33,3.4182971071757175e-35,6.56499714696953e-30,1.974934750339683e-28,4.389079805568525e-35,1.401298464324817e-45,2.0879347118439774e-42,4.3000319118503344e-29,1.0,3.519926325082518e-26,3.6517885083616925e-27,1.2650429855918342e-25
TCN,43,12447,33,8,class_8,8,class_8,1,1.0,1.8145812420055947e-32,2.6741160763510846e-39,7.900516118713524e-24,9.590047905004152e-32,1.1191405389289161e-36,1.401298464324817e-45,0.0,4.28133682816296e-23,1.0,7.396614449272324e-30,1.0318095536455477e-24,7.102477112683105e-26
TCN,43,12448,33,8,class_8,8,class_8,1,1.0,9.709176893975114e-37,5.74532370373175e-44,5.190394200150725e-28,1.2430520315449598e-33,2.2279244284300267e-41,0.0,0.0,1.3380084285012188e-25,1.0,5.854502006749195e-32,1.105326921084303e-27,1.5256688592407191e-28
TCN,43,12449,33,8,class_8,8,class_8,1,1.0,1.401298464324817e-45,0.0,6.802617408049468e-40,5.968550549098693e-41,0.0,0.0,0.0,7.541859801217846e-39,1.0,2.138656559474187e-37,1.6244490790553012e-37,6.238330726686499e-35
TCN,43,12450,33,8,class_8,8,class_8,1,1.0,6.652846628182431e-40,2.2420775429197073e-43,4.405480584858362e-37,1.7664368504867524e-33,2.312142466135948e-43,0.0,0.0,7.180658196594753e-35,1.0,1.4180047598884536e-30,1.0597252019343791e-31,2.2591466697379932e-30
TCN,43,12451,33,8,class_8,8,class_8,1,1.0,1.1182597355649737e-24,1.7398429820418954e-30,8.893940292356696e-25,2.571313552340961e-21,2.6480492332789787e-23,7.115939336881711e-38,1.1288354615907044e-35,1.5341836556933387e-21,1.0,3.1821164355860104e-16,1.205776913768515e-19,8.401575254003361e-20
TCN,43,12452,33,8,class_8,8,class_8,1,1.0,1.5138231513996392e-38,5.931416139794086e-41,2.218616730496521e-35,4.070528286650311e-33,3.0688436368713494e-43,0.0,0.0,1.090489211526543e-33,1.0,6.716397622010807e-31,4.833228694398151e-32,7.546099865340969e-29
TCN,43,12453,33,8,class_8,8,class_8,1,1.0,1.3400573467911107e-24,3.778698060774773e-31,3.1316103580002837e-24,2.147992672042095e-23,2.3971799184671968e-25,1.3886055028349629e-39,3.8927241590886335e-35,3.4994193188575224e-24,1.0,1.1682066288402979e-19,2.7012664210339123e-23,3.127627855251426e-21
TCN,43,12454,33,8,class_8,8,class_8,1,1.0,2.6564237707880436e-25,6.769015893601001e-33,4.249976293964623e-25,1.65123609716324e-26,1.8791980968810302e-28,1.1656000626253828e-41,2.1742546972463862e-41,5.071303714858479e-19,1.0,4.008571686392459e-12,1.1657226313101953e-19,7.946466761571669e-22
TCN,43,12455,33,8,class_8,8,class_8,1,1.0,4.872174630610956e-41,0.0,2.2957893130572776e-39,6.425660215580676e-35,3.207572184839506e-42,0.0,0.0,1.2473978708941483e-34,1.0,2.1146048750953467e-28,1.8654362959467843e-34,1.6116296126722838e-29
TCN,43,12456,33,8,class_8,8,class_8,1,1.0,1.9405181133970067e-41,0.0,3.570891882359473e-38,2.120224131708182e-38,2.1019476964872256e-44,0.0,0.0,5.0429597306645165e-36,1.0,5.453832406282716e-32,1.3547461272276512e-33,5.952818646111742e-34
TCN,43,12457,33,8,class_8,8,class_8,1,1.0,3.545223457609357e-39,1.5037333820669612e-41,3.831767974086817e-38,1.4523123383434736e-31,8.249444059480198e-42,0.0,0.0,6.778680661216668e-33,1.0,3.800261298150822e-26,1.0088013525536496e-29,6.721729194188397e-31
TCN,43,12458,33,8,class_8,8,class_8,1,1.0,1.7670373635135943e-42,0.0,5.7473017542232155e-36,1.7986618672564768e-39,0.0,0.0,0.0,1.5875468772376586e-35,1.0,4.530265652587101e-37,6.23680797936583e-35,5.087444500620337e-34
TCN,43,12459,33,8,class_8,8,class_8,1,1.0,1.2392842118460394e-24,1.1052631487290195e-28,2.6329082796946516e-17,6.496556699864533e-24,1.999341165268405e-30,3.2673582532659483e-32,7.641392629840373e-40,6.120849660451455e-11,1.0,1.0294639356973018e-21,3.562954757119059e-18,1.1721046709480446e-17
TCN,43,12460,33,8,class_8,8,class_8,1,1.0,1.8225312572369997e-32,1.5993481801832364e-39,8.565022482413962e-36,1.6668916446434235e-28,2.9587724697880837e-29,0.0,1.401298464324817e-45,6.371125966993497e-30,1.0,1.2002626269182887e-16,3.1316949204352884e-31,4.579989844168978e-25
TCN,43,12461,33,8,class_8,8,class_8,1,1.0,4.4586580141206916e-27,2.544588259038938e-35,8.911026427918104e-24,6.168320207105168e-32,1.988358098370706e-30,7.987401246651457e-44,5.8829592388977335e-40,1.0378606591304652e-25,1.0,1.4014117833111163e-27,1.1577630601221677e-27,4.348272800097753e-25
TCN,43,12462,33,8,class_8,8,class_8,1,1.0,8.891207857099902e-29,1.368336247436727e-36,1.7267152946509178e-26,1.063137882440007e-32,1.2261729428576095e-33,0.0,8.926271217749085e-43,4.868961426665013e-25,1.0,2.437310406703341e-24,1.562505423137409e-27,2.9390461323326974e-26
TCN,43,12463,33,8,class_8,8,class_8,1,1.0,2.7877711908970776e-40,0.0,5.709846144889809e-36,1.401298464324817e-45,0.0,0.0,0.0,1.743343345609887e-31,1.0,3.4292418894162716e-35,2.5575142428764198e-33,5.287234975796636e-36
TCN,43,12464,33,8,class_8,8,class_8,1,1.0,1.4034519458687058e-32,0.0,2.173308597920459e-34,0.0,1.5204088337924265e-42,0.0,0.0,8.040027792964238e-34,1.0,2.5595638274796738e-33,2.1947389068606057e-32,1.2641767012277936e-37
TCN,43,12465,33,8,class_8,8,class_8,1,1.0,4.427121912764922e-25,8.407790785948902e-45,3.566942862725555e-31,3.4119851970244246e-39,5.3935445398445766e-39,0.0,0.0,8.653154108888597e-24,1.0,2.8912121363253726e-23,3.879415861508371e-18,1.1187233690129703e-34
TCN,43,12466,33,8,class_8,8,class_8,1,1.0,2.454497326903972e-31,0.0,1.884021992357831e-35,0.0,3.923635700109488e-44,0.0,0.0,4.435911603820218e-33,1.0,5.912605810889577e-33,3.7628503280556313e-29,3.91225715657917e-40
TCN,43,12467,33,8,class_8,8,class_8,1,1.0,1.2792820235386866e-24,3.367800294626413e-38,2.8596249718552963e-21,1.1276487920079434e-33,2.4642225571735994e-34,5.647232811229013e-43,0.0,4.759058915487472e-17,1.0,9.101381128145876e-25,1.0300930251324004e-20,8.456657467075267e-27
TCN,43,12468,33,8,class_8,8,class_8,1,1.0,1.1417074584774612e-18,8.873541192634163e-32,9.313648508093911e-20,6.984549032551573e-27,2.0801801388235384e-26,1.94785053204689e-35,3.143764361946944e-36,1.4881245985576516e-18,1.0,8.280579203107014e-18,2.576681107690278e-16,7.883901130327759e-23
TCN,43,12469,33,8,class_8,8,class_8,1,1.0,5.952464744523288e-16,1.857986987809143e-26,2.2730671201364313e-20,8.266285085269861e-25,1.270545058796189e-20,1.5357141253852155e-33,9.893799289289118e-30,3.5250801121345843e-22,1.0,6.010350976138647e-16,2.8046249332110142e-21,8.470280358694133e-20
TCN,43,12470,33,8,class_8,8,class_8,1,1.0,2.001537034564564e-17,1.1473506462669907e-29,4.016596799688569e-21,4.853530198023242e-26,1.7409304264145566e-24,5.121632258617331e-36,2.4020490538374258e-33,3.2723036830915112e-21,1.0,1.64078255904263e-17,3.594733071699391e-20,9.121136437688972e-22
TCN,43,12471,33,8,class_8,8,class_8,1,1.0,2.6263209806934638e-37,1.2611686178923354e-44,7.883342661194282e-35,6.384405486565583e-39,1.0294358908469404e-40,0.0,0.0,2.282204602686435e-30,1.0,1.1625110552140655e-28,8.663585118076237e-33,1.3257496827768798e-31
TCN,43,12472,33,8,class_8,8,class_8,1,1.0,1.7950706030017357e-16,2.903916207182102e-28,4.439394337041137e-20,6.295666663639921e-25,3.4814744056488635e-22,7.083291563297536e-34,4.30383511567694e-31,2.298509547879686e-21,1.0,2.2837874377437857e-17,2.53087204595839e-19,6.44938609838394e-19
TCN,43,12473,33,8,class_8,8,class_8,1,1.0,3.994134689538038e-37,1.2499582301777368e-42,1.262818715217443e-35,2.1709106385911214e-37,4.7358787367768675e-39,0.0,0.0,6.686130993465835e-31,1.0,1.9060116157905185e-28,6.911323443763455e-33,7.342973538739216e-30
TCN,43,12474,33,8,class_8,8,class_8,1,1.0,2.2062633065392735e-33,8.276037901736154e-39,1.1572257727109676e-32,5.582801401641199e-33,1.7722337136341112e-34,0.0,4.203895392974451e-44,2.753443360812438e-29,1.0,1.1208392121174333e-24,5.406585174092941e-31,6.886557254757963e-26
TCN,43,12475,33,8,class_8,8,class_8,1,1.0,3.922416332287098e-28,2.7914510006643945e-38,1.939650076718056e-27,2.4282163295048977e-31,1.353922130520043e-29,0.0,9.584881495981749e-43,6.766994156400143e-28,1.0,4.915676290358004e-24,1.2397221644635331e-27,7.631855627604078e-27
TCN,43,12476,33,8,class_8,8,class_8,1,1.0,1.9143033384460195e-21,1.1627074037718958e-26,9.118050020028384e-20,2.2148948357650727e-21,5.514928860319501e-22,4.627119535305887e-34,1.4999527028639382e-30,3.9945765490020043e-22,1.0,1.598614835289116e-18,7.724518915730437e-22,2.1040827805388854e-18
TCN,43,12477,33,8,class_8,8,class_8,1,1.0,4.572758890887606e-34,0.0,2.6724990339751924e-36,0.0,2.382207389352189e-44,0.0,0.0,9.60369848008987e-33,1.0,6.780136217096574e-31,3.732994135118192e-31,1.5170488003346685e-38
TCN,43,12478,33,8,class_8,8,class_8,1,1.0,1.92982101435945e-33,3.431779939131477e-42,1.1084106514623858e-32,1.7057304435955064e-36,2.8857042411407932e-37,0.0,0.0,2.769562130555433e-28,1.0,2.0714716259568916e-24,1.478705031215763e-30,1.6430400254324705e-29
TCN,43,12479,33,8,class_8,8,class_8,1,1.0,3.714750595036545e-33,4.90454462513686e-44,4.3122307902041e-32,4.700683724546885e-40,3.4064851005519497e-38,0.0,0.0,4.287495450326922e-32,1.0,4.247499784012652e-31,1.3540595834254733e-32,1.0815182982593585e-29
TCN,43,20640,4,9,class_9,9,class_9,1,1.0,0.0,0.0,0.0,0.0,0.0,0.0,0.0,0.0,0.0,1.0,0.0,0.0
TCN,43,20641,4,9,class_9,9,class_9,1,1.0,0.0,0.0,0.0,0.0,0.0,0.0,0.0,1.999825146782023e-34,1.2632688078717754e-32,1.0,3.178417049250457e-38,0.0
TCN,43,20642,4,9,class_9,9,class_9,1,1.0,0.0,0.0,0.0,2.802596928649634e-45,0.0,0.0,0.0,2.1380034192868825e-30,1.7936321694324153e-32,1.0,1.3221510464117916e-35,0.0
TCN,43,20643,4,9,class_9,9,class_9,1,1.0,0.0,0.0,0.0,0.0,0.0,0.0,0.0,4.4821837391598025e-38,2.6624670822171524e-44,1.0,1.8761985138844976e-41,0.0
TCN,43,20644,4,9,class_9,9,class_9,1,1.0,0.0,1.1444250415309705e-39,0.0,4.5626277998416044e-42,1.1809701768053603e-37,0.0,0.0,1.566275014087935e-37,2.382207389352189e-44,1.0,3.2510124372335756e-43,0.0
TCN,43,20645,4,9,class_9,9,class_9,1,1.0,0.0,0.0,0.0,0.0,0.0,0.0,0.0,1.3987271932623694e-32,2.5246152784037733e-33,1.0,5.748436267880708e-38,0.0
TCN,43,20646,4,9,class_9,9,class_9,1,1.0,0.0,0.0,0.0,0.0,0.0,0.0,0.0,0.0,0.0,1.0,0.0,0.0
TCN,43,20647,4,9,class_9,9,class_9,1,1.0,0.0,0.0,0.0,0.0,0.0,0.0,0.0,3.853570776893247e-43,0.0,1.0,0.0,0.0
TCN,43,20648,4,9,class_9,9,class_9,1,1.0,0.0,0.0,0.0,0.0,0.0,0.0,0.0,3.26206784133802e-38,0.0,1.0,0.0,0.0
TCN,43,20649,4,9,class_9,9,class_9,1,1.0,1.4848191407483423e-25,1.8742782274328862e-22,2.721857352999999e-33,1.441475437719994e-19,1.2059931439505152e-19,2.0690246094574533e-38,8.813060127493395e-31,1.6944497063128253e-17,4.920611855156059e-16,1.0,1.0108928751891764e-22,1.0186449319256547e-25
TCN,43,20650,4,9,class_9,9,class_9,1,1.0,2.333811202696009e-32,1.616606336019202e-27,0.0,3.255572333506751e-27,1.4018498028400386e-20,0.0,8.473462638479485e-39,5.421071014792248e-28,5.949068560905898e-28,1.0,3.290691750302087e-29,2.0248085702075645e-37
TCN,43,20651,4,9,class_9,9,class_9,1,1.0,0.0,0.0,0.0,0.0,0.0,0.0,0.0,0.0,0.0,1.0,0.0,0.0
TCN,43,20652,4,9,class_9,9,class_9,1,1.0,0.0,8.720140213646904e-41,0.0,2.22245936441916e-42,2.144827429495565e-41,0.0,0.0,4.747966127717048e-30,1.564072576475974e-36,1.0,6.904826660686917e-37,0.0
TCN,43,20653,4,9,class_9,9,class_9,1,1.0,0.0,0.0,0.0,0.0,0.0,0.0,0.0,0.0,0.0,1.0,0.0,0.0
TCN,43,20654,4,9,class_9,9,class_9,1,1.0,0.0,0.0,0.0,0.0,0.0,0.0,0.0,0.0,0.0,1.0,0.0,0.0
TCN,43,20655,4,9,class_9,9,class_9,1,1.0,0.0,0.0,0.0,0.0,0.0,0.0,0.0,0.0,0.0,1.0,0.0,0.0
TCN,43,20656,4,9,class_9,9,class_9,1,1.0,0.0,0.0,0.0,0.0,0.0,0.0,0.0,0.0,0.0,1.0,0.0,0.0
TCN,43,20657,4,9,class_9,9,class_9,1,1.0,0.0,0.0,0.0,0.0,0.0,0.0,0.0,0.0,0.0,1.0,0.0,0.0
TCN,43,20658,4,9,class_9,9,class_9,1,1.0,0.0,0.0,0.0,0.0,0.0,0.0,0.0,0.0,0.0,1.0,0.0,0.0
TCN,43,20659,4,9,class_9,9,class_9,1,1.0,0.0,0.0,0.0,0.0,0.0,0.0,0.0,0.0,0.0,1.0,0.0,0.0
TCN,43,20660,4,9,class_9,9,class_9,1,1.0,0.0,0.0,0.0,0.0,0.0,0.0,0.0,0.0,0.0,1.0,0.0,0.0
TCN,43,20661,4,9,class_9,9,class_9,1,1.0,0.0,0.0,0.0,0.0,1.401298464324817e-45,0.0,0.0,3.894506628671875e-35,2.512219977460278e-35,1.0,1.733071290036825e-39,0.0
TCN,43,20662,4,9,class_9,9,class_9,1,1.0,1.1843550412719062e-35,2.1625668754413474e-33,0.0,1.6434896849355019e-31,2.569312421066866e-29,0.0,1.3162396475403007e-41,4.8251245247694946e-24,3.1490852787284494e-26,1.0,1.7441889257162075e-30,4.261629413453948e-34
TCN,43,20663,4,9,class_9,9,class_9,1,1.0,0.0,0.0,0.0,0.0,0.0,0.0,0.0,0.0,0.0,1.0,0.0,0.0
TCN,43,20664,4,9,class_9,9,class_9,1,1.0,0.0,0.0,0.0,0.0,0.0,0.0,0.0,4.203895392974451e-45,0.0,1.0,0.0,0.0
TCN,43,20665,4,9,class_9,9,class_9,1,1.0,4.13383046975821e-43,5.218875488863417e-39,0.0,1.1073507479304824e-38,2.7516169282111327e-36,0.0,0.0,5.894306337847982e-30,1.553535290069335e-29,1.0,3.1752379936014704e-33,0.0
TCN,43,20666,4,9,class_9,9,class_9,1,1.0,4.578446629185569e-20,2.346353228607704e-17,1.2992827228109745e-26,8.445600122031216e-12,2.8064317007320738e-15,5.3568454942113425e-30,2.5407458359741455e-21,9.545598623808527e-16,2.656482022203588e-12,1.0,8.657114134046868e-17,1.5519813212350186e-09
TCN,43,20667,4,9,class_9,9,class_9,1,1.0,1.605100230119597e-38,9.983861067327475e-34,0.0,1.8405991931563136e-32,7.73583616400437e-31,0.0,5.605193857299268e-45,2.4413091056540513e-26,1.0437983584454269e-29,1.0,1.0231677743116593e-30,2.166967945231897e-41
TCN,43,20668,4,9,class_9,9,class_9,1,1.0,1.6370248919935378e-40,2.5021093915586526e-36,0.0,1.2721101805095378e-37,6.472664308523232e-38,0.0,0.0,4.550870522966942e-25,3.2557816820917056e-28,1.0,6.131380339448375e-29,6.6141287516131366e-43
TCN,43,20669,4,9,class_9,9,class_9,1,1.0,1.1996641697712397e-29,2.9537391843824078e-24,1.995835935153801e-30,8.711399450447389e-27,1.1137097094662316e-30,2.2456745079218134e-37,1.3732816034783388e-38,1.0643422775069578e-11,5.099691285578856e-13,1.0,1.1458654886216121e-18,1.9710165498680441e-25
TCN,43,20670,4,9,class_9,9,class_9,1,1.0,2.0000732981308114e-41,2.189781644750491e-38,0.0,2.3935868261261996e-34,7.254637210906561e-28,0.0,0.0,6.188716477598998e-29,3.2504704487875717e-28,1.0,3.752280529706851e-32,5.170791333358575e-43
TCN,43,20671,4,9,class_9,9,class_9,1,1.0,0.0,0.0,0.0,0.0,0.0,0.0,0.0,0.0,0.0,1.0,0.0,0.0
TCN,43,20672,4,9,class_9,9,class_9,1,1.0,0.0,0.0,0.0,0.0,0.0,0.0,0.0,0.0,0.0,1.0,0.0,0.0
TCN,43,20673,4,9,class_9,9,class_9,1,1.0,5.2249471257883085e-33,1.240055980032726e-30,1.2513595286420616e-42,6.167532572287575e-28,7.161986905828328e-24,0.0,1.1153747230670527e-39,9.091461005047496e-24,5.259412143061856e-22,1.0,1.322891637534042e-29,7.437738466736477e-34
TCN,43,20674,4,9,class_9,9,class_9,1,1.0,0.0,0.0,0.0,0.0,0.0,0.0,0.0,0.0,0.0,1.0,0.0,0.0
TCN,43,20675,4,9,class_9,9,class_9,1,1.0,7.707141553786494e-44,4.0587208720704e-40,0.0,3.4180441313244723e-38,1.7161786820875256e-30,0.0,0.0,1.912329327811428e-32,1.60469948073116e-34,1.0,1.3128318017789399e-37,0.0
TCN,43,20676,4,9,class_9,9,class_9,1,1.0,0.0,0.0,0.0,0.0,0.0,0.0,0.0,2.448590103778142e-36,2.382207389352189e-44,1.0,0.0,0.0
TCN,43,20677,4,9,class_9,9,class_9,1,1.0,1.0559011006337332e-21,4.828487947970834e-19,6.330280453528412e-30,6.952396138482054e-16,2.0885745390109012e-13,6.595463115846515e-32,2.986049940984129e-24,3.452687031972371e-19,4.555122333110076e-19,1.0,6.593132333543055e-22,7.080596083324537e-25
TCN,43,20678,4,9,class_9,9,class_9,1,1.0,0.0,1.401298464324817e-45,0.0,0.0,6.963332328922881e-41,0.0,0.0,2.6624670822171524e-44,0.0,1.0,0.0,0.0
TCN,43,20679,4,9,class_9,9,class_9,1,1.0,0.0,2.802596928649634e-45,0.0,1.401298464324817e-45,7.081461789465463e-41,0.0,0.0,1.1774779240709032e-32,4.06552288692011e-37,1.0,7.715142968017789e-40,0.0
TCN,43,20680,4,10,class_10,10,class_10,1,1.0,0.0,0.0,0.0,0.0,0.0,0.0,0.0,0.0,0.0,0.0,1.0,0.0
TCN,43,20681,4,10,class_10,10,class_10,1,0.9999990463256836,8.189167473613779e-16,5.573088018045396e-20,8.226234429479015e-17,2.159292330138278e-18,4.9067239181523216e-21,4.45118460760095e-16,5.413354535728818e-29,5.998920187266776e-07,3.8011313563401927e-07,2.583149839863186e-12,0.9999990463256836,2.2562863849408948e-14
TCN,43,20682,4,10,class_10,10,class_10,1,1.0,2.4780016823519408e-21,6.381318257999164e-22,6.400986990057912e-24,1.5125128325224633e-23,1.530883194194526e-25,5.611409227873447e-19,6.9737786928917115e-31,2.419656339983263e-14,8.809866335219034e-16,1.51909113876434e-18,1.0,4.35221030069855e-23
TCN,43,20683,4,10,class_10,10,class_10,1,0.9998540878295898,1.4170236095623068e-09,1.0964257279866274e-11,8.92125096019214e-10,5.730566252781658e-15,2.614469005060658e-14,5.8501780131337e-07,4.0067114097571923e-19,0.00014515653310809284,1.0325735644300948e-07,1.2100828672423347e-10,0.9998540878295898,1.2457831988221812e-10
TCN,43,20684,4,10,class_10,10,class_10,1,1.0,2.302062223987116e-22,4.9224131624885916e-24,2.772440249893975e-26,3.2816100897605697e-25,6.637447321285287e-29,7.40378208183725e-23,5.645329412951416e-35,7.84021393814005e-13,1.6090478741037065e-16,2.3340048696283593e-19,1.0,1.851644810941911e-21
TCN,43,20685,4,10,class_10,10,class_10,1,1.0,8.972846221883154e-29,3.990874414940004e-30,9.82718934706644e-29,7.793579777390206e-35,2.171389041886842e-39,5.632518928097769e-24,0.0,1.204838095611449e-13,2.0899542718099025e-27,1.566114170481891e-29,1.0,1.8583498925376994e-32
TCN,43,20686,4,10,class_10,10,class_10,1,1.0,0.0,0.0,0.0,0.0,0.0,0.0,0.0,1.1211789013062861e-40,0.0,0.0,1.0,0.0
TCN,43,20687,4,10,class_10,10,class_10,1,1.0,6.535656037610947e-42,2.0024555055201636e-42,0.0,0.0,0.0,6.969137516097009e-35,0.0,1.944772237210154e-32,1.3351942215259203e-32,7.247902415864108e-39,1.0,0.0
TCN,43,20688,4,10,class_10,10,class_10,1,1.0,1.702008540877945e-26,4.429552590429134e-26,3.1006725806781047e-29,2.2572199247994953e-35,4.71685438632476e-33,3.941364658353386e-18,1.0701716372048628e-41,1.476372798358671e-21,5.0174644304431103e-26,1.8262114548426868e-26,1.0,6.392459387832158e-35
TCN,43,20689,4,10,class_10,10,class_10,1,1.0,0.0,0.0,0.0,0.0,0.0,1.8045306183692703e-32,0.0,2.5645150191558728e-36,4.524932871151267e-41,1.401298464324817e-45,1.0,0.0
TCN,43,20690,4,10,class_10,7,class_7,0,0.9969252943992615,8.614049484955887e-25,5.153871346167852e-27,1.405464016951305e-26,9.939820587905975e-39,1.3877267205420155e-36,1.655052109486848e-23,0.0,0.9969252943992615,8.619883565733877e-21,3.38146533573861e-25,0.0030746739357709885,5.940591686520367e-32
TCN,43,20691,4,10,class_10,10,class_10,1,1.0,0.0,0.0,0.0,0.0,0.0,0.0,0.0,3.936247386288411e-42,0.0,0.0,1.0,0.0
TCN,43,20692,4,10,class_10,10,class_10,1,1.0,1.4934230988027432e-35,7.953910213354094e-40,4.074079461971807e-36,2.802596928649634e-45,0.0,4.383968565572495e-31,0.0,4.052434873675061e-24,9.116603449278266e-32,1.5462619496801408e-38,1.0,1.401298464324817e-45
TCN,43,20693,4,10,class_10,10,class_10,1,1.0,9.1925179259708e-43,4.484155085839415e-44,0.0,0.0,0.0,9.698146769294967e-37,0.0,3.1151633738761715e-27,6.0293931347576426e-37,9.365003753944542e-40,1.0,0.0
TCN,43,20694,4,10,class_10,10,class_10,1,1.0,0.0,0.0,0.0,0.0,0.0,0.0,0.0,0.0,0.0,0.0,1.0,0.0
TCN,43,20695,4,10,class_10,10,class_10,1,1.0,0.0,0.0,0.0,0.0,0.0,1.7970251506501454e-41,0.0,2.9684733586553783e-36,4.514563262515263e-41,1.3452465257518244e-43,1.0,0.0
TCN,43,20696,4,10,class_10,10,class_10,1,1.0,0.0,0.0,0.0,0.0,0.0,0.0,0.0,1.5596451907935214e-41,2.802596928649634e-45,0.0,1.0,0.0
TCN,43,20697,4,10,class_10,10,class_10,1,1.0,0.0,0.0,0.0,0.0,0.0,0.0,0.0,1.9141737022677e-42,0.0,0.0,1.0,0.0
TCN,43,20698,4,10,class_10,10,class_10,1,1.0,6.746284818908538e-24,1.9388709156588516e-22,8.959935409611355e-25,2.0560895035929638e-38,3.846991229945656e-35,9.491965556379569e-16,2.3390473966509847e-41,6.122483286327218e-19,2.373381510219239e-21,3.96066698617133e-28,1.0,1.3753424023547382e-30
TCN,43,20699,4,10,class_10,10,class_10,1,1.0,3.4355399009915735e-20,1.0238254840934347e-19,3.90360748230552e-21,3.04736159104449e-24,1.2210294774611594e-25,7.209959799500773e-16,2.8119611623082367e-30,1.1264500443530778e-09,5.1702010728238434e-12,2.9435575717411356e-18,1.0,1.7600844393544223e-21
TCN,43,20700,4,10,class_10,10,class_10,1,1.0,3.419041950446744e-34,4.0394232367596144e-32,1.0934909027886095e-36,0.0,5.647232811229013e-43,2.21947058242504e-21,0.0,5.890031526554495e-24,1.1962769549645418e-23,1.5054707679549697e-33,1.0,4.896136834350911e-42
TCN,43,20701,4,10,class_10,10,class_10,1,1.0,1.8757608155065688e-35,8.790642207459362e-36,4.5043786252765504e-39,6.670180690186129e-43,0.0,2.8758564854887025e-23,0.0,9.442681090392654e-21,5.2231348281678935e-25,1.3902174840282357e-30,1.0,4.4714634920168616e-36
TCN,43,20702,4,10,class_10,10,class_10,1,1.0,4.7440292169563704e-26,1.304811559235805e-25,1.3117132075894666e-33,1.6815581571897805e-44,2.3562315757709385e-37,4.694922043942519e-16,0.0,2.325223442697314e-20,1.5881877925413498e-14,3.073502114303844e-23,1.0,1.3135302187987005e-34
TCN,43,20703,4,10,class_10,10,class_10,1,1.0,4.203895392974451e-45,1.401298464324817e-45,0.0,0.0,0.0,1.0489896096181289e-39,0.0,8.537599372257205e-26,7.376093632801036e-32,3.681952352668922e-39,1.0,6.246988553960035e-42
TCN,43,20704,4,10,class_10,10,class_10,1,1.0,2.7521501839339407e-42,6.095648319812954e-43,0.0,1.401298464324817e-44,0.0,1.7024599250836495e-37,0.0,8.799117042181641e-24,8.102785415973725e-32,8.236775872947193e-36,1.0,3.3015993117957015e-41
TCN,43,20705,4,10,class_10,10,class_10,1,1.0,0.0,0.0,0.0,0.0,0.0,0.0,0.0,2.4286559896468666e-35,0.0,0.0,1.0,0.0
TCN,43,20706,4,10,class_10,10,class_10,1,0.9999860525131226,9.835727934080534e-40,6.450347318863497e-36,2.900506212871395e-38,2.184939936590572e-35,0.0,2.0949412041656015e-42,0.0,1.3923094229539856e-05,2.092551262414437e-18,5.913353345645203e-27,0.9999860525131226,1.65571195219102e-24
TCN,43,20707,4,10,class_10,10,class_10,1,1.0,5.580988660782536e-34,7.027227485219895e-35,4.8861797679828044e-37,4.243946029491246e-34,2.5615735927857656e-42,3.484751533644733e-32,0.0,1.4433682596060625e-19,1.2226720515266196e-22,1.320110287749262e-27,1.0,3.089927396221193e-29
TCN,43,20708,4,10,class_10,10,class_10,1,1.0,0.0,0.0,0.0,0.0,0.0,1.0895889255575646e-37,0.0,3.8640815287947325e-35,3.8448620096179365e-36,6.364837754809752e-41,1.0,0.0
TCN,43,20709,4,10,class_10,10,class_10,1,1.0,1.6227697629756543e-38,4.550753476914609e-38,9.074552417348544e-39,3.038281317364425e-40,0.0,3.7528044581000945e-35,0.0,1.0070168245625483e-15,6.839126647704904e-24,1.641706861096834e-35,1.0,5.23340993573658e-31
TCN,43,20710,4,10,class_10,10,class_10,1,1.0,0.0,0.0,0.0,0.0,0.0,0.0,0.0,5.278310000499706e-35,1.401298464324817e-45,0.0,1.0,0.0
TCN,43,20711,4,10,class_10,10,class_10,1,1.0,1.9472912800700531e-22,3.7329344234507794e-25,2.649253161238091e-22,6.221195239810523e-28,1.2562991411536318e-34,3.3106598925953335e-22,3.9040175216089404e-42,1.2427733286912712e-09,3.1710312599357247e-22,8.811779837432249e-24,1.0,6.933008195174351e-24
TCN,43,20712,4,10,class_10,10,class_10,1,1.0,0.0,0.0,0.0,0.0,0.0,6.300931538344218e-39,0.0,9.905647567048797e-32,1.3846482359717096e-39,6.748653404188319e-40,1.0,0.0
TCN,43,20713,4,10,class_10,10,class_10,1,1.0,5.409012072293794e-43,1.6375573854099812e-41,0.0,0.0,0.0,5.371203969627541e-32,0.0,8.642232704003932e-32,1.4582363831837646e-30,1.398452855380584e-35,1.0,0.0
TCN,43,20714,4,10,class_10,10,class_10,1,1.0,0.0,0.0,0.0,0.0,0.0,3.4391507690538255e-40,0.0,1.8588868179495367e-34,1.933545700654035e-37,1.4733252053911127e-41,1.0,0.0
TCN,43,20715,4,10,class_10,10,class_10,1,1.0,0.0,0.0,0.0,0.0,0.0,4.7672173756330277e-42,0.0,2.5401792276848435e-32,2.346395549304233e-34,1.101427319191935e-38,1.0,0.0
TCN,43,20716,4,10,class_10,10,class_10,1,1.0,0.0,0.0,0.0,0.0,0.0,0.0,0.0,0.0,0.0,0.0,1.0,0.0
TCN,43,20717,4,10,class_10,10,class_10,1,1.0,0.0,0.0,0.0,0.0,0.0,0.0,0.0,9.256325771284138e-38,0.0,0.0,1.0,0.0
TCN,43,20718,4,10,class_10,10,class_10,1,1.0,1.3883730863720215e-30,7.084650967412964e-32,3.374817832587894e-33,1.4958227495553793e-36,7.47692222908257e-40,1.0037096379482832e-25,1.401298464324817e-45,9.51622140361538e-16,8.16936070407375e-24,2.0322346005094986e-32,1.0,5.115684925879377e-33
TCN,43,20719,4,10,class_10,10,class_10,1,1.0,2.974691794351829e-39,7.223313551450907e-38,3.5032461608120427e-44,0.0,0.0,3.7589193244832047e-29,0.0,1.532119280106958e-28,1.7788370448846607e-27,6.698253043859819e-32,1.0,1.401298464324817e-45
TCN,43,20720,4,11,class_11,6,class_6,0,0.6023905873298645,8.470457224518668e-09,1.5952958897468006e-13,1.0065267365932229e-16,2.574077370809391e-05,1.9399001849329522e-10,3.703862079335323e-18,0.6023905873298645,2.2612658544685776e-13,4.9739021495270874e-14,9.43732240216101e-16,9.301368056684669e-23,0.3975836932659149
TCN,43,20721,4,11,class_11,4,class_4,0,0.9956129789352417,3.628949354558819e-13,1.3886961025555422e-11,5.44238469246801e-19,0.004380511119961739,0.9956129789352417,2.3334365222305272e-21,4.981834990758216e-06,1.4867716205887293e-17,3.8036954173630217e-16,1.5339477386078215e-06,1.5698382299047677e-20,1.905557742848396e-12
TCN,43,20722,4,11,class_11,6,class_6,0,1.0,2.2567943607637586e-12,8.402124812122826e-19,3.8083059235740453e-16,2.1799610727679664e-10,1.0314516736829158e-16,1.534311489025308e-22,1.0,2.284717900979949e-11,6.016647465655618e-20,2.78840499996482e-17,2.886020603265068e-24,8.701145359779616e-10
TCN,43,20723,4,11,class_11,3,class_3,0,0.9999986886978149,2.2343883356392107e-18,1.2106857643809469e-16,4.9929992653223615e-26,0.9999986886978149,1.152036599449957e-08,1.9929070470982186e-27,1.1499844479456733e-11,1.294990540030861e-19,4.865449363861715e-16,2.6089788662808644e-10,5.05699371644351e-22,1.2530560979939764e-06
TCN,43,20724,4,11,class_11,4,class_4,0,1.0,9.231409684621858e-35,4.053019298294813e-33,0.0,4.482527787212782e-22,1.0,0.0,2.7391000727832526e-30,0.0,0.0,8.106478523054533e-36,0.0,1.5414843626958718e-40
TCN,43,20725,4,11,class_11,11,class_11,1,0.9677373766899109,8.337246448775204e-09,6.9560899432859116e-15,1.3999201510473888e-14,2.3653342395846266e-06,4.267779706024211e-12,9.624267106569791e-20,0.03226008266210556,2.5708510875688262e-08,1.776952500073814e-12,1.0794657612223091e-07,4.1528866317045006e-19,0.9677373766899109
TCN,43,20726,4,11,class_11,11,class_11,1,0.9999995231628418,1.0043201492357473e-21,4.824887361626949e-22,9.194360665555498e-28,4.348887046035088e-07,9.592188008439219e-20,7.105456335801756e-33,1.067267527474344e-14,6.017412054545195e-17,2.1677879961529834e-16,9.617754861837927e-14,2.333383504466809e-24,0.9999995231628418
TCN,43,20727,4,11,class_11,3,class_3,0,0.8272750377655029,1.70995785890235e-13,4.256295836613244e-12,1.9164947612241098e-20,0.8272750377655029,0.0749480202794075,1.4168359638504777e-22,1.7624681731831515e-06,1.186384649375094e-12,2.2423924696257647e-12,8.280642941826954e-05,2.5995628094052914e-17,0.09769231081008911
TCN,43,20728,4,11,class_11,11,class_11,1,0.9934919476509094,7.160613248180514e-14,2.9329389301407005e-16,2.5344163442367887e-23,0.0065015810541808605,6.4605246734572574e-06,3.06469971836131e-25,4.216340165896781e-09,9.795300098541053e-17,1.0351990294978856e-14,9.54596957036813e-10,1.0031538341645961e-22,0.9934919476509094
TCN,43,20729,4,11,class_11,4,class_4,0,0.9999994039535522,1.2689362571282587e-20,2.763766815374226e-20,1.0818229111634532e-29,5.918057013332145e-07,0.9999994039535522,7.756896790991442e-32,1.4010085883846106e-14,1.0181688651545615e-28,6.118541259400318e-24,1.1616092312824043e-15,1.1095993113499373e-31,5.569543549120607e-19
TCN,43,20730,4,11,class_11,6,class_6,0,0.4985407292842865,2.288432199293311e-08,1.2799124607387746e-11,1.3425881966168895e-15,0.025324253365397453,0.017599616199731827,4.8054925337370134e-18,0.4985407292842865,3.2305858292322465e-13,2.2089757323665027e-13,2.5649187634924075e-11,5.336383823414812e-20,0.45853543281555176
TCN,43,20731,4,11,class_11,11,class_11,1,0.9999861717224121,1.2275204464007317e-10,1.1177178974031143e-12,4.958492227348456e-16,6.675559689028887e-06,2.1447746356706432e-11,1.0100054286326903e-19,7.1080280577007215e-06,7.050414418952045e-11,6.306461863142543e-12,1.7220392889427671e-09,4.571858264853555e-19,0.9999861717224121
TCN,43,20732,4,11,class_11,4,class_4,0,0.9999998807907104,2.2051543252255148e-16,3.421514839776151e-15,3.0594414575291847e-23,1.2765154622229602e-07,0.9999998807907104,2.53921072527436e-24,1.142491136418844e-11,5.816751081624894e-23,1.4044686178852903e-18,1.9426489496904287e-12,3.3009713001726353e-24,3.597362055999696e-15
TCN,43,20733,4,11,class_11,11,class_11,1,0.7680806517601013,1.2399856075262505e-07,2.3945773749284305e-12,7.596558744462495e-14,2.4239981939899735e-05,8.520475436313291e-10,1.8754178984470125e-16,0.23189501464366913,5.981353606854256e-11,1.6598146468371766e-12,8.075851619382401e-12,3.3478051185681074e-20,0.7680806517601013
TCN,43,20734,4,11,class_11,11,class_11,1,0.9999352693557739,5.1815466014257325e-15,1.2595829084744062e-17,7.799524769853711e-21,6.465117621701211e-05,3.1370399891110967e-16,2.700408929229937e-25,6.36139816379e-08,6.689862829282675e-14,3.3991135711783534e-15,4.480239150592841e-14,1.8799560380209963e-23,0.9999352693557739
TCN,43,20735,4,11,class_11,6,class_6,0,1.0,1.2045402787527482e-19,5.692421483743974e-30,5.168353611483542e-32,2.3293692008415958e-20,4.446414184129442e-26,1.929614751835079e-33,1.0,5.519762357937286e-32,3.4801784473603014e-34,1.0221648333752518e-38,1.401298464324817e-45,1.3507511728639728e-19
TCN,43,20736,4,11,class_11,11,class_11,1,0.9999998807907104,6.5226343850556794e-15,1.0050464679357378e-18,2.402989163931739e-21,1.4722100161179696e-07,3.6147006946985384e-19,2.76520460813011e-26,1.6801223745588345e-09,2.305350463478739e-13,7.871371299715806e-15,1.0398502398771894e-13,6.847819106019534e-24,0.9999998807907104
TCN,43,20737,4,11,class_11,6,class_6,0,0.9999996423721313,1.3268684995182412e-07,4.5855108808637424e-18,8.846802530373038e-17,1.0628997415551567e-07,4.19637741222445e-10,3.2187693858744533e-21,0.9999996423721313,5.15253905486578e-19,1.7238915458554252e-18,2.321024337865871e-18,3.452363713788758e-30,8.765817227640582e-08
TCN,43,20738,4,11,class_11,11,class_11,1,0.9998173117637634,5.693754387241234e-13,1.4884005350912152e-14,5.102452855185388e-18,0.00018146839283872396,4.762889041498575e-11,2.5541684569999522e-20,1.1356877394064213e-06,2.68120470270361e-10,7.041812879332587e-13,7.1948904611929265e-09,4.386025605516678e-17,0.9998173117637634
TCN,43,20739,4,11,class_11,6,class_6,0,1.0,6.2886754917194765e-27,0.0,2.258893124491605e-41,1.0926260437972037e-39,0.0,0.0,1.0,7.350398430219296e-38,1.961817850054744e-44,0.0,0.0,1.6187698850936418e-30
TCN,43,20740,4,11,class_11,11,class_11,1,1.0,1.661104254049489e-26,1.1889526326646259e-30,3.869020484825998e-36,1.2294630710697414e-22,5.8011082556582914e-30,1.8717690094387668e-39,2.6375530839476058e-24,7.177344716250613e-20,3.7912627337017964e-22,9.674193344595163e-24,5.317447437470087e-31,1.0
TCN,43,20741,4,11,class_11,11,class_11,1,1.0,4.0591088823482835e-10,6.624734843162651e-18,1.1274429562886527e-17,6.70151325925239e-13,1.0816095062779127e-13,1.5850944413533468e-22,7.853580008543304e-09,2.306693464709797e-12,8.825492420205805e-12,3.78170541756595e-12,1.740142086157533e-22,1.0
TCN,43,20742,4,11,class_11,11,class_11,1,1.0,5.269348025034864e-16,1.007956140141962e-27,8.903648211871572e-25,1.8077780104292239e-22,1.7071435804811167e-28,1.7547181636324127e-32,4.779253041217851e-17,4.974658000039314e-19,8.701854070213705e-15,3.8152387468828164e-25,2.6295684495691125e-30,1.0
TCN,43,20743,4,11,class_11,11,class_11,1,1.0,7.343119788941909e-21,1.2184536020587322e-22,9.954608992557721e-28,2.8816648494698455e-16,4.348511805230512e-22,2.4926282477548154e-30,1.371489443850684e-18,5.398836069263997e-16,5.295541791009764e-17,5.815527045523053e-17,1.6116836923614176e-23,1.0
TCN,43,20744,4,11,class_11,11,class_11,1,1.0,1.8455098207493456e-21,9.531516632343093e-31,1.797846081581243e-31,8.970293276556423e-26,1.1038426098854293e-29,1.0907293986571665e-35,1.104296562276677e-23,5.644659093532337e-21,1.1018047413567554e-17,2.781774754703794e-25,1.2514421944729829e-30,1.0
TCN,43,20745,4,11,class_11,11,class_11,1,0.9999955892562866,1.0715447973375092e-10,3.162406317716582e-13,5.591838217298503e-17,1.112720497076225e-06,1.9183628297003708e-10,1.846792386907329e-19,3.2747959721746156e-06,2.787562403128163e-10,1.0273657792547741e-11,1.6984468231839855e-07,3.591707555211402e-17,0.9999955892562866
TCN,43,20746,4,11,class_11,11,class_11,1,1.0,5.209186415555678e-10,4.991369529954723e-18,1.6457168568326312e-16,2.5817141393463805e-12,6.316015322126223e-18,2.615244042327692e-22,1.1536063770911653e-11,3.571261342205645e-11,1.8923580757945757e-10,7.661517904475335e-13,5.252038865915679e-20,1.0
TCN,43,20747,4,11,class_11,11,class_11,1,0.999987006187439,8.584600315764829e-14,5.6373295246291144e-15,2.5095652692463076e-18,4.0606417534005956e-11,2.6633762469779887e-13,1.2453407080119527e-21,2.2458999991790268e-13,1.896122668598732e-11,2.381291608344327e-09,1.2993416021345183e-05,7.802421970776359e-15,0.999987006187439
TCN,43,20748,4,11,class_11,6,class_6,0,0.9656819701194763,2.2202664595738497e-08,3.5384676434188677e-15,7.242784443789246e-16,5.234752097749151e-05,1.4304239737139568e-10,6.747064102411281e-20,0.9656819701194763,9.190469565933945e-12,2.2714757609158852e-15,9.053088140253962e-13,2.6018264018540966e-23,0.03426569700241089
TCN,43,20749,4,11,class_11,6,class_6,0,1.0,3.148588161028254e-14,7.362321288152825e-24,1.1057689238246178e-21,2.426288336909721e-10,3.8588160864055953e-16,3.3170089209537202e-28,1.0,7.293065668359647e-21,4.816421379854789e-26,4.880788916824605e-25,6.564318756919632e-38,1.8030447135330974e-09
TCN,43,20750,4,11,class_11,11,class_11,1,1.0,2.160323630487731e-26,3.239420352498352e-33,4.434210566493335e-37,1.160050963361073e-23,2.0135446811418058e-32,4.1746082550700625e-41,3.476159936214788e-18,2.403336565652624e-22,4.03547496818444e-27,7.515813243988078e-31,1.5622531753914456e-37,1.0
TCN,43,20751,4,11,class_11,11,class_11,1,1.0,8.810868308656266e-25,9.93957247507285e-30,9.444343483816734e-35,2.1855442623552535e-21,4.498857275774406e-28,6.712557637305469e-38,4.598378006487367e-22,2.0080189032701212e-20,1.6455172739431864e-22,1.364763918139999e-23,2.090572034152107e-31,1.0
TCN,43,20752,4,11,class_11,6,class_6,0,1.0,3.625464597486344e-16,2.5233135463863076e-27,1.0520332840609984e-21,1.4717126372709577e-19,3.513458052872081e-20,5.295850314861299e-30,1.0,1.9214673721130962e-27,2.2917237747473033e-29,6.568311735593989e-35,2.2420775429197073e-44,1.7298869509352095e-18
TCN,43,20753,4,11,class_11,11,class_11,1,1.0,6.0231937526054735e-27,1.110014966152388e-31,6.030773357693064e-37,4.837928932878541e-26,1.2064143661472208e-30,1.057419821179507e-40,1.7915169824525174e-27,1.3817794900934353e-22,3.393039942729967e-21,1.0816035386668426e-24,1.212706681612681e-32,1.0
TCN,43,20754,4,11,class_11,11,class_11,1,1.0,1.7323716360591963e-16,5.175707866835508e-19,7.08105845442261e-24,2.1790611849648034e-12,4.8646764462973455e-16,3.1851362220970497e-26,1.902655550473087e-13,4.977971126399108e-15,2.939655372016835e-16,2.8254515291011376e-14,4.216182912734584e-23,1.0
TCN,43,20755,4,11,class_11,6,class_6,0,0.999873161315918,1.8582592266164593e-21,6.343947585452061e-33,3.7907335947845373e-32,1.7970253346864593e-27,1.2839285389389846e-34,2.641690590405994e-38,0.999873161315918,1.5000318854877272e-22,4.384391073977209e-27,1.969216705946379e-40,9.08181534728914e-42,0.0001268234773306176
TCN,43,20756,4,11,class_11,11,class_11,1,1.0,6.038583261524759e-20,6.556622035976306e-27,1.6870672353509935e-29,8.635110468008467e-18,3.957594071344865e-24,4.438939420128547e-34,1.330567925592624e-16,7.449498433965799e-18,9.663069793675484e-21,1.5609024174672076e-20,2.428226767894733e-30,1.0
TCN,43,20757,4,11,class_11,11,class_11,1,1.0,1.2306750340504898e-20,2.074397937181403e-31,6.885002426291865e-35,9.51211792731298e-24,1.4365285158415927e-28,5.488251576815662e-38,1.4504616177020403e-18,2.57311612475294e-23,6.202517695794411e-22,1.2909727973241302e-26,9.740273612664394e-35,1.0
TCN,43,20758,4,11,class_11,11,class_11,1,1.0,1.873472483642116e-20,1.0794282902194364e-22,5.144305131763459e-29,2.3062232332739416e-19,1.6152428118847213e-21,2.7629428597998512e-30,1.2641744432980809e-18,3.448662550138117e-17,1.9252713460466445e-16,8.263642845501113e-16,1.1353981923259207e-23,1.0
TCN,43,20759,4,11,class_11,11,class_11,1,1.0,1.8738236318108936e-34,8.102698402737946e-38,0.0,8.788493800193978e-29,2.5105229220631113e-36,0.0,3.9402323879788953e-28,2.001852961597242e-29,1.5699542942350668e-29,2.693650006886675e-32,8.281954183852534e-41,1.0
TCN,43,20760,4,0,class_0,0,class_0,1,1.0,1.0,4.657618687623383e-25,4.0239858699938486e-15,5.17371164737287e-20,3.85414838892702e-18,6.513153643057091e-25,2.119365745184218e-13,7.286447415665656e-21,2.337683658467461e-20,3.392091795030764e-23,6.851854260460675e-36,1.3721711399371011e-16
TCN,43,20761,4,0,class_0,0,class_0,1,0.9999918937683105,0.9999918937683105,2.1017236614318842e-18,4.6803404901707424e-11,6.1205076109290685e-15,1.3241236995753525e-09,4.908865088092612e-19,8.104620064841583e-06,1.080654758797734e-16,4.61731022340095e-13,2.5239631534817097e-15,1.8659583323465736e-23,9.792289049938285e-14
TCN,43,20762,4,0,class_0,0,class_0,1,0.999992847442627,0.999992847442627,3.4413446486949826e-17,1.1059608340246996e-07,2.729191507425783e-16,5.244119551041544e-14,8.606241864630366e-18,7.099410140654072e-06,2.5736971164962196e-15,3.6731185652197525e-15,1.4785004555281737e-18,1.8606576603800315e-23,3.3765759302760478e-15
TCN,43,20763,4,0,class_0,6,class_6,0,1.0,5.371407763021807e-10,2.1998878366034362e-30,1.266320217661703e-21,1.5265204236101045e-26,7.264458517466908e-23,2.2734535644620773e-31,1.0,5.048760021667425e-26,1.4015882947905194e-27,3.077697217244664e-34,6.893099249890921e-40,6.468041646115896e-25
TCN,43,20764,4,0,class_0,2,class_2,0,1.0,2.1158801377652026e-09,3.3877574682171507e-13,1.0,7.692979586693127e-11,2.470701933516596e-16,5.979797968335592e-16,6.726020296277113e-10,1.2812233496362069e-09,2.4857149227841546e-08,3.350856714509847e-17,1.0245884237916653e-17,2.644144105057311e-11
TCN,43,20765,4,0,class_0,0,class_0,1,0.9999871253967285,0.9999871253967285,5.34745969726913e-10,1.775489181454759e-06,1.2896847760741903e-13,1.1768934271572107e-08,1.0046648842715333e-12,1.109121058107121e-05,2.205581891575421e-15,1.208574689978703e-12,5.19507329407691e-16,1.35286358535328e-19,4.606818060164629e-14
TCN,43,20766,4,0,class_0,2,class_2,0,0.9997755885124207,0.00022386446653399616,6.026976695494568e-09,0.9997755885124207,1.4915771728851723e-08,6.605134217352315e-10,1.6484867290667005e-11,3.434575432947895e-07,1.1093718166321764e-09,1.7187106493565807e-07,3.963195657069596e-12,6.893985487593226e-15,2.276351468433191e-10
TCN,43,20767,4,0,class_0,6,class_6,0,1.0,4.173645040683738e-10,1.4423426275097993e-29,1.9298494629668077e-19,1.5002641821596744e-27,8.15887961613084e-28,2.617307761371392e-31,1.0,1.3807369062775462e-21,3.794472703388449e-23,1.2187634897236897e-32,3.733365432805614e-38,1.3304535338809853e-20
TCN,43,20768,4,0,class_0,0,class_0,1,0.9999997615814209,0.9999997615814209,6.735901768565147e-22,7.30015599701003e-15,1.997925910392039e-19,2.916186181423086e-10,3.6114148166503995e-22,2.3966734374880616e-07,4.282988134918641e-22,1.3210334944364806e-17,1.8284053574247542e-20,2.3444159842268675e-28,4.983752204639481e-20
TCN,43,20769,4,0,class_0,2,class_2,0,0.9999024868011475,9.695140033727512e-05,1.3170612378488045e-09,0.9999024868011475,9.066916106803546e-10,6.331725508484931e-12,1.9105826946572146e-13,2.5068688458418364e-08,3.0877592149813893e-10,6.062215902602475e-07,1.0956956641907517e-13,2.910737137801981e-16,7.053484185615133e-11
TCN,43,20770,4,0,class_0,6,class_6,0,0.9999457597732544,5.422805043053813e-05,7.047129977089505e-42,1.5939811542630494e-31,0.0,4.969714644661398e-37,5.184804318001823e-44,0.9999457597732544,4.428103147266422e-43,1.8565382964300204e-40,0.0,0.0,2.802596928649634e-45
TCN,43,20771,4,0,class_0,0,class_0,1,1.0,1.0,2.8710419975200925e-17,1.5741951076009286e-09,1.4697815989457574e-13,5.024031104333693e-12,1.3536825613681324e-17,1.7270629371068935e-09,1.3349599745950125e-13,3.085441244946724e-13,2.4540425572726343e-13,9.48581099384567e-24,1.6067863706226149e-10
TCN,43,20772,4,0,class_0,0,class_0,1,1.0,1.0,1.2124116059451177e-23,4.240510191795034e-14,3.6218679848953515e-25,1.2298561052107818e-16,4.55398356531417e-23,2.9352182576852792e-12,1.6212909137817422e-23,3.5220748191624403e-19,1.8580446424479581e-25,7.88730303096658e-30,9.601109957119686e-23
TCN,43,20773,4,0,class_0,0,class_0,1,0.9999722242355347,0.9999722242355347,1.1368090171472167e-13,2.7680334824253805e-05,9.280658706811717e-12,1.3497458359323922e-11,1.0649807714508178e-15,4.670295083997189e-08,5.807382569625319e-14,1.1653564398195204e-12,4.928179141627711e-15,7.047265294073625e-22,4.629722169871564e-14
TCN,43,20774,4,0,class_0,0,class_0,1,0.9946907162666321,0.9946907162666321,9.264101985539952e-11,0.00519484793767333,4.669262580137001e-06,8.12871547850591e-09,2.056019590690461e-11,0.00010973532334901392,5.017077420177429e-09,6.16503625927578e-10,2.710940152916841e-11,2.0288379652457543e-17,7.96717081197329e-10
TCN,43,20775,4,0,class_0,2,class_2,0,0.7158080339431763,0.2841799855232239,9.827309105370219e-12,0.7158080339431763,1.2654232696418521e-11,2.7868826690813364e-10,2.424517021610423e-13,7.67174199722831e-08,6.787529982510421e-10,1.1881093996635173e-05,5.707798600082525e-13,2.836058795644661e-15,7.817645419905261e-10
TCN,43,20776,4,0,class_0,2,class_2,0,0.9999998807907104,6.904532767748606e-08,1.3436470936800757e-14,0.9999998807907104,5.821966084108962e-16,4.0222568476534486e-20,3.918803555300186e-17,4.5508226520496464e-08,4.1286502753916376e-13,1.5434837435934767e-11,9.829650218882541e-24,4.0474484050070684e-22,4.1199341030764836e-13
TCN,43,20777,4,0,class_0,6,class_6,0,0.6202234029769897,0.3796987235546112,3.2961758322791468e-12,1.9247227811547418e-08,6.275433406699449e-05,4.1535315631335834e-07,4.620430896066542e-15,0.6202234029769897,5.235834335537426e-11,3.673788218083729e-10,9.185990856863668e-10,6.132352585010741e-19,1.4651538549514953e-05
TCN,43,20778,4,0,class_0,4,class_4,0,0.935272216796875,5.865142149730218e-09,1.787913705975086e-10,2.273795735030504e-12,0.0010747048072516918,0.935272216796875,1.778771836211991e-16,2.9568533136625774e-05,1.9242285716203344e-12,6.981238365177944e-10,0.06362355500459671,3.276970890788691e-16,1.5830047273013292e-09
TCN,43,20779,4,0,class_0,0,class_0,1,0.9998836517333984,0.9998836517333984,3.825195802470427e-12,0.00011022281978512183,1.0799559163610084e-10,9.078847256205336e-07,4.701569537336747e-13,5.125781171955168e-06,2.0806363576486575e-11,4.831918754000242e-10,6.896799797928566e-10,2.8045293970814386e-17,1.1749980328989995e-11
TCN,43,20780,4,0,class_0,0,class_0,1,1.0,1.0,0.0,3.55368842137265e-38,0.0,1.3636287590068373e-39,6.001915465534267e-40,0.0,1.923702531825109e-41,4.488425638448853e-32,0.0,0.0,2.1485835820032184e-37
TCN,43,20781,4,0,class_0,0,class_0,1,1.0,1.0,0.0,5.45689612237793e-38,0.0,1.2166073267268062e-41,0.0,1.401298464324817e-45,0.0,9.211811272276929e-36,0.0,0.0,3.342096837414689e-42
TCN,43,20782,4,0,class_0,0,class_0,1,1.0,1.0,0.0,1.1897023962117697e-41,0.0,0.0,0.0,0.0,0.0,2.1585475427597693e-38,0.0,0.0,4.372051208693429e-43
TCN,43,20783,4,0,class_0,0,class_0,1,1.0,1.0,2.36836581422759e-33,7.579253681314229e-20,3.1263131781588058e-30,2.212407740346641e-25,1.893588051095548e-30,6.545361946348746e-24,5.6555077646863e-26,1.1310826942312445e-25,3.458435888549668e-33,1.1210387714598537e-44,3.714186700303943e-24
TCN,43,20784,4,0,class_0,0,class_0,1,1.0,1.0,3.500099375636244e-32,5.481182779189339e-22,8.433409659063405e-32,1.5453824576324882e-24,1.8938148699715843e-27,6.77414802317857e-28,1.092857969141854e-27,7.676980548305572e-24,4.37331200398568e-31,5.3641705214354e-42,2.895825710443467e-23
TCN,43,20785,4,0,class_0,0,class_0,1,1.0,1.0,2.0078168223497525e-23,7.389591664811769e-15,1.6949827402070847e-21,3.9370070708864566e-18,1.0553805597213705e-23,1.5278631013016116e-15,5.5366009519787115e-21,1.1134277042979217e-18,9.249549361542511e-23,1.834892608893453e-32,6.585679924131266e-18
TCN,43,20786,4,0,class_0,0,class_0,1,0.9992156028747559,0.9992156028747559,3.310387039360055e-14,3.061042974650263e-09,2.20357857395187e-14,1.9369289816495439e-07,3.2298785058993123e-15,0.0007841328624635935,3.1955632953819093e-15,1.2848617569199972e-12,1.142411864807596e-15,2.2706446441643874e-19,2.5526367539934847e-16
TCN,43,20787,4,0,class_0,0,class_0,1,0.990683913230896,0.990683913230896,3.8745197913740703e-14,0.00930080097168684,8.495490586241192e-15,4.528481322568778e-12,1.1585803473421414e-15,5.161164030875742e-12,1.947994039295728e-13,1.5311024981201626e-05,1.9671076268005144e-16,8.35783539077763e-18,2.224085038316989e-13
TCN,43,20788,4,0,class_0,0,class_0,1,0.9998515844345093,0.9998515844345093,8.703999326842293e-11,1.1083396998064958e-16,3.1124302290312898e-21,0.00014843596727587283,1.584695916156953e-11,2.3670350800605254e-21,1.4047471968059617e-19,7.46359625578702e-14,3.4088998126565702e-18,6.5496702123638585e-21,7.746576421856309e-19
TCN,43,20789,4,0,class_0,0,class_0,1,1.0,1.0,0.0,1.2082275619101438e-39,0.0,9.348832769666233e-39,2.1702553914292031e-38,0.0,1.401298464324817e-45,3.051310985091365e-35,0.0,0.0,5.86443407319936e-42
TCN,43,20790,4,0,class_0,0,class_0,1,1.0,1.0,0.0,8.970833925907621e-35,0.0,2.0593323044211964e-37,1.0614292163456331e-37,2.910388730161199e-38,1.9292870985690133e-37,5.6541344102235675e-31,0.0,0.0,2.027292454916657e-34
TCN,43,20791,4,0,class_0,0,class_0,1,1.0,1.0,0.0,0.0,0.0,0.0,0.0,0.0,0.0,1.2611686178923354e-44,0.0,0.0,0.0
TCN,43,20792,4,0,class_0,0,class_0,1,1.0,1.0,1.642185748679648e-24,2.7838483200506164e-15,1.6458394488660724e-27,8.43693657895515e-20,4.919463315741131e-25,3.037260643229931e-19,3.7769439222767925e-29,2.7467792776440955e-23,8.5846092891399e-30,6.147635282117532e-36,3.149600156839782e-27
TCN,43,20793,4,0,class_0,0,class_0,1,1.0,1.0,0.0,0.0,0.0,0.0,0.0,0.0,0.0,1.2289387532128646e-42,0.0,0.0,0.0
TCN,43,20794,4,0,class_0,0,class_0,1,1.0,1.0,0.0,0.0,0.0,0.0,0.0,0.0,0.0,1.0229478789571165e-43,0.0,0.0,0.0
TCN,43,20795,4,0,class_0,0,class_0,1,1.0,1.0,0.0,0.0,0.0,0.0,0.0,0.0,0.0,5.324934164434305e-44,0.0,0.0,0.0
TCN,43,20796,4,0,class_0,0,class_0,1,1.0,1.0,7.006492321624085e-45,3.6966253488888674e-42,0.0,1.0427921862396501e-20,5.051807080752755e-40,0.0,6.165713243029195e-43,3.882499384127525e-31,0.0,0.0,4.410808882139111e-38
TCN,43,20797,4,0,class_0,0,class_0,1,1.0,1.0,1.555441295400547e-43,1.6169582979844064e-41,0.0,6.00956558469064e-18,1.8918538203279344e-39,0.0,5.439139989276777e-41,2.8101018975872205e-33,0.0,0.0,9.654106761158166e-38
TCN,43,20798,4,0,class_0,0,class_0,1,1.0,1.0,0.0,0.0,0.0,9.80908925027372e-45,2.2420775429197073e-44,0.0,0.0,4.0821225564246246e-41,0.0,0.0,0.0
TCN,43,20799,4,0,class_0,0,class_0,1,1.0,1.0,0.0,0.0,0.0,4.0637655465419695e-44,0.0,0.0,0.0,1.1754868398625187e-37,0.0,0.0,0.0
TCN,43,20800,4,1,class_1,1,class_1,1,1.0,0.0,1.0,0.0,1.0374260946905205e-39,1.4924675170030094e-26,8.086473048079222e-41,5.501497770939232e-42,1.401298464324817e-45,0.0,0.0,0.0,0.0
TCN,43,20801,4,1,class_1,1,class_1,1,1.0,0.0,1.0,0.0,0.0,5.939804105305316e-32,1.6603019577892675e-31,0.0,0.0,0.0,3.7327087843452315e-40,1.2611686178923354e-44,0.0
TCN,43,20802,4,1,class_1,1,class_1,1,1.0,0.0,1.0,0.0,0.0,6.221765181602188e-43,1.3474198600085825e-29,6.5300508437536476e-43,0.0,0.0,0.0,0.0,0.0
TCN,43,20803,4,1,class_1,1,class_1,1,1.0,5.530555095895471e-39,1.0,3.076845051102644e-40,2.2420775429197073e-44,1.0396120535995723e-25,1.1340104168618588e-20,1.1870870037896437e-35,1.401298464324817e-44,4.582072747725614e-31,5.298078239648763e-28,8.96848704684443e-32,1.3312335411085762e-43
TCN,43,20804,4,1,class_1,1,class_1,1,1.0,2.436888210503908e-27,1.0,1.9287022743452533e-33,9.912676251435242e-25,6.969603612805525e-16,2.8323346597821024e-19,1.8574058191891247e-26,1.7812181366012635e-22,5.79814835308459e-21,1.8292318388111957e-17,2.2590765749966215e-16,4.5875583482569916e-26
TCN,43,20805,4,1,class_1,1,class_1,1,1.0,0.0,1.0,8.407790785948902e-45,1.0439673559219887e-42,2.8701208024302833e-33,3.725652399130878e-24,1.0069484136108414e-36,1.2113027954680124e-37,2.0071228831828104e-35,1.555161035707682e-41,2.863225620110989e-37,2.382207389352189e-44
TCN,43,20806,4,1,class_1,1,class_1,1,1.0,5.945709384130199e-42,1.0,4.764414778704378e-44,3.072412183540599e-38,4.322756813143256e-31,1.124387657150909e-27,2.437467470045869e-32,6.588271992349415e-39,1.5604859698721163e-40,6.258728071974762e-37,8.328302859235279e-37,7.708467182133745e-39
TCN,43,20807,4,1,class_1,1,class_1,1,1.0,0.0,1.0,0.0,0.0,8.132397176615854e-30,1.1953819519966744e-32,2.557649957085656e-41,0.0,0.0,0.0,0.0,0.0
TCN,43,20808,4,1,class_1,1,class_1,1,1.0,1.6208412623978873e-36,1.0,8.295671214260117e-38,2.810554800866913e-31,2.776765546725778e-21,7.701657348043897e-22,8.143369358435864e-34,5.602140809261838e-29,5.006332112400665e-28,2.2124196048146554e-22,8.262812618172691e-26,1.4920385710784394e-36
TCN,43,20809,4,1,class_1,1,class_1,1,1.0,4.461254215833974e-30,1.0,8.617730920160583e-34,8.089613545680953e-28,1.7614712466418325e-10,1.042671022115993e-16,1.470708514565718e-26,3.9628787180539134e-33,4.3961748989114336e-32,1.5957286780548266e-16,3.852572482853895e-27,4.5302852035032756e-36
TCN,43,20810,4,1,class_1,1,class_1,1,1.0,2.8614977070005992e-39,1.0,3.2683885381912033e-41,1.2079118325505498e-36,3.7994986939877934e-23,1.350028633830082e-21,2.863830713791934e-34,3.4253379349239465e-32,1.8560403400119213e-32,6.741358102910405e-28,2.336939428262417e-31,1.071993325208485e-42
TCN,43,20811,4,1,class_1,1,class_1,1,1.0,1.1271989303198837e-30,1.0,3.892308316482593e-35,6.572759874447977e-24,2.7403604474723312e-18,1.4334297855204338e-21,1.0133336976585558e-28,4.2725268295734517e-23,2.7527193497733118e-21,2.215332511347739e-15,4.516417001285071e-19,4.810636810748223e-26
TCN,43,20812,4,1,class_1,1,class_1,1,1.0,4.411514629991924e-31,1.0,3.908232557078078e-33,8.92769367833884e-25,5.292273563828331e-12,6.9268700065231576e-18,3.210759178646869e-23,1.962964344622638e-26,4.1401885496327515e-24,1.3821850810768967e-15,1.6147131012531963e-21,7.605003541947453e-27
TCN,43,20813,4,1,class_1,1,class_1,1,1.0,4.136016495362557e-40,1.0,2.2403889177341023e-35,1.5450716867645433e-40,6.0088964190703205e-27,9.238706849325402e-19,7.187195334656382e-31,9.971639872135398e-42,1.0005005573298112e-36,5.262387447381464e-35,1.9516519189173872e-34,1.0060370090896446e-39
TCN,43,20814,4,1,class_1,1,class_1,1,1.0,0.0,1.0,0.0,2.382207389352189e-44,2.449833444921604e-28,1.1869382015872752e-34,1.6745516648681564e-41,0.0,0.0,0.0,1.401298464324817e-45,0.0
TCN,43,20815,4,1,class_1,1,class_1,1,1.0,0.0,1.0,0.0,2.4505313393563527e-38,2.3862819734833718e-21,2.5697489114220494e-25,2.5977014559951567e-32,4.344025239406933e-44,1.2611686178923354e-43,1.3595355661925445e-39,1.6431625792672805e-41,0.0
TCN,43,20816,4,1,class_1,1,class_1,1,1.0,1.0161032677909364e-32,1.0,3.146979680509694e-36,5.014825306526917e-33,7.581369324977804e-19,7.452109429569323e-19,7.713023405849894e-25,4.435530253335098e-37,5.710137929219977e-33,2.0239915564006285e-28,1.5411566950862494e-30,3.5655907393282623e-34
TCN,43,20817,4,1,class_1,1,class_1,1,1.0,4.748640238577209e-36,1.0,4.026689655461232e-37,2.2571013020443986e-26,1.3818339918494904e-12,1.729679695339738e-21,1.037979481304314e-25,7.992636893324273e-32,7.407360753975352e-33,4.956576835027541e-23,1.9454208068142654e-29,6.172906545251695e-33
TCN,43,20818,4,1,class_1,1,class_1,1,1.0,3.7316566894582164e-38,1.0,7.978320832602632e-39,1.4353890875382446e-28,2.619042240939465e-26,1.0254108188533742e-22,9.362035502533626e-32,9.368637835111506e-26,6.975488952536565e-29,5.713750351394899e-27,4.019343764156241e-27,2.135902938487385e-35
TCN,43,20819,4,1,class_1,1,class_1,1,1.0,1.0256778684466162e-35,1.0,1.699773467771723e-37,1.0059904320405034e-25,4.690937308732268e-13,9.058439918643669e-23,5.743968697778945e-29,3.685909824000412e-27,6.128293434859386e-29,1.8783995867702457e-16,1.167774756567172e-26,1.2897566491139112e-34
TCN,43,20820,4,1,class_1,1,class_1,1,1.0,0.0,1.0,0.0,0.0,0.0,4.28797330083394e-43,0.0,0.0,0.0,0.0,0.0,0.0
TCN,43,20821,4,1,class_1,1,class_1,1,1.0,1.5309278544758903e-35,1.0,6.592755026396483e-37,2.133180695103877e-30,1.8173155472850604e-19,6.37123407410993e-19,9.222989614178814e-29,4.537440167620372e-31,1.6489028364210385e-31,1.2592737237764663e-27,9.633837867248837e-30,8.392525040478548e-39
TCN,43,20822,4,1,class_1,1,class_1,1,1.0,8.295686908802917e-43,1.0,5.605193857299268e-45,6.712219644115874e-43,2.1176431851013637e-14,3.09031576941998e-22,7.482613881934079e-35,0.0,1.16770201032187e-41,4.1702563457533104e-32,5.923875752757554e-39,2.0879347118439774e-43
TCN,43,20823,4,1,class_1,1,class_1,1,1.0,0.0,1.0,0.0,0.0,9.477609744356264e-37,4.226782476607658e-29,0.0,0.0,0.0,0.0,0.0,0.0
TCN,43,20824,4,1,class_1,1,class_1,1,1.0,0.0,1.0,0.0,0.0,0.0,0.0,0.0,0.0,0.0,0.0,0.0,0.0
TCN,43,20825,4,1,class_1,1,class_1,1,1.0,0.0,1.0,0.0,3.5426282528534273e-39,2.9097277007892905e-27,5.33463675500129e-38,7.81924543093248e-43,8.225762115433109e-41,0.0,2.769685192137423e-38,8.873862655183337e-41,0.0
TCN,43,20826,4,1,class_1,1,class_1,1,1.0,2.9529317863051756e-29,1.0,9.647058058587888e-34,3.687529068860455e-26,1.3349208023705206e-11,1.140306987933669e-16,1.7537884647392065e-24,3.3001341635222423e-28,1.5600063610934753e-24,2.543114577518116e-19,1.1163673568609616e-24,4.243432632333524e-32
TCN,43,20827,4,1,class_1,1,class_1,1,1.0,2.802596928649634e-45,1.0,0.0,6.459985920537407e-43,5.512361327955074e-30,2.968941495450245e-26,7.777206477002735e-43,2.3387973601633982e-36,1.116833925426001e-35,4.599595518752375e-34,4.465316962348022e-33,0.0
TCN,43,20828,4,1,class_1,1,class_1,1,1.0,0.0,1.0,0.0,0.0,0.0,0.0,0.0,0.0,0.0,0.0,0.0,0.0
TCN,43,20829,4,1,class_1,1,class_1,1,1.0,2.503952199932729e-40,1.0,1.597900638869589e-41,1.156239388883693e-40,2.24445155342842e-28,1.395977724209965e-23,4.342401487389786e-34,3.3080186600607735e-39,2.234731162404549e-34,3.270187447763187e-33,3.0941777857964367e-34,4.923882543944542e-41
TCN,43,20830,4,1,class_1,1,class_1,1,1.0,0.0,1.0,4.203895392974451e-45,0.0,3.4924099309978066e-36,4.0192885161594845e-24,8.710471254243063e-42,0.0,0.0,4.0637655465419695e-43,1.401298464324817e-44,0.0
TCN,43,20831,4,1,class_1,1,class_1,1,1.0,3.7226614743560225e-40,1.0,1.1167788241283062e-40,3.57718284702236e-35,7.3580502966043455e-25,2.0388382473330405e-21,2.617813062311772e-34,3.0469072182070873e-32,1.3304106354273253e-31,4.345842863916569e-29,3.23872090691099e-30,1.032070331959871e-40
TCN,43,20832,4,1,class_1,1,class_1,1,1.0,0.0,1.0,0.0,0.0,1.401298464324817e-45,0.0,0.0,0.0,0.0,0.0,0.0,0.0
TCN,43,20833,4,1,class_1,1,class_1,1,1.0,0.0,1.0,0.0,3.1669345293740866e-43,3.7240250850095537e-28,2.8169577738910962e-27,2.8700054383930237e-37,0.0,0.0,6.726232628759122e-44,1.401298464324817e-45,0.0
TCN,43,20834,4,1,class_1,1,class_1,1,1.0,0.0,1.0,0.0,0.0,6.578992097466353e-28,1.1067933070417016e-23,1.2611686178923354e-44,6.58610278232664e-44,4.912251766690646e-41,1.5300771707955418e-33,3.2808723240701767e-32,1.401298464324817e-45
TCN,43,20835,4,1,class_1,1,class_1,1,1.0,5.465064010866787e-44,1.0,1.401298464324817e-45,2.488518785625898e-34,1.65671656948696e-10,7.647834898870824e-25,6.357944932546766e-29,2.4516795633180205e-39,3.874590253858119e-42,1.1415518338928589e-31,5.659468725211743e-37,2.802596928649634e-45
TCN,43,20836,4,1,class_1,1,class_1,1,1.0,6.65451427200639e-35,1.0,2.0508003025393698e-41,1.0693668087848519e-29,6.459782952182634e-17,4.2111982584466735e-24,2.6019685945281897e-30,3.1617383226030395e-32,2.1986461384107756e-30,6.082305550016573e-26,1.6741027316656615e-31,8.507885535255624e-40
TCN,43,20837,4,1,class_1,1,class_1,1,1.0,0.0,1.0,0.0,0.0,7.006492321624085e-45,5.114308467481833e-37,0.0,0.0,0.0,0.0,0.0,0.0
TCN,43,20838,4,1,class_1,1,class_1,1,1.0,0.0,1.0,0.0,0.0,0.0,1.401298464324817e-44,0.0,0.0,0.0,0.0,0.0,0.0
TCN,43,20839,4,1,class_1,1,class_1,1,1.0,0.0,1.0,0.0,0.0,0.0,0.0,0.0,0.0,0.0,0.0,0.0,0.0
TCN,43,20840,4,2,class_2,2,class_2,1,1.0,1.761432169656295e-41,0.0,1.0,0.0,0.0,0.0,3.66312310520379e-39,6.1213528420115115e-37,1.8712339936850876e-38,0.0,0.0,0.0
TCN,43,20841,4,2,class_2,2,class_2,1,1.0,1.425099555725174e-20,6.713667563652491e-28,1.0,3.036958869961389e-27,2.953582135607734e-31,2.6874424225308193e-23,3.8141367969450745e-23,2.723152893532726e-20,7.288536531388493e-20,5.077047560162254e-36,6.832746849148982e-29,1.4432716709719563e-23
TCN,43,20842,4,2,class_2,2,class_2,1,1.0,7.854628217156681e-39,0.0,1.0,8.407790785948902e-45,0.0,2.8096034209712582e-42,1.0659243015594943e-39,2.8414235414956054e-35,3.45815237623007e-40,0.0,0.0,8.407790785948902e-45
TCN,43,20843,4,2,class_2,2,class_2,1,1.0,1.2234228290081387e-30,1.401298464324817e-45,1.0,2.400564399234844e-41,0.0,3.65786122947025e-38,3.5879053272745336e-38,1.150861161404196e-30,2.6546653249910547e-37,0.0,1.401298464324817e-45,3.723250019711039e-42
TCN,43,20844,4,2,class_2,2,class_2,1,1.0,2.6704109243813e-35,1.401298464324817e-44,1.0,3.4258244206580965e-40,0.0,1.9787556248527308e-38,1.1849515415180449e-35,3.5852772832142005e-31,1.273888766814475e-35,0.0,0.0,1.9279064272180833e-41
TCN,43,20845,4,2,class_2,2,class_2,1,1.0,2.6663306732870005e-34,0.0,1.0,0.0,0.0,1.4924743371083854e-32,1.7123867234049265e-42,6.736052357754296e-31,2.1639082302818292e-29,0.0,9.257257915022607e-41,2.7409222183314057e-35
TCN,43,20846,4,2,class_2,2,class_2,1,1.0,2.834376830462837e-12,8.506438487084454e-15,1.0,1.5455212201589828e-20,4.725234854873703e-23,5.455481715248983e-15,4.0685500429467215e-21,1.6267041104531e-17,2.5922879544412346e-16,1.7831521294436592e-26,1.2808800151300883e-22,6.433598940321517e-15
TCN,43,20847,4,2,class_2,2,class_2,1,1.0,8.691002778560275e-12,7.220084357849525e-17,1.0,5.655950432011112e-22,8.188185758860695e-21,8.573118508879089e-16,2.966595702098777e-20,2.3642598690721295e-17,9.860068340503955e-17,1.1104726331897429e-23,3.4620706992998336e-23,2.8605320836412987e-20
TCN,43,20848,4,2,class_2,2,class_2,1,1.0,7.553457666170851e-18,1.323573807938875e-28,1.0,3.8757811988137053e-31,9.329014286648494e-34,1.2301917964302301e-27,1.084997686306154e-29,5.784389224709145e-27,2.0081466523910925e-30,1.401298464324817e-45,1.0029093109172716e-41,1.3806427958303691e-35
TCN,43,20849,4,2,class_2,2,class_2,1,1.0,6.0852248833793e-35,4.203895392974451e-45,1.0,5.759336688374998e-43,0.0,5.681657109303616e-39,1.6913076071774125e-36,1.3009097716569367e-33,4.109117394249132e-37,0.0,0.0,4.948965786455956e-41
TCN,43,20850,4,2,class_2,2,class_2,1,1.0,1.8216880036222622e-44,0.0,1.0,0.0,0.0,0.0,9.956225589027825e-42,2.891635433072833e-40,1.0355595651360398e-42,0.0,0.0,0.0
TCN,43,20851,4,2,class_2,2,class_2,1,1.0,1.9916077186769419e-22,1.359383021962757e-35,1.0,5.1163375476581755e-37,3.5200617423839405e-42,1.058567506029188e-20,1.1549401892496867e-34,1.9113890685365232e-24,6.732434819550009e-22,2.0719599093506745e-41,3.479085615608939e-29,2.7927979457037305e-27
TCN,43,20852,4,2,class_2,2,class_2,1,1.0,5.897538618174325e-32,1.1434595468890507e-42,1.0,5.364422755158978e-40,1.401298464324817e-45,2.876421589903935e-34,4.564671857095933e-34,5.716120954489321e-29,1.2706285059867879e-26,0.0,4.624284932271896e-43,7.713425756343511e-35
TCN,43,20853,4,2,class_2,2,class_2,1,1.0,9.448357388579161e-17,3.8611156726615204e-22,1.0,3.6465982812359644e-26,1.7756325591222428e-32,1.388473953061758e-22,1.5391212439758458e-26,9.021089090275445e-24,1.318881729475766e-20,1.4686554959678212e-35,8.950645981334824e-32,3.4637138019021004e-20
TCN,43,20854,4,2,class_2,2,class_2,1,1.0,1.1904630895361082e-24,2.104152371804671e-28,1.0,8.857637378548911e-34,1.883904982815021e-37,1.7705699905983785e-28,2.600055077804147e-29,5.004291300735095e-27,8.474346339168361e-29,4.449440999242389e-38,1.0562343226786882e-39,1.5471077095285302e-28
TCN,43,20855,4,2,class_2,2,class_2,1,1.0,7.22397639483282e-15,2.733432823978587e-22,1.0,1.9763471541755587e-25,1.66463036214747e-27,2.721801454895225e-21,5.261413120302385e-24,1.1218725107249235e-20,2.44968862038239e-24,3.2154235995990246e-34,5.64310216064223e-31,1.9756526792450522e-26
TCN,43,20856,4,2,class_2,2,class_2,1,1.0,1.7027525805785353e-29,2.0815588038312995e-40,1.0,6.132628586286486e-40,0.0,1.9792663475168663e-33,1.2358317641249003e-34,4.672073955478808e-30,2.3958448313879842e-33,0.0,7.522170156495618e-42,3.1110996239072485e-36
TCN,43,20857,4,2,class_2,2,class_2,1,1.0,2.148026425733803e-37,3.363116314379561e-44,1.0,2.598007352858211e-42,0.0,5.310636996462492e-38,1.0750560031321134e-37,7.95215389643951e-33,2.4157810992589473e-38,0.0,0.0,1.6004229761053736e-41
TCN,43,20858,4,2,class_2,2,class_2,1,1.0,5.701859082139269e-28,1.4035011653808893e-38,1.0,1.682511811420196e-35,7.100379318733848e-42,2.056588896546018e-33,7.287918724793031e-29,1.5673715547720955e-26,2.440678448338182e-24,0.0,2.616084103048001e-40,9.077359217727758e-31
TCN,43,20859,4,2,class_2,2,class_2,1,1.0,3.683801315897297e-27,6.759087472553682e-39,1.0,2.170536912290686e-38,6.58610278232664e-44,2.0687913832089978e-27,7.038579156105614e-34,9.132153975760966e-26,9.955584289336386e-23,2.802596928649634e-45,4.808544231385845e-34,3.16358910084259e-29
TCN,43,20860,4,2,class_2,2,class_2,1,1.0,2.275988965756368e-41,0.0,1.0,0.0,0.0,0.0,6.580235545656512e-39,2.2734020286613778e-38,1.976055042452284e-38,0.0,0.0,0.0
TCN,43,20861,4,2,class_2,2,class_2,1,1.0,1.0124164913900555e-31,1.7150608941319177e-36,1.0,1.3883224405451693e-40,0.0,4.777389039314246e-34,2.733047010645002e-37,1.1978064090952453e-31,3.843441501033224e-35,0.0,0.0,4.621595802403539e-35
TCN,43,20862,4,2,class_2,2,class_2,1,1.0,6.460822110452766e-31,1.485376372184306e-43,1.0,0.0,0.0,2.0965106584456453e-40,2.1829427477252e-41,1.019267929059953e-38,1.6815581571897805e-44,0.0,0.0,0.0
TCN,43,20863,4,2,class_2,2,class_2,1,1.0,2.3311157448802078e-09,1.9626748651595163e-16,1.0,1.3719282890150374e-19,1.5648850013109663e-20,9.638704764891592e-12,1.4628188947223641e-19,3.2935029622158454e-15,2.6127504175623264e-15,9.988756205945291e-23,1.805692496455954e-19,4.509453486350231e-15
TCN,43,20864,4,2,class_2,2,class_2,1,1.0,1.3954152078362723e-28,4.18375006581159e-33,1.0,7.384842906991786e-43,0.0,3.5452114986619035e-31,2.957860798496824e-40,1.2467033649544535e-34,3.039574435587304e-37,0.0,0.0,1.6587341665352647e-36
TCN,43,20865,4,2,class_2,2,class_2,1,1.0,4.628168436160592e-16,2.136812980653739e-15,1.0,7.374137446325514e-21,1.0119572378769368e-23,5.569549752975201e-18,2.2927975575262743e-23,3.706599302700322e-17,2.22629375295992e-16,1.951874917040054e-27,2.4261046375446764e-24,1.4236982923804637e-19
TCN,43,20866,4,2,class_2,2,class_2,1,1.0,2.517658288037253e-21,5.513948748587203e-34,1.0,2.3111187514664714e-35,3.518738916633618e-37,2.1421266707964353e-22,1.939632446935901e-30,2.5696816610298793e-24,6.405100205481043e-21,2.6375225682537064e-39,4.386396102466265e-30,4.322054499467227e-28
TCN,43,20867,4,2,class_2,2,class_2,1,1.0,3.538541124858888e-36,0.0,1.0,6.025583396596713e-44,0.0,5.888956796325044e-41,2.7332883927132727e-36,2.0728928195209307e-33,3.245704104487466e-33,0.0,0.0,7.286752014489049e-43
TCN,43,20868,4,2,class_2,2,class_2,1,1.0,2.5544801003043485e-27,1.2728815112362408e-38,1.0,2.5412294295768208e-37,2.8166099132928823e-43,3.4777132612191843e-32,1.8368894211471948e-31,3.686359721235421e-27,9.01885984798338e-30,0.0,1.1802436315775772e-40,1.6418266203235425e-34
TCN,43,20869,4,2,class_2,2,class_2,1,1.0,1.827438811477646e-25,7.018394081392072e-33,1.0,6.883178056763501e-41,7.006492321624085e-45,2.1199647806488016e-16,1.0174295656046053e-39,4.342487491434088e-25,4.0512243249641435e-19,7.001027257613219e-41,1.5460008506264716e-25,5.1398439355662645e-25
TCN,43,20870,4,2,class_2,2,class_2,1,1.0,4.859056832598571e-31,0.0,1.0,3.0426393555884753e-41,0.0,1.5983182258119577e-38,2.7782623014805045e-34,2.144587128046968e-30,7.427369284131079e-32,0.0,0.0,7.779588684392087e-41
TCN,43,20871,4,2,class_2,2,class_2,1,1.0,1.620502299703703e-27,8.499996224901475e-41,1.0,1.0985463212957645e-35,1.401298464324817e-45,1.4464376195879482e-35,2.5486151628935196e-31,7.891376998726191e-27,2.3709173275718056e-31,0.0,6.488011889823903e-43,4.97070519451986e-37
TCN,43,20872,4,2,class_2,2,class_2,1,1.0,1.1809716715100005e-27,4.0637655465419695e-44,1.0,1.76104821387707e-39,0.0,5.1164043651562786e-34,1.852727870399701e-34,2.275659713451791e-29,1.5614119673836865e-31,0.0,9.80908925027372e-44,2.8060898612537488e-37
TCN,43,20873,4,2,class_2,2,class_2,1,1.0,1.2586990735829538e-32,9.80908925027372e-44,1.0,0.0,0.0,2.52122502183042e-35,2.129973665773722e-43,8.293673242909682e-39,2.6766902616300493e-40,0.0,0.0,5.068853876571266e-39
TCN,43,20874,4,2,class_2,2,class_2,1,1.0,8.830260148913722e-30,1.0977026678737596e-38,1.0,1.7824516466211673e-42,0.0,3.5746062299860923e-34,2.1908174845753198e-38,1.1553202963682846e-32,1.7275269221827793e-32,0.0,2.802596928649634e-44,3.7042470134784077e-35
TCN,43,20875,4,2,class_2,2,class_2,1,1.0,7.2063142120271095e-09,6.669467281764416e-17,1.0,5.7921663896897594e-18,1.2841031391776014e-16,1.0405835915161532e-11,3.753572719165281e-15,9.866367163373357e-14,1.2495918775906004e-14,4.1040826325198187e-25,3.611503641631021e-19,2.3349220061325275e-19
TCN,43,20876,4,2,class_2,2,class_2,1,1.0,8.458126867190065e-23,1.1823621765669667e-31,1.0,9.171317701682728e-35,3.371157077071734e-37,7.385147995760419e-20,4.758353171959106e-31,6.805583808698363e-23,8.863286585619995e-18,1.8053531234755664e-36,1.880533926705282e-26,2.4252742194469684e-22
TCN,43,20877,4,2,class_2,2,class_2,1,1.0,8.688050478813866e-44,0.0,1.0,0.0,0.0,0.0,1.9085404824411144e-40,2.396220373995437e-43,4.146442155937134e-42,0.0,0.0,0.0
TCN,43,20878,4,2,class_2,2,class_2,1,1.0,1.0271368149595616e-23,3.560337022066486e-38,1.0,7.607525653948924e-35,1.577862070829744e-42,1.4459677392402776e-29,3.059732801970039e-31,1.841483617078491e-25,4.913339186889035e-29,0.0,1.9038446752352233e-37,6.534551055702018e-34
TCN,43,20879,4,2,class_2,2,class_2,1,1.0,5.495124127729905e-15,1.9330903953808817e-20,1.0,3.9053233188446725e-27,1.2273439960438376e-31,1.1406403179390854e-19,1.8164281159111885e-27,2.0459631429851815e-25,1.3809988333416286e-23,6.043097071432375e-36,1.7439875165141376e-32,4.548100430009649e-22
TCN,43,20880,4,3,class_3,3,class_3,1,1.0,4.036019836948338e-41,6.310291931826215e-38,0.0,1.0,1.9781392570259003e-28,0.0,1.1304914679560178e-33,3.8215117585225466e-35,3.131616821692646e-35,8.587799429592438e-27,1.831777352565401e-41,4.344985391757079e-27
TCN,43,20881,4,3,class_3,3,class_3,1,0.9993759989738464,1.773070934518728e-08,2.8796416206428033e-12,8.124908081399984e-14,0.9993759989738464,8.657418220536783e-05,6.966226639682971e-19,6.529953680001199e-05,2.9388132552488067e-12,3.4776474235054256e-12,1.836122009990504e-06,2.4784126069394464e-20,0.00047040378558449447
TCN,43,20882,4,3,class_3,4,class_4,0,0.9999996423721313,1.8509865096719478e-22,3.2854483019612534e-21,7.114935157843538e-30,3.5763284245149407e-07,0.9999996423721313,6.92103008836537e-33,1.1637952157961956e-13,1.2716715353650408e-32,6.954739103686358e-28,1.4459027927017133e-19,3.6869864333241013e-37,1.5515816106156408e-20
TCN,43,20883,4,3,class_3,3,class_3,1,0.9999510049819946,2.217585596136571e-20,3.469552831072021e-17,7.017780568555985e-26,0.9999510049819946,4.9034457333618775e-05,2.9843133101161965e-29,4.822785226732407e-11,7.516614789820229e-25,1.1842460688534524e-22,5.2480700280042435e-15,9.132842852013124e-29,1.2833588089752017e-17
TCN,43,20884,4,3,class_3,3,class_3,1,0.9999228715896606,1.1157882428468541e-15,4.0646616362006413e-17,9.650721053417576e-21,0.9999228715896606,3.7259584306781335e-11,6.079874058839552e-23,7.710544014116749e-05,1.9450152870004482e-17,2.089398923901537e-23,1.0640853984821562e-19,7.604739304359084e-26,9.705171372500002e-14
TCN,43,20885,4,3,class_3,6,class_6,0,1.0,5.541573446961844e-26,1.9832577165589136e-41,3.150195458698341e-38,2.436349795323428e-34,1.7840265939911913e-37,0.0,1.0,1.2421473925375903e-39,1.2723790056069339e-42,0.0,0.0,1.551780554420224e-31
TCN,43,20886,4,3,class_3,3,class_3,1,1.0,4.510103571891704e-24,5.0875722370492835e-22,2.9923577916001166e-30,1.0,1.5345665412220058e-14,1.6640467925908194e-34,1.144483050946046e-14,3.4897839307550946e-30,3.1851589865889923e-27,1.0026226219458043e-18,8.85405671255371e-34,2.1601709729654603e-15
TCN,43,20887,4,3,class_3,3,class_3,1,1.0,6.735710634913684e-18,4.612344757259869e-22,5.0234638778646875e-24,1.0,1.4827649199612714e-13,9.187413324670952e-30,1.1242376807274468e-08,2.4805173534678034e-21,5.505593417258243e-23,1.7168954331802107e-19,6.092556751498343e-30,1.850845691986347e-11
TCN,43,20888,4,3,class_3,6,class_6,0,0.6483418345451355,1.6640354871810814e-08,3.3249442695643117e-12,4.518341430170825e-12,0.35165727138519287,8.280523502435244e-07,3.567518014773493e-16,0.6483418345451355,3.805048452969889e-13,1.333211965407258e-15,8.875361925432534e-13,4.565542207732958e-21,2.3691164585670776e-08
TCN,43,20889,4,3,class_3,4,class_4,0,0.9999994039535522,5.557479880735627e-07,1.2239722702520186e-16,1.4867440599646948e-19,1.0124246852384697e-14,0.9999994039535522,7.043241775290861e-21,4.363367577409766e-13,5.466288580427787e-23,3.590021414368906e-14,8.44214021605838e-14,9.588515318979437e-30,1.7068480309689882e-11
TCN,43,20890,4,3,class_3,4,class_4,0,1.0,1.1907262556596493e-13,9.437969230516657e-20,2.3171079234855155e-24,1.9433197652680615e-16,1.0,6.0552624121094654e-27,8.213037424550222e-18,2.4538794870731797e-31,2.095852721184895e-21,1.0849380323584316e-17,1.8519990983405023e-35,2.2364161224627544e-22
TCN,43,20891,4,3,class_3,3,class_3,1,1.0,1.4365726218920642e-35,5.13756033621464e-36,2.6624670822171524e-44,1.0,5.059771595457937e-25,0.0,8.234811507303806e-25,6.500731285407988e-36,3.055407987195403e-37,3.2719301231929065e-28,2.0318827732709848e-43,1.7422192279184614e-24
TCN,43,20892,4,3,class_3,4,class_4,0,0.9999758005142212,1.2405082281481029e-23,3.6607934602519806e-20,1.0176113535746444e-31,2.4157425286830403e-05,0.9999758005142212,1.5001946350297008e-33,3.3347267005059966e-14,1.6905421377113462e-31,8.62120275854789e-27,3.575367429391029e-18,1.3622319599437257e-34,2.3134881408741446e-20
TCN,43,20893,4,3,class_3,6,class_6,0,0.9999997615814209,1.5838925223471412e-13,3.473279047087025e-20,1.0263401648543842e-18,2.2640772101567563e-07,3.2361268561929704e-15,1.0512290411569865e-24,0.9999997615814209,2.6112300575285024e-19,1.2715229888344636e-22,1.695614390600226e-23,1.709981346565612e-32,2.56566379253087e-10
TCN,43,20894,4,3,class_3,3,class_3,1,0.9989945292472839,9.971912618561563e-13,8.204635565780063e-15,4.3828508863256993e-17,0.9989945292472839,0.00070713902823627,4.0708193875117634e-22,0.000298289000056684,1.9808926330677413e-18,1.2787999684652382e-17,1.179124020644906e-10,6.942589798336779e-26,3.0793838590170708e-09
TCN,43,20895,4,3,class_3,3,class_3,1,0.9990270137786865,1.6093225922290458e-24,6.143250043346274e-20,1.3100127815426052e-32,0.9990270137786865,0.0009730142774060369,9.180237224247073e-35,2.1140068048961652e-13,1.6805336684779367e-29,1.9738658784798475e-26,2.294159124572343e-17,2.926067905044693e-33,1.225801922422658e-19
TCN,43,20896,4,3,class_3,3,class_3,1,1.0,5.501497770939232e-42,1.032190843627803e-39,0.0,1.0,6.453185628952084e-31,0.0,3.5567291803903564e-29,1.7186311425380223e-35,3.1256915129720786e-39,3.2538894389942265e-31,1.639519203260036e-43,7.917394964123902e-28
TCN,43,20897,4,3,class_3,3,class_3,1,1.0,1.0042550208794123e-22,1.230262863245178e-26,9.713588369296759e-29,1.0,4.700116672014903e-17,2.1501038343399983e-34,7.64405760911302e-10,1.1795727414800157e-25,4.307993074294668e-30,2.621321309398455e-26,1.3711278348678099e-34,5.185300122052372e-16
TCN,43,20898,4,3,class_3,3,class_3,1,0.9987627267837524,1.0357532973653827e-12,5.0119231681522436e-12,1.729934352261718e-20,0.9987627267837524,0.001237328047864139,1.4865970162919616e-23,6.582019651535376e-12,5.971349675247393e-24,1.5813033099163919e-16,4.799578956493633e-09,5.950066996885435e-24,1.3318990875477166e-11
TCN,43,20899,4,3,class_3,3,class_3,1,0.9999821186065674,1.9479377963080302e-13,8.903836699783018e-16,1.8944834851240738e-18,0.9999821186065674,6.787294060117688e-10,1.651511386199854e-23,9.007865742205468e-08,5.126337925659939e-14,1.837782821702185e-15,2.5927944236059375e-09,8.946810546974123e-22,1.7756385204847902e-05
TCN,43,20900,4,3,class_3,3,class_3,1,1.0,3.7542106183621723e-26,4.3189616708569085e-33,0.0,1.0,2.5926194784781087e-12,0.0,1.2917556782765302e-34,2.7954881415401143e-39,1.4553785271955172e-32,6.665647235309717e-26,1.6815581571897805e-44,7.514838524072376e-31
TCN,43,20901,4,3,class_3,3,class_3,1,1.0,2.8600787151816486e-24,1.6100685154351956e-22,3.673073075486156e-31,1.0,1.1303051593650193e-12,1.0502208689215986e-36,1.8273834210143847e-17,7.259939764429621e-24,1.1223721108512406e-22,1.6627293812293358e-16,8.926487884415538e-28,1.3261948533046277e-16
TCN,43,20902,4,3,class_3,3,class_3,1,1.0,5.869043850616654e-22,6.7821070557234965e-22,5.152559402689735e-27,1.0,4.943759296252917e-14,1.2709638877658458e-32,5.1489387975717574e-14,1.2488671560720058e-22,6.579385201646566e-23,4.250709114342598e-16,6.5301856622981775e-28,2.4154696255315744e-14
TCN,43,20903,4,3,class_3,3,class_3,1,1.0,6.581964500705322e-25,8.002226227143076e-22,1.1931274713812323e-31,1.0,1.23139970442665e-10,5.9477025910658545e-37,3.201570094047451e-18,5.486694612456914e-26,1.5959648351728417e-25,1.1346358376540056e-16,2.0316252806617612e-29,1.6360559766441983e-19
TCN,43,20904,4,3,class_3,3,class_3,1,1.0,3.161756227080959e-36,3.4772021880734874e-36,0.0,1.0,1.6987604862193833e-24,0.0,3.161476445971563e-30,4.334776669542389e-40,1.3407943202709716e-38,2.0216370769509598e-29,2.802596928649634e-45,4.216043611608376e-28
TCN,43,20905,4,3,class_3,3,class_3,1,1.0,1.9733528462414035e-21,8.470429310779168e-23,1.0630676847620722e-27,1.0,1.36438447345677e-11,6.131628326438601e-32,6.39614446476533e-12,1.3845428895659471e-24,4.442553412577629e-24,1.1598592132369014e-18,1.1027398645289907e-29,1.7694364853534927e-12
TCN,43,20906,4,3,class_3,3,class_3,1,0.9911994338035583,1.3434366737553188e-13,1.6507337006303204e-15,1.3679816035173938e-19,0.9911994338035583,0.008799748495221138,9.142966680182462e-23,8.014858963178995e-07,3.122180555878273e-19,3.238725806392414e-18,7.805847981878777e-12,2.26125538810451e-24,1.0744465733791841e-10
TCN,43,20907,4,3,class_3,3,class_3,1,0.9999986886978149,7.10505466310421e-15,1.8617551246589027e-15,2.0518989283732413e-19,0.9999986886978149,1.2809290410586982e-06,1.2415213622086783e-23,1.0271471673206634e-08,4.4912972424816065e-17,1.593227363291805e-15,7.2965375963462975e-09,5.7333455375570224e-21,3.781098212307654e-10
TCN,43,20908,4,3,class_3,3,class_3,1,0.9990336894989014,2.6658387303202247e-11,9.607051265625444e-11,4.806034026018325e-15,0.9990336894989014,2.179590956075117e-05,5.3723403823655146e-18,6.732988708790799e-07,9.133253875415193e-11,6.87013293476646e-11,0.0009427429176867008,2.497631990821831e-14,1.0567858907961636e-06
TCN,43,20909,4,3,class_3,3,class_3,1,0.9995734095573425,1.5356119704613307e-15,5.883248074118586e-18,1.1922947259504183e-25,0.9995734095573425,3.791058134083869e-09,3.6915543394814224e-27,8.371594389933179e-11,5.031344687417573e-18,3.492340664331122e-16,5.18266375995613e-12,1.69121756390445e-22,0.00042655353900045156
TCN,43,20910,4,3,class_3,4,class_4,0,1.0,3.677310870088893e-14,8.197109730983268e-17,4.006131451403507e-28,7.028189349964383e-21,1.0,1.7401072500599584e-24,3.022575778617672e-23,1.8250635659422586e-32,2.8990228816507938e-21,3.6408589766103935e-14,5.99164575716528e-32,2.989684469693515e-25
TCN,43,20911,4,3,class_3,3,class_3,1,0.9999649524688721,3.3239112417343675e-12,1.540381320760953e-13,3.447951373334668e-16,0.9999649524688721,3.048755206691567e-05,1.53678977949386e-20,2.800595211738255e-06,4.4585144495616624e-14,3.656828935797926e-14,9.166033265728402e-08,4.5938913190681556e-20,1.6669346223352477e-06
TCN,43,20912,4,3,class_3,4,class_4,0,0.9996449947357178,1.2750595033139689e-06,2.9615514485215044e-09,2.4862592453572807e-12,0.00028825722984038293,0.9996449947357178,9.3187515538308e-15,1.0252071547256492e-07,2.759616265970294e-13,1.1197390570316657e-08,6.420182035071775e-05,4.091095019855386e-16,1.080136939890508e-06
TCN,43,20913,4,3,class_3,3,class_3,1,0.7545974254608154,7.3640586961687404e-09,1.8491636000206313e-09,2.870728828263669e-13,0.7545974254608154,0.24467475712299347,4.4987256552545777e-17,1.7148236963748786e-07,1.0113443963582006e-13,2.4593751035695277e-08,0.0007261097198352218,2.831831254204915e-15,1.5495488696615212e-06
TCN,43,20914,4,3,class_3,3,class_3,1,0.9991243481636047,7.366057616309263e-06,2.9061403283847653e-10,8.562105885401294e-11,0.9991243481636047,0.00047395078581757843,3.5440822013097428e-15,8.067511771514546e-06,3.1075983453199285e-10,3.793013902964049e-09,0.00036515211104415357,1.0025871598857636e-15,2.1135339920874685e-05
TCN,43,20915,4,3,class_3,3,class_3,1,1.0,2.1517141973157775e-32,3.4103365369784984e-29,5.457777258852298e-41,1.0,1.0142085401202254e-19,0.0,5.424864804041339e-25,8.186020407713925e-31,5.48391565770896e-32,3.033086245774475e-23,1.5231338907113318e-35,1.2080488895948834e-23
TCN,43,20916,4,3,class_3,3,class_3,1,1.0,0.0,0.0,0.0,1.0,1.515869817961643e-29,0.0,5.103957243881681e-38,0.0,0.0,1.3732724950383207e-43,0.0,2.381427146367253e-35
TCN,43,20917,4,3,class_3,3,class_3,1,1.0,1.1680915712949524e-39,1.0500000018628456e-37,0.0,1.0,1.2221198311435946e-25,0.0,8.253777665336848e-32,2.513671606081286e-39,2.3024370729720345e-39,7.918051706234938e-30,7.006492321624085e-45,3.631768225848544e-28
TCN,43,20918,4,3,class_3,3,class_3,1,0.9999358654022217,1.1160714483127686e-14,3.581582946887707e-12,5.467036742673621e-19,0.9999358654022217,5.044495628681034e-05,3.911717123872486e-22,1.988224307414299e-10,4.767043405390315e-15,5.2705695710586475e-12,1.372953465761384e-05,1.4817318076397907e-16,2.8535391063955196e-11
TCN,43,20919,4,3,class_3,4,class_4,0,0.9944280385971069,0.001942088594660163,1.0845938591685922e-09,4.4409687732782643e-11,0.0015272358432412148,0.9944280385971069,4.6517806018839605e-14,8.570390491513535e-06,1.6266960001232178e-10,1.3167660881663323e-06,0.0005382664385251701,1.0820346151734807e-15,0.00155445106793195
TCN,43,20920,4,4,class_4,4,class_4,1,1.0,2.74099342742819e-29,9.536690500198576e-29,1.904103971503062e-39,3.578325572664361e-22,1.0,1.1967088885333938e-41,2.828352553814503e-25,0.0,3.880888698091689e-37,6.958760812164476e-32,0.0,1.931605855163901e-40
TCN,43,20921,4,4,class_4,4,class_4,1,1.0,8.954156140663996e-26,8.40989543812831e-24,1.5209690410809625e-34,2.0084729026417906e-18,1.0,3.912805927478575e-36,3.1134738983197844e-21,5.324934164434305e-43,5.4511464016910874e-33,6.180374519082353e-26,1.6675451725465323e-43,3.4300156034714026e-34
TCN,43,20922,4,4,class_4,4,class_4,1,1.0,1.0357776165283313e-15,3.627029926400738e-11,9.912847642510954e-21,3.034147932901021e-10,1.0,1.212414133455458e-19,4.5084606620920953e-13,1.197398902526231e-25,8.948657001509449e-19,2.8138553986867265e-11,2.4553970939938862e-23,1.4463817456244593e-21
TCN,43,20923,4,4,class_4,4,class_4,1,1.0,1.5942635294269116e-22,7.2184614580331e-24,1.3649816891861386e-32,1.123820787639363e-21,1.0,9.871461766869786e-34,7.363023374358472e-24,1.4209166428253645e-42,1.272183406731095e-29,2.4557679091557418e-26,4.189882408331203e-42,2.176636808136721e-33
TCN,43,20924,4,4,class_4,4,class_4,1,1.0,3.883172980502277e-35,1.7930967868569134e-34,0.0,1.3720665111879796e-31,1.0,0.0,1.2317142048602866e-33,0.0,0.0,1.6292309458068672e-33,0.0,0.0
TCN,43,20925,4,4,class_4,4,class_4,1,1.0,2.4781167854164e-27,1.8642286867229555e-32,0.0,1.3538974294899072e-35,1.0,2.802596928649634e-44,1.7226160282092803e-34,0.0,1.4766294671699906e-39,5.0132185526861366e-33,0.0,4.06476046845164e-40
TCN,43,20926,4,4,class_4,4,class_4,1,1.0,0.0,0.0,0.0,0.0,1.0,0.0,0.0,0.0,0.0,0.0,0.0,0.0
TCN,43,20927,4,4,class_4,4,class_4,1,1.0,0.0,0.0,0.0,0.0,1.0,0.0,0.0,0.0,0.0,0.0,0.0,0.0
TCN,43,20928,4,4,class_4,4,class_4,1,1.0,6.8032095034762e-19,1.5335198117871068e-13,1.1670829799107399e-21,4.614497586125088e-12,1.0,2.6208492310119564e-20,3.719611996189087e-08,1.935273713883052e-28,5.283770698684904e-27,9.209136459130145e-22,2.0404950908353258e-29,8.743768786134298e-25
TCN,43,20929,4,4,class_4,4,class_4,1,1.0,1.0089348943138683e-43,3.2229864679470793e-44,0.0,1.774183985681651e-41,1.0,0.0,3.2215851694827544e-42,0.0,0.0,0.0,0.0,0.0
TCN,43,20930,4,4,class_4,4,class_4,1,1.0,5.156778348715327e-43,0.0,0.0,9.1925179259708e-43,1.0,0.0,9.622716554518519e-42,0.0,0.0,0.0,0.0,0.0
TCN,43,20931,4,4,class_4,4,class_4,1,1.0,3.1592727643397645e-21,1.0059870793816562e-24,1.2841068145959013e-33,8.894088890085413e-22,1.0,4.181293282618372e-33,1.6375832265028355e-22,1.98384626191393e-40,6.063780085552925e-31,1.1798606757104214e-25,2.3233528538505467e-42,6.457350452456821e-30
TCN,43,20932,4,4,class_4,4,class_4,1,1.0,1.4670707323178574e-20,8.001792668373695e-16,1.4367600703988064e-26,2.073361664647888e-12,1.0,1.046243569658482e-26,7.423488732220804e-17,2.664979589467524e-33,3.5916400676024467e-25,7.964362282434528e-17,9.890695278906337e-32,4.6248400571565525e-28
TCN,43,20933,4,4,class_4,4,class_4,1,0.9998041987419128,2.684875705007833e-13,3.703591524174127e-13,6.871782954100678e-16,1.2160032702990264e-10,0.9998041987419128,7.813585785611832e-17,0.00019588136638049036,1.1481889408153552e-23,2.7781196914717284e-20,2.2054007733492673e-19,7.100575464863457e-25,7.824132100607457e-20
TCN,43,20934,4,4,class_4,4,class_4,1,1.0,1.390967860663412e-34,9.416724348648076e-33,0.0,4.1185445729762026e-24,1.0,0.0,9.358057007108636e-28,0.0,0.0,1.9885798257056438e-36,0.0,1.0214064506463592e-41
TCN,43,20935,4,4,class_4,4,class_4,1,1.0,1.5929876640328907e-36,4.160247748407662e-39,0.0,2.0261174197433156e-34,1.0,0.0,4.889652423237621e-35,0.0,0.0,1.961817850054744e-44,0.0,0.0
TCN,43,20936,4,4,class_4,4,class_4,1,1.0,6.479134901845356e-31,2.3892599389050875e-29,3.836825260244565e-40,3.537930403845145e-23,1.0,1.0683499492012405e-41,5.376902061003902e-25,0.0,4.1341247424357186e-40,3.583585671611729e-29,0.0,5.697819685791139e-40
TCN,43,20937,4,4,class_4,4,class_4,1,1.0,4.0849374847797603e-38,0.0,0.0,0.0,1.0,0.0,0.0,0.0,0.0,0.0,0.0,0.0
TCN,43,20938,4,4,class_4,4,class_4,1,1.0,3.4294260295865865e-27,2.415688145812704e-31,0.0,4.2293408060558665e-32,1.0,3.377129299022809e-43,5.029955250436694e-35,0.0,7.316375464024875e-40,1.024894340414147e-30,0.0,2.312142466135948e-43
TCN,43,20939,4,4,class_4,4,class_4,1,1.0,9.711903262447443e-25,3.0233091111107366e-26,1.1917603543468648e-35,1.16337908863411e-23,1.0,4.469110207427813e-36,4.495417742849657e-24,3.783505853677006e-44,1.0746388152795472e-35,9.202325589581755e-29,0.0,6.789254737997543e-36
TCN,43,20940,4,4,class_4,4,class_4,1,1.0,9.645734472534119e-26,4.9060937180676285e-28,6.883201878837395e-39,2.4023129531772963e-27,1.0,2.814267502779917e-38,4.559166989573852e-29,0.0,8.985864383276467e-36,4.2610203200358096e-30,0.0,1.9058051478387523e-39
TCN,43,20941,4,4,class_4,4,class_4,1,1.0,1.2565903441478347e-21,2.7070082437401766e-26,1.1461423327990006e-38,2.0513501134843784e-30,1.0,5.316868281505341e-35,1.8112616459588725e-32,0.0,5.934050852534346e-25,3.1059704557321443e-25,9.80908925027372e-45,7.620213875686852e-36
TCN,43,20942,4,4,class_4,4,class_4,1,1.0,3.0172611037425554e-33,0.0,0.0,0.0,1.0,0.0,0.0,0.0,0.0,0.0,0.0,0.0
TCN,43,20943,4,4,class_4,4,class_4,1,1.0,3.2657734155838725e-11,7.70574175426677e-22,5.303555464039978e-29,1.1131815913990332e-25,1.0,7.23902138573148e-27,5.33690841548291e-26,1.7723822575491467e-34,1.1463246772591556e-18,1.4455510599956193e-18,1.5809182198235674e-34,7.624672217060305e-26
TCN,43,20944,4,4,class_4,4,class_4,1,1.0,7.163666361498233e-13,2.4435005884990146e-13,3.873798643404646e-17,5.30693107236857e-08,1.0,1.4566942168224742e-18,5.395440538791263e-08,1.081266273019729e-22,4.334856957286699e-18,1.60337492387903e-15,7.745814973173347e-24,2.246977831663749e-14
TCN,43,20945,4,4,class_4,4,class_4,1,1.0,1.3897130323825238e-31,1.0078695616916398e-31,0.0,1.9352698347516943e-32,1.0,4.203895392974451e-45,1.4273411456267077e-35,0.0,1.271818486221204e-41,2.025684644967671e-34,0.0,0.0
TCN,43,20946,4,4,class_4,4,class_4,1,1.0,7.323753020179853e-38,1.9048616816086917e-37,0.0,3.584504431953556e-35,1.0,0.0,5.31728587741602e-38,0.0,0.0,9.143959907377262e-36,0.0,0.0
TCN,43,20947,4,4,class_4,4,class_4,1,1.0,3.964585205243521e-34,2.6316385160020065e-42,0.0,3.363116314379561e-44,1.0,0.0,6.884579355227826e-42,0.0,0.0,1.401298464324817e-45,0.0,0.0
TCN,43,20948,4,4,class_4,4,class_4,1,1.0,0.0,0.0,0.0,0.0,1.0,0.0,0.0,0.0,0.0,0.0,0.0,0.0
TCN,43,20949,4,4,class_4,4,class_4,1,1.0,8.580575750164643e-24,8.791806825945139e-23,2.103827202325567e-32,1.4031867011933348e-21,1.0,2.8582334321366006e-33,1.8316072264565436e-23,7.847271400218976e-44,1.1886170995571272e-30,4.011669703699836e-27,5.97513665188102e-42,1.0033025802866099e-35
TCN,43,20950,4,4,class_4,4,class_4,1,1.0,5.6878704666944325e-40,4.902193246313723e-39,0.0,1.5298121966905335e-36,1.0,0.0,5.721347487007152e-40,0.0,0.0,1.6058261874746483e-34,0.0,0.0
TCN,43,20951,4,4,class_4,4,class_4,1,1.0,2.478756853544169e-41,5.605193857299268e-45,0.0,8.547920632381384e-44,1.0,0.0,7.006492321624085e-45,0.0,0.0,1.2611686178923354e-44,0.0,0.0
TCN,43,20952,4,4,class_4,4,class_4,1,1.0,1.5779742125890322e-31,2.0740745821953787e-30,1.5414283107572988e-44,3.602225664207859e-29,1.0,6.305843089461677e-44,5.270411206516284e-32,0.0,1.0285530728144157e-42,6.624194065485015e-36,0.0,0.0
TCN,43,20953,4,4,class_4,4,class_4,1,1.0,2.9264168390186583e-25,5.84193447070348e-27,7.091303108580416e-39,3.1020007982642514e-27,1.0,1.023394388699789e-37,4.713297884085309e-31,0.0,2.549646071439191e-31,3.672714700172432e-28,0.0,1.4744631998739909e-38
TCN,43,20954,4,4,class_4,4,class_4,1,1.0,1.2671053638209214e-25,1.8478641074284492e-27,5.933097697951275e-42,9.374777930885806e-28,1.0,2.2955718315356143e-38,1.2222619484030858e-29,0.0,5.373822015952013e-34,4.025909307484906e-28,0.0,5.70856764501251e-40
TCN,43,20955,4,4,class_4,4,class_4,1,1.0,7.681676907482324e-29,9.92868421135444e-25,2.5936930351462476e-38,6.050639984408216e-21,1.0,4.69520997248554e-38,2.528464073162534e-23,2.802596928649634e-45,4.3131572126270316e-37,2.449891973932614e-26,1.401298464324817e-45,2.1156190445648714e-38
TCN,43,20956,4,4,class_4,4,class_4,1,1.0,1.2611686178923354e-44,0.0,0.0,0.0,1.0,0.0,0.0,0.0,0.0,0.0,0.0,0.0
TCN,43,20957,4,4,class_4,4,class_4,1,0.9992976188659668,0.0007023199577815831,9.032970260723725e-15,7.807172959345559e-20,9.649658966435755e-20,0.9992976188659668,3.7252488340728815e-18,8.783735281942274e-20,3.002405551904257e-23,1.0235712451234225e-11,7.192937651750997e-12,1.3526451213696318e-23,1.94738499401929e-16
TCN,43,20958,4,4,class_4,4,class_4,1,1.0,5.721625998776365e-34,1.6775732611870292e-32,0.0,9.297910545964631e-30,1.0,0.0,5.59918663209099e-31,0.0,0.0,3.616454655394831e-33,0.0,0.0
TCN,43,20959,4,4,class_4,4,class_4,1,1.0,3.349912516227587e-31,2.7842091512785435e-30,1.961817850054744e-44,1.1733641519331737e-28,1.0,1.5834672646870433e-43,2.03452375820829e-31,0.0,1.233142648605839e-42,2.7729261999762445e-34,0.0,0.0
TCN,43,20960,4,5,class_5,5,class_5,1,1.0,4.772575223495792e-36,2.443878228792316e-28,1.2604415113982455e-27,0.0,0.0,1.0,0.0,9.150389654846394e-34,7.977353797561605e-30,8.015427215937954e-43,2.0428209571925957e-17,0.0
TCN,43,20961,4,5,class_5,5,class_5,1,1.0,8.850601100675545e-42,4.071752637485089e-34,1.1704368552544967e-34,0.0,0.0,1.0,0.0,1.2205309624269157e-42,1.401298464324817e-45,0.0,3.6273376240114813e-28,0.0
TCN,43,20962,4,5,class_5,5,class_5,1,1.0,2.249000854164489e-37,7.173705397597532e-27,3.92746483851898e-34,0.0,0.0,1.0,0.0,0.0,4.13383046975821e-43,0.0,1.7458452270693098e-24,0.0
TCN,43,20963,4,5,class_5,5,class_5,1,1.0,0.0,0.0,0.0,0.0,0.0,1.0,0.0,0.0,0.0,0.0,0.0,0.0
TCN,43,20964,4,5,class_5,5,class_5,1,1.0,8.464010103468782e-21,1.0876755394205315e-20,4.8013513304079325e-11,1.000050662050049e-40,5.83531890134451e-27,1.0,6.69137302236125e-35,4.037714334753184e-24,5.761850149153857e-23,6.490968024222692e-36,1.426649711580144e-20,5.169176714668507e-34
TCN,43,20965,4,5,class_5,5,class_5,1,1.0,3.3868155156795616e-31,1.1571774980707602e-24,6.268023865296434e-29,0.0,0.0,1.0,0.0,7.954530708314097e-38,4.624266059503464e-32,0.0,3.478847410482056e-21,2.737781269480754e-39
TCN,43,20966,4,5,class_5,5,class_5,1,1.0,9.322912163550617e-23,7.713043683046146e-20,5.153052423833446e-19,8.281673924159669e-43,1.3243220076481451e-27,1.0,4.2771481199778356e-35,1.4163148218137792e-27,2.8318259530617656e-27,2.4974201706797516e-34,9.550136214048554e-19,5.322045622395618e-34
TCN,43,20967,4,5,class_5,5,class_5,1,1.0,9.037027827650209e-26,8.999778801781805e-24,2.032243900279921e-23,0.0,2.160601619215904e-28,1.0,6.3568503535631e-41,2.180055272074555e-30,2.928133620674805e-27,3.0673302345298786e-40,8.390146202877293e-19,1.0257405031248552e-35
TCN,43,20968,4,5,class_5,5,class_5,1,1.0,1.0881218885996913e-12,1.186311552464625e-11,1.741273965294443e-11,5.9396884660485534e-33,6.836129219768376e-16,1.0,2.194894246323177e-28,4.874017168297641e-17,2.221924684173149e-12,5.1640865446846344e-21,9.019665223042317e-12,5.198432437781803e-23
TCN,43,20969,4,5,class_5,5,class_5,1,1.0,1.10595360966041e-30,9.197405655707402e-23,2.3070058061703662e-27,0.0,5.229379622151996e-40,1.0,0.0,9.361129044860574e-35,7.495231090221564e-30,5.670180474880796e-39,8.662672867172563e-15,0.0
TCN,43,20970,4,5,class_5,5,class_5,1,1.0,1.0187147203267842e-33,5.53893342183645e-33,1.2762913852098177e-28,0.0,0.0,1.0,0.0,1.8357009882655104e-43,5.240856256574816e-42,0.0,1.9641254492675102e-26,0.0
TCN,43,20971,4,5,class_5,5,class_5,1,1.0,0.0,1.0978618553793069e-38,0.0,0.0,0.0,1.0,0.0,0.0,0.0,0.0,8.327994062379447e-35,0.0
TCN,43,20972,4,5,class_5,5,class_5,1,1.0,0.0,2.543087988455953e-32,9.411955660290209e-39,0.0,0.0,1.0,0.0,0.0,4.203895392974451e-45,0.0,6.097708059191013e-26,0.0
TCN,43,20973,4,5,class_5,5,class_5,1,1.0,3.433181237595802e-43,7.38075867396777e-34,9.721746518779333e-36,0.0,0.0,1.0,0.0,0.0,0.0,0.0,4.360014709033423e-33,0.0
TCN,43,20974,4,5,class_5,5,class_5,1,1.0,0.0,0.0,0.0,0.0,0.0,1.0,0.0,0.0,0.0,0.0,7.141016974199268e-42,0.0
TCN,43,20975,4,5,class_5,5,class_5,1,1.0,0.0,0.0,0.0,0.0,0.0,1.0,0.0,0.0,0.0,0.0,5.118943290178557e-42,0.0
TCN,43,20976,4,5,class_5,5,class_5,1,1.0,2.0262019461978018e-27,5.654998171122916e-12,4.176753041450651e-24,0.0,2.947706544644584e-31,1.0,1.1972694079191237e-41,3.8696442917829475e-34,2.21754495047286e-25,2.8625075364838527e-35,5.717445394791334e-16,2.3028420482282244e-39
TCN,43,20977,4,5,class_5,5,class_5,1,1.0,1.7558364339316106e-17,2.736832274005609e-16,2.1761089458172123e-11,6.189399895439125e-37,1.2836711963115298e-25,1.0,5.213638135449429e-33,9.725334092675373e-23,4.923067297791031e-14,4.894567358610421e-25,4.780381887320613e-14,8.427159924047032e-27
TCN,43,20978,4,5,class_5,5,class_5,1,1.0,9.103702597878522e-26,7.542286591998322e-18,3.493474179085851e-22,0.0,1.9377455434039612e-31,1.0,2.2420775429197073e-44,8.525321491824538e-28,9.089159053459279e-27,1.3278278576067978e-34,1.4555876035743376e-12,3.4140455541824907e-37
TCN,43,20979,4,5,class_5,5,class_5,1,1.0,1.3404984620320922e-22,6.3691812376498805e-15,7.383961831686715e-21,0.0,2.678871177624657e-26,1.0,6.738872340907332e-40,9.87237236171137e-25,4.263462552715198e-21,1.3146757971856364e-30,2.9194964113886564e-15,1.11047959498823e-33
TCN,43,20980,4,5,class_5,5,class_5,1,1.0,2.366108130390042e-33,3.0177931121645435e-24,2.212667016739474e-27,0.0,6.033991187382662e-42,1.0,0.0,3.193974545061084e-38,3.247101794821243e-34,2.5223372357846707e-44,1.3804336444166432e-18,0.0
TCN,43,20981,4,5,class_5,5,class_5,1,1.0,6.1064962842334615e-22,1.162428625578471e-10,1.3085153566364094e-17,3.3897409852017325e-42,1.2252093771455014e-26,1.0,1.4007532807494807e-36,1.0661047799878737e-28,3.831669426201116e-21,3.2270610977216354e-26,1.9117808031099415e-11,1.3109915986989682e-35
TCN,43,20982,4,5,class_5,5,class_5,1,0.9999996423721313,2.328683849483343e-13,1.9043637439507134e-18,3.2917066050686117e-07,1.0205968888205423e-33,3.8352871537509427e-25,0.9999996423721313,5.786419155558193e-34,1.3663127020080827e-20,1.3195711884295136e-12,4.492509892160192e-28,1.461200518221295e-12,6.793791834535839e-27
TCN,43,20983,4,5,class_5,5,class_5,1,1.0,8.91406158602816e-22,2.5813949519208667e-15,3.2737322967108114e-18,8.407790785948902e-45,2.0801440827066405e-30,1.0,3.239120601438892e-35,1.488364514984323e-31,1.4499821951483093e-23,4.344508101836154e-33,7.825732436598806e-18,5.364236686040522e-34
TCN,43,20984,4,5,class_5,5,class_5,1,1.0,1.5278875973276912e-36,1.5937894828561817e-29,7.228495295430969e-23,0.0,0.0,1.0,0.0,1.2684553699068244e-39,1.5858985491463434e-30,0.0,2.405621763166417e-21,0.0
TCN,43,20985,4,5,class_5,5,class_5,1,1.0,2.0024555055201636e-40,5.1839579228325154e-30,5.0464006335038106e-30,0.0,0.0,1.0,0.0,8.940284202392333e-43,6.528458408178789e-38,0.0,7.740844927603325e-26,0.0
TCN,43,20986,4,5,class_5,5,class_5,1,0.999503493309021,8.417493145480056e-17,0.0004964611725881696,1.3893450294042136e-14,3.390188526189585e-30,3.344400107124715e-20,0.999503493309021,5.581475633921637e-26,6.877246457683537e-22,1.6646321613360038e-16,4.019751637464278e-21,5.928434419809683e-14,2.198743486176855e-24
TCN,43,20987,4,5,class_5,5,class_5,1,1.0,1.401298464324817e-45,3.829605210036978e-38,1.401298464324817e-45,0.0,0.0,1.0,0.0,0.0,0.0,0.0,6.3883089435678066e-37,0.0
TCN,43,20988,4,5,class_5,5,class_5,1,1.0,4.2097867319781656e-38,3.159995568428055e-36,4.127188315037311e-40,0.0,0.0,1.0,0.0,0.0,0.0,0.0,6.239512729418934e-30,0.0
TCN,43,20989,4,5,class_5,5,class_5,1,1.0,3.15280440783954e-23,1.7047612832833616e-21,2.115549636403887e-20,0.0,9.939964159341436e-35,1.0,6.58610278232664e-44,1.14045991719038e-30,2.808626603702147e-23,1.569345454980848e-34,7.702566103657497e-15,9.031492477357692e-38
TCN,43,20990,4,5,class_5,5,class_5,1,1.0,2.4298515371392328e-42,1.6350605518062473e-38,8.728098819443256e-34,0.0,0.0,1.0,0.0,0.0,1.2611686178923354e-44,0.0,1.3531890734349606e-29,0.0
TCN,43,20991,4,5,class_5,5,class_5,1,0.9327541589736938,0.06724423915147781,3.7180027945282745e-09,4.5770613610329747e-07,1.760217286686305e-24,8.622574182437504e-11,0.9327541589736938,8.176457404062201e-21,4.3139206399797625e-13,1.0653736808308167e-06,2.7924990675409246e-14,2.4151287192353266e-08,2.0930915421019103e-12
TCN,43,20992,4,5,class_5,5,class_5,1,1.0,4.450523922695619e-41,1.3755102629480356e-30,2.1711966570153138e-33,0.0,0.0,1.0,0.0,1.1770907100328463e-43,7.08692685347633e-41,0.0,2.999596331130521e-20,0.0
TCN,43,20993,4,5,class_5,5,class_5,1,1.0,2.1096059509761806e-24,9.303665472076162e-21,1.350894184637065e-21,0.0,8.363339616305239e-33,1.0,0.0,2.2606812070833307e-30,5.195502368216348e-29,1.6021395667241715e-38,3.8898287260495656e-13,3.328910618865392e-40
TCN,43,20994,4,5,class_5,5,class_5,1,1.0,1.102736531047417e-35,2.5446219166537234e-24,3.054534521447878e-29,0.0,1.3592595103950726e-43,1.0,0.0,5.556081148721612e-38,2.7565065183584245e-33,2.897885224223722e-42,8.63954526115335e-21,0.0
TCN,43,20995,4,5,class_5,5,class_5,1,1.0,0.0,2.2229330033001017e-39,0.0,0.0,0.0,1.0,0.0,0.0,0.0,0.0,1.7818850287845206e-36,0.0
TCN,43,20996,4,5,class_5,5,class_5,1,0.9999517202377319,6.57784373844783e-14,4.823429117095657e-05,1.6129203528336689e-10,6.076287404126352e-25,3.096953032563632e-14,0.9999517202377319,8.599860559398038e-23,8.724649253799729e-19,2.9094541446200717e-12,1.796797590684624e-18,2.999783798099398e-12,9.52662861345685e-22
TCN,43,20997,4,5,class_5,5,class_5,1,0.9999910593032837,4.705867917564888e-10,1.3697979639459845e-08,1.7894453776534647e-06,5.071529121575399e-19,3.8448832943957685e-15,0.9999910593032837,2.5284384288974707e-18,5.718093533391144e-12,1.168759311553913e-07,1.4502200167739593e-13,6.975687938393094e-06,2.223471142718137e-14
TCN,43,20998,4,5,class_5,5,class_5,1,1.0,2.8600034666925733e-12,1.3498728357319578e-08,6.17216347476024e-11,4.565541733430339e-27,1.4637022150491154e-17,1.0,1.6571449574683993e-23,1.104501598307862e-18,1.3776962426784167e-13,5.503780208880803e-18,1.8502139056963962e-11,1.0179989014067936e-20
TCN,43,20999,4,5,class_5,5,class_5,1,1.0,2.5440175629186626e-26,6.895561662201107e-22,1.3869100550226272e-18,0.0,2.2638057405958965e-37,1.0,0.0,7.394526018988879e-30,4.6759705505072187e-26,1.019440014116566e-36,3.802196221985941e-15,4.303387583941513e-42
TCN,43,21000,4,6,class_6,6,class_6,1,1.0,3.387313260236626e-27,5.605193857299268e-45,2.2899991478026874e-39,3.770479383152643e-37,4.799057679339416e-39,0.0,1.0,0.0,0.0,0.0,0.0,1.4293244336113134e-43
TCN,43,21001,4,6,class_6,6,class_6,1,0.9983200430870056,1.0591438837082023e-09,5.6179236609943395e-12,9.79566566207922e-14,0.0016797399148344994,2.475959206549305e-07,3.615539383047773e-15,0.9983200430870056,5.599448411282889e-16,1.6339644070383758e-16,1.4957659524357124e-15,4.5074442428941135e-23,3.146089611050229e-09
TCN,43,21002,4,6,class_6,6,class_6,1,1.0,1.7671152333900124e-28,7.286752014489049e-44,1.4359199979608712e-36,5.810721966750158e-37,2.200038588989963e-43,0.0,1.0,2.2266206244655782e-35,4.468600672885409e-41,0.0,0.0,9.411728681328074e-34
TCN,43,21003,4,6,class_6,6,class_6,1,1.0,1.3108991588128892e-16,1.1281595680564667e-20,9.539235241811005e-22,1.8886609144701987e-15,2.867834852849102e-17,1.0704021082431569e-24,1.0,2.6127272861336545e-25,5.304326919353327e-28,1.4517535788587537e-30,2.403822586320215e-37,1.8264261016270224e-20
TCN,43,21004,4,6,class_6,6,class_6,1,1.0,1.1200701796836818e-16,3.296424389115115e-27,4.9195219872709566e-24,2.954234529574756e-17,9.520377099042252e-20,5.030677973383596e-30,1.0,3.3965813897968417e-25,6.269931231834033e-31,4.2823585216467295e-34,2.3229759045636433e-39,9.852142536556565e-23
TCN,43,21005,4,6,class_6,6,class_6,1,1.0,3.178551394792964e-30,0.0,1.4069036581821163e-42,1.0517273264278803e-38,3.759547573572752e-38,0.0,1.0,0.0,0.0,0.0,0.0,2.5900031360299875e-39
TCN,43,21006,4,6,class_6,6,class_6,1,1.0,3.044409884779553e-13,3.608279446699654e-20,3.214896128812045e-19,2.1632700075713274e-09,3.1356516491709877e-16,1.6222939661999488e-22,1.0,5.530851977445092e-16,2.1908331834497514e-24,6.241439083116057e-23,7.158394158243156e-28,9.42709519930092e-14
TCN,43,21007,4,6,class_6,6,class_6,1,1.0,2.9342814552608666e-21,7.113960155809192e-30,3.4417139230494044e-30,1.2888755104173348e-20,2.2409496745306233e-23,1.620337559624729e-32,1.0,1.1951084291549174e-32,1.8646579802517041e-37,2.408131410942198e-41,0.0,4.539909916986478e-26
TCN,43,21008,4,6,class_6,6,class_6,1,1.0,1.8704456165232828e-19,8.811063006672386e-34,5.677086642719983e-31,8.912134506319004e-27,8.985070309888768e-30,5.916700039633378e-37,1.0,1.3431458302574672e-28,4.3669681139810844e-35,5.737194771340202e-39,0.0,1.7036121471868397e-27
TCN,43,21009,4,6,class_6,6,class_6,1,1.0,9.640877529696455e-34,0.0,0.0,6.462788517466056e-42,4.4014784764442504e-42,0.0,1.0,0.0,0.0,0.0,0.0,9.10844001811131e-44
TCN,43,21010,4,6,class_6,6,class_6,1,1.0,1.3393523858551603e-31,0.0,0.0,0.0,0.0,0.0,1.0,0.0,0.0,0.0,0.0,0.0
TCN,43,21011,4,6,class_6,6,class_6,1,1.0,1.6797136623712054e-15,1.962507668114225e-26,6.244648563708949e-25,6.304649653714591e-19,6.302596250545349e-22,4.5746719293323847e-29,1.0,4.8965816656280967e-26,5.826874363021818e-32,1.835148863218101e-35,2.9677679786396003e-40,9.189404397317926e-24
TCN,43,21012,4,6,class_6,6,class_6,1,1.0,5.887520745658804e-37,0.0,0.0,0.0,0.0,0.0,1.0,0.0,0.0,0.0,0.0,0.0
TCN,43,21013,4,6,class_6,6,class_6,1,1.0,1.5552228133024545e-32,1.5414283107572988e-44,3.270630615734123e-42,4.3991102820395415e-40,1.903365319056547e-37,0.0,1.0,0.0,0.0,0.0,0.0,1.401298464324817e-45
TCN,43,21014,4,6,class_6,6,class_6,1,1.0,9.446337183009315e-25,3.026804682941605e-43,1.244988291145955e-33,2.2944808859289356e-35,1.440534821325912e-42,0.0,1.0,5.1560603099297415e-34,3.0241702418286742e-40,0.0,0.0,7.017781795772088e-32
TCN,43,21015,4,6,class_6,6,class_6,1,1.0,5.633973164020245e-19,2.2810238288966094e-35,7.513838883676437e-30,7.529405553100806e-26,9.529749809790869e-28,1.1192014875648428e-34,1.0,1.1749215000100715e-39,1.4014385941712496e-41,0.0,0.0,2.4305863832555446e-33
TCN,43,21016,4,6,class_6,6,class_6,1,1.0,9.123015567474081e-22,2.4008087408454715e-36,5.229596279414208e-32,1.401372981841268e-29,1.2566976842480834e-33,3.0140808928855355e-40,1.0,2.192252699574418e-33,2.0889621438780204e-38,0.0,0.0,9.253287463853745e-31
TCN,43,21017,4,6,class_6,6,class_6,1,0.9916465878486633,0.008353423327207565,4.886341349524942e-32,2.2268363834417547e-17,1.3848147690517434e-28,5.459650761955727e-28,1.588362385305667e-30,0.9916465878486633,1.991282525190128e-28,3.5702239025575703e-31,2.802596928649634e-45,0.0,1.8595377225262392e-28
TCN,43,21018,4,6,class_6,6,class_6,1,1.0,3.0490592197125257e-24,2.414380361314008e-38,5.5610970923147154e-34,2.4523017648865795e-28,5.206738810129567e-34,4.6691264831302905e-42,1.0,2.0298218914667736e-35,2.3274739325042796e-38,1.401298464324817e-45,0.0,6.864918430349202e-26
TCN,43,21019,4,6,class_6,6,class_6,1,1.0,6.462982705782617e-26,1.1459998745550398e-35,1.060840397098424e-33,2.1593339721265083e-27,2.024521241678273e-31,1.6110728444342422e-41,1.0,6.33811745489622e-35,1.5924392182347294e-38,1.1210387714598537e-44,0.0,2.3359660378552764e-25
TCN,43,21020,4,6,class_6,3,class_3,0,1.0,2.707778659051355e-29,2.1267871343099804e-29,9.932027967145864e-38,1.0,1.1302616892557311e-20,1.401298464324817e-45,3.253592432534197e-23,3.4802802940275665e-29,2.8917862565256843e-30,6.818164436197083e-22,1.0289619201385222e-35,7.842366101676709e-21
TCN,43,21021,4,6,class_6,6,class_6,1,1.0,0.0,0.0,0.0,0.0,0.0,0.0,1.0,0.0,0.0,0.0,0.0,0.0
TCN,43,21022,4,6,class_6,6,class_6,1,1.0,0.0,0.0,0.0,0.0,0.0,0.0,1.0,0.0,0.0,0.0,0.0,0.0
TCN,43,21023,4,6,class_6,6,class_6,1,1.0,4.9336070717706585e-28,1.2105817433302095e-41,5.6385775065617626e-33,1.0500353669016808e-31,7.156826673201758e-31,3.5032461608120427e-44,1.0,1.2976023779647806e-42,0.0,0.0,0.0,1.3323218455479094e-36
TCN,43,21024,4,6,class_6,3,class_3,0,1.0,2.03160978294424e-29,1.7941984341036175e-19,4.300572431378623e-37,1.0,3.2120677191242695e-17,3.727313785257581e-41,6.533229642260198e-19,2.998198362235567e-29,5.577009941640987e-26,5.069469028259836e-18,3.1646553302017043e-34,6.380086974615779e-19
TCN,43,21025,4,6,class_6,6,class_6,1,1.0,0.0,0.0,0.0,0.0,0.0,0.0,1.0,0.0,0.0,0.0,0.0,0.0
TCN,43,21026,4,6,class_6,6,class_6,1,1.0,8.222633877708694e-17,5.399217487713286e-27,6.554928758369201e-25,2.537146986386429e-18,7.260942606716891e-15,1.668619638266251e-31,1.0,7.653691357867546e-35,2.6585387692750714e-28,1.0713384043337798e-30,0.0,2.190393649086024e-21
TCN,43,21027,4,6,class_6,6,class_6,1,0.9991500377655029,1.984106878794023e-09,2.938030921642679e-16,9.97752295822836e-16,0.00011664259363897145,0.000733293651137501,2.2973093685875954e-21,0.9991500377655029,5.480918125821968e-20,6.119732807392902e-18,3.607916721797195e-16,6.489749145635541e-31,1.487757250728805e-09
TCN,43,21028,4,6,class_6,6,class_6,1,1.0,5.36356796309574e-40,0.0,0.0,0.0,1.3032075718220799e-43,0.0,1.0,0.0,0.0,0.0,0.0,0.0
TCN,43,21029,4,6,class_6,6,class_6,1,1.0,1.9478048654114957e-43,0.0,0.0,0.0,0.0,0.0,1.0,0.0,0.0,0.0,0.0,0.0
TCN,43,21030,4,6,class_6,6,class_6,1,0.9999995231628418,1.351848320785276e-12,2.118029666051989e-18,4.988052639095962e-19,4.8044622502629863e-08,4.597476959133928e-07,5.945340457885713e-22,0.9999995231628418,2.141814155660223e-23,5.334131129494669e-21,1.980564449159711e-18,2.207147131354298e-32,7.091718705332095e-13
TCN,43,21031,4,6,class_6,6,class_6,1,1.0,2.254317202745118e-15,1.4318933621561019e-22,3.737920827466888e-18,1.4824504124266724e-10,4.368735408155633e-12,1.476623122462129e-25,1.0,4.030081316634266e-24,4.789154622221838e-28,5.0260960656752775e-29,5.1591759703877866e-39,1.0068424838407436e-18
TCN,43,21032,4,6,class_6,6,class_6,1,0.9999998807907104,4.7915432038747596e-11,1.7587245350403395e-18,1.7317644722546926e-15,4.3648144126828825e-11,9.605064832385324e-08,9.07895749659087e-22,0.9999998807907104,7.451243866645436e-22,3.31059814687456e-21,7.719830683816272e-23,7.122578788553925e-34,5.5469998982548424e-14
TCN,43,21033,4,6,class_6,6,class_6,1,1.0,1.0411137230104117e-11,1.4144201693409743e-19,3.8103237810475316e-17,1.2767694457238576e-08,5.321759959792116e-12,1.566333972186434e-23,1.0,1.9486892930553986e-21,2.2507111100537652e-20,1.5529981251028952e-19,1.8978093277164835e-32,3.5167525141988065e-11
TCN,43,21034,4,6,class_6,6,class_6,1,1.0,3.6576758604975305e-25,4.855779438578356e-41,7.270829876926426e-32,5.17362861887297e-29,1.4080295674895226e-27,9.10844001811131e-44,1.0,2.2476827367770066e-42,1.0229478789571165e-43,0.0,0.0,1.3538575269668265e-33
TCN,43,21035,4,6,class_6,3,class_3,0,1.0,7.833417603081275e-38,1.2228297450883748e-31,0.0,1.0,3.4158482848983805e-19,0.0,3.9541643629739484e-26,2.704506036146897e-42,6.164241879641654e-40,3.6989905164888934e-37,0.0,2.9630389876600994e-31
TCN,43,21036,4,6,class_6,6,class_6,1,1.0,1.7596735725920114e-15,8.127618760362704e-23,1.1335012064154758e-18,3.156326866537995e-10,1.567278099835756e-12,2.2678895912208781e-26,1.0,2.476636897765645e-24,7.9938115309748125e-28,8.30061542112248e-29,6.314357378930914e-39,1.0785584018841164e-17
TCN,43,21037,4,6,class_6,6,class_6,1,0.9999991655349731,8.43595471256009e-11,5.268962095648271e-16,2.3137943739936573e-16,9.899621744580145e-08,7.624085469615238e-07,2.491461542661184e-19,0.9999991655349731,2.4308240338822184e-19,4.059747025309219e-18,1.4696785658580534e-14,3.9347484469069984e-27,5.128885597477373e-12
TCN,43,21038,4,6,class_6,6,class_6,1,1.0,2.246799918744482e-40,0.0,1.401298464324817e-45,0.0,0.0,0.0,1.0,0.0,0.0,0.0,0.0,0.0
TCN,43,21039,4,6,class_6,6,class_6,1,1.0,1.34434386400717e-30,3.196244760677167e-36,1.8255134542626121e-35,2.373210081342915e-28,1.518414852568744e-31,4.778427763347626e-43,1.0,4.203895392974451e-45,1.0255315930656386e-38,0.0,0.0,6.890616229152957e-30
TCN,43,21040,4,7,class_7,7,class_7,1,1.0,2.072017362587712e-39,3.967374429076458e-39,3.881596746179743e-43,1.401298464324817e-45,0.0,1.317220556465328e-43,0.0,1.0,2.3604669476941253e-31,7.516830065886994e-35,1.2303899055395776e-18,8.908054337712862e-42
TCN,43,21041,4,7,class_7,7,class_7,1,1.0,1.2509514705292503e-36,2.0317894669719586e-35,5.3257609305282565e-40,0.0,0.0,1.2544876752299432e-36,0.0,1.0,5.778840398672236e-24,2.873366166008751e-31,3.888701805010442e-09,1.2340779536736434e-36
TCN,43,21042,4,7,class_7,10,class_10,0,1.0,2.7219285714272696e-34,1.6461431411008994e-39,7.006492321624085e-45,0.0,0.0,2.3594204858888248e-33,0.0,1.2381761171909034e-09,1.1537099574099436e-22,1.6143234364819365e-38,1.0,7.006492321624085e-45
TCN,43,21043,4,7,class_7,7,class_7,1,1.0,0.0,0.0,0.0,0.0,0.0,0.0,0.0,1.0,1.401298464324817e-45,0.0,9.261077141655697e-34,0.0
TCN,43,21044,4,7,class_7,7,class_7,1,1.0,2.8532938892191174e-36,1.0127134359567526e-32,6.031889239686175e-41,0.0,0.0,4.73412991629339e-38,0.0,1.0,4.661625213553388e-22,7.104079486396835e-25,5.5070859270110305e-15,5.352960133720801e-43
TCN,43,21045,4,7,class_7,7,class_7,1,1.0,0.0,0.0,0.0,0.0,0.0,0.0,0.0,1.0,6.730519280131037e-34,5.662506964490153e-41,1.020619101010219e-21,0.0
TCN,43,21046,4,7,class_7,7,class_7,1,1.0,7.723536745819094e-41,5.816089276180153e-41,0.0,0.0,0.0,0.0,0.0,1.0,5.410074887682114e-30,6.901108691728397e-31,1.366929714121562e-18,0.0
TCN,43,21047,4,7,class_7,7,class_7,1,1.0,1.3762167152164126e-33,1.6179184676921618e-37,5.429050640333639e-41,0.0,0.0,4.064942637252002e-40,0.0,1.0,8.036336906741233e-29,2.9251022584760117e-31,4.5570038381313887e-17,8.828180325246348e-44
TCN,43,21048,4,7,class_7,7,class_7,1,1.0,0.0,0.0,0.0,0.0,0.0,0.0,0.0,1.0,1.983871485286288e-39,7.215285792808483e-42,4.207047111355657e-28,0.0
TCN,43,21049,4,7,class_7,7,class_7,1,1.0,8.794570614300483e-35,4.1115988539271543e-35,1.702496358843722e-39,0.0,0.0,2.24903538215865e-37,0.0,1.0,4.82397610969184e-27,7.705584699336523e-32,9.633249804948639e-15,1.3046733300157636e-39
TCN,43,21050,4,7,class_7,7,class_7,1,1.0,6.108861572257066e-33,3.802934403300027e-31,1.4630189488981618e-35,1.1589663156952692e-39,5.414617266151093e-42,9.333427900593848e-34,0.0,1.0,6.177743298184892e-23,2.857217028262578e-27,2.313876087262079e-12,8.954832164673942e-35
TCN,43,21051,4,7,class_7,7,class_7,1,1.0,6.849201486148321e-25,7.701905397466935e-26,1.384777694900314e-28,1.4076186325319892e-31,6.0599084773590566e-34,1.885048620662248e-29,7.944307114978076e-39,1.0,5.916551502953313e-19,1.7110771739984834e-18,7.145533730684717e-12,9.571532980304972e-29
TCN,43,21052,4,7,class_7,7,class_7,1,1.0,8.470429310779168e-23,5.751221983949995e-23,5.552150577179221e-27,2.872236104514588e-32,3.3090669087229545e-31,6.1433828837361805e-24,1.0331772456428105e-37,1.0,2.2081154250233015e-18,3.999232663043947e-19,5.907244915448473e-09,1.9634491060044651e-28
TCN,43,21053,4,7,class_7,7,class_7,1,0.7674931287765503,1.1404536907437405e-33,6.450990158153053e-32,2.856520149120277e-34,1.078399164956361e-37,1.1210387714598537e-44,5.60229415150808e-35,0.0,0.7674931287765503,4.932055799669057e-16,3.9490836057062593e-26,0.23250681161880493,1.047942869407782e-30
TCN,43,21054,4,7,class_7,7,class_7,1,0.9997915625572205,3.8971146314848617e-19,1.1234983180630251e-18,8.576771623065953e-21,7.104289461448283e-22,2.8668521091069574e-26,5.385439349589614e-21,5.229770078604965e-29,0.9997915625572205,2.367791240853734e-10,1.0755428665742972e-12,0.00020850065629929304,2.89630422577636e-16
TCN,43,21055,4,7,class_7,7,class_7,1,1.0,3.9974613945131205e-35,1.6830126018601827e-35,4.506968224838623e-40,1.6815581571897805e-44,0.0,3.137647391469698e-41,0.0,1.0,1.3566844677651533e-27,5.302182396360252e-28,7.23021577455953e-20,2.662167204345787e-39
TCN,43,21056,4,7,class_7,7,class_7,1,0.9983779191970825,2.778380931911279e-21,2.426994187646098e-19,1.7566646515996423e-23,1.6127925941358867e-24,4.296944610038295e-27,5.504155923362313e-22,2.1724192078743675e-32,0.9983779191970825,6.417353085562405e-13,6.693284127705533e-17,0.0016220432007685304,2.9596571794503306e-22
TCN,43,21057,4,7,class_7,7,class_7,1,1.0,2.802596928649634e-45,8.407790785948902e-45,0.0,0.0,0.0,0.0,0.0,1.0,1.0001263923236773e-29,2.8369302602573352e-34,8.053025335342454e-23,1.401298464324817e-44
TCN,43,21058,4,7,class_7,7,class_7,1,1.0,1.6269075170811126e-42,5.885453550164232e-44,0.0,0.0,0.0,0.0,0.0,1.0,9.611729310557893e-32,3.771140796027804e-37,2.786208153841667e-14,1.5414283107572988e-44
TCN,43,21059,4,7,class_7,7,class_7,1,1.0,6.342456764741631e-32,3.5916409982065296e-32,2.3808173012755788e-36,7.315711809072171e-38,2.9598226163468786e-41,1.0097246661283618e-38,0.0,1.0,3.8279254544796136e-23,1.3789952225678533e-20,2.5177702309065375e-16,2.043707361088677e-34
TCN,43,21060,4,7,class_7,7,class_7,1,1.0,0.0,0.0,0.0,0.0,0.0,0.0,0.0,1.0,7.430827917397069e-39,3.7428681982115864e-42,4.9881511603919544e-26,0.0
TCN,43,21061,4,7,class_7,7,class_7,1,1.0,0.0,0.0,0.0,0.0,0.0,0.0,0.0,1.0,4.287972054511463e-31,0.0,3.989235516930694e-35,0.0
TCN,43,21062,4,7,class_7,7,class_7,1,1.0,0.0,0.0,0.0,0.0,0.0,0.0,0.0,1.0,5.410040558104282e-35,0.0,1.1500063236312746e-36,0.0
TCN,43,21063,4,7,class_7,7,class_7,1,1.0,0.0,0.0,0.0,0.0,0.0,0.0,0.0,1.0,5.515457304453857e-36,0.0,1.0719842679498956e-30,0.0
TCN,43,21064,4,7,class_7,7,class_7,1,1.0,0.0,0.0,0.0,0.0,0.0,0.0,0.0,1.0,2.714833605828971e-40,0.0,6.974570742606766e-40,0.0
TCN,43,21065,4,7,class_7,7,class_7,1,1.0,0.0,0.0,0.0,0.0,0.0,0.0,0.0,1.0,9.10844001811131e-44,0.0,2.325071943865442e-28,0.0
TCN,43,21066,4,7,class_7,7,class_7,1,1.0,0.0,0.0,0.0,0.0,0.0,0.0,0.0,1.0,9.471588894433776e-34,4.484155085839415e-44,6.383595540537359e-33,0.0
TCN,43,21067,4,7,class_7,7,class_7,1,1.0,1.150648208011037e-40,2.867182774870365e-40,2.2201260583553146e-33,5.609958272077973e-41,0.0,0.0,0.0,1.0,3.789120755463068e-23,1.78443275064288e-32,1.8941666099220838e-22,1.8318755017519197e-35
TCN,43,21068,4,7,class_7,7,class_7,1,1.0,0.0,0.0,0.0,0.0,0.0,0.0,0.0,1.0,3.385537089808758e-42,0.0,2.2417154814761044e-34,0.0
TCN,43,21069,4,7,class_7,7,class_7,1,1.0,0.0,0.0,0.0,0.0,0.0,0.0,0.0,1.0,0.0,0.0,0.0,0.0
TCN,43,21070,4,7,class_7,7,class_7,1,1.0,0.0,0.0,2.382207389352189e-44,0.0,0.0,0.0,0.0,1.0,3.02755096657472e-22,1.3947123615424904e-41,2.1802333935110208e-27,2.534948921963594e-42
TCN,43,21071,4,7,class_7,7,class_7,1,1.0,0.0,0.0,0.0,0.0,0.0,0.0,0.0,1.0,3.6181526348866777e-42,0.0,1.279032168749203e-33,0.0
TCN,43,21072,4,7,class_7,7,class_7,1,1.0,0.0,0.0,0.0,0.0,0.0,0.0,0.0,1.0,6.672690900376725e-27,0.0,8.284845246345111e-33,0.0
TCN,43,21073,4,7,class_7,7,class_7,1,1.0,0.0,0.0,1.4433374182545616e-43,0.0,0.0,0.0,0.0,1.0,7.244069512931087e-29,3.407353905599831e-39,4.212484158290357e-31,0.0
TCN,43,21074,4,7,class_7,7,class_7,1,1.0,1.401298464324817e-45,8.407790785948902e-45,1.777406972149598e-41,0.0,0.0,0.0,0.0,1.0,1.1565541346367764e-26,1.779094341771779e-35,1.1120404547958244e-24,3.920833103180838e-42
TCN,43,21075,4,7,class_7,7,class_7,1,1.0,0.0,0.0,0.0,0.0,0.0,0.0,0.0,1.0,1.382327909922542e-37,0.0,4.84253008732262e-32,0.0
TCN,43,21076,4,7,class_7,7,class_7,1,1.0,0.0,0.0,0.0,0.0,0.0,0.0,0.0,1.0,0.0,0.0,1.9121440301828865e-35,0.0
TCN,43,21077,4,7,class_7,7,class_7,1,1.0,0.0,0.0,0.0,0.0,0.0,0.0,0.0,1.0,3.191211520801067e-37,0.0,1.3243057008671578e-36,0.0
TCN,43,21078,4,7,class_7,7,class_7,1,1.0,0.0,0.0,0.0,0.0,0.0,0.0,0.0,1.0,0.0,0.0,1.1210387714598537e-44,0.0
TCN,43,21079,4,7,class_7,7,class_7,1,1.0,0.0,0.0,0.0,0.0,0.0,0.0,0.0,1.0,0.0,0.0,5.206804703891723e-41,0.0
TCN,43,21080,4,8,class_8,8,class_8,1,1.0,1.480759287821145e-23,7.392931928160993e-34,8.800667031611997e-30,6.294664651352065e-38,3.496918703743682e-27,2.5596224185262226e-33,0.0,6.417891616613638e-21,1.0,7.593475009844941e-17,7.62554728373546e-18,1.4486969162863975e-34
TCN,43,21081,4,8,class_8,8,class_8,1,1.0,1.7007839245715113e-16,4.258054257588517e-34,1.346757372806537e-21,1.1094079942059577e-41,3.006375740408814e-29,1.824093028200358e-28,1.8216880036222622e-44,1.5641450624036435e-20,1.0,6.814394059723361e-22,6.406719088412689e-19,5.177915618558554e-28
TCN,43,21082,4,8,class_8,8,class_8,1,1.0,2.6648494462052895e-24,2.41832019154021e-35,3.1656864554791463e-31,0.0,6.193838473239768e-30,3.739322291406409e-31,0.0,2.8893771694389283e-26,1.0,3.8955130373550325e-22,3.68246559230087e-20,6.677144834147123e-35
TCN,43,21083,4,8,class_8,8,class_8,1,0.9906870722770691,1.2513032277006175e-10,1.0720686491327847e-12,1.1832169377612445e-07,3.466274144633304e-24,3.9344114298230535e-19,0.009307504631578922,4.094754184682638e-23,1.0917141496369354e-10,0.9906870722770691,8.498049811588027e-14,5.2828495427093e-06,3.819528633669132e-15
TCN,43,21084,4,8,class_8,8,class_8,1,1.0,1.0317265428025246e-32,0.0,1.21226020742039e-36,0.0,4.0637655465419695e-43,0.0,0.0,1.6480873474318545e-36,1.0,2.2295998669136905e-31,2.4610072673094416e-36,1.401298464324817e-44
TCN,43,21085,4,8,class_8,8,class_8,1,1.0,1.680373282366994e-23,1.475457981653815e-39,1.6148945386697514e-25,8.96831017167883e-44,1.3100572299227457e-34,1.9475170257028737e-34,0.0,1.078556176089722e-21,1.0,1.0466592931925576e-25,8.1916271210146e-20,1.0613722811088643e-30
TCN,43,21086,4,8,class_8,8,class_8,1,1.0,4.642359375192168e-27,0.0,1.299926138876744e-35,0.0,2.3852431623453023e-37,0.0,0.0,4.4431069149441965e-34,1.0,2.270270934263635e-25,1.5531648900361493e-33,2.030383383914157e-40
TCN,43,21087,4,8,class_8,8,class_8,1,1.0,2.429939929826652e-12,3.398509076189338e-27,4.3698830903653174e-13,9.294577032064796e-30,5.800799935468091e-22,4.254512684669573e-20,9.620973985879935e-32,2.114756242707237e-15,1.0,7.445602620075827e-19,3.1173191430399955e-17,1.0222477138153786e-21
TCN,43,21088,4,8,class_8,8,class_8,1,1.0,3.603919029813206e-35,0.0,3.363116314379561e-44,0.0,2.0729688442449884e-40,0.0,0.0,6.726232628759122e-44,1.0,8.85301382865934e-33,1.7184123068015232e-41,0.0
TCN,43,21089,4,8,class_8,8,class_8,1,1.0,2.1178066995178752e-16,1.988698521534704e-31,5.406594978431798e-20,5.70540432022798e-36,2.3150810378341875e-27,6.732777603525674e-27,2.024506338154779e-38,7.649371455394877e-20,1.0,3.7316586756227037e-22,6.17334778541584e-20,9.623022057737158e-26
TCN,43,21090,4,8,class_8,8,class_8,1,1.0,2.636191144868877e-27,0.0,2.375648598661659e-34,0.0,8.903700312807614e-36,0.0,0.0,1.433675857706612e-36,1.0,1.1511536280721004e-33,4.0686744407975396e-36,1.2770032905392058e-41
TCN,43,21091,4,8,class_8,8,class_8,1,1.0,2.3704831127798354e-16,4.375448796950031e-38,4.853632695706734e-22,2.1579996350602183e-43,2.819661355602733e-31,3.7074087482561605e-30,0.0,2.5692641800616182e-21,1.0,6.584457261722775e-23,9.260710039411833e-22,4.37735988893624e-27
TCN,43,21092,4,8,class_8,8,class_8,1,1.0,8.07509417481207e-20,1.4613853676130664e-34,7.207789274390728e-23,2.1323513890079883e-37,2.136014294766195e-30,1.3979437262775464e-31,3.999305817183028e-42,1.4937364826388955e-20,1.0,2.550454201984294e-23,5.2413514339075527e-20,4.485390306934775e-27
TCN,43,21093,4,8,class_8,8,class_8,1,1.0,4.265571895588951e-16,3.2969568099833934e-39,1.6975866769911525e-33,0.0,1.6213689296600782e-26,5.93179501560531e-30,0.0,3.770190679019454e-30,1.0,2.291917059872816e-28,7.847916155452358e-25,1.474586374009005e-40
TCN,43,21094,4,8,class_8,8,class_8,1,1.0,6.159105843544263e-16,1.5392265116890221e-34,2.1161022205306756e-24,0.0,1.0543852800734789e-33,8.052337749386321e-26,0.0,1.7920332302852263e-23,1.0,1.2657990392434176e-28,6.184271911036501e-24,3.2611248136105434e-29
TCN,43,21095,4,8,class_8,8,class_8,1,1.0,5.3394472189587424e-21,1.4142712252610329e-31,2.375228786943842e-29,1.948081584415505e-34,7.621838255951973e-22,7.567929057864853e-35,3.1529215447308384e-43,1.3177671204898627e-25,1.0,4.426114761702828e-15,5.326523253950521e-23,1.698321136147122e-30
TCN,43,21096,4,8,class_8,8,class_8,1,1.0,1.0689417886569344e-23,1.440534821325912e-42,2.1272415334062343e-29,0.0,1.4664385296933822e-35,2.6622713488476555e-37,0.0,1.0769141550157563e-24,1.0,1.9721315948968127e-23,3.774190142882131e-23,3.57938932605048e-30
TCN,43,21097,4,8,class_8,8,class_8,1,1.0,1.3485010951349547e-27,2.265891405428436e-34,3.1100452376169846e-35,0.0,1.240307385360525e-29,4.5353584258997834e-33,0.0,1.3928863755376303e-24,1.0,2.1795646393257947e-15,4.810242085700285e-15,1.2245050448717408e-39
TCN,43,21098,4,8,class_8,8,class_8,1,1.0,2.254717462996434e-26,1.14906474074635e-43,2.0145114743981735e-26,0.0,7.780009073931384e-42,2.240588917077635e-32,0.0,8.22775703993648e-30,1.0,5.440196120800201e-34,3.6542884917705115e-24,1.5573620832315663e-37
TCN,43,21099,4,8,class_8,8,class_8,1,1.0,3.036080029609166e-26,0.0,1.1998972349033027e-37,0.0,2.7151554739968773e-35,0.0,0.0,1.0908328750199273e-36,1.0,8.332732314803719e-34,8.247006817876111e-33,4.203895392974451e-45
TCN,43,21100,4,8,class_8,8,class_8,1,1.0,1.1055664705619019e-21,2.8303426382432655e-41,1.866246218005026e-28,2.802596928649634e-45,4.523900111044151e-34,2.8195526400679644e-40,0.0,1.9546209338392598e-23,1.0,1.9570542226330684e-22,2.4157520214550085e-24,3.504462622403729e-35
TCN,43,21101,4,8,class_8,8,class_8,1,1.0,2.0048757098933834e-10,2.576037044444323e-20,9.562045599764701e-10,5.569211065516746e-25,3.8108285783561e-19,2.0338518738095834e-13,1.5164324603393025e-27,1.5317556251170927e-11,1.0,9.103133557283177e-14,2.3360019474338856e-10,2.3656063205860188e-15
TCN,43,21102,4,8,class_8,8,class_8,1,1.0,2.9820575235477676e-37,0.0,2.8166099132928823e-43,0.0,1.5414283107572988e-44,0.0,0.0,1.028994326589229e-33,1.0,7.604919879550669e-26,2.2429100270638705e-29,0.0
TCN,43,21103,4,8,class_8,8,class_8,1,0.9999985694885254,9.44316057674996e-16,3.8535648182577405e-28,5.07919711035973e-26,1.3352973066551182e-41,3.810092452234413e-21,1.7666017501642878e-19,0.0,1.4950721265727927e-15,0.9999985694885254,1.554819776617214e-14,1.4296774679678492e-06,1.064222790257419e-34
TCN,43,21104,4,8,class_8,8,class_8,1,1.0,5.960579320157984e-15,9.363035848226176e-32,5.1448170330419135e-21,3.033034860398148e-34,3.7649095443892323e-26,2.968304378565342e-28,7.821243211706322e-36,8.93074353292756e-21,1.0,2.9301777831614226e-20,1.8444964437196114e-21,1.1369622471211798e-24
TCN,43,21105,4,8,class_8,8,class_8,1,1.0,3.568094495553945e-19,5.319300944607719e-40,3.3057157492423196e-28,3.8155955885100444e-41,3.684860796152352e-24,7.96594792768203e-38,0.0,1.8475065700898534e-25,1.0,4.049306299918786e-20,3.680288750196663e-20,1.053648851229788e-34
TCN,43,21106,4,8,class_8,8,class_8,1,1.0,4.305081139667488e-13,1.0969812464209438e-33,1.4094665554359524e-24,1.1210387714598537e-44,5.636973133097043e-30,1.1336289220347008e-29,0.0,1.2085069975308521e-20,1.0,3.514622164181408e-21,1.8000456810871035e-12,7.710263989698841e-31
TCN,43,21107,4,8,class_8,8,class_8,1,0.9997624754905701,0.00023750071704853326,2.424991360060885e-13,9.182438809318683e-09,1.3059308308124874e-17,2.2320921170003493e-15,6.126062876513636e-15,2.057169463708512e-16,1.724100549826968e-11,0.9997624754905701,1.6475315903208276e-11,1.610432759369118e-10,5.420993876015245e-09
TCN,43,21108,4,8,class_8,8,class_8,1,1.0,6.39855841272075e-35,0.0,2.4622280336900105e-36,0.0,0.0,0.0,0.0,5.695388781195019e-33,1.0,3.696918612631481e-36,2.5684890860156403e-29,1.360973999066174e-38
TCN,43,21109,4,8,class_8,8,class_8,1,0.9337119460105896,0.017552504315972328,5.575747508146378e-08,0.033902958035469055,3.8013012876314534e-11,6.850723321960572e-10,1.894718593575817e-06,5.308877337739659e-09,0.014397074468433857,0.9337119460105896,6.958796348044416e-07,6.520266992993129e-07,0.00043234179611317813
TCN,43,21110,4,8,class_8,8,class_8,1,1.0,8.78659034752529e-20,3.4857239613464505e-31,5.6796706687832835e-14,7.908720349959466e-31,6.231473100375694e-30,1.5882438398036916e-27,1.9384937415835045e-37,8.081975708248632e-14,1.0,1.3184126286053109e-22,8.955016945085185e-17,3.612623644180418e-17
TCN,43,21111,4,8,class_8,8,class_8,1,1.0,5.9065055241812674e-30,0.0,1.5157082733821445e-36,0.0,1.6114932339735396e-43,0.0,0.0,1.6808675841052086e-30,1.0,4.015221118517286e-27,3.5624943219043033e-32,2.802596928649634e-45
TCN,43,21112,4,8,class_8,8,class_8,1,1.0,2.5757886277276477e-22,4.047453194790425e-35,7.713206016960079e-31,9.529249946948054e-40,1.1369064943767033e-23,7.983818729597038e-35,0.0,1.5255083397206092e-25,1.0,2.5816371024277467e-18,2.6971300257219423e-21,5.7172813762475e-35
TCN,43,21113,4,8,class_8,8,class_8,1,1.0,4.521795226230314e-19,1.0641095527858674e-36,2.48165311122293e-21,2.285191993420821e-38,6.230162377154753e-31,2.9942207150473e-29,4.664922587737316e-42,3.5065835958265586e-23,1.0,2.933974668832548e-24,3.980299532798374e-19,7.290508619085745e-28
TCN,43,21114,4,8,class_8,8,class_8,1,0.997408926486969,1.3274329772454971e-18,7.445377198812312e-25,3.324979073879776e-26,1.3371498951543297e-26,1.9960994800898855e-17,3.6121745368180775e-28,5.995857484117175e-37,1.359516255946885e-14,0.997408926486969,0.002591067925095558,3.4653555025521143e-10,2.8646807771690564e-27
TCN,43,21115,4,8,class_8,8,class_8,1,1.0,2.1374397320951478e-16,1.522793422088763e-32,3.628760416452144e-22,0.0,1.5642324955488235e-30,7.86678146028927e-22,0.0,1.6352682163577122e-21,1.0,1.1041119372704191e-22,2.697158733063875e-15,5.9261739544339434e-34
TCN,43,21116,4,8,class_8,8,class_8,1,1.0,8.328794053621025e-26,3.881806156222252e-37,6.724220395856207e-30,0.0,1.0663881313511858e-42,1.2228330936560228e-18,0.0,5.403308450109838e-23,1.0,2.9702624474656764e-29,1.799044420380813e-11,2.097743801094251e-42
TCN,43,21117,4,8,class_8,8,class_8,1,1.0,5.342049298742719e-23,0.0,6.689134440306903e-33,0.0,3.3066299732826276e-39,1.064986832886861e-43,0.0,2.8088305857531268e-30,1.0,1.8830873920330987e-28,6.230772253867079e-26,3.2845539172756544e-39
TCN,43,21118,4,8,class_8,8,class_8,1,1.0,3.157427444500094e-11,1.7956546262709146e-29,7.690088461311494e-15,3.6162929367595168e-31,5.485049586020115e-23,1.093172282449522e-24,5.454272158719359e-31,4.502431445078331e-19,1.0,2.7550330805753734e-19,3.579462542109838e-20,5.159476466798072e-22
TCN,43,21119,4,8,class_8,8,class_8,1,1.0,8.241027251925061e-19,1.0690687592615006e-37,5.408505465753434e-23,2.6139261034129408e-40,6.463906137431583e-30,1.3186008009246938e-34,8.407790785948902e-45,2.2003067718327316e-23,1.0,3.08637916417631e-23,9.593933847237072e-23,5.244549905739436e-28
TCN,43,21600,5,9,class_9,9,class_9,1,0.9999902248382568,8.438791332388007e-11,9.913126092567226e-14,4.605617560368485e-15,3.3791705544850004e-11,4.963154656679146e-14,7.130802494356522e-19,9.61967864306773e-15,9.739950655784924e-06,4.087405081065754e-09,0.9999902248382568,1.6852451508939104e-12,1.0809442750614462e-11
TCN,43,21601,5,9,class_9,9,class_9,1,0.9922061562538147,1.0629721103327938e-08,5.282260046035603e-11,9.052911110367986e-15,1.9010700270882808e-05,5.660532309548216e-08,4.309461840397073e-19,5.7684754750653155e-09,3.3789351316926286e-09,0.004425247199833393,0.9922061562538147,1.787203943322789e-14,0.0033494974486529827
TCN,43,21602,5,9,class_9,9,class_9,1,1.0,1.6380793379706854e-19,1.9218415791554702e-19,1.3113290047752245e-24,8.233467296755179e-16,1.3170933229861608e-18,1.2570324228036856e-27,4.426755131887039e-23,1.8212474930945355e-11,1.838593855749181e-15,1.0,1.0658754235315756e-16,4.158068142760321e-19
TCN,43,21603,5,9,class_9,9,class_9,1,0.9999855756759644,2.4809165832806457e-10,6.582776990171624e-09,4.55328103780156e-13,1.0916417769735176e-09,1.498017496714965e-07,1.5588014032165485e-15,2.8254232287139303e-09,1.4332827049656771e-05,4.890299720727853e-09,0.9999855756759644,4.085495830530306e-11,5.15857918447632e-13
TCN,43,21604,5,9,class_9,3,class_3,0,0.7975068688392639,1.5910027286736295e-05,5.475149737321772e-05,6.657561613110374e-09,0.7975068688392639,1.4145199429549393e-06,2.072062486868642e-11,1.2210176464577671e-05,0.0020243977196514606,0.0001226612221216783,0.20025528967380524,1.0948780300168437e-06,5.429845714388648e-06
TCN,43,21605,5,9,class_9,9,class_9,1,0.8918633460998535,2.8561877307708983e-09,3.3821000673998035e-15,1.3522626893030729e-15,4.247228957421356e-11,7.863793531211432e-16,4.709122528656745e-23,1.1934073841353677e-17,3.462387496711017e-07,0.10813629627227783,0.8918633460998535,5.833864207688277e-12,1.8474061169726497e-09
TCN,43,21606,5,9,class_9,11,class_11,0,0.5753011107444763,0.0444914735853672,1.4720403669343796e-06,2.1214238586253487e-05,0.003959082067012787,1.1097680499005946e-06,2.292381146018485e-10,0.001816878211684525,0.014421524479985237,0.0832110270857811,0.276775062084198,2.6455300172756324e-09,0.5753011107444763
TCN,43,21607,5,9,class_9,9,class_9,1,1.0,2.312142466135948e-43,8.691076652488226e-29,0.0,2.0621691771102835e-38,1.4436297291142197e-38,0.0,0.0,2.745012191351077e-21,1.955233043722726e-30,1.0,4.433372710992425e-26,7.586910145547425e-41
TCN,43,21608,5,9,class_9,3,class_3,0,0.4422726333141327,1.0194081369263586e-05,0.12403617054224014,1.6025475702008407e-07,0.4422726333141327,3.2496157018613303e-06,2.0341889239716693e-07,2.5286983145633712e-05,2.328913069504779e-05,0.010692479088902473,0.008768989704549313,0.06708293408155441,0.3470843434333801
TCN,43,21609,5,9,class_9,9,class_9,1,0.9998804330825806,5.019771924519301e-12,1.7633985938125818e-10,7.625054118654256e-15,6.1185275596065125e-12,1.3458213764337007e-13,1.4577228440383247e-15,9.649588759481264e-18,0.00010823064803844318,1.110946323024109e-05,0.9998804330825806,2.261664207026115e-07,1.2927260650830164e-10
TCN,43,21610,5,9,class_9,9,class_9,1,0.9801397919654846,1.2055780018727091e-07,0.005313490051776171,1.7095086457530329e-09,0.0001156094585894607,7.925238605821505e-06,1.5003072917352256e-07,6.136637864528893e-08,0.000800205918494612,0.0028956716414541006,0.9801397919654846,0.010725880973041058,1.0184377288169344e-06
TCN,43,21611,5,9,class_9,9,class_9,1,0.9978564381599426,5.800918856380122e-08,1.9202521173156128e-07,1.7423220644019466e-09,2.055134928014013e-06,3.2106978409274234e-08,2.0923363736047307e-11,2.0096238007027978e-09,0.0015662617515772581,0.0005508169415406883,0.9978564381599426,2.1120920791872777e-05,2.957148581117508e-06
TCN,43,21612,5,9,class_9,9,class_9,1,1.0,2.6256106635333967e-29,9.504777046573977e-27,5.623082048767699e-36,7.20273526345203e-22,8.408387136077527e-24,1.4669212714091483e-40,1.9852164152306906e-34,2.0934346913086434e-18,5.02450668256163e-21,1.0,1.5021053905998825e-23,2.0270532842704187e-26
TCN,43,21613,5,9,class_9,9,class_9,1,1.0,4.203895392974451e-45,1.8716541029646922e-39,0.0,1.6442208865027515e-34,1.401298464324817e-45,0.0,0.0,8.807987309744308e-23,7.091332359753603e-31,1.0,1.8941867773881957e-31,6.522057837313139e-39
TCN,43,21614,5,9,class_9,8,class_8,0,0.7993044853210449,0.00023458765645045787,2.5884322241154223e-08,8.406188499066047e-06,9.49876175582176e-06,2.117469088958046e-09,6.163880712263536e-13,8.547180740947624e-09,0.08133088797330856,0.7993044853210449,0.11909878253936768,9.1255785150679e-08,1.3278461665322538e-05
TCN,43,21615,5,9,class_9,8,class_8,0,0.895980715751648,0.01015081163495779,7.222140219198536e-09,6.231951488189225e-07,2.6448361722941627e-07,4.35297264900214e-09,1.8892407169929237e-12,1.02431692994287e-06,0.0227171890437603,0.895980715751648,0.07096763700246811,7.678456759308006e-10,0.0001817492739064619
TCN,43,21616,5,9,class_9,9,class_9,1,0.9999972581863403,9.889281606882249e-15,4.136557416045683e-11,1.0816357476998306e-20,3.3318894518408193e-12,2.71223007075605e-06,3.6334463764469016e-22,1.384450957738273e-14,1.9456158757116988e-14,2.941512322347101e-14,0.9999972581863403,3.52539220757034e-15,1.2444151664157204e-18
TCN,43,21617,5,9,class_9,9,class_9,1,1.0,2.801171937250175e-28,3.614230226292468e-28,5.4315931551911125e-33,6.623953594537974e-25,7.093937255235025e-29,3.8574944125933564e-40,8.620221355323425e-36,3.3067264204600377e-12,1.1374650765903452e-17,1.0,2.7464262339900165e-21,4.635497548726789e-25
TCN,43,21618,5,9,class_9,9,class_9,1,1.0,1.8416033174886613e-17,3.5446416401016247e-17,4.6094074179020605e-22,1.3406630135475578e-13,7.040067224896426e-16,7.265719396992554e-27,2.8375348470251906e-20,4.0469311929358653e-11,1.7095696386304482e-11,1.0,1.448854620838809e-15,1.0795814383516428e-13
TCN,43,21619,5,9,class_9,9,class_9,1,1.0,1.935514489008011e-16,1.8243442780757624e-12,3.512399197064528e-20,4.881004933565691e-09,1.542838745649533e-08,3.1267076269173804e-22,6.53957673806666e-15,1.533104562355045e-13,4.252098673163118e-11,1.0,1.885472047182023e-15,1.046230024273273e-14
TCN,43,21620,5,9,class_9,9,class_9,1,0.9999648332595825,1.6499203114861416e-09,2.103512919404693e-09,2.6817789864339893e-14,3.158361869282089e-05,1.4975499880165444e-06,1.3253252628111969e-14,3.960732186669702e-09,1.3825571798520286e-09,6.416928499675123e-07,0.9999648332595825,2.7701557714365777e-10,1.4424422261072323e-06
TCN,43,21621,5,9,class_9,9,class_9,1,0.99996018409729,9.665250821910831e-09,6.284589289862197e-06,5.862242635767956e-11,2.1381309124990366e-05,1.8078414996125503e-06,1.1284561479696364e-10,2.2677681954519358e-08,7.571413334517274e-06,9.790800277187373e-07,0.99996018409729,1.6805742006908986e-06,2.1534367178333014e-08
TCN,43,21622,5,9,class_9,9,class_9,1,1.0,3.754231415396306e-30,2.182477221642852e-22,4.443252416808422e-37,1.9749482385361225e-22,5.331063160323797e-28,2.088809122085716e-39,2.731280776931763e-33,9.478831251741207e-16,5.071069196230123e-20,1.0,1.7775892936384062e-19,9.330383622956146e-23
TCN,43,21623,5,9,class_9,9,class_9,1,0.999998927116394,1.0665261195356122e-14,1.0521185662205939e-17,9.6266032455654e-20,5.471944308798639e-14,1.3548124900848798e-17,3.6389096607491795e-26,1.457462956801633e-21,2.2588247716726073e-08,1.1316750487821992e-06,0.999998927116394,4.347083944981206e-13,2.8312058643689686e-13
TCN,43,21624,5,9,class_9,8,class_8,0,0.999997615814209,1.01532896673584e-11,5.0197814940917776e-21,8.645881286026193e-15,5.608189013748778e-18,2.519923638467003e-18,9.140766850028062e-28,8.237816317934838e-23,1.068324664843523e-10,0.999997615814209,2.382406137257931e-06,4.590739109012608e-16,2.286974212437065e-12
TCN,43,21625,5,9,class_9,9,class_9,1,0.9887280464172363,9.61505647865124e-05,0.0031915358267724514,6.2436447478830814e-06,0.002613430144265294,0.002005363581702113,3.6289176932768896e-05,0.00027644142392091453,0.0018023391021415591,0.0006843945593573153,0.9887280464172363,0.0005381583468988538,2.1539539375226013e-05
TCN,43,21626,5,9,class_9,9,class_9,1,1.0,0.0,0.0,0.0,0.0,0.0,0.0,0.0,2.555043541942012e-40,0.0,1.0,0.0,0.0
TCN,43,21627,5,9,class_9,9,class_9,1,1.0,1.0691907282798354e-42,4.512018280296295e-37,0.0,4.685659059055668e-29,9.80908925027372e-45,0.0,0.0,6.884447331487688e-21,5.727364653875275e-28,1.0,1.6005455849157814e-30,1.00036855958831e-33
TCN,43,21628,5,9,class_9,9,class_9,1,0.6548568606376648,0.010372436605393887,0.00031315776868723333,4.4691560674436914e-07,0.011524584144353867,0.003861476434394717,4.29755786512942e-08,0.0023852817248553038,4.3107076635351405e-05,0.000741822412237525,0.6548568606376648,1.0219736168437521e-07,0.31590068340301514
TCN,43,21629,5,9,class_9,9,class_9,1,0.9324590563774109,6.018064713231297e-09,3.9113184262598577e-13,3.4036724719070655e-14,3.658646363646767e-08,2.1671580545737368e-13,7.831667178805093e-22,1.952768560731493e-14,5.7680823374539614e-05,0.06747268885374069,0.9324590563774109,1.8906128398943345e-11,1.050471928465413e-05
TCN,43,21630,5,9,class_9,8,class_8,0,0.8856886625289917,3.386973276064964e-06,3.679309884319082e-06,7.497774845433014e-07,1.6981168471374986e-07,1.3232578366384473e-09,1.0399443459152558e-11,1.05718889198414e-09,0.04371441900730133,0.8856886625289917,0.06644169986248016,0.0002029620809480548,0.003944330383092165
TCN,43,21631,5,9,class_9,9,class_9,1,1.0,2.5221923074386643e-12,1.9349576163563142e-08,2.1521810584121595e-18,5.013520414792749e-12,4.119332430718714e-08,2.546058285843524e-17,3.6842913702511693e-13,3.311120821969382e-11,1.0195186708750192e-12,1.0,1.0055323273246847e-13,1.5305539767442727e-13
TCN,43,21632,5,9,class_9,9,class_9,1,1.0,5.507197921264629e-35,1.2760596746522785e-25,6.138724234606299e-38,4.1327048480920494e-26,1.3016147009254454e-33,5.3629093528175074e-40,3.466111751507435e-41,1.1576519907616212e-13,2.421703989193691e-16,1.0,4.23832284567578e-16,1.303958692937777e-28
TCN,43,21633,5,9,class_9,9,class_9,1,0.9957579970359802,1.3133247193763964e-05,1.3676885828317609e-06,2.053476322316783e-08,0.00025092100258916616,9.714558473206125e-06,2.887652573654864e-12,2.6558694798950455e-07,7.436937448801473e-05,0.0024681503418833017,0.9957579970359802,2.4794324815502478e-08,0.0014239021111279726
TCN,43,21634,5,9,class_9,9,class_9,1,0.9874152541160583,6.405001583362907e-14,1.1673178098304247e-16,4.128845971369142e-18,8.466577994248325e-10,6.6925657114173635e-15,7.916223035752742e-27,4.963442671704014e-17,5.23868557422702e-08,0.012584639713168144,0.9874152541160583,4.2701356773450216e-14,1.5534483921442188e-08
TCN,43,21635,5,9,class_9,9,class_9,1,1.0,1.2834267727468514e-32,2.4847757103924524e-31,2.312142466135948e-43,2.0700002894350897e-26,4.5201831582339164e-30,0.0,6.249370761349387e-41,3.7053333396081964e-21,7.491598708895177e-23,1.0,4.050053056083166e-25,1.0828428264859555e-30
TCN,43,21636,5,9,class_9,9,class_9,1,1.0,0.0,0.0,0.0,0.0,0.0,0.0,0.0,1.5809214120254138e-30,0.0,1.0,2.1501523636599993e-41,0.0
TCN,43,21637,5,9,class_9,9,class_9,1,1.0,0.0,1.9873122895875296e-37,0.0,3.8232122061830355e-38,3.587324068671532e-43,0.0,0.0,5.508042544406876e-26,6.390557819089836e-35,1.0,5.36106863692956e-33,1.6283088155454374e-41
TCN,43,21638,5,9,class_9,9,class_9,1,0.9536694288253784,3.833584923995659e-05,0.010052612982690334,1.1583694714545345e-07,0.002002350054681301,0.03345814719796181,7.04253650951614e-08,0.00015956386050675064,2.175454756070394e-05,0.00025063951034098864,0.9536694288253784,1.6109830539789982e-05,0.0003308264713268727
TCN,43,21639,5,9,class_9,9,class_9,1,0.7955214977264404,1.0735949445006554e-06,9.487227004001397e-09,2.6549703407985348e-11,0.2022855579853058,8.607121770864978e-08,2.9489396472121303e-16,6.217044301592978e-06,1.061799321178114e-05,3.0056080504436977e-05,0.7955214977264404,1.1762177603430457e-12,0.002144832396879792
TCN,43,21640,5,10,class_10,10,class_10,1,0.9995802044868469,1.3370436762660368e-25,4.835744309115099e-21,5.069128290431982e-22,3.2008756981375357e-24,1.0075639625477848e-34,2.8713210465795633e-28,3.946529273640548e-38,0.00039907830068841577,2.0702191250165924e-05,2.124424192118113e-09,0.9995802044868469,4.03497954449758e-13
TCN,43,21641,5,10,class_10,10,class_10,1,0.9999916553497314,2.105026671165991e-20,5.0040082706881046e-17,3.955667515873223e-20,2.529223154568583e-24,1.7507431195998952e-27,1.733696634643899e-19,1.0055109322767149e-31,8.135763891914394e-06,2.2137579946956976e-07,1.5692864785421534e-09,0.9999916553497314,6.667088756073802e-12
TCN,43,21642,5,10,class_10,10,class_10,1,0.7635371685028076,1.2850324590036622e-28,2.0635513182646992e-20,5.882511118329797e-25,6.943134533177074e-29,6.39035095963474e-33,7.254905254132501e-25,1.1563402823731244e-39,0.23646284639835358,9.893361764589173e-14,8.766642468384378e-13,0.7635371685028076,2.318313736822191e-23
TCN,43,21643,5,10,class_10,10,class_10,1,1.0,8.520794051822459e-30,1.1504840842874414e-22,4.132093040033102e-32,1.4800967122020129e-33,3.1481457760714567e-35,2.281841316627511e-28,8.407790785948902e-45,6.576810207548078e-09,7.367455256979127e-11,1.0193038774142238e-10,1.0,1.8708841376109547e-23
TCN,43,21644,5,10,class_10,10,class_10,1,1.0,9.483434926117623e-29,5.503422161433093e-26,5.0151309350581306e-33,2.5702907902726374e-38,1.9904096838398325e-35,1.415538541082955e-25,0.0,1.2747782159299587e-13,6.795710077247642e-20,1.372848398199532e-21,1.0,6.540665095694233e-33
TCN,43,21645,5,10,class_10,8,class_8,0,0.6035168766975403,4.0351186983850812e-22,1.1388231701543683e-20,4.794146575488415e-21,1.2381764878409017e-21,5.8064892926381635e-31,1.9601662380436356e-27,8.215533533474555e-37,0.006536513101309538,0.6035168766975403,0.006756902672350407,0.38318973779678345,5.623835273339817e-14
TCN,43,21646,5,10,class_10,10,class_10,1,0.9995218515396118,3.543599180771571e-15,7.701107089405851e-17,2.5233638776715273e-15,1.5381876123654739e-16,2.3769117700551862e-21,1.3236334781980996e-19,1.4874935764322679e-24,0.0004781789903063327,1.0942518890999509e-08,4.033705813810684e-09,0.9995218515396118,1.1479975769914524e-13
TCN,43,21647,5,10,class_10,10,class_10,1,1.0,7.017606569053643e-36,4.908334778299166e-30,3.172539723231386e-42,0.0,0.0,8.755477241253814e-19,0.0,3.3720545742827227e-16,1.619383440539853e-20,2.4489440855714335e-22,1.0,6.321959860304997e-36
TCN,43,21648,5,10,class_10,10,class_10,1,0.9999852180480957,2.4499161685074492e-15,3.3326341903130996e-14,3.691419876715484e-16,5.4456414059372074e-18,6.235764378746648e-20,3.7667981327850323e-16,1.1436753942600427e-23,1.470995630370453e-05,1.4978054352354775e-09,2.6078518899907976e-08,0.9999852180480957,2.546985085471608e-15
TCN,43,21649,5,10,class_10,10,class_10,1,0.999996542930603,8.621572341567686e-36,3.1267658375234204e-31,8.018140129764886e-39,1.225847488800564e-39,0.0,2.805630683772959e-37,0.0,3.4213330764032435e-06,1.3896663937044019e-15,4.364703585536811e-13,0.999996542930603,2.9868697153760733e-25
TCN,43,21650,5,10,class_10,10,class_10,1,0.9998032450675964,3.361011220172119e-26,3.733562089701919e-20,2.9542848789135944e-24,4.5936389643578416e-20,1.436972489713548e-31,1.73964438592382e-25,7.508767712884913e-33,0.00018883610027842224,3.124719796687714e-06,4.7829807954258285e-06,0.9998032450675964,2.0249399379501654e-10
TCN,43,21651,5,10,class_10,9,class_9,0,1.0,1.3171228234084012e-34,5.569795937051652e-36,2.752290313780373e-41,2.6443702806794805e-34,0.0,1.3592595103950726e-43,0.0,3.173679418225217e-12,8.810931151348456e-11,1.0,9.368888997940417e-11,9.812512088236693e-20
TCN,43,21652,5,10,class_10,10,class_10,1,0.9802912473678589,5.918018595033129e-33,7.119509112664893e-26,1.1475415653574738e-31,8.61156553751386e-30,9.634207201925982e-41,3.116239586674392e-37,0.0,0.009384294040501118,0.00010060879867523909,0.010223868303000927,0.9802912473678589,1.0543314365641215e-20
TCN,43,21653,5,10,class_10,7,class_7,0,0.6941585540771484,6.150982958474325e-31,3.557834173066299e-26,3.6877139581351165e-25,8.541162641775316e-31,0.0,6.23350806273323e-40,0.0,0.6941585540771484,0.30584147572517395,6.499953908445377e-09,1.4448144014522768e-08,2.053319223334389e-19
TCN,43,21654,5,10,class_10,10,class_10,1,1.0,1.747722568112316e-26,2.1945564491502135e-23,1.2257398694329315e-30,1.0742556051543285e-31,6.378687067792367e-38,4.28816142263595e-19,5.555952229262894e-40,9.257186128763806e-09,1.4962235894699916e-08,2.69930388804851e-12,1.0,1.4503146947286716e-11
TCN,43,21655,5,10,class_10,10,class_10,1,0.9680923223495483,8.449829739878647e-43,1.1747553897989606e-25,6.074696008213305e-29,8.761478518344486e-40,0.0,4.747788092165471e-38,0.0,0.03190772607922554,3.0690584622294903e-12,1.502297418276875e-21,0.9680923223495483,3.3014154288622748e-24
TCN,43,21656,5,10,class_10,10,class_10,1,0.9072362780570984,7.14097213264841e-39,3.3466822050893805e-28,3.6614133470203496e-32,1.6768438528441604e-37,0.0,1.4943999495674179e-37,0.0,0.09276366978883743,4.2724171422925394e-11,3.2463705682545985e-17,0.9072362780570984,1.2658911343244632e-25
TCN,43,21657,5,10,class_10,7,class_7,0,0.9363638758659363,0.0,1.00646258343326e-38,0.0,0.0,0.0,0.0,0.0,0.9363638758659363,4.6714347543765934e-27,5.690659558771414e-29,0.06363607197999954,1.1350517561031018e-43
TCN,43,21658,5,10,class_10,10,class_10,1,0.9999972581863403,3.106739312423029e-13,2.2613835803930726e-10,2.2739873406594363e-14,1.3849863689599527e-19,3.0829676556896483e-17,8.957553032651333e-10,9.708044508308787e-21,2.275161477882648e-06,4.599892236001324e-07,9.064316519591387e-10,0.9999972581863403,4.44307257652099e-10
TCN,43,21659,5,10,class_10,10,class_10,1,0.9994258880615234,7.813845745993928e-25,1.0854747355085563e-23,6.640358943138176e-25,2.0125003750168206e-28,1.1127294911757038e-32,3.9772656133970313e-29,8.166094826822158e-40,0.0005741981440223753,2.4206683749486424e-13,5.1598601015804754e-14,0.9994258880615234,6.609221493873455e-26
TCN,43,21660,5,10,class_10,10,class_10,1,1.0,2.8043190163941518e-33,6.121011683905257e-34,3.116815436582467e-27,1.3215846006633853e-30,2.8306228979361305e-41,3.3495259696039985e-33,1.5134023414708024e-43,1.3494892052781648e-12,3.0050991569081796e-24,2.094257823900394e-25,1.0,8.43067933833475e-31
TCN,43,21661,5,10,class_10,10,class_10,1,1.0,6.740516298191013e-26,1.2588001376031414e-24,3.80402753813378e-21,3.912450800382861e-27,4.239771187835903e-34,7.082956643087189e-22,3.80678737164324e-35,4.5057010965125766e-13,7.450832541750464e-26,1.6697805906603184e-21,1.0,5.6656972437244705e-27
TCN,43,21662,5,10,class_10,10,class_10,1,1.0,2.3611070743477153e-23,2.5641282774723497e-25,3.1097111958849485e-21,1.5053211734518498e-26,2.7435402646558777e-33,5.5053174737135964e-24,9.722910504994543e-33,3.080991461956728e-08,7.41015855121339e-18,4.7162736600476564e-20,1.0,1.375122261359839e-22
TCN,43,21663,5,10,class_10,10,class_10,1,1.0,2.5577900869320886e-41,1.5426512519530843e-37,1.242167907547108e-37,7.847271400218976e-44,0.0,2.570910052089992e-37,0.0,9.351386038602229e-20,2.1594508970567067e-33,3.0244089616289592e-31,1.0,2.8314216380607956e-40
TCN,43,21664,5,10,class_10,10,class_10,1,1.0,0.0,1.411125848927841e-36,0.0,0.0,0.0,3.0828566215145976e-44,0.0,2.7086864279595325e-15,1.9148088545163662e-27,2.9889908466409434e-31,1.0,0.0
TCN,43,21665,5,10,class_10,10,class_10,1,1.0,1.457413443098641e-30,5.146817868487777e-29,5.619815617552441e-31,1.659017991131423e-37,3.40879864431655e-41,1.046585720742752e-28,1.6675451725465323e-43,4.5317966908394944e-14,6.762753079165932e-23,3.712272677228844e-25,1.0,3.1115495709655854e-29
TCN,43,21666,5,10,class_10,10,class_10,1,1.0,1.2107533132791568e-29,1.7148921262781213e-27,7.51395398808327e-30,3.8539152406468845e-32,1.4019875668576334e-37,3.6256028520180293e-31,3.5032461608120427e-44,7.494903309090972e-11,5.651115832878625e-16,3.996827201143128e-17,1.0,5.1991950259210944e-27
TCN,43,21667,5,10,class_10,10,class_10,1,1.0,3.511677333776271e-34,9.170427337262022e-31,4.920917119367091e-29,2.895327926965164e-31,1.0831812921476544e-39,1.9076871904174355e-33,2.1019476964872256e-44,8.819888396016662e-12,5.889084794860617e-25,3.392052983074227e-23,1.0,3.6803947595996876e-31
TCN,43,21668,5,10,class_10,10,class_10,1,1.0,9.598614947848653e-24,5.372554944378068e-25,1.886010032708979e-24,1.5940521307037876e-35,7.467215939087639e-35,6.3731933693286225e-22,2.2981294814927e-43,2.2272413947865832e-12,3.582908421445369e-18,7.311674000967823e-21,1.0,1.769232221603414e-29
TCN,43,21669,5,10,class_10,10,class_10,1,1.0,1.6582785763785434e-36,6.2348844848988e-34,5.038679392982963e-33,0.0,0.0,8.184663773633302e-27,0.0,3.074607920588121e-21,5.831373294582483e-37,1.192647958766528e-34,1.0,6.922414413764596e-43
TCN,43,21670,5,10,class_10,10,class_10,1,1.0,1.898995583003387e-26,5.902868660065157e-26,9.895470424720394e-28,2.582238195152074e-33,4.202158123674475e-34,3.203391326260479e-25,4.505174562804287e-41,1.5315088878076893e-13,3.720241602181967e-24,7.3824930610336145e-22,1.0,1.4851948885068787e-30
TCN,43,21671,5,10,class_10,10,class_10,1,1.0,1.3157755823304672e-36,4.7819679571526835e-33,4.514078745540435e-32,2.4399058536207634e-39,6.58610278232664e-44,2.2220503426076107e-32,0.0,1.7892799416671705e-16,1.9724094612164894e-31,5.396758887675999e-30,1.0,1.4068044686716176e-36
TCN,43,21672,5,10,class_10,10,class_10,1,1.0,1.0620399854100184e-31,7.748332891467735e-30,1.9316975267916923e-27,4.536926416551607e-36,2.77276048174723e-39,3.343627006122102e-26,2.6624670822171524e-44,6.150087192587271e-17,1.1481650287532404e-29,4.749902307972175e-31,1.0,7.596074341549873e-34
TCN,43,21673,5,10,class_10,7,class_7,0,0.5820992588996887,1.8118234777070308e-12,5.7586674178397666e-15,7.264843171483903e-10,4.697789466462376e-13,5.582053234168793e-20,2.1484192643250337e-16,8.255280607855116e-20,0.5820992588996887,1.0159001249121502e-06,3.6378646761647815e-09,0.4178997278213501,3.2461072024814186e-11
TCN,43,21674,5,10,class_10,10,class_10,1,1.0,6.322426181399698e-26,1.227666262864397e-25,2.2534287539371664e-25,7.433782640249844e-30,3.1768127886895876e-33,4.3024507667121005e-26,1.7722164225078924e-38,2.860427552372341e-13,6.439637545653578e-23,5.445295035364811e-22,1.0,9.179225745087531e-28
TCN,43,21675,5,10,class_10,10,class_10,1,0.9964843988418579,4.539438616668612e-11,7.0148655594958875e-15,4.052177864088957e-12,2.4347149777463336e-17,4.869907369497986e-24,2.136348959064574e-13,1.5887039252081063e-26,0.0035155448131263256,2.4478669840498042e-15,3.749646509696521e-16,0.9964843988418579,9.906561248412826e-14
TCN,43,21676,5,10,class_10,10,class_10,1,1.0,1.0684729686209615e-23,2.2901402006809468e-23,4.555199988830021e-23,4.66384132105138e-25,1.7764142851999323e-29,3.8193653670248794e-22,4.37115334452693e-34,2.4470720859804534e-14,1.1200551367580077e-20,5.324934496023978e-17,1.0,1.560885793091377e-26
TCN,43,21677,5,10,class_10,2,class_2,0,0.7186588048934937,8.139062629197724e-06,1.5424582500145334e-08,0.7186588048934937,4.322910456266982e-07,4.0301831316646997e-11,2.7194566598609526e-08,3.391732228408273e-09,0.2538902163505554,2.0911487297325948e-07,2.1689835705274163e-08,0.027442138642072678,1.3422828182285684e-08
TCN,43,21678,5,10,class_10,10,class_10,1,1.0,3.0215489838734086e-31,6.588120978131279e-32,7.413102896942325e-32,0.0,5.605193857299268e-45,1.2471015970136998e-21,0.0,2.5920783589014288e-25,1.0585004102892192e-32,8.668836455417543e-34,1.0,2.0817689986009482e-41
TCN,43,21679,5,10,class_10,10,class_10,1,0.9999995231628418,1.1395188006151918e-17,2.8609934074387983e-17,1.3505905378449756e-12,4.650057355704419e-16,2.0984987499876235e-22,2.290764261601091e-19,1.6488349073661839e-21,4.963786750522559e-07,2.2358527315279215e-14,1.2153379075552839e-15,0.9999995231628418,2.4888145750407718e-17
TCN,43,21680,5,11,class_11,11,class_11,1,1.0,2.8905826913697644e-31,1.0973423142044782e-31,2.988969624404835e-42,9.178761571605135e-15,9.624517118634387e-28,4.203895392974451e-45,1.1671752450822145e-23,3.61658752275634e-21,8.878240604488117e-26,6.729555919008059e-23,1.3012386272218388e-31,1.0
TCN,43,21681,5,11,class_11,11,class_11,1,1.0,1.4956778111087096e-24,1.3882639410632708e-27,5.888810223644584e-34,3.9383841782432427e-13,4.560721978188713e-26,9.021025338348572e-38,2.8436602099340253e-18,1.0764169139962778e-17,4.365431546361182e-22,1.6365170652122112e-20,4.002539832798468e-29,1.0
TCN,43,21682,5,11,class_11,11,class_11,1,1.0,1.5703963730013607e-38,6.43476254817956e-42,0.0,1.6540233954233945e-25,1.0082048738658936e-37,0.0,1.090374942896194e-29,5.2978424692186756e-33,7.925340898995847e-36,8.087698881555038e-36,1.401298464324817e-45,1.0
TCN,43,21683,5,11,class_11,11,class_11,1,1.0,6.334905738006834e-34,1.2046327435627604e-33,1.1210387714598537e-44,2.76230503213548e-19,3.3803837983390375e-33,0.0,9.157051550672829e-28,4.0281489545152726e-22,3.803874465986009e-25,9.853762793747016e-22,1.4406885740354952e-35,1.0
TCN,43,21684,5,11,class_11,11,class_11,1,1.0,1.5974802493302915e-43,0.0,0.0,2.1681198666735937e-31,5.790165254590144e-42,0.0,1.4527685829142008e-36,2.4069710461306355e-36,1.4671132492987608e-38,1.731467083554866e-38,0.0,1.0
TCN,43,21685,5,11,class_11,11,class_11,1,1.0,0.0,0.0,0.0,0.0,0.0,0.0,0.0,0.0,0.0,0.0,0.0,1.0
TCN,43,21686,5,11,class_11,11,class_11,1,1.0,2.369735833019698e-41,7.847271400218976e-44,0.0,4.03347431215821e-27,1.6510995337692163e-39,0.0,2.1872145583374426e-34,1.1313159670405243e-32,5.054035665473021e-35,2.0489059389374403e-34,1.401298464324817e-45,1.0
TCN,43,21687,5,11,class_11,11,class_11,1,1.0,1.842942001898124e-36,4.2385982691837624e-38,0.0,1.5785008465579866e-20,1.2057361470490986e-33,0.0,7.550135531168811e-28,1.4018777813204603e-26,5.7552173323603815e-30,6.6120743979742e-29,1.3537662802850728e-38,1.0
TCN,43,21688,5,11,class_11,11,class_11,1,1.0,1.442176582606715e-38,2.8931516380112325e-39,0.0,3.9678269106115086e-17,6.465823133618904e-32,0.0,3.6980463965456465e-29,2.691199411495719e-29,3.1165120003011976e-31,7.847421836643182e-29,4.8561998281176536e-40,1.0
TCN,43,21689,5,11,class_11,11,class_11,1,1.0,0.0,0.0,0.0,3.6433760072445244e-44,0.0,0.0,0.0,0.0,0.0,0.0,0.0,1.0
TCN,43,21690,5,11,class_11,11,class_11,1,1.0,2.554202052444108e-31,1.1134123564152476e-30,2.942726775082116e-44,3.5346505722344546e-09,2.3378558527613465e-25,0.0,5.27075441671156e-24,8.041626576475146e-18,3.0079102233008894e-23,1.2748310030232315e-14,6.3900471995282875e-27,1.0
TCN,43,21691,5,11,class_11,11,class_11,1,1.0,1.8236699714716107e-34,4.791797832255442e-38,0.0,2.9493737149076143e-22,8.971196285995953e-38,0.0,5.57242972875102e-29,2.5771449636136485e-22,1.0933296293852344e-26,2.652078872833506e-26,3.318161404080597e-35,1.0
TCN,43,21692,5,11,class_11,11,class_11,1,1.0,2.703608719795203e-29,1.819587766485295e-30,1.7712412589065688e-41,2.8491982671840013e-14,6.138788360608947e-25,8.267660939516421e-44,2.2322591662801507e-20,2.327510498136311e-22,2.0645588440074157e-26,9.404397329874368e-21,4.436535166839131e-34,1.0
TCN,43,21693,5,11,class_11,11,class_11,1,1.0,0.0,0.0,0.0,5.279961317514997e-35,0.0,0.0,5.574337265114836e-40,3.7680472895379604e-38,3.352620588881768e-40,1.401298464324817e-45,0.0,1.0
TCN,43,21694,5,11,class_11,11,class_11,1,1.0,7.33334552473948e-37,3.850272120308226e-39,0.0,1.2466193363656238e-24,3.205461717248356e-37,0.0,4.889907916934772e-30,1.2497898669513202e-25,2.205544127340497e-29,3.7131108832729033e-31,6.009849056919889e-38,1.0
TCN,43,21695,5,11,class_11,11,class_11,1,1.0,1.4709780902819974e-33,5.118217197850437e-35,0.0,3.018806895168605e-16,3.939206454125317e-30,0.0,9.767379116746205e-24,1.800926675567365e-25,3.5798418443557723e-29,5.359467256626106e-28,4.569525775610151e-37,1.0
TCN,43,21696,5,11,class_11,11,class_11,1,1.0,4.939963845121134e-39,6.698781191842999e-40,0.0,1.2680024477648688e-21,9.57745214783553e-36,0.0,1.5824245401616973e-29,3.8675311807319506e-28,2.912796537089711e-32,1.078603714676982e-32,2.7406315105571907e-40,1.0
TCN,43,21697,5,11,class_11,11,class_11,1,1.0,1.572422510450928e-38,1.4270022017962343e-37,0.0,1.9319665225253635e-12,1.1009697957315677e-30,0.0,6.564152325762363e-28,1.5775922916532636e-27,4.163362130160455e-30,4.035811957776459e-28,2.0289216614600507e-37,1.0
TCN,43,21698,5,11,class_11,11,class_11,1,1.0,1.401298464324817e-45,3.3603137174509113e-42,0.0,2.136368544575625e-19,6.63993022124465e-36,0.0,1.7673476749376474e-32,1.401298464324817e-45,1.0204535676906183e-40,1.4335712647892348e-37,0.0,1.0
TCN,43,21699,5,11,class_11,11,class_11,1,1.0,0.0,0.0,0.0,1.6787804204169267e-35,0.0,0.0,8.880448757965663e-41,7.006492321624085e-45,5.885453550164232e-44,1.1210387714598537e-44,0.0,1.0
TCN,43,21700,5,11,class_11,11,class_11,1,1.0,2.6658832048319707e-34,3.823257440097464e-37,0.0,4.124699643241006e-28,1.9438822410497877e-32,0.0,2.3996998541342943e-37,1.0756849333102391e-27,4.73557952240089e-21,2.5415785701674713e-22,1.7834315600637656e-33,1.0
TCN,43,21701,5,11,class_11,11,class_11,1,1.0,3.2678486005956064e-22,9.999572238373731e-25,1.944810264452403e-31,1.1970592160744087e-13,1.0713683683465162e-20,2.4423797140011616e-34,1.496253757386547e-17,6.565898286902587e-15,1.3963062063957702e-18,2.408402024971332e-15,2.1624201885807273e-24,1.0
TCN,43,21702,5,11,class_11,11,class_11,1,1.0,2.1665826525901712e-23,1.8431904532324047e-26,1.9545277474795747e-34,1.3732073746337836e-13,8.608415598142979e-23,1.6115124037365316e-37,5.660896955918308e-21,4.731794463471295e-18,5.366081520260632e-18,2.944829419835579e-16,1.1262862966679843e-25,1.0
TCN,43,21703,5,11,class_11,11,class_11,1,1.0,1.5660365257179343e-14,1.3124130198370267e-27,4.822803202948269e-25,1.0273601414818296e-23,7.249554681783323e-26,9.338872138394834e-35,1.3098454729568658e-22,7.856420837324523e-18,1.5639493172736607e-11,9.6951804071289e-16,1.196748041001539e-29,1.0
TCN,43,21704,5,11,class_11,11,class_11,1,0.9999964237213135,3.527793751345598e-06,6.037916993390742e-20,6.838713199653094e-16,1.1456354528233126e-12,2.047337363337135e-18,9.536748531356695e-25,7.113199274044746e-08,1.9352091484847733e-08,2.4616517591696807e-13,2.4666078207724595e-11,7.224110490975388e-24,0.9999964237213135
TCN,43,21705,5,11,class_11,11,class_11,1,1.0,2.5125934223724994e-20,9.546343447483861e-35,2.3106724780208353e-32,6.312899838559979e-28,1.6577760261408618e-32,3.769492869033758e-41,6.149322182439664e-29,3.900855814299074e-20,1.6770237239587422e-16,1.2314961360164515e-21,1.0743201948954863e-33,1.0
TCN,43,21706,5,11,class_11,11,class_11,1,1.0,1.402643712697391e-17,1.6596002712586816e-22,6.661841203309155e-24,1.3460964981559798e-11,5.9908559903120864e-21,9.968572955142664e-32,4.442300290775436e-16,2.4530445152915435e-14,4.290046033803181e-14,1.230546827629686e-11,1.0686849355461944e-23,1.0
TCN,43,21707,5,11,class_11,11,class_11,1,1.0,3.0816124029740415e-17,2.499149528607978e-23,2.973202885082394e-26,1.9931511953050207e-14,1.3327226916437648e-22,2.9488439999982137e-30,6.662252943333974e-15,4.798370902003857e-13,4.0685607670848693e-16,2.1054670441329358e-15,8.161199938009239e-24,1.0
TCN,43,21708,5,11,class_11,11,class_11,1,1.0,1.3094075520039827e-12,7.143756231701058e-25,8.398193475460261e-24,1.9321082413018345e-14,3.4796422288648334e-22,6.377266972826119e-33,5.9238350309060925e-15,1.3923603481118263e-13,8.793021242766222e-14,4.1716809043648717e-13,6.611601943284717e-27,1.0
TCN,43,21709,5,11,class_11,11,class_11,1,0.9999998807907104,5.6748465482314714e-08,1.978713122013589e-20,1.552058570970151e-16,1.4903217548933867e-12,2.2116981510514218e-18,1.5147745312503965e-25,1.641265789942281e-08,2.4946069515641156e-11,1.9323291474944784e-14,2.9221061876617827e-13,6.35172435216009e-26,0.9999998807907104
TCN,43,21710,5,11,class_11,11,class_11,1,1.0,8.182370124806112e-23,6.027357073884854e-26,9.483167256649986e-32,4.2538054168115067e-17,7.018482851976858e-23,1.4237349342968146e-36,1.0197974108695663e-22,2.3663180929595084e-16,1.211968092853751e-15,8.695968207669824e-14,3.0021083880012604e-24,1.0
TCN,43,21711,5,11,class_11,11,class_11,1,1.0,3.381086617423079e-22,4.364052772281993e-28,4.6043755195932e-32,6.313232367467135e-22,5.357919232655406e-26,3.833275939390246e-37,2.6084689262204196e-22,3.879061001025586e-18,3.3319794603146516e-17,1.3512016481877388e-16,3.098510242833044e-28,1.0
TCN,43,21712,5,11,class_11,11,class_11,1,1.0,6.951409756295216e-25,4.823950458712393e-30,3.376941344765555e-34,4.3943503036223704e-23,7.944347872213115e-29,1.8896693361518985e-38,9.919191926968006e-23,9.026925735798011e-20,1.1095760549056358e-21,1.3857120563692707e-22,9.894360705391071e-31,1.0
TCN,43,21713,5,11,class_11,11,class_11,1,0.9999964237213135,2.2138702942527615e-16,5.163573832834417e-14,3.90089029739086e-18,1.0774142467084857e-08,9.864374264255057e-14,1.630851806978825e-21,5.81101920055227e-12,1.8554066616438547e-10,6.996878076925839e-10,3.5380933240958257e-06,3.0653777195207123e-15,0.9999964237213135
TCN,43,21714,5,11,class_11,11,class_11,1,1.0,7.931889696262479e-32,9.369591829324495e-36,1.401298464324817e-45,1.5035240111835443e-27,3.013133502266437e-32,0.0,4.886051969562858e-36,1.2528119930792219e-24,6.569399603469181e-17,2.7232776168594627e-20,1.3130218296142554e-30,1.0
TCN,43,21715,5,11,class_11,8,class_8,0,1.0,1.4375294389369676e-31,0.0,0.0,1.401298464324817e-45,5.74532370373175e-44,0.0,0.0,4.746497135936713e-31,1.0,7.645744020008196e-30,1.093151191952377e-32,1.085866330186036e-08
TCN,43,21716,5,11,class_11,11,class_11,1,1.0,4.623241608488049e-25,2.686767967064306e-29,4.324096308958937e-37,9.462726083859644e-22,7.854564773769174e-25,1.0871974135464093e-40,3.77348946599498e-28,1.9378145741087755e-21,6.3233875600976486e-12,4.541281781664716e-17,2.973395786225624e-26,1.0
TCN,43,21717,5,11,class_11,11,class_11,1,1.0,2.669025217081017e-28,4.321503736165279e-31,1.6866028316613498e-41,1.7517884065216317e-25,1.1349022716822912e-27,9.80908925027372e-45,8.992810375951644e-32,2.8285915293649782e-24,7.794256911978006e-14,9.124013914696709e-17,4.218438686050154e-29,1.0
TCN,43,21718,5,11,class_11,11,class_11,1,1.0,5.438703519730695e-26,9.490685167504869e-34,5.685067869765783e-42,3.468818615483094e-27,1.2604534401268385e-31,2.942726775082116e-44,3.9996528186728485e-30,2.3393124252582692e-23,2.9141064264166445e-18,6.994428274166135e-23,3.4167509486911897e-32,1.0
TCN,43,21719,5,11,class_11,11,class_11,1,1.0,4.070842731389156e-31,2.1359191531921754e-35,2.6106190390371342e-42,1.7469626731934586e-26,1.755165880043282e-33,0.0,3.447138594379579e-31,1.6253301340519634e-21,2.6854556921182383e-22,1.1315719960545453e-22,3.2742847361787335e-31,1.0
TCN,43,21720,5,0,class_0,0,class_0,1,1.0,1.0,0.0,7.628023818827742e-32,0.0,5.093747719582242e-37,1.5544233921960614e-38,0.0,1.1599948687680836e-41,4.1851462437295395e-37,0.0,0.0,5.042317487552347e-39
TCN,43,21721,5,0,class_0,0,class_0,1,1.0,1.0,9.229596283336835e-40,1.249390723054801e-23,0.0,3.368335715927078e-33,5.01615926302636e-35,3.6151114809074614e-36,7.006492321624085e-45,3.984438040476542e-40,0.0,0.0,1.8216880036222622e-44
TCN,43,21722,5,0,class_0,0,class_0,1,1.0,1.0,5.2279642346296565e-23,2.7519219542027074e-13,5.73583525199366e-25,1.3980343645392251e-16,5.948360596084133e-22,1.1950811013868075e-17,5.335285210910902e-24,4.8160660539275035e-21,1.3223047223724039e-24,3.620488981394212e-31,1.6335955661813795e-23
TCN,43,21723,5,0,class_0,2,class_2,0,0.9718718528747559,0.028128132224082947,5.488540140630898e-15,0.9718718528747559,2.0846425885778173e-18,5.068404281375358e-16,3.0948887709195258e-15,2.3718422781371373e-08,8.566051818879265e-15,4.783848539063841e-15,1.484051037771209e-20,6.438770429746559e-23,4.462812781779975e-16
TCN,43,21724,5,0,class_0,0,class_0,1,1.0,1.0,1.949191874760393e-24,7.485652986360947e-09,1.8841959669387378e-26,3.998533178438457e-18,2.997065594664635e-22,3.770876861123858e-17,6.601682276246548e-24,2.2203140987692185e-24,1.2088848001212366e-28,2.935258296404956e-34,2.152335527894594e-27
TCN,43,21725,5,0,class_0,0,class_0,1,1.0,1.0,2.4194268629596185e-28,2.9777528099544925e-12,1.445222438206037e-30,1.3551502280602517e-24,4.792913125198786e-23,5.446552958972241e-18,2.559748712778813e-26,1.1207303714006181e-20,4.73764401410951e-34,2.179112509442148e-33,9.573049938062703e-25
TCN,43,21726,5,0,class_0,2,class_2,0,1.0,1.8822113346496456e-28,2.4583587123183783e-38,1.0,2.836967218534409e-31,1.2611686178923354e-43,2.850639448774504e-36,1.780341301495521e-30,1.6165393136571372e-26,5.949762775896047e-31,0.0,1.6290094647775998e-41,2.1400973009253794e-33
TCN,43,21727,5,0,class_0,0,class_0,1,1.0,1.0,3.2229864679470793e-44,1.3800200147304303e-22,0.0,2.4122999936138716e-38,1.6844989800284864e-32,4.421096654944798e-42,1.0945390650716143e-35,4.106614195387254e-35,1.401298464324817e-44,0.0,1.188222133455251e-31
TCN,43,21728,5,0,class_0,0,class_0,1,1.0,1.0,1.6857200136288252e-40,1.8460096430188936e-21,0.0,4.544364181995021e-33,3.869889514081634e-37,3.7130373792688425e-25,7.589432482783209e-42,1.2966915339629695e-40,0.0,0.0,1.1210387714598537e-44
TCN,43,21729,5,0,class_0,0,class_0,1,0.9995515942573547,0.9995515942573547,3.6194125222627936e-19,0.000442812277469784,1.109559427250542e-16,1.4324950066432048e-17,3.085496129687312e-19,5.572535883402452e-06,1.4898835733148273e-16,8.58066669475778e-14,8.18388221338924e-23,2.408669431032708e-25,3.063508728087706e-17
TCN,43,21730,5,0,class_0,0,class_0,1,1.0,1.0,3.045038939078785e-38,2.941755211829352e-22,4.844663576852967e-36,2.875149939753751e-26,3.891460273072759e-36,2.5468764022347545e-23,9.025814976499634e-37,1.91970108706595e-35,9.200561379156024e-40,0.0,4.512038279627978e-36
TCN,43,21731,5,0,class_0,0,class_0,1,1.0,1.0,2.2703045532967442e-26,3.003612712281639e-14,2.6150856643014728e-21,1.0022965253763509e-20,4.183206737168167e-26,6.397948647474154e-20,3.0899015858903026e-23,1.9148814359122046e-20,1.730911498487797e-24,2.8904982065015133e-36,3.021048678705716e-19
TCN,43,21732,5,0,class_0,0,class_0,1,1.0,1.0,3.967121981121187e-29,3.2089699786297388e-09,4.906329102818019e-31,1.4410821086434248e-23,4.386503048754224e-27,1.0298426543630868e-18,2.31869470833709e-28,5.4615408515475555e-30,6.728965160764555e-38,1.7656360650492695e-43,6.584747419547015e-34
TCN,43,21733,5,0,class_0,0,class_0,1,1.0,1.0,1.1167072686315413e-18,1.904736368629756e-09,8.008070960951166e-19,3.087014223246258e-16,8.215790488423951e-19,4.1417264062815207e-10,1.2045494552876687e-19,6.011174450982056e-17,2.0801049118150213e-22,1.0178486754494472e-25,7.7811065595394525e-19
TCN,43,21734,5,0,class_0,0,class_0,1,0.6354589462280273,0.6354589462280273,4.2350995954620885e-07,0.3644454777240753,2.2218358708414598e-07,1.3677666856892756e-06,1.0388623650214868e-06,6.606706301681697e-05,9.629427495383425e-07,1.3351927009352949e-05,3.733215692136582e-07,3.411799176511465e-10,1.1783765330619644e-05
TCN,43,21735,5,0,class_0,2,class_2,0,1.0,2.406791942078282e-25,7.208279300486859e-42,1.0,1.6369291194092144e-35,5.605193857299268e-45,2.3461525583211176e-35,1.457953493415273e-29,1.1724934544127558e-25,3.09811615226855e-23,0.0,5.742011034162086e-39,9.66782285714015e-29
TCN,43,21736,5,0,class_0,0,class_0,1,1.0,1.0,0.0,2.265215726382588e-28,0.0,3.363116314379561e-43,1.0333630466087922e-36,0.0,1.1111035653477907e-40,6.09953518544136e-37,0.0,0.0,1.3991938709768292e-36
TCN,43,21737,5,0,class_0,0,class_0,1,1.0,1.0,0.0,1.0128007382232315e-35,0.0,1.8497139729087585e-43,0.0,1.6815581571897805e-44,0.0,0.0,0.0,0.0,0.0
TCN,43,21738,5,0,class_0,2,class_2,0,1.0,0.0,0.0,1.0,0.0,0.0,0.0,1.401298464324817e-45,1.3648647042523718e-42,0.0,0.0,0.0,0.0
TCN,43,21739,5,0,class_0,0,class_0,1,1.0,1.0,0.0,0.0,0.0,0.0,0.0,0.0,0.0,0.0,0.0,0.0,0.0
TCN,43,21740,5,0,class_0,0,class_0,1,0.9991482496261597,0.9991482496261597,7.746319861598461e-13,0.0008517684764228761,9.482955870207532e-13,5.335294516297176e-14,1.5759335974868324e-15,4.710993400935948e-11,7.865953994622523e-16,3.0018920834339047e-13,2.0959236777718155e-19,9.715451558799127e-24,1.0608491353165245e-14
TCN,43,21741,5,0,class_0,0,class_0,1,1.0,1.0,5.664378752084543e-27,1.6668685136052123e-14,4.557458366217135e-31,1.1231436546818702e-21,1.152159948283102e-25,3.6153992584193622e-22,6.201288587164093e-29,1.1183883001710021e-23,2.1725978830156925e-32,1.365557667642717e-35,1.5051457547872269e-30
TCN,43,21742,5,0,class_0,0,class_0,1,1.0,1.0,5.324934164434305e-44,9.682642439320532e-25,0.0,2.4349802895186616e-37,6.354676542797207e-35,2.6624670822171524e-44,3.9104523128557125e-34,4.680973670228657e-31,0.0,0.0,6.048012566364231e-35
TCN,43,21743,5,0,class_0,0,class_0,1,1.0,1.0,5.852519112616898e-38,2.1511414892313752e-23,3.5032461608120427e-44,1.139510705502091e-32,2.964160812184674e-37,3.1826213379038325e-34,1.5834672646870433e-43,3.830293976258163e-37,0.0,0.0,1.5834672646870433e-43
TCN,43,21744,5,0,class_0,0,class_0,1,1.0,1.0,4.516918960297213e-33,2.5910975153947274e-19,2.1790191120250905e-42,2.1225076577882412e-29,4.076156906250353e-31,4.444350889187794e-31,5.862574269877508e-38,5.9193051184988065e-34,8.407790785948902e-45,1.401298464324817e-45,1.6772561709043033e-40
TCN,43,21745,5,0,class_0,2,class_2,0,0.9708074927330017,0.029192477464675903,9.466890840042e-15,0.9708074927330017,7.677171526503221e-16,1.8137062542836164e-16,4.302728319309241e-15,1.995788201369919e-09,6.738453615455747e-16,7.756605145507744e-13,7.321618242699519e-22,1.3043778464683428e-22,3.748800112023977e-15
TCN,43,21746,5,0,class_0,2,class_2,0,1.0,8.612787907041821e-22,9.952363358242565e-29,1.0,9.271153732451237e-26,1.5309244634501947e-32,1.5434109170929343e-29,1.9055793051847968e-24,2.5040628304270114e-24,1.2109347118057938e-27,7.188661121986312e-43,6.910668730036626e-39,1.512368109628114e-31
TCN,43,21747,5,0,class_0,2,class_2,0,1.0,1.6218458325466256e-14,7.37650331703258e-28,1.0,2.2117522421456077e-30,1.9242175280684074e-35,2.916158000741251e-22,8.996688833616054e-24,2.729556677034693e-22,7.120325734910655e-19,3.529074613846785e-38,4.608718383472313e-31,1.134896445235764e-22
TCN,43,21748,5,0,class_0,2,class_2,0,0.9999996423721313,3.5471811088427785e-07,6.147574116432963e-10,0.9999996423721313,9.855121276339252e-13,1.3680796743403313e-14,1.3695574080201112e-14,5.409235559472592e-12,2.9062529834956996e-13,3.2499998785934237e-12,3.5919374597229033e-19,9.402205785927242e-21,7.979759160305772e-14
TCN,43,21749,5,0,class_0,0,class_0,1,1.0,1.0,1.492270661694492e-23,1.9529553316617987e-19,6.871459626518325e-21,2.6019917748677348e-20,1.4346139373282977e-25,5.554615089733617e-17,1.1246596654814186e-24,1.389812983343836e-17,2.484993104119425e-24,5.447867595298339e-31,2.3764268919666267e-20
TCN,43,21750,5,0,class_0,0,class_0,1,1.0,1.0,3.260127356273048e-23,1.7052814715867726e-10,3.1724670595429945e-32,6.619914823918468e-24,3.777111768130707e-24,9.339423653385617e-24,1.0483394153740659e-29,3.0153258618610593e-27,4.2411443006950207e-35,1.938863460170332e-37,1.9933031868136547e-29
TCN,43,21751,5,0,class_0,0,class_0,1,1.0,1.0,5.751812818601756e-31,9.42868179365508e-13,8.600091732030407e-35,5.209499136309555e-27,1.3930097062894049e-30,9.866941239268197e-27,8.847342068416623e-33,1.8105727592495166e-30,4.812058926491422e-42,4.203895392974451e-45,1.8246684253260346e-38
TCN,43,21752,5,0,class_0,0,class_0,1,1.0,1.0,3.1767974822675597e-20,8.229860206949297e-15,2.8871685615429545e-22,6.254209379372996e-17,1.1891124192491287e-21,1.520743810555763e-14,1.7137500267099403e-24,2.128159415152954e-21,1.6524846236201477e-25,1.1042891096596457e-29,8.775322157380917e-23
TCN,43,21753,5,0,class_0,0,class_0,1,1.0,1.0,0.0,1.1651140928560536e-33,0.0,1.2351571463098422e-35,3.333610798122492e-37,0.0,1.424840278525474e-40,1.6809627991476252e-31,0.0,0.0,2.3742199881055376e-41
TCN,43,21754,5,0,class_0,0,class_0,1,1.0,1.0,8.231988371339246e-24,2.611637035104808e-13,6.377628032874901e-27,8.738785124233407e-21,6.181624370579063e-26,4.260130000354761e-21,2.657472767050853e-29,7.995496623379654e-26,2.4739852835089662e-30,8.946999785152763e-38,7.646244009477352e-29
TCN,43,21755,5,0,class_0,0,class_0,1,1.0,1.0,9.278563034547816e-23,1.0909342006149014e-11,7.930167033558066e-24,1.616396381487999e-20,1.532295991569195e-19,1.9089114536484504e-24,1.2122568398921022e-19,6.465762712563883e-13,7.913693349881949e-25,4.0924274972013275e-29,3.4675912721727695e-14
TCN,43,21756,5,0,class_0,0,class_0,1,1.0,1.0,2.1466017169086832e-14,3.86799108298419e-08,5.744173267151856e-19,1.4884155593381171e-16,4.603657949645013e-16,1.696606857825092e-13,8.286195837014432e-20,4.656749246859973e-17,2.3571203291049094e-23,1.4465175772171466e-24,5.25272303475514e-19
TCN,43,21757,5,0,class_0,0,class_0,1,1.0,1.0,6.283425750160129e-19,3.0667237819288415e-14,1.5660129436633326e-21,4.093026612084216e-11,1.3621466869860812e-17,2.0461597559298802e-16,4.863368021827179e-20,6.730498049081074e-14,2.5622196062347355e-19,4.837901925732413e-22,5.0809807425171974e-21
TCN,43,21758,5,0,class_0,0,class_0,1,1.0,1.0,1.5837752332058502e-24,8.80321500900072e-16,9.418806307195651e-26,1.5547290005346624e-19,1.3601934158273296e-26,7.79471368061595e-19,5.804454333241749e-29,2.7647528620023547e-25,3.814794464215078e-29,4.795476072568479e-37,2.301021595165765e-26
TCN,43,21759,5,0,class_0,0,class_0,1,1.0,1.0,1.1434339291724666e-17,3.911530929885665e-13,1.5057292767394646e-18,3.9839171458305733e-14,7.421951975399288e-19,1.5085977606021927e-11,2.998133449292524e-19,9.600485299999422e-16,1.0103430863436739e-19,1.2395922028649603e-23,1.4990646825441248e-17
TCN,43,21760,5,1,class_1,1,class_1,1,1.0,3.801386422081791e-40,1.0,1.8511152713730834e-42,7.683764039028182e-35,1.1039964154933825e-25,1.5345332536029837e-23,2.005329603689234e-30,4.677053034392427e-36,2.512583875613804e-35,1.8050106057734896e-34,1.4597710557109524e-32,7.390974540656163e-37
TCN,43,21761,5,1,class_1,1,class_1,1,1.0,9.821452065845379e-37,1.0,5.002629598554884e-35,4.6479654750205214e-39,3.946051705676483e-29,2.933289778797515e-18,1.323369487379226e-24,3.881967249493711e-38,2.3550913448157112e-36,1.218008625191131e-41,1.6055705587793178e-32,8.388628197605076e-37
TCN,43,21762,5,1,class_1,1,class_1,1,1.0,1.961817850054744e-44,1.0,4.484155085839415e-44,0.0,2.0988476385140994e-26,5.283994080824824e-19,2.620428128287408e-43,2.3261554507791963e-43,1.4443323401642322e-40,1.7317687670161184e-33,2.6281103928249754e-33,0.0
TCN,43,21763,5,1,class_1,1,class_1,1,1.0,3.797518838320254e-43,1.0,6.275887532189805e-39,5.605193857299268e-45,1.9203202502462417e-31,1.421069338566692e-23,1.459865076891919e-33,2.898570547880212e-28,5.355322214428466e-34,5.27864837503419e-29,3.862181332532432e-27,5.476134268734953e-41
TCN,43,21764,5,1,class_1,1,class_1,1,1.0,5.327869921557268e-21,1.0,2.2704142856729013e-21,1.0712515019431292e-17,1.8543483415456308e-10,5.119119364516145e-11,4.824115638343363e-15,6.423653543503181e-19,5.0705854894422354e-20,5.746896200971774e-17,1.5202223082520062e-17,1.0888378735840106e-20
TCN,43,21765,5,1,class_1,1,class_1,1,0.999955415725708,2.386658579101031e-13,0.999955415725708,4.907765274904385e-13,4.35362599971416e-16,5.333697572496021e-08,4.463372169993818e-05,2.58847088728531e-13,4.516847236946814e-14,1.2451129537127681e-11,3.936247161551165e-10,2.6793514629197546e-10,2.473131054602732e-14
TCN,43,21766,5,1,class_1,1,class_1,1,1.0,2.2835110000881647e-30,1.0,3.7396198678013195e-32,2.0452005737460814e-38,1.0183780134428021e-23,5.458500117156524e-15,8.382813268554577e-28,3.6271211646025895e-33,2.154523690919465e-24,2.4107012567906398e-29,1.307563219471971e-23,1.538250177158361e-29
TCN,43,21767,5,1,class_1,5,class_5,0,0.9970026612281799,4.5794832157400685e-18,0.002997352508828044,5.630981182096033e-14,3.911742627290671e-31,1.383134260903634e-16,0.9970026612281799,6.617472037239361e-23,3.893863182103417e-23,6.075835469658055e-19,4.2975609732044226e-20,1.2758926402380022e-13,1.474955443766107e-20
TCN,43,21768,5,1,class_1,1,class_1,1,1.0,3.781875414887795e-36,1.0,1.4005753943172255e-39,1.430131178419446e-28,1.5987632551391647e-23,1.565037124301296e-24,8.265336448225277e-33,4.616267920313714e-23,8.86974790054583e-25,7.872827964774512e-19,5.047947236287278e-20,2.186051233659229e-30
TCN,43,21769,5,1,class_1,1,class_1,1,1.0,0.0,1.0,0.0,2.14398665041697e-43,8.191877211889626e-35,1.3804713812188752e-24,5.24786274889644e-42,1.1254631483416854e-30,9.257747674441082e-36,8.119937624861579e-37,1.5478180437788387e-33,0.0
TCN,43,21770,5,1,class_1,1,class_1,1,0.9999983310699463,8.190482661670981e-14,0.9999983310699463,4.49176980332755e-12,1.454860613830434e-16,8.087289518621255e-12,1.6408939700340852e-06,8.566371570428721e-12,2.661206293886213e-18,1.9900017397822545e-11,1.8791602388740225e-12,4.4497961088421634e-13,1.759932447036516e-15
TCN,43,21771,5,1,class_1,5,class_5,0,0.9991562366485596,4.22749231177022e-08,0.0008389592403545976,4.638017799152294e-06,8.881621871077845e-18,8.175484594863391e-11,0.9991562366485596,2.8084247167409204e-12,4.560341253928568e-12,3.864203890202589e-08,1.1220202454046303e-14,1.3332877024652134e-08,6.0394862444468345e-09
TCN,43,21772,5,1,class_1,1,class_1,1,1.0,1.2090732403292328e-29,1.0,3.897122218396825e-35,1.3741065478842869e-35,3.053959093351904e-17,1.0631852386325247e-12,1.3319922242758596e-35,1.7250618067564636e-27,8.30309036147164e-28,1.0237134741752645e-24,8.500643057053658e-20,1.8104823803224424e-38
TCN,43,21773,5,1,class_1,1,class_1,1,1.0,0.0,1.0,0.0,0.0,0.0,2.5299042474920247e-41,0.0,0.0,0.0,0.0,0.0,0.0
TCN,43,21774,5,1,class_1,1,class_1,1,1.0,2.789883615158268e-32,1.0,8.97098920411959e-31,8.448428441414322e-42,6.56743959928794e-26,4.687063515085299e-10,6.40035646779788e-30,2.5111550085640113e-36,9.870007283628475e-31,4.544285363462978e-37,4.648614410465549e-27,4.2258666049513624e-35
TCN,43,21775,5,1,class_1,1,class_1,1,0.9999979734420776,2.793877596721922e-13,0.9999979734420776,7.875834993941247e-14,1.8477720665376122e-16,1.69461642940405e-07,1.94785684470844e-06,5.6123174684008514e-12,3.927442174668353e-19,8.980151827231789e-15,2.0803704245397903e-11,1.64370436478347e-14,4.647354791207086e-16
TCN,43,21776,5,1,class_1,1,class_1,1,1.0,5.945482629553495e-21,1.0,4.73519033866216e-25,8.879749544530157e-22,1.0687756235583379e-10,1.1574980340531282e-12,2.190477255720203e-21,3.762779579121584e-21,8.276943951109997e-19,1.396133913773162e-13,8.717635988086947e-15,3.507200863707676e-22
TCN,43,21777,5,1,class_1,5,class_5,0,0.9991637468338013,2.407048668828793e-06,9.044030946370185e-08,0.0008337841718457639,3.8897863902840707e-17,9.44092715116085e-09,0.9991637468338013,1.153758295499574e-12,8.309163361704119e-13,9.918134022401937e-13,1.4904379881425407e-14,2.0444538423314285e-11,1.7590934079627014e-16
TCN,43,21778,5,1,class_1,1,class_1,1,1.0,1.8629937887651144e-30,1.0,1.2129988507335778e-31,5.867238108684817e-27,6.541013825414628e-18,1.337305146245746e-16,6.451129898512778e-20,1.4884229088416944e-29,7.364982288549459e-26,1.5309006970458606e-25,9.822828938635095e-24,4.7035719769866054e-27
TCN,43,21779,5,1,class_1,1,class_1,1,0.9999934434890747,6.8184813941914516e-15,0.9999934434890747,2.4041326215751456e-18,4.248073518387657e-15,6.522112016682513e-06,5.448038464805904e-09,6.725160792836471e-12,8.576638337127406e-21,8.395967603070601e-15,1.3050176494999732e-09,3.6403283951722334e-14,1.1075755172693948e-16
TCN,43,21780,5,1,class_1,4,class_4,0,0.9958732724189758,0.0009368536993861198,0.0027162376791238785,1.778422483766917e-05,8.2437414675951e-05,0.9958732724189758,0.00012060355220455676,0.00015637549222446978,3.600362390443479e-07,1.4206390915205702e-05,8.078782411757857e-05,5.742454618484771e-07,5.226988832873758e-07
TCN,43,21781,5,1,class_1,5,class_5,0,0.9999740123748779,1.1713320873241173e-06,4.795674158231122e-06,1.9974335373262875e-05,1.265786282269823e-19,7.834154332198029e-12,0.9999740123748779,3.0553816719519275e-14,1.7150404360566363e-12,2.1324698451508084e-08,5.465481150949557e-16,2.434390822259047e-08,8.89586635691858e-13
TCN,43,21782,5,1,class_1,5,class_5,0,0.5881723165512085,1.0726329546795199e-10,0.41182681918144226,2.938743970393176e-10,5.0038917087902335e-26,4.986819209405069e-18,0.5881723165512085,8.777013817962143e-07,1.0812016394369537e-19,1.4012902437802316e-13,1.2446019966108034e-35,1.2383789612984568e-20,2.4028012652471675e-13
TCN,43,21783,5,1,class_1,0,class_0,0,0.966540515422821,0.966540515422821,0.006545050069689751,0.001101133762858808,3.323167402413674e-05,0.00017475333879701793,0.02429739385843277,3.175781967001967e-05,0.0006488996441476047,0.0003258771903347224,5.93374170421157e-05,0.0001407147792633623,0.00010125412518391386
TCN,43,21784,5,1,class_1,5,class_5,0,1.0,1.8898708323297166e-31,6.335896401353782e-19,8.033421680751194e-30,0.0,2.381499753806403e-35,1.0,0.0,7.412868876278282e-43,4.595180802781068e-32,6.482126436273739e-41,9.525647964195313e-27,0.0
TCN,43,21785,5,1,class_1,5,class_5,0,1.0,1.9496871565133356e-12,6.582629996643163e-10,2.918854456057396e-20,2.052182399851617e-35,1.3418375299778518e-09,1.0,8.167937505400536e-29,2.0383007112013356e-22,5.251062883265746e-18,1.6281101556126092e-21,9.054443935070655e-13,3.1395585507027413e-28
TCN,43,21786,5,1,class_1,5,class_5,0,0.5029119253158569,0.0036444158758968115,0.10659413039684296,0.004928691778331995,3.218550643016571e-12,0.38192081451416016,0.5029119253158569,1.8103217813703054e-09,1.1688277299151673e-12,3.265764547677463e-08,1.0463614003031196e-10,3.5986023050327276e-08,5.979008520923257e-12
TCN,43,21787,5,1,class_1,5,class_5,0,1.0,1.6245993430922276e-35,3.886160428680477e-23,2.971881432325177e-30,0.0,1.1210387714598537e-44,1.0,0.0,2.3401684354224445e-42,2.473684153103313e-37,0.0,1.280232345433208e-19,0.0
TCN,43,21788,5,1,class_1,5,class_5,0,0.9999918937683105,2.5141680404239253e-10,1.2806703126363311e-13,8.160321158356965e-06,2.440164347960243e-32,1.1237877278798421e-18,0.9999918937683105,1.2436108673921437e-26,2.9315865105186916e-19,1.6399621613110998e-17,2.003973531462561e-24,6.01697847955532e-16,2.159352505735549e-24
TCN,43,21789,5,1,class_1,5,class_5,0,1.0,0.0,0.0,0.0,0.0,0.0,1.0,0.0,0.0,0.0,0.0,0.0,0.0
TCN,43,21790,5,1,class_1,5,class_5,0,0.9999850988388062,3.660738229882554e-06,2.0449847397685517e-06,9.235635843651835e-06,1.022760747548714e-18,1.9793573030613132e-11,0.9999850988388062,1.9953123151666453e-14,2.2136641478209818e-12,1.1442659042515402e-09,6.036874118816021e-15,3.0586304600177527e-09,6.101153610105214e-11
TCN,43,21791,5,1,class_1,1,class_1,1,1.0,4.591682407559341e-22,1.0,1.661409352167559e-25,6.962589216942691e-23,1.4904015521732816e-12,1.1606860221211046e-12,7.37847125881218e-21,7.379255323443098e-22,8.035861954786264e-18,6.573056308229949e-14,3.3971252460379686e-14,3.5006663186220596e-21
TCN,43,21792,5,1,class_1,5,class_5,0,1.0,4.6365068137818203e-17,2.3526138177333566e-13,1.2994564881580349e-18,1.401298464324817e-45,3.763664056279405e-24,1.0,2.719260233689214e-35,1.8687718442080896e-24,4.9759272699151857e-20,9.112708448746816e-32,2.353806643410998e-14,1.96761246098762e-26
TCN,43,21793,5,1,class_1,1,class_1,1,0.9137160778045654,7.821514458328238e-08,0.9137160778045654,2.0863905048074116e-10,2.8860881647082483e-18,1.3703929369057732e-07,0.08628375083208084,5.014994428303825e-14,2.2384412642147307e-15,1.1923175988193258e-11,4.2161803562312805e-12,4.164486355762165e-08,8.784449946966366e-14
TCN,43,21794,5,1,class_1,0,class_0,0,0.9350343346595764,0.9350343346595764,4.1408165998291224e-05,5.041707117925398e-05,2.578633417904541e-10,1.0291850927046653e-08,0.06477981060743332,1.6756740706114215e-07,2.073237737931777e-06,6.747245060978457e-05,2.8446226277289988e-11,1.3450841152007342e-07,2.4257185941678472e-05
TCN,43,21795,5,1,class_1,5,class_5,0,1.0,1.1936835102587277e-15,5.040566014168253e-17,1.1877973512533155e-14,5.234522387516068e-40,1.8417567909818028e-26,1.0,3.651145074980046e-36,2.885367845517901e-26,1.6504970436043718e-21,1.780756504908141e-29,3.2826050363164716e-14,1.953173495335481e-32
TCN,43,21796,5,1,class_1,1,class_1,1,0.9475465416908264,0.0,0.9475465416908264,9.357871144761128e-42,0.0,0.0,0.05245337635278702,0.0,0.0,1.2611686178923354e-44,0.0,1.9292773996500725e-31,0.0
TCN,43,21797,5,1,class_1,1,class_1,1,1.0,1.2476247154429813e-29,1.0,1.7553622422451224e-23,2.2424777160942158e-33,1.7038087769304418e-25,4.2253781175989255e-15,2.0195366724388269e-25,1.1655285964037023e-39,3.2847501721642174e-27,2.98533913262695e-27,2.031430468333988e-30,1.6609265668144815e-34
TCN,43,21798,5,1,class_1,1,class_1,1,1.0,1.4618466505410589e-21,1.0,3.635048332064352e-23,4.974593723905192e-22,2.2435185491071624e-13,1.2229727647250499e-11,7.34024607302102e-18,2.5023644523411158e-23,7.815107818618445e-19,8.745233850138264e-18,2.4405100396817576e-17,1.3538671880808542e-19
TCN,43,21799,5,1,class_1,5,class_5,0,0.94837486743927,1.7039231181570358e-07,0.05161476507782936,1.0239682524115779e-05,1.5351112284057156e-17,7.059135914699866e-11,0.94837486743927,3.913800171385424e-16,6.273422998292479e-16,3.65356633835745e-11,1.1965542489125736e-13,3.373650514504334e-08,4.14185876317552e-18
TCN,43,21800,5,2,class_2,2,class_2,1,1.0,1.0739327696093048e-22,2.6286283550150085e-28,1.0,1.0526362704042876e-27,2.3847675616465105e-39,1.5422271472618822e-30,5.013939713878591e-35,1.3565585341026884e-22,1.8024837061479088e-21,4.203895392974451e-45,1.9089416741914505e-38,1.3113890568116344e-24
TCN,43,21801,5,2,class_2,2,class_2,1,1.0,6.490616539649467e-15,2.84587844860218e-15,1.0,2.4454257911776967e-21,1.3100969927824038e-27,4.7957842633494285e-23,2.979984783914337e-24,6.221457385323748e-20,8.6431228702939e-17,2.728367997439341e-31,5.558666401422665e-31,1.635093631973056e-21
TCN,43,21802,5,2,class_2,2,class_2,1,1.0,4.203124391552628e-17,5.2465268259271035e-22,1.0,1.4726666414735213e-20,3.3284544818719705e-28,1.6107900275871525e-26,4.216126426595985e-27,3.7688255100733934e-22,2.4486219104358508e-18,1.032363334724659e-34,9.651759978593992e-36,5.489313753921765e-25
TCN,43,21803,5,2,class_2,2,class_2,1,1.0,2.1265983721147828e-16,5.1766329520283745e-20,1.0,2.2208459414456457e-18,2.0223979695496766e-24,7.255644811231146e-25,4.657867178808528e-25,1.932994591063842e-20,9.819460257523603e-16,3.291089838516959e-31,8.198048065911538e-32,1.3480570116815578e-22
TCN,43,21804,5,2,class_2,2,class_2,1,1.0,3.76926137569157e-27,1.5137784723994026e-36,1.0,1.5313185140669687e-36,0.0,1.2754685884610773e-36,1.2851022930071547e-32,1.9818135335725028e-32,2.90538663212515e-30,0.0,0.0,4.361511994962783e-33
TCN,43,21805,5,2,class_2,2,class_2,1,1.0,3.0288855946241963e-18,5.0371942114415157e-20,1.0,5.1371827527455466e-23,2.2718778189867774e-29,1.842053716993933e-24,4.151426350858251e-27,1.178905483049461e-20,4.671202111160516e-22,1.1933579619461996e-34,1.8989163495213704e-33,8.474512570996686e-28
TCN,43,21806,5,2,class_2,2,class_2,1,1.0,4.694158291668584e-21,7.3610087813787185e-22,1.0,6.84091327359567e-28,4.568240527079448e-35,1.1891314514983803e-27,1.58973329383737e-29,1.664086893991299e-24,1.3049223498195625e-23,3.26237696777925e-39,2.0534333984057747e-37,8.358171110471939e-26
TCN,43,21807,5,2,class_2,2,class_2,1,1.0,7.407631798785376e-21,8.590349017339186e-21,1.0,1.0164014238371577e-25,1.5162303294792101e-34,1.4429433070038605e-28,2.0961318967365811e-29,4.190525763994904e-24,1.1357891581014355e-21,8.133569288166715e-39,8.790029133776026e-38,5.449458066614549e-27
TCN,43,21808,5,2,class_2,2,class_2,1,0.9999628067016602,5.796972679661394e-09,3.6478166293818504e-05,0.9999628067016602,6.149407372202376e-11,5.346068563628014e-16,1.4237380371873165e-11,2.4502294724421114e-12,2.9388624780274375e-12,6.83945966528654e-09,3.736667700537658e-19,1.0184875035529437e-16,7.186583843576955e-07
TCN,43,21809,5,2,class_2,2,class_2,1,1.0,5.641519765393113e-20,3.732984517301552e-21,1.0,2.360945042317783e-23,8.779906484822803e-31,2.8498993491053194e-29,1.7058269967155404e-30,1.203081412753184e-24,7.71072703449372e-18,9.524830812110959e-38,2.358479706923224e-37,4.761107131108032e-26
TCN,43,21810,5,2,class_2,2,class_2,1,1.0,1.4561677069939196e-39,1.401298464324817e-45,1.0,4.203895392974451e-45,0.0,7.006492321624085e-45,2.121565874987773e-42,2.69417622438728e-38,6.782284567332115e-42,0.0,0.0,0.0
TCN,43,21811,5,2,class_2,2,class_2,1,1.0,4.199291981056608e-18,2.1723133918007172e-27,1.0,2.143981314339046e-23,3.493281214527887e-33,1.0453260566329759e-26,9.551501334689596e-23,6.082941781127776e-23,6.563180301277094e-19,1.9404998180442565e-36,2.6434826906091135e-34,9.140842119992521e-24
TCN,43,21812,5,2,class_2,2,class_2,1,0.9999996423721313,3.572718583200185e-07,7.93648364881353e-18,0.9999996423721313,1.342113034294537e-17,3.813582701045247e-23,2.1241004190137707e-16,1.2888013549678891e-20,7.630325191132492e-12,1.2924210313070006e-11,9.355844883974512e-27,1.9225914850363405e-24,2.4699500777991545e-10
TCN,43,21813,5,2,class_2,2,class_2,1,1.0,8.007303492439082e-20,5.7939797241271715e-25,1.0,7.732463280485352e-26,1.4786986600363815e-31,2.758141012396516e-30,1.173360300073285e-27,1.9603902236961678e-26,7.116925997645582e-28,2.6624670822171524e-44,1.1911036946760945e-43,5.386693679093517e-33
TCN,43,21814,5,2,class_2,2,class_2,1,0.6795805096626282,0.320219486951828,2.2776920974298953e-11,0.6795805096626282,6.725638112842908e-14,6.669703127500667e-16,4.261372907876648e-07,1.6229892592627831e-13,1.9867864864409057e-07,1.8542028783485875e-06,4.180009762394564e-15,4.056728640077639e-13,0.00019750409410335124
TCN,43,21815,5,2,class_2,2,class_2,1,1.0,5.427189009310496e-08,3.3997071824387604e-09,1.0,3.518275254466019e-11,2.547886222648368e-16,1.5515764671333865e-12,4.604580172012929e-12,3.2116590203273843e-12,1.2832487893479905e-12,1.9866322454677907e-20,6.254346215725827e-19,5.607021791309563e-12
TCN,43,21816,5,2,class_2,2,class_2,1,1.0,3.255111776113298e-20,2.8519816468963088e-18,1.0,9.82044130911048e-22,2.534742166644211e-30,1.7145995312972502e-25,3.6925381044970154e-27,4.425815973415623e-20,6.975517170431649e-21,9.50753936877276e-33,7.128856089099434e-35,4.728119561431915e-23
TCN,43,21817,5,2,class_2,2,class_2,1,1.0,1.0403163568510983e-36,4.1338304697582104e-41,1.0,5.661245795872261e-43,0.0,2.320550256921897e-41,3.4606747134658547e-40,3.667732933220065e-34,5.8794670237584326e-36,0.0,0.0,3.8660493397180594e-39
TCN,43,21818,5,2,class_2,2,class_2,1,1.0,2.0179980280160428e-16,4.383140239273849e-20,1.0,2.3648683757655836e-21,2.6269080469811337e-25,6.339331224079552e-26,1.373614990498171e-26,2.823076553867202e-21,7.275991874972076e-13,2.596792657802649e-30,7.488021853897632e-32,1.2709267362078613e-22
TCN,43,21819,5,2,class_2,0,class_0,0,0.9996324777603149,0.9996324777603149,1.1910907258894194e-20,0.0003675140324048698,2.1738213487248537e-25,4.181149599933719e-23,8.141002400906041e-18,3.5821357111789726e-27,2.921588413361785e-14,9.939730982733153e-11,3.926962249179581e-28,2.5749240392570134e-27,1.2480372333192099e-14
TCN,43,21820,5,2,class_2,2,class_2,1,0.9999815225601196,1.84320433618268e-05,7.590486399144947e-12,0.9999815225601196,9.823704316105821e-15,7.120130494312621e-14,6.503732274953933e-11,1.0206150914977689e-15,2.5089368516778565e-12,5.109248094048446e-12,2.6541168597282662e-17,4.915056741772725e-18,2.6205549989906622e-17
TCN,43,21821,5,2,class_2,2,class_2,1,1.0,6.218578356111592e-15,1.439851327859099e-23,1.0,6.122412458987268e-19,1.618210443069882e-27,5.945495942370132e-24,1.3245115015901918e-23,5.832388956873824e-17,8.328277303903953e-13,1.113730351147032e-31,8.649336935768493e-29,1.0848930337331087e-16
TCN,43,21822,5,2,class_2,2,class_2,1,1.0,5.915574880530875e-21,8.470569229435553e-28,1.0,2.0702486772218704e-30,1.5564490823511588e-35,1.824239037764267e-28,4.347529651290225e-31,4.0044418581003856e-25,1.7702745914635084e-26,7.781450281375973e-37,1.820580137056367e-38,7.044644883867757e-28
TCN,43,21823,5,2,class_2,2,class_2,1,1.0,7.128112593994367e-15,3.115748037543543e-18,1.0,5.122480138586216e-18,2.1288960850206858e-23,1.1517415987474299e-19,3.487379568474213e-20,1.5165798018810167e-16,4.545818102182503e-19,4.247702818406191e-27,6.029076024138118e-28,8.684048426291949e-22
TCN,43,21824,5,2,class_2,2,class_2,1,1.0,1.1385544590458707e-10,1.6375720495332563e-13,1.0,1.4150159192937958e-16,4.36166174503648e-18,1.800081724033075e-14,1.9601523613379236e-17,4.899059334747234e-14,3.8119993578009884e-15,9.537489397964443e-22,6.041157901571009e-22,1.0641761298555956e-18
TCN,43,21825,5,2,class_2,0,class_0,0,0.9781327247619629,0.9781327247619629,4.738964776151988e-11,0.021866800263524055,5.211447592912144e-12,1.1028631350176732e-12,7.595389206471737e-09,1.3248677328825398e-12,4.152866495132912e-09,1.317585685001177e-07,1.0076140226009112e-12,3.0757770077119494e-16,3.5247776963842625e-07
TCN,43,21826,5,2,class_2,2,class_2,1,1.0,5.4287179196421675e-09,1.569245332691084e-17,1.0,1.2654510317836688e-21,1.152275997610869e-22,1.3502969630017209e-13,5.992316178158538e-22,1.6076620752624392e-15,8.409594201563841e-12,1.1335750016536772e-25,4.374017988081038e-21,3.405328319674994e-12
TCN,43,21827,5,2,class_2,2,class_2,1,1.0,4.778152262862878e-20,5.923441664752251e-33,1.0,1.3409883213431997e-31,1.5451078290545352e-36,3.278628411242988e-27,2.0084530332386908e-30,5.3520302781458545e-28,2.4504743150377177e-31,0.0,3.1375072616232654e-41,4.615480204077749e-36
TCN,43,21828,5,2,class_2,2,class_2,1,1.0,9.698864298680534e-34,2.816642647625009e-37,1.0,2.904891716545346e-42,0.0,2.1660841749441985e-33,3.869265319693685e-39,1.8498220454257325e-30,1.789685987831013e-35,0.0,2.802596928649634e-45,2.155129302278504e-34
TCN,43,21829,5,2,class_2,2,class_2,1,1.0,6.8574989341975755e-22,3.340930946774688e-22,1.0,1.6450092888006065e-29,1.725496678135016e-34,8.986360277783995e-25,4.639147700435439e-30,5.608827068531266e-24,7.345902331702008e-26,3.9523195846301785e-36,1.2953721027180468e-35,3.5014454094849694e-26
TCN,43,21830,5,2,class_2,2,class_2,1,1.0,5.353401315993933e-12,4.621376290714796e-16,1.0,4.235388656648259e-20,1.9320424851761606e-21,3.353187444778225e-15,1.9950544627554863e-20,2.414591824112511e-16,1.8428324665198845e-18,5.100300034438481e-22,5.301445444659636e-24,6.637734089886499e-19
TCN,43,21831,5,2,class_2,2,class_2,1,1.0,2.1839786372534765e-20,1.7871395158824697e-22,1.0,4.155242484746557e-28,4.697031510808065e-33,1.7295103582606082e-26,2.8529353971067136e-28,5.907058251028979e-26,2.5508743501883424e-29,4.097708448147333e-36,1.212417444318475e-40,4.724967891073719e-29
TCN,43,21832,5,2,class_2,2,class_2,1,1.0,2.5428771874356614e-15,1.0148868359773371e-17,1.0,8.436412745021824e-22,3.5718559291375695e-25,3.0123704554807835e-20,6.96715956148318e-23,1.458583988480034e-19,1.337736778395158e-19,1.1240740676077142e-28,8.579473827035846e-29,2.5191720805599357e-24
TCN,43,21833,5,2,class_2,2,class_2,1,1.0,2.4663317338303103e-32,1.0120317639200261e-40,1.0,3.57178291984827e-35,0.0,3.7050597643456385e-39,1.4484110783046058e-32,1.2661744300729685e-30,7.751037098589387e-34,0.0,0.0,4.1727260309727814e-38
TCN,43,21834,5,2,class_2,2,class_2,1,1.0,4.160110667786688e-36,4.203895392974451e-45,1.0,1.0686722478480352e-40,0.0,3.769492869033758e-43,1.594215605061597e-36,1.7967532171364438e-34,9.979326000938453e-35,0.0,0.0,7.537444309756759e-41
TCN,43,21835,5,2,class_2,2,class_2,1,1.0,2.53078580790314e-26,3.4143841078914716e-37,1.0,1.8644341410949602e-33,1.8780916681098004e-39,1.0182650459831367e-31,2.1781528896330033e-29,4.450811898786774e-25,7.877185976523968e-26,1.6114932339735396e-43,2.0432893427705888e-39,7.46142217998005e-31
TCN,43,21836,5,2,class_2,2,class_2,1,1.0,1.1269215274798934e-19,4.1809380973575436e-35,1.0,4.902849169341845e-31,1.1454130690521967e-37,5.58991199670933e-28,3.297556065550437e-27,2.6479066861134053e-24,5.812331587011007e-25,1.7796490496925177e-43,5.092465251227692e-37,1.5138588762658043e-29
TCN,43,21837,5,2,class_2,2,class_2,1,1.0,8.601591484603796e-37,0.0,1.0,0.0,0.0,0.0,1.4864840087130454e-34,7.190464200746328e-37,2.650132516822534e-37,0.0,0.0,0.0
TCN,43,21838,5,2,class_2,2,class_2,1,1.0,9.625531005458547e-16,1.096504101193969e-26,1.0,4.0150494711110835e-21,8.961429838803562e-27,2.1063388897001836e-26,9.77188331529979e-25,1.46418028537661e-20,2.539721327549059e-19,1.4627907950873943e-34,9.788066871163676e-34,3.3886021166295346e-29
TCN,43,21839,5,2,class_2,8,class_8,0,1.0,1.9434417852651586e-20,1.1210387714598537e-44,2.4716109692755894e-13,1.401298464324817e-45,1.3864306876183308e-40,3.1669678802775375e-38,0.0,1.989001543127145e-24,1.0,3.5201165145163864e-25,7.958369316283735e-27,5.962830699574364e-30
TCN,43,21840,5,3,class_3,3,class_3,1,1.0,0.0,0.0,0.0,1.0,0.0,0.0,0.0,0.0,0.0,0.0,0.0,0.0
TCN,43,21841,5,3,class_3,3,class_3,1,1.0,1.1916097764190823e-36,7.020950134451849e-37,7.160635152699815e-43,1.0,7.756207146323329e-28,0.0,1.3628554111747798e-22,1.0961232273803397e-34,2.738198856423123e-39,2.732793087148294e-32,2.802596928649634e-45,1.247801464654362e-28
TCN,43,21842,5,3,class_3,3,class_3,1,0.9948475360870361,6.685905001326138e-21,8.416324918300948e-20,7.428658462891558e-27,0.9948475360870361,2.4350706455573967e-15,3.628933262612779e-32,0.003761881962418556,4.327046205801852e-22,1.5768430825024798e-22,2.8598846774870696e-21,1.2833866590021296e-32,0.0013906452804803848
TCN,43,21843,5,3,class_3,3,class_3,1,0.9999758005142212,6.5433858452304625e-15,2.0653747345274958e-19,3.752241185026559e-20,0.9999758005142212,7.343514685231867e-10,1.239409690033776e-25,2.4234586817328818e-05,8.054010116479918e-20,1.732146065804468e-22,4.698929568574216e-16,2.064299923490325e-30,3.982326350192994e-13
TCN,43,21844,5,3,class_3,6,class_6,0,0.9999687671661377,1.854693202528129e-18,1.2674005752931777e-23,8.0576515903996e-25,3.1250750907929614e-05,2.831415662121556e-18,1.948361250449514e-28,0.9999687671661377,1.6118952032264396e-26,1.266405391203018e-30,8.051658023868679e-33,2.392941335588917e-40,9.966797751466598e-21
TCN,43,21845,5,3,class_3,3,class_3,1,1.0,4.626009154410694e-26,8.7989013811687e-27,1.6664186426437712e-31,1.0,1.65430309747005e-15,1.027294549848024e-36,6.174809795422842e-12,1.4130708094895777e-28,3.126166981926394e-32,5.612802656322644e-26,1.1735781592502312e-37,5.525676610273271e-19
TCN,43,21846,5,3,class_3,3,class_3,1,1.0,0.0,0.0,0.0,1.0,1.774183985681651e-39,0.0,4.1881630151154765e-38,5.605193857299268e-45,0.0,9.713729208218259e-38,0.0,1.1250561260012572e-36
TCN,43,21847,5,3,class_3,3,class_3,1,0.9998526573181152,5.313194545789046e-13,1.5526244154486966e-15,7.540143036158952e-17,0.9998526573181152,0.00014528330939356238,1.392284214342848e-22,2.095431909765466e-06,1.1511816750209139e-18,9.663618238978531e-17,7.884957686776772e-10,1.6966379080424664e-25,4.495512035546101e-12
TCN,43,21848,5,3,class_3,6,class_6,0,1.0,2.0349418964219056e-17,4.3672011465525854e-35,9.377190563451603e-32,5.065410964854136e-25,1.9144372270742972e-26,1.4407861582184732e-37,1.0,1.8390812304649938e-34,1.2519284558185775e-39,1.3592595103950726e-43,0.0,1.2072546256087592e-26
TCN,43,21849,5,3,class_3,3,class_3,1,1.0,9.090576152712359e-28,6.161629597008028e-28,5.533267722736479e-35,1.0,4.542637696124813e-15,2.6520974735811488e-40,1.4054892867964674e-15,5.822144526402415e-31,2.1754603586967386e-31,3.1145654798642186e-22,3.589438628054198e-38,6.331257469081008e-19
TCN,43,21850,5,3,class_3,3,class_3,1,1.0,0.0,2.5223372357846707e-44,0.0,1.0,2.170737864095664e-36,0.0,9.863363024052353e-35,4.189882408331203e-42,0.0,4.06096294961332e-42,0.0,6.131227287822161e-40
TCN,43,21851,5,3,class_3,3,class_3,1,1.0,2.9958460434385546e-27,1.9099127072634964e-28,1.1356262660526996e-33,1.0,1.2288600349966608e-19,5.205403405427398e-40,2.7329615981344527e-16,9.889249671000024e-27,1.5837773554843524e-29,6.131351966070655e-23,1.0176460076991196e-34,2.386340173394283e-18
TCN,43,21852,5,3,class_3,3,class_3,1,1.0,1.7366367447336422e-19,3.001207051308173e-22,6.260895154051976e-24,1.0,1.2504024881211228e-14,9.726555595427007e-31,7.333890439387147e-11,3.0820394194556355e-22,1.7885777039759962e-23,4.14010596745752e-18,3.158631561563477e-30,8.378005528270245e-16
TCN,43,21853,5,3,class_3,3,class_3,1,1.0,0.0,0.0,0.0,1.0,1.401298464324817e-45,0.0,0.0,0.0,0.0,1.401298464324817e-45,0.0,1.2611686178923354e-44
TCN,43,21854,5,3,class_3,3,class_3,1,1.0,1.7086885133342555e-27,1.291029270705851e-30,5.3463357810955924e-36,1.0,5.610721504742291e-20,1.8637269575520067e-43,9.2578327126537e-18,2.6469189342663456e-30,5.768531051907456e-32,5.7078338453019345e-24,1.1403595944262714e-38,6.457928289172198e-19
TCN,43,21855,5,3,class_3,3,class_3,1,1.0,2.2172409544080151e-32,8.471012524341972e-30,4.79724832276228e-38,1.0,4.9332672069686106e-21,8.407790785948902e-45,3.0703181328508527e-21,1.1178820824658877e-28,2.63507126776373e-30,1.9842668946373172e-22,1.8221680019319467e-34,8.019583186541856e-22
TCN,43,21856,5,3,class_3,3,class_3,1,1.0,0.0,0.0,0.0,1.0,0.0,0.0,0.0,0.0,0.0,0.0,0.0,0.0
TCN,43,21857,5,3,class_3,3,class_3,1,1.0,5.278546476902313e-37,5.666967936494199e-36,8.407790785948902e-45,1.0,2.3968312172951858e-26,0.0,4.3491041608842425e-24,4.5133810150268816e-36,1.2521916196701777e-38,1.1299208298070093e-28,1.401298464324817e-45,2.576320097725451e-29
TCN,43,21858,5,3,class_3,4,class_4,0,0.7021259665489197,2.511857832843134e-09,2.3839671556280528e-11,1.552263905520851e-13,0.2973490357398987,0.7021259665489197,6.717050681065407e-18,0.0005000991513952613,3.4602546115968316e-14,2.4096258842420948e-12,2.4929071514634416e-05,5.901848367565183e-19,2.433422213732328e-11
TCN,43,21859,5,3,class_3,6,class_6,0,1.0,1.6769458444363704e-25,0.0,0.0,0.0,0.0,0.0,1.0,0.0,0.0,0.0,0.0,1.547033504614598e-42
TCN,43,21860,5,3,class_3,3,class_3,1,1.0,5.594572545531359e-17,5.72380614176624e-20,3.1562355110151443e-22,1.0,3.1899813482595034e-15,6.749260482361717e-27,4.580848145252503e-09,5.0467972484406764e-18,1.4060327194884e-20,6.757519585944612e-15,4.542510569523862e-25,4.70173336028501e-12
TCN,43,21861,5,3,class_3,3,class_3,1,1.0,2.1798702257538484e-32,5.1206880208543085e-31,5.67461418322192e-40,1.0,7.311844930086589e-20,0.0,4.651684295892219e-19,4.618548987626942e-34,1.8421506252942083e-33,2.080291072388335e-26,1.2292610518596593e-40,2.008815710844557e-20
TCN,43,21862,5,3,class_3,3,class_3,1,1.0,6.43940021361468e-28,4.212073307028022e-28,2.769787584141801e-33,1.0,4.2569968114466464e-20,1.9782270550719875e-40,3.2011947939317295e-16,2.172867626290463e-28,9.12853427612873e-33,6.70077481082578e-27,1.994892529552387e-37,7.978843380170367e-23
TCN,43,21863,5,3,class_3,3,class_3,1,1.0,2.3390692194411896e-25,9.081672578579457e-27,2.787072769393162e-34,1.0,4.494700037198087e-23,1.6605386802249082e-42,1.7874507806350198e-17,9.305291522013219e-30,1.5860727905923064e-24,5.163424338136672e-18,7.690710533354758e-36,1.000288133573557e-11
TCN,43,21864,5,3,class_3,3,class_3,1,0.9996007084846497,3.498330514162262e-08,8.102973847456951e-11,3.639884211094693e-14,0.9996007084846497,3.0910782697901595e-06,1.4393685466612754e-17,8.341129614564124e-06,9.110895631686544e-13,1.0384485493730722e-09,9.650113497627899e-06,6.235159078993654e-17,0.00037823233287781477
TCN,43,21865,5,3,class_3,3,class_3,1,1.0,2.434441518285098e-37,1.8110152661024558e-37,0.0,1.0,4.273466733402224e-33,0.0,5.995767110888924e-30,1.797057380514825e-39,1.5400405768621086e-37,2.4096095313646018e-27,0.0,5.0145827240215283e-23
TCN,43,21866,5,3,class_3,9,class_9,0,0.9999579191207886,2.44275510929981e-09,5.32489845741905e-15,3.8746446440304956e-15,2.859925851694811e-09,1.2750023476240657e-12,1.7864243661402325e-21,1.6779328149141293e-08,3.278658914496191e-05,6.30133857419668e-13,0.9999579191207886,1.7133769222170186e-17,9.26972643355839e-06
TCN,43,21867,5,3,class_3,6,class_6,0,1.0,3.4577768708195233e-14,2.0249747422719172e-18,1.4613750251137587e-18,1.921757331047047e-08,1.694134715935565e-15,2.092769857816001e-20,1.0,4.9909812300494405e-21,3.305582093556039e-25,1.6520109372984658e-26,1.6421485634306487e-31,1.990458439184519e-17
TCN,43,21868,5,3,class_3,3,class_3,1,0.47073209285736084,0.10224074870347977,3.2638430846887445e-10,2.720929330735089e-07,0.47073209285736084,2.0302062694099732e-05,8.394272690143145e-15,0.4239179790019989,9.808466074900934e-07,4.068782644139901e-09,0.0003040464944206178,5.460353226721769e-18,0.002783648669719696
TCN,43,21869,5,3,class_3,3,class_3,1,0.9915016889572144,4.894470606586765e-09,2.2202064405701938e-12,3.918072870269171e-14,0.9915016889572144,9.896564123756946e-11,1.0789439507676273e-17,0.007552487775683403,6.121610596904192e-12,7.44828257772702e-14,3.3379887395823538e-12,5.899866236022353e-19,0.000945807434618473
TCN,43,21870,5,3,class_3,3,class_3,1,1.0,2.488163977859615e-22,3.0816015069899292e-24,2.6749022825842806e-31,1.0,1.6067943332281642e-19,3.727875784414489e-36,1.4606507192996276e-14,2.1003976959586715e-22,1.1710374291880861e-23,3.165464332393759e-19,8.740283560714212e-29,5.607802416873753e-12
TCN,43,21871,5,3,class_3,6,class_6,0,0.6163395047187805,9.978972457247437e-07,4.687440214624916e-13,5.593514540436217e-10,0.3836275041103363,3.197340993210673e-05,2.0892524247725447e-16,0.6163395047187805,4.534774899339622e-12,2.468561311852295e-14,7.80407571898678e-10,2.197075717471804e-21,1.0920225612665035e-08
TCN,43,21872,5,3,class_3,11,class_11,0,1.0,1.925846296129373e-14,8.042065848558399e-23,1.616491562920468e-24,4.79933037755842e-10,1.2976032675437923e-19,1.2503541569018618e-30,1.7489354148941816e-12,1.9902837386391477e-17,1.333576216044357e-16,3.9174908527552887e-16,3.569330540016482e-28,1.0
TCN,43,21873,5,3,class_3,6,class_6,0,0.9986816048622131,0.0012694644974544644,1.0836131796553017e-13,4.408531699418017e-12,4.8976366088027135e-05,1.6702403349277972e-10,7.245997610335096e-17,0.9986816048622131,5.802368134577573e-13,2.3267124734722327e-15,1.8128840171671018e-13,4.8672235069262433e-23,2.2453643111486343e-10
TCN,43,21874,5,3,class_3,6,class_6,0,0.9992761015892029,0.0007239304250106215,1.8711095259000846e-20,6.812025444592751e-13,2.0811585788038656e-10,3.2552378570471774e-09,1.2166197844440192e-22,0.9992761015892029,6.704564596514072e-19,5.329502068459283e-20,2.1684972735429504e-20,1.6737279135369583e-30,4.1874616935667116e-16
TCN,43,21875,5,3,class_3,3,class_3,1,1.0,2.8950333911720377e-21,6.4828664132848746e-24,4.039387302273468e-27,1.0,2.5009024962042542e-17,6.0648841245408965e-33,4.179950656435505e-12,5.010687354115096e-21,8.997817496356199e-25,7.714724281406306e-19,2.2893394433834965e-28,1.0928615597118746e-13
TCN,43,21876,5,3,class_3,3,class_3,1,0.9383228421211243,8.928165584620729e-08,3.25898094860437e-14,1.2562860636760459e-14,0.9383228421211243,1.1848098457195588e-12,1.0590350084781225e-19,0.000980908633209765,4.552310611805055e-11,7.436135908422958e-12,4.941524620050153e-11,1.1790159892094193e-20,0.06069616228342056
TCN,43,21877,5,3,class_3,0,class_0,0,1.0,1.0,1.0581473189401517e-28,2.183488500428796e-19,3.370278253548102e-17,4.180760243434451e-21,4.351279478269348e-31,2.3026909155496322e-14,3.820475022950374e-21,1.5962830764531498e-23,5.949800953545149e-26,8.407790785948902e-44,1.6826938453728957e-10
TCN,43,21878,5,3,class_3,3,class_3,1,1.0,3.381175954454349e-15,8.713686170314818e-21,1.6673403535796567e-24,1.0,1.5801488304790639e-16,1.809426605237691e-30,3.005871385131087e-10,3.577469230704041e-20,3.4743666603455616e-20,3.126356595481439e-14,1.5224995308686423e-29,9.706546677534789e-11
TCN,43,21879,5,3,class_3,3,class_3,1,1.0,1.2642743188946981e-20,1.1430365309266808e-18,4.463067777395756e-26,1.0,1.042778086102203e-09,4.390782106988053e-30,2.19546039334495e-12,3.4105681796084884e-23,9.804859476075066e-24,5.207695440243715e-14,5.473393235073902e-28,1.4390555084302608e-15
TCN,43,21880,5,4,class_4,4,class_4,1,1.0,3.105861556795137e-34,2.903490418081021e-42,0.0,2.606022107450886e-37,1.0,0.0,1.3329407430276631e-38,0.0,0.0,8.347534951982935e-42,0.0,0.0
TCN,43,21881,5,4,class_4,4,class_4,1,1.0,4.3278036709215205e-17,7.795070402255113e-19,2.088453906179383e-29,1.3074512404771482e-19,1.0,1.4723202560026976e-25,7.554487376786509e-20,6.6345690945676866e-34,1.5060291452994065e-24,2.936285793048852e-21,1.8134920443225683e-35,2.1734429420093805e-25
TCN,43,21882,5,4,class_4,4,class_4,1,1.0,6.314811399633356e-41,8.407790785948902e-45,0.0,0.0,1.0,0.0,0.0,0.0,0.0,0.0,0.0,0.0
TCN,43,21883,5,4,class_4,1,class_1,0,0.999376118183136,1.1588738866100123e-12,0.999376118183136,1.6333251618609948e-14,5.373516631657083e-10,0.0006234334432519972,1.1491330803581334e-10,1.3494119883994404e-11,1.425620474008399e-17,8.719512611943259e-11,5.031396881349792e-07,1.8966390754487396e-14,4.993359809226587e-17
TCN,43,21884,5,4,class_4,4,class_4,1,1.0,3.326978339566046e-15,1.4985024377430462e-27,1.0762165585202672e-38,9.242522991885524e-32,1.0,8.86385647834873e-34,4.0718718061636395e-29,0.0,3.179607722228477e-29,1.907079754593269e-29,0.0,2.0683135784215467e-31
TCN,43,21885,5,4,class_4,4,class_4,1,0.5401278138160706,9.065471040514694e-09,0.45987173914909363,1.6017316639693746e-10,9.330143324604023e-10,0.5401278138160706,3.0934771189095045e-07,1.3637317408665695e-07,7.636590868696079e-19,2.7212054224540205e-13,4.438932554862163e-11,1.836853965372226e-13,1.2705828182986823e-18
TCN,43,21886,5,4,class_4,4,class_4,1,1.0,5.0912998193208825e-37,1.102821891423631e-42,0.0,1.7954262691023508e-39,1.0,0.0,2.910034481909418e-40,0.0,0.0,0.0,0.0,0.0
TCN,43,21887,5,4,class_4,0,class_0,0,0.6381484866142273,0.6381484866142273,2.249791921753937e-21,3.3543862060527013e-25,0.0,1.6655329455134375e-19,0.3618515133857727,0.0,4.953407566276235e-36,3.740407647932584e-23,2.352571027243377e-34,1.0747602689216635e-23,2.1911198287319825e-37
TCN,43,21888,5,4,class_4,0,class_0,0,1.0,1.0,0.0,3.783505853677006e-44,0.0,3.069242152702138e-35,1.838602415972252e-36,0.0,0.0,2.5066209394510804e-34,0.0,0.0,0.0
TCN,43,21889,5,4,class_4,4,class_4,1,1.0,5.027483821908482e-19,1.2586736922246033e-19,2.3160617213618694e-27,5.609785472331005e-18,1.0,1.0211033275736265e-26,2.2142235334615462e-17,2.659649126662728e-32,2.6586617399020205e-27,2.5511475917873215e-21,4.825433330142276e-33,1.6055501499874581e-27
TCN,43,21890,5,4,class_4,4,class_4,1,1.0,4.560503931020794e-30,3.4386323558843516e-36,0.0,2.1686376149971233e-34,1.0,0.0,1.2694688786393258e-36,0.0,7.42688186092153e-44,2.1134971984301907e-39,0.0,0.0
TCN,43,21891,5,4,class_4,4,class_4,1,1.0,5.071033940734648e-26,1.4086971448824257e-25,0.0,1.9840782833065937e-29,1.0,7.801772640380813e-39,5.534394911616322e-32,0.0,2.7701008172619416e-40,6.717261816070173e-33,0.0,2.6927351290465685e-41
TCN,43,21892,5,4,class_4,4,class_4,1,0.9999748468399048,1.5771817174752706e-13,4.58126851299312e-06,2.1773542324036795e-18,1.2773409252986312e-05,0.9999748468399048,1.2872937799410103e-15,1.6083565590463422e-09,1.4542874107531593e-17,1.701635929602166e-13,7.82300230639521e-06,9.882875496702165e-15,1.390663821321908e-17
TCN,43,21893,5,4,class_4,4,class_4,1,1.0,1.2509177382629376e-14,7.759684725608943e-24,4.968396107321097e-28,5.994210706508517e-23,1.0,6.741582353378304e-30,1.1178844349893148e-24,4.049367964885319e-35,4.7346810136163755e-19,3.277371378554065e-16,1.2020649427341238e-36,2.1643656181806155e-26
TCN,43,21894,5,4,class_4,4,class_4,1,1.0,2.38204236992145e-22,7.836863411898671e-21,6.194549050724194e-37,7.223603887278846e-19,1.0,4.509397633161873e-32,1.8928384458367303e-21,4.2320572321600485e-37,6.981562492986811e-28,7.679719936587623e-20,2.6505952816273926e-39,8.01537776708397e-26
TCN,43,21895,5,4,class_4,4,class_4,1,1.0,3.242621687225911e-26,9.225546848551532e-24,2.8178490826459235e-35,7.905676215666756e-23,1.0,3.719612412120897e-34,1.1032950560258447e-22,1.280226277007153e-41,4.3445700104400014e-35,2.60963661538866e-27,1.455949104433485e-42,4.733246761949234e-37
TCN,43,21896,5,4,class_4,4,class_4,1,1.0,8.6902099082878e-15,4.674155485405451e-13,2.9306926037919122e-27,3.2908807136989674e-21,1.0,3.3383099898647936e-20,9.544340779881855e-20,3.659822453169756e-34,3.802150213262422e-24,1.643304469879121e-20,9.121999791194586e-31,1.6504236628754996e-26
TCN,43,21897,5,4,class_4,4,class_4,1,1.0,8.456113738533367e-26,2.980099720948228e-23,2.7970029451800495e-39,1.1983651450700782e-29,1.0,2.0609644171275646e-32,9.260005987709937e-29,0.0,6.557361590303953e-38,8.282606076543589e-32,1.401298464324817e-45,6.626260072678489e-38
TCN,43,21898,5,4,class_4,4,class_4,1,1.0,9.70780937191093e-14,9.605667175014712e-20,2.0917000310079923e-28,5.933086229475137e-22,1.0,1.5524788531206301e-24,5.940223489535891e-21,2.0232992638727153e-33,7.548570874558963e-23,4.85796243767113e-24,4.6349238592623555e-36,6.593725923764102e-25
TCN,43,21899,5,4,class_4,4,class_4,1,1.0,4.740707572668708e-23,1.3207459457760419e-18,5.06166456870856e-32,9.138585788476972e-22,1.0,8.042812485067371e-28,6.092509086186296e-23,6.192996524129599e-40,1.0515390357653657e-30,5.6282882670630686e-24,6.7389097836022985e-37,2.0086653510283363e-32
TCN,43,21900,5,4,class_4,4,class_4,1,1.0,2.830366627794655e-28,1.4680505296368805e-35,1.1210387714598537e-44,5.679612636816526e-34,1.0,4.203895392974451e-45,2.697986827990141e-34,0.0,2.416258942035282e-40,4.3757206824832734e-36,0.0,1.401298464324817e-45
TCN,43,21901,5,4,class_4,4,class_4,1,1.0,9.030679714062324e-20,9.527101330064625e-12,2.855943950050739e-26,2.0407155076895833e-08,1.0,1.789156648994338e-24,4.999895303689364e-15,9.764090725410888e-26,1.7725150444416308e-22,1.0076240413066113e-15,1.2719960703216983e-26,1.5091750239818148e-24
TCN,43,21902,5,4,class_4,4,class_4,1,0.8174435496330261,6.06053264900534e-17,0.1825564056634903,1.483237718896265e-18,1.5296236499651172e-10,0.8174435496330261,2.5365534325749728e-11,1.8798504419770268e-11,2.4463494384980145e-19,1.589177573039529e-17,1.9249100091656146e-08,2.463854648211168e-18,4.154494593267121e-20
TCN,43,21903,5,4,class_4,4,class_4,1,0.9971394538879395,0.0026242691092193127,0.00010931461292784661,1.502375198469963e-06,4.8247002268908545e-06,0.9971394538879395,2.261403551528929e-06,8.762198149270262e-07,2.802165444126814e-10,7.935919711599126e-05,3.803960862569511e-05,1.277024779255953e-07,1.8957273084652115e-08
TCN,43,21904,5,4,class_4,4,class_4,1,1.0,3.9259443695982554e-08,4.85852735820913e-09,1.4127729231099072e-15,7.944310140284294e-12,1.0,9.547865834546795e-14,2.7350151765755115e-13,1.7371669158075005e-19,1.8787627703575893e-11,5.195099017640814e-09,1.997846849503067e-15,7.90863312609847e-15
TCN,43,21905,5,4,class_4,0,class_0,0,1.0,1.0,2.085794746284602e-14,6.444201838817776e-10,6.931023114942664e-17,5.657212198695305e-11,3.663551233212825e-12,1.3221645381926938e-15,4.4492456593991925e-12,1.6964064597502215e-09,7.839724031224017e-16,1.6729200561244482e-18,3.87599631210267e-12
TCN,43,21906,5,4,class_4,4,class_4,1,1.0,2.836265307347646e-30,1.3850525010292537e-28,3.965674654039232e-43,3.089450722300685e-25,1.0,1.3981931869278733e-39,3.4938102528134407e-28,0.0,9.568065914409851e-42,5.797980418005019e-33,0.0,1.6789657550307796e-40
TCN,43,21907,5,4,class_4,9,class_9,0,0.9775969386100769,2.098725297147502e-16,6.284846313064918e-05,3.4888831348352096e-23,0.022338613867759705,1.6066894659161335e-06,6.7719346123091374e-21,4.960742645658545e-13,5.238302413362872e-12,1.1561206636132026e-12,0.9775969386100769,8.249541457935883e-13,1.3841203573908278e-12
TCN,43,21908,5,4,class_4,4,class_4,1,1.0,3.181241013800133e-17,3.9519468833273534e-19,2.172763289035726e-25,5.044896470111091e-16,1.0,2.2747418573700135e-27,1.4926502070865058e-18,1.4189556877984948e-32,2.0539927292987661e-19,1.0464056989065336e-14,3.1611702649580047e-33,1.4962199557658227e-24
TCN,43,21909,5,4,class_4,1,class_1,0,0.9701655507087708,6.032262262646237e-17,0.9701655507087708,3.722628931939437e-23,0.02944508194923401,0.00038369797402992845,1.09762550436965e-19,2.614129344848809e-13,8.719428824799369e-12,2.2463578035463588e-13,5.66089738640585e-06,1.448385046948675e-15,4.2213485701106e-16
TCN,43,21910,5,4,class_4,4,class_4,1,1.0,5.758322638160784e-12,1.2905863010226337e-11,7.83669206272725e-19,1.1198673282100668e-12,1.0,4.079372712522652e-18,1.0018380439472119e-12,7.95749263297305e-26,2.545776713563011e-17,8.169601106722268e-11,2.826845504080407e-23,4.1432639362410946e-19
TCN,43,21911,5,4,class_4,4,class_4,1,1.0,4.387650034637785e-23,1.641121082280439e-24,3.0761781451375026e-37,1.309973108608265e-33,1.0,1.8945798974937435e-28,2.142231936395628e-23,4.915895142697891e-41,1.3494504211447988e-42,9.030714113233737e-35,0.0,8.46524402298622e-42
TCN,43,21912,5,4,class_4,4,class_4,1,1.0,7.103937230135138e-12,6.362619951071583e-24,4.328406697906302e-28,2.639132186264632e-25,1.0,5.51926840486672e-28,3.4388519985042825e-23,2.5048813455651076e-34,1.4277038165517817e-23,3.2005288416773086e-20,1.6560573277359975e-39,9.551668356264753e-26
TCN,43,21913,5,4,class_4,4,class_4,1,1.0,3.1350783877548616e-23,1.2343679320770889e-24,1.4551883083323251e-34,8.399095459019291e-23,1.0,1.6495175905791598e-33,8.138815220962687e-24,3.671401976531021e-43,6.347428151344197e-29,6.41418621072407e-24,6.58610278232664e-44,1.3943526645041812e-33
TCN,43,21914,5,4,class_4,0,class_0,0,0.999976634979248,0.999976634979248,1.7144907715760382e-10,1.5720587498435634e-08,1.0153019758263326e-07,2.346018391108373e-06,2.0905284447980677e-11,1.5932686437736265e-05,8.006714180552876e-10,1.6236195721219815e-09,1.5272194620052915e-10,1.484887402415007e-16,4.89573676532018e-06
TCN,43,21915,5,4,class_4,4,class_4,1,1.0,4.169398491231275e-24,5.4400467210518095e-28,1.4239833845145394e-38,2.121488870940316e-28,1.0,9.56378803045796e-38,2.815223958467927e-30,0.0,4.45968450769766e-32,1.635461039711476e-29,0.0,2.168526861747489e-37
TCN,43,21916,5,4,class_4,4,class_4,1,0.9998892545700073,5.472691189112311e-10,4.697007671694564e-09,3.697238198969733e-16,0.0001077112028724514,0.9998892545700073,2.6259982775551796e-16,5.744793085682431e-09,8.252399753675733e-15,1.3611533775104157e-11,3.0470171168417437e-06,6.124900747310003e-15,2.425463475896894e-11
TCN,43,21917,5,4,class_4,4,class_4,1,1.0,9.596396128246869e-21,5.556853306054336e-20,6.073648181952937e-29,7.877574430526918e-19,1.0,1.1620765172703632e-28,5.4153265806556343e-20,6.337862759371499e-39,3.170365064054741e-30,2.3588977929617437e-26,8.91069046038395e-38,8.994142945735095e-33
TCN,43,21918,5,4,class_4,4,class_4,1,0.6109675765037537,0.0091695012524724,0.00025218265363946557,4.858911415794864e-05,0.22793176770210266,0.6109675765037537,9.765765298652695e-07,0.012232264503836632,1.7985945305554196e-05,0.000778566172812134,0.13449765741825104,4.2876015982074023e-07,0.004102604929357767
TCN,43,21919,5,4,class_4,4,class_4,1,0.9999994039535522,9.244665588603596e-10,4.9675270474836e-07,8.620238203804753e-12,4.046595236673056e-08,0.9999994039535522,9.978275150590576e-12,1.8027375148221836e-09,1.596145287570339e-19,5.285541969379803e-12,2.844821489489391e-09,3.57201999488815e-16,9.625640060950506e-15
TCN,43,21920,5,5,class_5,5,class_5,1,1.0,2.381847838536441e-14,6.214558075356671e-34,9.861865720529957e-26,0.0,2.4092244237443715e-40,1.0,1.118502622792057e-17,4.0861863219711666e-42,1.0367202402511344e-34,0.0,3.259840617558822e-41,1.064986832886861e-43
TCN,43,21921,5,5,class_5,5,class_5,1,0.9999998807907104,1.164501717276778e-09,3.396876024908124e-08,7.755452280377995e-09,1.5909530651718208e-21,2.4161557222188504e-14,0.9999998807907104,4.463662006755853e-19,1.6523297012853606e-14,3.786455871068739e-11,1.3158346609778624e-15,5.580731965437735e-08,2.38849182733185e-16
TCN,43,21922,5,5,class_5,5,class_5,1,0.9999940395355225,4.1584116843296215e-06,5.5816917665652e-07,6.368513254528807e-07,2.345577126397976e-18,5.30358818195964e-07,0.9999940395355225,4.445275917519141e-15,1.0810817163427094e-16,4.4214879153792186e-12,5.930439516202424e-14,1.437745186577341e-13,9.54972539479733e-17
TCN,43,21923,5,5,class_5,1,class_1,0,1.0,0.0,1.0,2.7745709593631378e-43,0.0,1.4825317363017267e-40,1.4000527299995458e-11,0.0,0.0,1.4537070268905652e-41,0.0,4.096854952004914e-33,0.0
TCN,43,21924,5,5,class_5,5,class_5,1,0.9996070265769958,8.662871114895054e-11,0.00012282074021641165,6.8315122447870635e-09,1.984090686776918e-24,1.3587791519943166e-16,0.9996070265769958,2.392562891583806e-20,3.6573353234814476e-09,0.0002697907038964331,3.72590702168629e-17,3.0007541340637545e-07,2.6463570917956147e-12
TCN,43,21925,5,5,class_5,5,class_5,1,0.9999963045120239,2.439068280679635e-09,2.627376147756877e-07,2.676212716323789e-06,9.971596045254259e-21,1.7662191425116963e-13,0.9999963045120239,2.9232143053463127e-18,7.989632176338968e-14,7.190988360328276e-10,6.085987291383488e-14,7.929268690531899e-07,2.215930668809733e-17
TCN,43,21926,5,5,class_5,5,class_5,1,0.9997009038925171,2.2347036721104274e-10,2.7513729142225607e-12,0.0002991311775986105,7.690652296653957e-25,4.6338980515659506e-18,0.9997009038925171,2.843583554767387e-23,6.591079941149747e-16,1.9526547045956022e-11,2.7383271341290993e-19,1.2223463907723442e-10,1.3112101301263481e-19
TCN,43,21927,5,5,class_5,5,class_5,1,1.0,1.6891283573048372e-21,1.0342761976897639e-17,1.3783438501472104e-19,8.407790785948902e-45,8.28210813713658e-30,1.0,1.118217677391475e-38,6.989476620610785e-28,1.7419743260504355e-23,4.050625697922951e-32,1.0696325959290084e-13,1.3630712904608616e-33
TCN,43,21928,5,5,class_5,5,class_5,1,0.9999988079071045,2.0326115790503252e-10,5.722767468796519e-07,3.714416436650936e-07,1.9981879545861886e-22,9.452538713783723e-15,0.9999988079071045,1.6208849155233046e-18,8.030405441331945e-16,4.35611413607262e-09,2.4900022144944958e-15,2.625972399528109e-07,1.6744265091842237e-16
TCN,43,21929,5,5,class_5,5,class_5,1,1.0,2.435736990689397e-41,1.6815581571897805e-43,3.1131246683440136e-41,0.0,0.0,1.0,0.0,0.0,0.0,0.0,2.5439392116698417e-34,0.0
TCN,43,21930,5,5,class_5,5,class_5,1,1.0,1.1069379870600248e-36,2.2835033640768617e-29,9.415709176114672e-35,0.0,4.203895392974451e-44,1.0,0.0,1.401298464324817e-45,4.152047349794433e-42,0.0,1.0802150054229952e-22,0.0
TCN,43,21931,5,5,class_5,5,class_5,1,1.0,4.369583308464625e-13,4.89437795847536e-11,1.8852374088912383e-12,6.021208946380833e-30,7.0510061260146235e-16,1.0,4.323067215061744e-25,1.6787959749647493e-17,1.1873702560654862e-16,2.993457746256583e-20,1.0679320622264399e-10,6.75265500324683e-21
TCN,43,21932,5,5,class_5,5,class_5,1,1.0,6.484553054296547e-15,2.9823196592403817e-14,1.8870640456063875e-13,1.99029279536921e-38,1.6020213718467625e-18,1.0,4.223150065057261e-32,2.7906979662716845e-21,7.431074743579982e-19,1.205369109378325e-24,4.4577690605680786e-14,7.247497668232096e-29
TCN,43,21933,5,5,class_5,5,class_5,1,1.0,0.0,0.0,0.0,0.0,0.0,1.0,0.0,0.0,0.0,0.0,0.0,0.0
TCN,43,21934,5,5,class_5,5,class_5,1,0.9999599456787109,4.0106126107275486e-05,1.1467063193090765e-12,8.65763190305291e-12,5.788264589853488e-34,2.5699113622954706e-17,0.9999599456787109,1.4050470505604693e-30,4.364930245829406e-19,3.2120893316993143e-15,3.9626361389294573e-22,6.086392511945454e-14,9.353396475231645e-21
TCN,43,21935,5,5,class_5,5,class_5,1,1.0,8.014250374444032e-10,5.63351532090195e-10,9.597694861085415e-10,2.412984145813157e-28,4.1445487545275426e-17,1.0,4.825618943341842e-25,3.375054870861016e-15,9.982517035211913e-10,1.5458428049751826e-16,1.434904750574617e-09,5.682630884821304e-17
TCN,43,21936,5,5,class_5,4,class_4,0,0.9983978867530823,0.00019390306260902435,0.00015720653755124658,3.129185105477106e-11,8.119913431189002e-18,0.9983978867530823,0.0012509864754974842,8.553251456980358e-15,4.077346235165438e-14,1.5792524621360826e-08,3.4222861090144052e-12,1.9339706919252464e-11,1.017045377020684e-15
TCN,43,21937,5,5,class_5,5,class_5,1,0.9982020854949951,1.4628077451561694e-06,0.0017928327433764935,1.7914902628035634e-06,1.3727791838617766e-17,5.588004364787125e-11,0.9982020854949951,2.987048135965134e-14,1.7620962198053314e-12,6.476774387920159e-07,1.962210255390673e-11,8.006291807305388e-08,1.2384509773255559e-06
TCN,43,21938,5,5,class_5,5,class_5,1,1.0,9.12322943082093e-21,3.923111511930362e-17,1.2769699967960871e-18,1.2611686178923354e-44,1.219737400311531e-29,1.0,4.012618152594114e-40,1.6685555938041496e-24,2.3389491074797606e-21,2.9737609067328196e-32,2.679908271818331e-15,7.41812121868333e-29
TCN,43,21939,5,5,class_5,5,class_5,1,0.9999967813491821,5.290152760295541e-10,4.3648193392975543e-10,3.140065473417053e-06,6.59265179103403e-24,1.8045944297024263e-16,0.9999967813491821,2.2922675250395e-21,1.0481121314820721e-14,5.171434835915534e-09,2.734964169310219e-17,3.347986421431415e-08,1.2123704335036969e-16
TCN,43,21940,5,5,class_5,5,class_5,1,1.0,5.617146247124231e-35,3.1732036536905786e-33,7.38937172426228e-36,0.0,2.5223372357846707e-44,1.0,0.0,9.80908925027372e-45,1.699775037226003e-42,0.0,9.153031412655163e-29,0.0
TCN,43,21941,5,5,class_5,5,class_5,1,1.0,3.1306803304360734e-23,3.2112132106271714e-30,2.830404923370855e-24,0.0,2.8137879820921265e-28,1.0,0.0,6.471569537752899e-33,3.35101962803126e-34,0.0,2.043259806395917e-22,1.401298464324817e-45
TCN,43,21942,5,5,class_5,5,class_5,1,1.0,5.8198307430799005e-40,1.1538806537431532e-31,4.83032726669141e-35,0.0,0.0,1.0,0.0,0.0,1.5974802493302915e-43,0.0,4.0032134267965175e-28,0.0
TCN,43,21943,5,5,class_5,5,class_5,1,1.0,5.491610727708923e-20,2.7199922002230092e-16,3.212055476851204e-17,2.5223372357846707e-44,3.292833115251536e-25,1.0,4.237258852059622e-37,1.8258310291363343e-23,3.438473282160904e-22,9.220768776211693e-30,9.774207098800069e-15,6.487401730436723e-29
TCN,43,21944,5,5,class_5,5,class_5,1,1.0,1.7038303844454298e-15,3.71447143876491e-12,6.855983608524546e-14,5.218397646087082e-39,1.2392429268105646e-22,1.0,7.83218720416161e-32,1.09170184572219e-23,1.9766028744110413e-18,6.311747362081258e-27,3.3218078895197456e-13,1.37151603500758e-25
TCN,43,21945,5,5,class_5,5,class_5,1,1.0,2.330681340322065e-23,3.0408840677849597e-15,5.737665940670478e-20,0.0,2.8730564159004697e-33,1.0,2.8945328225862676e-31,1.1073214148870268e-30,8.412283042409375e-21,1.3982156077033025e-41,7.18789013814967e-21,1.1211819721807518e-23
TCN,43,21946,5,5,class_5,5,class_5,1,1.0,3.057922481895055e-32,4.446991038666385e-26,2.079763222536974e-30,0.0,7.052735170946804e-42,1.0,0.0,8.241036268694249e-42,1.4959561755899585e-40,0.0,3.2100122851418055e-23,0.0
TCN,43,21947,5,5,class_5,5,class_5,1,1.0,9.068577323540633e-14,9.196939876332522e-10,2.565970547152574e-08,2.413168312864089e-28,2.3478395067323393e-17,1.0,7.042425076273156e-25,3.0990698016477893e-18,1.19826007162439e-14,2.218945516606525e-21,1.7300251509144715e-11,1.5789577345994515e-21
TCN,43,21948,5,5,class_5,5,class_5,1,1.0,0.0,0.0,0.0,0.0,0.0,1.0,0.0,0.0,0.0,0.0,0.0,0.0
TCN,43,21949,5,5,class_5,5,class_5,1,1.0,2.482534290929841e-28,2.975229240236319e-29,5.8938387712314834e-21,0.0,1.1142144479385918e-40,1.0,8.488732587845233e-39,1.0451234271550567e-39,2.518621083734045e-34,0.0,3.248358032776997e-31,5.605193857299268e-45
TCN,43,21950,5,5,class_5,5,class_5,1,0.9999903440475464,9.40317060327267e-11,5.937087266261187e-09,9.55320501816459e-06,1.708230712082755e-25,6.230160876331455e-20,0.9999903440475464,2.0688239484348712e-22,4.115757707603675e-16,5.946793751876456e-11,9.545122724054659e-20,5.467091081061415e-13,6.704009791747012e-08
TCN,43,21951,5,5,class_5,5,class_5,1,1.0,9.983409903386227e-18,6.914009829539796e-19,9.672529952025932e-17,6.241201191302373e-38,1.6233880807767496e-24,1.0,1.6016082318089248e-30,7.703231669863838e-25,3.7898250997830557e-25,2.55254337114038e-33,3.449963333010387e-18,2.4348682169373308e-30
TCN,43,21952,5,5,class_5,5,class_5,1,1.0,3.9926932833138327e-19,2.122992579328101e-15,1.630972858722241e-17,1.5414283107572988e-44,6.176749677094915e-32,1.0,2.47034592384966e-37,1.47798131907379e-25,1.6741112729469134e-21,1.4404764914365553e-32,1.9172773720217695e-14,2.1825721394064523e-19
TCN,43,21953,5,5,class_5,5,class_5,1,1.0,3.461842479346444e-10,5.920099965806003e-10,3.760621591908375e-09,1.958063333503027e-21,6.4255828435833e-10,1.0,1.521173565956442e-17,2.9305360221831833e-12,3.4119664558962537e-12,5.758903951790287e-16,2.1829924534699785e-08,1.886196624311395e-17
TCN,43,21954,5,5,class_5,5,class_5,1,1.0,0.0,0.0,0.0,0.0,0.0,1.0,0.0,0.0,0.0,0.0,0.0,0.0
TCN,43,21955,5,5,class_5,5,class_5,1,1.0,8.416057045589955e-39,5.150697182507908e-25,1.820545841400989e-30,0.0,0.0,1.0,0.0,7.006492321624085e-45,5.180039903223119e-39,0.0,8.390252801588306e-24,0.0
TCN,43,21956,5,5,class_5,5,class_5,1,1.0,1.02152198818096e-30,2.2519193543109455e-30,8.130146883699037e-34,0.0,2.443584262089616e-41,1.0,0.0,2.517993210545264e-41,4.953874254716793e-38,0.0,9.67602380388109e-27,0.0
TCN,43,21957,5,5,class_5,5,class_5,1,1.0,1.4153475733214368e-35,6.348293446841769e-31,5.0846728135107925e-33,0.0,0.0,1.0,0.0,1.1210387714598537e-44,5.64989527831123e-41,0.0,1.2015765373169586e-25,0.0
TCN,43,21958,5,5,class_5,5,class_5,1,1.0,1.8572367995772052e-25,1.0516992614210661e-23,3.1432042590502686e-26,0.0,1.3327807755033387e-34,1.0,0.0,2.3803215101304144e-33,2.2154074183196025e-31,5.264678330468338e-42,1.1861693469803756e-18,1.179893306961496e-42
TCN,43,21959,5,5,class_5,5,class_5,1,1.0,2.353220495219046e-31,7.253458680447552e-25,4.4511447688146425e-28,0.0,1.0272966188730539e-32,1.0,0.0,5.302747641266792e-36,1.475660506724605e-32,0.0,1.4298472210510269e-21,8.896143300766101e-41
TCN,43,21960,5,6,class_6,6,class_6,1,0.9999998807907104,1.7304605665069417e-11,5.5440457067386595e-19,1.5097338526906534e-12,7.076079810985902e-08,3.488302699452883e-17,4.616111094765756e-22,0.9999998807907104,2.565323719356578e-16,8.731952806244175e-21,1.4365470163246385e-25,1.4891999388194524e-30,3.7905092848961996e-15
TCN,43,21961,5,6,class_6,3,class_3,0,1.0,2.322878243791981e-24,1.7467396138978222e-22,6.861912420347403e-32,1.0,1.0797305504163164e-19,7.400267747594093e-34,2.9413387281351788e-08,2.961727387123902e-24,5.956232226605232e-32,3.210786120615676e-29,9.124199132744985e-37,4.6843939253694067e-20
TCN,43,21962,5,6,class_6,6,class_6,1,0.9999988079071045,8.193616451990238e-09,1.3901659413112125e-18,3.822214998661349e-16,1.2434068139555166e-06,5.7879053011130905e-15,4.6761935281951944e-20,0.9999988079071045,5.272861094183601e-16,4.872658127474492e-23,4.27612744318037e-22,4.324061318469279e-28,4.735371572943056e-15
TCN,43,21963,5,6,class_6,6,class_6,1,1.0,3.624078103601898e-33,1.6815581571897805e-44,5.108853941235418e-40,3.216764702765477e-40,4.203895392974451e-45,0.0,1.0,0.0,0.0,0.0,0.0,3.75491936500478e-41
TCN,43,21964,5,6,class_6,3,class_3,0,1.0,3.8537109067396794e-41,1.0374092791089486e-39,0.0,1.0,9.974408635721615e-29,0.0,5.462474832381496e-24,1.0204983643999258e-36,5.689271765158757e-43,1.5700521291237836e-34,0.0,4.44001963449089e-28
TCN,43,21965,5,6,class_6,6,class_6,1,1.0,1.7904127074148957e-13,4.425845922362118e-22,9.769303921199073e-19,8.045229760167416e-11,3.157808972279976e-17,1.1350170936226084e-23,1.0,8.502580630703335e-22,7.510497389204394e-27,1.2750317788779398e-27,2.0757304559961535e-36,2.8242874331928803e-18
TCN,43,21966,5,6,class_6,6,class_6,1,0.9969534873962402,3.825658012601707e-08,1.6479858463400886e-16,7.153388454187129e-17,0.0030465503223240376,1.1727184778820288e-09,1.927929079164235e-20,0.9969534873962402,1.9307350890595165e-18,3.649960327527926e-23,2.4100884576948466e-20,2.2754623959104574e-28,4.911690798276459e-15
TCN,43,21967,5,6,class_6,3,class_3,0,1.0,2.9750084521089767e-25,2.897224486553131e-26,8.871075005486137e-31,1.0,9.959924236005452e-21,9.227628299773537e-38,1.4610684759492135e-14,8.219625343232622e-24,1.4316048759387667e-28,2.8959900301700247e-24,1.7875590146030904e-33,9.763306861758064e-19
TCN,43,21968,5,6,class_6,6,class_6,1,1.0,4.4827669354319255e-11,5.082439633854974e-19,6.747293357172411e-15,6.143207276210205e-09,4.178202101440895e-17,3.092507666776791e-23,1.0,1.098717877746555e-13,6.589194614554004e-19,8.79681895278739e-20,4.5095784462923235e-28,4.000992426256289e-09
TCN,43,21969,5,6,class_6,3,class_3,0,0.7937602996826172,1.9311046628445183e-07,2.026357380502386e-12,5.68231182593304e-12,0.7937602996826172,2.8700736232067925e-10,1.2404610106499648e-15,0.20623919367790222,1.2035289431722163e-10,3.399650081847144e-13,6.690577952772614e-11,1.6324324602721214e-18,2.614756340335589e-07
TCN,43,21970,5,6,class_6,6,class_6,1,1.0,8.271401792658839e-12,9.338471277391961e-22,4.083220591296126e-17,1.0713258724592833e-08,3.872333541103692e-18,7.590602054120908e-26,1.0,1.0126588043179102e-18,1.865163034336366e-22,6.208991064716828e-26,2.659634889864936e-35,7.363994830589249e-12
TCN,43,21971,5,6,class_6,6,class_6,1,1.0,1.3362394729189817e-16,1.8554592740906127e-25,5.949260313004706e-17,1.0552186737203202e-17,3.714186700303943e-24,7.35244821128594e-30,1.0,1.0835769974807694e-25,1.0220374565597278e-28,1.1253651739697732e-36,7.42688186092153e-44,2.780218144783328e-23
TCN,43,21972,5,6,class_6,3,class_3,0,1.0,4.112619632850826e-27,4.615886408845096e-28,2.421266044668218e-34,1.0,1.572431699619063e-19,4.738350627267936e-41,1.982206816265935e-17,1.0530102859994876e-26,4.196898363328398e-29,1.1386784337420107e-21,1.5849518644035667e-34,1.3131801383033256e-18
TCN,43,21973,5,6,class_6,6,class_6,1,1.0,2.107886170230294e-15,9.343324605999045e-28,5.40191798292615e-19,1.8553102792650937e-18,1.0472098472301799e-26,2.0392480700042447e-31,1.0,3.755216933706298e-24,2.685509010733784e-28,2.710794503135401e-38,7.132609183413319e-43,1.7831081211124282e-22
TCN,43,21974,5,6,class_6,6,class_6,1,1.0,1.3213059677302556e-17,1.179254092244014e-16,3.4217202849705296e-17,1.1250932174097978e-16,2.5057197049629615e-21,2.0248208079086432e-25,1.0,9.23941009288466e-27,4.97117383833166e-24,5.666116709334254e-39,4.2389278545825716e-42,7.118770473800342e-21
TCN,43,21975,5,6,class_6,6,class_6,1,1.0,8.854321576291751e-20,8.590936721323596e-29,2.094292070324442e-23,1.63863398922859e-21,7.818471498460396e-28,8.628454551046951e-34,1.0,8.231685184706646e-29,1.9576454364876757e-28,6.878763966600878e-40,4.203895392974451e-45,4.29791332013655e-23
TCN,43,21976,5,6,class_6,6,class_6,1,1.0,1.6649620118475324e-14,3.670986941640049e-23,7.94560414224754e-18,1.7551050890407538e-11,7.724552641111857e-21,9.939360827409024e-27,1.0,2.911656066218463e-22,1.5218458064490878e-26,2.454024110530884e-35,2.6669355427601914e-38,2.410676499099841e-19
TCN,43,21977,5,6,class_6,6,class_6,1,1.0,2.051523454425514e-14,9.162811517549692e-22,8.020207768488851e-19,4.0730316896997465e-09,3.767564382756677e-20,1.7940425083146308e-25,1.0,2.1665233362580633e-17,6.097810231469382e-23,2.158857150390877e-26,1.6022070756510077e-30,1.2313279736109184e-12
TCN,43,21978,5,6,class_6,3,class_3,0,0.9891977906227112,2.4972066081652144e-10,4.081836526225423e-15,1.88917959509545e-14,0.9891977906227112,1.6177961748020664e-12,4.660776044799942e-19,0.010802038013935089,1.835771552133325e-12,2.694039077631913e-17,5.542782436507169e-16,1.9148857576077878e-22,8.565940134985794e-08
TCN,43,21979,5,6,class_6,3,class_3,0,0.99944669008255,3.254459402028632e-16,5.4385815021271286e-17,4.575509976452292e-21,0.99944669008255,1.2614355157755837e-14,1.1782726001005983e-25,0.0005528416368179023,8.501533107528668e-16,8.546910241394075e-20,1.217318694102438e-16,9.897067652349313e-25,4.5459398734237766e-07
TCN,43,21980,5,6,class_6,6,class_6,1,1.0,1.8641507720617542e-17,8.651713051837381e-29,1.5999246530646488e-28,5.222649027657178e-13,1.5069830938685413e-09,2.4253654202355433e-38,1.0,3.172191080173462e-38,2.0684331497069124e-30,3.195979729174974e-34,0.0,4.360369646813432e-23
TCN,43,21981,5,6,class_6,0,class_0,0,0.9202374219894409,0.9202374219894409,8.230384764829068e-07,0.0008740773773752153,0.00437796488404274,5.3606061555910856e-05,2.1764799384982325e-07,0.07439655810594559,1.042578060150845e-05,1.4772128906770376e-06,7.34435661797761e-06,1.6392567858680707e-10,4.020096457679756e-05
TCN,43,21982,5,6,class_6,6,class_6,1,1.0,4.073981248551705e-16,1.5325737995738335e-30,1.0755862624563264e-20,9.123816292847317e-22,1.661905112292539e-16,6.789682994466777e-32,1.0,7.763414319419576e-32,3.1409861085994244e-34,3.7439760647774816e-38,0.0,3.971002152180144e-27
TCN,43,21983,5,6,class_6,6,class_6,1,0.9503049850463867,5.14194107381627e-06,5.400967000024348e-12,2.836958723495542e-10,0.04968734830617905,5.5251998531957724e-08,4.016299363634871e-16,0.9503049850463867,4.3521023590509245e-11,1.1481789911199636e-12,3.795958825048018e-10,3.298472519199842e-20,2.4983648927445756e-06
TCN,43,21984,5,6,class_6,3,class_3,0,1.0,3.020758525048187e-28,1.416034599006871e-26,1.569975010265885e-33,1.0,4.447314643105121e-18,3.247615689756052e-38,5.09085469905992e-14,1.4364086267025546e-27,3.5298126402155667e-32,1.8804990750770085e-25,6.455107720323399e-38,3.767330839539053e-22
TCN,43,21985,5,6,class_6,6,class_6,1,1.0,4.8261945357013364e-23,5.5432153006324234e-36,1.498890488552716e-28,1.01005485296538e-25,9.103246845816482e-27,1.0853776873606371e-38,1.0,9.395934267425564e-36,6.576153563229934e-41,0.0,0.0,1.404053052537414e-30
TCN,43,21986,5,6,class_6,4,class_4,0,0.9999992847442627,1.9248999502234143e-19,1.701727654932373e-19,1.345536010429774e-26,7.732650715297495e-07,0.9999992847442627,1.6933719475798774e-29,4.3127982962687383e-08,8.192825109411965e-31,1.8967803293491325e-32,2.992446340748023e-23,4.2598114055964044e-39,5.458486672119441e-26
TCN,43,21987,5,6,class_6,3,class_3,0,0.9999970197677612,2.1457172292232925e-16,1.6040060247152635e-23,1.601576964215907e-25,0.9999970197677612,8.786776306557442e-10,2.7365080533730757e-33,2.9873217499698512e-06,1.801938389678311e-25,6.255602607352758e-23,3.959691361812381e-19,8.174764940680628e-38,3.5522472550258977e-12
TCN,43,21988,5,6,class_6,6,class_6,1,1.0,1.3617897608175777e-11,1.1985803656989148e-21,1.0795240945364763e-20,1.8839299911754814e-11,1.6207537048562592e-11,7.355709532905517e-28,1.0,3.675202772089731e-24,5.230129113311137e-19,6.702329464026074e-21,1.1854799364167399e-36,2.3955948444571995e-13
TCN,43,21989,5,6,class_6,6,class_6,1,1.0,5.545611146047916e-19,3.621104207301726e-27,1.8911366717909194e-27,1.7131223160244748e-17,4.427598445789062e-16,1.7949993887485666e-34,1.0,5.757357353621516e-34,1.9039833708178357e-29,5.9258690194443966e-30,0.0,1.205907842212023e-23
TCN,43,21990,5,6,class_6,6,class_6,1,1.0,1.1441545027476738e-16,4.6346690475610805e-24,5.016922308761571e-21,1.4204967497405407e-13,2.2532046266232607e-18,1.1466090792197078e-25,1.0,3.825018896474327e-24,6.2747914777967166e-30,1.2563401502944412e-30,4.740382510041207e-38,2.0574195834802085e-19
TCN,43,21991,5,6,class_6,6,class_6,1,1.0,1.7750767522528577e-10,8.878811296049238e-27,8.685837689042735e-22,5.2567572773206224e-17,1.067807949053071e-17,4.335822009674679e-30,1.0,6.039854972554368e-26,9.309480419642261e-30,2.191753415695746e-31,3.7001285950496795e-41,1.6748952744689583e-23
TCN,43,21992,5,6,class_6,6,class_6,1,1.0,1.6450380724219702e-17,6.590949715008567e-28,7.796515031997465e-22,4.8527751701672796e-17,5.71603532921093e-21,1.9085706199724846e-30,1.0,8.285557056369803e-29,2.1405942687128383e-34,2.674547396018404e-37,0.0,4.8478128053531364e-26
TCN,43,21993,5,6,class_6,6,class_6,1,1.0,1.3774268734956957e-15,1.1951446092300456e-25,1.2921578230666176e-22,1.0861922656417304e-18,6.462546926568643e-16,4.827705645945756e-30,1.0,9.892742284768859e-30,1.6366735630747447e-27,2.9790904288482614e-29,8.407790785948902e-45,1.7105645984860488e-22
TCN,43,21994,5,6,class_6,6,class_6,1,1.0,2.906514818320355e-13,6.312448939841399e-26,1.7159608690145118e-17,1.2645628461201413e-14,1.8952401485894066e-18,9.872697266092987e-28,1.0,2.0045641910653452e-23,8.832388151038993e-29,4.981062684314202e-32,1.3534441217681246e-40,1.0635257429431045e-20
TCN,43,21995,5,6,class_6,6,class_6,1,0.9999998807907104,1.3896709465064934e-15,2.1056848101872956e-29,3.2761045185694675e-26,6.18033090101568e-17,8.513318761060873e-08,1.3566270961202407e-35,0.9999998807907104,1.0001680348094208e-37,7.881846109948891e-33,2.1910725675310398e-34,0.0,1.4393616227306605e-24
TCN,43,21996,5,6,class_6,6,class_6,1,1.0,1.5647815617032823e-15,7.863877222829269e-28,1.8686484373955406e-19,1.1287887584657612e-19,4.787212185208935e-23,4.3150180542300976e-29,1.0,1.5055574311299877e-25,8.843504490784211e-31,1.7458403140073228e-37,5.716989448783102e-40,1.9779093699388325e-24
TCN,43,21997,5,6,class_6,6,class_6,1,1.0,1.0941202371691003e-30,0.0,3.852253556336782e-40,5.04728738873786e-37,4.404429018204816e-34,0.0,1.0,0.0,0.0,0.0,0.0,2.8140875760570976e-41
TCN,43,21998,5,6,class_6,6,class_6,1,1.0,3.825465551970941e-12,7.763724166760218e-21,1.7490069925663564e-14,4.633888828209365e-10,4.597462433031439e-16,1.6763168926969428e-20,1.0,1.1330564520796213e-17,1.4889497150556927e-23,4.609257569828809e-26,6.782056974865817e-29,3.5011161903624724e-16
TCN,43,21999,5,6,class_6,6,class_6,1,0.979324996471405,8.21639544595909e-12,1.7074477122657539e-18,2.5113308410273623e-21,1.318124031968182e-05,0.020661814138293266,1.5810276691915643e-28,0.979324996471405,6.532904082322025e-30,1.6470337296602853e-21,4.636677518980209e-22,1.869332151409306e-42,3.6616625504872565e-16
TCN,43,22000,5,7,class_7,7,class_7,1,1.0,0.0,0.0,0.0,0.0,0.0,0.0,0.0,1.0,0.0,0.0,1.2698812953508807e-35,0.0
TCN,43,22001,5,7,class_7,7,class_7,1,1.0,0.0,0.0,0.0,0.0,0.0,0.0,0.0,1.0,0.0,0.0,7.707141553786494e-44,0.0
TCN,43,22002,5,7,class_7,7,class_7,1,1.0,0.0,0.0,0.0,0.0,0.0,0.0,0.0,1.0,0.0,0.0,1.429943807532545e-39,0.0
TCN,43,22003,5,7,class_7,7,class_7,1,1.0,6.424614853283479e-25,1.991539907671602e-29,6.929815643536486e-22,2.9203972247874104e-31,3.8493668815002725e-42,2.1154865947128363e-26,3.4237076191978875e-38,1.0,5.1813352799402824e-20,6.121176671121339e-26,7.207114679358417e-12,1.4140462740105776e-21
TCN,43,22004,5,7,class_7,7,class_7,1,1.0,5.333627308646964e-20,4.269720003308107e-25,2.2334875520334645e-26,3.4955856885507276e-34,2.080913225628785e-38,1.5366763914672428e-24,3.5592980993850354e-43,1.0,5.708955664831499e-20,5.373673028493474e-21,7.720456496329575e-10,1.4483774647126248e-25
TCN,43,22005,5,7,class_7,7,class_7,1,1.0,9.874276307482835e-21,7.133508021194424e-20,1.1932328887307884e-15,4.4774208153083515e-21,1.450851927671899e-29,1.6754175496920212e-25,2.679051307444943e-29,1.0,2.1144264927808708e-14,5.095412720991949e-17,1.0510278411479668e-11,3.330670198841103e-17
TCN,43,22006,5,7,class_7,7,class_7,1,1.0,8.226871943816854e-39,1.252751186172952e-37,1.068334927281703e-37,1.18689979928312e-42,0.0,0.0,0.0,1.0,2.927493363969425e-22,3.357708000528703e-10,1.3565250227865637e-18,4.479980785870007e-37
TCN,43,22007,5,7,class_7,7,class_7,1,1.0,1.5695670697602152e-19,2.5072348894307117e-25,4.836937322394727e-24,1.506864622721852e-36,6.221765181602188e-43,2.536154264497967e-30,2.6624670822171524e-44,1.0,1.5514670711341827e-12,9.008333036903413e-16,2.943677203035011e-13,3.6207047334759663e-19
TCN,43,22008,5,7,class_7,7,class_7,1,1.0,9.236442556797242e-36,2.4859413107707623e-39,1.2037468432655227e-32,1.6815581571897805e-43,0.0,0.0,0.0,1.0,1.273188952810653e-28,1.6965373590919298e-26,2.069459580997862e-22,8.822863982723058e-35
TCN,43,22009,5,7,class_7,7,class_7,1,1.0,4.449726307304669e-32,9.783025098837278e-41,1.047490891829891e-31,5.189850393771857e-39,0.0,2.2560905275629555e-43,0.0,1.0,3.9409317513047866e-24,1.9805222530281245e-31,1.4365168871598687e-14,1.8387221513166805e-28
TCN,43,22010,5,7,class_7,7,class_7,1,0.9993494153022766,1.1133437454657476e-19,5.1466531478195825e-20,8.024565459353357e-19,6.078645298801321e-20,6.135884728476432e-28,3.9799764218087006e-24,1.1553617325441511e-32,0.9993494153022766,4.19081214175776e-09,2.233491711890745e-14,0.0006505175842903554,2.215303204007764e-14
TCN,43,22011,5,7,class_7,7,class_7,1,1.0,0.0,0.0,1.401298464324817e-45,0.0,0.0,0.0,0.0,1.0,1.0357963845765107e-39,5.885453550164232e-44,1.4234916071585438e-27,1.2362255052273536e-41
TCN,43,22012,5,7,class_7,0,class_0,0,1.0,1.0,0.0,2.9847657290118604e-43,0.0,0.0,2.2454959040247444e-36,0.0,2.7699447605934753e-34,7.666377781459285e-40,0.0,0.0,0.0
TCN,43,22013,5,7,class_7,0,class_0,0,1.0,1.0,1.0750761818299997e-41,2.653221615387928e-34,0.0,0.0,1.3339201096275487e-34,0.0,9.554455412063255e-15,3.020883710494572e-29,1.401298464324817e-45,1.1512224575862828e-28,8.491097979653013e-40
TCN,43,22014,5,7,class_7,10,class_10,0,0.9919597506523132,5.32048494150672e-09,7.678769022195453e-22,5.912808701901394e-24,3.3346410503358284e-28,3.5262870740486934e-30,7.667372678792469e-17,2.899690362825218e-32,0.008040199987590313,1.8345790042824904e-14,1.764256617397053e-22,0.9919597506523132,9.935036127117769e-11
TCN,43,22015,5,7,class_7,7,class_7,1,1.0,7.570267139440665e-20,7.909703122011471e-34,9.372105125308985e-26,5.720479242478657e-38,0.0,2.857947043141832e-35,0.0,1.0,2.5446897586915724e-24,9.995024054661704e-27,1.446045966033519e-20,5.127305453700963e-27
TCN,43,22016,5,7,class_7,7,class_7,1,1.0,6.7204829482431915e-28,7.6765545356833615e-28,3.8223856976468125e-28,2.008803324677764e-32,1.2430780789256563e-37,7.052054861712968e-31,3.993700623325729e-43,1.0,6.130776418202915e-20,2.9497577702615993e-21,3.2862747245676616e-11,9.940844255689389e-26
TCN,43,22017,5,7,class_7,7,class_7,1,1.0,0.0,0.0,0.0,0.0,0.0,0.0,0.0,1.0,0.0,0.0,3.5592980993850354e-43,0.0
TCN,43,22018,5,7,class_7,7,class_7,1,1.0,1.3698533267853682e-39,5.730089347346996e-38,8.307191569195024e-40,5.575766589548447e-42,0.0,0.0,0.0,1.0,6.729545584930201e-26,1.076312449434369e-28,1.1847520505489484e-21,3.765965632643237e-37
TCN,43,22019,5,7,class_7,7,class_7,1,1.0,6.750620692707578e-36,3.093446086480798e-34,9.218869177340764e-30,1.5409572502655313e-37,0.0,1.5414283107572988e-44,0.0,1.0,3.066813520460656e-24,5.652889063296442e-29,9.055705884518354e-24,4.217671894040444e-34
TCN,43,22020,5,7,class_7,7,class_7,1,1.0,1.3536612745115369e-33,8.680892646258095e-39,6.498954146763112e-26,1.8000616827210316e-32,0.0,0.0,0.0,1.0,2.8083506790901624e-21,4.333970182894168e-30,2.932096588232443e-23,2.8009212470382197e-24
TCN,43,22021,5,7,class_7,7,class_7,1,1.0,3.7905586942025926e-27,4.7275186914806105e-33,2.799767537964334e-24,4.708420581699595e-34,4.203895392974451e-45,2.072595117944553e-38,0.0,1.0,1.2427230529582632e-21,3.059856374131524e-19,2.5284609695691627e-18,1.8273342874077041e-25
TCN,43,22022,5,7,class_7,7,class_7,1,1.0,0.0,0.0,0.0,0.0,0.0,0.0,0.0,1.0,1.5414283107572988e-44,0.0,1.5003273995985812e-19,2.4102333586386854e-43
TCN,43,22023,5,7,class_7,7,class_7,1,1.0,1.8099768306334238e-32,1.996003927390412e-37,2.893566018919722e-28,2.5341902589750086e-38,0.0,5.605193857299268e-45,0.0,1.0,4.6442588351554e-25,8.767130422285862e-29,4.3696608505551253e-23,6.577694174758231e-26
TCN,43,22024,5,7,class_7,7,class_7,1,1.0,1.3550556150020981e-42,5.044674471569341e-44,6.542791449391289e-39,0.0,0.0,0.0,0.0,1.0,2.4050301442453096e-32,3.190008197783782e-36,3.140796939064422e-25,2.292931090184788e-36
TCN,43,22025,5,7,class_7,7,class_7,1,1.0,1.0539334839966899e-13,1.1154815937588909e-17,3.712957065827964e-15,7.327134463019804e-23,1.0265477004148159e-26,4.00619120685595e-21,1.1724475055761426e-27,1.0,4.213803351388323e-12,4.8639393158749974e-14,4.891680810414911e-11,1.2642419619155805e-18
TCN,43,22026,5,7,class_7,7,class_7,1,1.0,4.203895392974451e-45,5.493089980153283e-43,1.6577360832962586e-41,0.0,0.0,0.0,0.0,1.0,3.9040256272481444e-28,1.4410589488873878e-32,2.733935556220429e-28,1.1577387782405206e-39
TCN,43,22027,5,7,class_7,7,class_7,1,1.0,4.360328235417306e-34,4.60505911734136e-40,1.7253760884307322e-29,6.328263864890874e-42,0.0,2.802596928649634e-45,0.0,1.0,8.893981158604e-31,1.0637280408711641e-36,1.088059280492332e-24,4.348236255638184e-34
TCN,43,22028,5,7,class_7,7,class_7,1,1.0,0.0,0.0,0.0,0.0,0.0,0.0,0.0,1.0,1.3417572925756556e-40,1.3395306293158435e-39,1.4557575006967505e-30,0.0
TCN,43,22029,5,7,class_7,7,class_7,1,1.0,0.0,0.0,0.0,0.0,0.0,0.0,0.0,1.0,0.0,0.0,1.0703650163929396e-39,0.0
TCN,43,22030,5,7,class_7,7,class_7,1,1.0,0.0,0.0,0.0,0.0,0.0,0.0,0.0,1.0,0.0,0.0,1.2411621672366238e-32,0.0
TCN,43,22031,5,7,class_7,7,class_7,1,1.0,0.0,0.0,0.0,0.0,0.0,0.0,0.0,1.0,0.0,0.0,3.1192274240496376e-36,0.0
TCN,43,22032,5,7,class_7,7,class_7,1,0.9999997615814209,1.9130663840362494e-24,5.864582479321613e-24,2.0849890336691705e-23,1.637049573933367e-25,5.84695068614081e-34,7.405113969321424e-29,1.1022893980071876e-40,0.9999997615814209,1.3168733880689922e-16,6.301563275096927e-14,1.9592275180002616e-07,1.0470050720293452e-20
TCN,43,22033,5,7,class_7,7,class_7,1,1.0,0.0,0.0,0.0,0.0,0.0,0.0,0.0,1.0,3.030408782220528e-27,4.344025239406933e-44,2.5782162735568303e-30,0.0
TCN,43,22034,5,7,class_7,7,class_7,1,1.0,0.0,0.0,0.0,0.0,0.0,0.0,0.0,1.0,0.0,0.0,1.283112951843662e-40,0.0
TCN,43,22035,5,7,class_7,7,class_7,1,1.0,0.0,0.0,0.0,0.0,0.0,0.0,0.0,1.0,2.358665575151532e-41,0.0,3.9321764219151676e-32,0.0
TCN,43,22036,5,7,class_7,7,class_7,1,1.0,0.0,0.0,0.0,0.0,0.0,0.0,0.0,1.0,5.718172324053196e-36,4.203895392974451e-45,9.559503933260782e-34,0.0
TCN,43,22037,5,7,class_7,7,class_7,1,1.0,0.0,0.0,0.0,0.0,0.0,0.0,0.0,1.0,7.006492321624085e-45,0.0,2.128782281819353e-38,0.0
TCN,43,22038,5,7,class_7,7,class_7,1,1.0,0.0,0.0,0.0,0.0,0.0,0.0,0.0,1.0,1.0613434568796164e-40,0.0,1.249400849700567e-37,0.0
TCN,43,22039,5,7,class_7,7,class_7,1,1.0,2.8954150275289914e-13,0.0,1.6100061760431981e-38,0.0,0.0,0.0,0.0,1.0,7.266306574664462e-33,0.0,7.482350982328644e-29,6.764067687295892e-42
TCN,43,22040,5,8,class_8,8,class_8,1,1.0,1.3442363541726898e-11,3.899748400000728e-23,4.78383435295604e-12,2.997272793714557e-21,1.6236655865499782e-18,1.1860119418783987e-24,1.9187382939447885e-24,4.104613715324401e-18,1.0,7.985601104191337e-16,2.340050319135203e-18,8.782859219091423e-15
TCN,43,22041,5,8,class_8,8,class_8,1,0.9761444926261902,2.554274292076997e-10,4.554776212751736e-23,0.023855507373809814,1.2178982124270204e-23,3.981094676318062e-21,7.874869461823884e-24,8.041536996207539e-22,5.42118111604992e-15,0.9761444926261902,9.777604678646043e-19,4.292684484999481e-21,2.1501125532785714e-12
TCN,43,22042,5,8,class_8,2,class_2,0,1.0,1.8601948635002806e-16,1.5525736150368698e-24,1.0,5.503383088166381e-25,6.586096010436847e-29,1.0665921980051698e-22,2.673862655363983e-23,4.490927922881714e-16,2.5371326946906775e-14,2.8652722302549777e-27,3.0193590010614072e-24,6.463505264939123e-17
TCN,43,22043,5,8,class_8,2,class_2,0,1.0,3.6296198658398657e-14,1.1174694380178265e-19,1.0,2.3945445707622388e-20,1.4735620956308385e-25,2.776202716558008e-22,1.4240064696652215e-21,3.8211610525057393e-13,2.2829928919554376e-11,2.479887793556061e-25,1.740986179947894e-21,1.1983280036667598e-15
TCN,43,22044,5,8,class_8,2,class_2,0,0.9999960660934448,1.6385539538532612e-06,9.953935592443841e-11,0.9999960660934448,1.2760139611600607e-09,1.171874988541155e-12,1.0337540285593194e-12,2.761516570970457e-10,1.6976693828496536e-08,2.3498255359299947e-06,6.296469557765319e-14,6.739810668116367e-14,2.2400158117275026e-10
TCN,43,22045,5,8,class_8,8,class_8,1,0.9999977350234985,8.190392719598094e-08,2.6039596978774844e-14,2.198953325205366e-06,1.3850526628389481e-12,6.45343722904812e-10,1.4658371088119293e-12,4.027972007043627e-14,2.4275836896237024e-10,0.9999977350234985,8.755836944374096e-09,9.888897478660397e-10,3.711552665208728e-08
TCN,43,22046,5,8,class_8,2,class_2,0,0.999969482421875,3.0213037462090142e-05,6.529939349658731e-12,0.999969482421875,2.6561578457540147e-12,1.6122822207084025e-13,1.7991052441226896e-12,1.6780393047310938e-11,2.1950985473750961e-10,3.439352269651863e-07,9.903362852003994e-13,7.845250590332607e-18,1.1089004714470718e-11
TCN,43,22047,5,8,class_8,8,class_8,1,0.9999946355819702,5.419231001724256e-06,4.193223105794817e-16,2.213998051558974e-08,3.3349351834384567e-18,5.14777192498362e-14,2.2536556468522553e-19,1.4651069538448682e-18,4.604095967322697e-13,0.9999946355819702,4.869474268254237e-10,2.0788489067105273e-14,3.3218614491070664e-12
TCN,43,22048,5,8,class_8,8,class_8,1,1.0,6.427460042566512e-17,1.5425111166043855e-28,1.8540646448683695e-11,1.1539897358046654e-25,8.901989237387892e-24,5.5447128132806644e-30,2.2385335017285274e-29,2.296040639933414e-19,1.0,4.848672843205683e-22,1.6966647683618587e-21,1.5466390159456017e-16
TCN,43,22049,5,8,class_8,8,class_8,1,0.9141948223114014,0.03628449887037277,3.140831950076972e-08,0.04950343444943428,1.1482090452041849e-11,5.8887881237978945e-09,1.3120241248998354e-07,6.542482555715878e-09,1.0422886589367408e-05,0.9141948223114014,6.887925252385685e-08,7.722677963784008e-08,6.501057669083821e-06
TCN,43,22050,5,8,class_8,2,class_2,0,0.9942919015884399,0.0017272831173613667,1.3306110448635953e-15,0.9942919015884399,1.616919854208353e-16,2.174985452157996e-13,1.1237320989910312e-14,3.115283503168573e-14,5.910064104774904e-11,0.003980868961662054,6.148055697353938e-13,1.3646725690132956e-15,4.4209769178849e-10
TCN,43,22051,5,8,class_8,8,class_8,1,1.0,9.315561655398596e-10,7.969514480278909e-28,3.2662026668093657e-15,1.7783671480708856e-29,1.4174982182602093e-20,1.1753562059858996e-23,8.549278254773393e-31,2.2653838271673384e-17,1.0,5.462583239478763e-15,5.747241590236545e-19,7.249058509473787e-18
TCN,43,22052,5,8,class_8,8,class_8,1,1.0,9.62811164129107e-10,1.0850787357806269e-17,5.2792761273678934e-09,1.8880559211876223e-15,1.1564685671496943e-14,3.1133805173834454e-20,1.7011918900496225e-17,5.208142673639865e-14,1.0,9.465652139059935e-14,1.0329174615511614e-14,2.8971582077819136e-11
TCN,43,22053,5,8,class_8,2,class_2,0,1.0,3.243545154685279e-10,3.2547551190976198e-18,1.0,6.985856152606737e-19,1.0856241476572714e-19,2.4148568818975306e-14,4.656680623956356e-16,1.7402695766648851e-13,5.518660615294602e-12,3.3881101300521876e-22,1.2036354207107976e-19,7.51306153995066e-16
TCN,43,22054,5,8,class_8,0,class_0,0,0.9077930450439453,0.9077930450439453,4.2845805126034975e-08,0.09207451343536377,6.018664862494916e-06,6.506455463295424e-08,1.7299914389923288e-08,0.00011304520739940926,3.9117890082707163e-07,1.198279278469272e-05,7.281587777185905e-09,1.288627516325691e-12,7.383295610452478e-07
TCN,43,22055,5,8,class_8,2,class_2,0,0.9999850988388062,6.382735451282429e-10,2.193475858465246e-17,0.9999850988388062,4.0781741278150626e-19,1.1508284688993537e-19,3.8487721285357314e-18,8.862375859765574e-18,1.6946581941554295e-12,1.4845230907667428e-05,5.414256932726027e-19,1.2704608794686828e-16,1.1347560044394633e-11
TCN,43,22056,5,8,class_8,2,class_2,0,1.0,2.9918010020404542e-21,2.215713940226523e-29,1.0,3.694170763459121e-28,2.162623537942477e-34,2.975070351015907e-29,3.2447235701300174e-27,6.812786348576747e-21,3.592165508868291e-15,6.631273290802132e-36,8.281251436853701e-31,4.5058952356206215e-22
TCN,43,22057,5,8,class_8,2,class_2,0,0.9895703792572021,1.240690128412325e-08,5.789089691401368e-17,0.9895703792572021,1.19771461294354e-21,3.807061132557439e-18,5.62173408952954e-13,1.8161642049302055e-17,1.9956447605551375e-09,0.01042956206947565,7.57292876987141e-16,1.2323927685645164e-12,1.5255101869227072e-12
TCN,43,22058,5,8,class_8,2,class_2,0,1.0,3.509825485803475e-10,7.060795510779168e-18,1.0,2.2040781963358078e-16,6.747335417652198e-18,1.3714699554754522e-16,1.1204389195954012e-14,1.0977061815943545e-13,3.053404697053036e-14,6.983174226720071e-24,7.903745715259499e-23,4.3575539661145414e-18
TCN,43,22059,5,8,class_8,0,class_0,0,0.7841097712516785,0.7841097712516785,2.3313360451664676e-14,0.008825994096696377,3.938144949033884e-12,9.89156759972909e-12,2.4187698353006666e-14,4.503441175529588e-09,2.2384534226205233e-09,0.20706303417682648,3.742677348594903e-11,9.058994500995166e-15,1.1307773775115493e-06
TCN,43,22060,5,8,class_8,8,class_8,1,0.7350941896438599,0.2649058401584625,8.188533257694522e-16,4.439836271931874e-15,1.000178409864461e-20,3.722746333423288e-09,1.3916544782874296e-12,1.6657862975963713e-23,1.1652741271905853e-10,0.7350941896438599,1.0274866759285226e-13,4.27956302699302e-16,2.924319586396912e-13
TCN,43,22061,5,8,class_8,8,class_8,1,1.0,5.526711430766997e-26,0.0,2.8205127426511467e-30,0.0,7.141577493584998e-41,0.0,0.0,3.836932050914509e-30,1.0,1.1678854590203753e-27,1.128531514797014e-32,1.9258036992786112e-35
TCN,43,22062,5,8,class_8,8,class_8,1,1.0,4.000625614515971e-17,3.4041239082750805e-29,2.6068326102958056e-18,3.4042502127920876e-31,1.4779756491360336e-25,1.3133394884367742e-27,1.9806435942737157e-38,3.614622443412591e-17,1.0,6.55798186403799e-17,1.9355946924402043e-17,2.8075135525193163e-22
TCN,43,22063,5,8,class_8,2,class_2,0,0.999747097492218,1.8736772133820523e-09,6.202738892937496e-17,0.999747097492218,2.6199324951229103e-23,1.5248712700897073e-19,2.0455717120171357e-09,1.0373270992521531e-21,8.945876288635191e-07,0.0002445299469400197,2.6846338262794152e-14,7.421107511618175e-06,7.63382759783049e-12
TCN,43,22064,5,8,class_8,2,class_2,0,0.9982557892799377,0.000823635549750179,1.637625972328305e-11,0.9982557892799377,2.9388550105849745e-14,4.00136975148898e-14,8.407108680330566e-07,5.814249364084756e-13,2.031615053965652e-08,0.0009196994360536337,2.1067364500593384e-14,1.9423001873519752e-08,2.080416372507443e-08
TCN,43,22065,5,8,class_8,8,class_8,1,1.0,4.451327154098017e-11,1.8956709739792275e-21,1.6898999533054848e-08,9.437275537791041e-22,2.4602843460481072e-21,8.327099595187752e-21,8.093479927081508e-26,2.9645630394981026e-10,1.0,2.848015334851184e-13,8.899815021230773e-13,2.2898495599665836e-10
TCN,43,22066,5,8,class_8,8,class_8,1,1.0,2.766630813333393e-10,5.915422918405061e-19,9.675764529870623e-12,1.769383998004004e-18,1.1762702697948003e-17,6.703742068792465e-19,9.331344771083067e-23,6.415469826388798e-13,1.0,6.219540160667947e-11,2.059197430626103e-12,2.2181330383563846e-10
TCN,43,22067,5,8,class_8,8,class_8,1,1.0,1.8311820619830657e-22,1.248556931713412e-42,2.8332740597869504e-27,0.0,4.367315940922783e-36,1.3418906737686839e-36,0.0,2.9289744739848046e-25,1.0,2.9368130165621804e-28,2.0275549119837338e-27,1.8491470322129457e-35
TCN,43,22068,5,8,class_8,8,class_8,1,0.9999963045120239,2.7708864536180045e-07,1.4158819787186278e-13,6.698192223097976e-09,1.9203792013806588e-16,8.931493322705819e-10,4.2363253746971474e-13,6.493910650781339e-15,1.590632403569714e-09,0.9999963045120239,3.2546697639190825e-06,2.3794544290467456e-07,7.166216231535572e-11
TCN,43,22069,5,8,class_8,8,class_8,1,1.0,2.4645887108931674e-08,8.385160507229879e-25,4.595742897350874e-09,3.0906747509287e-26,1.6173831821093806e-20,5.201623380143422e-24,4.2163416315487145e-24,3.3288906434994145e-14,1.0,3.583339340854606e-14,3.028056759650418e-16,5.060079959207098e-14
TCN,43,22070,5,8,class_8,8,class_8,1,1.0,2.2442815834911034e-12,1.0906056878000071e-18,7.521467071402738e-15,1.0161791848385336e-20,1.947572003012176e-16,4.373949224653652e-22,6.777061122720468e-23,3.2470110178069514e-14,1.0,3.991599828445658e-10,2.963552255159929e-13,8.379305582728591e-11
TCN,43,22071,5,8,class_8,8,class_8,1,1.0,5.688471070408827e-30,0.0,3.725490380659492e-27,0.0,8.547920632381384e-44,0.0,0.0,1.8805572289168652e-24,1.0,7.19634585965177e-27,1.5480049521413716e-28,3.209947035703391e-33
TCN,43,22072,5,8,class_8,7,class_7,0,0.9826362133026123,1.372088071415964e-13,3.030040131964167e-20,4.2236448171383e-13,1.0107994056984676e-18,5.36365422678446e-24,1.0941435273797325e-27,5.6126122586768285e-19,0.9826362133026123,8.678245899673698e-10,0.013558748178184032,1.0596780275636507e-15,0.0038050010334700346
TCN,43,22073,5,8,class_8,8,class_8,1,1.0,5.957690864217853e-23,2.1714025521977e-34,7.331343645075995e-19,5.45656108131928e-31,4.071996389756917e-29,3.9696010923362704e-38,2.1828924411103308e-38,1.4197067581839832e-19,1.0,3.815868819948578e-23,2.4603943700562802e-23,5.591117535639507e-24
TCN,43,22074,5,8,class_8,8,class_8,1,1.0,6.370351159556628e-14,1.1413201366287502e-25,7.804633044406048e-16,6.558303388428321e-33,4.632874073919564e-28,1.1066865544397025e-25,1.2845170035792095e-35,1.899473112132455e-08,1.0,2.0720946659891215e-14,9.264207456727291e-11,5.290909892357136e-20
TCN,43,22075,5,8,class_8,2,class_2,0,1.0,5.654167672258792e-12,2.9069310998918415e-20,1.0,7.63986857187332e-19,3.2108730018091613e-21,2.185167550513645e-15,7.782657833380719e-17,1.9501734211876953e-13,3.54265526419581e-13,2.0973152061943023e-22,4.676413248045404e-20,9.527217314021394e-18
TCN,43,22076,5,8,class_8,8,class_8,1,1.0,2.2180192998564295e-17,1.212848002834921e-28,2.3966849338474816e-11,3.950348094270546e-27,8.144778220545253e-24,2.1234482639174867e-28,3.85826927172233e-32,1.968479370188813e-15,1.0,1.707520908056442e-21,1.0926675388743721e-17,2.900130447410434e-20
TCN,43,22077,5,8,class_8,8,class_8,1,1.0,7.167425312908922e-24,1.0925534094531232e-35,4.7528180032018816e-17,2.897162168350187e-31,5.303087222322249e-30,1.180916142736576e-37,8.043873574763747e-40,3.9523087748453453e-19,1.0,3.0147325290675123e-24,7.944875172572589e-26,1.7829780537263754e-23
TCN,43,22078,5,8,class_8,8,class_8,1,1.0,2.3582087993819333e-23,3.4275760437385026e-42,4.0919589545570446e-29,3.0542701328423713e-41,9.463240933038644e-35,3.4053826149721575e-37,0.0,1.0939983184249015e-24,1.0,2.8575130436950304e-26,4.114376851332085e-27,4.890937612370273e-21
TCN,43,22079,5,8,class_8,8,class_8,1,0.9933487772941589,0.0065768142230808735,8.531112483112224e-10,7.942694862006407e-15,2.9618529845085216e-20,7.42664560675621e-05,1.7301019283877395e-07,2.964663606299225e-23,1.2612331968739343e-12,0.9933487772941589,1.7830150689235325e-09,1.6626295826216442e-11,1.171779470329759e-12
