model,seed,epoch,train_acc,val_acc,test_acc
LeNet,42,1,0.6954166666666667,0.7178571428571429,0.7755208333333333
LeNet,42,2,0.8492857142857143,0.7744047619047619,0.8138020833333334
LeNet,42,3,0.8901190476190476,0.8038690476190476,0.8234375
LeNet,42,4,0.9164285714285716,0.8047619047619048,0.8299479166666667
LeNet,42,5,0.929702380952381,0.8199404761904762,0.8328125
LeNet,42,6,0.9439285714285716,0.8324404761904762,0.84765625
LeNet,42,7,0.9541071428571428,0.8193452380952381,0.8403645833333333
LeNet,42,8,0.9624404761904762,0.812202380952381,0.8346354166666666
LeNet,42,9,0.9661904761904762,0.8214285714285714,0.8369791666666667
LeNet,42,10,0.9838690476190476,0.8392857142857143,0.8489583333333334
LeNet,42,11,0.986845238095238,0.8333333333333334,0.84765625
LeNet,42,12,0.988095238095238,0.8395833333333333,0.8369791666666667
LeNet,42,13,0.9947619047619048,0.8383928571428572,0.8440104166666667
LeNet,42,14,0.9967857142857144,0.8422619047619048,0.8526041666666667
LeNet,42,15,0.9964880952380952,0.8369047619047619,0.83828125
LeNet,42,16,0.9982142857142856,0.8416666666666667,0.8546875
LeNet,42,17,0.9986309523809525,0.8401785714285714,0.8432291666666667
LeNet,42,18,0.9989880952380952,0.8446428571428571,0.8466145833333333
LeNet,42,19,0.999404761904762,0.8386904761904762,0.8486979166666667
LeNet,42,20,0.9996428571428572,0.8413690476190476,0.8520833333333333
LeNet,42,21,0.9995238095238096,0.8443452380952381,0.8549479166666667
LeNet,42,22,0.9995833333333334,0.84375,0.8518229166666667
LeNet,42,23,0.9996428571428572,0.8419642857142857,0.8510416666666667
LeNet,42,24,0.9997619047619049,0.8413690476190476,0.85078125
LeNet,42,25,0.9997619047619049,0.8416666666666667,0.8497395833333333
ResNet18,42,1,0.7927380952380952,0.8672619047619048,0.8559895833333333
ResNet18,42,2,0.9053571428571427,0.8857142857142857,0.86015625
ResNet18,42,3,0.9285714285714286,0.8863095238095238,0.8723958333333334
ResNet18,42,4,0.94375,0.8875,0.88359375
ResNet18,42,5,0.9547023809523808,0.9032738095238096,0.89921875
ResNet18,42,6,0.960595238095238,0.899702380952381,0.89140625
ResNet18,42,7,0.9683333333333334,0.8979166666666667,0.8572916666666667
ResNet18,42,8,0.9732142857142856,0.9098214285714286,0.8778645833333333
ResNet18,42,9,0.990297619047619,0.9095238095238096,0.8947916666666667
ResNet18,42,10,0.991845238095238,0.9113095238095238,0.89765625
ResNet18,42,11,0.9909523809523808,0.9160714285714284,0.89140625
ResNet18,42,12,0.9958928571428572,0.9104166666666668,0.8911458333333333
ResNet18,42,13,0.9974404761904762,0.9196428571428572,0.8919270833333334
ResNet18,42,14,0.9972619047619048,0.9172619047619048,0.8958333333333334
ResNet18,42,15,0.9988690476190476,0.9166666666666666,0.8973958333333333
ResNet18,42,16,0.9992857142857144,0.9145833333333332,0.90390625
ResNet18,42,17,0.9994642857142856,0.9175595238095238,0.8979166666666667
ResNet18,42,18,0.9995833333333334,0.9226190476190476,0.89765625
ResNet18,42,19,1.0,0.9211309523809524,0.8963541666666667
ResNet18,42,20,1.0,0.9202380952380952,0.8966145833333333
ResNet18,42,21,0.9998809523809524,0.9226190476190476,0.8963541666666667
ResNet18,42,22,0.9999404761904762,0.919345238095238,0.896875
ResNet18,42,23,0.9998214285714284,0.924702380952381,0.9002604166666667
ResNet18,42,24,0.9998809523809524,0.9205357142857142,0.9026041666666668
ResNet18,42,25,0.9998214285714284,0.9211309523809524,0.8997395833333334
MobileNet_V2,42,1,0.6267857142857143,0.7982142857142858,0.7861979166666667
MobileNet_V2,42,2,0.8426190476190476,0.856547619047619,0.8200520833333333
MobileNet_V2,42,3,0.8850595238095238,0.8776785714285714,0.8278645833333333
MobileNet_V2,42,4,0.9114285714285716,0.8875,0.8705729166666667
MobileNet_V2,42,5,0.9208333333333332,0.8943452380952381,0.87578125
MobileNet_V2,42,6,0.9363095238095238,0.9101190476190476,0.884375
MobileNet_V2,42,7,0.9435714285714286,0.8964285714285715,0.8763020833333334
MobileNet_V2,42,8,0.9522619047619048,0.9038690476190476,0.8802083333333334
MobileNet_V2,42,9,0.9577380952380952,0.8949404761904762,0.8783854166666667
MobileNet_V2,42,10,0.9626190476190476,0.9026785714285714,0.89453125
MobileNet_V2,42,11,0.9641071428571428,0.8991071428571429,0.8666666666666667
MobileNet_V2,42,12,0.9807142857142858,0.925595238095238,0.8854166666666666
MobileNet_V2,42,13,0.9858333333333332,0.9273809523809524,0.89296875
MobileNet_V2,42,14,0.9871428571428572,0.918154761904762,0.8919270833333334
MobileNet_V2,42,15,0.9885714285714284,0.9110119047619047,0.87421875
MobileNet_V2,42,16,0.9933928571428572,0.9217261904761904,0.8890625
MobileNet_V2,42,17,0.9957738095238096,0.9110119047619047,0.8856770833333333
MobileNet_V2,42,18,0.995595238095238,0.9208333333333332,0.8908854166666667
MobileNet_V2,42,19,0.9980357142857142,0.924404761904762,0.89375
MobileNet_V2,42,20,0.998154761904762,0.9267857142857144,0.8940104166666667
MobileNet_V2,42,21,0.998452380952381,0.923809523809524,0.8908854166666667
MobileNet_V2,42,22,0.999404761904762,0.9235119047619048,0.8940104166666667
MobileNet_V2,42,23,0.9994642857142856,0.9258928571428572,0.89375
MobileNet_V2,42,24,0.9994642857142856,0.925595238095238,0.8963541666666667
MobileNet_V2,42,25,0.9994642857142856,0.925595238095238,0.8966145833333333
EfficientNet_B0,42,1,0.6404761904761904,0.8377976190476191,0.828125
EfficientNet_B0,42,2,0.8421428571428572,0.8833333333333333,0.8684895833333334
EfficientNet_B0,42,3,0.8932142857142857,0.9077380952380952,0.8807291666666667
EfficientNet_B0,42,4,0.9220833333333334,0.8913690476190477,0.8526041666666667
EfficientNet_B0,42,5,0.9407738095238096,0.8973214285714286,0.8908854166666667
EfficientNet_B0,42,6,0.9458333333333332,0.9029761904761904,0.8841145833333334
EfficientNet_B0,42,7,0.9745238095238096,0.9125,0.8880208333333334
EfficientNet_B0,42,8,0.9816071428571428,0.893452380952381,0.89140625
EfficientNet_B0,42,9,0.9825,0.9157738095238096,0.8895833333333333
EfficientNet_B0,42,10,0.9898809523809524,0.9142857142857144,0.8955729166666667
EfficientNet_B0,42,11,0.9941666666666666,0.9151785714285714,0.9020833333333332
EfficientNet_B0,42,12,0.9933928571428572,0.9154761904761904,0.9013020833333332
EfficientNet_B0,42,13,0.9966071428571428,0.9211309523809524,0.9018229166666668
EfficientNet_B0,42,14,0.9972619047619048,0.924702380952381,0.9036458333333334
EfficientNet_B0,42,15,0.9961309523809524,0.9151785714285714,0.8997395833333334
EfficientNet_B0,42,16,0.998452380952381,0.9229166666666668,0.9046875
EfficientNet_B0,42,17,0.9986309523809525,0.925,0.9013020833333332
EfficientNet_B0,42,18,0.9991071428571427,0.9223214285714286,0.9033854166666668
EfficientNet_B0,42,19,0.9986309523809525,0.9232142857142858,0.90390625
EfficientNet_B0,42,20,0.99875,0.9178571428571428,0.9026041666666668
EfficientNet_B0,42,21,0.9988690476190476,0.9226190476190476,0.9041666666666668
EfficientNet_B0,42,22,0.9983928571428572,0.9226190476190476,0.9026041666666668
EfficientNet_B0,42,23,0.9990476190476192,0.9202380952380952,0.90078125
EfficientNet_B0,42,24,0.9988095238095238,0.9208333333333332,0.89921875
EfficientNet_B0,42,25,0.9992857142857144,0.9196428571428572,0.8979166666666667
LSTM,42,1,0.5332142857142858,0.6113095238095239,0.6966145833333334
LSTM,42,2,0.7841666666666667,0.6979166666666666,0.7401041666666667
LSTM,42,3,0.8567261904761905,0.7422619047619048,0.7690104166666667
LSTM,42,4,0.8967857142857143,0.7738095238095238,0.8078125
LSTM,42,5,0.9230357142857144,0.7848214285714286,0.803125
LSTM,42,6,0.9397023809523808,0.7958333333333333,0.8265625
LSTM,42,7,0.9564285714285714,0.8071428571428572,0.8088541666666667
LSTM,42,8,0.9563690476190476,0.812202380952381,0.8200520833333333
LSTM,42,9,0.9663095238095238,0.8074404761904762,0.8216145833333334
LSTM,42,10,0.9736309523809524,0.7866071428571428,0.8140625
LSTM,42,11,0.9744642857142856,0.8151785714285714,0.8078125
LSTM,42,12,0.9875595238095238,0.8288690476190477,0.8372395833333334
LSTM,42,13,0.990654761904762,0.8324404761904762,0.85234375
LSTM,42,14,0.9939880952380952,0.825,0.8395833333333333
LSTM,42,15,0.9959523809523808,0.8389880952380953,0.8520833333333333
LSTM,42,16,0.9971428571428572,0.8345238095238096,0.84609375
LSTM,42,17,0.9975,0.8383928571428572,0.85625
LSTM,42,18,0.9988690476190476,0.8401785714285714,0.8575520833333333
LSTM,42,19,0.9991666666666666,0.8422619047619048,0.8559895833333333
LSTM,42,20,0.999404761904762,0.8407738095238095,0.8598958333333333
LSTM,42,21,0.999702380952381,0.8431547619047619,0.8604166666666667
LSTM,42,22,0.9995833333333334,0.8455357142857143,0.8611979166666667
LSTM,42,23,0.9994642857142856,0.8461309523809524,0.86171875
LSTM,42,24,0.9995833333333334,0.8464285714285714,0.8611979166666667
LSTM,42,25,0.9996428571428572,0.8467261904761905,0.86015625
GRU,42,1,0.5699404761904762,0.6845238095238095,0.72578125
GRU,42,2,0.835297619047619,0.763095238095238,0.7872395833333333
GRU,42,3,0.9129166666666668,0.8074404761904762,0.8033854166666666
GRU,42,4,0.9495238095238095,0.7973214285714286,0.8221354166666667
GRU,42,5,0.9658333333333332,0.8047619047619048,0.8234375
GRU,42,6,0.9754761904761904,0.7910714285714285,0.8059895833333334
GRU,42,7,0.991309523809524,0.8410714285714286,0.8401041666666667
GRU,42,8,0.994345238095238,0.8327380952380953,0.8231770833333333
GRU,42,9,0.9945833333333334,0.8455357142857143,0.8440104166666667
GRU,42,10,0.9977976190476192,0.8354166666666667,0.84296875
GRU,42,11,0.9988690476190476,0.8377976190476191,0.83671875
GRU,42,12,0.9988095238095238,0.8425595238095238,0.84375
GRU,42,13,0.9995238095238096,0.8431547619047619,0.8440104166666667
GRU,42,14,0.999702380952381,0.8464285714285714,0.8473958333333333
GRU,42,15,0.9996428571428572,0.8419642857142857,0.8395833333333333
GRU,42,16,0.9994642857142856,0.8401785714285714,0.8432291666666667
GRU,42,17,0.9995833333333334,0.8354166666666667,0.8408854166666667
GRU,42,18,0.9995833333333334,0.844047619047619,0.8416666666666667
GRU,42,19,0.9998809523809524,0.8416666666666667,0.8447916666666667
GRU,42,20,0.9996428571428572,0.8464285714285714,0.84375
GRU,42,21,0.9998809523809524,0.8416666666666667,0.8458333333333333
GRU,42,22,0.999702380952381,0.84375,0.8442708333333333
GRU,42,23,0.9999404761904762,0.8458333333333333,0.8440104166666667
GRU,42,24,0.9997619047619049,0.8449404761904762,0.8424479166666666
GRU,42,25,0.9998214285714284,0.8449404761904762,0.84296875
CNN_LSTM,42,1,0.6717857142857143,0.7303571428571428,0.78125
CNN_LSTM,42,2,0.8404166666666667,0.8291666666666667,0.8682291666666667
CNN_LSTM,42,3,0.8861309523809524,0.8315476190476191,0.86484375
CNN_LSTM,42,4,0.9094642857142856,0.8610119047619048,0.8544270833333333
CNN_LSTM,42,5,0.9335119047619048,0.8767857142857143,0.88203125
CNN_LSTM,42,6,0.9416666666666668,0.8726190476190476,0.8705729166666667
CNN_LSTM,42,7,0.9575,0.8845238095238095,0.8848958333333333
CNN_LSTM,42,8,0.9689880952380951,0.8982142857142857,0.8927083333333333
CNN_LSTM,42,9,0.9692261904761904,0.9157738095238096,0.88984375
CNN_LSTM,42,10,0.9758333333333332,0.9074404761904762,0.8966145833333333
CNN_LSTM,42,11,0.980297619047619,0.8898809523809523,0.8895833333333333
CNN_LSTM,42,12,0.9791071428571428,0.9011904761904762,0.8783854166666667
CNN_LSTM,42,13,0.9925595238095238,0.9,0.9044270833333332
CNN_LSTM,42,14,0.9947619047619048,0.9089285714285714,0.9010416666666666
CNN_LSTM,42,15,0.994404761904762,0.9223214285714286,0.9049479166666666
CNN_LSTM,42,16,0.9940476190476192,0.9208333333333332,0.8940104166666667
CNN_LSTM,42,17,0.993452380952381,0.919940476190476,0.8942708333333333
CNN_LSTM,42,18,0.9948809523809524,0.9041666666666668,0.89140625
CNN_LSTM,42,19,0.9975,0.9169642857142856,0.9018229166666668
CNN_LSTM,42,20,0.9983928571428572,0.9196428571428572,0.903125
CNN_LSTM,42,21,0.9989285714285714,0.9232142857142858,0.8963541666666667
CNN_LSTM,42,22,0.9992857142857144,0.9241071428571428,0.8981770833333333
CNN_LSTM,42,23,0.999404761904762,0.9202380952380952,0.90234375
CNN_LSTM,42,24,0.999702380952381,0.9205357142857142,0.90625
CNN_LSTM,42,25,0.9998214285714284,0.9205357142857142,0.9002604166666667
LeNet_LSTM,42,1,0.552797619047619,0.7008928571428571,0.7317708333333334
LeNet_LSTM,42,2,0.78375,0.8041666666666667,0.8119791666666667
LeNet_LSTM,42,3,0.8647619047619047,0.8532738095238095,0.8203125
LeNet_LSTM,42,4,0.9010714285714284,0.8720238095238095,0.8669270833333333
LeNet_LSTM,42,5,0.9278571428571428,0.8717261904761905,0.8651041666666667
LeNet_LSTM,42,6,0.9379761904761904,0.8973214285714286,0.8916666666666667
LeNet_LSTM,42,7,0.9467857142857142,0.8976190476190476,0.8799479166666667
LeNet_LSTM,42,8,0.948095238095238,0.8967261904761905,0.8903645833333333
LeNet_LSTM,42,9,0.9613690476190476,0.8940476190476191,0.9018229166666668
LeNet_LSTM,42,10,0.9648809523809524,0.8758928571428571,0.8752604166666667
LeNet_LSTM,42,11,0.9770238095238096,0.8961309523809524,0.8994791666666667
LeNet_LSTM,42,12,0.9829761904761904,0.8946428571428572,0.8953125
LeNet_LSTM,42,13,0.9847619047619048,0.8973214285714286,0.8981770833333333
LeNet_LSTM,42,14,0.9889880952380952,0.8991071428571429,0.88359375
LeNet_LSTM,42,15,0.9900595238095238,0.9032738095238096,0.8830729166666667
LeNet_LSTM,42,16,0.9908928571428572,0.9011904761904762,0.8958333333333334
LeNet_LSTM,42,17,0.9935119047619048,0.9032738095238096,0.896875
LeNet_LSTM,42,18,0.995297619047619,0.9071428571428573,0.8989583333333333
LeNet_LSTM,42,19,0.9949404761904762,0.9035714285714286,0.8979166666666667
LeNet_LSTM,42,20,0.9961309523809524,0.905952380952381,0.8971354166666666
LeNet_LSTM,42,21,0.9957142857142856,0.906547619047619,0.89296875
LeNet_LSTM,42,22,0.9963690476190477,0.905952380952381,0.8908854166666667
LeNet_LSTM,42,23,0.996547619047619,0.906547619047619,0.8875
LeNet_LSTM,42,24,0.9969642857142856,0.9038690476190476,0.8953125
LeNet_LSTM,42,25,0.9967857142857144,0.9050595238095238,0.89453125
TCN,42,1,0.5431547619047619,0.6925595238095238,0.703125
TCN,42,2,0.8168452380952381,0.7633928571428571,0.76875
TCN,42,3,0.8919642857142858,0.794047619047619,0.7658854166666667
TCN,42,4,0.9311904761904762,0.8080357142857143,0.7895833333333333
TCN,42,5,0.9513690476190476,0.8247023809523809,0.79375
TCN,42,6,0.9630357142857144,0.8041666666666667,0.796875
TCN,42,7,0.9732738095238096,0.8288690476190477,0.8057291666666667
TCN,42,8,0.9754761904761904,0.8169642857142857,0.8033854166666666
TCN,42,9,0.99,0.8294642857142858,0.81484375
TCN,42,10,0.9936904761904762,0.844047619047619,0.8140625
TCN,42,11,0.99375,0.8360119047619048,0.8247395833333333
TCN,42,12,0.9970238095238096,0.8383928571428572,0.8213541666666667
TCN,42,13,0.9976190476190476,0.8485119047619047,0.8234375
TCN,42,14,0.9982738095238096,0.8383928571428572,0.82578125
TCN,42,15,0.998452380952381,0.8357142857142857,0.82421875
TCN,42,16,0.9988095238095238,0.8443452380952381,0.8307291666666666
TCN,42,17,0.9983928571428572,0.8464285714285714,0.8268229166666666
TCN,42,18,0.9991666666666666,0.8446428571428571,0.8263020833333333
TCN,42,19,0.999404761904762,0.8491071428571428,0.8291666666666667
TCN,42,20,0.999345238095238,0.8473214285714286,0.8268229166666666
TCN,42,21,0.9992857142857144,0.8464285714285714,0.8302083333333333
TCN,42,22,0.9994642857142856,0.850297619047619,0.8299479166666667
TCN,42,23,0.9995833333333334,0.8514880952380952,0.8315104166666667
TCN,42,24,0.9994642857142856,0.8494047619047619,0.8307291666666666
TCN,42,25,0.9996428571428572,0.85,0.8296875
Transformer,42,1,0.3508928571428571,0.4148809523809524,0.4635416666666667
Transformer,42,2,0.5948809523809524,0.5095238095238095,0.5578125
Transformer,42,3,0.7320238095238095,0.5791666666666667,0.6216145833333333
Transformer,42,4,0.8063690476190476,0.6351190476190476,0.6541666666666667
Transformer,42,5,0.8589285714285714,0.6458333333333334,0.6770833333333334
Transformer,42,6,0.8904761904761904,0.6568452380952381,0.6903645833333333
Transformer,42,7,0.915,0.6636904761904762,0.6971354166666667
Transformer,42,8,0.9277380952380953,0.6681547619047619,0.6986979166666667
Transformer,42,9,0.9407738095238096,0.6696428571428571,0.6989583333333333
Transformer,42,10,0.9497023809523808,0.6717261904761904,0.69453125
Transformer,42,11,0.9342857142857144,0.6696428571428571,0.7002604166666667
Transformer,42,12,0.9520238095238096,0.6794642857142857,0.7072916666666667
Transformer,42,13,0.9653571428571428,0.6898809523809524,0.6963541666666667
Transformer,42,14,0.9741666666666666,0.6857142857142857,0.7059895833333333
Transformer,42,15,0.983154761904762,0.6907738095238095,0.7138020833333333
Transformer,42,16,0.9876190476190476,0.687202380952381,0.7260416666666667
Transformer,42,17,0.9909523809523808,0.6892857142857143,0.7192708333333333
Transformer,42,18,0.9936309523809524,0.7008928571428571,0.7182291666666667
Transformer,42,19,0.9944642857142856,0.6979166666666666,0.7153645833333333
Transformer,42,20,0.995654761904762,0.6883928571428571,0.71796875
Transformer,42,21,0.9969642857142856,0.6946428571428571,0.7169270833333333
Transformer,42,22,0.9976785714285714,0.6955357142857143,0.7174479166666666
Transformer,42,23,0.998452380952381,0.6907738095238095,0.7169270833333333
Transformer,42,24,0.99875,0.7032738095238096,0.7252604166666666
Transformer,42,25,0.9989880952380952,0.700595238095238,0.7140625
LeNet,43,1,0.7060714285714286,0.7613095238095238,0.75234375
LeNet,43,2,0.849047619047619,0.8047619047619048,0.7786458333333334
LeNet,43,3,0.8876785714285714,0.837202380952381,0.82265625
LeNet,43,4,0.9086904761904762,0.8491071428571428,0.82734375
LeNet,43,5,0.9286904761904762,0.856547619047619,0.8375
LeNet,43,6,0.9386904761904762,0.8538690476190476,0.8494791666666667
LeNet,43,7,0.9492857142857144,0.8633928571428572,0.83984375
LeNet,43,8,0.9585714285714284,0.8696428571428572,0.84921875
LeNet,43,9,0.9619642857142856,0.8630952380952381,0.8486979166666667
LeNet,43,10,0.9667857142857142,0.856845238095238,0.8395833333333333
LeNet,43,11,0.973095238095238,0.8505952380952381,0.8515625
LeNet,43,12,0.9879761904761905,0.8809523809523809,0.865625
LeNet,43,13,0.9894642857142856,0.8660714285714286,0.8520833333333333
LeNet,43,14,0.9910119047619048,0.8821428571428571,0.8627604166666667
LeNet,43,15,0.992202380952381,0.8690476190476191,0.8567708333333334
LeNet,43,16,0.9970833333333332,0.875297619047619,0.86640625
LeNet,43,17,0.9979761904761904,0.8791666666666667,0.86640625
LeNet,43,18,0.9982142857142856,0.8809523809523809,0.86484375
LeNet,43,19,0.9988095238095238,0.8818452380952381,0.8682291666666667
LeNet,43,20,0.9989880952380952,0.8839285714285714,0.8666666666666667
LeNet,43,21,0.9992261904761904,0.8872023809523809,0.86875
LeNet,43,22,0.999404761904762,0.8833333333333333,0.8682291666666667
LeNet,43,23,0.9994642857142856,0.8857142857142857,0.8703125
LeNet,43,24,0.999404761904762,0.8863095238095238,0.871875
LeNet,43,25,0.9996428571428572,0.8872023809523809,0.871875
ResNet18,43,1,0.7952976190476191,0.8663690476190476,0.8354166666666667
ResNet18,43,2,0.9002976190476191,0.9113095238095238,0.8848958333333333
ResNet18,43,3,0.9313690476190476,0.9291666666666668,0.8859375
ResNet18,43,4,0.9445238095238097,0.9148809523809524,0.8822916666666667
ResNet18,43,5,0.9541071428571428,0.9172619047619048,0.8828125
ResNet18,43,6,0.96375,0.9205357142857142,0.8947916666666667
ResNet18,43,7,0.983452380952381,0.9252976190476192,0.9036458333333334
ResNet18,43,8,0.988154761904762,0.9315476190476192,0.896875
ResNet18,43,9,0.9877976190476192,0.9294642857142856,0.8942708333333333
ResNet18,43,10,0.994345238095238,0.9342261904761904,0.9140625
ResNet18,43,11,0.9963095238095238,0.9258928571428572,0.9059895833333332
ResNet18,43,12,0.9966071428571428,0.9336309523809524,0.903125
ResNet18,43,13,0.9983333333333332,0.9291666666666668,0.9067708333333332
ResNet18,43,14,0.9983333333333332,0.9386904761904762,0.9028645833333332
ResNet18,43,15,0.9991071428571427,0.9324404761904762,0.90703125
ResNet18,43,16,0.999702380952381,0.9342261904761904,0.9083333333333332
ResNet18,43,17,0.9995833333333334,0.9354166666666668,0.90703125
ResNet18,43,18,0.9995833333333334,0.9345238095238096,0.9088541666666666
ResNet18,43,19,0.9998214285714284,0.9348214285714286,0.9114583333333334
ResNet18,43,20,0.9998809523809524,0.9327380952380953,0.9114583333333334
ResNet18,43,21,0.9999404761904762,0.9339285714285714,0.9119791666666668
ResNet18,43,22,0.9998809523809524,0.937202380952381,0.90859375
ResNet18,43,23,0.9998809523809524,0.9348214285714286,0.9098958333333332
ResNet18,43,24,0.999702380952381,0.9321428571428572,0.9111979166666668
ResNet18,43,25,0.9999404761904762,0.9354166666666668,0.9096354166666668
MobileNet_V2,43,1,0.5964285714285714,0.7967261904761904,0.7791666666666667
MobileNet_V2,43,2,0.8161309523809523,0.8523809523809524,0.8083333333333333
MobileNet_V2,43,3,0.8789285714285714,0.899702380952381,0.8822916666666667
MobileNet_V2,43,4,0.9067261904761904,0.8714285714285714,0.8669270833333333
MobileNet_V2,43,5,0.9195238095238096,0.9032738095238096,0.8763020833333334
MobileNet_V2,43,6,0.9278571428571428,0.91875,0.9046875
MobileNet_V2,43,7,0.9403571428571428,0.8961309523809524,0.8869791666666667
MobileNet_V2,43,8,0.9458333333333332,0.918154761904762,0.8971354166666666
MobileNet_V2,43,9,0.9536904761904762,0.9151785714285714,0.8942708333333333
MobileNet_V2,43,10,0.9789880952380952,0.9294642857142856,0.9135416666666668
MobileNet_V2,43,11,0.981904761904762,0.9303571428571428,0.9059895833333332
MobileNet_V2,43,12,0.9838690476190476,0.9220238095238096,0.9122395833333332
MobileNet_V2,43,13,0.9844642857142856,0.9223214285714286,0.8973958333333333
MobileNet_V2,43,14,0.9938690476190476,0.9264880952380952,0.9151041666666668
MobileNet_V2,43,15,0.9942261904761904,0.9214285714285714,0.9072916666666668
MobileNet_V2,43,16,0.9960714285714286,0.9273809523809524,0.9140625
MobileNet_V2,43,17,0.9983928571428572,0.9294642857142856,0.9111979166666668
MobileNet_V2,43,18,0.9989880952380952,0.9282738095238096,0.91875
MobileNet_V2,43,19,0.9979761904761904,0.9258928571428572,0.9158854166666668
MobileNet_V2,43,20,0.9991666666666666,0.9303571428571428,0.9192708333333334
MobileNet_V2,43,21,0.9996428571428572,0.9291666666666668,0.9145833333333332
MobileNet_V2,43,22,0.9989880952380952,0.9294642857142856,0.91875
MobileNet_V2,43,23,0.9996428571428572,0.9300595238095238,0.9174479166666668
MobileNet_V2,43,24,0.9995833333333334,0.9333333333333332,0.91640625
MobileNet_V2,43,25,0.9997619047619049,0.9324404761904762,0.9190104166666668
EfficientNet_B0,43,1,0.6369642857142858,0.8342261904761905,0.8130208333333333
EfficientNet_B0,43,2,0.8597023809523809,0.8741071428571429,0.8346354166666666
EfficientNet_B0,43,3,0.9053571428571427,0.8967261904761905,0.8752604166666667
EfficientNet_B0,43,4,0.9308928571428572,0.9148809523809524,0.8791666666666667
EfficientNet_B0,43,5,0.9441666666666668,0.9113095238095238,0.859375
EfficientNet_B0,43,6,0.9542857142857144,0.924702380952381,0.8822916666666667
EfficientNet_B0,43,7,0.960059523809524,0.9220238095238096,0.9083333333333332
EfficientNet_B0,43,8,0.9704761904761904,0.9223214285714286,0.9028645833333332
EfficientNet_B0,43,9,0.96875,0.918154761904762,0.8919270833333334
EfficientNet_B0,43,10,0.9711904761904762,0.931845238095238,0.9145833333333332
EfficientNet_B0,43,11,0.9891071428571429,0.9300595238095238,0.9015625
EfficientNet_B0,43,12,0.9914880952380952,0.9300595238095238,0.9036458333333334
EfficientNet_B0,43,13,0.9904166666666666,0.9324404761904762,0.915625
EfficientNet_B0,43,14,0.9959523809523808,0.938095238095238,0.9114583333333334
EfficientNet_B0,43,15,0.9973214285714286,0.9446428571428572,0.9122395833333332
EfficientNet_B0,43,16,0.9973214285714286,0.9395833333333332,0.90546875
EfficientNet_B0,43,17,0.99875,0.9407738095238096,0.90859375
EfficientNet_B0,43,18,0.9986904761904762,0.9383928571428573,0.9109375
EfficientNet_B0,43,19,0.9982738095238096,0.9416666666666668,0.9151041666666668
EfficientNet_B0,43,20,0.9986309523809525,0.9446428571428572,0.9122395833333332
EfficientNet_B0,43,21,0.9994642857142856,0.9416666666666668,0.9143229166666668
EfficientNet_B0,43,22,0.9994642857142856,0.9455357142857144,0.909375
EfficientNet_B0,43,23,0.999702380952381,0.9428571428571428,0.9096354166666668
EfficientNet_B0,43,24,0.999702380952381,0.9428571428571428,0.9119791666666668
EfficientNet_B0,43,25,0.9995238095238096,0.9455357142857144,0.9130208333333332
LSTM,43,1,0.5339880952380952,0.6538690476190476,0.6166666666666667
LSTM,43,2,0.766547619047619,0.7404761904761905,0.7041666666666667
LSTM,43,3,0.8523809523809524,0.7735119047619048,0.725
LSTM,43,4,0.9010119047619048,0.8092261904761905,0.79140625
LSTM,43,5,0.9267857142857144,0.8285714285714286,0.78515625
LSTM,43,6,0.9427380952380952,0.8360119047619048,0.796875
LSTM,43,7,0.9586309523809524,0.8410714285714286,0.8143229166666667
LSTM,43,8,0.9636904761904762,0.8247023809523809,0.8036458333333333
LSTM,43,9,0.9697023809523808,0.8479166666666667,0.8229166666666666
LSTM,43,10,0.9849404761904762,0.8532738095238095,0.8296875
LSTM,43,11,0.9914285714285714,0.850297619047619,0.8322916666666667
LSTM,43,12,0.9923214285714286,0.8464285714285714,0.834375
LSTM,43,13,0.9951785714285716,0.8464285714285714,0.8369791666666667
LSTM,43,14,0.9970238095238096,0.8544642857142857,0.8401041666666667
LSTM,43,15,0.9976190476190476,0.8497023809523809,0.8372395833333334
LSTM,43,16,0.9983928571428572,0.8577380952380952,0.8390625
LSTM,43,17,0.9988690476190476,0.8607142857142858,0.8458333333333333
LSTM,43,18,0.9986309523809525,0.8532738095238095,0.83671875
LSTM,43,19,0.9992261904761904,0.8541666666666666,0.83671875
LSTM,43,20,0.999404761904762,0.8532738095238095,0.8421875
LSTM,43,21,0.9995238095238096,0.8556547619047619,0.8453125
LSTM,43,22,0.999345238095238,0.8538690476190476,0.8442708333333333
LSTM,43,23,0.999404761904762,0.8586309523809523,0.84609375
LSTM,43,24,0.9994642857142856,0.8556547619047619,0.84609375
LSTM,43,25,0.999702380952381,0.8553571428571428,0.846875
GRU,43,1,0.5917857142857142,0.7035714285714286,0.6763020833333333
GRU,43,2,0.8349404761904762,0.7761904761904762,0.7578125
GRU,43,3,0.9161904761904762,0.8113095238095238,0.7916666666666666
GRU,43,4,0.9547619047619048,0.8321428571428572,0.8109375
GRU,43,5,0.9705357142857144,0.8479166666666667,0.8221354166666667
GRU,43,6,0.9757142857142858,0.8279761904761904,0.7924479166666667
GRU,43,7,0.9832142857142856,0.8467261904761905,0.8208333333333333
GRU,43,8,0.993452380952381,0.8523809523809524,0.83125
GRU,43,9,0.9971428571428572,0.8553571428571428,0.8341145833333333
GRU,43,10,0.9967857142857144,0.8654761904761905,0.8325520833333333
GRU,43,11,0.9988095238095238,0.8642857142857143,0.834375
GRU,43,12,0.9988095238095238,0.8651785714285715,0.8322916666666667
GRU,43,13,0.9988095238095238,0.8639880952380953,0.8364583333333333
GRU,43,14,0.999404761904762,0.8630952380952381,0.83984375
GRU,43,15,0.9996428571428572,0.8669642857142857,0.8390625
GRU,43,16,0.9997619047619049,0.8723214285714286,0.8419270833333333
GRU,43,17,1.0,0.8699404761904762,0.8447916666666667
GRU,43,18,0.9998214285714284,0.8714285714285714,0.8432291666666667
GRU,43,19,0.9997619047619049,0.8693452380952381,0.83828125
GRU,43,20,0.9998214285714284,0.8702380952380953,0.8453125
GRU,43,21,0.9999404761904762,0.8696428571428572,0.8427083333333333
GRU,43,22,1.0,0.8705357142857143,0.8427083333333333
GRU,43,23,0.9999404761904762,0.8690476190476191,0.8427083333333333
GRU,43,24,0.9999404761904762,0.8699404761904762,0.8427083333333333
GRU,43,25,0.9998809523809524,0.8720238095238095,0.8424479166666666
CNN_LSTM,43,1,0.6689285714285714,0.7988095238095239,0.78671875
CNN_LSTM,43,2,0.8447619047619047,0.8321428571428572,0.8427083333333333
CNN_LSTM,43,3,0.8929166666666667,0.8592261904761904,0.8611979166666667
CNN_LSTM,43,4,0.9167857142857144,0.8761904761904762,0.85546875
CNN_LSTM,43,5,0.9383928571428573,0.8508928571428571,0.875
CNN_LSTM,43,6,0.9560714285714286,0.8669642857142857,0.87890625
CNN_LSTM,43,7,0.96125,0.9089285714285714,0.8981770833333333
CNN_LSTM,43,8,0.9642261904761904,0.9014880952380953,0.8893229166666666
CNN_LSTM,43,9,0.9713095238095238,0.9083333333333332,0.9013020833333332
CNN_LSTM,43,10,0.9799404761904762,0.8916666666666667,0.896875
CNN_LSTM,43,11,0.9911309523809524,0.9160714285714284,0.91171875
CNN_LSTM,43,12,0.991904761904762,0.9080357142857144,0.9080729166666668
CNN_LSTM,43,13,0.9939285714285714,0.9139880952380952,0.8994791666666667
CNN_LSTM,43,14,0.9964880952380952,0.9178571428571428,0.9106770833333332
CNN_LSTM,43,15,0.9978571428571428,0.9157738095238096,0.9098958333333332
CNN_LSTM,43,16,0.9982738095238096,0.918154761904762,0.9130208333333332
CNN_LSTM,43,17,0.9991071428571427,0.919047619047619,0.9190104166666668
CNN_LSTM,43,18,0.9990476190476192,0.9211309523809524,0.91640625
CNN_LSTM,43,19,0.9992857142857144,0.919940476190476,0.9111979166666668
CNN_LSTM,43,20,0.999702380952381,0.918154761904762,0.9153645833333334
CNN_LSTM,43,21,0.9996428571428572,0.919345238095238,0.9151041666666668
CNN_LSTM,43,22,0.9995238095238096,0.9175595238095238,0.9127604166666666
CNN_LSTM,43,23,0.9995238095238096,0.9196428571428572,0.9184895833333332
CNN_LSTM,43,24,0.9997619047619049,0.9205357142857142,0.9174479166666668
CNN_LSTM,43,25,0.9998214285714284,0.918154761904762,0.9166666666666666
LeNet_LSTM,43,1,0.5610714285714286,0.68125,0.7239583333333334
LeNet_LSTM,43,2,0.7726785714285714,0.7678571428571429,0.7661458333333333
LeNet_LSTM,43,3,0.8505357142857143,0.8544642857142857,0.84453125
LeNet_LSTM,43,4,0.8944642857142857,0.8693452380952381,0.8697916666666666
LeNet_LSTM,43,5,0.9138095238095238,0.875297619047619,0.8721354166666667
LeNet_LSTM,43,6,0.9283333333333332,0.8964285714285715,0.8953125
LeNet_LSTM,43,7,0.9404761904761904,0.905654761904762,0.8921875
LeNet_LSTM,43,8,0.9520238095238096,0.8901785714285714,0.8966145833333333
LeNet_LSTM,43,9,0.9582738095238096,0.8726190476190476,0.8921875
LeNet_LSTM,43,10,0.9592261904761904,0.906845238095238,0.9041666666666668
LeNet_LSTM,43,11,0.9757142857142858,0.9166666666666666,0.9096354166666668
LeNet_LSTM,43,12,0.9801190476190476,0.9041666666666668,0.9072916666666668
LeNet_LSTM,43,13,0.9839880952380952,0.8943452380952381,0.9052083333333332
LeNet_LSTM,43,14,0.9873214285714286,0.9110119047619047,0.9052083333333332
LeNet_LSTM,43,15,0.9899404761904762,0.9074404761904762,0.90703125
LeNet_LSTM,43,16,0.991904761904762,0.8979166666666667,0.9091145833333332
LeNet_LSTM,43,17,0.9938690476190476,0.90625,0.9083333333333332
LeNet_LSTM,43,18,0.9942857142857144,0.9074404761904762,0.90625
LeNet_LSTM,43,19,0.9936309523809524,0.9074404761904762,0.9088541666666666
LeNet_LSTM,43,20,0.9955357142857144,0.9104166666666668,0.9067708333333332
LeNet_LSTM,43,21,0.9951785714285716,0.9074404761904762,0.909375
LeNet_LSTM,43,22,0.9953571428571428,0.9047619047619048,0.9075520833333334
LeNet_LSTM,43,23,0.9959523809523808,0.9074404761904762,0.9080729166666668
LeNet_LSTM,43,24,0.9959523809523808,0.905952380952381,0.909375
LeNet_LSTM,43,25,0.995654761904762,0.9074404761904762,0.9072916666666668
TCN,43,1,0.5563095238095238,0.7127976190476191,0.7075520833333333
TCN,43,2,0.8095833333333333,0.7625,0.7651041666666667
TCN,43,3,0.8905357142857143,0.8291666666666667,0.7979166666666667
TCN,43,4,0.9308928571428572,0.8357142857142857,0.81875
TCN,43,5,0.9473214285714284,0.8547619047619047,0.8205729166666667
TCN,43,6,0.9655357142857144,0.8410714285714286,0.8307291666666666
TCN,43,7,0.971904761904762,0.8461309523809524,0.8388020833333333
TCN,43,8,0.9741666666666666,0.856845238095238,0.821875
TCN,43,9,0.9892261904761904,0.8577380952380952,0.8380208333333333
TCN,43,10,0.9936904761904762,0.8616071428571429,0.8307291666666666
TCN,43,11,0.993095238095238,0.8541666666666666,0.846875
TCN,43,12,0.9967261904761904,0.8616071428571429,0.8549479166666667
TCN,43,13,0.996845238095238,0.8601190476190477,0.84921875
TCN,43,14,0.9977380952380952,0.8544642857142857,0.8515625
TCN,43,15,0.9983333333333332,0.8693452380952381,0.85703125
TCN,43,16,0.998452380952381,0.8678571428571429,0.8565104166666667
TCN,43,17,0.998452380952381,0.8705357142857143,0.8526041666666667
TCN,43,18,0.9988690476190476,0.8663690476190476,0.8526041666666667
TCN,43,19,0.9990476190476192,0.8651785714285715,0.8502604166666666
TCN,43,20,0.999404761904762,0.8639880952380953,0.8510416666666667
TCN,43,21,0.9992261904761904,0.8657738095238096,0.8518229166666667
TCN,43,22,0.999404761904762,0.8666666666666667,0.8510416666666667
TCN,43,23,0.9995833333333334,0.862202380952381,0.8502604166666666
TCN,43,24,0.999404761904762,0.8613095238095239,0.8510416666666667
TCN,43,25,0.9995833333333334,0.8633928571428572,0.85234375
Transformer,43,1,0.3363095238095238,0.4547619047619047,0.425
Transformer,43,2,0.5920238095238095,0.5889880952380953,0.5700520833333333
Transformer,43,3,0.7367857142857143,0.6622023809523809,0.62734375
Transformer,43,4,0.8126190476190476,0.6818452380952381,0.6627604166666666
Transformer,43,5,0.8564880952380952,0.7044642857142858,0.6783854166666666
Transformer,43,6,0.8925595238095239,0.7205357142857143,0.6981770833333333
Transformer,43,7,0.9171428571428571,0.7241071428571428,0.6908854166666667
Transformer,43,8,0.928809523809524,0.7285714285714285,0.7002604166666667
Transformer,43,9,0.9391071428571428,0.7276785714285714,0.7002604166666667
Transformer,43,10,0.945654761904762,0.7291666666666666,0.6989583333333333
Transformer,43,11,0.9316071428571427,0.7202380952380952,0.6986979166666667
Transformer,43,12,0.9511309523809524,0.7270833333333333,0.7109375
Transformer,43,13,0.9667261904761904,0.7127976190476191,0.709375
Transformer,43,14,0.9757738095238097,0.7220238095238095,0.70859375
Transformer,43,15,0.9810119047619048,0.7333333333333333,0.7158854166666667
Transformer,43,16,0.9867261904761904,0.7160714285714286,0.703125
Transformer,43,17,0.9908333333333332,0.731845238095238,0.7130208333333333
Transformer,43,18,0.9950595238095238,0.731845238095238,0.7197916666666667
Transformer,43,19,0.9954166666666666,0.7282738095238095,0.7169270833333333
Transformer,43,20,0.9963690476190477,0.7366071428571429,0.7268229166666667
Transformer,43,21,0.997202380952381,0.7258928571428571,0.7231770833333333
Transformer,43,22,0.9977976190476192,0.7244047619047619,0.7263020833333333
Transformer,43,23,0.998452380952381,0.725297619047619,0.7247395833333333
Transformer,43,24,0.998154761904762,0.7333333333333333,0.7247395833333333
Transformer,43,25,0.9992857142857144,0.7276785714285714,0.7216145833333333
LeNet,44,1,0.6967857142857142,0.718452380952381,0.7036458333333333
LeNet,44,2,0.8380357142857143,0.8166666666666667,0.7861979166666667
LeNet,44,3,0.8836309523809524,0.8392857142857143,0.7979166666666667
LeNet,44,4,0.9116666666666666,0.8520833333333333,0.82578125
LeNet,44,5,0.9271428571428572,0.8514880952380952,0.8231770833333333
LeNet,44,6,0.9391666666666668,0.8333333333333334,0.8265625
LeNet,44,7,0.9510119047619048,0.856547619047619,0.8333333333333334
LeNet,44,8,0.9589285714285716,0.8556547619047619,0.8239583333333333
LeNet,44,9,0.9770238095238096,0.8663690476190476,0.834375
LeNet,44,10,0.981845238095238,0.8586309523809523,0.83046875
LeNet,44,11,0.984345238095238,0.8517857142857143,0.8286458333333333
LeNet,44,12,0.9920833333333332,0.8669642857142857,0.8354166666666667
LeNet,44,13,0.9940476190476192,0.8657738095238096,0.83125
LeNet,44,14,0.9936309523809524,0.8738095238095238,0.8375
LeNet,44,15,0.9963690476190477,0.8633928571428572,0.8317708333333333
LeNet,44,16,0.9969642857142856,0.8717261904761905,0.8390625
LeNet,44,17,0.9973214285714286,0.8693452380952381,0.83671875
LeNet,44,18,0.9983928571428572,0.8702380952380953,0.8364583333333333
LeNet,44,19,0.9988690476190476,0.8669642857142857,0.83828125
LeNet,44,20,0.99875,0.8660714285714286,0.8388020833333333
LeNet,44,21,0.9990476190476192,0.8699404761904762,0.83828125
LeNet,44,22,0.9988690476190476,0.8663690476190476,0.8372395833333334
LeNet,44,23,0.9989285714285714,0.8666666666666667,0.8377604166666667
LeNet,44,24,0.9991071428571427,0.8678571428571429,0.8393229166666667
LeNet,44,25,0.9991071428571427,0.86875,0.8377604166666667
ResNet18,44,1,0.7867857142857143,0.8556547619047619,0.8315104166666667
ResNet18,44,2,0.9038690476190476,0.9104166666666668,0.8994791666666667
ResNet18,44,3,0.93375,0.9035714285714286,0.8736979166666666
ResNet18,44,4,0.9458333333333332,0.856547619047619,0.8755208333333333
ResNet18,44,5,0.9564285714285714,0.9101190476190476,0.91328125
ResNet18,44,6,0.983095238095238,0.9300595238095238,0.9252604166666668
ResNet18,44,7,0.9841071428571428,0.918154761904762,0.9041666666666668
ResNet18,44,8,0.986845238095238,0.9282738095238096,0.9005208333333333
ResNet18,44,9,0.9932738095238096,0.930952380952381,0.9236979166666668
ResNet18,44,10,0.9958333333333332,0.9327380952380953,0.9278645833333332
ResNet18,44,11,0.9970833333333332,0.9330357142857144,0.9174479166666668
ResNet18,44,12,0.9980357142857142,0.9330357142857144,0.9213541666666668
ResNet18,44,13,0.9985714285714286,0.9223214285714286,0.92578125
ResNet18,44,14,0.9988095238095238,0.9202380952380952,0.9184895833333332
ResNet18,44,15,0.9996428571428572,0.9297619047619048,0.9286458333333332
ResNet18,44,16,0.9997619047619049,0.9330357142857144,0.9268229166666668
ResNet18,44,17,0.9998214285714284,0.9342261904761904,0.93125
ResNet18,44,18,0.999702380952381,0.9336309523809524,0.9278645833333332
ResNet18,44,19,0.9999404761904762,0.9345238095238096,0.9307291666666668
ResNet18,44,20,0.9998809523809524,0.9330357142857144,0.93203125
ResNet18,44,21,0.9999404761904762,0.9321428571428572,0.9328125
ResNet18,44,22,0.9998809523809524,0.9336309523809524,0.9291666666666668
ResNet18,44,23,0.9999404761904762,0.9342261904761904,0.93125
ResNet18,44,24,1.0,0.9342261904761904,0.93359375
ResNet18,44,25,1.0,0.9330357142857144,0.9325520833333332
MobileNet_V2,44,1,0.6175595238095238,0.7976190476190477,0.7802083333333333
MobileNet_V2,44,2,0.8325595238095238,0.8630952380952381,0.8309895833333333
MobileNet_V2,44,3,0.8845238095238095,0.8898809523809523,0.88828125
MobileNet_V2,44,4,0.9117857142857144,0.8958333333333334,0.8583333333333333
MobileNet_V2,44,5,0.9221428571428572,0.8711309523809524,0.8591145833333333
MobileNet_V2,44,6,0.9358333333333332,0.906547619047619,0.8932291666666666
MobileNet_V2,44,7,0.9415476190476192,0.9104166666666668,0.8807291666666667
MobileNet_V2,44,8,0.9495238095238095,0.9095238095238096,0.9036458333333334
MobileNet_V2,44,9,0.9575595238095238,0.9166666666666666,0.8934895833333333
MobileNet_V2,44,10,0.975654761904762,0.9098214285714286,0.9041666666666668
MobileNet_V2,44,11,0.9832142857142856,0.9166666666666666,0.9140625
MobileNet_V2,44,12,0.9838690476190476,0.9172619047619048,0.91484375
MobileNet_V2,44,13,0.9922619047619048,0.9226190476190476,0.9270833333333334
MobileNet_V2,44,14,0.9947619047619048,0.918154761904762,0.92265625
MobileNet_V2,44,15,0.99375,0.9214285714285714,0.9208333333333332
MobileNet_V2,44,16,0.9976785714285714,0.9205357142857142,0.9244791666666666
MobileNet_V2,44,17,0.9982142857142856,0.9172619047619048,0.928125
MobileNet_V2,44,18,0.9978571428571428,0.9175595238095238,0.92265625
MobileNet_V2,44,19,0.9985714285714286,0.925,0.9286458333333332
MobileNet_V2,44,20,0.9988690476190476,0.9223214285714286,0.92734375
MobileNet_V2,44,21,0.9994642857142856,0.9232142857142858,0.9291666666666668
MobileNet_V2,44,22,0.9997619047619049,0.919940476190476,0.9223958333333332
MobileNet_V2,44,23,0.9997619047619049,0.9267857142857144,0.9236979166666668
MobileNet_V2,44,24,0.9998214285714284,0.9217261904761904,0.9283854166666666
MobileNet_V2,44,25,0.9996428571428572,0.925,0.9268229166666668
EfficientNet_B0,44,1,0.6336904761904761,0.8339285714285715,0.8265625
EfficientNet_B0,44,2,0.8372619047619048,0.8732142857142857,0.8778645833333333
EfficientNet_B0,44,3,0.8828571428571429,0.8928571428571429,0.8854166666666666
EfficientNet_B0,44,4,0.9119642857142856,0.8925595238095239,0.89140625
EfficientNet_B0,44,5,0.9257738095238096,0.8901785714285714,0.8919270833333334
EfficientNet_B0,44,6,0.9344642857142856,0.9029761904761904,0.903125
EfficientNet_B0,44,7,0.9519642857142856,0.8886904761904761,0.8770833333333333
EfficientNet_B0,44,8,0.9714880952380952,0.9110119047619047,0.9091145833333332
EfficientNet_B0,44,9,0.9808928571428572,0.9172619047619048,0.9106770833333332
EfficientNet_B0,44,10,0.9817857142857144,0.9220238095238096,0.9184895833333332
EfficientNet_B0,44,11,0.984345238095238,0.9241071428571428,0.9169270833333332
EfficientNet_B0,44,12,0.9840476190476192,0.9163690476190476,0.92265625
EfficientNet_B0,44,13,0.9863690476190476,0.9098214285714286,0.9177083333333332
EfficientNet_B0,44,14,0.9882142857142856,0.9220238095238096,0.9223958333333332
EfficientNet_B0,44,15,0.9866666666666668,0.911904761904762,0.9174479166666668
EfficientNet_B0,44,16,0.9939880952380952,0.9205357142857142,0.92578125
EfficientNet_B0,44,17,0.9960119047619048,0.9223214285714286,0.9234375
EfficientNet_B0,44,18,0.9958333333333332,0.9220238095238096,0.92265625
EfficientNet_B0,44,19,0.9976190476190476,0.9241071428571428,0.9252604166666668
EfficientNet_B0,44,20,0.9989285714285714,0.925595238095238,0.9213541666666668
EfficientNet_B0,44,21,0.99875,0.9264880952380952,0.9270833333333334
EfficientNet_B0,44,22,0.9982738095238096,0.9232142857142858,0.9265625
EfficientNet_B0,44,23,0.999345238095238,0.9261904761904762,0.9239583333333332
EfficientNet_B0,44,24,0.9994642857142856,0.9294642857142856,0.92578125
EfficientNet_B0,44,25,0.9995238095238096,0.9261904761904762,0.9278645833333332
LSTM,44,1,0.5373214285714286,0.6925595238095238,0.6372395833333333
LSTM,44,2,0.7741666666666667,0.7678571428571429,0.69921875
LSTM,44,3,0.8544642857142857,0.7860119047619047,0.7205729166666667
LSTM,44,4,0.9074404761904762,0.8267857142857142,0.7872395833333333
LSTM,44,5,0.9316071428571427,0.8592261904761904,0.79140625
LSTM,44,6,0.9525595238095238,0.8699404761904762,0.80546875
LSTM,44,7,0.963095238095238,0.8392857142857143,0.78203125
LSTM,44,8,0.9620833333333332,0.862202380952381,0.8125
LSTM,44,9,0.9832738095238096,0.8895833333333333,0.8161458333333333
LSTM,44,10,0.991845238095238,0.8690476190476191,0.8177083333333334
LSTM,44,11,0.993452380952381,0.8889880952380952,0.8364583333333333
LSTM,44,12,0.9967857142857144,0.8866071428571428,0.83359375
LSTM,44,13,0.9973809523809524,0.8863095238095238,0.83203125
LSTM,44,14,0.9975,0.8889880952380952,0.828125
LSTM,44,15,0.9982142857142856,0.8848214285714285,0.8239583333333333
LSTM,44,16,0.9991071428571427,0.8907738095238096,0.82890625
LSTM,44,17,0.9995833333333334,0.8913690476190477,0.8307291666666666
LSTM,44,18,0.9995238095238096,0.888095238095238,0.8276041666666667
LSTM,44,19,0.9997619047619049,0.8883928571428571,0.8302083333333333
LSTM,44,20,0.9996428571428572,0.8925595238095239,0.834375
LSTM,44,21,0.9996428571428572,0.8910714285714286,0.8315104166666667
LSTM,44,22,0.9998214285714284,0.8916666666666667,0.8359375
LSTM,44,23,0.999702380952381,0.8898809523809523,0.8322916666666667
LSTM,44,24,0.9998809523809524,0.8904761904761904,0.8322916666666667
LSTM,44,25,0.9997619047619049,0.8910714285714286,0.834375
GRU,44,1,0.5746428571428571,0.7142857142857143,0.6817708333333333
GRU,44,2,0.8427976190476191,0.8086309523809524,0.7729166666666667
GRU,44,3,0.9277380952380953,0.837202380952381,0.7994791666666666
GRU,44,4,0.9544642857142858,0.8428571428571429,0.8177083333333334
GRU,44,5,0.9719642857142856,0.8333333333333334,0.8151041666666666
GRU,44,6,0.9782142857142856,0.8523809523809524,0.8265625
GRU,44,7,0.9933928571428572,0.8514880952380952,0.8377604166666667
GRU,44,8,0.9967857142857144,0.8681547619047619,0.8395833333333333
GRU,44,9,0.9969642857142856,0.843452380952381,0.8354166666666667
GRU,44,10,0.9983928571428572,0.8645833333333334,0.8466145833333333
GRU,44,11,0.9988690476190476,0.8550595238095238,0.8427083333333333
GRU,44,12,0.9995833333333334,0.8681547619047619,0.8453125
GRU,44,13,0.9996428571428572,0.8767857142857143,0.8434895833333333
GRU,44,14,0.9998214285714284,0.8693452380952381,0.8484375
GRU,44,15,0.9998214285714284,0.8726190476190476,0.846875
GRU,44,16,0.9998214285714284,0.8699404761904762,0.846875
GRU,44,17,0.9998214285714284,0.8708333333333333,0.8479166666666667
GRU,44,18,0.9999404761904762,0.8726190476190476,0.8494791666666667
GRU,44,19,1.0,0.8717261904761905,0.84921875
GRU,44,20,0.9998809523809524,0.8696428571428572,0.8494791666666667
GRU,44,21,0.9998214285714284,0.8708333333333333,0.8471354166666667
GRU,44,22,0.9998809523809524,0.8705357142857143,0.8479166666666667
GRU,44,23,1.0,0.8696428571428572,0.84921875
GRU,44,24,1.0,0.8723214285714286,0.8494791666666667
GRU,44,25,0.9998214285714284,0.8714285714285714,0.8502604166666666
CNN_LSTM,44,1,0.666547619047619,0.7651785714285714,0.75390625
CNN_LSTM,44,2,0.8282142857142857,0.8148809523809524,0.7893229166666667
CNN_LSTM,44,3,0.8792857142857143,0.8136904761904762,0.8229166666666666
CNN_LSTM,44,4,0.9123214285714286,0.8184523809523809,0.8255208333333334
CNN_LSTM,44,5,0.9336904761904762,0.8282738095238096,0.8247395833333333
CNN_LSTM,44,6,0.9617857142857142,0.8726190476190476,0.8877604166666667
CNN_LSTM,44,7,0.9709523809523808,0.8827380952380952,0.8927083333333333
CNN_LSTM,44,8,0.9764880952380952,0.8827380952380952,0.87734375
CNN_LSTM,44,9,0.9819642857142856,0.8860119047619047,0.8802083333333334
CNN_LSTM,44,10,0.981547619047619,0.8767857142857143,0.8921875
CNN_LSTM,44,11,0.9922619047619048,0.9020833333333332,0.896875
CNN_LSTM,44,12,0.9954166666666666,0.8922619047619048,0.8927083333333333
CNN_LSTM,44,13,0.9958333333333332,0.8970238095238096,0.9020833333333332
CNN_LSTM,44,14,0.9973214285714286,0.8925595238095239,0.89453125
CNN_LSTM,44,15,0.9983333333333332,0.8979166666666667,0.8984375
CNN_LSTM,44,16,0.9979166666666668,0.8919642857142858,0.8921875
CNN_LSTM,44,17,0.998452380952381,0.8952380952380953,0.8942708333333333
CNN_LSTM,44,18,0.9986309523809525,0.8949404761904762,0.89453125
CNN_LSTM,44,19,0.9985714285714286,0.9020833333333332,0.8973958333333333
CNN_LSTM,44,20,0.9992261904761904,0.8991071428571429,0.8984375
CNN_LSTM,44,21,0.9994642857142856,0.9008928571428572,0.8966145833333333
CNN_LSTM,44,22,0.999345238095238,0.8958333333333334,0.89140625
CNN_LSTM,44,23,0.9994642857142856,0.8970238095238096,0.89453125
CNN_LSTM,44,24,0.9994642857142856,0.8973214285714286,0.89609375
CNN_LSTM,44,25,0.9996428571428572,0.8973214285714286,0.8947916666666667
LeNet_LSTM,44,1,0.5204761904761904,0.7157738095238095,0.7408854166666666
LeNet_LSTM,44,2,0.7626190476190476,0.7776785714285714,0.7723958333333333
LeNet_LSTM,44,3,0.8328571428571429,0.830952380952381,0.809375
LeNet_LSTM,44,4,0.8798214285714285,0.8223214285714285,0.8197916666666667
LeNet_LSTM,44,5,0.8995238095238095,0.8904761904761904,0.85546875
LeNet_LSTM,44,6,0.9144642857142856,0.9014880952380953,0.8721354166666667
LeNet_LSTM,44,7,0.9289285714285714,0.875,0.8776041666666666
LeNet_LSTM,44,8,0.9420833333333334,0.9116071428571428,0.8885416666666667
LeNet_LSTM,44,9,0.94625,0.89375,0.8940104166666667
LeNet_LSTM,44,10,0.9644642857142856,0.905654761904762,0.8984375
LeNet_LSTM,44,11,0.9710714285714286,0.9083333333333332,0.8971354166666666
LeNet_LSTM,44,12,0.9739880952380952,0.905952380952381,0.8955729166666667
LeNet_LSTM,44,13,0.9804166666666668,0.9113095238095238,0.9013020833333332
LeNet_LSTM,44,14,0.9826785714285714,0.911904761904762,0.9114583333333334
LeNet_LSTM,44,15,0.9864285714285714,0.911904761904762,0.9041666666666668
LeNet_LSTM,44,16,0.9896428571428572,0.90625,0.90234375
LeNet_LSTM,44,17,0.9908333333333332,0.9038690476190476,0.90078125
LeNet_LSTM,44,18,0.990595238095238,0.905654761904762,0.9041666666666668
LeNet_LSTM,44,19,0.9911904761904762,0.9098214285714286,0.9036458333333334
LeNet_LSTM,44,20,0.993095238095238,0.9074404761904762,0.9002604166666667
LeNet_LSTM,44,21,0.9924404761904762,0.9044642857142856,0.9
LeNet_LSTM,44,22,0.993154761904762,0.9041666666666668,0.9028645833333332
LeNet_LSTM,44,23,0.9938690476190476,0.9047619047619048,0.9026041666666668
LeNet_LSTM,44,24,0.994404761904762,0.905952380952381,0.9020833333333332
LeNet_LSTM,44,25,0.994345238095238,0.9053571428571427,0.9036458333333334
TCN,44,1,0.5352380952380953,0.7366071428571429,0.7263020833333333
TCN,44,2,0.8129761904761905,0.7735119047619048,0.77421875
TCN,44,3,0.8960714285714285,0.8217261904761904,0.7869791666666667
TCN,44,4,0.9360714285714286,0.830952380952381,0.8026041666666667
TCN,44,5,0.95375,0.8205357142857143,0.8026041666666667
TCN,44,6,0.9666666666666668,0.8193452380952381,0.8190104166666666
TCN,44,7,0.9822619047619048,0.8497023809523809,0.8356770833333333
TCN,44,8,0.9900595238095238,0.8538690476190476,0.82265625
TCN,44,9,0.9900595238095238,0.8523809523809524,0.8299479166666667
TCN,44,10,0.9944642857142856,0.8580357142857142,0.8408854166666667
TCN,44,11,0.9957738095238096,0.8610119047619048,0.8325520833333333
TCN,44,12,0.9954166666666666,0.8470238095238095,0.8315104166666667
TCN,44,13,0.9977380952380952,0.8607142857142858,0.840625
TCN,44,14,0.998095238095238,0.8559523809523809,0.8421875
TCN,44,15,0.9985714285714286,0.8645833333333334,0.8359375
TCN,44,16,0.9985714285714286,0.8654761904761905,0.8361979166666667
TCN,44,17,0.999345238095238,0.8672619047619048,0.8380208333333333
TCN,44,18,0.9990476190476192,0.8642857142857143,0.8388020833333333
TCN,44,19,0.9991666666666666,0.8672619047619048,0.8380208333333333
TCN,44,20,0.9991666666666666,0.8675595238095238,0.84140625
TCN,44,21,0.999404761904762,0.8663690476190476,0.8432291666666667
TCN,44,22,0.9988690476190476,0.8681547619047619,0.8393229166666667
TCN,44,23,0.9994642857142856,0.8663690476190476,0.84140625
TCN,44,24,0.9991666666666666,0.8639880952380953,0.8424479166666666
TCN,44,25,0.9995238095238096,0.8660714285714286,0.8427083333333333
Transformer,44,1,0.3519047619047619,0.4583333333333333,0.3802083333333333
Transformer,44,2,0.6041666666666666,0.5639880952380952,0.5247395833333334
Transformer,44,3,0.7435714285714285,0.6410714285714286,0.6072916666666667
Transformer,44,4,0.8225,0.6943452380952381,0.6463541666666667
Transformer,44,5,0.869702380952381,0.7238095238095238,0.66953125
Transformer,44,6,0.9039880952380952,0.7354166666666667,0.6950520833333333
Transformer,44,7,0.923809523809524,0.7431547619047619,0.6932291666666667
Transformer,44,8,0.9367261904761904,0.7505952380952381,0.7005208333333334
Transformer,44,9,0.945,0.75,0.6940104166666666
Transformer,44,10,0.9529761904761904,0.7482142857142857,0.69765625
Transformer,44,11,0.9414285714285714,0.7354166666666667,0.6880208333333333
Transformer,44,12,0.9576785714285714,0.7431547619047619,0.68671875
Transformer,44,13,0.9695238095238096,0.749702380952381,0.70703125
Transformer,44,14,0.97625,0.7508928571428571,0.7145833333333333
Transformer,44,15,0.98375,0.7529761904761905,0.709375
Transformer,44,16,0.9886904761904762,0.7532738095238095,0.7143229166666667
Transformer,44,17,0.9922619047619048,0.7541666666666667,0.7075520833333333
Transformer,44,18,0.9942857142857144,0.750297619047619,0.7059895833333333
Transformer,44,19,0.9958928571428572,0.7505952380952381,0.7018229166666666
Transformer,44,20,0.9969642857142856,0.756547619047619,0.70859375
Transformer,44,21,0.9977976190476192,0.76875,0.7127604166666667
Transformer,44,22,0.998452380952381,0.7583333333333333,0.7065104166666667
Transformer,44,23,0.998452380952381,0.7553571428571428,0.7145833333333333
Transformer,44,24,0.9986904761904762,0.750297619047619,0.7135416666666666
Transformer,44,25,0.9992857142857144,0.7580357142857143,0.7184895833333333
LeNet,45,1,0.6865476190476191,0.7657738095238096,0.7419270833333333
LeNet,45,2,0.8501190476190477,0.805952380952381,0.7778645833333333
LeNet,45,3,0.8891666666666667,0.8315476190476191,0.7927083333333333
LeNet,45,4,0.9100595238095238,0.819047619047619,0.8046875
LeNet,45,5,0.927797619047619,0.8446428571428571,0.815625
LeNet,45,6,0.939404761904762,0.8491071428571428,0.8268229166666666
LeNet,45,7,0.9505357142857144,0.8375,0.809375
LeNet,45,8,0.9577380952380952,0.8363095238095238,0.8239583333333333
LeNet,45,9,0.9773214285714286,0.8488095238095238,0.8127604166666667
LeNet,45,10,0.9823809523809524,0.8583333333333333,0.8229166666666666
LeNet,45,11,0.9823809523809524,0.8267857142857142,0.8190104166666666
LeNet,45,12,0.9917261904761904,0.8458333333333333,0.83203125
LeNet,45,13,0.9936309523809524,0.8520833333333333,0.8322916666666667
LeNet,45,14,0.994345238095238,0.8574404761904761,0.834375
LeNet,45,15,0.9966666666666668,0.8589285714285714,0.8341145833333333
LeNet,45,16,0.9979166666666668,0.8529761904761904,0.82734375
LeNet,45,17,0.9978571428571428,0.8520833333333333,0.825
LeNet,45,18,0.99875,0.8547619047619047,0.8325520833333333
LeNet,45,19,0.9988690476190476,0.8544642857142857,0.8296875
LeNet,45,20,0.9988690476190476,0.85625,0.82890625
LeNet,45,21,0.9990476190476192,0.8547619047619047,0.8330729166666667
LeNet,45,22,0.9991071428571427,0.8559523809523809,0.8322916666666667
LeNet,45,23,0.9991666666666666,0.8526785714285714,0.83203125
LeNet,45,24,0.9992261904761904,0.8544642857142857,0.8338541666666667
LeNet,45,25,0.999345238095238,0.8550595238095238,0.83203125
ResNet18,45,1,0.79375,0.8297619047619048,0.8005208333333333
ResNet18,45,2,0.901547619047619,0.8419642857142857,0.8666666666666667
ResNet18,45,3,0.9332142857142856,0.8678571428571429,0.8776041666666666
ResNet18,45,4,0.94625,0.899702380952381,0.8854166666666666
ResNet18,45,5,0.9567261904761905,0.9014880952380953,0.8838541666666667
ResNet18,45,6,0.9628571428571427,0.8705357142857143,0.8526041666666667
ResNet18,45,7,0.9677976190476192,0.8964285714285715,0.8848958333333333
ResNet18,45,8,0.9754166666666668,0.91875,0.8809895833333333
ResNet18,45,9,0.9900595238095238,0.9020833333333332,0.9026041666666668
ResNet18,45,10,0.991547619047619,0.9050595238095238,0.9138020833333332
ResNet18,45,11,0.9914880952380952,0.913095238095238,0.8953125
ResNet18,45,12,0.9960714285714286,0.912797619047619,0.89296875
ResNet18,45,13,0.9976785714285714,0.9160714285714284,0.8963541666666667
ResNet18,45,14,0.9978571428571428,0.9172619047619048,0.8981770833333333
ResNet18,45,15,0.9986309523809525,0.9160714285714284,0.90390625
ResNet18,45,16,0.999404761904762,0.9169642857142856,0.9098958333333332
ResNet18,45,17,0.9991666666666666,0.9157738095238096,0.9026041666666668
ResNet18,45,18,0.999404761904762,0.9154761904761904,0.90546875
ResNet18,45,19,0.9998809523809524,0.9172619047619048,0.9098958333333332
ResNet18,45,20,0.9995833333333334,0.9196428571428572,0.9091145833333332
ResNet18,45,21,0.9998214285714284,0.918154761904762,0.9049479166666666
ResNet18,45,22,0.9999404761904762,0.9196428571428572,0.9080729166666668
ResNet18,45,23,0.9999404761904762,0.9208333333333332,0.9072916666666668
ResNet18,45,24,0.9998809523809524,0.9196428571428572,0.9057291666666668
ResNet18,45,25,0.9999404761904762,0.919345238095238,0.9059895833333332
MobileNet_V2,45,1,0.6203571428571428,0.7961309523809523,0.7716145833333333
MobileNet_V2,45,2,0.8198809523809524,0.8217261904761904,0.8372395833333334
MobileNet_V2,45,3,0.8864285714285715,0.8613095238095239,0.8546875
MobileNet_V2,45,4,0.9130357142857144,0.8627976190476191,0.8638020833333333
MobileNet_V2,45,5,0.9245238095238096,0.8913690476190477,0.878125
MobileNet_V2,45,6,0.9388095238095238,0.8916666666666667,0.87265625
MobileNet_V2,45,7,0.943095238095238,0.8818452380952381,0.87109375
MobileNet_V2,45,8,0.9535714285714286,0.9029761904761904,0.8848958333333333
MobileNet_V2,45,9,0.9780357142857142,0.9050595238095238,0.87890625
MobileNet_V2,45,10,0.9802380952380952,0.9002976190476191,0.8854166666666666
MobileNet_V2,45,11,0.9841666666666666,0.8949404761904762,0.8859375
MobileNet_V2,45,12,0.991309523809524,0.911904761904762,0.8888020833333333
MobileNet_V2,45,13,0.9953571428571428,0.9202380952380952,0.8890625
MobileNet_V2,45,14,0.9944642857142856,0.9110119047619047,0.8809895833333333
MobileNet_V2,45,15,0.9960119047619048,0.924702380952381,0.8966145833333333
MobileNet_V2,45,16,0.9985714285714286,0.918154761904762,0.8940104166666667
MobileNet_V2,45,17,0.9975595238095238,0.9157738095238096,0.8979166666666667
MobileNet_V2,45,18,0.9991666666666666,0.919047619047619,0.8979166666666667
MobileNet_V2,45,19,0.9995238095238096,0.9175595238095238,0.8981770833333333
MobileNet_V2,45,20,0.9992857142857144,0.918154761904762,0.9028645833333332
MobileNet_V2,45,21,0.9996428571428572,0.919940476190476,0.9018229166666668
MobileNet_V2,45,22,0.9992857142857144,0.9214285714285714,0.9020833333333332
MobileNet_V2,45,23,0.999702380952381,0.9211309523809524,0.9013020833333332
MobileNet_V2,45,24,0.9998214285714284,0.9214285714285714,0.9020833333333332
MobileNet_V2,45,25,0.9997619047619049,0.9220238095238096,0.9033854166666668
EfficientNet_B0,45,1,0.6298214285714285,0.8,0.76484375
EfficientNet_B0,45,2,0.8399404761904762,0.844047619047619,0.8341145833333333
EfficientNet_B0,45,3,0.8907142857142857,0.8875,0.8421875
EfficientNet_B0,45,4,0.920952380952381,0.9035714285714286,0.8796875
EfficientNet_B0,45,5,0.9367857142857144,0.8803571428571428,0.8403645833333333
EfficientNet_B0,45,6,0.94125,0.875297619047619,0.8583333333333333
EfficientNet_B0,45,7,0.9458928571428572,0.9101190476190476,0.8828125
EfficientNet_B0,45,8,0.9427380952380952,0.887797619047619,0.8778645833333333
EfficientNet_B0,45,9,0.9598214285714286,0.9044642857142856,0.8825520833333333
EfficientNet_B0,45,10,0.9682142857142856,0.918154761904762,0.9171875
EfficientNet_B0,45,11,0.9823214285714286,0.913095238095238,0.890625
EfficientNet_B0,45,12,0.986845238095238,0.9166666666666666,0.9015625
EfficientNet_B0,45,13,0.9900595238095238,0.9122023809523808,0.9015625
EfficientNet_B0,45,14,0.9933928571428572,0.91875,0.9013020833333332
EfficientNet_B0,45,15,0.9945238095238096,0.9169642857142856,0.90625
EfficientNet_B0,45,16,0.9955357142857144,0.9208333333333332,0.9018229166666668
EfficientNet_B0,45,17,0.9977976190476192,0.9196428571428572,0.9046875
EfficientNet_B0,45,18,0.9975595238095238,0.9252976190476192,0.90390625
EfficientNet_B0,45,19,0.9976190476190476,0.9261904761904762,0.9026041666666668
EfficientNet_B0,45,20,0.9975595238095238,0.9208333333333332,0.8854166666666666
EfficientNet_B0,45,21,0.9992857142857144,0.924404761904762,0.8986979166666667
EfficientNet_B0,45,22,0.99875,0.9229166666666668,0.90234375
EfficientNet_B0,45,23,0.9988095238095238,0.924702380952381,0.8932291666666666
EfficientNet_B0,45,24,0.9992857142857144,0.9241071428571428,0.89765625
EfficientNet_B0,45,25,0.9989285714285714,0.9232142857142858,0.8911458333333333
LSTM,45,1,0.5311309523809524,0.6526785714285714,0.6802083333333333
LSTM,45,2,0.754702380952381,0.6952380952380952,0.7315104166666667
LSTM,45,3,0.8263690476190476,0.736904761904762,0.75625
LSTM,45,4,0.8708928571428571,0.7541666666666667,0.7692708333333333
LSTM,45,5,0.9038095238095238,0.7336309523809523,0.78828125
LSTM,45,6,0.9298214285714286,0.7470238095238095,0.8044270833333333
LSTM,45,7,0.9530357142857144,0.7651785714285714,0.81015625
LSTM,45,8,0.971904761904762,0.7732142857142857,0.83984375
LSTM,45,9,0.9826190476190476,0.7883928571428571,0.8390625
LSTM,45,10,0.9875,0.7758928571428572,0.8375
LSTM,45,11,0.99375,0.7833333333333333,0.8450520833333334
LSTM,45,12,0.9959523809523808,0.7767857142857143,0.8440104166666667
LSTM,45,13,0.9967857142857144,0.7845238095238095,0.8440104166666667
LSTM,45,14,0.9976190476190476,0.7961309523809523,0.8442708333333333
LSTM,45,15,0.998452380952381,0.8005952380952381,0.84375
LSTM,45,16,0.9988095238095238,0.8,0.84921875
LSTM,45,17,0.9989880952380952,0.7958333333333333,0.84765625
LSTM,45,18,0.999345238095238,0.7860119047619047,0.8479166666666667
LSTM,45,19,0.999404761904762,0.7860119047619047,0.8455729166666667
LSTM,45,20,0.9994642857142856,0.7872023809523809,0.8497395833333333
LSTM,45,21,0.999345238095238,0.7916666666666666,0.8479166666666667
LSTM,45,22,0.999702380952381,0.7889880952380952,0.8494791666666667
LSTM,45,23,0.9996428571428572,0.7892857142857143,0.84765625
LSTM,45,24,0.999702380952381,0.7919642857142857,0.8486979166666667
LSTM,45,25,0.999404761904762,0.79375,0.8486979166666667
GRU,45,1,0.5685119047619047,0.7169642857142857,0.72578125
GRU,45,2,0.8345833333333333,0.7431547619047619,0.8072916666666666
GRU,45,3,0.9198809523809524,0.7824404761904762,0.8114583333333333
GRU,45,4,0.9528571428571428,0.7761904761904762,0.8260416666666667
GRU,45,5,0.969404761904762,0.7729166666666667,0.83046875
GRU,45,6,0.9723214285714286,0.7895833333333333,0.8171875
GRU,45,7,0.990654761904762,0.7889880952380952,0.8489583333333334
GRU,45,8,0.9966666666666668,0.8092261904761905,0.8546875
GRU,45,9,0.9966666666666668,0.8041666666666667,0.85390625
GRU,45,10,0.9990476190476192,0.8151785714285714,0.8653645833333333
GRU,45,11,0.999404761904762,0.8142857142857143,0.8611979166666667
GRU,45,12,0.9986904761904762,0.8125,0.8619791666666666
GRU,45,13,0.9995238095238096,0.805952380952381,0.86640625
GRU,45,14,0.9996428571428572,0.8092261904761905,0.86640625
GRU,45,15,0.9997619047619049,0.8116071428571429,0.8635416666666667
GRU,45,16,0.9998809523809524,0.8107142857142857,0.8671875
GRU,45,17,0.9997619047619049,0.8139880952380952,0.8674479166666667
GRU,45,18,0.9998809523809524,0.8142857142857143,0.86796875
GRU,45,19,0.9998809523809524,0.8151785714285714,0.8697916666666666
GRU,45,20,0.9997619047619049,0.8133928571428571,0.8684895833333334
GRU,45,21,0.9998809523809524,0.8139880952380952,0.8692708333333333
GRU,45,22,0.9998809523809524,0.8130952380952381,0.8684895833333334
GRU,45,23,0.9998214285714284,0.8151785714285714,0.86875
GRU,45,24,0.9999404761904762,0.8142857142857143,0.8692708333333333
GRU,45,25,0.9998809523809524,0.8148809523809524,0.8692708333333333
CNN_LSTM,45,1,0.6755952380952381,0.7642857142857142,0.7770833333333333
CNN_LSTM,45,2,0.8463095238095238,0.8056547619047619,0.8322916666666667
CNN_LSTM,45,3,0.8860119047619047,0.8267857142857142,0.8302083333333333
CNN_LSTM,45,4,0.9198214285714286,0.81875,0.8328125
CNN_LSTM,45,5,0.9383333333333334,0.8193452380952381,0.8690104166666667
CNN_LSTM,45,6,0.9488690476190476,0.8175595238095238,0.8575520833333333
CNN_LSTM,45,7,0.9723214285714286,0.8529761904761904,0.8778645833333333
CNN_LSTM,45,8,0.9802380952380952,0.8589285714285714,0.88984375
CNN_LSTM,45,9,0.9817857142857144,0.8633928571428572,0.8888020833333333
CNN_LSTM,45,10,0.9873214285714286,0.8497023809523809,0.88046875
CNN_LSTM,45,11,0.9878571428571428,0.8610119047619048,0.8997395833333334
CNN_LSTM,45,12,0.9939880952380952,0.8514880952380952,0.8984375
CNN_LSTM,45,13,0.9966071428571428,0.8541666666666666,0.8958333333333334
CNN_LSTM,45,14,0.9963690476190477,0.8422619047619048,0.9020833333333332
CNN_LSTM,45,15,0.9983333333333332,0.8538690476190476,0.8955729166666667
CNN_LSTM,45,16,0.9985119047619048,0.8607142857142858,0.8919270833333334
CNN_LSTM,45,17,0.9980357142857142,0.8556547619047619,0.8953125
CNN_LSTM,45,18,0.9986309523809525,0.8625,0.8963541666666667
CNN_LSTM,45,19,0.9996428571428572,0.856845238095238,0.8947916666666667
CNN_LSTM,45,20,0.999345238095238,0.862202380952381,0.8921875
CNN_LSTM,45,21,0.999404761904762,0.8544642857142857,0.8953125
CNN_LSTM,45,22,0.9995833333333334,0.8586309523809523,0.8955729166666667
CNN_LSTM,45,23,0.999345238095238,0.8556547619047619,0.89375
CNN_LSTM,45,24,0.9996428571428572,0.8529761904761904,0.8966145833333333
CNN_LSTM,45,25,0.9996428571428572,0.8526785714285714,0.8971354166666666
LeNet_LSTM,45,1,0.5511309523809523,0.7148809523809524,0.7158854166666667
LeNet_LSTM,45,2,0.7826190476190477,0.762797619047619,0.7911458333333333
LeNet_LSTM,45,3,0.8596428571428572,0.8020833333333334,0.8596354166666667
LeNet_LSTM,45,4,0.9035119047619048,0.843452380952381,0.8778645833333333
LeNet_LSTM,45,5,0.9183928571428572,0.8550595238095238,0.8682291666666667
LeNet_LSTM,45,6,0.944404761904762,0.8898809523809523,0.8971354166666666
LeNet_LSTM,45,7,0.9454166666666668,0.8708333333333333,0.89375
LeNet_LSTM,45,8,0.963095238095238,0.8645833333333334,0.89375
LeNet_LSTM,45,9,0.966904761904762,0.8836309523809524,0.8979166666666667
LeNet_LSTM,45,10,0.981547619047619,0.8738095238095238,0.9005208333333333
LeNet_LSTM,45,11,0.9808333333333332,0.8741071428571429,0.8986979166666667
LeNet_LSTM,45,12,0.985297619047619,0.8711309523809524,0.8940104166666667
LeNet_LSTM,45,13,0.9883928571428572,0.8767857142857143,0.9036458333333334
LeNet_LSTM,45,14,0.991309523809524,0.8833333333333333,0.8997395833333334
LeNet_LSTM,45,15,0.9921428571428572,0.8654761904761905,0.8986979166666667
LeNet_LSTM,45,16,0.9936904761904762,0.8738095238095238,0.90234375
LeNet_LSTM,45,17,0.9927976190476192,0.8767857142857143,0.8979166666666667
LeNet_LSTM,45,18,0.9951785714285716,0.8696428571428572,0.8971354166666666
LeNet_LSTM,45,19,0.9954166666666666,0.8741071428571429,0.8979166666666667
LeNet_LSTM,45,20,0.9960714285714286,0.8770833333333333,0.89921875
LeNet_LSTM,45,21,0.9958928571428572,0.8678571428571429,0.8997395833333334
LeNet_LSTM,45,22,0.9964285714285714,0.8741071428571429,0.8997395833333334
LeNet_LSTM,45,23,0.9966071428571428,0.8723214285714286,0.9002604166666667
LeNet_LSTM,45,24,0.9960119047619048,0.8714285714285714,0.8989583333333333
LeNet_LSTM,45,25,0.9963095238095238,0.8744047619047619,0.90078125
TCN,45,1,0.5482738095238096,0.700595238095238,0.7177083333333333
TCN,45,2,0.820595238095238,0.7494047619047619,0.7848958333333333
TCN,45,3,0.8980357142857143,0.7574404761904762,0.7908854166666667
TCN,45,4,0.9311904761904762,0.799702380952381,0.8231770833333333
TCN,45,5,0.9520238095238096,0.7559523809523809,0.8049479166666667
TCN,45,6,0.96625,0.7979166666666667,0.8236979166666667
TCN,45,7,0.9708333333333332,0.7973214285714286,0.8299479166666667
TCN,45,8,0.9854761904761904,0.7955357142857142,0.8315104166666667
TCN,45,9,0.9920833333333332,0.7827380952380952,0.828125
TCN,45,10,0.9916071428571428,0.8056547619047619,0.8372395833333334
TCN,45,11,0.994702380952381,0.8041666666666667,0.8408854166666667
TCN,45,12,0.9970238095238096,0.794047619047619,0.83828125
TCN,45,13,0.9969642857142856,0.8032738095238096,0.8361979166666667
TCN,45,14,0.9978571428571428,0.8008928571428572,0.83828125
TCN,45,15,0.998095238095238,0.8080357142857143,0.8458333333333333
TCN,45,16,0.998452380952381,0.8029761904761905,0.8424479166666666
TCN,45,17,0.9989285714285714,0.8035714285714286,0.8424479166666666
TCN,45,18,0.9990476190476192,0.8017857142857143,0.8411458333333334
TCN,45,19,0.9990476190476192,0.799404761904762,0.8450520833333334
TCN,45,20,0.9990476190476192,0.799404761904762,0.84140625
TCN,45,21,0.9992857142857144,0.8005952380952381,0.8442708333333333
TCN,45,22,0.999345238095238,0.799702380952381,0.84453125
TCN,45,23,0.9995238095238096,0.799702380952381,0.84453125
TCN,45,24,0.9992261904761904,0.8011904761904762,0.8447916666666667
TCN,45,25,0.9997619047619049,0.8029761904761905,0.8455729166666667
Transformer,45,1,0.3395833333333333,0.4211309523809524,0.45703125
Transformer,45,2,0.5904761904761905,0.5413690476190476,0.5875
Transformer,45,3,0.7273809523809524,0.5958333333333333,0.6520833333333333
Transformer,45,4,0.8035119047619048,0.6428571428571429,0.69296875
Transformer,45,5,0.8542857142857143,0.662797619047619,0.7114583333333333
Transformer,45,6,0.8919047619047619,0.6723214285714286,0.721875
Transformer,45,7,0.9123214285714286,0.6815476190476191,0.73828125
Transformer,45,8,0.9282738095238096,0.6741071428571429,0.7265625
Transformer,45,9,0.9391071428571428,0.6839285714285714,0.7268229166666667
Transformer,45,10,0.9463690476190476,0.6818452380952381,0.73125
Transformer,45,11,0.935,0.6729166666666667,0.7286458333333333
Transformer,45,12,0.9501190476190476,0.6880952380952381,0.7408854166666666
Transformer,45,13,0.9648809523809524,0.687202380952381,0.7354166666666667
Transformer,45,14,0.9735714285714284,0.6866071428571429,0.7455729166666667
Transformer,45,15,0.9801190476190476,0.6886904761904762,0.7346354166666667
Transformer,45,16,0.9858928571428572,0.687797619047619,0.7302083333333333
Transformer,45,17,0.9898214285714284,0.674702380952381,0.7221354166666667
Transformer,45,18,0.993095238095238,0.6842261904761905,0.740625
Transformer,45,19,0.993452380952381,0.6892857142857143,0.7390625
Transformer,45,20,0.9960119047619048,0.6863095238095238,0.74921875
Transformer,45,21,0.9964285714285714,0.6875,0.7408854166666666
Transformer,45,22,0.9977976190476192,0.6976190476190476,0.7471354166666667
Transformer,45,23,0.9979166666666668,0.6904761904761905,0.7390625
Transformer,45,24,0.9983333333333332,0.6934523809523809,0.7453125
Transformer,45,25,0.999345238095238,0.6979166666666666,0.7403645833333333
LeNet,46,1,0.6799404761904762,0.7991071428571429,0.75546875
LeNet,46,2,0.8408928571428571,0.8398809523809524,0.8067708333333333
LeNet,46,3,0.8822023809523809,0.8476190476190476,0.8057291666666667
LeNet,46,4,0.9048809523809525,0.8461309523809524,0.8205729166666667
LeNet,46,5,0.9201785714285714,0.8639880952380953,0.82109375
LeNet,46,6,0.9360714285714286,0.8642857142857143,0.82109375
LeNet,46,7,0.958452380952381,0.8788690476190476,0.8447916666666667
LeNet,46,8,0.9651785714285714,0.8782738095238095,0.8375
LeNet,46,9,0.9686309523809524,0.8794642857142857,0.8408854166666667
LeNet,46,10,0.9738095238095238,0.875297619047619,0.8388020833333333
LeNet,46,11,0.9827380952380952,0.881547619047619,0.8455729166666667
LeNet,46,12,0.9847023809523808,0.8886904761904761,0.8502604166666666
LeNet,46,13,0.9864285714285714,0.8869047619047619,0.8497395833333333
LeNet,46,14,0.9913690476190476,0.8803571428571428,0.8455729166666667
LeNet,46,15,0.9916666666666668,0.8833333333333333,0.8434895833333333
LeNet,46,16,0.993452380952381,0.8809523809523809,0.8390625
LeNet,46,17,0.9945833333333334,0.8869047619047619,0.8471354166666667
LeNet,46,18,0.995297619047619,0.8875,0.8421875
LeNet,46,19,0.9953571428571428,0.8886904761904761,0.85546875
LeNet,46,20,0.9961904761904762,0.8872023809523809,0.8494791666666667
LeNet,46,21,0.9961904761904762,0.8886904761904761,0.84921875
LeNet,46,22,0.996547619047619,0.8866071428571428,0.8484375
LeNet,46,23,0.996904761904762,0.8869047619047619,0.8481770833333333
LeNet,46,24,0.9969642857142856,0.8863095238095238,0.8502604166666666
LeNet,46,25,0.9967261904761904,0.8889880952380952,0.8489583333333334
ResNet18,46,1,0.7882142857142858,0.8738095238095238,0.84765625
ResNet18,46,2,0.9007738095238096,0.8863095238095238,0.8588541666666667
ResNet18,46,3,0.9252976190476192,0.9101190476190476,0.8838541666666667
ResNet18,46,4,0.9439880952380952,0.8910714285714286,0.86953125
ResNet18,46,5,0.9564880952380952,0.8866071428571428,0.87578125
ResNet18,46,6,0.9580357142857144,0.9133928571428572,0.8950520833333333
ResNet18,46,7,0.9833333333333332,0.9166666666666666,0.9096354166666668
ResNet18,46,8,0.9866666666666668,0.9327380952380953,0.9106770833333332
ResNet18,46,9,0.9873214285714286,0.9175595238095238,0.9106770833333332
ResNet18,46,10,0.9870238095238096,0.9220238095238096,0.8934895833333333
ResNet18,46,11,0.988452380952381,0.9166666666666666,0.9114583333333334
ResNet18,46,12,0.9959523809523808,0.9294642857142856,0.9158854166666668
ResNet18,46,13,0.9971428571428572,0.9327380952380953,0.909375
ResNet18,46,14,0.997202380952381,0.9345238095238096,0.9114583333333334
ResNet18,46,15,0.9988095238095238,0.9226190476190476,0.9177083333333332
ResNet18,46,16,0.9994642857142856,0.9267857142857144,0.9192708333333334
ResNet18,46,17,0.999702380952381,0.9279761904761904,0.9174479166666668
ResNet18,46,18,0.9996428571428572,0.925,0.9130208333333332
ResNet18,46,19,0.9997619047619049,0.9315476190476192,0.92578125
ResNet18,46,20,0.9997619047619049,0.9273809523809524,0.9192708333333334
ResNet18,46,21,0.9999404761904762,0.9315476190476192,0.9216145833333332
ResNet18,46,22,0.999702380952381,0.9300595238095238,0.9177083333333332
ResNet18,46,23,0.9999404761904762,0.9282738095238096,0.9244791666666666
ResNet18,46,24,0.9999404761904762,0.9303571428571428,0.9213541666666668
ResNet18,46,25,0.9999404761904762,0.930654761904762,0.9221354166666668
MobileNet_V2,46,1,0.6325595238095238,0.83125,0.7677083333333333
MobileNet_V2,46,2,0.8274404761904762,0.8806547619047619,0.8341145833333333
MobileNet_V2,46,3,0.8825,0.8821428571428571,0.85859375
MobileNet_V2,46,4,0.9032738095238096,0.875,0.8260416666666667
MobileNet_V2,46,5,0.9170833333333334,0.9053571428571427,0.8815104166666666
MobileNet_V2,46,6,0.933154761904762,0.8967261904761905,0.8755208333333333
MobileNet_V2,46,7,0.9379166666666666,0.9023809523809524,0.8763020833333334
MobileNet_V2,46,8,0.9464880952380952,0.9139880952380952,0.8765625
MobileNet_V2,46,9,0.9538690476190476,0.8982142857142857,0.87890625
MobileNet_V2,46,10,0.9595238095238096,0.8949404761904762,0.8731770833333333
MobileNet_V2,46,11,0.9611904761904762,0.918154761904762,0.88828125
MobileNet_V2,46,12,0.9816666666666668,0.9226190476190476,0.89375
MobileNet_V2,46,13,0.9854166666666668,0.9241071428571428,0.903125
MobileNet_V2,46,14,0.985,0.9229166666666668,0.8903645833333333
MobileNet_V2,46,15,0.9936309523809524,0.9288690476190476,0.91015625
MobileNet_V2,46,16,0.9959523809523808,0.9267857142857144,0.89921875
MobileNet_V2,46,17,0.9949404761904762,0.9226190476190476,0.9065104166666668
MobileNet_V2,46,18,0.9983928571428572,0.930654761904762,0.9151041666666668
MobileNet_V2,46,19,0.9990476190476192,0.9258928571428572,0.9122395833333332
MobileNet_V2,46,20,0.9988690476190476,0.9315476190476192,0.9083333333333332
MobileNet_V2,46,21,0.9989285714285714,0.931845238095238,0.9122395833333332
MobileNet_V2,46,22,0.9995833333333334,0.9303571428571428,0.9135416666666668
MobileNet_V2,46,23,0.999702380952381,0.9273809523809524,0.9065104166666668
MobileNet_V2,46,24,0.9997619047619049,0.9273809523809524,0.90859375
MobileNet_V2,46,25,0.9998214285714284,0.9273809523809524,0.9083333333333332
EfficientNet_B0,46,1,0.619702380952381,0.8276785714285714,0.7861979166666667
EfficientNet_B0,46,2,0.8376190476190476,0.8821428571428571,0.8330729166666667
EfficientNet_B0,46,3,0.8795238095238095,0.90625,0.8848958333333333
EfficientNet_B0,46,4,0.910654761904762,0.913095238095238,0.8919270833333334
EfficientNet_B0,46,5,0.9241666666666668,0.9,0.8989583333333333
EfficientNet_B0,46,6,0.9414880952380952,0.9026785714285714,0.8989583333333333
EfficientNet_B0,46,7,0.9504761904761904,0.924702380952381,0.8916666666666667
EfficientNet_B0,46,8,0.9757142857142858,0.9363095238095238,0.9046875
EfficientNet_B0,46,9,0.9795833333333334,0.9276785714285716,0.91328125
EfficientNet_B0,46,10,0.9791071428571428,0.9297619047619048,0.9190104166666668
EfficientNet_B0,46,11,0.9814880952380952,0.924702380952381,0.9106770833333332
EfficientNet_B0,46,12,0.991547619047619,0.9363095238095238,0.9083333333333332
EfficientNet_B0,46,13,0.994702380952381,0.9383928571428573,0.9059895833333332
EfficientNet_B0,46,14,0.9936309523809524,0.9416666666666668,0.91328125
EfficientNet_B0,46,15,0.996845238095238,0.9383928571428573,0.9145833333333332
EfficientNet_B0,46,16,0.9964285714285714,0.9336309523809524,0.91484375
EfficientNet_B0,46,17,0.9973214285714286,0.9354166666666668,0.9127604166666666
EfficientNet_B0,46,18,0.9980357142857142,0.9351190476190476,0.9145833333333332
EfficientNet_B0,46,19,0.9989880952380952,0.9360119047619048,0.9169270833333332
EfficientNet_B0,46,20,0.9982142857142856,0.9366071428571427,0.9104166666666668
EfficientNet_B0,46,21,0.998154761904762,0.937202380952381,0.915625
EfficientNet_B0,46,22,0.9989285714285714,0.936904761904762,0.9200520833333332
EfficientNet_B0,46,23,0.998452380952381,0.9383928571428573,0.9177083333333332
EfficientNet_B0,46,24,0.9988095238095238,0.9351190476190476,0.91640625
EfficientNet_B0,46,25,0.9990476190476192,0.9363095238095238,0.9127604166666666
LSTM,46,1,0.5278571428571428,0.7029761904761904,0.65
LSTM,46,2,0.7657142857142857,0.7392857142857143,0.6859375
LSTM,46,3,0.8548214285714286,0.7979166666666667,0.7364583333333333
LSTM,46,4,0.8966071428571428,0.8130952380952381,0.7661458333333333
LSTM,46,5,0.9253571428571428,0.8300595238095239,0.7760416666666666
LSTM,46,6,0.940595238095238,0.8163690476190476,0.7557291666666667
LSTM,46,7,0.955297619047619,0.8410714285714286,0.7872395833333333
LSTM,46,8,0.9777976190476192,0.8517857142857143,0.8119791666666667
LSTM,46,9,0.9859523809523808,0.8630952380952381,0.81484375
LSTM,46,10,0.989345238095238,0.8508928571428571,0.8091145833333333
LSTM,46,11,0.99375,0.8696428571428572,0.8190104166666666
LSTM,46,12,0.9966666666666668,0.8645833333333334,0.821875
LSTM,46,13,0.9964880952380952,0.8625,0.8161458333333333
LSTM,46,14,0.9978571428571428,0.862202380952381,0.8247395833333333
LSTM,46,15,0.9982738095238096,0.8660714285714286,0.8229166666666666
LSTM,46,16,0.9982738095238096,0.8654761904761905,0.8268229166666666
LSTM,46,17,0.9986309523809525,0.862202380952381,0.8231770833333333
LSTM,46,18,0.9991071428571427,0.8672619047619048,0.8263020833333333
LSTM,46,19,0.9989285714285714,0.8636904761904762,0.8252604166666667
LSTM,46,20,0.999345238095238,0.8657738095238096,0.8283854166666667
LSTM,46,21,0.9995833333333334,0.8660714285714286,0.8276041666666667
LSTM,46,22,0.999404761904762,0.8666666666666667,0.8265625
LSTM,46,23,0.999404761904762,0.8669642857142857,0.8283854166666667
LSTM,46,24,0.9994642857142856,0.8660714285714286,0.8270833333333333
LSTM,46,25,0.9995833333333334,0.8669642857142857,0.8268229166666666
GRU,46,1,0.5714285714285714,0.7529761904761905,0.6744791666666666
GRU,46,2,0.8371428571428572,0.805952380952381,0.7408854166666666
GRU,46,3,0.9175,0.8261904761904761,0.7638020833333333
GRU,46,4,0.951845238095238,0.8666666666666667,0.80703125
GRU,46,5,0.9676785714285714,0.862202380952381,0.8169270833333333
GRU,46,6,0.9754166666666668,0.8663690476190476,0.8049479166666667
GRU,46,7,0.9798214285714286,0.8630952380952381,0.7984375
GRU,46,8,0.9916666666666668,0.8711309523809524,0.8229166666666666
GRU,46,9,0.9964880952380952,0.8675595238095238,0.8203125
GRU,46,10,0.995654761904762,0.8702380952380953,0.82578125
GRU,46,11,0.9983928571428572,0.8767857142857143,0.8330729166666667
GRU,46,12,0.9992261904761904,0.875297619047619,0.825
GRU,46,13,0.9992857142857144,0.8779761904761905,0.8325520833333333
GRU,46,14,0.9998214285714284,0.8767857142857143,0.8356770833333333
GRU,46,15,0.9998214285714284,0.8666666666666667,0.83046875
GRU,46,16,0.9999404761904762,0.8729166666666667,0.8346354166666666
GRU,46,17,0.9999404761904762,0.8767857142857143,0.83515625
GRU,46,18,0.9997619047619049,0.8794642857142857,0.8348958333333333
GRU,46,19,0.9999404761904762,0.8764880952380952,0.834375
GRU,46,20,0.9999404761904762,0.8779761904761905,0.83359375
GRU,46,21,1.0,0.8755952380952381,0.83359375
GRU,46,22,0.9998809523809524,0.8770833333333333,0.8341145833333333
GRU,46,23,0.9999404761904762,0.8770833333333333,0.8356770833333333
GRU,46,24,1.0,0.8773809523809524,0.8348958333333333
GRU,46,25,1.0,0.8800595238095238,0.8359375
CNN_LSTM,46,1,0.6764880952380953,0.8279761904761904,0.7903645833333334
CNN_LSTM,46,2,0.8439880952380953,0.8592261904761904,0.7942708333333334
CNN_LSTM,46,3,0.8790476190476191,0.8857142857142857,0.83515625
CNN_LSTM,46,4,0.9089880952380952,0.874702380952381,0.80078125
CNN_LSTM,46,5,0.9282738095238096,0.906845238095238,0.8486979166666667
CNN_LSTM,46,6,0.9446428571428572,0.9160714285714284,0.83359375
CNN_LSTM,46,7,0.9532142857142856,0.9252976190476192,0.8505208333333333
CNN_LSTM,46,8,0.9647619047619048,0.9175595238095238,0.8671875
CNN_LSTM,46,9,0.9654166666666668,0.9139880952380952,0.875
CNN_LSTM,46,10,0.9742261904761904,0.906547619047619,0.8716145833333333
CNN_LSTM,46,11,0.9882142857142856,0.9294642857142856,0.8916666666666667
CNN_LSTM,46,12,0.9928571428571428,0.9339285714285714,0.88046875
CNN_LSTM,46,13,0.9920833333333332,0.9211309523809524,0.8986979166666667
CNN_LSTM,46,14,0.996547619047619,0.9276785714285716,0.8942708333333333
CNN_LSTM,46,15,0.9973214285714286,0.9261904761904762,0.8877604166666667
CNN_LSTM,46,16,0.9973214285714286,0.9294642857142856,0.8981770833333333
CNN_LSTM,46,17,0.9986904761904762,0.9297619047619048,0.9075520833333334
CNN_LSTM,46,18,0.99875,0.9330357142857144,0.9005208333333333
CNN_LSTM,46,19,0.9989880952380952,0.9291666666666668,0.9049479166666666
CNN_LSTM,46,20,0.999345238095238,0.923809523809524,0.903125
CNN_LSTM,46,21,0.999404761904762,0.9273809523809524,0.9013020833333332
CNN_LSTM,46,22,0.999702380952381,0.9282738095238096,0.9026041666666668
CNN_LSTM,46,23,0.9998214285714284,0.9258928571428572,0.9005208333333333
CNN_LSTM,46,24,0.9997619047619049,0.930654761904762,0.9036458333333334
CNN_LSTM,46,25,0.999702380952381,0.9291666666666668,0.9028645833333332
LeNet_LSTM,46,1,0.5358928571428572,0.7714285714285715,0.7307291666666667
LeNet_LSTM,46,2,0.7780952380952381,0.7895833333333333,0.73359375
LeNet_LSTM,46,3,0.8535119047619047,0.8672619047619048,0.8080729166666667
LeNet_LSTM,46,4,0.9053571428571427,0.8907738095238096,0.8638020833333333
LeNet_LSTM,46,5,0.9208333333333332,0.905952380952381,0.8822916666666667
LeNet_LSTM,46,6,0.9370238095238096,0.9041666666666668,0.8640625
LeNet_LSTM,46,7,0.9404166666666668,0.9142857142857144,0.8916666666666667
LeNet_LSTM,46,8,0.9499404761904762,0.8985119047619048,0.8908854166666667
LeNet_LSTM,46,9,0.9614285714285714,0.9125,0.8841145833333334
LeNet_LSTM,46,10,0.9630357142857144,0.9017857142857144,0.896875
LeNet_LSTM,46,11,0.9753571428571428,0.9205357142857142,0.8971354166666666
LeNet_LSTM,46,12,0.9817261904761904,0.918154761904762,0.8989583333333333
LeNet_LSTM,46,13,0.981845238095238,0.9125,0.8986979166666667
LeNet_LSTM,46,14,0.9888095238095238,0.9175595238095238,0.89453125
LeNet_LSTM,46,15,0.9891666666666666,0.9071428571428573,0.8986979166666667
LeNet_LSTM,46,16,0.9907142857142858,0.91875,0.90078125
LeNet_LSTM,46,17,0.993452380952381,0.9175595238095238,0.8984375
LeNet_LSTM,46,18,0.9948214285714284,0.9178571428571428,0.8989583333333333
LeNet_LSTM,46,19,0.9945238095238096,0.9157738095238096,0.8958333333333334
LeNet_LSTM,46,20,0.995654761904762,0.9157738095238096,0.8953125
LeNet_LSTM,46,21,0.9967857142857144,0.9154761904761904,0.8950520833333333
LeNet_LSTM,46,22,0.9963095238095238,0.9139880952380952,0.8888020833333333
LeNet_LSTM,46,23,0.9963690476190477,0.9184523809523808,0.8966145833333333
LeNet_LSTM,46,24,0.996547619047619,0.9163690476190476,0.8997395833333334
LeNet_LSTM,46,25,0.996845238095238,0.9157738095238096,0.89921875
TCN,46,1,0.5466071428571428,0.7461309523809524,0.70390625
TCN,46,2,0.815,0.7863095238095238,0.7424479166666667
TCN,46,3,0.8906547619047619,0.8011904761904762,0.7677083333333333
TCN,46,4,0.9291666666666668,0.8214285714285714,0.80703125
TCN,46,5,0.9497619047619048,0.8184523809523809,0.7947916666666667
TCN,46,6,0.9630357142857144,0.8395833333333333,0.8075520833333333
TCN,46,7,0.9725595238095238,0.8184523809523809,0.8072916666666666
TCN,46,8,0.9861309523809524,0.8247023809523809,0.82734375
TCN,46,9,0.9904166666666666,0.8455357142857143,0.83203125
TCN,46,10,0.990595238095238,0.8392857142857143,0.82890625
TCN,46,11,0.9951785714285716,0.8482142857142857,0.8356770833333333
TCN,46,12,0.9971428571428572,0.8511904761904762,0.8291666666666667
TCN,46,13,0.9961309523809524,0.8520833333333333,0.8356770833333333
TCN,46,14,0.9977976190476192,0.85,0.83359375
TCN,46,15,0.9986904761904762,0.8461309523809524,0.834375
TCN,46,16,0.9989880952380952,0.8497023809523809,0.8359375
TCN,46,17,0.99875,0.8517857142857143,0.8369791666666667
TCN,46,18,0.9988095238095238,0.8505952380952381,0.8403645833333333
TCN,46,19,0.9986904761904762,0.8488095238095238,0.8372395833333334
TCN,46,20,0.999345238095238,0.8523809523809524,0.8385416666666666
TCN,46,21,0.9988690476190476,0.85,0.8408854166666667
TCN,46,22,0.9992261904761904,0.8526785714285714,0.8416666666666667
TCN,46,23,0.999404761904762,0.8529761904761904,0.8403645833333333
TCN,46,24,0.9992261904761904,0.8529761904761904,0.8403645833333333
TCN,46,25,0.9995238095238096,0.8511904761904762,0.8401041666666667
Transformer,46,1,0.3294047619047619,0.4875,0.4309895833333333
Transformer,46,2,0.5924404761904762,0.6348214285714285,0.5723958333333333
Transformer,46,3,0.7410714285714286,0.7157738095238095,0.6549479166666666
Transformer,46,4,0.817797619047619,0.7324404761904761,0.6716145833333333
Transformer,46,5,0.8670238095238095,0.7425595238095238,0.6841145833333333
Transformer,46,6,0.9001190476190476,0.7473214285714286,0.6924479166666667
Transformer,46,7,0.9248809523809524,0.7464285714285714,0.6901041666666666
Transformer,46,8,0.938154761904762,0.7511904761904762,0.6973958333333333
Transformer,46,9,0.9457142857142856,0.7547619047619047,0.7
Transformer,46,10,0.9527380952380952,0.7580357142857143,0.6989583333333333
Transformer,46,11,0.9410119047619048,0.7619047619047619,0.69765625
Transformer,46,12,0.958154761904762,0.7488095238095238,0.7028645833333333
Transformer,46,13,0.9694642857142856,0.7544642857142857,0.6997395833333333
Transformer,46,14,0.977440476190476,0.7589285714285714,0.70390625
Transformer,46,15,0.9859523809523808,0.7711309523809524,0.7026041666666667
Transformer,46,16,0.9886904761904762,0.7657738095238096,0.6963541666666667
Transformer,46,17,0.9913690476190476,0.7758928571428572,0.69453125
Transformer,46,18,0.994404761904762,0.768452380952381,0.7033854166666667
Transformer,46,19,0.9958928571428572,0.7702380952380953,0.70390625
Transformer,46,20,0.9971428571428572,0.7625,0.70078125
Transformer,46,21,0.9980357142857142,0.7690476190476191,0.7052083333333333
Transformer,46,22,0.9985714285714286,0.7732142857142857,0.7078125
Transformer,46,23,0.9980357142857142,0.7616071428571428,0.7067708333333333
Transformer,46,24,0.9991666666666666,0.7705357142857143,0.7072916666666667
Transformer,46,25,0.9989880952380952,0.7702380952380953,0.7044270833333334
LeNet,47,1,0.6573214285714286,0.7351190476190477,0.7403645833333333
LeNet,47,2,0.8289285714285715,0.7752976190476191,0.7966145833333333
LeNet,47,3,0.8838690476190476,0.8116071428571429,0.8231770833333333
LeNet,47,4,0.9102976190476192,0.8235119047619047,0.8244791666666667
LeNet,47,5,0.9273809523809524,0.8214285714285714,0.8294270833333334
LeNet,47,6,0.9408333333333332,0.8273809523809523,0.8416666666666667
LeNet,47,7,0.9498214285714286,0.8151785714285714,0.8403645833333333
LeNet,47,8,0.9575,0.8321428571428572,0.84140625
LeNet,47,9,0.9647023809523808,0.8163690476190476,0.8432291666666667
LeNet,47,10,0.9829166666666668,0.837202380952381,0.8393229166666667
LeNet,47,11,0.9860119047619048,0.8342261904761905,0.8421875
LeNet,47,12,0.9886904761904762,0.8360119047619048,0.8567708333333334
LeNet,47,13,0.994702380952381,0.8419642857142857,0.8533854166666667
LeNet,47,14,0.9954166666666666,0.830952380952381,0.8583333333333333
LeNet,47,15,0.9964880952380952,0.8410714285714286,0.8552083333333333
LeNet,47,16,0.9982142857142856,0.8401785714285714,0.8565104166666667
LeNet,47,17,0.9986904761904762,0.8410714285714286,0.85859375
LeNet,47,18,0.9989880952380952,0.8389880952380953,0.8541666666666666
LeNet,47,19,0.9991666666666666,0.844047619047619,0.85859375
LeNet,47,20,0.999345238095238,0.8422619047619048,0.8567708333333334
LeNet,47,21,0.9992261904761904,0.8425595238095238,0.8598958333333333
LeNet,47,22,0.9994642857142856,0.8407738095238095,0.8580729166666666
LeNet,47,23,0.9994642857142856,0.8416666666666667,0.8578125
LeNet,47,24,0.9994642857142856,0.844047619047619,0.8565104166666667
LeNet,47,25,0.999404761904762,0.8425595238095238,0.8575520833333333
ResNet18,47,1,0.7791666666666667,0.8755952380952381,0.89921875
ResNet18,47,2,0.8957738095238095,0.89375,0.9299479166666668
ResNet18,47,3,0.9292261904761904,0.8895833333333333,0.9182291666666668
ResNet18,47,4,0.9423809523809524,0.8925595238095239,0.91953125
ResNet18,47,5,0.9563095238095238,0.9080357142857144,0.9236979166666668
ResNet18,47,6,0.9823214285714286,0.905952380952381,0.9372395833333332
ResNet18,47,7,0.9822619047619048,0.9071428571428573,0.9348958333333334
ResNet18,47,8,0.98375,0.905952380952381,0.94140625
ResNet18,47,9,0.9927976190476192,0.9154761904761904,0.9377604166666668
ResNet18,47,10,0.9958333333333332,0.9011904761904762,0.93671875
ResNet18,47,11,0.9964285714285714,0.9178571428571428,0.9325520833333332
ResNet18,47,12,0.9973809523809524,0.9113095238095238,0.94609375
ResNet18,47,13,0.9985119047619048,0.9154761904761904,0.9471354166666668
ResNet18,47,14,0.99875,0.919940476190476,0.9484375
ResNet18,47,15,0.9995833333333334,0.9142857142857144,0.95
ResNet18,47,16,0.9995833333333334,0.9211309523809524,0.95078125
ResNet18,47,17,0.9996428571428572,0.919047619047619,0.9502604166666668
ResNet18,47,18,0.9998809523809524,0.919345238095238,0.9515625
ResNet18,47,19,0.9999404761904762,0.9139880952380952,0.9505208333333334
ResNet18,47,20,0.999702380952381,0.9163690476190476,0.9489583333333332
ResNet18,47,21,0.9998214285714284,0.919047619047619,0.9497395833333332
ResNet18,47,22,0.9998809523809524,0.9184523809523808,0.9518229166666666
ResNet18,47,23,0.9998809523809524,0.918154761904762,0.9520833333333332
ResNet18,47,24,1.0,0.919047619047619,0.9528645833333332
ResNet18,47,25,0.9998214285714284,0.919047619047619,0.9497395833333332
MobileNet_V2,47,1,0.6194047619047619,0.8098214285714286,0.8205729166666667
MobileNet_V2,47,2,0.8350595238095239,0.8592261904761904,0.88984375
MobileNet_V2,47,3,0.8869047619047619,0.8848214285714285,0.8875
MobileNet_V2,47,4,0.9088690476190476,0.8535714285714285,0.8713541666666667
MobileNet_V2,47,5,0.9222619047619048,0.8854166666666666,0.89921875
MobileNet_V2,47,6,0.9310714285714284,0.8875,0.9205729166666666
MobileNet_V2,47,7,0.9405357142857144,0.8967261904761905,0.9109375
MobileNet_V2,47,8,0.9491666666666668,0.8806547619047619,0.8940104166666667
MobileNet_V2,47,9,0.9746428571428573,0.9038690476190476,0.9208333333333332
MobileNet_V2,47,10,0.9785714285714284,0.912797619047619,0.9236979166666668
MobileNet_V2,47,11,0.9786309523809524,0.9104166666666668,0.9263020833333332
MobileNet_V2,47,12,0.9908928571428572,0.9122023809523808,0.9268229166666668
MobileNet_V2,47,13,0.9939880952380952,0.9092261904761904,0.9294270833333332
MobileNet_V2,47,14,0.9932738095238096,0.8991071428571429,0.9236979166666668
MobileNet_V2,47,15,0.9967261904761904,0.9104166666666668,0.9309895833333334
MobileNet_V2,47,16,0.9967857142857144,0.918154761904762,0.9325520833333332
MobileNet_V2,47,17,0.9976785714285714,0.9095238095238096,0.9315104166666668
MobileNet_V2,47,18,0.9985119047619048,0.9172619047619048,0.9419270833333332
MobileNet_V2,47,19,0.9991666666666666,0.9142857142857144,0.9359375
MobileNet_V2,47,20,0.9989285714285714,0.9104166666666668,0.93515625
MobileNet_V2,47,21,0.999345238095238,0.912797619047619,0.9377604166666668
MobileNet_V2,47,22,0.9994642857142856,0.9184523809523808,0.9401041666666666
MobileNet_V2,47,23,0.9995833333333334,0.9110119047619047,0.93671875
MobileNet_V2,47,24,0.9998809523809524,0.9148809523809524,0.93828125
MobileNet_V2,47,25,0.9994642857142856,0.9151785714285714,0.9372395833333332
EfficientNet_B0,47,1,0.6345238095238095,0.8333333333333334,0.8244791666666667
EfficientNet_B0,47,2,0.8467261904761905,0.8773809523809524,0.9013020833333332
EfficientNet_B0,47,3,0.9002380952380953,0.8717261904761905,0.9174479166666668
EfficientNet_B0,47,4,0.9227380952380952,0.8886904761904761,0.8989583333333333
EfficientNet_B0,47,5,0.9382142857142856,0.8976190476190476,0.92109375
EfficientNet_B0,47,6,0.9486309523809524,0.8967261904761905,0.9252604166666668
EfficientNet_B0,47,7,0.9736309523809524,0.9133928571428572,0.9364583333333332
EfficientNet_B0,47,8,0.9766071428571428,0.8848214285714285,0.9268229166666668
EfficientNet_B0,47,9,0.9810119047619048,0.9122023809523808,0.9411458333333332
EfficientNet_B0,47,10,0.989404761904762,0.9133928571428572,0.94453125
EfficientNet_B0,47,11,0.9926190476190476,0.9095238095238096,0.9403645833333332
EfficientNet_B0,47,12,0.9936904761904762,0.9157738095238096,0.9375
EfficientNet_B0,47,13,0.995654761904762,0.9184523809523808,0.9458333333333332
EfficientNet_B0,47,14,0.9972619047619048,0.9145833333333332,0.9421875
EfficientNet_B0,47,15,0.9966071428571428,0.9116071428571428,0.9427083333333334
EfficientNet_B0,47,16,0.9975595238095238,0.9166666666666666,0.9440104166666666
EfficientNet_B0,47,17,0.9978571428571428,0.9113095238095238,0.94140625
EfficientNet_B0,47,18,0.9989880952380952,0.911904761904762,0.94296875
EfficientNet_B0,47,19,0.9988690476190476,0.9160714285714284,0.94609375
EfficientNet_B0,47,20,0.9985119047619048,0.9205357142857142,0.9442708333333332
EfficientNet_B0,47,21,0.9986904761904762,0.9139880952380952,0.9403645833333332
EfficientNet_B0,47,22,0.9989285714285714,0.918154761904762,0.9434895833333332
EfficientNet_B0,47,23,0.9989880952380952,0.9142857142857144,0.9453125
EfficientNet_B0,47,24,0.9988690476190476,0.9113095238095238,0.9408854166666668
EfficientNet_B0,47,25,0.999345238095238,0.9166666666666666,0.9450520833333332
LSTM,47,1,0.5238690476190476,0.5991071428571428,0.6440104166666667
LSTM,47,2,0.7723809523809524,0.6857142857142857,0.7385416666666667
LSTM,47,3,0.8519047619047619,0.7345238095238096,0.7958333333333333
LSTM,47,4,0.904702380952381,0.7827380952380952,0.8184895833333333
LSTM,47,5,0.9303571428571428,0.7788690476190476,0.8138020833333334
LSTM,47,6,0.9489880952380952,0.7806547619047619,0.8263020833333333
LSTM,47,7,0.955595238095238,0.7693452380952381,0.825
LSTM,47,8,0.977440476190476,0.8050595238095238,0.859375
LSTM,47,9,0.9857738095238096,0.8068452380952381,0.8606770833333334
LSTM,47,10,0.9889285714285714,0.7982142857142858,0.8484375
LSTM,47,11,0.9938690476190476,0.8208333333333333,0.86171875
LSTM,47,12,0.9958333333333332,0.8181547619047619,0.8703125
LSTM,47,13,0.997202380952381,0.8130952380952381,0.8546875
LSTM,47,14,0.9973809523809524,0.8178571428571428,0.8630208333333333
LSTM,47,15,0.9982142857142856,0.812797619047619,0.8513020833333333
LSTM,47,16,0.9986904761904762,0.8184523809523809,0.8583333333333333
LSTM,47,17,0.999345238095238,0.8196428571428571,0.85859375
LSTM,47,18,0.9992261904761904,0.8211309523809524,0.86328125
LSTM,47,19,0.9995238095238096,0.8172619047619047,0.8580729166666666
LSTM,47,20,0.999702380952381,0.8166666666666667,0.8598958333333333
LSTM,47,21,0.999404761904762,0.8184523809523809,0.8598958333333333
LSTM,47,22,0.999702380952381,0.8169642857142857,0.85625
LSTM,47,23,0.9996428571428572,0.81875,0.8572916666666667
LSTM,47,24,0.9997619047619049,0.8199404761904762,0.86171875
LSTM,47,25,0.9998214285714284,0.8211309523809524,0.8596354166666667
GRU,47,1,0.5911904761904762,0.705654761904762,0.7182291666666667
GRU,47,2,0.8561309523809524,0.7892857142857143,0.7940104166666667
GRU,47,3,0.924047619047619,0.7952380952380952,0.8302083333333333
GRU,47,4,0.9522619047619048,0.7910714285714285,0.8192708333333333
GRU,47,5,0.972202380952381,0.7946428571428571,0.8239583333333333
GRU,47,6,0.9876190476190476,0.8071428571428572,0.8401041666666667
GRU,47,7,0.9920238095238096,0.8098214285714286,0.8401041666666667
GRU,47,8,0.9947619047619048,0.8229166666666666,0.8528645833333334
GRU,47,9,0.998095238095238,0.8330357142857143,0.8572916666666667
GRU,47,10,0.9990476190476192,0.8235119047619047,0.8559895833333333
GRU,47,11,0.9985714285714286,0.8285714285714286,0.8578125
GRU,47,12,0.999404761904762,0.8288690476190477,0.8614583333333333
GRU,47,13,0.9991666666666666,0.8258928571428571,0.86015625
GRU,47,14,0.9991071428571427,0.825,0.8609375
GRU,47,15,0.999702380952381,0.8294642857142858,0.86328125
GRU,47,16,0.999702380952381,0.8244047619047619,0.8627604166666667
GRU,47,17,0.9997619047619049,0.825595238095238,0.8622395833333333
GRU,47,18,0.9997619047619049,0.8297619047619048,0.8625
GRU,47,19,1.0,0.8264880952380952,0.8614583333333333
GRU,47,20,0.9999404761904762,0.8285714285714286,0.8619791666666666
GRU,47,21,1.0,0.8285714285714286,0.8622395833333333
GRU,47,22,1.0,0.8285714285714286,0.8614583333333333
GRU,47,23,0.9999404761904762,0.8285714285714286,0.8627604166666667
GRU,47,24,1.0,0.8291666666666667,0.8627604166666667
GRU,47,25,1.0,0.8270833333333333,0.8627604166666667
CNN_LSTM,47,1,0.682202380952381,0.7294642857142857,0.7830729166666667
CNN_LSTM,47,2,0.8363690476190476,0.7764880952380953,0.8171875
CNN_LSTM,47,3,0.8892261904761904,0.8455357142857143,0.8635416666666667
CNN_LSTM,47,4,0.9182738095238095,0.8377976190476191,0.8341145833333333
CNN_LSTM,47,5,0.9349404761904762,0.8446428571428571,0.8354166666666667
CNN_LSTM,47,6,0.9488095238095238,0.8377976190476191,0.8760416666666667
CNN_LSTM,47,7,0.9611904761904762,0.8375,0.8747395833333333
CNN_LSTM,47,8,0.9798214285714286,0.8541666666666666,0.8861979166666667
CNN_LSTM,47,9,0.9852380952380952,0.8717261904761905,0.9028645833333332
CNN_LSTM,47,10,0.9871428571428572,0.8866071428571428,0.9072916666666668
CNN_LSTM,47,11,0.9889285714285714,0.8595238095238096,0.8815104166666666
CNN_LSTM,47,12,0.98875,0.861904761904762,0.9046875
CNN_LSTM,47,13,0.9903571428571428,0.8726190476190476,0.8916666666666667
CNN_LSTM,47,14,0.9966666666666668,0.8922619047619048,0.9125
CNN_LSTM,47,15,0.9985714285714286,0.8898809523809523,0.90859375
CNN_LSTM,47,16,0.997202380952381,0.8851190476190476,0.9059895833333332
CNN_LSTM,47,17,0.9990476190476192,0.8898809523809523,0.8984375
CNN_LSTM,47,18,0.99875,0.8913690476190477,0.9020833333333332
CNN_LSTM,47,19,0.9990476190476192,0.8866071428571428,0.9059895833333332
CNN_LSTM,47,20,0.9998809523809524,0.8901785714285714,0.9052083333333332
CNN_LSTM,47,21,0.9995833333333334,0.8863095238095238,0.9049479166666666
CNN_LSTM,47,22,0.999404761904762,0.8886904761904761,0.9083333333333332
CNN_LSTM,47,23,0.9997619047619049,0.8875,0.9106770833333332
CNN_LSTM,47,24,0.9998809523809524,0.8863095238095238,0.91015625
CNN_LSTM,47,25,0.9999404761904762,0.8836309523809524,0.9122395833333332
LeNet_LSTM,47,1,0.5581547619047619,0.6845238095238095,0.6736979166666667
LeNet_LSTM,47,2,0.7755357142857143,0.7529761904761905,0.76953125
LeNet_LSTM,47,3,0.8311309523809524,0.7907738095238095,0.79765625
LeNet_LSTM,47,4,0.8771428571428571,0.8363095238095238,0.8640625
LeNet_LSTM,47,5,0.9042261904761904,0.8508928571428571,0.8828125
LeNet_LSTM,47,6,0.9257738095238096,0.8708333333333333,0.87578125
LeNet_LSTM,47,7,0.9439285714285716,0.8845238095238095,0.8833333333333333
LeNet_LSTM,47,8,0.948095238095238,0.874702380952381,0.8825520833333333
LeNet_LSTM,47,9,0.9610119047619048,0.8556547619047619,0.9091145833333332
LeNet_LSTM,47,10,0.973095238095238,0.8779761904761905,0.8997395833333334
LeNet_LSTM,47,11,0.9792261904761904,0.8818452380952381,0.9026041666666668
LeNet_LSTM,47,12,0.982440476190476,0.8821428571428571,0.90859375
LeNet_LSTM,47,13,0.9866071428571428,0.887797619047619,0.9122395833333332
LeNet_LSTM,47,14,0.9890476190476192,0.8806547619047619,0.9083333333333332
LeNet_LSTM,47,15,0.9910119047619048,0.8794642857142857,0.9026041666666668
LeNet_LSTM,47,16,0.9926785714285714,0.8806547619047619,0.9046875
LeNet_LSTM,47,17,0.9933928571428572,0.881547619047619,0.9059895833333332
LeNet_LSTM,47,18,0.994345238095238,0.8889880952380952,0.9075520833333334
LeNet_LSTM,47,19,0.9947619047619048,0.881547619047619,0.9028645833333332
LeNet_LSTM,47,20,0.995654761904762,0.8851190476190476,0.9052083333333332
LeNet_LSTM,47,21,0.9963690476190477,0.88125,0.9
LeNet_LSTM,47,22,0.9957738095238096,0.8854166666666666,0.9052083333333332
LeNet_LSTM,47,23,0.9959523809523808,0.8872023809523809,0.9075520833333334
LeNet_LSTM,47,24,0.9959523809523808,0.8860119047619047,0.9065104166666668
LeNet_LSTM,47,25,0.9967857142857144,0.8863095238095238,0.9065104166666668
TCN,47,1,0.5491071428571429,0.7306547619047619,0.71953125
TCN,47,2,0.8247619047619048,0.7651785714285714,0.7856770833333333
TCN,47,3,0.8989285714285714,0.7916666666666666,0.8205729166666667
TCN,47,4,0.9353571428571428,0.7782738095238095,0.81953125
TCN,47,5,0.953095238095238,0.8098214285714286,0.8140625
TCN,47,6,0.9766071428571428,0.8074404761904762,0.8330729166666667
TCN,47,7,0.9851190476190476,0.8035714285714286,0.8276041666666667
TCN,47,8,0.986904761904762,0.8214285714285714,0.8341145833333333
TCN,47,9,0.993095238095238,0.8220238095238095,0.8385416666666666
TCN,47,10,0.9938690476190476,0.8199404761904762,0.8341145833333333
TCN,47,11,0.9954761904761904,0.8330357142857143,0.8390625
TCN,47,12,0.996904761904762,0.8369047619047619,0.8390625
TCN,47,13,0.998095238095238,0.8327380952380953,0.84375
TCN,47,14,0.9982738095238096,0.8270833333333333,0.8359375
TCN,47,15,0.9982738095238096,0.8351190476190476,0.8411458333333334
TCN,47,16,0.9986904761904762,0.8366071428571429,0.84140625
TCN,47,17,0.9986904761904762,0.8336309523809524,0.8364583333333333
TCN,47,18,0.9988095238095238,0.8366071428571429,0.8450520833333334
TCN,47,19,0.9985714285714286,0.8348214285714286,0.8463541666666666
TCN,47,20,0.9990476190476192,0.8360119047619048,0.84375
TCN,47,21,0.9989880952380952,0.8330357142857143,0.84375
TCN,47,22,0.9989880952380952,0.8345238095238096,0.8458333333333333
TCN,47,23,0.9991071428571427,0.8330357142857143,0.8479166666666667
TCN,47,24,0.9991666666666666,0.8342261904761905,0.8471354166666667
TCN,47,25,0.999345238095238,0.8345238095238096,0.8473958333333333
Transformer,47,1,0.3464285714285714,0.444047619047619,0.4700520833333333
Transformer,47,2,0.5839880952380953,0.5505952380952381,0.59296875
Transformer,47,3,0.7293452380952381,0.6285714285714286,0.6791666666666667
Transformer,47,4,0.8175595238095238,0.6511904761904762,0.7145833333333333
Transformer,47,5,0.8614285714285714,0.6770833333333334,0.7166666666666667
Transformer,47,6,0.8973809523809524,0.6800595238095238,0.7375
Transformer,47,7,0.9183333333333332,0.6880952380952381,0.7283854166666667
Transformer,47,8,0.935595238095238,0.6880952380952381,0.7328125
Transformer,47,9,0.9447619047619048,0.69375,0.7369791666666666
Transformer,47,10,0.9541666666666668,0.694047619047619,0.7364583333333333
Transformer,47,11,0.939404761904762,0.687797619047619,0.7385416666666667
Transformer,47,12,0.9522619047619048,0.6985119047619047,0.7458333333333333
Transformer,47,13,0.9663095238095238,0.6934523809523809,0.7369791666666666
Transformer,47,14,0.9761309523809524,0.6943452380952381,0.7510416666666667
Transformer,47,15,0.9840476190476192,0.6991071428571428,0.759375
Transformer,47,16,0.9879166666666668,0.6994047619047619,0.76015625
Transformer,47,17,0.9910119047619048,0.705654761904762,0.7591145833333334
Transformer,47,18,0.9933333333333332,0.7032738095238096,0.76015625
Transformer,47,19,0.9945238095238096,0.7083333333333334,0.7583333333333333
Transformer,47,20,0.997202380952381,0.700297619047619,0.7609375
Transformer,47,21,0.9977380952380952,0.7038690476190477,0.7635416666666667
Transformer,47,22,0.9977380952380952,0.7026785714285714,0.7651041666666667
Transformer,47,23,0.9979761904761904,0.7071428571428572,0.765625
Transformer,47,24,0.9985119047619048,0.7050595238095239,0.7638020833333333
Transformer,47,25,0.9990476190476192,0.7083333333333334,0.7614583333333333
LeNet,48,1,0.7105952380952381,0.7452380952380953,0.72578125
LeNet,48,2,0.8551785714285715,0.7833333333333333,0.78359375
LeNet,48,3,0.8945238095238095,0.7875,0.7911458333333333
LeNet,48,4,0.9191666666666668,0.8071428571428572,0.8252604166666667
LeNet,48,5,0.9370238095238096,0.8017857142857143,0.8440104166666667
LeNet,48,6,0.9458928571428572,0.8163690476190476,0.8466145833333333
LeNet,48,7,0.956845238095238,0.7866071428571428,0.7979166666666667
LeNet,48,8,0.975595238095238,0.8342261904761905,0.8502604166666666
LeNet,48,9,0.9813690476190476,0.8205357142857143,0.84140625
LeNet,48,10,0.9839880952380952,0.8199404761904762,0.85390625
LeNet,48,11,0.986845238095238,0.8229166666666666,0.8432291666666667
LeNet,48,12,0.9928571428571428,0.8333333333333334,0.8565104166666667
LeNet,48,13,0.9951190476190476,0.8321428571428572,0.8645833333333334
LeNet,48,14,0.9945238095238096,0.8267857142857142,0.8473958333333333
LeNet,48,15,0.9970833333333332,0.8321428571428572,0.8598958333333333
LeNet,48,16,0.9977380952380952,0.8321428571428572,0.8619791666666666
LeNet,48,17,0.9982738095238096,0.8241071428571428,0.8614583333333333
LeNet,48,18,0.9986904761904762,0.8300595238095239,0.8638020833333333
LeNet,48,19,0.9989880952380952,0.8327380952380953,0.8536458333333333
LeNet,48,20,0.9990476190476192,0.8357142857142857,0.859375
LeNet,48,21,0.9989880952380952,0.8342261904761905,0.8588541666666667
LeNet,48,22,0.999345238095238,0.8327380952380953,0.86015625
LeNet,48,23,0.9992261904761904,0.8327380952380953,0.8583333333333333
LeNet,48,24,0.9994642857142856,0.8315476190476191,0.859375
LeNet,48,25,0.9994642857142856,0.8342261904761905,0.8578125
ResNet18,48,1,0.8007142857142857,0.8065476190476191,0.85078125
ResNet18,48,2,0.9126785714285716,0.8178571428571428,0.86796875
ResNet18,48,3,0.936845238095238,0.8351190476190476,0.8942708333333333
ResNet18,48,4,0.9494642857142858,0.8443452380952381,0.87421875
ResNet18,48,5,0.9611309523809524,0.8577380952380952,0.8895833333333333
ResNet18,48,6,0.9658928571428572,0.843452380952381,0.8877604166666667
ResNet18,48,7,0.9722619047619048,0.8583333333333333,0.9041666666666668
ResNet18,48,8,0.979345238095238,0.8458333333333333,0.878125
ResNet18,48,9,0.989702380952381,0.868452380952381,0.9111979166666668
ResNet18,48,10,0.9941071428571427,0.8830357142857143,0.8901041666666667
ResNet18,48,11,0.992202380952381,0.8720238095238095,0.91171875
ResNet18,48,12,0.9970238095238096,0.8806547619047619,0.9078125
ResNet18,48,13,0.998154761904762,0.8973214285714286,0.9091145833333332
ResNet18,48,14,0.9975595238095238,0.8800595238095238,0.9075520833333334
ResNet18,48,15,0.9991666666666666,0.8818452380952381,0.9119791666666668
ResNet18,48,16,0.99875,0.8744047619047619,0.91640625
ResNet18,48,17,0.9988095238095238,0.8773809523809524,0.9177083333333332
ResNet18,48,18,0.9999404761904762,0.8872023809523809,0.9171875
ResNet18,48,19,0.999702380952381,0.8869047619047619,0.9208333333333332
ResNet18,48,20,0.999404761904762,0.8773809523809524,0.9190104166666668
ResNet18,48,21,0.9997619047619049,0.8779761904761905,0.91796875
ResNet18,48,22,0.999702380952381,0.8863095238095238,0.9208333333333332
ResNet18,48,23,0.9998214285714284,0.8842261904761904,0.9174479166666668
ResNet18,48,24,1.0,0.8857142857142857,0.9182291666666668
ResNet18,48,25,0.9999404761904762,0.8857142857142857,0.9197916666666668
MobileNet_V2,48,1,0.62875,0.7223214285714286,0.7231770833333333
MobileNet_V2,48,2,0.8301785714285714,0.8038690476190476,0.81015625
MobileNet_V2,48,3,0.8911309523809524,0.8229166666666666,0.840625
MobileNet_V2,48,4,0.910952380952381,0.8196428571428571,0.83671875
MobileNet_V2,48,5,0.9296428571428572,0.8616071428571429,0.8645833333333334
MobileNet_V2,48,6,0.9416071428571428,0.8407738095238095,0.85859375
MobileNet_V2,48,7,0.9438690476190476,0.8857142857142857,0.86015625
MobileNet_V2,48,8,0.9551190476190476,0.8586309523809523,0.86796875
MobileNet_V2,48,9,0.9575595238095238,0.844047619047619,0.884375
MobileNet_V2,48,10,0.9629166666666666,0.8511904761904762,0.8940104166666667
MobileNet_V2,48,11,0.9835119047619048,0.8705357142857143,0.9059895833333332
MobileNet_V2,48,12,0.988095238095238,0.8770833333333333,0.9106770833333332
MobileNet_V2,48,13,0.9871428571428572,0.8732142857142857,0.9036458333333334
MobileNet_V2,48,14,0.9947619047619048,0.8821428571428571,0.90234375
MobileNet_V2,48,15,0.9964880952380952,0.8800595238095238,0.9114583333333334
MobileNet_V2,48,16,0.9948809523809524,0.8895833333333333,0.9072916666666668
MobileNet_V2,48,17,0.9983333333333332,0.8770833333333333,0.9140625
MobileNet_V2,48,18,0.9989880952380952,0.8809523809523809,0.9104166666666668
MobileNet_V2,48,19,0.998452380952381,0.8904761904761904,0.90703125
MobileNet_V2,48,20,0.9991666666666666,0.8821428571428571,0.9166666666666666
MobileNet_V2,48,21,0.9994642857142856,0.8857142857142857,0.91015625
MobileNet_V2,48,22,0.9997619047619049,0.8833333333333333,0.9182291666666668
MobileNet_V2,48,23,0.9996428571428572,0.8842261904761904,0.9177083333333332
MobileNet_V2,48,24,0.9998214285714284,0.8898809523809523,0.9151041666666668
MobileNet_V2,48,25,0.999702380952381,0.8919642857142858,0.9174479166666668
EfficientNet_B0,48,1,0.6746428571428571,0.8092261904761905,0.8197916666666667
EfficientNet_B0,48,2,0.8670833333333333,0.8735119047619048,0.8739583333333333
EfficientNet_B0,48,3,0.9091666666666668,0.8821428571428571,0.88671875
EfficientNet_B0,48,4,0.9326190476190476,0.861904761904762,0.90234375
EfficientNet_B0,48,5,0.9467261904761904,0.8541666666666666,0.87109375
EfficientNet_B0,48,6,0.9519642857142856,0.8654761904761905,0.9213541666666668
EfficientNet_B0,48,7,0.9754761904761904,0.8696428571428572,0.9109375
EfficientNet_B0,48,8,0.983095238095238,0.8639880952380953,0.8997395833333334
EfficientNet_B0,48,9,0.9829761904761904,0.8654761904761905,0.9119791666666668
EfficientNet_B0,48,10,0.9923214285714286,0.8925595238095239,0.91640625
EfficientNet_B0,48,11,0.9930357142857142,0.8741071428571429,0.9161458333333332
EfficientNet_B0,48,12,0.9945833333333334,0.8875,0.9143229166666668
EfficientNet_B0,48,13,0.9971428571428572,0.8883928571428571,0.9244791666666666
EfficientNet_B0,48,14,0.9975,0.88125,0.91875
EfficientNet_B0,48,15,0.9967857142857144,0.8925595238095239,0.91015625
EfficientNet_B0,48,16,0.9983928571428572,0.8916666666666667,0.9203125
EfficientNet_B0,48,17,0.9982738095238096,0.8922619047619048,0.9169270833333332
EfficientNet_B0,48,18,0.9988690476190476,0.8922619047619048,0.9153645833333334
EfficientNet_B0,48,19,0.9989285714285714,0.8922619047619048,0.91875
EfficientNet_B0,48,20,0.9986309523809525,0.8872023809523809,0.9236979166666668
EfficientNet_B0,48,21,0.9988690476190476,0.8869047619047619,0.921875
EfficientNet_B0,48,22,0.999404761904762,0.8848214285714285,0.9203125
EfficientNet_B0,48,23,0.999404761904762,0.8830357142857143,0.9236979166666668
EfficientNet_B0,48,24,0.9992857142857144,0.8904761904761904,0.9216145833333332
EfficientNet_B0,48,25,0.9989880952380952,0.887797619047619,0.9190104166666668
LSTM,48,1,0.5664880952380953,0.6166666666666667,0.5869791666666667
LSTM,48,2,0.8010714285714285,0.6663690476190476,0.6671875
LSTM,48,3,0.8786309523809523,0.7151785714285714,0.70703125
LSTM,48,4,0.918095238095238,0.7419642857142857,0.75
LSTM,48,5,0.9429761904761904,0.7133928571428572,0.7348958333333333
LSTM,48,6,0.9522619047619048,0.7279761904761904,0.7338541666666667
LSTM,48,7,0.9639880952380953,0.7377976190476191,0.7596354166666667
LSTM,48,8,0.9827380952380952,0.7583333333333333,0.7651041666666667
LSTM,48,9,0.9888690476190476,0.7508928571428571,0.7739583333333333
LSTM,48,10,0.9910714285714286,0.7580357142857143,0.7864583333333334
LSTM,48,11,0.9953571428571428,0.7639880952380952,0.7846354166666667
LSTM,48,12,0.99625,0.7660714285714286,0.7877604166666666
LSTM,48,13,0.9973809523809524,0.7717261904761905,0.7856770833333333
LSTM,48,14,0.998452380952381,0.7735119047619048,0.7927083333333333
LSTM,48,15,0.9992261904761904,0.7708333333333334,0.7921875
LSTM,48,16,0.9989285714285714,0.7782738095238095,0.7903645833333334
LSTM,48,17,0.9991666666666666,0.7779761904761905,0.7893229166666667
LSTM,48,18,0.9992857142857144,0.7791666666666667,0.7932291666666667
LSTM,48,19,0.9990476190476192,0.775,0.7932291666666667
LSTM,48,20,0.9994642857142856,0.7761904761904762,0.79453125
LSTM,48,21,0.9995833333333334,0.7755952380952381,0.7942708333333334
LSTM,48,22,0.9996428571428572,0.7758928571428572,0.7934895833333333
LSTM,48,23,0.999702380952381,0.7761904761904762,0.7940104166666667
LSTM,48,24,0.999702380952381,0.7770833333333333,0.7942708333333334
LSTM,48,25,0.999702380952381,0.7782738095238095,0.7940104166666667
GRU,48,1,0.6067261904761905,0.6681547619047619,0.63828125
GRU,48,2,0.8647619047619047,0.7303571428571428,0.7197916666666667
GRU,48,3,0.9372619047619049,0.7571428571428571,0.7434895833333334
GRU,48,4,0.9639285714285716,0.7654761904761904,0.7611979166666667
GRU,48,5,0.9735714285714284,0.7696428571428572,0.76875
GRU,48,6,0.9900595238095238,0.7639880952380952,0.7799479166666666
GRU,48,7,0.9926785714285714,0.774702380952381,0.7822916666666667
GRU,48,8,0.9950595238095238,0.7696428571428572,0.7856770833333333
GRU,48,9,0.9986309523809525,0.7690476190476191,0.79296875
GRU,48,10,0.999345238095238,0.7773809523809524,0.79765625
GRU,48,11,0.9991666666666666,0.7741071428571429,0.7981770833333334
GRU,48,12,0.9991666666666666,0.7738095238095238,0.7966145833333333
GRU,48,13,0.9995238095238096,0.7690476190476191,0.7950520833333333
GRU,48,14,0.9998809523809524,0.775,0.7942708333333334
GRU,48,15,0.9998809523809524,0.7752976190476191,0.7963541666666667
GRU,48,16,0.9999404761904762,0.7693452380952381,0.79921875
GRU,48,17,0.9998809523809524,0.7732142857142857,0.7989583333333333
GRU,48,18,0.9999404761904762,0.7761904761904762,0.79765625
GRU,48,19,1.0,0.7782738095238095,0.79765625
GRU,48,20,1.0,0.7785714285714286,0.79609375
GRU,48,21,0.9999404761904762,0.7782738095238095,0.7989583333333333
GRU,48,22,1.0,0.7767857142857143,0.7981770833333334
GRU,48,23,0.9999404761904762,0.7773809523809524,0.7986979166666667
GRU,48,24,1.0,0.7773809523809524,0.7981770833333334
GRU,48,25,0.9999404761904762,0.7779761904761905,0.8002604166666667
CNN_LSTM,48,1,0.7018452380952381,0.7345238095238096,0.7440104166666667
CNN_LSTM,48,2,0.8614880952380952,0.7636904761904761,0.7934895833333333
CNN_LSTM,48,3,0.9005952380952381,0.8157738095238095,0.8354166666666667
CNN_LSTM,48,4,0.924047619047619,0.8264880952380952,0.8221354166666667
CNN_LSTM,48,5,0.9383333333333334,0.8098214285714286,0.8442708333333333
CNN_LSTM,48,6,0.9580357142857144,0.8226190476190476,0.80859375
CNN_LSTM,48,7,0.9767857142857144,0.830952380952381,0.8458333333333333
CNN_LSTM,48,8,0.985297619047619,0.8318452380952381,0.85859375
CNN_LSTM,48,9,0.988095238095238,0.844047619047619,0.8723958333333334
CNN_LSTM,48,10,0.994404761904762,0.8470238095238095,0.8614583333333333
CNN_LSTM,48,11,0.9960119047619048,0.8351190476190476,0.8549479166666667
CNN_LSTM,48,12,0.9951785714285716,0.8470238095238095,0.86328125
CNN_LSTM,48,13,0.9973214285714286,0.8452380952380952,0.8606770833333334
CNN_LSTM,48,14,0.9986904761904762,0.8455357142857143,0.8622395833333333
CNN_LSTM,48,15,0.99875,0.850297619047619,0.8658854166666666
CNN_LSTM,48,16,0.9988095238095238,0.8473214285714286,0.8705729166666667
CNN_LSTM,48,17,0.9995238095238096,0.8494047619047619,0.8729166666666667
CNN_LSTM,48,18,0.9991071428571427,0.8455357142857143,0.8736979166666666
CNN_LSTM,48,19,0.9995833333333334,0.8473214285714286,0.8690104166666667
CNN_LSTM,48,20,0.9995238095238096,0.8523809523809524,0.86640625
CNN_LSTM,48,21,0.9994642857142856,0.850297619047619,0.8684895833333334
CNN_LSTM,48,22,0.9997619047619049,0.8494047619047619,0.8674479166666667
CNN_LSTM,48,23,0.9996428571428572,0.8497023809523809,0.8684895833333334
CNN_LSTM,48,24,0.9995238095238096,0.8485119047619047,0.86640625
CNN_LSTM,48,25,0.9998214285714284,0.8470238095238095,0.8669270833333333
LeNet_LSTM,48,1,0.5932142857142857,0.7199404761904762,0.6520833333333333
LeNet_LSTM,48,2,0.7949404761904761,0.7866071428571428,0.7661458333333333
LeNet_LSTM,48,3,0.8633928571428572,0.7970238095238096,0.8028645833333333
LeNet_LSTM,48,4,0.9078571428571428,0.7946428571428571,0.815625
LeNet_LSTM,48,5,0.937202380952381,0.8491071428571428,0.85
LeNet_LSTM,48,6,0.9526190476190476,0.8636904761904762,0.8682291666666667
LeNet_LSTM,48,7,0.9610119047619048,0.8592261904761904,0.8627604166666667
LeNet_LSTM,48,8,0.9655357142857144,0.861904761904762,0.8536458333333333
LeNet_LSTM,48,9,0.9695238095238096,0.8458333333333333,0.8611979166666667
LeNet_LSTM,48,10,0.9748214285714286,0.8488095238095238,0.8627604166666667
LeNet_LSTM,48,11,0.9858333333333332,0.8598214285714286,0.8643229166666667
LeNet_LSTM,48,12,0.9910714285714286,0.8559523809523809,0.86015625
LeNet_LSTM,48,13,0.991547619047619,0.8535714285714285,0.8596354166666667
LeNet_LSTM,48,14,0.9936309523809524,0.8625,0.8583333333333333
LeNet_LSTM,48,15,0.9949404761904762,0.85,0.8666666666666667
LeNet_LSTM,48,16,0.995297619047619,0.8672619047619048,0.8765625
LeNet_LSTM,48,17,0.996547619047619,0.8610119047619048,0.8744791666666667
LeNet_LSTM,48,18,0.9972619047619048,0.8574404761904761,0.8721354166666667
LeNet_LSTM,48,19,0.9974404761904762,0.8574404761904761,0.8716145833333333
LeNet_LSTM,48,20,0.9977380952380952,0.8610119047619048,0.8729166666666667
LeNet_LSTM,48,21,0.9978571428571428,0.8598214285714286,0.86796875
LeNet_LSTM,48,22,0.9982738095238096,0.8639880952380953,0.8731770833333333
LeNet_LSTM,48,23,0.9982142857142856,0.8651785714285715,0.8734375
LeNet_LSTM,48,24,0.998095238095238,0.8601190476190477,0.8736979166666666
LeNet_LSTM,48,25,0.9980357142857142,0.8639880952380953,0.878125
TCN,48,1,0.5841666666666666,0.6657738095238095,0.62578125
TCN,48,2,0.8360714285714286,0.7389880952380953,0.69609375
TCN,48,3,0.907797619047619,0.7211309523809524,0.7192708333333333
TCN,48,4,0.9423214285714284,0.7303571428571428,0.7559895833333333
TCN,48,5,0.959047619047619,0.756547619047619,0.7494791666666667
TCN,48,6,0.9830357142857142,0.7657738095238096,0.7815104166666667
TCN,48,7,0.9878571428571428,0.768154761904762,0.7903645833333334
TCN,48,8,0.9907142857142858,0.7491071428571429,0.7854166666666667
TCN,48,9,0.9947619047619048,0.7616071428571428,0.7864583333333334
TCN,48,10,0.995654761904762,0.7651785714285714,0.7872395833333333
TCN,48,11,0.9964880952380952,0.7586309523809524,0.78671875
TCN,48,12,0.9974404761904762,0.7625,0.7875
TCN,48,13,0.9979761904761904,0.7601190476190476,0.7888020833333333
TCN,48,14,0.9983333333333332,0.7735119047619048,0.7908854166666667
TCN,48,15,0.9986904761904762,0.7642857142857142,0.7903645833333334
TCN,48,16,0.9985119047619048,0.7726190476190476,0.7911458333333333
TCN,48,17,0.9988690476190476,0.768452380952381,0.7947916666666667
TCN,48,18,0.9991071428571427,0.7690476190476191,0.7916666666666666
TCN,48,19,0.9990476190476192,0.768154761904762,0.7927083333333333
TCN,48,20,0.9988690476190476,0.7714285714285715,0.7942708333333334
TCN,48,21,0.9992261904761904,0.7723214285714286,0.7963541666666667
TCN,48,22,0.9992857142857144,0.7708333333333334,0.7947916666666667
TCN,48,23,0.999404761904762,0.7735119047619048,0.7932291666666667
TCN,48,24,0.9990476190476192,0.7705357142857143,0.7932291666666667
TCN,48,25,0.999345238095238,0.7717261904761905,0.79375
Transformer,48,1,0.3753571428571428,0.4357142857142857,0.3776041666666667
Transformer,48,2,0.626547619047619,0.5538690476190476,0.52734375
Transformer,48,3,0.7590476190476191,0.6139880952380953,0.5979166666666667
Transformer,48,4,0.8333928571428572,0.6214285714285714,0.6190104166666667
Transformer,48,5,0.8797619047619047,0.643154761904762,0.6364583333333333
Transformer,48,6,0.9103571428571428,0.65,0.6455729166666667
Transformer,48,7,0.929047619047619,0.6425595238095239,0.6455729166666667
Transformer,48,8,0.9460714285714286,0.6455357142857143,0.6591145833333333
Transformer,48,9,0.9534523809523808,0.6532738095238095,0.6520833333333333
Transformer,48,10,0.959047619047619,0.6535714285714286,0.6557291666666667
Transformer,48,11,0.9470833333333334,0.6723214285714286,0.6533854166666667
Transformer,48,12,0.9602380952380952,0.6669642857142857,0.6666666666666666
Transformer,48,13,0.9735714285714284,0.6657738095238095,0.6606770833333333
Transformer,48,14,0.9786904761904762,0.669345238095238,0.6747395833333333
Transformer,48,15,0.9848214285714286,0.6708333333333333,0.6682291666666667
Transformer,48,16,0.9903571428571428,0.6699404761904761,0.6716145833333333
Transformer,48,17,0.993154761904762,0.6598214285714286,0.66875
Transformer,48,18,0.9932738095238096,0.6675595238095238,0.6768229166666667
Transformer,48,19,0.99625,0.6663690476190476,0.6677083333333333
Transformer,48,20,0.9964880952380952,0.6723214285714286,0.6661458333333333
Transformer,48,21,0.998154761904762,0.6800595238095238,0.6752604166666667
Transformer,48,22,0.998154761904762,0.6708333333333333,0.6825520833333333
Transformer,48,23,0.9988690476190476,0.6776785714285715,0.66875
Transformer,48,24,0.9991071428571427,0.6738095238095239,0.6721354166666667
Transformer,48,25,0.9989880952380952,0.6660714285714285,0.6760416666666667
LeNet,49,1,0.6746428571428571,0.7494047619047619,0.8182291666666667
LeNet,49,2,0.8366666666666667,0.8113095238095238,0.8463541666666666
LeNet,49,3,0.8830357142857143,0.8229166666666666,0.8572916666666667
LeNet,49,4,0.9102380952380952,0.8473214285714286,0.8578125
LeNet,49,5,0.928154761904762,0.8544642857142857,0.8614583333333333
LeNet,49,6,0.9377380952380951,0.8410714285714286,0.8708333333333333
LeNet,49,7,0.9508928571428572,0.8505952380952381,0.871875
LeNet,49,8,0.9701785714285714,0.8708333333333333,0.88828125
LeNet,49,9,0.975654761904762,0.8595238095238096,0.8815104166666666
LeNet,49,10,0.9777976190476192,0.8550595238095238,0.88359375
LeNet,49,11,0.9833333333333332,0.8613095238095239,0.88984375
LeNet,49,12,0.9904166666666666,0.8699404761904762,0.8924479166666667
LeNet,49,13,0.9920238095238096,0.8678571428571429,0.8921875
LeNet,49,14,0.992202380952381,0.8678571428571429,0.8890625
LeNet,49,15,0.9954166666666666,0.8729166666666667,0.8932291666666666
LeNet,49,16,0.9961309523809524,0.8690476190476191,0.8921875
LeNet,49,17,0.9967857142857144,0.8711309523809524,0.8911458333333333
LeNet,49,18,0.9976190476190476,0.8717261904761905,0.8921875
LeNet,49,19,0.9976190476190476,0.8714285714285714,0.8901041666666667
LeNet,49,20,0.9977380952380952,0.8717261904761905,0.8947916666666667
LeNet,49,21,0.998154761904762,0.8717261904761905,0.8927083333333333
LeNet,49,22,0.9983928571428572,0.8714285714285714,0.8901041666666667
LeNet,49,23,0.9983333333333332,0.8723214285714286,0.8903645833333333
LeNet,49,24,0.9983928571428572,0.8720238095238095,0.8919270833333334
LeNet,49,25,0.9985714285714286,0.8723214285714286,0.89375
ResNet18,49,1,0.780952380952381,0.8925595238095239,0.8739583333333333
ResNet18,49,2,0.9017857142857144,0.9125,0.9138020833333332
ResNet18,49,3,0.9316071428571427,0.8857142857142857,0.8932291666666666
ResNet18,49,4,0.9416666666666668,0.9,0.9059895833333332
ResNet18,49,5,0.9554166666666668,0.9163690476190476,0.92265625
ResNet18,49,6,0.9807738095238095,0.9175595238095238,0.9229166666666668
ResNet18,49,7,0.9842261904761904,0.918154761904762,0.925
ResNet18,49,8,0.9842261904761904,0.9217261904761904,0.9244791666666666
ResNet18,49,9,0.9940476190476192,0.930654761904762,0.9359375
ResNet18,49,10,0.996547619047619,0.9360119047619048,0.9294270833333332
ResNet18,49,11,0.9948809523809524,0.9333333333333332,0.93046875
ResNet18,49,12,0.998154761904762,0.9273809523809524,0.9325520833333332
ResNet18,49,13,0.9985119047619048,0.9357142857142856,0.9341145833333332
ResNet18,49,14,0.9988690476190476,0.9279761904761904,0.9294270833333332
ResNet18,49,15,0.999404761904762,0.9345238095238096,0.9380208333333332
ResNet18,49,16,0.999702380952381,0.9363095238095238,0.934375
ResNet18,49,17,0.9995238095238096,0.9357142857142856,0.9328125
ResNet18,49,18,0.9996428571428572,0.9327380952380953,0.9359375
ResNet18,49,19,0.9998809523809524,0.9354166666666668,0.9375
ResNet18,49,20,0.9999404761904762,0.9354166666666668,0.9356770833333332
ResNet18,49,21,0.9998809523809524,0.9354166666666668,0.9341145833333332
ResNet18,49,22,0.9999404761904762,0.9345238095238096,0.9328125
ResNet18,49,23,0.9999404761904762,0.9363095238095238,0.9364583333333332
ResNet18,49,24,0.9998214285714284,0.9363095238095238,0.93671875
ResNet18,49,25,0.9999404761904762,0.9375,0.9377604166666668
MobileNet_V2,49,1,0.605,0.7702380952380953,0.8078125
MobileNet_V2,49,2,0.8278571428571428,0.8166666666666667,0.8473958333333333
MobileNet_V2,49,3,0.8817857142857143,0.8845238095238095,0.8825520833333333
MobileNet_V2,49,4,0.9079166666666668,0.8985119047619048,0.8981770833333333
MobileNet_V2,49,5,0.9235714285714286,0.8919642857142858,0.8940104166666667
MobileNet_V2,49,6,0.9358928571428572,0.9184523809523808,0.9138020833333332
MobileNet_V2,49,7,0.9385714285714286,0.919047619047619,0.8979166666666667
MobileNet_V2,49,8,0.9514285714285714,0.9017857142857144,0.8934895833333333
MobileNet_V2,49,9,0.95375,0.9241071428571428,0.9294270833333332
MobileNet_V2,49,10,0.9585714285714284,0.9232142857142858,0.8997395833333334
MobileNet_V2,49,11,0.9638690476190476,0.9235119047619048,0.92734375
MobileNet_V2,49,12,0.9689285714285716,0.9175595238095238,0.9177083333333332
MobileNet_V2,49,13,0.9846428571428572,0.918154761904762,0.9348958333333334
MobileNet_V2,49,14,0.9883928571428572,0.9202380952380952,0.9236979166666668
MobileNet_V2,49,15,0.9895833333333334,0.924404761904762,0.9234375
MobileNet_V2,49,16,0.9947619047619048,0.9324404761904762,0.9307291666666668
MobileNet_V2,49,17,0.9970833333333332,0.930654761904762,0.9325520833333332
MobileNet_V2,49,18,0.9964880952380952,0.9297619047619048,0.9255208333333332
MobileNet_V2,49,19,0.9982738095238096,0.925595238095238,0.93203125
MobileNet_V2,49,20,0.9988690476190476,0.9235119047619048,0.9268229166666668
MobileNet_V2,49,21,0.9989285714285714,0.9285714285714286,0.9309895833333334
MobileNet_V2,49,22,0.999345238095238,0.9321428571428572,0.93125
MobileNet_V2,49,23,0.9991666666666666,0.9241071428571428,0.9302083333333332
MobileNet_V2,49,24,0.999404761904762,0.9232142857142858,0.93203125
MobileNet_V2,49,25,0.999404761904762,0.9294642857142856,0.93125
EfficientNet_B0,49,1,0.6364285714285715,0.8327380952380953,0.8635416666666667
EfficientNet_B0,49,2,0.8442261904761905,0.8940476190476191,0.9015625
EfficientNet_B0,49,3,0.8930357142857143,0.924702380952381,0.9119791666666668
EfficientNet_B0,49,4,0.9166666666666666,0.9083333333333332,0.9033854166666668
EfficientNet_B0,49,5,0.9291666666666668,0.9232142857142858,0.9078125
EfficientNet_B0,49,6,0.9427380952380952,0.9327380952380953,0.9270833333333334
EfficientNet_B0,49,7,0.9470238095238096,0.9154761904761904,0.9151041666666668
EfficientNet_B0,49,8,0.9615476190476192,0.919940476190476,0.9111979166666668
EfficientNet_B0,49,9,0.9663095238095238,0.9300595238095238,0.9114583333333334
EfficientNet_B0,49,10,0.9569642857142856,0.924404761904762,0.9114583333333334
EfficientNet_B0,49,11,0.973452380952381,0.9235119047619048,0.9151041666666668
EfficientNet_B0,49,12,0.97,0.924404761904762,0.9184895833333332
EfficientNet_B0,49,13,0.9653571428571428,0.9157738095238096,0.925
EfficientNet_B0,49,14,0.9879166666666668,0.9395833333333332,0.9216145833333332
EfficientNet_B0,49,15,0.9907142857142858,0.9452380952380952,0.9236979166666668
EfficientNet_B0,49,16,0.9917261904761904,0.9211309523809524,0.92265625
EfficientNet_B0,49,17,0.9957738095238096,0.9416666666666668,0.9283854166666666
EfficientNet_B0,49,18,0.9970238095238096,0.930952380952381,0.9192708333333334
EfficientNet_B0,49,19,0.9966666666666668,0.9446428571428572,0.93046875
EfficientNet_B0,49,20,0.9979166666666668,0.9455357142857144,0.9315104166666668
EfficientNet_B0,49,21,0.9982738095238096,0.9446428571428572,0.9270833333333334
EfficientNet_B0,49,22,0.9986309523809525,0.9434523809523808,0.928125
EfficientNet_B0,49,23,0.9991071428571427,0.944047619047619,0.928125
EfficientNet_B0,49,24,0.9986309523809525,0.9416666666666668,0.9229166666666668
EfficientNet_B0,49,25,0.9991666666666666,0.9389880952380952,0.9263020833333332
LSTM,49,1,0.5338095238095238,0.7011904761904761,0.6734375
LSTM,49,2,0.7698809523809523,0.7473214285714286,0.7119791666666667
LSTM,49,3,0.8482142857142857,0.8205357142857143,0.7739583333333333
LSTM,49,4,0.905,0.8107142857142857,0.7796875
LSTM,49,5,0.9273214285714284,0.8318452380952381,0.81796875
LSTM,49,6,0.9427380952380952,0.8288690476190477,0.8052083333333333
LSTM,49,7,0.9723809523809523,0.8660714285714286,0.81640625
LSTM,49,8,0.9821428571428572,0.8517857142857143,0.81640625
LSTM,49,9,0.9841071428571428,0.8529761904761904,0.8255208333333334
LSTM,49,10,0.9883333333333332,0.8550595238095238,0.8325520833333333
LSTM,49,11,0.9925,0.8601190476190477,0.81875
LSTM,49,12,0.994404761904762,0.8735119047619048,0.8309895833333333
LSTM,49,13,0.9963690476190477,0.868452380952381,0.8270833333333333
LSTM,49,14,0.9975,0.8672619047619048,0.83203125
LSTM,49,15,0.998154761904762,0.8633928571428572,0.8255208333333334
LSTM,49,16,0.9983928571428572,0.8714285714285714,0.8302083333333333
LSTM,49,17,0.9989285714285714,0.8681547619047619,0.8276041666666667
LSTM,49,18,0.9986904761904762,0.8693452380952381,0.8247395833333333
LSTM,49,19,0.9988095238095238,0.8705357142857143,0.828125
LSTM,49,20,0.9991071428571427,0.8702380952380953,0.8296875
LSTM,49,21,0.9991666666666666,0.868452380952381,0.8317708333333333
LSTM,49,22,0.9995238095238096,0.8720238095238095,0.8302083333333333
LSTM,49,23,0.9992857142857144,0.8702380952380953,0.8294270833333334
LSTM,49,24,0.999345238095238,0.8714285714285714,0.8286458333333333
LSTM,49,25,0.9994642857142856,0.8735119047619048,0.82734375
GRU,49,1,0.5644047619047619,0.7535714285714286,0.7143229166666667
GRU,49,2,0.8351190476190476,0.8116071428571429,0.77890625
GRU,49,3,0.9198214285714286,0.8473214285714286,0.8190104166666666
GRU,49,4,0.9507738095238096,0.8663690476190476,0.8091145833333333
GRU,49,5,0.9660714285714286,0.8514880952380952,0.8169270833333333
GRU,49,6,0.9767857142857144,0.8520833333333333,0.8393229166666667
GRU,49,7,0.9799404761904762,0.8678571428571429,0.8299479166666667
GRU,49,8,0.9911904761904762,0.8732142857142857,0.83046875
GRU,49,9,0.996547619047619,0.8705357142857143,0.8364583333333333
GRU,49,10,0.9977380952380952,0.8675595238095238,0.8294270833333334
GRU,49,11,0.998452380952381,0.8723214285714286,0.8432291666666667
GRU,49,12,0.999345238095238,0.8696428571428572,0.83515625
GRU,49,13,0.9979761904761904,0.8767857142857143,0.8354166666666667
GRU,49,14,0.9991666666666666,0.8729166666666667,0.8346354166666666
GRU,49,15,0.9995238095238096,0.8744047619047619,0.83984375
GRU,49,16,0.9997619047619049,0.8761904761904762,0.8354166666666667
GRU,49,17,0.9999404761904762,0.8788690476190476,0.8369791666666667
GRU,49,18,0.9998214285714284,0.8767857142857143,0.8401041666666667
GRU,49,19,0.9995833333333334,0.874702380952381,0.8395833333333333
GRU,49,20,0.9998214285714284,0.8800595238095238,0.8421875
GRU,49,21,1.0,0.8803571428571428,0.8424479166666666
GRU,49,22,0.9999404761904762,0.8773809523809524,0.8432291666666667
GRU,49,23,0.9999404761904762,0.8755952380952381,0.8421875
GRU,49,24,1.0,0.8767857142857143,0.8416666666666667
GRU,49,25,0.9998809523809524,0.8770833333333333,0.84140625
CNN_LSTM,49,1,0.6658333333333334,0.7779761904761905,0.7856770833333333
CNN_LSTM,49,2,0.830654761904762,0.8321428571428572,0.8518229166666667
CNN_LSTM,49,3,0.8831547619047619,0.8404761904761905,0.8536458333333333
CNN_LSTM,49,4,0.9089285714285714,0.8505952380952381,0.81875
CNN_LSTM,49,5,0.9267857142857144,0.89375,0.871875
CNN_LSTM,49,6,0.9444642857142858,0.8845238095238095,0.8736979166666666
CNN_LSTM,49,7,0.9567261904761905,0.9092261904761904,0.8830729166666667
CNN_LSTM,49,8,0.963154761904762,0.8907738095238096,0.86484375
CNN_LSTM,49,9,0.9692261904761904,0.9104166666666668,0.88671875
CNN_LSTM,49,10,0.9729166666666668,0.9270833333333334,0.8794270833333333
CNN_LSTM,49,11,0.9798214285714286,0.9241071428571428,0.8859375
CNN_LSTM,49,12,0.9791666666666666,0.9226190476190476,0.88828125
CNN_LSTM,49,13,0.9839285714285714,0.9154761904761904,0.8614583333333333
CNN_LSTM,49,14,0.9800595238095238,0.8803571428571428,0.8705729166666667
CNN_LSTM,49,15,0.983154761904762,0.9282738095238096,0.8888020833333333
CNN_LSTM,49,16,0.9940476190476192,0.9327380952380953,0.8940104166666667
CNN_LSTM,49,17,0.9957738095238096,0.9333333333333332,0.8911458333333333
CNN_LSTM,49,18,0.9969642857142856,0.9375,0.8955729166666667
CNN_LSTM,49,19,0.9986309523809525,0.9321428571428572,0.89375
CNN_LSTM,49,20,0.9988095238095238,0.9410714285714286,0.8903645833333333
CNN_LSTM,49,21,0.9985119047619048,0.9291666666666668,0.890625
CNN_LSTM,49,22,0.999404761904762,0.9386904761904762,0.8932291666666666
CNN_LSTM,49,23,0.9995833333333334,0.9389880952380952,0.8932291666666666
CNN_LSTM,49,24,0.999702380952381,0.936904761904762,0.8947916666666667
CNN_LSTM,49,25,0.9997619047619049,0.9413690476190476,0.8934895833333333
LeNet_LSTM,49,1,0.5355357142857143,0.7470238095238095,0.734375
LeNet_LSTM,49,2,0.7673809523809524,0.8116071428571429,0.8130208333333333
LeNet_LSTM,49,3,0.8538095238095238,0.8553571428571428,0.8518229166666667
LeNet_LSTM,49,4,0.9023809523809524,0.8851190476190476,0.8755208333333333
LeNet_LSTM,49,5,0.9208928571428572,0.8970238095238096,0.85859375
LeNet_LSTM,49,6,0.9341071428571428,0.893154761904762,0.8815104166666666
LeNet_LSTM,49,7,0.941904761904762,0.905654761904762,0.8752604166666667
LeNet_LSTM,49,8,0.951845238095238,0.9011904761904762,0.8953125
LeNet_LSTM,49,9,0.9691071428571428,0.9172619047619048,0.8932291666666666
LeNet_LSTM,49,10,0.9748809523809524,0.9107142857142856,0.8890625
LeNet_LSTM,49,11,0.9776785714285714,0.918154761904762,0.9002604166666667
LeNet_LSTM,49,12,0.9792261904761904,0.9122023809523808,0.884375
LeNet_LSTM,49,13,0.9867261904761904,0.9175595238095238,0.88984375
LeNet_LSTM,49,14,0.9880357142857142,0.9148809523809524,0.8919270833333334
LeNet_LSTM,49,15,0.9898214285714284,0.9175595238095238,0.8919270833333334
LeNet_LSTM,49,16,0.9924404761904762,0.9211309523809524,0.8940104166666667
LeNet_LSTM,49,17,0.991904761904762,0.9196428571428572,0.89375
LeNet_LSTM,49,18,0.9921428571428572,0.9154761904761904,0.8919270833333334
LeNet_LSTM,49,19,0.995297619047619,0.9202380952380952,0.8916666666666667
LeNet_LSTM,49,20,0.9957738095238096,0.9196428571428572,0.89140625
LeNet_LSTM,49,21,0.9958928571428572,0.9226190476190476,0.8903645833333333
LeNet_LSTM,49,22,0.9951190476190476,0.9220238095238096,0.8924479166666667
LeNet_LSTM,49,23,0.995654761904762,0.9235119047619048,0.89375
LeNet_LSTM,49,24,0.9960714285714286,0.923809523809524,0.89375
LeNet_LSTM,49,25,0.9963095238095238,0.9226190476190476,0.8927083333333333
TCN,49,1,0.5438690476190476,0.7517857142857143,0.721875
TCN,49,2,0.8158928571428572,0.8175595238095238,0.8057291666666667
TCN,49,3,0.89875,0.8074404761904762,0.8171875
TCN,49,4,0.9338095238095238,0.8214285714285714,0.7861979166666667
TCN,49,5,0.9510714285714286,0.8419642857142857,0.8234375
TCN,49,6,0.9782738095238096,0.8404761904761905,0.82734375
TCN,49,7,0.9836904761904762,0.8458333333333333,0.8268229166666666
TCN,49,8,0.9871428571428572,0.8446428571428571,0.8229166666666666
TCN,49,9,0.9924404761904762,0.8517857142857143,0.825
TCN,49,10,0.9947619047619048,0.85,0.8325520833333333
TCN,49,11,0.9942261904761904,0.8526785714285714,0.825
TCN,49,12,0.9973809523809524,0.8553571428571428,0.83125
TCN,49,13,0.9971428571428572,0.856845238095238,0.8221354166666667
TCN,49,14,0.9979761904761904,0.8601190476190477,0.82890625
TCN,49,15,0.9979166666666668,0.8586309523809523,0.8328125
TCN,49,16,0.9983928571428572,0.8601190476190477,0.8307291666666666
TCN,49,17,0.9985714285714286,0.8613095238095239,0.83359375
TCN,49,18,0.9986309523809525,0.8595238095238096,0.8299479166666667
TCN,49,19,0.9986904761904762,0.8630952380952381,0.83046875
TCN,49,20,0.9989880952380952,0.862202380952381,0.8338541666666667
TCN,49,21,0.9991666666666666,0.8630952380952381,0.83203125
TCN,49,22,0.9988095238095238,0.8625,0.83125
TCN,49,23,0.9988095238095238,0.8616071428571429,0.82890625
TCN,49,24,0.9989285714285714,0.8616071428571429,0.82890625
TCN,49,25,0.9988095238095238,0.8616071428571429,0.8276041666666667
Transformer,49,1,0.3407142857142857,0.4529761904761905,0.4276041666666667
Transformer,49,2,0.5799404761904762,0.5916666666666667,0.54765625
Transformer,49,3,0.720297619047619,0.6625,0.6171875
Transformer,49,4,0.8026785714285715,0.6898809523809524,0.6388020833333333
Transformer,49,5,0.8532142857142857,0.7104166666666667,0.6549479166666666
Transformer,49,6,0.8863095238095238,0.7163690476190476,0.6697916666666667
Transformer,49,7,0.9129166666666668,0.7136904761904762,0.6747395833333333
Transformer,49,8,0.9274404761904762,0.7247023809523809,0.6799479166666667
Transformer,49,9,0.9379761904761904,0.7333333333333333,0.6817708333333333
Transformer,49,10,0.9432738095238096,0.7348214285714286,0.6872395833333333
Transformer,49,11,0.930952380952381,0.731845238095238,0.6927083333333334
Transformer,49,12,0.951190476190476,0.7550595238095238,0.69140625
Transformer,49,13,0.9639880952380953,0.7535714285714286,0.6940104166666666
Transformer,49,14,0.9723809523809523,0.7511904761904762,0.6989583333333333
Transformer,49,15,0.981547619047619,0.75625,0.6955729166666667
Transformer,49,16,0.9869642857142856,0.756547619047619,0.7088541666666667
Transformer,49,17,0.9894642857142856,0.7491071428571429,0.7127604166666667
Transformer,49,18,0.9930357142857142,0.7580357142857143,0.7020833333333333
Transformer,49,19,0.9958928571428572,0.7514880952380952,0.7046875
Transformer,49,20,0.9970238095238096,0.7610119047619047,0.7052083333333333
Transformer,49,21,0.9972619047619048,0.7598214285714285,0.7
Transformer,49,22,0.9978571428571428,0.7639880952380952,0.70078125
Transformer,49,23,0.9983333333333332,0.7625,0.70625
Transformer,49,24,0.9991666666666666,0.7613095238095238,0.709375
Transformer,49,25,0.9991071428571427,0.7568452380952381,0.6984375
LeNet,50,1,0.7039880952380952,0.7702380952380953,0.7419270833333333
LeNet,50,2,0.8428571428571429,0.8139880952380952,0.7950520833333333
LeNet,50,3,0.8842261904761904,0.843452380952381,0.8177083333333334
LeNet,50,4,0.9110714285714284,0.8321428571428572,0.82578125
LeNet,50,5,0.928809523809524,0.83125,0.8372395833333334
LeNet,50,6,0.9434523809523808,0.8553571428571428,0.8578125
LeNet,50,7,0.952202380952381,0.8595238095238096,0.8471354166666667
LeNet,50,8,0.960297619047619,0.837202380952381,0.83046875
LeNet,50,9,0.9648214285714286,0.8523809523809524,0.8458333333333333
LeNet,50,10,0.9828571428571428,0.8601190476190477,0.8638020833333333
LeNet,50,11,0.9854761904761904,0.8526785714285714,0.8580729166666666
LeNet,50,12,0.9861904761904762,0.8514880952380952,0.8513020833333333
LeNet,50,13,0.9932142857142856,0.8574404761904761,0.8627604166666667
LeNet,50,14,0.9942261904761904,0.8476190476190476,0.8565104166666667
LeNet,50,15,0.9952380952380953,0.8529761904761904,0.8684895833333334
LeNet,50,16,0.9978571428571428,0.8544642857142857,0.8674479166666667
LeNet,50,17,0.9982738095238096,0.8598214285714286,0.86953125
LeNet,50,18,0.9983928571428572,0.8616071428571429,0.8731770833333333
LeNet,50,19,0.9991071428571427,0.8583333333333333,0.86640625
LeNet,50,20,0.999345238095238,0.8544642857142857,0.86328125
LeNet,50,21,0.999345238095238,0.8553571428571428,0.8682291666666667
LeNet,50,22,0.9995833333333334,0.8583333333333333,0.8716145833333333
LeNet,50,23,0.9996428571428572,0.8607142857142858,0.8690104166666667
LeNet,50,24,0.9995833333333334,0.8592261904761904,0.8653645833333333
LeNet,50,25,0.9996428571428572,0.8586309523809523,0.8669270833333333
ResNet18,50,1,0.794047619047619,0.8476190476190476,0.8528645833333334
ResNet18,50,2,0.904404761904762,0.8964285714285715,0.89453125
ResNet18,50,3,0.9304166666666668,0.8830357142857143,0.8786458333333333
ResNet18,50,4,0.9435714285714286,0.8922619047619048,0.8729166666666667
ResNet18,50,5,0.96,0.8860119047619047,0.8838541666666667
ResNet18,50,6,0.9817857142857144,0.9107142857142856,0.9223958333333332
ResNet18,50,7,0.9828571428571428,0.9035714285714286,0.9083333333333332
ResNet18,50,8,0.9852380952380952,0.9053571428571427,0.9138020833333332
ResNet18,50,9,0.9948214285714284,0.9107142857142856,0.9213541666666668
ResNet18,50,10,0.9964880952380952,0.9008928571428572,0.9104166666666668
ResNet18,50,11,0.9948214285714284,0.9038690476190476,0.91171875
ResNet18,50,12,0.9985714285714286,0.9145833333333332,0.91875
ResNet18,50,13,0.9991666666666666,0.9139880952380952,0.9138020833333332
ResNet18,50,14,0.9989880952380952,0.9101190476190476,0.9184895833333332
ResNet18,50,15,0.9991071428571427,0.9092261904761904,0.9200520833333332
ResNet18,50,16,0.9995833333333334,0.9083333333333332,0.9203125
ResNet18,50,17,0.9996428571428572,0.9053571428571427,0.9174479166666668
ResNet18,50,18,0.9998809523809524,0.9077380952380952,0.91796875
ResNet18,50,19,1.0,0.9083333333333332,0.9205729166666666
ResNet18,50,20,0.9997619047619049,0.9098214285714286,0.9221354166666668
ResNet18,50,21,1.0,0.9089285714285714,0.9197916666666668
ResNet18,50,22,1.0,0.9104166666666668,0.9182291666666668
ResNet18,50,23,1.0,0.9125,0.91953125
ResNet18,50,24,0.9998214285714284,0.9107142857142856,0.9244791666666666
ResNet18,50,25,0.9999404761904762,0.9104166666666668,0.9252604166666668
MobileNet_V2,50,1,0.6283333333333333,0.7732142857142857,0.7888020833333333
MobileNet_V2,50,2,0.8376785714285714,0.8872023809523809,0.8776041666666666
MobileNet_V2,50,3,0.8880357142857143,0.8514880952380952,0.8716145833333333
MobileNet_V2,50,4,0.909702380952381,0.8672619047619048,0.8692708333333333
MobileNet_V2,50,5,0.9258928571428572,0.8818452380952381,0.8598958333333333
MobileNet_V2,50,6,0.9589880952380953,0.8994047619047619,0.8953125
MobileNet_V2,50,7,0.967202380952381,0.9,0.909375
MobileNet_V2,50,8,0.9714880952380952,0.8907738095238096,0.89296875
MobileNet_V2,50,9,0.9839285714285714,0.9145833333333332,0.90390625
MobileNet_V2,50,10,0.988095238095238,0.9202380952380952,0.9140625
MobileNet_V2,50,11,0.9925,0.9125,0.89453125
MobileNet_V2,50,12,0.9940476190476192,0.9226190476190476,0.91015625
MobileNet_V2,50,13,0.9959523809523808,0.9303571428571428,0.9151041666666668
MobileNet_V2,50,14,0.9964285714285714,0.9217261904761904,0.91171875
MobileNet_V2,50,15,0.9983333333333332,0.9270833333333334,0.9098958333333332
MobileNet_V2,50,16,0.998452380952381,0.930654761904762,0.9119791666666668
MobileNet_V2,50,17,0.9986904761904762,0.9235119047619048,0.9140625
MobileNet_V2,50,18,0.9989285714285714,0.9273809523809524,0.91171875
MobileNet_V2,50,19,0.9989285714285714,0.9270833333333334,0.9145833333333332
MobileNet_V2,50,20,0.9996428571428572,0.9276785714285716,0.9158854166666668
MobileNet_V2,50,21,0.9995833333333334,0.9273809523809524,0.9169270833333332
MobileNet_V2,50,22,0.9997619047619049,0.9270833333333334,0.9140625
MobileNet_V2,50,23,0.9996428571428572,0.9285714285714286,0.91484375
MobileNet_V2,50,24,0.9995238095238096,0.9288690476190476,0.9171875
MobileNet_V2,50,25,0.9998214285714284,0.9279761904761904,0.9161458333333332
EfficientNet_B0,50,1,0.638452380952381,0.83125,0.8286458333333333
EfficientNet_B0,50,2,0.8511904761904762,0.8803571428571428,0.8713541666666667
EfficientNet_B0,50,3,0.9001190476190476,0.881547619047619,0.8890625
EfficientNet_B0,50,4,0.9142261904761904,0.8919642857142858,0.8895833333333333
EfficientNet_B0,50,5,0.9358928571428572,0.9125,0.9138020833333332
EfficientNet_B0,50,6,0.9370238095238096,0.9032738095238096,0.9106770833333332
EfficientNet_B0,50,7,0.9498214285714286,0.899702380952381,0.9182291666666668
EfficientNet_B0,50,8,0.9623214285714284,0.9050595238095238,0.9088541666666666
EfficientNet_B0,50,9,0.9647619047619048,0.8976190476190476,0.9096354166666668
EfficientNet_B0,50,10,0.9703571428571428,0.9139880952380952,0.9239583333333332
EfficientNet_B0,50,11,0.9713690476190476,0.9098214285714286,0.9104166666666668
EfficientNet_B0,50,12,0.9782738095238096,0.9125,0.91875
EfficientNet_B0,50,13,0.978095238095238,0.9098214285714286,0.9114583333333334
EfficientNet_B0,50,14,0.990297619047619,0.918154761904762,0.91875
EfficientNet_B0,50,15,0.9942261904761904,0.9241071428571428,0.9140625
EfficientNet_B0,50,16,0.9940476190476192,0.924404761904762,0.9151041666666668
EfficientNet_B0,50,17,0.996845238095238,0.9220238095238096,0.9130208333333332
EfficientNet_B0,50,18,0.9973809523809524,0.9220238095238096,0.9190104166666668
EfficientNet_B0,50,19,0.99875,0.9291666666666668,0.9169270833333332
EfficientNet_B0,50,20,0.998095238095238,0.9241071428571428,0.91484375
EfficientNet_B0,50,21,0.9988095238095238,0.9303571428571428,0.9166666666666666
EfficientNet_B0,50,22,0.9990476190476192,0.9291666666666668,0.9197916666666668
EfficientNet_B0,50,23,0.999345238095238,0.9267857142857144,0.9171875
EfficientNet_B0,50,24,0.9992261904761904,0.9282738095238096,0.9205729166666666
EfficientNet_B0,50,25,0.9992857142857144,0.9303571428571428,0.9197916666666668
LSTM,50,1,0.5257142857142857,0.6425595238095239,0.58984375
LSTM,50,2,0.7570238095238095,0.6824404761904762,0.6885416666666667
LSTM,50,3,0.8458928571428571,0.7919642857142857,0.7630208333333334
LSTM,50,4,0.9008333333333334,0.8193452380952381,0.7950520833333333
LSTM,50,5,0.9236904761904762,0.812797619047619,0.8072916666666666
LSTM,50,6,0.9407738095238096,0.8163690476190476,0.8020833333333334
LSTM,50,7,0.9558333333333332,0.8166666666666667,0.8270833333333333
LSTM,50,8,0.9783333333333334,0.8267857142857142,0.8177083333333334
LSTM,50,9,0.9854761904761904,0.8244047619047619,0.8169270833333333
LSTM,50,10,0.9879166666666668,0.84375,0.8182291666666667
LSTM,50,11,0.9935714285714284,0.8357142857142857,0.8216145833333334
LSTM,50,12,0.995654761904762,0.8282738095238096,0.8096354166666667
LSTM,50,13,0.994404761904762,0.8360119047619048,0.82890625
LSTM,50,14,0.9975,0.8446428571428571,0.8296875
LSTM,50,15,0.9985714285714286,0.8482142857142857,0.8338541666666667
LSTM,50,16,0.9983928571428572,0.8401785714285714,0.8268229166666666
LSTM,50,17,0.9986904761904762,0.8476190476190476,0.8348958333333333
LSTM,50,18,0.999404761904762,0.8425595238095238,0.8299479166666667
LSTM,50,19,0.999345238095238,0.8458333333333333,0.83203125
LSTM,50,20,0.999345238095238,0.8485119047619047,0.8325520833333333
LSTM,50,21,0.9995238095238096,0.8467261904761905,0.8361979166666667
LSTM,50,22,0.999404761904762,0.8485119047619047,0.8328125
LSTM,50,23,0.9996428571428572,0.8476190476190476,0.8307291666666666
LSTM,50,24,0.9996428571428572,0.8473214285714286,0.8309895833333333
LSTM,50,25,0.9998809523809524,0.850297619047619,0.83515625
GRU,50,1,0.5875,0.7223214285714286,0.69453125
GRU,50,2,0.8447619047619047,0.7839285714285714,0.7546875
GRU,50,3,0.9270833333333334,0.8119047619047619,0.7908854166666667
GRU,50,4,0.9533333333333334,0.830654761904762,0.8268229166666666
GRU,50,5,0.9695833333333334,0.8366071428571429,0.8158854166666667
GRU,50,6,0.9798809523809524,0.8154761904761905,0.809375
GRU,50,7,0.9896428571428572,0.830952380952381,0.840625
GRU,50,8,0.995,0.8410714285714286,0.84375
GRU,50,9,0.9964880952380952,0.8294642857142858,0.81796875
GRU,50,10,0.9978571428571428,0.8488095238095238,0.8497395833333333
GRU,50,11,0.9986309523809525,0.844047619047619,0.8416666666666667
GRU,50,12,0.9983333333333332,0.8449404761904762,0.8401041666666667
GRU,50,13,0.9994642857142856,0.8511904761904762,0.84609375
GRU,50,14,0.9994642857142856,0.8553571428571428,0.84921875
GRU,50,15,0.9998809523809524,0.8532738095238095,0.85
GRU,50,16,0.9997619047619049,0.8541666666666666,0.8486979166666667
GRU,50,17,0.9998809523809524,0.8580357142857142,0.85078125
GRU,50,18,0.9998809523809524,0.8556547619047619,0.85078125
GRU,50,19,0.9998809523809524,0.8547619047619047,0.8520833333333333
GRU,50,20,0.9998809523809524,0.85625,0.8473958333333333
GRU,50,21,0.9999404761904762,0.8547619047619047,0.8479166666666667
GRU,50,22,1.0,0.8532738095238095,0.8481770833333333
GRU,50,23,0.9999404761904762,0.8529761904761904,0.8471354166666667
GRU,50,24,0.9999404761904762,0.85625,0.8479166666666667
GRU,50,25,1.0,0.8544642857142857,0.8473958333333333
CNN_LSTM,50,1,0.6638690476190476,0.7633928571428571,0.78203125
CNN_LSTM,50,2,0.8373809523809523,0.8229166666666666,0.7880208333333333
CNN_LSTM,50,3,0.8880357142857143,0.8380952380952381,0.834375
CNN_LSTM,50,4,0.9141071428571428,0.8529761904761904,0.8575520833333333
CNN_LSTM,50,5,0.9299404761904762,0.8702380952380953,0.8479166666666667
CNN_LSTM,50,6,0.9488690476190476,0.893154761904762,0.8796875
CNN_LSTM,50,7,0.9582738095238096,0.8863095238095238,0.8807291666666667
CNN_LSTM,50,8,0.9658333333333332,0.90625,0.8872395833333333
CNN_LSTM,50,9,0.97625,0.8982142857142857,0.8924479166666667
CNN_LSTM,50,10,0.9747023809523808,0.8985119047619048,0.89140625
CNN_LSTM,50,11,0.9782142857142856,0.9217261904761904,0.89609375
CNN_LSTM,50,12,0.979047619047619,0.911904761904762,0.90703125
CNN_LSTM,50,13,0.9867857142857144,0.9151785714285714,0.8973958333333333
CNN_LSTM,50,14,0.9816071428571428,0.9011904761904762,0.89453125
CNN_LSTM,50,15,0.9954761904761904,0.9178571428571428,0.9072916666666668
CNN_LSTM,50,16,0.9967857142857144,0.9136904761904762,0.9057291666666668
CNN_LSTM,50,17,0.9954166666666666,0.9163690476190476,0.9080729166666668
CNN_LSTM,50,18,0.9983333333333332,0.9154761904761904,0.9049479166666666
CNN_LSTM,50,19,0.9989880952380952,0.919940476190476,0.9106770833333332
CNN_LSTM,50,20,0.999345238095238,0.9184523809523808,0.90625
CNN_LSTM,50,21,0.9995238095238096,0.9142857142857144,0.9041666666666668
CNN_LSTM,50,22,0.9997619047619049,0.9142857142857144,0.9067708333333332
CNN_LSTM,50,23,0.9995238095238096,0.9172619047619048,0.9049479166666666
CNN_LSTM,50,24,0.9998809523809524,0.9184523809523808,0.9041666666666668
CNN_LSTM,50,25,0.9996428571428572,0.9172619047619048,0.9049479166666666
LeNet_LSTM,50,1,0.5555952380952381,0.7589285714285714,0.728125
LeNet_LSTM,50,2,0.7984523809523809,0.8133928571428571,0.7973958333333333
LeNet_LSTM,50,3,0.8576785714285714,0.8467261904761905,0.8356770833333333
LeNet_LSTM,50,4,0.8969047619047619,0.8809523809523809,0.8604166666666667
LeNet_LSTM,50,5,0.92,0.8821428571428571,0.8682291666666667
LeNet_LSTM,50,6,0.9363095238095238,0.8895833333333333,0.8846354166666667
LeNet_LSTM,50,7,0.9451785714285714,0.8794642857142857,0.88671875
LeNet_LSTM,50,8,0.9538095238095238,0.906547619047619,0.8794270833333333
LeNet_LSTM,50,9,0.9602380952380952,0.8788690476190476,0.884375
LeNet_LSTM,50,10,0.9657738095238096,0.8976190476190476,0.8908854166666667
LeNet_LSTM,50,11,0.969345238095238,0.8967261904761905,0.8752604166666667
LeNet_LSTM,50,12,0.980297619047619,0.8970238095238096,0.9010416666666666
LeNet_LSTM,50,13,0.9860714285714286,0.8982142857142857,0.89375
LeNet_LSTM,50,14,0.9876190476190476,0.905654761904762,0.9041666666666668
LeNet_LSTM,50,15,0.991904761904762,0.9050595238095238,0.8989583333333333
LeNet_LSTM,50,16,0.9927976190476192,0.9050595238095238,0.8981770833333333
LeNet_LSTM,50,17,0.995297619047619,0.9029761904761904,0.8979166666666667
LeNet_LSTM,50,18,0.9967857142857144,0.9023809523809524,0.8963541666666667
LeNet_LSTM,50,19,0.9969642857142856,0.90625,0.9020833333333332
LeNet_LSTM,50,20,0.9973809523809524,0.9017857142857144,0.8955729166666667
LeNet_LSTM,50,21,0.9982142857142856,0.9032738095238096,0.8950520833333333
LeNet_LSTM,50,22,0.9980357142857142,0.9014880952380953,0.8903645833333333
LeNet_LSTM,50,23,0.998154761904762,0.9029761904761904,0.8927083333333333
LeNet_LSTM,50,24,0.99875,0.9041666666666668,0.8953125
LeNet_LSTM,50,25,0.9989285714285714,0.9032738095238096,0.89375
TCN,50,1,0.5439880952380952,0.7163690476190476,0.6776041666666667
TCN,50,2,0.8142857142857143,0.7526785714285714,0.7171875
TCN,50,3,0.8946428571428572,0.8116071428571429,0.7638020833333333
TCN,50,4,0.9335714285714286,0.8172619047619047,0.7872395833333333
TCN,50,5,0.9528571428571428,0.8288690476190477,0.7880208333333333
TCN,50,6,0.9650595238095238,0.8300595238095239,0.7830729166666667
TCN,50,7,0.9835714285714284,0.8419642857142857,0.7955729166666666
TCN,50,8,0.989702380952381,0.8258928571428571,0.78671875
TCN,50,9,0.990297619047619,0.8497023809523809,0.8046875
TCN,50,10,0.995654761904762,0.8497023809523809,0.8080729166666667
TCN,50,11,0.9964285714285714,0.8366071428571429,0.8104166666666667
TCN,50,12,0.9966666666666668,0.8455357142857143,0.8151041666666666
TCN,50,13,0.9982738095238096,0.8544642857142857,0.8169270833333333
TCN,50,14,0.9983928571428572,0.8580357142857142,0.8114583333333333
TCN,50,15,0.9982142857142856,0.8544642857142857,0.8098958333333334
TCN,50,16,0.9991071428571427,0.8505952380952381,0.8127604166666667
TCN,50,17,0.9990476190476192,0.8497023809523809,0.8098958333333334
TCN,50,18,0.9986904761904762,0.8508928571428571,0.8111979166666666
TCN,50,19,0.9992261904761904,0.8529761904761904,0.8125
TCN,50,20,0.9991071428571427,0.8523809523809524,0.8143229166666667
TCN,50,21,0.9991071428571427,0.8508928571428571,0.815625
TCN,50,22,0.9995238095238096,0.8532738095238095,0.81484375
TCN,50,23,0.9991666666666666,0.8514880952380952,0.81171875
TCN,50,24,0.9992261904761904,0.8538690476190476,0.81328125
TCN,50,25,0.999345238095238,0.8529761904761904,0.8130208333333333
Transformer,50,1,0.3344047619047619,0.4291666666666666,0.3924479166666667
Transformer,50,2,0.5825,0.5708333333333333,0.5359375
Transformer,50,3,0.7271428571428571,0.6330357142857143,0.5911458333333334
Transformer,50,4,0.8121428571428572,0.6684523809523809,0.64921875
Transformer,50,5,0.8591666666666666,0.6741071428571429,0.6609375
Transformer,50,6,0.8947619047619048,0.6913690476190476,0.6783854166666666
Transformer,50,7,0.9167261904761904,0.6994047619047619,0.68125
Transformer,50,8,0.9339880952380952,0.7017857142857142,0.68203125
Transformer,50,9,0.945952380952381,0.7101190476190476,0.6817708333333333
Transformer,50,10,0.9527976190476192,0.7038690476190477,0.6765625
Transformer,50,11,0.9389285714285714,0.7077380952380953,0.68203125
Transformer,50,12,0.9542857142857144,0.7145833333333333,0.6854166666666667
Transformer,50,13,0.968154761904762,0.7175595238095238,0.6854166666666667
Transformer,50,14,0.9764285714285714,0.7077380952380953,0.68203125
Transformer,50,15,0.9838095238095238,0.7241071428571428,0.69375
Transformer,50,16,0.9867261904761904,0.7267857142857143,0.70234375
Transformer,50,17,0.991904761904762,0.7306547619047619,0.7041666666666667
Transformer,50,18,0.9927380952380952,0.7244047619047619,0.7015625
Transformer,50,19,0.9951190476190476,0.7333333333333333,0.6981770833333333
Transformer,50,20,0.9967857142857144,0.7440476190476191,0.7049479166666667
Transformer,50,21,0.9971428571428572,0.7333333333333333,0.70625
Transformer,50,22,0.9975595238095238,0.7389880952380953,0.70625
Transformer,50,23,0.9986309523809525,0.7357142857142858,0.7075520833333333
Transformer,50,24,0.9985714285714286,0.7339285714285714,0.7033854166666667
Transformer,50,25,0.9992261904761904,0.7327380952380952,0.7130208333333333
LeNet,51,1,0.6911904761904762,0.7830357142857143,0.775
LeNet,51,2,0.8438095238095238,0.8098214285714286,0.8010416666666667
LeNet,51,3,0.8889880952380952,0.8333333333333334,0.8520833333333333
LeNet,51,4,0.9158333333333334,0.8357142857142857,0.8536458333333333
LeNet,51,5,0.93375,0.8416666666666667,0.8692708333333333
LeNet,51,6,0.949404761904762,0.8556547619047619,0.8796875
LeNet,51,7,0.9575,0.8422619047619048,0.87421875
LeNet,51,8,0.9641071428571428,0.8461309523809524,0.8794270833333333
LeNet,51,9,0.970595238095238,0.8383928571428572,0.87578125
LeNet,51,10,0.9863690476190476,0.8541666666666666,0.8815104166666666
LeNet,51,11,0.9898809523809524,0.8541666666666666,0.8901041666666667
LeNet,51,12,0.99125,0.8666666666666667,0.8947916666666667
LeNet,51,13,0.9964880952380952,0.8651785714285715,0.9033854166666668
LeNet,51,14,0.9977380952380952,0.8625,0.8984375
LeNet,51,15,0.998154761904762,0.8601190476190477,0.896875
LeNet,51,16,0.999345238095238,0.8589285714285714,0.89765625
LeNet,51,17,0.999345238095238,0.861904761904762,0.8994791666666667
LeNet,51,18,0.999404761904762,0.8616071428571429,0.9005208333333333
LeNet,51,19,0.9998214285714284,0.8625,0.9002604166666667
LeNet,51,20,0.9997619047619049,0.8613095238095239,0.9002604166666667
LeNet,51,21,0.9998214285714284,0.8651785714285715,0.9005208333333333
LeNet,51,22,0.9998809523809524,0.861904761904762,0.9
LeNet,51,23,0.9998809523809524,0.8627976190476191,0.9010416666666666
LeNet,51,24,0.9998809523809524,0.8616071428571429,0.8973958333333333
LeNet,51,25,0.9998809523809524,0.8601190476190477,0.89921875
ResNet18,51,1,0.7863690476190476,0.8580357142857142,0.8653645833333333
ResNet18,51,2,0.898154761904762,0.9071428571428573,0.9028645833333332
ResNet18,51,3,0.9270833333333334,0.8755952380952381,0.8890625
ResNet18,51,4,0.943095238095238,0.8976190476190476,0.9169270833333332
ResNet18,51,5,0.9529761904761904,0.8946428571428572,0.9106770833333332
ResNet18,51,6,0.9810119047619048,0.9136904761904762,0.9296875
ResNet18,51,7,0.983095238095238,0.9098214285714286,0.9317708333333332
ResNet18,51,8,0.9842261904761904,0.919047619047619,0.93359375
ResNet18,51,9,0.994702380952381,0.9154761904761904,0.9348958333333334
ResNet18,51,10,0.9953571428571428,0.9160714285714284,0.93828125
ResNet18,51,11,0.9951190476190476,0.9211309523809524,0.9333333333333332
ResNet18,51,12,0.9979166666666668,0.919940476190476,0.9348958333333334
ResNet18,51,13,0.9985119047619048,0.9208333333333332,0.9348958333333334
ResNet18,51,14,0.9983333333333332,0.9139880952380952,0.9309895833333334
ResNet18,51,15,0.999345238095238,0.9184523809523808,0.9328125
ResNet18,51,16,0.999404761904762,0.918154761904762,0.9315104166666668
ResNet18,51,17,0.9997619047619049,0.919940476190476,0.9356770833333332
ResNet18,51,18,0.9998214285714284,0.91875,0.9369791666666668
ResNet18,51,19,0.9995833333333334,0.9211309523809524,0.9346354166666668
ResNet18,51,20,0.9998214285714284,0.9208333333333332,0.9377604166666668
ResNet18,51,21,1.0,0.9229166666666668,0.940625
ResNet18,51,22,1.0,0.9223214285714286,0.9372395833333332
ResNet18,51,23,0.9999404761904762,0.9205357142857142,0.9356770833333332
ResNet18,51,24,1.0,0.9214285714285714,0.9375
ResNet18,51,25,0.9999404761904762,0.9223214285714286,0.9372395833333332
MobileNet_V2,51,1,0.6117261904761905,0.7806547619047619,0.7786458333333334
MobileNet_V2,51,2,0.8289285714285715,0.8241071428571428,0.8361979166666667
MobileNet_V2,51,3,0.87875,0.906547619047619,0.9002604166666667
MobileNet_V2,51,4,0.9035119047619048,0.8723214285714286,0.86875
MobileNet_V2,51,5,0.9202380952380952,0.8851190476190476,0.8986979166666667
MobileNet_V2,51,6,0.9291071428571428,0.8705357142857143,0.9026041666666668
MobileNet_V2,51,7,0.9625,0.9125,0.9158854166666668
MobileNet_V2,51,8,0.971845238095238,0.905654761904762,0.91484375
MobileNet_V2,51,9,0.9745833333333334,0.8892857142857142,0.9171875
MobileNet_V2,51,10,0.9769642857142856,0.9032738095238096,0.9182291666666668
MobileNet_V2,51,11,0.99,0.9145833333333332,0.9265625
MobileNet_V2,51,12,0.9925595238095238,0.9139880952380952,0.9299479166666668
MobileNet_V2,51,13,0.9920238095238096,0.9014880952380953,0.9203125
MobileNet_V2,51,14,0.9954166666666666,0.9026785714285714,0.92109375
MobileNet_V2,51,15,0.998154761904762,0.9050595238095238,0.9325520833333332
MobileNet_V2,51,16,0.9969642857142856,0.9089285714285714,0.9270833333333334
MobileNet_V2,51,17,0.9982142857142856,0.9095238095238096,0.9223958333333332
MobileNet_V2,51,18,0.9986904761904762,0.9074404761904762,0.92890625
MobileNet_V2,51,19,0.9990476190476192,0.9053571428571427,0.9184895833333332
MobileNet_V2,51,20,0.9988690476190476,0.9020833333333332,0.92890625
MobileNet_V2,51,21,0.9992261904761904,0.9074404761904762,0.925
MobileNet_V2,51,22,0.999702380952381,0.906845238095238,0.9252604166666668
MobileNet_V2,51,23,0.9995833333333334,0.9053571428571427,0.928125
MobileNet_V2,51,24,0.999345238095238,0.90625,0.9276041666666668
MobileNet_V2,51,25,0.9996428571428572,0.9050595238095238,0.9260416666666668
EfficientNet_B0,51,1,0.6376190476190476,0.8318452380952381,0.8356770833333333
EfficientNet_B0,51,2,0.8543452380952381,0.8583333333333333,0.8828125
EfficientNet_B0,51,3,0.8979761904761905,0.8809523809523809,0.8861979166666667
EfficientNet_B0,51,4,0.9247619047619048,0.8729166666666667,0.9078125
EfficientNet_B0,51,5,0.9374404761904762,0.8616071428571429,0.9091145833333332
EfficientNet_B0,51,6,0.9484523809523808,0.9008928571428572,0.9244791666666666
EfficientNet_B0,51,7,0.9789285714285716,0.9104166666666668,0.93359375
EfficientNet_B0,51,8,0.985297619047619,0.905952380952381,0.9190104166666668
EfficientNet_B0,51,9,0.9814285714285714,0.8955357142857143,0.9174479166666668
EfficientNet_B0,51,10,0.985,0.9047619047619048,0.9221354166666668
EfficientNet_B0,51,11,0.993452380952381,0.9196428571428572,0.9354166666666668
EfficientNet_B0,51,12,0.9954761904761904,0.9226190476190476,0.9309895833333334
EfficientNet_B0,51,13,0.9950595238095238,0.9163690476190476,0.9229166666666668
EfficientNet_B0,51,14,0.9972619047619048,0.9178571428571428,0.92890625
EfficientNet_B0,51,15,0.9979761904761904,0.9202380952380952,0.9302083333333332
EfficientNet_B0,51,16,0.9979761904761904,0.9229166666666668,0.9260416666666668
EfficientNet_B0,51,17,0.9982142857142856,0.9172619047619048,0.9299479166666668
EfficientNet_B0,51,18,0.9991071428571427,0.9184523809523808,0.9317708333333332
EfficientNet_B0,51,19,0.9988690476190476,0.9223214285714286,0.9276041666666668
EfficientNet_B0,51,20,0.9989285714285714,0.9261904761904762,0.9307291666666668
EfficientNet_B0,51,21,0.9992261904761904,0.9241071428571428,0.93359375
EfficientNet_B0,51,22,0.9995833333333334,0.9241071428571428,0.9338541666666668
EfficientNet_B0,51,23,0.9991666666666666,0.9241071428571428,0.9341145833333332
EfficientNet_B0,51,24,0.9991071428571427,0.9217261904761904,0.9364583333333332
EfficientNet_B0,51,25,0.999404761904762,0.9226190476190476,0.9356770833333332
LSTM,51,1,0.5310714285714285,0.63125,0.6325520833333333
LSTM,51,2,0.7767261904761905,0.7559523809523809,0.7234375
LSTM,51,3,0.8631547619047619,0.7961309523809523,0.7596354166666667
LSTM,51,4,0.9069642857142856,0.8014880952380953,0.7908854166666667
LSTM,51,5,0.9358333333333332,0.8139880952380952,0.8078125
LSTM,51,6,0.9450595238095238,0.8086309523809524,0.7934895833333333
LSTM,51,7,0.9720833333333332,0.8303571428571429,0.8140625
LSTM,51,8,0.9820833333333332,0.8369047619047619,0.8205729166666667
LSTM,51,9,0.9877976190476192,0.8333333333333334,0.828125
LSTM,51,10,0.9879761904761905,0.8318452380952381,0.8161458333333333
LSTM,51,11,0.994702380952381,0.8422619047619048,0.8380208333333333
LSTM,51,12,0.9970238095238096,0.8366071428571429,0.8338541666666667
LSTM,51,13,0.9978571428571428,0.8422619047619048,0.8359375
LSTM,51,14,0.9989880952380952,0.8431547619047619,0.8388020833333333
LSTM,51,15,0.9989285714285714,0.8467261904761905,0.8427083333333333
LSTM,51,16,0.9992857142857144,0.8464285714285714,0.840625
LSTM,51,17,0.9995833333333334,0.8461309523809524,0.83828125
LSTM,51,18,0.9994642857142856,0.8461309523809524,0.83828125
LSTM,51,19,0.9996428571428572,0.8470238095238095,0.8419270833333333
LSTM,51,20,0.9997619047619049,0.8467261904761905,0.8403645833333333
LSTM,51,21,0.9997619047619049,0.8446428571428571,0.8388020833333333
LSTM,51,22,0.9998809523809524,0.8470238095238095,0.8403645833333333
LSTM,51,23,0.9995833333333334,0.8494047619047619,0.83671875
LSTM,51,24,0.9996428571428572,0.8488095238095238,0.8395833333333333
LSTM,51,25,0.9996428571428572,0.8494047619047619,0.8408854166666667
GRU,51,1,0.5825595238095238,0.7065476190476191,0.6736979166666667
GRU,51,2,0.8410714285714286,0.787797619047619,0.75625
GRU,51,3,0.918809523809524,0.8208333333333333,0.8065104166666667
GRU,51,4,0.9495833333333332,0.8205357142857143,0.8143229166666667
GRU,51,5,0.97,0.8241071428571428,0.8075520833333333
GRU,51,6,0.9788690476190476,0.8375,0.82890625
GRU,51,7,0.9905357142857144,0.8538690476190476,0.8484375
GRU,51,8,0.9966071428571428,0.8407738095238095,0.83046875
GRU,51,9,0.9964880952380952,0.8422619047619048,0.8276041666666667
GRU,51,10,0.9985119047619048,0.8586309523809523,0.8455729166666667
GRU,51,11,0.999345238095238,0.850297619047619,0.8447916666666667
GRU,51,12,0.9994642857142856,0.8586309523809523,0.8424479166666666
GRU,51,13,0.999702380952381,0.8529761904761904,0.8348958333333333
GRU,51,14,0.9996428571428572,0.8571428571428571,0.834375
GRU,51,15,0.9998809523809524,0.8556547619047619,0.83828125
GRU,51,16,0.9997619047619049,0.8627976190476191,0.8421875
GRU,51,17,0.9994642857142856,0.8601190476190477,0.8377604166666667
GRU,51,18,0.9998214285714284,0.856547619047619,0.83359375
GRU,51,19,0.9997619047619049,0.8613095238095239,0.8390625
GRU,51,20,1.0,0.8598214285714286,0.8403645833333333
GRU,51,21,0.9999404761904762,0.8607142857142858,0.8395833333333333
GRU,51,22,0.9999404761904762,0.862202380952381,0.840625
GRU,51,23,0.9998809523809524,0.8627976190476191,0.840625
GRU,51,24,0.9999404761904762,0.8601190476190477,0.84375
GRU,51,25,0.9999404761904762,0.8601190476190477,0.8424479166666666
CNN_LSTM,51,1,0.6663095238095238,0.7413690476190476,0.7328125
CNN_LSTM,51,2,0.832202380952381,0.8175595238095238,0.83515625
CNN_LSTM,51,3,0.8828571428571429,0.81875,0.8513020833333333
CNN_LSTM,51,4,0.9107142857142856,0.8586309523809523,0.8736979166666666
CNN_LSTM,51,5,0.929702380952381,0.8910714285714286,0.9033854166666668
CNN_LSTM,51,6,0.9448809523809524,0.8663690476190476,0.9080729166666668
CNN_LSTM,51,7,0.9611904761904762,0.8735119047619048,0.89765625
CNN_LSTM,51,8,0.9623809523809524,0.8857142857142857,0.8921875
CNN_LSTM,51,9,0.9838095238095238,0.8958333333333334,0.9114583333333334
CNN_LSTM,51,10,0.9886904761904762,0.8940476190476191,0.9161458333333332
CNN_LSTM,51,11,0.991904761904762,0.8922619047619048,0.9151041666666668
CNN_LSTM,51,12,0.9959523809523808,0.8744047619047619,0.9049479166666666
CNN_LSTM,51,13,0.9973214285714286,0.8895833333333333,0.91484375
CNN_LSTM,51,14,0.9958333333333332,0.8872023809523809,0.9234375
CNN_LSTM,51,15,0.9976785714285714,0.8925595238095239,0.9174479166666668
CNN_LSTM,51,16,0.9989880952380952,0.887797619047619,0.9169270833333332
CNN_LSTM,51,17,0.99875,0.9011904761904762,0.91875
CNN_LSTM,51,18,0.9991071428571427,0.8922619047619048,0.91328125
CNN_LSTM,51,19,0.9995238095238096,0.8925595238095239,0.9182291666666668
CNN_LSTM,51,20,0.999404761904762,0.8958333333333334,0.9158854166666668
CNN_LSTM,51,21,0.9995833333333334,0.8940476190476191,0.9169270833333332
CNN_LSTM,51,22,0.9996428571428572,0.8940476190476191,0.9190104166666668
CNN_LSTM,51,23,0.9999404761904762,0.8913690476190477,0.9161458333333332
CNN_LSTM,51,24,0.9996428571428572,0.893154761904762,0.9177083333333332
CNN_LSTM,51,25,0.9998214285714284,0.8907738095238096,0.9174479166666668
LeNet_LSTM,51,1,0.5391071428571429,0.7386904761904762,0.6794270833333333
LeNet_LSTM,51,2,0.7857738095238095,0.7967261904761904,0.746875
LeNet_LSTM,51,3,0.8522619047619048,0.8672619047619048,0.8442708333333333
LeNet_LSTM,51,4,0.8933928571428571,0.8833333333333333,0.8630208333333333
LeNet_LSTM,51,5,0.9120833333333334,0.8705357142857143,0.8661458333333333
LeNet_LSTM,51,6,0.92,0.8943452380952381,0.8984375
LeNet_LSTM,51,7,0.9415476190476192,0.8583333333333333,0.8924479166666667
LeNet_LSTM,51,8,0.9494642857142858,0.8976190476190476,0.884375
LeNet_LSTM,51,9,0.9495833333333332,0.9077380952380952,0.909375
LeNet_LSTM,51,10,0.9610119047619048,0.8892857142857142,0.8989583333333333
LeNet_LSTM,51,11,0.9689880952380951,0.9017857142857144,0.9109375
LeNet_LSTM,51,12,0.9674404761904762,0.9044642857142856,0.89140625
LeNet_LSTM,51,13,0.9803571428571428,0.9041666666666668,0.9091145833333332
LeNet_LSTM,51,14,0.9857738095238096,0.9050595238095238,0.9184895833333332
LeNet_LSTM,51,15,0.9860714285714286,0.9077380952380952,0.9122395833333332
LeNet_LSTM,51,16,0.9897619047619048,0.9080357142857144,0.9299479166666668
LeNet_LSTM,51,17,0.993154761904762,0.8976190476190476,0.9119791666666668
LeNet_LSTM,51,18,0.993452380952381,0.8946428571428572,0.91796875
LeNet_LSTM,51,19,0.9949404761904762,0.9032738095238096,0.9127604166666666
LeNet_LSTM,51,20,0.9957738095238096,0.8973214285714286,0.91953125
LeNet_LSTM,51,21,0.996547619047619,0.9032738095238096,0.9184895833333332
LeNet_LSTM,51,22,0.9966666666666668,0.9020833333333332,0.9151041666666668
LeNet_LSTM,51,23,0.997202380952381,0.9026785714285714,0.9125
LeNet_LSTM,51,24,0.9971428571428572,0.9032738095238096,0.9135416666666668
LeNet_LSTM,51,25,0.9975,0.9014880952380953,0.9140625
TCN,51,1,0.5525,0.6678571428571428,0.7020833333333333
TCN,51,2,0.822202380952381,0.7383928571428572,0.7575520833333333
TCN,51,3,0.8951785714285714,0.8005952380952381,0.7963541666666667
TCN,51,4,0.9314880952380952,0.8098214285714286,0.7994791666666666
TCN,51,5,0.95125,0.8154761904761905,0.81796875
TCN,51,6,0.9649404761904762,0.8154761904761905,0.8307291666666666
TCN,51,7,0.9845833333333334,0.8139880952380952,0.82890625
TCN,51,8,0.9894642857142856,0.8366071428571429,0.83359375
TCN,51,9,0.9898809523809524,0.8258928571428571,0.8309895833333333
TCN,51,10,0.9947619047619048,0.8324404761904762,0.8307291666666666
TCN,51,11,0.9958928571428572,0.8366071428571429,0.83984375
TCN,51,12,0.9963690476190477,0.8392857142857143,0.8317708333333333
TCN,51,13,0.9975,0.8419642857142857,0.8364583333333333
TCN,51,14,0.9974404761904762,0.837202380952381,0.8388020833333333
TCN,51,15,0.9983928571428572,0.8375,0.8408854166666667
TCN,51,16,0.9988690476190476,0.8363095238095238,0.8401041666666667
TCN,51,17,0.9989880952380952,0.8395833333333333,0.83828125
TCN,51,18,0.9989880952380952,0.8419642857142857,0.8408854166666667
TCN,51,19,0.9990476190476192,0.8404761904761905,0.8411458333333334
TCN,51,20,0.9995238095238096,0.837202380952381,0.8401041666666667
TCN,51,21,0.9989880952380952,0.8383928571428572,0.8388020833333333
TCN,51,22,0.9992261904761904,0.8383928571428572,0.8393229166666667
TCN,51,23,0.999345238095238,0.8377976190476191,0.8401041666666667
TCN,51,24,0.9992857142857144,0.8363095238095238,0.8403645833333333
TCN,51,25,0.9989285714285714,0.8366071428571429,0.8411458333333334
Transformer,51,1,0.3477380952380952,0.4556547619047619,0.4463541666666666
Transformer,51,2,0.602202380952381,0.6050595238095238,0.5658854166666667
Transformer,51,3,0.7377976190476191,0.6571428571428571,0.6520833333333333
Transformer,51,4,0.8131547619047619,0.6797619047619048,0.6697916666666667
Transformer,51,5,0.8589880952380953,0.7035714285714286,0.6942708333333333
Transformer,51,6,0.89625,0.7053571428571429,0.70625
Transformer,51,7,0.917797619047619,0.7175595238095238,0.7078125
Transformer,51,8,0.934404761904762,0.7202380952380952,0.7182291666666667
Transformer,51,9,0.9461309523809524,0.7247023809523809,0.7174479166666666
Transformer,51,10,0.9508928571428572,0.7235119047619047,0.71953125
Transformer,51,11,0.9380357142857144,0.7226190476190476,0.7268229166666667
Transformer,51,12,0.956904761904762,0.7199404761904762,0.7161458333333334
Transformer,51,13,0.9678571428571427,0.7336309523809523,0.7401041666666667
Transformer,51,14,0.9779761904761904,0.7270833333333333,0.7223958333333333
Transformer,51,15,0.985,0.7279761904761904,0.7346354166666667
Transformer,51,16,0.9898214285714284,0.7321428571428571,0.7244791666666667
Transformer,51,17,0.991845238095238,0.7375,0.7434895833333334
Transformer,51,18,0.9942857142857144,0.7407738095238096,0.74140625
Transformer,51,19,0.9954761904761904,0.7467261904761905,0.7403645833333333
Transformer,51,20,0.9963690476190477,0.736904761904762,0.7393229166666667
Transformer,51,21,0.9983333333333332,0.7422619047619048,0.7484375
Transformer,51,22,0.998452380952381,0.7455357142857143,0.74140625
Transformer,51,23,0.9988095238095238,0.7443452380952381,0.7440104166666667
Transformer,51,24,0.9988095238095238,0.7416666666666667,0.7354166666666667
Transformer,51,25,0.9992857142857144,0.7449404761904762,0.7408854166666666
