model,seed,true_label,pred_label,count
LeNet,42,0,0,315
LeNet,42,0,1,0
LeNet,42,0,2,0
LeNet,42,0,3,2
LeNet,42,0,4,0
LeNet,42,0,5,3
LeNet,42,0,6,0
LeNet,42,0,7,0
LeNet,42,0,8,0
LeNet,42,0,9,0
LeNet,42,0,10,0
LeNet,42,0,11,0
LeNet,42,1,0,0
LeNet,42,1,1,306
LeNet,42,1,2,0
LeNet,42,1,3,0
LeNet,42,1,4,4
LeNet,42,1,5,8
LeNet,42,1,6,0
LeNet,42,1,7,0
LeNet,42,1,8,1
LeNet,42,1,9,0
LeNet,42,1,10,1
LeNet,42,1,11,0
LeNet,42,2,0,13
LeNet,42,2,1,0
LeNet,42,2,2,303
LeNet,42,2,3,0
LeNet,42,2,4,0
LeNet,42,2,5,0
LeNet,42,2,6,0
LeNet,42,2,7,0
LeNet,42,2,8,4
LeNet,42,2,9,0
LeNet,42,2,10,0
LeNet,42,2,11,0
LeNet,42,3,0,0
LeNet,42,3,1,1
LeNet,42,3,2,0
LeNet,42,3,3,277
LeNet,42,3,4,1
LeNet,42,3,5,0
LeNet,42,3,6,41
LeNet,42,3,7,0
LeNet,42,3,8,0
LeNet,42,3,9,0
LeNet,42,3,10,0
LeNet,42,3,11,0
LeNet,42,4,0,9
LeNet,42,4,1,1
LeNet,42,4,2,0
LeNet,42,4,3,0
LeNet,42,4,4,309
LeNet,42,4,5,0
LeNet,42,4,6,0
LeNet,42,4,7,0
LeNet,42,4,8,0
LeNet,42,4,9,1
LeNet,42,4,10,0
LeNet,42,4,11,0
LeNet,42,5,0,5
LeNet,42,5,1,1
LeNet,42,5,2,0
LeNet,42,5,3,0
LeNet,42,5,4,0
LeNet,42,5,5,304
LeNet,42,5,6,0
LeNet,42,5,7,4
LeNet,42,5,8,0
LeNet,42,5,9,2
LeNet,42,5,10,2
LeNet,42,5,11,2
LeNet,42,6,0,3
LeNet,42,6,1,0
LeNet,42,6,2,0
LeNet,42,6,3,139
LeNet,42,6,4,0
LeNet,42,6,5,0
LeNet,42,6,6,174
LeNet,42,6,7,0
LeNet,42,6,8,0
LeNet,42,6,9,0
LeNet,42,6,10,0
LeNet,42,6,11,4
LeNet,42,7,0,0
LeNet,42,7,1,0
LeNet,42,7,2,4
LeNet,42,7,3,0
LeNet,42,7,4,0
LeNet,42,7,5,1
LeNet,42,7,6,0
LeNet,42,7,7,185
LeNet,42,7,8,40
LeNet,42,7,9,4
LeNet,42,7,10,46
LeNet,42,7,11,40
LeNet,42,8,0,0
LeNet,42,8,1,0
LeNet,42,8,2,1
LeNet,42,8,3,0
LeNet,42,8,4,0
LeNet,42,8,5,1
LeNet,42,8,6,0
LeNet,42,8,7,17
LeNet,42,8,8,289
LeNet,42,8,9,1
LeNet,42,8,10,7
LeNet,42,8,11,4
LeNet,42,9,0,1
LeNet,42,9,1,0
LeNet,42,9,2,0
LeNet,42,9,3,6
LeNet,42,9,4,1
LeNet,42,9,5,0
LeNet,42,9,6,1
LeNet,42,9,7,4
LeNet,42,9,8,10
LeNet,42,9,9,259
LeNet,42,9,10,5
LeNet,42,9,11,33
LeNet,42,10,0,0
LeNet,42,10,1,0
LeNet,42,10,2,0
LeNet,42,10,3,0
LeNet,42,10,4,0
LeNet,42,10,5,6
LeNet,42,10,6,0
LeNet,42,10,7,23
LeNet,42,10,8,46
LeNet,42,10,9,5
LeNet,42,10,10,239
LeNet,42,10,11,1
LeNet,42,11,0,0
LeNet,42,11,1,0
LeNet,42,11,2,0
LeNet,42,11,3,4
LeNet,42,11,4,0
LeNet,42,11,5,0
LeNet,42,11,6,2
LeNet,42,11,7,1
LeNet,42,11,8,9
LeNet,42,11,9,13
LeNet,42,11,10,0
LeNet,42,11,11,291
ResNet18,42,0,0,319
ResNet18,42,0,1,0
ResNet18,42,0,2,0
ResNet18,42,0,3,1
ResNet18,42,0,4,0
ResNet18,42,0,5,0
ResNet18,42,0,6,0
ResNet18,42,0,7,0
ResNet18,42,0,8,0
ResNet18,42,0,9,0
ResNet18,42,0,10,0
ResNet18,42,0,11,0
ResNet18,42,1,0,0
ResNet18,42,1,1,320
ResNet18,42,1,2,0
ResNet18,42,1,3,0
ResNet18,42,1,4,0
ResNet18,42,1,5,0
ResNet18,42,1,6,0
ResNet18,42,1,7,0
ResNet18,42,1,8,0
ResNet18,42,1,9,0
ResNet18,42,1,10,0
ResNet18,42,1,11,0
ResNet18,42,2,0,0
ResNet18,42,2,1,0
ResNet18,42,2,2,320
ResNet18,42,2,3,0
ResNet18,42,2,4,0
ResNet18,42,2,5,0
ResNet18,42,2,6,0
ResNet18,42,2,7,0
ResNet18,42,2,8,0
ResNet18,42,2,9,0
ResNet18,42,2,10,0
ResNet18,42,2,11,0
ResNet18,42,3,0,0
ResNet18,42,3,1,0
ResNet18,42,3,2,0
ResNet18,42,3,3,284
ResNet18,42,3,4,0
ResNet18,42,3,5,0
ResNet18,42,3,6,35
ResNet18,42,3,7,0
ResNet18,42,3,8,0
ResNet18,42,3,9,0
ResNet18,42,3,10,0
ResNet18,42,3,11,1
ResNet18,42,4,0,0
ResNet18,42,4,1,0
ResNet18,42,4,2,0
ResNet18,42,4,3,1
ResNet18,42,4,4,319
ResNet18,42,4,5,0
ResNet18,42,4,6,0
ResNet18,42,4,7,0
ResNet18,42,4,8,0
ResNet18,42,4,9,0
ResNet18,42,4,10,0
ResNet18,42,4,11,0
ResNet18,42,5,0,3
ResNet18,42,5,1,0
ResNet18,42,5,2,1
ResNet18,42,5,3,0
ResNet18,42,5,4,0
ResNet18,42,5,5,316
ResNet18,42,5,6,0
ResNet18,42,5,7,0
ResNet18,42,5,8,0
ResNet18,42,5,9,0
ResNet18,42,5,10,0
ResNet18,42,5,11,0
ResNet18,42,6,0,0
ResNet18,42,6,1,3
ResNet18,42,6,2,0
ResNet18,42,6,3,109
ResNet18,42,6,4,0
ResNet18,42,6,5,0
ResNet18,42,6,6,208
ResNet18,42,6,7,0
ResNet18,42,6,8,0
ResNet18,42,6,9,0
ResNet18,42,6,10,0
ResNet18,42,6,11,0
ResNet18,42,7,0,0
ResNet18,42,7,1,0
ResNet18,42,7,2,13
ResNet18,42,7,3,0
ResNet18,42,7,4,0
ResNet18,42,7,5,0
ResNet18,42,7,6,0
ResNet18,42,7,7,194
ResNet18,42,7,8,43
ResNet18,42,7,9,1
ResNet18,42,7,10,28
ResNet18,42,7,11,41
ResNet18,42,8,0,3
ResNet18,42,8,1,0
ResNet18,42,8,2,1
ResNet18,42,8,3,0
ResNet18,42,8,4,0
ResNet18,42,8,5,0
ResNet18,42,8,6,0
ResNet18,42,8,7,0
ResNet18,42,8,8,316
ResNet18,42,8,9,0
ResNet18,42,8,10,0
ResNet18,42,8,11,0
ResNet18,42,9,0,0
ResNet18,42,9,1,0
ResNet18,42,9,2,0
ResNet18,42,9,3,0
ResNet18,42,9,4,0
ResNet18,42,9,5,0
ResNet18,42,9,6,0
ResNet18,42,9,7,0
ResNet18,42,9,8,5
ResNet18,42,9,9,283
ResNet18,42,9,10,4
ResNet18,42,9,11,28
ResNet18,42,10,0,1
ResNet18,42,10,1,0
ResNet18,42,10,2,0
ResNet18,42,10,3,0
ResNet18,42,10,4,0
ResNet18,42,10,5,0
ResNet18,42,10,6,0
ResNet18,42,10,7,11
ResNet18,42,10,8,25
ResNet18,42,10,9,0
ResNet18,42,10,10,283
ResNet18,42,10,11,0
ResNet18,42,11,0,0
ResNet18,42,11,1,0
ResNet18,42,11,2,0
ResNet18,42,11,3,2
ResNet18,42,11,4,0
ResNet18,42,11,5,0
ResNet18,42,11,6,9
ResNet18,42,11,7,0
ResNet18,42,11,8,13
ResNet18,42,11,9,1
ResNet18,42,11,10,0
ResNet18,42,11,11,295
MobileNet_V2,42,0,0,319
MobileNet_V2,42,0,1,0
MobileNet_V2,42,0,2,0
MobileNet_V2,42,0,3,0
MobileNet_V2,42,0,4,1
MobileNet_V2,42,0,5,0
MobileNet_V2,42,0,6,0
MobileNet_V2,42,0,7,0
MobileNet_V2,42,0,8,0
MobileNet_V2,42,0,9,0
MobileNet_V2,42,0,10,0
MobileNet_V2,42,0,11,0
MobileNet_V2,42,1,0,0
MobileNet_V2,42,1,1,317
MobileNet_V2,42,1,2,0
MobileNet_V2,42,1,3,0
MobileNet_V2,42,1,4,0
MobileNet_V2,42,1,5,0
MobileNet_V2,42,1,6,0
MobileNet_V2,42,1,7,0
MobileNet_V2,42,1,8,0
MobileNet_V2,42,1,9,2
MobileNet_V2,42,1,10,1
MobileNet_V2,42,1,11,0
MobileNet_V2,42,2,0,1
MobileNet_V2,42,2,1,0
MobileNet_V2,42,2,2,318
MobileNet_V2,42,2,3,0
MobileNet_V2,42,2,4,0
MobileNet_V2,42,2,5,0
MobileNet_V2,42,2,6,0
MobileNet_V2,42,2,7,0
MobileNet_V2,42,2,8,1
MobileNet_V2,42,2,9,0
MobileNet_V2,42,2,10,0
MobileNet_V2,42,2,11,0
MobileNet_V2,42,3,0,0
MobileNet_V2,42,3,1,0
MobileNet_V2,42,3,2,0
MobileNet_V2,42,3,3,282
MobileNet_V2,42,3,4,0
MobileNet_V2,42,3,5,0
MobileNet_V2,42,3,6,38
MobileNet_V2,42,3,7,0
MobileNet_V2,42,3,8,0
MobileNet_V2,42,3,9,0
MobileNet_V2,42,3,10,0
MobileNet_V2,42,3,11,0
MobileNet_V2,42,4,0,0
MobileNet_V2,42,4,1,0
MobileNet_V2,42,4,2,0
MobileNet_V2,42,4,3,0
MobileNet_V2,42,4,4,319
MobileNet_V2,42,4,5,0
MobileNet_V2,42,4,6,1
MobileNet_V2,42,4,7,0
MobileNet_V2,42,4,8,0
MobileNet_V2,42,4,9,0
MobileNet_V2,42,4,10,0
MobileNet_V2,42,4,11,0
MobileNet_V2,42,5,0,2
MobileNet_V2,42,5,1,0
MobileNet_V2,42,5,2,0
MobileNet_V2,42,5,3,0
MobileNet_V2,42,5,4,0
MobileNet_V2,42,5,5,314
MobileNet_V2,42,5,6,0
MobileNet_V2,42,5,7,0
MobileNet_V2,42,5,8,0
MobileNet_V2,42,5,9,0
MobileNet_V2,42,5,10,4
MobileNet_V2,42,5,11,0
MobileNet_V2,42,6,0,1
MobileNet_V2,42,6,1,0
MobileNet_V2,42,6,2,1
MobileNet_V2,42,6,3,146
MobileNet_V2,42,6,4,0
MobileNet_V2,42,6,5,0
MobileNet_V2,42,6,6,171
MobileNet_V2,42,6,7,0
MobileNet_V2,42,6,8,0
MobileNet_V2,42,6,9,1
MobileNet_V2,42,6,10,0
MobileNet_V2,42,6,11,0
MobileNet_V2,42,7,0,0
MobileNet_V2,42,7,1,0
MobileNet_V2,42,7,2,10
MobileNet_V2,42,7,3,0
MobileNet_V2,42,7,4,0
MobileNet_V2,42,7,5,0
MobileNet_V2,42,7,6,0
MobileNet_V2,42,7,7,196
MobileNet_V2,42,7,8,39
MobileNet_V2,42,7,9,1
MobileNet_V2,42,7,10,34
MobileNet_V2,42,7,11,40
MobileNet_V2,42,8,0,3
MobileNet_V2,42,8,1,0
MobileNet_V2,42,8,2,0
MobileNet_V2,42,8,3,0
MobileNet_V2,42,8,4,0
MobileNet_V2,42,8,5,0
MobileNet_V2,42,8,6,0
MobileNet_V2,42,8,7,5
MobileNet_V2,42,8,8,309
MobileNet_V2,42,8,9,0
MobileNet_V2,42,8,10,2
MobileNet_V2,42,8,11,1
MobileNet_V2,42,9,0,0
MobileNet_V2,42,9,1,0
MobileNet_V2,42,9,2,0
MobileNet_V2,42,9,3,0
MobileNet_V2,42,9,4,0
MobileNet_V2,42,9,5,0
MobileNet_V2,42,9,6,0
MobileNet_V2,42,9,7,1
MobileNet_V2,42,9,8,1
MobileNet_V2,42,9,9,309
MobileNet_V2,42,9,10,1
MobileNet_V2,42,9,11,8
MobileNet_V2,42,10,0,0
MobileNet_V2,42,10,1,0
MobileNet_V2,42,10,2,0
MobileNet_V2,42,10,3,0
MobileNet_V2,42,10,4,0
MobileNet_V2,42,10,5,0
MobileNet_V2,42,10,6,0
MobileNet_V2,42,10,7,7
MobileNet_V2,42,10,8,29
MobileNet_V2,42,10,9,4
MobileNet_V2,42,10,10,280
MobileNet_V2,42,10,11,0
MobileNet_V2,42,11,0,0
MobileNet_V2,42,11,1,0
MobileNet_V2,42,11,2,0
MobileNet_V2,42,11,3,5
MobileNet_V2,42,11,4,0
MobileNet_V2,42,11,5,0
MobileNet_V2,42,11,6,2
MobileNet_V2,42,11,7,0
MobileNet_V2,42,11,8,17
MobileNet_V2,42,11,9,1
MobileNet_V2,42,11,10,0
MobileNet_V2,42,11,11,295
EfficientNet_B0,42,0,0,319
EfficientNet_B0,42,0,1,0
EfficientNet_B0,42,0,2,0
EfficientNet_B0,42,0,3,0
EfficientNet_B0,42,0,4,1
EfficientNet_B0,42,0,5,0
EfficientNet_B0,42,0,6,0
EfficientNet_B0,42,0,7,0
EfficientNet_B0,42,0,8,0
EfficientNet_B0,42,0,9,0
EfficientNet_B0,42,0,10,0
EfficientNet_B0,42,0,11,0
EfficientNet_B0,42,1,0,0
EfficientNet_B0,42,1,1,319
EfficientNet_B0,42,1,2,0
EfficientNet_B0,42,1,3,0
EfficientNet_B0,42,1,4,1
EfficientNet_B0,42,1,5,0
EfficientNet_B0,42,1,6,0
EfficientNet_B0,42,1,7,0
EfficientNet_B0,42,1,8,0
EfficientNet_B0,42,1,9,0
EfficientNet_B0,42,1,10,0
EfficientNet_B0,42,1,11,0
EfficientNet_B0,42,2,0,2
EfficientNet_B0,42,2,1,0
EfficientNet_B0,42,2,2,318
EfficientNet_B0,42,2,3,0
EfficientNet_B0,42,2,4,0
EfficientNet_B0,42,2,5,0
EfficientNet_B0,42,2,6,0
EfficientNet_B0,42,2,7,0
EfficientNet_B0,42,2,8,0
EfficientNet_B0,42,2,9,0
EfficientNet_B0,42,2,10,0
EfficientNet_B0,42,2,11,0
EfficientNet_B0,42,3,0,0
EfficientNet_B0,42,3,1,0
EfficientNet_B0,42,3,2,0
EfficientNet_B0,42,3,3,284
EfficientNet_B0,42,3,4,0
EfficientNet_B0,42,3,5,0
EfficientNet_B0,42,3,6,36
EfficientNet_B0,42,3,7,0
EfficientNet_B0,42,3,8,0
EfficientNet_B0,42,3,9,0
EfficientNet_B0,42,3,10,0
EfficientNet_B0,42,3,11,0
EfficientNet_B0,42,4,0,0
EfficientNet_B0,42,4,1,0
EfficientNet_B0,42,4,2,0
EfficientNet_B0,42,4,3,0
EfficientNet_B0,42,4,4,320
EfficientNet_B0,42,4,5,0
EfficientNet_B0,42,4,6,0
EfficientNet_B0,42,4,7,0
EfficientNet_B0,42,4,8,0
EfficientNet_B0,42,4,9,0
EfficientNet_B0,42,4,10,0
EfficientNet_B0,42,4,11,0
EfficientNet_B0,42,5,0,0
EfficientNet_B0,42,5,1,0
EfficientNet_B0,42,5,2,0
EfficientNet_B0,42,5,3,0
EfficientNet_B0,42,5,4,0
EfficientNet_B0,42,5,5,318
EfficientNet_B0,42,5,6,0
EfficientNet_B0,42,5,7,0
EfficientNet_B0,42,5,8,0
EfficientNet_B0,42,5,9,0
EfficientNet_B0,42,5,10,2
EfficientNet_B0,42,5,11,0
EfficientNet_B0,42,6,0,1
EfficientNet_B0,42,6,1,0
EfficientNet_B0,42,6,2,0
EfficientNet_B0,42,6,3,137
EfficientNet_B0,42,6,4,1
EfficientNet_B0,42,6,5,0
EfficientNet_B0,42,6,6,181
EfficientNet_B0,42,6,7,0
EfficientNet_B0,42,6,8,0
EfficientNet_B0,42,6,9,0
EfficientNet_B0,42,6,10,0
EfficientNet_B0,42,6,11,0
EfficientNet_B0,42,7,0,1
EfficientNet_B0,42,7,1,0
EfficientNet_B0,42,7,2,14
EfficientNet_B0,42,7,3,0
EfficientNet_B0,42,7,4,0
EfficientNet_B0,42,7,5,0
EfficientNet_B0,42,7,6,0
EfficientNet_B0,42,7,7,196
EfficientNet_B0,42,7,8,55
EfficientNet_B0,42,7,9,0
EfficientNet_B0,42,7,10,14
EfficientNet_B0,42,7,11,40
EfficientNet_B0,42,8,0,1
EfficientNet_B0,42,8,1,0
EfficientNet_B0,42,8,2,0
EfficientNet_B0,42,8,3,0
EfficientNet_B0,42,8,4,0
EfficientNet_B0,42,8,5,0
EfficientNet_B0,42,8,6,0
EfficientNet_B0,42,8,7,6
EfficientNet_B0,42,8,8,312
EfficientNet_B0,42,8,9,0
EfficientNet_B0,42,8,10,1
EfficientNet_B0,42,8,11,0
EfficientNet_B0,42,9,0,0
EfficientNet_B0,42,9,1,0
EfficientNet_B0,42,9,2,0
EfficientNet_B0,42,9,3,0
EfficientNet_B0,42,9,4,0
EfficientNet_B0,42,9,5,0
EfficientNet_B0,42,9,6,0
EfficientNet_B0,42,9,7,2
EfficientNet_B0,42,9,8,0
EfficientNet_B0,42,9,9,316
EfficientNet_B0,42,9,10,1
EfficientNet_B0,42,9,11,1
EfficientNet_B0,42,10,0,0
EfficientNet_B0,42,10,1,0
EfficientNet_B0,42,10,2,0
EfficientNet_B0,42,10,3,0
EfficientNet_B0,42,10,4,0
EfficientNet_B0,42,10,5,0
EfficientNet_B0,42,10,6,0
EfficientNet_B0,42,10,7,7
EfficientNet_B0,42,10,8,35
EfficientNet_B0,42,10,9,4
EfficientNet_B0,42,10,10,274
EfficientNet_B0,42,10,11,0
EfficientNet_B0,42,11,0,0
EfficientNet_B0,42,11,1,0
EfficientNet_B0,42,11,2,0
EfficientNet_B0,42,11,3,2
EfficientNet_B0,42,11,4,0
EfficientNet_B0,42,11,5,0
EfficientNet_B0,42,11,6,2
EfficientNet_B0,42,11,7,1
EfficientNet_B0,42,11,8,10
EfficientNet_B0,42,11,9,1
EfficientNet_B0,42,11,10,0
EfficientNet_B0,42,11,11,304
LSTM,42,0,0,300
LSTM,42,0,1,0
LSTM,42,0,2,1
LSTM,42,0,3,2
LSTM,42,0,4,9
LSTM,42,0,5,0
LSTM,42,0,6,6
LSTM,42,0,7,0
LSTM,42,0,8,1
LSTM,42,0,9,1
LSTM,42,0,10,0
LSTM,42,0,11,0
LSTM,42,1,0,0
LSTM,42,1,1,295
LSTM,42,1,2,0
LSTM,42,1,3,0
LSTM,42,1,4,6
LSTM,42,1,5,15
LSTM,42,1,6,0
LSTM,42,1,7,0
LSTM,42,1,8,0
LSTM,42,1,9,3
LSTM,42,1,10,1
LSTM,42,1,11,0
LSTM,42,2,0,12
LSTM,42,2,1,1
LSTM,42,2,2,304
LSTM,42,2,3,0
LSTM,42,2,4,0
LSTM,42,2,5,1
LSTM,42,2,6,1
LSTM,42,2,7,0
LSTM,42,2,8,1
LSTM,42,2,9,0
LSTM,42,2,10,0
LSTM,42,2,11,0
LSTM,42,3,0,0
LSTM,42,3,1,1
LSTM,42,3,2,0
LSTM,42,3,3,249
LSTM,42,3,4,4
LSTM,42,3,5,0
LSTM,42,3,6,63
LSTM,42,3,7,0
LSTM,42,3,8,0
LSTM,42,3,9,2
LSTM,42,3,10,0
LSTM,42,3,11,1
LSTM,42,4,0,11
LSTM,42,4,1,14
LSTM,42,4,2,0
LSTM,42,4,3,1
LSTM,42,4,4,283
LSTM,42,4,5,2
LSTM,42,4,6,0
LSTM,42,4,7,1
LSTM,42,4,8,1
LSTM,42,4,9,6
LSTM,42,4,10,1
LSTM,42,4,11,0
LSTM,42,5,0,4
LSTM,42,5,1,11
LSTM,42,5,2,1
LSTM,42,5,3,0
LSTM,42,5,4,0
LSTM,42,5,5,301
LSTM,42,5,6,0
LSTM,42,5,7,1
LSTM,42,5,8,0
LSTM,42,5,9,0
LSTM,42,5,10,2
LSTM,42,5,11,0
LSTM,42,6,0,4
LSTM,42,6,1,2
LSTM,42,6,2,0
LSTM,42,6,3,122
LSTM,42,6,4,3
LSTM,42,6,5,0
LSTM,42,6,6,178
LSTM,42,6,7,0
LSTM,42,6,8,0
LSTM,42,6,9,2
LSTM,42,6,10,0
LSTM,42,6,11,9
LSTM,42,7,0,0
LSTM,42,7,1,2
LSTM,42,7,2,11
LSTM,42,7,3,0
LSTM,42,7,4,0
LSTM,42,7,5,0
LSTM,42,7,6,0
LSTM,42,7,7,252
LSTM,42,7,8,2
LSTM,42,7,9,0
LSTM,42,7,10,13
LSTM,42,7,11,40
LSTM,42,8,0,16
LSTM,42,8,1,0
LSTM,42,8,2,4
LSTM,42,8,3,0
LSTM,42,8,4,0
LSTM,42,8,5,0
LSTM,42,8,6,0
LSTM,42,8,7,13
LSTM,42,8,8,284
LSTM,42,8,9,1
LSTM,42,8,10,1
LSTM,42,8,11,1
LSTM,42,9,0,1
LSTM,42,9,1,0
LSTM,42,9,2,0
LSTM,42,9,3,0
LSTM,42,9,4,18
LSTM,42,9,5,0
LSTM,42,9,6,0
LSTM,42,9,7,0
LSTM,42,9,8,4
LSTM,42,9,9,294
LSTM,42,9,10,2
LSTM,42,9,11,1
LSTM,42,10,0,1
LSTM,42,10,1,1
LSTM,42,10,2,0
LSTM,42,10,3,0
LSTM,42,10,4,0
LSTM,42,10,5,6
LSTM,42,10,6,0
LSTM,42,10,7,4
LSTM,42,10,8,6
LSTM,42,10,9,0
LSTM,42,10,10,302
LSTM,42,10,11,0
LSTM,42,11,0,2
LSTM,42,11,1,0
LSTM,42,11,2,0
LSTM,42,11,3,10
LSTM,42,11,4,14
LSTM,42,11,5,0
LSTM,42,11,6,13
LSTM,42,11,7,0
LSTM,42,11,8,13
LSTM,42,11,9,7
LSTM,42,11,10,0
LSTM,42,11,11,261
GRU,42,0,0,301
GRU,42,0,1,0
GRU,42,0,2,2
GRU,42,0,3,4
GRU,42,0,4,4
GRU,42,0,5,0
GRU,42,0,6,7
GRU,42,0,7,0
GRU,42,0,8,1
GRU,42,0,9,1
GRU,42,0,10,0
GRU,42,0,11,0
GRU,42,1,0,0
GRU,42,1,1,281
GRU,42,1,2,0
GRU,42,1,3,0
GRU,42,1,4,12
GRU,42,1,5,20
GRU,42,1,6,0
GRU,42,1,7,1
GRU,42,1,8,0
GRU,42,1,9,4
GRU,42,1,10,2
GRU,42,1,11,0
GRU,42,2,0,11
GRU,42,2,1,1
GRU,42,2,2,304
GRU,42,2,3,1
GRU,42,2,4,0
GRU,42,2,5,2
GRU,42,2,6,0
GRU,42,2,7,0
GRU,42,2,8,1
GRU,42,2,9,0
GRU,42,2,10,0
GRU,42,2,11,0
GRU,42,3,0,0
GRU,42,3,1,3
GRU,42,3,2,0
GRU,42,3,3,246
GRU,42,3,4,3
GRU,42,3,5,0
GRU,42,3,6,60
GRU,42,3,7,1
GRU,42,3,8,0
GRU,42,3,9,2
GRU,42,3,10,0
GRU,42,3,11,5
GRU,42,4,0,12
GRU,42,4,1,9
GRU,42,4,2,0
GRU,42,4,3,2
GRU,42,4,4,288
GRU,42,4,5,2
GRU,42,4,6,0
GRU,42,4,7,1
GRU,42,4,8,2
GRU,42,4,9,4
GRU,42,4,10,0
GRU,42,4,11,0
GRU,42,5,0,2
GRU,42,5,1,11
GRU,42,5,2,0
GRU,42,5,3,0
GRU,42,5,4,3
GRU,42,5,5,299
GRU,42,5,6,0
GRU,42,5,7,2
GRU,42,5,8,0
GRU,42,5,9,1
GRU,42,5,10,1
GRU,42,5,11,1
GRU,42,6,0,2
GRU,42,6,1,4
GRU,42,6,2,0
GRU,42,6,3,129
GRU,42,6,4,0
GRU,42,6,5,0
GRU,42,6,6,179
GRU,42,6,7,0
GRU,42,6,8,0
GRU,42,6,9,0
GRU,42,6,10,0
GRU,42,6,11,6
GRU,42,7,0,0
GRU,42,7,1,2
GRU,42,7,2,6
GRU,42,7,3,1
GRU,42,7,4,0
GRU,42,7,5,5
GRU,42,7,6,2
GRU,42,7,7,226
GRU,42,7,8,3
GRU,42,7,9,1
GRU,42,7,10,36
GRU,42,7,11,38
GRU,42,8,0,36
GRU,42,8,1,0
GRU,42,8,2,0
GRU,42,8,3,0
GRU,42,8,4,1
GRU,42,8,5,0
GRU,42,8,6,0
GRU,42,8,7,21
GRU,42,8,8,259
GRU,42,8,9,0
GRU,42,8,10,2
GRU,42,8,11,1
GRU,42,9,0,8
GRU,42,9,1,1
GRU,42,9,2,0
GRU,42,9,3,0
GRU,42,9,4,18
GRU,42,9,5,0
GRU,42,9,6,0
GRU,42,9,7,0
GRU,42,9,8,3
GRU,42,9,9,288
GRU,42,9,10,1
GRU,42,9,11,1
GRU,42,10,0,1
GRU,42,10,1,0
GRU,42,10,2,0
GRU,42,10,3,0
GRU,42,10,4,3
GRU,42,10,5,6
GRU,42,10,6,0
GRU,42,10,7,13
GRU,42,10,8,7
GRU,42,10,9,0
GRU,42,10,10,290
GRU,42,10,11,0
GRU,42,11,0,3
GRU,42,11,1,0
GRU,42,11,2,0
GRU,42,11,3,11
GRU,42,11,4,6
GRU,42,11,5,0
GRU,42,11,6,5
GRU,42,11,7,0
GRU,42,11,8,9
GRU,42,11,9,7
GRU,42,11,10,0
GRU,42,11,11,279
CNN_LSTM,42,0,0,319
CNN_LSTM,42,0,1,0
CNN_LSTM,42,0,2,0
CNN_LSTM,42,0,3,0
CNN_LSTM,42,0,4,0
CNN_LSTM,42,0,5,0
CNN_LSTM,42,0,6,0
CNN_LSTM,42,0,7,0
CNN_LSTM,42,0,8,1
CNN_LSTM,42,0,9,0
CNN_LSTM,42,0,10,0
CNN_LSTM,42,0,11,0
CNN_LSTM,42,1,0,0
CNN_LSTM,42,1,1,318
CNN_LSTM,42,1,2,1
CNN_LSTM,42,1,3,0
CNN_LSTM,42,1,4,1
CNN_LSTM,42,1,5,0
CNN_LSTM,42,1,6,0
CNN_LSTM,42,1,7,0
CNN_LSTM,42,1,8,0
CNN_LSTM,42,1,9,0
CNN_LSTM,42,1,10,0
CNN_LSTM,42,1,11,0
CNN_LSTM,42,2,0,0
CNN_LSTM,42,2,1,0
CNN_LSTM,42,2,2,318
CNN_LSTM,42,2,3,0
CNN_LSTM,42,2,4,0
CNN_LSTM,42,2,5,0
CNN_LSTM,42,2,6,0
CNN_LSTM,42,2,7,0
CNN_LSTM,42,2,8,2
CNN_LSTM,42,2,9,0
CNN_LSTM,42,2,10,0
CNN_LSTM,42,2,11,0
CNN_LSTM,42,3,0,0
CNN_LSTM,42,3,1,0
CNN_LSTM,42,3,2,0
CNN_LSTM,42,3,3,286
CNN_LSTM,42,3,4,3
CNN_LSTM,42,3,5,0
CNN_LSTM,42,3,6,31
CNN_LSTM,42,3,7,0
CNN_LSTM,42,3,8,0
CNN_LSTM,42,3,9,0
CNN_LSTM,42,3,10,0
CNN_LSTM,42,3,11,0
CNN_LSTM,42,4,0,0
CNN_LSTM,42,4,1,0
CNN_LSTM,42,4,2,0
CNN_LSTM,42,4,3,0
CNN_LSTM,42,4,4,320
CNN_LSTM,42,4,5,0
CNN_LSTM,42,4,6,0
CNN_LSTM,42,4,7,0
CNN_LSTM,42,4,8,0
CNN_LSTM,42,4,9,0
CNN_LSTM,42,4,10,0
CNN_LSTM,42,4,11,0
CNN_LSTM,42,5,0,1
CNN_LSTM,42,5,1,0
CNN_LSTM,42,5,2,0
CNN_LSTM,42,5,3,0
CNN_LSTM,42,5,4,0
CNN_LSTM,42,5,5,318
CNN_LSTM,42,5,6,0
CNN_LSTM,42,5,7,0
CNN_LSTM,42,5,8,1
CNN_LSTM,42,5,9,0
CNN_LSTM,42,5,10,0
CNN_LSTM,42,5,11,0
CNN_LSTM,42,6,0,0
CNN_LSTM,42,6,1,0
CNN_LSTM,42,6,2,0
CNN_LSTM,42,6,3,156
CNN_LSTM,42,6,4,0
CNN_LSTM,42,6,5,0
CNN_LSTM,42,6,6,162
CNN_LSTM,42,6,7,0
CNN_LSTM,42,6,8,0
CNN_LSTM,42,6,9,0
CNN_LSTM,42,6,10,0
CNN_LSTM,42,6,11,2
CNN_LSTM,42,7,0,0
CNN_LSTM,42,7,1,0
CNN_LSTM,42,7,2,13
CNN_LSTM,42,7,3,4
CNN_LSTM,42,7,4,0
CNN_LSTM,42,7,5,0
CNN_LSTM,42,7,6,0
CNN_LSTM,42,7,7,266
CNN_LSTM,42,7,8,1
CNN_LSTM,42,7,9,0
CNN_LSTM,42,7,10,0
CNN_LSTM,42,7,11,36
CNN_LSTM,42,8,0,26
CNN_LSTM,42,8,1,0
CNN_LSTM,42,8,2,19
CNN_LSTM,42,8,3,0
CNN_LSTM,42,8,4,0
CNN_LSTM,42,8,5,2
CNN_LSTM,42,8,6,0
CNN_LSTM,42,8,7,19
CNN_LSTM,42,8,8,251
CNN_LSTM,42,8,9,2
CNN_LSTM,42,8,10,1
CNN_LSTM,42,8,11,0
CNN_LSTM,42,9,0,0
CNN_LSTM,42,9,1,0
CNN_LSTM,42,9,2,0
CNN_LSTM,42,9,3,0
CNN_LSTM,42,9,4,2
CNN_LSTM,42,9,5,0
CNN_LSTM,42,9,6,0
CNN_LSTM,42,9,7,0
CNN_LSTM,42,9,8,1
CNN_LSTM,42,9,9,316
CNN_LSTM,42,9,10,0
CNN_LSTM,42,9,11,1
CNN_LSTM,42,10,0,1
CNN_LSTM,42,10,1,0
CNN_LSTM,42,10,2,0
CNN_LSTM,42,10,3,0
CNN_LSTM,42,10,4,0
CNN_LSTM,42,10,5,0
CNN_LSTM,42,10,6,0
CNN_LSTM,42,10,7,2
CNN_LSTM,42,10,8,4
CNN_LSTM,42,10,9,0
CNN_LSTM,42,10,10,313
CNN_LSTM,42,10,11,0
CNN_LSTM,42,11,0,3
CNN_LSTM,42,11,1,0
CNN_LSTM,42,11,2,0
CNN_LSTM,42,11,3,42
CNN_LSTM,42,11,4,2
CNN_LSTM,42,11,5,0
CNN_LSTM,42,11,6,2
CNN_LSTM,42,11,7,0
CNN_LSTM,42,11,8,5
CNN_LSTM,42,11,9,4
CNN_LSTM,42,11,10,0
CNN_LSTM,42,11,11,262
LeNet_LSTM,42,0,0,320
LeNet_LSTM,42,0,1,0
LeNet_LSTM,42,0,2,0
LeNet_LSTM,42,0,3,0
LeNet_LSTM,42,0,4,0
LeNet_LSTM,42,0,5,0
LeNet_LSTM,42,0,6,0
LeNet_LSTM,42,0,7,0
LeNet_LSTM,42,0,8,0
LeNet_LSTM,42,0,9,0
LeNet_LSTM,42,0,10,0
LeNet_LSTM,42,0,11,0
LeNet_LSTM,42,1,0,0
LeNet_LSTM,42,1,1,317
LeNet_LSTM,42,1,2,0
LeNet_LSTM,42,1,3,0
LeNet_LSTM,42,1,4,1
LeNet_LSTM,42,1,5,0
LeNet_LSTM,42,1,6,1
LeNet_LSTM,42,1,7,0
LeNet_LSTM,42,1,8,0
LeNet_LSTM,42,1,9,1
LeNet_LSTM,42,1,10,0
LeNet_LSTM,42,1,11,0
LeNet_LSTM,42,2,0,0
LeNet_LSTM,42,2,1,0
LeNet_LSTM,42,2,2,319
LeNet_LSTM,42,2,3,0
LeNet_LSTM,42,2,4,0
LeNet_LSTM,42,2,5,0
LeNet_LSTM,42,2,6,0
LeNet_LSTM,42,2,7,0
LeNet_LSTM,42,2,8,1
LeNet_LSTM,42,2,9,0
LeNet_LSTM,42,2,10,0
LeNet_LSTM,42,2,11,0
LeNet_LSTM,42,3,0,0
LeNet_LSTM,42,3,1,0
LeNet_LSTM,42,3,2,0
LeNet_LSTM,42,3,3,288
LeNet_LSTM,42,3,4,0
LeNet_LSTM,42,3,5,0
LeNet_LSTM,42,3,6,32
LeNet_LSTM,42,3,7,0
LeNet_LSTM,42,3,8,0
LeNet_LSTM,42,3,9,0
LeNet_LSTM,42,3,10,0
LeNet_LSTM,42,3,11,0
LeNet_LSTM,42,4,0,0
LeNet_LSTM,42,4,1,0
LeNet_LSTM,42,4,2,0
LeNet_LSTM,42,4,3,0
LeNet_LSTM,42,4,4,316
LeNet_LSTM,42,4,5,0
LeNet_LSTM,42,4,6,3
LeNet_LSTM,42,4,7,0
LeNet_LSTM,42,4,8,0
LeNet_LSTM,42,4,9,1
LeNet_LSTM,42,4,10,0
LeNet_LSTM,42,4,11,0
LeNet_LSTM,42,5,0,1
LeNet_LSTM,42,5,1,0
LeNet_LSTM,42,5,2,0
LeNet_LSTM,42,5,3,0
LeNet_LSTM,42,5,4,0
LeNet_LSTM,42,5,5,316
LeNet_LSTM,42,5,6,0
LeNet_LSTM,42,5,7,1
LeNet_LSTM,42,5,8,1
LeNet_LSTM,42,5,9,0
LeNet_LSTM,42,5,10,1
LeNet_LSTM,42,5,11,0
LeNet_LSTM,42,6,0,1
LeNet_LSTM,42,6,1,0
LeNet_LSTM,42,6,2,0
LeNet_LSTM,42,6,3,135
LeNet_LSTM,42,6,4,0
LeNet_LSTM,42,6,5,0
LeNet_LSTM,42,6,6,183
LeNet_LSTM,42,6,7,0
LeNet_LSTM,42,6,8,0
LeNet_LSTM,42,6,9,1
LeNet_LSTM,42,6,10,0
LeNet_LSTM,42,6,11,0
LeNet_LSTM,42,7,0,0
LeNet_LSTM,42,7,1,0
LeNet_LSTM,42,7,2,15
LeNet_LSTM,42,7,3,3
LeNet_LSTM,42,7,4,0
LeNet_LSTM,42,7,5,0
LeNet_LSTM,42,7,6,9
LeNet_LSTM,42,7,7,265
LeNet_LSTM,42,7,8,0
LeNet_LSTM,42,7,9,2
LeNet_LSTM,42,7,10,0
LeNet_LSTM,42,7,11,26
LeNet_LSTM,42,8,0,27
LeNet_LSTM,42,8,1,0
LeNet_LSTM,42,8,2,25
LeNet_LSTM,42,8,3,0
LeNet_LSTM,42,8,4,0
LeNet_LSTM,42,8,5,0
LeNet_LSTM,42,8,6,0
LeNet_LSTM,42,8,7,20
LeNet_LSTM,42,8,8,247
LeNet_LSTM,42,8,9,0
LeNet_LSTM,42,8,10,1
LeNet_LSTM,42,8,11,0
LeNet_LSTM,42,9,0,0
LeNet_LSTM,42,9,1,0
LeNet_LSTM,42,9,2,0
LeNet_LSTM,42,9,3,0
LeNet_LSTM,42,9,4,4
LeNet_LSTM,42,9,5,1
LeNet_LSTM,42,9,6,0
LeNet_LSTM,42,9,7,0
LeNet_LSTM,42,9,8,1
LeNet_LSTM,42,9,9,314
LeNet_LSTM,42,9,10,0
LeNet_LSTM,42,9,11,0
LeNet_LSTM,42,10,0,0
LeNet_LSTM,42,10,1,0
LeNet_LSTM,42,10,2,0
LeNet_LSTM,42,10,3,0
LeNet_LSTM,42,10,4,0
LeNet_LSTM,42,10,5,0
LeNet_LSTM,42,10,6,0
LeNet_LSTM,42,10,7,8
LeNet_LSTM,42,10,8,0
LeNet_LSTM,42,10,9,0
LeNet_LSTM,42,10,10,312
LeNet_LSTM,42,10,11,0
LeNet_LSTM,42,11,0,4
LeNet_LSTM,42,11,1,0
LeNet_LSTM,42,11,2,0
LeNet_LSTM,42,11,3,36
LeNet_LSTM,42,11,4,8
LeNet_LSTM,42,11,5,0
LeNet_LSTM,42,11,6,10
LeNet_LSTM,42,11,7,0
LeNet_LSTM,42,11,8,7
LeNet_LSTM,42,11,9,0
LeNet_LSTM,42,11,10,0
LeNet_LSTM,42,11,11,255
TCN,42,0,0,310
TCN,42,0,1,0
TCN,42,0,2,0
TCN,42,0,3,1
TCN,42,0,4,6
TCN,42,0,5,0
TCN,42,0,6,3
TCN,42,0,7,0
TCN,42,0,8,0
TCN,42,0,9,0
TCN,42,0,10,0
TCN,42,0,11,0
TCN,42,1,0,0
TCN,42,1,1,282
TCN,42,1,2,0
TCN,42,1,3,3
TCN,42,1,4,10
TCN,42,1,5,23
TCN,42,1,6,1
TCN,42,1,7,0
TCN,42,1,8,0
TCN,42,1,9,0
TCN,42,1,10,1
TCN,42,1,11,0
TCN,42,2,0,6
TCN,42,2,1,0
TCN,42,2,2,311
TCN,42,2,3,0
TCN,42,2,4,0
TCN,42,2,5,0
TCN,42,2,6,0
TCN,42,2,7,0
TCN,42,2,8,3
TCN,42,2,9,0
TCN,42,2,10,0
TCN,42,2,11,0
TCN,42,3,0,0
TCN,42,3,1,1
TCN,42,3,2,0
TCN,42,3,3,255
TCN,42,3,4,3
TCN,42,3,5,0
TCN,42,3,6,60
TCN,42,3,7,0
TCN,42,3,8,0
TCN,42,3,9,0
TCN,42,3,10,0
TCN,42,3,11,1
TCN,42,4,0,14
TCN,42,4,1,5
TCN,42,4,2,0
TCN,42,4,3,18
TCN,42,4,4,274
TCN,42,4,5,2
TCN,42,4,6,0
TCN,42,4,7,0
TCN,42,4,8,0
TCN,42,4,9,4
TCN,42,4,10,0
TCN,42,4,11,3
TCN,42,5,0,1
TCN,42,5,1,13
TCN,42,5,2,1
TCN,42,5,3,0
TCN,42,5,4,2
TCN,42,5,5,302
TCN,42,5,6,0
TCN,42,5,7,0
TCN,42,5,8,0
TCN,42,5,9,0
TCN,42,5,10,1
TCN,42,5,11,0
TCN,42,6,0,3
TCN,42,6,1,1
TCN,42,6,2,0
TCN,42,6,3,138
TCN,42,6,4,1
TCN,42,6,5,2
TCN,42,6,6,171
TCN,42,6,7,0
TCN,42,6,8,0
TCN,42,6,9,4
TCN,42,6,10,0
TCN,42,6,11,0
TCN,42,7,0,0
TCN,42,7,1,0
TCN,42,7,2,6
TCN,42,7,3,0
TCN,42,7,4,0
TCN,42,7,5,0
TCN,42,7,6,0
TCN,42,7,7,243
TCN,42,7,8,18
TCN,42,7,9,1
TCN,42,7,10,13
TCN,42,7,11,39
TCN,42,8,0,19
TCN,42,8,1,0
TCN,42,8,2,11
TCN,42,8,3,0
TCN,42,8,4,1
TCN,42,8,5,1
TCN,42,8,6,0
TCN,42,8,7,17
TCN,42,8,8,266
TCN,42,8,9,0
TCN,42,8,10,2
TCN,42,8,11,3
TCN,42,9,0,1
TCN,42,9,1,2
TCN,42,9,2,0
TCN,42,9,3,7
TCN,42,9,4,14
TCN,42,9,5,1
TCN,42,9,6,0
TCN,42,9,7,3
TCN,42,9,8,17
TCN,42,9,9,250
TCN,42,9,10,22
TCN,42,9,11,3
TCN,42,10,0,0
TCN,42,10,1,0
TCN,42,10,2,0
TCN,42,10,3,0
TCN,42,10,4,1
TCN,42,10,5,2
TCN,42,10,6,0
TCN,42,10,7,12
TCN,42,10,8,13
TCN,42,10,9,0
TCN,42,10,10,292
TCN,42,10,11,0
TCN,42,11,0,0
TCN,42,11,1,0
TCN,42,11,2,0
TCN,42,11,3,30
TCN,42,11,4,14
TCN,42,11,5,1
TCN,42,11,6,13
TCN,42,11,7,0
TCN,42,11,8,21
TCN,42,11,9,4
TCN,42,11,10,0
TCN,42,11,11,237
Transformer,42,0,0,303
Transformer,42,0,1,0
Transformer,42,0,2,3
Transformer,42,0,3,3
Transformer,42,0,4,1
Transformer,42,0,5,0
Transformer,42,0,6,3
Transformer,42,0,7,1
Transformer,42,0,8,5
Transformer,42,0,9,0
Transformer,42,0,10,0
Transformer,42,0,11,1
Transformer,42,1,0,4
Transformer,42,1,1,224
Transformer,42,1,2,0
Transformer,42,1,3,4
Transformer,42,1,4,31
Transformer,42,1,5,33
Transformer,42,1,6,4
Transformer,42,1,7,5
Transformer,42,1,8,1
Transformer,42,1,9,10
Transformer,42,1,10,4
Transformer,42,1,11,0
Transformer,42,2,0,16
Transformer,42,2,1,0
Transformer,42,2,2,301
Transformer,42,2,3,0
Transformer,42,2,4,0
Transformer,42,2,5,1
Transformer,42,2,6,0
Transformer,42,2,7,0
Transformer,42,2,8,1
Transformer,42,2,9,0
Transformer,42,2,10,0
Transformer,42,2,11,1
Transformer,42,3,0,4
Transformer,42,3,1,2
Transformer,42,3,2,0
Transformer,42,3,3,224
Transformer,42,3,4,5
Transformer,42,3,5,0
Transformer,42,3,6,74
Transformer,42,3,7,1
Transformer,42,3,8,1
Transformer,42,3,9,1
Transformer,42,3,10,0
Transformer,42,3,11,8
Transformer,42,4,0,27
Transformer,42,4,1,15
Transformer,42,4,2,0
Transformer,42,4,3,11
Transformer,42,4,4,232
Transformer,42,4,5,3
Transformer,42,4,6,9
Transformer,42,4,7,2
Transformer,42,4,8,3
Transformer,42,4,9,12
Transformer,42,4,10,4
Transformer,42,4,11,2
Transformer,42,5,0,6
Transformer,42,5,1,38
Transformer,42,5,2,0
Transformer,42,5,3,2
Transformer,42,5,4,6
Transformer,42,5,5,248
Transformer,42,5,6,3
Transformer,42,5,7,3
Transformer,42,5,8,1
Transformer,42,5,9,5
Transformer,42,5,10,8
Transformer,42,5,11,0
Transformer,42,6,0,7
Transformer,42,6,1,5
Transformer,42,6,2,1
Transformer,42,6,3,118
Transformer,42,6,4,5
Transformer,42,6,5,1
Transformer,42,6,6,164
Transformer,42,6,7,4
Transformer,42,6,8,2
Transformer,42,6,9,3
Transformer,42,6,10,0
Transformer,42,6,11,10
Transformer,42,7,0,2
Transformer,42,7,1,0
Transformer,42,7,2,33
Transformer,42,7,3,6
Transformer,42,7,4,1
Transformer,42,7,5,3
Transformer,42,7,6,3
Transformer,42,7,7,121
Transformer,42,7,8,21
Transformer,42,7,9,5
Transformer,42,7,10,87
Transformer,42,7,11,38
Transformer,42,8,0,16
Transformer,42,8,1,0
Transformer,42,8,2,8
Transformer,42,8,3,0
Transformer,42,8,4,0
Transformer,42,8,5,0
Transformer,42,8,6,0
Transformer,42,8,7,2
Transformer,42,8,8,284
Transformer,42,8,9,1
Transformer,42,8,10,8
Transformer,42,8,11,1
Transformer,42,9,0,10
Transformer,42,9,1,1
Transformer,42,9,2,1
Transformer,42,9,3,18
Transformer,42,9,4,25
Transformer,42,9,5,1
Transformer,42,9,6,1
Transformer,42,9,7,2
Transformer,42,9,8,11
Transformer,42,9,9,234
Transformer,42,9,10,4
Transformer,42,9,11,12
Transformer,42,10,0,8
Transformer,42,10,1,5
Transformer,42,10,2,6
Transformer,42,10,3,1
Transformer,42,10,4,5
Transformer,42,10,5,11
Transformer,42,10,6,1
Transformer,42,10,7,67
Transformer,42,10,8,35
Transformer,42,10,9,2
Transformer,42,10,10,178
Transformer,42,10,11,1
Transformer,42,11,0,1
Transformer,42,11,1,1
Transformer,42,11,2,1
Transformer,42,11,3,10
Transformer,42,11,4,4
Transformer,42,11,5,0
Transformer,42,11,6,9
Transformer,42,11,7,1
Transformer,42,11,8,14
Transformer,42,11,9,7
Transformer,42,11,10,0
Transformer,42,11,11,272
LeNet,43,0,0,289
LeNet,43,0,1,0
LeNet,43,0,2,16
LeNet,43,0,3,3
LeNet,43,0,4,3
LeNet,43,0,5,2
LeNet,43,0,6,3
LeNet,43,0,7,0
LeNet,43,0,8,4
LeNet,43,0,9,0
LeNet,43,0,10,0
LeNet,43,0,11,0
LeNet,43,1,0,2
LeNet,43,1,1,296
LeNet,43,1,2,0
LeNet,43,1,3,0
LeNet,43,1,4,4
LeNet,43,1,5,18
LeNet,43,1,6,0
LeNet,43,1,7,0
LeNet,43,1,8,0
LeNet,43,1,9,0
LeNet,43,1,10,0
LeNet,43,1,11,0
LeNet,43,2,0,3
LeNet,43,2,1,1
LeNet,43,2,2,312
LeNet,43,2,3,0
LeNet,43,2,4,1
LeNet,43,2,5,1
LeNet,43,2,6,1
LeNet,43,2,7,0
LeNet,43,2,8,1
LeNet,43,2,9,0
LeNet,43,2,10,0
LeNet,43,2,11,0
LeNet,43,3,0,6
LeNet,43,3,1,1
LeNet,43,3,2,4
LeNet,43,3,3,271
LeNet,43,3,4,3
LeNet,43,3,5,0
LeNet,43,3,6,35
LeNet,43,3,7,0
LeNet,43,3,8,0
LeNet,43,3,9,0
LeNet,43,3,10,0
LeNet,43,3,11,0
LeNet,43,4,0,2
LeNet,43,4,1,6
LeNet,43,4,2,0
LeNet,43,4,3,0
LeNet,43,4,4,312
LeNet,43,4,5,0
LeNet,43,4,6,0
LeNet,43,4,7,0
LeNet,43,4,8,0
LeNet,43,4,9,0
LeNet,43,4,10,0
LeNet,43,4,11,0
LeNet,43,5,0,3
LeNet,43,5,1,0
LeNet,43,5,2,0
LeNet,43,5,3,0
LeNet,43,5,4,0
LeNet,43,5,5,315
LeNet,43,5,6,1
LeNet,43,5,7,0
LeNet,43,5,8,0
LeNet,43,5,9,1
LeNet,43,5,10,0
LeNet,43,5,11,0
LeNet,43,6,0,7
LeNet,43,6,1,1
LeNet,43,6,2,0
LeNet,43,6,3,104
LeNet,43,6,4,0
LeNet,43,6,5,0
LeNet,43,6,6,208
LeNet,43,6,7,0
LeNet,43,6,8,0
LeNet,43,6,9,0
LeNet,43,6,10,0
LeNet,43,6,11,0
LeNet,43,7,0,0
LeNet,43,7,1,0
LeNet,43,7,2,14
LeNet,43,7,3,0
LeNet,43,7,4,0
LeNet,43,7,5,9
LeNet,43,7,6,0
LeNet,43,7,7,258
LeNet,43,7,8,0
LeNet,43,7,9,0
LeNet,43,7,10,39
LeNet,43,7,11,0
LeNet,43,8,0,1
LeNet,43,8,1,0
LeNet,43,8,2,0
LeNet,43,8,3,0
LeNet,43,8,4,0
LeNet,43,8,5,3
LeNet,43,8,6,1
LeNet,43,8,7,4
LeNet,43,8,8,252
LeNet,43,8,9,34
LeNet,43,8,10,8
LeNet,43,8,11,17
LeNet,43,9,0,0
LeNet,43,9,1,15
LeNet,43,9,2,0
LeNet,43,9,3,1
LeNet,43,9,4,0
LeNet,43,9,5,6
LeNet,43,9,6,0
LeNet,43,9,7,3
LeNet,43,9,8,10
LeNet,43,9,9,278
LeNet,43,9,10,7
LeNet,43,9,11,0
LeNet,43,10,0,0
LeNet,43,10,1,0
LeNet,43,10,2,0
LeNet,43,10,3,1
LeNet,43,10,4,0
LeNet,43,10,5,4
LeNet,43,10,6,0
LeNet,43,10,7,28
LeNet,43,10,8,4
LeNet,43,10,9,1
LeNet,43,10,10,281
LeNet,43,10,11,1
LeNet,43,11,0,0
LeNet,43,11,1,0
LeNet,43,11,2,0
LeNet,43,11,3,3
LeNet,43,11,4,0
LeNet,43,11,5,1
LeNet,43,11,6,12
LeNet,43,11,7,0
LeNet,43,11,8,8
LeNet,43,11,9,19
LeNet,43,11,10,1
LeNet,43,11,11,276
ResNet18,43,0,0,312
ResNet18,43,0,1,0
ResNet18,43,0,2,4
ResNet18,43,0,3,0
ResNet18,43,0,4,3
ResNet18,43,0,5,0
ResNet18,43,0,6,0
ResNet18,43,0,7,0
ResNet18,43,0,8,1
ResNet18,43,0,9,0
ResNet18,43,0,10,0
ResNet18,43,0,11,0
ResNet18,43,1,0,0
ResNet18,43,1,1,308
ResNet18,43,1,2,0
ResNet18,43,1,3,0
ResNet18,43,1,4,1
ResNet18,43,1,5,11
ResNet18,43,1,6,0
ResNet18,43,1,7,0
ResNet18,43,1,8,0
ResNet18,43,1,9,0
ResNet18,43,1,10,0
ResNet18,43,1,11,0
ResNet18,43,2,0,2
ResNet18,43,2,1,0
ResNet18,43,2,2,316
ResNet18,43,2,3,1
ResNet18,43,2,4,0
ResNet18,43,2,5,0
ResNet18,43,2,6,1
ResNet18,43,2,7,0
ResNet18,43,2,8,0
ResNet18,43,2,9,0
ResNet18,43,2,10,0
ResNet18,43,2,11,0
ResNet18,43,3,0,20
ResNet18,43,3,1,0
ResNet18,43,3,2,0
ResNet18,43,3,3,258
ResNet18,43,3,4,8
ResNet18,43,3,5,0
ResNet18,43,3,6,34
ResNet18,43,3,7,0
ResNet18,43,3,8,0
ResNet18,43,3,9,0
ResNet18,43,3,10,0
ResNet18,43,3,11,0
ResNet18,43,4,0,2
ResNet18,43,4,1,0
ResNet18,43,4,2,0
ResNet18,43,4,3,0
ResNet18,43,4,4,318
ResNet18,43,4,5,0
ResNet18,43,4,6,0
ResNet18,43,4,7,0
ResNet18,43,4,8,0
ResNet18,43,4,9,0
ResNet18,43,4,10,0
ResNet18,43,4,11,0
ResNet18,43,5,0,0
ResNet18,43,5,1,2
ResNet18,43,5,2,0
ResNet18,43,5,3,1
ResNet18,43,5,4,0
ResNet18,43,5,5,317
ResNet18,43,5,6,0
ResNet18,43,5,7,0
ResNet18,43,5,8,0
ResNet18,43,5,9,0
ResNet18,43,5,10,0
ResNet18,43,5,11,0
ResNet18,43,6,0,4
ResNet18,43,6,1,0
ResNet18,43,6,2,0
ResNet18,43,6,3,95
ResNet18,43,6,4,1
ResNet18,43,6,5,0
ResNet18,43,6,6,220
ResNet18,43,6,7,0
ResNet18,43,6,8,0
ResNet18,43,6,9,0
ResNet18,43,6,10,0
ResNet18,43,6,11,0
ResNet18,43,7,0,7
ResNet18,43,7,1,1
ResNet18,43,7,2,26
ResNet18,43,7,3,0
ResNet18,43,7,4,0
ResNet18,43,7,5,7
ResNet18,43,7,6,0
ResNet18,43,7,7,265
ResNet18,43,7,8,0
ResNet18,43,7,9,0
ResNet18,43,7,10,14
ResNet18,43,7,11,0
ResNet18,43,8,0,0
ResNet18,43,8,1,0
ResNet18,43,8,2,3
ResNet18,43,8,3,0
ResNet18,43,8,4,0
ResNet18,43,8,5,2
ResNet18,43,8,6,1
ResNet18,43,8,7,2
ResNet18,43,8,8,303
ResNet18,43,8,9,2
ResNet18,43,8,10,5
ResNet18,43,8,11,2
ResNet18,43,9,0,0
ResNet18,43,9,1,0
ResNet18,43,9,2,0
ResNet18,43,9,3,0
ResNet18,43,9,4,1
ResNet18,43,9,5,3
ResNet18,43,9,6,0
ResNet18,43,9,7,4
ResNet18,43,9,8,3
ResNet18,43,9,9,299
ResNet18,43,9,10,10
ResNet18,43,9,11,0
ResNet18,43,10,0,0
ResNet18,43,10,1,0
ResNet18,43,10,2,7
ResNet18,43,10,3,0
ResNet18,43,10,4,0
ResNet18,43,10,5,0
ResNet18,43,10,6,0
ResNet18,43,10,7,28
ResNet18,43,10,8,18
ResNet18,43,10,9,2
ResNet18,43,10,10,265
ResNet18,43,10,11,0
ResNet18,43,11,0,0
ResNet18,43,11,1,0
ResNet18,43,11,2,0
ResNet18,43,11,3,4
ResNet18,43,11,4,0
ResNet18,43,11,5,0
ResNet18,43,11,6,20
ResNet18,43,11,7,1
ResNet18,43,11,8,3
ResNet18,43,11,9,3
ResNet18,43,11,10,3
ResNet18,43,11,11,286
MobileNet_V2,43,0,0,314
MobileNet_V2,43,0,1,0
MobileNet_V2,43,0,2,0
MobileNet_V2,43,0,3,0
MobileNet_V2,43,0,4,3
MobileNet_V2,43,0,5,0
MobileNet_V2,43,0,6,2
MobileNet_V2,43,0,7,1
MobileNet_V2,43,0,8,0
MobileNet_V2,43,0,9,0
MobileNet_V2,43,0,10,0
MobileNet_V2,43,0,11,0
MobileNet_V2,43,1,0,0
MobileNet_V2,43,1,1,314
MobileNet_V2,43,1,2,0
MobileNet_V2,43,1,3,0
MobileNet_V2,43,1,4,0
MobileNet_V2,43,1,5,6
MobileNet_V2,43,1,6,0
MobileNet_V2,43,1,7,0
MobileNet_V2,43,1,8,0
MobileNet_V2,43,1,9,0
MobileNet_V2,43,1,10,0
MobileNet_V2,43,1,11,0
MobileNet_V2,43,2,0,0
MobileNet_V2,43,2,1,0
MobileNet_V2,43,2,2,317
MobileNet_V2,43,2,3,1
MobileNet_V2,43,2,4,0
MobileNet_V2,43,2,5,1
MobileNet_V2,43,2,6,0
MobileNet_V2,43,2,7,1
MobileNet_V2,43,2,8,0
MobileNet_V2,43,2,9,0
MobileNet_V2,43,2,10,0
MobileNet_V2,43,2,11,0
MobileNet_V2,43,3,0,9
MobileNet_V2,43,3,1,0
MobileNet_V2,43,3,2,0
MobileNet_V2,43,3,3,261
MobileNet_V2,43,3,4,1
MobileNet_V2,43,3,5,0
MobileNet_V2,43,3,6,49
MobileNet_V2,43,3,7,0
MobileNet_V2,43,3,8,0
MobileNet_V2,43,3,9,0
MobileNet_V2,43,3,10,0
MobileNet_V2,43,3,11,0
MobileNet_V2,43,4,0,1
MobileNet_V2,43,4,1,0
MobileNet_V2,43,4,2,0
MobileNet_V2,43,4,3,0
MobileNet_V2,43,4,4,318
MobileNet_V2,43,4,5,0
MobileNet_V2,43,4,6,1
MobileNet_V2,43,4,7,0
MobileNet_V2,43,4,8,0
MobileNet_V2,43,4,9,0
MobileNet_V2,43,4,10,0
MobileNet_V2,43,4,11,0
MobileNet_V2,43,5,0,0
MobileNet_V2,43,5,1,2
MobileNet_V2,43,5,2,0
MobileNet_V2,43,5,3,0
MobileNet_V2,43,5,4,0
MobileNet_V2,43,5,5,316
MobileNet_V2,43,5,6,0
MobileNet_V2,43,5,7,0
MobileNet_V2,43,5,8,0
MobileNet_V2,43,5,9,0
MobileNet_V2,43,5,10,2
MobileNet_V2,43,5,11,0
MobileNet_V2,43,6,0,3
MobileNet_V2,43,6,1,0
MobileNet_V2,43,6,2,0
MobileNet_V2,43,6,3,96
MobileNet_V2,43,6,4,0
MobileNet_V2,43,6,5,0
MobileNet_V2,43,6,6,221
MobileNet_V2,43,6,7,0
MobileNet_V2,43,6,8,0
MobileNet_V2,43,6,9,0
MobileNet_V2,43,6,10,0
MobileNet_V2,43,6,11,0
MobileNet_V2,43,7,0,0
MobileNet_V2,43,7,1,0
MobileNet_V2,43,7,2,1
MobileNet_V2,43,7,3,0
MobileNet_V2,43,7,4,0
MobileNet_V2,43,7,5,0
MobileNet_V2,43,7,6,0
MobileNet_V2,43,7,7,292
MobileNet_V2,43,7,8,4
MobileNet_V2,43,7,9,0
MobileNet_V2,43,7,10,23
MobileNet_V2,43,7,11,0
MobileNet_V2,43,8,0,1
MobileNet_V2,43,8,1,0
MobileNet_V2,43,8,2,2
MobileNet_V2,43,8,3,0
MobileNet_V2,43,8,4,0
MobileNet_V2,43,8,5,1
MobileNet_V2,43,8,6,0
MobileNet_V2,43,8,7,7
MobileNet_V2,43,8,8,284
MobileNet_V2,43,8,9,0
MobileNet_V2,43,8,10,4
MobileNet_V2,43,8,11,21
MobileNet_V2,43,9,0,0
MobileNet_V2,43,9,1,0
MobileNet_V2,43,9,2,0
MobileNet_V2,43,9,3,0
MobileNet_V2,43,9,4,0
MobileNet_V2,43,9,5,0
MobileNet_V2,43,9,6,0
MobileNet_V2,43,9,7,10
MobileNet_V2,43,9,8,3
MobileNet_V2,43,9,9,303
MobileNet_V2,43,9,10,3
MobileNet_V2,43,9,11,1
MobileNet_V2,43,10,0,0
MobileNet_V2,43,10,1,1
MobileNet_V2,43,10,2,0
MobileNet_V2,43,10,3,0
MobileNet_V2,43,10,4,0
MobileNet_V2,43,10,5,0
MobileNet_V2,43,10,6,0
MobileNet_V2,43,10,7,42
MobileNet_V2,43,10,8,0
MobileNet_V2,43,10,9,0
MobileNet_V2,43,10,10,277
MobileNet_V2,43,10,11,0
MobileNet_V2,43,11,0,0
MobileNet_V2,43,11,1,0
MobileNet_V2,43,11,2,0
MobileNet_V2,43,11,3,4
MobileNet_V2,43,11,4,0
MobileNet_V2,43,11,5,0
MobileNet_V2,43,11,6,7
MobileNet_V2,43,11,7,2
MobileNet_V2,43,11,8,0
MobileNet_V2,43,11,9,5
MobileNet_V2,43,11,10,0
MobileNet_V2,43,11,11,302
EfficientNet_B0,43,0,0,314
EfficientNet_B0,43,0,1,0
EfficientNet_B0,43,0,2,0
EfficientNet_B0,43,0,3,0
EfficientNet_B0,43,0,4,1
EfficientNet_B0,43,0,5,1
EfficientNet_B0,43,0,6,3
EfficientNet_B0,43,0,7,0
EfficientNet_B0,43,0,8,0
EfficientNet_B0,43,0,9,0
EfficientNet_B0,43,0,10,1
EfficientNet_B0,43,0,11,0
EfficientNet_B0,43,1,0,0
EfficientNet_B0,43,1,1,314
EfficientNet_B0,43,1,2,0
EfficientNet_B0,43,1,3,0
EfficientNet_B0,43,1,4,0
EfficientNet_B0,43,1,5,6
EfficientNet_B0,43,1,6,0
EfficientNet_B0,43,1,7,0
EfficientNet_B0,43,1,8,0
EfficientNet_B0,43,1,9,0
EfficientNet_B0,43,1,10,0
EfficientNet_B0,43,1,11,0
EfficientNet_B0,43,2,0,0
EfficientNet_B0,43,2,1,0
EfficientNet_B0,43,2,2,317
EfficientNet_B0,43,2,3,0
EfficientNet_B0,43,2,4,0
EfficientNet_B0,43,2,5,0
EfficientNet_B0,43,2,6,1
EfficientNet_B0,43,2,7,0
EfficientNet_B0,43,2,8,0
EfficientNet_B0,43,2,9,0
EfficientNet_B0,43,2,10,1
EfficientNet_B0,43,2,11,1
EfficientNet_B0,43,3,0,17
EfficientNet_B0,43,3,1,0
EfficientNet_B0,43,3,2,1
EfficientNet_B0,43,3,3,246
EfficientNet_B0,43,3,4,4
EfficientNet_B0,43,3,5,0
EfficientNet_B0,43,3,6,51
EfficientNet_B0,43,3,7,0
EfficientNet_B0,43,3,8,0
EfficientNet_B0,43,3,9,0
EfficientNet_B0,43,3,10,0
EfficientNet_B0,43,3,11,1
EfficientNet_B0,43,4,0,1
EfficientNet_B0,43,4,1,0
EfficientNet_B0,43,4,2,0
EfficientNet_B0,43,4,3,0
EfficientNet_B0,43,4,4,319
EfficientNet_B0,43,4,5,0
EfficientNet_B0,43,4,6,0
EfficientNet_B0,43,4,7,0
EfficientNet_B0,43,4,8,0
EfficientNet_B0,43,4,9,0
EfficientNet_B0,43,4,10,0
EfficientNet_B0,43,4,11,0
EfficientNet_B0,43,5,0,1
EfficientNet_B0,43,5,1,0
EfficientNet_B0,43,5,2,0
EfficientNet_B0,43,5,3,0
EfficientNet_B0,43,5,4,0
EfficientNet_B0,43,5,5,316
EfficientNet_B0,43,5,6,0
EfficientNet_B0,43,5,7,0
EfficientNet_B0,43,5,8,0
EfficientNet_B0,43,5,9,1
EfficientNet_B0,43,5,10,2
EfficientNet_B0,43,5,11,0
EfficientNet_B0,43,6,0,3
EfficientNet_B0,43,6,1,0
EfficientNet_B0,43,6,2,0
EfficientNet_B0,43,6,3,113
EfficientNet_B0,43,6,4,0
EfficientNet_B0,43,6,5,0
EfficientNet_B0,43,6,6,204
EfficientNet_B0,43,6,7,0
EfficientNet_B0,43,6,8,0
EfficientNet_B0,43,6,9,0
EfficientNet_B0,43,6,10,0
EfficientNet_B0,43,6,11,0
EfficientNet_B0,43,7,0,1
EfficientNet_B0,43,7,1,0
EfficientNet_B0,43,7,2,4
EfficientNet_B0,43,7,3,0
EfficientNet_B0,43,7,4,0
EfficientNet_B0,43,7,5,2
EfficientNet_B0,43,7,6,0
EfficientNet_B0,43,7,7,300
EfficientNet_B0,43,7,8,2
EfficientNet_B0,43,7,9,0
EfficientNet_B0,43,7,10,7
EfficientNet_B0,43,7,11,4
EfficientNet_B0,43,8,0,0
EfficientNet_B0,43,8,1,0
EfficientNet_B0,43,8,2,0
EfficientNet_B0,43,8,3,0
EfficientNet_B0,43,8,4,0
EfficientNet_B0,43,8,5,0
EfficientNet_B0,43,8,6,0
EfficientNet_B0,43,8,7,4
EfficientNet_B0,43,8,8,291
EfficientNet_B0,43,8,9,3
EfficientNet_B0,43,8,10,18
EfficientNet_B0,43,8,11,4
EfficientNet_B0,43,9,0,0
EfficientNet_B0,43,9,1,0
EfficientNet_B0,43,9,2,0
EfficientNet_B0,43,9,3,0
EfficientNet_B0,43,9,4,0
EfficientNet_B0,43,9,5,0
EfficientNet_B0,43,9,6,0
EfficientNet_B0,43,9,7,8
EfficientNet_B0,43,9,8,0
EfficientNet_B0,43,9,9,307
EfficientNet_B0,43,9,10,4
EfficientNet_B0,43,9,11,1
EfficientNet_B0,43,10,0,0
EfficientNet_B0,43,10,1,0
EfficientNet_B0,43,10,2,0
EfficientNet_B0,43,10,3,0
EfficientNet_B0,43,10,4,0
EfficientNet_B0,43,10,5,0
EfficientNet_B0,43,10,6,0
EfficientNet_B0,43,10,7,37
EfficientNet_B0,43,10,8,12
EfficientNet_B0,43,10,9,3
EfficientNet_B0,43,10,10,268
EfficientNet_B0,43,10,11,0
EfficientNet_B0,43,11,0,0
EfficientNet_B0,43,11,1,0
EfficientNet_B0,43,11,2,0
EfficientNet_B0,43,11,3,0
EfficientNet_B0,43,11,4,0
EfficientNet_B0,43,11,5,0
EfficientNet_B0,43,11,6,14
EfficientNet_B0,43,11,7,0
EfficientNet_B0,43,11,8,3
EfficientNet_B0,43,11,9,7
EfficientNet_B0,43,11,10,0
EfficientNet_B0,43,11,11,296
LSTM,43,0,0,278
LSTM,43,0,1,0
LSTM,43,0,2,22
LSTM,43,0,3,1
LSTM,43,0,4,0
LSTM,43,0,5,7
LSTM,43,0,6,9
LSTM,43,0,7,0
LSTM,43,0,8,0
LSTM,43,0,9,2
LSTM,43,0,10,0
LSTM,43,0,11,1
LSTM,43,1,0,0
LSTM,43,1,1,253
LSTM,43,1,2,0
LSTM,43,1,3,0
LSTM,43,1,4,8
LSTM,43,1,5,55
LSTM,43,1,6,0
LSTM,43,1,7,2
LSTM,43,1,8,0
LSTM,43,1,9,1
LSTM,43,1,10,1
LSTM,43,1,11,0
LSTM,43,2,0,13
LSTM,43,2,1,1
LSTM,43,2,2,303
LSTM,43,2,3,0
LSTM,43,2,4,0
LSTM,43,2,5,0
LSTM,43,2,6,1
LSTM,43,2,7,1
LSTM,43,2,8,1
LSTM,43,2,9,0
LSTM,43,2,10,0
LSTM,43,2,11,0
LSTM,43,3,0,3
LSTM,43,3,1,2
LSTM,43,3,2,3
LSTM,43,3,3,211
LSTM,43,3,4,9
LSTM,43,3,5,0
LSTM,43,3,6,84
LSTM,43,3,7,0
LSTM,43,3,8,0
LSTM,43,3,9,6
LSTM,43,3,10,0
LSTM,43,3,11,2
LSTM,43,4,0,9
LSTM,43,4,1,15
LSTM,43,4,2,0
LSTM,43,4,3,0
LSTM,43,4,4,285
LSTM,43,4,5,7
LSTM,43,4,6,0
LSTM,43,4,7,0
LSTM,43,4,8,0
LSTM,43,4,9,4
LSTM,43,4,10,0
LSTM,43,4,11,0
LSTM,43,5,0,0
LSTM,43,5,1,7
LSTM,43,5,2,0
LSTM,43,5,3,0
LSTM,43,5,4,0
LSTM,43,5,5,306
LSTM,43,5,6,0
LSTM,43,5,7,0
LSTM,43,5,8,0
LSTM,43,5,9,0
LSTM,43,5,10,7
LSTM,43,5,11,0
LSTM,43,6,0,1
LSTM,43,6,1,1
LSTM,43,6,2,1
LSTM,43,6,3,81
LSTM,43,6,4,5
LSTM,43,6,5,0
LSTM,43,6,6,229
LSTM,43,6,7,0
LSTM,43,6,8,0
LSTM,43,6,9,0
LSTM,43,6,10,0
LSTM,43,6,11,2
LSTM,43,7,0,9
LSTM,43,7,1,0
LSTM,43,7,2,23
LSTM,43,7,3,1
LSTM,43,7,4,0
LSTM,43,7,5,12
LSTM,43,7,6,0
LSTM,43,7,7,255
LSTM,43,7,8,7
LSTM,43,7,9,2
LSTM,43,7,10,11
LSTM,43,7,11,0
LSTM,43,8,0,6
LSTM,43,8,1,0
LSTM,43,8,2,8
LSTM,43,8,3,0
LSTM,43,8,4,0
LSTM,43,8,5,0
LSTM,43,8,6,0
LSTM,43,8,7,7
LSTM,43,8,8,293
LSTM,43,8,9,2
LSTM,43,8,10,3
LSTM,43,8,11,1
LSTM,43,9,0,0
LSTM,43,9,1,11
LSTM,43,9,2,0
LSTM,43,9,3,0
LSTM,43,9,4,5
LSTM,43,9,5,2
LSTM,43,9,6,0
LSTM,43,9,7,1
LSTM,43,9,8,4
LSTM,43,9,9,278
LSTM,43,9,10,10
LSTM,43,9,11,9
LSTM,43,10,0,0
LSTM,43,10,1,2
LSTM,43,10,2,0
LSTM,43,10,3,0
LSTM,43,10,4,0
LSTM,43,10,5,4
LSTM,43,10,6,0
LSTM,43,10,7,19
LSTM,43,10,8,1
LSTM,43,10,9,0
LSTM,43,10,10,294
LSTM,43,10,11,0
LSTM,43,11,0,0
LSTM,43,11,1,0
LSTM,43,11,2,5
LSTM,43,11,3,8
LSTM,43,11,4,3
LSTM,43,11,5,0
LSTM,43,11,6,34
LSTM,43,11,7,0
LSTM,43,11,8,2
LSTM,43,11,9,5
LSTM,43,11,10,0
LSTM,43,11,11,263
GRU,43,0,0,278
GRU,43,0,1,0
GRU,43,0,2,18
GRU,43,0,3,0
GRU,43,0,4,2
GRU,43,0,5,5
GRU,43,0,6,10
GRU,43,0,7,0
GRU,43,0,8,4
GRU,43,0,9,0
GRU,43,0,10,1
GRU,43,0,11,2
GRU,43,1,0,0
GRU,43,1,1,263
GRU,43,1,2,0
GRU,43,1,3,0
GRU,43,1,4,5
GRU,43,1,5,48
GRU,43,1,6,0
GRU,43,1,7,1
GRU,43,1,8,0
GRU,43,1,9,0
GRU,43,1,10,1
GRU,43,1,11,2
GRU,43,2,0,14
GRU,43,2,1,0
GRU,43,2,2,302
GRU,43,2,3,0
GRU,43,2,4,0
GRU,43,2,5,1
GRU,43,2,6,0
GRU,43,2,7,1
GRU,43,2,8,2
GRU,43,2,9,0
GRU,43,2,10,0
GRU,43,2,11,0
GRU,43,3,0,6
GRU,43,3,1,1
GRU,43,3,2,1
GRU,43,3,3,232
GRU,43,3,4,8
GRU,43,3,5,0
GRU,43,3,6,54
GRU,43,3,7,0
GRU,43,3,8,0
GRU,43,3,9,9
GRU,43,3,10,0
GRU,43,3,11,9
GRU,43,4,0,4
GRU,43,4,1,16
GRU,43,4,2,0
GRU,43,4,3,0
GRU,43,4,4,288
GRU,43,4,5,8
GRU,43,4,6,0
GRU,43,4,7,0
GRU,43,4,8,0
GRU,43,4,9,4
GRU,43,4,10,0
GRU,43,4,11,0
GRU,43,5,0,1
GRU,43,5,1,7
GRU,43,5,2,0
GRU,43,5,3,0
GRU,43,5,4,0
GRU,43,5,5,303
GRU,43,5,6,0
GRU,43,5,7,1
GRU,43,5,8,0
GRU,43,5,9,0
GRU,43,5,10,8
GRU,43,5,11,0
GRU,43,6,0,4
GRU,43,6,1,0
GRU,43,6,2,0
GRU,43,6,3,104
GRU,43,6,4,11
GRU,43,6,5,0
GRU,43,6,6,198
GRU,43,6,7,0
GRU,43,6,8,0
GRU,43,6,9,0
GRU,43,6,10,0
GRU,43,6,11,3
GRU,43,7,0,10
GRU,43,7,1,1
GRU,43,7,2,11
GRU,43,7,3,0
GRU,43,7,4,4
GRU,43,7,5,7
GRU,43,7,6,2
GRU,43,7,7,251
GRU,43,7,8,20
GRU,43,7,9,1
GRU,43,7,10,9
GRU,43,7,11,4
GRU,43,8,0,15
GRU,43,8,1,0
GRU,43,8,2,12
GRU,43,8,3,0
GRU,43,8,4,0
GRU,43,8,5,1
GRU,43,8,6,0
GRU,43,8,7,6
GRU,43,8,8,279
GRU,43,8,9,1
GRU,43,8,10,6
GRU,43,8,11,0
GRU,43,9,0,3
GRU,43,9,1,5
GRU,43,9,2,0
GRU,43,9,3,1
GRU,43,9,4,5
GRU,43,9,5,4
GRU,43,9,6,1
GRU,43,9,7,0
GRU,43,9,8,5
GRU,43,9,9,287
GRU,43,9,10,5
GRU,43,9,11,4
GRU,43,10,0,2
GRU,43,10,1,2
GRU,43,10,2,1
GRU,43,10,3,0
GRU,43,10,4,0
GRU,43,10,5,6
GRU,43,10,6,0
GRU,43,10,7,12
GRU,43,10,8,2
GRU,43,10,9,2
GRU,43,10,10,293
GRU,43,10,11,0
GRU,43,11,0,3
GRU,43,11,1,0
GRU,43,11,2,0
GRU,43,11,3,9
GRU,43,11,4,3
GRU,43,11,5,1
GRU,43,11,6,37
GRU,43,11,7,0
GRU,43,11,8,1
GRU,43,11,9,7
GRU,43,11,10,0
GRU,43,11,11,259
CNN_LSTM,43,0,0,312
CNN_LSTM,43,0,1,0
CNN_LSTM,43,0,2,1
CNN_LSTM,43,0,3,0
CNN_LSTM,43,0,4,2
CNN_LSTM,43,0,5,0
CNN_LSTM,43,0,6,0
CNN_LSTM,43,0,7,0
CNN_LSTM,43,0,8,4
CNN_LSTM,43,0,9,0
CNN_LSTM,43,0,10,0
CNN_LSTM,43,0,11,1
CNN_LSTM,43,1,0,0
CNN_LSTM,43,1,1,307
CNN_LSTM,43,1,2,0
CNN_LSTM,43,1,3,0
CNN_LSTM,43,1,4,1
CNN_LSTM,43,1,5,12
CNN_LSTM,43,1,6,0
CNN_LSTM,43,1,7,0
CNN_LSTM,43,1,8,0
CNN_LSTM,43,1,9,0
CNN_LSTM,43,1,10,0
CNN_LSTM,43,1,11,0
CNN_LSTM,43,2,0,3
CNN_LSTM,43,2,1,0
CNN_LSTM,43,2,2,313
CNN_LSTM,43,2,3,0
CNN_LSTM,43,2,4,0
CNN_LSTM,43,2,5,1
CNN_LSTM,43,2,6,1
CNN_LSTM,43,2,7,0
CNN_LSTM,43,2,8,2
CNN_LSTM,43,2,9,0
CNN_LSTM,43,2,10,0
CNN_LSTM,43,2,11,0
CNN_LSTM,43,3,0,12
CNN_LSTM,43,3,1,0
CNN_LSTM,43,3,2,0
CNN_LSTM,43,3,3,249
CNN_LSTM,43,3,4,4
CNN_LSTM,43,3,5,0
CNN_LSTM,43,3,6,48
CNN_LSTM,43,3,7,0
CNN_LSTM,43,3,8,0
CNN_LSTM,43,3,9,0
CNN_LSTM,43,3,10,0
CNN_LSTM,43,3,11,7
CNN_LSTM,43,4,0,1
CNN_LSTM,43,4,1,1
CNN_LSTM,43,4,2,0
CNN_LSTM,43,4,3,0
CNN_LSTM,43,4,4,318
CNN_LSTM,43,4,5,0
CNN_LSTM,43,4,6,0
CNN_LSTM,43,4,7,0
CNN_LSTM,43,4,8,0
CNN_LSTM,43,4,9,0
CNN_LSTM,43,4,10,0
CNN_LSTM,43,4,11,0
CNN_LSTM,43,5,0,0
CNN_LSTM,43,5,1,0
CNN_LSTM,43,5,2,0
CNN_LSTM,43,5,3,0
CNN_LSTM,43,5,4,1
CNN_LSTM,43,5,5,317
CNN_LSTM,43,5,6,0
CNN_LSTM,43,5,7,0
CNN_LSTM,43,5,8,0
CNN_LSTM,43,5,9,0
CNN_LSTM,43,5,10,0
CNN_LSTM,43,5,11,2
CNN_LSTM,43,6,0,0
CNN_LSTM,43,6,1,0
CNN_LSTM,43,6,2,0
CNN_LSTM,43,6,3,90
CNN_LSTM,43,6,4,3
CNN_LSTM,43,6,5,0
CNN_LSTM,43,6,6,227
CNN_LSTM,43,6,7,0
CNN_LSTM,43,6,8,0
CNN_LSTM,43,6,9,0
CNN_LSTM,43,6,10,0
CNN_LSTM,43,6,11,0
CNN_LSTM,43,7,0,4
CNN_LSTM,43,7,1,0
CNN_LSTM,43,7,2,0
CNN_LSTM,43,7,3,0
CNN_LSTM,43,7,4,0
CNN_LSTM,43,7,5,2
CNN_LSTM,43,7,6,0
CNN_LSTM,43,7,7,276
CNN_LSTM,43,7,8,29
CNN_LSTM,43,7,9,0
CNN_LSTM,43,7,10,6
CNN_LSTM,43,7,11,3
CNN_LSTM,43,8,0,4
CNN_LSTM,43,8,1,0
CNN_LSTM,43,8,2,7
CNN_LSTM,43,8,3,0
CNN_LSTM,43,8,4,0
CNN_LSTM,43,8,5,1
CNN_LSTM,43,8,6,0
CNN_LSTM,43,8,7,0
CNN_LSTM,43,8,8,298
CNN_LSTM,43,8,9,1
CNN_LSTM,43,8,10,9
CNN_LSTM,43,8,11,0
CNN_LSTM,43,9,0,0
CNN_LSTM,43,9,1,0
CNN_LSTM,43,9,2,0
CNN_LSTM,43,9,3,0
CNN_LSTM,43,9,4,0
CNN_LSTM,43,9,5,0
CNN_LSTM,43,9,6,0
CNN_LSTM,43,9,7,0
CNN_LSTM,43,9,8,5
CNN_LSTM,43,9,9,311
CNN_LSTM,43,9,10,1
CNN_LSTM,43,9,11,3
CNN_LSTM,43,10,0,0
CNN_LSTM,43,10,1,0
CNN_LSTM,43,10,2,0
CNN_LSTM,43,10,3,0
CNN_LSTM,43,10,4,0
CNN_LSTM,43,10,5,0
CNN_LSTM,43,10,6,0
CNN_LSTM,43,10,7,8
CNN_LSTM,43,10,8,0
CNN_LSTM,43,10,9,0
CNN_LSTM,43,10,10,312
CNN_LSTM,43,10,11,0
CNN_LSTM,43,11,0,1
CNN_LSTM,43,11,1,0
CNN_LSTM,43,11,2,0
CNN_LSTM,43,11,3,3
CNN_LSTM,43,11,4,3
CNN_LSTM,43,11,5,0
CNN_LSTM,43,11,6,21
CNN_LSTM,43,11,7,0
CNN_LSTM,43,11,8,2
CNN_LSTM,43,11,9,11
CNN_LSTM,43,11,10,0
CNN_LSTM,43,11,11,279
LeNet_LSTM,43,0,0,299
LeNet_LSTM,43,0,1,0
LeNet_LSTM,43,0,2,1
LeNet_LSTM,43,0,3,3
LeNet_LSTM,43,0,4,3
LeNet_LSTM,43,0,5,0
LeNet_LSTM,43,0,6,5
LeNet_LSTM,43,0,7,0
LeNet_LSTM,43,0,8,5
LeNet_LSTM,43,0,9,2
LeNet_LSTM,43,0,10,0
LeNet_LSTM,43,0,11,2
LeNet_LSTM,43,1,0,0
LeNet_LSTM,43,1,1,301
LeNet_LSTM,43,1,2,0
LeNet_LSTM,43,1,3,0
LeNet_LSTM,43,1,4,1
LeNet_LSTM,43,1,5,18
LeNet_LSTM,43,1,6,0
LeNet_LSTM,43,1,7,0
LeNet_LSTM,43,1,8,0
LeNet_LSTM,43,1,9,0
LeNet_LSTM,43,1,10,0
LeNet_LSTM,43,1,11,0
LeNet_LSTM,43,2,0,3
LeNet_LSTM,43,2,1,0
LeNet_LSTM,43,2,2,314
LeNet_LSTM,43,2,3,0
LeNet_LSTM,43,2,4,0
LeNet_LSTM,43,2,5,0
LeNet_LSTM,43,2,6,1
LeNet_LSTM,43,2,7,0
LeNet_LSTM,43,2,8,2
LeNet_LSTM,43,2,9,0
LeNet_LSTM,43,2,10,0
LeNet_LSTM,43,2,11,0
LeNet_LSTM,43,3,0,5
LeNet_LSTM,43,3,1,0
LeNet_LSTM,43,3,2,0
LeNet_LSTM,43,3,3,272
LeNet_LSTM,43,3,4,8
LeNet_LSTM,43,3,5,0
LeNet_LSTM,43,3,6,34
LeNet_LSTM,43,3,7,0
LeNet_LSTM,43,3,8,0
LeNet_LSTM,43,3,9,0
LeNet_LSTM,43,3,10,0
LeNet_LSTM,43,3,11,1
LeNet_LSTM,43,4,0,2
LeNet_LSTM,43,4,1,0
LeNet_LSTM,43,4,2,0
LeNet_LSTM,43,4,3,0
LeNet_LSTM,43,4,4,317
LeNet_LSTM,43,4,5,0
LeNet_LSTM,43,4,6,1
LeNet_LSTM,43,4,7,0
LeNet_LSTM,43,4,8,0
LeNet_LSTM,43,4,9,0
LeNet_LSTM,43,4,10,0
LeNet_LSTM,43,4,11,0
LeNet_LSTM,43,5,0,0
LeNet_LSTM,43,5,1,0
LeNet_LSTM,43,5,2,0
LeNet_LSTM,43,5,3,0
LeNet_LSTM,43,5,4,0
LeNet_LSTM,43,5,5,320
LeNet_LSTM,43,5,6,0
LeNet_LSTM,43,5,7,0
LeNet_LSTM,43,5,8,0
LeNet_LSTM,43,5,9,0
LeNet_LSTM,43,5,10,0
LeNet_LSTM,43,5,11,0
LeNet_LSTM,43,6,0,0
LeNet_LSTM,43,6,1,0
LeNet_LSTM,43,6,2,0
LeNet_LSTM,43,6,3,126
LeNet_LSTM,43,6,4,2
LeNet_LSTM,43,6,5,0
LeNet_LSTM,43,6,6,191
LeNet_LSTM,43,6,7,0
LeNet_LSTM,43,6,8,0
LeNet_LSTM,43,6,9,0
LeNet_LSTM,43,6,10,0
LeNet_LSTM,43,6,11,1
LeNet_LSTM,43,7,0,4
LeNet_LSTM,43,7,1,0
LeNet_LSTM,43,7,2,3
LeNet_LSTM,43,7,3,0
LeNet_LSTM,43,7,4,0
LeNet_LSTM,43,7,5,2
LeNet_LSTM,43,7,6,0
LeNet_LSTM,43,7,7,280
LeNet_LSTM,43,7,8,29
LeNet_LSTM,43,7,9,0
LeNet_LSTM,43,7,10,2
LeNet_LSTM,43,7,11,0
LeNet_LSTM,43,8,0,5
LeNet_LSTM,43,8,1,0
LeNet_LSTM,43,8,2,13
LeNet_LSTM,43,8,3,0
LeNet_LSTM,43,8,4,0
LeNet_LSTM,43,8,5,3
LeNet_LSTM,43,8,6,0
LeNet_LSTM,43,8,7,7
LeNet_LSTM,43,8,8,290
LeNet_LSTM,43,8,9,1
LeNet_LSTM,43,8,10,1
LeNet_LSTM,43,8,11,0
LeNet_LSTM,43,9,0,0
LeNet_LSTM,43,9,1,0
LeNet_LSTM,43,9,2,0
LeNet_LSTM,43,9,3,0
LeNet_LSTM,43,9,4,0
LeNet_LSTM,43,9,5,1
LeNet_LSTM,43,9,6,0
LeNet_LSTM,43,9,7,1
LeNet_LSTM,43,9,8,3
LeNet_LSTM,43,9,9,311
LeNet_LSTM,43,9,10,2
LeNet_LSTM,43,9,11,2
LeNet_LSTM,43,10,0,0
LeNet_LSTM,43,10,1,0
LeNet_LSTM,43,10,2,0
LeNet_LSTM,43,10,3,0
LeNet_LSTM,43,10,4,0
LeNet_LSTM,43,10,5,0
LeNet_LSTM,43,10,6,0
LeNet_LSTM,43,10,7,1
LeNet_LSTM,43,10,8,0
LeNet_LSTM,43,10,9,0
LeNet_LSTM,43,10,10,319
LeNet_LSTM,43,10,11,0
LeNet_LSTM,43,11,0,0
LeNet_LSTM,43,11,1,5
LeNet_LSTM,43,11,2,0
LeNet_LSTM,43,11,3,11
LeNet_LSTM,43,11,4,3
LeNet_LSTM,43,11,5,0
LeNet_LSTM,43,11,6,20
LeNet_LSTM,43,11,7,0
LeNet_LSTM,43,11,8,1
LeNet_LSTM,43,11,9,1
LeNet_LSTM,43,11,10,0
LeNet_LSTM,43,11,11,279
TCN,43,0,0,277
TCN,43,0,1,0
TCN,43,0,2,19
TCN,43,0,3,0
TCN,43,0,4,4
TCN,43,0,5,8
TCN,43,0,6,2
TCN,43,0,7,0
TCN,43,0,8,6
TCN,43,0,9,1
TCN,43,0,10,0
TCN,43,0,11,3
TCN,43,1,0,3
TCN,43,1,1,258
TCN,43,1,2,1
TCN,43,1,3,0
TCN,43,1,4,7
TCN,43,1,5,50
TCN,43,1,6,0
TCN,43,1,7,0
TCN,43,1,8,0
TCN,43,1,9,0
TCN,43,1,10,1
TCN,43,1,11,0
TCN,43,2,0,8
TCN,43,2,1,0
TCN,43,2,2,299
TCN,43,2,3,9
TCN,43,2,4,0
TCN,43,2,5,0
TCN,43,2,6,1
TCN,43,2,7,0
TCN,43,2,8,1
TCN,43,2,9,0
TCN,43,2,10,0
TCN,43,2,11,2
TCN,43,3,0,5
TCN,43,3,1,2
TCN,43,3,2,3
TCN,43,3,3,212
TCN,43,3,4,20
TCN,43,3,5,0
TCN,43,3,6,63
TCN,43,3,7,0
TCN,43,3,8,0
TCN,43,3,9,8
TCN,43,3,10,0
TCN,43,3,11,7
TCN,43,4,0,13
TCN,43,4,1,13
TCN,43,4,2,0
TCN,43,4,3,1
TCN,43,4,4,281
TCN,43,4,5,5
TCN,43,4,6,1
TCN,43,4,7,0
TCN,43,4,8,0
TCN,43,4,9,5
TCN,43,4,10,1
TCN,43,4,11,0
TCN,43,5,0,0
TCN,43,5,1,3
TCN,43,5,2,1
TCN,43,5,3,0
TCN,43,5,4,0
TCN,43,5,5,314
TCN,43,5,6,1
TCN,43,5,7,0
TCN,43,5,8,1
TCN,43,5,9,0
TCN,43,5,10,0
TCN,43,5,11,0
TCN,43,6,0,8
TCN,43,6,1,0
TCN,43,6,2,1
TCN,43,6,3,85
TCN,43,6,4,15
TCN,43,6,5,0
TCN,43,6,6,207
TCN,43,6,7,0
TCN,43,6,8,0
TCN,43,6,9,0
TCN,43,6,10,0
TCN,43,6,11,4
TCN,43,7,0,2
TCN,43,7,1,0
TCN,43,7,2,1
TCN,43,7,3,0
TCN,43,7,4,0
TCN,43,7,5,4
TCN,43,7,6,0
TCN,43,7,7,294
TCN,43,7,8,0
TCN,43,7,9,0
TCN,43,7,10,18
TCN,43,7,11,1
TCN,43,8,0,3
TCN,43,8,1,1
TCN,43,8,2,11
TCN,43,8,3,0
TCN,43,8,4,0
TCN,43,8,5,2
TCN,43,8,6,0
TCN,43,8,7,2
TCN,43,8,8,279
TCN,43,8,9,8
TCN,43,8,10,14
TCN,43,8,11,0
TCN,43,9,0,0
TCN,43,9,1,0
TCN,43,9,2,1
TCN,43,9,3,0
TCN,43,9,4,2
TCN,43,9,5,1
TCN,43,9,6,0
TCN,43,9,7,8
TCN,43,9,8,13
TCN,43,9,9,291
TCN,43,9,10,4
TCN,43,9,11,0
TCN,43,10,0,0
TCN,43,10,1,0
TCN,43,10,2,0
TCN,43,10,3,0
TCN,43,10,4,0
TCN,43,10,5,3
TCN,43,10,6,0
TCN,43,10,7,16
TCN,43,10,8,0
TCN,43,10,9,1
TCN,43,10,10,300
TCN,43,10,11,0
TCN,43,11,0,6
TCN,43,11,1,0
TCN,43,11,2,10
TCN,43,11,3,9
TCN,43,11,4,5
TCN,43,11,5,1
TCN,43,11,6,20
TCN,43,11,7,0
TCN,43,11,8,2
TCN,43,11,9,5
TCN,43,11,10,0
TCN,43,11,11,262
Transformer,43,0,0,253
Transformer,43,0,1,1
Transformer,43,0,2,33
Transformer,43,0,3,4
Transformer,43,0,4,6
Transformer,43,0,5,5
Transformer,43,0,6,9
Transformer,43,0,7,0
Transformer,43,0,8,4
Transformer,43,0,9,3
Transformer,43,0,10,0
Transformer,43,0,11,2
Transformer,43,1,0,2
Transformer,43,1,1,217
Transformer,43,1,2,3
Transformer,43,1,3,3
Transformer,43,1,4,26
Transformer,43,1,5,49
Transformer,43,1,6,1
Transformer,43,1,7,1
Transformer,43,1,8,1
Transformer,43,1,9,12
Transformer,43,1,10,2
Transformer,43,1,11,3
Transformer,43,2,0,17
Transformer,43,2,1,0
Transformer,43,2,2,297
Transformer,43,2,3,0
Transformer,43,2,4,0
Transformer,43,2,5,1
Transformer,43,2,6,1
Transformer,43,2,7,0
Transformer,43,2,8,3
Transformer,43,2,9,1
Transformer,43,2,10,0
Transformer,43,2,11,0
Transformer,43,3,0,13
Transformer,43,3,1,2
Transformer,43,3,2,7
Transformer,43,3,3,203
Transformer,43,3,4,8
Transformer,43,3,5,1
Transformer,43,3,6,75
Transformer,43,3,7,1
Transformer,43,3,8,0
Transformer,43,3,9,3
Transformer,43,3,10,0
Transformer,43,3,11,7
Transformer,43,4,0,24
Transformer,43,4,1,32
Transformer,43,4,2,0
Transformer,43,4,3,8
Transformer,43,4,4,230
Transformer,43,4,5,8
Transformer,43,4,6,1
Transformer,43,4,7,0
Transformer,43,4,8,0
Transformer,43,4,9,15
Transformer,43,4,10,1
Transformer,43,4,11,1
Transformer,43,5,0,13
Transformer,43,5,1,32
Transformer,43,5,2,1
Transformer,43,5,3,1
Transformer,43,5,4,6
Transformer,43,5,5,256
Transformer,43,5,6,1
Transformer,43,5,7,3
Transformer,43,5,8,0
Transformer,43,5,9,1
Transformer,43,5,10,5
Transformer,43,5,11,1
Transformer,43,6,0,9
Transformer,43,6,1,1
Transformer,43,6,2,5
Transformer,43,6,3,92
Transformer,43,6,4,16
Transformer,43,6,5,0
Transformer,43,6,6,193
Transformer,43,6,7,0
Transformer,43,6,8,0
Transformer,43,6,9,0
Transformer,43,6,10,0
Transformer,43,6,11,4
Transformer,43,7,0,16
Transformer,43,7,1,0
Transformer,43,7,2,8
Transformer,43,7,3,2
Transformer,43,7,4,1
Transformer,43,7,5,2
Transformer,43,7,6,2
Transformer,43,7,7,192
Transformer,43,7,8,19
Transformer,43,7,9,2
Transformer,43,7,10,74
Transformer,43,7,11,2
Transformer,43,8,0,4
Transformer,43,8,1,0
Transformer,43,8,2,12
Transformer,43,8,3,0
Transformer,43,8,4,0
Transformer,43,8,5,3
Transformer,43,8,6,0
Transformer,43,8,7,8
Transformer,43,8,8,289
Transformer,43,8,9,1
Transformer,43,8,10,1
Transformer,43,8,11,2
Transformer,43,9,0,5
Transformer,43,9,1,9
Transformer,43,9,2,1
Transformer,43,9,3,6
Transformer,43,9,4,11
Transformer,43,9,5,2
Transformer,43,9,6,0
Transformer,43,9,7,6
Transformer,43,9,8,9
Transformer,43,9,9,250
Transformer,43,9,10,9
Transformer,43,9,11,12
Transformer,43,10,0,8
Transformer,43,10,1,1
Transformer,43,10,2,4
Transformer,43,10,3,2
Transformer,43,10,4,1
Transformer,43,10,5,0
Transformer,43,10,6,4
Transformer,43,10,7,131
Transformer,43,10,8,29
Transformer,43,10,9,2
Transformer,43,10,10,136
Transformer,43,10,11,2
Transformer,43,11,0,1
Transformer,43,11,1,0
Transformer,43,11,2,0
Transformer,43,11,3,4
Transformer,43,11,4,2
Transformer,43,11,5,0
Transformer,43,11,6,21
Transformer,43,11,7,0
Transformer,43,11,8,14
Transformer,43,11,9,3
Transformer,43,11,10,0
Transformer,43,11,11,275
LeNet,44,0,0,296
LeNet,44,0,1,0
LeNet,44,0,2,10
LeNet,44,0,3,1
LeNet,44,0,4,1
LeNet,44,0,5,8
LeNet,44,0,6,1
LeNet,44,0,7,0
LeNet,44,0,8,1
LeNet,44,0,9,1
LeNet,44,0,10,0
LeNet,44,0,11,1
LeNet,44,1,0,0
LeNet,44,1,1,298
LeNet,44,1,2,0
LeNet,44,1,3,0
LeNet,44,1,4,6
LeNet,44,1,5,14
LeNet,44,1,6,0
LeNet,44,1,7,1
LeNet,44,1,8,0
LeNet,44,1,9,0
LeNet,44,1,10,0
LeNet,44,1,11,1
LeNet,44,2,0,53
LeNet,44,2,1,2
LeNet,44,2,2,249
LeNet,44,2,3,0
LeNet,44,2,4,0
LeNet,44,2,5,6
LeNet,44,2,6,0
LeNet,44,2,7,0
LeNet,44,2,8,7
LeNet,44,2,9,1
LeNet,44,2,10,0
LeNet,44,2,11,2
LeNet,44,3,0,0
LeNet,44,3,1,0
LeNet,44,3,2,0
LeNet,44,3,3,276
LeNet,44,3,4,2
LeNet,44,3,5,0
LeNet,44,3,6,42
LeNet,44,3,7,0
LeNet,44,3,8,0
LeNet,44,3,9,0
LeNet,44,3,10,0
LeNet,44,3,11,0
LeNet,44,4,0,12
LeNet,44,4,1,14
LeNet,44,4,2,1
LeNet,44,4,3,0
LeNet,44,4,4,292
LeNet,44,4,5,0
LeNet,44,4,6,0
LeNet,44,4,7,0
LeNet,44,4,8,0
LeNet,44,4,9,1
LeNet,44,4,10,0
LeNet,44,4,11,0
LeNet,44,5,0,0
LeNet,44,5,1,6
LeNet,44,5,2,0
LeNet,44,5,3,0
LeNet,44,5,4,0
LeNet,44,5,5,304
LeNet,44,5,6,0
LeNet,44,5,7,3
LeNet,44,5,8,2
LeNet,44,5,9,1
LeNet,44,5,10,4
LeNet,44,5,11,0
LeNet,44,6,0,2
LeNet,44,6,1,0
LeNet,44,6,2,0
LeNet,44,6,3,151
LeNet,44,6,4,7
LeNet,44,6,5,0
LeNet,44,6,6,157
LeNet,44,6,7,1
LeNet,44,6,8,0
LeNet,44,6,9,1
LeNet,44,6,10,0
LeNet,44,6,11,1
LeNet,44,7,0,2
LeNet,44,7,1,0
LeNet,44,7,2,8
LeNet,44,7,3,0
LeNet,44,7,4,2
LeNet,44,7,5,0
LeNet,44,7,6,0
LeNet,44,7,7,249
LeNet,44,7,8,25
LeNet,44,7,9,5
LeNet,44,7,10,24
LeNet,44,7,11,5
LeNet,44,8,0,0
LeNet,44,8,1,0
LeNet,44,8,2,0
LeNet,44,8,3,0
LeNet,44,8,4,0
LeNet,44,8,5,1
LeNet,44,8,6,0
LeNet,44,8,7,15
LeNet,44,8,8,279
LeNet,44,8,9,4
LeNet,44,8,10,11
LeNet,44,8,11,10
LeNet,44,9,0,2
LeNet,44,9,1,1
LeNet,44,9,2,0
LeNet,44,9,3,2
LeNet,44,9,4,1
LeNet,44,9,5,1
LeNet,44,9,6,1
LeNet,44,9,7,9
LeNet,44,9,8,4
LeNet,44,9,9,286
LeNet,44,9,10,1
LeNet,44,9,11,12
LeNet,44,10,0,0
LeNet,44,10,1,0
LeNet,44,10,2,0
LeNet,44,10,3,1
LeNet,44,10,4,0
LeNet,44,10,5,5
LeNet,44,10,6,0
LeNet,44,10,7,44
LeNet,44,10,8,12
LeNet,44,10,9,1
LeNet,44,10,10,251
LeNet,44,10,11,6
LeNet,44,11,0,1
LeNet,44,11,1,0
LeNet,44,11,2,0
LeNet,44,11,3,12
LeNet,44,11,4,0
LeNet,44,11,5,0
LeNet,44,11,6,13
LeNet,44,11,7,0
LeNet,44,11,8,6
LeNet,44,11,9,9
LeNet,44,11,10,0
LeNet,44,11,11,279
ResNet18,44,0,0,320
ResNet18,44,0,1,0
ResNet18,44,0,2,0
ResNet18,44,0,3,0
ResNet18,44,0,4,0
ResNet18,44,0,5,0
ResNet18,44,0,6,0
ResNet18,44,0,7,0
ResNet18,44,0,8,0
ResNet18,44,0,9,0
ResNet18,44,0,10,0
ResNet18,44,0,11,0
ResNet18,44,1,0,3
ResNet18,44,1,1,315
ResNet18,44,1,2,0
ResNet18,44,1,3,0
ResNet18,44,1,4,0
ResNet18,44,1,5,2
ResNet18,44,1,6,0
ResNet18,44,1,7,0
ResNet18,44,1,8,0
ResNet18,44,1,9,0
ResNet18,44,1,10,0
ResNet18,44,1,11,0
ResNet18,44,2,0,0
ResNet18,44,2,1,0
ResNet18,44,2,2,318
ResNet18,44,2,3,0
ResNet18,44,2,4,0
ResNet18,44,2,5,1
ResNet18,44,2,6,1
ResNet18,44,2,7,0
ResNet18,44,2,8,0
ResNet18,44,2,9,0
ResNet18,44,2,10,0
ResNet18,44,2,11,0
ResNet18,44,3,0,0
ResNet18,44,3,1,0
ResNet18,44,3,2,0
ResNet18,44,3,3,298
ResNet18,44,3,4,0
ResNet18,44,3,5,0
ResNet18,44,3,6,22
ResNet18,44,3,7,0
ResNet18,44,3,8,0
ResNet18,44,3,9,0
ResNet18,44,3,10,0
ResNet18,44,3,11,0
ResNet18,44,4,0,10
ResNet18,44,4,1,5
ResNet18,44,4,2,0
ResNet18,44,4,3,2
ResNet18,44,4,4,303
ResNet18,44,4,5,0
ResNet18,44,4,6,0
ResNet18,44,4,7,0
ResNet18,44,4,8,0
ResNet18,44,4,9,0
ResNet18,44,4,10,0
ResNet18,44,4,11,0
ResNet18,44,5,0,0
ResNet18,44,5,1,0
ResNet18,44,5,2,0
ResNet18,44,5,3,0
ResNet18,44,5,4,0
ResNet18,44,5,5,320
ResNet18,44,5,6,0
ResNet18,44,5,7,0
ResNet18,44,5,8,0
ResNet18,44,5,9,0
ResNet18,44,5,10,0
ResNet18,44,5,11,0
ResNet18,44,6,0,0
ResNet18,44,6,1,0
ResNet18,44,6,2,0
ResNet18,44,6,3,104
ResNet18,44,6,4,6
ResNet18,44,6,5,0
ResNet18,44,6,6,208
ResNet18,44,6,7,1
ResNet18,44,6,8,0
ResNet18,44,6,9,0
ResNet18,44,6,10,0
ResNet18,44,6,11,1
ResNet18,44,7,0,0
ResNet18,44,7,1,0
ResNet18,44,7,2,20
ResNet18,44,7,3,0
ResNet18,44,7,4,0
ResNet18,44,7,5,0
ResNet18,44,7,6,1
ResNet18,44,7,7,296
ResNet18,44,7,8,0
ResNet18,44,7,9,0
ResNet18,44,7,10,2
ResNet18,44,7,11,1
ResNet18,44,8,0,1
ResNet18,44,8,1,0
ResNet18,44,8,2,1
ResNet18,44,8,3,0
ResNet18,44,8,4,0
ResNet18,44,8,5,0
ResNet18,44,8,6,0
ResNet18,44,8,7,7
ResNet18,44,8,8,305
ResNet18,44,8,9,0
ResNet18,44,8,10,0
ResNet18,44,8,11,6
ResNet18,44,9,0,0
ResNet18,44,9,1,0
ResNet18,44,9,2,0
ResNet18,44,9,3,1
ResNet18,44,9,4,3
ResNet18,44,9,5,0
ResNet18,44,9,6,0
ResNet18,44,9,7,1
ResNet18,44,9,8,0
ResNet18,44,9,9,314
ResNet18,44,9,10,0
ResNet18,44,9,11,1
ResNet18,44,10,0,0
ResNet18,44,10,1,0
ResNet18,44,10,2,0
ResNet18,44,10,3,0
ResNet18,44,10,4,0
ResNet18,44,10,5,0
ResNet18,44,10,6,0
ResNet18,44,10,7,32
ResNet18,44,10,8,6
ResNet18,44,10,9,1
ResNet18,44,10,10,281
ResNet18,44,10,11,0
ResNet18,44,11,0,0
ResNet18,44,11,1,0
ResNet18,44,11,2,0
ResNet18,44,11,3,6
ResNet18,44,11,4,0
ResNet18,44,11,5,0
ResNet18,44,11,6,3
ResNet18,44,11,7,0
ResNet18,44,11,8,14
ResNet18,44,11,9,1
ResNet18,44,11,10,0
ResNet18,44,11,11,296
MobileNet_V2,44,0,0,317
MobileNet_V2,44,0,1,0
MobileNet_V2,44,0,2,2
MobileNet_V2,44,0,3,0
MobileNet_V2,44,0,4,0
MobileNet_V2,44,0,5,0
MobileNet_V2,44,0,6,1
MobileNet_V2,44,0,7,0
MobileNet_V2,44,0,8,0
MobileNet_V2,44,0,9,0
MobileNet_V2,44,0,10,0
MobileNet_V2,44,0,11,0
MobileNet_V2,44,1,0,0
MobileNet_V2,44,1,1,310
MobileNet_V2,44,1,2,0
MobileNet_V2,44,1,3,0
MobileNet_V2,44,1,4,0
MobileNet_V2,44,1,5,8
MobileNet_V2,44,1,6,0
MobileNet_V2,44,1,7,0
MobileNet_V2,44,1,8,0
MobileNet_V2,44,1,9,0
MobileNet_V2,44,1,10,2
MobileNet_V2,44,1,11,0
MobileNet_V2,44,2,0,0
MobileNet_V2,44,2,1,0
MobileNet_V2,44,2,2,316
MobileNet_V2,44,2,3,0
MobileNet_V2,44,2,4,0
MobileNet_V2,44,2,5,1
MobileNet_V2,44,2,6,1
MobileNet_V2,44,2,7,0
MobileNet_V2,44,2,8,2
MobileNet_V2,44,2,9,0
MobileNet_V2,44,2,10,0
MobileNet_V2,44,2,11,0
MobileNet_V2,44,3,0,0
MobileNet_V2,44,3,1,0
MobileNet_V2,44,3,2,0
MobileNet_V2,44,3,3,261
MobileNet_V2,44,3,4,0
MobileNet_V2,44,3,5,0
MobileNet_V2,44,3,6,59
MobileNet_V2,44,3,7,0
MobileNet_V2,44,3,8,0
MobileNet_V2,44,3,9,0
MobileNet_V2,44,3,10,0
MobileNet_V2,44,3,11,0
MobileNet_V2,44,4,0,7
MobileNet_V2,44,4,1,3
MobileNet_V2,44,4,2,0
MobileNet_V2,44,4,3,0
MobileNet_V2,44,4,4,310
MobileNet_V2,44,4,5,0
MobileNet_V2,44,4,6,0
MobileNet_V2,44,4,7,0
MobileNet_V2,44,4,8,0
MobileNet_V2,44,4,9,0
MobileNet_V2,44,4,10,0
MobileNet_V2,44,4,11,0
MobileNet_V2,44,5,0,0
MobileNet_V2,44,5,1,0
MobileNet_V2,44,5,2,0
MobileNet_V2,44,5,3,0
MobileNet_V2,44,5,4,0
MobileNet_V2,44,5,5,320
MobileNet_V2,44,5,6,0
MobileNet_V2,44,5,7,0
MobileNet_V2,44,5,8,0
MobileNet_V2,44,5,9,0
MobileNet_V2,44,5,10,0
MobileNet_V2,44,5,11,0
MobileNet_V2,44,6,0,1
MobileNet_V2,44,6,1,0
MobileNet_V2,44,6,2,0
MobileNet_V2,44,6,3,107
MobileNet_V2,44,6,4,6
MobileNet_V2,44,6,5,1
MobileNet_V2,44,6,6,203
MobileNet_V2,44,6,7,1
MobileNet_V2,44,6,8,0
MobileNet_V2,44,6,9,1
MobileNet_V2,44,6,10,0
MobileNet_V2,44,6,11,0
MobileNet_V2,44,7,0,1
MobileNet_V2,44,7,1,0
MobileNet_V2,44,7,2,30
MobileNet_V2,44,7,3,0
MobileNet_V2,44,7,4,0
MobileNet_V2,44,7,5,0
MobileNet_V2,44,7,6,0
MobileNet_V2,44,7,7,282
MobileNet_V2,44,7,8,2
MobileNet_V2,44,7,9,0
MobileNet_V2,44,7,10,5
MobileNet_V2,44,7,11,0
MobileNet_V2,44,8,0,0
MobileNet_V2,44,8,1,0
MobileNet_V2,44,8,2,0
MobileNet_V2,44,8,3,0
MobileNet_V2,44,8,4,0
MobileNet_V2,44,8,5,0
MobileNet_V2,44,8,6,0
MobileNet_V2,44,8,7,5
MobileNet_V2,44,8,8,314
MobileNet_V2,44,8,9,0
MobileNet_V2,44,8,10,0
MobileNet_V2,44,8,11,1
MobileNet_V2,44,9,0,0
MobileNet_V2,44,9,1,4
MobileNet_V2,44,9,2,0
MobileNet_V2,44,9,3,1
MobileNet_V2,44,9,4,6
MobileNet_V2,44,9,5,0
MobileNet_V2,44,9,6,0
MobileNet_V2,44,9,7,1
MobileNet_V2,44,9,8,0
MobileNet_V2,44,9,9,308
MobileNet_V2,44,9,10,0
MobileNet_V2,44,9,11,0
MobileNet_V2,44,10,0,0
MobileNet_V2,44,10,1,0
MobileNet_V2,44,10,2,0
MobileNet_V2,44,10,3,0
MobileNet_V2,44,10,4,0
MobileNet_V2,44,10,5,0
MobileNet_V2,44,10,6,0
MobileNet_V2,44,10,7,19
MobileNet_V2,44,10,8,1
MobileNet_V2,44,10,9,0
MobileNet_V2,44,10,10,300
MobileNet_V2,44,10,11,0
MobileNet_V2,44,11,0,0
MobileNet_V2,44,11,1,0
MobileNet_V2,44,11,2,0
MobileNet_V2,44,11,3,1
MobileNet_V2,44,11,4,0
MobileNet_V2,44,11,5,0
MobileNet_V2,44,11,6,2
MobileNet_V2,44,11,7,0
MobileNet_V2,44,11,8,11
MobileNet_V2,44,11,9,0
MobileNet_V2,44,11,10,0
MobileNet_V2,44,11,11,306
EfficientNet_B0,44,0,0,313
EfficientNet_B0,44,0,1,0
EfficientNet_B0,44,0,2,3
EfficientNet_B0,44,0,3,1
EfficientNet_B0,44,0,4,0
EfficientNet_B0,44,0,5,0
EfficientNet_B0,44,0,6,3
EfficientNet_B0,44,0,7,0
EfficientNet_B0,44,0,8,0
EfficientNet_B0,44,0,9,0
EfficientNet_B0,44,0,10,0
EfficientNet_B0,44,0,11,0
EfficientNet_B0,44,1,0,0
EfficientNet_B0,44,1,1,313
EfficientNet_B0,44,1,2,0
EfficientNet_B0,44,1,3,0
EfficientNet_B0,44,1,4,0
EfficientNet_B0,44,1,5,7
EfficientNet_B0,44,1,6,0
EfficientNet_B0,44,1,7,0
EfficientNet_B0,44,1,8,0
EfficientNet_B0,44,1,9,0
EfficientNet_B0,44,1,10,0
EfficientNet_B0,44,1,11,0
EfficientNet_B0,44,2,0,0
EfficientNet_B0,44,2,1,0
EfficientNet_B0,44,2,2,317
EfficientNet_B0,44,2,3,0
EfficientNet_B0,44,2,4,0
EfficientNet_B0,44,2,5,1
EfficientNet_B0,44,2,6,1
EfficientNet_B0,44,2,7,0
EfficientNet_B0,44,2,8,1
EfficientNet_B0,44,2,9,0
EfficientNet_B0,44,2,10,0
EfficientNet_B0,44,2,11,0
EfficientNet_B0,44,3,0,0
EfficientNet_B0,44,3,1,0
EfficientNet_B0,44,3,2,0
EfficientNet_B0,44,3,3,249
EfficientNet_B0,44,3,4,1
EfficientNet_B0,44,3,5,0
EfficientNet_B0,44,3,6,70
EfficientNet_B0,44,3,7,0
EfficientNet_B0,44,3,8,0
EfficientNet_B0,44,3,9,0
EfficientNet_B0,44,3,10,0
EfficientNet_B0,44,3,11,0
EfficientNet_B0,44,4,0,9
EfficientNet_B0,44,4,1,3
EfficientNet_B0,44,4,2,0
EfficientNet_B0,44,4,3,0
EfficientNet_B0,44,4,4,307
EfficientNet_B0,44,4,5,0
EfficientNet_B0,44,4,6,0
EfficientNet_B0,44,4,7,0
EfficientNet_B0,44,4,8,0
EfficientNet_B0,44,4,9,1
EfficientNet_B0,44,4,10,0
EfficientNet_B0,44,4,11,0
EfficientNet_B0,44,5,0,0
EfficientNet_B0,44,5,1,0
EfficientNet_B0,44,5,2,0
EfficientNet_B0,44,5,3,0
EfficientNet_B0,44,5,4,0
EfficientNet_B0,44,5,5,319
EfficientNet_B0,44,5,6,0
EfficientNet_B0,44,5,7,0
EfficientNet_B0,44,5,8,0
EfficientNet_B0,44,5,9,0
EfficientNet_B0,44,5,10,0
EfficientNet_B0,44,5,11,1
EfficientNet_B0,44,6,0,0
EfficientNet_B0,44,6,1,0
EfficientNet_B0,44,6,2,0
EfficientNet_B0,44,6,3,91
EfficientNet_B0,44,6,4,8
EfficientNet_B0,44,6,5,0
EfficientNet_B0,44,6,6,219
EfficientNet_B0,44,6,7,2
EfficientNet_B0,44,6,8,0
EfficientNet_B0,44,6,9,0
EfficientNet_B0,44,6,10,0
EfficientNet_B0,44,6,11,0
EfficientNet_B0,44,7,0,2
EfficientNet_B0,44,7,1,0
EfficientNet_B0,44,7,2,16
EfficientNet_B0,44,7,3,0
EfficientNet_B0,44,7,4,0
EfficientNet_B0,44,7,5,0
EfficientNet_B0,44,7,6,0
EfficientNet_B0,44,7,7,292
EfficientNet_B0,44,7,8,2
EfficientNet_B0,44,7,9,3
EfficientNet_B0,44,7,10,5
EfficientNet_B0,44,7,11,0
EfficientNet_B0,44,8,0,0
EfficientNet_B0,44,8,1,0
EfficientNet_B0,44,8,2,0
EfficientNet_B0,44,8,3,0
EfficientNet_B0,44,8,4,0
EfficientNet_B0,44,8,5,0
EfficientNet_B0,44,8,6,0
EfficientNet_B0,44,8,7,4
EfficientNet_B0,44,8,8,308
EfficientNet_B0,44,8,9,0
EfficientNet_B0,44,8,10,4
EfficientNet_B0,44,8,11,4
EfficientNet_B0,44,9,0,0
EfficientNet_B0,44,9,1,0
EfficientNet_B0,44,9,2,0
EfficientNet_B0,44,9,3,0
EfficientNet_B0,44,9,4,0
EfficientNet_B0,44,9,5,0
EfficientNet_B0,44,9,6,0
EfficientNet_B0,44,9,7,0
EfficientNet_B0,44,9,8,0
EfficientNet_B0,44,9,9,319
EfficientNet_B0,44,9,10,0
EfficientNet_B0,44,9,11,1
EfficientNet_B0,44,10,0,0
EfficientNet_B0,44,10,1,0
EfficientNet_B0,44,10,2,0
EfficientNet_B0,44,10,3,0
EfficientNet_B0,44,10,4,0
EfficientNet_B0,44,10,5,0
EfficientNet_B0,44,10,6,0
EfficientNet_B0,44,10,7,16
EfficientNet_B0,44,10,8,0
EfficientNet_B0,44,10,9,2
EfficientNet_B0,44,10,10,301
EfficientNet_B0,44,10,11,1
EfficientNet_B0,44,11,0,0
EfficientNet_B0,44,11,1,0
EfficientNet_B0,44,11,2,0
EfficientNet_B0,44,11,3,1
EfficientNet_B0,44,11,4,0
EfficientNet_B0,44,11,5,0
EfficientNet_B0,44,11,6,10
EfficientNet_B0,44,11,7,0
EfficientNet_B0,44,11,8,10
EfficientNet_B0,44,11,9,1
EfficientNet_B0,44,11,10,0
EfficientNet_B0,44,11,11,298
LSTM,44,0,0,296
LSTM,44,0,1,0
LSTM,44,0,2,14
LSTM,44,0,3,0
LSTM,44,0,4,2
LSTM,44,0,5,0
LSTM,44,0,6,3
LSTM,44,0,7,1
LSTM,44,0,8,3
LSTM,44,0,9,1
LSTM,44,0,10,0
LSTM,44,0,11,0
LSTM,44,1,0,0
LSTM,44,1,1,282
LSTM,44,1,2,0
LSTM,44,1,3,1
LSTM,44,1,4,8
LSTM,44,1,5,20
LSTM,44,1,6,0
LSTM,44,1,7,0
LSTM,44,1,8,0
LSTM,44,1,9,6
LSTM,44,1,10,3
LSTM,44,1,11,0
LSTM,44,2,0,18
LSTM,44,2,1,0
LSTM,44,2,2,297
LSTM,44,2,3,1
LSTM,44,2,4,0
LSTM,44,2,5,2
LSTM,44,2,6,2
LSTM,44,2,7,0
LSTM,44,2,8,0
LSTM,44,2,9,0
LSTM,44,2,10,0
LSTM,44,2,11,0
LSTM,44,3,0,1
LSTM,44,3,1,1
LSTM,44,3,2,0
LSTM,44,3,3,254
LSTM,44,3,4,4
LSTM,44,3,5,0
LSTM,44,3,6,57
LSTM,44,3,7,0
LSTM,44,3,8,0
LSTM,44,3,9,1
LSTM,44,3,10,0
LSTM,44,3,11,2
LSTM,44,4,0,21
LSTM,44,4,1,37
LSTM,44,4,2,0
LSTM,44,4,3,3
LSTM,44,4,4,238
LSTM,44,4,5,5
LSTM,44,4,6,0
LSTM,44,4,7,1
LSTM,44,4,8,0
LSTM,44,4,9,14
LSTM,44,4,10,0
LSTM,44,4,11,1
LSTM,44,5,0,0
LSTM,44,5,1,10
LSTM,44,5,2,0
LSTM,44,5,3,0
LSTM,44,5,4,0
LSTM,44,5,5,300
LSTM,44,5,6,0
LSTM,44,5,7,0
LSTM,44,5,8,1
LSTM,44,5,9,0
LSTM,44,5,10,9
LSTM,44,5,11,0
LSTM,44,6,0,5
LSTM,44,6,1,0
LSTM,44,6,2,0
LSTM,44,6,3,117
LSTM,44,6,4,13
LSTM,44,6,5,1
LSTM,44,6,6,181
LSTM,44,6,7,0
LSTM,44,6,8,0
LSTM,44,6,9,2
LSTM,44,6,10,0
LSTM,44,6,11,1
LSTM,44,7,0,7
LSTM,44,7,1,1
LSTM,44,7,2,5
LSTM,44,7,3,6
LSTM,44,7,4,1
LSTM,44,7,5,0
LSTM,44,7,6,2
LSTM,44,7,7,276
LSTM,44,7,8,12
LSTM,44,7,9,2
LSTM,44,7,10,4
LSTM,44,7,11,4
LSTM,44,8,0,1
LSTM,44,8,1,0
LSTM,44,8,2,0
LSTM,44,8,3,0
LSTM,44,8,4,0
LSTM,44,8,5,1
LSTM,44,8,6,0
LSTM,44,8,7,15
LSTM,44,8,8,294
LSTM,44,8,9,2
LSTM,44,8,10,3
LSTM,44,8,11,4
LSTM,44,9,0,3
LSTM,44,9,1,2
LSTM,44,9,2,0
LSTM,44,9,3,11
LSTM,44,9,4,68
LSTM,44,9,5,0
LSTM,44,9,6,2
LSTM,44,9,7,1
LSTM,44,9,8,1
LSTM,44,9,9,230
LSTM,44,9,10,1
LSTM,44,9,11,1
LSTM,44,10,0,4
LSTM,44,10,1,2
LSTM,44,10,2,0
LSTM,44,10,3,1
LSTM,44,10,4,0
LSTM,44,10,5,2
LSTM,44,10,6,1
LSTM,44,10,7,12
LSTM,44,10,8,4
LSTM,44,10,9,4
LSTM,44,10,10,290
LSTM,44,10,11,0
LSTM,44,11,0,3
LSTM,44,11,1,0
LSTM,44,11,2,0
LSTM,44,11,3,16
LSTM,44,11,4,5
LSTM,44,11,5,0
LSTM,44,11,6,14
LSTM,44,11,7,2
LSTM,44,11,8,10
LSTM,44,11,9,4
LSTM,44,11,10,0
LSTM,44,11,11,266
GRU,44,0,0,292
GRU,44,0,1,0
GRU,44,0,2,10
GRU,44,0,3,0
GRU,44,0,4,7
GRU,44,0,5,2
GRU,44,0,6,0
GRU,44,0,7,1
GRU,44,0,8,6
GRU,44,0,9,0
GRU,44,0,10,0
GRU,44,0,11,2
GRU,44,1,0,0
GRU,44,1,1,286
GRU,44,1,2,0
GRU,44,1,3,0
GRU,44,1,4,7
GRU,44,1,5,25
GRU,44,1,6,0
GRU,44,1,7,0
GRU,44,1,8,0
GRU,44,1,9,0
GRU,44,1,10,2
GRU,44,1,11,0
GRU,44,2,0,6
GRU,44,2,1,0
GRU,44,2,2,305
GRU,44,2,3,1
GRU,44,2,4,0
GRU,44,2,5,1
GRU,44,2,6,1
GRU,44,2,7,2
GRU,44,2,8,3
GRU,44,2,9,0
GRU,44,2,10,1
GRU,44,2,11,0
GRU,44,3,0,5
GRU,44,3,1,2
GRU,44,3,2,0
GRU,44,3,3,263
GRU,44,3,4,6
GRU,44,3,5,0
GRU,44,3,6,37
GRU,44,3,7,0
GRU,44,3,8,0
GRU,44,3,9,1
GRU,44,3,10,0
GRU,44,3,11,6
GRU,44,4,0,16
GRU,44,4,1,31
GRU,44,4,2,0
GRU,44,4,3,0
GRU,44,4,4,247
GRU,44,4,5,5
GRU,44,4,6,0
GRU,44,4,7,0
GRU,44,4,8,1
GRU,44,4,9,18
GRU,44,4,10,1
GRU,44,4,11,1
GRU,44,5,0,1
GRU,44,5,1,9
GRU,44,5,2,0
GRU,44,5,3,0
GRU,44,5,4,0
GRU,44,5,5,300
GRU,44,5,6,0
GRU,44,5,7,3
GRU,44,5,8,2
GRU,44,5,9,0
GRU,44,5,10,5
GRU,44,5,11,0
GRU,44,6,0,7
GRU,44,6,1,1
GRU,44,6,2,0
GRU,44,6,3,94
GRU,44,6,4,15
GRU,44,6,5,0
GRU,44,6,6,191
GRU,44,6,7,1
GRU,44,6,8,0
GRU,44,6,9,4
GRU,44,6,10,0
GRU,44,6,11,7
GRU,44,7,0,4
GRU,44,7,1,1
GRU,44,7,2,12
GRU,44,7,3,4
GRU,44,7,4,0
GRU,44,7,5,0
GRU,44,7,6,1
GRU,44,7,7,282
GRU,44,7,8,4
GRU,44,7,9,1
GRU,44,7,10,7
GRU,44,7,11,4
GRU,44,8,0,1
GRU,44,8,1,0
GRU,44,8,2,0
GRU,44,8,3,0
GRU,44,8,4,0
GRU,44,8,5,0
GRU,44,8,6,0
GRU,44,8,7,16
GRU,44,8,8,297
GRU,44,8,9,0
GRU,44,8,10,3
GRU,44,8,11,3
GRU,44,9,0,1
GRU,44,9,1,1
GRU,44,9,2,0
GRU,44,9,3,5
GRU,44,9,4,97
GRU,44,9,5,0
GRU,44,9,6,1
GRU,44,9,7,1
GRU,44,9,8,1
GRU,44,9,9,208
GRU,44,9,10,3
GRU,44,9,11,2
GRU,44,10,0,2
GRU,44,10,1,1
GRU,44,10,2,0
GRU,44,10,3,0
GRU,44,10,4,1
GRU,44,10,5,0
GRU,44,10,6,0
GRU,44,10,7,13
GRU,44,10,8,3
GRU,44,10,9,3
GRU,44,10,10,296
GRU,44,10,11,1
GRU,44,11,0,1
GRU,44,11,1,6
GRU,44,11,2,0
GRU,44,11,3,12
GRU,44,11,4,5
GRU,44,11,5,0
GRU,44,11,6,9
GRU,44,11,7,0
GRU,44,11,8,11
GRU,44,11,9,4
GRU,44,11,10,0
GRU,44,11,11,272
CNN_LSTM,44,0,0,295
CNN_LSTM,44,0,1,0
CNN_LSTM,44,0,2,2
CNN_LSTM,44,0,3,0
CNN_LSTM,44,0,4,0
CNN_LSTM,44,0,5,0
CNN_LSTM,44,0,6,0
CNN_LSTM,44,0,7,0
CNN_LSTM,44,0,8,22
CNN_LSTM,44,0,9,0
CNN_LSTM,44,0,10,0
CNN_LSTM,44,0,11,1
CNN_LSTM,44,1,0,1
CNN_LSTM,44,1,1,310
CNN_LSTM,44,1,2,0
CNN_LSTM,44,1,3,0
CNN_LSTM,44,1,4,1
CNN_LSTM,44,1,5,8
CNN_LSTM,44,1,6,0
CNN_LSTM,44,1,7,0
CNN_LSTM,44,1,8,0
CNN_LSTM,44,1,9,0
CNN_LSTM,44,1,10,0
CNN_LSTM,44,1,11,0
CNN_LSTM,44,2,0,2
CNN_LSTM,44,2,1,0
CNN_LSTM,44,2,2,315
CNN_LSTM,44,2,3,0
CNN_LSTM,44,2,4,0
CNN_LSTM,44,2,5,1
CNN_LSTM,44,2,6,1
CNN_LSTM,44,2,7,0
CNN_LSTM,44,2,8,1
CNN_LSTM,44,2,9,0
CNN_LSTM,44,2,10,0
CNN_LSTM,44,2,11,0
CNN_LSTM,44,3,0,1
CNN_LSTM,44,3,1,0
CNN_LSTM,44,3,2,0
CNN_LSTM,44,3,3,232
CNN_LSTM,44,3,4,2
CNN_LSTM,44,3,5,0
CNN_LSTM,44,3,6,82
CNN_LSTM,44,3,7,0
CNN_LSTM,44,3,8,0
CNN_LSTM,44,3,9,0
CNN_LSTM,44,3,10,0
CNN_LSTM,44,3,11,3
CNN_LSTM,44,4,0,8
CNN_LSTM,44,4,1,2
CNN_LSTM,44,4,2,0
CNN_LSTM,44,4,3,0
CNN_LSTM,44,4,4,298
CNN_LSTM,44,4,5,0
CNN_LSTM,44,4,6,1
CNN_LSTM,44,4,7,1
CNN_LSTM,44,4,8,0
CNN_LSTM,44,4,9,10
CNN_LSTM,44,4,10,0
CNN_LSTM,44,4,11,0
CNN_LSTM,44,5,0,0
CNN_LSTM,44,5,1,0
CNN_LSTM,44,5,2,0
CNN_LSTM,44,5,3,0
CNN_LSTM,44,5,4,0
CNN_LSTM,44,5,5,320
CNN_LSTM,44,5,6,0
CNN_LSTM,44,5,7,0
CNN_LSTM,44,5,8,0
CNN_LSTM,44,5,9,0
CNN_LSTM,44,5,10,0
CNN_LSTM,44,5,11,0
CNN_LSTM,44,6,0,0
CNN_LSTM,44,6,1,0
CNN_LSTM,44,6,2,0
CNN_LSTM,44,6,3,76
CNN_LSTM,44,6,4,5
CNN_LSTM,44,6,5,1
CNN_LSTM,44,6,6,221
CNN_LSTM,44,6,7,0
CNN_LSTM,44,6,8,0
CNN_LSTM,44,6,9,0
CNN_LSTM,44,6,10,0
CNN_LSTM,44,6,11,17
CNN_LSTM,44,7,0,0
CNN_LSTM,44,7,1,0
CNN_LSTM,44,7,2,47
CNN_LSTM,44,7,3,0
CNN_LSTM,44,7,4,0
CNN_LSTM,44,7,5,0
CNN_LSTM,44,7,6,0
CNN_LSTM,44,7,7,265
CNN_LSTM,44,7,8,4
CNN_LSTM,44,7,9,0
CNN_LSTM,44,7,10,2
CNN_LSTM,44,7,11,2
CNN_LSTM,44,8,0,0
CNN_LSTM,44,8,1,0
CNN_LSTM,44,8,2,0
CNN_LSTM,44,8,3,0
CNN_LSTM,44,8,4,0
CNN_LSTM,44,8,5,1
CNN_LSTM,44,8,6,0
CNN_LSTM,44,8,7,11
CNN_LSTM,44,8,8,304
CNN_LSTM,44,8,9,0
CNN_LSTM,44,8,10,3
CNN_LSTM,44,8,11,1
CNN_LSTM,44,9,0,0
CNN_LSTM,44,9,1,0
CNN_LSTM,44,9,2,0
CNN_LSTM,44,9,3,0
CNN_LSTM,44,9,4,15
CNN_LSTM,44,9,5,0
CNN_LSTM,44,9,6,0
CNN_LSTM,44,9,7,0
CNN_LSTM,44,9,8,0
CNN_LSTM,44,9,9,305
CNN_LSTM,44,9,10,0
CNN_LSTM,44,9,11,0
CNN_LSTM,44,10,0,0
CNN_LSTM,44,10,1,0
CNN_LSTM,44,10,2,0
CNN_LSTM,44,10,3,0
CNN_LSTM,44,10,4,0
CNN_LSTM,44,10,5,0
CNN_LSTM,44,10,6,0
CNN_LSTM,44,10,7,9
CNN_LSTM,44,10,8,1
CNN_LSTM,44,10,9,0
CNN_LSTM,44,10,10,310
CNN_LSTM,44,10,11,0
CNN_LSTM,44,11,0,1
CNN_LSTM,44,11,1,0
CNN_LSTM,44,11,2,0
CNN_LSTM,44,11,3,26
CNN_LSTM,44,11,4,0
CNN_LSTM,44,11,5,0
CNN_LSTM,44,11,6,21
CNN_LSTM,44,11,7,1
CNN_LSTM,44,11,8,2
CNN_LSTM,44,11,9,0
CNN_LSTM,44,11,10,0
CNN_LSTM,44,11,11,269
LeNet_LSTM,44,0,0,303
LeNet_LSTM,44,0,1,0
LeNet_LSTM,44,0,2,1
LeNet_LSTM,44,0,3,0
LeNet_LSTM,44,0,4,0
LeNet_LSTM,44,0,5,0
LeNet_LSTM,44,0,6,0
LeNet_LSTM,44,0,7,0
LeNet_LSTM,44,0,8,16
LeNet_LSTM,44,0,9,0
LeNet_LSTM,44,0,10,0
LeNet_LSTM,44,0,11,0
LeNet_LSTM,44,1,0,0
LeNet_LSTM,44,1,1,308
LeNet_LSTM,44,1,2,0
LeNet_LSTM,44,1,3,0
LeNet_LSTM,44,1,4,3
LeNet_LSTM,44,1,5,5
LeNet_LSTM,44,1,6,0
LeNet_LSTM,44,1,7,0
LeNet_LSTM,44,1,8,0
LeNet_LSTM,44,1,9,4
LeNet_LSTM,44,1,10,0
LeNet_LSTM,44,1,11,0
LeNet_LSTM,44,2,0,3
LeNet_LSTM,44,2,1,0
LeNet_LSTM,44,2,2,316
LeNet_LSTM,44,2,3,0
LeNet_LSTM,44,2,4,0
LeNet_LSTM,44,2,5,1
LeNet_LSTM,44,2,6,0
LeNet_LSTM,44,2,7,0
LeNet_LSTM,44,2,8,0
LeNet_LSTM,44,2,9,0
LeNet_LSTM,44,2,10,0
LeNet_LSTM,44,2,11,0
LeNet_LSTM,44,3,0,0
LeNet_LSTM,44,3,1,0
LeNet_LSTM,44,3,2,0
LeNet_LSTM,44,3,3,275
LeNet_LSTM,44,3,4,1
LeNet_LSTM,44,3,5,0
LeNet_LSTM,44,3,6,43
LeNet_LSTM,44,3,7,0
LeNet_LSTM,44,3,8,0
LeNet_LSTM,44,3,9,0
LeNet_LSTM,44,3,10,0
LeNet_LSTM,44,3,11,1
LeNet_LSTM,44,4,0,8
LeNet_LSTM,44,4,1,4
LeNet_LSTM,44,4,2,0
LeNet_LSTM,44,4,3,0
LeNet_LSTM,44,4,4,294
LeNet_LSTM,44,4,5,0
LeNet_LSTM,44,4,6,2
LeNet_LSTM,44,4,7,0
LeNet_LSTM,44,4,8,0
LeNet_LSTM,44,4,9,12
LeNet_LSTM,44,4,10,0
LeNet_LSTM,44,4,11,0
LeNet_LSTM,44,5,0,0
LeNet_LSTM,44,5,1,0
LeNet_LSTM,44,5,2,1
LeNet_LSTM,44,5,3,0
LeNet_LSTM,44,5,4,0
LeNet_LSTM,44,5,5,319
LeNet_LSTM,44,5,6,0
LeNet_LSTM,44,5,7,0
LeNet_LSTM,44,5,8,0
LeNet_LSTM,44,5,9,0
LeNet_LSTM,44,5,10,0
LeNet_LSTM,44,5,11,0
LeNet_LSTM,44,6,0,1
LeNet_LSTM,44,6,1,0
LeNet_LSTM,44,6,2,0
LeNet_LSTM,44,6,3,108
LeNet_LSTM,44,6,4,4
LeNet_LSTM,44,6,5,0
LeNet_LSTM,44,6,6,205
LeNet_LSTM,44,6,7,0
LeNet_LSTM,44,6,8,0
LeNet_LSTM,44,6,9,0
LeNet_LSTM,44,6,10,0
LeNet_LSTM,44,6,11,2
LeNet_LSTM,44,7,0,0
LeNet_LSTM,44,7,1,0
LeNet_LSTM,44,7,2,27
LeNet_LSTM,44,7,3,0
LeNet_LSTM,44,7,4,0
LeNet_LSTM,44,7,5,0
LeNet_LSTM,44,7,6,0
LeNet_LSTM,44,7,7,285
LeNet_LSTM,44,7,8,8
LeNet_LSTM,44,7,9,0
LeNet_LSTM,44,7,10,0
LeNet_LSTM,44,7,11,0
LeNet_LSTM,44,8,0,0
LeNet_LSTM,44,8,1,0
LeNet_LSTM,44,8,2,0
LeNet_LSTM,44,8,3,0
LeNet_LSTM,44,8,4,0
LeNet_LSTM,44,8,5,0
LeNet_LSTM,44,8,6,0
LeNet_LSTM,44,8,7,14
LeNet_LSTM,44,8,8,304
LeNet_LSTM,44,8,9,2
LeNet_LSTM,44,8,10,0
LeNet_LSTM,44,8,11,0
LeNet_LSTM,44,9,0,0
LeNet_LSTM,44,9,1,0
LeNet_LSTM,44,9,2,0
LeNet_LSTM,44,9,3,8
LeNet_LSTM,44,9,4,17
LeNet_LSTM,44,9,5,0
LeNet_LSTM,44,9,6,3
LeNet_LSTM,44,9,7,0
LeNet_LSTM,44,9,8,0
LeNet_LSTM,44,9,9,288
LeNet_LSTM,44,9,10,0
LeNet_LSTM,44,9,11,4
LeNet_LSTM,44,10,0,0
LeNet_LSTM,44,10,1,0
LeNet_LSTM,44,10,2,0
LeNet_LSTM,44,10,3,0
LeNet_LSTM,44,10,4,0
LeNet_LSTM,44,10,5,0
LeNet_LSTM,44,10,6,0
LeNet_LSTM,44,10,7,4
LeNet_LSTM,44,10,8,2
LeNet_LSTM,44,10,9,0
LeNet_LSTM,44,10,10,314
LeNet_LSTM,44,10,11,0
LeNet_LSTM,44,11,0,1
LeNet_LSTM,44,11,1,0
LeNet_LSTM,44,11,2,0
LeNet_LSTM,44,11,3,30
LeNet_LSTM,44,11,4,0
LeNet_LSTM,44,11,5,0
LeNet_LSTM,44,11,6,16
LeNet_LSTM,44,11,7,0
LeNet_LSTM,44,11,8,10
LeNet_LSTM,44,11,9,2
LeNet_LSTM,44,11,10,0
LeNet_LSTM,44,11,11,261
TCN,44,0,0,281
TCN,44,0,1,0
TCN,44,0,2,13
TCN,44,0,3,3
TCN,44,0,4,2
TCN,44,0,5,0
TCN,44,0,6,4
TCN,44,0,7,0
TCN,44,0,8,12
TCN,44,0,9,0
TCN,44,0,10,0
TCN,44,0,11,5
TCN,44,1,0,2
TCN,44,1,1,280
TCN,44,1,2,0
TCN,44,1,3,1
TCN,44,1,4,6
TCN,44,1,5,22
TCN,44,1,6,0
TCN,44,1,7,0
TCN,44,1,8,0
TCN,44,1,9,7
TCN,44,1,10,0
TCN,44,1,11,2
TCN,44,2,0,3
TCN,44,2,1,0
TCN,44,2,2,296
TCN,44,2,3,1
TCN,44,2,4,0
TCN,44,2,5,1
TCN,44,2,6,1
TCN,44,2,7,0
TCN,44,2,8,18
TCN,44,2,9,0
TCN,44,2,10,0
TCN,44,2,11,0
TCN,44,3,0,2
TCN,44,3,1,2
TCN,44,3,2,0
TCN,44,3,3,245
TCN,44,3,4,12
TCN,44,3,5,0
TCN,44,3,6,54
TCN,44,3,7,0
TCN,44,3,8,0
TCN,44,3,9,0
TCN,44,3,10,0
TCN,44,3,11,5
TCN,44,4,0,22
TCN,44,4,1,25
TCN,44,4,2,1
TCN,44,4,3,7
TCN,44,4,4,245
TCN,44,4,5,6
TCN,44,4,6,0
TCN,44,4,7,0
TCN,44,4,8,1
TCN,44,4,9,9
TCN,44,4,10,0
TCN,44,4,11,4
TCN,44,5,0,1
TCN,44,5,1,6
TCN,44,5,2,1
TCN,44,5,3,0
TCN,44,5,4,1
TCN,44,5,5,310
TCN,44,5,6,0
TCN,44,5,7,0
TCN,44,5,8,1
TCN,44,5,9,0
TCN,44,5,10,0
TCN,44,5,11,0
TCN,44,6,0,6
TCN,44,6,1,1
TCN,44,6,2,0
TCN,44,6,3,104
TCN,44,6,4,11
TCN,44,6,5,2
TCN,44,6,6,182
TCN,44,6,7,0
TCN,44,6,8,0
TCN,44,6,9,3
TCN,44,6,10,0
TCN,44,6,11,11
TCN,44,7,0,0
TCN,44,7,1,0
TCN,44,7,2,7
TCN,44,7,3,0
TCN,44,7,4,0
TCN,44,7,5,1
TCN,44,7,6,0
TCN,44,7,7,298
TCN,44,7,8,7
TCN,44,7,9,1
TCN,44,7,10,5
TCN,44,7,11,1
TCN,44,8,0,7
TCN,44,8,1,0
TCN,44,8,2,0
TCN,44,8,3,0
TCN,44,8,4,0
TCN,44,8,5,1
TCN,44,8,6,0
TCN,44,8,7,14
TCN,44,8,8,286
TCN,44,8,9,1
TCN,44,8,10,4
TCN,44,8,11,7
TCN,44,9,0,1
TCN,44,9,1,0
TCN,44,9,2,0
TCN,44,9,3,28
TCN,44,9,4,21
TCN,44,9,5,0
TCN,44,9,6,3
TCN,44,9,7,0
TCN,44,9,8,3
TCN,44,9,9,257
TCN,44,9,10,1
TCN,44,9,11,6
TCN,44,10,0,0
TCN,44,10,1,3
TCN,44,10,2,1
TCN,44,10,3,0
TCN,44,10,4,0
TCN,44,10,5,8
TCN,44,10,6,0
TCN,44,10,7,20
TCN,44,10,8,2
TCN,44,10,9,1
TCN,44,10,10,285
TCN,44,10,11,0
TCN,44,11,0,1
TCN,44,11,1,0
TCN,44,11,2,0
TCN,44,11,3,21
TCN,44,11,4,2
TCN,44,11,5,1
TCN,44,11,6,26
TCN,44,11,7,0
TCN,44,11,8,9
TCN,44,11,9,2
TCN,44,11,10,0
TCN,44,11,11,258
Transformer,44,0,0,286
Transformer,44,0,1,0
Transformer,44,0,2,6
Transformer,44,0,3,2
Transformer,44,0,4,7
Transformer,44,0,5,3
Transformer,44,0,6,6
Transformer,44,0,7,0
Transformer,44,0,8,2
Transformer,44,0,9,4
Transformer,44,0,10,2
Transformer,44,0,11,2
Transformer,44,1,0,4
Transformer,44,1,1,195
Transformer,44,1,2,0
Transformer,44,1,3,4
Transformer,44,1,4,35
Transformer,44,1,5,63
Transformer,44,1,6,1
Transformer,44,1,7,1
Transformer,44,1,8,1
Transformer,44,1,9,13
Transformer,44,1,10,2
Transformer,44,1,11,1
Transformer,44,2,0,25
Transformer,44,2,1,2
Transformer,44,2,2,278
Transformer,44,2,3,3
Transformer,44,2,4,1
Transformer,44,2,5,2
Transformer,44,2,6,0
Transformer,44,2,7,1
Transformer,44,2,8,6
Transformer,44,2,9,0
Transformer,44,2,10,1
Transformer,44,2,11,1
Transformer,44,3,0,7
Transformer,44,3,1,4
Transformer,44,3,2,0
Transformer,44,3,3,240
Transformer,44,3,4,6
Transformer,44,3,5,0
Transformer,44,3,6,54
Transformer,44,3,7,0
Transformer,44,3,8,0
Transformer,44,3,9,7
Transformer,44,3,10,0
Transformer,44,3,11,2
Transformer,44,4,0,31
Transformer,44,4,1,45
Transformer,44,4,2,1
Transformer,44,4,3,12
Transformer,44,4,4,197
Transformer,44,4,5,10
Transformer,44,4,6,4
Transformer,44,4,7,3
Transformer,44,4,8,1
Transformer,44,4,9,14
Transformer,44,4,10,0
Transformer,44,4,11,2
Transformer,44,5,0,4
Transformer,44,5,1,39
Transformer,44,5,2,2
Transformer,44,5,3,0
Transformer,44,5,4,5
Transformer,44,5,5,253
Transformer,44,5,6,2
Transformer,44,5,7,5
Transformer,44,5,8,1
Transformer,44,5,9,7
Transformer,44,5,10,1
Transformer,44,5,11,1
Transformer,44,6,0,14
Transformer,44,6,1,4
Transformer,44,6,2,1
Transformer,44,6,3,85
Transformer,44,6,4,22
Transformer,44,6,5,1
Transformer,44,6,6,177
Transformer,44,6,7,2
Transformer,44,6,8,0
Transformer,44,6,9,7
Transformer,44,6,10,0
Transformer,44,6,11,7
Transformer,44,7,0,12
Transformer,44,7,1,2
Transformer,44,7,2,47
Transformer,44,7,3,8
Transformer,44,7,4,0
Transformer,44,7,5,1
Transformer,44,7,6,4
Transformer,44,7,7,134
Transformer,44,7,8,36
Transformer,44,7,9,6
Transformer,44,7,10,69
Transformer,44,7,11,1
Transformer,44,8,0,2
Transformer,44,8,1,0
Transformer,44,8,2,0
Transformer,44,8,3,0
Transformer,44,8,4,0
Transformer,44,8,5,1
Transformer,44,8,6,0
Transformer,44,8,7,2
Transformer,44,8,8,296
Transformer,44,8,9,2
Transformer,44,8,10,12
Transformer,44,8,11,5
Transformer,44,9,0,8
Transformer,44,9,1,0
Transformer,44,9,2,0
Transformer,44,9,3,20
Transformer,44,9,4,46
Transformer,44,9,5,1
Transformer,44,9,6,5
Transformer,44,9,7,2
Transformer,44,9,8,5
Transformer,44,9,9,213
Transformer,44,9,10,9
Transformer,44,9,11,11
Transformer,44,10,0,21
Transformer,44,10,1,2
Transformer,44,10,2,0
Transformer,44,10,3,4
Transformer,44,10,4,3
Transformer,44,10,5,5
Transformer,44,10,6,3
Transformer,44,10,7,41
Transformer,44,10,8,35
Transformer,44,10,9,10
Transformer,44,10,10,195
Transformer,44,10,11,1
Transformer,44,11,0,3
Transformer,44,11,1,2
Transformer,44,11,2,0
Transformer,44,11,3,10
Transformer,44,11,4,4
Transformer,44,11,5,0
Transformer,44,11,6,4
Transformer,44,11,7,3
Transformer,44,11,8,14
Transformer,44,11,9,7
Transformer,44,11,10,0
Transformer,44,11,11,273
LeNet,45,0,0,296
LeNet,45,0,1,1
LeNet,45,0,2,9
LeNet,45,0,3,5
LeNet,45,0,4,1
LeNet,45,0,5,1
LeNet,45,0,6,5
LeNet,45,0,7,0
LeNet,45,0,8,2
LeNet,45,0,9,0
LeNet,45,0,10,0
LeNet,45,0,11,0
LeNet,45,1,0,0
LeNet,45,1,1,274
LeNet,45,1,2,41
LeNet,45,1,3,0
LeNet,45,1,4,1
LeNet,45,1,5,4
LeNet,45,1,6,0
LeNet,45,1,7,0
LeNet,45,1,8,0
LeNet,45,1,9,0
LeNet,45,1,10,0
LeNet,45,1,11,0
LeNet,45,2,0,10
LeNet,45,2,1,1
LeNet,45,2,2,307
LeNet,45,2,3,0
LeNet,45,2,4,1
LeNet,45,2,5,0
LeNet,45,2,6,1
LeNet,45,2,7,0
LeNet,45,2,8,0
LeNet,45,2,9,0
LeNet,45,2,10,0
LeNet,45,2,11,0
LeNet,45,3,0,7
LeNet,45,3,1,0
LeNet,45,3,2,1
LeNet,45,3,3,269
LeNet,45,3,4,0
LeNet,45,3,5,0
LeNet,45,3,6,41
LeNet,45,3,7,0
LeNet,45,3,8,0
LeNet,45,3,9,0
LeNet,45,3,10,0
LeNet,45,3,11,2
LeNet,45,4,0,1
LeNet,45,4,1,3
LeNet,45,4,2,0
LeNet,45,4,3,1
LeNet,45,4,4,315
LeNet,45,4,5,0
LeNet,45,4,6,0
LeNet,45,4,7,0
LeNet,45,4,8,0
LeNet,45,4,9,0
LeNet,45,4,10,0
LeNet,45,4,11,0
LeNet,45,5,0,7
LeNet,45,5,1,12
LeNet,45,5,2,17
LeNet,45,5,3,0
LeNet,45,5,4,2
LeNet,45,5,5,273
LeNet,45,5,6,0
LeNet,45,5,7,1
LeNet,45,5,8,1
LeNet,45,5,9,2
LeNet,45,5,10,5
LeNet,45,5,11,0
LeNet,45,6,0,9
LeNet,45,6,1,0
LeNet,45,6,2,1
LeNet,45,6,3,81
LeNet,45,6,4,2
LeNet,45,6,5,0
LeNet,45,6,6,213
LeNet,45,6,7,0
LeNet,45,6,8,0
LeNet,45,6,9,0
LeNet,45,6,10,1
LeNet,45,6,11,13
LeNet,45,7,0,0
LeNet,45,7,1,0
LeNet,45,7,2,10
LeNet,45,7,3,0
LeNet,45,7,4,0
LeNet,45,7,5,0
LeNet,45,7,6,0
LeNet,45,7,7,250
LeNet,45,7,8,9
LeNet,45,7,9,3
LeNet,45,7,10,48
LeNet,45,7,11,0
LeNet,45,8,0,0
LeNet,45,8,1,0
LeNet,45,8,2,0
LeNet,45,8,3,0
LeNet,45,8,4,0
LeNet,45,8,5,0
LeNet,45,8,6,0
LeNet,45,8,7,15
LeNet,45,8,8,276
LeNet,45,8,9,7
LeNet,45,8,10,14
LeNet,45,8,11,8
LeNet,45,9,0,0
LeNet,45,9,1,0
LeNet,45,9,2,1
LeNet,45,9,3,1
LeNet,45,9,4,0
LeNet,45,9,5,0
LeNet,45,9,6,0
LeNet,45,9,7,11
LeNet,45,9,8,0
LeNet,45,9,9,288
LeNet,45,9,10,1
LeNet,45,9,11,18
LeNet,45,10,0,0
LeNet,45,10,1,0
LeNet,45,10,2,0
LeNet,45,10,3,0
LeNet,45,10,4,0
LeNet,45,10,5,9
LeNet,45,10,6,0
LeNet,45,10,7,65
LeNet,45,10,8,13
LeNet,45,10,9,2
LeNet,45,10,10,231
LeNet,45,10,11,0
LeNet,45,11,0,3
LeNet,45,11,1,0
LeNet,45,11,2,10
LeNet,45,11,3,13
LeNet,45,11,4,0
LeNet,45,11,5,1
LeNet,45,11,6,20
LeNet,45,11,7,0
LeNet,45,11,8,22
LeNet,45,11,9,40
LeNet,45,11,10,0
LeNet,45,11,11,211
ResNet18,45,0,0,309
ResNet18,45,0,1,0
ResNet18,45,0,2,5
ResNet18,45,0,3,3
ResNet18,45,0,4,0
ResNet18,45,0,5,1
ResNet18,45,0,6,0
ResNet18,45,0,7,0
ResNet18,45,0,8,0
ResNet18,45,0,9,0
ResNet18,45,0,10,2
ResNet18,45,0,11,0
ResNet18,45,1,0,0
ResNet18,45,1,1,278
ResNet18,45,1,2,40
ResNet18,45,1,3,0
ResNet18,45,1,4,0
ResNet18,45,1,5,2
ResNet18,45,1,6,0
ResNet18,45,1,7,0
ResNet18,45,1,8,0
ResNet18,45,1,9,0
ResNet18,45,1,10,0
ResNet18,45,1,11,0
ResNet18,45,2,0,4
ResNet18,45,2,1,0
ResNet18,45,2,2,314
ResNet18,45,2,3,2
ResNet18,45,2,4,0
ResNet18,45,2,5,0
ResNet18,45,2,6,0
ResNet18,45,2,7,0
ResNet18,45,2,8,0
ResNet18,45,2,9,0
ResNet18,45,2,10,0
ResNet18,45,2,11,0
ResNet18,45,3,0,6
ResNet18,45,3,1,0
ResNet18,45,3,2,0
ResNet18,45,3,3,276
ResNet18,45,3,4,1
ResNet18,45,3,5,0
ResNet18,45,3,6,37
ResNet18,45,3,7,0
ResNet18,45,3,8,0
ResNet18,45,3,9,0
ResNet18,45,3,10,0
ResNet18,45,3,11,0
ResNet18,45,4,0,0
ResNet18,45,4,1,1
ResNet18,45,4,2,0
ResNet18,45,4,3,0
ResNet18,45,4,4,319
ResNet18,45,4,5,0
ResNet18,45,4,6,0
ResNet18,45,4,7,0
ResNet18,45,4,8,0
ResNet18,45,4,9,0
ResNet18,45,4,10,0
ResNet18,45,4,11,0
ResNet18,45,5,0,0
ResNet18,45,5,1,3
ResNet18,45,5,2,0
ResNet18,45,5,3,0
ResNet18,45,5,4,0
ResNet18,45,5,5,317
ResNet18,45,5,6,0
ResNet18,45,5,7,0
ResNet18,45,5,8,0
ResNet18,45,5,9,0
ResNet18,45,5,10,0
ResNet18,45,5,11,0
ResNet18,45,6,0,3
ResNet18,45,6,1,0
ResNet18,45,6,2,0
ResNet18,45,6,3,108
ResNet18,45,6,4,2
ResNet18,45,6,5,0
ResNet18,45,6,6,205
ResNet18,45,6,7,1
ResNet18,45,6,8,0
ResNet18,45,6,9,0
ResNet18,45,6,10,1
ResNet18,45,6,11,0
ResNet18,45,7,0,0
ResNet18,45,7,1,0
ResNet18,45,7,2,19
ResNet18,45,7,3,0
ResNet18,45,7,4,0
ResNet18,45,7,5,4
ResNet18,45,7,6,0
ResNet18,45,7,7,287
ResNet18,45,7,8,0
ResNet18,45,7,9,0
ResNet18,45,7,10,9
ResNet18,45,7,11,1
ResNet18,45,8,0,0
ResNet18,45,8,1,0
ResNet18,45,8,2,0
ResNet18,45,8,3,0
ResNet18,45,8,4,0
ResNet18,45,8,5,0
ResNet18,45,8,6,0
ResNet18,45,8,7,1
ResNet18,45,8,8,305
ResNet18,45,8,9,1
ResNet18,45,8,10,11
ResNet18,45,8,11,2
ResNet18,45,9,0,0
ResNet18,45,9,1,0
ResNet18,45,9,2,0
ResNet18,45,9,3,0
ResNet18,45,9,4,0
ResNet18,45,9,5,0
ResNet18,45,9,6,0
ResNet18,45,9,7,0
ResNet18,45,9,8,0
ResNet18,45,9,9,320
ResNet18,45,9,10,0
ResNet18,45,9,11,0
ResNet18,45,10,0,0
ResNet18,45,10,1,0
ResNet18,45,10,2,0
ResNet18,45,10,3,0
ResNet18,45,10,4,0
ResNet18,45,10,5,0
ResNet18,45,10,6,0
ResNet18,45,10,7,25
ResNet18,45,10,8,0
ResNet18,45,10,9,0
ResNet18,45,10,10,295
ResNet18,45,10,11,0
ResNet18,45,11,0,1
ResNet18,45,11,1,0
ResNet18,45,11,2,0
ResNet18,45,11,3,32
ResNet18,45,11,4,1
ResNet18,45,11,5,0
ResNet18,45,11,6,17
ResNet18,45,11,7,3
ResNet18,45,11,8,1
ResNet18,45,11,9,5
ResNet18,45,11,10,1
ResNet18,45,11,11,259
MobileNet_V2,45,0,0,303
MobileNet_V2,45,0,1,0
MobileNet_V2,45,0,2,5
MobileNet_V2,45,0,3,9
MobileNet_V2,45,0,4,1
MobileNet_V2,45,0,5,0
MobileNet_V2,45,0,6,0
MobileNet_V2,45,0,7,1
MobileNet_V2,45,0,8,0
MobileNet_V2,45,0,9,0
MobileNet_V2,45,0,10,1
MobileNet_V2,45,0,11,0
MobileNet_V2,45,1,0,0
MobileNet_V2,45,1,1,279
MobileNet_V2,45,1,2,40
MobileNet_V2,45,1,3,0
MobileNet_V2,45,1,4,0
MobileNet_V2,45,1,5,1
MobileNet_V2,45,1,6,0
MobileNet_V2,45,1,7,0
MobileNet_V2,45,1,8,0
MobileNet_V2,45,1,9,0
MobileNet_V2,45,1,10,0
MobileNet_V2,45,1,11,0
MobileNet_V2,45,2,0,9
MobileNet_V2,45,2,1,0
MobileNet_V2,45,2,2,308
MobileNet_V2,45,2,3,1
MobileNet_V2,45,2,4,0
MobileNet_V2,45,2,5,0
MobileNet_V2,45,2,6,1
MobileNet_V2,45,2,7,0
MobileNet_V2,45,2,8,1
MobileNet_V2,45,2,9,0
MobileNet_V2,45,2,10,0
MobileNet_V2,45,2,11,0
MobileNet_V2,45,3,0,6
MobileNet_V2,45,3,1,0
MobileNet_V2,45,3,2,0
MobileNet_V2,45,3,3,279
MobileNet_V2,45,3,4,0
MobileNet_V2,45,3,5,0
MobileNet_V2,45,3,6,35
MobileNet_V2,45,3,7,0
MobileNet_V2,45,3,8,0
MobileNet_V2,45,3,9,0
MobileNet_V2,45,3,10,0
MobileNet_V2,45,3,11,0
MobileNet_V2,45,4,0,0
MobileNet_V2,45,4,1,0
MobileNet_V2,45,4,2,0
MobileNet_V2,45,4,3,0
MobileNet_V2,45,4,4,320
MobileNet_V2,45,4,5,0
MobileNet_V2,45,4,6,0
MobileNet_V2,45,4,7,0
MobileNet_V2,45,4,8,0
MobileNet_V2,45,4,9,0
MobileNet_V2,45,4,10,0
MobileNet_V2,45,4,11,0
MobileNet_V2,45,5,0,0
MobileNet_V2,45,5,1,3
MobileNet_V2,45,5,2,0
MobileNet_V2,45,5,3,0
MobileNet_V2,45,5,4,0
MobileNet_V2,45,5,5,317
MobileNet_V2,45,5,6,0
MobileNet_V2,45,5,7,0
MobileNet_V2,45,5,8,0
MobileNet_V2,45,5,9,0
MobileNet_V2,45,5,10,0
MobileNet_V2,45,5,11,0
MobileNet_V2,45,6,0,0
MobileNet_V2,45,6,1,0
MobileNet_V2,45,6,2,0
MobileNet_V2,45,6,3,119
MobileNet_V2,45,6,4,2
MobileNet_V2,45,6,5,0
MobileNet_V2,45,6,6,190
MobileNet_V2,45,6,7,1
MobileNet_V2,45,6,8,0
MobileNet_V2,45,6,9,0
MobileNet_V2,45,6,10,0
MobileNet_V2,45,6,11,8
MobileNet_V2,45,7,0,0
MobileNet_V2,45,7,1,0
MobileNet_V2,45,7,2,8
MobileNet_V2,45,7,3,0
MobileNet_V2,45,7,4,0
MobileNet_V2,45,7,5,1
MobileNet_V2,45,7,6,0
MobileNet_V2,45,7,7,262
MobileNet_V2,45,7,8,9
MobileNet_V2,45,7,9,1
MobileNet_V2,45,7,10,38
MobileNet_V2,45,7,11,1
MobileNet_V2,45,8,0,0
MobileNet_V2,45,8,1,0
MobileNet_V2,45,8,2,0
MobileNet_V2,45,8,3,0
MobileNet_V2,45,8,4,0
MobileNet_V2,45,8,5,0
MobileNet_V2,45,8,6,0
MobileNet_V2,45,8,7,0
MobileNet_V2,45,8,8,303
MobileNet_V2,45,8,9,0
MobileNet_V2,45,8,10,0
MobileNet_V2,45,8,11,17
MobileNet_V2,45,9,0,0
MobileNet_V2,45,9,1,0
MobileNet_V2,45,9,2,0
MobileNet_V2,45,9,3,0
MobileNet_V2,45,9,4,0
MobileNet_V2,45,9,5,0
MobileNet_V2,45,9,6,0
MobileNet_V2,45,9,7,0
MobileNet_V2,45,9,8,0
MobileNet_V2,45,9,9,320
MobileNet_V2,45,9,10,0
MobileNet_V2,45,9,11,0
MobileNet_V2,45,10,0,0
MobileNet_V2,45,10,1,1
MobileNet_V2,45,10,2,0
MobileNet_V2,45,10,3,0
MobileNet_V2,45,10,4,0
MobileNet_V2,45,10,5,2
MobileNet_V2,45,10,6,0
MobileNet_V2,45,10,7,23
MobileNet_V2,45,10,8,1
MobileNet_V2,45,10,9,3
MobileNet_V2,45,10,10,290
MobileNet_V2,45,10,11,0
MobileNet_V2,45,11,0,0
MobileNet_V2,45,11,1,0
MobileNet_V2,45,11,2,0
MobileNet_V2,45,11,3,34
MobileNet_V2,45,11,4,0
MobileNet_V2,45,11,5,0
MobileNet_V2,45,11,6,7
MobileNet_V2,45,11,7,0
MobileNet_V2,45,11,8,0
MobileNet_V2,45,11,9,7
MobileNet_V2,45,11,10,0
MobileNet_V2,45,11,11,272
EfficientNet_B0,45,0,0,309
EfficientNet_B0,45,0,1,0
EfficientNet_B0,45,0,2,5
EfficientNet_B0,45,0,3,6
EfficientNet_B0,45,0,4,0
EfficientNet_B0,45,0,5,0
EfficientNet_B0,45,0,6,0
EfficientNet_B0,45,0,7,0
EfficientNet_B0,45,0,8,0
EfficientNet_B0,45,0,9,0
EfficientNet_B0,45,0,10,0
EfficientNet_B0,45,0,11,0
EfficientNet_B0,45,1,0,0
EfficientNet_B0,45,1,1,277
EfficientNet_B0,45,1,2,40
EfficientNet_B0,45,1,3,0
EfficientNet_B0,45,1,4,0
EfficientNet_B0,45,1,5,3
EfficientNet_B0,45,1,6,0
EfficientNet_B0,45,1,7,0
EfficientNet_B0,45,1,8,0
EfficientNet_B0,45,1,9,0
EfficientNet_B0,45,1,10,0
EfficientNet_B0,45,1,11,0
EfficientNet_B0,45,2,0,5
EfficientNet_B0,45,2,1,0
EfficientNet_B0,45,2,2,312
EfficientNet_B0,45,2,3,0
EfficientNet_B0,45,2,4,0
EfficientNet_B0,45,2,5,1
EfficientNet_B0,45,2,6,1
EfficientNet_B0,45,2,7,1
EfficientNet_B0,45,2,8,0
EfficientNet_B0,45,2,9,0
EfficientNet_B0,45,2,10,0
EfficientNet_B0,45,2,11,0
EfficientNet_B0,45,3,0,0
EfficientNet_B0,45,3,1,0
EfficientNet_B0,45,3,2,0
EfficientNet_B0,45,3,3,279
EfficientNet_B0,45,3,4,1
EfficientNet_B0,45,3,5,0
EfficientNet_B0,45,3,6,39
EfficientNet_B0,45,3,7,0
EfficientNet_B0,45,3,8,0
EfficientNet_B0,45,3,9,0
EfficientNet_B0,45,3,10,0
EfficientNet_B0,45,3,11,1
EfficientNet_B0,45,4,0,0
EfficientNet_B0,45,4,1,0
EfficientNet_B0,45,4,2,0
EfficientNet_B0,45,4,3,0
EfficientNet_B0,45,4,4,320
EfficientNet_B0,45,4,5,0
EfficientNet_B0,45,4,6,0
EfficientNet_B0,45,4,7,0
EfficientNet_B0,45,4,8,0
EfficientNet_B0,45,4,9,0
EfficientNet_B0,45,4,10,0
EfficientNet_B0,45,4,11,0
EfficientNet_B0,45,5,0,0
EfficientNet_B0,45,5,1,3
EfficientNet_B0,45,5,2,0
EfficientNet_B0,45,5,3,0
EfficientNet_B0,45,5,4,0
EfficientNet_B0,45,5,5,315
EfficientNet_B0,45,5,6,0
EfficientNet_B0,45,5,7,0
EfficientNet_B0,45,5,8,0
EfficientNet_B0,45,5,9,0
EfficientNet_B0,45,5,10,2
EfficientNet_B0,45,5,11,0
EfficientNet_B0,45,6,0,1
EfficientNet_B0,45,6,1,0
EfficientNet_B0,45,6,2,0
EfficientNet_B0,45,6,3,114
EfficientNet_B0,45,6,4,4
EfficientNet_B0,45,6,5,0
EfficientNet_B0,45,6,6,199
EfficientNet_B0,45,6,7,0
EfficientNet_B0,45,6,8,0
EfficientNet_B0,45,6,9,1
EfficientNet_B0,45,6,10,0
EfficientNet_B0,45,6,11,1
EfficientNet_B0,45,7,0,0
EfficientNet_B0,45,7,1,0
EfficientNet_B0,45,7,2,1
EfficientNet_B0,45,7,3,0
EfficientNet_B0,45,7,4,0
EfficientNet_B0,45,7,5,0
EfficientNet_B0,45,7,6,0
EfficientNet_B0,45,7,7,261
EfficientNet_B0,45,7,8,0
EfficientNet_B0,45,7,9,1
EfficientNet_B0,45,7,10,57
EfficientNet_B0,45,7,11,0
EfficientNet_B0,45,8,0,0
EfficientNet_B0,45,8,1,0
EfficientNet_B0,45,8,2,0
EfficientNet_B0,45,8,3,0
EfficientNet_B0,45,8,4,0
EfficientNet_B0,45,8,5,0
EfficientNet_B0,45,8,6,0
EfficientNet_B0,45,8,7,1
EfficientNet_B0,45,8,8,302
EfficientNet_B0,45,8,9,0
EfficientNet_B0,45,8,10,2
EfficientNet_B0,45,8,11,15
EfficientNet_B0,45,9,0,0
EfficientNet_B0,45,9,1,0
EfficientNet_B0,45,9,2,0
EfficientNet_B0,45,9,3,0
EfficientNet_B0,45,9,4,0
EfficientNet_B0,45,9,5,0
EfficientNet_B0,45,9,6,0
EfficientNet_B0,45,9,7,0
EfficientNet_B0,45,9,8,0
EfficientNet_B0,45,9,9,320
EfficientNet_B0,45,9,10,0
EfficientNet_B0,45,9,11,0
EfficientNet_B0,45,10,0,0
EfficientNet_B0,45,10,1,0
EfficientNet_B0,45,10,2,0
EfficientNet_B0,45,10,3,0
EfficientNet_B0,45,10,4,0
EfficientNet_B0,45,10,5,0
EfficientNet_B0,45,10,6,0
EfficientNet_B0,45,10,7,24
EfficientNet_B0,45,10,8,0
EfficientNet_B0,45,10,9,0
EfficientNet_B0,45,10,10,296
EfficientNet_B0,45,10,11,0
EfficientNet_B0,45,11,0,0
EfficientNet_B0,45,11,1,0
EfficientNet_B0,45,11,2,0
EfficientNet_B0,45,11,3,8
EfficientNet_B0,45,11,4,1
EfficientNet_B0,45,11,5,0
EfficientNet_B0,45,11,6,10
EfficientNet_B0,45,11,7,2
EfficientNet_B0,45,11,8,1
EfficientNet_B0,45,11,9,22
EfficientNet_B0,45,11,10,0
EfficientNet_B0,45,11,11,276
LSTM,45,0,0,272
LSTM,45,0,1,0
LSTM,45,0,2,13
LSTM,45,0,3,1
LSTM,45,0,4,5
LSTM,45,0,5,9
LSTM,45,0,6,6
LSTM,45,0,7,0
LSTM,45,0,8,8
LSTM,45,0,9,1
LSTM,45,0,10,0
LSTM,45,0,11,5
LSTM,45,1,0,0
LSTM,45,1,1,259
LSTM,45,1,2,40
LSTM,45,1,3,0
LSTM,45,1,4,0
LSTM,45,1,5,18
LSTM,45,1,6,0
LSTM,45,1,7,0
LSTM,45,1,8,0
LSTM,45,1,9,0
LSTM,45,1,10,1
LSTM,45,1,11,2
LSTM,45,2,0,12
LSTM,45,2,1,0
LSTM,45,2,2,302
LSTM,45,2,3,0
LSTM,45,2,4,0
LSTM,45,2,5,1
LSTM,45,2,6,1
LSTM,45,2,7,0
LSTM,45,2,8,1
LSTM,45,2,9,0
LSTM,45,2,10,0
LSTM,45,2,11,3
LSTM,45,3,0,1
LSTM,45,3,1,1
LSTM,45,3,2,2
LSTM,45,3,3,273
LSTM,45,3,4,1
LSTM,45,3,5,0
LSTM,45,3,6,33
LSTM,45,3,7,0
LSTM,45,3,8,0
LSTM,45,3,9,2
LSTM,45,3,10,0
LSTM,45,3,11,7
LSTM,45,4,0,1
LSTM,45,4,1,37
LSTM,45,4,2,0
LSTM,45,4,3,1
LSTM,45,4,4,267
LSTM,45,4,5,4
LSTM,45,4,6,0
LSTM,45,4,7,0
LSTM,45,4,8,0
LSTM,45,4,9,7
LSTM,45,4,10,1
LSTM,45,4,11,2
LSTM,45,5,0,0
LSTM,45,5,1,6
LSTM,45,5,2,1
LSTM,45,5,3,0
LSTM,45,5,4,1
LSTM,45,5,5,304
LSTM,45,5,6,0
LSTM,45,5,7,0
LSTM,45,5,8,0
LSTM,45,5,9,2
LSTM,45,5,10,6
LSTM,45,5,11,0
LSTM,45,6,0,4
LSTM,45,6,1,16
LSTM,45,6,2,3
LSTM,45,6,3,105
LSTM,45,6,4,3
LSTM,45,6,5,1
LSTM,45,6,6,181
LSTM,45,6,7,0
LSTM,45,6,8,0
LSTM,45,6,9,0
LSTM,45,6,10,1
LSTM,45,6,11,6
LSTM,45,7,0,16
LSTM,45,7,1,1
LSTM,45,7,2,12
LSTM,45,7,3,0
LSTM,45,7,4,0
LSTM,45,7,5,2
LSTM,45,7,6,0
LSTM,45,7,7,251
LSTM,45,7,8,20
LSTM,45,7,9,1
LSTM,45,7,10,10
LSTM,45,7,11,7
LSTM,45,8,0,2
LSTM,45,8,1,0
LSTM,45,8,2,2
LSTM,45,8,3,0
LSTM,45,8,4,0
LSTM,45,8,5,6
LSTM,45,8,6,0
LSTM,45,8,7,0
LSTM,45,8,8,302
LSTM,45,8,9,3
LSTM,45,8,10,1
LSTM,45,8,11,4
LSTM,45,9,0,1
LSTM,45,9,1,12
LSTM,45,9,2,0
LSTM,45,9,3,0
LSTM,45,9,4,3
LSTM,45,9,5,1
LSTM,45,9,6,10
LSTM,45,9,7,0
LSTM,45,9,8,0
LSTM,45,9,9,292
LSTM,45,9,10,0
LSTM,45,9,11,1
LSTM,45,10,0,0
LSTM,45,10,1,0
LSTM,45,10,2,0
LSTM,45,10,3,0
LSTM,45,10,4,0
LSTM,45,10,5,0
LSTM,45,10,6,0
LSTM,45,10,7,26
LSTM,45,10,8,5
LSTM,45,10,9,0
LSTM,45,10,10,289
LSTM,45,10,11,0
LSTM,45,11,0,3
LSTM,45,11,1,0
LSTM,45,11,2,0
LSTM,45,11,3,29
LSTM,45,11,4,0
LSTM,45,11,5,0
LSTM,45,11,6,17
LSTM,45,11,7,1
LSTM,45,11,8,13
LSTM,45,11,9,9
LSTM,45,11,10,0
LSTM,45,11,11,248
GRU,45,0,0,282
GRU,45,0,1,0
GRU,45,0,2,9
GRU,45,0,3,3
GRU,45,0,4,2
GRU,45,0,5,7
GRU,45,0,6,4
GRU,45,0,7,0
GRU,45,0,8,7
GRU,45,0,9,0
GRU,45,0,10,0
GRU,45,0,11,6
GRU,45,1,0,0
GRU,45,1,1,240
GRU,45,1,2,40
GRU,45,1,3,0
GRU,45,1,4,6
GRU,45,1,5,30
GRU,45,1,6,0
GRU,45,1,7,0
GRU,45,1,8,0
GRU,45,1,9,0
GRU,45,1,10,4
GRU,45,1,11,0
GRU,45,2,0,8
GRU,45,2,1,0
GRU,45,2,2,307
GRU,45,2,3,2
GRU,45,2,4,0
GRU,45,2,5,0
GRU,45,2,6,1
GRU,45,2,7,0
GRU,45,2,8,1
GRU,45,2,9,0
GRU,45,2,10,0
GRU,45,2,11,1
GRU,45,3,0,2
GRU,45,3,1,1
GRU,45,3,2,0
GRU,45,3,3,273
GRU,45,3,4,2
GRU,45,3,5,0
GRU,45,3,6,38
GRU,45,3,7,0
GRU,45,3,8,0
GRU,45,3,9,1
GRU,45,3,10,0
GRU,45,3,11,3
GRU,45,4,0,6
GRU,45,4,1,27
GRU,45,4,2,0
GRU,45,4,3,2
GRU,45,4,4,277
GRU,45,4,5,4
GRU,45,4,6,1
GRU,45,4,7,1
GRU,45,4,8,1
GRU,45,4,9,1
GRU,45,4,10,0
GRU,45,4,11,0
GRU,45,5,0,1
GRU,45,5,1,6
GRU,45,5,2,0
GRU,45,5,3,0
GRU,45,5,4,0
GRU,45,5,5,312
GRU,45,5,6,0
GRU,45,5,7,0
GRU,45,5,8,1
GRU,45,5,9,0
GRU,45,5,10,0
GRU,45,5,11,0
GRU,45,6,0,4
GRU,45,6,1,10
GRU,45,6,2,0
GRU,45,6,3,84
GRU,45,6,4,9
GRU,45,6,5,0
GRU,45,6,6,210
GRU,45,6,7,1
GRU,45,6,8,0
GRU,45,6,9,0
GRU,45,6,10,0
GRU,45,6,11,2
GRU,45,7,0,4
GRU,45,7,1,0
GRU,45,7,2,16
GRU,45,7,3,0
GRU,45,7,4,0
GRU,45,7,5,3
GRU,45,7,6,5
GRU,45,7,7,262
GRU,45,7,8,18
GRU,45,7,9,0
GRU,45,7,10,3
GRU,45,7,11,9
GRU,45,8,0,5
GRU,45,8,1,0
GRU,45,8,2,7
GRU,45,8,3,0
GRU,45,8,4,1
GRU,45,8,5,0
GRU,45,8,6,0
GRU,45,8,7,1
GRU,45,8,8,297
GRU,45,8,9,3
GRU,45,8,10,1
GRU,45,8,11,5
GRU,45,9,0,1
GRU,45,9,1,5
GRU,45,9,2,0
GRU,45,9,3,1
GRU,45,9,4,11
GRU,45,9,5,0
GRU,45,9,6,2
GRU,45,9,7,0
GRU,45,9,8,0
GRU,45,9,9,297
GRU,45,9,10,1
GRU,45,9,11,2
GRU,45,10,0,0
GRU,45,10,1,1
GRU,45,10,2,0
GRU,45,10,3,0
GRU,45,10,4,0
GRU,45,10,5,1
GRU,45,10,6,0
GRU,45,10,7,8
GRU,45,10,8,0
GRU,45,10,9,1
GRU,45,10,10,309
GRU,45,10,11,0
GRU,45,11,0,2
GRU,45,11,1,0
GRU,45,11,2,0
GRU,45,11,3,28
GRU,45,11,4,0
GRU,45,11,5,0
GRU,45,11,6,30
GRU,45,11,7,0
GRU,45,11,8,3
GRU,45,11,9,0
GRU,45,11,10,0
GRU,45,11,11,257
CNN_LSTM,45,0,0,300
CNN_LSTM,45,0,1,0
CNN_LSTM,45,0,2,0
CNN_LSTM,45,0,3,7
CNN_LSTM,45,0,4,4
CNN_LSTM,45,0,5,0
CNN_LSTM,45,0,6,0
CNN_LSTM,45,0,7,0
CNN_LSTM,45,0,8,4
CNN_LSTM,45,0,9,0
CNN_LSTM,45,0,10,1
CNN_LSTM,45,0,11,4
CNN_LSTM,45,1,0,0
CNN_LSTM,45,1,1,278
CNN_LSTM,45,1,2,40
CNN_LSTM,45,1,3,0
CNN_LSTM,45,1,4,0
CNN_LSTM,45,1,5,2
CNN_LSTM,45,1,6,0
CNN_LSTM,45,1,7,0
CNN_LSTM,45,1,8,0
CNN_LSTM,45,1,9,0
CNN_LSTM,45,1,10,0
CNN_LSTM,45,1,11,0
CNN_LSTM,45,2,0,7
CNN_LSTM,45,2,1,0
CNN_LSTM,45,2,2,299
CNN_LSTM,45,2,3,0
CNN_LSTM,45,2,4,0
CNN_LSTM,45,2,5,0
CNN_LSTM,45,2,6,5
CNN_LSTM,45,2,7,0
CNN_LSTM,45,2,8,9
CNN_LSTM,45,2,9,0
CNN_LSTM,45,2,10,0
CNN_LSTM,45,2,11,0
CNN_LSTM,45,3,0,0
CNN_LSTM,45,3,1,1
CNN_LSTM,45,3,2,0
CNN_LSTM,45,3,3,292
CNN_LSTM,45,3,4,4
CNN_LSTM,45,3,5,0
CNN_LSTM,45,3,6,13
CNN_LSTM,45,3,7,0
CNN_LSTM,45,3,8,0
CNN_LSTM,45,3,9,1
CNN_LSTM,45,3,10,0
CNN_LSTM,45,3,11,9
CNN_LSTM,45,4,0,0
CNN_LSTM,45,4,1,0
CNN_LSTM,45,4,2,0
CNN_LSTM,45,4,3,0
CNN_LSTM,45,4,4,319
CNN_LSTM,45,4,5,0
CNN_LSTM,45,4,6,0
CNN_LSTM,45,4,7,0
CNN_LSTM,45,4,8,0
CNN_LSTM,45,4,9,1
CNN_LSTM,45,4,10,0
CNN_LSTM,45,4,11,0
CNN_LSTM,45,5,0,0
CNN_LSTM,45,5,1,0
CNN_LSTM,45,5,2,0
CNN_LSTM,45,5,3,0
CNN_LSTM,45,5,4,0
CNN_LSTM,45,5,5,320
CNN_LSTM,45,5,6,0
CNN_LSTM,45,5,7,0
CNN_LSTM,45,5,8,0
CNN_LSTM,45,5,9,0
CNN_LSTM,45,5,10,0
CNN_LSTM,45,5,11,0
CNN_LSTM,45,6,0,0
CNN_LSTM,45,6,1,0
CNN_LSTM,45,6,2,0
CNN_LSTM,45,6,3,114
CNN_LSTM,45,6,4,2
CNN_LSTM,45,6,5,0
CNN_LSTM,45,6,6,188
CNN_LSTM,45,6,7,0
CNN_LSTM,45,6,8,0
CNN_LSTM,45,6,9,0
CNN_LSTM,45,6,10,1
CNN_LSTM,45,6,11,15
CNN_LSTM,45,7,0,2
CNN_LSTM,45,7,1,0
CNN_LSTM,45,7,2,0
CNN_LSTM,45,7,3,0
CNN_LSTM,45,7,4,0
CNN_LSTM,45,7,5,1
CNN_LSTM,45,7,6,0
CNN_LSTM,45,7,7,258
CNN_LSTM,45,7,8,30
CNN_LSTM,45,7,9,1
CNN_LSTM,45,7,10,18
CNN_LSTM,45,7,11,10
CNN_LSTM,45,8,0,6
CNN_LSTM,45,8,1,0
CNN_LSTM,45,8,2,3
CNN_LSTM,45,8,3,0
CNN_LSTM,45,8,4,0
CNN_LSTM,45,8,5,0
CNN_LSTM,45,8,6,0
CNN_LSTM,45,8,7,1
CNN_LSTM,45,8,8,285
CNN_LSTM,45,8,9,0
CNN_LSTM,45,8,10,1
CNN_LSTM,45,8,11,24
CNN_LSTM,45,9,0,0
CNN_LSTM,45,9,1,0
CNN_LSTM,45,9,2,0
CNN_LSTM,45,9,3,0
CNN_LSTM,45,9,4,0
CNN_LSTM,45,9,5,0
CNN_LSTM,45,9,6,0
CNN_LSTM,45,9,7,0
CNN_LSTM,45,9,8,0
CNN_LSTM,45,9,9,314
CNN_LSTM,45,9,10,0
CNN_LSTM,45,9,11,6
CNN_LSTM,45,10,0,0
CNN_LSTM,45,10,1,0
CNN_LSTM,45,10,2,0
CNN_LSTM,45,10,3,0
CNN_LSTM,45,10,4,0
CNN_LSTM,45,10,5,0
CNN_LSTM,45,10,6,0
CNN_LSTM,45,10,7,17
CNN_LSTM,45,10,8,2
CNN_LSTM,45,10,9,0
CNN_LSTM,45,10,10,301
CNN_LSTM,45,10,11,0
CNN_LSTM,45,11,0,1
CNN_LSTM,45,11,1,0
CNN_LSTM,45,11,2,0
CNN_LSTM,45,11,3,44
CNN_LSTM,45,11,4,1
CNN_LSTM,45,11,5,0
CNN_LSTM,45,11,6,14
CNN_LSTM,45,11,7,0
CNN_LSTM,45,11,8,0
CNN_LSTM,45,11,9,1
CNN_LSTM,45,11,10,0
CNN_LSTM,45,11,11,259
LeNet_LSTM,45,0,0,299
LeNet_LSTM,45,0,1,0
LeNet_LSTM,45,0,2,0
LeNet_LSTM,45,0,3,0
LeNet_LSTM,45,0,4,3
LeNet_LSTM,45,0,5,0
LeNet_LSTM,45,0,6,3
LeNet_LSTM,45,0,7,1
LeNet_LSTM,45,0,8,11
LeNet_LSTM,45,0,9,1
LeNet_LSTM,45,0,10,0
LeNet_LSTM,45,0,11,2
LeNet_LSTM,45,1,0,0
LeNet_LSTM,45,1,1,275
LeNet_LSTM,45,1,2,40
LeNet_LSTM,45,1,3,0
LeNet_LSTM,45,1,4,4
LeNet_LSTM,45,1,5,1
LeNet_LSTM,45,1,6,0
LeNet_LSTM,45,1,7,0
LeNet_LSTM,45,1,8,0
LeNet_LSTM,45,1,9,0
LeNet_LSTM,45,1,10,0
LeNet_LSTM,45,1,11,0
LeNet_LSTM,45,2,0,1
LeNet_LSTM,45,2,1,0
LeNet_LSTM,45,2,2,302
LeNet_LSTM,45,2,3,0
LeNet_LSTM,45,2,4,0
LeNet_LSTM,45,2,5,0
LeNet_LSTM,45,2,6,3
LeNet_LSTM,45,2,7,0
LeNet_LSTM,45,2,8,13
LeNet_LSTM,45,2,9,0
LeNet_LSTM,45,2,10,0
LeNet_LSTM,45,2,11,1
LeNet_LSTM,45,3,0,0
LeNet_LSTM,45,3,1,0
LeNet_LSTM,45,3,2,0
LeNet_LSTM,45,3,3,255
LeNet_LSTM,45,3,4,6
LeNet_LSTM,45,3,5,0
LeNet_LSTM,45,3,6,55
LeNet_LSTM,45,3,7,0
LeNet_LSTM,45,3,8,0
LeNet_LSTM,45,3,9,0
LeNet_LSTM,45,3,10,0
LeNet_LSTM,45,3,11,4
LeNet_LSTM,45,4,0,0
LeNet_LSTM,45,4,1,0
LeNet_LSTM,45,4,2,0
LeNet_LSTM,45,4,3,0
LeNet_LSTM,45,4,4,320
LeNet_LSTM,45,4,5,0
LeNet_LSTM,45,4,6,0
LeNet_LSTM,45,4,7,0
LeNet_LSTM,45,4,8,0
LeNet_LSTM,45,4,9,0
LeNet_LSTM,45,4,10,0
LeNet_LSTM,45,4,11,0
LeNet_LSTM,45,5,0,0
LeNet_LSTM,45,5,1,1
LeNet_LSTM,45,5,2,0
LeNet_LSTM,45,5,3,0
LeNet_LSTM,45,5,4,0
LeNet_LSTM,45,5,5,318
LeNet_LSTM,45,5,6,0
LeNet_LSTM,45,5,7,0
LeNet_LSTM,45,5,8,0
LeNet_LSTM,45,5,9,1
LeNet_LSTM,45,5,10,0
LeNet_LSTM,45,5,11,0
LeNet_LSTM,45,6,0,1
LeNet_LSTM,45,6,1,0
LeNet_LSTM,45,6,2,0
LeNet_LSTM,45,6,3,85
LeNet_LSTM,45,6,4,7
LeNet_LSTM,45,6,5,0
LeNet_LSTM,45,6,6,217
LeNet_LSTM,45,6,7,0
LeNet_LSTM,45,6,8,0
LeNet_LSTM,45,6,9,1
LeNet_LSTM,45,6,10,0
LeNet_LSTM,45,6,11,9
LeNet_LSTM,45,7,0,4
LeNet_LSTM,45,7,1,0
LeNet_LSTM,45,7,2,0
LeNet_LSTM,45,7,3,0
LeNet_LSTM,45,7,4,0
LeNet_LSTM,45,7,5,2
LeNet_LSTM,45,7,6,0
LeNet_LSTM,45,7,7,270
LeNet_LSTM,45,7,8,38
LeNet_LSTM,45,7,9,1
LeNet_LSTM,45,7,10,3
LeNet_LSTM,45,7,11,2
LeNet_LSTM,45,8,0,0
LeNet_LSTM,45,8,1,0
LeNet_LSTM,45,8,2,5
LeNet_LSTM,45,8,3,0
LeNet_LSTM,45,8,4,0
LeNet_LSTM,45,8,5,0
LeNet_LSTM,45,8,6,0
LeNet_LSTM,45,8,7,1
LeNet_LSTM,45,8,8,314
LeNet_LSTM,45,8,9,0
LeNet_LSTM,45,8,10,0
LeNet_LSTM,45,8,11,0
LeNet_LSTM,45,9,0,0
LeNet_LSTM,45,9,1,0
LeNet_LSTM,45,9,2,0
LeNet_LSTM,45,9,3,0
LeNet_LSTM,45,9,4,1
LeNet_LSTM,45,9,5,0
LeNet_LSTM,45,9,6,0
LeNet_LSTM,45,9,7,0
LeNet_LSTM,45,9,8,0
LeNet_LSTM,45,9,9,317
LeNet_LSTM,45,9,10,0
LeNet_LSTM,45,9,11,2
LeNet_LSTM,45,10,0,0
LeNet_LSTM,45,10,1,0
LeNet_LSTM,45,10,2,0
LeNet_LSTM,45,10,3,0
LeNet_LSTM,45,10,4,0
LeNet_LSTM,45,10,5,0
LeNet_LSTM,45,10,6,0
LeNet_LSTM,45,10,7,7
LeNet_LSTM,45,10,8,6
LeNet_LSTM,45,10,9,0
LeNet_LSTM,45,10,10,307
LeNet_LSTM,45,10,11,0
LeNet_LSTM,45,11,0,0
LeNet_LSTM,45,11,1,0
LeNet_LSTM,45,11,2,0
LeNet_LSTM,45,11,3,35
LeNet_LSTM,45,11,4,0
LeNet_LSTM,45,11,5,0
LeNet_LSTM,45,11,6,31
LeNet_LSTM,45,11,7,0
LeNet_LSTM,45,11,8,0
LeNet_LSTM,45,11,9,3
LeNet_LSTM,45,11,10,0
LeNet_LSTM,45,11,11,251
TCN,45,0,0,261
TCN,45,0,1,0
TCN,45,0,2,19
TCN,45,0,3,4
TCN,45,0,4,1
TCN,45,0,5,7
TCN,45,0,6,6
TCN,45,0,7,0
TCN,45,0,8,20
TCN,45,0,9,0
TCN,45,0,10,0
TCN,45,0,11,2
TCN,45,1,0,3
TCN,45,1,1,242
TCN,45,1,2,38
TCN,45,1,3,0
TCN,45,1,4,6
TCN,45,1,5,31
TCN,45,1,6,0
TCN,45,1,7,0
TCN,45,1,8,0
TCN,45,1,9,0
TCN,45,1,10,0
TCN,45,1,11,0
TCN,45,2,0,9
TCN,45,2,1,0
TCN,45,2,2,288
TCN,45,2,3,1
TCN,45,2,4,0
TCN,45,2,5,2
TCN,45,2,6,15
TCN,45,2,7,0
TCN,45,2,8,3
TCN,45,2,9,0
TCN,45,2,10,0
TCN,45,2,11,2
TCN,45,3,0,2
TCN,45,3,1,0
TCN,45,3,2,0
TCN,45,3,3,260
TCN,45,3,4,5
TCN,45,3,5,0
TCN,45,3,6,49
TCN,45,3,7,0
TCN,45,3,8,0
TCN,45,3,9,0
TCN,45,3,10,0
TCN,45,3,11,4
TCN,45,4,0,3
TCN,45,4,1,14
TCN,45,4,2,0
TCN,45,4,3,2
TCN,45,4,4,289
TCN,45,4,5,4
TCN,45,4,6,2
TCN,45,4,7,0
TCN,45,4,8,0
TCN,45,4,9,5
TCN,45,4,10,0
TCN,45,4,11,1
TCN,45,5,0,0
TCN,45,5,1,2
TCN,45,5,2,2
TCN,45,5,3,0
TCN,45,5,4,0
TCN,45,5,5,313
TCN,45,5,6,0
TCN,45,5,7,0
TCN,45,5,8,2
TCN,45,5,9,1
TCN,45,5,10,0
TCN,45,5,11,0
TCN,45,6,0,3
TCN,45,6,1,1
TCN,45,6,2,2
TCN,45,6,3,118
TCN,45,6,4,7
TCN,45,6,5,2
TCN,45,6,6,186
TCN,45,6,7,0
TCN,45,6,8,0
TCN,45,6,9,0
TCN,45,6,10,0
TCN,45,6,11,1
TCN,45,7,0,3
TCN,45,7,1,0
TCN,45,7,2,1
TCN,45,7,3,0
TCN,45,7,4,0
TCN,45,7,5,2
TCN,45,7,6,0
TCN,45,7,7,276
TCN,45,7,8,12
TCN,45,7,9,0
TCN,45,7,10,15
TCN,45,7,11,11
TCN,45,8,0,3
TCN,45,8,1,0
TCN,45,8,2,9
TCN,45,8,3,0
TCN,45,8,4,0
TCN,45,8,5,0
TCN,45,8,6,0
TCN,45,8,7,2
TCN,45,8,8,290
TCN,45,8,9,9
TCN,45,8,10,3
TCN,45,8,11,4
TCN,45,9,0,0
TCN,45,9,1,0
TCN,45,9,2,0
TCN,45,9,3,1
TCN,45,9,4,1
TCN,45,9,5,0
TCN,45,9,6,0
TCN,45,9,7,0
TCN,45,9,8,1
TCN,45,9,9,312
TCN,45,9,10,0
TCN,45,9,11,5
TCN,45,10,0,0
TCN,45,10,1,0
TCN,45,10,2,0
TCN,45,10,3,0
TCN,45,10,4,0
TCN,45,10,5,2
TCN,45,10,6,0
TCN,45,10,7,25
TCN,45,10,8,0
TCN,45,10,9,1
TCN,45,10,10,291
TCN,45,10,11,1
TCN,45,11,0,11
TCN,45,11,1,0
TCN,45,11,2,4
TCN,45,11,3,42
TCN,45,11,4,1
TCN,45,11,5,0
TCN,45,11,6,19
TCN,45,11,7,0
TCN,45,11,8,0
TCN,45,11,9,3
TCN,45,11,10,0
TCN,45,11,11,240
Transformer,45,0,0,259
Transformer,45,0,1,1
Transformer,45,0,2,29
Transformer,45,0,3,4
Transformer,45,0,4,7
Transformer,45,0,5,8
Transformer,45,0,6,5
Transformer,45,0,7,0
Transformer,45,0,8,4
Transformer,45,0,9,0
Transformer,45,0,10,3
Transformer,45,0,11,0
Transformer,45,1,0,6
Transformer,45,1,1,196
Transformer,45,1,2,37
Transformer,45,1,3,3
Transformer,45,1,4,25
Transformer,45,1,5,50
Transformer,45,1,6,0
Transformer,45,1,7,0
Transformer,45,1,8,1
Transformer,45,1,9,0
Transformer,45,1,10,2
Transformer,45,1,11,0
Transformer,45,2,0,22
Transformer,45,2,1,0
Transformer,45,2,2,291
Transformer,45,2,3,0
Transformer,45,2,4,0
Transformer,45,2,5,2
Transformer,45,2,6,3
Transformer,45,2,7,0
Transformer,45,2,8,1
Transformer,45,2,9,0
Transformer,45,2,10,0
Transformer,45,2,11,1
Transformer,45,3,0,2
Transformer,45,3,1,6
Transformer,45,3,2,5
Transformer,45,3,3,252
Transformer,45,3,4,0
Transformer,45,3,5,0
Transformer,45,3,6,51
Transformer,45,3,7,0
Transformer,45,3,8,0
Transformer,45,3,9,0
Transformer,45,3,10,0
Transformer,45,3,11,4
Transformer,45,4,0,4
Transformer,45,4,1,35
Transformer,45,4,2,0
Transformer,45,4,3,7
Transformer,45,4,4,248
Transformer,45,4,5,11
Transformer,45,4,6,7
Transformer,45,4,7,1
Transformer,45,4,8,0
Transformer,45,4,9,5
Transformer,45,4,10,0
Transformer,45,4,11,2
Transformer,45,5,0,11
Transformer,45,5,1,34
Transformer,45,5,2,5
Transformer,45,5,3,1
Transformer,45,5,4,5
Transformer,45,5,5,255
Transformer,45,5,6,3
Transformer,45,5,7,3
Transformer,45,5,8,2
Transformer,45,5,9,1
Transformer,45,5,10,0
Transformer,45,5,11,0
Transformer,45,6,0,6
Transformer,45,6,1,10
Transformer,45,6,2,2
Transformer,45,6,3,117
Transformer,45,6,4,11
Transformer,45,6,5,2
Transformer,45,6,6,169
Transformer,45,6,7,1
Transformer,45,6,8,0
Transformer,45,6,9,1
Transformer,45,6,10,0
Transformer,45,6,11,1
Transformer,45,7,0,7
Transformer,45,7,1,0
Transformer,45,7,2,13
Transformer,45,7,3,2
Transformer,45,7,4,3
Transformer,45,7,5,3
Transformer,45,7,6,6
Transformer,45,7,7,193
Transformer,45,7,8,16
Transformer,45,7,9,0
Transformer,45,7,10,71
Transformer,45,7,11,6
Transformer,45,8,0,5
Transformer,45,8,1,0
Transformer,45,8,2,0
Transformer,45,8,3,0
Transformer,45,8,4,0
Transformer,45,8,5,12
Transformer,45,8,6,0
Transformer,45,8,7,2
Transformer,45,8,8,272
Transformer,45,8,9,1
Transformer,45,8,10,9
Transformer,45,8,11,19
Transformer,45,9,0,1
Transformer,45,9,1,11
Transformer,45,9,2,0
Transformer,45,9,3,10
Transformer,45,9,4,4
Transformer,45,9,5,0
Transformer,45,9,6,7
Transformer,45,9,7,2
Transformer,45,9,8,1
Transformer,45,9,9,278
Transformer,45,9,10,3
Transformer,45,9,11,3
Transformer,45,10,0,5
Transformer,45,10,1,4
Transformer,45,10,2,1
Transformer,45,10,3,0
Transformer,45,10,4,1
Transformer,45,10,5,5
Transformer,45,10,6,4
Transformer,45,10,7,70
Transformer,45,10,8,13
Transformer,45,10,9,3
Transformer,45,10,10,214
Transformer,45,10,11,0
Transformer,45,11,0,7
Transformer,45,11,1,1
Transformer,45,11,2,1
Transformer,45,11,3,38
Transformer,45,11,4,1
Transformer,45,11,5,0
Transformer,45,11,6,13
Transformer,45,11,7,1
Transformer,45,11,8,9
Transformer,45,11,9,7
Transformer,45,11,10,0
Transformer,45,11,11,242
LeNet,46,0,0,273
LeNet,46,0,1,1
LeNet,46,0,2,11
LeNet,46,0,3,4
LeNet,46,0,4,4
LeNet,46,0,5,14
LeNet,46,0,6,2
LeNet,46,0,7,0
LeNet,46,0,8,9
LeNet,46,0,9,0
LeNet,46,0,10,2
LeNet,46,0,11,0
LeNet,46,1,0,1
LeNet,46,1,1,313
LeNet,46,1,2,0
LeNet,46,1,3,0
LeNet,46,1,4,2
LeNet,46,1,5,4
LeNet,46,1,6,0
LeNet,46,1,7,0
LeNet,46,1,8,0
LeNet,46,1,9,0
LeNet,46,1,10,0
LeNet,46,1,11,0
LeNet,46,2,0,1
LeNet,46,2,1,0
LeNet,46,2,2,312
LeNet,46,2,3,0
LeNet,46,2,4,0
LeNet,46,2,5,0
LeNet,46,2,6,0
LeNet,46,2,7,6
LeNet,46,2,8,0
LeNet,46,2,9,0
LeNet,46,2,10,0
LeNet,46,2,11,1
LeNet,46,3,0,6
LeNet,46,3,1,0
LeNet,46,3,2,1
LeNet,46,3,3,203
LeNet,46,3,4,2
LeNet,46,3,5,0
LeNet,46,3,6,107
LeNet,46,3,7,0
LeNet,46,3,8,0
LeNet,46,3,9,1
LeNet,46,3,10,0
LeNet,46,3,11,0
LeNet,46,4,0,13
LeNet,46,4,1,2
LeNet,46,4,2,0
LeNet,46,4,3,0
LeNet,46,4,4,304
LeNet,46,4,5,0
LeNet,46,4,6,1
LeNet,46,4,7,0
LeNet,46,4,8,0
LeNet,46,4,9,0
LeNet,46,4,10,0
LeNet,46,4,11,0
LeNet,46,5,0,1
LeNet,46,5,1,11
LeNet,46,5,2,23
LeNet,46,5,3,0
LeNet,46,5,4,0
LeNet,46,5,5,284
LeNet,46,5,6,0
LeNet,46,5,7,1
LeNet,46,5,8,0
LeNet,46,5,9,0
LeNet,46,5,10,0
LeNet,46,5,11,0
LeNet,46,6,0,12
LeNet,46,6,1,0
LeNet,46,6,2,0
LeNet,46,6,3,53
LeNet,46,6,4,1
LeNet,46,6,5,1
LeNet,46,6,6,240
LeNet,46,6,7,0
LeNet,46,6,8,0
LeNet,46,6,9,13
LeNet,46,6,10,0
LeNet,46,6,11,0
LeNet,46,7,0,0
LeNet,46,7,1,0
LeNet,46,7,2,17
LeNet,46,7,3,1
LeNet,46,7,4,0
LeNet,46,7,5,0
LeNet,46,7,6,0
LeNet,46,7,7,221
LeNet,46,7,8,8
LeNet,46,7,9,1
LeNet,46,7,10,62
LeNet,46,7,11,10
LeNet,46,8,0,0
LeNet,46,8,1,0
LeNet,46,8,2,5
LeNet,46,8,3,0
LeNet,46,8,4,0
LeNet,46,8,5,0
LeNet,46,8,6,0
LeNet,46,8,7,2
LeNet,46,8,8,276
LeNet,46,8,9,6
LeNet,46,8,10,5
LeNet,46,8,11,26
LeNet,46,9,0,0
LeNet,46,9,1,0
LeNet,46,9,2,0
LeNet,46,9,3,1
LeNet,46,9,4,0
LeNet,46,9,5,0
LeNet,46,9,6,1
LeNet,46,9,7,2
LeNet,46,9,8,8
LeNet,46,9,9,305
LeNet,46,9,10,0
LeNet,46,9,11,3
LeNet,46,10,0,1
LeNet,46,10,1,0
LeNet,46,10,2,4
LeNet,46,10,3,0
LeNet,46,10,4,0
LeNet,46,10,5,9
LeNet,46,10,6,0
LeNet,46,10,7,27
LeNet,46,10,8,1
LeNet,46,10,9,0
LeNet,46,10,10,277
LeNet,46,10,11,1
LeNet,46,11,0,1
LeNet,46,11,1,1
LeNet,46,11,2,6
LeNet,46,11,3,5
LeNet,46,11,4,0
LeNet,46,11,5,0
LeNet,46,11,6,8
LeNet,46,11,7,7
LeNet,46,11,8,31
LeNet,46,11,9,8
LeNet,46,11,10,1
LeNet,46,11,11,252
ResNet18,46,0,0,314
ResNet18,46,0,1,0
ResNet18,46,0,2,0
ResNet18,46,0,3,0
ResNet18,46,0,4,0
ResNet18,46,0,5,2
ResNet18,46,0,6,1
ResNet18,46,0,7,0
ResNet18,46,0,8,0
ResNet18,46,0,9,0
ResNet18,46,0,10,3
ResNet18,46,0,11,0
ResNet18,46,1,0,0
ResNet18,46,1,1,318
ResNet18,46,1,2,0
ResNet18,46,1,3,0
ResNet18,46,1,4,0
ResNet18,46,1,5,2
ResNet18,46,1,6,0
ResNet18,46,1,7,0
ResNet18,46,1,8,0
ResNet18,46,1,9,0
ResNet18,46,1,10,0
ResNet18,46,1,11,0
ResNet18,46,2,0,3
ResNet18,46,2,1,0
ResNet18,46,2,2,309
ResNet18,46,2,3,0
ResNet18,46,2,4,0
ResNet18,46,2,5,2
ResNet18,46,2,6,0
ResNet18,46,2,7,6
ResNet18,46,2,8,0
ResNet18,46,2,9,0
ResNet18,46,2,10,0
ResNet18,46,2,11,0
ResNet18,46,3,0,9
ResNet18,46,3,1,0
ResNet18,46,3,2,0
ResNet18,46,3,3,228
ResNet18,46,3,4,3
ResNet18,46,3,5,0
ResNet18,46,3,6,79
ResNet18,46,3,7,0
ResNet18,46,3,8,0
ResNet18,46,3,9,1
ResNet18,46,3,10,0
ResNet18,46,3,11,0
ResNet18,46,4,0,15
ResNet18,46,4,1,0
ResNet18,46,4,2,0
ResNet18,46,4,3,0
ResNet18,46,4,4,305
ResNet18,46,4,5,0
ResNet18,46,4,6,0
ResNet18,46,4,7,0
ResNet18,46,4,8,0
ResNet18,46,4,9,0
ResNet18,46,4,10,0
ResNet18,46,4,11,0
ResNet18,46,5,0,0
ResNet18,46,5,1,0
ResNet18,46,5,2,0
ResNet18,46,5,3,0
ResNet18,46,5,4,0
ResNet18,46,5,5,320
ResNet18,46,5,6,0
ResNet18,46,5,7,0
ResNet18,46,5,8,0
ResNet18,46,5,9,0
ResNet18,46,5,10,0
ResNet18,46,5,11,0
ResNet18,46,6,0,6
ResNet18,46,6,1,3
ResNet18,46,6,2,1
ResNet18,46,6,3,73
ResNet18,46,6,4,0
ResNet18,46,6,5,0
ResNet18,46,6,6,237
ResNet18,46,6,7,0
ResNet18,46,6,8,0
ResNet18,46,6,9,0
ResNet18,46,6,10,0
ResNet18,46,6,11,0
ResNet18,46,7,0,2
ResNet18,46,7,1,0
ResNet18,46,7,2,9
ResNet18,46,7,3,1
ResNet18,46,7,4,0
ResNet18,46,7,5,1
ResNet18,46,7,6,0
ResNet18,46,7,7,291
ResNet18,46,7,8,5
ResNet18,46,7,9,0
ResNet18,46,7,10,10
ResNet18,46,7,11,1
ResNet18,46,8,0,0
ResNet18,46,8,1,0
ResNet18,46,8,2,9
ResNet18,46,8,3,0
ResNet18,46,8,4,0
ResNet18,46,8,5,0
ResNet18,46,8,6,0
ResNet18,46,8,7,1
ResNet18,46,8,8,295
ResNet18,46,8,9,0
ResNet18,46,8,10,11
ResNet18,46,8,11,4
ResNet18,46,9,0,0
ResNet18,46,9,1,0
ResNet18,46,9,2,0
ResNet18,46,9,3,0
ResNet18,46,9,4,0
ResNet18,46,9,5,0
ResNet18,46,9,6,0
ResNet18,46,9,7,0
ResNet18,46,9,8,0
ResNet18,46,9,9,319
ResNet18,46,9,10,1
ResNet18,46,9,11,0
ResNet18,46,10,0,0
ResNet18,46,10,1,0
ResNet18,46,10,2,0
ResNet18,46,10,3,0
ResNet18,46,10,4,0
ResNet18,46,10,5,0
ResNet18,46,10,6,0
ResNet18,46,10,7,26
ResNet18,46,10,8,0
ResNet18,46,10,9,3
ResNet18,46,10,10,291
ResNet18,46,10,11,0
ResNet18,46,11,0,3
ResNet18,46,11,1,0
ResNet18,46,11,2,0
ResNet18,46,11,3,9
ResNet18,46,11,4,0
ResNet18,46,11,5,0
ResNet18,46,11,6,31
ResNet18,46,11,7,0
ResNet18,46,11,8,1
ResNet18,46,11,9,3
ResNet18,46,11,10,0
ResNet18,46,11,11,273
MobileNet_V2,46,0,0,314
MobileNet_V2,46,0,1,0
MobileNet_V2,46,0,2,1
MobileNet_V2,46,0,3,1
MobileNet_V2,46,0,4,0
MobileNet_V2,46,0,5,0
MobileNet_V2,46,0,6,0
MobileNet_V2,46,0,7,0
MobileNet_V2,46,0,8,0
MobileNet_V2,46,0,9,0
MobileNet_V2,46,0,10,3
MobileNet_V2,46,0,11,1
MobileNet_V2,46,1,0,0
MobileNet_V2,46,1,1,320
MobileNet_V2,46,1,2,0
MobileNet_V2,46,1,3,0
MobileNet_V2,46,1,4,0
MobileNet_V2,46,1,5,0
MobileNet_V2,46,1,6,0
MobileNet_V2,46,1,7,0
MobileNet_V2,46,1,8,0
MobileNet_V2,46,1,9,0
MobileNet_V2,46,1,10,0
MobileNet_V2,46,1,11,0
MobileNet_V2,46,2,0,0
MobileNet_V2,46,2,1,0
MobileNet_V2,46,2,2,315
MobileNet_V2,46,2,3,0
MobileNet_V2,46,2,4,0
MobileNet_V2,46,2,5,0
MobileNet_V2,46,2,6,0
MobileNet_V2,46,2,7,5
MobileNet_V2,46,2,8,0
MobileNet_V2,46,2,9,0
MobileNet_V2,46,2,10,0
MobileNet_V2,46,2,11,0
MobileNet_V2,46,3,0,4
MobileNet_V2,46,3,1,0
MobileNet_V2,46,3,2,1
MobileNet_V2,46,3,3,240
MobileNet_V2,46,3,4,4
MobileNet_V2,46,3,5,0
MobileNet_V2,46,3,6,71
MobileNet_V2,46,3,7,0
MobileNet_V2,46,3,8,0
MobileNet_V2,46,3,9,0
MobileNet_V2,46,3,10,0
MobileNet_V2,46,3,11,0
MobileNet_V2,46,4,0,8
MobileNet_V2,46,4,1,0
MobileNet_V2,46,4,2,0
MobileNet_V2,46,4,3,0
MobileNet_V2,46,4,4,312
MobileNet_V2,46,4,5,0
MobileNet_V2,46,4,6,0
MobileNet_V2,46,4,7,0
MobileNet_V2,46,4,8,0
MobileNet_V2,46,4,9,0
MobileNet_V2,46,4,10,0
MobileNet_V2,46,4,11,0
MobileNet_V2,46,5,0,0
MobileNet_V2,46,5,1,0
MobileNet_V2,46,5,2,0
MobileNet_V2,46,5,3,0
MobileNet_V2,46,5,4,0
MobileNet_V2,46,5,5,320
MobileNet_V2,46,5,6,0
MobileNet_V2,46,5,7,0
MobileNet_V2,46,5,8,0
MobileNet_V2,46,5,9,0
MobileNet_V2,46,5,10,0
MobileNet_V2,46,5,11,0
MobileNet_V2,46,6,0,5
MobileNet_V2,46,6,1,0
MobileNet_V2,46,6,2,3
MobileNet_V2,46,6,3,78
MobileNet_V2,46,6,4,2
MobileNet_V2,46,6,5,0
MobileNet_V2,46,6,6,230
MobileNet_V2,46,6,7,0
MobileNet_V2,46,6,8,0
MobileNet_V2,46,6,9,0
MobileNet_V2,46,6,10,0
MobileNet_V2,46,6,11,2
MobileNet_V2,46,7,0,1
MobileNet_V2,46,7,1,0
MobileNet_V2,46,7,2,7
MobileNet_V2,46,7,3,0
MobileNet_V2,46,7,4,0
MobileNet_V2,46,7,5,1
MobileNet_V2,46,7,6,0
MobileNet_V2,46,7,7,257
MobileNet_V2,46,7,8,1
MobileNet_V2,46,7,9,0
MobileNet_V2,46,7,10,53
MobileNet_V2,46,7,11,0
MobileNet_V2,46,8,0,1
MobileNet_V2,46,8,1,0
MobileNet_V2,46,8,2,8
MobileNet_V2,46,8,3,0
MobileNet_V2,46,8,4,0
MobileNet_V2,46,8,5,0
MobileNet_V2,46,8,6,0
MobileNet_V2,46,8,7,1
MobileNet_V2,46,8,8,301
MobileNet_V2,46,8,9,0
MobileNet_V2,46,8,10,2
MobileNet_V2,46,8,11,7
MobileNet_V2,46,9,0,0
MobileNet_V2,46,9,1,0
MobileNet_V2,46,9,2,0
MobileNet_V2,46,9,3,0
MobileNet_V2,46,9,4,3
MobileNet_V2,46,9,5,0
MobileNet_V2,46,9,6,0
MobileNet_V2,46,9,7,1
MobileNet_V2,46,9,8,0
MobileNet_V2,46,9,9,315
MobileNet_V2,46,9,10,1
MobileNet_V2,46,9,11,0
MobileNet_V2,46,10,0,1
MobileNet_V2,46,10,1,1
MobileNet_V2,46,10,2,0
MobileNet_V2,46,10,3,0
MobileNet_V2,46,10,4,0
MobileNet_V2,46,10,5,1
MobileNet_V2,46,10,6,0
MobileNet_V2,46,10,7,32
MobileNet_V2,46,10,8,4
MobileNet_V2,46,10,9,1
MobileNet_V2,46,10,10,280
MobileNet_V2,46,10,11,0
MobileNet_V2,46,11,0,0
MobileNet_V2,46,11,1,0
MobileNet_V2,46,11,2,0
MobileNet_V2,46,11,3,5
MobileNet_V2,46,11,4,0
MobileNet_V2,46,11,5,0
MobileNet_V2,46,11,6,10
MobileNet_V2,46,11,7,0
MobileNet_V2,46,11,8,1
MobileNet_V2,46,11,9,5
MobileNet_V2,46,11,10,0
MobileNet_V2,46,11,11,299
EfficientNet_B0,46,0,0,305
EfficientNet_B0,46,0,1,0
EfficientNet_B0,46,0,2,0
EfficientNet_B0,46,0,3,6
EfficientNet_B0,46,0,4,0
EfficientNet_B0,46,0,5,4
EfficientNet_B0,46,0,6,1
EfficientNet_B0,46,0,7,2
EfficientNet_B0,46,0,8,0
EfficientNet_B0,46,0,9,0
EfficientNet_B0,46,0,10,2
EfficientNet_B0,46,0,11,0
EfficientNet_B0,46,1,0,0
EfficientNet_B0,46,1,1,317
EfficientNet_B0,46,1,2,0
EfficientNet_B0,46,1,3,0
EfficientNet_B0,46,1,4,0
EfficientNet_B0,46,1,5,3
EfficientNet_B0,46,1,6,0
EfficientNet_B0,46,1,7,0
EfficientNet_B0,46,1,8,0
EfficientNet_B0,46,1,9,0
EfficientNet_B0,46,1,10,0
EfficientNet_B0,46,1,11,0
EfficientNet_B0,46,2,0,0
EfficientNet_B0,46,2,1,0
EfficientNet_B0,46,2,2,313
EfficientNet_B0,46,2,3,0
EfficientNet_B0,46,2,4,0
EfficientNet_B0,46,2,5,1
EfficientNet_B0,46,2,6,0
EfficientNet_B0,46,2,7,6
EfficientNet_B0,46,2,8,0
EfficientNet_B0,46,2,9,0
EfficientNet_B0,46,2,10,0
EfficientNet_B0,46,2,11,0
EfficientNet_B0,46,3,0,5
EfficientNet_B0,46,3,1,0
EfficientNet_B0,46,3,2,0
EfficientNet_B0,46,3,3,205
EfficientNet_B0,46,3,4,3
EfficientNet_B0,46,3,5,0
EfficientNet_B0,46,3,6,107
EfficientNet_B0,46,3,7,0
EfficientNet_B0,46,3,8,0
EfficientNet_B0,46,3,9,0
EfficientNet_B0,46,3,10,0
EfficientNet_B0,46,3,11,0
EfficientNet_B0,46,4,0,7
EfficientNet_B0,46,4,1,0
EfficientNet_B0,46,4,2,0
EfficientNet_B0,46,4,3,0
EfficientNet_B0,46,4,4,313
EfficientNet_B0,46,4,5,0
EfficientNet_B0,46,4,6,0
EfficientNet_B0,46,4,7,0
EfficientNet_B0,46,4,8,0
EfficientNet_B0,46,4,9,0
EfficientNet_B0,46,4,10,0
EfficientNet_B0,46,4,11,0
EfficientNet_B0,46,5,0,0
EfficientNet_B0,46,5,1,0
EfficientNet_B0,46,5,2,0
EfficientNet_B0,46,5,3,0
EfficientNet_B0,46,5,4,0
EfficientNet_B0,46,5,5,320
EfficientNet_B0,46,5,6,0
EfficientNet_B0,46,5,7,0
EfficientNet_B0,46,5,8,0
EfficientNet_B0,46,5,9,0
EfficientNet_B0,46,5,10,0
EfficientNet_B0,46,5,11,0
EfficientNet_B0,46,6,0,2
EfficientNet_B0,46,6,1,0
EfficientNet_B0,46,6,2,1
EfficientNet_B0,46,6,3,48
EfficientNet_B0,46,6,4,0
EfficientNet_B0,46,6,5,0
EfficientNet_B0,46,6,6,266
EfficientNet_B0,46,6,7,0
EfficientNet_B0,46,6,8,0
EfficientNet_B0,46,6,9,0
EfficientNet_B0,46,6,10,0
EfficientNet_B0,46,6,11,3
EfficientNet_B0,46,7,0,0
EfficientNet_B0,46,7,1,0
EfficientNet_B0,46,7,2,0
EfficientNet_B0,46,7,3,0
EfficientNet_B0,46,7,4,0
EfficientNet_B0,46,7,5,0
EfficientNet_B0,46,7,6,0
EfficientNet_B0,46,7,7,258
EfficientNet_B0,46,7,8,11
EfficientNet_B0,46,7,9,0
EfficientNet_B0,46,7,10,51
EfficientNet_B0,46,7,11,0
EfficientNet_B0,46,8,0,0
EfficientNet_B0,46,8,1,0
EfficientNet_B0,46,8,2,5
EfficientNet_B0,46,8,3,0
EfficientNet_B0,46,8,4,0
EfficientNet_B0,46,8,5,0
EfficientNet_B0,46,8,6,0
EfficientNet_B0,46,8,7,4
EfficientNet_B0,46,8,8,297
EfficientNet_B0,46,8,9,0
EfficientNet_B0,46,8,10,9
EfficientNet_B0,46,8,11,5
EfficientNet_B0,46,9,0,0
EfficientNet_B0,46,9,1,0
EfficientNet_B0,46,9,2,0
EfficientNet_B0,46,9,3,0
EfficientNet_B0,46,9,4,0
EfficientNet_B0,46,9,5,0
EfficientNet_B0,46,9,6,0
EfficientNet_B0,46,9,7,0
EfficientNet_B0,46,9,8,0
EfficientNet_B0,46,9,9,320
EfficientNet_B0,46,9,10,0
EfficientNet_B0,46,9,11,0
EfficientNet_B0,46,10,0,0
EfficientNet_B0,46,10,1,1
EfficientNet_B0,46,10,2,0
EfficientNet_B0,46,10,3,0
EfficientNet_B0,46,10,4,0
EfficientNet_B0,46,10,5,2
EfficientNet_B0,46,10,6,0
EfficientNet_B0,46,10,7,22
EfficientNet_B0,46,10,8,4
EfficientNet_B0,46,10,9,0
EfficientNet_B0,46,10,10,291
EfficientNet_B0,46,10,11,0
EfficientNet_B0,46,11,0,0
EfficientNet_B0,46,11,1,0
EfficientNet_B0,46,11,2,0
EfficientNet_B0,46,11,3,0
EfficientNet_B0,46,11,4,0
EfficientNet_B0,46,11,5,0
EfficientNet_B0,46,11,6,12
EfficientNet_B0,46,11,7,0
EfficientNet_B0,46,11,8,6
EfficientNet_B0,46,11,9,0
EfficientNet_B0,46,11,10,0
EfficientNet_B0,46,11,11,302
LSTM,46,0,0,261
LSTM,46,0,1,0
LSTM,46,0,2,3
LSTM,46,0,3,1
LSTM,46,0,4,10
LSTM,46,0,5,18
LSTM,46,0,6,13
LSTM,46,0,7,0
LSTM,46,0,8,4
LSTM,46,0,9,1
LSTM,46,0,10,6
LSTM,46,0,11,3
LSTM,46,1,0,0
LSTM,46,1,1,279
LSTM,46,1,2,0
LSTM,46,1,3,0
LSTM,46,1,4,10
LSTM,46,1,5,27
LSTM,46,1,6,0
LSTM,46,1,7,0
LSTM,46,1,8,0
LSTM,46,1,9,3
LSTM,46,1,10,0
LSTM,46,1,11,1
LSTM,46,2,0,7
LSTM,46,2,1,0
LSTM,46,2,2,306
LSTM,46,2,3,0
LSTM,46,2,4,0
LSTM,46,2,5,0
LSTM,46,2,6,0
LSTM,46,2,7,7
LSTM,46,2,8,0
LSTM,46,2,9,0
LSTM,46,2,10,0
LSTM,46,2,11,0
LSTM,46,3,0,3
LSTM,46,3,1,0
LSTM,46,3,2,4
LSTM,46,3,3,200
LSTM,46,3,4,5
LSTM,46,3,5,0
LSTM,46,3,6,100
LSTM,46,3,7,0
LSTM,46,3,8,0
LSTM,46,3,9,6
LSTM,46,3,10,0
LSTM,46,3,11,2
LSTM,46,4,0,18
LSTM,46,4,1,11
LSTM,46,4,2,0
LSTM,46,4,3,0
LSTM,46,4,4,254
LSTM,46,4,5,4
LSTM,46,4,6,2
LSTM,46,4,7,0
LSTM,46,4,8,1
LSTM,46,4,9,28
LSTM,46,4,10,0
LSTM,46,4,11,2
LSTM,46,5,0,0
LSTM,46,5,1,20
LSTM,46,5,2,2
LSTM,46,5,3,0
LSTM,46,5,4,1
LSTM,46,5,5,290
LSTM,46,5,6,0
LSTM,46,5,7,1
LSTM,46,5,8,0
LSTM,46,5,9,1
LSTM,46,5,10,5
LSTM,46,5,11,0
LSTM,46,6,0,6
LSTM,46,6,1,0
LSTM,46,6,2,3
LSTM,46,6,3,90
LSTM,46,6,4,3
LSTM,46,6,5,0
LSTM,46,6,6,212
LSTM,46,6,7,0
LSTM,46,6,8,0
LSTM,46,6,9,2
LSTM,46,6,10,0
LSTM,46,6,11,4
LSTM,46,7,0,8
LSTM,46,7,1,2
LSTM,46,7,2,32
LSTM,46,7,3,0
LSTM,46,7,4,0
LSTM,46,7,5,7
LSTM,46,7,6,0
LSTM,46,7,7,246
LSTM,46,7,8,2
LSTM,46,7,9,0
LSTM,46,7,10,22
LSTM,46,7,11,1
LSTM,46,8,0,1
LSTM,46,8,1,3
LSTM,46,8,2,8
LSTM,46,8,3,0
LSTM,46,8,4,1
LSTM,46,8,5,3
LSTM,46,8,6,0
LSTM,46,8,7,1
LSTM,46,8,8,286
LSTM,46,8,9,0
LSTM,46,8,10,0
LSTM,46,8,11,17
LSTM,46,9,0,0
LSTM,46,9,1,3
LSTM,46,9,2,0
LSTM,46,9,3,0
LSTM,46,9,4,20
LSTM,46,9,5,0
LSTM,46,9,6,4
LSTM,46,9,7,1
LSTM,46,9,8,2
LSTM,46,9,9,288
LSTM,46,9,10,1
LSTM,46,9,11,1
LSTM,46,10,0,5
LSTM,46,10,1,3
LSTM,46,10,2,0
LSTM,46,10,3,0
LSTM,46,10,4,0
LSTM,46,10,5,3
LSTM,46,10,6,0
LSTM,46,10,7,15
LSTM,46,10,8,6
LSTM,46,10,9,2
LSTM,46,10,10,286
LSTM,46,10,11,0
LSTM,46,11,0,0
LSTM,46,11,1,0
LSTM,46,11,2,2
LSTM,46,11,3,7
LSTM,46,11,4,7
LSTM,46,11,5,0
LSTM,46,11,6,28
LSTM,46,11,7,0
LSTM,46,11,8,1
LSTM,46,11,9,8
LSTM,46,11,10,0
LSTM,46,11,11,267
GRU,46,0,0,275
GRU,46,0,1,0
GRU,46,0,2,5
GRU,46,0,3,2
GRU,46,0,4,3
GRU,46,0,5,14
GRU,46,0,6,10
GRU,46,0,7,0
GRU,46,0,8,2
GRU,46,0,9,1
GRU,46,0,10,4
GRU,46,0,11,4
GRU,46,1,0,0
GRU,46,1,1,283
GRU,46,1,2,0
GRU,46,1,3,0
GRU,46,1,4,3
GRU,46,1,5,33
GRU,46,1,6,0
GRU,46,1,7,0
GRU,46,1,8,0
GRU,46,1,9,1
GRU,46,1,10,0
GRU,46,1,11,0
GRU,46,2,0,7
GRU,46,2,1,0
GRU,46,2,2,308
GRU,46,2,3,0
GRU,46,2,4,0
GRU,46,2,5,0
GRU,46,2,6,0
GRU,46,2,7,4
GRU,46,2,8,1
GRU,46,2,9,0
GRU,46,2,10,0
GRU,46,2,11,0
GRU,46,3,0,1
GRU,46,3,1,0
GRU,46,3,2,2
GRU,46,3,3,216
GRU,46,3,4,10
GRU,46,3,5,0
GRU,46,3,6,82
GRU,46,3,7,0
GRU,46,3,8,0
GRU,46,3,9,7
GRU,46,3,10,0
GRU,46,3,11,2
GRU,46,4,0,27
GRU,46,4,1,11
GRU,46,4,2,0
GRU,46,4,3,1
GRU,46,4,4,255
GRU,46,4,5,5
GRU,46,4,6,0
GRU,46,4,7,0
GRU,46,4,8,0
GRU,46,4,9,19
GRU,46,4,10,0
GRU,46,4,11,2
GRU,46,5,0,1
GRU,46,5,1,6
GRU,46,5,2,3
GRU,46,5,3,0
GRU,46,5,4,0
GRU,46,5,5,307
GRU,46,5,6,0
GRU,46,5,7,0
GRU,46,5,8,0
GRU,46,5,9,0
GRU,46,5,10,3
GRU,46,5,11,0
GRU,46,6,0,5
GRU,46,6,1,0
GRU,46,6,2,2
GRU,46,6,3,91
GRU,46,6,4,6
GRU,46,6,5,0
GRU,46,6,6,199
GRU,46,6,7,2
GRU,46,6,8,0
GRU,46,6,9,5
GRU,46,6,10,0
GRU,46,6,11,10
GRU,46,7,0,6
GRU,46,7,1,0
GRU,46,7,2,33
GRU,46,7,3,0
GRU,46,7,4,1
GRU,46,7,5,6
GRU,46,7,6,0
GRU,46,7,7,236
GRU,46,7,8,12
GRU,46,7,9,0
GRU,46,7,10,22
GRU,46,7,11,4
GRU,46,8,0,4
GRU,46,8,1,3
GRU,46,8,2,20
GRU,46,8,3,0
GRU,46,8,4,0
GRU,46,8,5,0
GRU,46,8,6,0
GRU,46,8,7,0
GRU,46,8,8,281
GRU,46,8,9,0
GRU,46,8,10,2
GRU,46,8,11,10
GRU,46,9,0,0
GRU,46,9,1,0
GRU,46,9,2,0
GRU,46,9,3,0
GRU,46,9,4,12
GRU,46,9,5,0
GRU,46,9,6,1
GRU,46,9,7,0
GRU,46,9,8,2
GRU,46,9,9,303
GRU,46,9,10,1
GRU,46,9,11,1
GRU,46,10,0,4
GRU,46,10,1,3
GRU,46,10,2,0
GRU,46,10,3,0
GRU,46,10,4,2
GRU,46,10,5,5
GRU,46,10,6,0
GRU,46,10,7,20
GRU,46,10,8,2
GRU,46,10,9,0
GRU,46,10,10,284
GRU,46,10,11,0
GRU,46,11,0,1
GRU,46,11,1,0
GRU,46,11,2,1
GRU,46,11,3,12
GRU,46,11,4,10
GRU,46,11,5,0
GRU,46,11,6,29
GRU,46,11,7,0
GRU,46,11,8,6
GRU,46,11,9,2
GRU,46,11,10,0
GRU,46,11,11,259
CNN_LSTM,46,0,0,297
CNN_LSTM,46,0,1,0
CNN_LSTM,46,0,2,0
CNN_LSTM,46,0,3,3
CNN_LSTM,46,0,4,0
CNN_LSTM,46,0,5,6
CNN_LSTM,46,0,6,5
CNN_LSTM,46,0,7,0
CNN_LSTM,46,0,8,4
CNN_LSTM,46,0,9,0
CNN_LSTM,46,0,10,5
CNN_LSTM,46,0,11,0
CNN_LSTM,46,1,0,0
CNN_LSTM,46,1,1,316
CNN_LSTM,46,1,2,0
CNN_LSTM,46,1,3,0
CNN_LSTM,46,1,4,0
CNN_LSTM,46,1,5,4
CNN_LSTM,46,1,6,0
CNN_LSTM,46,1,7,0
CNN_LSTM,46,1,8,0
CNN_LSTM,46,1,9,0
CNN_LSTM,46,1,10,0
CNN_LSTM,46,1,11,0
CNN_LSTM,46,2,0,0
CNN_LSTM,46,2,1,0
CNN_LSTM,46,2,2,312
CNN_LSTM,46,2,3,0
CNN_LSTM,46,2,4,0
CNN_LSTM,46,2,5,1
CNN_LSTM,46,2,6,0
CNN_LSTM,46,2,7,5
CNN_LSTM,46,2,8,2
CNN_LSTM,46,2,9,0
CNN_LSTM,46,2,10,0
CNN_LSTM,46,2,11,0
CNN_LSTM,46,3,0,4
CNN_LSTM,46,3,1,5
CNN_LSTM,46,3,2,0
CNN_LSTM,46,3,3,211
CNN_LSTM,46,3,4,8
CNN_LSTM,46,3,5,0
CNN_LSTM,46,3,6,84
CNN_LSTM,46,3,7,0
CNN_LSTM,46,3,8,0
CNN_LSTM,46,3,9,0
CNN_LSTM,46,3,10,0
CNN_LSTM,46,3,11,8
CNN_LSTM,46,4,0,10
CNN_LSTM,46,4,1,10
CNN_LSTM,46,4,2,0
CNN_LSTM,46,4,3,0
CNN_LSTM,46,4,4,280
CNN_LSTM,46,4,5,0
CNN_LSTM,46,4,6,0
CNN_LSTM,46,4,7,0
CNN_LSTM,46,4,8,0
CNN_LSTM,46,4,9,20
CNN_LSTM,46,4,10,0
CNN_LSTM,46,4,11,0
CNN_LSTM,46,5,0,0
CNN_LSTM,46,5,1,0
CNN_LSTM,46,5,2,0
CNN_LSTM,46,5,3,0
CNN_LSTM,46,5,4,0
CNN_LSTM,46,5,5,320
CNN_LSTM,46,5,6,0
CNN_LSTM,46,5,7,0
CNN_LSTM,46,5,8,0
CNN_LSTM,46,5,9,0
CNN_LSTM,46,5,10,0
CNN_LSTM,46,5,11,0
CNN_LSTM,46,6,0,1
CNN_LSTM,46,6,1,4
CNN_LSTM,46,6,2,0
CNN_LSTM,46,6,3,72
CNN_LSTM,46,6,4,7
CNN_LSTM,46,6,5,0
CNN_LSTM,46,6,6,232
CNN_LSTM,46,6,7,0
CNN_LSTM,46,6,8,0
CNN_LSTM,46,6,9,0
CNN_LSTM,46,6,10,0
CNN_LSTM,46,6,11,4
CNN_LSTM,46,7,0,0
CNN_LSTM,46,7,1,0
CNN_LSTM,46,7,2,20
CNN_LSTM,46,7,3,0
CNN_LSTM,46,7,4,0
CNN_LSTM,46,7,5,2
CNN_LSTM,46,7,6,0
CNN_LSTM,46,7,7,222
CNN_LSTM,46,7,8,34
CNN_LSTM,46,7,9,0
CNN_LSTM,46,7,10,39
CNN_LSTM,46,7,11,3
CNN_LSTM,46,8,0,0
CNN_LSTM,46,8,1,0
CNN_LSTM,46,8,2,3
CNN_LSTM,46,8,3,0
CNN_LSTM,46,8,4,0
CNN_LSTM,46,8,5,0
CNN_LSTM,46,8,6,0
CNN_LSTM,46,8,7,1
CNN_LSTM,46,8,8,313
CNN_LSTM,46,8,9,0
CNN_LSTM,46,8,10,2
CNN_LSTM,46,8,11,1
CNN_LSTM,46,9,0,0
CNN_LSTM,46,9,1,0
CNN_LSTM,46,9,2,0
CNN_LSTM,46,9,3,0
CNN_LSTM,46,9,4,7
CNN_LSTM,46,9,5,0
CNN_LSTM,46,9,6,0
CNN_LSTM,46,9,7,0
CNN_LSTM,46,9,8,0
CNN_LSTM,46,9,9,313
CNN_LSTM,46,9,10,0
CNN_LSTM,46,9,11,0
CNN_LSTM,46,10,0,1
CNN_LSTM,46,10,1,0
CNN_LSTM,46,10,2,1
CNN_LSTM,46,10,3,0
CNN_LSTM,46,10,4,0
CNN_LSTM,46,10,5,0
CNN_LSTM,46,10,6,0
CNN_LSTM,46,10,7,19
CNN_LSTM,46,10,8,1
CNN_LSTM,46,10,9,0
CNN_LSTM,46,10,10,298
CNN_LSTM,46,10,11,0
CNN_LSTM,46,11,0,1
CNN_LSTM,46,11,1,1
CNN_LSTM,46,11,2,0
CNN_LSTM,46,11,3,27
CNN_LSTM,46,11,4,3
CNN_LSTM,46,11,5,0
CNN_LSTM,46,11,6,21
CNN_LSTM,46,11,7,0
CNN_LSTM,46,11,8,0
CNN_LSTM,46,11,9,0
CNN_LSTM,46,11,10,0
CNN_LSTM,46,11,11,267
LeNet_LSTM,46,0,0,297
LeNet_LSTM,46,0,1,0
LeNet_LSTM,46,0,2,2
LeNet_LSTM,46,0,3,2
LeNet_LSTM,46,0,4,0
LeNet_LSTM,46,0,5,0
LeNet_LSTM,46,0,6,5
LeNet_LSTM,46,0,7,6
LeNet_LSTM,46,0,8,1
LeNet_LSTM,46,0,9,1
LeNet_LSTM,46,0,10,1
LeNet_LSTM,46,0,11,5
LeNet_LSTM,46,1,0,0
LeNet_LSTM,46,1,1,316
LeNet_LSTM,46,1,2,0
LeNet_LSTM,46,1,3,0
LeNet_LSTM,46,1,4,1
LeNet_LSTM,46,1,5,3
LeNet_LSTM,46,1,6,0
LeNet_LSTM,46,1,7,0
LeNet_LSTM,46,1,8,0
LeNet_LSTM,46,1,9,0
LeNet_LSTM,46,1,10,0
LeNet_LSTM,46,1,11,0
LeNet_LSTM,46,2,0,2
LeNet_LSTM,46,2,1,0
LeNet_LSTM,46,2,2,305
LeNet_LSTM,46,2,3,0
LeNet_LSTM,46,2,4,0
LeNet_LSTM,46,2,5,1
LeNet_LSTM,46,2,6,0
LeNet_LSTM,46,2,7,11
LeNet_LSTM,46,2,8,0
LeNet_LSTM,46,2,9,0
LeNet_LSTM,46,2,10,0
LeNet_LSTM,46,2,11,1
LeNet_LSTM,46,3,0,2
LeNet_LSTM,46,3,1,0
LeNet_LSTM,46,3,2,0
LeNet_LSTM,46,3,3,191
LeNet_LSTM,46,3,4,7
LeNet_LSTM,46,3,5,0
LeNet_LSTM,46,3,6,111
LeNet_LSTM,46,3,7,0
LeNet_LSTM,46,3,8,0
LeNet_LSTM,46,3,9,0
LeNet_LSTM,46,3,10,0
LeNet_LSTM,46,3,11,9
LeNet_LSTM,46,4,0,8
LeNet_LSTM,46,4,1,1
LeNet_LSTM,46,4,2,0
LeNet_LSTM,46,4,3,0
LeNet_LSTM,46,4,4,300
LeNet_LSTM,46,4,5,0
LeNet_LSTM,46,4,6,1
LeNet_LSTM,46,4,7,0
LeNet_LSTM,46,4,8,0
LeNet_LSTM,46,4,9,10
LeNet_LSTM,46,4,10,0
LeNet_LSTM,46,4,11,0
LeNet_LSTM,46,5,0,0
LeNet_LSTM,46,5,1,0
LeNet_LSTM,46,5,2,0
LeNet_LSTM,46,5,3,0
LeNet_LSTM,46,5,4,0
LeNet_LSTM,46,5,5,320
LeNet_LSTM,46,5,6,0
LeNet_LSTM,46,5,7,0
LeNet_LSTM,46,5,8,0
LeNet_LSTM,46,5,9,0
LeNet_LSTM,46,5,10,0
LeNet_LSTM,46,5,11,0
LeNet_LSTM,46,6,0,0
LeNet_LSTM,46,6,1,0
LeNet_LSTM,46,6,2,0
LeNet_LSTM,46,6,3,65
LeNet_LSTM,46,6,4,1
LeNet_LSTM,46,6,5,0
LeNet_LSTM,46,6,6,250
LeNet_LSTM,46,6,7,0
LeNet_LSTM,46,6,8,0
LeNet_LSTM,46,6,9,0
LeNet_LSTM,46,6,10,0
LeNet_LSTM,46,6,11,4
LeNet_LSTM,46,7,0,4
LeNet_LSTM,46,7,1,0
LeNet_LSTM,46,7,2,6
LeNet_LSTM,46,7,3,0
LeNet_LSTM,46,7,4,0
LeNet_LSTM,46,7,5,2
LeNet_LSTM,46,7,6,0
LeNet_LSTM,46,7,7,281
LeNet_LSTM,46,7,8,27
LeNet_LSTM,46,7,9,0
LeNet_LSTM,46,7,10,0
LeNet_LSTM,46,7,11,0
LeNet_LSTM,46,8,0,0
LeNet_LSTM,46,8,1,0
LeNet_LSTM,46,8,2,28
LeNet_LSTM,46,8,3,0
LeNet_LSTM,46,8,4,0
LeNet_LSTM,46,8,5,0
LeNet_LSTM,46,8,6,0
LeNet_LSTM,46,8,7,3
LeNet_LSTM,46,8,8,289
LeNet_LSTM,46,8,9,0
LeNet_LSTM,46,8,10,0
LeNet_LSTM,46,8,11,0
LeNet_LSTM,46,9,0,0
LeNet_LSTM,46,9,1,0
LeNet_LSTM,46,9,2,0
LeNet_LSTM,46,9,3,0
LeNet_LSTM,46,9,4,12
LeNet_LSTM,46,9,5,0
LeNet_LSTM,46,9,6,0
LeNet_LSTM,46,9,7,0
LeNet_LSTM,46,9,8,0
LeNet_LSTM,46,9,9,308
LeNet_LSTM,46,9,10,0
LeNet_LSTM,46,9,11,0
LeNet_LSTM,46,10,0,0
LeNet_LSTM,46,10,1,0
LeNet_LSTM,46,10,2,0
LeNet_LSTM,46,10,3,0
LeNet_LSTM,46,10,4,0
LeNet_LSTM,46,10,5,2
LeNet_LSTM,46,10,6,0
LeNet_LSTM,46,10,7,15
LeNet_LSTM,46,10,8,0
LeNet_LSTM,46,10,9,0
LeNet_LSTM,46,10,10,303
LeNet_LSTM,46,10,11,0
LeNet_LSTM,46,11,0,0
LeNet_LSTM,46,11,1,0
LeNet_LSTM,46,11,2,0
LeNet_LSTM,46,11,3,4
LeNet_LSTM,46,11,4,3
LeNet_LSTM,46,11,5,0
LeNet_LSTM,46,11,6,20
LeNet_LSTM,46,11,7,1
LeNet_LSTM,46,11,8,0
LeNet_LSTM,46,11,9,0
LeNet_LSTM,46,11,10,0
LeNet_LSTM,46,11,11,292
TCN,46,0,0,268
TCN,46,0,1,0
TCN,46,0,2,8
TCN,46,0,3,1
TCN,46,0,4,2
TCN,46,0,5,18
TCN,46,0,6,7
TCN,46,0,7,3
TCN,46,0,8,11
TCN,46,0,9,0
TCN,46,0,10,1
TCN,46,0,11,1
TCN,46,1,0,0
TCN,46,1,1,284
TCN,46,1,2,1
TCN,46,1,3,0
TCN,46,1,4,7
TCN,46,1,5,28
TCN,46,1,6,0
TCN,46,1,7,0
TCN,46,1,8,0
TCN,46,1,9,0
TCN,46,1,10,0
TCN,46,1,11,0
TCN,46,2,0,6
TCN,46,2,1,0
TCN,46,2,2,308
TCN,46,2,3,0
TCN,46,2,4,0
TCN,46,2,5,0
TCN,46,2,6,0
TCN,46,2,7,5
TCN,46,2,8,0
TCN,46,2,9,0
TCN,46,2,10,0
TCN,46,2,11,1
TCN,46,3,0,11
TCN,46,3,1,0
TCN,46,3,2,0
TCN,46,3,3,220
TCN,46,3,4,15
TCN,46,3,5,0
TCN,46,3,6,62
TCN,46,3,7,0
TCN,46,3,8,0
TCN,46,3,9,5
TCN,46,3,10,0
TCN,46,3,11,7
TCN,46,4,0,29
TCN,46,4,1,10
TCN,46,4,2,0
TCN,46,4,3,1
TCN,46,4,4,259
TCN,46,4,5,4
TCN,46,4,6,0
TCN,46,4,7,0
TCN,46,4,8,0
TCN,46,4,9,16
TCN,46,4,10,0
TCN,46,4,11,1
TCN,46,5,0,1
TCN,46,5,1,5
TCN,46,5,2,1
TCN,46,5,3,0
TCN,46,5,4,0
TCN,46,5,5,313
TCN,46,5,6,0
TCN,46,5,7,0
TCN,46,5,8,0
TCN,46,5,9,0
TCN,46,5,10,0
TCN,46,5,11,0
TCN,46,6,0,9
TCN,46,6,1,0
TCN,46,6,2,2
TCN,46,6,3,105
TCN,46,6,4,1
TCN,46,6,5,0
TCN,46,6,6,197
TCN,46,6,7,0
TCN,46,6,8,0
TCN,46,6,9,2
TCN,46,6,10,0
TCN,46,6,11,4
TCN,46,7,0,1
TCN,46,7,1,1
TCN,46,7,2,2
TCN,46,7,3,0
TCN,46,7,4,0
TCN,46,7,5,3
TCN,46,7,6,0
TCN,46,7,7,286
TCN,46,7,8,7
TCN,46,7,9,0
TCN,46,7,10,9
TCN,46,7,11,11
TCN,46,8,0,4
TCN,46,8,1,0
TCN,46,8,2,10
TCN,46,8,3,0
TCN,46,8,4,0
TCN,46,8,5,3
TCN,46,8,6,0
TCN,46,8,7,6
TCN,46,8,8,282
TCN,46,8,9,0
TCN,46,8,10,5
TCN,46,8,11,10
TCN,46,9,0,1
TCN,46,9,1,0
TCN,46,9,2,0
TCN,46,9,3,1
TCN,46,9,4,12
TCN,46,9,5,0
TCN,46,9,6,0
TCN,46,9,7,1
TCN,46,9,8,10
TCN,46,9,9,294
TCN,46,9,10,1
TCN,46,9,11,0
TCN,46,10,0,2
TCN,46,10,1,0
TCN,46,10,2,0
TCN,46,10,3,0
TCN,46,10,4,0
TCN,46,10,5,5
TCN,46,10,6,0
TCN,46,10,7,23
TCN,46,10,8,1
TCN,46,10,9,1
TCN,46,10,10,287
TCN,46,10,11,1
TCN,46,11,0,22
TCN,46,11,1,0
TCN,46,11,2,4
TCN,46,11,3,28
TCN,46,11,4,5
TCN,46,11,5,0
TCN,46,11,6,28
TCN,46,11,7,0
TCN,46,11,8,2
TCN,46,11,9,2
TCN,46,11,10,0
TCN,46,11,11,229
Transformer,46,0,0,242
Transformer,46,0,1,10
Transformer,46,0,2,6
Transformer,46,0,3,2
Transformer,46,0,4,19
Transformer,46,0,5,20
Transformer,46,0,6,13
Transformer,46,0,7,0
Transformer,46,0,8,3
Transformer,46,0,9,1
Transformer,46,0,10,4
Transformer,46,0,11,0
Transformer,46,1,0,6
Transformer,46,1,1,221
Transformer,46,1,2,1
Transformer,46,1,3,2
Transformer,46,1,4,26
Transformer,46,1,5,44
Transformer,46,1,6,1
Transformer,46,1,7,1
Transformer,46,1,8,0
Transformer,46,1,9,15
Transformer,46,1,10,1
Transformer,46,1,11,2
Transformer,46,2,0,14
Transformer,46,2,1,0
Transformer,46,2,2,296
Transformer,46,2,3,0
Transformer,46,2,4,0
Transformer,46,2,5,1
Transformer,46,2,6,4
Transformer,46,2,7,0
Transformer,46,2,8,0
Transformer,46,2,9,0
Transformer,46,2,10,5
Transformer,46,2,11,0
Transformer,46,3,0,11
Transformer,46,3,1,1
Transformer,46,3,2,5
Transformer,46,3,3,200
Transformer,46,3,4,9
Transformer,46,3,5,0
Transformer,46,3,6,79
Transformer,46,3,7,0
Transformer,46,3,8,1
Transformer,46,3,9,6
Transformer,46,3,10,0
Transformer,46,3,11,8
Transformer,46,4,0,50
Transformer,46,4,1,17
Transformer,46,4,2,1
Transformer,46,4,3,3
Transformer,46,4,4,196
Transformer,46,4,5,11
Transformer,46,4,6,9
Transformer,46,4,7,3
Transformer,46,4,8,0
Transformer,46,4,9,27
Transformer,46,4,10,1
Transformer,46,4,11,2
Transformer,46,5,0,14
Transformer,46,5,1,52
Transformer,46,5,2,1
Transformer,46,5,3,0
Transformer,46,5,4,7
Transformer,46,5,5,241
Transformer,46,5,6,1
Transformer,46,5,7,1
Transformer,46,5,8,1
Transformer,46,5,9,0
Transformer,46,5,10,1
Transformer,46,5,11,1
Transformer,46,6,0,7
Transformer,46,6,1,2
Transformer,46,6,2,7
Transformer,46,6,3,125
Transformer,46,6,4,3
Transformer,46,6,5,1
Transformer,46,6,6,160
Transformer,46,6,7,1
Transformer,46,6,8,0
Transformer,46,6,9,1
Transformer,46,6,10,0
Transformer,46,6,11,13
Transformer,46,7,0,17
Transformer,46,7,1,5
Transformer,46,7,2,32
Transformer,46,7,3,1
Transformer,46,7,4,0
Transformer,46,7,5,8
Transformer,46,7,6,0
Transformer,46,7,7,111
Transformer,46,7,8,6
Transformer,46,7,9,6
Transformer,46,7,10,131
Transformer,46,7,11,3
Transformer,46,8,0,4
Transformer,46,8,1,2
Transformer,46,8,2,3
Transformer,46,8,3,0
Transformer,46,8,4,1
Transformer,46,8,5,3
Transformer,46,8,6,0
Transformer,46,8,7,2
Transformer,46,8,8,253
Transformer,46,8,9,1
Transformer,46,8,10,2
Transformer,46,8,11,49
Transformer,46,9,0,15
Transformer,46,9,1,6
Transformer,46,9,2,1
Transformer,46,9,3,9
Transformer,46,9,4,15
Transformer,46,9,5,0
Transformer,46,9,6,6
Transformer,46,9,7,2
Transformer,46,9,8,7
Transformer,46,9,9,248
Transformer,46,9,10,1
Transformer,46,9,11,10
Transformer,46,10,0,18
Transformer,46,10,1,6
Transformer,46,10,2,4
Transformer,46,10,3,0
Transformer,46,10,4,1
Transformer,46,10,5,6
Transformer,46,10,6,1
Transformer,46,10,7,71
Transformer,46,10,8,6
Transformer,46,10,9,4
Transformer,46,10,10,203
Transformer,46,10,11,0
Transformer,46,11,0,0
Transformer,46,11,1,0
Transformer,46,11,2,0
Transformer,46,11,3,7
Transformer,46,11,4,3
Transformer,46,11,5,0
Transformer,46,11,6,11
Transformer,46,11,7,0
Transformer,46,11,8,3
Transformer,46,11,9,0
Transformer,46,11,10,0
Transformer,46,11,11,296
LeNet,47,0,0,287
LeNet,47,0,1,1
LeNet,47,0,2,22
LeNet,47,0,3,0
LeNet,47,0,4,2
LeNet,47,0,5,1
LeNet,47,0,6,4
LeNet,47,0,7,0
LeNet,47,0,8,1
LeNet,47,0,9,2
LeNet,47,0,10,0
LeNet,47,0,11,0
LeNet,47,1,0,0
LeNet,47,1,1,302
LeNet,47,1,2,0
LeNet,47,1,3,0
LeNet,47,1,4,11
LeNet,47,1,5,7
LeNet,47,1,6,0
LeNet,47,1,7,0
LeNet,47,1,8,0
LeNet,47,1,9,0
LeNet,47,1,10,0
LeNet,47,1,11,0
LeNet,47,2,0,2
LeNet,47,2,1,3
LeNet,47,2,2,314
LeNet,47,2,3,0
LeNet,47,2,4,0
LeNet,47,2,5,1
LeNet,47,2,6,0
LeNet,47,2,7,0
LeNet,47,2,8,0
LeNet,47,2,9,0
LeNet,47,2,10,0
LeNet,47,2,11,0
LeNet,47,3,0,0
LeNet,47,3,1,0
LeNet,47,3,2,0
LeNet,47,3,3,245
LeNet,47,3,4,1
LeNet,47,3,5,0
LeNet,47,3,6,72
LeNet,47,3,7,0
LeNet,47,3,8,0
LeNet,47,3,9,1
LeNet,47,3,10,0
LeNet,47,3,11,1
LeNet,47,4,0,2
LeNet,47,4,1,1
LeNet,47,4,2,0
LeNet,47,4,3,0
LeNet,47,4,4,312
LeNet,47,4,5,0
LeNet,47,4,6,0
LeNet,47,4,7,0
LeNet,47,4,8,0
LeNet,47,4,9,5
LeNet,47,4,10,0
LeNet,47,4,11,0
LeNet,47,5,0,2
LeNet,47,5,1,28
LeNet,47,5,2,2
LeNet,47,5,3,0
LeNet,47,5,4,0
LeNet,47,5,5,278
LeNet,47,5,6,0
LeNet,47,5,7,6
LeNet,47,5,8,0
LeNet,47,5,9,0
LeNet,47,5,10,4
LeNet,47,5,11,0
LeNet,47,6,0,0
LeNet,47,6,1,0
LeNet,47,6,2,0
LeNet,47,6,3,70
LeNet,47,6,4,0
LeNet,47,6,5,0
LeNet,47,6,6,241
LeNet,47,6,7,0
LeNet,47,6,8,0
LeNet,47,6,9,0
LeNet,47,6,10,1
LeNet,47,6,11,8
LeNet,47,7,0,1
LeNet,47,7,1,1
LeNet,47,7,2,1
LeNet,47,7,3,0
LeNet,47,7,4,0
LeNet,47,7,5,5
LeNet,47,7,6,0
LeNet,47,7,7,244
LeNet,47,7,8,6
LeNet,47,7,9,5
LeNet,47,7,10,55
LeNet,47,7,11,2
LeNet,47,8,0,0
LeNet,47,8,1,1
LeNet,47,8,2,1
LeNet,47,8,3,0
LeNet,47,8,4,0
LeNet,47,8,5,4
LeNet,47,8,6,0
LeNet,47,8,7,12
LeNet,47,8,8,278
LeNet,47,8,9,6
LeNet,47,8,10,13
LeNet,47,8,11,5
LeNet,47,9,0,0
LeNet,47,9,1,8
LeNet,47,9,2,0
LeNet,47,9,3,3
LeNet,47,9,4,18
LeNet,47,9,5,0
LeNet,47,9,6,0
LeNet,47,9,7,6
LeNet,47,9,8,0
LeNet,47,9,9,272
LeNet,47,9,10,3
LeNet,47,9,11,10
LeNet,47,10,0,0
LeNet,47,10,1,0
LeNet,47,10,2,0
LeNet,47,10,3,0
LeNet,47,10,4,0
LeNet,47,10,5,6
LeNet,47,10,6,0
LeNet,47,10,7,51
LeNet,47,10,8,17
LeNet,47,10,9,2
LeNet,47,10,10,243
LeNet,47,10,11,1
LeNet,47,11,0,0
LeNet,47,11,1,0
LeNet,47,11,2,0
LeNet,47,11,3,0
LeNet,47,11,4,0
LeNet,47,11,5,5
LeNet,47,11,6,1
LeNet,47,11,7,10
LeNet,47,11,8,23
LeNet,47,11,9,8
LeNet,47,11,10,0
LeNet,47,11,11,273
ResNet18,47,0,0,319
ResNet18,47,0,1,0
ResNet18,47,0,2,0
ResNet18,47,0,3,0
ResNet18,47,0,4,0
ResNet18,47,0,5,0
ResNet18,47,0,6,0
ResNet18,47,0,7,0
ResNet18,47,0,8,1
ResNet18,47,0,9,0
ResNet18,47,0,10,0
ResNet18,47,0,11,0
ResNet18,47,1,0,0
ResNet18,47,1,1,318
ResNet18,47,1,2,0
ResNet18,47,1,3,0
ResNet18,47,1,4,0
ResNet18,47,1,5,0
ResNet18,47,1,6,2
ResNet18,47,1,7,0
ResNet18,47,1,8,0
ResNet18,47,1,9,0
ResNet18,47,1,10,0
ResNet18,47,1,11,0
ResNet18,47,2,0,0
ResNet18,47,2,1,0
ResNet18,47,2,2,315
ResNet18,47,2,3,0
ResNet18,47,2,4,0
ResNet18,47,2,5,0
ResNet18,47,2,6,1
ResNet18,47,2,7,3
ResNet18,47,2,8,0
ResNet18,47,2,9,0
ResNet18,47,2,10,1
ResNet18,47,2,11,0
ResNet18,47,3,0,0
ResNet18,47,3,1,0
ResNet18,47,3,2,0
ResNet18,47,3,3,255
ResNet18,47,3,4,0
ResNet18,47,3,5,0
ResNet18,47,3,6,64
ResNet18,47,3,7,0
ResNet18,47,3,8,0
ResNet18,47,3,9,0
ResNet18,47,3,10,0
ResNet18,47,3,11,1
ResNet18,47,4,0,0
ResNet18,47,4,1,0
ResNet18,47,4,2,0
ResNet18,47,4,3,0
ResNet18,47,4,4,319
ResNet18,47,4,5,0
ResNet18,47,4,6,0
ResNet18,47,4,7,0
ResNet18,47,4,8,0
ResNet18,47,4,9,1
ResNet18,47,4,10,0
ResNet18,47,4,11,0
ResNet18,47,5,0,0
ResNet18,47,5,1,0
ResNet18,47,5,2,0
ResNet18,47,5,3,0
ResNet18,47,5,4,0
ResNet18,47,5,5,318
ResNet18,47,5,6,0
ResNet18,47,5,7,1
ResNet18,47,5,8,0
ResNet18,47,5,9,0
ResNet18,47,5,10,1
ResNet18,47,5,11,0
ResNet18,47,6,0,0
ResNet18,47,6,1,0
ResNet18,47,6,2,0
ResNet18,47,6,3,58
ResNet18,47,6,4,0
ResNet18,47,6,5,0
ResNet18,47,6,6,258
ResNet18,47,6,7,1
ResNet18,47,6,8,0
ResNet18,47,6,9,0
ResNet18,47,6,10,1
ResNet18,47,6,11,2
ResNet18,47,7,0,0
ResNet18,47,7,1,0
ResNet18,47,7,2,2
ResNet18,47,7,3,0
ResNet18,47,7,4,0
ResNet18,47,7,5,0
ResNet18,47,7,6,0
ResNet18,47,7,7,299
ResNet18,47,7,8,5
ResNet18,47,7,9,0
ResNet18,47,7,10,13
ResNet18,47,7,11,1
ResNet18,47,8,0,0
ResNet18,47,8,1,0
ResNet18,47,8,2,0
ResNet18,47,8,3,0
ResNet18,47,8,4,0
ResNet18,47,8,5,1
ResNet18,47,8,6,0
ResNet18,47,8,7,0
ResNet18,47,8,8,312
ResNet18,47,8,9,0
ResNet18,47,8,10,6
ResNet18,47,8,11,1
ResNet18,47,9,0,0
ResNet18,47,9,1,0
ResNet18,47,9,2,0
ResNet18,47,9,3,0
ResNet18,47,9,4,1
ResNet18,47,9,5,0
ResNet18,47,9,6,0
ResNet18,47,9,7,0
ResNet18,47,9,8,0
ResNet18,47,9,9,317
ResNet18,47,9,10,2
ResNet18,47,9,11,0
ResNet18,47,10,0,0
ResNet18,47,10,1,0
ResNet18,47,10,2,0
ResNet18,47,10,3,0
ResNet18,47,10,4,0
ResNet18,47,10,5,0
ResNet18,47,10,6,0
ResNet18,47,10,7,8
ResNet18,47,10,8,0
ResNet18,47,10,9,2
ResNet18,47,10,10,310
ResNet18,47,10,11,0
ResNet18,47,11,0,0
ResNet18,47,11,1,0
ResNet18,47,11,2,0
ResNet18,47,11,3,1
ResNet18,47,11,4,0
ResNet18,47,11,5,0
ResNet18,47,11,6,1
ResNet18,47,11,7,2
ResNet18,47,11,8,5
ResNet18,47,11,9,0
ResNet18,47,11,10,0
ResNet18,47,11,11,311
MobileNet_V2,47,0,0,317
MobileNet_V2,47,0,1,0
MobileNet_V2,47,0,2,2
MobileNet_V2,47,0,3,0
MobileNet_V2,47,0,4,0
MobileNet_V2,47,0,5,0
MobileNet_V2,47,0,6,0
MobileNet_V2,47,0,7,0
MobileNet_V2,47,0,8,0
MobileNet_V2,47,0,9,0
MobileNet_V2,47,0,10,0
MobileNet_V2,47,0,11,1
MobileNet_V2,47,1,0,0
MobileNet_V2,47,1,1,317
MobileNet_V2,47,1,2,0
MobileNet_V2,47,1,3,2
MobileNet_V2,47,1,4,0
MobileNet_V2,47,1,5,1
MobileNet_V2,47,1,6,0
MobileNet_V2,47,1,7,0
MobileNet_V2,47,1,8,0
MobileNet_V2,47,1,9,0
MobileNet_V2,47,1,10,0
MobileNet_V2,47,1,11,0
MobileNet_V2,47,2,0,0
MobileNet_V2,47,2,1,0
MobileNet_V2,47,2,2,317
MobileNet_V2,47,2,3,0
MobileNet_V2,47,2,4,0
MobileNet_V2,47,2,5,0
MobileNet_V2,47,2,6,1
MobileNet_V2,47,2,7,2
MobileNet_V2,47,2,8,0
MobileNet_V2,47,2,9,0
MobileNet_V2,47,2,10,0
MobileNet_V2,47,2,11,0
MobileNet_V2,47,3,0,0
MobileNet_V2,47,3,1,0
MobileNet_V2,47,3,2,0
MobileNet_V2,47,3,3,244
MobileNet_V2,47,3,4,0
MobileNet_V2,47,3,5,0
MobileNet_V2,47,3,6,76
MobileNet_V2,47,3,7,0
MobileNet_V2,47,3,8,0
MobileNet_V2,47,3,9,0
MobileNet_V2,47,3,10,0
MobileNet_V2,47,3,11,0
MobileNet_V2,47,4,0,0
MobileNet_V2,47,4,1,0
MobileNet_V2,47,4,2,0
MobileNet_V2,47,4,3,0
MobileNet_V2,47,4,4,317
MobileNet_V2,47,4,5,0
MobileNet_V2,47,4,6,0
MobileNet_V2,47,4,7,0
MobileNet_V2,47,4,8,0
MobileNet_V2,47,4,9,3
MobileNet_V2,47,4,10,0
MobileNet_V2,47,4,11,0
MobileNet_V2,47,5,0,0
MobileNet_V2,47,5,1,0
MobileNet_V2,47,5,2,0
MobileNet_V2,47,5,3,0
MobileNet_V2,47,5,4,0
MobileNet_V2,47,5,5,320
MobileNet_V2,47,5,6,0
MobileNet_V2,47,5,7,0
MobileNet_V2,47,5,8,0
MobileNet_V2,47,5,9,0
MobileNet_V2,47,5,10,0
MobileNet_V2,47,5,11,0
MobileNet_V2,47,6,0,0
MobileNet_V2,47,6,1,1
MobileNet_V2,47,6,2,0
MobileNet_V2,47,6,3,58
MobileNet_V2,47,6,4,0
MobileNet_V2,47,6,5,0
MobileNet_V2,47,6,6,257
MobileNet_V2,47,6,7,0
MobileNet_V2,47,6,8,0
MobileNet_V2,47,6,9,0
MobileNet_V2,47,6,10,1
MobileNet_V2,47,6,11,3
MobileNet_V2,47,7,0,0
MobileNet_V2,47,7,1,0
MobileNet_V2,47,7,2,0
MobileNet_V2,47,7,3,0
MobileNet_V2,47,7,4,0
MobileNet_V2,47,7,5,0
MobileNet_V2,47,7,6,0
MobileNet_V2,47,7,7,289
MobileNet_V2,47,7,8,0
MobileNet_V2,47,7,9,2
MobileNet_V2,47,7,10,28
MobileNet_V2,47,7,11,1
MobileNet_V2,47,8,0,0
MobileNet_V2,47,8,1,0
MobileNet_V2,47,8,2,2
MobileNet_V2,47,8,3,0
MobileNet_V2,47,8,4,0
MobileNet_V2,47,8,5,0
MobileNet_V2,47,8,6,0
MobileNet_V2,47,8,7,0
MobileNet_V2,47,8,8,302
MobileNet_V2,47,8,9,0
MobileNet_V2,47,8,10,5
MobileNet_V2,47,8,11,11
MobileNet_V2,47,9,0,0
MobileNet_V2,47,9,1,0
MobileNet_V2,47,9,2,0
MobileNet_V2,47,9,3,0
MobileNet_V2,47,9,4,0
MobileNet_V2,47,9,5,0
MobileNet_V2,47,9,6,0
MobileNet_V2,47,9,7,0
MobileNet_V2,47,9,8,0
MobileNet_V2,47,9,9,315
MobileNet_V2,47,9,10,5
MobileNet_V2,47,9,11,0
MobileNet_V2,47,10,0,0
MobileNet_V2,47,10,1,0
MobileNet_V2,47,10,2,1
MobileNet_V2,47,10,3,0
MobileNet_V2,47,10,4,0
MobileNet_V2,47,10,5,1
MobileNet_V2,47,10,6,0
MobileNet_V2,47,10,7,18
MobileNet_V2,47,10,8,0
MobileNet_V2,47,10,9,0
MobileNet_V2,47,10,10,300
MobileNet_V2,47,10,11,0
MobileNet_V2,47,11,0,0
MobileNet_V2,47,11,1,0
MobileNet_V2,47,11,2,0
MobileNet_V2,47,11,3,2
MobileNet_V2,47,11,4,0
MobileNet_V2,47,11,5,0
MobileNet_V2,47,11,6,1
MobileNet_V2,47,11,7,1
MobileNet_V2,47,11,8,1
MobileNet_V2,47,11,9,0
MobileNet_V2,47,11,10,0
MobileNet_V2,47,11,11,315
EfficientNet_B0,47,0,0,318
EfficientNet_B0,47,0,1,0
EfficientNet_B0,47,0,2,1
EfficientNet_B0,47,0,3,0
EfficientNet_B0,47,0,4,0
EfficientNet_B0,47,0,5,0
EfficientNet_B0,47,0,6,0
EfficientNet_B0,47,0,7,0
EfficientNet_B0,47,0,8,1
EfficientNet_B0,47,0,9,0
EfficientNet_B0,47,0,10,0
EfficientNet_B0,47,0,11,0
EfficientNet_B0,47,1,0,0
EfficientNet_B0,47,1,1,318
EfficientNet_B0,47,1,2,0
EfficientNet_B0,47,1,3,2
EfficientNet_B0,47,1,4,0
EfficientNet_B0,47,1,5,0
EfficientNet_B0,47,1,6,0
EfficientNet_B0,47,1,7,0
EfficientNet_B0,47,1,8,0
EfficientNet_B0,47,1,9,0
EfficientNet_B0,47,1,10,0
EfficientNet_B0,47,1,11,0
EfficientNet_B0,47,2,0,0
EfficientNet_B0,47,2,1,0
EfficientNet_B0,47,2,2,312
EfficientNet_B0,47,2,3,1
EfficientNet_B0,47,2,4,0
EfficientNet_B0,47,2,5,0
EfficientNet_B0,47,2,6,0
EfficientNet_B0,47,2,7,7
EfficientNet_B0,47,2,8,0
EfficientNet_B0,47,2,9,0
EfficientNet_B0,47,2,10,0
EfficientNet_B0,47,2,11,0
EfficientNet_B0,47,3,0,0
EfficientNet_B0,47,3,1,0
EfficientNet_B0,47,3,2,0
EfficientNet_B0,47,3,3,253
EfficientNet_B0,47,3,4,0
EfficientNet_B0,47,3,5,0
EfficientNet_B0,47,3,6,67
EfficientNet_B0,47,3,7,0
EfficientNet_B0,47,3,8,0
EfficientNet_B0,47,3,9,0
EfficientNet_B0,47,3,10,0
EfficientNet_B0,47,3,11,0
EfficientNet_B0,47,4,0,0
EfficientNet_B0,47,4,1,0
EfficientNet_B0,47,4,2,0
EfficientNet_B0,47,4,3,0
EfficientNet_B0,47,4,4,319
EfficientNet_B0,47,4,5,0
EfficientNet_B0,47,4,6,0
EfficientNet_B0,47,4,7,0
EfficientNet_B0,47,4,8,0
EfficientNet_B0,47,4,9,1
EfficientNet_B0,47,4,10,0
EfficientNet_B0,47,4,11,0
EfficientNet_B0,47,5,0,0
EfficientNet_B0,47,5,1,0
EfficientNet_B0,47,5,2,0
EfficientNet_B0,47,5,3,0
EfficientNet_B0,47,5,4,0
EfficientNet_B0,47,5,5,314
EfficientNet_B0,47,5,6,0
EfficientNet_B0,47,5,7,2
EfficientNet_B0,47,5,8,0
EfficientNet_B0,47,5,9,1
EfficientNet_B0,47,5,10,3
EfficientNet_B0,47,5,11,0
EfficientNet_B0,47,6,0,0
EfficientNet_B0,47,6,1,1
EfficientNet_B0,47,6,2,0
EfficientNet_B0,47,6,3,62
EfficientNet_B0,47,6,4,0
EfficientNet_B0,47,6,5,0
EfficientNet_B0,47,6,6,254
EfficientNet_B0,47,6,7,1
EfficientNet_B0,47,6,8,0
EfficientNet_B0,47,6,9,0
EfficientNet_B0,47,6,10,0
EfficientNet_B0,47,6,11,2
EfficientNet_B0,47,7,0,0
EfficientNet_B0,47,7,1,0
EfficientNet_B0,47,7,2,0
EfficientNet_B0,47,7,3,0
EfficientNet_B0,47,7,4,0
EfficientNet_B0,47,7,5,0
EfficientNet_B0,47,7,6,0
EfficientNet_B0,47,7,7,281
EfficientNet_B0,47,7,8,5
EfficientNet_B0,47,7,9,2
EfficientNet_B0,47,7,10,29
EfficientNet_B0,47,7,11,3
EfficientNet_B0,47,8,0,0
EfficientNet_B0,47,8,1,0
EfficientNet_B0,47,8,2,0
EfficientNet_B0,47,8,3,0
EfficientNet_B0,47,8,4,0
EfficientNet_B0,47,8,5,1
EfficientNet_B0,47,8,6,0
EfficientNet_B0,47,8,7,0
EfficientNet_B0,47,8,8,314
EfficientNet_B0,47,8,9,1
EfficientNet_B0,47,8,10,4
EfficientNet_B0,47,8,11,0
EfficientNet_B0,47,9,0,0
EfficientNet_B0,47,9,1,0
EfficientNet_B0,47,9,2,0
EfficientNet_B0,47,9,3,0
EfficientNet_B0,47,9,4,0
EfficientNet_B0,47,9,5,0
EfficientNet_B0,47,9,6,0
EfficientNet_B0,47,9,7,0
EfficientNet_B0,47,9,8,0
EfficientNet_B0,47,9,9,317
EfficientNet_B0,47,9,10,3
EfficientNet_B0,47,9,11,0
EfficientNet_B0,47,10,0,0
EfficientNet_B0,47,10,1,0
EfficientNet_B0,47,10,2,0
EfficientNet_B0,47,10,3,0
EfficientNet_B0,47,10,4,0
EfficientNet_B0,47,10,5,0
EfficientNet_B0,47,10,6,0
EfficientNet_B0,47,10,7,10
EfficientNet_B0,47,10,8,2
EfficientNet_B0,47,10,9,0
EfficientNet_B0,47,10,10,307
EfficientNet_B0,47,10,11,1
EfficientNet_B0,47,11,0,0
EfficientNet_B0,47,11,1,0
EfficientNet_B0,47,11,2,0
EfficientNet_B0,47,11,3,0
EfficientNet_B0,47,11,4,0
EfficientNet_B0,47,11,5,0
EfficientNet_B0,47,11,6,0
EfficientNet_B0,47,11,7,0
EfficientNet_B0,47,11,8,1
EfficientNet_B0,47,11,9,0
EfficientNet_B0,47,11,10,0
EfficientNet_B0,47,11,11,319
LSTM,47,0,0,273
LSTM,47,0,1,0
LSTM,47,0,2,32
LSTM,47,0,3,0
LSTM,47,0,4,5
LSTM,47,0,5,1
LSTM,47,0,6,0
LSTM,47,0,7,2
LSTM,47,0,8,6
LSTM,47,0,9,1
LSTM,47,0,10,0
LSTM,47,0,11,0
LSTM,47,1,0,0
LSTM,47,1,1,298
LSTM,47,1,2,0
LSTM,47,1,3,0
LSTM,47,1,4,12
LSTM,47,1,5,6
LSTM,47,1,6,1
LSTM,47,1,7,0
LSTM,47,1,8,0
LSTM,47,1,9,1
LSTM,47,1,10,2
LSTM,47,1,11,0
LSTM,47,2,0,4
LSTM,47,2,1,1
LSTM,47,2,2,300
LSTM,47,2,3,0
LSTM,47,2,4,1
LSTM,47,2,5,1
LSTM,47,2,6,1
LSTM,47,2,7,11
LSTM,47,2,8,1
LSTM,47,2,9,0
LSTM,47,2,10,0
LSTM,47,2,11,0
LSTM,47,3,0,1
LSTM,47,3,1,0
LSTM,47,3,2,0
LSTM,47,3,3,196
LSTM,47,3,4,7
LSTM,47,3,5,0
LSTM,47,3,6,114
LSTM,47,3,7,0
LSTM,47,3,8,0
LSTM,47,3,9,2
LSTM,47,3,10,0
LSTM,47,3,11,0
LSTM,47,4,0,10
LSTM,47,4,1,8
LSTM,47,4,2,0
LSTM,47,4,3,0
LSTM,47,4,4,283
LSTM,47,4,5,0
LSTM,47,4,6,1
LSTM,47,4,7,0
LSTM,47,4,8,0
LSTM,47,4,9,17
LSTM,47,4,10,0
LSTM,47,4,11,1
LSTM,47,5,0,2
LSTM,47,5,1,18
LSTM,47,5,2,1
LSTM,47,5,3,0
LSTM,47,5,4,2
LSTM,47,5,5,284
LSTM,47,5,6,0
LSTM,47,5,7,0
LSTM,47,5,8,1
LSTM,47,5,9,0
LSTM,47,5,10,11
LSTM,47,5,11,1
LSTM,47,6,0,0
LSTM,47,6,1,0
LSTM,47,6,2,0
LSTM,47,6,3,55
LSTM,47,6,4,7
LSTM,47,6,5,0
LSTM,47,6,6,256
LSTM,47,6,7,0
LSTM,47,6,8,0
LSTM,47,6,9,0
LSTM,47,6,10,1
LSTM,47,6,11,1
LSTM,47,7,0,0
LSTM,47,7,1,0
LSTM,47,7,2,2
LSTM,47,7,3,0
LSTM,47,7,4,0
LSTM,47,7,5,0
LSTM,47,7,6,0
LSTM,47,7,7,309
LSTM,47,7,8,0
LSTM,47,7,9,0
LSTM,47,7,10,9
LSTM,47,7,11,0
LSTM,47,8,0,9
LSTM,47,8,1,0
LSTM,47,8,2,9
LSTM,47,8,3,0
LSTM,47,8,4,0
LSTM,47,8,5,2
LSTM,47,8,6,0
LSTM,47,8,7,1
LSTM,47,8,8,285
LSTM,47,8,9,2
LSTM,47,8,10,6
LSTM,47,8,11,6
LSTM,47,9,0,1
LSTM,47,9,1,38
LSTM,47,9,2,0
LSTM,47,9,3,2
LSTM,47,9,4,30
LSTM,47,9,5,0
LSTM,47,9,6,1
LSTM,47,9,7,0
LSTM,47,9,8,0
LSTM,47,9,9,242
LSTM,47,9,10,6
LSTM,47,9,11,0
LSTM,47,10,0,0
LSTM,47,10,1,0
LSTM,47,10,2,0
LSTM,47,10,3,0
LSTM,47,10,4,0
LSTM,47,10,5,2
LSTM,47,10,6,0
LSTM,47,10,7,4
LSTM,47,10,8,4
LSTM,47,10,9,0
LSTM,47,10,10,310
LSTM,47,10,11,0
LSTM,47,11,0,0
LSTM,47,11,1,0
LSTM,47,11,2,0
LSTM,47,11,3,22
LSTM,47,11,4,1
LSTM,47,11,5,0
LSTM,47,11,6,10
LSTM,47,11,7,1
LSTM,47,11,8,1
LSTM,47,11,9,11
LSTM,47,11,10,1
LSTM,47,11,11,273
GRU,47,0,0,269
GRU,47,0,1,0
GRU,47,0,2,29
GRU,47,0,3,0
GRU,47,0,4,5
GRU,47,0,5,5
GRU,47,0,6,1
GRU,47,0,7,1
GRU,47,0,8,6
GRU,47,0,9,2
GRU,47,0,10,0
GRU,47,0,11,2
GRU,47,1,0,0
GRU,47,1,1,294
GRU,47,1,2,0
GRU,47,1,3,0
GRU,47,1,4,7
GRU,47,1,5,16
GRU,47,1,6,0
GRU,47,1,7,0
GRU,47,1,8,0
GRU,47,1,9,2
GRU,47,1,10,1
GRU,47,1,11,0
GRU,47,2,0,2
GRU,47,2,1,2
GRU,47,2,2,278
GRU,47,2,3,0
GRU,47,2,4,0
GRU,47,2,5,3
GRU,47,2,6,1
GRU,47,2,7,32
GRU,47,2,8,2
GRU,47,2,9,0
GRU,47,2,10,0
GRU,47,2,11,0
GRU,47,3,0,1
GRU,47,3,1,1
GRU,47,3,2,0
GRU,47,3,3,199
GRU,47,3,4,5
GRU,47,3,5,0
GRU,47,3,6,106
GRU,47,3,7,0
GRU,47,3,8,0
GRU,47,3,9,1
GRU,47,3,10,0
GRU,47,3,11,7
GRU,47,4,0,10
GRU,47,4,1,8
GRU,47,4,2,0
GRU,47,4,3,0
GRU,47,4,4,296
GRU,47,4,5,1
GRU,47,4,6,0
GRU,47,4,7,0
GRU,47,4,8,1
GRU,47,4,9,3
GRU,47,4,10,0
GRU,47,4,11,1
GRU,47,5,0,0
GRU,47,5,1,15
GRU,47,5,2,0
GRU,47,5,3,0
GRU,47,5,4,0
GRU,47,5,5,303
GRU,47,5,6,0
GRU,47,5,7,1
GRU,47,5,8,0
GRU,47,5,9,0
GRU,47,5,10,1
GRU,47,5,11,0
GRU,47,6,0,1
GRU,47,6,1,0
GRU,47,6,2,0
GRU,47,6,3,53
GRU,47,6,4,7
GRU,47,6,5,0
GRU,47,6,6,252
GRU,47,6,7,0
GRU,47,6,8,0
GRU,47,6,9,0
GRU,47,6,10,1
GRU,47,6,11,6
GRU,47,7,0,0
GRU,47,7,1,1
GRU,47,7,2,0
GRU,47,7,3,0
GRU,47,7,4,0
GRU,47,7,5,0
GRU,47,7,6,0
GRU,47,7,7,317
GRU,47,7,8,0
GRU,47,7,9,0
GRU,47,7,10,2
GRU,47,7,11,0
GRU,47,8,0,7
GRU,47,8,1,1
GRU,47,8,2,1
GRU,47,8,3,0
GRU,47,8,4,0
GRU,47,8,5,1
GRU,47,8,6,0
GRU,47,8,7,1
GRU,47,8,8,287
GRU,47,8,9,2
GRU,47,8,10,5
GRU,47,8,11,15
GRU,47,9,0,3
GRU,47,9,1,22
GRU,47,9,2,0
GRU,47,9,3,0
GRU,47,9,4,57
GRU,47,9,5,0
GRU,47,9,6,0
GRU,47,9,7,0
GRU,47,9,8,0
GRU,47,9,9,232
GRU,47,9,10,6
GRU,47,9,11,0
GRU,47,10,0,0
GRU,47,10,1,1
GRU,47,10,2,0
GRU,47,10,3,0
GRU,47,10,4,0
GRU,47,10,5,3
GRU,47,10,6,1
GRU,47,10,7,3
GRU,47,10,8,0
GRU,47,10,9,1
GRU,47,10,10,311
GRU,47,10,11,0
GRU,47,11,0,0
GRU,47,11,1,0
GRU,47,11,2,0
GRU,47,11,3,22
GRU,47,11,4,0
GRU,47,11,5,0
GRU,47,11,6,31
GRU,47,11,7,4
GRU,47,11,8,2
GRU,47,11,9,7
GRU,47,11,10,0
GRU,47,11,11,254
CNN_LSTM,47,0,0,305
CNN_LSTM,47,0,1,0
CNN_LSTM,47,0,2,1
CNN_LSTM,47,0,3,0
CNN_LSTM,47,0,4,0
CNN_LSTM,47,0,5,0
CNN_LSTM,47,0,6,0
CNN_LSTM,47,0,7,0
CNN_LSTM,47,0,8,14
CNN_LSTM,47,0,9,0
CNN_LSTM,47,0,10,0
CNN_LSTM,47,0,11,0
CNN_LSTM,47,1,0,0
CNN_LSTM,47,1,1,317
CNN_LSTM,47,1,2,0
CNN_LSTM,47,1,3,0
CNN_LSTM,47,1,4,0
CNN_LSTM,47,1,5,1
CNN_LSTM,47,1,6,0
CNN_LSTM,47,1,7,0
CNN_LSTM,47,1,8,0
CNN_LSTM,47,1,9,0
CNN_LSTM,47,1,10,0
CNN_LSTM,47,1,11,2
CNN_LSTM,47,2,0,0
CNN_LSTM,47,2,1,0
CNN_LSTM,47,2,2,318
CNN_LSTM,47,2,3,0
CNN_LSTM,47,2,4,0
CNN_LSTM,47,2,5,0
CNN_LSTM,47,2,6,0
CNN_LSTM,47,2,7,1
CNN_LSTM,47,2,8,1
CNN_LSTM,47,2,9,0
CNN_LSTM,47,2,10,0
CNN_LSTM,47,2,11,0
CNN_LSTM,47,3,0,0
CNN_LSTM,47,3,1,0
CNN_LSTM,47,3,2,0
CNN_LSTM,47,3,3,222
CNN_LSTM,47,3,4,1
CNN_LSTM,47,3,5,0
CNN_LSTM,47,3,6,84
CNN_LSTM,47,3,7,0
CNN_LSTM,47,3,8,0
CNN_LSTM,47,3,9,1
CNN_LSTM,47,3,10,0
CNN_LSTM,47,3,11,12
CNN_LSTM,47,4,0,0
CNN_LSTM,47,4,1,1
CNN_LSTM,47,4,2,0
CNN_LSTM,47,4,3,0
CNN_LSTM,47,4,4,319
CNN_LSTM,47,4,5,0
CNN_LSTM,47,4,6,0
CNN_LSTM,47,4,7,0
CNN_LSTM,47,4,8,0
CNN_LSTM,47,4,9,0
CNN_LSTM,47,4,10,0
CNN_LSTM,47,4,11,0
CNN_LSTM,47,5,0,0
CNN_LSTM,47,5,1,0
CNN_LSTM,47,5,2,0
CNN_LSTM,47,5,3,0
CNN_LSTM,47,5,4,0
CNN_LSTM,47,5,5,314
CNN_LSTM,47,5,6,0
CNN_LSTM,47,5,7,4
CNN_LSTM,47,5,8,0
CNN_LSTM,47,5,9,0
CNN_LSTM,47,5,10,2
CNN_LSTM,47,5,11,0
CNN_LSTM,47,6,0,0
CNN_LSTM,47,6,1,0
CNN_LSTM,47,6,2,0
CNN_LSTM,47,6,3,30
CNN_LSTM,47,6,4,0
CNN_LSTM,47,6,5,0
CNN_LSTM,47,6,6,276
CNN_LSTM,47,6,7,1
CNN_LSTM,47,6,8,0
CNN_LSTM,47,6,9,2
CNN_LSTM,47,6,10,0
CNN_LSTM,47,6,11,11
CNN_LSTM,47,7,0,0
CNN_LSTM,47,7,1,0
CNN_LSTM,47,7,2,0
CNN_LSTM,47,7,3,0
CNN_LSTM,47,7,4,0
CNN_LSTM,47,7,5,0
CNN_LSTM,47,7,6,0
CNN_LSTM,47,7,7,313
CNN_LSTM,47,7,8,1
CNN_LSTM,47,7,9,0
CNN_LSTM,47,7,10,5
CNN_LSTM,47,7,11,1
CNN_LSTM,47,8,0,5
CNN_LSTM,47,8,1,0
CNN_LSTM,47,8,2,53
CNN_LSTM,47,8,3,0
CNN_LSTM,47,8,4,0
CNN_LSTM,47,8,5,4
CNN_LSTM,47,8,6,0
CNN_LSTM,47,8,7,1
CNN_LSTM,47,8,8,254
CNN_LSTM,47,8,9,1
CNN_LSTM,47,8,10,2
CNN_LSTM,47,8,11,0
CNN_LSTM,47,9,0,0
CNN_LSTM,47,9,1,0
CNN_LSTM,47,9,2,0
CNN_LSTM,47,9,3,0
CNN_LSTM,47,9,4,33
CNN_LSTM,47,9,5,0
CNN_LSTM,47,9,6,0
CNN_LSTM,47,9,7,0
CNN_LSTM,47,9,8,0
CNN_LSTM,47,9,9,287
CNN_LSTM,47,9,10,0
CNN_LSTM,47,9,11,0
CNN_LSTM,47,10,0,0
CNN_LSTM,47,10,1,0
CNN_LSTM,47,10,2,0
CNN_LSTM,47,10,3,0
CNN_LSTM,47,10,4,0
CNN_LSTM,47,10,5,0
CNN_LSTM,47,10,6,0
CNN_LSTM,47,10,7,10
CNN_LSTM,47,10,8,3
CNN_LSTM,47,10,9,0
CNN_LSTM,47,10,10,306
CNN_LSTM,47,10,11,1
CNN_LSTM,47,11,0,1
CNN_LSTM,47,11,1,0
CNN_LSTM,47,11,2,0
CNN_LSTM,47,11,3,26
CNN_LSTM,47,11,4,1
CNN_LSTM,47,11,5,0
CNN_LSTM,47,11,6,13
CNN_LSTM,47,11,7,0
CNN_LSTM,47,11,8,0
CNN_LSTM,47,11,9,6
CNN_LSTM,47,11,10,0
CNN_LSTM,47,11,11,273
LeNet_LSTM,47,0,0,312
LeNet_LSTM,47,0,1,0
LeNet_LSTM,47,0,2,0
LeNet_LSTM,47,0,3,0
LeNet_LSTM,47,0,4,1
LeNet_LSTM,47,0,5,0
LeNet_LSTM,47,0,6,0
LeNet_LSTM,47,0,7,0
LeNet_LSTM,47,0,8,7
LeNet_LSTM,47,0,9,0
LeNet_LSTM,47,0,10,0
LeNet_LSTM,47,0,11,0
LeNet_LSTM,47,1,0,0
LeNet_LSTM,47,1,1,317
LeNet_LSTM,47,1,2,0
LeNet_LSTM,47,1,3,0
LeNet_LSTM,47,1,4,0
LeNet_LSTM,47,1,5,1
LeNet_LSTM,47,1,6,0
LeNet_LSTM,47,1,7,0
LeNet_LSTM,47,1,8,0
LeNet_LSTM,47,1,9,0
LeNet_LSTM,47,1,10,0
LeNet_LSTM,47,1,11,2
LeNet_LSTM,47,2,0,1
LeNet_LSTM,47,2,1,0
LeNet_LSTM,47,2,2,315
LeNet_LSTM,47,2,3,1
LeNet_LSTM,47,2,4,0
LeNet_LSTM,47,2,5,0
LeNet_LSTM,47,2,6,0
LeNet_LSTM,47,2,7,1
LeNet_LSTM,47,2,8,2
LeNet_LSTM,47,2,9,0
LeNet_LSTM,47,2,10,0
LeNet_LSTM,47,2,11,0
LeNet_LSTM,47,3,0,0
LeNet_LSTM,47,3,1,0
LeNet_LSTM,47,3,2,0
LeNet_LSTM,47,3,3,251
LeNet_LSTM,47,3,4,0
LeNet_LSTM,47,3,5,0
LeNet_LSTM,47,3,6,67
LeNet_LSTM,47,3,7,0
LeNet_LSTM,47,3,8,0
LeNet_LSTM,47,3,9,0
LeNet_LSTM,47,3,10,0
LeNet_LSTM,47,3,11,2
LeNet_LSTM,47,4,0,1
LeNet_LSTM,47,4,1,0
LeNet_LSTM,47,4,2,0
LeNet_LSTM,47,4,3,0
LeNet_LSTM,47,4,4,314
LeNet_LSTM,47,4,5,0
LeNet_LSTM,47,4,6,4
LeNet_LSTM,47,4,7,0
LeNet_LSTM,47,4,8,0
LeNet_LSTM,47,4,9,1
LeNet_LSTM,47,4,10,0
LeNet_LSTM,47,4,11,0
LeNet_LSTM,47,5,0,0
LeNet_LSTM,47,5,1,1
LeNet_LSTM,47,5,2,0
LeNet_LSTM,47,5,3,0
LeNet_LSTM,47,5,4,0
LeNet_LSTM,47,5,5,298
LeNet_LSTM,47,5,6,0
LeNet_LSTM,47,5,7,3
LeNet_LSTM,47,5,8,0
LeNet_LSTM,47,5,9,0
LeNet_LSTM,47,5,10,18
LeNet_LSTM,47,5,11,0
LeNet_LSTM,47,6,0,0
LeNet_LSTM,47,6,1,0
LeNet_LSTM,47,6,2,0
LeNet_LSTM,47,6,3,68
LeNet_LSTM,47,6,4,0
LeNet_LSTM,47,6,5,0
LeNet_LSTM,47,6,6,249
LeNet_LSTM,47,6,7,1
LeNet_LSTM,47,6,8,0
LeNet_LSTM,47,6,9,0
LeNet_LSTM,47,6,10,0
LeNet_LSTM,47,6,11,2
LeNet_LSTM,47,7,0,1
LeNet_LSTM,47,7,1,0
LeNet_LSTM,47,7,2,0
LeNet_LSTM,47,7,3,0
LeNet_LSTM,47,7,4,1
LeNet_LSTM,47,7,5,0
LeNet_LSTM,47,7,6,0
LeNet_LSTM,47,7,7,313
LeNet_LSTM,47,7,8,1
LeNet_LSTM,47,7,9,0
LeNet_LSTM,47,7,10,3
LeNet_LSTM,47,7,11,1
LeNet_LSTM,47,8,0,7
LeNet_LSTM,47,8,1,0
LeNet_LSTM,47,8,2,56
LeNet_LSTM,47,8,3,0
LeNet_LSTM,47,8,4,0
LeNet_LSTM,47,8,5,2
LeNet_LSTM,47,8,6,0
LeNet_LSTM,47,8,7,2
LeNet_LSTM,47,8,8,251
LeNet_LSTM,47,8,9,1
LeNet_LSTM,47,8,10,1
LeNet_LSTM,47,8,11,0
LeNet_LSTM,47,9,0,0
LeNet_LSTM,47,9,1,0
LeNet_LSTM,47,9,2,0
LeNet_LSTM,47,9,3,0
LeNet_LSTM,47,9,4,40
LeNet_LSTM,47,9,5,0
LeNet_LSTM,47,9,6,0
LeNet_LSTM,47,9,7,0
LeNet_LSTM,47,9,8,0
LeNet_LSTM,47,9,9,278
LeNet_LSTM,47,9,10,2
LeNet_LSTM,47,9,11,0
LeNet_LSTM,47,10,0,0
LeNet_LSTM,47,10,1,0
LeNet_LSTM,47,10,2,0
LeNet_LSTM,47,10,3,0
LeNet_LSTM,47,10,4,0
LeNet_LSTM,47,10,5,0
LeNet_LSTM,47,10,6,0
LeNet_LSTM,47,10,7,7
LeNet_LSTM,47,10,8,1
LeNet_LSTM,47,10,9,0
LeNet_LSTM,47,10,10,312
LeNet_LSTM,47,10,11,0
LeNet_LSTM,47,11,0,1
LeNet_LSTM,47,11,1,0
LeNet_LSTM,47,11,2,0
LeNet_LSTM,47,11,3,32
LeNet_LSTM,47,11,4,0
LeNet_LSTM,47,11,5,0
LeNet_LSTM,47,11,6,3
LeNet_LSTM,47,11,7,1
LeNet_LSTM,47,11,8,0
LeNet_LSTM,47,11,9,8
LeNet_LSTM,47,11,10,0
LeNet_LSTM,47,11,11,275
TCN,47,0,0,267
TCN,47,0,1,0
TCN,47,0,2,29
TCN,47,0,3,0
TCN,47,0,4,3
TCN,47,0,5,5
TCN,47,0,6,0
TCN,47,0,7,0
TCN,47,0,8,15
TCN,47,0,9,0
TCN,47,0,10,0
TCN,47,0,11,1
TCN,47,1,0,0
TCN,47,1,1,300
TCN,47,1,2,1
TCN,47,1,3,1
TCN,47,1,4,6
TCN,47,1,5,10
TCN,47,1,6,2
TCN,47,1,7,0
TCN,47,1,8,0
TCN,47,1,9,0
TCN,47,1,10,0
TCN,47,1,11,0
TCN,47,2,0,2
TCN,47,2,1,0
TCN,47,2,2,305
TCN,47,2,3,0
TCN,47,2,4,0
TCN,47,2,5,3
TCN,47,2,6,2
TCN,47,2,7,5
TCN,47,2,8,2
TCN,47,2,9,0
TCN,47,2,10,0
TCN,47,2,11,1
TCN,47,3,0,1
TCN,47,3,1,0
TCN,47,3,2,0
TCN,47,3,3,213
TCN,47,3,4,3
TCN,47,3,5,0
TCN,47,3,6,95
TCN,47,3,7,0
TCN,47,3,8,0
TCN,47,3,9,0
TCN,47,3,10,0
TCN,47,3,11,8
TCN,47,4,0,8
TCN,47,4,1,3
TCN,47,4,2,0
TCN,47,4,3,5
TCN,47,4,4,265
TCN,47,4,5,0
TCN,47,4,6,3
TCN,47,4,7,0
TCN,47,4,8,2
TCN,47,4,9,34
TCN,47,4,10,0
TCN,47,4,11,0
TCN,47,5,0,2
TCN,47,5,1,9
TCN,47,5,2,3
TCN,47,5,3,0
TCN,47,5,4,4
TCN,47,5,5,282
TCN,47,5,6,0
TCN,47,5,7,8
TCN,47,5,8,2
TCN,47,5,9,0
TCN,47,5,10,10
TCN,47,5,11,0
TCN,47,6,0,0
TCN,47,6,1,0
TCN,47,6,2,0
TCN,47,6,3,71
TCN,47,6,4,3
TCN,47,6,5,2
TCN,47,6,6,241
TCN,47,6,7,0
TCN,47,6,8,0
TCN,47,6,9,0
TCN,47,6,10,0
TCN,47,6,11,3
TCN,47,7,0,0
TCN,47,7,1,0
TCN,47,7,2,0
TCN,47,7,3,0
TCN,47,7,4,0
TCN,47,7,5,0
TCN,47,7,6,0
TCN,47,7,7,309
TCN,47,7,8,4
TCN,47,7,9,1
TCN,47,7,10,5
TCN,47,7,11,1
TCN,47,8,0,4
TCN,47,8,1,4
TCN,47,8,2,16
TCN,47,8,3,0
TCN,47,8,4,0
TCN,47,8,5,0
TCN,47,8,6,0
TCN,47,8,7,0
TCN,47,8,8,289
TCN,47,8,9,2
TCN,47,8,10,3
TCN,47,8,11,2
TCN,47,9,0,0
TCN,47,9,1,16
TCN,47,9,2,0
TCN,47,9,3,2
TCN,47,9,4,27
TCN,47,9,5,0
TCN,47,9,6,0
TCN,47,9,7,0
TCN,47,9,8,0
TCN,47,9,9,270
TCN,47,9,10,4
TCN,47,9,11,1
TCN,47,10,0,0
TCN,47,10,1,0
TCN,47,10,2,0
TCN,47,10,3,0
TCN,47,10,4,0
TCN,47,10,5,1
TCN,47,10,6,0
TCN,47,10,7,55
TCN,47,10,8,10
TCN,47,10,9,5
TCN,47,10,10,248
TCN,47,10,11,1
TCN,47,11,0,0
TCN,47,11,1,0
TCN,47,11,2,0
TCN,47,11,3,44
TCN,47,11,4,1
TCN,47,11,5,1
TCN,47,11,6,23
TCN,47,11,7,1
TCN,47,11,8,3
TCN,47,11,9,14
TCN,47,11,10,0
TCN,47,11,11,233
Transformer,47,0,0,269
Transformer,47,0,1,0
Transformer,47,0,2,24
Transformer,47,0,3,1
Transformer,47,0,4,4
Transformer,47,0,5,11
Transformer,47,0,6,4
Transformer,47,0,7,0
Transformer,47,0,8,2
Transformer,47,0,9,2
Transformer,47,0,10,3
Transformer,47,0,11,0
Transformer,47,1,0,1
Transformer,47,1,1,247
Transformer,47,1,2,0
Transformer,47,1,3,0
Transformer,47,1,4,21
Transformer,47,1,5,40
Transformer,47,1,6,0
Transformer,47,1,7,0
Transformer,47,1,8,0
Transformer,47,1,9,8
Transformer,47,1,10,2
Transformer,47,1,11,1
Transformer,47,2,0,3
Transformer,47,2,1,3
Transformer,47,2,2,278
Transformer,47,2,3,0
Transformer,47,2,4,0
Transformer,47,2,5,1
Transformer,47,2,6,0
Transformer,47,2,7,34
Transformer,47,2,8,0
Transformer,47,2,9,0
Transformer,47,2,10,1
Transformer,47,2,11,0
Transformer,47,3,0,1
Transformer,47,3,1,1
Transformer,47,3,2,1
Transformer,47,3,3,223
Transformer,47,3,4,4
Transformer,47,3,5,1
Transformer,47,3,6,83
Transformer,47,3,7,2
Transformer,47,3,8,0
Transformer,47,3,9,1
Transformer,47,3,10,0
Transformer,47,3,11,3
Transformer,47,4,0,20
Transformer,47,4,1,28
Transformer,47,4,2,1
Transformer,47,4,3,8
Transformer,47,4,4,223
Transformer,47,4,5,3
Transformer,47,4,6,3
Transformer,47,4,7,4
Transformer,47,4,8,0
Transformer,47,4,9,26
Transformer,47,4,10,2
Transformer,47,4,11,2
Transformer,47,5,0,5
Transformer,47,5,1,43
Transformer,47,5,2,2
Transformer,47,5,3,0
Transformer,47,5,4,6
Transformer,47,5,5,250
Transformer,47,5,6,1
Transformer,47,5,7,0
Transformer,47,5,8,1
Transformer,47,5,9,3
Transformer,47,5,10,8
Transformer,47,5,11,1
Transformer,47,6,0,1
Transformer,47,6,1,2
Transformer,47,6,2,2
Transformer,47,6,3,100
Transformer,47,6,4,5
Transformer,47,6,5,0
Transformer,47,6,6,201
Transformer,47,6,7,2
Transformer,47,6,8,0
Transformer,47,6,9,2
Transformer,47,6,10,1
Transformer,47,6,11,4
Transformer,47,7,0,1
Transformer,47,7,1,0
Transformer,47,7,2,7
Transformer,47,7,3,2
Transformer,47,7,4,1
Transformer,47,7,5,3
Transformer,47,7,6,1
Transformer,47,7,7,239
Transformer,47,7,8,5
Transformer,47,7,9,1
Transformer,47,7,10,59
Transformer,47,7,11,1
Transformer,47,8,0,3
Transformer,47,8,1,4
Transformer,47,8,2,0
Transformer,47,8,3,0
Transformer,47,8,4,0
Transformer,47,8,5,5
Transformer,47,8,6,0
Transformer,47,8,7,10
Transformer,47,8,8,259
Transformer,47,8,9,4
Transformer,47,8,10,6
Transformer,47,8,11,29
Transformer,47,9,0,4
Transformer,47,9,1,21
Transformer,47,9,2,0
Transformer,47,9,3,5
Transformer,47,9,4,14
Transformer,47,9,5,6
Transformer,47,9,6,5
Transformer,47,9,7,2
Transformer,47,9,8,3
Transformer,47,9,9,251
Transformer,47,9,10,3
Transformer,47,9,11,6
Transformer,47,10,0,4
Transformer,47,10,1,1
Transformer,47,10,2,3
Transformer,47,10,3,0
Transformer,47,10,4,1
Transformer,47,10,5,9
Transformer,47,10,6,1
Transformer,47,10,7,63
Transformer,47,10,8,15
Transformer,47,10,9,5
Transformer,47,10,10,216
Transformer,47,10,11,2
Transformer,47,11,0,1
Transformer,47,11,1,2
Transformer,47,11,2,0
Transformer,47,11,3,22
Transformer,47,11,4,0
Transformer,47,11,5,1
Transformer,47,11,6,20
Transformer,47,11,7,1
Transformer,47,11,8,4
Transformer,47,11,9,13
Transformer,47,11,10,0
Transformer,47,11,11,256
LeNet,48,0,0,285
LeNet,48,0,1,0
LeNet,48,0,2,22
LeNet,48,0,3,0
LeNet,48,0,4,1
LeNet,48,0,5,4
LeNet,48,0,6,1
LeNet,48,0,7,0
LeNet,48,0,8,0
LeNet,48,0,9,4
LeNet,48,0,10,1
LeNet,48,0,11,2
LeNet,48,1,0,1
LeNet,48,1,1,286
LeNet,48,1,2,3
LeNet,48,1,3,0
LeNet,48,1,4,4
LeNet,48,1,5,26
LeNet,48,1,6,0
LeNet,48,1,7,0
LeNet,48,1,8,0
LeNet,48,1,9,0
LeNet,48,1,10,0
LeNet,48,1,11,0
LeNet,48,2,0,10
LeNet,48,2,1,1
LeNet,48,2,2,283
LeNet,48,2,3,0
LeNet,48,2,4,1
LeNet,48,2,5,14
LeNet,48,2,6,0
LeNet,48,2,7,9
LeNet,48,2,8,1
LeNet,48,2,9,1
LeNet,48,2,10,0
LeNet,48,2,11,0
LeNet,48,3,0,7
LeNet,48,3,1,4
LeNet,48,3,2,2
LeNet,48,3,3,206
LeNet,48,3,4,2
LeNet,48,3,5,1
LeNet,48,3,6,94
LeNet,48,3,7,0
LeNet,48,3,8,0
LeNet,48,3,9,1
LeNet,48,3,10,0
LeNet,48,3,11,3
LeNet,48,4,0,18
LeNet,48,4,1,15
LeNet,48,4,2,11
LeNet,48,4,3,0
LeNet,48,4,4,260
LeNet,48,4,5,2
LeNet,48,4,6,1
LeNet,48,4,7,0
LeNet,48,4,8,0
LeNet,48,4,9,13
LeNet,48,4,10,0
LeNet,48,4,11,0
LeNet,48,5,0,5
LeNet,48,5,1,13
LeNet,48,5,2,2
LeNet,48,5,3,0
LeNet,48,5,4,0
LeNet,48,5,5,273
LeNet,48,5,6,0
LeNet,48,5,7,19
LeNet,48,5,8,0
LeNet,48,5,9,0
LeNet,48,5,10,8
LeNet,48,5,11,0
LeNet,48,6,0,1
LeNet,48,6,1,1
LeNet,48,6,2,0
LeNet,48,6,3,67
LeNet,48,6,4,6
LeNet,48,6,5,0
LeNet,48,6,6,244
LeNet,48,6,7,0
LeNet,48,6,8,0
LeNet,48,6,9,0
LeNet,48,6,10,1
LeNet,48,6,11,0
LeNet,48,7,0,0
LeNet,48,7,1,0
LeNet,48,7,2,2
LeNet,48,7,3,0
LeNet,48,7,4,0
LeNet,48,7,5,1
LeNet,48,7,6,0
LeNet,48,7,7,284
LeNet,48,7,8,10
LeNet,48,7,9,2
LeNet,48,7,10,17
LeNet,48,7,11,4
LeNet,48,8,0,0
LeNet,48,8,1,0
LeNet,48,8,2,2
LeNet,48,8,3,0
LeNet,48,8,4,0
LeNet,48,8,5,0
LeNet,48,8,6,0
LeNet,48,8,7,2
LeNet,48,8,8,310
LeNet,48,8,9,3
LeNet,48,8,10,3
LeNet,48,8,11,0
LeNet,48,9,0,1
LeNet,48,9,1,0
LeNet,48,9,2,0
LeNet,48,9,3,0
LeNet,48,9,4,0
LeNet,48,9,5,1
LeNet,48,9,6,0
LeNet,48,9,7,7
LeNet,48,9,8,11
LeNet,48,9,9,293
LeNet,48,9,10,3
LeNet,48,9,11,4
LeNet,48,10,0,0
LeNet,48,10,1,0
LeNet,48,10,2,0
LeNet,48,10,3,0
LeNet,48,10,4,0
LeNet,48,10,5,5
LeNet,48,10,6,0
LeNet,48,10,7,20
LeNet,48,10,8,13
LeNet,48,10,9,2
LeNet,48,10,10,280
LeNet,48,10,11,0
LeNet,48,11,0,1
LeNet,48,11,1,0
LeNet,48,11,2,0
LeNet,48,11,3,0
LeNet,48,11,4,0
LeNet,48,11,5,0
LeNet,48,11,6,0
LeNet,48,11,7,3
LeNet,48,11,8,2
LeNet,48,11,9,12
LeNet,48,11,10,6
LeNet,48,11,11,296
ResNet18,48,0,0,301
ResNet18,48,0,1,1
ResNet18,48,0,2,14
ResNet18,48,0,3,0
ResNet18,48,0,4,0
ResNet18,48,0,5,0
ResNet18,48,0,6,0
ResNet18,48,0,7,0
ResNet18,48,0,8,2
ResNet18,48,0,9,0
ResNet18,48,0,10,2
ResNet18,48,0,11,0
ResNet18,48,1,0,1
ResNet18,48,1,1,310
ResNet18,48,1,2,0
ResNet18,48,1,3,0
ResNet18,48,1,4,0
ResNet18,48,1,5,9
ResNet18,48,1,6,0
ResNet18,48,1,7,0
ResNet18,48,1,8,0
ResNet18,48,1,9,0
ResNet18,48,1,10,0
ResNet18,48,1,11,0
ResNet18,48,2,0,1
ResNet18,48,2,1,0
ResNet18,48,2,2,282
ResNet18,48,2,3,0
ResNet18,48,2,4,0
ResNet18,48,2,5,4
ResNet18,48,2,6,0
ResNet18,48,2,7,27
ResNet18,48,2,8,1
ResNet18,48,2,9,0
ResNet18,48,2,10,0
ResNet18,48,2,11,5
ResNet18,48,3,0,9
ResNet18,48,3,1,0
ResNet18,48,3,2,0
ResNet18,48,3,3,174
ResNet18,48,3,4,1
ResNet18,48,3,5,0
ResNet18,48,3,6,123
ResNet18,48,3,7,0
ResNet18,48,3,8,0
ResNet18,48,3,9,0
ResNet18,48,3,10,0
ResNet18,48,3,11,13
ResNet18,48,4,0,6
ResNet18,48,4,1,11
ResNet18,48,4,2,0
ResNet18,48,4,3,0
ResNet18,48,4,4,292
ResNet18,48,4,5,2
ResNet18,48,4,6,9
ResNet18,48,4,7,0
ResNet18,48,4,8,0
ResNet18,48,4,9,0
ResNet18,48,4,10,0
ResNet18,48,4,11,0
ResNet18,48,5,0,0
ResNet18,48,5,1,3
ResNet18,48,5,2,0
ResNet18,48,5,3,0
ResNet18,48,5,4,0
ResNet18,48,5,5,315
ResNet18,48,5,6,0
ResNet18,48,5,7,2
ResNet18,48,5,8,0
ResNet18,48,5,9,0
ResNet18,48,5,10,0
ResNet18,48,5,11,0
ResNet18,48,6,0,1
ResNet18,48,6,1,0
ResNet18,48,6,2,2
ResNet18,48,6,3,19
ResNet18,48,6,4,4
ResNet18,48,6,5,0
ResNet18,48,6,6,286
ResNet18,48,6,7,0
ResNet18,48,6,8,0
ResNet18,48,6,9,1
ResNet18,48,6,10,0
ResNet18,48,6,11,7
ResNet18,48,7,0,0
ResNet18,48,7,1,0
ResNet18,48,7,2,0
ResNet18,48,7,3,0
ResNet18,48,7,4,0
ResNet18,48,7,5,0
ResNet18,48,7,6,0
ResNet18,48,7,7,302
ResNet18,48,7,8,4
ResNet18,48,7,9,0
ResNet18,48,7,10,7
ResNet18,48,7,11,7
ResNet18,48,8,0,0
ResNet18,48,8,1,0
ResNet18,48,8,2,0
ResNet18,48,8,3,0
ResNet18,48,8,4,0
ResNet18,48,8,5,0
ResNet18,48,8,6,0
ResNet18,48,8,7,0
ResNet18,48,8,8,316
ResNet18,48,8,9,0
ResNet18,48,8,10,0
ResNet18,48,8,11,4
ResNet18,48,9,0,0
ResNet18,48,9,1,0
ResNet18,48,9,2,0
ResNet18,48,9,3,0
ResNet18,48,9,4,0
ResNet18,48,9,5,10
ResNet18,48,9,6,0
ResNet18,48,9,7,4
ResNet18,48,9,8,5
ResNet18,48,9,9,301
ResNet18,48,9,10,0
ResNet18,48,9,11,0
ResNet18,48,10,0,0
ResNet18,48,10,1,0
ResNet18,48,10,2,0
ResNet18,48,10,3,0
ResNet18,48,10,4,0
ResNet18,48,10,5,0
ResNet18,48,10,6,0
ResNet18,48,10,7,8
ResNet18,48,10,8,17
ResNet18,48,10,9,0
ResNet18,48,10,10,294
ResNet18,48,10,11,1
ResNet18,48,11,0,0
ResNet18,48,11,1,0
ResNet18,48,11,2,0
ResNet18,48,11,3,0
ResNet18,48,11,4,0
ResNet18,48,11,5,0
ResNet18,48,11,6,2
ResNet18,48,11,7,0
ResNet18,48,11,8,0
ResNet18,48,11,9,0
ResNet18,48,11,10,0
ResNet18,48,11,11,318
MobileNet_V2,48,0,0,300
MobileNet_V2,48,0,1,0
MobileNet_V2,48,0,2,13
MobileNet_V2,48,0,3,0
MobileNet_V2,48,0,4,0
MobileNet_V2,48,0,5,0
MobileNet_V2,48,0,6,0
MobileNet_V2,48,0,7,1
MobileNet_V2,48,0,8,0
MobileNet_V2,48,0,9,0
MobileNet_V2,48,0,10,3
MobileNet_V2,48,0,11,3
MobileNet_V2,48,1,0,0
MobileNet_V2,48,1,1,316
MobileNet_V2,48,1,2,0
MobileNet_V2,48,1,3,0
MobileNet_V2,48,1,4,0
MobileNet_V2,48,1,5,4
MobileNet_V2,48,1,6,0
MobileNet_V2,48,1,7,0
MobileNet_V2,48,1,8,0
MobileNet_V2,48,1,9,0
MobileNet_V2,48,1,10,0
MobileNet_V2,48,1,11,0
MobileNet_V2,48,2,0,3
MobileNet_V2,48,2,1,0
MobileNet_V2,48,2,2,305
MobileNet_V2,48,2,3,0
MobileNet_V2,48,2,4,0
MobileNet_V2,48,2,5,2
MobileNet_V2,48,2,6,0
MobileNet_V2,48,2,7,8
MobileNet_V2,48,2,8,0
MobileNet_V2,48,2,9,0
MobileNet_V2,48,2,10,0
MobileNet_V2,48,2,11,2
MobileNet_V2,48,3,0,6
MobileNet_V2,48,3,1,0
MobileNet_V2,48,3,2,0
MobileNet_V2,48,3,3,192
MobileNet_V2,48,3,4,1
MobileNet_V2,48,3,5,0
MobileNet_V2,48,3,6,104
MobileNet_V2,48,3,7,0
MobileNet_V2,48,3,8,0
MobileNet_V2,48,3,9,0
MobileNet_V2,48,3,10,0
MobileNet_V2,48,3,11,17
MobileNet_V2,48,4,0,11
MobileNet_V2,48,4,1,4
MobileNet_V2,48,4,2,0
MobileNet_V2,48,4,3,5
MobileNet_V2,48,4,4,282
MobileNet_V2,48,4,5,1
MobileNet_V2,48,4,6,9
MobileNet_V2,48,4,7,0
MobileNet_V2,48,4,8,0
MobileNet_V2,48,4,9,8
MobileNet_V2,48,4,10,0
MobileNet_V2,48,4,11,0
MobileNet_V2,48,5,0,0
MobileNet_V2,48,5,1,4
MobileNet_V2,48,5,2,0
MobileNet_V2,48,5,3,0
MobileNet_V2,48,5,4,0
MobileNet_V2,48,5,5,307
MobileNet_V2,48,5,6,0
MobileNet_V2,48,5,7,7
MobileNet_V2,48,5,8,0
MobileNet_V2,48,5,9,0
MobileNet_V2,48,5,10,2
MobileNet_V2,48,5,11,0
MobileNet_V2,48,6,0,0
MobileNet_V2,48,6,1,0
MobileNet_V2,48,6,2,0
MobileNet_V2,48,6,3,41
MobileNet_V2,48,6,4,6
MobileNet_V2,48,6,5,0
MobileNet_V2,48,6,6,266
MobileNet_V2,48,6,7,0
MobileNet_V2,48,6,8,0
MobileNet_V2,48,6,9,0
MobileNet_V2,48,6,10,0
MobileNet_V2,48,6,11,7
MobileNet_V2,48,7,0,0
MobileNet_V2,48,7,1,0
MobileNet_V2,48,7,2,2
MobileNet_V2,48,7,3,0
MobileNet_V2,48,7,4,0
MobileNet_V2,48,7,5,0
MobileNet_V2,48,7,6,0
MobileNet_V2,48,7,7,306
MobileNet_V2,48,7,8,0
MobileNet_V2,48,7,9,0
MobileNet_V2,48,7,10,10
MobileNet_V2,48,7,11,2
MobileNet_V2,48,8,0,0
MobileNet_V2,48,8,1,0
MobileNet_V2,48,8,2,1
MobileNet_V2,48,8,3,0
MobileNet_V2,48,8,4,0
MobileNet_V2,48,8,5,0
MobileNet_V2,48,8,6,0
MobileNet_V2,48,8,7,2
MobileNet_V2,48,8,8,311
MobileNet_V2,48,8,9,0
MobileNet_V2,48,8,10,3
MobileNet_V2,48,8,11,3
MobileNet_V2,48,9,0,0
MobileNet_V2,48,9,1,0
MobileNet_V2,48,9,2,0
MobileNet_V2,48,9,3,0
MobileNet_V2,48,9,4,1
MobileNet_V2,48,9,5,5
MobileNet_V2,48,9,6,0
MobileNet_V2,48,9,7,3
MobileNet_V2,48,9,8,1
MobileNet_V2,48,9,9,307
MobileNet_V2,48,9,10,0
MobileNet_V2,48,9,11,3
MobileNet_V2,48,10,0,0
MobileNet_V2,48,10,1,0
MobileNet_V2,48,10,2,0
MobileNet_V2,48,10,3,0
MobileNet_V2,48,10,4,0
MobileNet_V2,48,10,5,1
MobileNet_V2,48,10,6,0
MobileNet_V2,48,10,7,3
MobileNet_V2,48,10,8,3
MobileNet_V2,48,10,9,0
MobileNet_V2,48,10,10,313
MobileNet_V2,48,10,11,0
MobileNet_V2,48,11,0,0
MobileNet_V2,48,11,1,0
MobileNet_V2,48,11,2,0
MobileNet_V2,48,11,3,1
MobileNet_V2,48,11,4,0
MobileNet_V2,48,11,5,0
MobileNet_V2,48,11,6,1
MobileNet_V2,48,11,7,0
MobileNet_V2,48,11,8,0
MobileNet_V2,48,11,9,0
MobileNet_V2,48,11,10,0
MobileNet_V2,48,11,11,318
EfficientNet_B0,48,0,0,301
EfficientNet_B0,48,0,1,0
EfficientNet_B0,48,0,2,10
EfficientNet_B0,48,0,3,0
EfficientNet_B0,48,0,4,0
EfficientNet_B0,48,0,5,0
EfficientNet_B0,48,0,6,3
EfficientNet_B0,48,0,7,6
EfficientNet_B0,48,0,8,0
EfficientNet_B0,48,0,9,0
EfficientNet_B0,48,0,10,0
EfficientNet_B0,48,0,11,0
EfficientNet_B0,48,1,0,0
EfficientNet_B0,48,1,1,314
EfficientNet_B0,48,1,2,0
EfficientNet_B0,48,1,3,0
EfficientNet_B0,48,1,4,0
EfficientNet_B0,48,1,5,6
EfficientNet_B0,48,1,6,0
EfficientNet_B0,48,1,7,0
EfficientNet_B0,48,1,8,0
EfficientNet_B0,48,1,9,0
EfficientNet_B0,48,1,10,0
EfficientNet_B0,48,1,11,0
EfficientNet_B0,48,2,0,0
EfficientNet_B0,48,2,1,0
EfficientNet_B0,48,2,2,307
EfficientNet_B0,48,2,3,0
EfficientNet_B0,48,2,4,0
EfficientNet_B0,48,2,5,4
EfficientNet_B0,48,2,6,1
EfficientNet_B0,48,2,7,7
EfficientNet_B0,48,2,8,1
EfficientNet_B0,48,2,9,0
EfficientNet_B0,48,2,10,0
EfficientNet_B0,48,2,11,0
EfficientNet_B0,48,3,0,9
EfficientNet_B0,48,3,1,0
EfficientNet_B0,48,3,2,0
EfficientNet_B0,48,3,3,182
EfficientNet_B0,48,3,4,0
EfficientNet_B0,48,3,5,0
EfficientNet_B0,48,3,6,123
EfficientNet_B0,48,3,7,0
EfficientNet_B0,48,3,8,0
EfficientNet_B0,48,3,9,0
EfficientNet_B0,48,3,10,0
EfficientNet_B0,48,3,11,6
EfficientNet_B0,48,4,0,18
EfficientNet_B0,48,4,1,7
EfficientNet_B0,48,4,2,0
EfficientNet_B0,48,4,3,0
EfficientNet_B0,48,4,4,285
EfficientNet_B0,48,4,5,1
EfficientNet_B0,48,4,6,5
EfficientNet_B0,48,4,7,0
EfficientNet_B0,48,4,8,0
EfficientNet_B0,48,4,9,4
EfficientNet_B0,48,4,10,0
EfficientNet_B0,48,4,11,0
EfficientNet_B0,48,5,0,0
EfficientNet_B0,48,5,1,2
EfficientNet_B0,48,5,2,0
EfficientNet_B0,48,5,3,0
EfficientNet_B0,48,5,4,0
EfficientNet_B0,48,5,5,313
EfficientNet_B0,48,5,6,0
EfficientNet_B0,48,5,7,3
EfficientNet_B0,48,5,8,0
EfficientNet_B0,48,5,9,0
EfficientNet_B0,48,5,10,2
EfficientNet_B0,48,5,11,0
EfficientNet_B0,48,6,0,0
EfficientNet_B0,48,6,1,0
EfficientNet_B0,48,6,2,0
EfficientNet_B0,48,6,3,44
EfficientNet_B0,48,6,4,4
EfficientNet_B0,48,6,5,0
EfficientNet_B0,48,6,6,272
EfficientNet_B0,48,6,7,0
EfficientNet_B0,48,6,8,0
EfficientNet_B0,48,6,9,0
EfficientNet_B0,48,6,10,0
EfficientNet_B0,48,6,11,0
EfficientNet_B0,48,7,0,0
EfficientNet_B0,48,7,1,0
EfficientNet_B0,48,7,2,0
EfficientNet_B0,48,7,3,0
EfficientNet_B0,48,7,4,0
EfficientNet_B0,48,7,5,0
EfficientNet_B0,48,7,6,0
EfficientNet_B0,48,7,7,310
EfficientNet_B0,48,7,8,2
EfficientNet_B0,48,7,9,0
EfficientNet_B0,48,7,10,3
EfficientNet_B0,48,7,11,5
EfficientNet_B0,48,8,0,1
EfficientNet_B0,48,8,1,0
EfficientNet_B0,48,8,2,0
EfficientNet_B0,48,8,3,0
EfficientNet_B0,48,8,4,0
EfficientNet_B0,48,8,5,0
EfficientNet_B0,48,8,6,0
EfficientNet_B0,48,8,7,0
EfficientNet_B0,48,8,8,313
EfficientNet_B0,48,8,9,0
EfficientNet_B0,48,8,10,0
EfficientNet_B0,48,8,11,6
EfficientNet_B0,48,9,0,0
EfficientNet_B0,48,9,1,0
EfficientNet_B0,48,9,2,0
EfficientNet_B0,48,9,3,0
EfficientNet_B0,48,9,4,0
EfficientNet_B0,48,9,5,6
EfficientNet_B0,48,9,6,0
EfficientNet_B0,48,9,7,10
EfficientNet_B0,48,9,8,4
EfficientNet_B0,48,9,9,299
EfficientNet_B0,48,9,10,0
EfficientNet_B0,48,9,11,1
EfficientNet_B0,48,10,0,0
EfficientNet_B0,48,10,1,0
EfficientNet_B0,48,10,2,0
EfficientNet_B0,48,10,3,0
EfficientNet_B0,48,10,4,0
EfficientNet_B0,48,10,5,0
EfficientNet_B0,48,10,6,0
EfficientNet_B0,48,10,7,4
EfficientNet_B0,48,10,8,7
EfficientNet_B0,48,10,9,0
EfficientNet_B0,48,10,10,306
EfficientNet_B0,48,10,11,3
EfficientNet_B0,48,11,0,0
EfficientNet_B0,48,11,1,0
EfficientNet_B0,48,11,2,0
EfficientNet_B0,48,11,3,0
EfficientNet_B0,48,11,4,0
EfficientNet_B0,48,11,5,0
EfficientNet_B0,48,11,6,0
EfficientNet_B0,48,11,7,0
EfficientNet_B0,48,11,8,0
EfficientNet_B0,48,11,9,2
EfficientNet_B0,48,11,10,1
EfficientNet_B0,48,11,11,317
LSTM,48,0,0,250
LSTM,48,0,1,2
LSTM,48,0,2,41
LSTM,48,0,3,0
LSTM,48,0,4,0
LSTM,48,0,5,3
LSTM,48,0,6,3
LSTM,48,0,7,3
LSTM,48,0,8,11
LSTM,48,0,9,1
LSTM,48,0,10,2
LSTM,48,0,11,4
LSTM,48,1,0,0
LSTM,48,1,1,274
LSTM,48,1,2,0
LSTM,48,1,3,1
LSTM,48,1,4,4
LSTM,48,1,5,35
LSTM,48,1,6,0
LSTM,48,1,7,0
LSTM,48,1,8,1
LSTM,48,1,9,3
LSTM,48,1,10,1
LSTM,48,1,11,1
LSTM,48,2,0,13
LSTM,48,2,1,3
LSTM,48,2,2,230
LSTM,48,2,3,0
LSTM,48,2,4,0
LSTM,48,2,5,2
LSTM,48,2,6,1
LSTM,48,2,7,59
LSTM,48,2,8,10
LSTM,48,2,9,0
LSTM,48,2,10,0
LSTM,48,2,11,2
LSTM,48,3,0,5
LSTM,48,3,1,1
LSTM,48,3,2,0
LSTM,48,3,3,201
LSTM,48,3,4,3
LSTM,48,3,5,1
LSTM,48,3,6,77
LSTM,48,3,7,5
LSTM,48,3,8,0
LSTM,48,3,9,2
LSTM,48,3,10,0
LSTM,48,3,11,25
LSTM,48,4,0,18
LSTM,48,4,1,29
LSTM,48,4,2,1
LSTM,48,4,3,0
LSTM,48,4,4,214
LSTM,48,4,5,14
LSTM,48,4,6,1
LSTM,48,4,7,1
LSTM,48,4,8,0
LSTM,48,4,9,40
LSTM,48,4,10,2
LSTM,48,4,11,0
LSTM,48,5,0,3
LSTM,48,5,1,6
LSTM,48,5,2,0
LSTM,48,5,3,0
LSTM,48,5,4,1
LSTM,48,5,5,289
LSTM,48,5,6,0
LSTM,48,5,7,0
LSTM,48,5,8,2
LSTM,48,5,9,0
LSTM,48,5,10,18
LSTM,48,5,11,1
LSTM,48,6,0,2
LSTM,48,6,1,2
LSTM,48,6,2,1
LSTM,48,6,3,66
LSTM,48,6,4,9
LSTM,48,6,5,0
LSTM,48,6,6,207
LSTM,48,6,7,0
LSTM,48,6,8,0
LSTM,48,6,9,8
LSTM,48,6,10,0
LSTM,48,6,11,25
LSTM,48,7,0,2
LSTM,48,7,1,1
LSTM,48,7,2,0
LSTM,48,7,3,0
LSTM,48,7,4,3
LSTM,48,7,5,0
LSTM,48,7,6,1
LSTM,48,7,7,295
LSTM,48,7,8,5
LSTM,48,7,9,1
LSTM,48,7,10,9
LSTM,48,7,11,3
LSTM,48,8,0,5
LSTM,48,8,1,0
LSTM,48,8,2,16
LSTM,48,8,3,0
LSTM,48,8,4,0
LSTM,48,8,5,0
LSTM,48,8,6,0
LSTM,48,8,7,2
LSTM,48,8,8,292
LSTM,48,8,9,0
LSTM,48,8,10,3
LSTM,48,8,11,2
LSTM,48,9,0,0
LSTM,48,9,1,19
LSTM,48,9,2,0
LSTM,48,9,3,0
LSTM,48,9,4,14
LSTM,48,9,5,4
LSTM,48,9,6,1
LSTM,48,9,7,0
LSTM,48,9,8,3
LSTM,48,9,9,267
LSTM,48,9,10,4
LSTM,48,9,11,8
LSTM,48,10,0,1
LSTM,48,10,1,2
LSTM,48,10,2,0
LSTM,48,10,3,0
LSTM,48,10,4,0
LSTM,48,10,5,2
LSTM,48,10,6,0
LSTM,48,10,7,5
LSTM,48,10,8,8
LSTM,48,10,9,2
LSTM,48,10,10,297
LSTM,48,10,11,3
LSTM,48,11,0,1
LSTM,48,11,1,4
LSTM,48,11,2,1
LSTM,48,11,3,18
LSTM,48,11,4,2
LSTM,48,11,5,1
LSTM,48,11,6,48
LSTM,48,11,7,0
LSTM,48,11,8,1
LSTM,48,11,9,13
LSTM,48,11,10,1
LSTM,48,11,11,230
GRU,48,0,0,261
GRU,48,0,1,1
GRU,48,0,2,21
GRU,48,0,3,0
GRU,48,0,4,0
GRU,48,0,5,9
GRU,48,0,6,3
GRU,48,0,7,3
GRU,48,0,8,17
GRU,48,0,9,1
GRU,48,0,10,1
GRU,48,0,11,3
GRU,48,1,0,1
GRU,48,1,1,273
GRU,48,1,2,0
GRU,48,1,3,0
GRU,48,1,4,2
GRU,48,1,5,38
GRU,48,1,6,2
GRU,48,1,7,0
GRU,48,1,8,0
GRU,48,1,9,0
GRU,48,1,10,3
GRU,48,1,11,1
GRU,48,2,0,9
GRU,48,2,1,1
GRU,48,2,2,221
GRU,48,2,3,0
GRU,48,2,4,0
GRU,48,2,5,4
GRU,48,2,6,1
GRU,48,2,7,72
GRU,48,2,8,8
GRU,48,2,9,1
GRU,48,2,10,1
GRU,48,2,11,2
GRU,48,3,0,5
GRU,48,3,1,2
GRU,48,3,2,0
GRU,48,3,3,198
GRU,48,3,4,2
GRU,48,3,5,0
GRU,48,3,6,94
GRU,48,3,7,1
GRU,48,3,8,2
GRU,48,3,9,2
GRU,48,3,10,1
GRU,48,3,11,13
GRU,48,4,0,17
GRU,48,4,1,33
GRU,48,4,2,1
GRU,48,4,3,1
GRU,48,4,4,214
GRU,48,4,5,17
GRU,48,4,6,2
GRU,48,4,7,1
GRU,48,4,8,0
GRU,48,4,9,29
GRU,48,4,10,3
GRU,48,4,11,2
GRU,48,5,0,3
GRU,48,5,1,9
GRU,48,5,2,0
GRU,48,5,3,0
GRU,48,5,4,1
GRU,48,5,5,302
GRU,48,5,6,0
GRU,48,5,7,0
GRU,48,5,8,2
GRU,48,5,9,0
GRU,48,5,10,2
GRU,48,5,11,1
GRU,48,6,0,2
GRU,48,6,1,3
GRU,48,6,2,0
GRU,48,6,3,62
GRU,48,6,4,11
GRU,48,6,5,0
GRU,48,6,6,209
GRU,48,6,7,1
GRU,48,6,8,0
GRU,48,6,9,4
GRU,48,6,10,0
GRU,48,6,11,28
GRU,48,7,0,1
GRU,48,7,1,3
GRU,48,7,2,0
GRU,48,7,3,0
GRU,48,7,4,1
GRU,48,7,5,0
GRU,48,7,6,1
GRU,48,7,7,290
GRU,48,7,8,5
GRU,48,7,9,3
GRU,48,7,10,11
GRU,48,7,11,5
GRU,48,8,0,19
GRU,48,8,1,1
GRU,48,8,2,5
GRU,48,8,3,0
GRU,48,8,4,0
GRU,48,8,5,0
GRU,48,8,6,0
GRU,48,8,7,5
GRU,48,8,8,281
GRU,48,8,9,0
GRU,48,8,10,5
GRU,48,8,11,4
GRU,48,9,0,1
GRU,48,9,1,12
GRU,48,9,2,0
GRU,48,9,3,2
GRU,48,9,4,12
GRU,48,9,5,6
GRU,48,9,6,0
GRU,48,9,7,0
GRU,48,9,8,2
GRU,48,9,9,279
GRU,48,9,10,2
GRU,48,9,11,4
GRU,48,10,0,0
GRU,48,10,1,0
GRU,48,10,2,1
GRU,48,10,3,0
GRU,48,10,4,0
GRU,48,10,5,6
GRU,48,10,6,0
GRU,48,10,7,6
GRU,48,10,8,4
GRU,48,10,9,2
GRU,48,10,10,300
GRU,48,10,11,1
GRU,48,11,0,2
GRU,48,11,1,9
GRU,48,11,2,1
GRU,48,11,3,32
GRU,48,11,4,1
GRU,48,11,5,0
GRU,48,11,6,33
GRU,48,11,7,4
GRU,48,11,8,0
GRU,48,11,9,9
GRU,48,11,10,0
GRU,48,11,11,229
CNN_LSTM,48,0,0,287
CNN_LSTM,48,0,1,1
CNN_LSTM,48,0,2,2
CNN_LSTM,48,0,3,0
CNN_LSTM,48,0,4,0
CNN_LSTM,48,0,5,0
CNN_LSTM,48,0,6,0
CNN_LSTM,48,0,7,0
CNN_LSTM,48,0,8,27
CNN_LSTM,48,0,9,0
CNN_LSTM,48,0,10,2
CNN_LSTM,48,0,11,1
CNN_LSTM,48,1,0,1
CNN_LSTM,48,1,1,313
CNN_LSTM,48,1,2,0
CNN_LSTM,48,1,3,0
CNN_LSTM,48,1,4,0
CNN_LSTM,48,1,5,4
CNN_LSTM,48,1,6,0
CNN_LSTM,48,1,7,1
CNN_LSTM,48,1,8,0
CNN_LSTM,48,1,9,1
CNN_LSTM,48,1,10,0
CNN_LSTM,48,1,11,0
CNN_LSTM,48,2,0,2
CNN_LSTM,48,2,1,0
CNN_LSTM,48,2,2,290
CNN_LSTM,48,2,3,0
CNN_LSTM,48,2,4,0
CNN_LSTM,48,2,5,0
CNN_LSTM,48,2,6,0
CNN_LSTM,48,2,7,19
CNN_LSTM,48,2,8,3
CNN_LSTM,48,2,9,0
CNN_LSTM,48,2,10,5
CNN_LSTM,48,2,11,1
CNN_LSTM,48,3,0,12
CNN_LSTM,48,3,1,1
CNN_LSTM,48,3,2,0
CNN_LSTM,48,3,3,169
CNN_LSTM,48,3,4,4
CNN_LSTM,48,3,5,0
CNN_LSTM,48,3,6,95
CNN_LSTM,48,3,7,4
CNN_LSTM,48,3,8,0
CNN_LSTM,48,3,9,0
CNN_LSTM,48,3,10,0
CNN_LSTM,48,3,11,35
CNN_LSTM,48,4,0,7
CNN_LSTM,48,4,1,19
CNN_LSTM,48,4,2,0
CNN_LSTM,48,4,3,0
CNN_LSTM,48,4,4,273
CNN_LSTM,48,4,5,1
CNN_LSTM,48,4,6,1
CNN_LSTM,48,4,7,1
CNN_LSTM,48,4,8,1
CNN_LSTM,48,4,9,17
CNN_LSTM,48,4,10,0
CNN_LSTM,48,4,11,0
CNN_LSTM,48,5,0,0
CNN_LSTM,48,5,1,2
CNN_LSTM,48,5,2,0
CNN_LSTM,48,5,3,0
CNN_LSTM,48,5,4,0
CNN_LSTM,48,5,5,310
CNN_LSTM,48,5,6,0
CNN_LSTM,48,5,7,0
CNN_LSTM,48,5,8,0
CNN_LSTM,48,5,9,0
CNN_LSTM,48,5,10,8
CNN_LSTM,48,5,11,0
CNN_LSTM,48,6,0,0
CNN_LSTM,48,6,1,0
CNN_LSTM,48,6,2,0
CNN_LSTM,48,6,3,42
CNN_LSTM,48,6,4,11
CNN_LSTM,48,6,5,0
CNN_LSTM,48,6,6,229
CNN_LSTM,48,6,7,0
CNN_LSTM,48,6,8,4
CNN_LSTM,48,6,9,2
CNN_LSTM,48,6,10,2
CNN_LSTM,48,6,11,30
CNN_LSTM,48,7,0,1
CNN_LSTM,48,7,1,0
CNN_LSTM,48,7,2,0
CNN_LSTM,48,7,3,0
CNN_LSTM,48,7,4,0
CNN_LSTM,48,7,5,0
CNN_LSTM,48,7,6,0
CNN_LSTM,48,7,7,298
CNN_LSTM,48,7,8,3
CNN_LSTM,48,7,9,0
CNN_LSTM,48,7,10,16
CNN_LSTM,48,7,11,2
CNN_LSTM,48,8,0,1
CNN_LSTM,48,8,1,0
CNN_LSTM,48,8,2,38
CNN_LSTM,48,8,3,0
CNN_LSTM,48,8,4,0
CNN_LSTM,48,8,5,1
CNN_LSTM,48,8,6,0
CNN_LSTM,48,8,7,0
CNN_LSTM,48,8,8,279
CNN_LSTM,48,8,9,0
CNN_LSTM,48,8,10,0
CNN_LSTM,48,8,11,1
CNN_LSTM,48,9,0,0
CNN_LSTM,48,9,1,0
CNN_LSTM,48,9,2,0
CNN_LSTM,48,9,3,0
CNN_LSTM,48,9,4,2
CNN_LSTM,48,9,5,0
CNN_LSTM,48,9,6,0
CNN_LSTM,48,9,7,0
CNN_LSTM,48,9,8,5
CNN_LSTM,48,9,9,311
CNN_LSTM,48,9,10,0
CNN_LSTM,48,9,11,2
CNN_LSTM,48,10,0,0
CNN_LSTM,48,10,1,0
CNN_LSTM,48,10,2,0
CNN_LSTM,48,10,3,0
CNN_LSTM,48,10,4,0
CNN_LSTM,48,10,5,0
CNN_LSTM,48,10,6,0
CNN_LSTM,48,10,7,1
CNN_LSTM,48,10,8,2
CNN_LSTM,48,10,9,0
CNN_LSTM,48,10,10,317
CNN_LSTM,48,10,11,0
CNN_LSTM,48,11,0,0
CNN_LSTM,48,11,1,4
CNN_LSTM,48,11,2,0
CNN_LSTM,48,11,3,13
CNN_LSTM,48,11,4,0
CNN_LSTM,48,11,5,0
CNN_LSTM,48,11,6,48
CNN_LSTM,48,11,7,0
CNN_LSTM,48,11,8,1
CNN_LSTM,48,11,9,3
CNN_LSTM,48,11,10,0
CNN_LSTM,48,11,11,251
LeNet_LSTM,48,0,0,289
LeNet_LSTM,48,0,1,1
LeNet_LSTM,48,0,2,0
LeNet_LSTM,48,0,3,0
LeNet_LSTM,48,0,4,0
LeNet_LSTM,48,0,5,2
LeNet_LSTM,48,0,6,1
LeNet_LSTM,48,0,7,0
LeNet_LSTM,48,0,8,24
LeNet_LSTM,48,0,9,1
LeNet_LSTM,48,0,10,1
LeNet_LSTM,48,0,11,1
LeNet_LSTM,48,1,0,0
LeNet_LSTM,48,1,1,315
LeNet_LSTM,48,1,2,0
LeNet_LSTM,48,1,3,0
LeNet_LSTM,48,1,4,0
LeNet_LSTM,48,1,5,5
LeNet_LSTM,48,1,6,0
LeNet_LSTM,48,1,7,0
LeNet_LSTM,48,1,8,0
LeNet_LSTM,48,1,9,0
LeNet_LSTM,48,1,10,0
LeNet_LSTM,48,1,11,0
LeNet_LSTM,48,2,0,0
LeNet_LSTM,48,2,1,2
LeNet_LSTM,48,2,2,262
LeNet_LSTM,48,2,3,0
LeNet_LSTM,48,2,4,0
LeNet_LSTM,48,2,5,4
LeNet_LSTM,48,2,6,0
LeNet_LSTM,48,2,7,44
LeNet_LSTM,48,2,8,7
LeNet_LSTM,48,2,9,0
LeNet_LSTM,48,2,10,0
LeNet_LSTM,48,2,11,1
LeNet_LSTM,48,3,0,5
LeNet_LSTM,48,3,1,1
LeNet_LSTM,48,3,2,0
LeNet_LSTM,48,3,3,210
LeNet_LSTM,48,3,4,1
LeNet_LSTM,48,3,5,0
LeNet_LSTM,48,3,6,96
LeNet_LSTM,48,3,7,1
LeNet_LSTM,48,3,8,0
LeNet_LSTM,48,3,9,0
LeNet_LSTM,48,3,10,0
LeNet_LSTM,48,3,11,6
LeNet_LSTM,48,4,0,7
LeNet_LSTM,48,4,1,22
LeNet_LSTM,48,4,2,0
LeNet_LSTM,48,4,3,1
LeNet_LSTM,48,4,4,271
LeNet_LSTM,48,4,5,1
LeNet_LSTM,48,4,6,2
LeNet_LSTM,48,4,7,2
LeNet_LSTM,48,4,8,0
LeNet_LSTM,48,4,9,14
LeNet_LSTM,48,4,10,0
LeNet_LSTM,48,4,11,0
LeNet_LSTM,48,5,0,1
LeNet_LSTM,48,5,1,0
LeNet_LSTM,48,5,2,0
LeNet_LSTM,48,5,3,0
LeNet_LSTM,48,5,4,0
LeNet_LSTM,48,5,5,311
LeNet_LSTM,48,5,6,0
LeNet_LSTM,48,5,7,6
LeNet_LSTM,48,5,8,0
LeNet_LSTM,48,5,9,0
LeNet_LSTM,48,5,10,2
LeNet_LSTM,48,5,11,0
LeNet_LSTM,48,6,0,0
LeNet_LSTM,48,6,1,0
LeNet_LSTM,48,6,2,0
LeNet_LSTM,48,6,3,61
LeNet_LSTM,48,6,4,8
LeNet_LSTM,48,6,5,0
LeNet_LSTM,48,6,6,243
LeNet_LSTM,48,6,7,1
LeNet_LSTM,48,6,8,0
LeNet_LSTM,48,6,9,1
LeNet_LSTM,48,6,10,0
LeNet_LSTM,48,6,11,6
LeNet_LSTM,48,7,0,0
LeNet_LSTM,48,7,1,0
LeNet_LSTM,48,7,2,2
LeNet_LSTM,48,7,3,0
LeNet_LSTM,48,7,4,0
LeNet_LSTM,48,7,5,1
LeNet_LSTM,48,7,6,0
LeNet_LSTM,48,7,7,315
LeNet_LSTM,48,7,8,1
LeNet_LSTM,48,7,9,0
LeNet_LSTM,48,7,10,1
LeNet_LSTM,48,7,11,0
LeNet_LSTM,48,8,0,7
LeNet_LSTM,48,8,1,0
LeNet_LSTM,48,8,2,28
LeNet_LSTM,48,8,3,0
LeNet_LSTM,48,8,4,0
LeNet_LSTM,48,8,5,1
LeNet_LSTM,48,8,6,0
LeNet_LSTM,48,8,7,0
LeNet_LSTM,48,8,8,284
LeNet_LSTM,48,8,9,0
LeNet_LSTM,48,8,10,0
LeNet_LSTM,48,8,11,0
LeNet_LSTM,48,9,0,0
LeNet_LSTM,48,9,1,1
LeNet_LSTM,48,9,2,0
LeNet_LSTM,48,9,3,0
LeNet_LSTM,48,9,4,7
LeNet_LSTM,48,9,5,6
LeNet_LSTM,48,9,6,0
LeNet_LSTM,48,9,7,0
LeNet_LSTM,48,9,8,6
LeNet_LSTM,48,9,9,298
LeNet_LSTM,48,9,10,0
LeNet_LSTM,48,9,11,2
LeNet_LSTM,48,10,0,0
LeNet_LSTM,48,10,1,0
LeNet_LSTM,48,10,2,0
LeNet_LSTM,48,10,3,0
LeNet_LSTM,48,10,4,0
LeNet_LSTM,48,10,5,0
LeNet_LSTM,48,10,6,0
LeNet_LSTM,48,10,7,2
LeNet_LSTM,48,10,8,0
LeNet_LSTM,48,10,9,0
LeNet_LSTM,48,10,10,318
LeNet_LSTM,48,10,11,0
LeNet_LSTM,48,11,0,0
LeNet_LSTM,48,11,1,7
LeNet_LSTM,48,11,2,0
LeNet_LSTM,48,11,3,9
LeNet_LSTM,48,11,4,0
LeNet_LSTM,48,11,5,0
LeNet_LSTM,48,11,6,48
LeNet_LSTM,48,11,7,2
LeNet_LSTM,48,11,8,1
LeNet_LSTM,48,11,9,3
LeNet_LSTM,48,11,10,0
LeNet_LSTM,48,11,11,250
TCN,48,0,0,250
TCN,48,0,1,1
TCN,48,0,2,41
TCN,48,0,3,0
TCN,48,0,4,3
TCN,48,0,5,6
TCN,48,0,6,6
TCN,48,0,7,0
TCN,48,0,8,10
TCN,48,0,9,0
TCN,48,0,10,0
TCN,48,0,11,3
TCN,48,1,0,2
TCN,48,1,1,273
TCN,48,1,2,0
TCN,48,1,3,1
TCN,48,1,4,2
TCN,48,1,5,40
TCN,48,1,6,0
TCN,48,1,7,0
TCN,48,1,8,1
TCN,48,1,9,0
TCN,48,1,10,0
TCN,48,1,11,1
TCN,48,2,0,18
TCN,48,2,1,0
TCN,48,2,2,267
TCN,48,2,3,0
TCN,48,2,4,0
TCN,48,2,5,5
TCN,48,2,6,0
TCN,48,2,7,12
TCN,48,2,8,13
TCN,48,2,9,0
TCN,48,2,10,0
TCN,48,2,11,5
TCN,48,3,0,2
TCN,48,3,1,0
TCN,48,3,2,0
TCN,48,3,3,160
TCN,48,3,4,1
TCN,48,3,5,0
TCN,48,3,6,118
TCN,48,3,7,1
TCN,48,3,8,0
TCN,48,3,9,0
TCN,48,3,10,0
TCN,48,3,11,38
TCN,48,4,0,23
TCN,48,4,1,33
TCN,48,4,2,1
TCN,48,4,3,7
TCN,48,4,4,190
TCN,48,4,5,10
TCN,48,4,6,5
TCN,48,4,7,0
TCN,48,4,8,1
TCN,48,4,9,46
TCN,48,4,10,2
TCN,48,4,11,2
TCN,48,5,0,3
TCN,48,5,1,16
TCN,48,5,2,2
TCN,48,5,3,0
TCN,48,5,4,4
TCN,48,5,5,281
TCN,48,5,6,1
TCN,48,5,7,6
TCN,48,5,8,3
TCN,48,5,9,0
TCN,48,5,10,1
TCN,48,5,11,3
TCN,48,6,0,1
TCN,48,6,1,0
TCN,48,6,2,0
TCN,48,6,3,65
TCN,48,6,4,6
TCN,48,6,5,0
TCN,48,6,6,200
TCN,48,6,7,0
TCN,48,6,8,0
TCN,48,6,9,8
TCN,48,6,10,0
TCN,48,6,11,40
TCN,48,7,0,0
TCN,48,7,1,0
TCN,48,7,2,0
TCN,48,7,3,0
TCN,48,7,4,0
TCN,48,7,5,0
TCN,48,7,6,0
TCN,48,7,7,316
TCN,48,7,8,1
TCN,48,7,9,0
TCN,48,7,10,2
TCN,48,7,11,1
TCN,48,8,0,11
TCN,48,8,1,0
TCN,48,8,2,10
TCN,48,8,3,0
TCN,48,8,4,0
TCN,48,8,5,1
TCN,48,8,6,0
TCN,48,8,7,1
TCN,48,8,8,292
TCN,48,8,9,2
TCN,48,8,10,2
TCN,48,8,11,1
TCN,48,9,0,1
TCN,48,9,1,11
TCN,48,9,2,0
TCN,48,9,3,0
TCN,48,9,4,14
TCN,48,9,5,1
TCN,48,9,6,0
TCN,48,9,7,6
TCN,48,9,8,7
TCN,48,9,9,271
TCN,48,9,10,3
TCN,48,9,11,6
TCN,48,10,0,0
TCN,48,10,1,0
TCN,48,10,2,0
TCN,48,10,3,0
TCN,48,10,4,0
TCN,48,10,5,0
TCN,48,10,6,0
TCN,48,10,7,6
TCN,48,10,8,2
TCN,48,10,9,1
TCN,48,10,10,310
TCN,48,10,11,1
TCN,48,11,0,1
TCN,48,11,1,1
TCN,48,11,2,0
TCN,48,11,3,34
TCN,48,11,4,0
TCN,48,11,5,0
TCN,48,11,6,44
TCN,48,11,7,0
TCN,48,11,8,1
TCN,48,11,9,3
TCN,48,11,10,0
TCN,48,11,11,236
Transformer,48,0,0,255
Transformer,48,0,1,2
Transformer,48,0,2,34
Transformer,48,0,3,1
Transformer,48,0,4,6
Transformer,48,0,5,10
Transformer,48,0,6,3
Transformer,48,0,7,0
Transformer,48,0,8,3
Transformer,48,0,9,2
Transformer,48,0,10,2
Transformer,48,0,11,2
Transformer,48,1,0,1
Transformer,48,1,1,211
Transformer,48,1,2,1
Transformer,48,1,3,0
Transformer,48,1,4,20
Transformer,48,1,5,55
Transformer,48,1,6,5
Transformer,48,1,7,9
Transformer,48,1,8,0
Transformer,48,1,9,11
Transformer,48,1,10,4
Transformer,48,1,11,3
Transformer,48,2,0,52
Transformer,48,2,1,1
Transformer,48,2,2,207
Transformer,48,2,3,1
Transformer,48,2,4,0
Transformer,48,2,5,6
Transformer,48,2,6,1
Transformer,48,2,7,42
Transformer,48,2,8,3
Transformer,48,2,9,0
Transformer,48,2,10,5
Transformer,48,2,11,2
Transformer,48,3,0,11
Transformer,48,3,1,1
Transformer,48,3,2,1
Transformer,48,3,3,166
Transformer,48,3,4,6
Transformer,48,3,5,1
Transformer,48,3,6,100
Transformer,48,3,7,8
Transformer,48,3,8,1
Transformer,48,3,9,15
Transformer,48,3,10,1
Transformer,48,3,11,9
Transformer,48,4,0,28
Transformer,48,4,1,62
Transformer,48,4,2,0
Transformer,48,4,3,12
Transformer,48,4,4,155
Transformer,48,4,5,16
Transformer,48,4,6,6
Transformer,48,4,7,1
Transformer,48,4,8,0
Transformer,48,4,9,30
Transformer,48,4,10,4
Transformer,48,4,11,6
Transformer,48,5,0,3
Transformer,48,5,1,39
Transformer,48,5,2,0
Transformer,48,5,3,1
Transformer,48,5,4,9
Transformer,48,5,5,251
Transformer,48,5,6,2
Transformer,48,5,7,1
Transformer,48,5,8,0
Transformer,48,5,9,2
Transformer,48,5,10,11
Transformer,48,5,11,1
Transformer,48,6,0,8
Transformer,48,6,1,14
Transformer,48,6,2,1
Transformer,48,6,3,76
Transformer,48,6,4,14
Transformer,48,6,5,3
Transformer,48,6,6,185
Transformer,48,6,7,4
Transformer,48,6,8,0
Transformer,48,6,9,8
Transformer,48,6,10,0
Transformer,48,6,11,7
Transformer,48,7,0,13
Transformer,48,7,1,1
Transformer,48,7,2,1
Transformer,48,7,3,1
Transformer,48,7,4,1
Transformer,48,7,5,2
Transformer,48,7,6,3
Transformer,48,7,7,220
Transformer,48,7,8,14
Transformer,48,7,9,2
Transformer,48,7,10,59
Transformer,48,7,11,3
Transformer,48,8,0,5
Transformer,48,8,1,0
Transformer,48,8,2,11
Transformer,48,8,3,0
Transformer,48,8,4,0
Transformer,48,8,5,0
Transformer,48,8,6,0
Transformer,48,8,7,1
Transformer,48,8,8,280
Transformer,48,8,9,1
Transformer,48,8,10,0
Transformer,48,8,11,22
Transformer,48,9,0,14
Transformer,48,9,1,18
Transformer,48,9,2,0
Transformer,48,9,3,4
Transformer,48,9,4,22
Transformer,48,9,5,5
Transformer,48,9,6,4
Transformer,48,9,7,5
Transformer,48,9,8,4
Transformer,48,9,9,220
Transformer,48,9,10,14
Transformer,48,9,11,10
Transformer,48,10,0,12
Transformer,48,10,1,0
Transformer,48,10,2,3
Transformer,48,10,3,1
Transformer,48,10,4,1
Transformer,48,10,5,6
Transformer,48,10,6,3
Transformer,48,10,7,91
Transformer,48,10,8,20
Transformer,48,10,9,3
Transformer,48,10,10,177
Transformer,48,10,11,3
Transformer,48,11,0,3
Transformer,48,11,1,0
Transformer,48,11,2,0
Transformer,48,11,3,27
Transformer,48,11,4,0
Transformer,48,11,5,0
Transformer,48,11,6,10
Transformer,48,11,7,1
Transformer,48,11,8,0
Transformer,48,11,9,12
Transformer,48,11,10,1
Transformer,48,11,11,266
LeNet,49,0,0,287
LeNet,49,0,1,0
LeNet,49,0,2,28
LeNet,49,0,3,2
LeNet,49,0,4,2
LeNet,49,0,5,0
LeNet,49,0,6,0
LeNet,49,0,7,0
LeNet,49,0,8,0
LeNet,49,0,9,1
LeNet,49,0,10,0
LeNet,49,0,11,0
LeNet,49,1,0,0
LeNet,49,1,1,292
LeNet,49,1,2,0
LeNet,49,1,3,0
LeNet,49,1,4,0
LeNet,49,1,5,21
LeNet,49,1,6,1
LeNet,49,1,7,2
LeNet,49,1,8,0
LeNet,49,1,9,4
LeNet,49,1,10,0
LeNet,49,1,11,0
LeNet,49,2,0,5
LeNet,49,2,1,0
LeNet,49,2,2,292
LeNet,49,2,3,1
LeNet,49,2,4,0
LeNet,49,2,5,7
LeNet,49,2,6,0
LeNet,49,2,7,5
LeNet,49,2,8,6
LeNet,49,2,9,0
LeNet,49,2,10,4
LeNet,49,2,11,0
LeNet,49,3,0,1
LeNet,49,3,1,1
LeNet,49,3,2,0
LeNet,49,3,3,223
LeNet,49,3,4,2
LeNet,49,3,5,0
LeNet,49,3,6,91
LeNet,49,3,7,0
LeNet,49,3,8,0
LeNet,49,3,9,1
LeNet,49,3,10,0
LeNet,49,3,11,1
LeNet,49,4,0,3
LeNet,49,4,1,5
LeNet,49,4,2,14
LeNet,49,4,3,0
LeNet,49,4,4,298
LeNet,49,4,5,0
LeNet,49,4,6,0
LeNet,49,4,7,0
LeNet,49,4,8,0
LeNet,49,4,9,0
LeNet,49,4,10,0
LeNet,49,4,11,0
LeNet,49,5,0,4
LeNet,49,5,1,7
LeNet,49,5,2,1
LeNet,49,5,3,1
LeNet,49,5,4,0
LeNet,49,5,5,306
LeNet,49,5,6,0
LeNet,49,5,7,0
LeNet,49,5,8,0
LeNet,49,5,9,0
LeNet,49,5,10,1
LeNet,49,5,11,0
LeNet,49,6,0,1
LeNet,49,6,1,2
LeNet,49,6,2,0
LeNet,49,6,3,85
LeNet,49,6,4,0
LeNet,49,6,5,0
LeNet,49,6,6,227
LeNet,49,6,7,0
LeNet,49,6,8,0
LeNet,49,6,9,5
LeNet,49,6,10,0
LeNet,49,6,11,0
LeNet,49,7,0,0
LeNet,49,7,1,0
LeNet,49,7,2,0
LeNet,49,7,3,0
LeNet,49,7,4,0
LeNet,49,7,5,4
LeNet,49,7,6,0
LeNet,49,7,7,298
LeNet,49,7,8,4
LeNet,49,7,9,1
LeNet,49,7,10,13
LeNet,49,7,11,0
LeNet,49,8,0,4
LeNet,49,8,1,0
LeNet,49,8,2,5
LeNet,49,8,3,0
LeNet,49,8,4,0
LeNet,49,8,5,0
LeNet,49,8,6,0
LeNet,49,8,7,8
LeNet,49,8,8,291
LeNet,49,8,9,6
LeNet,49,8,10,1
LeNet,49,8,11,5
LeNet,49,9,0,0
LeNet,49,9,1,1
LeNet,49,9,2,0
LeNet,49,9,3,0
LeNet,49,9,4,3
LeNet,49,9,5,0
LeNet,49,9,6,0
LeNet,49,9,7,1
LeNet,49,9,8,5
LeNet,49,9,9,310
LeNet,49,9,10,0
LeNet,49,9,11,0
LeNet,49,10,0,0
LeNet,49,10,1,0
LeNet,49,10,2,0
LeNet,49,10,3,0
LeNet,49,10,4,0
LeNet,49,10,5,1
LeNet,49,10,6,0
LeNet,49,10,7,5
LeNet,49,10,8,4
LeNet,49,10,9,0
LeNet,49,10,10,309
LeNet,49,10,11,1
LeNet,49,11,0,0
LeNet,49,11,1,0
LeNet,49,11,2,0
LeNet,49,11,3,1
LeNet,49,11,4,0
LeNet,49,11,5,0
LeNet,49,11,6,0
LeNet,49,11,7,0
LeNet,49,11,8,3
LeNet,49,11,9,19
LeNet,49,11,10,0
LeNet,49,11,11,297
ResNet18,49,0,0,317
ResNet18,49,0,1,3
ResNet18,49,0,2,0
ResNet18,49,0,3,0
ResNet18,49,0,4,0
ResNet18,49,0,5,0
ResNet18,49,0,6,0
ResNet18,49,0,7,0
ResNet18,49,0,8,0
ResNet18,49,0,9,0
ResNet18,49,0,10,0
ResNet18,49,0,11,0
ResNet18,49,1,0,0
ResNet18,49,1,1,318
ResNet18,49,1,2,0
ResNet18,49,1,3,0
ResNet18,49,1,4,0
ResNet18,49,1,5,2
ResNet18,49,1,6,0
ResNet18,49,1,7,0
ResNet18,49,1,8,0
ResNet18,49,1,9,0
ResNet18,49,1,10,0
ResNet18,49,1,11,0
ResNet18,49,2,0,0
ResNet18,49,2,1,1
ResNet18,49,2,2,308
ResNet18,49,2,3,1
ResNet18,49,2,4,0
ResNet18,49,2,5,0
ResNet18,49,2,6,0
ResNet18,49,2,7,7
ResNet18,49,2,8,2
ResNet18,49,2,9,0
ResNet18,49,2,10,0
ResNet18,49,2,11,1
ResNet18,49,3,0,0
ResNet18,49,3,1,0
ResNet18,49,3,2,0
ResNet18,49,3,3,241
ResNet18,49,3,4,0
ResNet18,49,3,5,0
ResNet18,49,3,6,76
ResNet18,49,3,7,0
ResNet18,49,3,8,0
ResNet18,49,3,9,0
ResNet18,49,3,10,0
ResNet18,49,3,11,3
ResNet18,49,4,0,0
ResNet18,49,4,1,15
ResNet18,49,4,2,0
ResNet18,49,4,3,0
ResNet18,49,4,4,301
ResNet18,49,4,5,0
ResNet18,49,4,6,4
ResNet18,49,4,7,0
ResNet18,49,4,8,0
ResNet18,49,4,9,0
ResNet18,49,4,10,0
ResNet18,49,4,11,0
ResNet18,49,5,0,0
ResNet18,49,5,1,0
ResNet18,49,5,2,0
ResNet18,49,5,3,0
ResNet18,49,5,4,0
ResNet18,49,5,5,317
ResNet18,49,5,6,0
ResNet18,49,5,7,1
ResNet18,49,5,8,0
ResNet18,49,5,9,0
ResNet18,49,5,10,2
ResNet18,49,5,11,0
ResNet18,49,6,0,0
ResNet18,49,6,1,2
ResNet18,49,6,2,0
ResNet18,49,6,3,105
ResNet18,49,6,4,0
ResNet18,49,6,5,0
ResNet18,49,6,6,208
ResNet18,49,6,7,0
ResNet18,49,6,8,0
ResNet18,49,6,9,0
ResNet18,49,6,10,0
ResNet18,49,6,11,5
ResNet18,49,7,0,1
ResNet18,49,7,1,0
ResNet18,49,7,2,0
ResNet18,49,7,3,0
ResNet18,49,7,4,0
ResNet18,49,7,5,0
ResNet18,49,7,6,0
ResNet18,49,7,7,315
ResNet18,49,7,8,0
ResNet18,49,7,9,0
ResNet18,49,7,10,2
ResNet18,49,7,11,2
ResNet18,49,8,0,0
ResNet18,49,8,1,0
ResNet18,49,8,2,2
ResNet18,49,8,3,0
ResNet18,49,8,4,0
ResNet18,49,8,5,0
ResNet18,49,8,6,0
ResNet18,49,8,7,0
ResNet18,49,8,8,318
ResNet18,49,8,9,0
ResNet18,49,8,10,0
ResNet18,49,8,11,0
ResNet18,49,9,0,0
ResNet18,49,9,1,0
ResNet18,49,9,2,0
ResNet18,49,9,3,0
ResNet18,49,9,4,0
ResNet18,49,9,5,0
ResNet18,49,9,6,0
ResNet18,49,9,7,0
ResNet18,49,9,8,0
ResNet18,49,9,9,319
ResNet18,49,9,10,1
ResNet18,49,9,11,0
ResNet18,49,10,0,0
ResNet18,49,10,1,0
ResNet18,49,10,2,0
ResNet18,49,10,3,0
ResNet18,49,10,4,0
ResNet18,49,10,5,0
ResNet18,49,10,6,0
ResNet18,49,10,7,0
ResNet18,49,10,8,0
ResNet18,49,10,9,0
ResNet18,49,10,10,320
ResNet18,49,10,11,0
ResNet18,49,11,0,0
ResNet18,49,11,1,0
ResNet18,49,11,2,0
ResNet18,49,11,3,0
ResNet18,49,11,4,0
ResNet18,49,11,5,0
ResNet18,49,11,6,0
ResNet18,49,11,7,0
ResNet18,49,11,8,1
ResNet18,49,11,9,0
ResNet18,49,11,10,0
ResNet18,49,11,11,319
MobileNet_V2,49,0,0,319
MobileNet_V2,49,0,1,0
MobileNet_V2,49,0,2,1
MobileNet_V2,49,0,3,0
MobileNet_V2,49,0,4,0
MobileNet_V2,49,0,5,0
MobileNet_V2,49,0,6,0
MobileNet_V2,49,0,7,0
MobileNet_V2,49,0,8,0
MobileNet_V2,49,0,9,0
MobileNet_V2,49,0,10,0
MobileNet_V2,49,0,11,0
MobileNet_V2,49,1,0,0
MobileNet_V2,49,1,1,320
MobileNet_V2,49,1,2,0
MobileNet_V2,49,1,3,0
MobileNet_V2,49,1,4,0
MobileNet_V2,49,1,5,0
MobileNet_V2,49,1,6,0
MobileNet_V2,49,1,7,0
MobileNet_V2,49,1,8,0
MobileNet_V2,49,1,9,0
MobileNet_V2,49,1,10,0
MobileNet_V2,49,1,11,0
MobileNet_V2,49,2,0,1
MobileNet_V2,49,2,1,0
MobileNet_V2,49,2,2,316
MobileNet_V2,49,2,3,0
MobileNet_V2,49,2,4,0
MobileNet_V2,49,2,5,0
MobileNet_V2,49,2,6,0
MobileNet_V2,49,2,7,1
MobileNet_V2,49,2,8,1
MobileNet_V2,49,2,9,0
MobileNet_V2,49,2,10,1
MobileNet_V2,49,2,11,0
MobileNet_V2,49,3,0,0
MobileNet_V2,49,3,1,0
MobileNet_V2,49,3,2,0
MobileNet_V2,49,3,3,222
MobileNet_V2,49,3,4,0
MobileNet_V2,49,3,5,0
MobileNet_V2,49,3,6,95
MobileNet_V2,49,3,7,0
MobileNet_V2,49,3,8,0
MobileNet_V2,49,3,9,0
MobileNet_V2,49,3,10,0
MobileNet_V2,49,3,11,3
MobileNet_V2,49,4,0,4
MobileNet_V2,49,4,1,7
MobileNet_V2,49,4,2,0
MobileNet_V2,49,4,3,0
MobileNet_V2,49,4,4,301
MobileNet_V2,49,4,5,0
MobileNet_V2,49,4,6,8
MobileNet_V2,49,4,7,0
MobileNet_V2,49,4,8,0
MobileNet_V2,49,4,9,0
MobileNet_V2,49,4,10,0
MobileNet_V2,49,4,11,0
MobileNet_V2,49,5,0,0
MobileNet_V2,49,5,1,3
MobileNet_V2,49,5,2,0
MobileNet_V2,49,5,3,1
MobileNet_V2,49,5,4,0
MobileNet_V2,49,5,5,314
MobileNet_V2,49,5,6,0
MobileNet_V2,49,5,7,0
MobileNet_V2,49,5,8,0
MobileNet_V2,49,5,9,0
MobileNet_V2,49,5,10,2
MobileNet_V2,49,5,11,0
MobileNet_V2,49,6,0,0
MobileNet_V2,49,6,1,0
MobileNet_V2,49,6,2,3
MobileNet_V2,49,6,3,102
MobileNet_V2,49,6,4,0
MobileNet_V2,49,6,5,0
MobileNet_V2,49,6,6,206
MobileNet_V2,49,6,7,0
MobileNet_V2,49,6,8,0
MobileNet_V2,49,6,9,0
MobileNet_V2,49,6,10,0
MobileNet_V2,49,6,11,9
MobileNet_V2,49,7,0,0
MobileNet_V2,49,7,1,0
MobileNet_V2,49,7,2,0
MobileNet_V2,49,7,3,0
MobileNet_V2,49,7,4,0
MobileNet_V2,49,7,5,0
MobileNet_V2,49,7,6,0
MobileNet_V2,49,7,7,316
MobileNet_V2,49,7,8,2
MobileNet_V2,49,7,9,0
MobileNet_V2,49,7,10,2
MobileNet_V2,49,7,11,0
MobileNet_V2,49,8,0,0
MobileNet_V2,49,8,1,0
MobileNet_V2,49,8,2,7
MobileNet_V2,49,8,3,0
MobileNet_V2,49,8,4,0
MobileNet_V2,49,8,5,0
MobileNet_V2,49,8,6,0
MobileNet_V2,49,8,7,2
MobileNet_V2,49,8,8,308
MobileNet_V2,49,8,9,0
MobileNet_V2,49,8,10,1
MobileNet_V2,49,8,11,2
MobileNet_V2,49,9,0,0
MobileNet_V2,49,9,1,0
MobileNet_V2,49,9,2,0
MobileNet_V2,49,9,3,0
MobileNet_V2,49,9,4,1
MobileNet_V2,49,9,5,0
MobileNet_V2,49,9,6,0
MobileNet_V2,49,9,7,0
MobileNet_V2,49,9,8,1
MobileNet_V2,49,9,9,318
MobileNet_V2,49,9,10,0
MobileNet_V2,49,9,11,0
MobileNet_V2,49,10,0,0
MobileNet_V2,49,10,1,0
MobileNet_V2,49,10,2,0
MobileNet_V2,49,10,3,0
MobileNet_V2,49,10,4,0
MobileNet_V2,49,10,5,0
MobileNet_V2,49,10,6,0
MobileNet_V2,49,10,7,0
MobileNet_V2,49,10,8,3
MobileNet_V2,49,10,9,0
MobileNet_V2,49,10,10,317
MobileNet_V2,49,10,11,0
MobileNet_V2,49,11,0,0
MobileNet_V2,49,11,1,0
MobileNet_V2,49,11,2,0
MobileNet_V2,49,11,3,0
MobileNet_V2,49,11,4,0
MobileNet_V2,49,11,5,1
MobileNet_V2,49,11,6,0
MobileNet_V2,49,11,7,0
MobileNet_V2,49,11,8,1
MobileNet_V2,49,11,9,1
MobileNet_V2,49,11,10,0
MobileNet_V2,49,11,11,317
EfficientNet_B0,49,0,0,318
EfficientNet_B0,49,0,1,0
EfficientNet_B0,49,0,2,1
EfficientNet_B0,49,0,3,0
EfficientNet_B0,49,0,4,1
EfficientNet_B0,49,0,5,0
EfficientNet_B0,49,0,6,0
EfficientNet_B0,49,0,7,0
EfficientNet_B0,49,0,8,0
EfficientNet_B0,49,0,9,0
EfficientNet_B0,49,0,10,0
EfficientNet_B0,49,0,11,0
EfficientNet_B0,49,1,0,0
EfficientNet_B0,49,1,1,320
EfficientNet_B0,49,1,2,0
EfficientNet_B0,49,1,3,0
EfficientNet_B0,49,1,4,0
EfficientNet_B0,49,1,5,0
EfficientNet_B0,49,1,6,0
EfficientNet_B0,49,1,7,0
EfficientNet_B0,49,1,8,0
EfficientNet_B0,49,1,9,0
EfficientNet_B0,49,1,10,0
EfficientNet_B0,49,1,11,0
EfficientNet_B0,49,2,0,0
EfficientNet_B0,49,2,1,0
EfficientNet_B0,49,2,2,311
EfficientNet_B0,49,2,3,0
EfficientNet_B0,49,2,4,0
EfficientNet_B0,49,2,5,0
EfficientNet_B0,49,2,6,0
EfficientNet_B0,49,2,7,8
EfficientNet_B0,49,2,8,0
EfficientNet_B0,49,2,9,1
EfficientNet_B0,49,2,10,0
EfficientNet_B0,49,2,11,0
EfficientNet_B0,49,3,0,0
EfficientNet_B0,49,3,1,0
EfficientNet_B0,49,3,2,0
EfficientNet_B0,49,3,3,209
EfficientNet_B0,49,3,4,0
EfficientNet_B0,49,3,5,0
EfficientNet_B0,49,3,6,109
EfficientNet_B0,49,3,7,0
EfficientNet_B0,49,3,8,0
EfficientNet_B0,49,3,9,0
EfficientNet_B0,49,3,10,0
EfficientNet_B0,49,3,11,2
EfficientNet_B0,49,4,0,2
EfficientNet_B0,49,4,1,4
EfficientNet_B0,49,4,2,0
EfficientNet_B0,49,4,3,0
EfficientNet_B0,49,4,4,306
EfficientNet_B0,49,4,5,0
EfficientNet_B0,49,4,6,8
EfficientNet_B0,49,4,7,0
EfficientNet_B0,49,4,8,0
EfficientNet_B0,49,4,9,0
EfficientNet_B0,49,4,10,0
EfficientNet_B0,49,4,11,0
EfficientNet_B0,49,5,0,0
EfficientNet_B0,49,5,1,2
EfficientNet_B0,49,5,2,0
EfficientNet_B0,49,5,3,0
EfficientNet_B0,49,5,4,0
EfficientNet_B0,49,5,5,317
EfficientNet_B0,49,5,6,1
EfficientNet_B0,49,5,7,0
EfficientNet_B0,49,5,8,0
EfficientNet_B0,49,5,9,0
EfficientNet_B0,49,5,10,0
EfficientNet_B0,49,5,11,0
EfficientNet_B0,49,6,0,0
EfficientNet_B0,49,6,1,0
EfficientNet_B0,49,6,2,0
EfficientNet_B0,49,6,3,91
EfficientNet_B0,49,6,4,0
EfficientNet_B0,49,6,5,0
EfficientNet_B0,49,6,6,216
EfficientNet_B0,49,6,7,0
EfficientNet_B0,49,6,8,0
EfficientNet_B0,49,6,9,0
EfficientNet_B0,49,6,10,0
EfficientNet_B0,49,6,11,13
EfficientNet_B0,49,7,0,0
EfficientNet_B0,49,7,1,0
EfficientNet_B0,49,7,2,0
EfficientNet_B0,49,7,3,0
EfficientNet_B0,49,7,4,0
EfficientNet_B0,49,7,5,0
EfficientNet_B0,49,7,6,0
EfficientNet_B0,49,7,7,312
EfficientNet_B0,49,7,8,1
EfficientNet_B0,49,7,9,1
EfficientNet_B0,49,7,10,4
EfficientNet_B0,49,7,11,2
EfficientNet_B0,49,8,0,0
EfficientNet_B0,49,8,1,0
EfficientNet_B0,49,8,2,0
EfficientNet_B0,49,8,3,0
EfficientNet_B0,49,8,4,0
EfficientNet_B0,49,8,5,0
EfficientNet_B0,49,8,6,0
EfficientNet_B0,49,8,7,0
EfficientNet_B0,49,8,8,313
EfficientNet_B0,49,8,9,0
EfficientNet_B0,49,8,10,1
EfficientNet_B0,49,8,11,6
EfficientNet_B0,49,9,0,0
EfficientNet_B0,49,9,1,0
EfficientNet_B0,49,9,2,0
EfficientNet_B0,49,9,3,0
EfficientNet_B0,49,9,4,0
EfficientNet_B0,49,9,5,0
EfficientNet_B0,49,9,6,0
EfficientNet_B0,49,9,7,0
EfficientNet_B0,49,9,8,0
EfficientNet_B0,49,9,9,320
EfficientNet_B0,49,9,10,0
EfficientNet_B0,49,9,11,0
EfficientNet_B0,49,10,0,0
EfficientNet_B0,49,10,1,0
EfficientNet_B0,49,10,2,0
EfficientNet_B0,49,10,3,0
EfficientNet_B0,49,10,4,0
EfficientNet_B0,49,10,5,0
EfficientNet_B0,49,10,6,0
EfficientNet_B0,49,10,7,2
EfficientNet_B0,49,10,8,0
EfficientNet_B0,49,10,9,0
EfficientNet_B0,49,10,10,317
EfficientNet_B0,49,10,11,1
EfficientNet_B0,49,11,0,0
EfficientNet_B0,49,11,1,0
EfficientNet_B0,49,11,2,0
EfficientNet_B0,49,11,3,0
EfficientNet_B0,49,11,4,0
EfficientNet_B0,49,11,5,1
EfficientNet_B0,49,11,6,0
EfficientNet_B0,49,11,7,0
EfficientNet_B0,49,11,8,1
EfficientNet_B0,49,11,9,0
EfficientNet_B0,49,11,10,0
EfficientNet_B0,49,11,11,318
LSTM,49,0,0,279
LSTM,49,0,1,0
LSTM,49,0,2,16
LSTM,49,0,3,2
LSTM,49,0,4,6
LSTM,49,0,5,2
LSTM,49,0,6,2
LSTM,49,0,7,1
LSTM,49,0,8,9
LSTM,49,0,9,0
LSTM,49,0,10,0
LSTM,49,0,11,3
LSTM,49,1,0,0
LSTM,49,1,1,257
LSTM,49,1,2,0
LSTM,49,1,3,0
LSTM,49,1,4,18
LSTM,49,1,5,37
LSTM,49,1,6,1
LSTM,49,1,7,0
LSTM,49,1,8,0
LSTM,49,1,9,7
LSTM,49,1,10,0
LSTM,49,1,11,0
LSTM,49,2,0,9
LSTM,49,2,1,0
LSTM,49,2,2,293
LSTM,49,2,3,0
LSTM,49,2,4,0
LSTM,49,2,5,0
LSTM,49,2,6,0
LSTM,49,2,7,17
LSTM,49,2,8,0
LSTM,49,2,9,0
LSTM,49,2,10,0
LSTM,49,2,11,1
LSTM,49,3,0,0
LSTM,49,3,1,2
LSTM,49,3,2,0
LSTM,49,3,3,171
LSTM,49,3,4,7
LSTM,49,3,5,0
LSTM,49,3,6,128
LSTM,49,3,7,0
LSTM,49,3,8,0
LSTM,49,3,9,3
LSTM,49,3,10,0
LSTM,49,3,11,9
LSTM,49,4,0,11
LSTM,49,4,1,12
LSTM,49,4,2,0
LSTM,49,4,3,1
LSTM,49,4,4,269
LSTM,49,4,5,10
LSTM,49,4,6,2
LSTM,49,4,7,0
LSTM,49,4,8,0
LSTM,49,4,9,15
LSTM,49,4,10,0
LSTM,49,4,11,0
LSTM,49,5,0,3
LSTM,49,5,1,12
LSTM,49,5,2,0
LSTM,49,5,3,0
LSTM,49,5,4,1
LSTM,49,5,5,303
LSTM,49,5,6,0
LSTM,49,5,7,0
LSTM,49,5,8,0
LSTM,49,5,9,0
LSTM,49,5,10,1
LSTM,49,5,11,0
LSTM,49,6,0,1
LSTM,49,6,1,0
LSTM,49,6,2,0
LSTM,49,6,3,99
LSTM,49,6,4,0
LSTM,49,6,5,0
LSTM,49,6,6,193
LSTM,49,6,7,0
LSTM,49,6,8,0
LSTM,49,6,9,1
LSTM,49,6,10,0
LSTM,49,6,11,26
LSTM,49,7,0,2
LSTM,49,7,1,1
LSTM,49,7,2,0
LSTM,49,7,3,1
LSTM,49,7,4,0
LSTM,49,7,5,0
LSTM,49,7,6,1
LSTM,49,7,7,292
LSTM,49,7,8,4
LSTM,49,7,9,0
LSTM,49,7,10,15
LSTM,49,7,11,4
LSTM,49,8,0,5
LSTM,49,8,1,0
LSTM,49,8,2,10
LSTM,49,8,3,0
LSTM,49,8,4,0
LSTM,49,8,5,0
LSTM,49,8,6,0
LSTM,49,8,7,0
LSTM,49,8,8,286
LSTM,49,8,9,2
LSTM,49,8,10,3
LSTM,49,8,11,14
LSTM,49,9,0,3
LSTM,49,9,1,2
LSTM,49,9,2,0
LSTM,49,9,3,0
LSTM,49,9,4,40
LSTM,49,9,5,2
LSTM,49,9,6,0
LSTM,49,9,7,1
LSTM,49,9,8,3
LSTM,49,9,9,265
LSTM,49,9,10,0
LSTM,49,9,11,4
LSTM,49,10,0,0
LSTM,49,10,1,1
LSTM,49,10,2,0
LSTM,49,10,3,0
LSTM,49,10,4,0
LSTM,49,10,5,5
LSTM,49,10,6,1
LSTM,49,10,7,7
LSTM,49,10,8,3
LSTM,49,10,9,0
LSTM,49,10,10,303
LSTM,49,10,11,0
LSTM,49,11,0,1
LSTM,49,11,1,3
LSTM,49,11,2,0
LSTM,49,11,3,29
LSTM,49,11,4,0
LSTM,49,11,5,0
LSTM,49,11,6,16
LSTM,49,11,7,0
LSTM,49,11,8,0
LSTM,49,11,9,5
LSTM,49,11,10,0
LSTM,49,11,11,266
GRU,49,0,0,288
GRU,49,0,1,1
GRU,49,0,2,16
GRU,49,0,3,0
GRU,49,0,4,3
GRU,49,0,5,6
GRU,49,0,6,1
GRU,49,0,7,0
GRU,49,0,8,2
GRU,49,0,9,0
GRU,49,0,10,0
GRU,49,0,11,3
GRU,49,1,0,0
GRU,49,1,1,268
GRU,49,1,2,0
GRU,49,1,3,0
GRU,49,1,4,11
GRU,49,1,5,41
GRU,49,1,6,0
GRU,49,1,7,0
GRU,49,1,8,0
GRU,49,1,9,0
GRU,49,1,10,0
GRU,49,1,11,0
GRU,49,2,0,3
GRU,49,2,1,0
GRU,49,2,2,296
GRU,49,2,3,0
GRU,49,2,4,0
GRU,49,2,5,0
GRU,49,2,6,0
GRU,49,2,7,21
GRU,49,2,8,0
GRU,49,2,9,0
GRU,49,2,10,0
GRU,49,2,11,0
GRU,49,3,0,0
GRU,49,3,1,4
GRU,49,3,2,0
GRU,49,3,3,205
GRU,49,3,4,4
GRU,49,3,5,0
GRU,49,3,6,97
GRU,49,3,7,0
GRU,49,3,8,0
GRU,49,3,9,5
GRU,49,3,10,0
GRU,49,3,11,5
GRU,49,4,0,18
GRU,49,4,1,14
GRU,49,4,2,0
GRU,49,4,3,1
GRU,49,4,4,272
GRU,49,4,5,7
GRU,49,4,6,0
GRU,49,4,7,3
GRU,49,4,8,0
GRU,49,4,9,5
GRU,49,4,10,0
GRU,49,4,11,0
GRU,49,5,0,4
GRU,49,5,1,13
GRU,49,5,2,0
GRU,49,5,3,0
GRU,49,5,4,2
GRU,49,5,5,300
GRU,49,5,6,0
GRU,49,5,7,0
GRU,49,5,8,0
GRU,49,5,9,1
GRU,49,5,10,0
GRU,49,5,11,0
GRU,49,6,0,1
GRU,49,6,1,2
GRU,49,6,2,0
GRU,49,6,3,124
GRU,49,6,4,2
GRU,49,6,5,0
GRU,49,6,6,185
GRU,49,6,7,0
GRU,49,6,8,0
GRU,49,6,9,1
GRU,49,6,10,0
GRU,49,6,11,5
GRU,49,7,0,2
GRU,49,7,1,0
GRU,49,7,2,1
GRU,49,7,3,0
GRU,49,7,4,0
GRU,49,7,5,0
GRU,49,7,6,2
GRU,49,7,7,295
GRU,49,7,8,3
GRU,49,7,9,4
GRU,49,7,10,13
GRU,49,7,11,0
GRU,49,8,0,3
GRU,49,8,1,4
GRU,49,8,2,7
GRU,49,8,3,0
GRU,49,8,4,0
GRU,49,8,5,0
GRU,49,8,6,0
GRU,49,8,7,2
GRU,49,8,8,277
GRU,49,8,9,2
GRU,49,8,10,4
GRU,49,8,11,21
GRU,49,9,0,5
GRU,49,9,1,0
GRU,49,9,2,0
GRU,49,9,3,0
GRU,49,9,4,40
GRU,49,9,5,0
GRU,49,9,6,1
GRU,49,9,7,0
GRU,49,9,8,0
GRU,49,9,9,274
GRU,49,9,10,0
GRU,49,9,11,0
GRU,49,10,0,0
GRU,49,10,1,0
GRU,49,10,2,1
GRU,49,10,3,0
GRU,49,10,4,0
GRU,49,10,5,2
GRU,49,10,6,1
GRU,49,10,7,4
GRU,49,10,8,2
GRU,49,10,9,2
GRU,49,10,10,308
GRU,49,10,11,0
GRU,49,11,0,1
GRU,49,11,1,7
GRU,49,11,2,0
GRU,49,11,3,19
GRU,49,11,4,1
GRU,49,11,5,0
GRU,49,11,6,19
GRU,49,11,7,0
GRU,49,11,8,0
GRU,49,11,9,6
GRU,49,11,10,0
GRU,49,11,11,267
CNN_LSTM,49,0,0,313
CNN_LSTM,49,0,1,1
CNN_LSTM,49,0,2,1
CNN_LSTM,49,0,3,1
CNN_LSTM,49,0,4,0
CNN_LSTM,49,0,5,0
CNN_LSTM,49,0,6,0
CNN_LSTM,49,0,7,1
CNN_LSTM,49,0,8,3
CNN_LSTM,49,0,9,0
CNN_LSTM,49,0,10,0
CNN_LSTM,49,0,11,0
CNN_LSTM,49,1,0,0
CNN_LSTM,49,1,1,317
CNN_LSTM,49,1,2,0
CNN_LSTM,49,1,3,0
CNN_LSTM,49,1,4,0
CNN_LSTM,49,1,5,3
CNN_LSTM,49,1,6,0
CNN_LSTM,49,1,7,0
CNN_LSTM,49,1,8,0
CNN_LSTM,49,1,9,0
CNN_LSTM,49,1,10,0
CNN_LSTM,49,1,11,0
CNN_LSTM,49,2,0,0
CNN_LSTM,49,2,1,0
CNN_LSTM,49,2,2,300
CNN_LSTM,49,2,3,0
CNN_LSTM,49,2,4,0
CNN_LSTM,49,2,5,0
CNN_LSTM,49,2,6,0
CNN_LSTM,49,2,7,20
CNN_LSTM,49,2,8,0
CNN_LSTM,49,2,9,0
CNN_LSTM,49,2,10,0
CNN_LSTM,49,2,11,0
CNN_LSTM,49,3,0,0
CNN_LSTM,49,3,1,1
CNN_LSTM,49,3,2,0
CNN_LSTM,49,3,3,182
CNN_LSTM,49,3,4,0
CNN_LSTM,49,3,5,0
CNN_LSTM,49,3,6,120
CNN_LSTM,49,3,7,0
CNN_LSTM,49,3,8,0
CNN_LSTM,49,3,9,0
CNN_LSTM,49,3,10,0
CNN_LSTM,49,3,11,17
CNN_LSTM,49,4,0,0
CNN_LSTM,49,4,1,18
CNN_LSTM,49,4,2,0
CNN_LSTM,49,4,3,0
CNN_LSTM,49,4,4,301
CNN_LSTM,49,4,5,0
CNN_LSTM,49,4,6,1
CNN_LSTM,49,4,7,0
CNN_LSTM,49,4,8,0
CNN_LSTM,49,4,9,0
CNN_LSTM,49,4,10,0
CNN_LSTM,49,4,11,0
CNN_LSTM,49,5,0,0
CNN_LSTM,49,5,1,0
CNN_LSTM,49,5,2,0
CNN_LSTM,49,5,3,0
CNN_LSTM,49,5,4,0
CNN_LSTM,49,5,5,320
CNN_LSTM,49,5,6,0
CNN_LSTM,49,5,7,0
CNN_LSTM,49,5,8,0
CNN_LSTM,49,5,9,0
CNN_LSTM,49,5,10,0
CNN_LSTM,49,5,11,0
CNN_LSTM,49,6,0,0
CNN_LSTM,49,6,1,1
CNN_LSTM,49,6,2,0
CNN_LSTM,49,6,3,112
CNN_LSTM,49,6,4,0
CNN_LSTM,49,6,5,0
CNN_LSTM,49,6,6,175
CNN_LSTM,49,6,7,0
CNN_LSTM,49,6,8,6
CNN_LSTM,49,6,9,2
CNN_LSTM,49,6,10,0
CNN_LSTM,49,6,11,24
CNN_LSTM,49,7,0,0
CNN_LSTM,49,7,1,0
CNN_LSTM,49,7,2,1
CNN_LSTM,49,7,3,0
CNN_LSTM,49,7,4,0
CNN_LSTM,49,7,5,0
CNN_LSTM,49,7,6,0
CNN_LSTM,49,7,7,315
CNN_LSTM,49,7,8,0
CNN_LSTM,49,7,9,0
CNN_LSTM,49,7,10,2
CNN_LSTM,49,7,11,2
CNN_LSTM,49,8,0,0
CNN_LSTM,49,8,1,0
CNN_LSTM,49,8,2,40
CNN_LSTM,49,8,3,0
CNN_LSTM,49,8,4,0
CNN_LSTM,49,8,5,0
CNN_LSTM,49,8,6,0
CNN_LSTM,49,8,7,0
CNN_LSTM,49,8,8,280
CNN_LSTM,49,8,9,0
CNN_LSTM,49,8,10,0
CNN_LSTM,49,8,11,0
CNN_LSTM,49,9,0,0
CNN_LSTM,49,9,1,0
CNN_LSTM,49,9,2,0
CNN_LSTM,49,9,3,0
CNN_LSTM,49,9,4,8
CNN_LSTM,49,9,5,0
CNN_LSTM,49,9,6,0
CNN_LSTM,49,9,7,0
CNN_LSTM,49,9,8,0
CNN_LSTM,49,9,9,312
CNN_LSTM,49,9,10,0
CNN_LSTM,49,9,11,0
CNN_LSTM,49,10,0,0
CNN_LSTM,49,10,1,0
CNN_LSTM,49,10,2,0
CNN_LSTM,49,10,3,0
CNN_LSTM,49,10,4,0
CNN_LSTM,49,10,5,0
CNN_LSTM,49,10,6,0
CNN_LSTM,49,10,7,0
CNN_LSTM,49,10,8,1
CNN_LSTM,49,10,9,0
CNN_LSTM,49,10,10,319
CNN_LSTM,49,10,11,0
CNN_LSTM,49,11,0,0
CNN_LSTM,49,11,1,5
CNN_LSTM,49,11,2,0
CNN_LSTM,49,11,3,16
CNN_LSTM,49,11,4,0
CNN_LSTM,49,11,5,0
CNN_LSTM,49,11,6,0
CNN_LSTM,49,11,7,0
CNN_LSTM,49,11,8,0
CNN_LSTM,49,11,9,2
CNN_LSTM,49,11,10,0
CNN_LSTM,49,11,11,297
LeNet_LSTM,49,0,0,309
LeNet_LSTM,49,0,1,1
LeNet_LSTM,49,0,2,1
LeNet_LSTM,49,0,3,1
LeNet_LSTM,49,0,4,1
LeNet_LSTM,49,0,5,0
LeNet_LSTM,49,0,6,0
LeNet_LSTM,49,0,7,0
LeNet_LSTM,49,0,8,5
LeNet_LSTM,49,0,9,0
LeNet_LSTM,49,0,10,0
LeNet_LSTM,49,0,11,2
LeNet_LSTM,49,1,0,0
LeNet_LSTM,49,1,1,317
LeNet_LSTM,49,1,2,0
LeNet_LSTM,49,1,3,0
LeNet_LSTM,49,1,4,0
LeNet_LSTM,49,1,5,2
LeNet_LSTM,49,1,6,0
LeNet_LSTM,49,1,7,0
LeNet_LSTM,49,1,8,0
LeNet_LSTM,49,1,9,1
LeNet_LSTM,49,1,10,0
LeNet_LSTM,49,1,11,0
LeNet_LSTM,49,2,0,1
LeNet_LSTM,49,2,1,0
LeNet_LSTM,49,2,2,292
LeNet_LSTM,49,2,3,0
LeNet_LSTM,49,2,4,0
LeNet_LSTM,49,2,5,0
LeNet_LSTM,49,2,6,0
LeNet_LSTM,49,2,7,26
LeNet_LSTM,49,2,8,1
LeNet_LSTM,49,2,9,0
LeNet_LSTM,49,2,10,0
LeNet_LSTM,49,2,11,0
LeNet_LSTM,49,3,0,0
LeNet_LSTM,49,3,1,1
LeNet_LSTM,49,3,2,0
LeNet_LSTM,49,3,3,199
LeNet_LSTM,49,3,4,0
LeNet_LSTM,49,3,5,0
LeNet_LSTM,49,3,6,114
LeNet_LSTM,49,3,7,0
LeNet_LSTM,49,3,8,0
LeNet_LSTM,49,3,9,1
LeNet_LSTM,49,3,10,0
LeNet_LSTM,49,3,11,5
LeNet_LSTM,49,4,0,0
LeNet_LSTM,49,4,1,17
LeNet_LSTM,49,4,2,0
LeNet_LSTM,49,4,3,1
LeNet_LSTM,49,4,4,302
LeNet_LSTM,49,4,5,0
LeNet_LSTM,49,4,6,0
LeNet_LSTM,49,4,7,0
LeNet_LSTM,49,4,8,0
LeNet_LSTM,49,4,9,0
LeNet_LSTM,49,4,10,0
LeNet_LSTM,49,4,11,0
LeNet_LSTM,49,5,0,1
LeNet_LSTM,49,5,1,0
LeNet_LSTM,49,5,2,0
LeNet_LSTM,49,5,3,0
LeNet_LSTM,49,5,4,0
LeNet_LSTM,49,5,5,318
LeNet_LSTM,49,5,6,0
LeNet_LSTM,49,5,7,0
LeNet_LSTM,49,5,8,1
LeNet_LSTM,49,5,9,0
LeNet_LSTM,49,5,10,0
LeNet_LSTM,49,5,11,0
LeNet_LSTM,49,6,0,0
LeNet_LSTM,49,6,1,0
LeNet_LSTM,49,6,2,0
LeNet_LSTM,49,6,3,108
LeNet_LSTM,49,6,4,0
LeNet_LSTM,49,6,5,0
LeNet_LSTM,49,6,6,204
LeNet_LSTM,49,6,7,0
LeNet_LSTM,49,6,8,0
LeNet_LSTM,49,6,9,0
LeNet_LSTM,49,6,10,0
LeNet_LSTM,49,6,11,8
LeNet_LSTM,49,7,0,0
LeNet_LSTM,49,7,1,0
LeNet_LSTM,49,7,2,0
LeNet_LSTM,49,7,3,0
LeNet_LSTM,49,7,4,0
LeNet_LSTM,49,7,5,0
LeNet_LSTM,49,7,6,0
LeNet_LSTM,49,7,7,318
LeNet_LSTM,49,7,8,1
LeNet_LSTM,49,7,9,0
LeNet_LSTM,49,7,10,1
LeNet_LSTM,49,7,11,0
LeNet_LSTM,49,8,0,0
LeNet_LSTM,49,8,1,0
LeNet_LSTM,49,8,2,45
LeNet_LSTM,49,8,3,0
LeNet_LSTM,49,8,4,0
LeNet_LSTM,49,8,5,0
LeNet_LSTM,49,8,6,0
LeNet_LSTM,49,8,7,0
LeNet_LSTM,49,8,8,267
LeNet_LSTM,49,8,9,0
LeNet_LSTM,49,8,10,6
LeNet_LSTM,49,8,11,2
LeNet_LSTM,49,9,0,0
LeNet_LSTM,49,9,1,0
LeNet_LSTM,49,9,2,0
LeNet_LSTM,49,9,3,0
LeNet_LSTM,49,9,4,23
LeNet_LSTM,49,9,5,0
LeNet_LSTM,49,9,6,0
LeNet_LSTM,49,9,7,0
LeNet_LSTM,49,9,8,0
LeNet_LSTM,49,9,9,297
LeNet_LSTM,49,9,10,0
LeNet_LSTM,49,9,11,0
LeNet_LSTM,49,10,0,0
LeNet_LSTM,49,10,1,0
LeNet_LSTM,49,10,2,0
LeNet_LSTM,49,10,3,0
LeNet_LSTM,49,10,4,0
LeNet_LSTM,49,10,5,0
LeNet_LSTM,49,10,6,0
LeNet_LSTM,49,10,7,2
LeNet_LSTM,49,10,8,0
LeNet_LSTM,49,10,9,0
LeNet_LSTM,49,10,10,318
LeNet_LSTM,49,10,11,0
LeNet_LSTM,49,11,0,0
LeNet_LSTM,49,11,1,1
LeNet_LSTM,49,11,2,0
LeNet_LSTM,49,11,3,13
LeNet_LSTM,49,11,4,0
LeNet_LSTM,49,11,5,0
LeNet_LSTM,49,11,6,12
LeNet_LSTM,49,11,7,0
LeNet_LSTM,49,11,8,1
LeNet_LSTM,49,11,9,2
LeNet_LSTM,49,11,10,0
LeNet_LSTM,49,11,11,291
TCN,49,0,0,280
TCN,49,0,1,1
TCN,49,0,2,24
TCN,49,0,3,3
TCN,49,0,4,3
TCN,49,0,5,4
TCN,49,0,6,1
TCN,49,0,7,0
TCN,49,0,8,1
TCN,49,0,9,0
TCN,49,0,10,0
TCN,49,0,11,3
TCN,49,1,0,0
TCN,49,1,1,272
TCN,49,1,2,0
TCN,49,1,3,0
TCN,49,1,4,11
TCN,49,1,5,31
TCN,49,1,6,1
TCN,49,1,7,0
TCN,49,1,8,0
TCN,49,1,9,5
TCN,49,1,10,0
TCN,49,1,11,0
TCN,49,2,0,6
TCN,49,2,1,1
TCN,49,2,2,299
TCN,49,2,3,0
TCN,49,2,4,0
TCN,49,2,5,0
TCN,49,2,6,0
TCN,49,2,7,8
TCN,49,2,8,6
TCN,49,2,9,0
TCN,49,2,10,0
TCN,49,2,11,0
TCN,49,3,0,0
TCN,49,3,1,0
TCN,49,3,2,0
TCN,49,3,3,180
TCN,49,3,4,2
TCN,49,3,5,0
TCN,49,3,6,123
TCN,49,3,7,0
TCN,49,3,8,0
TCN,49,3,9,0
TCN,49,3,10,0
TCN,49,3,11,15
TCN,49,4,0,20
TCN,49,4,1,18
TCN,49,4,2,1
TCN,49,4,3,2
TCN,49,4,4,264
TCN,49,4,5,8
TCN,49,4,6,1
TCN,49,4,7,0
TCN,49,4,8,0
TCN,49,4,9,5
TCN,49,4,10,0
TCN,49,4,11,1
TCN,49,5,0,4
TCN,49,5,1,21
TCN,49,5,2,0
TCN,49,5,3,0
TCN,49,5,4,1
TCN,49,5,5,294
TCN,49,5,6,0
TCN,49,5,7,0
TCN,49,5,8,0
TCN,49,5,9,0
TCN,49,5,10,0
TCN,49,5,11,0
TCN,49,6,0,1
TCN,49,6,1,1
TCN,49,6,2,0
TCN,49,6,3,148
TCN,49,6,4,1
TCN,49,6,5,0
TCN,49,6,6,165
TCN,49,6,7,0
TCN,49,6,8,0
TCN,49,6,9,0
TCN,49,6,10,0
TCN,49,6,11,4
TCN,49,7,0,0
TCN,49,7,1,0
TCN,49,7,2,0
TCN,49,7,3,0
TCN,49,7,4,0
TCN,49,7,5,0
TCN,49,7,6,0
TCN,49,7,7,312
TCN,49,7,8,2
TCN,49,7,9,0
TCN,49,7,10,0
TCN,49,7,11,6
TCN,49,8,0,5
TCN,49,8,1,0
TCN,49,8,2,14
TCN,49,8,3,0
TCN,49,8,4,0
TCN,49,8,5,0
TCN,49,8,6,0
TCN,49,8,7,0
TCN,49,8,8,299
TCN,49,8,9,0
TCN,49,8,10,0
TCN,49,8,11,2
TCN,49,9,0,1
TCN,49,9,1,2
TCN,49,9,2,0
TCN,49,9,3,4
TCN,49,9,4,34
TCN,49,9,5,1
TCN,49,9,6,0
TCN,49,9,7,0
TCN,49,9,8,7
TCN,49,9,9,265
TCN,49,9,10,2
TCN,49,9,11,4
TCN,49,10,0,0
TCN,49,10,1,0
TCN,49,10,2,0
TCN,49,10,3,0
TCN,49,10,4,0
TCN,49,10,5,0
TCN,49,10,6,0
TCN,49,10,7,3
TCN,49,10,8,0
TCN,49,10,9,4
TCN,49,10,10,313
TCN,49,10,11,0
TCN,49,11,0,1
TCN,49,11,1,1
TCN,49,11,2,5
TCN,49,11,3,50
TCN,49,11,4,0
TCN,49,11,5,0
TCN,49,11,6,16
TCN,49,11,7,0
TCN,49,11,8,1
TCN,49,11,9,0
TCN,49,11,10,0
TCN,49,11,11,246
Transformer,49,0,0,234
Transformer,49,0,1,2
Transformer,49,0,2,29
Transformer,49,0,3,5
Transformer,49,0,4,16
Transformer,49,0,5,14
Transformer,49,0,6,12
Transformer,49,0,7,0
Transformer,49,0,8,4
Transformer,49,0,9,3
Transformer,49,0,10,1
Transformer,49,0,11,0
Transformer,49,1,0,2
Transformer,49,1,1,209
Transformer,49,1,2,0
Transformer,49,1,3,5
Transformer,49,1,4,35
Transformer,49,1,5,49
Transformer,49,1,6,1
Transformer,49,1,7,3
Transformer,49,1,8,3
Transformer,49,1,9,10
Transformer,49,1,10,3
Transformer,49,1,11,0
Transformer,49,2,0,13
Transformer,49,2,1,0
Transformer,49,2,2,303
Transformer,49,2,3,1
Transformer,49,2,4,0
Transformer,49,2,5,0
Transformer,49,2,6,0
Transformer,49,2,7,3
Transformer,49,2,8,0
Transformer,49,2,9,0
Transformer,49,2,10,0
Transformer,49,2,11,0
Transformer,49,3,0,1
Transformer,49,3,1,5
Transformer,49,3,2,1
Transformer,49,3,3,163
Transformer,49,3,4,15
Transformer,49,3,5,0
Transformer,49,3,6,117
Transformer,49,3,7,4
Transformer,49,3,8,0
Transformer,49,3,9,9
Transformer,49,3,10,0
Transformer,49,3,11,5
Transformer,49,4,0,25
Transformer,49,4,1,31
Transformer,49,4,2,3
Transformer,49,4,3,7
Transformer,49,4,4,206
Transformer,49,4,5,14
Transformer,49,4,6,6
Transformer,49,4,7,3
Transformer,49,4,8,0
Transformer,49,4,9,21
Transformer,49,4,10,2
Transformer,49,4,11,2
Transformer,49,5,0,8
Transformer,49,5,1,29
Transformer,49,5,2,3
Transformer,49,5,3,0
Transformer,49,5,4,16
Transformer,49,5,5,255
Transformer,49,5,6,2
Transformer,49,5,7,0
Transformer,49,5,8,1
Transformer,49,5,9,2
Transformer,49,5,10,3
Transformer,49,5,11,1
Transformer,49,6,0,1
Transformer,49,6,1,2
Transformer,49,6,2,5
Transformer,49,6,3,129
Transformer,49,6,4,6
Transformer,49,6,5,2
Transformer,49,6,6,163
Transformer,49,6,7,2
Transformer,49,6,8,0
Transformer,49,6,9,5
Transformer,49,6,10,1
Transformer,49,6,11,4
Transformer,49,7,0,13
Transformer,49,7,1,3
Transformer,49,7,2,16
Transformer,49,7,3,6
Transformer,49,7,4,0
Transformer,49,7,5,2
Transformer,49,7,6,2
Transformer,49,7,7,212
Transformer,49,7,8,10
Transformer,49,7,9,7
Transformer,49,7,10,48
Transformer,49,7,11,1
Transformer,49,8,0,10
Transformer,49,8,1,0
Transformer,49,8,2,2
Transformer,49,8,3,0
Transformer,49,8,4,0
Transformer,49,8,5,3
Transformer,49,8,6,0
Transformer,49,8,7,0
Transformer,49,8,8,264
Transformer,49,8,9,0
Transformer,49,8,10,1
Transformer,49,8,11,40
Transformer,49,9,0,7
Transformer,49,9,1,6
Transformer,49,9,2,0
Transformer,49,9,3,10
Transformer,49,9,4,44
Transformer,49,9,5,1
Transformer,49,9,6,3
Transformer,49,9,7,9
Transformer,49,9,8,3
Transformer,49,9,9,229
Transformer,49,9,10,3
Transformer,49,9,11,5
Transformer,49,10,0,10
Transformer,49,10,1,0
Transformer,49,10,2,3
Transformer,49,10,3,5
Transformer,49,10,4,4
Transformer,49,10,5,8
Transformer,49,10,6,1
Transformer,49,10,7,80
Transformer,49,10,8,22
Transformer,49,10,9,6
Transformer,49,10,10,181
Transformer,49,10,11,0
Transformer,49,11,0,1
Transformer,49,11,1,3
Transformer,49,11,2,0
Transformer,49,11,3,23
Transformer,49,11,4,0
Transformer,49,11,5,0
Transformer,49,11,6,10
Transformer,49,11,7,0
Transformer,49,11,8,1
Transformer,49,11,9,10
Transformer,49,11,10,0
Transformer,49,11,11,272
LeNet,50,0,0,266
LeNet,50,0,1,0
LeNet,50,0,2,44
LeNet,50,0,3,6
LeNet,50,0,4,0
LeNet,50,0,5,0
LeNet,50,0,6,1
LeNet,50,0,7,0
LeNet,50,0,8,2
LeNet,50,0,9,1
LeNet,50,0,10,0
LeNet,50,0,11,0
LeNet,50,1,0,0
LeNet,50,1,1,311
LeNet,50,1,2,0
LeNet,50,1,3,0
LeNet,50,1,4,4
LeNet,50,1,5,5
LeNet,50,1,6,0
LeNet,50,1,7,0
LeNet,50,1,8,0
LeNet,50,1,9,0
LeNet,50,1,10,0
LeNet,50,1,11,0
LeNet,50,2,0,5
LeNet,50,2,1,0
LeNet,50,2,2,311
LeNet,50,2,3,0
LeNet,50,2,4,0
LeNet,50,2,5,3
LeNet,50,2,6,1
LeNet,50,2,7,0
LeNet,50,2,8,0
LeNet,50,2,9,0
LeNet,50,2,10,0
LeNet,50,2,11,0
LeNet,50,3,0,0
LeNet,50,3,1,0
LeNet,50,3,2,0
LeNet,50,3,3,224
LeNet,50,3,4,2
LeNet,50,3,5,0
LeNet,50,3,6,94
LeNet,50,3,7,0
LeNet,50,3,8,0
LeNet,50,3,9,0
LeNet,50,3,10,0
LeNet,50,3,11,0
LeNet,50,4,0,4
LeNet,50,4,1,1
LeNet,50,4,2,18
LeNet,50,4,3,0
LeNet,50,4,4,297
LeNet,50,4,5,0
LeNet,50,4,6,0
LeNet,50,4,7,0
LeNet,50,4,8,0
LeNet,50,4,9,0
LeNet,50,4,10,0
LeNet,50,4,11,0
LeNet,50,5,0,5
LeNet,50,5,1,3
LeNet,50,5,2,1
LeNet,50,5,3,0
LeNet,50,5,4,1
LeNet,50,5,5,307
LeNet,50,5,6,0
LeNet,50,5,7,0
LeNet,50,5,8,1
LeNet,50,5,9,1
LeNet,50,5,10,1
LeNet,50,5,11,0
LeNet,50,6,0,0
LeNet,50,6,1,0
LeNet,50,6,2,1
LeNet,50,6,3,53
LeNet,50,6,4,0
LeNet,50,6,5,0
LeNet,50,6,6,266
LeNet,50,6,7,0
LeNet,50,6,8,0
LeNet,50,6,9,0
LeNet,50,6,10,0
LeNet,50,6,11,0
LeNet,50,7,0,0
LeNet,50,7,1,0
LeNet,50,7,2,0
LeNet,50,7,3,0
LeNet,50,7,4,1
LeNet,50,7,5,1
LeNet,50,7,6,0
LeNet,50,7,7,227
LeNet,50,7,8,23
LeNet,50,7,9,5
LeNet,50,7,10,63
LeNet,50,7,11,0
LeNet,50,8,0,2
LeNet,50,8,1,0
LeNet,50,8,2,0
LeNet,50,8,3,0
LeNet,50,8,4,0
LeNet,50,8,5,3
LeNet,50,8,6,0
LeNet,50,8,7,8
LeNet,50,8,8,293
LeNet,50,8,9,2
LeNet,50,8,10,7
LeNet,50,8,11,5
LeNet,50,9,0,1
LeNet,50,9,1,0
LeNet,50,9,2,0
LeNet,50,9,3,0
LeNet,50,9,4,1
LeNet,50,9,5,0
LeNet,50,9,6,0
LeNet,50,9,7,4
LeNet,50,9,8,10
LeNet,50,9,9,290
LeNet,50,9,10,10
LeNet,50,9,11,4
LeNet,50,10,0,0
LeNet,50,10,1,1
LeNet,50,10,2,1
LeNet,50,10,3,2
LeNet,50,10,4,0
LeNet,50,10,5,4
LeNet,50,10,6,0
LeNet,50,10,7,20
LeNet,50,10,8,27
LeNet,50,10,9,8
LeNet,50,10,10,255
LeNet,50,10,11,2
LeNet,50,11,0,0
LeNet,50,11,1,0
LeNet,50,11,2,0
LeNet,50,11,3,1
LeNet,50,11,4,0
LeNet,50,11,5,0
LeNet,50,11,6,0
LeNet,50,11,7,2
LeNet,50,11,8,2
LeNet,50,11,9,9
LeNet,50,11,10,0
LeNet,50,11,11,306
ResNet18,50,0,0,311
ResNet18,50,0,1,0
ResNet18,50,0,2,1
ResNet18,50,0,3,3
ResNet18,50,0,4,4
ResNet18,50,0,5,0
ResNet18,50,0,6,1
ResNet18,50,0,7,0
ResNet18,50,0,8,0
ResNet18,50,0,9,0
ResNet18,50,0,10,0
ResNet18,50,0,11,0
ResNet18,50,1,0,1
ResNet18,50,1,1,314
ResNet18,50,1,2,0
ResNet18,50,1,3,2
ResNet18,50,1,4,0
ResNet18,50,1,5,3
ResNet18,50,1,6,0
ResNet18,50,1,7,0
ResNet18,50,1,8,0
ResNet18,50,1,9,0
ResNet18,50,1,10,0
ResNet18,50,1,11,0
ResNet18,50,2,0,0
ResNet18,50,2,1,0
ResNet18,50,2,2,319
ResNet18,50,2,3,0
ResNet18,50,2,4,0
ResNet18,50,2,5,0
ResNet18,50,2,6,1
ResNet18,50,2,7,0
ResNet18,50,2,8,0
ResNet18,50,2,9,0
ResNet18,50,2,10,0
ResNet18,50,2,11,0
ResNet18,50,3,0,0
ResNet18,50,3,1,0
ResNet18,50,3,2,0
ResNet18,50,3,3,221
ResNet18,50,3,4,0
ResNet18,50,3,5,0
ResNet18,50,3,6,98
ResNet18,50,3,7,0
ResNet18,50,3,8,0
ResNet18,50,3,9,0
ResNet18,50,3,10,0
ResNet18,50,3,11,1
ResNet18,50,4,0,0
ResNet18,50,4,1,15
ResNet18,50,4,2,0
ResNet18,50,4,3,1
ResNet18,50,4,4,300
ResNet18,50,4,5,0
ResNet18,50,4,6,4
ResNet18,50,4,7,0
ResNet18,50,4,8,0
ResNet18,50,4,9,0
ResNet18,50,4,10,0
ResNet18,50,4,11,0
ResNet18,50,5,0,1
ResNet18,50,5,1,2
ResNet18,50,5,2,0
ResNet18,50,5,3,0
ResNet18,50,5,4,0
ResNet18,50,5,5,316
ResNet18,50,5,6,0
ResNet18,50,5,7,0
ResNet18,50,5,8,0
ResNet18,50,5,9,0
ResNet18,50,5,10,1
ResNet18,50,5,11,0
ResNet18,50,6,0,1
ResNet18,50,6,1,0
ResNet18,50,6,2,0
ResNet18,50,6,3,39
ResNet18,50,6,4,0
ResNet18,50,6,5,0
ResNet18,50,6,6,276
ResNet18,50,6,7,0
ResNet18,50,6,8,0
ResNet18,50,6,9,0
ResNet18,50,6,10,0
ResNet18,50,6,11,4
ResNet18,50,7,0,2
ResNet18,50,7,1,0
ResNet18,50,7,2,1
ResNet18,50,7,3,0
ResNet18,50,7,4,0
ResNet18,50,7,5,0
ResNet18,50,7,6,0
ResNet18,50,7,7,232
ResNet18,50,7,8,49
ResNet18,50,7,9,0
ResNet18,50,7,10,34
ResNet18,50,7,11,2
ResNet18,50,8,0,0
ResNet18,50,8,1,0
ResNet18,50,8,2,0
ResNet18,50,8,3,0
ResNet18,50,8,4,0
ResNet18,50,8,5,0
ResNet18,50,8,6,0
ResNet18,50,8,7,1
ResNet18,50,8,8,313
ResNet18,50,8,9,0
ResNet18,50,8,10,1
ResNet18,50,8,11,5
ResNet18,50,9,0,0
ResNet18,50,9,1,0
ResNet18,50,9,2,0
ResNet18,50,9,3,0
ResNet18,50,9,4,0
ResNet18,50,9,5,0
ResNet18,50,9,6,0
ResNet18,50,9,7,0
ResNet18,50,9,8,1
ResNet18,50,9,9,314
ResNet18,50,9,10,1
ResNet18,50,9,11,4
ResNet18,50,10,0,0
ResNet18,50,10,1,0
ResNet18,50,10,2,0
ResNet18,50,10,3,0
ResNet18,50,10,4,0
ResNet18,50,10,5,0
ResNet18,50,10,6,0
ResNet18,50,10,7,5
ResNet18,50,10,8,22
ResNet18,50,10,9,0
ResNet18,50,10,10,293
ResNet18,50,10,11,0
ResNet18,50,11,0,0
ResNet18,50,11,1,0
ResNet18,50,11,2,0
ResNet18,50,11,3,0
ResNet18,50,11,4,0
ResNet18,50,11,5,0
ResNet18,50,11,6,0
ResNet18,50,11,7,0
ResNet18,50,11,8,1
ResNet18,50,11,9,0
ResNet18,50,11,10,0
ResNet18,50,11,11,319
MobileNet_V2,50,0,0,313
MobileNet_V2,50,0,1,1
MobileNet_V2,50,0,2,0
MobileNet_V2,50,0,3,3
MobileNet_V2,50,0,4,3
MobileNet_V2,50,0,5,0
MobileNet_V2,50,0,6,0
MobileNet_V2,50,0,7,0
MobileNet_V2,50,0,8,0
MobileNet_V2,50,0,9,0
MobileNet_V2,50,0,10,0
MobileNet_V2,50,0,11,0
MobileNet_V2,50,1,0,0
MobileNet_V2,50,1,1,316
MobileNet_V2,50,1,2,0
MobileNet_V2,50,1,3,0
MobileNet_V2,50,1,4,0
MobileNet_V2,50,1,5,2
MobileNet_V2,50,1,6,0
MobileNet_V2,50,1,7,0
MobileNet_V2,50,1,8,0
MobileNet_V2,50,1,9,0
MobileNet_V2,50,1,10,0
MobileNet_V2,50,1,11,2
MobileNet_V2,50,2,0,0
MobileNet_V2,50,2,1,0
MobileNet_V2,50,2,2,318
MobileNet_V2,50,2,3,0
MobileNet_V2,50,2,4,0
MobileNet_V2,50,2,5,1
MobileNet_V2,50,2,6,1
MobileNet_V2,50,2,7,0
MobileNet_V2,50,2,8,0
MobileNet_V2,50,2,9,0
MobileNet_V2,50,2,10,0
MobileNet_V2,50,2,11,0
MobileNet_V2,50,3,0,0
MobileNet_V2,50,3,1,0
MobileNet_V2,50,3,2,0
MobileNet_V2,50,3,3,227
MobileNet_V2,50,3,4,0
MobileNet_V2,50,3,5,0
MobileNet_V2,50,3,6,91
MobileNet_V2,50,3,7,0
MobileNet_V2,50,3,8,0
MobileNet_V2,50,3,9,0
MobileNet_V2,50,3,10,0
MobileNet_V2,50,3,11,2
MobileNet_V2,50,4,0,16
MobileNet_V2,50,4,1,3
MobileNet_V2,50,4,2,0
MobileNet_V2,50,4,3,0
MobileNet_V2,50,4,4,301
MobileNet_V2,50,4,5,0
MobileNet_V2,50,4,6,0
MobileNet_V2,50,4,7,0
MobileNet_V2,50,4,8,0
MobileNet_V2,50,4,9,0
MobileNet_V2,50,4,10,0
MobileNet_V2,50,4,11,0
MobileNet_V2,50,5,0,0
MobileNet_V2,50,5,1,3
MobileNet_V2,50,5,2,0
MobileNet_V2,50,5,3,0
MobileNet_V2,50,5,4,0
MobileNet_V2,50,5,5,317
MobileNet_V2,50,5,6,0
MobileNet_V2,50,5,7,0
MobileNet_V2,50,5,8,0
MobileNet_V2,50,5,9,0
MobileNet_V2,50,5,10,0
MobileNet_V2,50,5,11,0
MobileNet_V2,50,6,0,0
MobileNet_V2,50,6,1,0
MobileNet_V2,50,6,2,0
MobileNet_V2,50,6,3,67
MobileNet_V2,50,6,4,0
MobileNet_V2,50,6,5,0
MobileNet_V2,50,6,6,250
MobileNet_V2,50,6,7,0
MobileNet_V2,50,6,8,0
MobileNet_V2,50,6,9,0
MobileNet_V2,50,6,10,0
MobileNet_V2,50,6,11,3
MobileNet_V2,50,7,0,4
MobileNet_V2,50,7,1,0
MobileNet_V2,50,7,2,2
MobileNet_V2,50,7,3,0
MobileNet_V2,50,7,4,0
MobileNet_V2,50,7,5,0
MobileNet_V2,50,7,6,0
MobileNet_V2,50,7,7,236
MobileNet_V2,50,7,8,16
MobileNet_V2,50,7,9,0
MobileNet_V2,50,7,10,62
MobileNet_V2,50,7,11,0
MobileNet_V2,50,8,0,0
MobileNet_V2,50,8,1,0
MobileNet_V2,50,8,2,0
MobileNet_V2,50,8,3,0
MobileNet_V2,50,8,4,0
MobileNet_V2,50,8,5,0
MobileNet_V2,50,8,6,0
MobileNet_V2,50,8,7,2
MobileNet_V2,50,8,8,309
MobileNet_V2,50,8,9,0
MobileNet_V2,50,8,10,3
MobileNet_V2,50,8,11,6
MobileNet_V2,50,9,0,0
MobileNet_V2,50,9,1,0
MobileNet_V2,50,9,2,0
MobileNet_V2,50,9,3,0
MobileNet_V2,50,9,4,0
MobileNet_V2,50,9,5,0
MobileNet_V2,50,9,6,0
MobileNet_V2,50,9,7,1
MobileNet_V2,50,9,8,0
MobileNet_V2,50,9,9,303
MobileNet_V2,50,9,10,12
MobileNet_V2,50,9,11,4
MobileNet_V2,50,10,0,0
MobileNet_V2,50,10,1,0
MobileNet_V2,50,10,2,1
MobileNet_V2,50,10,3,0
MobileNet_V2,50,10,4,0
MobileNet_V2,50,10,5,0
MobileNet_V2,50,10,6,0
MobileNet_V2,50,10,7,16
MobileNet_V2,50,10,8,10
MobileNet_V2,50,10,9,0
MobileNet_V2,50,10,10,293
MobileNet_V2,50,10,11,0
MobileNet_V2,50,11,0,0
MobileNet_V2,50,11,1,0
MobileNet_V2,50,11,2,0
MobileNet_V2,50,11,3,0
MobileNet_V2,50,11,4,0
MobileNet_V2,50,11,5,0
MobileNet_V2,50,11,6,0
MobileNet_V2,50,11,7,0
MobileNet_V2,50,11,8,1
MobileNet_V2,50,11,9,0
MobileNet_V2,50,11,10,0
MobileNet_V2,50,11,11,319
EfficientNet_B0,50,0,0,308
EfficientNet_B0,50,0,1,0
EfficientNet_B0,50,0,2,3
EfficientNet_B0,50,0,3,2
EfficientNet_B0,50,0,4,5
EfficientNet_B0,50,0,5,0
EfficientNet_B0,50,0,6,0
EfficientNet_B0,50,0,7,2
EfficientNet_B0,50,0,8,0
EfficientNet_B0,50,0,9,0
EfficientNet_B0,50,0,10,0
EfficientNet_B0,50,0,11,0
EfficientNet_B0,50,1,0,0
EfficientNet_B0,50,1,1,316
EfficientNet_B0,50,1,2,0
EfficientNet_B0,50,1,3,0
EfficientNet_B0,50,1,4,0
EfficientNet_B0,50,1,5,2
EfficientNet_B0,50,1,6,0
EfficientNet_B0,50,1,7,0
EfficientNet_B0,50,1,8,0
EfficientNet_B0,50,1,9,0
EfficientNet_B0,50,1,10,0
EfficientNet_B0,50,1,11,2
EfficientNet_B0,50,2,0,0
EfficientNet_B0,50,2,1,0
EfficientNet_B0,50,2,2,319
EfficientNet_B0,50,2,3,0
EfficientNet_B0,50,2,4,0
EfficientNet_B0,50,2,5,1
EfficientNet_B0,50,2,6,0
EfficientNet_B0,50,2,7,0
EfficientNet_B0,50,2,8,0
EfficientNet_B0,50,2,9,0
EfficientNet_B0,50,2,10,0
EfficientNet_B0,50,2,11,0
EfficientNet_B0,50,3,0,0
EfficientNet_B0,50,3,1,0
EfficientNet_B0,50,3,2,0
EfficientNet_B0,50,3,3,220
EfficientNet_B0,50,3,4,0
EfficientNet_B0,50,3,5,0
EfficientNet_B0,50,3,6,97
EfficientNet_B0,50,3,7,2
EfficientNet_B0,50,3,8,0
EfficientNet_B0,50,3,9,0
EfficientNet_B0,50,3,10,0
EfficientNet_B0,50,3,11,1
EfficientNet_B0,50,4,0,14
EfficientNet_B0,50,4,1,5
EfficientNet_B0,50,4,2,0
EfficientNet_B0,50,4,3,0
EfficientNet_B0,50,4,4,301
EfficientNet_B0,50,4,5,0
EfficientNet_B0,50,4,6,0
EfficientNet_B0,50,4,7,0
EfficientNet_B0,50,4,8,0
EfficientNet_B0,50,4,9,0
EfficientNet_B0,50,4,10,0
EfficientNet_B0,50,4,11,0
EfficientNet_B0,50,5,0,0
EfficientNet_B0,50,5,1,2
EfficientNet_B0,50,5,2,0
EfficientNet_B0,50,5,3,0
EfficientNet_B0,50,5,4,0
EfficientNet_B0,50,5,5,317
EfficientNet_B0,50,5,6,0
EfficientNet_B0,50,5,7,0
EfficientNet_B0,50,5,8,0
EfficientNet_B0,50,5,9,0
EfficientNet_B0,50,5,10,0
EfficientNet_B0,50,5,11,1
EfficientNet_B0,50,6,0,0
EfficientNet_B0,50,6,1,0
EfficientNet_B0,50,6,2,0
EfficientNet_B0,50,6,3,59
EfficientNet_B0,50,6,4,0
EfficientNet_B0,50,6,5,0
EfficientNet_B0,50,6,6,261
EfficientNet_B0,50,6,7,0
EfficientNet_B0,50,6,8,0
EfficientNet_B0,50,6,9,0
EfficientNet_B0,50,6,10,0
EfficientNet_B0,50,6,11,0
EfficientNet_B0,50,7,0,0
EfficientNet_B0,50,7,1,1
EfficientNet_B0,50,7,2,1
EfficientNet_B0,50,7,3,0
EfficientNet_B0,50,7,4,0
EfficientNet_B0,50,7,5,0
EfficientNet_B0,50,7,6,0
EfficientNet_B0,50,7,7,239
EfficientNet_B0,50,7,8,43
EfficientNet_B0,50,7,9,0
EfficientNet_B0,50,7,10,34
EfficientNet_B0,50,7,11,2
EfficientNet_B0,50,8,0,0
EfficientNet_B0,50,8,1,0
EfficientNet_B0,50,8,2,0
EfficientNet_B0,50,8,3,0
EfficientNet_B0,50,8,4,0
EfficientNet_B0,50,8,5,1
EfficientNet_B0,50,8,6,0
EfficientNet_B0,50,8,7,1
EfficientNet_B0,50,8,8,313
EfficientNet_B0,50,8,9,1
EfficientNet_B0,50,8,10,0
EfficientNet_B0,50,8,11,4
EfficientNet_B0,50,9,0,0
EfficientNet_B0,50,9,1,0
EfficientNet_B0,50,9,2,0
EfficientNet_B0,50,9,3,0
EfficientNet_B0,50,9,4,0
EfficientNet_B0,50,9,5,0
EfficientNet_B0,50,9,6,0
EfficientNet_B0,50,9,7,0
EfficientNet_B0,50,9,8,1
EfficientNet_B0,50,9,9,311
EfficientNet_B0,50,9,10,0
EfficientNet_B0,50,9,11,8
EfficientNet_B0,50,10,0,0
EfficientNet_B0,50,10,1,0
EfficientNet_B0,50,10,2,2
EfficientNet_B0,50,10,3,0
EfficientNet_B0,50,10,4,0
EfficientNet_B0,50,10,5,1
EfficientNet_B0,50,10,6,0
EfficientNet_B0,50,10,7,5
EfficientNet_B0,50,10,8,14
EfficientNet_B0,50,10,9,0
EfficientNet_B0,50,10,10,295
EfficientNet_B0,50,10,11,3
EfficientNet_B0,50,11,0,0
EfficientNet_B0,50,11,1,0
EfficientNet_B0,50,11,2,0
EfficientNet_B0,50,11,3,0
EfficientNet_B0,50,11,4,0
EfficientNet_B0,50,11,5,0
EfficientNet_B0,50,11,6,0
EfficientNet_B0,50,11,7,0
EfficientNet_B0,50,11,8,0
EfficientNet_B0,50,11,9,0
EfficientNet_B0,50,11,10,0
EfficientNet_B0,50,11,11,320
LSTM,50,0,0,263
LSTM,50,0,1,0
LSTM,50,0,2,23
LSTM,50,0,3,7
LSTM,50,0,4,6
LSTM,50,0,5,0
LSTM,50,0,6,15
LSTM,50,0,7,2
LSTM,50,0,8,1
LSTM,50,0,9,0
LSTM,50,0,10,1
LSTM,50,0,11,2
LSTM,50,1,0,0
LSTM,50,1,1,282
LSTM,50,1,2,0
LSTM,50,1,3,0
LSTM,50,1,4,16
LSTM,50,1,5,17
LSTM,50,1,6,0
LSTM,50,1,7,0
LSTM,50,1,8,0
LSTM,50,1,9,1
LSTM,50,1,10,4
LSTM,50,1,11,0
LSTM,50,2,0,9
LSTM,50,2,1,3
LSTM,50,2,2,301
LSTM,50,2,3,0
LSTM,50,2,4,0
LSTM,50,2,5,1
LSTM,50,2,6,0
LSTM,50,2,7,0
LSTM,50,2,8,3
LSTM,50,2,9,0
LSTM,50,2,10,3
LSTM,50,2,11,0
LSTM,50,3,0,1
LSTM,50,3,1,4
LSTM,50,3,2,0
LSTM,50,3,3,176
LSTM,50,3,4,6
LSTM,50,3,5,0
LSTM,50,3,6,128
LSTM,50,3,7,0
LSTM,50,3,8,0
LSTM,50,3,9,1
LSTM,50,3,10,0
LSTM,50,3,11,4
LSTM,50,4,0,22
LSTM,50,4,1,13
LSTM,50,4,2,1
LSTM,50,4,3,0
LSTM,50,4,4,271
LSTM,50,4,5,8
LSTM,50,4,6,0
LSTM,50,4,7,1
LSTM,50,4,8,0
LSTM,50,4,9,2
LSTM,50,4,10,2
LSTM,50,4,11,0
LSTM,50,5,0,7
LSTM,50,5,1,11
LSTM,50,5,2,0
LSTM,50,5,3,0
LSTM,50,5,4,1
LSTM,50,5,5,292
LSTM,50,5,6,0
LSTM,50,5,7,0
LSTM,50,5,8,1
LSTM,50,5,9,0
LSTM,50,5,10,8
LSTM,50,5,11,0
LSTM,50,6,0,0
LSTM,50,6,1,4
LSTM,50,6,2,1
LSTM,50,6,3,61
LSTM,50,6,4,1
LSTM,50,6,5,0
LSTM,50,6,6,248
LSTM,50,6,7,0
LSTM,50,6,8,0
LSTM,50,6,9,0
LSTM,50,6,10,0
LSTM,50,6,11,5
LSTM,50,7,0,0
LSTM,50,7,1,1
LSTM,50,7,2,1
LSTM,50,7,3,0
LSTM,50,7,4,0
LSTM,50,7,5,0
LSTM,50,7,6,0
LSTM,50,7,7,299
LSTM,50,7,8,2
LSTM,50,7,9,5
LSTM,50,7,10,11
LSTM,50,7,11,1
LSTM,50,8,0,2
LSTM,50,8,1,0
LSTM,50,8,2,3
LSTM,50,8,3,0
LSTM,50,8,4,1
LSTM,50,8,5,1
LSTM,50,8,6,0
LSTM,50,8,7,2
LSTM,50,8,8,302
LSTM,50,8,9,5
LSTM,50,8,10,2
LSTM,50,8,11,2
LSTM,50,9,0,3
LSTM,50,9,1,18
LSTM,50,9,2,0
LSTM,50,9,3,5
LSTM,50,9,4,23
LSTM,50,9,5,1
LSTM,50,9,6,7
LSTM,50,9,7,0
LSTM,50,9,8,8
LSTM,50,9,9,249
LSTM,50,9,10,0
LSTM,50,9,11,6
LSTM,50,10,0,0
LSTM,50,10,1,5
LSTM,50,10,2,0
LSTM,50,10,3,0
LSTM,50,10,4,1
LSTM,50,10,5,5
LSTM,50,10,6,0
LSTM,50,10,7,8
LSTM,50,10,8,3
LSTM,50,10,9,4
LSTM,50,10,10,294
LSTM,50,10,11,0
LSTM,50,11,0,0
LSTM,50,11,1,5
LSTM,50,11,2,0
LSTM,50,11,3,43
LSTM,50,11,4,18
LSTM,50,11,5,0
LSTM,50,11,6,16
LSTM,50,11,7,5
LSTM,50,11,8,0
LSTM,50,11,9,3
LSTM,50,11,10,0
LSTM,50,11,11,230
GRU,50,0,0,261
GRU,50,0,1,0
GRU,50,0,2,22
GRU,50,0,3,9
GRU,50,0,4,2
GRU,50,0,5,2
GRU,50,0,6,16
GRU,50,0,7,0
GRU,50,0,8,6
GRU,50,0,9,1
GRU,50,0,10,1
GRU,50,0,11,0
GRU,50,1,0,0
GRU,50,1,1,280
GRU,50,1,2,0
GRU,50,1,3,0
GRU,50,1,4,16
GRU,50,1,5,20
GRU,50,1,6,0
GRU,50,1,7,1
GRU,50,1,8,0
GRU,50,1,9,2
GRU,50,1,10,1
GRU,50,1,11,0
GRU,50,2,0,4
GRU,50,2,1,2
GRU,50,2,2,308
GRU,50,2,3,0
GRU,50,2,4,0
GRU,50,2,5,4
GRU,50,2,6,1
GRU,50,2,7,0
GRU,50,2,8,1
GRU,50,2,9,0
GRU,50,2,10,0
GRU,50,2,11,0
GRU,50,3,0,0
GRU,50,3,1,4
GRU,50,3,2,0
GRU,50,3,3,189
GRU,50,3,4,6
GRU,50,3,5,0
GRU,50,3,6,115
GRU,50,3,7,1
GRU,50,3,8,0
GRU,50,3,9,1
GRU,50,3,10,0
GRU,50,3,11,4
GRU,50,4,0,10
GRU,50,4,1,15
GRU,50,4,2,0
GRU,50,4,3,0
GRU,50,4,4,275
GRU,50,4,5,8
GRU,50,4,6,1
GRU,50,4,7,0
GRU,50,4,8,0
GRU,50,4,9,9
GRU,50,4,10,2
GRU,50,4,11,0
GRU,50,5,0,5
GRU,50,5,1,19
GRU,50,5,2,0
GRU,50,5,3,0
GRU,50,5,4,0
GRU,50,5,5,292
GRU,50,5,6,0
GRU,50,5,7,1
GRU,50,5,8,1
GRU,50,5,9,0
GRU,50,5,10,2
GRU,50,5,11,0
GRU,50,6,0,0
GRU,50,6,1,4
GRU,50,6,2,0
GRU,50,6,3,58
GRU,50,6,4,1
GRU,50,6,5,0
GRU,50,6,6,251
GRU,50,6,7,0
GRU,50,6,8,0
GRU,50,6,9,3
GRU,50,6,10,0
GRU,50,6,11,3
GRU,50,7,0,0
GRU,50,7,1,1
GRU,50,7,2,0
GRU,50,7,3,0
GRU,50,7,4,0
GRU,50,7,5,2
GRU,50,7,6,3
GRU,50,7,7,301
GRU,50,7,8,3
GRU,50,7,9,1
GRU,50,7,10,7
GRU,50,7,11,2
GRU,50,8,0,12
GRU,50,8,1,0
GRU,50,8,2,5
GRU,50,8,3,0
GRU,50,8,4,0
GRU,50,8,5,8
GRU,50,8,6,0
GRU,50,8,7,1
GRU,50,8,8,287
GRU,50,8,9,5
GRU,50,8,10,2
GRU,50,8,11,0
GRU,50,9,0,4
GRU,50,9,1,4
GRU,50,9,2,0
GRU,50,9,3,1
GRU,50,9,4,34
GRU,50,9,5,2
GRU,50,9,6,4
GRU,50,9,7,0
GRU,50,9,8,1
GRU,50,9,9,269
GRU,50,9,10,1
GRU,50,9,11,0
GRU,50,10,0,1
GRU,50,10,1,2
GRU,50,10,2,1
GRU,50,10,3,0
GRU,50,10,4,0
GRU,50,10,5,12
GRU,50,10,6,1
GRU,50,10,7,8
GRU,50,10,8,4
GRU,50,10,9,3
GRU,50,10,10,288
GRU,50,10,11,0
GRU,50,11,0,1
GRU,50,11,1,7
GRU,50,11,2,0
GRU,50,11,3,8
GRU,50,11,4,11
GRU,50,11,5,0
GRU,50,11,6,11
GRU,50,11,7,0
GRU,50,11,8,0
GRU,50,11,9,16
GRU,50,11,10,0
GRU,50,11,11,266
CNN_LSTM,50,0,0,297
CNN_LSTM,50,0,1,4
CNN_LSTM,50,0,2,9
CNN_LSTM,50,0,3,3
CNN_LSTM,50,0,4,0
CNN_LSTM,50,0,5,0
CNN_LSTM,50,0,6,3
CNN_LSTM,50,0,7,0
CNN_LSTM,50,0,8,3
CNN_LSTM,50,0,9,0
CNN_LSTM,50,0,10,0
CNN_LSTM,50,0,11,1
CNN_LSTM,50,1,0,1
CNN_LSTM,50,1,1,311
CNN_LSTM,50,1,2,0
CNN_LSTM,50,1,3,0
CNN_LSTM,50,1,4,2
CNN_LSTM,50,1,5,3
CNN_LSTM,50,1,6,1
CNN_LSTM,50,1,7,0
CNN_LSTM,50,1,8,0
CNN_LSTM,50,1,9,0
CNN_LSTM,50,1,10,0
CNN_LSTM,50,1,11,2
CNN_LSTM,50,2,0,0
CNN_LSTM,50,2,1,0
CNN_LSTM,50,2,2,319
CNN_LSTM,50,2,3,0
CNN_LSTM,50,2,4,0
CNN_LSTM,50,2,5,0
CNN_LSTM,50,2,6,0
CNN_LSTM,50,2,7,0
CNN_LSTM,50,2,8,1
CNN_LSTM,50,2,9,0
CNN_LSTM,50,2,10,0
CNN_LSTM,50,2,11,0
CNN_LSTM,50,3,0,0
CNN_LSTM,50,3,1,0
CNN_LSTM,50,3,2,0
CNN_LSTM,50,3,3,228
CNN_LSTM,50,3,4,1
CNN_LSTM,50,3,5,0
CNN_LSTM,50,3,6,83
CNN_LSTM,50,3,7,0
CNN_LSTM,50,3,8,1
CNN_LSTM,50,3,9,0
CNN_LSTM,50,3,10,0
CNN_LSTM,50,3,11,7
CNN_LSTM,50,4,0,2
CNN_LSTM,50,4,1,13
CNN_LSTM,50,4,2,0
CNN_LSTM,50,4,3,0
CNN_LSTM,50,4,4,299
CNN_LSTM,50,4,5,0
CNN_LSTM,50,4,6,6
CNN_LSTM,50,4,7,0
CNN_LSTM,50,4,8,0
CNN_LSTM,50,4,9,0
CNN_LSTM,50,4,10,0
CNN_LSTM,50,4,11,0
CNN_LSTM,50,5,0,3
CNN_LSTM,50,5,1,1
CNN_LSTM,50,5,2,1
CNN_LSTM,50,5,3,0
CNN_LSTM,50,5,4,0
CNN_LSTM,50,5,5,313
CNN_LSTM,50,5,6,1
CNN_LSTM,50,5,7,0
CNN_LSTM,50,5,8,0
CNN_LSTM,50,5,9,0
CNN_LSTM,50,5,10,0
CNN_LSTM,50,5,11,1
CNN_LSTM,50,6,0,0
CNN_LSTM,50,6,1,0
CNN_LSTM,50,6,2,0
CNN_LSTM,50,6,3,71
CNN_LSTM,50,6,4,0
CNN_LSTM,50,6,5,0
CNN_LSTM,50,6,6,237
CNN_LSTM,50,6,7,0
CNN_LSTM,50,6,8,3
CNN_LSTM,50,6,9,1
CNN_LSTM,50,6,10,0
CNN_LSTM,50,6,11,8
CNN_LSTM,50,7,0,0
CNN_LSTM,50,7,1,0
CNN_LSTM,50,7,2,0
CNN_LSTM,50,7,3,0
CNN_LSTM,50,7,4,0
CNN_LSTM,50,7,5,0
CNN_LSTM,50,7,6,0
CNN_LSTM,50,7,7,316
CNN_LSTM,50,7,8,1
CNN_LSTM,50,7,9,0
CNN_LSTM,50,7,10,2
CNN_LSTM,50,7,11,1
CNN_LSTM,50,8,0,20
CNN_LSTM,50,8,1,0
CNN_LSTM,50,8,2,40
CNN_LSTM,50,8,3,0
CNN_LSTM,50,8,4,0
CNN_LSTM,50,8,5,1
CNN_LSTM,50,8,6,0
CNN_LSTM,50,8,7,1
CNN_LSTM,50,8,8,258
CNN_LSTM,50,8,9,0
CNN_LSTM,50,8,10,0
CNN_LSTM,50,8,11,0
CNN_LSTM,50,9,0,0
CNN_LSTM,50,9,1,0
CNN_LSTM,50,9,2,0
CNN_LSTM,50,9,3,0
CNN_LSTM,50,9,4,16
CNN_LSTM,50,9,5,0
CNN_LSTM,50,9,6,0
CNN_LSTM,50,9,7,0
CNN_LSTM,50,9,8,3
CNN_LSTM,50,9,9,300
CNN_LSTM,50,9,10,0
CNN_LSTM,50,9,11,1
CNN_LSTM,50,10,0,1
CNN_LSTM,50,10,1,0
CNN_LSTM,50,10,2,0
CNN_LSTM,50,10,3,0
CNN_LSTM,50,10,4,0
CNN_LSTM,50,10,5,0
CNN_LSTM,50,10,6,0
CNN_LSTM,50,10,7,10
CNN_LSTM,50,10,8,7
CNN_LSTM,50,10,9,2
CNN_LSTM,50,10,10,300
CNN_LSTM,50,10,11,0
CNN_LSTM,50,11,0,0
CNN_LSTM,50,11,1,5
CNN_LSTM,50,11,2,0
CNN_LSTM,50,11,3,46
CNN_LSTM,50,11,4,0
CNN_LSTM,50,11,5,0
CNN_LSTM,50,11,6,4
CNN_LSTM,50,11,7,0
CNN_LSTM,50,11,8,1
CNN_LSTM,50,11,9,1
CNN_LSTM,50,11,10,0
CNN_LSTM,50,11,11,263
LeNet_LSTM,50,0,0,305
LeNet_LSTM,50,0,1,1
LeNet_LSTM,50,0,2,0
LeNet_LSTM,50,0,3,9
LeNet_LSTM,50,0,4,0
LeNet_LSTM,50,0,5,0
LeNet_LSTM,50,0,6,2
LeNet_LSTM,50,0,7,0
LeNet_LSTM,50,0,8,2
LeNet_LSTM,50,0,9,0
LeNet_LSTM,50,0,10,0
LeNet_LSTM,50,0,11,1
LeNet_LSTM,50,1,0,2
LeNet_LSTM,50,1,1,309
LeNet_LSTM,50,1,2,0
LeNet_LSTM,50,1,3,0
LeNet_LSTM,50,1,4,5
LeNet_LSTM,50,1,5,1
LeNet_LSTM,50,1,6,0
LeNet_LSTM,50,1,7,0
LeNet_LSTM,50,1,8,0
LeNet_LSTM,50,1,9,1
LeNet_LSTM,50,1,10,0
LeNet_LSTM,50,1,11,2
LeNet_LSTM,50,2,0,0
LeNet_LSTM,50,2,1,0
LeNet_LSTM,50,2,2,320
LeNet_LSTM,50,2,3,0
LeNet_LSTM,50,2,4,0
LeNet_LSTM,50,2,5,0
LeNet_LSTM,50,2,6,0
LeNet_LSTM,50,2,7,0
LeNet_LSTM,50,2,8,0
LeNet_LSTM,50,2,9,0
LeNet_LSTM,50,2,10,0
LeNet_LSTM,50,2,11,0
LeNet_LSTM,50,3,0,0
LeNet_LSTM,50,3,1,1
LeNet_LSTM,50,3,2,0
LeNet_LSTM,50,3,3,222
LeNet_LSTM,50,3,4,1
LeNet_LSTM,50,3,5,0
LeNet_LSTM,50,3,6,90
LeNet_LSTM,50,3,7,0
LeNet_LSTM,50,3,8,0
LeNet_LSTM,50,3,9,1
LeNet_LSTM,50,3,10,0
LeNet_LSTM,50,3,11,5
LeNet_LSTM,50,4,0,1
LeNet_LSTM,50,4,1,16
LeNet_LSTM,50,4,2,0
LeNet_LSTM,50,4,3,1
LeNet_LSTM,50,4,4,297
LeNet_LSTM,50,4,5,0
LeNet_LSTM,50,4,6,4
LeNet_LSTM,50,4,7,0
LeNet_LSTM,50,4,8,0
LeNet_LSTM,50,4,9,1
LeNet_LSTM,50,4,10,0
LeNet_LSTM,50,4,11,0
LeNet_LSTM,50,5,0,0
LeNet_LSTM,50,5,1,0
LeNet_LSTM,50,5,2,0
LeNet_LSTM,50,5,3,0
LeNet_LSTM,50,5,4,0
LeNet_LSTM,50,5,5,318
LeNet_LSTM,50,5,6,0
LeNet_LSTM,50,5,7,0
LeNet_LSTM,50,5,8,0
LeNet_LSTM,50,5,9,1
LeNet_LSTM,50,5,10,1
LeNet_LSTM,50,5,11,0
LeNet_LSTM,50,6,0,0
LeNet_LSTM,50,6,1,0
LeNet_LSTM,50,6,2,0
LeNet_LSTM,50,6,3,75
LeNet_LSTM,50,6,4,0
LeNet_LSTM,50,6,5,0
LeNet_LSTM,50,6,6,240
LeNet_LSTM,50,6,7,0
LeNet_LSTM,50,6,8,0
LeNet_LSTM,50,6,9,0
LeNet_LSTM,50,6,10,0
LeNet_LSTM,50,6,11,5
LeNet_LSTM,50,7,0,0
LeNet_LSTM,50,7,1,0
LeNet_LSTM,50,7,2,0
LeNet_LSTM,50,7,3,0
LeNet_LSTM,50,7,4,0
LeNet_LSTM,50,7,5,0
LeNet_LSTM,50,7,6,0
LeNet_LSTM,50,7,7,317
LeNet_LSTM,50,7,8,0
LeNet_LSTM,50,7,9,0
LeNet_LSTM,50,7,10,3
LeNet_LSTM,50,7,11,0
LeNet_LSTM,50,8,0,29
LeNet_LSTM,50,8,1,1
LeNet_LSTM,50,8,2,39
LeNet_LSTM,50,8,3,0
LeNet_LSTM,50,8,4,0
LeNet_LSTM,50,8,5,2
LeNet_LSTM,50,8,6,0
LeNet_LSTM,50,8,7,2
LeNet_LSTM,50,8,8,245
LeNet_LSTM,50,8,9,1
LeNet_LSTM,50,8,10,1
LeNet_LSTM,50,8,11,0
LeNet_LSTM,50,9,0,0
LeNet_LSTM,50,9,1,0
LeNet_LSTM,50,9,2,0
LeNet_LSTM,50,9,3,0
LeNet_LSTM,50,9,4,28
LeNet_LSTM,50,9,5,0
LeNet_LSTM,50,9,6,0
LeNet_LSTM,50,9,7,0
LeNet_LSTM,50,9,8,2
LeNet_LSTM,50,9,9,290
LeNet_LSTM,50,9,10,0
LeNet_LSTM,50,9,11,0
LeNet_LSTM,50,10,0,0
LeNet_LSTM,50,10,1,0
LeNet_LSTM,50,10,2,0
LeNet_LSTM,50,10,3,0
LeNet_LSTM,50,10,4,0
LeNet_LSTM,50,10,5,0
LeNet_LSTM,50,10,6,0
LeNet_LSTM,50,10,7,7
LeNet_LSTM,50,10,8,2
LeNet_LSTM,50,10,9,0
LeNet_LSTM,50,10,10,311
LeNet_LSTM,50,10,11,0
LeNet_LSTM,50,11,0,0
LeNet_LSTM,50,11,1,6
LeNet_LSTM,50,11,2,0
LeNet_LSTM,50,11,3,27
LeNet_LSTM,50,11,4,1
LeNet_LSTM,50,11,5,0
LeNet_LSTM,50,11,6,4
LeNet_LSTM,50,11,7,0
LeNet_LSTM,50,11,8,1
LeNet_LSTM,50,11,9,3
LeNet_LSTM,50,11,10,0
LeNet_LSTM,50,11,11,278
TCN,50,0,0,258
TCN,50,0,1,1
TCN,50,0,2,34
TCN,50,0,3,5
TCN,50,0,4,4
TCN,50,0,5,7
TCN,50,0,6,7
TCN,50,0,7,0
TCN,50,0,8,4
TCN,50,0,9,0
TCN,50,0,10,0
TCN,50,0,11,0
TCN,50,1,0,1
TCN,50,1,1,290
TCN,50,1,2,0
TCN,50,1,3,0
TCN,50,1,4,7
TCN,50,1,5,18
TCN,50,1,6,3
TCN,50,1,7,0
TCN,50,1,8,0
TCN,50,1,9,1
TCN,50,1,10,0
TCN,50,1,11,0
TCN,50,2,0,6
TCN,50,2,1,3
TCN,50,2,2,308
TCN,50,2,3,0
TCN,50,2,4,0
TCN,50,2,5,1
TCN,50,2,6,0
TCN,50,2,7,0
TCN,50,2,8,1
TCN,50,2,9,1
TCN,50,2,10,0
TCN,50,2,11,0
TCN,50,3,0,0
TCN,50,3,1,1
TCN,50,3,2,0
TCN,50,3,3,190
TCN,50,3,4,4
TCN,50,3,5,0
TCN,50,3,6,109
TCN,50,3,7,0
TCN,50,3,8,1
TCN,50,3,9,3
TCN,50,3,10,0
TCN,50,3,11,12
TCN,50,4,0,22
TCN,50,4,1,19
TCN,50,4,2,1
TCN,50,4,3,4
TCN,50,4,4,260
TCN,50,4,5,6
TCN,50,4,6,2
TCN,50,4,7,0
TCN,50,4,8,1
TCN,50,4,9,4
TCN,50,4,10,0
TCN,50,4,11,1
TCN,50,5,0,3
TCN,50,5,1,17
TCN,50,5,2,0
TCN,50,5,3,0
TCN,50,5,4,1
TCN,50,5,5,292
TCN,50,5,6,0
TCN,50,5,7,0
TCN,50,5,8,5
TCN,50,5,9,0
TCN,50,5,10,1
TCN,50,5,11,1
TCN,50,6,0,0
TCN,50,6,1,1
TCN,50,6,2,1
TCN,50,6,3,84
TCN,50,6,4,3
TCN,50,6,5,0
TCN,50,6,6,223
TCN,50,6,7,0
TCN,50,6,8,1
TCN,50,6,9,0
TCN,50,6,10,0
TCN,50,6,11,7
TCN,50,7,0,0
TCN,50,7,1,1
TCN,50,7,2,2
TCN,50,7,3,0
TCN,50,7,4,0
TCN,50,7,5,0
TCN,50,7,6,0
TCN,50,7,7,247
TCN,50,7,8,23
TCN,50,7,9,0
TCN,50,7,10,47
TCN,50,7,11,0
TCN,50,8,0,12
TCN,50,8,1,3
TCN,50,8,2,16
TCN,50,8,3,0
TCN,50,8,4,0
TCN,50,8,5,2
TCN,50,8,6,0
TCN,50,8,7,2
TCN,50,8,8,279
TCN,50,8,9,0
TCN,50,8,10,4
TCN,50,8,11,2
TCN,50,9,0,2
TCN,50,9,1,3
TCN,50,9,2,0
TCN,50,9,3,4
TCN,50,9,4,52
TCN,50,9,5,0
TCN,50,9,6,0
TCN,50,9,7,0
TCN,50,9,8,4
TCN,50,9,9,244
TCN,50,9,10,10
TCN,50,9,11,1
TCN,50,10,0,0
TCN,50,10,1,5
TCN,50,10,2,0
TCN,50,10,3,0
TCN,50,10,4,0
TCN,50,10,5,11
TCN,50,10,6,0
TCN,50,10,7,2
TCN,50,10,8,12
TCN,50,10,9,2
TCN,50,10,10,288
TCN,50,10,11,0
TCN,50,11,0,1
TCN,50,11,1,2
TCN,50,11,2,1
TCN,50,11,3,43
TCN,50,11,4,5
TCN,50,11,5,0
TCN,50,11,6,12
TCN,50,11,7,0
TCN,50,11,8,1
TCN,50,11,9,18
TCN,50,11,10,0
TCN,50,11,11,237
Transformer,50,0,0,229
Transformer,50,0,1,1
Transformer,50,0,2,41
Transformer,50,0,3,7
Transformer,50,0,4,4
Transformer,50,0,5,6
Transformer,50,0,6,19
Transformer,50,0,7,4
Transformer,50,0,8,1
Transformer,50,0,9,7
Transformer,50,0,10,1
Transformer,50,0,11,0
Transformer,50,1,0,2
Transformer,50,1,1,224
Transformer,50,1,2,2
Transformer,50,1,3,4
Transformer,50,1,4,31
Transformer,50,1,5,33
Transformer,50,1,6,5
Transformer,50,1,7,2
Transformer,50,1,8,0
Transformer,50,1,9,11
Transformer,50,1,10,5
Transformer,50,1,11,1
Transformer,50,2,0,10
Transformer,50,2,1,2
Transformer,50,2,2,300
Transformer,50,2,3,3
Transformer,50,2,4,0
Transformer,50,2,5,0
Transformer,50,2,6,3
Transformer,50,2,7,2
Transformer,50,2,8,0
Transformer,50,2,9,0
Transformer,50,2,10,0
Transformer,50,2,11,0
Transformer,50,3,0,1
Transformer,50,3,1,4
Transformer,50,3,2,3
Transformer,50,3,3,176
Transformer,50,3,4,16
Transformer,50,3,5,1
Transformer,50,3,6,108
Transformer,50,3,7,1
Transformer,50,3,8,0
Transformer,50,3,9,2
Transformer,50,3,10,0
Transformer,50,3,11,8
Transformer,50,4,0,30
Transformer,50,4,1,22
Transformer,50,4,2,1
Transformer,50,4,3,16
Transformer,50,4,4,198
Transformer,50,4,5,6
Transformer,50,4,6,12
Transformer,50,4,7,2
Transformer,50,4,8,1
Transformer,50,4,9,25
Transformer,50,4,10,1
Transformer,50,4,11,6
Transformer,50,5,0,12
Transformer,50,5,1,46
Transformer,50,5,2,2
Transformer,50,5,3,1
Transformer,50,5,4,9
Transformer,50,5,5,230
Transformer,50,5,6,2
Transformer,50,5,7,3
Transformer,50,5,8,3
Transformer,50,5,9,5
Transformer,50,5,10,6
Transformer,50,5,11,1
Transformer,50,6,0,0
Transformer,50,6,1,1
Transformer,50,6,2,2
Transformer,50,6,3,98
Transformer,50,6,4,4
Transformer,50,6,5,1
Transformer,50,6,6,209
Transformer,50,6,7,2
Transformer,50,6,8,0
Transformer,50,6,9,0
Transformer,50,6,10,0
Transformer,50,6,11,3
Transformer,50,7,0,7
Transformer,50,7,1,2
Transformer,50,7,2,5
Transformer,50,7,3,5
Transformer,50,7,4,1
Transformer,50,7,5,4
Transformer,50,7,6,4
Transformer,50,7,7,214
Transformer,50,7,8,6
Transformer,50,7,9,6
Transformer,50,7,10,63
Transformer,50,7,11,3
Transformer,50,8,0,3
Transformer,50,8,1,2
Transformer,50,8,2,10
Transformer,50,8,3,0
Transformer,50,8,4,0
Transformer,50,8,5,0
Transformer,50,8,6,1
Transformer,50,8,7,2
Transformer,50,8,8,276
Transformer,50,8,9,6
Transformer,50,8,10,1
Transformer,50,8,11,19
Transformer,50,9,0,7
Transformer,50,9,1,9
Transformer,50,9,2,1
Transformer,50,9,3,16
Transformer,50,9,4,28
Transformer,50,9,5,1
Transformer,50,9,6,7
Transformer,50,9,7,8
Transformer,50,9,8,3
Transformer,50,9,9,223
Transformer,50,9,10,2
Transformer,50,9,11,15
Transformer,50,10,0,9
Transformer,50,10,1,9
Transformer,50,10,2,6
Transformer,50,10,3,3
Transformer,50,10,4,1
Transformer,50,10,5,12
Transformer,50,10,6,1
Transformer,50,10,7,78
Transformer,50,10,8,22
Transformer,50,10,9,16
Transformer,50,10,10,152
Transformer,50,10,11,11
Transformer,50,11,0,4
Transformer,50,11,1,0
Transformer,50,11,2,0
Transformer,50,11,3,16
Transformer,50,11,4,1
Transformer,50,11,5,1
Transformer,50,11,6,5
Transformer,50,11,7,0
Transformer,50,11,8,0
Transformer,50,11,9,17
Transformer,50,11,10,0
Transformer,50,11,11,276
LeNet,51,0,0,300
LeNet,51,0,1,1
LeNet,51,0,2,2
LeNet,51,0,3,5
LeNet,51,0,4,3
LeNet,51,0,5,0
LeNet,51,0,6,7
LeNet,51,0,7,0
LeNet,51,0,8,0
LeNet,51,0,9,2
LeNet,51,0,10,0
LeNet,51,0,11,0
LeNet,51,1,0,0
LeNet,51,1,1,300
LeNet,51,1,2,1
LeNet,51,1,3,0
LeNet,51,1,4,3
LeNet,51,1,5,15
LeNet,51,1,6,0
LeNet,51,1,7,0
LeNet,51,1,8,0
LeNet,51,1,9,0
LeNet,51,1,10,1
LeNet,51,1,11,0
LeNet,51,2,0,3
LeNet,51,2,1,0
LeNet,51,2,2,309
LeNet,51,2,3,0
LeNet,51,2,4,1
LeNet,51,2,5,6
LeNet,51,2,6,0
LeNet,51,2,7,0
LeNet,51,2,8,0
LeNet,51,2,9,0
LeNet,51,2,10,0
LeNet,51,2,11,1
LeNet,51,3,0,3
LeNet,51,3,1,0
LeNet,51,3,2,0
LeNet,51,3,3,213
LeNet,51,3,4,2
LeNet,51,3,5,0
LeNet,51,3,6,101
LeNet,51,3,7,0
LeNet,51,3,8,0
LeNet,51,3,9,0
LeNet,51,3,10,0
LeNet,51,3,11,1
LeNet,51,4,0,3
LeNet,51,4,1,5
LeNet,51,4,2,0
LeNet,51,4,3,1
LeNet,51,4,4,311
LeNet,51,4,5,0
LeNet,51,4,6,0
LeNet,51,4,7,0
LeNet,51,4,8,0
LeNet,51,4,9,0
LeNet,51,4,10,0
LeNet,51,4,11,0
LeNet,51,5,0,3
LeNet,51,5,1,4
LeNet,51,5,2,0
LeNet,51,5,3,0
LeNet,51,5,4,0
LeNet,51,5,5,307
LeNet,51,5,6,0
LeNet,51,5,7,1
LeNet,51,5,8,1
LeNet,51,5,9,1
LeNet,51,5,10,0
LeNet,51,5,11,3
LeNet,51,6,0,0
LeNet,51,6,1,0
LeNet,51,6,2,0
LeNet,51,6,3,42
LeNet,51,6,4,0
LeNet,51,6,5,0
LeNet,51,6,6,272
LeNet,51,6,7,0
LeNet,51,6,8,0
LeNet,51,6,9,0
LeNet,51,6,10,0
LeNet,51,6,11,6
LeNet,51,7,0,0
LeNet,51,7,1,1
LeNet,51,7,2,3
LeNet,51,7,3,0
LeNet,51,7,4,0
LeNet,51,7,5,2
LeNet,51,7,6,0
LeNet,51,7,7,283
LeNet,51,7,8,5
LeNet,51,7,9,0
LeNet,51,7,10,25
LeNet,51,7,11,1
LeNet,51,8,0,0
LeNet,51,8,1,0
LeNet,51,8,2,5
LeNet,51,8,3,0
LeNet,51,8,4,0
LeNet,51,8,5,0
LeNet,51,8,6,0
LeNet,51,8,7,7
LeNet,51,8,8,277
LeNet,51,8,9,18
LeNet,51,8,10,8
LeNet,51,8,11,5
LeNet,51,9,0,0
LeNet,51,9,1,0
LeNet,51,9,2,0
LeNet,51,9,3,0
LeNet,51,9,4,1
LeNet,51,9,5,0
LeNet,51,9,6,0
LeNet,51,9,7,4
LeNet,51,9,8,10
LeNet,51,9,9,301
LeNet,51,9,10,4
LeNet,51,9,11,0
LeNet,51,10,0,0
LeNet,51,10,1,0
LeNet,51,10,2,0
LeNet,51,10,3,0
LeNet,51,10,4,0
LeNet,51,10,5,10
LeNet,51,10,6,0
LeNet,51,10,7,19
LeNet,51,10,8,20
LeNet,51,10,9,1
LeNet,51,10,10,269
LeNet,51,10,11,1
LeNet,51,11,0,0
LeNet,51,11,1,0
LeNet,51,11,2,0
LeNet,51,11,3,0
LeNet,51,11,4,0
LeNet,51,11,5,0
LeNet,51,11,6,0
LeNet,51,11,7,2
LeNet,51,11,8,1
LeNet,51,11,9,1
LeNet,51,11,10,0
LeNet,51,11,11,316
ResNet18,51,0,0,309
ResNet18,51,0,1,0
ResNet18,51,0,2,0
ResNet18,51,0,3,6
ResNet18,51,0,4,5
ResNet18,51,0,5,0
ResNet18,51,0,6,0
ResNet18,51,0,7,0
ResNet18,51,0,8,0
ResNet18,51,0,9,0
ResNet18,51,0,10,0
ResNet18,51,0,11,0
ResNet18,51,1,0,0
ResNet18,51,1,1,315
ResNet18,51,1,2,0
ResNet18,51,1,3,2
ResNet18,51,1,4,0
ResNet18,51,1,5,3
ResNet18,51,1,6,0
ResNet18,51,1,7,0
ResNet18,51,1,8,0
ResNet18,51,1,9,0
ResNet18,51,1,10,0
ResNet18,51,1,11,0
ResNet18,51,2,0,0
ResNet18,51,2,1,1
ResNet18,51,2,2,318
ResNet18,51,2,3,1
ResNet18,51,2,4,0
ResNet18,51,2,5,0
ResNet18,51,2,6,0
ResNet18,51,2,7,0
ResNet18,51,2,8,0
ResNet18,51,2,9,0
ResNet18,51,2,10,0
ResNet18,51,2,11,0
ResNet18,51,3,0,5
ResNet18,51,3,1,0
ResNet18,51,3,2,0
ResNet18,51,3,3,233
ResNet18,51,3,4,5
ResNet18,51,3,5,0
ResNet18,51,3,6,75
ResNet18,51,3,7,0
ResNet18,51,3,8,0
ResNet18,51,3,9,0
ResNet18,51,3,10,0
ResNet18,51,3,11,2
ResNet18,51,4,0,1
ResNet18,51,4,1,0
ResNet18,51,4,2,0
ResNet18,51,4,3,0
ResNet18,51,4,4,319
ResNet18,51,4,5,0
ResNet18,51,4,6,0
ResNet18,51,4,7,0
ResNet18,51,4,8,0
ResNet18,51,4,9,0
ResNet18,51,4,10,0
ResNet18,51,4,11,0
ResNet18,51,5,0,1
ResNet18,51,5,1,1
ResNet18,51,5,2,0
ResNet18,51,5,3,0
ResNet18,51,5,4,0
ResNet18,51,5,5,318
ResNet18,51,5,6,0
ResNet18,51,5,7,0
ResNet18,51,5,8,0
ResNet18,51,5,9,0
ResNet18,51,5,10,0
ResNet18,51,5,11,0
ResNet18,51,6,0,0
ResNet18,51,6,1,0
ResNet18,51,6,2,0
ResNet18,51,6,3,51
ResNet18,51,6,4,2
ResNet18,51,6,5,0
ResNet18,51,6,6,266
ResNet18,51,6,7,0
ResNet18,51,6,8,0
ResNet18,51,6,9,0
ResNet18,51,6,10,0
ResNet18,51,6,11,1
ResNet18,51,7,0,1
ResNet18,51,7,1,1
ResNet18,51,7,2,0
ResNet18,51,7,3,0
ResNet18,51,7,4,0
ResNet18,51,7,5,0
ResNet18,51,7,6,0
ResNet18,51,7,7,304
ResNet18,51,7,8,1
ResNet18,51,7,9,0
ResNet18,51,7,10,13
ResNet18,51,7,11,0
ResNet18,51,8,0,1
ResNet18,51,8,1,0
ResNet18,51,8,2,1
ResNet18,51,8,3,0
ResNet18,51,8,4,0
ResNet18,51,8,5,0
ResNet18,51,8,6,1
ResNet18,51,8,7,2
ResNet18,51,8,8,313
ResNet18,51,8,9,1
ResNet18,51,8,10,0
ResNet18,51,8,11,1
ResNet18,51,9,0,0
ResNet18,51,9,1,2
ResNet18,51,9,2,0
ResNet18,51,9,3,0
ResNet18,51,9,4,0
ResNet18,51,9,5,0
ResNet18,51,9,6,0
ResNet18,51,9,7,7
ResNet18,51,9,8,3
ResNet18,51,9,9,306
ResNet18,51,9,10,1
ResNet18,51,9,11,1
ResNet18,51,10,0,0
ResNet18,51,10,1,0
ResNet18,51,10,2,0
ResNet18,51,10,3,0
ResNet18,51,10,4,0
ResNet18,51,10,5,0
ResNet18,51,10,6,0
ResNet18,51,10,7,23
ResNet18,51,10,8,6
ResNet18,51,10,9,0
ResNet18,51,10,10,291
ResNet18,51,10,11,0
ResNet18,51,11,0,0
ResNet18,51,11,1,0
ResNet18,51,11,2,0
ResNet18,51,11,3,0
ResNet18,51,11,4,0
ResNet18,51,11,5,0
ResNet18,51,11,6,0
ResNet18,51,11,7,0
ResNet18,51,11,8,0
ResNet18,51,11,9,0
ResNet18,51,11,10,0
ResNet18,51,11,11,320
MobileNet_V2,51,0,0,291
MobileNet_V2,51,0,1,1
MobileNet_V2,51,0,2,1
MobileNet_V2,51,0,3,0
MobileNet_V2,51,0,4,14
MobileNet_V2,51,0,5,0
MobileNet_V2,51,0,6,12
MobileNet_V2,51,0,7,0
MobileNet_V2,51,0,8,0
MobileNet_V2,51,0,9,0
MobileNet_V2,51,0,10,0
MobileNet_V2,51,0,11,1
MobileNet_V2,51,1,0,0
MobileNet_V2,51,1,1,314
MobileNet_V2,51,1,2,0
MobileNet_V2,51,1,3,0
MobileNet_V2,51,1,4,0
MobileNet_V2,51,1,5,4
MobileNet_V2,51,1,6,0
MobileNet_V2,51,1,7,0
MobileNet_V2,51,1,8,0
MobileNet_V2,51,1,9,0
MobileNet_V2,51,1,10,0
MobileNet_V2,51,1,11,2
MobileNet_V2,51,2,0,1
MobileNet_V2,51,2,1,0
MobileNet_V2,51,2,2,317
MobileNet_V2,51,2,3,0
MobileNet_V2,51,2,4,0
MobileNet_V2,51,2,5,0
MobileNet_V2,51,2,6,1
MobileNet_V2,51,2,7,0
MobileNet_V2,51,2,8,0
MobileNet_V2,51,2,9,0
MobileNet_V2,51,2,10,1
MobileNet_V2,51,2,11,0
MobileNet_V2,51,3,0,2
MobileNet_V2,51,3,1,0
MobileNet_V2,51,3,2,0
MobileNet_V2,51,3,3,156
MobileNet_V2,51,3,4,6
MobileNet_V2,51,3,5,0
MobileNet_V2,51,3,6,155
MobileNet_V2,51,3,7,0
MobileNet_V2,51,3,8,0
MobileNet_V2,51,3,9,1
MobileNet_V2,51,3,10,0
MobileNet_V2,51,3,11,0
MobileNet_V2,51,4,0,1
MobileNet_V2,51,4,1,1
MobileNet_V2,51,4,2,0
MobileNet_V2,51,4,3,0
MobileNet_V2,51,4,4,318
MobileNet_V2,51,4,5,0
MobileNet_V2,51,4,6,0
MobileNet_V2,51,4,7,0
MobileNet_V2,51,4,8,0
MobileNet_V2,51,4,9,0
MobileNet_V2,51,4,10,0
MobileNet_V2,51,4,11,0
MobileNet_V2,51,5,0,0
MobileNet_V2,51,5,1,0
MobileNet_V2,51,5,2,0
MobileNet_V2,51,5,3,0
MobileNet_V2,51,5,4,0
MobileNet_V2,51,5,5,316
MobileNet_V2,51,5,6,0
MobileNet_V2,51,5,7,1
MobileNet_V2,51,5,8,0
MobileNet_V2,51,5,9,0
MobileNet_V2,51,5,10,3
MobileNet_V2,51,5,11,0
MobileNet_V2,51,6,0,0
MobileNet_V2,51,6,1,0
MobileNet_V2,51,6,2,0
MobileNet_V2,51,6,3,19
MobileNet_V2,51,6,4,1
MobileNet_V2,51,6,5,0
MobileNet_V2,51,6,6,300
MobileNet_V2,51,6,7,0
MobileNet_V2,51,6,8,0
MobileNet_V2,51,6,9,0
MobileNet_V2,51,6,10,0
MobileNet_V2,51,6,11,0
MobileNet_V2,51,7,0,1
MobileNet_V2,51,7,1,0
MobileNet_V2,51,7,2,0
MobileNet_V2,51,7,3,0
MobileNet_V2,51,7,4,0
MobileNet_V2,51,7,5,0
MobileNet_V2,51,7,6,0
MobileNet_V2,51,7,7,300
MobileNet_V2,51,7,8,7
MobileNet_V2,51,7,9,0
MobileNet_V2,51,7,10,11
MobileNet_V2,51,7,11,1
MobileNet_V2,51,8,0,1
MobileNet_V2,51,8,1,0
MobileNet_V2,51,8,2,0
MobileNet_V2,51,8,3,0
MobileNet_V2,51,8,4,0
MobileNet_V2,51,8,5,0
MobileNet_V2,51,8,6,0
MobileNet_V2,51,8,7,5
MobileNet_V2,51,8,8,312
MobileNet_V2,51,8,9,0
MobileNet_V2,51,8,10,2
MobileNet_V2,51,8,11,0
MobileNet_V2,51,9,0,0
MobileNet_V2,51,9,1,0
MobileNet_V2,51,9,2,0
MobileNet_V2,51,9,3,0
MobileNet_V2,51,9,4,0
MobileNet_V2,51,9,5,0
MobileNet_V2,51,9,6,0
MobileNet_V2,51,9,7,11
MobileNet_V2,51,9,8,0
MobileNet_V2,51,9,9,304
MobileNet_V2,51,9,10,0
MobileNet_V2,51,9,11,5
MobileNet_V2,51,10,0,1
MobileNet_V2,51,10,1,0
MobileNet_V2,51,10,2,0
MobileNet_V2,51,10,3,0
MobileNet_V2,51,10,4,0
MobileNet_V2,51,10,5,0
MobileNet_V2,51,10,6,0
MobileNet_V2,51,10,7,29
MobileNet_V2,51,10,8,18
MobileNet_V2,51,10,9,0
MobileNet_V2,51,10,10,272
MobileNet_V2,51,10,11,0
MobileNet_V2,51,11,0,0
MobileNet_V2,51,11,1,0
MobileNet_V2,51,11,2,0
MobileNet_V2,51,11,3,0
MobileNet_V2,51,11,4,0
MobileNet_V2,51,11,5,0
MobileNet_V2,51,11,6,1
MobileNet_V2,51,11,7,0
MobileNet_V2,51,11,8,2
MobileNet_V2,51,11,9,0
MobileNet_V2,51,11,10,0
MobileNet_V2,51,11,11,317
EfficientNet_B0,51,0,0,309
EfficientNet_B0,51,0,1,0
EfficientNet_B0,51,0,2,1
EfficientNet_B0,51,0,3,8
EfficientNet_B0,51,0,4,0
EfficientNet_B0,51,0,5,0
EfficientNet_B0,51,0,6,2
EfficientNet_B0,51,0,7,0
EfficientNet_B0,51,0,8,0
EfficientNet_B0,51,0,9,0
EfficientNet_B0,51,0,10,0
EfficientNet_B0,51,0,11,0
EfficientNet_B0,51,1,0,0
EfficientNet_B0,51,1,1,315
EfficientNet_B0,51,1,2,0
EfficientNet_B0,51,1,3,0
EfficientNet_B0,51,1,4,0
EfficientNet_B0,51,1,5,3
EfficientNet_B0,51,1,6,2
EfficientNet_B0,51,1,7,0
EfficientNet_B0,51,1,8,0
EfficientNet_B0,51,1,9,0
EfficientNet_B0,51,1,10,0
EfficientNet_B0,51,1,11,0
EfficientNet_B0,51,2,0,1
EfficientNet_B0,51,2,1,1
EfficientNet_B0,51,2,2,318
EfficientNet_B0,51,2,3,0
EfficientNet_B0,51,2,4,0
EfficientNet_B0,51,2,5,0
EfficientNet_B0,51,2,6,0
EfficientNet_B0,51,2,7,0
EfficientNet_B0,51,2,8,0
EfficientNet_B0,51,2,9,0
EfficientNet_B0,51,2,10,0
EfficientNet_B0,51,2,11,0
EfficientNet_B0,51,3,0,4
EfficientNet_B0,51,3,1,0
EfficientNet_B0,51,3,2,0
EfficientNet_B0,51,3,3,215
EfficientNet_B0,51,3,4,2
EfficientNet_B0,51,3,5,0
EfficientNet_B0,51,3,6,98
EfficientNet_B0,51,3,7,0
EfficientNet_B0,51,3,8,0
EfficientNet_B0,51,3,9,0
EfficientNet_B0,51,3,10,0
EfficientNet_B0,51,3,11,1
EfficientNet_B0,51,4,0,1
EfficientNet_B0,51,4,1,0
EfficientNet_B0,51,4,2,0
EfficientNet_B0,51,4,3,0
EfficientNet_B0,51,4,4,319
EfficientNet_B0,51,4,5,0
EfficientNet_B0,51,4,6,0
EfficientNet_B0,51,4,7,0
EfficientNet_B0,51,4,8,0
EfficientNet_B0,51,4,9,0
EfficientNet_B0,51,4,10,0
EfficientNet_B0,51,4,11,0
EfficientNet_B0,51,5,0,2
EfficientNet_B0,51,5,1,1
EfficientNet_B0,51,5,2,0
EfficientNet_B0,51,5,3,0
EfficientNet_B0,51,5,4,0
EfficientNet_B0,51,5,5,316
EfficientNet_B0,51,5,6,0
EfficientNet_B0,51,5,7,0
EfficientNet_B0,51,5,8,0
EfficientNet_B0,51,5,9,0
EfficientNet_B0,51,5,10,1
EfficientNet_B0,51,5,11,0
EfficientNet_B0,51,6,0,0
EfficientNet_B0,51,6,1,0
EfficientNet_B0,51,6,2,0
EfficientNet_B0,51,6,3,51
EfficientNet_B0,51,6,4,0
EfficientNet_B0,51,6,5,0
EfficientNet_B0,51,6,6,268
EfficientNet_B0,51,6,7,0
EfficientNet_B0,51,6,8,0
EfficientNet_B0,51,6,9,0
EfficientNet_B0,51,6,10,0
EfficientNet_B0,51,6,11,1
EfficientNet_B0,51,7,0,1
EfficientNet_B0,51,7,1,0
EfficientNet_B0,51,7,2,0
EfficientNet_B0,51,7,3,0
EfficientNet_B0,51,7,4,0
EfficientNet_B0,51,7,5,0
EfficientNet_B0,51,7,6,0
EfficientNet_B0,51,7,7,295
EfficientNet_B0,51,7,8,1
EfficientNet_B0,51,7,9,0
EfficientNet_B0,51,7,10,22
EfficientNet_B0,51,7,11,1
EfficientNet_B0,51,8,0,0
EfficientNet_B0,51,8,1,0
EfficientNet_B0,51,8,2,1
EfficientNet_B0,51,8,3,0
EfficientNet_B0,51,8,4,0
EfficientNet_B0,51,8,5,0
EfficientNet_B0,51,8,6,0
EfficientNet_B0,51,8,7,3
EfficientNet_B0,51,8,8,313
EfficientNet_B0,51,8,9,0
EfficientNet_B0,51,8,10,2
EfficientNet_B0,51,8,11,1
EfficientNet_B0,51,9,0,0
EfficientNet_B0,51,9,1,0
EfficientNet_B0,51,9,2,0
EfficientNet_B0,51,9,3,0
EfficientNet_B0,51,9,4,0
EfficientNet_B0,51,9,5,0
EfficientNet_B0,51,9,6,0
EfficientNet_B0,51,9,7,3
EfficientNet_B0,51,9,8,4
EfficientNet_B0,51,9,9,311
EfficientNet_B0,51,9,10,0
EfficientNet_B0,51,9,11,2
EfficientNet_B0,51,10,0,0
EfficientNet_B0,51,10,1,0
EfficientNet_B0,51,10,2,0
EfficientNet_B0,51,10,3,0
EfficientNet_B0,51,10,4,0
EfficientNet_B0,51,10,5,0
EfficientNet_B0,51,10,6,0
EfficientNet_B0,51,10,7,30
EfficientNet_B0,51,10,8,8
EfficientNet_B0,51,10,9,0
EfficientNet_B0,51,10,10,280
EfficientNet_B0,51,10,11,2
EfficientNet_B0,51,11,0,0
EfficientNet_B0,51,11,1,0
EfficientNet_B0,51,11,2,0
EfficientNet_B0,51,11,3,5
EfficientNet_B0,51,11,4,0
EfficientNet_B0,51,11,5,0
EfficientNet_B0,51,11,6,0
EfficientNet_B0,51,11,7,0
EfficientNet_B0,51,11,8,0
EfficientNet_B0,51,11,9,0
EfficientNet_B0,51,11,10,0
EfficientNet_B0,51,11,11,315
LSTM,51,0,0,266
LSTM,51,0,1,0
LSTM,51,0,2,21
LSTM,51,0,3,4
LSTM,51,0,4,4
LSTM,51,0,5,8
LSTM,51,0,6,10
LSTM,51,0,7,0
LSTM,51,0,8,4
LSTM,51,0,9,1
LSTM,51,0,10,0
LSTM,51,0,11,2
LSTM,51,1,0,0
LSTM,51,1,1,276
LSTM,51,1,2,0
LSTM,51,1,3,1
LSTM,51,1,4,18
LSTM,51,1,5,18
LSTM,51,1,6,1
LSTM,51,1,7,0
LSTM,51,1,8,0
LSTM,51,1,9,1
LSTM,51,1,10,3
LSTM,51,1,11,2
LSTM,51,2,0,10
LSTM,51,2,1,0
LSTM,51,2,2,308
LSTM,51,2,3,0
LSTM,51,2,4,0
LSTM,51,2,5,0
LSTM,51,2,6,0
LSTM,51,2,7,0
LSTM,51,2,8,2
LSTM,51,2,9,0
LSTM,51,2,10,0
LSTM,51,2,11,0
LSTM,51,3,0,3
LSTM,51,3,1,1
LSTM,51,3,2,0
LSTM,51,3,3,225
LSTM,51,3,4,11
LSTM,51,3,5,0
LSTM,51,3,6,72
LSTM,51,3,7,1
LSTM,51,3,8,0
LSTM,51,3,9,4
LSTM,51,3,10,0
LSTM,51,3,11,3
LSTM,51,4,0,9
LSTM,51,4,1,6
LSTM,51,4,2,0
LSTM,51,4,3,1
LSTM,51,4,4,290
LSTM,51,4,5,3
LSTM,51,4,6,1
LSTM,51,4,7,0
LSTM,51,4,8,0
LSTM,51,4,9,9
LSTM,51,4,10,1
LSTM,51,4,11,0
LSTM,51,5,0,2
LSTM,51,5,1,14
LSTM,51,5,2,0
LSTM,51,5,3,0
LSTM,51,5,4,0
LSTM,51,5,5,297
LSTM,51,5,6,0
LSTM,51,5,7,0
LSTM,51,5,8,1
LSTM,51,5,9,0
LSTM,51,5,10,6
LSTM,51,5,11,0
LSTM,51,6,0,1
LSTM,51,6,1,2
LSTM,51,6,2,0
LSTM,51,6,3,101
LSTM,51,6,4,9
LSTM,51,6,5,0
LSTM,51,6,6,199
LSTM,51,6,7,0
LSTM,51,6,8,0
LSTM,51,6,9,2
LSTM,51,6,10,0
LSTM,51,6,11,6
LSTM,51,7,0,1
LSTM,51,7,1,3
LSTM,51,7,2,2
LSTM,51,7,3,1
LSTM,51,7,4,0
LSTM,51,7,5,5
LSTM,51,7,6,1
LSTM,51,7,7,275
LSTM,51,7,8,3
LSTM,51,7,9,4
LSTM,51,7,10,22
LSTM,51,7,11,3
LSTM,51,8,0,15
LSTM,51,8,1,0
LSTM,51,8,2,7
LSTM,51,8,3,0
LSTM,51,8,4,0
LSTM,51,8,5,0
LSTM,51,8,6,0
LSTM,51,8,7,0
LSTM,51,8,8,279
LSTM,51,8,9,1
LSTM,51,8,10,0
LSTM,51,8,11,18
LSTM,51,9,0,0
LSTM,51,9,1,18
LSTM,51,9,2,0
LSTM,51,9,3,0
LSTM,51,9,4,34
LSTM,51,9,5,0
LSTM,51,9,6,1
LSTM,51,9,7,1
LSTM,51,9,8,0
LSTM,51,9,9,256
LSTM,51,9,10,1
LSTM,51,9,11,9
LSTM,51,10,0,0
LSTM,51,10,1,1
LSTM,51,10,2,0
LSTM,51,10,3,0
LSTM,51,10,4,0
LSTM,51,10,5,6
LSTM,51,10,6,1
LSTM,51,10,7,6
LSTM,51,10,8,5
LSTM,51,10,9,2
LSTM,51,10,10,298
LSTM,51,10,11,1
LSTM,51,11,0,0
LSTM,51,11,1,0
LSTM,51,11,2,0
LSTM,51,11,3,14
LSTM,51,11,4,3
LSTM,51,11,5,0
LSTM,51,11,6,10
LSTM,51,11,7,1
LSTM,51,11,8,4
LSTM,51,11,9,28
LSTM,51,11,10,0
LSTM,51,11,11,260
GRU,51,0,0,270
GRU,51,0,1,1
GRU,51,0,2,14
GRU,51,0,3,5
GRU,51,0,4,2
GRU,51,0,5,14
GRU,51,0,6,11
GRU,51,0,7,0
GRU,51,0,8,2
GRU,51,0,9,0
GRU,51,0,10,0
GRU,51,0,11,1
GRU,51,1,0,0
GRU,51,1,1,269
GRU,51,1,2,0
GRU,51,1,3,0
GRU,51,1,4,14
GRU,51,1,5,34
GRU,51,1,6,0
GRU,51,1,7,0
GRU,51,1,8,1
GRU,51,1,9,1
GRU,51,1,10,0
GRU,51,1,11,1
GRU,51,2,0,7
GRU,51,2,1,0
GRU,51,2,2,307
GRU,51,2,3,0
GRU,51,2,4,0
GRU,51,2,5,0
GRU,51,2,6,0
GRU,51,2,7,0
GRU,51,2,8,6
GRU,51,2,9,0
GRU,51,2,10,0
GRU,51,2,11,0
GRU,51,3,0,1
GRU,51,3,1,1
GRU,51,3,2,0
GRU,51,3,3,213
GRU,51,3,4,15
GRU,51,3,5,0
GRU,51,3,6,86
GRU,51,3,7,0
GRU,51,3,8,0
GRU,51,3,9,1
GRU,51,3,10,0
GRU,51,3,11,3
GRU,51,4,0,14
GRU,51,4,1,9
GRU,51,4,2,0
GRU,51,4,3,1
GRU,51,4,4,285
GRU,51,4,5,4
GRU,51,4,6,0
GRU,51,4,7,0
GRU,51,4,8,0
GRU,51,4,9,6
GRU,51,4,10,0
GRU,51,4,11,1
GRU,51,5,0,3
GRU,51,5,1,21
GRU,51,5,2,0
GRU,51,5,3,0
GRU,51,5,4,0
GRU,51,5,5,290
GRU,51,5,6,0
GRU,51,5,7,0
GRU,51,5,8,2
GRU,51,5,9,0
GRU,51,5,10,4
GRU,51,5,11,0
GRU,51,6,0,0
GRU,51,6,1,0
GRU,51,6,2,0
GRU,51,6,3,67
GRU,51,6,4,5
GRU,51,6,5,0
GRU,51,6,6,243
GRU,51,6,7,1
GRU,51,6,8,0
GRU,51,6,9,3
GRU,51,6,10,0
GRU,51,6,11,1
GRU,51,7,0,2
GRU,51,7,1,1
GRU,51,7,2,1
GRU,51,7,3,0
GRU,51,7,4,1
GRU,51,7,5,5
GRU,51,7,6,1
GRU,51,7,7,271
GRU,51,7,8,11
GRU,51,7,9,1
GRU,51,7,10,25
GRU,51,7,11,1
GRU,51,8,0,13
GRU,51,8,1,0
GRU,51,8,2,6
GRU,51,8,3,0
GRU,51,8,4,0
GRU,51,8,5,0
GRU,51,8,6,0
GRU,51,8,7,0
GRU,51,8,8,275
GRU,51,8,9,2
GRU,51,8,10,0
GRU,51,8,11,24
GRU,51,9,0,7
GRU,51,9,1,7
GRU,51,9,2,0
GRU,51,9,3,0
GRU,51,9,4,35
GRU,51,9,5,0
GRU,51,9,6,0
GRU,51,9,7,1
GRU,51,9,8,3
GRU,51,9,9,261
GRU,51,9,10,2
GRU,51,9,11,4
GRU,51,10,0,1
GRU,51,10,1,3
GRU,51,10,2,0
GRU,51,10,3,0
GRU,51,10,4,0
GRU,51,10,5,6
GRU,51,10,6,0
GRU,51,10,7,6
GRU,51,10,8,9
GRU,51,10,9,2
GRU,51,10,10,289
GRU,51,10,11,4
GRU,51,11,0,0
GRU,51,11,1,0
GRU,51,11,2,0
GRU,51,11,3,17
GRU,51,11,4,4
GRU,51,11,5,0
GRU,51,11,6,12
GRU,51,11,7,4
GRU,51,11,8,5
GRU,51,11,9,17
GRU,51,11,10,0
GRU,51,11,11,261
CNN_LSTM,51,0,0,297
CNN_LSTM,51,0,1,0
CNN_LSTM,51,0,2,0
CNN_LSTM,51,0,3,8
CNN_LSTM,51,0,4,1
CNN_LSTM,51,0,5,0
CNN_LSTM,51,0,6,7
CNN_LSTM,51,0,7,0
CNN_LSTM,51,0,8,7
CNN_LSTM,51,0,9,0
CNN_LSTM,51,0,10,0
CNN_LSTM,51,0,11,0
CNN_LSTM,51,1,0,0
CNN_LSTM,51,1,1,314
CNN_LSTM,51,1,2,0
CNN_LSTM,51,1,3,0
CNN_LSTM,51,1,4,0
CNN_LSTM,51,1,5,4
CNN_LSTM,51,1,6,0
CNN_LSTM,51,1,7,0
CNN_LSTM,51,1,8,0
CNN_LSTM,51,1,9,0
CNN_LSTM,51,1,10,0
CNN_LSTM,51,1,11,2
CNN_LSTM,51,2,0,0
CNN_LSTM,51,2,1,1
CNN_LSTM,51,2,2,307
CNN_LSTM,51,2,3,0
CNN_LSTM,51,2,4,0
CNN_LSTM,51,2,5,2
CNN_LSTM,51,2,6,0
CNN_LSTM,51,2,7,0
CNN_LSTM,51,2,8,10
CNN_LSTM,51,2,9,0
CNN_LSTM,51,2,10,0
CNN_LSTM,51,2,11,0
CNN_LSTM,51,3,0,1
CNN_LSTM,51,3,1,0
CNN_LSTM,51,3,2,0
CNN_LSTM,51,3,3,232
CNN_LSTM,51,3,4,5
CNN_LSTM,51,3,5,0
CNN_LSTM,51,3,6,78
CNN_LSTM,51,3,7,0
CNN_LSTM,51,3,8,0
CNN_LSTM,51,3,9,1
CNN_LSTM,51,3,10,0
CNN_LSTM,51,3,11,3
CNN_LSTM,51,4,0,1
CNN_LSTM,51,4,1,0
CNN_LSTM,51,4,2,0
CNN_LSTM,51,4,3,0
CNN_LSTM,51,4,4,317
CNN_LSTM,51,4,5,0
CNN_LSTM,51,4,6,1
CNN_LSTM,51,4,7,0
CNN_LSTM,51,4,8,0
CNN_LSTM,51,4,9,1
CNN_LSTM,51,4,10,0
CNN_LSTM,51,4,11,0
CNN_LSTM,51,5,0,0
CNN_LSTM,51,5,1,0
CNN_LSTM,51,5,2,0
CNN_LSTM,51,5,3,0
CNN_LSTM,51,5,4,0
CNN_LSTM,51,5,5,319
CNN_LSTM,51,5,6,0
CNN_LSTM,51,5,7,0
CNN_LSTM,51,5,8,0
CNN_LSTM,51,5,9,0
CNN_LSTM,51,5,10,1
CNN_LSTM,51,5,11,0
CNN_LSTM,51,6,0,0
CNN_LSTM,51,6,1,0
CNN_LSTM,51,6,2,0
CNN_LSTM,51,6,3,66
CNN_LSTM,51,6,4,1
CNN_LSTM,51,6,5,0
CNN_LSTM,51,6,6,245
CNN_LSTM,51,6,7,0
CNN_LSTM,51,6,8,2
CNN_LSTM,51,6,9,2
CNN_LSTM,51,6,10,0
CNN_LSTM,51,6,11,4
CNN_LSTM,51,7,0,0
CNN_LSTM,51,7,1,0
CNN_LSTM,51,7,2,0
CNN_LSTM,51,7,3,0
CNN_LSTM,51,7,4,0
CNN_LSTM,51,7,5,0
CNN_LSTM,51,7,6,0
CNN_LSTM,51,7,7,313
CNN_LSTM,51,7,8,0
CNN_LSTM,51,7,9,0
CNN_LSTM,51,7,10,7
CNN_LSTM,51,7,11,0
CNN_LSTM,51,8,0,2
CNN_LSTM,51,8,1,0
CNN_LSTM,51,8,2,40
CNN_LSTM,51,8,3,0
CNN_LSTM,51,8,4,0
CNN_LSTM,51,8,5,1
CNN_LSTM,51,8,6,0
CNN_LSTM,51,8,7,0
CNN_LSTM,51,8,8,276
CNN_LSTM,51,8,9,0
CNN_LSTM,51,8,10,1
CNN_LSTM,51,8,11,0
CNN_LSTM,51,9,0,0
CNN_LSTM,51,9,1,0
CNN_LSTM,51,9,2,0
CNN_LSTM,51,9,3,0
CNN_LSTM,51,9,4,7
CNN_LSTM,51,9,5,0
CNN_LSTM,51,9,6,0
CNN_LSTM,51,9,7,0
CNN_LSTM,51,9,8,7
CNN_LSTM,51,9,9,303
CNN_LSTM,51,9,10,0
CNN_LSTM,51,9,11,3
CNN_LSTM,51,10,0,0
CNN_LSTM,51,10,1,0
CNN_LSTM,51,10,2,0
CNN_LSTM,51,10,3,0
CNN_LSTM,51,10,4,0
CNN_LSTM,51,10,5,0
CNN_LSTM,51,10,6,0
CNN_LSTM,51,10,7,3
CNN_LSTM,51,10,8,1
CNN_LSTM,51,10,9,0
CNN_LSTM,51,10,10,316
CNN_LSTM,51,10,11,0
CNN_LSTM,51,11,0,0
CNN_LSTM,51,11,1,1
CNN_LSTM,51,11,2,0
CNN_LSTM,51,11,3,5
CNN_LSTM,51,11,4,1
CNN_LSTM,51,11,5,0
CNN_LSTM,51,11,6,10
CNN_LSTM,51,11,7,13
CNN_LSTM,51,11,8,0
CNN_LSTM,51,11,9,1
CNN_LSTM,51,11,10,0
CNN_LSTM,51,11,11,289
LeNet_LSTM,51,0,0,299
LeNet_LSTM,51,0,1,0
LeNet_LSTM,51,0,2,6
LeNet_LSTM,51,0,3,0
LeNet_LSTM,51,0,4,0
LeNet_LSTM,51,0,5,0
LeNet_LSTM,51,0,6,13
LeNet_LSTM,51,0,7,1
LeNet_LSTM,51,0,8,0
LeNet_LSTM,51,0,9,0
LeNet_LSTM,51,0,10,0
LeNet_LSTM,51,0,11,1
LeNet_LSTM,51,1,0,0
LeNet_LSTM,51,1,1,306
LeNet_LSTM,51,1,2,0
LeNet_LSTM,51,1,3,0
LeNet_LSTM,51,1,4,3
LeNet_LSTM,51,1,5,7
LeNet_LSTM,51,1,6,0
LeNet_LSTM,51,1,7,0
LeNet_LSTM,51,1,8,0
LeNet_LSTM,51,1,9,1
LeNet_LSTM,51,1,10,0
LeNet_LSTM,51,1,11,3
LeNet_LSTM,51,2,0,0
LeNet_LSTM,51,2,1,0
LeNet_LSTM,51,2,2,316
LeNet_LSTM,51,2,3,0
LeNet_LSTM,51,2,4,0
LeNet_LSTM,51,2,5,0
LeNet_LSTM,51,2,6,0
LeNet_LSTM,51,2,7,0
LeNet_LSTM,51,2,8,3
LeNet_LSTM,51,2,9,0
LeNet_LSTM,51,2,10,0
LeNet_LSTM,51,2,11,1
LeNet_LSTM,51,3,0,1
LeNet_LSTM,51,3,1,1
LeNet_LSTM,51,3,2,0
LeNet_LSTM,51,3,3,195
LeNet_LSTM,51,3,4,1
LeNet_LSTM,51,3,5,0
LeNet_LSTM,51,3,6,114
LeNet_LSTM,51,3,7,0
LeNet_LSTM,51,3,8,0
LeNet_LSTM,51,3,9,3
LeNet_LSTM,51,3,10,0
LeNet_LSTM,51,3,11,5
LeNet_LSTM,51,4,0,2
LeNet_LSTM,51,4,1,0
LeNet_LSTM,51,4,2,0
LeNet_LSTM,51,4,3,2
LeNet_LSTM,51,4,4,309
LeNet_LSTM,51,4,5,0
LeNet_LSTM,51,4,6,1
LeNet_LSTM,51,4,7,0
LeNet_LSTM,51,4,8,0
LeNet_LSTM,51,4,9,6
LeNet_LSTM,51,4,10,0
LeNet_LSTM,51,4,11,0
LeNet_LSTM,51,5,0,0
LeNet_LSTM,51,5,1,0
LeNet_LSTM,51,5,2,7
LeNet_LSTM,51,5,3,0
LeNet_LSTM,51,5,4,0
LeNet_LSTM,51,5,5,313
LeNet_LSTM,51,5,6,0
LeNet_LSTM,51,5,7,0
LeNet_LSTM,51,5,8,0
LeNet_LSTM,51,5,9,0
LeNet_LSTM,51,5,10,0
LeNet_LSTM,51,5,11,0
LeNet_LSTM,51,6,0,0
LeNet_LSTM,51,6,1,0
LeNet_LSTM,51,6,2,0
LeNet_LSTM,51,6,3,36
LeNet_LSTM,51,6,4,1
LeNet_LSTM,51,6,5,0
LeNet_LSTM,51,6,6,277
LeNet_LSTM,51,6,7,1
LeNet_LSTM,51,6,8,0
LeNet_LSTM,51,6,9,1
LeNet_LSTM,51,6,10,0
LeNet_LSTM,51,6,11,4
LeNet_LSTM,51,7,0,0
LeNet_LSTM,51,7,1,0
LeNet_LSTM,51,7,2,0
LeNet_LSTM,51,7,3,0
LeNet_LSTM,51,7,4,0
LeNet_LSTM,51,7,5,0
LeNet_LSTM,51,7,6,0
LeNet_LSTM,51,7,7,315
LeNet_LSTM,51,7,8,1
LeNet_LSTM,51,7,9,0
LeNet_LSTM,51,7,10,4
LeNet_LSTM,51,7,11,0
LeNet_LSTM,51,8,0,24
LeNet_LSTM,51,8,1,0
LeNet_LSTM,51,8,2,35
LeNet_LSTM,51,8,3,0
LeNet_LSTM,51,8,4,0
LeNet_LSTM,51,8,5,0
LeNet_LSTM,51,8,6,0
LeNet_LSTM,51,8,7,7
LeNet_LSTM,51,8,8,254
LeNet_LSTM,51,8,9,0
LeNet_LSTM,51,8,10,0
LeNet_LSTM,51,8,11,0
LeNet_LSTM,51,9,0,0
LeNet_LSTM,51,9,1,0
LeNet_LSTM,51,9,2,0
LeNet_LSTM,51,9,3,0
LeNet_LSTM,51,9,4,13
LeNet_LSTM,51,9,5,0
LeNet_LSTM,51,9,6,0
LeNet_LSTM,51,9,7,0
LeNet_LSTM,51,9,8,6
LeNet_LSTM,51,9,9,285
LeNet_LSTM,51,9,10,1
LeNet_LSTM,51,9,11,15
LeNet_LSTM,51,10,0,0
LeNet_LSTM,51,10,1,0
LeNet_LSTM,51,10,2,0
LeNet_LSTM,51,10,3,0
LeNet_LSTM,51,10,4,0
LeNet_LSTM,51,10,5,0
LeNet_LSTM,51,10,6,0
LeNet_LSTM,51,10,7,2
LeNet_LSTM,51,10,8,2
LeNet_LSTM,51,10,9,0
LeNet_LSTM,51,10,10,316
LeNet_LSTM,51,10,11,0
LeNet_LSTM,51,11,0,0
LeNet_LSTM,51,11,1,0
LeNet_LSTM,51,11,2,0
LeNet_LSTM,51,11,3,8
LeNet_LSTM,51,11,4,1
LeNet_LSTM,51,11,5,0
LeNet_LSTM,51,11,6,3
LeNet_LSTM,51,11,7,1
LeNet_LSTM,51,11,8,0
LeNet_LSTM,51,11,9,0
LeNet_LSTM,51,11,10,0
LeNet_LSTM,51,11,11,307
TCN,51,0,0,271
TCN,51,0,1,1
TCN,51,0,2,16
TCN,51,0,3,2
TCN,51,0,4,4
TCN,51,0,5,10
TCN,51,0,6,6
TCN,51,0,7,0
TCN,51,0,8,8
TCN,51,0,9,1
TCN,51,0,10,0
TCN,51,0,11,1
TCN,51,1,0,2
TCN,51,1,1,284
TCN,51,1,2,0
TCN,51,1,3,0
TCN,51,1,4,9
TCN,51,1,5,19
TCN,51,1,6,3
TCN,51,1,7,0
TCN,51,1,8,0
TCN,51,1,9,2
TCN,51,1,10,1
TCN,51,1,11,0
TCN,51,2,0,5
TCN,51,2,1,0
TCN,51,2,2,308
TCN,51,2,3,0
TCN,51,2,4,0
TCN,51,2,5,0
TCN,51,2,6,0
TCN,51,2,7,0
TCN,51,2,8,4
TCN,51,2,9,0
TCN,51,2,10,0
TCN,51,2,11,3
TCN,51,3,0,6
TCN,51,3,1,0
TCN,51,3,2,0
TCN,51,3,3,219
TCN,51,3,4,8
TCN,51,3,5,0
TCN,51,3,6,72
TCN,51,3,7,0
TCN,51,3,8,0
TCN,51,3,9,1
TCN,51,3,10,0
TCN,51,3,11,14
TCN,51,4,0,17
TCN,51,4,1,4
TCN,51,4,2,0
TCN,51,4,3,1
TCN,51,4,4,279
TCN,51,4,5,4
TCN,51,4,6,2
TCN,51,4,7,0
TCN,51,4,8,2
TCN,51,4,9,9
TCN,51,4,10,0
TCN,51,4,11,2
TCN,51,5,0,5
TCN,51,5,1,24
TCN,51,5,2,0
TCN,51,5,3,0
TCN,51,5,4,0
TCN,51,5,5,286
TCN,51,5,6,0
TCN,51,5,7,0
TCN,51,5,8,2
TCN,51,5,9,0
TCN,51,5,10,3
TCN,51,5,11,0
TCN,51,6,0,0
TCN,51,6,1,3
TCN,51,6,2,0
TCN,51,6,3,95
TCN,51,6,4,2
TCN,51,6,5,0
TCN,51,6,6,213
TCN,51,6,7,0
TCN,51,6,8,0
TCN,51,6,9,0
TCN,51,6,10,0
TCN,51,6,11,7
TCN,51,7,0,1
TCN,51,7,1,0
TCN,51,7,2,1
TCN,51,7,3,0
TCN,51,7,4,0
TCN,51,7,5,2
TCN,51,7,6,0
TCN,51,7,7,307
TCN,51,7,8,0
TCN,51,7,9,0
TCN,51,7,10,9
TCN,51,7,11,0
TCN,51,8,0,26
TCN,51,8,1,0
TCN,51,8,2,14
TCN,51,8,3,0
TCN,51,8,4,0
TCN,51,8,5,0
TCN,51,8,6,0
TCN,51,8,7,0
TCN,51,8,8,259
TCN,51,8,9,5
TCN,51,8,10,16
TCN,51,8,11,0
TCN,51,9,0,2
TCN,51,9,1,15
TCN,51,9,2,0
TCN,51,9,3,2
TCN,51,9,4,25
TCN,51,9,5,0
TCN,51,9,6,0
TCN,51,9,7,3
TCN,51,9,8,6
TCN,51,9,9,263
TCN,51,9,10,3
TCN,51,9,11,1
TCN,51,10,0,1
TCN,51,10,1,0
TCN,51,10,2,0
TCN,51,10,3,0
TCN,51,10,4,0
TCN,51,10,5,0
TCN,51,10,6,0
TCN,51,10,7,16
TCN,51,10,8,4
TCN,51,10,9,1
TCN,51,10,10,298
TCN,51,10,11,0
TCN,51,11,0,2
TCN,51,11,1,0
TCN,51,11,2,0
TCN,51,11,3,44
TCN,51,11,4,6
TCN,51,11,5,0
TCN,51,11,6,7
TCN,51,11,7,0
TCN,51,11,8,1
TCN,51,11,9,18
TCN,51,11,10,0
TCN,51,11,11,242
Transformer,51,0,0,251
Transformer,51,0,1,1
Transformer,51,0,2,19
Transformer,51,0,3,4
Transformer,51,0,4,4
Transformer,51,0,5,14
Transformer,51,0,6,10
Transformer,51,0,7,1
Transformer,51,0,8,8
Transformer,51,0,9,2
Transformer,51,0,10,5
Transformer,51,0,11,1
Transformer,51,1,0,6
Transformer,51,1,1,223
Transformer,51,1,2,1
Transformer,51,1,3,2
Transformer,51,1,4,35
Transformer,51,1,5,34
Transformer,51,1,6,4
Transformer,51,1,7,2
Transformer,51,1,8,4
Transformer,51,1,9,4
Transformer,51,1,10,3
Transformer,51,1,11,2
Transformer,51,2,0,9
Transformer,51,2,1,0
Transformer,51,2,2,307
Transformer,51,2,3,0
Transformer,51,2,4,0
Transformer,51,2,5,0
Transformer,51,2,6,0
Transformer,51,2,7,0
Transformer,51,2,8,4
Transformer,51,2,9,0
Transformer,51,2,10,0
Transformer,51,2,11,0
Transformer,51,3,0,9
Transformer,51,3,1,3
Transformer,51,3,2,3
Transformer,51,3,3,200
Transformer,51,3,4,8
Transformer,51,3,5,0
Transformer,51,3,6,83
Transformer,51,3,7,1
Transformer,51,3,8,0
Transformer,51,3,9,2
Transformer,51,3,10,1
Transformer,51,3,11,10
Transformer,51,4,0,30
Transformer,51,4,1,26
Transformer,51,4,2,1
Transformer,51,4,3,9
Transformer,51,4,4,222
Transformer,51,4,5,7
Transformer,51,4,6,4
Transformer,51,4,7,0
Transformer,51,4,8,0
Transformer,51,4,9,21
Transformer,51,4,10,0
Transformer,51,4,11,0
Transformer,51,5,0,6
Transformer,51,5,1,42
Transformer,51,5,2,0
Transformer,51,5,3,1
Transformer,51,5,4,9
Transformer,51,5,5,244
Transformer,51,5,6,1
Transformer,51,5,7,2
Transformer,51,5,8,2
Transformer,51,5,9,1
Transformer,51,5,10,11
Transformer,51,5,11,1
Transformer,51,6,0,4
Transformer,51,6,1,1
Transformer,51,6,2,2
Transformer,51,6,3,80
Transformer,51,6,4,1
Transformer,51,6,5,0
Transformer,51,6,6,225
Transformer,51,6,7,2
Transformer,51,6,8,1
Transformer,51,6,9,0
Transformer,51,6,10,1
Transformer,51,6,11,3
Transformer,51,7,0,7
Transformer,51,7,1,3
Transformer,51,7,2,7
Transformer,51,7,3,1
Transformer,51,7,4,1
Transformer,51,7,5,8
Transformer,51,7,6,3
Transformer,51,7,7,190
Transformer,51,7,8,11
Transformer,51,7,9,4
Transformer,51,7,10,85
Transformer,51,7,11,0
Transformer,51,8,0,17
Transformer,51,8,1,0
Transformer,51,8,2,13
Transformer,51,8,3,1
Transformer,51,8,4,0
Transformer,51,8,5,0
Transformer,51,8,6,0
Transformer,51,8,7,3
Transformer,51,8,8,280
Transformer,51,8,9,0
Transformer,51,8,10,1
Transformer,51,8,11,5
Transformer,51,9,0,9
Transformer,51,9,1,3
Transformer,51,9,2,1
Transformer,51,9,3,8
Transformer,51,9,4,23
Transformer,51,9,5,2
Transformer,51,9,6,5
Transformer,51,9,7,11
Transformer,51,9,8,10
Transformer,51,9,9,236
Transformer,51,9,10,5
Transformer,51,9,11,7
Transformer,51,10,0,21
Transformer,51,10,1,1
Transformer,51,10,2,5
Transformer,51,10,3,1
Transformer,51,10,4,2
Transformer,51,10,5,10
Transformer,51,10,6,6
Transformer,51,10,7,69
Transformer,51,10,8,17
Transformer,51,10,9,6
Transformer,51,10,10,181
Transformer,51,10,11,1
Transformer,51,11,0,0
Transformer,51,11,1,0
Transformer,51,11,2,0
Transformer,51,11,3,8
Transformer,51,11,4,2
Transformer,51,11,5,0
Transformer,51,11,6,13
Transformer,51,11,7,0
Transformer,51,11,8,4
Transformer,51,11,9,9
Transformer,51,11,10,0
Transformer,51,11,11,284
