model,epoch,train_loss_mean,train_loss_std,val_loss_mean,val_loss_std,test_loss_mean,test_loss_std,train_acc_mean,train_acc_std,val_acc_mean,val_acc_std,test_acc_mean,test_acc_std,train_f1_mean,train_f1_std,val_f1_mean,val_f1_std,test_f1_mean,test_f1_std,lr_mean,lr_std,epoch_time_sec_mean,epoch_time_sec_std
CNN_LSTM,1,0.9678387136118752,0.034402874309599984,0.6622880180499384,0.10964828586802748,0.6283088866978263,0.05377366312829228,0.6739404761904761,0.011382104887295992,0.7633333333333333,0.03197733198134262,0.7716927083333334,0.020333652477620277,0.8120352747961859,0.02764062409016572,0.7536778427449206,0.0374783979853099,0.762786524819288,0.024539302532974757,0.0003,0.0,57.63566892091185,2.300703035740481
CNN_LSTM,2,0.4589313540458678,0.027071448295667152,0.5227877630896511,0.11044449831231916,0.5174612106728211,0.08525312635723292,0.8401785714285713,0.009701467967561576,0.8153869047619047,0.027919159053235457,0.82125,0.028975169133444736,0.8783074346323643,0.015812971925261855,0.8085003664981715,0.030843217432202825,0.8143215547359294,0.0318580986733727,0.0003,0.0,56.1046672038734,1.295904451308048
CNN_LSTM,3,0.34052475343147914,0.020091247919211602,0.49250289276375303,0.08681746274199247,0.48146772916680974,0.0572062733526384,0.8867261904761905,0.0065110813152793314,0.8375595238095238,0.022138714267954777,0.8452604166666667,0.01535442814114766,0.9108909830248555,0.01662160069838535,0.8339606852235935,0.023111441359135006,0.8423515546269702,0.015991172850739515,0.0003,0.0,55.836845628172156,1.3614083978408342
CNN_LSTM,4,0.26463013335494767,0.017879811807941015,0.4676681695437236,0.10010732200329155,0.5114167608115046,0.08692390150405761,0.914345238095238,0.0052144427508908605,0.8475595238095238,0.021382961454493973,0.8375260416666667,0.022197608031597895,0.9253921221320356,0.0159060741106704,0.8441713802999656,0.022034540022975304,0.8329916005948753,0.026145256252560256,0.0003,0.0,55.58848686851561,1.3810219113271296
CNN_LSTM,5,0.21089591670462057,0.014450458174117425,0.4707637791416519,0.1493761701376388,0.4620015536125478,0.08582055261104357,0.9331904761904763,0.0043627519047515695,0.8591666666666666,0.033623137875645775,0.8602343749999999,0.023997944936167716,0.9473860654204644,0.012688855034815011,0.8573685251268653,0.03493861566232263,0.8587289216952005,0.024527939733099323,0.000285,4.7434164902525676e-05,56.03244395367801,1.5651006160062302
CNN_LSTM,6,0.1656455333857309,0.019093848049832628,0.4655498373464105,0.13969354345631446,0.4718891255180157,0.134020012661791,0.9498095238095239,0.00665785036850126,0.8650297619047619,0.031074637091328548,0.8674479166666667,0.028234365979437247,0.9594242916640265,0.013129606238480194,0.8628811923283923,0.030730942002627656,0.8655557543007518,0.029733256688558047,0.00025499999999999996,7.245688373094718e-05,55.22420035880059,1.736371156432737
CNN_LSTM,7,0.12778538954328916,0.024342958690968163,0.4393048480883728,0.15385187911234072,0.44523066238228537,0.10826232808156691,0.9629404761904763,0.007727719947096356,0.8791964285714287,0.03124903941582351,0.8786197916666666,0.017910765103894034,0.9742261426016693,0.008683955465219719,0.878312429523805,0.03111452129237429,0.8773185780567158,0.01915676519874161,0.00023999999999999998,7.745966692414833e-05,55.5673407074064,2.18570833410354
CNN_LSTM,8,0.10207013759442733,0.026272724118393473,0.44284654979028604,0.13636886089136843,0.45925689607533665,0.08857099444461121,0.9711190476190475,0.008491405181426215,0.8827678571428571,0.02667320949708309,0.880546875,0.012652814224624286,0.9809707045747496,0.009761994945868354,0.8821110021368327,0.027493374067271446,0.8792866673547677,0.013206329685258493,0.000225,7.905694150420948e-05,56.04216688331216,2.3419999348989613
CNN_LSTM,9,0.08287359851527779,0.026210287115796323,0.43397157498815514,0.14214967170753412,0.4361877227606116,0.0831369385364409,0.9772321428571429,0.007974475157102317,0.8907738095238095,0.02416972900033447,0.8901041666666666,0.01248371334813215,0.9861957542948154,0.0076603317956825245,0.890115171437623,0.02421803671605454,0.8895779187984149,0.012392284319152196,0.00021749999999999997,8.979142498033985e-05,55.12056867331266,1.8819584637718914
CNN_LSTM,10,0.06791351667756122,0.022897840552872858,0.4505954117140278,0.13140753671598246,0.4598553065063363,0.09621884717908237,0.981672619047619,0.007386201517160522,0.8885416666666666,0.025123016343113883,0.8893489583333333,0.016436512176638735,0.988541289049698,0.008712999341896318,0.8875502713680332,0.024849471889875942,0.8886825930431954,0.01649567990307693,0.00017999999999999998,8.803408430829505e-05,95.4172565145418,124.19703996457285
CNN_LSTM,11,0.05067875750717656,0.01933129022616086,0.4512597616082556,0.1556935338479471,0.46437600406263907,0.08534283906703298,0.9874642857142858,0.006031759085198918,0.8931250000000001,0.032044249711833686,0.8923177083333333,0.01682472165956045,0.9919612881902898,0.005990083478500642,0.8925161983938199,0.03238778737579496,0.8916103800030898,0.017495114041831978,0.00016499999999999997,9.87420882906575e-05,54.62875102702528,1.8116730907881893
CNN_LSTM,12,0.04304029976044377,0.022875654792953153,0.48535258794961483,0.16243756298758041,0.4907776241980173,0.08474509919193635,0.9891369047619047,0.007221636226880916,0.8904761904761905,0.03034903668096959,0.8926302083333333,0.014936131266711446,0.9949890092140568,0.0033837617177225076,0.8897140483157081,0.03028074621669441,0.8920406068310337,0.01508953178439965,0.00014624999999999998,9.09154827298409e-05,55.73567617498338,1.2237810631396262
CNN_LSTM,13,0.03061270224054648,0.01395326226472647,0.49189965273476055,0.1373717096918494,0.49653275293052496,0.10132405397113484,0.9926726190476189,0.0045595609362048,0.8924404761904763,0.026889203372348097,0.8926562499999999,0.01773970872435619,0.9937543289523736,0.007318026029193198,0.8916762677235226,0.026691033302615807,0.8914509291694854,0.018563874912629032,0.00011999999999999999,9.968701018688443e-05,55.28308914713561,0.9377217837489995
CNN_LSTM,14,0.028125395454821088,0.020511917774739742,0.5094349725132287,0.12980593479482863,0.5043767279356931,0.09569780766073752,0.9934345238095238,0.006725578822215051,0.8895833333333334,0.02798005995979985,0.8965885416666666,0.018538403043247928,0.9949124880363405,0.010850135374605335,0.888557817830724,0.028013555931105483,0.8960433620208906,0.019064901583180128,9.75e-05,8.329165624478841e-05,70.42138952482492,47.20037336356778
CNN_LSTM,15,0.01971009972478658,0.01668610569905843,0.48455006082718255,0.1604079572563292,0.5039003212263197,0.10299886173930475,0.9959880952380953,0.004724572577686096,0.8994940476190477,0.02849798002526291,0.8984635416666666,0.014874658163737448,0.9983986654305863,0.0014508145150406403,0.899140651849604,0.028348996823925703,0.8974996653859083,0.015369722716312468,8.0625e-05,5.1576702589444396e-05,54.77197046298534,1.944563568487029
CNN_LSTM,16,0.014499481506290829,0.005337450559221756,0.5081367255056242,0.159756101116968,0.5170443170878388,0.09800289182562352,0.9971904761904762,0.001802347577500888,0.8987797619047619,0.029115483245834115,0.8982552083333333,0.013172181739138823,0.998940667056873,0.0008129433150060739,0.8982381980818758,0.029210515667459826,0.8976797069591711,0.01379606235063088,6.749999999999999e-05,5.741842038927926e-05,54.64322572126984,1.7061521955950953
CNN_LSTM,17,0.01281179505373746,0.006533057662901729,0.5061519545757653,0.16506616065104407,0.5283177659198373,0.0909868502907736,0.997625,0.0020219509829058463,0.9009821428571427,0.02918995736201357,0.8999739583333334,0.013892930184614894,0.9991606007053928,0.0007800492166091859,0.9006266561614747,0.02919101161753904,0.8992905716370114,0.014517369537254781,5.625e-05,5.2291251658379714e-05,61.15019998215139,17.994653162636848
CNN_LSTM,18,0.010305586430998031,0.004315745085208259,0.5220518035471781,0.1521715070237656,0.5366641786494498,0.0887701837328018,0.9982202380952382,0.0013290540977171181,0.8997916666666667,0.029312765096350994,0.8988802083333333,0.011974794139590515,0.999024028539746,0.001506929692811566,0.899654515774051,0.029205909676100802,0.8983645759958598,0.012398230337219615,4.03125e-05,2.5788351294722198e-05,56.21263593863696,1.7652016712867213
CNN_LSTM,19,0.007803652236858969,0.0022640594719998885,0.5335762958188709,0.15007562868868107,0.5440263253120945,0.09410222403085187,0.9989761904761906,0.0006391229976281697,0.9003571428571429,0.029518448694047236,0.90078125,0.013591654531979072,0.9996964368534874,0.00014430591293035515,0.8998985225318215,0.029323496913670793,0.9000343283526482,0.014180566321783165,3.3749999999999994e-05,2.870921019463963e-05,58.236706686764954,10.123455922270473
CNN_LSTM,20,0.0065049800369001,0.0019042822351194187,0.5300944007327052,0.15246285453586655,0.5565070216003762,0.09485482305582538,0.999297619047619,0.00042628726990462905,0.9020833333333333,0.028041899080776207,0.8996354166666667,0.0143668832761126,0.9997738157619322,0.00014252067407862824,0.9017368331396435,0.02791931512057857,0.8986916160937974,0.015082359163509416,2.8125e-05,2.6145625829189857e-05,58.57648840621114,10.433783277582469
CNN_LSTM,21,0.005712643145805251,0.0011740708286734774,0.5460141859587054,0.15102148170989904,0.5675270733719117,0.09067373535770325,0.9993511904761905,0.00035543019686364215,0.8999404761904761,0.028838792579093983,0.8989843750000001,0.013643917071063275,0.9997678633862261,0.0001784477619354272,0.8995002324118536,0.028587844803080284,0.898214652165081,0.014252181402469455,2.015625e-05,1.2894175647361099e-05,59.909153550677004,11.597656719697952
CNN_LSTM,22,0.005048878399389089,0.0011917313539296572,0.5509196788461815,0.15492831381640562,0.569996438591464,0.09626826070620635,0.9995416666666668,0.00017534564361334183,0.900952380952381,0.029501106008621485,0.8995312500000001,0.014323074494079931,0.9998333353501078,8.784087408708636e-05,0.9005644783511835,0.029192192672436862,0.898809442857918,0.014808631852492354,1.6874999999999997e-05,1.4354605097319815e-05,57.230751757137476,4.116769911097225
CNN_LSTM,23,0.00457113242220308,0.0010479645654577964,0.5544964204105678,0.16062942506717345,0.5726472865917549,0.09621413616767126,0.9996011904761906,0.0001904141764128443,0.900327380952381,0.029849227055656007,0.9003124999999998,0.01435093009659459,0.9998690496760665,0.00011153332892394871,0.8999711528260914,0.029701481598416395,0.8997668939474677,0.014940799781382028,1.40625e-05,1.3072812914594928e-05,55.781031721457836,2.522060364422441
CNN_LSTM,24,0.00411574796338871,0.0015135626717015863,0.5591764058292237,0.16080065068430474,0.5738744314706279,0.09415682813139858,0.9996964285714286,0.00013588010847833553,0.9005357142857143,0.030887702060430944,0.901328125,0.014740825551305741,0.9999047618435224,9.800876302456584e-05,0.9001555248438169,0.030686209044111193,0.9006572186721341,0.015274220433595869,1.0078125e-05,6.4470878236805495e-06,54.97792857531458,2.786713554764467
CNN_LSTM,25,0.0037185409367084103,0.0011932728985473095,0.5666553160895308,0.16279804419864585,0.5785779430107323,0.09099138367660836,0.9997619047619046,0.00010117102209505731,0.8997916666666667,0.03165259376697069,0.9006770833333333,0.014650453179218781,0.9999166687350755,8.961338169844139e-05,0.8994112888975057,0.03147916103350177,0.9000987332086477,0.015102691977318759,8.437499999999998e-06,7.1773025486599075e-06,53.94623234942556,2.2905579240770435
EfficientNet_B0,1,0.9716958765472684,0.03725044711137977,0.47745792612644083,0.07747501139168884,0.46486926384672794,0.0639763681918587,0.6382321428571428,0.014081237516638938,0.8272023809523811,0.012366380822761577,0.8190885416666667,0.02702011686009332,0.8561349220465594,0.030113104369725644,0.8223756986144221,0.017713926685600588,0.8054316101893049,0.030731423968094987,0.0007,0.0,55.46781089194119,15.576223550221366
EfficientNet_B0,2,0.40402786361319676,0.021904971252712326,0.39253002573094337,0.07885495701271807,0.37583647635230893,0.08227031436195396,0.8480238095238095,0.009942903578415324,0.8740476190476191,0.013946733286420876,0.8679166666666667,0.025992372326788138,0.9177107422412558,0.010695111687788462,0.872129141614629,0.014666517774705476,0.8655052088790584,0.02746811281054073,0.0007,0.0,48.281944379396734,2.23530017164106
EfficientNet_B0,3,0.2931963443841253,0.023341462570832312,0.3366550380562174,0.07730517319820171,0.3427901357763971,0.08744870204539848,0.8952202380952381,0.009323541270981527,0.8932142857142857,0.015945272047860223,0.8859895833333333,0.0203798296508392,0.9438501328934515,0.012446509649261752,0.8911729071576246,0.017718176579463975,0.8840823890715448,0.021941273575853373,0.0007,0.0,48.7441081257537,2.7170073920031825
EfficientNet_B0,4,0.23389151563885663,0.02214218893796385,0.352208331813995,0.0816432796227181,0.3599677706075628,0.09028697152120642,0.9207559523809523,0.0074829765018195075,0.8939285714285715,0.01704109826221192,0.8896875,0.016179959454923315,0.954360293875947,0.011425514042460637,0.8927623261791048,0.01732061903007769,0.8874608597948841,0.018975607334748713,0.0007,0.0,48.66627068296075,1.9474623642409339
EfficientNet_B0,5,0.19461970176725157,0.019116188924720487,0.3725318704391319,0.08460845310891875,0.3546700137311541,0.11784141390807618,0.9359107142857143,0.007478555994351082,0.8928273809523809,0.022056608103022776,0.8904427083333333,0.02594398636450972,0.9579376707257203,0.012483146916203305,0.8899491227754337,0.025247006574056353,0.8891504412663643,0.02673493523533551,0.0007,0.0,48.71446766611189,1.9774718507379085
EfficientNet_B0,6,0.1692336794968162,0.01786188083854494,0.35162739545161714,0.09587602510200546,0.3289576903059114,0.09922095003028521,0.9446130952380951,0.006369712050592066,0.9007738095238095,0.019791206682007963,0.9035677083333333,0.022916354296061335,0.9722669059540673,0.01213979785773015,0.9000474154219174,0.020457726670685798,0.9026222407175574,0.023538204853231774,0.00056,0.0001807392228230128,59.38999654371291,34.82567289695212
EfficientNet_B0,7,0.12144030740502329,0.04340416509166799,0.3297204408305595,0.08561930776221216,0.33480784827827487,0.1295389245698283,0.960779761904762,0.013394619225646217,0.9066666666666666,0.01662125332158643,0.9062239583333334,0.020691957374087713,0.9805947627796922,0.013238544919190243,0.9061101029715186,0.01722673139910739,0.9057664939908194,0.020641549954347235,0.00049,0.0001807392228230128,47.65975625757128,1.573196631623142
EfficientNet_B0,8,0.08983229621322378,0.03990844420601845,0.382389063033392,0.1120004375516377,0.37458074934026253,0.13833060208643175,0.9710892857142858,0.012826734138297742,0.9030654761904762,0.021138659262283,0.9051562499999999,0.01372724952190827,0.9827557005551404,0.010446675121509031,0.9026261809164982,0.021495360771639483,0.904362300056578,0.01369613353044577,0.00049,0.0001807392228230128,48.14635165259242,2.360040024810537
EfficientNet_B0,9,0.079346506613351,0.027746299774506048,0.3546669899352135,0.09590021001198923,0.35310258021690866,0.11506041155789144,0.9748035714285714,0.008834782981919613,0.908422619047619,0.01892375088362954,0.90796875,0.016661783138701293,0.9896744607293769,0.006317539332412713,0.9078958400080334,0.01908786323312935,0.9077610496424693,0.01678441378098131,0.00043750000000000006,0.00023695112013521553,49.12384039405733,2.163548913157104
EfficientNet_B0,10,0.0683232064204556,0.036148129385028614,0.3516524315474988,0.07158670950194704,0.33722232551626286,0.11811495802694652,0.978422619047619,0.011460776727046122,0.9165178571428572,0.01173259265779183,0.9183333333333333,0.012098215811027066,0.9935490230632572,0.004948941427913037,0.9158884855382254,0.011720809933161224,0.9178417663812013,0.012567950309648043,0.00035,0.000202072594216369,47.435227673128246,2.4238178569158206
EfficientNet_B0,11,0.04618781816746502,0.025833453501275982,0.3919627423599431,0.09863832686076339,0.36533224207215903,0.11467490104140163,0.9855357142857143,0.00837442627104151,0.914375,0.015729165884528915,0.9139322916666666,0.015037293090756014,0.9949111465647243,0.004537839451371851,0.9139460310585477,0.01596335419995332,0.9134611151641536,0.015131637344981087,0.0003325,0.0002095133249541263,90.26034133769572,129.76541450660255
EfficientNet_B0,12,0.0376730626566069,0.025382536358967124,0.36762393612682376,0.09723196594772567,0.3675163200146727,0.11726888399731017,0.9879345238095238,0.008306364619054523,0.9177678571428572,0.012990388633062303,0.9157552083333332,0.012396641790085018,0.9966268466790466,0.0038194179136803344,0.9174822986710136,0.012890643167426923,0.9154882616375895,0.01274516921628248,0.00030625,0.00023424301839471473,48.15791308004409,2.5720632923319076
EfficientNet_B0,13,0.036318963397116835,0.03292002304337134,0.4098002538008158,0.09941749934174302,0.39180133265733286,0.1353451961830905,0.9889464285714287,0.010141317309277352,0.916279761904762,0.013566300490823125,0.9172395833333333,0.013369633745225788,0.9962918242711325,0.004275199922899405,0.9161636299164237,0.013547203729436996,0.9168190884753642,0.013541464834440674,0.00019250000000000002,0.00011519910300576708,47.16436558887362,2.6100236516099016
EfficientNet_B0,14,0.02022725866876893,0.011434330107556154,0.4148782389314919,0.12057035863521685,0.4142233194245957,0.14584010102907527,0.9938690476190477,0.003837016371271943,0.9216666666666666,0.017382243374538014,0.9182291666666667,0.01195776066508511,0.9988636833741789,0.0011036314523378723,0.921528541040859,0.017655607693281814,0.9174350601963885,0.012148418412864823,0.00018375,0.00011990302794805104,47.48284964561462,1.8633967174792132
EfficientNet_B0,15,0.01679281194720944,0.010589968438904442,0.41787885995071844,0.1071955649206484,0.4252400335000111,0.1252341934658078,0.994779761904762,0.0035411025071988454,0.9220833333333334,0.016591383260243384,0.9171093750000001,0.012372791424768203,0.9983957108169035,0.0026585560688483904,0.9219522329034622,0.016623157519661726,0.9164321932566905,0.012896868556892566,0.000153125,0.00011712150919735737,48.75349095389247,1.9301760051212653
EfficientNet_B0,16,0.012567674751792591,0.006748123355674851,0.4201749362408087,0.09073764950101867,0.4319416684300569,0.11546333545581611,0.9961428571428572,0.0022643053259711835,0.9214285714285715,0.012478723388831296,0.9180729166666668,0.01266242847590489,0.998623103260565,0.002455036560943337,0.9210470061031388,0.012519123835347163,0.917456480657138,0.013018748201545098,9.625000000000001e-05,5.759955150288354e-05,48.95049872603268,1.5713029685884126
EfficientNet_B0,17,0.00829877762354551,0.0029287467556979403,0.448084419600255,0.100221791342916,0.46850682161914825,0.13106767009509523,0.997547619047619,0.00104343198865129,0.9227678571428573,0.014716184371347758,0.9180468749999999,0.012587134813701209,0.9995655107303992,0.0004636854274332124,0.9224906186078314,0.014836692690084807,0.9174932670254508,0.013034584990552153,9.1875e-05,5.995151397402552e-05,47.43330190386623,1.356863932230298
EfficientNet_B0,18,0.00679270073984346,0.0029837490380513463,0.4503451759696013,0.10772281823716186,0.46170470727244534,0.13206388695445917,0.9980595238095237,0.0010979951495568927,0.921875,0.013041201944634788,0.9183854166666666,0.012095101230061318,0.9995238421118822,0.0007926736430760704,0.9215623842664746,0.01327935142265264,0.9177287467558735,0.012445762849115919,7.65625e-05,5.8560754598678683e-05,48.671849728375676,2.7448354468355936
EfficientNet_B0,19,0.00593755921579538,0.002307086935370895,0.4445972748066406,0.11435032609391223,0.46963550035181345,0.14915542178005242,0.9983214285714286,0.0007759940674018723,0.9255654761904761,0.014769056820514954,0.9203645833333333,0.012826559960959837,0.9997559582560998,0.00023719574293782077,0.925329915492312,0.014846595493215197,0.919790319529012,0.013317644360265373,4.8125000000000004e-05,2.879977575144177e-05,46.927744306437674,1.1601798064146096
EfficientNet_B0,20,0.00541773158028007,0.0015298772160013178,0.45310195650263685,0.11562556586708633,0.47701583870837466,0.15377265758157663,0.9984166666666667,0.0004552263618952094,0.9249107142857141,0.016538653551225954,0.9177083333333333,0.016589629539449403,0.99865588842056,0.0035214277474554362,0.9248671390954201,0.01654155994303786,0.9170957848652215,0.017107601058403817,4.59375e-05,2.997575698701276e-05,48.05702793970704,2.5824860310881257
EfficientNet_B0,21,0.00409953225510456,0.001317945591816246,0.4576799137599804,0.11280371221477907,0.4693529462761541,0.13506441614091722,0.9988392857142857,0.0004164303940835969,0.9252380952380952,0.016405262968365534,0.9199479166666666,0.012781480630446554,0.9996605804759608,0.0007871400698819611,0.9249830434259769,0.01646187305795582,0.9194024376888283,0.013283599089889592,3.828125e-05,2.9280377299339342e-05,47.67230648566037,3.2725513086137705
EfficientNet_B0,22,0.00365164006749783,0.0009704740354589854,0.46974214669133546,0.11718781728334607,0.47273278655602613,0.142634223294528,0.9989404761904762,0.00044614188325571254,0.9250892857142858,0.01698489767017198,0.9206510416666667,0.013232680571889763,0.9999166751391974,0.00011291938180753593,0.9248998188441326,0.01700484670242946,0.9202994471410705,0.01363184293713815,2.4062500000000002e-05,1.4399887875720884e-05,47.93201655671,1.1666615809514644
EfficientNet_B0,23,0.00330362348826154,0.001380020229465721,0.47662894402744865,0.11329547172443899,0.48545407122282347,0.1574014784012412,0.9991369047619048,0.00034736391666688427,0.9244642857142857,0.01751872895496506,0.9193749999999999,0.015412912455806995,0.9997321202601548,0.0006437859347803166,0.9241628300599858,0.017570429828805263,0.9188036767813283,0.01586747613300865,2.296875e-05,1.498787849350638e-05,48.263870189897716,2.2995732330571874
EfficientNet_B0,24,0.00312368306304724,0.0011431871199097275,0.48021157925811375,0.11351286640507854,0.4936985313698418,0.16430809147721845,0.9991190476190477,0.00033648360199524255,0.9245833333333333,0.015406206232430853,0.9193489583333333,0.01396844079359211,0.9996368790672973,0.0006825023154189237,0.9243062095093031,0.015494575932146367,0.9187404654444584,0.014429344540583143,1.9140625e-05,1.4640188649669671e-05,47.83284168727696,2.4452710970829257
EfficientNet_B0,25,0.00278079813151127,0.0007687668606730031,0.47626566951509347,0.11267790899473562,0.49301949546341184,0.16511343750468227,0.99925,0.00021221812630356675,0.9247321428571429,0.01586647310591937,0.9188541666666665,0.016276076388851844,0.9991711889516172,0.0023291897540093807,0.924500966077938,0.01594426561126593,0.9181907051691024,0.01677521913790641,1.2031250000000001e-05,7.199943937860442e-06,46.894957712478934,2.7977444229057085
GRU,1,1.2284701664901916,0.03482182194036717,0.8369871950185015,0.10852330003761557,0.8771929149888456,0.09328953144097686,0.5808690476190476,0.013384144726427225,0.7128571428571429,0.026572046085255974,0.6923177083333334,0.028582698207398137,0.8175329334295933,0.010210430138307728,0.7075151730241617,0.02631577753872604,0.687200063982949,0.031028467384117926,0.0006,0.0,24.769786596111953,0.903048528465863
GRU,2,0.45987092064959667,0.024435695474358688,0.6857586185217258,0.11208554770580792,0.7217555796160984,0.10041863882629061,0.8426607142857143,0.01023748190915434,0.78,0.027440842024900148,0.7669791666666667,0.026249977035557252,0.9245784883224417,0.008770766078092055,0.7792409122051815,0.02691617115764134,0.766104455382767,0.0267725808844381,0.0006,0.0,23.68836261704564,0.8066239023214343
GRU,3,0.24336511042004538,0.017865507879525587,0.6557151065910944,0.11914514459369605,0.7078870140140255,0.12578609339304633,0.9221250000000001,0.007084030800217696,0.809702380952381,0.026446336204938713,0.7959895833333334,0.025722347836866284,0.9607971300711003,0.007639568866103046,0.8089246982700031,0.026603752947590785,0.7946787335859526,0.026654723476195727,0.0006,0.0,23.33001323528588,0.9386777883337868
GRU,4,0.15226403473175704,0.012068524130005257,0.6683704966758489,0.16594913657475285,0.6986967345690938,0.09542202856299546,0.9533333333333334,0.004140507452623538,0.8189285714285715,0.0355017928993421,0.8114583333333334,0.018922416501538995,0.9764985047859461,0.004085227348424311,0.8188065348506737,0.035429854544595636,0.8108977158947253,0.019789775262006294,0.0006,0.0,23.152701987698673,1.2213772769918234
GRU,5,0.1025282375748668,0.008538149873556488,0.7118953005503309,0.1659161235339897,0.7495514709882263,0.0967997136662458,0.9696845238095237,0.0025705052354610737,0.8197619047619048,0.03274416730606227,0.8141145833333333,0.017115801632095938,0.9832622674404312,0.003258180304518336,0.8193837794593138,0.033623472685787525,0.8139350249084121,0.01799106491870722,0.0005399999999999999,0.00012649110640673515,22.938679261878132,0.9692164632340737
GRU,6,0.07306591832282994,0.01687612851654081,0.7507114119783399,0.1710501135535479,0.7696062268462022,0.12905429756957376,0.9790357142857143,0.0056130668332362,0.8203571428571429,0.03279852527579664,0.8144791666666666,0.019726149476943747,0.9872254105535783,0.006648475008872398,0.8202345018564008,0.032852202013775984,0.8140804724315591,0.019823965773987654,0.00039,0.00014491376746189437,22.69856688771397,1.0520276611869057
GRU,7,0.042723405912518456,0.01594233690641942,0.7404970317254109,0.17637243508164904,0.7687749544380494,0.12877510809854534,0.9883214285714287,0.005249416577260076,0.832857142857143,0.03167284470505859,0.82875,0.02215436960930041,0.9950952260977785,0.003928095708022177,0.832661145909594,0.031295751973999746,0.8288277107379118,0.022550702782982608,0.0003,0.0,23.09913913682103,1.1886538901916222
GRU,8,0.0225883701571396,0.006309445627141862,0.7744676827970294,0.18986637170395088,0.8009719206773782,0.10561528699396286,0.9945535714285715,0.0019738324205180865,0.838125,0.03201844000636066,0.8314843749999999,0.01959132350910347,0.9983215435168835,0.0007336125161048087,0.8379039851533652,0.03242910286547351,0.8313699105670562,0.020071621238979834,0.00026999999999999995,6.324555320336758e-05,23.13158433008939,0.8596377358702435
GRU,9,0.0150664783113059,0.0036426881050218565,0.8207910669703242,0.18122800528156513,0.8326275726041301,0.1223526543750842,0.9968095238095238,0.0010780950745040664,0.8360416666666668,0.030361827239989498,0.8320052083333334,0.018785512441019083,0.9986846241184624,0.0009709698731996246,0.8356851108444177,0.030384760467368082,0.8321405732316665,0.018938845507363657,0.000195,7.245688373094718e-05,23.58899689540267,1.321685002051105
GRU,10,0.01043540674589924,0.0030317214799681262,0.8119734116888278,0.18583354463667257,0.8274423796374079,0.11213596180176408,0.9980178571428573,0.0011314917956164994,0.8426785714285714,0.030019126555975512,0.8391666666666666,0.018953133826064332,0.9994405498115834,0.00047022564549730026,0.8425114426820242,0.030202195029848763,0.8390059496486261,0.019228917285646716,0.00015,0.0,22.87197806723416,0.6512163707744362
GRU,11,0.00721725710162089,0.001166214084342772,0.840617329940987,0.19785076733203366,0.8561398256305983,0.11610906870626024,0.9988511904761905,0.0003571979675292925,0.8417559523809525,0.030631492555339177,0.8393750000000001,0.017145712388754838,0.999702416439734,0.0003021244023736459,0.8414189703500001,0.03101628756214041,0.8391311083008158,0.017654582213771346,0.00013499999999999997,3.162277660168379e-05,23.355390045419334,0.8129527976583464
GRU,12,0.00596597126197244,0.0013967791963735018,0.8474717037907629,0.20458782860137756,0.8791248898586794,0.11997670648227828,0.9990833333333333,0.00040292924667760847,0.8439583333333334,0.03168242946687734,0.8384114583333334,0.018728386623489596,0.9997678226585828,0.0002032679625894064,0.8437026376728571,0.031879658588008314,0.8381455535655886,0.019305894548706338,9.75e-05,3.622844186547359e-05,22.824686500430108,1.2150753333573565
GRU,13,0.00489472991015225,0.0013990855041515835,0.8536656587787451,0.21961534598934726,0.8881786447406649,0.11379846912191446,0.9992619047619048,0.0005220931475552562,0.844375,0.035321765499148255,0.839453125,0.019152480817384007,0.999797612064018,0.000359580907975198,0.84415887948541,0.03585148860408516,0.8390623891299797,0.019647195718195076,7.5e-05,0.0,23.254952108487487,0.9006810286357371
GRU,14,0.00381032206330974,0.0009414541351459668,0.861056638932572,0.19983345687923146,0.8897700878736912,0.12657907321851192,0.9995654761904762,0.0002721221297776615,0.845029761904762,0.03256841852041077,0.8411197916666667,0.01973235584850873,0.9999523809480839,7.31709925600715e-05,0.8448139451716437,0.033031153863256196,0.841008025662704,0.02015401623626997,6.749999999999999e-05,1.5811388300841894e-05,23.66436843238771,1.5319515325750925
GRU,15,0.00304538133385631,0.00038106008513208136,0.8744037649067607,0.20362792377871722,0.9050815152016609,0.13449125567519632,0.9997559523809525,0.0001237497311865802,0.8447916666666666,0.03159632670480994,0.8407291666666667,0.018967838225793586,0.9999285799086992,0.00010792322573838961,0.8445772681850906,0.0320390066414754,0.8404003202020256,0.019370938201961056,4.875e-05,1.8114220932736796e-05,23.85393465254456,2.2091162131458324
GRU,16,0.00263703178862727,0.0003953381037030506,0.8899953308805388,0.2272278289728106,0.9111781150289122,0.12656271366635022,0.9997797619047619,0.00013760746733651414,0.8452976190476191,0.034748516121381974,0.8422135416666666,0.018447947219321414,0.9999642857092296,4.161940404558796e-05,0.84508537619331,0.035337363227404495,0.8418894643992463,0.018898026376663518,3.75e-05,0.0,23.64874696340412,1.0089202971892204
GRU,17,0.0023730286444936,0.00043436053708122423,0.8908659114881136,0.22114542468372347,0.9195633880444681,0.12678488474875882,0.9998035714285715,0.00016847563266159224,0.8462797619047618,0.03401353015156066,0.8422916666666668,0.018619417326591867,0.9999761904726527,4.161940404558407e-05,0.845991435321595,0.0345281620727536,0.8419242855557838,0.018990642537268163,3.3749999999999994e-05,7.905694150420947e-06,23.0895608138293,0.9517546597349362
GRU,18,0.00215436175891326,0.0003546134720803432,0.8935655433807655,0.2136975355100588,0.931552729512708,0.1302820235082723,0.9998214285714285,0.00010499013139144479,0.8476785714285715,0.032906852206594235,0.8421875,0.019206599654629394,0.9999761904726527,4.161940404558407e-05,0.8474416790233142,0.033347144696396575,0.8419390746905844,0.0195385215206389,2.4375e-05,9.057110466368398e-06,23.179104953631757,0.6926561535109983
GRU,19,0.00200080120776376,0.000456417246653024,0.9056378851839899,0.210868395957154,0.9375425905652446,0.1353306353779603,0.9998690476190477,0.00013398367473120573,0.8469940476190476,0.031968297438732446,0.8426302083333332,0.019325907444246847,0.9999821428543644,4.0175514512034676e-05,0.8466617360509995,0.0323270440424119,0.84228454868261,0.019768328430230124,1.875e-05,0.0,22.720870243944226,0.7763863931452173
GRU,20,0.0018085725690636697,0.0003066019612368551,0.906462647542399,0.2202416230372367,0.9478453679047802,0.13084866960548863,0.9998690476190475,0.00011153547081393941,0.8480952380952381,0.0324807102085422,0.8428645833333335,0.01935985755845432,0.9999821428543644,4.0175514512034676e-05,0.8479381612707687,0.03287529535021635,0.8424763338134907,0.01981868067440386,1.6874999999999997e-05,3.9528470752104736e-06,23.570092223584652,1.824288015160944
GRU,21,0.00163282928864157,0.00018814796586139453,0.915805911198099,0.21184768695612774,0.953114278866251,0.1337135648408834,0.9999345238095237,5.919219797692853e-05,0.8474404761904761,0.03238421046478612,0.84296875,0.018707755265134966,0.9999821428543644,4.0175514512034676e-05,0.8471628132158825,0.03272639695110024,0.8426408425749177,0.01912214028215877,1.21875e-05,4.528555233184199e-06,23.937414599210022,1.214344060760914
GRU,22,0.0015452271437360501,0.0002252977121162828,0.9195792090920959,0.21206893509939595,0.9563626176441631,0.1334764950108069,0.9999226190476191,9.327507359956189e-05,0.8473214285714287,0.032719451160631643,0.8429166666666668,0.018668967130485183,0.9999821428543644,4.0175514512034676e-05,0.8470791342534947,0.033058959519993755,0.8425668789672873,0.019151842391387317,9.375e-06,0.0,46.36954343561084,72.88285602626124
GRU,23,0.0014525129972468701,0.00018004665988967744,0.9248042972340738,0.21396294883449543,0.9595560561027225,0.13158435044080388,0.9999285714285714,4.695301415161768e-05,0.8474107142857144,0.031981717508400016,0.8431770833333333,0.018656854543320466,0.9999940476177877,1.8823083711433655e-05,0.8471031104922544,0.03237362490467808,0.8427989834749796,0.019109677621958455,8.437499999999998e-06,1.9764235376052368e-06,33.51466927807778,31.33101286752081
GRU,24,0.00144130869777424,0.00024598370069299995,0.9275153462944858,0.21635080343853025,0.9655411004185378,0.13189995195641666,0.9999523809523809,7.317098775626811e-05,0.8478571428571428,0.03243328520853213,0.8433072916666667,0.01892482555353861,0.9999999999994993,0.0,0.8475162824441511,0.03281160418798916,0.8428978747164486,0.019373675798108912,6.09375e-06,2.2642776165920995e-06,23.24945962689817,1.154210602903898
GRU,25,0.00141518883052321,0.00016785027056674426,0.9304695671134444,0.21577395375222405,0.9666739318122957,0.1300795564562328,0.9999166666666668,6.986832087966883e-05,0.8480059523809524,0.03272006778785497,0.843515625,0.018347602197943097,0.9999999999994993,0.0,0.8477453326770984,0.03307931319220952,0.8431509587114332,0.01875650478812957,4.6875e-06,0.0,23.42642967607826,1.3601992151113467
LSTM,1,1.3186725875763665,0.033428123979275276,0.9746301299333574,0.1141317342282045,1.0177902290907999,0.09180116897815936,0.5344464285714285,0.011976833755221034,0.6504166666666666,0.03780613264948965,0.6407552083333334,0.03649164524775132,0.7364055223507601,0.024717754483455295,0.6416569251020801,0.04014751388326196,0.6338433042519714,0.03822587560953819,0.0006,0.0,24.55043018683791,0.7765772064990049
LSTM,2,0.6403267256475631,0.030272527165271745,0.8195169226505927,0.13482962268679108,0.8458205723296851,0.09592069641415145,0.7722380952380952,0.013404013577841552,0.7178571428571429,0.03595980423731607,0.7090625,0.024453850679978857,0.8436897733798666,0.015383772881417276,0.7112826406456989,0.03781893209158429,0.7055485710811812,0.02527856894740112,0.0006,0.0,34.41356813888997,34.76819836685533
LSTM,3,0.42173922317652474,0.028767591502931584,0.7138011273076492,0.14320957254957598,0.7786791772992971,0.10642236172534351,0.8532559523809524,0.013178100331886575,0.7694940476190476,0.03479025364762684,0.7506770833333334,0.027595484745814507,0.9035646175071385,0.014131466742843105,0.7678251724913762,0.034947726839869915,0.7484656817680325,0.029303716355876353,0.0006,0.0,23.571432370878757,1.7171552190011123
LSTM,4,0.29920687549738656,0.02739583990068469,0.6732930018624202,0.11735219976984163,0.7088382728527843,0.10299909311480906,0.9008333333333333,0.01221226532172609,0.7933333333333333,0.02881673791350805,0.7855989583333333,0.02021061893455959,0.9376608366331027,0.00823245979305493,0.7924831607838733,0.029174549988522668,0.7847388579207171,0.02135095537671188,0.0006,0.0,23.4139240026474,1.091108464168923
LSTM,5,0.22560299877964313,0.025327473106712194,0.6923522195443954,0.18478466088680653,0.7217657168636409,0.1402975378071682,0.927077380952381,0.010181779175227185,0.7987202380952381,0.04614877407924708,0.792578125,0.024336924821563806,0.9518147116532137,0.006879987232434003,0.7977071468297056,0.046839204041621216,0.7918190776453126,0.0255518447351698,0.0006,0.0,23.444075043871997,1.2066933958505341
LSTM,6,0.17762291008730727,0.015593530091052714,0.7260651027298133,0.1905544991821392,0.7348002573046445,0.13201005039920646,0.9435238095238094,0.0067490539448814306,0.8027678571428571,0.04208619342862532,0.795,0.02908926568489518,0.9648226948436726,0.004219273529254599,0.8013166482691181,0.0430166437586803,0.7944901093619345,0.02947658237967234,0.0005399999999999999,0.00012649110640673515,23.501159994490443,2.1739805702781245
LSTM,7,0.1304622811589922,0.018491418373821067,0.7164896947371641,0.18982209353383067,0.7474358833929485,0.11241583832197012,0.9606369047619048,0.00701371629297528,0.8113988095238096,0.041170288294582136,0.8044791666666666,0.02141259227258085,0.9730391567645513,0.009017377829393436,0.8103019905946974,0.04092112359581643,0.8034534199304761,0.02250840065227856,0.00039,0.0001449137674618944,23.376830090209843,0.9832348347073039
LSTM,8,0.08973622498980585,0.02775218673211951,0.7253822590991124,0.17068476974463934,0.7365223332144766,0.12564889847007712,0.9734583333333333,0.009508107508995648,0.8202976190476191,0.03404319031765801,0.81671875,0.02416745239383609,0.9859863399986881,0.006182419625442518,0.8200130387426467,0.0346185158321665,0.8165329621707755,0.02453012195229955,0.00035999999999999997,0.00012649110640673518,23.786859648674728,1.688108519847613
LSTM,9,0.06313234677201221,0.023169404421414113,0.7399710701233596,0.21168234899671776,0.7571948220617681,0.12108055238687228,0.9819880952380953,0.007649328055633121,0.8264880952380953,0.04006610263046507,0.8219791666666667,0.02174897560380294,0.9913145121360272,0.005119573763459264,0.8254756711404145,0.040841278537861896,0.8219588794705306,0.022249387495890473,0.00032999999999999994,9.486832980505137e-05,23.759081736952066,0.7981055875638395
LSTM,10,0.04670157808278283,0.016816362482944276,0.7861504762783824,0.19488041035106488,0.7941570300146122,0.11432734554414217,0.9871488095238096,0.0051190822257966,0.8222619047619049,0.03905022010307063,0.8209895833333334,0.017187149266904,0.9908835834858367,0.006531041358955597,0.82111287287184,0.04017236507319736,0.8207402873687446,0.017315294519929005,0.000225,0.0001457737973711325,22.85884479135275,1.299348517300819
LSTM,11,0.032579753620283904,0.01775798162756103,0.7710108712135947,0.19681118910145523,0.8018379668575412,0.12163883444165144,0.9916845238095238,0.006145033785443199,0.8330357142857142,0.0384421722979482,0.8265364583333333,0.02132254391263504,0.995677276459236,0.004649010084894073,0.8323188988806773,0.03839407583793777,0.8260042745356116,0.021748172057253806,0.00017999999999999998,6.324555320336759e-05,23.329815152287484,0.9879808666927398
LSTM,12,0.02221468560326663,0.008809969313837962,0.7982023240978569,0.21744327946630038,0.821266595546064,0.12823552309013173,0.9948452380952382,0.00291176296556735,0.8325892857142858,0.03887781517506603,0.8303645833333334,0.021564568696614064,0.9973977814832281,0.0020201655478135957,0.8322154229219821,0.03932397931755946,0.8303083574148935,0.021865369512842563,0.00016499999999999997,4.743416490252568e-05,22.95845223199576,0.7987227209888343
LSTM,13,0.01742235976031844,0.005967487689896193,0.8281408076268937,0.21155978733806496,0.8462417354040372,0.12384442152951425,0.9959702380952381,0.002146904247004226,0.834375,0.03609591353408187,0.8313802083333334,0.019833217379494953,0.9982023384441077,0.0006668185537426763,0.8338764833038473,0.03636617713479391,0.8311074842367431,0.02012253108652266,0.0001125,7.288689868556625e-05,22.962488038651646,0.7326962958149372
LSTM,14,0.012807211741805019,0.0038936231810095786,0.8268940811499071,0.19647061869537938,0.8598537231654457,0.12698544184034052,0.9973809523809525,0.0013206001025629877,0.8373214285714285,0.0347457969855818,0.8333072916666666,0.017895192132963936,0.9986474064413349,0.0014561040404359256,0.8363821100548291,0.0352197309244013,0.8330291321735137,0.01832790471963907,8.999999999999999e-05,3.1622776601683795e-05,23.407786628976464,1.1974169675185022
LSTM,15,0.00990840380106647,0.002884185169398042,0.8424915958405403,0.19568548531285643,0.8777414973473606,0.12710925224136338,0.9981607142857143,0.0008923940598044967,0.8382142857142858,0.03413799886844938,0.8325520833333334,0.017734695791001943,0.9992262069122336,0.00027056058420292793,0.8376450861452396,0.03477321550102252,0.8321431267675179,0.017987743939853446,8.249999999999999e-05,2.371708245126284e-05,23.831486956961452,0.9898823050228306
LSTM,16,0.00812836450409316,0.0017150460680844532,0.8502698214058736,0.20299711993371225,0.8899394390988468,0.12329850263894372,0.9985416666666668,0.0005973836991001711,0.840327380952381,0.03411436470722674,0.8336458333333333,0.018516176428862212,0.9994523483898756,0.00036356688220221526,0.8398500379180224,0.03468617724798239,0.8334553030815366,0.018931518027367134,5.625e-05,3.6443449342783126e-05,23.662636269256474,1.4976760419043453
LSTM,17,0.006527152617772369,0.0017609929058201442,0.8605458479345266,0.20085650160905624,0.8916374163266422,0.134205828536025,0.9989285714285714,0.0006037747640755108,0.8408035714285715,0.0344114350872559,0.835234375,0.019986420719216077,0.9995773849841566,0.00023383712196441955,0.8401790191045352,0.034919820318199006,0.835007700470884,0.020326390983040486,4.4999999999999996e-05,1.5811388300841898e-05,23.51948276385665,1.006421558418476
LSTM,18,0.00579963669251823,0.0011217330249176246,0.8769054494220161,0.19642176001882206,0.9098356892694847,0.1284040856452827,0.9991547619047619,0.0003209137558596285,0.8393154761904762,0.03512617910284048,0.8345572916666667,0.019700482106428142,0.9996309459163342,0.00020389358547327188,0.8390780968578639,0.035349352974816256,0.8342690191868709,0.020005846434028,4.124999999999999e-05,1.185854122563142e-05,23.966953802481292,1.3076192899396768
LSTM,19,0.005192181255136171,0.0011448427875254126,0.8999386882940218,0.211703472174348,0.922201462287964,0.12716865729500434,0.9992857142857143,0.0003086577219465157,0.839017857142857,0.036165973608868154,0.8347135416666667,0.018419578448642476,0.9997380888114419,0.00011971281468032106,0.8385503166047116,0.03652482259835639,0.8343612922689246,0.018783943771112525,2.8125e-05,1.8221724671391563e-05,23.49518649354577,1.0387807034984804
LSTM,20,0.0046481019230115595,0.0010662807584202515,0.9030925758770587,0.21557669954133662,0.9153405722360489,0.12603679397743386,0.9994642857142857,0.00019440394783998516,0.8397916666666667,0.036573938031359075,0.8371614583333333,0.018875787716832952,0.9997678528412935,0.00015484022159991352,0.8393658846177408,0.03694872673321398,0.8368846663311557,0.01929322195570275,2.2499999999999998e-05,7.905694150420949e-06,23.554699807986616,0.8361187230028165
LSTM,21,0.00410313705887108,0.0009361708864759561,0.9040833968172957,0.21351373398011736,0.9269207802504449,0.13189477617848583,0.9995238095238095,0.0001774657125000155,0.8401488095238095,0.03553954440819766,0.8373697916666666,0.018958718866908166,0.999803562879862,0.0001347212596742799,0.8397462149706938,0.03596879300659235,0.8370010960598284,0.019403595780458343,2.0624999999999996e-05,5.92927061281571e-06,23.530156989768148,0.9567227089075404
LSTM,22,0.0038220745906942894,0.0009435695693372666,0.9145026462802031,0.21798263812839128,0.9332249822984583,0.1295084882596883,0.9996011904761906,0.0001819564526683928,0.8407142857142856,0.036497097683648866,0.8370572916666668,0.01898207473172407,0.9998214242766996,0.00012231212359852388,0.8402799786967952,0.03678387630320605,0.8367805028475142,0.019333553274040523,1.40625e-05,9.110862335695781e-06,46.17171664200723,73.0482301662516
LSTM,23,0.00382668920783766,0.0008416710917516523,0.9183692754064534,0.2206451426693077,0.9397162583091297,0.12840167999223245,0.9995476190476191,0.00014634197551254637,0.8413095238095238,0.036115144550601025,0.8364322916666665,0.01902347265393994,0.9998154740185626,0.00011721342697345506,0.8408498363705512,0.03652752079639806,0.8361362397854324,0.01928214231383474,1.1249999999999999e-05,3.952847075210474e-06,33.52481497861445,31.815940155567873
LSTM,24,0.0035210027375391097,0.0007924513844795218,0.920378267721819,0.21982190999660295,0.9441274335817675,0.1327696692552796,0.9996190476190476,0.00015922541783925227,0.8415178571428571,0.03539964187759149,0.8370572916666668,0.01964954530861367,0.9998392814210753,0.00011586304056123597,0.8411800085267386,0.035854505137963455,0.8367347493978479,0.019899541677572796,1.0312499999999998e-05,2.964635306407855e-06,23.850408776663244,1.4608979652304472
LSTM,25,0.00338781922275106,0.0007889202040496403,0.9222794133219196,0.22131256444019126,0.9471232110187066,0.13426022670277124,0.9996607142857142,0.00014861097865930502,0.8426488095238096,0.03522790779826821,0.8373958333333335,0.019297872671890374,0.9998571385753274,0.00010574300758756825,0.8422723462953012,0.03566069847589645,0.8370822892163078,0.019658706672467177,7.03125e-06,4.555431167847891e-06,23.62778896652162,1.4025717914796039
LeNet,1,0.9163942589759827,0.04534947525968116,0.692607788626282,0.09227973426394243,0.6758444333239458,0.062056188489883486,0.69025,0.01623146364141432,0.7545535714285714,0.026572138681461636,0.7530208333333334,0.03132999983806887,0.8087589645876567,0.020896284344551173,0.7489889687169393,0.027165671284603458,0.7479935629256778,0.03519735956491418,0.0005,0.0,28.752384082973002,1.045882914858548
LeNet,2,0.4415118867953618,0.023143404281053655,0.5677438348839946,0.07418114017307534,0.5714879982242322,0.056848503849270544,0.8434821428571428,0.0077505115079210506,0.8035416666666666,0.020450685673899252,0.79859375,0.020569510090674724,0.8743369895235231,0.009472466004120236,0.8009414326770259,0.02033350080998244,0.7965678551054418,0.021023869131733788,0.0005,0.0,27.43986403141171,1.036610148727922
LeNet,3,0.3214131229335353,0.013778186797199063,0.5154817683256364,0.07845725947533928,0.5293832713669204,0.0796175570444162,0.8867440476190476,0.003977276449298524,0.8258333333333333,0.019284244506015794,0.8183854166666666,0.022844609990820938,0.9098320418905651,0.006596875623611829,0.8253891333204286,0.019519532326279718,0.8161642623474282,0.023345478629412754,0.0005,0.0,27.209595130756497,1.773349503399104
LeNet,4,0.2525708413010551,0.011559073569122487,0.5165931870884239,0.07813653202451624,0.5020965453331518,0.06681210746166169,0.9118333333333334,0.004186818238707196,0.8316964285714287,0.01745763981091657,0.8295312499999999,0.01547633753618569,0.9301937660577059,0.006746291872296067,0.8306500391736356,0.01761387471397259,0.8277092624037911,0.015866204639753245,0.0005,0.0,27.35578054226935,1.276957472411727
LeNet,5,0.20499555979952921,0.01282241733261859,0.5122133766761371,0.07776584528966915,0.5030916784666746,0.07171033154490235,0.9288630952380952,0.004389761566845823,0.8387202380952381,0.019671120639490856,0.8371614583333333,0.01720680120662392,0.9478062449864868,0.0037401901117788097,0.8374351738355259,0.019383808605514866,0.8357044892996175,0.017198378189754948,0.0005,0.0,27.1948168406263,1.3070527483488994
LeNet,6,0.17074900347349184,0.011223238874518492,0.5091971858539701,0.07765309544706885,0.49113068329711196,0.07661873354606229,0.9414583333333333,0.004126721794165479,0.8428869047619048,0.01521351279594364,0.8468229166666668,0.01910266652194026,0.9577972705741955,0.005876749807370638,0.8419684870414029,0.015153933390066841,0.845708068729128,0.01979573731065639,0.000475,7.905694150420948e-05,26.77145141195506,1.9984675354425174
LeNet,7,0.13962765111312975,0.008729090274804221,0.5382802322846414,0.1237651965733223,0.5327195143743545,0.11256834121915926,0.9530654761904762,0.0034148030147622393,0.8409821428571428,0.027326280390170342,0.8399218749999999,0.023604104990970706,0.9600708550190931,0.006868463807233863,0.839973677533045,0.027622648804838144,0.8384896450461783,0.024384439117732658,0.00042500000000000003,0.00012076147288491198,27.043271056003867,0.8133720733690877
LeNet,8,0.11410072412306349,0.015389954590421744,0.5390683897596612,0.09680523120891797,0.5329332788553651,0.10865773490734797,0.9630535714285713,0.005942852823775693,0.8472619047619048,0.020919982316338067,0.8459114583333334,0.022032559910931362,0.9699892644845344,0.007972452123834677,0.8468525992578761,0.020211392685021676,0.8444269350777258,0.02276538539436845,0.000375,0.00013176156917368248,27.224507581070064,1.6974395569129628
LeNet,9,0.09062966460911995,0.014934474304705375,0.5442396839437112,0.10148074037402684,0.5384684435167916,0.1063435653711719,0.970827380952381,0.006612440675962437,0.8466369047619047,0.02171148574639004,0.8461458333333333,0.019808335451432568,0.9790659179093033,0.005976512979813264,0.8460669282181114,0.021897482356120712,0.8450477660215894,0.020212410952666307,0.00027499999999999996,7.905694150420948e-05,26.990037600509822,0.9419829604532943
LeNet,10,0.066777832444225,0.015496538732581644,0.5447637182380692,0.08532294145392436,0.5460422641207621,0.11307112916577931,0.9802619047619048,0.005909381726630165,0.8514880952380952,0.01540607846651123,0.8502864583333333,0.020521923881766758,0.9831401519217557,0.01113171669049822,0.8500950208217064,0.015917349462612217,0.8484640807006517,0.021388370215368154,0.00026250000000000004,9.223309842157773e-05,27.628629758767783,1.2592225142630693
LeNet,11,0.05616110655239644,0.011780273307332457,0.5776437535949152,0.09582923845588771,0.5463656781721913,0.11199538006265009,0.984095238095238,0.004479629715558109,0.8469345238095238,0.01781468166016617,0.8515885416666666,0.02306168930393681,0.9870691044355316,0.005012881389724749,0.8461793909564573,0.01707595359404104,0.850559414611773,0.023564679018719847,0.0001875,6.588078458684124e-05,26.87908552903682,1.373829137926996
LeNet,12,0.04175684507758841,0.007340210163211848,0.5562053476426856,0.10674092508628383,0.5503902755829571,0.12898654521988018,0.9893988095238095,0.002700228439054522,0.8579464285714286,0.019402920717987545,0.8572135416666666,0.021926626276357226,0.9926395511448762,0.003217111272171373,0.8571892241697796,0.0190901733558505,0.8562293322743711,0.022424168449991424,0.00013749999999999998,3.952847075210474e-05,26.68966734111309,0.8385193884423794
LeNet,13,0.0323441555528413,0.009166815539507272,0.5620492299672601,0.08143786827920099,0.5525077286029637,0.1250213558305334,0.9929880952380952,0.00299699080623685,0.8573809523809525,0.016503953464844887,0.8585677083333334,0.023542220397658645,0.995308335590804,0.0023574417606363656,0.8569290367859395,0.016407129598737025,0.8574468717120338,0.023749377458564962,0.00013125000000000002,4.6116549210788864e-05,27.463136080279945,0.996565599301773
LeNet,14,0.02800920551376679,0.007426796940933151,0.5759830422116161,0.10240040437681087,0.5679386829088162,0.11754757598478188,0.994125,0.002192087700865125,0.8571726190476191,0.01973406055386379,0.8582552083333332,0.020813448988717353,0.9955577074886097,0.0019906342861445406,0.8565924628795456,0.019987622262413067,0.8568955442603909,0.021378587056439354,0.00010625000000000001,5.929270612815712e-05,27.041554397717118,0.8257557845821932
LeNet,15,0.02364167359329402,0.0071777769102774865,0.5854088835092749,0.0982804378314149,0.5787898554351955,0.14013143143066667,0.995577380952381,0.002087212940962677,0.8570833333333333,0.016457971546106336,0.8578125,0.02293178688900713,0.9964513162489552,0.002469217764443638,0.8564787767079978,0.016521695572088758,0.8565963257706848,0.02373658053124294,6.874999999999999e-05,1.976423537605237e-05,26.55714018587023,1.5225385600780563
LeNet,16,0.01913863851626709,0.007431126167162835,0.5879940534056793,0.09599317592616201,0.5708448984907606,0.125500216726029,0.9972916666666667,0.00160094582226415,0.8577380952380953,0.01642277138625023,0.8602343750000001,0.022453645907834153,0.9978389064618851,0.0014156380609708047,0.8569942578566752,0.016562439699915645,0.8593692536883546,0.022845984847535805,6.562500000000001e-05,2.3058274605394432e-05,32.94833898749202,17.35855860590495
LeNet,17,0.01709984385257669,0.006649660494177881,0.5945163837554623,0.10860411316039441,0.5803468259492661,0.1360088723375016,0.9977738095238096,0.001331347727863284,0.8585714285714285,0.019401779398801496,0.8598697916666668,0.023281518636075527,0.9985116963172669,0.0010354349166214955,0.8579499399245935,0.01967132056568915,0.8588561858440087,0.02381900775546941,5.3125000000000004e-05,2.964635306407856e-05,26.882906110212208,1.0635698721831193
LeNet,18,0.015195911789933781,0.0063428160667645325,0.5950125735685392,0.10445683415963265,0.5854761435248368,0.13357146254977578,0.9982738095238096,0.0011555729982985,0.8602083333333332,0.01838936264983563,0.8606510416666666,0.02290892190785778,0.9986069527527517,0.0011658442257985694,0.8595710937429171,0.018607541827358975,0.8596843873182756,0.023285082854375822,3.4374999999999995e-05,9.882117688026186e-06,27.33080366384238,1.3495098657427662
LeNet,19,0.01362226303418471,0.006686042517857501,0.6017590389457408,0.1058929001956599,0.5894545677027846,0.1322616661464493,0.9986011904761904,0.0012708484349126838,0.8599702380952381,0.018168715905487662,0.8609375,0.021623819702143356,0.9989582694457229,0.0009023945890001303,0.8593563885059456,0.01833943511337568,0.8598971852900108,0.022084567682011398,3.2812500000000005e-05,1.1529137302697216e-05,55.907353488728404,91.03092643176312
LeNet,20,0.01272449995861162,0.006252558367237376,0.6041301763848423,0.10654913857044981,0.5935676369705482,0.13484305069509928,0.9987678571428571,0.0010677663749594707,0.860029761904762,0.01759063135525391,0.8610416666666666,0.02230115646914106,0.998982105681459,0.0009275002437738407,0.859450827932713,0.01772227393166183,0.8601096461293709,0.02268353081519963,2.6562500000000002e-05,1.482317653203928e-05,31.472128561511635,14.02670744631557
LeNet,21,0.01192750599696518,0.006104380030450097,0.6077151962977028,0.10895684759951381,0.5958441224719563,0.12855326286849875,0.9988571428571429,0.0010316697163472866,0.8613988095238095,0.01846680290648051,0.8624479166666668,0.02143721148979814,0.999077388685231,0.0009154479311700378,0.860895064648647,0.018616277401693842,0.8614810052069238,0.021690658776193326,1.7187499999999998e-05,4.941058844013093e-06,27.00966788660735,0.8188993686958016
LeNet,22,0.011197501177589058,0.006274635308557507,0.613290282480371,0.10825255295985883,0.5980634318094602,0.1322322383834497,0.9990178571428572,0.0009639876409123242,0.8601190476190477,0.01771104254319156,0.8617968749999999,0.021516591655822547,0.9991190527981259,0.0008501285847767092,0.8594602986917002,0.017898354405666235,0.8608674933188352,0.021842062168473262,1.6406250000000002e-05,5.764568651348608e-06,27.658411628380417,1.1888507492473284
LeNet,23,0.01080400409584948,0.006017949732274123,0.6174110520463626,0.11119849344693532,0.6024944239612864,0.1337604671019316,0.999065476190476,0.0008761892181380235,0.8604166666666666,0.01839736207908305,0.8615885416666667,0.021789837117138704,0.9991845525211124,0.0008060297503865658,0.8598370104641718,0.018536373918089915,0.8606046052687027,0.022156144515839866,1.3281250000000001e-05,7.41158826601964e-06,27.245216326229276,1.219352831948689
LeNet,24,0.01038656575410133,0.005939147414334163,0.619090975707591,0.1080955553341357,0.6009943682805104,0.13537095993197013,0.9991249999999999,0.0008635170470825843,0.8604761904761904,0.018358697152818435,0.8616666666666667,0.020718651367007287,0.9991666502293824,0.0009328693725959272,0.8597564507993954,0.01847359795450981,0.8607620058533769,0.02111900463769917,8.593749999999999e-06,2.4705294220065464e-06,26.336140083707868,1.1607516671640628
LeNet,25,0.01008164444778642,0.006036357510073178,0.6182931482238316,0.10968575601960258,0.6030966810632674,0.13473907353443096,0.9991547619047619,0.000931399167473943,0.8609523809523809,0.018650160408027323,0.8615625,0.022001466986899233,0.9992440809552159,0.000799140081899226,0.860335747561743,0.0188820787043574,0.860615563756512,0.022364928578272103,8.203125000000001e-06,2.882284325674304e-06,27.01606065686792,0.8967492242963985
LeNet_LSTM,1,1.2712144235694365,0.0564522518340034,0.7455055181753067,0.08661723231192851,0.7695272183418275,0.06207913639751898,0.5502976190476191,0.019705088210554625,0.7233333333333334,0.030364663452706303,0.7110937500000001,0.03092037771290886,0.7467742256494623,0.02107411529091586,0.7110324677612894,0.02911811605082697,0.6994546072229605,0.03258150452809539,0.0006,0.0,26.38829843811691,1.000006855062591
LeNet_LSTM,2,0.5831169035951447,0.04017093906593182,0.5842540104367904,0.0802527680577906,0.5863428352493794,0.05499786278817223,0.7801845238095237,0.011333949187949052,0.7863392857142857,0.02079145924019908,0.7768229166666666,0.026333434972553506,0.82716884732315,0.02230035769693194,0.7896589025824634,0.02399922299566174,0.7703889872978745,0.030908405792405353,0.0006,0.0,25.22886939570308,0.8819265890426143
LeNet_LSTM,3,0.4124269847917466,0.025534582188311904,0.4799468960045349,0.10276731024890291,0.49370402756767967,0.05396169497184302,0.8519583333333334,0.011513492432771923,0.8365178571428572,0.02947949676839501,0.827421875,0.022404259961861198,0.887118393839395,0.020712191976478517,0.8339883905580654,0.030649596425840867,0.8247522028613636,0.024680665571221123,0.0006,0.0,25.14772353321314,1.2407718770583027
LeNet_LSTM,4,0.30621080059458994,0.020355054677788965,0.45292873168896347,0.13277123928472112,0.4358204969251528,0.07179028643784222,0.8961904761904762,0.010424128091119447,0.8578273809523809,0.03209783062728037,0.8576822916666667,0.021797789360329597,0.9212160494165126,0.015824965412269243,0.8574020994759595,0.03209161453981078,0.8575234551693164,0.022109373127677058,0.0006,0.0,24.775659998878837,0.9735352595542849
LeNet_LSTM,5,0.2456943440941576,0.02263637250083117,0.40536659492623234,0.09007307443669735,0.42210884909067925,0.05648264323737453,0.9174821428571429,0.010890455325456667,0.8748214285714285,0.019474385758741476,0.8669010416666667,0.010594154857244407,0.9353370023758376,0.016222652918362564,0.8745921045881568,0.019608759664057007,0.8663279439390206,0.01072870045505975,0.0006,0.0,24.74520080573857,0.6301584956835351
LeNet_LSTM,6,0.202758849760652,0.026192471306097215,0.376153930610578,0.08070739659044808,0.38909894142629736,0.05301929995489421,0.9331011904761904,0.011326339837382042,0.8900892857142857,0.012979019217425848,0.8828906249999999,0.012545760423373888,0.9522309151354896,0.0114106537761926,0.8900587494958296,0.013506601421067022,0.8828073586323899,0.012080848463673934,0.0006,0.0,24.788201959989966,1.1910708463102722
LeNet_LSTM,7,0.17441700489292125,0.017285325628544145,0.38983392117788923,0.09278154681291748,0.40831291709716117,0.05146521016466715,0.9435595238095239,0.007898211172976488,0.8850595238095238,0.019936181721878773,0.8835677083333333,0.009905308877190364,0.9573549801912064,0.012438718522027556,0.8843975680902216,0.02122146310869531,0.8830588878227866,0.009790075178656153,0.0006,0.0,24.405514338053763,1.1175505181004997
LeNet_LSTM,8,0.1478715169707405,0.01881716408203947,0.4012731957619654,0.0937530162755673,0.39999750044526683,0.06441935264231288,0.9523988095238096,0.0070516693682641535,0.8903571428571428,0.017351868287921624,0.885546875,0.012522434776568465,0.9642006416204152,0.007382791897926108,0.8892632952818094,0.01684589164248119,0.8852019754829341,0.012557303602015863,0.00057,9.486832980505137e-05,25.612008478306233,0.7951490022728787
LeNet_LSTM,9,0.12579702349811678,0.019359891896737886,0.4172490435344211,0.1139968044347119,0.3909659973403904,0.08312055368043463,0.9603690476190476,0.007641274622297226,0.8861904761904762,0.023679040604947965,0.8927343750000001,0.014124760365128292,0.9709447741988685,0.009137407767525377,0.8862504439902368,0.023971231750954287,0.8928282251172126,0.014161729299301798,0.00047999999999999996,0.00015491933384829666,25.194499456696214,0.6865632371835872
LeNet_LSTM,10,0.10349766247880998,0.02014378383674241,0.4305926775973335,0.12047765766224265,0.41088113539687277,0.08207002670867215,0.9682738095238095,0.007305037142224668,0.8888392857142857,0.01956265191054737,0.8916666666666666,0.013072812914594948,0.9770832763446649,0.007335498302615485,0.8883723546836807,0.020321101418805727,0.8916131141910191,0.01329584546870915,0.00035999999999999997,0.00012649110640673515,25.242431822232902,1.2974109309792943
LeNet_LSTM,11,0.08007784088145752,0.014745804513579867,0.42945474768667263,0.12564031637818243,0.40928101249310805,0.09471871670765575,0.9761071428571428,0.0052962589657702674,0.8974107142857143,0.020206485000915285,0.895546875,0.014622266358756932,0.9829656807977999,0.005233840268636508,0.8966607608689173,0.01998886714044371,0.8951818709134025,0.014546311851200968,0.00033,9.486832980505137e-05,24.38219927661121,0.8052335076987702
LeNet_LSTM,12,0.06624552016659942,0.01713135243806463,0.43031278893429165,0.11570311661625807,0.42256054758453204,0.08956856047892879,0.9804583333333333,0.006332632758523188,0.8945833333333333,0.019401779398801524,0.8936718750000001,0.013790914200198592,0.9859280313273742,0.006041463567738774,0.8945001544717182,0.019383350394475703,0.8933712759708173,0.0137980358962185,0.00023999999999999998,7.745966692414833e-05,24.465760078653695,0.6165302290408758
LeNet_LSTM,13,0.05362493883138482,0.009898010432707341,0.4543717279001361,0.12024686330921688,0.4310760745169439,0.10191543664852523,0.9850714285714286,0.003568980642551655,0.895357142857143,0.01909056006242623,0.8971614583333333,0.014798476075104696,0.9893346953517916,0.0036612789360459114,0.8945145054221688,0.019230889549959156,0.8970704166900825,0.015127941929864197,0.00017999999999999998,6.324555320336758e-05,25.066486401855947,1.121270828463625
LeNet_LSTM,14,0.04322943452023278,0.008306774392279538,0.44431163643658644,0.10844973670957078,0.44104922957116893,0.10829516936641556,0.9883214285714287,0.002948388664475125,0.8991666666666667,0.01795815784980542,0.8975781249999999,0.017090799273331576,0.991767056308249,0.002712310818690651,0.898757248037566,0.018005399856686075,0.8975034660768457,0.016944399312326476,0.000165,4.743416490252568e-05,24.837781098484992,0.9136438602210838
LeNet_LSTM,15,0.03764587702307519,0.007831747907460555,0.47793607330753557,0.12618935704866127,0.45351267728702316,0.10244417435510123,0.9901488095238096,0.0026321297253183796,0.8955059523809524,0.022519819418211913,0.8964062500000001,0.013172038724763382,0.9928984495126938,0.0024127604531826163,0.89516235272648,0.022340930680613384,0.8963240129210392,0.013564316323332788,0.00011999999999999999,3.8729833462074166e-05,25.08037598878145,0.9918815870314001
LeNet_LSTM,16,0.03202332865815081,0.005749928593357396,0.4785987189876669,0.12084271585030686,0.44889987596829695,0.10346066073110978,0.9919821428571429,0.0017786566882095258,0.8980059523809525,0.018334154666203275,0.9013802083333333,0.013334785664898426,0.9946192750057555,0.001682650242384289,0.8975068108083715,0.01780993494310536,0.9014125788465155,0.013355807796775214,8.999999999999999e-05,3.162277660168379e-05,24.79296239409596,0.9047024241058621
LeNet_LSTM,17,0.02746572537071461,0.005783038007440022,0.48737357170880946,0.11618884740387735,0.46062656132213303,0.0918576267587431,0.9934761904761904,0.0015962545131173623,0.8970535714285715,0.01851757662476164,0.8986458333333334,0.010232604131260932,0.9956425520676481,0.0018665673966608161,0.8965234293324995,0.01842247308857595,0.8986799468911585,0.010355167284844263,8.25e-05,2.371708245126284e-05,24.669895945861935,0.8212004575726123
LeNet_LSTM,18,0.02486252545559694,0.006341976988191419,0.4976917111394107,0.12677628366406699,0.4710144860373111,0.09410133669904898,0.9944166666666667,0.0019987162042432787,0.8966666666666667,0.01964726581918759,0.899140625,0.011991772001136346,0.99568405852638,0.0016725273040657238,0.896022027840106,0.019681011170905423,0.8991771643547093,0.01197972856125794,5.9999999999999995e-05,1.9364916731037083e-05,24.82975135371089,0.7917874826112459
LeNet_LSTM,19,0.022522316236374677,0.005642525665727749,0.4997885136583465,0.1295832419397652,0.4794389283925799,0.09563908738449144,0.9949107142857143,0.0017215660552356562,0.8979464285714286,0.020146193647454264,0.8985156249999999,0.011285423322238036,0.9965357216567783,0.0013195443769912778,0.897345529348304,0.019939060069615502,0.8986605216388772,0.011253293436460914,4.4999999999999996e-05,1.5811388300841894e-05,24.916950492747127,1.2508020797556847
LeNet_LSTM,20,0.0203079886493687,0.004818377377493898,0.5106122429825787,0.12320708379020483,0.4878222071667066,0.09814085100388538,0.9958809523809524,0.001238387735086952,0.898154761904762,0.018490104808046595,0.8983333333333332,0.011946538697218336,0.9967029289692876,0.0012548248790745994,0.8976112572293614,0.01861370353713656,0.8984134538929345,0.012069162615006946,4.125e-05,1.185854122563142e-05,24.874762395583094,1.063655679032003
LeNet_LSTM,21,0.01961010015452764,0.005445340629745711,0.5116492960369214,0.12250686051894442,0.4935823185771976,0.09614817451099889,0.9960892857142858,0.0015907823937731038,0.897202380952381,0.020579137052709823,0.8969010416666666,0.013127715263302146,0.9971666568490999,0.0011075659395637088,0.8967371269282365,0.020252988843949448,0.8970933851489018,0.013192628043449903,2.9999999999999997e-05,9.682458365518541e-06,53.89158159103245,91.59796747167971
LeNet_LSTM,22,0.01885454690600864,0.005434176864715887,0.5135266194159963,0.11534712763829592,0.5048855263002527,0.09738153178115919,0.9961488095238096,0.0014639711237750407,0.8977976190476191,0.01793260071223241,0.8966145833333334,0.01194325837942029,0.9975117420583987,0.0010117362288876379,0.8975203299301366,0.01791254613460341,0.8968163233096196,0.01207087676830988,2.2499999999999998e-05,7.905694150420947e-06,29.42622372545302,13.254079111573096
LeNet_LSTM,23,0.01794598705910793,0.005261322787828559,0.5154692539196584,0.1208846826167298,0.5076009965958657,0.09784986982341774,0.996452380952381,0.001265555764594391,0.8991071428571429,0.01875183706462007,0.8975,0.01149064257986247,0.9976187972164089,0.0009803152919166183,0.8987128668885875,0.018537052222595232,0.8976199347503137,0.011678485151900383,2.0625e-05,5.92927061281571e-06,24.82956642676145,1.2021050303884635
LeNet_LSTM,24,0.017539499943700528,0.004953296858400488,0.5204570349249046,0.12355907534741786,0.5029430088096221,0.09223674082469575,0.9965892857142856,0.0012279325735315414,0.8980952380952381,0.01976234301802564,0.898828125,0.01095556956460752,0.9975773528691917,0.0009910648034166841,0.8976910593319758,0.019592575999264027,0.8990170781443363,0.010963394586409065,1.4999999999999999e-05,4.841229182759271e-06,24.996653530374168,0.6726496725988844
LeNet_LSTM,25,0.01699229353479327,0.005209981312757901,0.5214915482457616,0.1195476315178001,0.5049357193402344,0.09403996325916836,0.9967499999999999,0.0012624412356698742,0.8985714285714286,0.018263562868373034,0.8990625,0.009998251679730551,0.9977321345987609,0.0009825977588272896,0.8980932960190561,0.01806869333953278,0.899216030479346,0.010078358911362259,1.1249999999999999e-05,3.9528470752104736e-06,25.040450210496783,1.4704783136810713
MobileNet_V2,1,1.0395608613249803,0.030803306455929186,0.5857107164184951,0.09731093086063364,0.5949381514835113,0.09742979861849631,0.6186904761904761,0.01148985991326286,0.7876190476190477,0.029032802080127176,0.780390625,0.025791638269033922,0.8173243555032252,0.028653537622522637,0.7724587147993185,0.03511743664624584,0.7631125939364788,0.02812257528455819,0.0006,0.0,63.74666753411293,3.366301433341135
MobileNet_V2,2,0.46921947516146156,0.01958410848852219,0.47966636628434134,0.094768249298994,0.46524290060887247,0.09614613906161013,0.8298333333333334,0.007867947917619087,0.846547619047619,0.028321006277557348,0.8391927083333334,0.026616415077031975,0.8961801105745402,0.024748626749080425,0.8417595118871078,0.03194734722327129,0.8329777011365176,0.030156121995843183,0.0006,0.0,58.79907275084406,3.5333874799759237
MobileNet_V2,3,0.3334137270698944,0.011318345254230262,0.387446942695581,0.08937234022213103,0.38594048939249054,0.10233375841922049,0.8844047619047618,0.003967460238079369,0.8761011904761904,0.02474996611998261,0.8694270833333334,0.02325455865968629,0.9345219220400829,0.012076491157336482,0.8733677455265811,0.02727388713856182,0.8650127069988622,0.027268453671736956,0.0006,0.0,59.43202152326703,2.83031083940866
MobileNet_V2,4,0.2699077567685218,0.00949086257128576,0.4241575118093227,0.08958319268191836,0.43099118827466026,0.08247628564514918,0.9087202380952382,0.0033786425991139384,0.8703869047619047,0.022809802890395962,0.8629947916666666,0.01980858271361938,0.9357562774895231,0.014065440385667653,0.8674676052820575,0.02534203467539356,0.8600100339696853,0.02012319165070518,0.0006,0.0,61.05266889706254,3.248347175340067
MobileNet_V2,5,0.23223296068466842,0.009312320970728141,0.37437976214593616,0.08627898394659475,0.3718829451231177,0.0732185599046378,0.9225714285714286,0.0035590393575941487,0.8871428571428572,0.013451737119958502,0.8787239583333333,0.014960327431111418,0.9511670391062255,0.009317012159393475,0.8843020321481315,0.01350889760130961,0.87648518848787,0.01480085806153683,0.00057,9.486832980505137e-05,60.91628926843405,2.8762778688940043
MobileNet_V2,6,0.1915015380865051,0.026635476849606005,0.39157770058782626,0.10248922141857943,0.3589239610090918,0.09069492348806918,0.9368630952380952,0.008861123106496782,0.894047619047619,0.02379463820393651,0.8921354166666667,0.019428859701826836,0.9660414791902026,0.010941428245716618,0.8922824239482301,0.025996664572098087,0.8910486723609878,0.01989647912489286,0.0005399999999999999,0.00012649110640673515,59.91285302024335,3.653755683285782
MobileNet_V2,7,0.16409150234787234,0.03252162625673867,0.3545444533485938,0.07917712407596285,0.3707219956459137,0.1221098174741141,0.9459166666666666,0.010234180068425842,0.9001190476190477,0.01157207087728962,0.8885677083333334,0.01898659958451733,0.9706718273776225,0.010370956667242701,0.8991702685957172,0.012659956173324483,0.8867780801809655,0.01998756700251467,0.0005399999999999999,0.00012649110640673515,71.11878856532276,34.484278488759536
MobileNet_V2,8,0.14116870857917121,0.030287952617499097,0.3714739709334496,0.10508936905443174,0.37638673702196485,0.08336740615702008,0.9546726190476191,0.009412471306047948,0.8986011904761906,0.017720514573434164,0.8905729166666667,0.01364631925908917,0.9711961169694264,0.011469025647026529,0.8976625287684137,0.018173056020163513,0.889052564801513,0.01440856906988759,0.00046499999999999997,0.00017958284996067968,59.922279983386396,2.917049371639487
MobileNet_V2,9,0.11183032990211528,0.0371146115487147,0.40337473296740994,0.10180719422986213,0.3760962527214561,0.09441465377557934,0.9645357142857144,0.011797893338473694,0.9005952380952381,0.022640358242872003,0.8979687500000001,0.0189907067408096,0.9822744593870663,0.008314811736660993,0.8996274413256973,0.024203325002716346,0.8969813698834246,0.019547193886201204,0.000405,0.00017392527130926088,100.4035353925079,130.6394862331452
MobileNet_V2,10,0.08668594235820425,0.03271901154031238,0.3870024259792006,0.09358057388483838,0.3538887388421791,0.08388084448912118,0.9722142857142856,0.010343937333364086,0.9047916666666668,0.02178994685949421,0.9020572916666667,0.01580454806793156,0.988702666591621,0.005936163431882093,0.9042219384038409,0.022083432362320795,0.9015180609821687,0.015822389275741693,0.00035999999999999997,0.00017606816861659007,61.55025906618685,3.0436729244539396
MobileNet_V2,11,0.06713271758244146,0.033772225494163526,0.39574095498167877,0.10264057652902157,0.3658982168595525,0.10315200380555233,0.9783095238095237,0.01125359325051883,0.909077380952381,0.017093602309691588,0.9041666666666666,0.020322513557423625,0.987699210497329,0.010147482714758627,0.907627736410668,0.01714606394549197,0.9025244849604152,0.020464632774286447,0.0002625,0.0001468417515558841,59.72012479547411,3.336042156472464
MobileNet_V2,12,0.0452779668136721,0.022999874357203944,0.3895631957615969,0.11581539954957161,0.39181255920024816,0.12596599125909635,0.9855952380952381,0.0075270361777102675,0.9142857142857143,0.013905885292012091,0.9090364583333332,0.01519422088278815,0.9942521642795838,0.0048172026236974995,0.9133674070942291,0.014017789538238342,0.9083345856914858,0.015855443336231397,0.00021749999999999997,8.979142498033984e-05,59.347741071134806,3.5403602671957946
MobileNet_V2,13,0.03159344444672263,0.013374313837432282,0.403553822672485,0.11253150019171171,0.38956849653303327,0.10120082695390437,0.9897083333333333,0.004646031508777011,0.9149107142857142,0.01694103460914111,0.9113020833333334,0.01625986464588404,0.9966479577300156,0.002295586456602161,0.9142337776312273,0.017691130682972556,0.910678446564031,0.01663944091534141,0.00017999999999999998,8.803408430829504e-05,59.62964701820165,3.7508727386821406
MobileNet_V2,14,0.024535007805341718,0.012640751822744095,0.42719954059428356,0.09750102558401552,0.42303808205020677,0.1162216686848204,0.9923511904761906,0.00397353319469998,0.9122619047619048,0.013792751171642357,0.9083593750000001,0.01589203243384787,0.9966540360398147,0.0029653854475231276,0.9113216986017848,0.014150334654094342,0.9078086781709451,0.016179034781973987,0.00014624999999999998,9.09154827298409e-05,59.53648527152836,2.5504356036894076
MobileNet_V2,15,0.01734992726218128,0.010355319279358538,0.47032510917159653,0.12085323490895679,0.4599138407602821,0.183451183559305,0.994547619047619,0.003332293866648942,0.9154464285714285,0.01475038619776171,0.9117447916666667,0.017274283745100687,0.9980411065319597,0.002755381457108548,0.9147043907760175,0.015415651987469187,0.9108385732800104,0.018613190931335177,0.00010874999999999999,4.489571249016992e-05,59.28996021877974,1.8583094624979453
MobileNet_V2,16,0.01134545679177551,0.005230196313259413,0.46363200252696296,0.1119273193764098,0.453984519565615,0.13278818895655756,0.9963511904761905,0.0016782125587333,0.9194345238095238,0.012576180371488254,0.913046875,0.015581270791226265,0.9995060062012533,0.0003390034985652818,0.9187482837124895,0.013106415853811261,0.9124902798839674,0.015949896088201087,8.999999999999999e-05,4.401704215414752e-05,61.36716608870775,3.022708913634953
MobileNet_V2,17,0.008042264840432519,0.0035213117807436096,0.49874989588822655,0.10742782168349392,0.47080084261221006,0.16692781001429674,0.9974880952380951,0.001232332948044047,0.9146428571428572,0.015285377413090589,0.9144010416666667,0.015070229474239942,0.9995178261598848,0.0005842364207325455,0.9140410509388982,0.015608034949140242,0.9139094177211936,0.015289466704103633,7.312499999999999e-05,4.545774136492045e-05,59.962543619982895,2.913043121043787
MobileNet_V2,18,0.005921904595834819,0.003144433464174877,0.4755890713022343,0.09608719676508869,0.4682374171465559,0.14504490703577672,0.9981607142857143,0.0011972196573884707,0.9179166666666667,0.014854341285511639,0.9163802083333333,0.014861988267532508,0.9997321525021109,0.00040296818104715033,0.9174234322483192,0.015319011884393543,0.9159340950645894,0.015185552356277738,5.4374999999999994e-05,2.244785624508496e-05,59.9737498478964,2.587751653884585
MobileNet_V2,19,0.0043090167953854005,0.0016750539585562443,0.4924216378269599,0.0682430598833209,0.48217399877188283,0.1479702050118779,0.9987023809523811,0.0005180053610184945,0.9181547619047619,0.011953438843126617,0.9156770833333333,0.013859995988878493,0.999910701312061,0.00015436498910850247,0.9175298533369052,0.012418439329018838,0.9151640266661115,0.014075604521899255,4.4999999999999996e-05,2.200852107707376e-05,58.933131283707915,2.710829600112981
MobileNet_V2,20,0.00342634132646374,0.0007462159204691722,0.5127648878902764,0.09913880956620467,0.4862904502275251,0.1331722137785296,0.9989821428571428,0.0003851966773243312,0.9175000000000001,0.015456973213151088,0.9175260416666667,0.012832580103932447,0.9998988086038668,0.00024308872865428846,0.916712518794459,0.0160950204457913,0.9170210411677961,0.013293232081547923,3.6562499999999994e-05,2.2728870682460226e-05,60.39113231208175,3.684830405094199
MobileNet_V2,21,0.0024952306094623298,0.0011265247480831554,0.5204227831121044,0.09184764830688562,0.5106822463799389,0.14373814520696732,0.9992678571428572,0.00038885851841241636,0.9189880952380953,0.013952377566498335,0.916953125,0.01424534443964379,0.9999761904680973,5.019489950072712e-05,0.9183566733016942,0.014495363003555082,0.9165324736679364,0.0144387955833522,2.7187499999999997e-05,1.122392812254248e-05,58.80505964253098,4.446622556730513
MobileNet_V2,22,0.00187849679021603,0.0006074899479119071,0.5355262502998996,0.10059054294424816,0.5110348955240199,0.14254140638854695,0.9995059523809523,0.00025724877791054936,0.9192559523809523,0.014618081644748678,0.91796875,0.013337582511575609,0.9999940476177877,1.8823083711438476e-05,0.9185534376076587,0.015209353635465207,0.9174814886423684,0.013641246680314374,2.2499999999999998e-05,1.100426053853688e-05,78.21819893307983,47.11905291992145
MobileNet_V2,23,0.0016722682537067101,0.0005867454115496129,0.5449063909611572,0.09696997493475946,0.5263656896239638,0.1421811185882711,0.9995892857142857,0.00016940773179477847,0.918452380952381,0.014449431155605588,0.91703125,0.013475398752088091,0.9999999999994993,0.0,0.9177344611854558,0.015216260794623059,0.9164678114128636,0.014004732468618176,1.8281249999999997e-05,1.1364435341230113e-05,60.03891663085669,3.9739478738262384
MobileNet_V2,24,0.00139317282182824,0.0004055794388707123,0.5530959746700208,0.09576943663614981,0.5402621334622232,0.1499775759343838,0.9996428571428572,0.0002003870027452538,0.9192559523809523,0.012799579953130052,0.918203125,0.013457073070866703,0.9999940476177877,1.8823083711438476e-05,0.9186710846242996,0.013559281529862462,0.9176324745788589,0.0138230337354543,1.3593749999999998e-05,5.61196406127124e-06,59.162026861310004,3.4292918441620746
MobileNet_V2,25,0.00122396906784596,0.00037283407658986,0.5496670069851679,0.08599274650257918,0.5348411964930444,0.14688827387009948,0.9996488095238096,0.0001548381985327335,0.9202083333333333,0.01271425258353292,0.9182291666666668,0.012722863771124006,0.9999999999994993,0.0,0.9196104320672138,0.01312882643478786,0.9176596937456629,0.013147526154434852,1.1249999999999999e-05,5.50213026926844e-06,58.01465168800205,4.32179328307595
ResNet18,1,0.6046029514634893,0.017206843984687185,0.4503478903599941,0.10517575335403423,0.4524904547866716,0.09266661796040104,0.7898035714285714,0.006719312749991586,0.8573214285714286,0.024637632679835854,0.851328125,0.026389873999339244,0.9092746532177356,0.01802923692100683,0.854659608223734,0.026366375628677014,0.8480176270772576,0.027231284832826948,0.0007,0.0,44.02991285957396,2.056565646313779
ResNet18,2,0.2858225272709415,0.0136402984891587,0.3849934320987616,0.1223054999218022,0.3811198712137972,0.14277478642595848,0.9024642857142858,0.004602250865169274,0.8863392857142858,0.031861598304590046,0.8879166666666667,0.024293213632369887,0.9487483079166406,0.009270534071634529,0.8847290415576017,0.03326060220797334,0.8862261020658023,0.0253544390302937,0.0007,0.0,41.692279312573376,1.4292401197457
ResNet18,3,0.2053310273552224,0.008566385737412547,0.42203146043278367,0.1149285753914533,0.38729540006653024,0.07300702458915373,0.9307380952380953,0.003394330414375513,0.8866071428571429,0.025382095182586856,0.8866927083333334,0.013455953136688008,0.9565923576463465,0.010098160170167347,0.8854958321207459,0.025489570752163425,0.8848005228907592,0.014934779499644692,0.0007,0.0,41.093822319433094,1.1067182727543536
ResNet18,4,0.16681735075584475,0.006204031103027126,0.41026760026875986,0.09546629056783831,0.38935172320025757,0.08590610435571107,0.944452380952381,0.0022519273120586423,0.8876488095238095,0.021182936838742044,0.8885937499999998,0.018630988038152368,0.9683408057113174,0.006733427240109162,0.8866412542140345,0.022172884281162156,0.8870874304780907,0.019596286584977838,0.0007,0.0,40.24161372967065,0.948693217168587
ResNet18,5,0.1326485909642208,0.006787984418434266,0.3971459515012018,0.08685983050386953,0.3601908816246911,0.0981302777880136,0.9564285714285713,0.0025007872280322497,0.898154761904762,0.01795541740983209,0.8985416666666666,0.017815325609760554,0.9765686471018847,0.006352883026153711,0.8970450676578071,0.01906213916050092,0.8978303644601183,0.017854366904210967,0.0005250000000000001,0.00018446619684315548,40.835120626166464,1.3456112744614612
ResNet18,6,0.08564988406286347,0.031423896483518225,0.4009603075794758,0.11142728740142287,0.3508806772721631,0.09929043328478736,0.9720119047619047,0.010528324464234002,0.9025595238095239,0.026142783656569243,0.9059114583333333,0.026045153123098224,0.9860152069057653,0.009698883838958238,0.9015499003348898,0.02699847120091021,0.9049943282214084,0.026073941094030058,0.000455,0.0001690660620388768,40.879190180264416,1.9758402123479681
ResNet18,7,0.06419661811207018,0.022747263664196493,0.40491746671426165,0.10260175757806583,0.39101386839655766,0.15756290982777216,0.979172619047619,0.006820402958070387,0.9051488095238096,0.01893051074056018,0.9063802083333334,0.02287033998547706,0.9911025093778187,0.005320647752833861,0.9041754424743147,0.01976580733715487,0.9054987379797688,0.024625743265311917,0.000455,0.0001690660620388768,41.07798470258713,2.1804583404430273
ResNet18,8,0.054490830424995605,0.015717855457694156,0.41980872998167085,0.13078381043854057,0.4237039401819683,0.1811557534620795,0.9827083333333334,0.005045947393404121,0.9119047619047619,0.025232759993127,0.9058333333333334,0.02296468821690578,0.9898765789793142,0.006947294269792611,0.9111122902878026,0.026533728768445636,0.9043969361381073,0.024289689971344175,0.00026250000000000004,9.223309842157774e-05,40.697167416848245,1.5138073336600921
ResNet18,9,0.0262973131132977,0.008899065546897207,0.4367994970728577,0.1002743880563552,0.38589288990499826,0.11106302902760329,0.9914821428571429,0.0027993001253413443,0.9130357142857143,0.01843626621820513,0.91671875,0.01654496582339239,0.9972075084759192,0.0016659852268553824,0.9122443521713054,0.019411290687869353,0.9161482099598093,0.01669272084465669,0.000245,9.03696114115064e-05,40.28856855370104,1.796467952601037
ResNet18,10,0.01935621020268821,0.008122631837035512,0.4426047690689933,0.11390607444693356,0.4044835386606131,0.10934380345695946,0.9938928571428571,0.002992310839845568,0.9142559523809524,0.01730316292701745,0.9151822916666668,0.01761834176863166,0.9965987466339804,0.002327190443140736,0.9141017655242105,0.01748085978546649,0.9142053225301039,0.01822897614461707,0.000245,9.03696114115064e-05,52.643393786810336,34.472211975852346
ResNet18,11,0.01957553842450887,0.008279660016270542,0.445139700761509,0.11258384870856164,0.43261512368077754,0.13155552225772918,0.9937738095238094,0.0028389244997788416,0.915297619047619,0.017648806735547664,0.9141406249999999,0.014687874510919989,0.9978272874167216,0.000926108377178717,0.9147167285021041,0.018242539245920383,0.9133163855501584,0.015250597550415284,0.00013125000000000002,4.611654921078887e-05,41.13283668588847,2.1620035672979787
ResNet18,12,0.00866594641336368,0.0028699813077398646,0.4898917692431427,0.10777271662083866,0.4471883804505022,0.14228402847124713,0.9971607142857144,0.0009968337693006134,0.9173214285714286,0.01572212506880875,0.9164583333333333,0.01811006062691377,0.9996607238887515,0.00027641101123460744,0.9164412442954974,0.01598574192618633,0.9157241906116924,0.01854329816869287,0.0001225,4.51848057057532e-05,41.86368611268699,2.5178514800833725
ResNet18,13,0.00564932100120039,0.0016395653756114791,0.4935936024022478,0.10384239149232759,0.4774783276275709,0.15959432893890962,0.998202380952381,0.0006101311458343504,0.9203273809523809,0.010978382767785934,0.9169270833333332,0.0179147824159923,0.9991963259001437,0.0008902500959984132,0.9198714013819757,0.011479245659612145,0.9162463955279637,0.018396619722487594,0.0001225,4.51848057057532e-05,81.04077623318881,123.87093614135026
ResNet18,14,0.00594885939856366,0.0020911993033443242,0.5154491858667294,0.1433009184721976,0.484139236150776,0.16283827623491196,0.9981964285714285,0.000681598880953822,0.9180059523809524,0.016083824584510582,0.9161718750000001,0.016526578686953446,0.9995057479097984,0.0007757586972324794,0.9174874455417978,0.016685198648963426,0.915324251315595,0.01702693667407221,6.562500000000001e-05,2.3058274605394435e-05,40.679747411236164,1.3141235591583365
ResNet18,15,0.00282470395735328,0.0008256909093833077,0.5370445748463326,0.12471473498519647,0.4721800250175307,0.13124949712314288,0.9991666666666668,0.0003331915798362587,0.9175892857142858,0.015067253124476904,0.9207552083333332,0.016551909794151203,0.999892837508285,0.00022064641504183612,0.9167592884023212,0.015567877877921577,0.9201964729493728,0.016881156215663655,6.125e-05,2.25924028528766e-05,41.44682578258217,2.618798102820707
ResNet18,16,0.00195660439701302,0.000793023910551366,0.5588476721992445,0.13117998037175427,0.4804298510704933,0.1377284879913593,0.9994642857142857,0.00029429359075774974,0.9183928571428572,0.01800249485803653,0.9221614583333334,0.014131160613329283,0.9999523807863667,0.00011501141799642366,0.9175042715209691,0.01870454947294138,0.9215724573453352,0.014466537474141474,6.125e-05,2.25924028528766e-05,40.82142598573118,1.7290531437220806
ResNet18,17,0.0018268744370766702,0.0008621507338821828,0.5663771288194506,0.12912880603844445,0.5017430442295864,0.14368636886855557,0.9995119047619048,0.00030712337414110966,0.9188392857142856,0.017615232006762044,0.9210156250000001,0.016393178030139725,0.9999761904726527,4.1619404045456695e-05,0.9181681535947996,0.018243327689297328,0.9205950773740014,0.01668743942200349,3.2812500000000005e-05,1.1529137302697218e-05,40.6940466016531,0.9587269118965476
ResNet18,18,0.00112106251219904,0.00040159088358060886,0.5684460953623315,0.120265027581821,0.5100877410178635,0.1484763756189831,0.9997083333333334,0.00016940773179469518,0.919702380952381,0.01429246423426101,0.92125,0.016600163907137366,0.9999999999994993,0.0,0.9191002540474665,0.01481507836701276,0.9208160783752432,0.016904128598364994,3.0625e-05,1.12962014264383e-05,40.79230243079364,1.736122770894351
ResNet18,19,0.0007038804761000499,0.0002967237919049854,0.5764760409331446,0.1280129576935818,0.5055803047715792,0.14417882896647632,0.9998511904761905,0.00013529942159706907,0.9205059523809525,0.015190205884460468,0.923828125,0.015596158759938356,0.9999940476177877,1.8823083711437246e-05,0.9199009568638296,0.015673869821456642,0.923378186378778,0.01599064899874112,3.0625e-05,1.12962014264383e-05,40.995044832490386,2.6611523027818453
ResNet18,20,0.00083734613940824,0.00029847588542209727,0.5901240684984188,0.13558557281872197,0.5128546192803245,0.15121717004987334,0.9997738095238095,0.0001770214922475604,0.9192857142857143,0.016843356691914058,0.923203125,0.0155861061063701,0.9999999999994993,0.0,0.9185580180195704,0.01736883712988963,0.9225923351606635,0.016119551489152423,1.6406250000000002e-05,5.764568651348609e-06,40.91849013399333,1.3781945698517675
ResNet18,21,0.00060927018523211,0.00022325168480141725,0.5849291026768181,0.1347737550823058,0.5249782790350616,0.16199475891431273,0.9998988095238095,7.96127089196165e-05,0.9202678571428573,0.017062021208293896,0.9229947916666668,0.016466558576701828,0.9999999999994993,0.0,0.9197182349626567,0.017604405135044774,0.922465062575512,0.01693919938862497,1.53125e-05,5.64810071321915e-06,40.61279159709811,1.103285092141441
ResNet18,22,0.00048342394544959,0.00017761381967264329,0.5914263307798853,0.13299761905916266,0.5357737735688921,0.16728858199275792,0.9998869047619048,0.00010666412742632227,0.9211904761904762,0.014962606662461955,0.9221354166666667,0.016085516817098203,0.9999999999994993,0.0,0.9206799758258614,0.015296129017112902,0.9216160457612756,0.016483726860603443,1.53125e-05,5.64810071321915e-06,41.766550339385866,1.3574825628507239
ResNet18,23,0.00041036230041862,8.213077437560307e-05,0.5875287247295303,0.12464216775364163,0.5279929628483566,0.1528309638149344,0.9999107142857143,5.7846744988612244e-05,0.9214583333333334,0.015267112593622094,0.9234375,0.015756583292467524,0.9999999999994993,0.0,0.9208650767080397,0.015766848159251456,0.922897073600889,0.0161481361768406,8.203125000000001e-06,2.8822843256743044e-06,41.337273225560786,1.690180806826277
ResNet18,24,0.00040277200227687,0.0002290917076994158,0.6032169546895706,0.13145322012504249,0.5341916009901009,0.1586634688563399,0.999904761904762,0.00010194629030689098,0.9210119047619048,0.014824761636234713,0.9244270833333333,0.01585849836794485,0.9999999999994993,0.0,0.9204943528528707,0.015254212360372426,0.9240388147422616,0.016117769660677593,7.65625e-06,2.824050356609575e-06,40.965761883556844,1.3539688055597479
ResNet18,25,0.0003450829918895,0.00010610672028879969,0.6059654270026688,0.13798091093079273,0.5368989634818532,0.1568640149613074,0.9999226190476189,5.6469243931643796e-05,0.9214583333333334,0.015207689416782874,0.9239843750000001,0.01578451083992248,0.9999999999994993,0.0,0.9209901983313099,0.015716396443288348,0.9236177775683603,0.015985492169316308,7.65625e-06,2.824050356609575e-06,40.919343828223646,2.329139123475021
TCN,1,1.2993032569218248,0.034862374538598924,0.8642372656161232,0.10295756374173966,0.8552860466980686,0.09787991632711227,0.5503214285714286,0.013191660405650214,0.7121130952380952,0.03039441961240927,0.7005468749999999,0.029737320627258083,0.8245558752067987,0.007263538789514744,0.7092959269780568,0.03309454564923395,0.697820268320012,0.029757635538192585,0.0001,0.0,36.98378354422748,1.945717242686407
TCN,2,0.535093409304108,0.02202957084401456,0.7650063798975018,0.09255819234040075,0.7327708307292232,0.12486024494883842,0.8188214285714286,0.0075615701517268395,0.7647916666666666,0.02375118928610542,0.759765625,0.033175454837496496,0.9179467864288158,0.006063416907700577,0.7645627324777762,0.024328213686725504,0.7600449493948471,0.0345537230408215,0.0001,0.0,35.5578850178048,1.700349475482904
TCN,3,0.3108270967049258,0.014127438009085815,0.7374445552353953,0.13735817410735904,0.7144760912938095,0.11876318164356425,0.8962559523809525,0.005121311945373363,0.7936011904761905,0.03204449541861932,0.7826562499999999,0.02984197747790295,0.9560622289766716,0.004552966556755905,0.7935613606447529,0.03275560561563047,0.7832368669089832,0.030021549554438923,0.0001,0.0,35.42772151883692,0.719151345866916
TCN,4,0.20457734158067473,0.010645357997391433,0.7701761843831797,0.15230287661517908,0.7367634013791559,0.10617780505617608,0.9335059523809524,0.003775210253622586,0.8052976190476191,0.03100632509290962,0.7989583333333333,0.020315838400877174,0.9726965980544721,0.0017748395118088154,0.8046276403610417,0.03184865942690219,0.799244292698911,0.02093774619234144,0.0001,0.0,35.69131532777101,1.1418592349535288
TCN,5,0.14946015616612768,0.00882198316921764,0.8027404869750547,0.19851533080987946,0.7869996809574487,0.13011457296463422,0.9521547619047619,0.003039511578763939,0.8127083333333334,0.03251488662780089,0.8009635416666667,0.02180013990271998,0.9800792332660956,0.005777771712529949,0.8125280019948822,0.033278699764019246,0.8007509285458223,0.022368700980123397,8.5e-05,2.4152294576982397e-05,35.147975645773116,1.588380138169012
TCN,6,0.09938260372550711,0.02180696613060425,0.8577434884431486,0.15790982749643784,0.8085679003863568,0.13130121458300864,0.9692440476190477,0.007214480522803223,0.8161309523809525,0.023701308310324617,0.8133593749999999,0.019898382041764508,0.9899651206394248,0.004069125767022994,0.8155199021593009,0.024602990122530508,0.8130948892357068,0.020241168697697223,7e-05,2.5819888974716117e-05,35.22679725512862,1.3143816951738794
TCN,7,0.06596825376223944,0.020258450890007773,0.9517195666280959,0.1902917293349658,0.8823591378278668,0.14011207157300162,0.9795654761904762,0.006571927579589034,0.8213988095238095,0.026425208476871204,0.818671875,0.017334636932650332,0.9937062226527384,0.0035841478284828637,0.821360089895351,0.027664439510229434,0.8185849095088404,0.018236027149434706,6.000000000000001e-05,2.10818510677892e-05,35.09152733217925,1.3905635680064787
TCN,8,0.047846550021143144,0.018418066993760068,1.0105121032540594,0.22632741399668035,0.951236634173298,0.1627006772865096,0.9855238095238095,0.005919273003919959,0.8225595238095238,0.031648473609863295,0.8169531250000001,0.018488340301200064,0.9961127602035228,0.0023902669416862405,0.8219900536176283,0.03242191729216676,0.8175134394771293,0.018344362546690886,4.25e-05,1.2076147288491199e-05,35.12843021657318,1.7379308688688002
TCN,9,0.029816578780611308,0.005960298074092925,1.0772975779296945,0.2360733781424081,0.9940491203521813,0.17135730855469308,0.9912261904761905,0.001776253598322343,0.8278869047619046,0.032183264455659694,0.8228645833333333,0.01642520766846374,0.9976548204621217,0.0011874382208341236,0.8274036435188824,0.03303102250265083,0.8231983651100506,0.016976144712110966,3.5e-05,1.2909944487358059e-05,34.276289666816595,0.8228404069825844
TCN,10,0.02093156689689269,0.005111122006188021,1.1047764831137543,0.18358088157616984,1.064359481547582,0.14897088689142074,0.9938750000000001,0.0016405862880710894,0.8325892857142858,0.029233486923125596,0.824453125,0.01650650493297228,0.9988930080889654,0.0007659194960640736,0.8326459053455032,0.029776313807659407,0.8245860876029651,0.01701553845476673,3.0000000000000004e-05,1.05409255338946e-05,35.17861138824374,1.1572689231669844
TCN,11,0.01667963467396435,0.0037296808042663757,1.173798033990479,0.2227628105605899,1.127246563736227,0.1860170759636564,0.9951011904761906,0.0011394660060912358,0.8321130952380953,0.03025954653535928,0.8281770833333333,0.01794201748723775,0.9991965127001892,0.0004303447697086456,0.8319717055324606,0.03127060440289806,0.8285046294142617,0.018555911455789827,2.125e-05,6.038073644245599e-06,35.1830521935597,2.058652562376247
TCN,12,0.01147121048683206,0.0013439499564262408,1.2087848406394168,0.2358949389206032,1.1780328831675058,0.18539125374437332,0.9968095238095238,0.0005867114151833883,0.8331845238095237,0.030865214182361614,0.8279947916666666,0.017774696082998982,0.999577425429323,0.00016940705581590704,0.833297744773471,0.031121016966456295,0.8279364517065775,0.01818148626675813,1.75e-05,6.454972243679029e-06,34.20863677971065,1.4937294548115272
TCN,13,0.00900046108946909,0.0016415448878017074,1.2334552333758075,0.2426959386386257,1.214562085382005,0.1893741741037269,0.9974285714285713,0.0006597334108133671,0.8370833333333334,0.03205307861701307,0.8293229166666667,0.017487043263478386,0.9997440411688581,0.00014044035956083543,0.8369720755212384,0.03283750857647181,0.8293914914605193,0.01794719088768096,1.5000000000000002e-05,5.2704627669473e-06,35.29491298720241,1.6549673980508681
TCN,14,0.00730426483565848,0.00079230330592982,1.2812966645137922,0.2214932352168079,1.241454187534873,0.18628571603957403,0.9980178571428571,0.00030999404654595954,0.8355654761904763,0.028332141859479645,0.8297395833333333,0.017319742379153538,0.9997440666244577,0.00011919254383347927,0.8355068214521901,0.028614627674982362,0.8300321488774776,0.017845454434309595,1.0625e-05,3.0190368221227996e-06,36.00104106720537,4.891931445780023
TCN,15,0.0061476012794744,0.0007276736879274861,1.3144634334500376,0.22771575079473838,1.27381888880941,0.20186286850858243,0.9983630952380953,0.00025136625911348793,0.8373809523809523,0.03125809293040373,0.83125,0.01908853969291588,0.9998511925802834,6.429197409128166e-05,0.8369104711379514,0.0324336035485584,0.831195874582321,0.019519438851336272,8.75e-06,3.2274861218395146e-06,67.9297983508557,105.82824062494704
TCN,16,0.00510577594808164,0.000855042614913275,1.326174550705225,0.23033204338570806,1.2912035565884217,0.17859242489546648,0.9986845238095239,0.0002485312106368288,0.8386607142857143,0.029764368284285164,0.831796875,0.018071594939127706,0.999892857131727,5.4698609647502264e-05,0.8384162479805314,0.030755979503498343,0.8318099650881022,0.018655512752970244,7.500000000000001e-06,2.63523138347365e-06,34.46809097956866,1.6533257220792978
TCN,17,0.0043376797118356795,0.0006363511696178977,1.3476537398952853,0.23837712286481305,1.3381102522885362,0.20313168385795208,0.9988035714285715,0.00029221280258649913,0.8392261904761906,0.03142001496880548,0.8309895833333334,0.016820130416555584,0.9998690518497504,5.469450562657203e-05,0.8391007907586963,0.03233529629094515,0.8309785873821258,0.017198192333559233,5.3125e-06,1.5095184110613998e-06,35.024719648808244,1.9871743948619023
TCN,18,0.00418331568439796,0.0008516718838387088,1.3696998180929625,0.22856894379627918,1.3386992760099625,0.1959189887887549,0.9989166666666668,0.0001814147531850988,0.8385714285714286,0.030565603377838767,0.831796875,0.01816433992304409,0.999916666657055,4.161940259765451e-05,0.8384605193807497,0.03119957532496535,0.8318775967967842,0.018616513038702695,4.375e-06,1.6137430609197573e-06,45.26081652827561,36.046382841023714
TCN,19,0.0037913709424790497,0.0007633997088644213,1.3669041757220988,0.2360799259301504,1.349735148364393,0.18874752728043157,0.9989940476190476,0.00026389634790747394,0.8389285714285715,0.031736357652971926,0.8322916666666667,0.01760933657375828,0.999934525924246,3.378472876399303e-05,0.8386932200178098,0.032397744954566,0.8323462101066423,0.0180636695289456,3.7500000000000005e-06,1.317615691736825e-06,35.39286422934383,2.091155487109547
TCN,20,0.0034013085954245703,0.0007318370329407634,1.3911133968976974,0.2404634954530203,1.366603960037954,0.20156788213796292,0.9991845238095237,0.00021007398305662012,0.8389880952380953,0.030824930930061015,0.8325520833333334,0.01682998325093791,0.999934525924246,3.378472876399303e-05,0.8388280913255588,0.031349248544959116,0.83260986801321,0.017253813626953732,2.65625e-06,7.547592055306999e-07,41.41213224083185,23.377934706801362
TCN,21,0.003331288835832,0.0006708243069667403,1.396715636335922,0.2397268856345324,1.3665779498464903,0.1998915881114317,0.9991547619047619,0.00016552899694148002,0.8386904761904763,0.030404763458502657,0.8336979166666667,0.016485835407925854,0.999934525924246,3.378472876399303e-05,0.8384548972558118,0.031140888852730437,0.8336900580851078,0.016914424105774088,2.1875e-06,8.068715304598787e-07,39.035271500237286,12.975536657783623
TCN,22,0.00313033960830592,0.0006872306557148907,1.4031137358220487,0.24407859048005276,1.371914992464372,0.19718875159685487,0.9992142857142857,0.00024749946237324395,0.8397023809523809,0.03143360649903066,0.8332552083333333,0.016929553772716165,0.9999404761823831,2.8059796483223363e-05,0.8394677991786604,0.0321899534637895,0.8333734784303722,0.017378661180644316,1.8750000000000003e-06,6.588078458684125e-07,34.421589116938414,2.5871870041809335
TCN,23,0.00291273919315559,0.0007107804990077479,1.4097949070237572,0.23216158595328826,1.3807876534642731,0.2003408503059304,0.9993392857142858,0.00024534273721670073,0.839017857142857,0.030139943631815214,0.8329947916666667,0.01789586583907059,0.9999404761823831,2.805979648333385e-05,0.8387891168501721,0.030715193517124557,0.8331253160799086,0.018273019354363457,1.328125e-06,3.7737960276534995e-07,34.294724960066375,1.436710092859871
TCN,24,0.0029453428139288697,0.0007085094550125856,1.4136451452938095,0.22944215768242657,1.3862865755366678,0.20063401183304694,0.9992142857142857,0.00015572553071707755,0.8385416666666666,0.03037310569519818,0.8332291666666667,0.017807710667592277,0.9999404761823831,2.805979648333385e-05,0.83827592037277,0.031138171328339966,0.833363224867675,0.01827700882112929,1.09375e-06,4.0343576522993933e-07,34.15296680256724,1.1975863780530882
TCN,25,0.00258428720633185,0.0007579845184082942,1.4194951206792703,0.23229937584369276,1.39191124583128,0.20170468256672477,0.9993809523809525,0.0003037723683969378,0.8391071428571429,0.030098035730759712,0.8333333333333334,0.018040942938396597,0.9999404761823831,2.8059796483223363e-05,0.8387595088231544,0.030909651985696555,0.8334232192820803,0.0184780165582318,9.375000000000001e-07,3.2940392293420625e-07,35.12485808059573,2.321543228282135
Transformer,1,1.9616845703692665,0.04717653084005408,1.629354740940478,0.096609229756463,1.6896441234771433,0.1359825344439541,0.3452738095238095,0.012873091714884306,0.4454166666666667,0.02126406578778292,0.4270833333333333,0.033843926513965776,0.5640906798006398,0.008585522035082659,0.4334924729641596,0.023237306800153644,0.4153620858655566,0.03431604675939727,9.779754323328191e-05,0.0,36.994212759844956,1.824366804648842
Transformer,2,1.1653260953937257,0.04429384334804074,1.2517165032224287,0.1419860982469313,1.295533791304503,0.11074180106523693,0.5949166666666666,0.0136270731061798,0.5710714285714286,0.035590559495041224,0.5582291666666667,0.02391432401176785,0.7430810470210653,0.014093699244517107,0.5643176701005055,0.03699642994358618,0.5508139181480706,0.025590141265018632,9.140576474687264e-05,0.0,35.339327436126766,1.3029998188535719
Transformer,3,0.7573534301093646,0.03799317013453596,1.0828837154581143,0.16435100844750813,1.106976573590946,0.11852351920167449,0.7354464285714286,0.010926119092351935,0.6389285714285714,0.038775039862021236,0.630078125,0.028501913824799757,0.8356430388555717,0.011374853017674234,0.6344349669246394,0.04042704343787397,0.6263348271653094,0.029752969379834716,8.14503363531613e-05,0.0,35.41127546280622,1.1603960705024239
Transformer,4,0.5327724146729425,0.02978500887775016,1.0343948087167727,0.15791948400694558,1.0557623517762598,0.12873111385930813,0.814172619047619,0.009295182816672519,0.6697321428571429,0.03298220975854734,0.6619270833333333,0.027352649565839222,0.8871951688205761,0.006851893246322132,0.6653588794235492,0.03248415959229159,0.6579214629364241,0.02830951071931496,6.890576474687264e-05,0.0,34.9277091300115,1.4876013720293224
Transformer,5,0.3982310111778123,0.02524566656634342,1.021644072247658,0.1720747079967528,1.0519533924223894,0.1252629488886697,0.8618988095238095,0.00812327127567405,0.688779761904762,0.033342499802562785,0.6783854166666666,0.0248017919138385,0.9179380977161091,0.007137762241390379,0.6861839252329479,0.03381685410660716,0.6754367936012892,0.026107253485319507,5.5e-05,0.0,34.29267497099936,1.6012667739761128
Transformer,6,0.30945812410400025,0.0222776748973768,1.0450077514550538,0.19096444745765656,1.0662195124390321,0.13628923334772491,0.8964107142857143,0.007005909956131954,0.6975595238095238,0.03291911235018208,0.6935416666666667,0.025876734655130598,0.9370505115879382,0.006617175767665534,0.6950658220872293,0.033202010944826936,0.69012203459312,0.027290478503449497,4.109423525312737e-05,0.0,35.12732250560075,2.2819177331081386
Transformer,7,0.2474084209601084,0.01783478564649753,1.068237823290041,0.2019188819241145,1.1042969367197657,0.14718107030886313,0.918797619047619,0.005440402382188348,0.7020238095238096,0.03358945911544916,0.6947395833333333,0.0263365251669686,0.9503855377848669,0.0028871625722488954,0.699566505565022,0.0340882208729959,0.6919121551141978,0.027513203571060546,2.854966364683872e-05,0.0,34.60941431596875,1.1169368251814242
Transformer,8,0.20747497610322063,0.0156462437781097,1.0923603319046171,0.21301597377868245,1.130952759242573,0.144950416918204,0.9337202380952381,0.005909584910512965,0.705297619047619,0.03579515755460198,0.6995572916666667,0.022405268926426875,0.9593458442631825,0.003849964842676735,0.7028433253153547,0.03566224556096681,0.6964707036790088,0.02331328475663942,1.859423525312737e-05,0.0,34.42636770997196,1.2773870478906757
Transformer,9,0.18062868793521605,0.015106820659219262,1.1056432541235837,0.2107709630146575,1.1553308539122855,0.15414918117653006,0.943797619047619,0.0046712434365095935,0.7101190476190476,0.034102750716767515,0.6990104166666666,0.024447687107366448,0.9640698700551941,0.0032588733213343847,0.7081934836311428,0.03422594691532251,0.6959143214746129,0.02530166172623093,1.2202456766718091e-05,0.0,34.192647974565624,1.4746150623009164
Transformer,10,0.1626061944947356,0.014098562582271042,1.125677314358306,0.2134202936321343,1.1721659862005374,0.15334493050734002,0.9507619047619048,0.004664158839168824,0.7098809523809524,0.034427833662062396,0.6996875,0.02448556850883019,0.9671716570311746,0.0030692243878621293,0.7081040122730193,0.03459725191774361,0.6965498267189287,0.02547150089631433,0.0001,0.0,35.447154795005915,1.7803769837072023
Transformer,11,0.18667497410234946,0.01379530973840274,1.2071114353474695,0.22498246452290016,1.24230793859863,0.1619760121436124,0.9377738095238095,0.004932796670571117,0.7082440476190477,0.0315738292089684,0.7006770833333333,0.025211657073504208,0.9705768693313213,0.003673229878869098,0.7060446383820448,0.03161690163503538,0.6981209387283359,0.026203470124714492,9.94459753267812e-05,0.0,34.891566699557,1.5610149022406112
Transformer,12,0.14044987135203107,0.010601965984815638,1.2980878209030338,0.2495331237388613,1.3328936594648044,0.1746851551125984,0.9543988095238095,0.0035707064966700583,0.7141666666666666,0.03031340868796676,0.7054166666666667,0.024708588039721462,0.9784023360831764,0.0052131634650175295,0.712248746353352,0.030259303064866155,0.7023562654555178,0.025639493443183337,9.779754323328191e-05,0.0,34.873010160960256,1.5143657660623857
Transformer,13,0.10167870061738145,0.008644637371106116,1.4253992228564711,0.27517010222558874,1.471825669528054,0.19563362136559231,0.9675833333333334,0.002810773419527657,0.7158035714285714,0.03143368477423168,0.7065104166666667,0.025280245892174938,0.9857936245688638,0.002323780662787284,0.7143121701544825,0.03136295071123824,0.7035893918982156,0.025900358444294416,9.509529358847657e-05,0.0,34.18275879938155,2.2970172035465746
Transformer,14,0.07552336629160808,0.006382605441177126,1.5375692170631885,0.2643144790588516,1.5771681744068216,0.2067584244507738,0.9758809523809523,0.0019929960506101683,0.7153869047619048,0.03153328078378724,0.7107812499999999,0.024315226250714958,0.9907781100065236,0.0015590720312795253,0.7136381005403769,0.031163435752304496,0.7076436149244045,0.025616463582706046,9.140576474687264e-05,0.0,33.81123312842101,1.3200302512976336
Transformer,15,0.05332180546862734,0.005488601179141983,1.6493242793332716,0.2839453738895954,1.7135891082044055,0.22214877329011423,0.9833214285714286,0.001876820523760227,0.7215178571428571,0.03323221683683851,0.7127864583333333,0.02559349597678398,0.9927904319045439,0.0014291398768465416,0.7198807546964244,0.032867571593578844,0.709297739354841,0.026034757808507985,8.681980515339464e-05,0.0,85.14865617230535,125.02343712528395
Transformer,16,0.03987641511502717,0.004733833283414515,1.777501947654065,0.3069650265092213,1.835471613574527,0.24456242085672425,0.9879404761904762,0.0014415198021130288,0.7194940476190477,0.03297689780629284,0.71375,0.02365472891084738,0.99550834090079,0.0009368830422588302,0.7178480258385139,0.032169948700234506,0.7111313467504037,0.024648338495598273,8.14503363531613e-05,0.0,34.13922730833292,1.3945361598102344
Transformer,17,0.02882738893372667,0.0026025121442789507,1.8632463793114837,0.34176600375762944,1.9343879946166145,0.2498546014538742,0.9912619047619048,0.0011053564127438435,0.7208630952380952,0.03728824746694269,0.7144791666666667,0.024864056991046588,0.9964927633960026,0.0009730877108032663,0.7193907720432224,0.03662092358460662,0.711207357545724,0.025792290768609928,7.542957248827961e-05,0.0,33.51830898765475,1.8055483304822921
Transformer,18,0.02091674256679554,0.002619996015115116,1.9375573695723767,0.3155971450382873,2.008626646629807,0.24842095770779735,0.9937142857142858,0.0007514578088611586,0.7229761904761904,0.03314881849020486,0.7170052083333334,0.024511174528075084,0.9977488807037218,0.00037846026952664347,0.7216582323316192,0.03244505639030509,0.7140413329288909,0.02529523213308658,6.890576474687264e-05,0.0,33.2437436491251,1.784249044481384
Transformer,19,0.01632483089679759,0.0026953013564128474,2.014163318186514,0.32447015044375005,2.1103916864040286,0.2664354770231857,0.9952380952380953,0.0008634942518646663,0.7242559523809524,0.03278593486360156,0.7146354166666666,0.025874113757411703,0.9986365637568252,0.00040240984431710213,0.7229493193491774,0.032402421317629555,0.7120267900202577,0.026848483480128447,6.20395509268104e-05,0.0,33.09679870866239,2.070540577486908
Transformer,20,0.01186836380192205,0.0016151227488601203,2.0909701008187227,0.3276395672493824,2.182608558295728,0.29510116637113326,0.9966011904761904,0.0005123890289680013,0.7244940476190476,0.03424963252879173,0.7179947916666667,0.027403470387604864,0.9987076662649672,0.0006465421123309804,0.722887458439313,0.03399993061526223,0.7146131558831333,0.028538327365148938,5.5e-05,0.0,45.82205202486366,32.48761772316701
Transformer,21,0.009023595995846189,0.0018787092398413862,2.1251108774002017,0.33309289044773455,2.22517087286396,0.27463898594598846,0.9975059523809524,0.0006021098057588527,0.7265178571428572,0.03367480577192347,0.7192447916666667,0.025855366597971673,0.9988626104470543,0.0009056158716071866,0.7254131088454125,0.03294370490043509,0.716036098215606,0.026404608371803574,4.7960449073189627e-05,0.0,33.66371259111911,1.6261011008378283
Transformer,22,0.00714623532834501,0.0014009164315694296,2.170079678913509,0.3615225737762188,2.265019696701384,0.26882400121458355,0.9980059523809525,0.0003693355251782944,0.7271130952380952,0.034284787084207256,0.7201302083333333,0.024869162962287892,0.9993449532798448,0.00034956109777741645,0.7258195520438904,0.034374069229600186,0.7174513997963566,0.025851616442110585,4.109423525312737e-05,0.0,33.593033062107864,2.4093785568922232
Transformer,23,0.00574674478031336,0.001090889711200426,2.22893578921284,0.3450874187980229,2.3202532151306343,0.287544551758906,0.9983928571428571,0.00033319157983625756,0.7250892857142858,0.03176030495106321,0.7194270833333334,0.026299705383888258,0.9995772640962421,0.00021645654567770098,0.7235425408706312,0.031642696216987364,0.7161170513979,0.027689979537523862,3.45704275117204e-05,0.0,34.00536064989865,1.5592507645729845
Transformer,24,0.004598998478480711,0.0008003328008490146,2.2385714432338064,0.3490653769307905,2.3411992259898264,0.27923025625853315,0.9987261904761905,0.0003484389114049949,0.7266666666666667,0.03147553409652689,0.7200260416666666,0.025232943130552722,0.9994581762547311,0.0006574665195217701,0.7255943485806454,0.031125073602724995,0.7174283621813384,0.02624218615752051,2.854966364683872e-05,0.0,34.36362056378275,2.007164305094615
Transformer,25,0.0034500053191468304,0.00038224200545743217,2.2965471661768775,0.35991665122668687,2.3976303761408873,0.29026420153032617,0.9991547619047619,0.00014526194617246128,0.7263392857142856,0.032792538304744406,0.7188802083333333,0.02423453475552489,0.9996367967997399,0.00020521549563863999,0.7248503451059208,0.032540403434789256,0.715646297639918,0.025391411697941565,2.3180194846605367e-05,0.0,33.73098085448146,2.104172891210789
