model,seed,sample_id,subject_id,true_label,true_class,pred_label,pred_class,correct,top1_confidence,prob_0,prob_1,prob_2,prob_3,prob_4,prob_5,prob_6,prob_7,prob_8,prob_9,prob_10,prob_11,true_class_probability,pred_class_probability,probability_margin,file_path,correctness,case_type
LeNet_LSTM,43,240,10,3,class_3,3,class_3,1,0.9995494484901428,1.698204243893997e-07,4.213902229821542e-06,5.625908556794457e-07,0.9995494484901428,3.092072802246548e-06,1.0415125473173249e-07,0.0004124881816096,8.928677743824665e-06,3.32471273623014e-07,3.2017651392379776e-06,9.387541695105028e-07,1.646483360673301e-05,0.9995494484901428,0.9995494484901428,0.9991369603085333,/home/yaxin/datasets/TacAct-original/10_4_L_1.xlsx,correct,correct_class_3
LeNet_LSTM,43,241,10,3,class_3,3,class_3,1,0.9995775818824768,1.464932921635409e-07,3.4193453757325187e-06,5.090954573461204e-07,0.9995775818824768,2.396444187979796e-06,7.8786470680825e-08,0.0003867569030262,6.985635536693735e-06,3.0800029549027386e-07,2.668426304808236e-06,7.851131726965832e-07,1.8181917766924016e-05,0.9995775818824768,0.9995775818824768,0.9991908249794506,/home/yaxin/datasets/TacAct-original/10_4_L_10.xlsx,correct,correct_class_3
LeNet_LSTM,43,242,10,3,class_3,3,class_3,1,0.9987767338752748,2.983077251883515e-07,4.787963916896842e-06,1.394368496221432e-06,0.9987767338752748,2.507643102944712e-06,3.043215883735684e-07,0.0010028750402852,1.730189615045674e-05,1.2667171631619567e-06,3.3464764328527963e-06,1.7751659697751163e-06,0.0001874241133918,0.9987767338752748,0.9987767338752748,0.9977738588349896,/home/yaxin/datasets/TacAct-original/10_4_L_11.xlsx,correct,correct_class_3
LeNet_LSTM,43,243,10,3,class_3,3,class_3,1,0.9772467613220216,2.1407754502433818e-06,1.9240118490415625e-05,4.355585588200484e-06,0.9772467613220216,1.299802170251496e-05,8.534619837519131e-07,0.0226560179144144,2.661453800101299e-05,1.8367691154708157e-06,3.874048616125947e-06,3.7653067010978702e-06,2.153207060473505e-05,0.9772467613220216,0.9772467613220216,0.9545907434076072,/home/yaxin/datasets/TacAct-original/10_4_L_12.xlsx,correct,correct_class_3
LeNet_LSTM,43,244,10,3,class_3,3,class_3,1,0.9995217323303224,1.5984613810360318e-07,3.91867024518433e-06,6.266470791160828e-07,0.9995217323303224,2.1979799385007937e-06,9.194584293936715e-08,0.0004418838361743,7.934207133075688e-06,3.065361227072572e-07,2.4537150693504373e-06,8.130447213261505e-07,1.7863785615190864e-05,0.9995217323303224,0.9995217323303224,0.9990798484941481,/home/yaxin/datasets/TacAct-original/10_4_L_13.xlsx,correct,correct_class_3
LeNet_LSTM,43,245,10,3,class_3,3,class_3,1,0.9993376135826112,1.9878301316111907e-07,4.626749614544679e-06,7.880952921368589e-07,0.9993376135826112,2.6111611077794805e-06,1.122144439591466e-07,0.0006209452985785,9.88249303190969e-06,3.562727499684115e-07,2.9298751087480923e-06,1.2216961522426573e-06,1.876138776424341e-05,0.9993376135826112,0.9993376135826112,0.9987166682840327,/home/yaxin/datasets/TacAct-original/10_4_L_14.xlsx,correct,correct_class_3
LeNet_LSTM,43,246,10,3,class_3,3,class_3,1,0.9995774626731871,1.553754032102006e-07,3.3229503060283605e-06,5.81080996653327e-07,0.9995774626731871,2.171859705413226e-06,7.804536750199986e-08,0.0003831479116342,8.78139053384075e-06,3.0363290193236026e-07,2.40354847846902e-06,8.561382855987176e-07,2.06235890800599e-05,0.9995774626731871,0.9995774626731871,0.999194314761553,/home/yaxin/datasets/TacAct-original/10_4_L_15.xlsx,correct,correct_class_3
LeNet_LSTM,43,247,10,3,class_3,3,class_3,1,0.9995461106300354,1.9525781169704717e-07,4.377891400508815e-06,6.127508527242753e-07,0.9995461106300354,3.437419081819826e-06,1.0490812485386415e-07,0.0004115625924896,1.03635293271509e-05,3.7330465829654713e-07,3.414994807826588e-06,1.118453383242013e-06,1.8356022337684408e-05,0.9995461106300354,0.9995461106300354,0.9991345480375458,/home/yaxin/datasets/TacAct-original/10_4_L_16.xlsx,correct,correct_class_3
LeNet_LSTM,43,248,10,3,class_3,3,class_3,1,0.999406099319458,1.6043682649069527e-07,3.3545813948876457e-06,7.607960128552804e-07,0.999406099319458,1.7714884279484977e-06,1.0618575885246173e-07,0.0005438696825876,1.0043835573014803e-05,3.804845789545652e-07,2.1847986317879986e-06,8.745959689804295e-07,3.054607077501714e-05,0.999406099319458,0.999406099319458,0.9988622296368704,/home/yaxin/datasets/TacAct-original/10_4_L_17.xlsx,correct,correct_class_3
LeNet_LSTM,43,249,10,3,class_3,3,class_3,1,0.9992889165878296,2.109000831751473e-07,6.1827076933695935e-06,7.341428727158927e-07,0.9992889165878296,3.7243692077026935e-06,1.589196756413003e-07,0.0006712418398819,1.049267484631855e-05,3.3167944479828293e-07,3.3401463497284567e-06,1.0857226016014463e-06,1.3558952559833417e-05,0.9992889165878296,0.9992889165878296,0.9986176747479477,/home/yaxin/datasets/TacAct-original/10_4_L_18.xlsx,correct,correct_class_3
LeNet_LSTM,43,250,10,3,class_3,3,class_3,1,0.9995594620704652,1.5243240625295584e-07,3.3165747481689323e-06,5.405522642831784e-07,0.9995594620704652,2.3115846943255747e-06,8.155026876011108e-08,0.0004033546429127,7.193979399744421e-06,3.287393894879642e-07,2.654838908711099e-06,7.881785109020711e-07,1.9749351849895905e-05,0.9995594620704652,0.9995594620704652,0.9991561074275525,/home/yaxin/datasets/TacAct-original/10_4_L_19.xlsx,correct,correct_class_3
LeNet_LSTM,43,251,10,3,class_3,3,class_3,1,0.999544084072113,1.4247500246256098e-07,2.905308292611153e-06,5.997363814458367e-07,0.999544084072113,1.8220616766484452e-06,7.81523965542874e-08,0.0004149784508626,8.606690244050696e-06,3.085424111759494e-07,2.2090891889092745e-06,8.241327691393963e-07,2.335875979042612e-05,0.999544084072113,0.999544084072113,0.9991291056212505,/home/yaxin/datasets/TacAct-original/10_4_L_2.xlsx,correct,correct_class_3
LeNet_LSTM,43,252,10,3,class_3,3,class_3,1,0.996942102909088,2.987380639751791e-06,5.418646469479427e-05,6.106771252234466e-06,0.996942102909088,4.611107942764647e-05,3.6334811284177695e-06,0.0023461789824068,4.924027598462999e-05,1.2831452295358758e-05,3.952840779675171e-05,1.2781305485987104e-05,0.0004842687631025,0.996942102909088,0.996942102909088,0.9945959239266812,/home/yaxin/datasets/TacAct-original/10_4_L_20.xlsx,correct,correct_class_3
LeNet_LSTM,43,253,10,3,class_3,3,class_3,1,0.9995037317276,1.946300614008578e-07,4.8362876441387925e-06,6.017396003699105e-07,0.9995037317276,3.7803085888299393e-06,1.1663930621352848e-07,0.0004559503286145,1.017071735986974e-05,3.541765352110815e-07,3.536073791110539e-06,1.074043552762305e-06,1.5787109077791683e-05,0.9995037317276,0.9995037317276,0.9990477813989855,/home/yaxin/datasets/TacAct-original/10_4_L_3.xlsx,correct,correct_class_3
LeNet_LSTM,43,254,10,3,class_3,3,class_3,1,0.999566376209259,1.5393389674045468e-07,3.596741862565977e-06,5.79828508762148e-07,0.999566376209259,2.214035930592217e-06,7.612515418031762e-08,0.0003988083626609,8.38438791106455e-06,2.688949507501093e-07,2.396131549176061e-06,8.400695037380501e-07,1.636149136174936e-05,0.999566376209259,0.999566376209259,0.9991675678465981,/home/yaxin/datasets/TacAct-original/10_4_L_4.xlsx,correct,correct_class_3
LeNet_LSTM,43,255,10,3,class_3,3,class_3,1,0.9988380074501038,3.758470086268062e-07,5.78019853492151e-06,1.5231807992677204e-06,0.9988380074501038,3.22091636917321e-06,3.239045724967582e-07,0.0009590201661922,1.8777382138068788e-05,1.445443899683596e-06,3.999316049885238e-06,2.068560661427909e-06,0.0001654381485423,0.9988380074501038,0.9988380074501038,0.9978789872839116,/home/yaxin/datasets/TacAct-original/10_4_L_5.xlsx,correct,correct_class_3
LeNet_LSTM,43,256,10,3,class_3,3,class_3,1,0.9995757937431335,1.4203872922280425e-07,3.2688733426766703e-06,5.402178544500202e-07,0.9995757937431335,2.023097749770386e-06,7.111469813025907e-08,0.000390890345443,7.755576916679274e-06,2.570018011738284e-07,2.2591354991163826e-06,7.641591537321801e-07,1.6154688637470827e-05,0.9995757937431335,0.9995757937431335,0.9991849033976905,/home/yaxin/datasets/TacAct-original/10_4_L_6.xlsx,correct,correct_class_3
LeNet_LSTM,43,257,10,3,class_3,3,class_3,1,0.9979896545410156,5.18935962645628e-07,8.601554327469785e-06,1.4728130963703734e-06,0.9979896545410156,3.71385885955533e-06,2.0603634709459587e-07,0.0019597616046667,1.6082160072983243e-05,4.555349448764901e-07,2.6281411464879056e-06,2.036948899331037e-06,1.4867907339066733e-05,0.9979896545410156,0.9979896545410156,0.9960298929363489,/home/yaxin/datasets/TacAct-original/10_4_L_7.xlsx,correct,correct_class_3
LeNet_LSTM,43,258,10,3,class_3,3,class_3,1,0.9995973706245422,1.315277700086881e-07,3.084363015659619e-06,4.908405344394851e-07,0.9995973706245422,1.9288827388663776e-06,6.951600539650826e-08,0.0003713037003763,6.519758699141676e-06,2.600752964099229e-07,2.215802851424087e-06,6.697391086163407e-07,1.5932280803099275e-05,0.9995973706245422,0.9995973706245422,0.9992260669241659,/home/yaxin/datasets/TacAct-original/10_4_L_8.xlsx,correct,correct_class_3
LeNet_LSTM,43,259,10,3,class_3,3,class_3,1,0.9993999004364014,2.55204298582612e-07,5.313304427545518e-06,9.02903934729693e-07,0.9993999004364014,3.170762511217617e-06,1.841870158614256e-07,0.0005273397546261,1.0574653060757557e-05,6.980282023505424e-07,3.74924502466456e-06,1.5302945257644751e-06,4.636714584194124e-05,0.9993999004364014,0.9993999004364014,0.9988725606817752,/home/yaxin/datasets/TacAct-original/10_4_L_9.xlsx,correct,correct_class_3
LeNet_LSTM,43,260,10,3,class_3,6,class_6,0,0.999380350112915,2.9586677555926144e-05,3.617562470026314e-05,3.6940257359674433e-06,0.0003214899625163,0.0001727648923406,3.5121529435855336e-06,0.999380350112915,2.2299195734376558e-06,5.2961622714065015e-06,1.5180287391558522e-06,3.081306431340636e-06,4.026674650958739e-05,0.0003214899625163,0.999380350112915,0.9990588601503987,/home/yaxin/datasets/TacAct-original/10_4_R_1.xlsx,wrong,class_3_to_6_error
LeNet_LSTM,43,261,10,3,class_3,3,class_3,1,0.9989209175109864,1.884365019577672e-07,3.381255510248593e-06,1.027968664857326e-06,0.9989209175109864,1.5951795830915216e-06,1.7797746920678037e-07,0.0009960503084585,1.3116479749442078e-05,5.282256552163744e-07,1.9225656160415383e-06,9.363502044834604e-07,6.01982646912802e-05,0.9989209175109864,0.9989209175109864,0.9979248672025279,/home/yaxin/datasets/TacAct-original/10_4_R_10.xlsx,correct,correct_class_3
LeNet_LSTM,43,262,10,3,class_3,6,class_6,0,0.9996461868286132,3.600187847041525e-05,2.651652175700292e-05,3.3801754852902377e-06,0.0001276594121009,0.0001163780907518,2.498934918548912e-06,0.9996461868286132,1.6717898461138248e-06,5.436803803604562e-06,1.4049850278752274e-06,1.8755575865725405e-06,3.1084466172615066e-05,0.0001276594121009,0.9996461868286132,0.9995185274165123,/home/yaxin/datasets/TacAct-original/10_4_R_11.xlsx,wrong,class_3_to_6_error
LeNet_LSTM,43,263,10,3,class_3,3,class_3,1,0.6893088221549988,2.274616781505756e-05,0.0001447867689421,1.794903801055625e-05,0.6893088221549988,0.0001666642929194,1.2627377145690843e-05,0.3100864887237549,5.700940528186038e-05,1.2295822671148926e-05,1.453463210054906e-05,1.5877569239819422e-05,0.0001400684850523,0.6893088221549988,0.6893088221549988,0.3792223334312439,/home/yaxin/datasets/TacAct-original/10_4_R_12.xlsx,correct,correct_class_3
LeNet_LSTM,43,264,10,3,class_3,3,class_3,1,0.9992303848266602,1.4424587391204113e-07,2.6627160423231544e-06,8.764166636865411e-07,0.9992303848266602,1.2671981721723569e-06,1.1840033664611839e-07,0.00069982977584,1.1909954082511833e-05,4.1157991859108733e-07,1.462664954487991e-06,7.463531801477075e-07,5.019617674406618e-05,0.9992303848266602,0.9992303848266602,0.9985305550508201,/home/yaxin/datasets/TacAct-original/10_4_R_13.xlsx,correct,correct_class_3
LeNet_LSTM,43,265,10,3,class_3,3,class_3,1,0.9992202520370485,3.212654178241792e-07,8.682678526383825e-06,1.0552025742072146e-06,0.9992202520370485,4.263373284629779e-06,1.8426776193791738e-07,0.0007299433345906,1.6852145563461818e-05,3.437535838202166e-07,3.630804940257804e-06,2.170148263758165e-06,1.23380796139827e-05,0.9992202520370485,0.9992202520370485,0.9984903087024578,/home/yaxin/datasets/TacAct-original/10_4_R_14.xlsx,correct,correct_class_3
LeNet_LSTM,43,266,10,3,class_3,3,class_3,1,0.9992122650146484,3.258567744524044e-07,8.540395356249064e-06,9.315999136561004e-07,0.9992122650146484,7.278819339262554e-06,2.714504603318346e-07,0.0007243282743729,1.4689673662360292e-05,6.304218231889536e-07,6.207412752701202e-06,1.5788353948664735e-06,2.3042823158903047e-05,0.9992122650146484,0.9992122650146484,0.9984879367402756,/home/yaxin/datasets/TacAct-original/10_4_R_15.xlsx,correct,correct_class_3
LeNet_LSTM,43,267,10,3,class_3,3,class_3,1,0.9531077146530152,0.0002814154431689,0.0024293572641909,0.0004297875566408,0.9531077146530152,0.0014909190358594,0.0004584175476338,0.0186797101050615,0.003859708784148,0.0006978386663831,0.0011852332390844,0.0020702369511127,0.0153096430003643,0.9531077146530152,0.9531077146530152,0.9344280045479537,/home/yaxin/datasets/TacAct-original/10_4_R_16.xlsx,correct,correct_class_3
LeNet_LSTM,43,268,10,3,class_3,3,class_3,1,0.9961336851119996,3.985406067386066e-07,6.7945920818601735e-06,2.592157670733286e-06,0.9961336851119996,2.036774503721972e-06,3.244004744828999e-07,0.0037553966976702,1.733248973323498e-05,7.095078444763203e-07,1.4246791124605809e-06,1.758374764904147e-06,7.748534699203447e-05,0.9961336851119996,0.9961336851119996,0.9923782884143294,/home/yaxin/datasets/TacAct-original/10_4_R_17.xlsx,correct,correct_class_3
LeNet_LSTM,43,269,10,3,class_3,3,class_3,1,0.9995697140693665,1.7119106132668096e-07,3.15219335789152e-06,5.630074610962765e-07,0.9995697140693665,2.5129413643298903e-06,7.29303550883742e-08,0.0003884558973368,9.641481483413372e-06,3.5755954286287306e-07,2.7777791729022283e-06,1.0073016483147512e-06,2.156145274057053e-05,0.9995697140693665,0.9995697140693665,0.9991812581720296,/home/yaxin/datasets/TacAct-original/10_4_R_18.xlsx,correct,correct_class_3
LeNet_LSTM,43,270,10,3,class_3,6,class_6,0,0.5195122957229614,2.300915730302222e-05,6.022144225426018e-05,1.8151349649997428e-05,0.480080783367157,9.172914724331348e-05,8.68170627654763e-06,0.5195122957229614,6.386735185515136e-05,1.087680175260175e-05,1.7061423932318576e-05,3.2452877348987386e-05,8.086912566795945e-05,0.480080783367157,0.5195122957229614,0.03943151235580444,/home/yaxin/datasets/TacAct-original/10_4_R_19.xlsx,wrong,class_3_to_6_error
LeNet_LSTM,43,271,10,3,class_3,3,class_3,1,0.9995599389076232,1.7705525579003736e-07,3.896846919815289e-06,6.159001486594207e-07,0.9995599389076232,2.570385277067544e-06,8.747184665480746e-08,0.0004000003100372,9.293348739447538e-06,3.229932588055817e-07,2.712194827836356e-06,9.84876010079461e-07,1.947632154042367e-05,0.9995599389076232,0.9995599389076232,0.999159938597586,/home/yaxin/datasets/TacAct-original/10_4_R_2.xlsx,correct,correct_class_3
LeNet_LSTM,43,272,10,3,class_3,3,class_3,1,0.9984305500984192,5.516739065569709e-07,9.74957310972968e-06,1.7690978211248876e-06,0.9984305500984192,5.612088898487855e-06,5.060904300080438e-07,0.0013061470817774,2.1014679077779878e-05,2.1344624201447004e-06,5.574727310886374e-06,2.8561473754962208e-06,0.0002134588867193,0.9984305500984192,0.9984305500984192,0.9971244030166417,/home/yaxin/datasets/TacAct-original/10_4_R_20.xlsx,correct,correct_class_3
LeNet_LSTM,43,273,10,3,class_3,3,class_3,1,0.9984379410743712,2.2213642125734625e-07,4.188058028375963e-06,1.3381104508880526e-06,0.9984379410743712,1.6968311911114142e-06,2.0925639887536818e-07,0.0014697067672386,1.4652709069196136e-05,5.851661057931778e-07,1.734473016767879e-06,9.852313951341785e-07,6.660570215899497e-05,0.9984379410743712,0.9984379410743712,0.9969682343071327,/home/yaxin/datasets/TacAct-original/10_4_R_3.xlsx,correct,correct_class_3
LeNet_LSTM,43,274,10,3,class_3,6,class_6,0,0.999427080154419,3.3899883419508114e-05,6.229817518033087e-05,4.263222763256636e-06,0.0001984357368201,0.0001741014566505,3.9403103073709644e-06,0.999427080154419,2.351825969526544e-06,9.316318937635517e-06,1.8231100966659144e-06,2.701583753150772e-06,7.982159149833024e-05,0.0001984357368201,0.999427080154419,0.9992286444175988,/home/yaxin/datasets/TacAct-original/10_4_R_4.xlsx,wrong,class_3_to_6_error
LeNet_LSTM,43,275,10,3,class_3,6,class_6,0,0.9990746974945068,5.3911659051664174e-05,2.9120903491275385e-05,6.261897397052962e-06,0.0006489942898042,0.0001126291172113,3.822855887847254e-06,0.9990746974945068,5.078773483546684e-06,7.878401447669603e-06,2.710330136324046e-06,4.210286078887293e-06,5.069813778391108e-05,0.0006489942898042,0.9990746974945068,0.9984257032047026,/home/yaxin/datasets/TacAct-original/10_4_R_5.xlsx,wrong,class_3_to_6_error
LeNet_LSTM,43,276,10,3,class_3,3,class_3,1,0.9995412826538086,1.4689857152916377e-07,2.833874077623477e-06,5.227856263445574e-07,0.9995412826538086,2.0935769953212e-06,7.299661319848384e-08,0.000420380878495,7.774399819027167e-06,3.353798376792838e-07,2.6216300739179133e-06,8.210521400542348e-07,2.123519334418233e-05,0.9995412826538086,0.9995412826538086,0.9991209017753135,/home/yaxin/datasets/TacAct-original/10_4_R_6.xlsx,correct,correct_class_3
LeNet_LSTM,43,277,10,3,class_3,3,class_3,1,0.9992274045944214,3.2980443620544975e-07,9.383689757669345e-06,9.991309752876989e-07,0.9992274045944214,6.935250894457568e-06,2.7905116439796984e-07,0.0007077435147948,1.611939114809502e-05,5.994200478198763e-07,6.099523943703389e-06,1.738929654493404e-06,2.242127993667964e-05,0.9992274045944214,0.9992274045944214,0.9985196610796266,/home/yaxin/datasets/TacAct-original/10_4_R_7.xlsx,correct,correct_class_3
LeNet_LSTM,43,278,10,3,class_3,6,class_6,0,0.9993151426315308,4.2294977902201936e-05,2.0190385839669037e-05,4.601984983310103e-06,0.0004834409046452,8.282479393528774e-05,2.82119435723871e-06,0.9993151426315308,3.059371010749601e-06,5.528057045012247e-06,1.868547883532301e-06,2.589258656371385e-06,3.570453554857522e-05,0.0004834409046452,0.9993151426315308,0.9988317017268855,/home/yaxin/datasets/TacAct-original/10_4_R_8.xlsx,wrong,class_3_to_6_error
LeNet_LSTM,43,279,10,3,class_3,3,class_3,1,0.9992465972900392,1.6591503992913206e-07,3.2044110866991105e-06,7.202307301668043e-07,0.9992465972900392,1.600497398612788e-06,1.0880454937023388e-07,0.0007026873645372,1.017244539980311e-05,3.967315933550708e-07,1.842159463194548e-06,7.279648457370058e-07,3.1882416806183755e-05,0.9992465972900392,0.9992465972900392,0.998543909925502,/home/yaxin/datasets/TacAct-original/10_4_R_9.xlsx,correct,correct_class_3
LeNet_LSTM,43,360,10,6,class_6,6,class_6,1,0.999334156513214,3.976672451244667e-05,1.101524230762152e-05,3.471137915767031e-06,0.0004444535297807,4.3244657717878e-05,1.6629402352918987e-06,0.999334156513214,4.681772225012537e-06,8.637367500341497e-06,2.5645483674452407e-06,2.393615659457282e-06,0.0001040494535118,0.999334156513214,0.999334156513214,0.9988897029834333,/home/yaxin/datasets/TacAct-original/10_7_L_1.xlsx,correct,correct_class_6
LeNet_LSTM,43,361,10,6,class_6,6,class_6,1,0.999778926372528,2.412614594504703e-05,1.1891323993040714e-05,2.469754008416203e-06,9.615145972929896e-05,3.714623380801641e-05,1.3811534245178336e-06,0.999778926372528,1.4281656603998272e-06,3.938454938179348e-06,1.094640992960194e-06,1.1336888974256e-06,4.031724165542983e-05,0.999778926372528,0.999778926372528,0.9996827749127987,/home/yaxin/datasets/TacAct-original/10_7_L_10.xlsx,correct,correct_class_6
LeNet_LSTM,43,362,10,6,class_6,3,class_3,0,0.9116961359977722,0.0001492520823376,0.0001064312309608,1.856491871876642e-05,0.9116961359977722,0.0023322673514485,4.523154711932875e-05,0.0828463360667228,0.0004982535610906,5.976534521323629e-05,0.0013312731171026,0.0001666175667196,0.0007499242783524,0.0828463360667228,0.9116961359977722,0.8288497999310495,/home/yaxin/datasets/TacAct-original/10_7_L_11.xlsx,wrong,class_6_to_3_error
LeNet_LSTM,43,363,10,6,class_6,6,class_6,1,0.99980229139328,2.012608092627488e-05,1.889684244815726e-05,2.455761659803102e-06,6.71891903039068e-05,4.030407581012696e-05,1.2400222431097063e-06,0.99980229139328,9.602257478036336e-07,3.430524657233036e-06,7.098595347088121e-07,1.262626255993382e-06,4.11382170568686e-05,0.99980229139328,0.99980229139328,0.9997351022029761,/home/yaxin/datasets/TacAct-original/10_7_L_12.xlsx,correct,correct_class_6
LeNet_LSTM,43,364,10,6,class_6,3,class_3,0,0.996601939201355,9.539387519907905e-07,1.2158765457570553e-05,2.278228748764377e-06,0.996601939201355,6.511874289572006e-06,4.080192752553558e-07,0.0033238076139241,2.306648275407497e-05,7.50991375753074e-07,4.275950686860597e-06,3.634535232777125e-06,2.022205080720596e-05,0.0033238076139241,0.996601939201355,0.9932781315874308,/home/yaxin/datasets/TacAct-original/10_7_L_13.xlsx,wrong,class_6_to_3_error
LeNet_LSTM,43,365,10,6,class_6,9,class_9,0,0.9997430443763732,2.760323468464776e-06,5.319414412952028e-06,2.959219500553445e-07,1.4400492545973975e-05,0.0001193492644233,7.523126441810746e-06,4.39333462054492e-06,3.1157822377281263e-05,1.795796379155945e-06,0.9997430443763732,4.29819056080305e-06,6.562148337252438e-05,4.39333462054492e-06,0.9997430443763732,0.9996236951119499,/home/yaxin/datasets/TacAct-original/10_7_L_14.xlsx,wrong,other
LeNet_LSTM,43,366,10,6,class_6,6,class_6,1,0.999760925769806,2.6510080715524964e-05,2.086200584017206e-05,2.969224397020298e-06,8.687248919159174e-05,4.764847835758701e-05,1.4770532743568765e-06,0.999760925769806,1.3356337831282872e-06,4.51019377578632e-06,9.712754263091483e-07,1.482591073909134e-06,4.450964479474351e-05,0.999760925769806,0.999760925769806,0.9996740532806144,/home/yaxin/datasets/TacAct-original/10_7_L_15.xlsx,correct,correct_class_6
LeNet_LSTM,43,367,10,6,class_6,9,class_9,0,0.999913215637207,3.289548828888656e-07,1.7338746829409502e-06,6.544048147816285e-08,3.2346738407795783e-06,1.728560710034799e-05,2.60716433331254e-06,1.1256572634010809e-06,9.268384019378573e-06,6.008774562360486e-07,0.999913215637207,1.1958973118453289e-06,4.9207705160370097e-05,1.1256572634010809e-06,0.999913215637207,0.9998640079320467,/home/yaxin/datasets/TacAct-original/10_7_L_16.xlsx,wrong,other
LeNet_LSTM,43,368,10,6,class_6,6,class_6,1,0.9997517466545104,3.2712465326767415e-05,1.5264429748640396e-05,2.7366991162125487e-06,9.243677777703851e-05,5.509817856363952e-05,1.515893018222414e-06,0.9997517466545104,1.5079567674547434e-06,5.245552529231645e-06,1.1409684930185904e-06,1.3872513591195457e-06,3.908651706296951e-05,0.9997517466545104,0.9997517466545104,0.9996593098767333,/home/yaxin/datasets/TacAct-original/10_7_L_17.xlsx,correct,correct_class_6
LeNet_LSTM,43,369,10,6,class_6,6,class_6,1,0.999681830406189,3.767044472624548e-05,1.5345009160228074e-05,2.9452694434439763e-06,0.000144478995935,7.682997238589451e-05,1.964807552212733e-06,0.999681830406189,1.6636059854135965e-06,4.635640834749211e-06,1.2921169627588824e-06,1.6943594118856709e-06,2.958076038339641e-05,0.999681830406189,0.999681830406189,0.999537351410254,/home/yaxin/datasets/TacAct-original/10_7_L_18.xlsx,correct,correct_class_6
LeNet_LSTM,43,370,10,6,class_6,6,class_6,1,0.999670386314392,3.070162347285077e-05,3.183410080964677e-05,3.895163445122307e-06,7.933014421723783e-05,6.133790157036856e-05,2.4134515115292743e-06,0.999670386314392,1.4857375845167553e-06,6.650256182183512e-06,8.640408850624226e-07,1.9343935946380952e-06,0.0001092274032998,0.999670386314392,0.999670386314392,0.9995611589110922,/home/yaxin/datasets/TacAct-original/10_7_L_19.xlsx,correct,correct_class_6
LeNet_LSTM,43,371,10,6,class_6,6,class_6,1,0.7775424122810364,0.0113652115687727,0.0004288881027605,0.0002936443488579,0.0895800068974495,0.009342685341835,0.0001833103888202,0.7775424122810364,0.0360111519694328,0.0009949911618605,0.0143943168222904,0.0005561674479395,0.0593072474002838,0.7775424122810364,0.7775424122810364,0.6879624053835869,/home/yaxin/datasets/TacAct-original/10_7_L_2.xlsx,correct,correct_class_6
LeNet_LSTM,43,372,10,6,class_6,3,class_3,0,0.9986847043037416,1.1101346899522468e-06,1.4267190636019222e-05,2.259766688439413e-06,0.9986847043037416,1.950036130438093e-05,1.18426851258846e-06,0.0010802134638652,2.9293223633430895e-05,3.552956286512199e-06,2.8366524929879237e-05,6.9140946834522765e-06,0.0001287020277231,0.0010802134638652,0.9986847043037416,0.9976044908398763,/home/yaxin/datasets/TacAct-original/10_7_L_20.xlsx,wrong,class_6_to_3_error
LeNet_LSTM,43,373,10,6,class_6,6,class_6,1,0.999745786190033,3.107457814621739e-05,1.2029468052787706e-05,2.6080581392307067e-06,0.0001132137767854,4.961476952303201e-05,1.6636554391880054e-06,0.999745786190033,1.6508237195012043e-06,4.2433202906977385e-06,1.3763032029601163e-06,1.2679024621320425e-06,3.534794086590409e-05,0.999745786190033,0.999745786190033,0.9996325724132475,/home/yaxin/datasets/TacAct-original/10_7_L_3.xlsx,correct,correct_class_6
LeNet_LSTM,43,374,10,6,class_6,6,class_6,1,0.997016191482544,5.5679269280517474e-05,2.5793202439672317e-05,7.747405106783845e-06,0.0027160427998751,7.09339146851562e-05,4.14971555073862e-06,0.997016191482544,1.156976395577658e-05,8.715402145753615e-06,6.327596565824933e-06,7.370717412413796e-06,6.947216024855152e-05,0.997016191482544,0.997016191482544,0.9943001486826688,/home/yaxin/datasets/TacAct-original/10_7_L_4.xlsx,correct,correct_class_6
LeNet_LSTM,43,375,10,6,class_6,6,class_6,1,0.9996161460876464,3.428635318414308e-05,9.9783246696461e-06,2.973713662868249e-06,0.0002213413681602,4.0489179809810594e-05,1.541730512144568e-06,0.9996161460876464,2.750579369603656e-06,6.355324785545236e-06,1.7939510144060478e-06,1.5106741102499657e-06,6.077995203668252e-05,0.9996161460876464,0.9996161460876464,0.9993948047194862,/home/yaxin/datasets/TacAct-original/10_7_L_5.xlsx,correct,correct_class_6
LeNet_LSTM,43,376,10,6,class_6,6,class_6,1,0.9996395111083984,4.159676245762967e-05,1.899798371596262e-05,3.2390075830335263e-06,0.0001192369090858,0.0001206540691782,2.208112164225895e-06,0.9996395111083984,2.3739360131003195e-06,6.839358320576139e-06,1.9378180695639458e-06,1.9268461528554326e-06,4.1552393668098375e-05,0.9996395111083984,0.9996395111083984,0.9995188570392203,/home/yaxin/datasets/TacAct-original/10_7_L_6.xlsx,correct,correct_class_6
LeNet_LSTM,43,377,10,6,class_6,6,class_6,1,0.9994063377380372,8.725492079975083e-05,2.2797175915911797e-05,4.257076852809405e-06,0.000118573247164,0.000280083855614,2.3959103145898557e-06,0.9994063377380372,4.259862635080936e-06,1.2316181710048111e-05,4.938780875818338e-06,2.1124080831214087e-06,5.465634967549704e-05,0.9994063377380372,0.9994063377380372,0.9991262538824233,/home/yaxin/datasets/TacAct-original/10_7_L_7.xlsx,correct,correct_class_6
LeNet_LSTM,43,378,10,6,class_6,6,class_6,1,0.9997264742851256,3.0465722375083715e-05,1.1492495104903355e-05,3.379144800419453e-06,0.0001073496459866,3.724534690263681e-05,1.863505644905672e-06,0.9997264742851256,1.9167955542798154e-06,6.248069439607207e-06,1.2653100611714765e-06,1.3513002841136768e-06,7.0803718699608e-05,0.9997264742851256,0.9997264742851256,0.999619124639139,/home/yaxin/datasets/TacAct-original/10_7_L_8.xlsx,correct,correct_class_6
LeNet_LSTM,43,379,10,6,class_6,6,class_6,1,0.9995070695877076,5.595428592641838e-05,2.0924166165059432e-05,4.622881078830687e-06,0.0002566922921687,9.168004180537535e-05,2.34227968576306e-06,0.9995070695877076,4.31417538493406e-06,5.992673322907649e-06,2.298737626915681e-06,2.871800234061084e-06,4.524109317571856e-05,0.9995070695877076,0.9995070695877076,0.9992503772955389,/home/yaxin/datasets/TacAct-original/10_7_L_9.xlsx,correct,correct_class_6
LeNet_LSTM,43,380,10,6,class_6,3,class_3,0,0.9994235038757324,2.803076029067597e-07,6.925077741470886e-06,7.727571187388094e-07,0.9994235038757324,6.07421361564775e-06,1.9188340161235828e-07,0.0005238836747594,1.4152617040963378e-05,4.57867031400383e-07,4.980901849194197e-06,1.4735963986822751e-06,1.728406459733378e-05,0.0005238836747594,0.9994235038757324,0.998899620200973,/home/yaxin/datasets/TacAct-original/10_7_R_1.xlsx,wrong,class_6_to_3_error
LeNet_LSTM,43,381,10,6,class_6,6,class_6,1,0.9996583461761476,5.400955706136301e-05,1.6460520782857202e-05,3.976098469138378e-06,0.000132805420435,6.95777271175757e-05,2.0961076643288834e-06,0.9996583461761476,2.6126770080736605e-06,6.939294053154299e-06,1.7993745586863952e-06,1.7677531332083165e-06,4.973102841177024e-05,0.9996583461761476,0.9996583461761476,0.9995255407557125,/home/yaxin/datasets/TacAct-original/10_7_R_10.xlsx,correct,correct_class_6
LeNet_LSTM,43,382,10,6,class_6,6,class_6,1,0.9980648159980774,5.188603245187551e-05,3.1785486498847604e-05,7.748611096758395e-06,0.0016548455459997,8.731558045838028e-05,4.599788098857971e-06,0.9980648159980774,7.589389497297816e-06,8.998666999104898e-06,4.108002030989155e-06,5.307705123414053e-06,7.088943675626069e-05,0.9980648159980774,0.9980648159980774,0.9964099704520777,/home/yaxin/datasets/TacAct-original/10_7_R_11.xlsx,correct,correct_class_6
LeNet_LSTM,43,383,10,6,class_6,3,class_3,0,0.9719988703727722,4.186077603662852e-06,3.402525544515811e-05,8.157926458807196e-06,0.9719988703727722,2.126078834407963e-05,1.7934366951521952e-06,0.02780700661242,5.530486669158563e-05,3.507740302666207e-06,1.1049322893086355e-05,1.664505725784693e-05,3.827208274742589e-05,0.02780700661242,0.9719988703727722,0.9441918637603522,/home/yaxin/datasets/TacAct-original/10_7_R_12.xlsx,wrong,class_6_to_3_error
LeNet_LSTM,43,384,10,6,class_6,3,class_3,0,0.9981061220169068,5.699833991457126e-07,2.5679457394289784e-05,1.5711607375124004e-06,0.9981061220169068,1.4854832443234043e-05,6.77877210364386e-07,0.0017929673194885,1.5024160347820724e-05,1.0832095540536102e-06,5.851130936207483e-06,2.3055001747707138e-06,3.3331412851111963e-05,0.0017929673194885,0.9981061220169068,0.9963131546974183,/home/yaxin/datasets/TacAct-original/10_7_R_13.xlsx,wrong,class_6_to_3_error
LeNet_LSTM,43,385,10,6,class_6,6,class_6,1,0.9986750483512878,5.491447518579662e-05,1.6025527656893246e-05,7.67470737628173e-06,0.0009042398887686,4.157978037255816e-05,2.8999074856983498e-06,0.9986750483512878,1.1021349564543924e-05,1.5992914995877072e-05,3.437176019360777e-06,4.658365014620358e-06,0.0002623926266096,0.9986750483512878,0.9986750483512878,0.9977708084625192,/home/yaxin/datasets/TacAct-original/10_7_R_14.xlsx,correct,correct_class_6
LeNet_LSTM,43,386,10,6,class_6,6,class_6,1,0.9875507950782776,0.0001829661196097,6.44932224531658e-05,1.2761007383232936e-05,0.0102316830307245,0.00038683830644,1.0873115570575465e-05,0.9875507950782776,0.000133472829475,2.8494834623415954e-05,8.15529638202861e-05,2.810892510751728e-05,0.0012880114372819,0.9875507950782776,0.9875507950782776,0.9773191120475531,/home/yaxin/datasets/TacAct-original/10_7_R_15.xlsx,correct,correct_class_6
LeNet_LSTM,43,387,10,6,class_6,3,class_3,0,0.9920302629470824,6.657533049292397e-07,1.0929323252639732e-05,3.694629867823096e-06,0.9920302629470824,3.686018089865684e-06,4.109347457870172e-07,0.0078914370387792,1.8127739167539403e-05,9.770814131115912e-07,2.5282199658249738e-06,2.4059697807388147e-06,3.491081952233799e-05,0.0078914370387792,0.9920302629470824,0.9841388259083033,/home/yaxin/datasets/TacAct-original/10_7_R_16.xlsx,wrong,class_6_to_3_error
LeNet_LSTM,43,388,10,6,class_6,3,class_3,0,0.9987456798553468,4.756333282784908e-07,1.2784990758518688e-05,1.6893168321985286e-06,0.9987456798553468,5.904211775487056e-06,3.436774989040714e-07,0.0011841552332043,1.8396136511000805e-05,5.907689910600311e-07,5.232238436292391e-06,3.0555202101822942e-06,2.1636084056808613e-05,0.0011841552332043,0.9987456798553468,0.9975615246221425,/home/yaxin/datasets/TacAct-original/10_7_R_17.xlsx,wrong,class_6_to_3_error
LeNet_LSTM,43,389,10,6,class_6,3,class_3,0,0.9973906874656676,4.335419703238586e-07,7.739737156953197e-06,2.460106770740822e-06,0.9973906874656676,2.6672062176658078e-06,3.439674571836804e-07,0.0025128319393843,2.3777742171660066e-05,7.624013846907474e-07,2.4002097234188118e-06,2.1572191144514363e-06,5.371392398956232e-05,0.0025128319393843,0.9973906874656676,0.9948778555262833,/home/yaxin/datasets/TacAct-original/10_7_R_18.xlsx,wrong,class_6_to_3_error
LeNet_LSTM,43,390,10,6,class_6,3,class_3,0,0.9973763227462769,8.543377134628827e-07,1.641383278183639e-05,2.9958448521938408e-06,0.9973763227462769,6.453669357142644e-06,4.151149255449127e-07,0.0025396277196705,2.355261858610902e-05,8.012804642021365e-07,5.5448608691222034e-06,5.721321940654889e-06,2.122955265804194e-05,0.0025396277196705,0.9973763227462769,0.9948366950266063,/home/yaxin/datasets/TacAct-original/10_7_R_19.xlsx,wrong,class_6_to_3_error
LeNet_LSTM,43,391,10,6,class_6,6,class_6,1,0.9995567202568054,2.309578667336609e-05,1.352350227534771e-05,4.640541192202363e-06,0.0002331268624402,2.5755976821528748e-05,1.8292283812115784e-06,0.9995567202568054,2.845818471541861e-06,7.956505214679055e-06,1.2171361731816432e-06,1.6403274685217184e-06,0.0001275218237424,0.9995567202568054,0.9995567202568054,0.9993235933943653,/home/yaxin/datasets/TacAct-original/10_7_R_2.xlsx,correct,correct_class_6
LeNet_LSTM,43,392,10,6,class_6,3,class_3,0,0.999316930770874,2.409398405234242e-07,5.344936198525829e-06,9.13326630325173e-07,0.999316930770874,3.1858296551945382e-06,1.7349645986541873e-07,0.000618212041445,1.058314592228271e-05,6.535659622386447e-07,4.295084636396496e-06,1.5640868014088485e-06,3.791716517298482e-05,0.000618212041445,0.999316930770874,0.9986987187294291,/home/yaxin/datasets/TacAct-original/10_7_R_20.xlsx,wrong,class_6_to_3_error
LeNet_LSTM,43,393,10,6,class_6,3,class_3,0,0.99940025806427,2.65343771843618e-07,5.9196941037953366e-06,6.967760555198765e-07,0.99940025806427,5.998665983497631e-06,1.675386442911986e-07,0.0005508390022441,1.2861079085269012e-05,4.2431585711710806e-07,5.131008947500959e-06,1.5420177987834904e-06,1.5958377844071947e-05,0.0005508390022441,0.99940025806427,0.998849419062026,/home/yaxin/datasets/TacAct-original/10_7_R_3.xlsx,wrong,class_6_to_3_error
LeNet_LSTM,43,394,10,6,class_6,6,class_6,1,0.9989727735519408,0.0001184552456834,2.532286271161865e-05,5.946606961515499e-06,0.0005525077576749,0.0002197198191424,4.9525342546985485e-06,0.9989727735519408,6.787703114241594e-06,1.1417741006880531e-05,6.550563284690725e-06,4.689264642365743e-06,7.093950262060389e-05,0.9989727735519408,0.9989727735519408,0.9984202657942659,/home/yaxin/datasets/TacAct-original/10_7_R_4.xlsx,correct,correct_class_6
LeNet_LSTM,43,395,10,6,class_6,3,class_3,0,0.9993370175361632,2.659638482782612e-07,7.147215910663363e-06,8.308371661769343e-07,0.9993370175361632,5.00517808177392e-06,2.085765515857929e-07,0.0006112693808972,1.3266002497402953e-05,4.367390715742658e-07,5.086015789856901e-06,1.7168962358482531e-06,1.783781044650823e-05,0.0006112693808972,0.9993370175361632,0.998725748155266,/home/yaxin/datasets/TacAct-original/10_7_R_5.xlsx,wrong,class_6_to_3_error
LeNet_LSTM,43,396,10,6,class_6,6,class_6,1,0.9995821118354796,6.13320225966163e-05,1.6787626009318046e-05,3.584747901186347e-06,0.0001593754714122,0.0001311831001657,2.230365680588875e-06,0.9995821118354796,2.551168563513784e-06,6.485978701675776e-06,2.123726744684973e-06,2.169456138290116e-06,3.0166416763677265e-05,0.9995821118354796,0.9995821118354796,0.9994227363640674,/home/yaxin/datasets/TacAct-original/10_7_R_6.xlsx,correct,correct_class_6
LeNet_LSTM,43,397,10,6,class_6,3,class_3,0,0.9992861151695251,3.390890697119176e-07,9.04402713786112e-06,1.0333257023376063e-06,0.9992861151695251,6.712417871312937e-06,2.6326031843382225e-07,0.0006498432485386,1.6774749383330345e-05,5.847317652296624e-07,6.337740160233807e-06,2.0058532754774205e-06,2.091528949677013e-05,0.0006498432485386,0.9992861151695251,0.9986362719209866,/home/yaxin/datasets/TacAct-original/10_7_R_7.xlsx,wrong,class_6_to_3_error
LeNet_LSTM,43,398,10,6,class_6,3,class_3,0,0.9995855689048768,1.5605456837874956e-07,3.711944827955449e-06,4.80981839245942e-07,0.9995855689048768,2.760999223028193e-06,8.416296992663774e-08,0.0003817027318291,8.446176252618898e-06,2.5686804860924894e-07,2.842200728991884e-06,8.281710393021058e-07,1.305823570874054e-05,0.0003817027318291,0.9995855689048768,0.9992038661730477,/home/yaxin/datasets/TacAct-original/10_7_R_8.xlsx,wrong,class_6_to_3_error
LeNet_LSTM,43,399,10,6,class_6,3,class_3,0,0.999398112297058,2.2179094116836493e-07,5.035412868892308e-06,7.538062050116423e-07,0.999398112297058,3.406198629818391e-06,1.361840276103976e-07,0.0005519433761946,9.783052519196644e-06,4.9540545887794e-07,3.784630962400115e-06,1.2371720004011877e-06,2.5114428353845145e-05,0.0005519433761946,0.999398112297058,0.9988461689208634,/home/yaxin/datasets/TacAct-original/10_7_R_9.xlsx,wrong,class_6_to_3_error
LeNet_LSTM,43,3120,16,3,class_3,3,class_3,1,0.9996728897094728,1.1184581438783425e-07,2.6707864435593365e-06,3.3816894529081765e-07,0.9996728897094728,2.3242087081598584e-06,6.910113370395267e-08,0.0002972056390717,6.5797185015981086e-06,2.583511218290369e-07,2.5163762984448117e-06,6.366965976667416e-07,1.445005000277888e-05,0.9996728897094728,0.9996728897094728,0.9993756840704011,/home/yaxin/datasets/TacAct-original/16_4_L_1.xlsx,correct,correct_class_3
LeNet_LSTM,43,3121,16,3,class_3,3,class_3,1,0.999019980430603,5.140008170201327e-07,7.549823294539237e-06,1.5101907138159731e-06,0.999019980430603,5.6011272135947365e-06,3.672266473131458e-07,0.0006254292093217,3.120972542092204e-05,2.888353947128053e-06,1.12893221739796e-05,3.7235834042803617e-06,0.0002899658866226,0.999019980430603,0.999019980430603,0.9983945512212813,/home/yaxin/datasets/TacAct-original/16_4_L_10.xlsx,correct,correct_class_3
LeNet_LSTM,43,3122,16,3,class_3,3,class_3,1,0.9995707869529724,1.1484811324180558e-07,2.7556714030652074e-06,4.6168284484338084e-07,0.9995707869529724,1.5244903579514355e-06,5.262779723125278e-08,0.0004036845639348,6.047021997801494e-06,1.8894790798640318e-07,1.5446362340298947e-06,5.471530357681331e-07,1.2192055692139547e-05,0.9995707869529724,0.9995707869529724,0.9991671023890376,/home/yaxin/datasets/TacAct-original/16_4_L_11.xlsx,correct,correct_class_3
LeNet_LSTM,43,3123,16,3,class_3,3,class_3,1,0.9989938139915466,1.501407922432918e-07,2.846242750820238e-06,8.99698534340132e-07,0.9989938139915466,9.853298479356454e-07,8.887999314310947e-08,0.0009639625786803,1.0334368198527956e-05,2.792555733321933e-07,1.0611792049530775e-06,6.451144258790009e-07,2.49427084781928e-05,0.9989938139915466,0.9989938139915466,0.9980298514128664,/home/yaxin/datasets/TacAct-original/16_4_L_12.xlsx,correct,correct_class_3
LeNet_LSTM,43,3124,16,3,class_3,3,class_3,1,0.9977935552597046,1.6258621826636954e-07,3.074563210248016e-06,1.0496889899513917e-06,0.9977935552597046,1.0253993423248176e-06,1.5176628664903546e-07,0.0021307666320353,6.867088814033195e-06,3.905213361576898e-07,8.04950389010628e-07,5.548357648876845e-07,6.165709783090279e-05,0.9977935552597046,0.9977935552597046,0.9956627886276693,/home/yaxin/datasets/TacAct-original/16_4_L_13.xlsx,correct,correct_class_3
LeNet_LSTM,43,3125,16,3,class_3,3,class_3,1,0.9996731281280518,8.98329588494562e-08,2.0611178115359508e-06,3.387018807643472e-07,0.9996731281280518,1.3531303011404816e-06,4.104709816488139e-08,0.0003045124176423,4.78700349049177e-06,1.6951358361438906e-07,1.5007384490672848e-06,4.521146763636352e-07,1.1728992831194772e-05,0.9996731281280518,0.9996731281280518,0.9993686157104095,/home/yaxin/datasets/TacAct-original/16_4_L_14.xlsx,correct,correct_class_3
LeNet_LSTM,43,3126,16,3,class_3,3,class_3,1,0.9996631145477296,1.090932926217647e-07,2.683809952941374e-06,3.357670550485637e-07,0.9996631145477296,2.224839818154578e-06,6.371796246185113e-08,0.0003107659285888,6.046225280442741e-06,2.150311217974377e-07,2.2426552277465817e-06,5.737762194257812e-07,1.1534994882822502e-05,0.9996631145477296,0.9996631145477296,0.9993523486191408,/home/yaxin/datasets/TacAct-original/16_4_L_15.xlsx,correct,correct_class_3
LeNet_LSTM,43,3127,16,3,class_3,3,class_3,1,0.99956077337265,1.0908420478017433e-07,2.548986458350555e-06,4.26917836193752e-07,0.99956077337265,1.482373477301735e-06,5.0642729121364034e-08,0.0004149748710915,5.415464784164215e-06,1.886568554709811e-07,1.4871169469188317e-06,4.881477480012109e-07,1.2105560017516837e-05,0.99956077337265,0.99956077337265,0.9991457985015585,/home/yaxin/datasets/TacAct-original/16_4_L_16.xlsx,correct,correct_class_3
LeNet_LSTM,43,3128,16,3,class_3,3,class_3,1,0.999503254890442,9.619999730148265e-08,2.511638740543276e-06,4.429692239682481e-07,0.999503254890442,1.284409790969221e-06,6.01153971047097e-08,0.0004687886685132,5.365423476177966e-06,2.1123179294590957e-07,1.4936118759578676e-06,4.7479539944106374e-07,1.59301907842746e-05,0.999503254890442,0.999503254890442,0.9990344662219288,/home/yaxin/datasets/TacAct-original/16_4_L_17.xlsx,correct,correct_class_3
LeNet_LSTM,43,3129,16,3,class_3,3,class_3,1,0.9992386102676392,1.0551328699648367e-07,1.838662683439907e-06,5.917220846640703e-07,0.9992386102676392,9.207540188072016e-07,7.620840136723929e-08,0.0007124892435967,7.3915725806728e-06,3.086905735472101e-07,1.070854409590538e-06,4.507632809236384e-07,3.6264922528062016e-05,0.9992386102676392,0.9992386102676392,0.9985261210240425,/home/yaxin/datasets/TacAct-original/16_4_L_18.xlsx,correct,correct_class_3
LeNet_LSTM,43,3130,16,3,class_3,3,class_3,1,0.9996355772018432,1.0154823826269421e-07,2.446808593958849e-06,3.969080069055053e-07,0.9996355772018432,1.424190941179404e-06,4.6077076376604964e-08,0.0003407693875487,5.692039394489257e-06,1.7027876708652914e-07,1.5214242239380835e-06,5.032579224462097e-07,1.1348735824867616e-05,0.9996355772018432,0.9996355772018432,0.9992948078142945,/home/yaxin/datasets/TacAct-original/16_4_L_19.xlsx,correct,correct_class_3
LeNet_LSTM,43,3131,16,3,class_3,3,class_3,1,0.9996844530105592,8.43133349803793e-08,1.9170311134075746e-06,3.185164132446517e-07,0.9996844530105592,1.2820490837839316e-06,3.937984871527078e-08,0.00029328520759,4.347390131442808e-06,1.6903507571441878e-07,1.4344473129312971e-06,4.028337343697786e-07,1.2404160770529415e-05,0.9996844530105592,0.9996844530105592,0.9993911678029692,/home/yaxin/datasets/TacAct-original/16_4_L_2.xlsx,correct,correct_class_3
LeNet_LSTM,43,3132,16,3,class_3,3,class_3,1,0.9996217489242554,1.1992354131962202e-07,3.10882546727953e-06,4.115542537874717e-07,0.9996217489242554,2.1436653696582653e-06,6.93676369678542e-08,0.0003508612571749,7.024130354693625e-06,2.1100736091739241e-07,2.230000973213464e-06,6.62721333810623e-07,1.1480896318971643e-05,0.9996217489242554,0.9996217489242554,0.9992708876670805,/home/yaxin/datasets/TacAct-original/16_4_L_20.xlsx,correct,correct_class_3
LeNet_LSTM,43,3133,16,3,class_3,3,class_3,1,0.9985570311546326,1.2897741896722437e-07,2.363686689932365e-06,8.005759468687756e-07,0.9985570311546326,1.024216885525675e-06,1.245809784222729e-07,0.0013782641617581,7.279132660187315e-06,3.81061511234293e-07,9.45988176681567e-07,4.854335315940261e-07,5.113966835779138e-05,0.9985570311546326,0.9985570311546326,0.9971787669928744,/home/yaxin/datasets/TacAct-original/16_4_L_3.xlsx,correct,correct_class_3
LeNet_LSTM,43,3134,16,3,class_3,3,class_3,1,0.9997377991676332,6.781308314884883e-08,1.4325484016808332e-06,2.360309139248784e-07,0.9997377991676332,1.1595400337682804e-06,2.792092601566765e-08,0.0002429196902085,3.5920038499170914e-06,1.4469895859292592e-07,1.2791717836080352e-06,3.4238274793096934e-07,1.0988251233357005e-05,0.9997377991676332,0.9997377991676332,0.9994948794774247,/home/yaxin/datasets/TacAct-original/16_4_L_4.xlsx,correct,correct_class_3
LeNet_LSTM,43,3135,16,3,class_3,3,class_3,1,0.9996088147163392,1.1460389259809745e-07,3.21217976306798e-06,3.940750730180298e-07,0.9996088147163392,2.2927008558326638e-06,7.77380435579289e-08,0.0003649257705546,6.556415428349283e-06,2.079029286505829e-07,2.364863348702784e-06,6.008887680764019e-07,1.051695471687708e-05,0.9996088147163392,0.9996088147163392,0.9992438889457846,/home/yaxin/datasets/TacAct-original/16_4_L_5.xlsx,correct,correct_class_3
LeNet_LSTM,43,3136,16,3,class_3,6,class_6,0,0.9998291730880736,1.6890566257643513e-05,5.879218861082336e-06,1.497288394602947e-06,9.343165584141389e-05,2.304401459696237e-05,8.193344456230989e-07,0.9998291730880736,8.667863653499808e-07,2.330725919819088e-06,6.628689561694046e-07,5.461432692754897e-07,2.481221054040361e-05,9.343165584141389e-05,0.9998291730880736,0.9997357414322322,/home/yaxin/datasets/TacAct-original/16_4_L_6.xlsx,wrong,class_3_to_6_error
LeNet_LSTM,43,3137,16,3,class_3,3,class_3,1,0.9989179372787476,1.1883530248724129e-07,2.304667987118592e-06,5.417762736215082e-07,0.9989179372787476,1.0952525144602987e-06,6.583093892231774e-08,0.0010499308118596,6.091252998885466e-06,2.4287035671477497e-07,9.018851301334508e-07,3.608285510381393e-07,2.0509456589934416e-05,0.9989179372787476,0.9989179372787476,0.997868006466888,/home/yaxin/datasets/TacAct-original/16_4_L_7.xlsx,correct,correct_class_3
LeNet_LSTM,43,3138,16,3,class_3,3,class_3,1,0.9721483588218688,1.3864714674127754e-06,1.764288572303485e-05,6.035690603312105e-06,0.9721483588218688,5.352595962904161e-06,9.666456435297732e-07,0.0276691280305385,1.6061303540482186e-05,2.264055183331948e-06,1.69710983755067e-06,2.8479144020820968e-06,0.0001282050507143,0.9721483588218688,0.9721483588218688,0.9444792307913303,/home/yaxin/datasets/TacAct-original/16_4_L_8.xlsx,correct,correct_class_3
LeNet_LSTM,43,3139,16,3,class_3,3,class_3,1,0.9996672868728638,1.0524011173629333e-07,2.278042074976838e-06,3.778012853672408e-07,0.9996672868728638,1.5488627695958712e-06,4.6608008119619626e-08,0.00030682576471,5.6822673286660574e-06,1.9952675245349385e-07,1.6791848338471027e-06,5.433639103102905e-07,1.3373892215895468e-05,0.9996672868728638,0.9996672868728638,0.9993604611081538,/home/yaxin/datasets/TacAct-original/16_4_L_9.xlsx,correct,correct_class_3
LeNet_LSTM,43,3140,16,3,class_3,3,class_3,1,0.9995712637901306,1.8363013509770099e-07,3.898816885339329e-06,6.109626156103332e-07,0.9995712637901306,2.877616225305246e-06,9.178428683753737e-08,0.0003868258208967,9.76946557784686e-06,3.615614332375117e-07,3.061962161154952e-06,1.061766283783072e-06,1.9995424736407585e-05,0.9995712637901306,0.9995712637901306,0.999184437969234,/home/yaxin/datasets/TacAct-original/16_4_R_1.xlsx,correct,correct_class_3
LeNet_LSTM,43,3141,16,3,class_3,3,class_3,1,0.9912139773368835,2.96734515359276e-06,2.2366242774296552e-05,3.898928753187647e-06,0.9912139773368835,1.611299376236275e-05,1.1042286587326089e-06,0.0086354268714785,4.3466108763823286e-05,1.80554172857228e-06,6.710928573738784e-06,8.795870598987676e-06,4.35041802120395e-05,0.9912139773368835,0.9912139773368835,0.9825785504654051,/home/yaxin/datasets/TacAct-original/16_4_R_10.xlsx,correct,correct_class_3
LeNet_LSTM,43,3142,16,3,class_3,3,class_3,1,0.9993044137954712,2.2959810053180266e-07,4.832976173929637e-06,8.391592132284131e-07,0.9993044137954712,2.997468300236505e-06,1.4864129127545314e-07,0.0006418341654352,8.578538654546719e-06,5.667691880262282e-07,3.4103909456462134e-06,1.2866132692579413e-06,3.085631396970712e-05,0.9993044137954712,0.9993044137954712,0.998662579630036,/home/yaxin/datasets/TacAct-original/16_4_R_11.xlsx,correct,correct_class_3
LeNet_LSTM,43,3143,16,3,class_3,3,class_3,1,0.9993613362312316,2.9572541393463325e-07,6.488864073617151e-06,1.0650009016899276e-06,0.9993613362312316,3.7324866752896928e-06,2.099016143120025e-07,0.0005582876037806,1.3597735232906416e-05,7.762780001030478e-07,4.23872461396968e-06,1.7475603044658785e-06,4.820590766030364e-05,0.9993613362312316,0.9993613362312316,0.998803048627451,/home/yaxin/datasets/TacAct-original/16_4_R_12.xlsx,correct,correct_class_3
LeNet_LSTM,43,3144,16,3,class_3,3,class_3,1,0.9908740520477296,1.8323618178328616e-06,2.8186872441438027e-05,4.364596406958299e-06,0.9908740520477296,1.4787644431635272e-05,1.20294782846031e-06,0.0090024657547473,2.6060990421683528e-05,1.943913048307877e-06,4.931737748847809e-06,3.7428408177220254e-06,3.634810491348617e-05,0.9908740520477296,0.9908740520477296,0.9818715862929823,/home/yaxin/datasets/TacAct-original/16_4_R_13.xlsx,correct,correct_class_3
LeNet_LSTM,43,3145,16,3,class_3,3,class_3,1,0.999455988407135,2.648120016601752e-07,6.178700914460933e-06,7.648841346963309e-07,0.999455988407135,4.799021553480998e-06,1.520345165317849e-07,0.0004950919537805,1.4335964806377888e-05,4.125296015899949e-07,4.264501512807328e-06,1.5036281411084929e-06,1.6301111827488057e-05,0.999455988407135,0.999455988407135,0.9989608964533545,/home/yaxin/datasets/TacAct-original/16_4_R_14.xlsx,correct,correct_class_3
LeNet_LSTM,43,3146,16,3,class_3,3,class_3,1,0.999298930168152,1.7413849207059687e-07,2.8316421776253264e-06,9.199503665513476e-07,0.999298930168152,1.5354227116404218e-06,1.1073118599824738e-07,0.0006340330583043,1.3133161701261996e-05,4.776263722305885e-07,1.685095639913925e-06,7.771243417664664e-07,4.542672468232922e-05,0.999298930168152,0.999298930168152,0.9986648971098476,/home/yaxin/datasets/TacAct-original/16_4_R_15.xlsx,correct,correct_class_3
LeNet_LSTM,43,3147,16,3,class_3,3,class_3,1,0.9917520880699158,1.2840723684348632e-06,7.999694389582146e-06,4.264859853719827e-06,0.9917520880699158,5.332656201062491e-06,8.111946385724877e-07,0.0079845581203699,2.4948589270934463e-05,3.0638934731541667e-06,2.8359011139400536e-06,3.216704044461949e-06,0.000209552628803,0.9917520880699158,0.9917520880699158,0.9837675299495459,/home/yaxin/datasets/TacAct-original/16_4_R_16.xlsx,correct,correct_class_3
LeNet_LSTM,43,3148,16,3,class_3,3,class_3,1,0.9995588660240172,1.828346967158723e-07,3.896641828760039e-06,6.774429834877083e-07,0.9995588660240172,2.481253886799095e-06,9.0244277828333e-08,0.0003980606270488,1.0321909030608367e-05,3.483295074602211e-07,2.7001033231499605e-06,1.022727929012035e-06,2.1308354916982356e-05,0.9995588660240172,0.9995588660240172,0.9991608053969684,/home/yaxin/datasets/TacAct-original/16_4_R_17.xlsx,correct,correct_class_3
LeNet_LSTM,43,3149,16,3,class_3,3,class_3,1,0.999554455280304,2.1063006272470375e-07,3.667452347144717e-06,6.779208092666522e-07,0.999554455280304,2.9376265047176275e-06,9.69149240859224e-08,0.0003917653812095,1.0927021321549546e-05,4.913041493637138e-07,3.1471290640183724e-06,1.1952265595027711e-06,3.043863944185432e-05,0.999554455280304,0.999554455280304,0.9991626898990944,/home/yaxin/datasets/TacAct-original/16_4_R_18.xlsx,correct,correct_class_3
LeNet_LSTM,43,3150,16,3,class_3,3,class_3,1,0.9995071887969972,2.250934585390496e-07,5.353520464268513e-06,6.43380417386652e-07,0.9995071887969972,4.721168352261884e-06,1.4642361634287226e-07,0.0004462599463295,1.2494118891481776e-05,4.104742856725352e-07,4.319408617448062e-06,1.2896324506073142e-06,1.687739677436184e-05,0.9995071887969972,0.9995071887969972,0.9990609288506677,/home/yaxin/datasets/TacAct-original/16_4_R_19.xlsx,correct,correct_class_3
LeNet_LSTM,43,3151,16,3,class_3,3,class_3,1,0.999424695968628,2.880286444906233e-07,6.604781901842216e-06,7.411815658997511e-07,0.999424695968628,6.571319318027236e-06,2.069970008733435e-07,0.0005162873421795,1.4679154446639586e-05,5.691057936019206e-07,5.557849362958223e-06,1.5044761312310584e-06,2.224927993665915e-05,0.999424695968628,0.999424695968628,0.9989084086264486,/home/yaxin/datasets/TacAct-original/16_4_R_2.xlsx,correct,correct_class_3
LeNet_LSTM,43,3152,16,3,class_3,3,class_3,1,0.999554455280304,1.7606473079467833e-07,3.1137908536038594e-06,6.166532102724886e-07,0.999554455280304,2.401836354692932e-06,8.057548228634914e-08,0.000399061362259,1.0002757335314527e-05,3.934573555852694e-07,2.7889650482393336e-06,9.466388064538478e-07,2.5924056899384595e-05,0.999554455280304,0.999554455280304,0.999155393918045,/home/yaxin/datasets/TacAct-original/16_4_R_20.xlsx,correct,correct_class_3
LeNet_LSTM,43,3153,16,3,class_3,3,class_3,1,0.9992146492004396,1.6848483141984619e-07,3.2804284728626958e-06,8.199279477594246e-07,0.9992146492004396,1.4947052022762364e-06,1.1602664073961932e-07,0.0007299078861251,1.1922494195459876e-05,4.005620724001346e-07,1.6964822862064466e-06,7.091859401953116e-07,3.4786971809808165e-05,0.9992146492004396,0.9992146492004396,0.9984847413143144,/home/yaxin/datasets/TacAct-original/16_4_R_3.xlsx,correct,correct_class_3
LeNet_LSTM,43,3154,16,3,class_3,3,class_3,1,0.997933030128479,3.843160243377497e-07,4.248490768077318e-06,1.7626249473323696e-06,0.997933030128479,2.311409389221808e-06,3.639401313648705e-07,0.0017890655435621,1.8702954548643905e-05,1.5078542219271185e-06,2.819848759827437e-06,1.7064260191546057e-06,0.0002442669356241,0.997933030128479,0.997933030128479,0.9961439645849169,/home/yaxin/datasets/TacAct-original/16_4_R_4.xlsx,correct,correct_class_3
LeNet_LSTM,43,3155,16,3,class_3,3,class_3,1,0.9995396137237548,1.655744625850275e-07,3.771254796447465e-06,6.173877977744269e-07,0.9995396137237548,2.2260844616539543e-06,7.548233327270283e-08,0.0004251025384292,8.76660669746343e-06,2.782917647436989e-07,2.250025545436074e-06,8.619740583526436e-07,1.633065585338045e-05,0.9995396137237548,0.9995396137237548,0.9991145111853256,/home/yaxin/datasets/TacAct-original/16_4_R_5.xlsx,correct,correct_class_3
LeNet_LSTM,43,3156,16,3,class_3,3,class_3,1,0.9963335990905762,9.51763126977312e-07,2.688175663934089e-05,2.2607487153436523e-06,0.9963335990905762,2.853590740414802e-05,8.782395184425695e-07,0.0035505671985447,1.805778629204724e-05,1.6526903436897555e-06,6.6493753365648445e-06,2.420350483589573e-06,2.7451091227703728e-05,0.9963335990905762,0.9963335990905762,0.9927830318920314,/home/yaxin/datasets/TacAct-original/16_4_R_6.xlsx,correct,correct_class_3
LeNet_LSTM,43,3157,16,3,class_3,6,class_6,0,0.9988467693328856,6.929261871846393e-05,5.832920578541234e-05,6.898801530041965e-06,0.0003918434376828,0.0005357483169063,5.947898898739368e-06,0.9988467693328856,5.334708930604393e-06,1.2277397217985708e-05,3.556217961886432e-06,7.271488357218914e-06,5.6757005950203165e-05,0.0003918434376828,0.9988467693328856,0.9983110210159793,/home/yaxin/datasets/TacAct-original/16_4_R_7.xlsx,wrong,class_3_to_6_error
LeNet_LSTM,43,3158,16,3,class_3,6,class_6,0,0.9738808274269104,0.0001093031314667,7.93725048424676e-05,2.6741317924461327e-05,0.0240673273801803,0.0001044261662173,9.656509973865468e-06,0.9738808274269104,0.0001461484353058,6.331592885544524e-05,4.672677096095868e-05,3.077830479014665e-05,0.0014354586601257,0.0240673273801803,0.9738808274269104,0.9498135000467302,/home/yaxin/datasets/TacAct-original/16_4_R_8.xlsx,wrong,class_3_to_6_error
LeNet_LSTM,43,3159,16,3,class_3,3,class_3,1,0.9958751797676086,1.5350308331107954e-06,1.2084758054697886e-05,4.029495812574169e-06,0.9958751797676086,7.081243438733509e-06,6.301988833001815e-07,0.0039804088883101,2.879891871998552e-05,2.7174332899448927e-06,4.949444246449275e-06,4.205376626487123e-06,7.839661702746525e-05,0.9958751797676086,0.9958751797676086,0.9918947708792986,/home/yaxin/datasets/TacAct-original/16_4_R_9.xlsx,correct,correct_class_3
LeNet_LSTM,43,3240,16,6,class_6,6,class_6,1,0.9997488856315612,2.2661402908852324e-05,1.3523162124329248e-05,2.342750121897552e-06,0.0001197761885123,4.860231638303958e-05,1.4240781638363842e-06,0.9997488856315612,1.284906716136902e-06,3.931694209313719e-06,9.87077442005102e-07,1.216050804941915e-06,3.533746712491848e-05,0.9997488856315612,0.9997488856315612,0.9996291094430488,/home/yaxin/datasets/TacAct-original/16_7_L_1.xlsx,correct,correct_class_6
LeNet_LSTM,43,3241,16,6,class_6,3,class_3,0,0.9287100434303284,4.942127361573512e-06,3.883579120156355e-05,8.313250873470679e-06,0.9287100434303284,2.5740915589267388e-05,1.947029659277177e-06,0.0711170136928558,4.032760625705123e-05,2.953224793600384e-06,6.495257366623264e-06,8.053023520915303e-06,3.533200651872903e-05,0.0711170136928558,0.9287100434303284,0.8575930297374725,/home/yaxin/datasets/TacAct-original/16_7_L_10.xlsx,wrong,class_6_to_3_error
LeNet_LSTM,43,3242,16,6,class_6,6,class_6,1,0.9994705319404602,2.3196898837341e-05,2.055933146039024e-05,3.4217839584016474e-06,0.0003739896346814,7.103106327122077e-05,2.252871581731597e-06,0.9994705319404602,1.7758687818059116e-06,3.946435299440054e-06,1.26048223592079e-06,1.7858807268567034e-06,2.623469117679633e-05,0.9994705319404602,0.9994705319404602,0.9990965423057788,/home/yaxin/datasets/TacAct-original/16_7_L_11.xlsx,correct,correct_class_6
LeNet_LSTM,43,3243,16,6,class_6,6,class_6,1,0.999688982963562,2.96209727821406e-05,1.956973756023217e-05,2.877455472116708e-06,0.0001445029047317,7.218241080408916e-05,1.5758345170979735e-06,0.999688982963562,1.8199463056589595e-06,4.043889020977076e-06,1.243846895704337e-06,1.921920102176955e-06,3.177139660692774e-05,0.999688982963562,0.999688982963562,0.9995444800588303,/home/yaxin/datasets/TacAct-original/16_7_L_12.xlsx,correct,correct_class_6
LeNet_LSTM,43,3244,16,6,class_6,6,class_6,1,0.999588668346405,3.602085780585185e-05,2.0939789465046488e-05,3.915413799404632e-06,0.0002275058213854,7.367762736976147e-05,1.969180402738857e-06,0.999588668346405,2.810611022141529e-06,4.626402642315952e-06,1.5455979109901818e-06,2.340059381822357e-06,3.614177694544196e-05,0.999588668346405,0.999588668346405,0.9993611625250196,/home/yaxin/datasets/TacAct-original/16_7_L_13.xlsx,correct,correct_class_6
LeNet_LSTM,43,3245,16,6,class_6,6,class_6,1,0.9997032284736632,2.69004849542398e-05,1.6055495507316664e-05,2.5071369691431755e-06,0.0001517115160822,6.779163959436119e-05,1.5022170600786922e-06,0.9997032284736632,1.4281788480730029e-06,3.3149706268886803e-06,1.0184691063841456e-06,1.4582734593204805e-06,2.318122278666124e-05,0.9997032284736632,0.9997032284736632,0.999551516957581,/home/yaxin/datasets/TacAct-original/16_7_L_14.xlsx,correct,correct_class_6
LeNet_LSTM,43,3246,16,6,class_6,6,class_6,1,0.999731719493866,2.178621434723027e-05,1.2759882338286845e-05,2.587994913483272e-06,0.0001364641357213,4.149994856561534e-05,1.416996951775218e-06,0.999731719493866,1.5470699281650011e-06,4.363613243185682e-06,9.90304101833317e-07,1.271116161660757e-06,4.361402170616202e-05,0.999731719493866,0.999731719493866,0.9995952553581446,/home/yaxin/datasets/TacAct-original/16_7_L_15.xlsx,correct,correct_class_6
LeNet_LSTM,43,3247,16,6,class_6,3,class_3,0,0.9992870688438416,2.270060548426045e-07,7.197548711701529e-06,7.74966622429929e-07,0.9992870688438416,4.672528120863717e-06,1.923298498240911e-07,0.0006683905958198,1.1151023500133306e-05,3.995830297753855e-07,3.782712610700401e-06,1.082925450646144e-06,1.4975421436247416e-05,0.0006683905958198,0.9992870688438416,0.9986186782480218,/home/yaxin/datasets/TacAct-original/16_7_L_16.xlsx,wrong,class_6_to_3_error
LeNet_LSTM,43,3248,16,6,class_6,6,class_6,1,0.9997435212135316,2.2842868929728866e-05,1.6973357560345903e-05,2.2535773496201728e-06,0.0001119097942137,6.285916606429964e-05,1.335075580755074e-06,0.9997435212135316,1.222391688315838e-06,3.6907292724208673e-06,9.677164598542731e-07,1.4056109876037226e-06,3.0935421818867326e-05,0.9997435212135316,0.9997435212135316,0.9996316114193179,/home/yaxin/datasets/TacAct-original/16_7_L_17.xlsx,correct,correct_class_6
LeNet_LSTM,43,3249,16,6,class_6,3,class_3,0,0.9991406202316284,2.337570919053178e-07,6.488050075859064e-06,8.902944159672188e-07,0.9991406202316284,3.337956513860263e-06,1.517585701549251e-07,0.0008198239374905,1.0965130968543235e-05,3.3798565368670097e-07,2.7311843950883485e-06,1.0286264569003831e-06,1.329364749835804e-05,0.0008198239374905,0.9991406202316284,0.998320796294138,/home/yaxin/datasets/TacAct-original/16_7_L_18.xlsx,wrong,class_6_to_3_error
LeNet_LSTM,43,3250,16,6,class_6,6,class_6,1,0.9997571110725404,2.242815935460385e-05,1.9081131540588103e-05,2.908652732003248e-06,9.786245209397748e-05,4.194245775579475e-05,1.3663271829500443e-06,0.9997571110725404,1.3668328620042305e-06,4.337940481491387e-06,8.357409342352184e-07,1.4165168522595195e-06,4.927863483317197e-05,0.9997571110725404,0.9997571110725404,0.9996592486204464,/home/yaxin/datasets/TacAct-original/16_7_L_19.xlsx,correct,correct_class_6
LeNet_LSTM,43,3251,16,6,class_6,6,class_6,1,0.998637855052948,1.635990702197887e-05,1.6585605408181436e-05,3.875056791002862e-06,0.0012192345457151,3.577939060050994e-05,2.0268685148039367e-06,0.998637855052948,2.672189793884172e-06,6.113180916145211e-06,1.7093730093620252e-06,1.5403038560179994e-06,5.638236689264886e-05,0.998637855052948,0.998637855052948,0.9974186205072328,/home/yaxin/datasets/TacAct-original/16_7_L_2.xlsx,correct,correct_class_6
LeNet_LSTM,43,3252,16,6,class_6,3,class_3,0,0.9969286322593688,3.958301704187761e-07,6.382012543326709e-06,1.8189895172326944e-06,0.9969286322593688,2.2062943116907263e-06,2.512632875095733e-07,0.002989436732605,1.5712263120803982e-05,6.95239123160718e-07,1.7228500155397342e-06,1.4054010080144508e-06,5.151228833710775e-05,0.002989436732605,0.9969286322593688,0.9939391955267638,/home/yaxin/datasets/TacAct-original/16_7_L_20.xlsx,wrong,class_6_to_3_error
LeNet_LSTM,43,3253,16,6,class_6,6,class_6,1,0.9997326731681824,2.672621667443309e-05,1.4931179066479672e-05,2.431154371151933e-06,0.0001234441442647,6.053209290257655e-05,1.423319076820917e-06,0.9997326731681824,1.423735966454842e-06,3.888561877829488e-06,1.086771590053104e-06,1.4279879678724685e-06,3.0021739803487435e-05,0.9997326731681824,0.9997326731681824,0.9996092290239177,/home/yaxin/datasets/TacAct-original/16_7_L_3.xlsx,correct,correct_class_6
LeNet_LSTM,43,3254,16,6,class_6,6,class_6,1,0.9995915293693542,2.7359747036825866e-05,1.7966111045097932e-05,3.0643959689768963e-06,0.0002487277088221,7.533519965363666e-05,1.9883248114638263e-06,0.9995915293693542,1.7445738649257692e-06,3.825880412478e-06,1.1607644410105422e-06,1.7402701359969797e-06,2.560722350608557e-05,0.9995915293693542,0.9995915293693542,0.9993428016605321,/home/yaxin/datasets/TacAct-original/16_7_L_4.xlsx,correct,correct_class_6
LeNet_LSTM,43,3255,16,6,class_6,6,class_6,1,0.9995920062065125,1.8075559637509286e-05,1.4395473954209592e-05,2.84905240732769e-06,0.0002772381412796,3.731000833795406e-05,1.6927069736993872e-06,0.9995920062065125,1.5613366031175246e-06,4.498170255828882e-06,1.0549781563895522e-06,1.24419602798298e-06,4.809986785403453e-05,0.9995920062065125,0.9995920062065125,0.9993147680652329,/home/yaxin/datasets/TacAct-original/16_7_L_5.xlsx,correct,correct_class_6
LeNet_LSTM,43,3256,16,6,class_6,6,class_6,1,0.9997007846832277,3.233171082683839e-05,1.7378339180140756e-05,2.8177084914204897e-06,0.0001348621299257,7.042753713903949e-05,1.5350678950198926e-06,0.9997007846832277,1.8188554804510204e-06,4.027568138553761e-06,1.250104901373561e-06,1.779928766154626e-06,3.098676825175062e-05,0.9997007846832277,0.9997007846832277,0.9995659225533019,/home/yaxin/datasets/TacAct-original/16_7_L_6.xlsx,correct,correct_class_6
LeNet_LSTM,43,3257,16,6,class_6,6,class_6,1,0.9997544884681702,2.1637666577589695e-05,1.2955802958458662e-05,2.2789820377511205e-06,0.0001201293198391,4.697463373304345e-05,1.3145045159035362e-06,0.9997544884681702,1.304230181631283e-06,3.746507218238549e-06,9.620762284612283e-07,1.203891997647588e-06,3.30680632032454e-05,0.9997544884681702,0.9997544884681702,0.9996343591483311,/home/yaxin/datasets/TacAct-original/16_7_L_7.xlsx,correct,correct_class_6
LeNet_LSTM,43,3258,16,6,class_6,6,class_6,1,0.9996782541275024,3.2867126719793305e-05,1.8783233826979995e-05,2.9443040148180444e-06,0.0001515343610662,7.644059223821387e-05,1.6220049019466387e-06,0.9996782541275024,1.8533330603531797e-06,4.044941306347027e-06,1.2455619753382052e-06,1.9145893475069897e-06,2.8455688152462244e-05,0.9996782541275024,0.9996782541275024,0.9995267197664363,/home/yaxin/datasets/TacAct-original/16_7_L_8.xlsx,correct,correct_class_6
LeNet_LSTM,43,3259,16,6,class_6,6,class_6,1,0.9997765421867372,1.9725950551219285e-05,1.1251228897890542e-05,2.07235939342354e-06,0.0001055340107996,4.089140202268027e-05,1.300785811508831e-06,0.9997765421867372,1.1385889138182392e-06,3.68754763258039e-06,9.113551300288236e-07,9.929880206982489e-07,3.588806066545658e-05,0.9997765421867372,0.9997765421867372,0.9996710081759376,/home/yaxin/datasets/TacAct-original/16_7_L_9.xlsx,correct,correct_class_6
LeNet_LSTM,43,3260,16,6,class_6,6,class_6,1,0.9997801184654236,1.5997409718693234e-05,8.811402040009852e-06,2.4739269974816125e-06,8.203607285395265e-05,2.227727964054793e-05,1.403721284987114e-06,0.9997801184654236,1.1010193929905654e-06,4.6943750930950046e-06,7.667603654226696e-07,8.494178587170609e-07,7.935754547361284e-05,0.9997801184654236,0.9997801184654236,0.9996980823925696,/home/yaxin/datasets/TacAct-original/16_7_R_1.xlsx,correct,correct_class_6
LeNet_LSTM,43,3261,16,6,class_6,3,class_3,0,0.998310685157776,2.491685791028431e-07,4.61672652818379e-06,1.3162386949261418e-06,0.998310685157776,1.5698066135882982e-06,9.980405479836919e-08,0.0016463715583086,1.41338523462764e-05,3.682848443986586e-07,1.3878885738449751e-06,1.092762431653682e-06,1.8036385881714523e-05,0.0016463715583086,0.998310685157776,0.9966643135994674,/home/yaxin/datasets/TacAct-original/16_7_R_10.xlsx,wrong,class_6_to_3_error
LeNet_LSTM,43,3262,16,6,class_6,3,class_3,0,0.9995465874671936,1.4026061023741934e-07,2.7529883936949773e-06,5.090986974209954e-07,0.9995465874671936,1.9820827219518837e-06,6.47718749746673e-08,0.0004143479163758,8.212480679503642e-06,2.900344782119646e-07,2.0806564862141386e-06,7.298366995200922e-07,2.224620220658835e-05,0.0004143479163758,0.9995465874671936,0.9991322395508178,/home/yaxin/datasets/TacAct-original/16_7_R_11.xlsx,wrong,class_6_to_3_error
LeNet_LSTM,43,3263,16,6,class_6,6,class_6,1,0.9997102618217468,2.5476359951426275e-05,1.1252811418671628e-05,2.8969893719477118e-06,0.0001615666842553,3.663128154585138e-05,1.508284071860544e-06,0.9997102618217468,1.977056399482535e-06,4.394787083583651e-06,1.369839424114616e-06,1.186822942145227e-06,4.153944973950274e-05,0.9997102618217468,0.9997102618217468,0.9995486951374916,/home/yaxin/datasets/TacAct-original/16_7_R_12.xlsx,correct,correct_class_6
LeNet_LSTM,43,3264,16,6,class_6,3,class_3,0,0.5297185778617859,2.9174849260016344e-05,6.969123205635697e-05,2.634013981150929e-05,0.5297185778617859,5.42809248145204e-05,4.94883124702028e-06,0.469704270362854,8.78048304002732e-05,2.2672129489365037e-05,2.04282914637588e-05,3.4246306313434616e-05,0.0002276477316627,0.469704270362854,0.5297185778617859,0.060014307498931885,/home/yaxin/datasets/TacAct-original/16_7_R_13.xlsx,wrong,class_6_to_3_error
LeNet_LSTM,43,3265,16,6,class_6,3,class_3,0,0.9996179342269896,1.390179704685579e-07,2.961913651233772e-06,4.721549089481414e-07,0.9996179342269896,2.1767461930721765e-06,6.22654923176924e-08,0.0003484649641904,7.2323732638324145e-06,2.7000453428627225e-07,2.2867254756420152e-06,7.650993438801379e-07,1.7126743841799907e-05,0.0003484649641904,0.9996179342269896,0.9992694692627992,/home/yaxin/datasets/TacAct-original/16_7_R_14.xlsx,wrong,class_6_to_3_error
LeNet_LSTM,43,3266,16,6,class_6,3,class_3,0,0.9991451501846312,2.2347516903664655e-07,4.557503871183144e-06,8.978025221040298e-07,0.9991451501846312,1.8683921325646224e-06,8.246444593851265e-08,0.000818355125375,1.1905814972124062e-05,2.679176418496354e-07,1.6546692904739755e-06,1.0143440931642544e-06,1.3984826182422694e-05,0.000818355125375,0.9991451501846312,0.9983267950592563,/home/yaxin/datasets/TacAct-original/16_7_R_15.xlsx,wrong,class_6_to_3_error
LeNet_LSTM,43,3267,16,6,class_6,6,class_6,1,0.9985107779502868,1.960226654773578e-05,1.058778798324056e-05,2.9677298698516097e-06,0.0013081157812848,2.394705188635271e-05,1.221001980411529e-06,0.9985107779502868,4.565200015349546e-06,7.646532139915507e-06,2.0175452846160624e-06,2.128035930581973e-06,0.0001063761956174,0.9985107779502868,0.9985107779502868,0.997202662169002,/home/yaxin/datasets/TacAct-original/16_7_R_16.xlsx,correct,correct_class_6
LeNet_LSTM,43,3268,16,6,class_6,3,class_3,0,0.9906008243560792,1.1207295074200374e-06,1.26087843455025e-05,3.3694670946715632e-06,0.9906008243560792,6.988472250668565e-06,3.3490451301076973e-07,0.0093321120366454,1.866342245193664e-05,1.020623585645808e-06,3.63885965271038e-06,4.850820005231071e-06,1.4497999472951053e-05,0.0093321120366454,0.9906008243560792,0.9812687123194338,/home/yaxin/datasets/TacAct-original/16_7_R_17.xlsx,wrong,class_6_to_3_error
LeNet_LSTM,43,3269,16,6,class_6,3,class_3,0,0.9989455342292786,2.242147445485898e-07,4.110278496227693e-06,1.16975468245073e-06,0.9989455342292786,1.4039012512512272e-06,1.0739878320009667e-07,0.0010045249946415,1.486616201873403e-05,3.727446369339305e-07,1.4680226740892977e-06,9.63569391387864e-07,2.522612157918047e-05,0.0010045249946415,0.9989455342292786,0.997941009234637,/home/yaxin/datasets/TacAct-original/16_7_R_18.xlsx,wrong,class_6_to_3_error
LeNet_LSTM,43,3270,16,6,class_6,3,class_3,0,0.999542474746704,1.819276036485462e-07,4.070405793754617e-06,6.624248385378451e-07,0.999542474746704,2.55075860877696e-06,8.987503008484056e-08,0.0004158748488407,1.000468728307169e-05,3.274012954079808e-07,2.732728262344608e-06,1.0263869398841052e-06,1.9968800188507885e-05,0.0004158748488407,0.999542474746704,0.9991265998978633,/home/yaxin/datasets/TacAct-original/16_7_R_19.xlsx,wrong,class_6_to_3_error
LeNet_LSTM,43,3271,16,6,class_6,6,class_6,1,0.9992520213127136,1.1779831766034476e-05,3.0657534807687625e-05,3.9273240872717e-06,0.0006013664533384,2.5776773327379487e-05,1.785544782251236e-06,0.9992520213127136,2.3662432795390487e-06,4.214605269226013e-06,8.007397696019325e-07,1.0870957112274482e-06,6.410666537703946e-05,0.9992520213127136,0.9992520213127136,0.9986506548593752,/home/yaxin/datasets/TacAct-original/16_7_R_2.xlsx,correct,correct_class_6
LeNet_LSTM,43,3272,16,6,class_6,3,class_3,0,0.9995360374450684,1.494087626952023e-07,3.89334400097141e-06,5.803917133562209e-07,0.9995360374450684,2.148444309568731e-06,7.232642218468754e-08,0.0004329100775066,7.928972081572283e-06,2.3049364017424526e-07,2.1644523258146364e-06,8.009902217054332e-07,1.3105794096190948e-05,0.0004329100775066,0.9995360374450684,0.9991031273675618,/home/yaxin/datasets/TacAct-original/16_7_R_20.xlsx,wrong,class_6_to_3_error
LeNet_LSTM,43,3273,16,6,class_6,3,class_3,0,0.9957823753356934,5.705815624423849e-07,7.871753950894345e-06,2.0101947484363336e-06,0.9957823753356934,3.885560545313638e-06,1.9292799890990866e-07,0.0041621890850365,1.5986164726200514e-05,6.427125640584563e-07,2.603052962513175e-06,2.373427378188353e-06,1.9221526599721983e-05,0.0041621890850365,0.9957823753356934,0.9916201862506568,/home/yaxin/datasets/TacAct-original/16_7_R_3.xlsx,wrong,class_6_to_3_error
LeNet_LSTM,43,3274,16,6,class_6,3,class_3,0,0.9992517828941344,2.159675318580412e-07,5.20711682838737e-06,8.980182428786065e-07,0.9992517828941344,2.1643404579663184e-06,8.840615350891312e-08,0.0007132798200473,1.0772688256110996e-05,2.561793621680408e-07,1.967848675121786e-06,1.07814491911995e-06,1.2266911653568968e-05,0.0007132798200473,0.9992517828941344,0.9985385030740871,/home/yaxin/datasets/TacAct-original/16_7_R_4.xlsx,wrong,class_6_to_3_error
LeNet_LSTM,43,3275,16,6,class_6,6,class_6,1,0.8079855442047119,0.0001293894747504,0.0001015671005006,2.9527624064940028e-05,0.1895318925380706,0.000146013291669,1.1210778211534487e-05,0.8079855442047119,0.000276730308542,6.569990364369005e-05,8.491163316648453e-05,5.014073758502491e-05,0.0015874418895691,0.8079855442047119,0.8079855442047119,0.6184536516666413,/home/yaxin/datasets/TacAct-original/16_7_R_5.xlsx,correct,correct_class_6
LeNet_LSTM,43,3276,16,6,class_6,3,class_3,0,0.9987553358078004,2.473592246587941e-07,4.30042700827471e-06,9.953179187505157e-07,0.9987553358078004,1.8850815877158311e-06,9.375482079576615e-08,0.001206203829497,1.1321670172037557e-05,3.38316425541052e-07,1.7594888959138189e-06,1.085118014998443e-06,1.6461421182611957e-05,0.001206203829497,0.9987553358078004,0.9975491319783034,/home/yaxin/datasets/TacAct-original/16_7_R_6.xlsx,wrong,class_6_to_3_error
LeNet_LSTM,43,3277,16,6,class_6,3,class_3,0,0.9995885491371156,1.310330901560519e-07,3.0182884529494918e-06,4.912894837616477e-07,0.9995885491371156,1.8971802546730032e-06,6.26943261750057e-08,0.0003806520544458,7.097196885297308e-06,2.3543323379726647e-07,2.0567358660628088e-06,6.865603268124687e-07,1.5183370123850182e-05,0.0003806520544458,0.9995885491371156,0.9992078970826698,/home/yaxin/datasets/TacAct-original/16_7_R_7.xlsx,wrong,class_6_to_3_error
LeNet_LSTM,43,3278,16,6,class_6,3,class_3,0,0.9995344877243042,1.5802430652911428e-07,4.0178488234232645e-06,6.048742875464086e-07,0.9995344877243042,2.2070294107834343e-06,7.526730172457975e-08,0.0004327684582676,8.442451871815138e-06,2.46248902158186e-07,2.2141907720651943e-06,8.435943641416088e-07,1.3926219253335148e-05,0.0004327684582676,0.9995344877243042,0.9991017192660366,/home/yaxin/datasets/TacAct-original/16_7_R_8.xlsx,wrong,class_6_to_3_error
LeNet_LSTM,43,3279,16,6,class_6,3,class_3,0,0.996878981590271,3.728728188434616e-07,6.40465623291675e-06,2.001737357204547e-06,0.996878981590271,2.215854692622088e-06,1.6245238043666177e-07,0.0030633041169494,1.772071118466556e-05,5.738526169807301e-07,1.8019924254986108e-06,1.6593894542893397e-06,2.4838236640789543e-05,0.0030633041169494,0.996878981590271,0.9938156774733216,/home/yaxin/datasets/TacAct-original/16_7_R_9.xlsx,wrong,class_6_to_3_error
LeNet_LSTM,43,4080,18,3,class_3,3,class_3,1,0.9996464252471924,9.559604308151393e-08,2.3234449599840445e-06,3.579701797207236e-07,0.9996464252471924,1.465887066842697e-06,4.5355513123013225e-08,0.0003313720226287,4.887413979304256e-06,1.6814951209198625e-07,1.6195605212487862e-06,4.511722409006325e-07,1.079929916159017e-05,0.9996464252471924,0.9996464252471924,0.9993150532245637,/home/yaxin/datasets/TacAct-original/18_4_L_1.xlsx,correct,correct_class_3
LeNet_LSTM,43,4081,18,3,class_3,3,class_3,1,0.9996080994606018,1.0225291191545693e-07,2.7038363441533875e-06,4.266913720130106e-07,0.9996080994606018,1.5081413948792033e-06,5.378738165973118e-08,0.0003667271230369,5.5801151574996766e-06,1.859889380284585e-07,1.6653864349791547e-06,5.293538833939238e-07,1.2432938092388213e-05,0.9996080994606018,0.9996080994606018,0.9992413723375649,/home/yaxin/datasets/TacAct-original/18_4_L_10.xlsx,correct,correct_class_3
LeNet_LSTM,43,4082,18,3,class_3,6,class_6,0,0.999595820903778,1.0765920706035104e-05,8.897453881218098e-06,2.62537355411041e-06,0.0002981433935929,1.5157466805248989e-05,1.128451799559116e-06,0.999595820903778,1.5399563153550844e-06,3.45748139807256e-06,6.549915383402549e-07,8.301714728986553e-07,6.094000855227932e-05,0.0002981433935929,0.999595820903778,0.9992976775101851,/home/yaxin/datasets/TacAct-original/18_4_L_11.xlsx,wrong,class_3_to_6_error
LeNet_LSTM,43,4083,18,3,class_3,3,class_3,1,0.9996371269226074,9.56681276420568e-08,2.4529219899704917e-06,3.6120439972364693e-07,0.9996371269226074,1.6048195448092883e-06,5.0678004015480844e-08,0.0003393013903405,5.011099801777164e-06,1.815849799413627e-07,1.733830686134752e-06,4.815542524738703e-07,1.161735963250976e-05,0.9996371269226074,0.9996371269226074,0.9992978255322669,/home/yaxin/datasets/TacAct-original/18_4_L_12.xlsx,correct,correct_class_3
LeNet_LSTM,43,4084,18,3,class_3,3,class_3,1,0.9994552731513976,1.1199821159380009e-07,3.440031832724344e-06,3.974522542193881e-07,0.9994552731513976,2.2907140646566404e-06,8.811235119310369e-08,0.0005201020394451,5.451921879284782e-06,1.9593728950439981e-07,2.256139850942418e-06,5.744228133153229e-07,9.714328371046577e-06,0.9994552731513976,0.9994552731513976,0.9989351711119525,/home/yaxin/datasets/TacAct-original/18_4_L_13.xlsx,correct,correct_class_3
LeNet_LSTM,43,4085,18,3,class_3,3,class_3,1,0.9996843338012696,9.742498008336042e-08,2.379847956035519e-06,2.9624450803567015e-07,0.9996843338012696,2.016217422351474e-06,5.61790329811629e-08,0.0002920178230851,5.217529633227969e-06,1.9651015747967906e-07,2.056858193100197e-06,4.924052063870477e-07,1.0897249921981713e-05,0.9996843338012696,0.9996843338012696,0.9993923159781846,/home/yaxin/datasets/TacAct-original/18_4_L_14.xlsx,correct,correct_class_3
LeNet_LSTM,43,4086,18,3,class_3,3,class_3,1,0.9993720650672911,8.794602734951695e-08,1.7767220015230123e-06,5.218270189288887e-07,0.9993720650672911,8.032100708987855e-07,6.39611670294471e-08,0.0005895847571082,6.7309633777767885e-06,2.2464487869910957e-07,8.871168688528996e-07,3.807267603406217e-07,2.6974204956786707e-05,0.9993720650672911,0.9993720650672911,0.9987824803101829,/home/yaxin/datasets/TacAct-original/18_4_L_15.xlsx,correct,correct_class_3
LeNet_LSTM,43,4087,18,3,class_3,3,class_3,1,0.9996888637542723,7.76512010247643e-08,1.8418767240291345e-06,2.979648456857831e-07,0.9996888637542723,1.2057408866894548e-06,3.9994063172343886e-08,0.0002894762146752,3.893478606187273e-06,1.6424782245394456e-07,1.3952653716842178e-06,3.60577729452416e-07,1.2414676348271314e-05,0.9996888637542723,0.9996888637542723,0.9993993875395971,/home/yaxin/datasets/TacAct-original/18_4_L_16.xlsx,correct,correct_class_3
LeNet_LSTM,43,4088,18,3,class_3,3,class_3,1,0.9996329545974731,8.95197587169605e-08,2.782664296319126e-06,3.108408179741673e-07,0.9996329545974731,2.01380953512853e-06,6.579241329518483e-08,0.000344974163454,4.793997050001053e-06,1.790495076647858e-07,2.011991682593361e-06,4.3934352333963044e-07,9.405644959770145e-06,0.9996329545974731,0.9996329545974731,0.9992879804340191,/home/yaxin/datasets/TacAct-original/18_4_L_17.xlsx,correct,correct_class_3
LeNet_LSTM,43,4089,18,3,class_3,3,class_3,1,0.9996792078018188,7.867615181567089e-08,1.897426500363508e-06,3.080883175243798e-07,0.9996792078018188,1.2085371281500557e-06,4.0758145303243516e-08,0.0002989173517562,4.010735210613348e-06,1.6283756565371735e-07,1.3863744925401988e-06,3.693278358696261e-07,1.243714359588921e-05,0.9996792078018188,0.9996792078018188,0.9993802904500626,/home/yaxin/datasets/TacAct-original/18_4_L_18.xlsx,correct,correct_class_3
LeNet_LSTM,43,4090,18,3,class_3,3,class_3,1,0.9997045397758484,7.474572072396769e-08,1.8097475731337909e-06,2.819728308622871e-07,0.9997045397758484,1.2171838079666486e-06,3.509876478346996e-08,0.0002763240481726,3.860315700876527e-06,1.4378707646756086e-07,1.3814193380312645e-06,3.662065921616886e-07,1.0020835361501668e-05,0.9997045397758484,0.9997045397758484,0.9994282157276758,/home/yaxin/datasets/TacAct-original/18_4_L_19.xlsx,correct,correct_class_3
LeNet_LSTM,43,4091,18,3,class_3,3,class_3,1,0.9996380805969238,1.0195858379802305e-07,2.8459060104069067e-06,3.5828344380206545e-07,0.9996380805969238,2.0409556782396976e-06,6.425162979439848e-08,0.0003370193007867,5.747780960518867e-06,1.9751300328607613e-07,2.1234486666799057e-06,5.484400844579795e-07,1.1021009413525462e-05,0.9996380805969238,0.9996380805969238,0.9993010612961372,/home/yaxin/datasets/TacAct-original/18_4_L_2.xlsx,correct,correct_class_3
LeNet_LSTM,43,4092,18,3,class_3,3,class_3,1,0.999656081199646,7.002632429475852e-08,1.5710305660832091e-06,3.0673820106130734e-07,0.999656081199646,9.89348450275429e-07,3.6479580245440963e-08,0.0003221250080969,4.01487113776966e-06,1.5694274679844966e-07,1.2488575293900794e-06,3.514051911679417e-07,1.2976436664757784e-05,0.999656081199646,0.999656081199646,0.9993339561915491,/home/yaxin/datasets/TacAct-original/18_4_L_20.xlsx,correct,correct_class_3
LeNet_LSTM,43,4093,18,3,class_3,3,class_3,1,0.9893067479133606,5.6490989663871e-07,7.822644874977414e-06,2.1945188564131968e-06,0.9893067479133606,2.6284944851795444e-06,3.3298960033789626e-07,0.0106287533417344,1.15902430479764e-05,7.455204240613966e-07,1.501143060522736e-06,1.4981011418058188e-06,3.564565122360364e-05,0.9893067479133606,0.9893067479133606,0.9786779945716262,/home/yaxin/datasets/TacAct-original/18_4_L_3.xlsx,correct,correct_class_3
LeNet_LSTM,43,4094,18,3,class_3,6,class_6,0,0.9847171902656556,1.2001699360553175e-05,5.250132016954012e-05,7.476597602362744e-06,0.0149267595261335,3.537302109180018e-05,5.046251317253336e-06,0.9847171902656556,7.87025328463642e-06,7.0824344220454805e-06,2.2769263523514383e-06,2.356262257308117e-06,0.0002240125322714,0.0149267595261335,0.9847171902656556,0.9697904307395221,/home/yaxin/datasets/TacAct-original/18_4_L_4.xlsx,wrong,class_3_to_6_error
LeNet_LSTM,43,4095,18,3,class_3,3,class_3,1,0.999171495437622,1.7190487255902553e-07,4.625945621228311e-06,6.027707968314644e-07,0.999171495437622,2.9075642942189006e-06,1.3164249423880392e-07,0.0007968375575728,7.418143013637746e-06,3.034178348571004e-07,2.287525148858549e-06,6.343697691590933e-07,1.267005609406624e-05,0.999171495437622,0.999171495437622,0.9983746578800492,/home/yaxin/datasets/TacAct-original/18_4_L_5.xlsx,correct,correct_class_3
LeNet_LSTM,43,4096,18,3,class_3,3,class_3,1,0.999665141105652,1.1281088063697099e-07,2.854635113180848e-06,3.287105414528924e-07,0.999665141105652,2.518049086575047e-06,7.346647379335991e-08,0.0003055537235923,6.239819867914775e-06,2.4459674818899657e-07,2.701933453863603e-06,5.846557655786455e-07,1.3705621313420124e-05,0.999665141105652,0.999665141105652,0.9993595873820597,/home/yaxin/datasets/TacAct-original/18_4_L_6.xlsx,correct,correct_class_3
LeNet_LSTM,43,4097,18,3,class_3,3,class_3,1,0.9996287822723388,7.599889784160041e-08,1.936323315021582e-06,3.1241759756994725e-07,0.9996287822723388,1.1480697139631957e-06,3.9472780599680846e-08,0.0003512785187922,3.868746262014611e-06,1.5057243274441134e-07,1.2742597164105971e-06,3.506414145704184e-07,1.0868912795558572e-05,0.9996287822723388,0.9996287822723388,0.9992775037535465,/home/yaxin/datasets/TacAct-original/18_4_L_7.xlsx,correct,correct_class_3
LeNet_LSTM,43,4098,18,3,class_3,3,class_3,1,0.9994187355041504,8.574873788802506e-08,1.9039551943933477e-06,4.327001477122394e-07,0.9994187355041504,1.047038040269399e-06,5.310598538699197e-08,0.0005533646908588,5.1739079935941845e-06,1.949655370481196e-07,1.2326504474913236e-06,4.390964818412613e-07,1.742715176078491e-05,0.9994187355041504,0.9994187355041504,0.9988653708132916,/home/yaxin/datasets/TacAct-original/18_4_L_8.xlsx,correct,correct_class_3
LeNet_LSTM,43,4099,18,3,class_3,3,class_3,1,0.9997016787528992,7.2062164235831e-08,1.6957526440819493e-06,2.6934299057757016e-07,0.9997016787528992,1.181837433250621e-06,3.250079316785559e-08,0.0002792855084408,3.7066417917230873e-06,1.420467299340089e-07,1.3259664228826296e-06,3.485108948098059e-07,1.0247277714370284e-05,0.9997016787528992,0.9997016787528992,0.9994223932444584,/home/yaxin/datasets/TacAct-original/18_4_L_9.xlsx,correct,correct_class_3
LeNet_LSTM,43,4100,18,3,class_3,3,class_3,1,0.9986891150474548,2.1183547005421133e-07,4.729565716843354e-06,1.1919422604478314e-06,0.9986891150474548,1.4428459280679815e-06,1.300824692407332e-07,0.0012654596939682,1.1874296433234122e-05,3.844634477445652e-07,1.5265630963767762e-06,8.665084010317514e-07,2.3019143554847687e-05,0.9986891150474548,0.9986891150474548,0.9974236553534866,/home/yaxin/datasets/TacAct-original/18_4_R_1.xlsx,correct,correct_class_3
LeNet_LSTM,43,4101,18,3,class_3,3,class_3,1,0.9992695450782776,1.814932772958855e-07,3.731065589818172e-06,8.40999859974545e-07,0.9992695450782776,1.915663688123459e-06,1.2490932022046766e-07,0.0006772963097319,1.0484999620530289e-05,4.427440103427216e-07,2.365864929743111e-06,9.776043725651109e-07,3.220555299776606e-05,0.9992695450782776,0.9992695450782776,0.9985922487685457,/home/yaxin/datasets/TacAct-original/18_4_R_10.xlsx,correct,correct_class_3
LeNet_LSTM,43,4102,18,3,class_3,3,class_3,1,0.9995357990264891,1.979813930574892e-07,4.578414063871605e-06,6.783685648770188e-07,0.9995357990264891,3.182682121405378e-06,1.12965189202896e-07,0.0004190173349343,1.023001368594123e-05,3.9335503743132005e-07,3.4994584439118626e-06,1.1628402489805012e-06,2.1049680071882904e-05,0.9995357990264891,0.9995357990264891,0.9991167816915548,/home/yaxin/datasets/TacAct-original/18_4_R_11.xlsx,correct,correct_class_3
LeNet_LSTM,43,4103,18,3,class_3,3,class_3,1,0.9995493292808532,1.3069845294921836e-07,3.2597990866634063e-06,5.438286052594776e-07,0.9995493292808532,1.8550143749962444e-06,7.844761285014101e-08,0.0004173036431893,6.80481434756075e-06,2.809931061165116e-07,2.2522265226143645e-06,7.192468842731614e-07,1.741341475280933e-05,0.9995493292808532,0.9995493292808532,0.9991320256376639,/home/yaxin/datasets/TacAct-original/18_4_R_12.xlsx,correct,correct_class_3
LeNet_LSTM,43,4104,18,3,class_3,3,class_3,1,0.9995763897895812,1.6883603848327766e-07,4.280213488527807e-06,5.215943019720726e-07,0.9995763897895812,3.5145808396919165e-06,1.2046312747315824e-07,0.0003844926832243,9.21442642720649e-06,3.5589360436461e-07,3.686197942442959e-06,9.627023018765613e-07,1.634465661481954e-05,0.9995763897895812,0.9995763897895812,0.9991918971063569,/home/yaxin/datasets/TacAct-original/18_4_R_13.xlsx,correct,correct_class_3
LeNet_LSTM,43,4105,18,3,class_3,3,class_3,1,0.9993684887886048,2.697256320516317e-07,6.656571258645272e-06,8.331071512657218e-07,0.9993684887886048,5.171634711587103e-06,2.0675099676736866e-07,0.0005762436194345,1.4145321983960455e-05,5.179717277314921e-07,5.039871211920399e-06,1.4332460978039308e-06,2.1017454855609685e-05,0.9993684887886048,0.9993684887886048,0.9987922451691703,/home/yaxin/datasets/TacAct-original/18_4_R_14.xlsx,correct,correct_class_3
LeNet_LSTM,43,4106,18,3,class_3,3,class_3,1,0.9758247137069702,1.8031041690846903e-06,1.775798955350183e-05,7.197890681709396e-06,0.9758247137069702,7.939735951367766e-06,1.2844219554608571e-06,0.0240052845329046,3.2278865546686575e-05,2.605583631520858e-06,3.104463303316152e-06,4.267269559932174e-06,9.187292744172736e-05,0.9758247137069702,0.9758247137069702,0.9518194291740656,/home/yaxin/datasets/TacAct-original/18_4_R_15.xlsx,correct,correct_class_3
LeNet_LSTM,43,4107,18,3,class_3,3,class_3,1,0.7499226331710815,2.023996239586268e-05,0.0001018489929265,2.1608768292935565e-05,0.7499226331710815,0.0001267097395611,1.3840363862982484e-05,0.249616265296936,6.457674317061901e-05,7.359042683674488e-06,1.5378484022221528e-05,2.3269167286343876e-05,6.636618491029367e-05,0.7499226331710815,0.7499226331710815,0.5003063678741455,/home/yaxin/datasets/TacAct-original/18_4_R_16.xlsx,correct,correct_class_3
LeNet_LSTM,43,4108,18,3,class_3,3,class_3,1,0.9993829727172852,1.8518308309012357e-07,2.8071401629858883e-06,7.278545695044158e-07,0.9993829727172852,1.8168818769481727e-06,9.286590341162083e-08,0.0005643948679789,1.2032144695695024e-05,4.116871252790588e-07,2.1269008811941603e-06,7.88935722084716e-07,3.1733361538499594e-05,0.9993829727172852,0.9993829727172852,0.9988185778493063,/home/yaxin/datasets/TacAct-original/18_4_R_17.xlsx,correct,correct_class_3
LeNet_LSTM,43,4109,18,3,class_3,3,class_3,1,0.9993796348571776,2.669663103915809e-07,7.12100609234767e-06,7.307845066861773e-07,0.9993796348571776,6.000453140586615e-06,2.121401081467411e-07,0.0005641918978653,1.2168921784905253e-05,5.497371375895455e-07,5.030558895668946e-06,1.2727848570648348e-06,2.278891406604089e-05,0.9993796348571776,0.9993796348571776,0.9988154429593123,/home/yaxin/datasets/TacAct-original/18_4_R_18.xlsx,correct,correct_class_3
LeNet_LSTM,43,4110,18,3,class_3,3,class_3,1,0.999562919139862,1.740055211030267e-07,3.6732026273966767e-06,6.048303475836292e-07,0.999562919139862,2.554569618951064e-06,8.56481463529235e-08,0.0003949916281271,9.065421181730926e-06,3.487870117169223e-07,2.798318746499717e-06,9.740984978634517e-07,2.1851383280591108e-05,0.999562919139862,0.999562919139862,0.9991679275117349,/home/yaxin/datasets/TacAct-original/18_4_R_19.xlsx,correct,correct_class_3
LeNet_LSTM,43,4111,18,3,class_3,3,class_3,1,0.999572455883026,1.562264344556752e-07,3.623850034273346e-06,5.694190576832625e-07,0.999572455883026,2.3238403628056403e-06,7.77694850739863e-08,0.000392068614019,8.264037205663044e-06,2.830050505053805e-07,2.545586085034301e-06,8.549623657927441e-07,1.69274426298216e-05,0.999572455883026,0.999572455883026,0.999180387269007,/home/yaxin/datasets/TacAct-original/18_4_R_2.xlsx,correct,correct_class_3
LeNet_LSTM,43,4112,18,3,class_3,3,class_3,1,0.9995712637901306,1.486782963411315e-07,3.470978072073194e-06,5.522103947441792e-07,0.9995712637901306,2.183757487728144e-06,7.711503968721446e-08,0.0003948440717067,7.612248737132177e-06,2.735869486514275e-07,2.442580580463982e-06,7.73704698531219e-07,1.635278749745339e-05,0.9995712637901306,0.9995712637901306,0.999176419718424,/home/yaxin/datasets/TacAct-original/18_4_R_20.xlsx,correct,correct_class_3
LeNet_LSTM,43,4113,18,3,class_3,3,class_3,1,0.9995777010917664,1.724915108525238e-07,4.052658368891571e-06,5.373886438064801e-07,0.9995777010917664,3.403190021344926e-06,1.0794520477475089e-07,0.000380612182198,9.085279089049436e-06,3.98821214275813e-07,3.514019454087247e-06,1.003440047497861e-06,1.9513685401761904e-05,0.9995777010917664,0.9995777010917664,0.9991970889095684,/home/yaxin/datasets/TacAct-original/18_4_R_3.xlsx,correct,correct_class_3
LeNet_LSTM,43,4114,18,3,class_3,3,class_3,1,0.9993056058883668,1.435711993735822e-07,2.904036136897048e-06,7.306941256501887e-07,0.9993056058883668,1.3196467989473604e-06,9.43100531003438e-08,0.0006487210048362,9.69381108006928e-06,3.320426174013847e-07,1.638669232306711e-06,6.777164571758476e-07,2.8127200494054705e-05,0.9993056058883668,0.9993056058883668,0.9986568848835307,/home/yaxin/datasets/TacAct-original/18_4_R_4.xlsx,correct,correct_class_3
LeNet_LSTM,43,4115,18,3,class_3,6,class_6,0,0.988620936870575,2.7999465601169504e-05,3.85890671168454e-05,1.2560898539959451e-05,0.0110143581405282,3.701657988131046e-05,3.440751015659771e-06,0.988620936870575,2.2561802325071767e-05,1.4972161807236262e-05,4.370264377939748e-06,6.458845291490434e-06,0.0001967778662219,0.0110143581405282,0.988620936870575,0.9776065787300467,/home/yaxin/datasets/TacAct-original/18_4_R_5.xlsx,wrong,class_3_to_6_error
LeNet_LSTM,43,4116,18,3,class_3,3,class_3,1,0.9991063475608826,2.1282242812503682e-07,3.882062173943268e-06,1.026625113809132e-06,0.9991063475608826,1.681233584349684e-06,1.244510485776118e-07,0.0008361259242519,1.408295884175459e-05,4.397268469347182e-07,1.8269626025357864e-06,9.295799259234628e-07,3.337566522532143e-05,0.9991063475608826,0.9991063475608826,0.9982702216366307,/home/yaxin/datasets/TacAct-original/18_4_R_6.xlsx,correct,correct_class_3
LeNet_LSTM,43,4117,18,3,class_3,3,class_3,1,0.9862484335899352,1.234170213137986e-06,1.6748535927035846e-05,7.980209375091363e-06,0.9862484335899352,5.739536845794646e-06,6.89378850893263e-07,0.0136250257492065,3.1716612284071743e-05,2.132048166458844e-06,3.411548505027895e-06,4.271962097845972e-06,5.272335693007335e-05,0.9862484335899352,0.9862484335899352,0.9726234078407286,/home/yaxin/datasets/TacAct-original/18_4_R_7.xlsx,correct,correct_class_3
LeNet_LSTM,43,4118,18,3,class_3,3,class_3,1,0.9995800852775574,1.804270510774586e-07,4.386389719002182e-06,5.600604140454379e-07,0.9995800852775574,3.6570679640135495e-06,1.2087416223494074e-07,0.0003765730943996,1.0509173989703411e-05,3.927745808596228e-07,3.86305691790767e-06,1.1346909332132782e-06,1.859748772403691e-05,0.9995800852775574,0.9995800852775574,0.9992035121831577,/home/yaxin/datasets/TacAct-original/18_4_R_8.xlsx,correct,correct_class_3
LeNet_LSTM,43,4119,18,3,class_3,3,class_3,1,0.9996030926704408,1.349844751530327e-07,2.865021087927744e-06,4.888004809799895e-07,0.9996030926704408,1.9826331936201318e-06,6.726859425043585e-08,0.0003630130377132,6.971239145059371e-06,2.779372891836829e-07,2.2906465346750338e-06,6.948714030841074e-07,1.8168671886087395e-05,0.9996030926704408,0.9996030926704408,0.9992400796327275,/home/yaxin/datasets/TacAct-original/18_4_R_9.xlsx,correct,correct_class_3
LeNet_LSTM,43,4200,18,6,class_6,6,class_6,1,0.9997913241386414,2.304312147316523e-05,9.932040484272877e-06,2.058770178337e-06,0.0001015314774122,3.641445800894872e-05,1.0346501539970632e-06,0.9997913241386414,1.271122641810507e-06,2.9961756808916107e-06,8.539645932614803e-07,9.70494738794514e-07,2.8582417144207284e-05,0.9997913241386414,0.9997913241386414,0.9996897926612291,/home/yaxin/datasets/TacAct-original/18_7_L_1.xlsx,correct,correct_class_6
LeNet_LSTM,43,4201,18,6,class_6,6,class_6,1,0.9998706579208374,1.1120294402644504e-05,4.009980784758227e-06,1.2641127113965922e-06,7.12111868779175e-05,1.311599771725014e-05,5.531095439437195e-07,0.9998706579208374,6.303068289525982e-07,1.8026149746219744e-06,4.574201284412993e-07,3.605095457714924e-07,2.480230796209071e-05,0.9998706579208374,0.9998706579208374,0.9997994467339595,/home/yaxin/datasets/TacAct-original/18_7_L_10.xlsx,correct,correct_class_6
LeNet_LSTM,43,4202,18,6,class_6,6,class_6,1,0.9998859167099,8.264853931905236e-06,3.198069180143648e-06,1.2268885711819166e-06,6.375086377374828e-05,9.037476047524253e-06,4.460100058167882e-07,0.9998859167099,4.824100301448198e-07,1.6179955082407105e-06,2.794143085793621e-07,2.8025229426020815e-07,2.535420753702056e-05,0.9998859167099,0.9998859167099,0.9998221658461263,/home/yaxin/datasets/TacAct-original/18_7_L_11.xlsx,correct,correct_class_6
LeNet_LSTM,43,4203,18,6,class_6,6,class_6,1,0.9998539686203004,1.873642031569034e-05,7.390745395241538e-06,1.4886558119542317e-06,6.889316136948764e-05,2.773559026536532e-05,7.220443762889772e-07,0.9998539686203004,7.561175721093605e-07,2.0053059870406287e-06,5.856669531567604e-07,5.458819032355677e-07,1.7118636606028304e-05,0.9998539686203004,0.9998539686203004,0.9997850754589309,/home/yaxin/datasets/TacAct-original/18_7_L_12.xlsx,correct,correct_class_6
LeNet_LSTM,43,4204,18,6,class_6,6,class_6,1,0.9998094439506532,2.5439430828555487e-05,9.185853741655592e-06,1.7869820112537127e-06,8.432794857071713e-05,4.336225538281724e-05,9.27755991142476e-07,0.9998094439506532,1.0542792097112397e-06,2.5604222173569724e-06,7.975409630489594e-07,8.165903864210122e-07,2.024480636464432e-05,0.9998094439506532,0.9998094439506532,0.9997251160020825,/home/yaxin/datasets/TacAct-original/18_7_L_13.xlsx,correct,correct_class_6
LeNet_LSTM,43,4205,18,6,class_6,6,class_6,1,0.9998181462287904,2.424100603093393e-05,7.312951765925391e-06,1.595691514921782e-06,8.636874554213136e-05,3.8916969060665e-05,9.0666839014375e-07,0.9998181462287904,8.448258199678094e-07,2.481360297679202e-06,6.877023679408012e-07,6.798304070798622e-07,1.7834860045695677e-05,0.9998181462287904,0.9998181462287904,0.9997317774832483,/home/yaxin/datasets/TacAct-original/18_7_L_14.xlsx,correct,correct_class_6
LeNet_LSTM,43,4206,18,6,class_6,6,class_6,1,0.999839186668396,1.6584825061727315e-05,9.239704922947569e-06,1.4615964119002456e-06,7.155128696467727e-05,3.571471097529866e-05,7.534753194704535e-07,0.999839186668396,7.455555532942526e-07,2.2767899281461723e-06,5.849472017871449e-07,7.141623541428999e-07,2.113654591084924e-05,0.999839186668396,0.999839186668396,0.9997676353814313,/home/yaxin/datasets/TacAct-original/18_7_L_15.xlsx,correct,correct_class_6
LeNet_LSTM,43,4207,18,6,class_6,6,class_6,1,0.9998778104782104,1.3286022294778377e-05,7.634745998075232e-06,1.5061676776895183e-06,5.071929626865313e-05,1.8407365132588893e-05,6.819424811510544e-07,0.9998778104782104,5.40218763944722e-07,2.0709906038973718e-06,3.988934338394756e-07,4.982056225344422e-07,2.64200170931872e-05,0.9998778104782104,0.9998778104782104,0.9998270911819418,/home/yaxin/datasets/TacAct-original/18_7_L_16.xlsx,correct,correct_class_6
LeNet_LSTM,43,4208,18,6,class_6,6,class_6,1,0.9998278617858888,1.8449783965479583e-05,1.1499143511173315e-05,1.990582404687302e-06,6.53071328997612e-05,2.9689292205148377e-05,1.0497618632143713e-06,0.9998278617858888,8.099260639937711e-07,3.2301900318998378e-06,6.082605068513658e-07,8.456626687802782e-07,3.8598518585786223e-05,0.9998278617858888,0.9998278617858888,0.999762554652989,/home/yaxin/datasets/TacAct-original/18_7_L_17.xlsx,correct,correct_class_6
LeNet_LSTM,43,4209,18,6,class_6,6,class_6,1,0.9997187256813048,2.1601161279249936e-05,9.7078764156322e-06,2.170415200453135e-06,0.0001787939982023,3.868812200380489e-05,1.1944713378397864e-06,0.9997187256813048,1.1952291743000387e-06,3.1081901852303417e-06,8.534971698281879e-07,9.45023600706918e-07,2.3025741029414348e-05,0.9997187256813048,0.9997187256813048,0.9995399316831025,/home/yaxin/datasets/TacAct-original/18_7_L_18.xlsx,correct,correct_class_6
LeNet_LSTM,43,4210,18,6,class_6,6,class_6,1,0.9998453855514526,1.7989124899031594e-05,6.860092071292456e-06,1.4351846857607595e-06,7.060047937557101e-05,3.056760397157632e-05,8.926888881433115e-07,0.9998453855514526,6.881042509121471e-07,2.544096560086473e-06,6.418738394131651e-07,5.76355603243428e-07,2.178087925130967e-05,0.9998453855514526,0.9998453855514526,0.9997747850720771,/home/yaxin/datasets/TacAct-original/18_7_L_19.xlsx,correct,correct_class_6
LeNet_LSTM,43,4211,18,6,class_6,6,class_6,1,0.9998873472213744,1.2739093108393718e-05,6.920176929270383e-06,1.368808739243832e-06,4.3535572331165895e-05,1.7877939171739854e-05,6.691965381833143e-07,0.9998873472213744,4.964507525073714e-07,2.120204044331331e-06,4.148583059304656e-07,4.375150410851347e-07,2.602860149636399e-05,0.9998873472213744,0.9998873472213744,0.9998438116490432,/home/yaxin/datasets/TacAct-original/18_7_L_2.xlsx,correct,correct_class_6
LeNet_LSTM,43,4212,18,6,class_6,3,class_3,0,0.8852261900901794,5.56371651327936e-06,3.670726073323749e-05,6.683480023639277e-06,0.8852261900901794,2.609274997666944e-05,1.922224328154698e-06,0.1145959943532943,2.9285880373208784e-05,3.2425186873297207e-06,5.325924121279968e-06,6.553341791004641e-06,5.6346474593738094e-05,0.1145959943532943,0.8852261900901794,0.7706301957368852,/home/yaxin/datasets/TacAct-original/18_7_L_20.xlsx,wrong,class_6_to_3_error
LeNet_LSTM,43,4213,18,6,class_6,6,class_6,1,0.9998030066490172,2.5817289497354068e-05,8.77722504810663e-06,1.849398927333823e-06,9.151462290901692e-05,4.234243533574045e-05,1.0709841262723785e-06,0.9998030066490172,9.855816642811988e-07,2.7273370051261736e-06,7.946720188556355e-07,8.23145796857716e-07,2.031463009188883e-05,0.9998030066490172,0.9998030066490172,0.9997114920261082,/home/yaxin/datasets/TacAct-original/18_7_L_3.xlsx,correct,correct_class_6
LeNet_LSTM,43,4214,18,6,class_6,6,class_6,1,0.9997770190238952,2.238569868495688e-05,1.0727210792538244e-05,2.0030147425131872e-06,0.0001120378510677,4.275142418919131e-05,1.0970279618049972e-06,0.9997770190238952,1.2278187568881549e-06,2.9216550956334686e-06,8.84813459833822e-07,1.0073886187456085e-06,2.5988549168687317e-05,0.9997770190238952,0.9997770190238952,0.9996649811728274,/home/yaxin/datasets/TacAct-original/18_7_L_4.xlsx,correct,correct_class_6
LeNet_LSTM,43,4215,18,6,class_6,3,class_3,0,0.9995146989822388,9.96399052155539e-08,2.5247295525332447e-06,4.147800041209848e-07,0.9995146989822388,1.3994648497828166e-06,4.845180967549823e-08,0.0004628390888683,5.150835931999609e-06,1.697125071586925e-07,1.348884666185768e-06,4.5138864379623566e-07,1.0893821126956029e-05,0.0004628390888683,0.9995146989822388,0.9990518598933704,/home/yaxin/datasets/TacAct-original/18_7_L_5.xlsx,wrong,class_6_to_3_error
LeNet_LSTM,43,4216,18,6,class_6,6,class_6,1,0.99895179271698,1.175540000986075e-05,1.1767299838538747e-05,2.638267460497445e-06,0.0009755161008797,1.8336275388719517e-05,1.1608161685217055e-06,0.99895179271698,1.6255725086011807e-06,2.5309136617579497e-06,1.0700957773224218e-06,1.0115041959579685e-06,2.071517883450724e-05,0.99895179271698,0.99895179271698,0.9979762766161003,/home/yaxin/datasets/TacAct-original/18_7_L_6.xlsx,correct,correct_class_6
LeNet_LSTM,43,4217,18,6,class_6,6,class_6,1,0.9998210072517396,1.4453734365815762e-05,8.58583916851785e-06,2.214798087152303e-06,7.557559729320928e-05,2.002097426156979e-05,1.0565722732280849e-06,0.9998210072517396,8.81915582340298e-07,3.3423932563891867e-06,5.434526428871322e-07,7.725257660240459e-07,5.159851934877224e-05,0.9998210072517396,0.9998210072517396,0.9997454316544464,/home/yaxin/datasets/TacAct-original/18_7_L_7.xlsx,correct,correct_class_6
LeNet_LSTM,43,4218,18,6,class_6,6,class_6,1,0.99985933303833,1.6978479834506288e-05,1.0840381037269252e-05,1.6059294694059645e-06,5.043508281232789e-05,2.851463432307355e-05,7.747910899524868e-07,0.99985933303833,5.91865557453275e-07,2.5403762720088707e-06,4.952300969307544e-07,6.811759476477164e-07,2.7206624508835372e-05,0.99985933303833,0.99985933303833,0.9998088979555176,/home/yaxin/datasets/TacAct-original/18_7_L_8.xlsx,correct,correct_class_6
LeNet_LSTM,43,4219,18,6,class_6,6,class_6,1,0.9998655319213868,1.3457090062729549e-05,6.224742264748784e-06,1.5598066056554671e-06,5.5804059229558334e-05,1.826507832447533e-05,7.828821821931342e-07,0.9998655319213868,6.90533340730326e-07,2.614913682918996e-06,5.238752578407002e-07,5.215551936998963e-07,3.401429421501234e-05,0.9998655319213868,0.9998655319213868,0.9998097278621573,/home/yaxin/datasets/TacAct-original/18_7_L_9.xlsx,correct,correct_class_6
LeNet_LSTM,43,4220,18,6,class_6,6,class_6,1,0.999855637550354,1.2386281923681963e-05,4.532397269940702e-06,1.2363050245767226e-06,8.347567199962214e-05,1.7029382433975115e-05,6.624915158681688e-07,0.999855637550354,5.810647962789517e-07,2.0104605482629267e-06,4.934839239467692e-07,3.764018288165971e-07,2.1445053789648227e-05,0.999855637550354,0.999855637550354,0.9997721618783544,/home/yaxin/datasets/TacAct-original/18_7_R_1.xlsx,correct,correct_class_6
LeNet_LSTM,43,4221,18,6,class_6,6,class_6,1,0.999810516834259,1.1561621249711608e-05,5.359983333619312e-06,1.3628707620227942e-06,0.0001287523919017,1.7972823115997016e-05,7.606533358739398e-07,0.999810516834259,6.223072546163166e-07,2.050169086942333e-06,5.37553262347501e-07,4.291535447009665e-07,2.0057093934156e-05,0.999810516834259,0.999810516834259,0.9996817644423573,/home/yaxin/datasets/TacAct-original/18_7_R_10.xlsx,correct,correct_class_6
LeNet_LSTM,43,4222,18,6,class_6,3,class_3,0,0.9388102889060974,3.2291009119944647e-06,1.62968754011672e-05,5.162382421985967e-06,0.9388102889060974,1.0992704119416883e-05,7.259026233441546e-07,0.0610643550753593,1.9822584363282655e-05,3.662426706796396e-06,4.189029823464807e-06,4.397679276735289e-06,5.68673676752951e-05,0.0610643550753593,0.9388102889060974,0.8777459338307381,/home/yaxin/datasets/TacAct-original/18_7_R_11.xlsx,wrong,class_6_to_3_error
LeNet_LSTM,43,4223,18,6,class_6,6,class_6,1,0.9642164707183838,7.830128197383601e-06,1.7476586435805075e-05,4.708912001660792e-06,0.035689927637577,1.9858185623888858e-05,1.9753381366172107e-06,0.9642164707183838,4.967913810105529e-06,3.975066192651866e-06,2.530971869418863e-06,3.3664759939711075e-06,2.7023645088775083e-05,0.9642164707183838,0.9642164707183838,0.9285265430808067,/home/yaxin/datasets/TacAct-original/18_7_R_12.xlsx,correct,correct_class_6
LeNet_LSTM,43,4224,18,6,class_6,6,class_6,1,0.9996672868728638,1.5547237126156688e-05,8.774435627856292e-06,2.362188524784869e-06,0.0002394363255007,2.3526885343017057e-05,1.1348397492838558e-06,0.9996672868728638,1.3227344197730415e-06,3.687548996822443e-06,8.412181955463893e-07,8.048430686358188e-07,3.525346619426273e-05,0.9996672868728638,0.9996672868728638,0.999427850547363,/home/yaxin/datasets/TacAct-original/18_7_R_13.xlsx,correct,correct_class_6
LeNet_LSTM,43,4225,18,6,class_6,6,class_6,1,0.9997336268424988,1.445194811822148e-05,6.436940566345584e-06,1.7543810599818244e-06,0.000198666282813,2.0123892682022412e-05,7.601111065014265e-07,0.9997336268424988,7.553735485998914e-07,2.659888878042693e-06,5.522985020434135e-07,5.707565833290573e-07,1.965459159691818e-05,0.9997336268424988,0.9997336268424988,0.9995349605596858,/home/yaxin/datasets/TacAct-original/18_7_R_14.xlsx,correct,correct_class_6
LeNet_LSTM,43,4226,18,6,class_6,6,class_6,1,0.99982750415802,1.645192787691485e-05,6.28107682132395e-06,1.413646145920211e-06,9.396128734806553e-05,2.7360702006262727e-05,8.884561566446791e-07,0.99982750415802,8.271613864963001e-07,2.350967179154395e-06,7.351300723712484e-07,5.637851359097112e-07,2.160641633963678e-05,0.99982750415802,0.99982750415802,0.999733542870672,/home/yaxin/datasets/TacAct-original/18_7_R_15.xlsx,correct,correct_class_6
LeNet_LSTM,43,4227,18,6,class_6,3,class_3,0,0.995368719100952,5.027209226682317e-07,5.87902604820556e-06,1.611520019650925e-06,0.995368719100952,2.696241381272557e-06,1.8421353331632417e-07,0.0045831254683434,1.1306697160762267e-05,6.433039061448653e-07,1.7567999748280272e-06,1.2685303545367788e-06,2.226294600404799e-05,0.0045831254683434,0.995368719100952,0.9907855936326087,/home/yaxin/datasets/TacAct-original/18_7_R_16.xlsx,wrong,class_6_to_3_error
LeNet_LSTM,43,4228,18,6,class_6,6,class_6,1,0.9998654127120972,1.843816426116973e-05,7.002931397437351e-06,1.4270232213675629e-06,5.454655911307782e-05,2.5577628548489884e-05,7.760299354231392e-07,0.9998654127120972,6.43064311134367e-07,2.4719472548895283e-06,5.910552545174141e-07,5.095345727568201e-07,2.26029587793164e-05,0.9998654127120972,0.9998654127120972,0.9998108661529841,/home/yaxin/datasets/TacAct-original/18_7_R_17.xlsx,correct,correct_class_6
LeNet_LSTM,43,4229,18,6,class_6,3,class_3,0,0.9984943866729736,2.972256538669172e-07,4.212056410324294e-06,8.558723152418679e-07,0.9984943866729736,3.0750477435503853e-06,1.484957294906053e-07,0.0014625120675191,8.609253200120293e-06,5.162115144230484e-07,2.206337740062736e-06,7.437472504534526e-07,2.2521413484355435e-05,0.0014625120675191,0.9984943866729736,0.9970318746054545,/home/yaxin/datasets/TacAct-original/18_7_R_18.xlsx,wrong,class_6_to_3_error
LeNet_LSTM,43,4230,18,6,class_6,6,class_6,1,0.999864101409912,1.5151056686590891e-05,5.135138053447008e-06,1.119772036872746e-06,6.677708734059706e-05,2.6263553081662397e-05,6.977193720558716e-07,0.999864101409912,6.199226163516869e-07,1.9945330222981283e-06,6.204295459610876e-07,4.345740194366954e-07,1.70912408066215e-05,0.999864101409912,0.999864101409912,0.9997973243225714,/home/yaxin/datasets/TacAct-original/18_7_R_19.xlsx,correct,correct_class_6
LeNet_LSTM,43,4231,18,6,class_6,6,class_6,1,0.9998096823692322,1.4781518984818833e-05,5.885544396733167e-06,1.4057804946787655e-06,0.0001188866735901,2.2924783479538743e-05,8.464493248538929e-07,0.9998096823692322,7.517527365052956e-07,2.211073706348543e-06,6.693998670925794e-07,5.180334028409561e-07,2.1420459233922884e-05,0.9998096823692322,0.9998096823692322,0.9996907956956421,/home/yaxin/datasets/TacAct-original/18_7_R_2.xlsx,correct,correct_class_6
LeNet_LSTM,43,4232,18,6,class_6,6,class_6,1,0.6752490401268005,2.0453026081668213e-05,6.45998734398745e-05,1.3877735909773037e-05,0.3244113028049469,4.1953157051466405e-05,3.792822326431633e-06,0.6752490401268005,3.660218135337345e-05,1.0923865374934394e-05,1.0003663192037491e-05,1.4543853467330337e-05,0.0001228996989084,0.6752490401268005,0.6752490401268005,0.35083773732185364,/home/yaxin/datasets/TacAct-original/18_7_R_20.xlsx,correct,correct_class_6
LeNet_LSTM,43,4233,18,6,class_6,6,class_6,1,0.9997641444206238,1.1116797395516189e-05,5.495671757671516e-06,1.514879841124639e-06,0.0001607851445442,1.651260936341714e-05,8.4865047256244e-07,0.9997641444206238,8.011531917873072e-07,2.5782569537113886e-06,6.566098704752221e-07,4.855922952629044e-07,3.5059390938840806e-05,0.9997641444206238,0.9997641444206238,0.9996033592760796,/home/yaxin/datasets/TacAct-original/18_7_R_3.xlsx,correct,correct_class_6
LeNet_LSTM,43,4234,18,6,class_6,6,class_6,1,0.9998351335525512,1.1878109035023954e-05,4.616700152837439e-06,1.3000570788790355e-06,0.0001038257905747,1.6196154319914058e-05,6.057970267647761e-07,0.9998351335525512,6.484945060947211e-07,2.26614679377235e-06,4.942381792716333e-07,3.921033737697144e-07,2.260119617858436e-05,0.9998351335525512,0.9998351335525512,0.9997313077619765,/home/yaxin/datasets/TacAct-original/18_7_R_4.xlsx,correct,correct_class_6
LeNet_LSTM,43,4235,18,6,class_6,6,class_6,1,0.9995738863945008,2.3581673303851854e-05,6.513279458886245e-06,2.4386652057728497e-06,0.0002653558331076,2.1802165065309964e-05,1.302234750255593e-06,0.9995738863945008,2.259627081002691e-06,5.008681000617798e-06,1.3648643744090805e-06,1.1731344784493558e-06,9.538645099382848e-05,0.9995738863945008,0.9995738863945008,0.9993085305613932,/home/yaxin/datasets/TacAct-original/18_7_R_5.xlsx,correct,correct_class_6
LeNet_LSTM,43,4236,18,6,class_6,6,class_6,1,0.99977308511734,2.262862653878983e-05,8.311684723594226e-06,2.002827386604622e-06,0.000124834041344,3.2116371585289016e-05,1.1223899036849616e-06,0.99977308511734,1.323000560660148e-06,3.1341098747361684e-06,9.49023615248734e-07,8.339310397786903e-07,2.9616543542942964e-05,0.99977308511734,0.99977308511734,0.999648251075996,/home/yaxin/datasets/TacAct-original/18_7_R_6.xlsx,correct,correct_class_6
LeNet_LSTM,43,4237,18,6,class_6,6,class_6,1,0.9984188079833984,1.321289710176643e-05,1.089578199753305e-05,2.4802279767754958e-06,0.0015082352329045,1.4817329429206438e-05,9.91678348327696e-07,0.9984188079833984,1.695632249720802e-06,3.340543116792105e-06,1.1460547284514178e-06,1.060571435118618e-06,2.326038884348236e-05,0.9984188079833984,0.9984188079833984,0.9969105727504939,/home/yaxin/datasets/TacAct-original/18_7_R_7.xlsx,correct,correct_class_6
LeNet_LSTM,43,4238,18,6,class_6,6,class_6,1,0.9998606443405152,2.1512223611352965e-05,5.705811418010853e-06,1.2786117622454185e-06,5.779755156254396e-05,3.280785676906817e-05,7.56177371386002e-07,0.9998606443405152,6.712783715556725e-07,2.041055950030568e-06,6.175172302391729e-07,4.757118006182282e-07,1.5592122508678585e-05,0.9998606443405152,0.9998606443405152,0.9998028467889527,/home/yaxin/datasets/TacAct-original/18_7_R_8.xlsx,correct,correct_class_6
LeNet_LSTM,43,4239,18,6,class_6,3,class_3,0,0.9286701679229736,3.56752843799768e-06,2.208194746344816e-05,4.748420906253159e-06,0.9286701679229736,1.6393016267102212e-05,1.0148622777705896e-06,0.0712054073810577,2.150822001567576e-05,2.55097165791085e-06,4.137812993576517e-06,5.17674743605312e-06,4.3334330257494e-05,0.0712054073810577,0.9286701679229736,0.8574647605419159,/home/yaxin/datasets/TacAct-original/18_7_R_9.xlsx,wrong,class_6_to_3_error
LeNet_LSTM,43,6000,21,3,class_3,3,class_3,1,0.915399134159088,2.5781296244531404e-06,1.659825284150429e-05,6.087904239393538e-06,0.915399134159088,8.65067613631254e-06,1.511757318439777e-06,0.0843951627612114,2.0449560906854455e-05,4.0229956539405975e-06,2.317255166417453e-06,4.4569842430064455e-06,0.0001390913530485,0.915399134159088,0.915399134159088,0.8310039713978766,/home/yaxin/datasets/TacAct-original/21_4_L_1.xlsx,correct,correct_class_3
LeNet_LSTM,43,6001,21,3,class_3,3,class_3,1,0.99942147731781,1.2824264672417485e-07,3.2658226700732484e-06,5.055873089077068e-07,0.99942147731781,1.6816787820062018e-06,6.193607049453932e-08,0.0005550042842514,6.426332220144104e-06,1.766920405543715e-07,1.4889984640831244e-06,5.247853778200806e-07,9.323233825853094e-06,0.99942147731781,0.99942147731781,0.9988664730335586,/home/yaxin/datasets/TacAct-original/21_4_L_10.xlsx,correct,correct_class_3
LeNet_LSTM,43,6002,21,3,class_3,3,class_3,1,0.8942425847053528,3.300876187495305e-06,1.6056081221904606e-05,5.028490249969764e-06,0.8942425847053528,9.249020877177829e-06,1.0313134453099335e-06,0.1056338474154472,1.946550764841959e-05,4.140084456594195e-06,4.001449269708246e-06,4.661600996769266e-06,5.663330011884682e-05,0.8942425847053528,0.8942425847053528,0.7886087372899055,/home/yaxin/datasets/TacAct-original/21_4_L_11.xlsx,correct,correct_class_3
LeNet_LSTM,43,6003,21,3,class_3,3,class_3,1,0.9989081621170044,1.810183789530129e-07,3.797048293563421e-06,7.002811344136717e-07,0.9989081621170044,1.936163926075096e-06,9.274710066620173e-08,0.001062290626578,7.40350424166536e-06,2.791277609048848e-07,1.5104450312719564e-06,5.894057153454924e-07,1.3103521268931216e-05,0.9989081621170044,0.9989081621170044,0.9978458714904264,/home/yaxin/datasets/TacAct-original/21_4_L_12.xlsx,correct,correct_class_3
LeNet_LSTM,43,6004,21,3,class_3,3,class_3,1,0.905822455883026,2.0722479803225724e-06,1.2639950909942854e-05,3.841223588096909e-06,0.905822455883026,7.61050614528358e-06,9.383503538629155e-07,0.0940904766321182,1.3815520105708856e-05,2.350476734136464e-06,2.8550668957905145e-06,2.2296098904917017e-06,3.875319816870615e-05,0.905822455883026,0.905822455883026,0.8117319792509078,/home/yaxin/datasets/TacAct-original/21_4_L_13.xlsx,correct,correct_class_3
LeNet_LSTM,43,6005,21,3,class_3,6,class_6,0,0.9957945346832277,1.061996226781048e-05,2.137410956493113e-05,6.427121206797892e-06,0.0040300535038113,2.7513560780789703e-05,2.672827349670115e-06,0.9957945346832277,3.542866807038081e-06,5.669183792633703e-06,1.04032221770467e-06,1.6981426824713708e-06,9.493558172835036e-05,0.0040300535038113,0.9957945346832277,0.9917644811794164,/home/yaxin/datasets/TacAct-original/21_4_L_14.xlsx,wrong,class_3_to_6_error
LeNet_LSTM,43,6006,21,3,class_3,3,class_3,1,0.998695433139801,2.2573816238491418e-07,3.858710897475248e-06,7.904014864834608e-07,0.998695433139801,2.169742856494849e-06,1.0395157090670183e-07,0.0012722786050289,8.381077350350097e-06,3.114289199857012e-07,1.4767546190341818e-06,6.18888122971839e-07,1.4367716175911482e-05,0.998695433139801,0.998695433139801,0.9974231545347721,/home/yaxin/datasets/TacAct-original/21_4_L_15.xlsx,correct,correct_class_3
LeNet_LSTM,43,6007,21,3,class_3,3,class_3,1,0.9995846152305604,6.964411625176582e-08,1.984792788789491e-06,3.357179423346679e-07,0.9995846152305604,9.868758752418216e-07,4.65562628448879e-08,0.0003922452451661,4.009632903034799e-06,1.6100966604426506e-07,1.1359564950907952e-06,3.108047508249001e-07,1.4042026123206597e-05,0.9995846152305604,0.9995846152305604,0.9991923699853943,/home/yaxin/datasets/TacAct-original/21_4_L_16.xlsx,correct,correct_class_3
LeNet_LSTM,43,6008,21,3,class_3,6,class_6,0,0.9897581338882446,1.091111516871024e-05,1.8082062524626963e-05,5.244714884611312e-06,0.0101000005379319,1.0240302799502388e-05,9.891766694636317e-07,0.9897581338882446,6.188884981384035e-06,7.489079507649876e-06,1.1996144166914746e-06,1.4431483350563212e-06,7.997887587407604e-05,0.0101000005379319,0.9897581338882446,0.9796581333503127,/home/yaxin/datasets/TacAct-original/21_4_L_17.xlsx,wrong,class_3_to_6_error
LeNet_LSTM,43,6009,21,3,class_3,3,class_3,1,0.9994244575500488,1.1629762752818352e-07,2.378360250077094e-06,4.436834615262342e-07,0.9994244575500488,1.4336586673380225e-06,5.582437623274927e-08,0.0005500336992554,4.962027105648303e-06,2.251272093189982e-07,1.3530233218261856e-06,4.179874508736248e-07,1.4076041225052904e-05,0.9994244575500488,0.9994244575500488,0.9988744238507934,/home/yaxin/datasets/TacAct-original/21_4_L_18.xlsx,correct,correct_class_3
LeNet_LSTM,43,6010,21,3,class_3,6,class_6,0,0.982220470905304,1.0249710612697529e-05,2.160106123483274e-05,6.476308499259176e-06,0.0176433082669973,9.968810445570853e-06,1.0513524557609344e-06,0.982220470905304,7.140297839214327e-06,8.170011824404355e-06,1.5446497627635836e-06,1.5739365153422114e-06,6.847625627415255e-05,0.0176433082669973,0.982220470905304,0.9645771626383066,/home/yaxin/datasets/TacAct-original/21_4_L_19.xlsx,wrong,class_3_to_6_error
LeNet_LSTM,43,6011,21,3,class_3,3,class_3,1,0.9942504167556764,4.969812721355993e-07,7.51976358515094e-06,1.627547703719756e-06,0.9942504167556764,3.073413608944975e-06,2.1417584150640326e-07,0.0057077980600297,1.1232788892812096e-05,4.896356813333114e-07,1.539644472359214e-06,1.138736820394115e-06,1.4509314496535808e-05,0.9942504167556764,0.9942504167556764,0.9885426186956466,/home/yaxin/datasets/TacAct-original/21_4_L_2.xlsx,correct,correct_class_3
LeNet_LSTM,43,6012,21,3,class_3,3,class_3,1,0.9995478987693788,1.163082217203737e-07,3.303206085547572e-06,3.99980194742966e-07,0.9995478987693788,2.282708692291635e-06,7.89029428460708e-08,0.0004273637314327,6.126447715359973e-06,2.013303230796737e-07,2.157364178856369e-06,5.459156682263711e-07,9.614395821699873e-06,0.9995478987693788,0.9995478987693788,0.9991205350379461,/home/yaxin/datasets/TacAct-original/21_4_L_20.xlsx,correct,correct_class_3
LeNet_LSTM,43,6013,21,3,class_3,3,class_3,1,0.9996309280395508,1.0768156499807446e-07,2.861032271539443e-06,3.3257575182688015e-07,0.9996309280395508,2.3442794372385838e-06,7.401219193070574e-08,0.0003429389034863,5.703097940568114e-06,2.245573966774828e-07,2.460702262396808e-06,5.391322588366165e-07,1.1402338714106008e-05,0.9996309280395508,0.9996309280395508,0.9992879891360645,/home/yaxin/datasets/TacAct-original/21_4_L_3.xlsx,correct,correct_class_3
LeNet_LSTM,43,6014,21,3,class_3,3,class_3,1,0.989831268787384,9.437993071514938e-07,1.116785642807372e-05,2.4387804842262994e-06,0.989831268787384,5.390039405028801e-06,3.561479218205932e-07,0.0101095642894506,1.5878387785051018e-05,7.548003964075178e-07,2.2863162030262174e-06,2.010203616009676e-06,1.795951720851008e-05,0.989831268787384,0.989831268787384,0.9797217044979334,/home/yaxin/datasets/TacAct-original/21_4_L_4.xlsx,correct,correct_class_3
LeNet_LSTM,43,6015,21,3,class_3,3,class_3,1,0.9995902180671692,9.053898963884421e-08,2.2990800516708987e-06,3.843005629278196e-07,0.9995902180671692,1.2808345672965515e-06,5.369386357756412e-08,0.000384130020393,4.7135072236415e-06,1.904124644624972e-07,1.4105715990808676e-06,3.948878770643205e-07,1.4830258805886842e-05,0.9995902180671692,0.9995902180671692,0.9992060880467762,/home/yaxin/datasets/TacAct-original/21_4_L_5.xlsx,correct,correct_class_3
LeNet_LSTM,43,6016,21,3,class_3,3,class_3,1,0.9994988441467284,1.4482642995972128e-07,3.87240334021044e-06,5.138451797392918e-07,0.9994988441467284,2.48549099524098e-06,9.812539047970861e-08,0.0004679423873312,7.603462563565699e-06,2.839238391061372e-07,2.5795916371862404e-06,7.397331387437589e-07,1.4837390153843444e-05,0.9994988441467284,0.9994988441467284,0.9990309017593972,/home/yaxin/datasets/TacAct-original/21_4_L_6.xlsx,correct,correct_class_3
LeNet_LSTM,43,6017,21,3,class_3,3,class_3,1,0.9980693459510804,3.630946707744442e-07,5.725521077692974e-06,1.2515224625531118e-06,0.9980693459510804,2.61018612945918e-06,1.3886906913285202e-07,0.0018912400119006,1.2826410966226833e-05,3.6091211086386476e-07,1.5939078821247676e-06,1.0431314194647712e-06,1.3406334801402409e-05,0.9980693459510804,0.9980693459510804,0.9961781059391799,/home/yaxin/datasets/TacAct-original/21_4_L_7.xlsx,correct,correct_class_3
LeNet_LSTM,43,6018,21,3,class_3,6,class_6,0,0.9998138546943665,9.801458872971123e-06,4.909128620056436e-06,1.3892428114559152e-06,0.000115419665235,1.5486886695725843e-05,7.561476991213567e-07,0.9998138546943665,6.617641474804259e-07,2.466511887178058e-06,4.91636512833793e-07,4.2845815073633286e-07,3.438217026996426e-05,0.000115419665235,0.9998138546943665,0.9996984350291315,/home/yaxin/datasets/TacAct-original/21_4_L_8.xlsx,wrong,class_3_to_6_error
LeNet_LSTM,43,6019,21,3,class_3,6,class_6,0,0.99979430437088,1.0687377653084695e-05,5.356293513614219e-06,2.149493411707226e-06,0.0001310959924012,1.2312575563555583e-05,7.421963914566732e-07,0.99979430437088,9.478950460106716e-07,2.579145984782372e-06,4.3128210336362827e-07,5.214956217969302e-07,3.884344187099487e-05,0.0001310959924012,0.99979430437088,0.9996632083784788,/home/yaxin/datasets/TacAct-original/21_4_L_9.xlsx,wrong,class_3_to_6_error
LeNet_LSTM,43,6020,21,3,class_3,3,class_3,1,0.9995928406715392,1.452212217145643e-07,3.874026788253104e-06,4.981952201887907e-07,0.9995928406715392,2.815580273818341e-06,9.485660967811783e-08,0.0003732219338417,8.12033613328822e-06,2.8579546551554813e-07,2.9182513117120834e-06,8.482663247377786e-07,1.4285516954259949e-05,0.9995928406715392,0.9995928406715392,0.9992196187376975,/home/yaxin/datasets/TacAct-original/21_4_R_1.xlsx,correct,correct_class_3
LeNet_LSTM,43,6021,21,3,class_3,3,class_3,1,0.999541997909546,1.285740722778428e-07,3.04886202684429e-06,5.363663717616873e-07,0.999541997909546,1.7410386590199778e-06,8.067473800110747e-08,0.0004217054520267,6.346555892378092e-06,3.181792749273882e-07,2.11870565181016e-06,6.441125606215792e-07,2.149786269001197e-05,0.999541997909546,0.999541997909546,0.9991202924575193,/home/yaxin/datasets/TacAct-original/21_4_R_10.xlsx,correct,correct_class_3
LeNet_LSTM,43,6022,21,3,class_3,3,class_3,1,0.999537467956543,2.0596287697571825e-07,4.266142241249327e-06,6.594930255232612e-07,0.999537467956543,3.1222480174619704e-06,1.2035668817134137e-07,0.0004108049324713,8.696491931914352e-06,5.207231765780307e-07,3.4982497254532063e-06,1.0172208249059622e-06,2.961315112770535e-05,0.999537467956543,0.999537467956543,0.9991266630240717,/home/yaxin/datasets/TacAct-original/21_4_R_11.xlsx,correct,correct_class_3
LeNet_LSTM,43,6023,21,3,class_3,3,class_3,1,0.9995266199111938,2.259264562098906e-07,4.694903509516735e-06,8.225401302297541e-07,0.9995266199111938,2.8906372335768538e-06,1.130872462340449e-07,0.000425023434218,1.236053321918007e-05,4.159031448125461e-07,3.082033572354703e-06,1.2149553185736297e-06,2.251981095469091e-05,0.9995266199111938,0.9995266199111938,0.9991015964769758,/home/yaxin/datasets/TacAct-original/21_4_R_12.xlsx,correct,correct_class_3
LeNet_LSTM,43,6024,21,3,class_3,3,class_3,1,0.9995477795600892,1.585169684403809e-07,3.6037683912582e-06,6.099475626797357e-07,0.9995477795600892,2.105759449477773e-06,8.44671106392525e-08,0.0004155735950917,7.70186488807667e-06,3.13988152811362e-07,2.326945377717493e-06,7.722896384620981e-07,1.8890141291194595e-05,0.9995477795600892,0.9995477795600892,0.9991322059649975,/home/yaxin/datasets/TacAct-original/21_4_R_13.xlsx,correct,correct_class_3
LeNet_LSTM,43,6025,21,3,class_3,3,class_3,1,0.999535322189331,1.957865691792904e-07,4.038357928948244e-06,6.854705247860693e-07,0.999535322189331,2.705958422666299e-06,9.54486054638437e-08,0.0004208035534247,9.764661626832094e-06,3.8413583069996093e-07,2.918871359725017e-06,1.0480894161446486e-06,2.2047919628676027e-05,0.999535322189331,0.999535322189331,0.9991145186359064,/home/yaxin/datasets/TacAct-original/21_4_R_14.xlsx,correct,correct_class_3
LeNet_LSTM,43,6026,21,3,class_3,3,class_3,1,0.99951171875,1.266591311832599e-07,3.1948120522429235e-06,6.179926685945247e-07,0.99951171875,1.6124415651574964e-06,9.13789932610598e-08,0.0004460762138478,7.377273959718877e-06,3.387712581570668e-07,1.964017656064243e-06,6.696645300507953e-07,2.6257350327796303e-05,0.99951171875,0.99951171875,0.9990656425361522,/home/yaxin/datasets/TacAct-original/21_4_R_15.xlsx,correct,correct_class_3
LeNet_LSTM,43,6027,21,3,class_3,3,class_3,1,0.9995748400688172,1.696669045259114e-07,3.5807277072308352e-06,5.781371328339446e-07,0.9995748400688172,2.5396850560355237e-06,8.464793666007608e-08,0.0003858202835544,8.214528861572035e-06,3.421059489028267e-07,2.789569862216013e-06,8.935118671615783e-07,2.0084329662495293e-05,0.9995748400688172,0.9995748400688172,0.9991890197852629,/home/yaxin/datasets/TacAct-original/21_4_R_16.xlsx,correct,correct_class_3
LeNet_LSTM,43,6028,21,3,class_3,3,class_3,1,0.9995471835136414,1.9762278213875106e-07,4.068698217452038e-06,6.371777772073983e-07,0.9995471835136414,3.044124923690106e-06,9.959013880234124e-08,0.0004087260749656,9.476593731960747e-06,3.994496751147381e-07,3.283598516645725e-06,1.0739714753071894e-06,2.171084997826256e-05,0.9995471835136414,0.9995471835136414,0.9991384574386758,/home/yaxin/datasets/TacAct-original/21_4_R_17.xlsx,correct,correct_class_3
LeNet_LSTM,43,6029,21,3,class_3,3,class_3,1,0.999550998210907,1.70119747622266e-07,3.695163968586712e-06,6.300151653704233e-07,0.999550998210907,2.329879407625413e-06,9.432368131001569e-08,0.0004077664052601,8.281942427856848e-06,3.638283203599713e-07,2.659453684827895e-06,8.639236170893128e-07,2.201740062446333e-05,0.999550998210907,0.999550998210907,0.9991432318056469,/home/yaxin/datasets/TacAct-original/21_4_R_18.xlsx,correct,correct_class_3
LeNet_LSTM,43,6030,21,3,class_3,3,class_3,1,0.9994543194770812,1.5568271294341685e-07,3.556118372216588e-06,7.000502364462591e-07,0.9994543194770812,1.974575752683449e-06,1.0794197180530318e-07,0.0004955775220878,9.22132676350884e-06,4.061959657519765e-07,2.4387593384744832e-06,8.565872917642992e-07,3.0726034310646355e-05,0.9994543194770812,0.9994543194770812,0.9989587419549933,/home/yaxin/datasets/TacAct-original/21_4_R_19.xlsx,correct,correct_class_3
LeNet_LSTM,43,6031,21,3,class_3,3,class_3,1,0.9992212057113647,1.868995127551898e-07,3.2456559893034864e-06,9.334171977570804e-07,0.9992212057113647,1.7510437828605063e-06,1.452006159752273e-07,0.0007018836331553,1.301264637731947e-05,5.560373210755643e-07,2.1060914150439203e-06,9.037426025315654e-07,5.405373667599633e-05,0.9992212057113647,0.9992212057113647,0.9985193220782095,/home/yaxin/datasets/TacAct-original/21_4_R_2.xlsx,correct,correct_class_3
LeNet_LSTM,43,6032,21,3,class_3,3,class_3,1,0.9995219707489014,2.338438491733541e-07,5.0060089051839896e-06,7.649265967302199e-07,0.9995219707489014,3.6045414617547063e-06,1.3345930938157838e-07,0.0004240639391355,1.2192680514999664e-05,4.942515374750656e-07,3.7889280974923167e-06,1.3351336747291498e-06,2.64297632384114e-05,0.9995219707489014,0.9995219707489014,0.9990979068097658,/home/yaxin/datasets/TacAct-original/21_4_R_20.xlsx,correct,correct_class_3
LeNet_LSTM,43,6033,21,3,class_3,3,class_3,1,0.9995837807655334,1.391843511555635e-07,3.209517899449565e-06,5.065473942522658e-07,0.9995837807655334,2.075501697618165e-06,7.393435197400322e-08,0.0003835594397969,6.711933110636892e-06,2.749153793502046e-07,2.3568338747281814e-06,6.928596576472046e-07,1.66682293638587e-05,0.9995837807655334,0.9995837807655334,0.9992002213257365,/home/yaxin/datasets/TacAct-original/21_4_R_3.xlsx,correct,correct_class_3
LeNet_LSTM,43,6034,21,3,class_3,3,class_3,1,0.9994195699691772,2.025623757617723e-07,5.337396032700781e-06,8.537659255125618e-07,0.9994195699691772,2.557125526436721e-06,1.506466134060247e-07,0.0005238331505097,8.69248924573185e-06,5.475452553582727e-07,3.3967412491620053e-06,1.2651519227802055e-06,3.359350739629008e-05,0.9994195699691772,0.9994195699691772,0.9988957368186675,/home/yaxin/datasets/TacAct-original/21_4_R_4.xlsx,correct,correct_class_3
LeNet_LSTM,43,6035,21,3,class_3,3,class_3,1,0.9995957016944884,1.4379197921243758e-07,3.3955518574657617e-06,5.029816065871273e-07,0.9995957016944884,2.365386990277329e-06,7.919226874264497e-08,0.0003707876894623,7.336210728681181e-06,2.823775275828666e-07,2.5414535684831208e-06,7.526377316935395e-07,1.6034535292419605e-05,0.9995957016944884,0.9995957016944884,0.9992249140050261,/home/yaxin/datasets/TacAct-original/21_4_R_5.xlsx,correct,correct_class_3
LeNet_LSTM,43,6036,21,3,class_3,3,class_3,1,0.9995669722557068,1.59520311626693e-07,3.509105454213568e-06,5.713323503186984e-07,0.9995669722557068,2.2968438315729145e-06,8.42283682800371e-08,0.0003959999303333,7.644473043910693e-06,3.223330224955135e-07,2.6286475076631177e-06,8.095703378785402e-07,1.9008764866157435e-05,0.9995669722557068,0.9995669722557068,0.9991709723253734,/home/yaxin/datasets/TacAct-original/21_4_R_6.xlsx,correct,correct_class_3
LeNet_LSTM,43,6037,21,3,class_3,3,class_3,1,0.9994950294494628,2.427684080430481e-07,5.751893240812933e-06,6.389066697920498e-07,0.9994950294494628,5.687891643901821e-06,1.9093675973635984e-07,0.0004503605305217,1.1581707440200262e-05,5.49190076526429e-07,5.350112132873619e-06,1.1969862043770263e-06,2.3310347387450747e-05,0.9994950294494628,0.9994950294494628,0.9990446689189411,/home/yaxin/datasets/TacAct-original/21_4_R_7.xlsx,correct,correct_class_3
LeNet_LSTM,43,6038,21,3,class_3,3,class_3,1,0.9993131160736084,2.3403366355978505e-07,4.784184511663625e-06,7.663532528567885e-07,0.9993131160736084,3.3309036098216893e-06,1.3164708434487693e-07,0.0006434761453419,9.934487025020644e-06,4.3291817064528004e-07,3.037070882783155e-06,9.883668781185406e-07,1.978078216779977e-05,0.9993131160736084,0.9993131160736084,0.9986696399282665,/home/yaxin/datasets/TacAct-original/21_4_R_8.xlsx,correct,correct_class_3
LeNet_LSTM,43,6039,21,3,class_3,3,class_3,1,0.9918571710586548,4.289001935831038e-06,3.6878449463984e-05,3.206710061931517e-06,0.9918571710586548,0.0002376678894506,1.8043439240500447e-06,0.0077142030932009,3.936509892810136e-05,6.70871577312937e-06,2.2014030037098564e-05,4.462758170120651e-06,7.22076729289256e-05,0.9918571710586548,0.9918571710586548,0.9841429679654539,/home/yaxin/datasets/TacAct-original/21_4_R_9.xlsx,correct,correct_class_3
LeNet_LSTM,43,6120,21,6,class_6,3,class_3,0,0.9990358352661132,2.269985657221696e-07,5.287711246637628e-06,1.2845340506828506e-06,0.9990358352661132,1.8411035398457896e-06,1.8541594215548685e-07,0.0008998943376354,1.33107096189633e-05,4.940564508615353e-07,1.933816747623496e-06,9.892675052469713e-07,3.871917942888104e-05,0.0008998943376354,0.9990358352661132,0.9981359409284778,/home/yaxin/datasets/TacAct-original/21_7_L_1.xlsx,wrong,class_6_to_3_error
LeNet_LSTM,43,6121,21,6,class_6,3,class_3,0,0.999573290348053,1.5444624068550186e-07,3.405645657039713e-06,5.60754642719985e-07,0.999573290348053,2.212868821516168e-06,8.356497716022204e-08,0.0003887524653691,7.629903848282993e-06,3.223541114039108e-07,2.5091667339438573e-06,7.96630445165647e-07,2.040993786067702e-05,0.0003887524653691,0.999573290348053,0.9991845378826839,/home/yaxin/datasets/TacAct-original/21_7_L_10.xlsx,wrong,class_6_to_3_error
LeNet_LSTM,43,6122,21,6,class_6,3,class_3,0,0.9995429515838624,1.785532219855668e-07,3.600384388846578e-06,5.703838041881681e-07,0.9995429515838624,2.808989847835619e-06,9.172008930136145e-08,0.0004149731830693,7.759065738355275e-06,3.948929077068897e-07,2.982282467201003e-06,8.842031888889323e-07,2.286177914356813e-05,0.0004149731830693,0.9995429515838624,0.9991279784007931,/home/yaxin/datasets/TacAct-original/21_7_L_11.xlsx,wrong,class_6_to_3_error
LeNet_LSTM,43,6123,21,6,class_6,3,class_3,0,0.9995885491371156,1.4987584506798157e-07,3.176324753439985e-06,5.101270517116063e-07,0.9995885491371156,2.311682919753366e-06,7.520636557956095e-08,0.0003755210491362,7.0670134846295696e-06,3.151655789679353e-07,2.566960802141693e-06,7.72403609516914e-07,1.9022683773073368e-05,0.0003755210491362,0.9995885491371156,0.9992130280879794,/home/yaxin/datasets/TacAct-original/21_7_L_12.xlsx,wrong,class_6_to_3_error
LeNet_LSTM,43,6124,21,6,class_6,3,class_3,0,0.999610722064972,1.365920638818352e-07,3.1020033475215314e-06,4.849938477491378e-07,0.999610722064972,2.13164821616374e-06,6.738736857414551e-08,0.0003566031518857,6.952973762963666e-06,2.685636957266979e-07,2.3295142455026507e-06,7.440037848027714e-07,1.6612213585176505e-05,0.0003566031518857,0.999610722064972,0.9992541189130864,/home/yaxin/datasets/TacAct-original/21_7_L_13.xlsx,wrong,class_6_to_3_error
LeNet_LSTM,43,6125,21,6,class_6,3,class_3,0,0.9994741082191468,1.6397186186623006e-07,4.362696472526295e-06,5.900958512938814e-07,0.9994741082191468,2.780916474875994e-06,1.032070784390271e-07,0.0004913136945106,8.426095519098453e-06,2.850486851002643e-07,2.905725295931916e-06,8.448733979093959e-07,1.409884134773165e-05,0.0004913136945106,0.9994741082191468,0.9989827945246362,/home/yaxin/datasets/TacAct-original/21_7_L_14.xlsx,wrong,class_6_to_3_error
LeNet_LSTM,43,6126,21,6,class_6,3,class_3,0,0.999594509601593,1.349807519090973e-07,2.9850057217117865e-06,4.750398261421651e-07,0.999594509601593,2.0835959730902687e-06,6.839134414349246e-08,0.0003731585165951,6.414873041649116e-06,2.745659060110484e-07,2.3264126411959296e-06,6.823827902735502e-07,1.6929943740251474e-05,0.0003731585165951,0.999594509601593,0.9992213510849979,/home/yaxin/datasets/TacAct-original/21_7_L_15.xlsx,wrong,class_6_to_3_error
LeNet_LSTM,43,6127,21,6,class_6,3,class_3,0,0.9995846152305604,1.6064278440808266e-07,3.1308159123000223e-06,5.123790742800338e-07,0.9995846152305604,2.5267993351008045e-06,7.775692978384542e-08,0.0003761207917705,7.339096555369906e-06,3.568307818113681e-07,2.773601181615959e-06,8.232393042817421e-07,2.1580723114311692e-05,0.0003761207917705,0.9995846152305604,0.9992084944387899,/home/yaxin/datasets/TacAct-original/21_7_L_16.xlsx,wrong,class_6_to_3_error
LeNet_LSTM,43,6128,21,6,class_6,3,class_3,0,0.9995926022529602,1.5479130865969637e-07,3.1248750929080416e-06,5.01578938383318e-07,0.9995926022529602,2.4170847154891817e-06,7.648999655884836e-08,0.0003705470298882,6.951309387659421e-06,3.358467779435159e-07,2.662787210283568e-06,7.765569307593978e-07,1.986726238101255e-05,0.0003705470298882,0.9995926022529602,0.9992220552230721,/home/yaxin/datasets/TacAct-original/21_7_L_17.xlsx,wrong,class_6_to_3_error
LeNet_LSTM,43,6129,21,6,class_6,3,class_3,0,0.9995632767677308,1.673957115144731e-07,3.3794053706515115e-06,5.916858185628371e-07,0.9995632767677308,2.375029907852877e-06,8.641135451625814e-08,0.0003934541018679,8.50741798785748e-06,3.636145891050546e-07,2.6132483981200494e-06,8.798101589491125e-07,2.4288596250698905e-05,0.0003934541018679,0.9995632767677308,0.999169822665863,/home/yaxin/datasets/TacAct-original/21_7_L_18.xlsx,wrong,class_6_to_3_error
LeNet_LSTM,43,6130,21,6,class_6,3,class_3,0,0.9995777010917664,1.5264932073932869e-07,3.3188023280672496e-06,5.435883849713719e-07,0.9995777010917664,2.204209295086912e-06,8.25876824706029e-08,0.0003853139933198,7.165167971834308e-06,3.232300969102653e-07,2.514291963962023e-06,7.663895189580217e-07,1.9939550838898867e-05,0.0003853139933198,0.9995777010917664,0.9991923870984466,/home/yaxin/datasets/TacAct-original/21_7_L_19.xlsx,wrong,class_6_to_3_error
LeNet_LSTM,43,6131,21,6,class_6,3,class_3,0,0.9995620846748352,1.6029042626541925e-07,3.594682766561164e-06,5.745894782194227e-07,0.9995620846748352,2.337376145078452e-06,9.061989203473787e-08,0.0003990775730926,7.50594335841015e-06,3.410110309687298e-07,2.683871571207419e-06,8.157851993928489e-07,2.077489443763625e-05,0.0003990775730926,0.9995620846748352,0.9991630071017426,/home/yaxin/datasets/TacAct-original/21_7_L_2.xlsx,wrong,class_6_to_3_error
LeNet_LSTM,43,6132,21,6,class_6,3,class_3,0,0.9996054768562316,1.365171016232125e-07,2.854118974937592e-06,4.844865202358051e-07,0.9996054768562316,2.0326087906141765e-06,6.902810412157123e-08,0.0003587287210393,6.886274150019744e-06,2.9859907613172254e-07,2.2582701149076456e-06,7.00640384820872e-07,2.0110204786760733e-05,0.0003587287210393,0.9996054768562316,0.9992467481351923,/home/yaxin/datasets/TacAct-original/21_7_L_20.xlsx,wrong,class_6_to_3_error
LeNet_LSTM,43,6133,21,6,class_6,3,class_3,0,0.99958473443985,1.261494020354803e-07,3.068627393076895e-06,4.707674747805868e-07,0.99958473443985,1.9148994852002943e-06,6.45664997023232e-08,0.0003858931304421,6.2920448726799805e-06,2.3205346622034997e-07,2.1011348962929333e-06,6.330780024654814e-07,1.4421670130104758e-05,0.0003858931304421,0.99958473443985,0.9991988413094078,/home/yaxin/datasets/TacAct-original/21_7_L_3.xlsx,wrong,class_6_to_3_error
LeNet_LSTM,43,6134,21,6,class_6,3,class_3,0,0.9996041655540466,1.3064655490779842e-07,3.023573071914143e-06,4.812449674318486e-07,0.9996041655540466,1.958744633157039e-06,6.926764939407803e-08,0.0003632573934737,6.460237273131497e-06,2.688886695523252e-07,2.22279390982294e-06,6.789127269257733e-07,1.7291606127400883e-05,0.0003632573934737,0.9996041655540466,0.999240908160573,/home/yaxin/datasets/TacAct-original/21_7_L_4.xlsx,wrong,class_6_to_3_error
LeNet_LSTM,43,6135,21,6,class_6,3,class_3,0,0.99959534406662,1.4669076620066337e-07,3.3558151244506007e-06,5.241833491709258e-07,0.99959534406662,2.247463726234855e-06,7.327550832769704e-08,0.0003699121880345,7.530765287810936e-06,2.828552965183917e-07,2.4465375645377208e-06,8.146282652887749e-07,1.735524165269453e-05,0.0003699121880345,0.99959534406662,0.9992254318785855,/home/yaxin/datasets/TacAct-original/21_7_L_5.xlsx,wrong,class_6_to_3_error
LeNet_LSTM,43,6136,21,6,class_6,3,class_3,0,0.9995693564414978,1.625487868750497e-07,3.680667305161478e-06,5.781290042250475e-07,0.9995693564414978,2.4242290237452835e-06,8.344774471424898e-08,0.0003926638455595,8.109079317364376e-06,3.155712988700543e-07,2.6766826977109304e-06,8.81399387253623e-07,1.901890937006101e-05,0.0003926638455595,0.9995693564414978,0.9991766925959383,/home/yaxin/datasets/TacAct-original/21_7_L_6.xlsx,wrong,class_6_to_3_error
LeNet_LSTM,43,6137,21,6,class_6,3,class_3,0,0.9995595812797546,1.4460033526120244e-07,3.650609414762585e-06,5.377387424232438e-07,0.9995595812797546,2.282739842485171e-06,8.073896395899284e-08,0.0004075239994563,7.291779638762819e-06,2.666924387995096e-07,2.4766504793660715e-06,7.532653967246006e-07,1.5355004507000558e-05,0.0004075239994563,0.9995595812797546,0.9991520572802983,/home/yaxin/datasets/TacAct-original/21_7_L_7.xlsx,wrong,class_6_to_3_error
LeNet_LSTM,43,6138,21,6,class_6,3,class_3,0,0.9995490908622742,1.6249713041815994e-07,3.674444769785623e-06,5.887555403205624e-07,0.9995490908622742,2.320382236575824e-06,9.005682954921214e-08,0.0004128731379751,7.61304545449093e-06,3.300046955700964e-07,2.5962524432543432e-06,8.042998729251849e-07,1.9905201043002307e-05,0.0004128731379751,0.9995490908622742,0.9991362177242991,/home/yaxin/datasets/TacAct-original/21_7_L_8.xlsx,wrong,class_6_to_3_error
LeNet_LSTM,43,6139,21,6,class_6,3,class_3,0,0.9995864033699036,1.456131712984643e-07,3.249936980864732e-06,5.23683013398113e-07,0.9995864033699036,2.115827328452724e-06,7.989549999365408e-08,0.0003782587009482,6.888296866236487e-06,3.028022206308379e-07,2.4196183403546456e-06,7.243068012030562e-07,1.894407432700973e-05,0.0003782587009482,0.9995864033699036,0.9992081446689554,/home/yaxin/datasets/TacAct-original/21_7_L_9.xlsx,wrong,class_6_to_3_error
LeNet_LSTM,43,6140,21,6,class_6,6,class_6,1,0.9994773268699646,4.957368582836352e-05,3.077571818721481e-05,4.807098321180092e-06,0.0002292032149853,0.0001517433556728,3.162093207720318e-06,0.9994773268699646,2.6408463327243226e-06,7.286293111974373e-06,1.6359324490622384e-06,3.067156740144128e-06,3.884564648615196e-05,0.9994773268699646,0.9994773268699646,0.9992481236549793,/home/yaxin/datasets/TacAct-original/21_7_R_1.xlsx,correct,correct_class_6
LeNet_LSTM,43,6141,21,6,class_6,3,class_3,0,0.9993526339530944,1.617395213315831e-07,3.2697860206098994e-06,6.179378715387429e-07,0.9993526339530944,1.980152774194721e-06,9.45089766446472e-08,0.0006069497903808,7.900045602582395e-06,3.470974831998319e-07,2.1272339836286847e-06,6.440943138841249e-07,2.3409296773024835e-05,0.0006069497903808,0.9993526339530944,0.9987456841627136,/home/yaxin/datasets/TacAct-original/21_7_R_10.xlsx,wrong,class_6_to_3_error
LeNet_LSTM,43,6142,21,6,class_6,3,class_3,0,0.9994993209838868,1.47848666642858e-07,3.1657446015742607e-06,5.307667265697091e-07,0.9994993209838868,2.105934299834189e-06,8.025355668905831e-08,0.0004654306685552,6.589375971088884e-06,3.147767131395085e-07,2.307043132532272e-06,6.735202191521239e-07,1.924878051795531e-05,0.0004654306685552,0.9994993209838868,0.9990338903153316,/home/yaxin/datasets/TacAct-original/21_7_R_11.xlsx,wrong,class_6_to_3_error
LeNet_LSTM,43,6143,21,6,class_6,3,class_3,0,0.9995362758636476,1.3704155321647704e-07,3.1832908007345395e-06,5.35295328063512e-07,0.9995362758636476,1.916363316922798e-06,7.789002154368063e-08,0.0004297879349905,6.408189165085787e-06,2.916624168847193e-07,2.185712446589605e-06,6.629439894823008e-07,1.848790088843089e-05,0.0004297879349905,0.9995362758636476,0.9991064879286571,/home/yaxin/datasets/TacAct-original/21_7_R_12.xlsx,wrong,class_6_to_3_error
LeNet_LSTM,43,6144,21,6,class_6,3,class_3,0,0.9994489550590516,1.659491175587391e-07,3.8393036447814666e-06,6.570347181877878e-07,0.9994489550590516,2.210535285485093e-06,1.0413383222385165e-07,0.0005100537091493,7.29643306840444e-06,3.802491335136438e-07,2.5199549327226123e-06,7.934260111142066e-07,2.309204137418419e-05,0.0005100537091493,0.9994489550590516,0.9989389013499024,/home/yaxin/datasets/TacAct-original/21_7_R_13.xlsx,wrong,class_6_to_3_error
LeNet_LSTM,43,6145,21,6,class_6,6,class_6,1,0.9995912909507751,3.720786116900854e-05,2.176541784137953e-05,3.812338036368601e-06,0.0002025785652222,9.226439578924328e-05,2.458073595335009e-06,0.9995912909507751,1.9928672827518312e-06,6.057339760445757e-06,1.393316892972507e-06,2.105138037222787e-06,3.707291034515947e-05,0.9995912909507751,0.9995912909507751,0.9993887123855529,/home/yaxin/datasets/TacAct-original/21_7_R_14.xlsx,correct,correct_class_6
LeNet_LSTM,43,6146,21,6,class_6,6,class_6,1,0.9996362924575806,4.134611663175747e-05,1.984925074793864e-05,3.4043407595163444e-06,0.0001528438006062,0.0001051859435392,2.1185742298257537e-06,0.9996362924575806,1.7521605286674458e-06,5.277998297970044e-06,1.2121324743930018e-06,1.9235992567701032e-06,2.872972982004285e-05,0.9996362924575806,0.9996362924575806,0.9994834486569744,/home/yaxin/datasets/TacAct-original/21_7_R_15.xlsx,correct,correct_class_6
LeNet_LSTM,43,6147,21,6,class_6,6,class_6,1,0.999630331993103,4.03013764298521e-05,2.0799212506972253e-05,3.610454314184608e-06,0.0001587773731444,9.835421951720492e-05,2.262778025396983e-06,0.999630331993103,1.8429004740028176e-06,5.9583294387266506e-06,1.2858575928476057e-06,2.0131822111579822e-06,3.446366827120073e-05,0.999630331993103,0.999630331993103,0.9994715546199586,/home/yaxin/datasets/TacAct-original/21_7_R_16.xlsx,correct,correct_class_6
LeNet_LSTM,43,6148,21,6,class_6,6,class_6,1,0.9994712471961976,3.659162393887527e-05,2.3198928829515356e-05,4.107702807232272e-06,0.0003087093064095,0.000106660532765,2.9216805614851182e-06,0.9994712471961976,2.2987273951002862e-06,5.634265107801184e-06,1.5115646192498389e-06,2.688650965865236e-06,3.4444812627043575e-05,0.9994712471961976,0.9994712471961976,0.9991625378897881,/home/yaxin/datasets/TacAct-original/21_7_R_17.xlsx,correct,correct_class_6
LeNet_LSTM,43,6149,21,6,class_6,6,class_6,1,0.9992509484291076,2.6271489332430065e-05,2.0576626411639157e-05,4.258018634573091e-06,0.0005879177479073,6.355230289045721e-05,2.575916141722701e-06,0.9992509484291076,2.155586116714403e-06,5.281934136291966e-06,1.435851913811348e-06,1.944392352015712e-06,3.3114192774519324e-05,0.9992509484291076,0.9992509484291076,0.9986630306812002,/home/yaxin/datasets/TacAct-original/21_7_R_18.xlsx,correct,correct_class_6
LeNet_LSTM,43,6150,21,6,class_6,6,class_6,1,0.9995359182357788,4.9775891966419294e-05,2.698856042115949e-05,4.385936790640699e-06,0.0001917503395816,0.0001406892115483,2.798728928610217e-06,0.9995359182357788,2.314018274773844e-06,6.680315436824458e-06,1.491737293690676e-06,2.6543912099441518e-06,3.458522405708209e-05,0.9995359182357788,0.9995359182357788,0.9993441678961972,/home/yaxin/datasets/TacAct-original/21_7_R_19.xlsx,correct,correct_class_6
LeNet_LSTM,43,6151,21,6,class_6,3,class_3,0,0.9596266746520996,3.295243686807225e-06,2.9176024327171035e-05,5.816508746647742e-06,0.9596266746520996,1.731010888761375e-05,1.8760659941108315e-06,0.0402326509356498,2.766453508229461e-05,3.193274778823252e-06,5.650740604323801e-06,4.903197350358823e-06,4.173692286713049e-05,0.0402326509356498,0.9596266746520996,0.9193940237164498,/home/yaxin/datasets/TacAct-original/21_7_R_2.xlsx,wrong,class_6_to_3_error
LeNet_LSTM,43,6152,21,6,class_6,6,class_6,1,0.9995623230934144,4.8677524318918586e-05,2.6128833269467577e-05,4.132877165829996e-06,0.0001670097699388,0.0001437780883861,2.6634609184839064e-06,0.9995623230934144,2.031714984696009e-06,6.55371059110621e-06,1.366070137009956e-06,2.4674602627783315e-06,3.291312532383017e-05,0.9995623230934144,0.9995623230934144,0.9993953133234756,/home/yaxin/datasets/TacAct-original/21_7_R_20.xlsx,correct,correct_class_6
LeNet_LSTM,43,6153,21,6,class_6,6,class_6,1,0.9996135830879213,3.706277857418172e-05,2.40624176512938e-05,3.6045448723598383e-06,0.0001636008673813,0.0001136524588218,2.408223963357159e-06,0.9996135830879213,1.701085807326308e-06,5.688180408469634e-06,1.242726284544915e-06,2.0667482658609515e-06,3.123690839856863e-05,0.9996135830879213,0.9996135830879213,0.9994499822205399,/home/yaxin/datasets/TacAct-original/21_7_R_3.xlsx,correct,correct_class_6
LeNet_LSTM,43,6154,21,6,class_6,6,class_6,1,0.9993937015533448,2.8032067348249257e-05,2.4959952497738414e-05,3.876954906445462e-06,0.0004056083853356,9.59804019657895e-05,2.696754791031708e-06,0.9993937015533448,1.998633479161072e-06,5.346692887542304e-06,1.3914295777794905e-06,2.239988361907308e-06,3.419954009586945e-05,0.9993937015533448,0.9993937015533448,0.9989880931680092,/home/yaxin/datasets/TacAct-original/21_7_R_4.xlsx,correct,correct_class_6
LeNet_LSTM,43,6155,21,6,class_6,6,class_6,1,0.5104724168777466,1.4938545973564032e-05,7.424510113196447e-05,1.6981757653411478e-05,0.489119678735733,7.43807468097657e-05,5.880049229745055e-06,0.5104724168777466,3.216338518541306e-05,1.432965655112639e-05,1.3886767192161642e-05,9.40112386160763e-06,0.0001516831689514,0.5104724168777466,0.5104724168777466,0.021352738142013605,/home/yaxin/datasets/TacAct-original/21_7_R_5.xlsx,correct,correct_class_6
LeNet_LSTM,43,6156,21,6,class_6,6,class_6,1,0.9992974996566772,2.2843309125164524e-05,1.6713318473193794e-05,3.788709591390216e-06,0.0005584204918704,4.4745505874743685e-05,2.229279971288633e-06,0.9992974996566772,2.0347633835626766e-06,6.200823918334208e-06,1.4456993540079566e-06,1.595272919985291e-06,4.258081025909632e-05,0.9992974996566772,0.9992974996566772,0.9987390791648069,/home/yaxin/datasets/TacAct-original/21_7_R_6.xlsx,correct,correct_class_6
LeNet_LSTM,43,6157,21,6,class_6,6,class_6,1,0.9995867609977722,2.8865701096947305e-05,1.8286666090716608e-05,3.381612486919039e-06,0.0002468554012011,7.073437154758722e-05,2.174767359974794e-06,0.9995867609977722,1.7791962818591855e-06,5.045805664849468e-06,1.2645878086914308e-06,1.7323599195151471e-06,3.312857006676495e-05,0.9995867609977722,0.9995867609977722,0.9993399055965712,/home/yaxin/datasets/TacAct-original/21_7_R_7.xlsx,correct,correct_class_6
LeNet_LSTM,43,6158,21,6,class_6,6,class_6,1,0.9995203018188475,3.615357491071336e-05,2.581407716206741e-05,4.07250536227366e-06,0.0002481880073901,0.0001162280095741,2.801048367473413e-06,0.9995203018188475,2.056567836916656e-06,6.127937922428828e-06,1.4306763205240711e-06,2.42213150158932e-06,3.4397555282339454e-05,0.9995203018188475,0.9995203018188475,0.9992721138114574,/home/yaxin/datasets/TacAct-original/21_7_R_8.xlsx,correct,correct_class_6
LeNet_LSTM,43,6159,21,6,class_6,3,class_3,0,0.9994111061096193,1.5555546895029693e-07,3.518050789352856e-06,6.402686949513736e-07,0.9994111061096193,1.989837983273901e-06,1.0140698947225246e-07,0.0005458714440464,7.970929800649174e-06,3.5806272080662893e-07,2.357328185098595e-06,7.319416681639268e-07,2.522211980249267e-05,0.0005458714440464,0.9994111061096193,0.9988652346655729,/home/yaxin/datasets/TacAct-original/21_7_R_9.xlsx,wrong,class_6_to_3_error
LeNet_LSTM,43,8400,26,3,class_3,11,class_11,0,0.5216455459594727,0.2852452397346496,0.0002213595143985,0.0013147282879799,0.0006528001395054,0.0012366916052997,0.0002167277125408,0.060573648661375,0.000797972199507,0.1272966563701629,0.0006251942832022,0.0001734065590426,0.5216455459594727,0.0006528001395054,0.5216455459594727,0.23640030622482305,/home/yaxin/datasets/TacAct-original/26_4_L_1.xlsx,wrong,other
LeNet_LSTM,43,8401,26,3,class_3,6,class_6,0,0.9996914863586426,3.566460873116739e-05,1.427223196515115e-05,3.4370830235275207e-06,0.0001536088966531,4.656158125726506e-05,1.7688927300696378e-06,0.9996914863586426,2.030843916145386e-06,5.085292286821641e-06,1.4230976148610353e-06,1.3969480505693357e-06,4.316875492804684e-05,0.0001536088966531,0.9996914863586426,0.9995378774619895,/home/yaxin/datasets/TacAct-original/26_4_L_10.xlsx,wrong,class_3_to_6_error
LeNet_LSTM,43,8402,26,3,class_3,4,class_4,0,0.7280914783477783,0.2470555752515792,0.0008193771354854,0.0001813404524,0.0001733150420477,0.7280914783477783,9.980628965422512e-05,0.0217343121767044,4.453620931599289e-05,0.0014558052644133,0.0001856599556049,2.326644789718557e-05,0.0001355542772216,0.0001733150420477,0.7280914783477783,0.48103590309619915,/home/yaxin/datasets/TacAct-original/26_4_L_11.xlsx,wrong,other
LeNet_LSTM,43,8403,26,3,class_3,6,class_6,0,0.9700958728790284,0.000355337979272,0.0003962494374718,2.667478474904783e-05,0.0003578343894332,0.0283776074647903,1.0000049769587347e-05,0.9700958728790284,2.3718122974969447e-05,0.0001048124613589,2.6431256628711708e-05,1.2218186384416184e-05,0.0002132730442099,0.0003578343894332,0.9700958728790284,0.9417182654142381,/home/yaxin/datasets/TacAct-original/26_4_L_12.xlsx,wrong,class_3_to_6_error
LeNet_LSTM,43,8404,26,3,class_3,6,class_6,0,0.984159529209137,0.0001044700038619,0.0002745784877333,1.7057283912436105e-05,0.0052507203072309,0.0094086155295372,1.944011091836728e-05,0.984159529209137,3.068285877816379e-05,8.189801155822352e-05,1.1872604773088824e-05,2.579405190772377e-05,0.0006153094582259,0.0052507203072309,0.984159529209137,0.9747509136795998,/home/yaxin/datasets/TacAct-original/26_4_L_13.xlsx,wrong,class_3_to_6_error
LeNet_LSTM,43,8405,26,3,class_3,3,class_3,1,0.9989520311355592,3.286947958258679e-07,6.452704838011414e-06,1.6077163991212728e-06,0.9989520311355592,2.6078296286868863e-06,2.1004669292779e-07,0.000969645101577,2.091458190989215e-05,6.477017677752883e-07,2.9193051886977628e-06,1.8189100501331268e-06,4.085120963281952e-05,0.9989520311355592,0.9989520311355592,0.9979823860339821,/home/yaxin/datasets/TacAct-original/26_4_L_14.xlsx,correct,correct_class_3
LeNet_LSTM,43,8406,26,3,class_3,3,class_3,1,0.968768835067749,4.119727236684412e-06,4.25350881414488e-05,1.2108471310057212e-05,0.968768835067749,2.7438394681666974e-05,2.362793111387873e-06,0.0309690106660127,7.963897951412946e-05,4.101920694665751e-06,1.2240959222253878e-05,1.856261405919213e-05,5.898382005398162e-05,0.968768835067749,0.968768835067749,0.9377998244017364,/home/yaxin/datasets/TacAct-original/26_4_L_15.xlsx,correct,correct_class_3
LeNet_LSTM,43,8407,26,3,class_3,6,class_6,0,0.99871563911438,0.0003932061081286,3.908628423232585e-05,1.3682630196854006e-05,0.0003265571140218,0.0002893309574574,7.1364661380357575e-06,0.99871563911438,1.2075650374754332e-05,4.083589374204166e-05,6.403941824828507e-06,8.240377610491123e-06,0.0001478165359003,0.0003265571140218,0.99871563911438,0.9983224330062513,/home/yaxin/datasets/TacAct-original/26_4_L_16.xlsx,wrong,class_3_to_6_error
LeNet_LSTM,43,8408,26,3,class_3,3,class_3,1,0.9991499185562134,4.3321421117070713e-07,7.311075933102984e-06,1.4965736454541911e-06,0.9991499185562134,4.806495326192817e-06,2.0102552866774206e-07,0.0007643485441803,2.425848833809141e-05,8.004006417650089e-07,4.624716439138865e-06,2.600252173579065e-06,3.916120112990029e-05,0.9991499185562134,0.9991499185562134,0.9983855700120331,/home/yaxin/datasets/TacAct-original/26_4_L_17.xlsx,correct,correct_class_3
LeNet_LSTM,43,8409,26,3,class_3,6,class_6,0,0.9983842372894288,4.494879976846278e-05,3.4433542168699205e-05,1.1781876310124062e-05,0.0012925103073939,4.534970867098309e-05,2.5175102109642467e-06,0.9983842372894288,1.0029030818259344e-05,1.5416853784699924e-05,2.526582420614432e-06,4.687055934482487e-06,0.0001515973563073,0.0012925103073939,0.9983842372894288,0.997091726982035,/home/yaxin/datasets/TacAct-original/26_4_L_18.xlsx,wrong,class_3_to_6_error
LeNet_LSTM,43,8410,26,3,class_3,3,class_3,1,0.9992918968200684,4.213529223306978e-07,1.0154925803362858e-05,1.235934519172588e-06,0.9992918968200684,7.322372312046355e-06,2.89811566744902e-07,0.0006334580830298,2.2438664018409327e-05,6.391570650521317e-07,6.559933808603091e-06,2.7276723812974524e-06,2.285459777340293e-05,0.9992918968200684,0.9992918968200684,0.9986584387370385,/home/yaxin/datasets/TacAct-original/26_4_L_19.xlsx,correct,correct_class_3
LeNet_LSTM,43,8411,26,3,class_3,3,class_3,1,0.9927167296409608,3.942057901440421e-06,6.97760988259688e-05,6.525032949866727e-05,0.9927167296409608,8.806920050119516e-06,9.329141903435812e-07,0.006991664879024,8.70631483849138e-05,4.445543254405493e-06,5.95950905335485e-06,9.551738912705332e-06,3.5850000131176785e-05,0.9927167296409608,0.9927167296409608,0.9857250647619368,/home/yaxin/datasets/TacAct-original/26_4_L_2.xlsx,correct,correct_class_3
LeNet_LSTM,43,8412,26,3,class_3,6,class_6,0,0.9964272379875184,0.0005905465222895,0.0001629774051252,5.081317794974893e-05,0.0014656150015071,0.0006527904770337,2.5235993234673515e-05,0.9964272379875184,9.33556948439218e-05,8.234864071710035e-05,2.949809822894167e-05,4.914678356726654e-05,0.0003702793910633,0.0014656150015071,0.9964272379875184,0.9949616229860113,/home/yaxin/datasets/TacAct-original/26_4_L_20.xlsx,wrong,class_3_to_6_error
LeNet_LSTM,43,8413,26,3,class_3,6,class_6,0,0.9970473647117616,0.0001237418327946,0.0001233966613654,4.2442370613571256e-05,0.0020376066677272,0.0001455831370549,1.2540557690954302e-05,0.9970473647117616,4.389487730804831e-05,4.7037519834702834e-05,9.708417564979754e-06,1.722704473650083e-05,0.0003493953845463,0.0020376066677272,0.9970473647117616,0.9950097580440344,/home/yaxin/datasets/TacAct-original/26_4_L_3.xlsx,wrong,class_3_to_6_error
LeNet_LSTM,43,8414,26,3,class_3,6,class_6,0,0.9995988011360168,2.9520506359403956e-05,2.958242293971125e-05,4.762487151310779e-06,0.0001035506138578,3.6945388274034485e-05,3.2076936804514844e-06,0.9995988011360168,2.090425596179557e-06,7.025354989309562e-06,1.4825131984252948e-06,1.5724168633823863e-06,0.0001814114220906,0.0001035506138578,0.9995988011360168,0.9994173897139262,/home/yaxin/datasets/TacAct-original/26_4_L_4.xlsx,wrong,class_3_to_6_error
LeNet_LSTM,43,8415,26,3,class_3,6,class_6,0,0.9985576272010804,0.0003027040220331,6.059838779037818e-05,1.586379403306637e-05,0.0004657119861803,0.0004209987819194,8.641600288683549e-06,0.9985576272010804,1.52868487930391e-05,3.024193392775487e-05,7.400743015750777e-06,1.181473271572031e-05,0.0001029750201269,0.0004657119861803,0.9985576272010804,0.9980919152149001,/home/yaxin/datasets/TacAct-original/26_4_L_5.xlsx,wrong,class_3_to_6_error
LeNet_LSTM,43,8416,26,3,class_3,6,class_6,0,0.997056245803833,0.0001447842951165,0.0001012437787721,2.3124763174564578e-05,0.0020415987819433,0.0003796347009483,1.6959467757260427e-05,0.997056245803833,2.502515599189792e-05,3.160083724651486e-05,1.2478512871894054e-05,2.1339639715733935e-05,0.0001459980703657,0.0020415987819433,0.997056245803833,0.9950146470218897,/home/yaxin/datasets/TacAct-original/26_4_L_6.xlsx,wrong,class_3_to_6_error
LeNet_LSTM,43,8417,26,3,class_3,6,class_6,0,0.9759465456008912,0.0005368591519072,8.935287041822448e-05,6.010773722664453e-05,0.0205807983875274,0.000159507166245,9.134092579188293e-06,0.9759465456008912,0.0002771598228719,0.000140994467074,2.426706305413973e-05,7.440443005179986e-05,0.0021009685005992,0.0205807983875274,0.9759465456008912,0.9553657472133639,/home/yaxin/datasets/TacAct-original/26_4_L_7.xlsx,wrong,class_3_to_6_error
LeNet_LSTM,43,8418,26,3,class_3,3,class_3,1,0.9994308352470398,2.360898889719465e-07,4.853552127315197e-06,8.20773550458398e-07,0.9994308352470398,3.1199447221297305e-06,1.1639934172080757e-07,0.0005205343477427,1.1790718417614698e-05,4.168412885974249e-07,3.4091281122528017e-06,1.336976652055455e-06,2.2574591639568095e-05,0.9994308352470398,0.9994308352470398,0.9989103008992971,/home/yaxin/datasets/TacAct-original/26_4_L_8.xlsx,correct,correct_class_3
LeNet_LSTM,43,8419,26,3,class_3,3,class_3,1,0.9994598031044006,3.0641953685517365e-07,5.887678071303526e-06,9.511160214970004e-07,0.9994598031044006,4.536941560218111e-06,1.3971909140764185e-07,0.0004758985596708,1.64241992024472e-05,5.714306894333276e-07,4.581005214276956e-06,1.9465151126496494e-06,2.891907024604734e-05,0.9994598031044006,0.9994598031044006,0.9989839045447299,/home/yaxin/datasets/TacAct-original/26_4_L_9.xlsx,correct,correct_class_3
LeNet_LSTM,43,8420,26,3,class_3,6,class_6,0,0.9967808723449708,0.0002218152658315,7.309230568353087e-05,2.3832903025322597e-05,0.0018708838615566,0.0003604988160077,1.2792103916581254e-05,0.9967808723449708,5.221126775722951e-05,6.440655852202326e-05,2.371349182794802e-05,2.4684175514266823e-05,0.0004911256255581,0.0018708838615566,0.9967808723449708,0.9949099884834142,/home/yaxin/datasets/TacAct-original/26_4_R_1.xlsx,wrong,class_3_to_6_error
LeNet_LSTM,43,8421,26,3,class_3,1,class_1,0,0.8685388565063477,1.794869422155898e-05,0.8685388565063477,8.22508882265538e-05,0.0144495731219649,0.0014308554818853,0.0001218486358993,0.1114939823746681,1.0097998710989486e-05,3.305182690382935e-05,6.229401606105967e-06,2.3785323719494045e-05,0.0037914765998721,0.0144495731219649,0.8685388565063477,0.7570448741316795,/home/yaxin/datasets/TacAct-original/26_4_R_10.xlsx,wrong,other
LeNet_LSTM,43,8422,26,3,class_3,6,class_6,0,0.7428241968154907,0.0002775189641397,3.246269261580892e-05,3.0941926524974406e-05,0.0007753045647405,7.086062396410853e-05,1.4003996511746664e-05,0.7428241968154907,0.0002901130937971,0.0007143421098589,7.929628918645903e-05,3.5174027289031073e-05,0.2548557221889496,0.0007753045647405,0.7428241968154907,0.48796847462654114,/home/yaxin/datasets/TacAct-original/26_4_R_11.xlsx,wrong,class_3_to_6_error
LeNet_LSTM,43,8423,26,3,class_3,3,class_3,1,0.9989185333251952,7.544539357695612e-07,1.5336714568547904e-05,2.755404466370237e-06,0.9989185333251952,7.597489911859155e-06,3.169438969052863e-07,0.0009722237009555,4.017117680632509e-05,9.213426324095052e-07,6.642897005804116e-06,5.570228040596703e-06,2.927527930296492e-05,0.9989185333251952,0.9989185333251952,0.9979463096242397,/home/yaxin/datasets/TacAct-original/26_4_R_12.xlsx,correct,correct_class_3
LeNet_LSTM,43,8424,26,3,class_3,6,class_6,0,0.9695409536361694,0.0001966079289559,0.0002573801029939,0.0001411209086654,0.0265307463705539,0.0002293042489327,4.579166852636263e-05,0.9695409536361694,0.0002704785438254,0.0001619391841813,3.7671972677344456e-05,0.0001001897398964,0.0024877770338207,0.0265307463705539,0.9695409536361694,0.9430102072656156,/home/yaxin/datasets/TacAct-original/26_4_R_13.xlsx,wrong,class_3_to_6_error
LeNet_LSTM,43,8425,26,3,class_3,6,class_6,0,0.9983277916908264,1.9369916117284447e-05,8.153355338436086e-06,4.330978299549315e-06,0.0012124495115131,1.3941706129116938e-05,1.2520711152319564e-06,0.9983277916908264,7.820081009413116e-06,1.2656581930059474e-05,2.2327117221720982e-06,2.7124499411002034e-06,0.0003872934321407,0.0012124495115131,0.9983277916908264,0.9971153421793133,/home/yaxin/datasets/TacAct-original/26_4_R_14.xlsx,wrong,class_3_to_6_error
LeNet_LSTM,43,8426,26,3,class_3,3,class_3,1,0.9987621307373048,1.7841034605226016e-07,2.8195736376801506e-06,6.00961811869638e-07,0.9987621307373048,1.3743551789957564e-06,5.682879944401976e-08,0.0012184133520349,6.1615996855834965e-06,1.672586620315997e-07,9.083437930712536e-07,5.861638783244416e-07,6.542926712427288e-06,0.9987621307373048,0.9987621307373048,0.9975437173852699,/home/yaxin/datasets/TacAct-original/26_4_R_15.xlsx,correct,correct_class_3
LeNet_LSTM,43,8427,26,3,class_3,6,class_6,0,0.998969793319702,3.236190968891606e-05,9.423791198059916e-06,3.223203748348169e-06,0.000901204184629,2.4757782739470716e-05,6.340458185150055e-07,0.998969793319702,4.635202913050307e-06,2.553608965172316e-06,1.360937972094689e-06,2.49612276093103e-06,4.757083297590725e-05,0.000901204184629,0.998969793319702,0.998068589135073,/home/yaxin/datasets/TacAct-original/26_4_R_16.xlsx,wrong,class_3_to_6_error
LeNet_LSTM,43,8428,26,3,class_3,6,class_6,0,0.9974765181541444,1.616492954781279e-05,1.65811743499944e-05,4.716494458989473e-06,0.0023048834409564,1.5461278962902725e-05,1.130251121139736e-06,0.9974765181541444,5.716360647056717e-06,9.338543350168038e-06,1.2163535529907676e-06,1.54835686316801e-06,0.0001465634850319,0.0023048834409564,0.9974765181541444,0.995171634713188,/home/yaxin/datasets/TacAct-original/26_4_R_17.xlsx,wrong,class_3_to_6_error
LeNet_LSTM,43,8429,26,3,class_3,6,class_6,0,0.9847299456596376,0.0106778685003519,0.0001324309123447,0.0001104108960134,0.0014197437558323,0.0015730762388557,3.3499331038910896e-05,0.9847299456596376,0.0001594222703715,0.0002297752944286,6.671300070593134e-05,8.386922854697332e-05,0.0007832931005395,0.0014197437558323,0.9847299456596376,0.9740520771592857,/home/yaxin/datasets/TacAct-original/26_4_R_18.xlsx,wrong,class_3_to_6_error
LeNet_LSTM,43,8430,26,3,class_3,3,class_3,1,0.9982951283454896,2.530334484163177e-07,3.072420440730639e-06,6.654816502305039e-07,0.9982951283454896,2.15902923628164e-06,8.887969471516045e-08,0.0016807924257591,5.393690571509069e-06,3.104135544163001e-07,1.326404799328884e-06,6.289332077358267e-07,1.0268453479511663e-05,0.9982951283454896,0.9982951283454896,0.9966143359197305,/home/yaxin/datasets/TacAct-original/26_4_R_19.xlsx,correct,correct_class_3
LeNet_LSTM,43,8431,26,3,class_3,3,class_3,1,0.987108051776886,3.5483208193909377e-06,2.242299888166599e-05,3.0004928248672518e-06,0.987108051776886,3.0230499760364186e-05,1.407709078193875e-06,0.0127219166606664,3.373295476194471e-05,2.227935965493089e-06,7.93664003140293e-06,8.09228095022263e-06,5.747523391619325e-05,0.987108051776886,0.987108051776886,0.9743861351162196,/home/yaxin/datasets/TacAct-original/26_4_R_2.xlsx,correct,correct_class_3
LeNet_LSTM,43,8432,26,3,class_3,6,class_6,0,0.9936258792877196,0.0029235845431685,4.438754331204109e-05,1.829335087677464e-05,0.000378791737603,0.0023248174693435,1.49036968650762e-05,0.9936258792877196,2.8175343686598356e-05,0.0001401736808475,0.0001400224427925,3.966344957007095e-05,0.0003212612355127,0.000378791737603,0.9936258792877196,0.9907022947445511,/home/yaxin/datasets/TacAct-original/26_4_R_20.xlsx,wrong,class_3_to_6_error
LeNet_LSTM,43,8433,26,3,class_3,3,class_3,1,0.9945335388183594,1.1749323675758204e-05,9.682512609288096e-05,1.898641676234547e-05,0.9945335388183594,0.0001006869133561,9.301530553784689e-06,0.0038353179115802,0.0002911994815804,3.4727378078969195e-05,6.887532072141767e-05,4.164686833973974e-05,0.0009571666596457,0.9945335388183594,0.9945335388183594,0.9906982209067792,/home/yaxin/datasets/TacAct-original/26_4_R_3.xlsx,correct,correct_class_3
LeNet_LSTM,43,8434,26,3,class_3,1,class_1,0,0.4980284571647644,0.0001253871596418,0.4980284571647644,0.0001414504658896,0.0059222937561571,0.3686692416667938,0.0004221495473757,0.1251315772533416,3.369288970134221e-05,0.0001860725460574,7.794677367201075e-05,1.3959102034277748e-05,0.0012476801639422,0.0059222937561571,0.4980284571647644,0.12935921549797058,/home/yaxin/datasets/TacAct-original/26_4_R_4.xlsx,wrong,other
LeNet_LSTM,43,8435,26,3,class_3,6,class_6,0,0.9996281862258912,0.0001140667518484,8.128946319629904e-06,2.5473939331277502e-06,8.170818910002708e-05,0.000135214839247,1.623632215341786e-06,0.9996281862258912,1.1657915592877544e-06,6.810188097006176e-06,1.409095261806215e-06,1.0640477512424695e-06,1.811105357774068e-05,8.170818910002708e-05,0.9996281862258912,0.9994929713866442,/home/yaxin/datasets/TacAct-original/26_4_R_5.xlsx,wrong,class_3_to_6_error
LeNet_LSTM,43,8436,26,3,class_3,6,class_6,0,0.9997242093086244,7.252997602336109e-05,6.336257229122566e-06,1.523799710412277e-06,5.226809662417509e-05,0.0001225321029778,8.85724944055255e-07,0.9997242093086244,6.559959047081065e-07,4.406373136589536e-06,8.704202514309145e-07,7.92124751569645e-07,1.3041613783570938e-05,5.226809662417509e-05,0.9997242093086244,0.9996016772056466,/home/yaxin/datasets/TacAct-original/26_4_R_6.xlsx,wrong,class_3_to_6_error
LeNet_LSTM,43,8437,26,3,class_3,6,class_6,0,0.9822835326194764,0.0002555278188083,5.027137740398757e-05,3.4246055292896926e-05,0.012663584202528,0.0001050595092237,7.781361091474537e-06,0.9822835326194764,0.0001387960364809,0.0001750106021063,2.129937820427585e-05,2.400962148385588e-05,0.0042409501038491,0.012663584202528,0.9822835326194764,0.9696199484169484,/home/yaxin/datasets/TacAct-original/26_4_R_7.xlsx,wrong,class_3_to_6_error
LeNet_LSTM,43,8438,26,3,class_3,3,class_3,1,0.9987249970436096,2.536053784751857e-07,4.838062068301952e-06,8.310349812745699e-07,0.9987249970436096,2.3469665393349715e-06,9.870935002709302e-08,0.001243372564204,1.0002991075452884e-05,2.677684562968352e-07,1.705724571365863e-06,1.2156433513155207e-06,1.0018476132245269e-05,0.9987249970436096,0.9987249970436096,0.9974816244794056,/home/yaxin/datasets/TacAct-original/26_4_R_8.xlsx,correct,correct_class_3
LeNet_LSTM,43,8439,26,3,class_3,3,class_3,1,0.9905052781105042,2.0768202375620604e-06,1.231721671501873e-05,2.1579867279797327e-06,0.9905052781105042,1.3034983567195011e-05,6.462771011683799e-07,0.0093986550346016,1.650841841183137e-05,2.031925305345794e-06,3.756438445634558e-06,3.1068670978129376e-06,4.04134152631741e-05,0.9905052781105042,0.9905052781105042,0.9811066230759026,/home/yaxin/datasets/TacAct-original/26_4_R_9.xlsx,correct,correct_class_3
LeNet_LSTM,43,8520,26,6,class_6,6,class_6,1,0.999942183494568,7.972746061568614e-06,1.7987716773859574e-06,4.782671680914063e-07,2.6389208869659345e-05,8.977790457720403e-06,2.842530193447601e-07,0.999942183494568,1.553593307335177e-07,8.572146725782659e-07,1.890455081365872e-07,1.169137036072243e-07,1.0591556019790003e-05,0.999942183494568,0.999942183494568,0.9999157942856983,/home/yaxin/datasets/TacAct-original/26_7_L_1.xlsx,correct,correct_class_6
LeNet_LSTM,43,8521,26,6,class_6,6,class_6,1,0.9990703463554382,0.0002139428252121,3.430899596423842e-05,1.0745349754870404e-05,0.0003361677518114,0.0002117443364113,4.932611318508862e-06,0.9990703463554382,1.0831155123014469e-05,1.7873468095785938e-05,5.138691449246835e-06,6.421618309104815e-06,7.75983280618675e-05,0.9990703463554382,0.9990703463554382,0.9987341786036268,/home/yaxin/datasets/TacAct-original/26_7_L_10.xlsx,correct,correct_class_6
LeNet_LSTM,43,8522,26,6,class_6,6,class_6,1,0.9979447722434998,2.4479932108079083e-05,1.116994462790899e-05,4.261904450686416e-06,0.0019271315541118,2.4667318939464167e-05,1.2166018450443516e-06,0.9979447722434998,4.506966888584429e-06,5.664486707246397e-06,1.725255856399599e-06,2.317276539542945e-06,4.8100726417033e-05,0.9979447722434998,0.9979447722434998,0.9960176406893879,/home/yaxin/datasets/TacAct-original/26_7_L_11.xlsx,correct,correct_class_6
LeNet_LSTM,43,8523,26,6,class_6,6,class_6,1,0.997610569000244,0.0007397480658255,8.792763401288539e-05,3.339811519253999e-05,0.0006389141199178,0.0006107204826548,1.445069119654363e-05,0.997610569000244,2.918134669016581e-05,5.994628736516461e-05,1.4826755432295611e-05,1.8229344277642667e-05,0.0001420233020326,0.997610569000244,0.997610569000244,0.9968708209344185,/home/yaxin/datasets/TacAct-original/26_7_L_12.xlsx,correct,correct_class_6
LeNet_LSTM,43,8524,26,6,class_6,6,class_6,1,0.988852083683014,0.0087961554527282,0.0001720809668768,0.000106094397779,0.0008229818777181,0.0009567483211867,1.2813589819415938e-05,0.988852083683014,4.6640707296319306e-05,7.981282396940514e-05,1.8945966075989414e-05,2.5640516469138674e-05,0.000109986969619,0.988852083683014,0.988852083683014,0.9800559282302859,/home/yaxin/datasets/TacAct-original/26_7_L_13.xlsx,correct,correct_class_6
LeNet_LSTM,43,8525,26,6,class_6,6,class_6,1,0.9809672236442566,0.0025403327308595,0.001088943099603,0.0004363772750366,0.0105015179142355,0.002323789987713,0.000118017756904,0.9809672236442566,0.000584190711379,0.0003422958252485,0.0001114018086809,0.0003595379239413,0.0006263438845053,0.9809672236442566,0.9809672236442566,0.9704657057300211,/home/yaxin/datasets/TacAct-original/26_7_L_14.xlsx,correct,correct_class_6
LeNet_LSTM,43,8526,26,6,class_6,6,class_6,1,0.9998146891593932,2.4860453777364452e-05,6.156662948342273e-06,1.761640646691376e-06,9.906148625304922e-05,2.61835284618428e-05,8.342711907971534e-07,0.9998146891593932,1.0511544132896231e-06,2.3467885057470994e-06,6.544661346197245e-07,7.064389251354442e-07,2.168685750802979e-05,0.9998146891593932,0.9998146891593932,0.9997156276731402,/home/yaxin/datasets/TacAct-original/26_7_L_15.xlsx,correct,correct_class_6
LeNet_LSTM,43,8527,26,6,class_6,6,class_6,1,0.9839074611663818,7.85590018494986e-05,4.535840344033204e-05,1.0938425475615077e-05,0.0156664717942476,9.609235712559894e-05,6.523402589664329e-06,0.9839074611663818,2.8510010452009737e-05,1.4825977814325595e-05,1.3070597560727036e-05,2.4915678295656107e-05,0.0001073095481842,0.9839074611663818,0.9839074611663818,0.9682409893721342,/home/yaxin/datasets/TacAct-original/26_7_L_16.xlsx,correct,correct_class_6
LeNet_LSTM,43,8528,26,6,class_6,0,class_0,0,0.9986571073532104,0.9986571073532104,2.3390402930090204e-06,4.277021434972994e-05,6.291877070907503e-05,0.0004925813409499,7.375536824838491e-06,0.0004561181995086,3.1221341487253085e-05,2.4829088943079117e-05,9.130492981057614e-05,0.0001245141902472,6.776026566512883e-06,0.0004561181995086,0.9986571073532104,0.9981645260122606,/home/yaxin/datasets/TacAct-original/26_7_L_17.xlsx,wrong,other
LeNet_LSTM,43,8529,26,6,class_6,6,class_6,1,0.9992716908454896,0.0001435568265151,4.226519740768708e-05,1.1499740139697678e-05,0.0003018200804945,0.0001478314225096,4.8664878704585135e-06,0.9992716908454896,7.9174387792591e-06,1.0576955901342444e-05,3.68673681805376e-06,4.386069122119807e-06,4.991649984731339e-05,0.9992716908454896,0.9992716908454896,0.9989698707649951,/home/yaxin/datasets/TacAct-original/26_7_L_18.xlsx,correct,correct_class_6
LeNet_LSTM,43,8530,26,6,class_6,6,class_6,1,0.9992695450782776,0.0002186688652727,1.3350582776183728e-05,4.510798135015648e-06,0.0001765569759299,0.0002486096636857,2.143390247510979e-06,0.9992695450782776,3.7852159948670314e-06,1.3826333088218234e-05,3.757951844818308e-06,2.918988684541546e-06,4.236458335071802e-05,0.9992695450782776,0.9992695450782776,0.9990209354145919,/home/yaxin/datasets/TacAct-original/26_7_L_19.xlsx,correct,correct_class_6
LeNet_LSTM,43,8531,26,6,class_6,6,class_6,1,0.9981847405433656,0.0001918918569572,0.0001123714682762,2.4643597498652525e-05,0.0008650093222968,0.0003544686478562,1.3560487786890008e-05,0.9981847405433656,3.2103565899888054e-05,3.012122760992497e-05,1.134110880229855e-05,2.0158298866590485e-05,0.0001595167414052,0.9981847405433656,0.9981847405433656,0.9973197312210688,/home/yaxin/datasets/TacAct-original/26_7_L_2.xlsx,correct,correct_class_6
LeNet_LSTM,43,8532,26,6,class_6,6,class_6,1,0.9985005855560304,4.909832568955608e-05,5.980056812404655e-05,1.531042653368786e-05,0.00117081659846,7.905646634753793e-05,3.623842758315732e-06,0.9985005855560304,1.857224924606271e-05,1.17704566946486e-05,4.61012450614362e-06,6.564323030033847e-06,8.013014303287491e-05,0.9985005855560304,0.9985005855560304,0.9973297689575704,/home/yaxin/datasets/TacAct-original/26_7_L_20.xlsx,correct,correct_class_6
LeNet_LSTM,43,8533,26,6,class_6,6,class_6,1,0.999849796295166,9.522501386527438e-06,2.7372079784981902e-06,1.251722892448015e-06,8.657749276608229e-05,8.395615623157937e-06,4.608034203101852e-07,0.999849796295166,4.891422236141807e-07,1.8393856180409784e-06,2.4343822246919444e-07,2.82159106745894e-07,3.833800656138919e-05,0.999849796295166,0.999849796295166,0.9997632188023999,/home/yaxin/datasets/TacAct-original/26_7_L_3.xlsx,correct,correct_class_6
LeNet_LSTM,43,8534,26,6,class_6,6,class_6,1,0.9971911311149596,0.0003874273097608,0.0001094502658816,3.248855136916973e-05,0.0013553133467212,0.0005589234060607,1.7129523257608525e-05,0.9971911311149596,5.1077702664770186e-05,4.887473915005103e-05,1.7677535652182996e-05,3.122847556369379e-05,0.0001993295300053,0.9971911311149596,0.9971911311149596,0.9958358177682384,/home/yaxin/datasets/TacAct-original/26_7_L_4.xlsx,correct,correct_class_6
LeNet_LSTM,43,8535,26,6,class_6,6,class_6,1,0.9998644590377808,2.3806253011571243e-05,6.034279067534953e-06,1.5682755929447012e-06,6.614696758333594e-05,2.3649121430935335e-05,4.929125339003804e-07,0.9998644590377808,7.203057066362817e-07,1.470369852540898e-06,4.075289439242624e-07,4.4518921527014754e-07,1.0859797839657404e-05,0.9998644590377808,0.9998644590377808,0.9997983120701974,/home/yaxin/datasets/TacAct-original/26_7_L_5.xlsx,correct,correct_class_6
LeNet_LSTM,43,8536,26,6,class_6,6,class_6,1,0.9981144666671752,0.0001133709301939,3.478049620753154e-05,1.2292052815610076e-05,0.0014569191262125,0.0001316228735959,4.56360112366383e-06,0.9981144666671752,1.661973146838136e-05,1.3722364201385062e-05,5.451887318486115e-06,1.3896981727157254e-05,8.234785491367802e-05,0.9981144666671752,0.9981144666671752,0.9966575475409627,/home/yaxin/datasets/TacAct-original/26_7_L_6.xlsx,correct,correct_class_6
LeNet_LSTM,43,8537,26,6,class_6,6,class_6,1,0.5061590671539307,0.4635968208312988,0.0012026951881125,0.0033045541495084,0.0151399318128824,0.0059010530821979,0.0001176569930976,0.5061590671539307,0.0021073915995657,0.0010941380169242,0.0001721990556688,0.0007495799218304,0.0004549665318336,0.5061590671539307,0.5061590671539307,0.04256224632263189,/home/yaxin/datasets/TacAct-original/26_7_L_7.xlsx,correct,correct_class_6
LeNet_LSTM,43,8538,26,6,class_6,6,class_6,1,0.9954500794410706,0.0023471345193684,8.544770389562473e-05,5.057469752500765e-05,0.0010865348158404,0.0006249836878851,1.8723367247730494e-05,0.9954500794410706,5.131213038112037e-05,6.346834561554715e-05,2.3241220333147797e-05,4.7211618948495016e-05,0.0001512859307695,0.9954500794410706,0.9954500794410706,0.9931029449217021,/home/yaxin/datasets/TacAct-original/26_7_L_8.xlsx,correct,correct_class_6
LeNet_LSTM,43,8539,26,6,class_6,6,class_6,1,0.9988905787467957,0.0001074562533176,2.8535785531857986e-05,9.86847862805007e-06,0.0008218004368245,7.516922778449953e-05,1.5808593616384314e-06,0.9988905787467957,1.1139553862449247e-05,5.393722403823631e-06,2.5784004265005933e-06,6.347151156660402e-06,3.954451676690951e-05,0.9988905787467957,0.9988905787467957,0.9980687783099712,/home/yaxin/datasets/TacAct-original/26_7_L_9.xlsx,correct,correct_class_6
LeNet_LSTM,43,8540,26,6,class_6,3,class_3,0,0.926893413066864,1.1741301477741215e-06,7.768519935780205e-06,2.546372797951335e-06,0.926893413066864,4.538071152637713e-06,3.7927543417026754e-07,0.073017381131649,7.004665803833632e-06,1.4789396800551913e-06,7.086102868925082e-07,1.514040604888578e-06,6.21041763224639e-05,0.073017381131649,0.926893413066864,0.853876031935215,/home/yaxin/datasets/TacAct-original/26_7_R_1.xlsx,wrong,class_6_to_3_error
LeNet_LSTM,43,8541,26,6,class_6,3,class_3,0,0.9991901516914368,1.0027185481931157e-07,1.97338567886618e-06,4.483709972191719e-07,0.9991901516914368,1.0025621577369748e-06,7.221980524718674e-08,0.0007737248088233,5.164915819477756e-06,2.85658302345837e-07,1.093698074328131e-06,3.137785427043127e-07,2.5708621251396835e-05,0.0007737248088233,0.9991901516914368,0.9984164268826135,/home/yaxin/datasets/TacAct-original/26_7_R_10.xlsx,wrong,class_6_to_3_error
LeNet_LSTM,43,8542,26,6,class_6,3,class_3,0,0.9995742440223694,1.4005114223891726e-07,3.523325858623138e-06,4.400297086704086e-07,0.9995742440223694,2.7825853976537478e-06,8.808520846059764e-08,0.0003961523470934,7.551396720373304e-06,2.4917127916523896e-07,2.8255128654564032e-06,7.63558489325078e-07,1.136275750468485e-05,0.0003961523470934,0.9995742440223694,0.9991780916752759,/home/yaxin/datasets/TacAct-original/26_7_R_11.xlsx,wrong,class_6_to_3_error
LeNet_LSTM,43,8543,26,6,class_6,6,class_6,1,0.9996676445007324,4.590730168274604e-05,1.2123179658374283e-05,2.063153715425869e-06,9.632439468987286e-05,0.000145461584907,1.4280939240052248e-06,0.9996676445007324,1.116369389819738e-06,5.031236014474416e-06,1.1148076737299562e-06,1.5155457049331744e-06,2.025267167482525e-05,0.9996676445007324,0.9996676445007324,0.9995221829158254,/home/yaxin/datasets/TacAct-original/26_7_R_12.xlsx,correct,correct_class_6
LeNet_LSTM,43,8544,26,6,class_6,3,class_3,0,0.9994596838951112,2.64880668510159e-07,5.20299727213569e-06,8.697535349710961e-07,0.9994596838951112,3.538734745234251e-06,1.537304257226424e-07,0.0004736506962217,1.1965404155489525e-05,6.590355496882694e-07,4.086314220330678e-06,1.5535140391875757e-06,3.8447069528047e-05,0.0004736506962217,0.9994596838951112,0.9989860331988895,/home/yaxin/datasets/TacAct-original/26_7_R_13.xlsx,wrong,class_6_to_3_error
LeNet_LSTM,43,8545,26,6,class_6,6,class_6,1,0.9978874325752258,0.0001007539685815,6.86140192556195e-05,1.4653822290711103e-05,0.001512658665888,0.0002742961514741,9.352187589684036e-06,0.9978874325752258,1.4005689081386665e-05,1.6931426216615364e-05,5.888857685931725e-06,1.270560096600093e-05,8.271829574368894e-05,0.9978874325752258,0.9978874325752258,0.9963747739093378,/home/yaxin/datasets/TacAct-original/26_7_R_14.xlsx,correct,correct_class_6
LeNet_LSTM,43,8546,26,6,class_6,3,class_3,0,0.9995930790901184,1.3567554901783296e-07,2.3422173853759887e-06,4.470024919100979e-07,0.9995930790901184,2.031362782872748e-06,6.170402144789477e-08,0.0003699903609231,7.065697445796104e-06,3.211389412172139e-07,2.5731440018716967e-06,7.648030759810354e-07,2.126040999428369e-05,0.0003699903609231,0.9995930790901184,0.9992230887291953,/home/yaxin/datasets/TacAct-original/26_7_R_15.xlsx,wrong,class_6_to_3_error
LeNet_LSTM,43,8547,26,6,class_6,6,class_6,1,0.9995285272598268,5.161821900401264e-05,2.247908741992433e-05,3.846385880024172e-06,0.0001920935465022,0.0001567014696775,2.376578777329996e-06,0.9995285272598268,2.471868356224149e-06,5.878566753381165e-06,1.4918700799171347e-06,2.316111931577325e-06,3.009526335517876e-05,0.9995285272598268,0.9995285272598268,0.9993364337133246,/home/yaxin/datasets/TacAct-original/26_7_R_16.xlsx,correct,correct_class_6
LeNet_LSTM,43,8548,26,6,class_6,3,class_3,0,0.9993088245391846,5.616358293991652e-07,9.739981578604784e-06,1.5729040114820236e-06,0.9993088245391846,7.441164598276373e-06,2.840036188445083e-07,0.0005837341304868,2.6769819669425488e-05,1.1277062412773375e-06,7.625688340340275e-06,3.5634286632557632e-06,4.874730802839622e-05,0.0005837341304868,0.9993088245391846,0.9987250904086977,/home/yaxin/datasets/TacAct-original/26_7_R_17.xlsx,wrong,class_6_to_3_error
LeNet_LSTM,43,8549,26,6,class_6,3,class_3,0,0.9988464117050172,4.348813149590569e-07,7.521628958784277e-06,1.922367346196552e-06,0.9988464117050172,3.002581934197224e-06,1.743078144045285e-07,0.0010719010606408,3.181714419042692e-05,6.1866353462392e-07,2.929024503828259e-06,2.598470928205643e-06,3.076324355788529e-05,0.0010719010606408,0.9988464117050172,0.9977745106443764,/home/yaxin/datasets/TacAct-original/26_7_R_18.xlsx,wrong,class_6_to_3_error
LeNet_LSTM,43,8550,26,6,class_6,3,class_3,0,0.9993056058883668,2.724671617215791e-07,5.911692824156489e-06,1.040584947986645e-06,0.9993056058883668,3.340915554872481e-06,1.754341809601101e-07,0.0006276140920817,1.2655756108870264e-05,6.181539902172517e-07,4.017970695713302e-06,1.8894687627835085e-06,3.6857913073617965e-05,0.0006276140920817,0.9993056058883668,0.9986779917962851,/home/yaxin/datasets/TacAct-original/26_7_R_19.xlsx,wrong,class_6_to_3_error
LeNet_LSTM,43,8551,26,6,class_6,6,class_6,1,0.9995359182357788,5.143025555298664e-05,2.23457482206868e-05,4.080799499206478e-06,0.0002019350795308,0.0001398807507939,2.749773557297885e-06,0.9995359182357788,2.076538521578186e-06,6.5951430769928265e-06,1.4685218729937333e-06,2.6568352495814902e-06,2.8825144909205846e-05,0.9995359182357788,0.9995359182357788,0.999333983156248,/home/yaxin/datasets/TacAct-original/26_7_R_2.xlsx,correct,correct_class_6
LeNet_LSTM,43,8552,26,6,class_6,6,class_6,1,0.9751881957054138,0.0036879861727356,0.0001383420312777,8.990076457848772e-05,0.0015902536688372,0.0012589237885549,6.0753547586500645e-05,0.9751881957054138,0.0007840977050364,0.0003778116370085,0.0002815357293002,0.000158636670676,0.0163836032152175,0.9751881957054138,0.9751881957054138,0.9588045924901963,/home/yaxin/datasets/TacAct-original/26_7_R_20.xlsx,correct,correct_class_6
LeNet_LSTM,43,8553,26,6,class_6,3,class_3,0,0.990756332874298,5.495053301274311e-07,6.014638074702816e-06,1.7872770285976005e-06,0.990756332874298,2.7659193619911093e-06,2.580054569989443e-07,0.0091809462755918,1.3755936379311606e-05,8.679512575326953e-07,1.665509216763894e-06,1.37473273298383e-06,3.380687485332601e-05,0.0091809462755918,0.990756332874298,0.9815753865987061,/home/yaxin/datasets/TacAct-original/26_7_R_3.xlsx,wrong,class_6_to_3_error
LeNet_LSTM,43,8554,26,6,class_6,3,class_3,0,0.8248443603515625,7.699565685470589e-06,2.6733534468803555e-05,7.215276582428487e-06,0.8248443603515625,2.372608105360996e-05,1.168396806860983e-06,0.1749898046255111,2.550727003836073e-05,4.029813680972438e-06,5.167804374650586e-06,1.0712749826780056e-05,5.38468812010251e-05,0.1749898046255111,0.8248443603515625,0.6498545557260514,/home/yaxin/datasets/TacAct-original/26_7_R_4.xlsx,wrong,class_6_to_3_error
LeNet_LSTM,43,8555,26,6,class_6,6,class_6,1,0.991935968399048,3.854820533888415e-05,3.4313154174014926e-05,1.017044996842742e-05,0.0077324057929217,4.771453677676618e-05,2.716620201681508e-06,0.991935968399048,1.8424578229314648e-05,1.6503403458045796e-05,4.998450094717555e-06,7.715047104284167e-06,0.0001505445688962,0.991935968399048,0.991935968399048,0.9842035626061263,/home/yaxin/datasets/TacAct-original/26_7_R_5.xlsx,correct,correct_class_6
LeNet_LSTM,43,8556,26,6,class_6,3,class_3,0,0.9992719292640686,4.326052476244513e-07,8.630134288978297e-06,9.534208516015496e-07,0.9992719292640686,1.0687479516491294e-05,3.626041973348038e-07,0.0006405120366252,1.862351928139105e-05,9.705847787699895e-07,8.329707270604558e-06,2.226949163741665e-06,3.647031189757399e-05,0.0006405120366252,0.9992719292640686,0.9986314172274434,/home/yaxin/datasets/TacAct-original/26_7_R_6.xlsx,wrong,class_6_to_3_error
LeNet_LSTM,43,8557,26,6,class_6,3,class_3,0,0.9970468878746032,5.797981430077925e-06,5.507517562364228e-05,1.3090948414173909e-05,0.9970468878746032,4.032572905998677e-05,2.5109222860919544e-06,0.0023170770145952,0.0002510010381229,8.507847269356716e-06,3.246631968067959e-05,3.125914008705877e-05,0.0001960419322131,0.0023170770145952,0.9970468878746032,0.994729810860008,/home/yaxin/datasets/TacAct-original/26_7_R_7.xlsx,wrong,class_6_to_3_error
LeNet_LSTM,43,8558,26,6,class_6,3,class_3,0,0.9996790885925292,5.1826191338477656e-08,1.1470133358670864e-06,1.9849075272304617e-07,0.9996790885925292,8.231851893469866e-07,2.422262035395306e-08,0.0003052655665669,2.7185653834749246e-06,1.1641247965599177e-07,1.0399012353445869e-06,2.525140985198959e-07,9.116996807279064e-06,0.0003052655665669,0.9996790885925292,0.9993738230259623,/home/yaxin/datasets/TacAct-original/26_7_R_8.xlsx,wrong,class_6_to_3_error
LeNet_LSTM,43,8559,26,6,class_6,6,class_6,1,0.9837650656700134,0.0002342191874049,0.0002356333279749,5.759495252277702e-05,0.0145172970369458,0.0006113621639087,3.078340523643419e-05,0.9837650656700134,0.0001074974279617,5.542302460526116e-05,2.631766437843908e-05,7.561224629171193e-05,0.0002832093741744,0.9837650656700134,0.9837650656700134,0.9692477686330676,/home/yaxin/datasets/TacAct-original/26_7_R_9.xlsx,correct,correct_class_6
LeNet_LSTM,43,12240,33,3,class_3,3,class_3,1,0.9503174424171448,7.443741196766496e-05,0.0003582337521947,0.0002046301815425,0.9503174424171448,8.210456144297495e-05,3.553475107764825e-05,0.0369417481124401,0.0005952542996965,0.0002382321836194,6.0251648392295465e-05,8.407870336668566e-05,0.0110080111771821,0.9503174424171448,0.9503174424171448,0.9133756943047047,/home/yaxin/datasets/TacAct-original/33_4_L_1.xlsx,correct,correct_class_3
LeNet_LSTM,43,12241,33,3,class_3,11,class_11,0,0.6580186486244202,3.821751670329832e-05,0.0001851014676503,0.0001332648389507,0.3348729014396667,5.582012090599165e-05,3.3091575460275635e-05,0.0036199293099343,0.002365551656112,0.0004889967385679,9.710629819892348e-05,9.132216655416414e-05,0.6580186486244202,0.3348729014396667,0.6580186486244202,0.3231457471847535,/home/yaxin/datasets/TacAct-original/33_4_L_10.xlsx,wrong,other
LeNet_LSTM,43,12242,33,3,class_3,6,class_6,0,0.9414284825325012,0.0001267218322027,0.0006906926282681,8.960857667261735e-05,0.0502807833254337,0.0002625411725603,8.266141958301887e-05,0.9414284825325012,0.0002593733661342,0.0001040874340105,8.191629603970796e-05,8.844500553095713e-05,0.0065046148374676,0.0502807833254337,0.9414284825325012,0.8911476992070675,/home/yaxin/datasets/TacAct-original/33_4_L_11.xlsx,wrong,class_3_to_6_error
LeNet_LSTM,43,12243,33,3,class_3,6,class_6,0,0.9985344409942628,7.640892727067694e-05,8.770007116254419e-05,2.296589445904829e-05,0.0006715561612509,0.0001250540226465,1.2485804290918168e-05,0.9985344409942628,2.242270602437202e-05,2.406623752904125e-05,7.761237611703109e-06,1.504757528891787e-05,0.0004000339540652,0.0006715561612509,0.9985344409942628,0.9978628848330119,/home/yaxin/datasets/TacAct-original/33_4_L_12.xlsx,wrong,class_3_to_6_error
LeNet_LSTM,43,12244,33,3,class_3,3,class_3,1,0.9988390803337096,1.5225755305436903e-06,2.810463229252491e-05,5.185850113775814e-06,0.9988390803337096,1.7267582734348252e-05,1.206149590871064e-06,0.0008634756086394,0.0001043838419718,3.090482323386823e-06,1.9171946405549534e-05,1.3396690519584808e-05,0.0001040348142851,0.9988390803337096,0.9988390803337096,0.9979756047250702,/home/yaxin/datasets/TacAct-original/33_4_L_13.xlsx,correct,correct_class_3
LeNet_LSTM,43,12245,33,3,class_3,3,class_3,1,0.9990262985229492,9.268171652365708e-07,2.054594187939074e-05,2.413707306914148e-06,0.9990262985229492,1.6947402400546707e-05,8.072864829955506e-07,0.000801415706519,4.90448328491766e-05,1.88250442079152e-06,1.519861052656779e-05,5.676669388776645e-06,5.879960735910572e-05,0.9990262985229492,0.9990262985229492,0.9982248828164302,/home/yaxin/datasets/TacAct-original/33_4_L_14.xlsx,correct,correct_class_3
LeNet_LSTM,43,12246,33,3,class_3,3,class_3,1,0.9991326928138732,8.270414468825038e-07,1.6961190340225585e-05,2.321535703231348e-06,0.9991326928138732,1.3273792319523636e-05,6.236897434064304e-07,0.0007224031724035,4.3795309466077015e-05,1.5537374338236989e-06,1.2024761417706031e-05,5.292759396979818e-06,4.815798456547782e-05,0.9991326928138732,0.9991326928138732,0.9984102896414697,/home/yaxin/datasets/TacAct-original/33_4_L_15.xlsx,correct,correct_class_3
LeNet_LSTM,43,12247,33,3,class_3,3,class_3,1,0.9987879395484924,1.8059012063531556e-06,3.152947829221375e-05,4.55513190900092e-06,0.9987879395484924,2.2296597308013588e-05,1.0183723588852445e-06,0.0009663869277574,9.309157758252697e-05,2.5192584871547297e-06,1.730433177726809e-05,1.1253070624661632e-05,6.0200010921107605e-05,0.9987879395484924,0.9987879395484924,0.997821552620735,/home/yaxin/datasets/TacAct-original/33_4_L_16.xlsx,correct,correct_class_3
LeNet_LSTM,43,12248,33,3,class_3,6,class_6,0,0.9946987628936768,0.0001589405728736,0.0002093209041049,6.564200884895399e-05,0.0042415391653776,0.0002471413754392,1.982941830647178e-05,0.9946987628936768,7.348036888288334e-05,3.799005935434252e-05,1.74215547303902e-05,3.108765304205008e-05,0.0001987625000765,0.0042415391653776,0.9946987628936768,0.9904572237282991,/home/yaxin/datasets/TacAct-original/33_4_L_17.xlsx,wrong,class_3_to_6_error
LeNet_LSTM,43,12249,33,3,class_3,11,class_11,0,0.8674801588058472,0.0001284135068999,0.0008526248857378,0.0001557251089252,0.0739583224058151,0.0002743404766079,0.0001834500144468,0.0550618022680282,0.0009184209047816,0.0006883401656523,0.0002221316535724,7.631896005477756e-05,0.8674801588058472,0.0739583224058151,0.8674801588058472,0.793521836400032,/home/yaxin/datasets/TacAct-original/33_4_L_18.xlsx,wrong,other
LeNet_LSTM,43,12250,33,3,class_3,6,class_6,0,0.6670765280723572,0.0001451808057026,0.0010160745587199,0.0002117329859174,0.3295535743236542,0.0003399154811631,5.830231020809151e-05,0.6670765280723572,0.0006772493361495,7.7953671279829e-05,9.315650822827592e-05,0.0001557221112307,0.0005946274031884,0.3295535743236542,0.6670765280723572,0.337522953748703,/home/yaxin/datasets/TacAct-original/33_4_L_19.xlsx,wrong,class_3_to_6_error
LeNet_LSTM,43,12251,33,3,class_3,3,class_3,1,0.922699511051178,2.392833266640082e-05,0.0003726931754499,0.0001104439215851,0.922699511051178,7.919589552329853e-05,1.9630513634183444e-05,0.0755448713898658,0.0003663417010102,2.830800440278836e-05,3.13745294988621e-05,5.297131792758592e-05,0.0006707495194859,0.922699511051178,0.922699511051178,0.8471546396613122,/home/yaxin/datasets/TacAct-original/33_4_L_2.xlsx,correct,correct_class_3
LeNet_LSTM,43,12252,33,3,class_3,3,class_3,1,0.9988328814506532,1.1867609828186687e-06,2.2712567442795265e-05,4.142980742471991e-06,0.9988328814506532,1.2314761079323944e-05,7.063323437250801e-07,0.0009555734577588,6.823013245593756e-05,2.127679408658878e-06,1.2358328604022972e-05,8.399275429837871e-06,7.943645323393866e-05,0.9988328814506532,0.9988328814506532,0.9978773079928944,/home/yaxin/datasets/TacAct-original/33_4_L_20.xlsx,correct,correct_class_3
LeNet_LSTM,43,12253,33,3,class_3,3,class_3,1,0.9966381788253784,2.63168021774618e-06,3.879545329255052e-05,1.3226605005911551e-05,0.9966381788253784,1.3113853128743358e-05,1.440986011402856e-06,0.0030137007124722,0.0001551088644191,4.038471161038615e-06,1.1846848792629316e-05,1.2607381904672366e-05,9.531532850814985e-05,0.9966381788253784,0.9966381788253784,0.9936244781129062,/home/yaxin/datasets/TacAct-original/33_4_L_3.xlsx,correct,correct_class_3
LeNet_LSTM,43,12254,33,3,class_3,3,class_3,1,0.9991106390953064,8.608115535935212e-07,1.5686580809415318e-05,2.651326894920203e-06,0.9991106390953064,9.947661055775823e-06,4.857462272411794e-07,0.0007319212309084,4.520348738878965e-05,1.5787592246852e-06,9.95465507003246e-06,5.9560547924775165e-06,6.502793257823214e-05,0.9991106390953064,0.9991106390953064,0.998378717864398,/home/yaxin/datasets/TacAct-original/33_4_L_4.xlsx,correct,correct_class_3
LeNet_LSTM,43,12255,33,3,class_3,3,class_3,1,0.999129593372345,8.545704872631177e-07,1.5059156794450246e-05,2.590321173556731e-06,0.999129593372345,1.0196670700679531e-05,4.6990865598672826e-07,0.0007158399093896,4.348756192484871e-05,1.621890874048404e-06,1.03738921097829e-05,5.843656708748313e-06,6.414370000129566e-05,0.999129593372345,0.999129593372345,0.9984137534629554,/home/yaxin/datasets/TacAct-original/33_4_L_5.xlsx,correct,correct_class_3
LeNet_LSTM,43,12256,33,3,class_3,3,class_3,1,0.9990224838256836,9.61617615757859e-07,1.801378675736487e-05,2.4228563688666327e-06,0.9990224838256836,1.6548550775041804e-05,7.263718089234317e-07,0.0008048592717386,5.29173958057072e-05,1.941013351824949e-06,1.5348759916378185e-05,6.63481932861032e-06,5.718429747503251e-05,0.9990224838256836,0.9990224838256836,0.998217624553945,/home/yaxin/datasets/TacAct-original/33_4_L_6.xlsx,correct,correct_class_3
LeNet_LSTM,43,12257,33,3,class_3,3,class_3,1,0.9955258965492249,2.4359430881304438e-06,0.0001070432408596,5.6806475186022e-06,0.9955258965492249,6.854511593701318e-05,3.3328180961689213e-06,0.0040817623957991,5.8781864936463535e-05,4.615506895788712e-06,1.7996506358031183e-05,1.1999490197922569e-05,0.0001118569853133,0.9955258965492249,0.9955258965492249,0.9914441341534258,/home/yaxin/datasets/TacAct-original/33_4_L_7.xlsx,correct,correct_class_3
LeNet_LSTM,43,12258,33,3,class_3,3,class_3,1,0.9990832805633544,1.0529108749324223e-06,1.9484567019389946e-05,2.8307556476647733e-06,0.9990832805633544,1.526601226942148e-05,7.182522949733539e-07,0.0007395892753265,5.901560143684037e-05,1.948136059581884e-06,1.3779255823465064e-05,6.672496965620667e-06,5.637966023641639e-05,0.9990832805633544,0.9990832805633544,0.9983436912880279,/home/yaxin/datasets/TacAct-original/33_4_L_8.xlsx,correct,correct_class_3
LeNet_LSTM,43,12259,33,3,class_3,3,class_3,1,0.9986885190010072,2.006258682740736e-06,3.666580232675187e-05,6.292551915976219e-06,0.9986885190010072,2.1534948245971464e-05,1.0903605698331376e-06,0.0010138670913875,0.0001294743997277,2.797422894218471e-06,1.679212618910242e-05,1.4797873518546112e-05,6.617801409447566e-05,0.9986885190010072,0.9986885190010072,0.9976746519096197,/home/yaxin/datasets/TacAct-original/33_4_L_9.xlsx,correct,correct_class_3
LeNet_LSTM,43,12260,33,3,class_3,3,class_3,1,0.9989933371543884,8.241548243859143e-07,1.5920968507998623e-05,2.652687498994055e-06,0.9989933371543884,9.585291081748435e-06,4.517891341038194e-07,0.0008336928440257,5.497668098541908e-05,1.55165662363288e-06,1.0259665032208432e-05,6.810408194724005e-06,6.988237873883918e-05,0.9989933371543884,0.9989933371543884,0.9981596443103627,/home/yaxin/datasets/TacAct-original/33_4_R_1.xlsx,correct,correct_class_3
LeNet_LSTM,43,12261,33,3,class_3,3,class_3,1,0.9939397573471068,5.690205853170482e-06,5.7311368436785415e-05,2.85265086858999e-05,0.9939397573471068,1.9133334717480462e-05,1.3257790669740643e-06,0.0050325612537562,0.0006592938443645,5.135748324391898e-06,1.413297559338389e-05,0.0001007185855996,0.0001365528441965,0.9939397573471068,0.9939397573471068,0.9889071960933506,/home/yaxin/datasets/TacAct-original/33_4_R_10.xlsx,correct,correct_class_3
LeNet_LSTM,43,12262,33,3,class_3,6,class_6,0,0.8107113838195801,0.0002214925334556,0.0006497245049104,0.0002650334790814,0.1793327778577804,0.0003696213825605,3.2370808185078204e-05,0.8107113838195801,0.0023600133135914,0.0001614278153283,0.0001267507468583,0.0003393183869775,0.0054300986230373,0.1793327778577804,0.8107113838195801,0.6313786059617996,/home/yaxin/datasets/TacAct-original/33_4_R_11.xlsx,wrong,class_3_to_6_error
LeNet_LSTM,43,12263,33,3,class_3,3,class_3,1,0.816611647605896,8.715197327546775e-05,0.0004648322064895,0.0010642794659361,0.816611647605896,9.398756083101034e-05,3.432013909332454e-05,0.0702635496854782,0.0334273763000965,0.0002761257637757,0.0005960918497294,0.0013822808396071,0.0756983682513237,0.816611647605896,0.816611647605896,0.7409132793545723,/home/yaxin/datasets/TacAct-original/33_4_R_12.xlsx,correct,correct_class_3
LeNet_LSTM,43,12264,33,3,class_3,6,class_6,0,0.808399498462677,0.0016127557028084,0.0004482539370656,0.0004995133494958,0.1547054052352905,0.0012568132951855,2.384277104283683e-05,0.808399498462677,0.0195238012820482,0.0006613117293454,0.0004844516224693,0.00180259719491,0.0105817504227161,0.1547054052352905,0.808399498462677,0.6536940932273865,/home/yaxin/datasets/TacAct-original/33_4_R_13.xlsx,wrong,class_3_to_6_error
LeNet_LSTM,43,12265,33,3,class_3,3,class_3,1,0.9990527033805848,1.0316116458852775e-06,1.7597920304979198e-05,2.9409102353383787e-06,0.9990527033805848,1.1175522558914963e-05,4.330832155119424e-07,0.0007340167067013,7.993861072463915e-05,1.762806164151698e-06,1.2757054719259033e-05,1.2450204849301372e-05,7.317071867873892e-05,0.9990527033805848,0.9990527033805848,0.9983186866738836,/home/yaxin/datasets/TacAct-original/33_4_R_14.xlsx,correct,correct_class_3
LeNet_LSTM,43,12266,33,3,class_3,6,class_6,0,0.7520259022712708,0.0004522308299783,0.0005940133123658,0.0005662344628944,0.2077516615390777,0.0004610382311511,4.102758975932375e-05,0.7520259022712708,0.0121711585670709,0.0006822291761636,0.0003170382988173,0.0011113733053207,0.0238261707127094,0.2077516615390777,0.7520259022712708,0.544274240732193,/home/yaxin/datasets/TacAct-original/33_4_R_15.xlsx,wrong,class_3_to_6_error
LeNet_LSTM,43,12267,33,3,class_3,3,class_3,1,0.999113142490387,9.683761845735717e-07,1.7077167285606265e-05,2.6756629267765675e-06,0.999113142490387,1.091090052796062e-05,4.261036394836992e-07,0.0007000940968282,6.100796235841699e-05,1.7905073264046225e-06,1.1461854228400624e-05,9.19508693186799e-06,7.13920162525028e-05,0.999113142490387,0.999113142490387,0.9984130483935587,/home/yaxin/datasets/TacAct-original/33_4_R_16.xlsx,correct,correct_class_3
LeNet_LSTM,43,12268,33,3,class_3,11,class_11,0,0.9362598061561584,5.82106331421528e-05,0.0002873037010431,0.0003095572174061,0.0067113609984517,4.523218012764119e-05,2.0974182916688733e-05,0.0121440906077623,0.0429376065731048,0.0006519702146761,0.0003152412245981,0.0002585364563856,0.9362598061561584,0.0067113609984517,0.9362598061561584,0.8933221995830536,/home/yaxin/datasets/TacAct-original/33_4_R_17.xlsx,wrong,other
LeNet_LSTM,43,12269,33,3,class_3,11,class_11,0,0.8774864077568054,0.0002642191248014,0.0005979700945317,0.0005764470552094,0.0104838646948337,0.0001466203830204,4.0075905417324975e-05,0.0682564452290535,0.039025392383337,0.0019018036546185,0.0006337136146612,0.0005869556916877,0.8774864077568054,0.0104838646948337,0.8774864077568054,0.8092299625277519,/home/yaxin/datasets/TacAct-original/33_4_R_18.xlsx,wrong,other
LeNet_LSTM,43,12270,33,3,class_3,3,class_3,1,0.6944082379341125,0.000184563032235,0.0002755234017968,0.0001804827334126,0.6944082379341125,0.0002327304100617,1.3934637536294758e-05,0.2980242371559143,0.003986878786236,7.282062870217487e-05,0.0001288523926632,0.0007540073129348,0.0017378393094986,0.6944082379341125,0.6944082379341125,0.39638400077819824,/home/yaxin/datasets/TacAct-original/33_4_R_19.xlsx,correct,correct_class_3
LeNet_LSTM,43,12271,33,3,class_3,3,class_3,1,0.9986695051193236,1.163505544354848e-06,2.3081669496605173e-05,4.561781679512933e-06,0.9986695051193236,8.09686662250897e-06,4.942253326589707e-07,0.0011247638612985,9.291752940043808e-05,1.4596998880733736e-06,8.359921594092157e-06,1.1318613360344898e-05,5.439830056275241e-05,0.9986695051193236,0.9986695051193236,0.9975447412580252,/home/yaxin/datasets/TacAct-original/33_4_R_2.xlsx,correct,correct_class_3
LeNet_LSTM,43,12272,33,3,class_3,3,class_3,1,0.9960067868232728,2.8870774713141145e-06,4.3119209294673055e-05,2.801451773848385e-05,0.9960067868232728,8.152293048624415e-06,2.873384801205248e-06,0.0027726930566132,0.0004176078073214,4.261273261363385e-06,8.943122338678222e-06,5.451112156151794e-05,0.0006501449970528,0.9960067868232728,0.9960067868232728,0.9932340937666596,/home/yaxin/datasets/TacAct-original/33_4_R_20.xlsx,correct,correct_class_3
LeNet_LSTM,43,12273,33,3,class_3,3,class_3,1,0.9317646026611328,5.12746955791954e-05,0.0002042245614575,0.0002616228011902,0.9317646026611328,7.58330206735991e-05,1.4070385077502578e-05,0.0537058226764202,0.0103425476700067,4.533606261247769e-05,0.0001558864896651,0.0013404608471319,0.0020382890943437,0.9317646026611328,0.9317646026611328,0.8780587799847126,/home/yaxin/datasets/TacAct-original/33_4_R_3.xlsx,correct,correct_class_3
LeNet_LSTM,43,12274,33,3,class_3,3,class_3,1,0.9990383386611938,1.195745653603808e-06,2.1019850464654155e-05,3.1981935535441157e-06,0.9990383386611938,1.295536549150711e-05,5.03091996506555e-07,0.0007513180025853,7.8174976806622e-05,1.8879763956647368e-06,1.3039877558185252e-05,1.2024359421047848e-05,6.649579881923273e-05,0.9990383386611938,0.9990383386611938,0.9982870206586085,/home/yaxin/datasets/TacAct-original/33_4_R_4.xlsx,correct,correct_class_3
LeNet_LSTM,43,12275,33,3,class_3,3,class_3,1,0.7549777030944824,6.594131991732866e-05,0.0004001050256192,0.0004700202844105,0.7549777030944824,9.14822012418881e-05,4.327499482315034e-05,0.2086152285337448,0.0047605675645172,9.450126526644452e-05,0.0003452750679571,0.0008046722505241,0.0293311662971973,0.7549777030944824,0.7549777030944824,0.5463624745607376,/home/yaxin/datasets/TacAct-original/33_4_R_5.xlsx,correct,correct_class_3
LeNet_LSTM,43,12276,33,3,class_3,3,class_3,1,0.999082088470459,9.208381470671156e-07,1.7239102817256935e-05,2.668314664333593e-06,0.999082088470459,1.1359154086676426e-05,4.5580492269436956e-07,0.0007226311718113,5.942866846453399e-05,1.9054879203395103e-06,1.3109728570270818e-05,9.010484973259736e-06,7.906811515567824e-05,0.999082088470459,0.999082088470459,0.9983594572986477,/home/yaxin/datasets/TacAct-original/33_4_R_6.xlsx,correct,correct_class_3
LeNet_LSTM,43,12277,33,3,class_3,3,class_3,1,0.9961270689964294,1.9757123936869903e-06,3.422540976316668e-05,2.1044781533419155e-05,0.9961270689964294,6.5976264522760175e-06,2.5108940917561995e-06,0.0027978038415312,0.0002836053899955,3.95349206883111e-06,9.013088856590912e-06,3.482823012745939e-05,0.0006774072535336,0.9961270689964294,0.9961270689964294,0.9933292651548983,/home/yaxin/datasets/TacAct-original/33_4_R_7.xlsx,correct,correct_class_3
LeNet_LSTM,43,12278,33,3,class_3,3,class_3,1,0.9990516304969788,1.0741742926256848e-06,1.757475547492504e-05,3.0880992198945023e-06,0.9990516304969788,1.1610235560510772e-05,4.6190140778890054e-07,0.0007344206096604,7.491246651625261e-05,1.986193638003897e-06,1.2206053725094534e-05,1.0892461432376876e-05,8.019876258913428e-05,0.9990516304969788,0.9990516304969788,0.9983172098873183,/home/yaxin/datasets/TacAct-original/33_4_R_8.xlsx,correct,correct_class_3
LeNet_LSTM,43,12279,33,3,class_3,11,class_11,0,0.7411272525787354,5.772972144768573e-05,0.0005862946854904,0.0008336937171407,0.18446084856987,6.338205275824293e-05,5.532969589694403e-05,0.0276121720671653,0.043368961662054,0.0005649783997796,0.0007671807543374,0.0005021811812184,0.7411272525787354,0.18446084856987,0.7411272525787354,0.5566664040088654,/home/yaxin/datasets/TacAct-original/33_4_R_9.xlsx,wrong,other
LeNet_LSTM,43,12360,33,6,class_6,6,class_6,1,0.6411604881286621,0.0003435396647546,0.0013431085972115,0.000295398524031,0.2926430702209472,0.0004603331326507,0.0002344979875488,0.6411604881286621,0.0009949877858161,0.0005495085497386,0.0002291752171004,0.0002449757303111,0.0615008883178234,0.6411604881286621,0.6411604881286621,0.3485174179077149,/home/yaxin/datasets/TacAct-original/33_7_L_1.xlsx,correct,correct_class_6
LeNet_LSTM,43,12361,33,6,class_6,3,class_3,0,0.9918545484542848,2.799082949422882e-06,5.637092908727936e-05,2.0177340047666803e-05,0.9918545484542848,1.8243628801428716e-05,2.533361566747772e-06,0.0076053449884057,0.0002384987310506,4.182227712590247e-06,1.4030534657649696e-05,3.321928670629859e-05,0.0001500927028246,0.0076053449884057,0.9918545484542848,0.9842492034658791,/home/yaxin/datasets/TacAct-original/33_7_L_10.xlsx,wrong,class_6_to_3_error
LeNet_LSTM,43,12362,33,6,class_6,6,class_6,1,0.9976929426193236,0.0001719513966236,0.0002414625050732,4.170508691458963e-05,0.0011338244657963,0.0003145950904581,1.7640193618717603e-05,0.9976929426193236,4.086143962922506e-05,4.42132368334569e-05,1.2316214451857377e-05,2.4726585252210494e-05,0.0002636503777466,0.9976929426193236,0.9976929426193236,0.9965591181535273,/home/yaxin/datasets/TacAct-original/33_7_L_11.xlsx,correct,correct_class_6
LeNet_LSTM,43,12363,33,6,class_6,3,class_3,0,0.9808241128921508,9.116779438045342e-06,0.0002057741949101,7.393163105007261e-05,0.9808241128921508,4.362278559710831e-05,5.191533091419842e-06,0.017169902101159,0.0013725766912102,7.86644250183599e-06,4.769003135152161e-05,0.0001396893203491,0.0001005241865641,0.017169902101159,0.9808241128921508,0.9636542107909918,/home/yaxin/datasets/TacAct-original/33_7_L_12.xlsx,wrong,class_6_to_3_error
LeNet_LSTM,43,12364,33,6,class_6,3,class_3,0,0.9737658500671388,1.087648797692964e-05,0.0001884429511846,6.503675103886053e-05,0.9737658500671388,6.049265357432887e-05,5.564497769228183e-06,0.0249247904866933,0.0007528030546382,8.254195563495159e-06,3.65016603609547e-05,0.0001120049491873,6.941855826880783e-05,0.0249247904866933,0.9737658500671388,0.9488410595804455,/home/yaxin/datasets/TacAct-original/33_7_L_13.xlsx,wrong,class_6_to_3_error
LeNet_LSTM,43,12365,33,6,class_6,3,class_3,0,0.9977301955223083,1.7436351527067018e-06,3.026855847565457e-05,5.993126251269132e-06,0.9977301955223083,1.25331189337885e-05,8.589223625676823e-07,0.0020519578829407,9.88586398307234e-05,2.0271188532206e-06,9.73571150097996e-06,1.0975035365845542e-05,4.483696466195397e-05,0.0020519578829407,0.9977301955223083,0.9956782376393677,/home/yaxin/datasets/TacAct-original/33_7_L_14.xlsx,wrong,class_6_to_3_error
LeNet_LSTM,43,12366,33,6,class_6,6,class_6,1,0.9605830907821656,0.0001623588468646,0.0007777551072649,0.0002367869310546,0.0368067733943462,0.0003233649185858,3.590319465729408e-05,0.9605830907821656,0.0005689988029189,5.63938265258912e-05,5.561989019042812e-05,0.0001121281238738,0.0002808390418067,0.9605830907821656,0.9605830907821656,0.9237763173878194,/home/yaxin/datasets/TacAct-original/33_7_L_15.xlsx,correct,correct_class_6
LeNet_LSTM,43,12367,33,6,class_6,6,class_6,1,0.963058352470398,0.0001829717220971,0.0003822145226877,0.0001019997653202,0.0350000672042369,0.0004840628826059,3.3752276067389175e-05,0.963058352470398,0.0002003888221224,6.377700628945604e-05,4.800785245606676e-05,6.756048969691619e-05,0.0003768010938074,0.963058352470398,0.963058352470398,0.9280582852661611,/home/yaxin/datasets/TacAct-original/33_7_L_16.xlsx,correct,correct_class_6
LeNet_LSTM,43,12368,33,6,class_6,6,class_6,1,0.9754168391227722,0.0001289922220166,0.0002971292997244,6.563644274137914e-05,0.0229458846151828,0.0003788142057601,2.9963668566779237e-05,0.9754168391227722,0.0001357291039312,5.409228106145747e-05,4.3461881432449445e-05,5.677035005646758e-05,0.0004466911777853,0.9754168391227722,0.9754168391227722,0.9524709545075895,/home/yaxin/datasets/TacAct-original/33_7_L_17.xlsx,correct,correct_class_6
LeNet_LSTM,43,12369,33,6,class_6,6,class_6,1,0.997089982032776,0.0002839250373654,0.0001744949549902,5.451589095173404e-05,0.0017490605823695,0.0003708139411173,1.675042040005792e-05,0.997089982032776,5.463205889100209e-05,3.951723192585632e-05,1.684344169916585e-05,2.7915730242966678e-05,0.0001214013245771,0.997089982032776,0.997089982032776,0.9953409214504065,/home/yaxin/datasets/TacAct-original/33_7_L_18.xlsx,correct,correct_class_6
LeNet_LSTM,43,12370,33,6,class_6,6,class_6,1,0.8862093687057495,0.0001601177355041,0.0004752837412524,0.0001208997418871,0.1111807897686958,0.0004909653798677,4.59726870758459e-05,0.8862093687057495,0.0003113001876045,8.868543227436021e-05,7.752976671326905e-05,9.702031820779666e-05,0.0007420309120789,0.8862093687057495,0.8862093687057495,0.7750285789370537,/home/yaxin/datasets/TacAct-original/33_7_L_19.xlsx,correct,correct_class_6
LeNet_LSTM,43,12371,33,6,class_6,6,class_6,1,0.994115114212036,0.0001126417628256,0.0002277521125506,5.353584128897637e-05,0.0046706637367606,0.0002125885512214,2.463366217853036e-05,0.994115114212036,7.454217120539397e-05,4.314453326514922e-05,2.184018558182288e-05,3.336982990731485e-05,0.0004102218663319,0.994115114212036,0.994115114212036,0.9894444504752754,/home/yaxin/datasets/TacAct-original/33_7_L_2.xlsx,correct,correct_class_6
LeNet_LSTM,43,12372,33,6,class_6,6,class_6,1,0.9904388785362244,0.0001682253059698,0.0002329988492419,5.126669202581979e-05,0.00821063388139,0.0004173710185568,2.447485167067498e-05,0.9904388785362244,7.691646897001192e-05,4.922249718219973e-05,2.579063584562391e-05,3.872053639497608e-05,0.0002655338030308,0.9904388785362244,0.9904388785362244,0.9822282446548344,/home/yaxin/datasets/TacAct-original/33_7_L_20.xlsx,correct,correct_class_6
LeNet_LSTM,43,12373,33,6,class_6,6,class_6,1,0.9940975904464722,0.0001259605051018,0.0002692071720957,8.008713484741747e-05,0.0037945110816508,0.0002408841828582,4.2481173295527697e-05,0.9940975904464722,9.794323705136776e-05,6.396834942279384e-05,2.4103434043354355e-05,5.218679871177301e-05,0.0011111465282738,0.9940975904464722,0.9940975904464722,0.9903030793648213,/home/yaxin/datasets/TacAct-original/33_7_L_3.xlsx,correct,correct_class_6
LeNet_LSTM,43,12374,33,6,class_6,6,class_6,1,0.9924289584159852,0.0001077007254934,0.0002398133947281,7.284172170329839e-05,0.00602224515751,0.0002061514678644,2.9549821192631495e-05,0.9924289584159852,0.0001012092470773,5.174905527383089e-05,2.444953497615643e-05,4.114438706892543e-05,0.0006742281839251,0.9924289584159852,0.9924289584159852,0.9864067132584752,/home/yaxin/datasets/TacAct-original/33_7_L_4.xlsx,correct,correct_class_6
LeNet_LSTM,43,12375,33,6,class_6,6,class_6,1,0.9848751425743104,0.0001412879501003,0.0002946727909147,0.0001204761138069,0.0126720024272799,0.0002442182158119,4.4434531446313486e-05,0.9848751425743104,0.0001435556187061,7.682213617954403e-05,2.6290186724509116e-05,5.989107739878818e-05,0.0013011817354708,0.9848751425743104,0.9848751425743104,0.9722031401470305,/home/yaxin/datasets/TacAct-original/33_7_L_5.xlsx,correct,correct_class_6
LeNet_LSTM,43,12376,33,6,class_6,6,class_6,1,0.994669497013092,0.0001052266816259,0.0002566907205618,6.42361119389534e-05,0.0040570590645074,0.0002104197483276,2.022941589530092e-05,0.994669497013092,0.0001077298584277,4.522153903963044e-05,2.06895583687583e-05,3.665929034468718e-05,0.0004064159002155,0.994669497013092,0.994669497013092,0.9906124379485847,/home/yaxin/datasets/TacAct-original/33_7_L_6.xlsx,correct,correct_class_6
LeNet_LSTM,43,12377,33,6,class_6,6,class_6,1,0.9933417439460754,0.000115932773042,0.0003078736190218,7.429631659761071e-05,0.0052009946666657,0.0002634241827763,2.9214579626568596e-05,0.9933417439460754,0.0001178469829028,4.912035728921183e-05,3.0356548450072296e-05,4.276328400010243e-05,0.0004264139861334,0.9933417439460754,0.9933417439460754,0.9881407492794098,/home/yaxin/datasets/TacAct-original/33_7_L_7.xlsx,correct,correct_class_6
LeNet_LSTM,43,12378,33,6,class_6,3,class_3,0,0.993988871574402,3.514832997097983e-06,8.629979856777936e-05,2.640528327901848e-05,0.993988871574402,2.2398759028874338e-05,2.5182580429827794e-06,0.0051477393135428,0.000540351960808,4.05266837333329e-06,2.276954910485074e-05,5.108307595946826e-05,0.0001039936396409,0.0051477393135428,0.993988871574402,0.9888411322608591,/home/yaxin/datasets/TacAct-original/33_7_L_8.xlsx,wrong,class_6_to_3_error
LeNet_LSTM,43,12379,33,6,class_6,6,class_6,1,0.9981119632720948,9.717851207824424e-05,0.0001325384073425,3.0738130590179935e-05,0.0010599762899801,0.0001874896843219,1.4082983398111535e-05,0.9981119632720948,3.531400943757035e-05,2.7719552235794254e-05,1.2051386875100434e-05,2.0192363081150688e-05,0.0002708761894609,0.9981119632720948,0.9981119632720948,0.9970519869821147,/home/yaxin/datasets/TacAct-original/33_7_L_9.xlsx,correct,correct_class_6
LeNet_LSTM,43,12380,33,6,class_6,6,class_6,1,0.9985604882240297,7.788783113937825e-05,0.00011655864364,2.2151356461108666e-05,0.0008070186595432,0.0001378883462166,9.190009222947992e-06,0.9985604882240297,2.10575781238731e-05,2.379301076871343e-05,7.377074325631838e-06,1.199236612592358e-05,0.0002044805733021,0.9985604882240297,0.9985604882240297,0.9977534695644864,/home/yaxin/datasets/TacAct-original/33_7_R_1.xlsx,correct,correct_class_6
LeNet_LSTM,43,12381,33,6,class_6,6,class_6,1,0.99812251329422,0.0001047907426254,0.0001518909848527,2.835929262801073e-05,0.001053282758221,0.0001787766814231,1.1241842912568243e-05,0.99812251329422,3.036704583792016e-05,3.0810508178547025e-05,9.040339136845432e-06,1.7877164282253943e-05,0.0002610601659398,0.99812251329422,0.99812251329422,0.9970692305359989,/home/yaxin/datasets/TacAct-original/33_7_R_10.xlsx,correct,correct_class_6
LeNet_LSTM,43,12382,33,6,class_6,6,class_6,1,0.9978588223457336,0.0001066106997313,0.000186307603144,3.3938096748897806e-05,0.0012255344772711,0.0001957696367753,1.295732090511592e-05,0.9978588223457336,3.787198511417955e-05,3.330825347802602e-05,1.0566414857748896e-05,1.993510886677541e-05,0.0002783779927995,0.9978588223457336,0.9978588223457336,0.9966332878684625,/home/yaxin/datasets/TacAct-original/33_7_R_11.xlsx,correct,correct_class_6
LeNet_LSTM,43,12383,33,6,class_6,6,class_6,1,0.9979599714279176,0.0001030693601933,0.0001547413703519,3.321715848869644e-05,0.0010822606272995,0.0001664393785176,1.4154053133097476e-05,0.9979599714279176,3.264592669438571e-05,3.465424379101023e-05,8.851689017319586e-06,1.986624010896776e-05,0.0003901559393852,0.9979599714279176,0.9979599714279176,0.996877710800618,/home/yaxin/datasets/TacAct-original/33_7_R_12.xlsx,correct,correct_class_6
LeNet_LSTM,43,12384,33,6,class_6,6,class_6,1,0.9712784886360168,0.000117720774142,0.0002775225730147,9.228279668604956e-05,0.0265224892646074,0.0002660728059709,3.102900518570095e-05,0.9712784886360168,0.0001485771790612,6.595084414584562e-05,2.8379390641930516e-05,6.158126780064777e-05,0.0011099717812612,0.9712784886360168,0.9712784886360168,0.9447559993714094,/home/yaxin/datasets/TacAct-original/33_7_R_13.xlsx,correct,correct_class_6
LeNet_LSTM,43,12385,33,6,class_6,6,class_6,1,0.9933603405952454,0.0001128930307459,0.0001689359633019,3.982528141932562e-05,0.00558652728796,0.0002445821592118,1.7408867279300466e-05,0.9933603405952454,6.094566924730316e-05,3.67784159607254e-05,1.741051164572127e-05,2.9993347197887488e-05,0.0003243967948947,0.9933603405952454,0.9933603405952454,0.9877738133072853,/home/yaxin/datasets/TacAct-original/33_7_R_14.xlsx,correct,correct_class_6
LeNet_LSTM,43,12386,33,6,class_6,6,class_6,1,0.987129271030426,0.000123542457004,0.0002061769191641,4.697494659922086e-05,0.0116201722994446,0.0002900739200413,1.98345078388229e-05,0.987129271030426,8.128534682327881e-05,4.543209070106968e-05,2.519656663935166e-05,3.5623037547338754e-05,0.0003763892163988,0.987129271030426,0.987129271030426,0.9755090987309815,/home/yaxin/datasets/TacAct-original/33_7_R_15.xlsx,correct,correct_class_6
LeNet_LSTM,43,12387,33,6,class_6,6,class_6,1,0.9869197010993958,0.0001286033657379,0.0002019727398874,5.009217056795024e-05,0.0117784393951296,0.0002970429777633,2.034323370025959e-05,0.9869197010993958,9.295296331401914e-05,4.473964872886427e-05,2.664508792804554e-05,3.768691749428399e-05,0.0004018881882075,0.9869197010993958,0.9869197010993958,0.9751412617042662,/home/yaxin/datasets/TacAct-original/33_7_R_16.xlsx,correct,correct_class_6
LeNet_LSTM,43,12388,33,6,class_6,6,class_6,1,0.9923515915870668,9.968550875782968e-05,0.0001632874918868,3.467624628683552e-05,0.0067105530761182,0.0002360315265832,1.4683629160572307e-05,0.9923515915870668,5.658121153828688e-05,3.334463690407574e-05,1.8794375137076717e-05,2.3636681362404488e-05,0.0002571041986811,0.9923515915870668,0.9923515915870668,0.9856410385109485,/home/yaxin/datasets/TacAct-original/33_7_R_17.xlsx,correct,correct_class_6
LeNet_LSTM,43,12389,33,6,class_6,6,class_6,1,0.996556043624878,0.0001091604644898,0.0002443837001919,4.924641689285636e-05,0.0023272735998034,0.0001965572300832,1.5668061678297818e-05,0.996556043624878,7.10374879417941e-05,4.003361391369253e-05,1.379677269142121e-05,2.947128632513341e-05,0.0003473795368336,0.996556043624878,0.996556043624878,0.9942287700250746,/home/yaxin/datasets/TacAct-original/33_7_R_18.xlsx,correct,correct_class_6
LeNet_LSTM,43,12390,33,6,class_6,6,class_6,1,0.9938433170318604,0.000100816534541,0.0001936077023856,4.033866571262479e-05,0.0052422955632209,0.0002307449321961,1.3771623343927786e-05,0.9938433170318604,6.984855281189084e-05,2.891975600505248e-05,1.6863501514308155e-05,2.4000024495762773e-05,0.0001954746549017,0.9938433170318604,0.9938433170318604,0.9886010214686395,/home/yaxin/datasets/TacAct-original/33_7_R_19.xlsx,correct,correct_class_6
LeNet_LSTM,43,12391,33,6,class_6,6,class_6,1,0.9980112314224244,6.208747072378173e-05,0.0001080565489246,2.402579593763221e-05,0.00136925408151,0.0001152876357082,9.341136319562793e-06,0.9980112314224244,2.6208308554487303e-05,2.3754084395477548e-05,8.442127182206605e-06,1.289063129661372e-05,0.0002293964789714,0.9980112314224244,0.9980112314224244,0.9966419773409144,/home/yaxin/datasets/TacAct-original/33_7_R_2.xlsx,correct,correct_class_6
LeNet_LSTM,43,12392,33,6,class_6,6,class_6,1,0.9844670295715332,8.924811118049547e-05,0.0002802079252433,7.17554212315008e-05,0.0143915228545665,0.0002025371068157,1.490731847297866e-05,0.9844670295715332,0.0001690235076239,3.30993025272619e-05,2.3125885491026565e-05,3.5526391002349555e-05,0.0002221325121354,0.9844670295715332,0.9844670295715332,0.9700755067169667,/home/yaxin/datasets/TacAct-original/33_7_R_20.xlsx,correct,correct_class_6
LeNet_LSTM,43,12393,33,6,class_6,6,class_6,1,0.9969074130058287,8.257985609816387e-05,0.0001918633497552,3.247875065426342e-05,0.0022903778590261,0.0001949511351995,1.1698941307258792e-05,0.9969074130058287,4.716112744063139e-05,2.6639963834895752e-05,1.2910310942970682e-05,2.0675504856626503e-05,0.0001813612470868,0.9969074130058287,0.9969074130058287,0.9946170351468027,/home/yaxin/datasets/TacAct-original/33_7_R_3.xlsx,correct,correct_class_6
LeNet_LSTM,43,12394,33,6,class_6,6,class_6,1,0.9945502877235411,7.506156543968245e-05,0.0002326400135643,4.922840525978245e-05,0.0044798487797379,0.0001771652168827,1.4127934264251962e-05,0.9945502877235411,8.267763769254088e-05,3.276808274677023e-05,1.576677277626004e-05,2.846492498065345e-05,0.0002619886072352,0.9945502877235411,0.9945502877235411,0.9900704389438032,/home/yaxin/datasets/TacAct-original/33_7_R_4.xlsx,correct,correct_class_6
LeNet_LSTM,43,12395,33,6,class_6,6,class_6,1,0.996681034564972,7.393125997623429e-05,0.0001306050544371,3.252468377468176e-05,0.0023464146070182,0.0001545662235002,1.459089708077954e-05,0.996681034564972,3.858134732581675e-05,3.54666517523583e-05,1.1141233699163422e-05,2.1674168237950653e-05,0.0004593730845954,0.996681034564972,0.996681034564972,0.9943346199579538,/home/yaxin/datasets/TacAct-original/33_7_R_5.xlsx,correct,correct_class_6
LeNet_LSTM,43,12396,33,6,class_6,6,class_6,1,0.99243426322937,0.0001257252733921,0.0002661560720298,6.201698852237314e-05,0.0064268629066646,0.0002725010563153,1.6296964531647973e-05,0.99243426322937,0.000118016207125,3.369979458511807e-05,2.138817035302054e-05,3.718055813806132e-05,0.0001859515614341,0.99243426322937,0.99243426322937,0.9860074003227054,/home/yaxin/datasets/TacAct-original/33_7_R_6.xlsx,correct,correct_class_6
LeNet_LSTM,43,12397,33,6,class_6,6,class_6,1,0.996266782283783,0.0001028632905217,0.0001946889678947,4.1453960875514895e-05,0.0029008502606302,0.0001989627053262,1.277110004593851e-05,0.996266782283783,6.161326018627733e-05,2.6305278879590333e-05,1.397757023369195e-05,2.14924402826e-05,0.0001581918040756,0.996266782283783,0.996266782283783,0.9933659320231527,/home/yaxin/datasets/TacAct-original/33_7_R_7.xlsx,correct,correct_class_6
LeNet_LSTM,43,12398,33,6,class_6,6,class_6,1,0.997954249382019,0.0001029140767059,0.0001679001870797,2.9309119781828485e-05,0.0012713895412161,0.0001921410585055,1.0371852113166824e-05,0.997954249382019,3.5765675420407206e-05,2.454819332342595e-05,9.755531209520996e-06,1.8718519640970044e-05,0.0001828789827413,0.997954249382019,0.997954249382019,0.996682859840803,/home/yaxin/datasets/TacAct-original/33_7_R_8.xlsx,correct,correct_class_6
LeNet_LSTM,43,12399,33,6,class_6,6,class_6,1,0.995955228805542,0.0001043659358401,0.0001908312260638,3.969195313402452e-05,0.003184754634276,0.0002074466174235,1.3332517482922412e-05,0.995955228805542,6.473564280895516e-05,2.8089201805414632e-05,1.548545878904406e-05,2.25651001528604e-05,0.0001735497935442,0.995955228805542,0.995955228805542,0.992770474171266,/home/yaxin/datasets/TacAct-original/33_7_R_9.xlsx,correct,correct_class_6
LeNet_LSTM,43,20880,4,3,class_3,3,class_3,1,0.9995912909507751,1.5610116577136068e-07,3.836076757579576e-06,4.394215693537263e-07,0.9995912909507751,3.775188361032633e-06,1.0610824574541768e-07,0.0003712839388754,8.792270818958059e-06,3.437759517055383e-07,3.736911139640142e-06,8.424893849223736e-07,1.553314723423682e-05,0.9995912909507751,0.9995912909507751,0.9992200070118997,/home/yaxin/datasets/TacAct-original/4_4_L_1.xlsx,correct,correct_class_3
LeNet_LSTM,43,20881,4,3,class_3,3,class_3,1,0.9994058609008788,2.7263274660072057e-07,6.274339739320567e-06,6.9066237529114e-07,0.9994058609008788,6.729183041898068e-06,1.911403444410098e-07,0.0005390777951106,1.3320187463250475e-05,5.565586320699367e-07,5.674581643688725e-06,1.4141608062345767e-06,1.9925555534427986e-05,0.9994058609008788,0.9994058609008788,0.9988667831057682,/home/yaxin/datasets/TacAct-original/4_4_L_10.xlsx,correct,correct_class_3
LeNet_LSTM,43,20882,4,3,class_3,6,class_6,0,0.9221866130828856,0.0001761923922458,0.0003546723455656,2.3657024939893745e-05,0.022894125431776,0.0539310239255428,6.389785266947001e-05,0.9221866130828856,4.983564940630458e-05,6.824008596595377e-05,5.467021037475206e-05,6.22212392045185e-05,0.0001348393852822,0.022894125431776,0.9221866130828856,0.8682555891573428,/home/yaxin/datasets/TacAct-original/4_4_L_11.xlsx,wrong,class_3_to_6_error
LeNet_LSTM,43,20883,4,3,class_3,3,class_3,1,0.9919497966766356,1.996897253775387e-06,2.0671453967224807e-05,2.3832471924833958e-06,0.9919497966766356,2.3769380277371965e-05,1.252040647159447e-06,0.007932529784739,2.881553336919751e-05,1.7245846493096906e-06,5.6949920690385625e-06,3.6095532323088256e-06,2.7663332730298865e-05,0.9919497966766356,0.9919497966766356,0.9840172668918966,/home/yaxin/datasets/TacAct-original/4_4_L_12.xlsx,correct,correct_class_3
LeNet_LSTM,43,20884,4,3,class_3,6,class_6,0,0.992993175983429,0.0003594323643483,0.0006754783680662,6.255076732486486e-05,0.0021777434740215,0.0032388288527727,6.434374517994002e-05,0.992993175983429,5.538679761230014e-05,6.143131031421944e-05,2.2039414034225047e-05,9.406097524333744e-05,0.0001956002961378,0.0021777434740215,0.992993175983429,0.9897543471306562,/home/yaxin/datasets/TacAct-original/4_4_L_13.xlsx,wrong,class_3_to_6_error
LeNet_LSTM,43,20885,4,3,class_3,6,class_6,0,0.9993744492530824,1.9725877791643143e-05,3.37603414664045e-05,4.997171345166862e-06,0.0004010894917882,3.4005370252998546e-05,2.1958376237307675e-06,0.9993744492530824,4.310744770918973e-06,8.344803063664585e-06,1.4689850331706111e-06,1.8398230849925312e-06,0.0001138926018029,0.0004010894917882,0.9993744492530824,0.9989733597612942,/home/yaxin/datasets/TacAct-original/4_4_L_14.xlsx,wrong,class_3_to_6_error
LeNet_LSTM,43,20886,4,3,class_3,6,class_6,0,0.6278490424156189,2.1423014914034862e-05,0.0002863071567844,2.967270484077744e-05,0.3664169013500213,0.0001060930444509,3.705584458657541e-05,0.6278490424156189,4.157045623287559e-05,3.806687527685426e-05,1.2245548532519024e-05,2.032583324762527e-05,0.0051412708126008,0.3664169013500213,0.6278490424156189,0.2614321410655976,/home/yaxin/datasets/TacAct-original/4_4_L_15.xlsx,wrong,class_3_to_6_error
LeNet_LSTM,43,20887,4,3,class_3,6,class_6,0,0.999817192554474,1.7739428585628048e-05,1.3408262020675464e-05,2.1769410523120314e-06,6.462153396569192e-05,3.237271812395193e-05,1.12374073069077e-06,0.999817192554474,9.310053883382352e-07,3.5810628560284385e-06,6.719146199429815e-07,9.415649060429132e-07,4.535584230325185e-05,6.462153396569192e-05,0.999817192554474,0.9997525710205083,/home/yaxin/datasets/TacAct-original/4_4_L_16.xlsx,wrong,class_3_to_6_error
LeNet_LSTM,43,20888,4,3,class_3,6,class_6,0,0.9994655251502992,3.618184200604446e-05,3.392140570213087e-05,3.557945774446125e-06,0.0002166414342354,0.0002051665651379,2.785468723232043e-06,0.9994655251502992,1.957718723133439e-06,4.618938419298502e-06,1.1751302508855588e-06,2.9435454962367658e-06,2.5582250600564294e-05,0.0002166414342354,0.9994655251502992,0.9992488837160638,/home/yaxin/datasets/TacAct-original/4_4_L_17.xlsx,wrong,class_3_to_6_error
LeNet_LSTM,43,20889,4,3,class_3,6,class_6,0,0.998342990875244,2.7290938305668533e-05,3.437503255554475e-05,4.478201844904106e-06,0.0013093661982566,0.0002214092673966,4.8561819312453736e-06,0.998342990875244,3.2988373277476057e-06,5.052457254350884e-06,2.2233473373489687e-06,5.715703537134687e-06,3.896654015989043e-05,0.0013093661982566,0.998342990875244,0.9970336246769874,/home/yaxin/datasets/TacAct-original/4_4_L_18.xlsx,wrong,class_3_to_6_error
LeNet_LSTM,43,20890,4,3,class_3,6,class_6,0,0.977508008480072,0.0001880404597613,0.0002428627485642,2.3443235477316197e-05,0.0008309870609082,0.02100838907063,1.69779723364627e-05,0.977508008480072,2.249432509415783e-05,4.620997424353845e-05,1.6156307538039982e-05,2.483863681845833e-05,7.173232734203339e-05,0.0008309870609082,0.977508008480072,0.9564996194094421,/home/yaxin/datasets/TacAct-original/4_4_L_19.xlsx,wrong,class_3_to_6_error
LeNet_LSTM,43,20891,4,3,class_3,3,class_3,1,0.993192493915558,6.769347464796738e-07,1.2985947250854224e-05,3.293221197964158e-06,0.993192493915558,3.434677864788682e-06,8.258152774942573e-07,0.0064743189141154,1.704208625596948e-05,1.7839482779891114e-06,1.98688007913006e-06,2.465579655108741e-06,0.0002887369482778,0.993192493915558,0.993192493915558,0.9867181750014425,/home/yaxin/datasets/TacAct-original/4_4_L_2.xlsx,correct,correct_class_3
LeNet_LSTM,43,20892,4,3,class_3,3,class_3,1,0.9912501573562622,9.326316103397405e-06,8.729433466214687e-05,5.30329225512105e-06,0.9912501573562622,0.0008584586321376,4.142116722505307e-06,0.0074242688715457,8.019468077691272e-05,1.3238945030025208e-05,0.0001472839794587,8.675616300024558e-06,0.0001116482744691,0.9912501573562622,0.9912501573562622,0.9838258884847165,/home/yaxin/datasets/TacAct-original/4_4_L_20.xlsx,correct,correct_class_3
LeNet_LSTM,43,20893,4,3,class_3,6,class_6,0,0.9997218251228333,2.333614793315064e-05,2.709442560444586e-05,3.061483084820793e-06,9.872796363197268e-05,5.9317186241969466e-05,1.5951407021930208e-06,0.9997218251228333,1.3869652093490004e-06,4.778556558449054e-06,8.262540518444439e-07,1.7120756865551812e-06,5.625553603749722e-05,9.872796363197268e-05,0.9997218251228333,0.9996230971592013,/home/yaxin/datasets/TacAct-original/4_4_L_3.xlsx,wrong,class_3_to_6_error
LeNet_LSTM,43,20894,4,3,class_3,6,class_6,0,0.9955819249153136,2.3220856746775095e-05,3.645621836767532e-05,4.783255917573115e-06,0.0041774711571633,0.0001131176759372,4.584780072036665e-06,0.9955819249153136,4.899747182207648e-06,3.994711732957512e-06,3.1445708827959606e-06,6.741651759512024e-06,3.977929736720398e-05,0.0041774711571633,0.9955819249153136,0.9914044537581503,/home/yaxin/datasets/TacAct-original/4_4_L_4.xlsx,wrong,class_3_to_6_error
LeNet_LSTM,43,20895,4,3,class_3,3,class_3,1,0.9935046434402466,2.6861305286729475e-06,1.6996033082250506e-05,2.15434829442529e-06,0.9935046434402466,5.119480920257047e-05,1.2303597713980707e-06,0.0062988176941871,3.774102151510306e-05,4.075170636497205e-06,1.1783477930293884e-05,3.35767936121556e-06,6.527217192342505e-05,0.9935046434402466,0.9935046434402466,0.9872058257460595,/home/yaxin/datasets/TacAct-original/4_4_L_5.xlsx,correct,correct_class_3
LeNet_LSTM,43,20896,4,3,class_3,3,class_3,1,0.9994673132896424,1.855724605093201e-07,5.34808123120456e-06,5.967846163912327e-07,0.9994673132896424,4.000595254183281e-06,1.425184166237159e-07,0.0004930994473397,9.82703477347968e-06,3.478716905647161e-07,3.676474989333656e-06,9.600934163245256e-07,1.4481950529443566e-05,0.9994673132896424,0.9994673132896424,0.9989742138423028,/home/yaxin/datasets/TacAct-original/4_4_L_6.xlsx,correct,correct_class_3
LeNet_LSTM,43,20897,4,3,class_3,3,class_3,1,0.9271481037139891,7.105771601345623e-06,8.011914178496227e-05,1.6425879948656075e-05,0.9271481037139891,2.413122092548292e-05,3.111371370323468e-06,0.0719305276870727,8.468242594972253e-05,9.33272167458199e-06,8.91829768079333e-06,1.0669886250980198e-05,0.0006767978775314,0.9271481037139891,0.9271481037139891,0.8552175760269165,/home/yaxin/datasets/TacAct-original/4_4_L_7.xlsx,correct,correct_class_3
LeNet_LSTM,43,20898,4,3,class_3,3,class_3,1,0.9960315823554992,5.056878649156715e-07,6.593126272491645e-06,1.4899094367137875e-06,0.9960315823554992,4.2211950130877085e-06,5.092944093121332e-07,0.0036060819402337,1.6353384125977755e-05,1.9296203390695155e-06,3.156365210088552e-06,1.5520822671533097e-06,0.0003260036173742,0.9960315823554992,0.9960315823554992,0.9924255004152654,/home/yaxin/datasets/TacAct-original/4_4_L_8.xlsx,correct,correct_class_3
LeNet_LSTM,43,20899,4,3,class_3,6,class_6,0,0.9997425675392152,2.523214425309561e-05,2.433875488350168e-05,3.0214259822969325e-06,7.359451410593465e-05,5.577852061833255e-05,1.7660753428572209e-06,0.9997425675392152,1.2349374856057691e-06,5.141727342561353e-06,8.298128477690625e-07,1.5753224715808756e-06,6.486751226475462e-05,7.359451410593465e-05,0.9997425675392152,0.9996689730251093,/home/yaxin/datasets/TacAct-original/4_4_L_9.xlsx,wrong,class_3_to_6_error
LeNet_LSTM,43,20900,4,3,class_3,3,class_3,1,0.9837995767593384,5.647343641612679e-06,4.750194057123736e-05,4.718986474472331e-06,0.9837995767593384,0.000181278141099,3.561154017006629e-06,0.0157583653926849,5.19038803759031e-05,1.1369292224117087e-05,2.187070822401438e-05,6.169657808641205e-06,0.0001080068905139,0.9837995767593384,0.9837995767593384,0.9680412113666534,/home/yaxin/datasets/TacAct-original/4_4_R_1.xlsx,correct,correct_class_3
LeNet_LSTM,43,20901,4,3,class_3,3,class_3,1,0.9994924068450928,2.716301992222725e-07,6.256515462155221e-06,7.137376769605908e-07,0.9994924068450928,6.22881361778127e-06,2.0574412928908717e-07,0.0004447077517397,1.52437587530585e-05,6.277903139562113e-07,6.172877874632832e-06,1.6281265970974346e-06,2.548487827880308e-05,0.9994924068450928,0.9994924068450928,0.9990476990933531,/home/yaxin/datasets/TacAct-original/4_4_R_10.xlsx,correct,correct_class_3
LeNet_LSTM,43,20902,4,3,class_3,3,class_3,1,0.9995262622833252,2.3883779931566096e-07,5.53654354007449e-06,6.569841275450017e-07,0.9995262622833252,5.235244316281751e-06,1.699042684322194e-07,0.0004199234244879,1.3490090168488678e-05,5.033996330894297e-07,5.358449470804771e-06,1.4746111673957785e-06,2.1234793166513555e-05,0.9995262622833252,0.9995262622833252,0.9991063388588373,/home/yaxin/datasets/TacAct-original/4_4_R_11.xlsx,correct,correct_class_3
LeNet_LSTM,43,20903,4,3,class_3,3,class_3,1,0.998310685157776,8.389917525164492e-07,1.2675836842390709e-05,1.221210254698235e-06,0.998310685157776,3.2158764952328056e-05,6.199218773872417e-07,0.0015551851829513,2.3561578927910887e-05,1.8308217022422468e-06,1.932941268023569e-05,3.201391336915549e-06,3.8678273995174095e-05,0.998310685157776,0.998310685157776,0.9967554999748247,/home/yaxin/datasets/TacAct-original/4_4_R_12.xlsx,correct,correct_class_3
LeNet_LSTM,43,20904,4,3,class_3,3,class_3,1,0.9988214373588562,2.672960022209736e-07,4.309625637688441e-06,9.10761627892498e-07,0.9988214373588562,3.868391559080919e-06,3.2011223538575e-07,0.0010432930430397,1.6023383068386465e-05,1.154086248789099e-06,3.82927146347356e-06,1.187045086226135e-06,0.0001032968430081,0.9988214373588562,0.9988214373588562,0.9977781443158165,/home/yaxin/datasets/TacAct-original/4_4_R_13.xlsx,correct,correct_class_3
LeNet_LSTM,43,20905,4,3,class_3,3,class_3,1,0.998969554901123,2.81648397049139e-07,4.360065759101417e-06,1.139974642683228e-06,0.998969554901123,2.582312845333945e-06,1.9656921779187544e-07,0.00091916276142,1.5474221072508954e-05,8.923884138312133e-07,2.9742964215984102e-06,1.3854430562787456e-06,8.20505156298168e-05,0.998969554901123,0.998969554901123,0.998050392139703,/home/yaxin/datasets/TacAct-original/4_4_R_14.xlsx,correct,correct_class_3
LeNet_LSTM,43,20906,4,3,class_3,3,class_3,1,0.999568521976471,1.848287354278e-07,4.0006343624554574e-06,5.504469982042792e-07,0.999568521976471,3.5087564356217622e-06,1.082842615574009e-07,0.0003897031128872,9.48824526858516e-06,3.93804867826475e-07,3.7797424283780856e-06,1.0398734957561828e-06,1.8696429833653383e-05,0.999568521976471,0.999568521976471,0.9991788188635837,/home/yaxin/datasets/TacAct-original/4_4_R_15.xlsx,correct,correct_class_3
LeNet_LSTM,43,20907,4,3,class_3,3,class_3,1,0.99950909614563,2.64296716068202e-07,6.024833510309691e-06,7.113515039236518e-07,0.99950909614563,5.803398835269036e-06,1.965909888212991e-07,0.0004301863082218,1.5195837477222083e-05,5.832825422658061e-07,5.859456450707512e-06,1.6061204632933368e-06,2.4416636733803895e-05,0.99950909614563,0.99950909614563,0.9990789098374082,/home/yaxin/datasets/TacAct-original/4_4_R_16.xlsx,correct,correct_class_3
LeNet_LSTM,43,20908,4,3,class_3,3,class_3,1,0.9963399171829224,1.1556982144611538e-06,4.728744897875004e-05,2.614170625747647e-06,0.9963399171829224,4.32850320066791e-05,1.4629583802161503e-06,0.0034822886809706,1.903304109873716e-05,2.0245374798832927e-06,9.992053492169362e-06,3.891605501848972e-06,4.69774822704494e-05,0.9963399171829224,0.9963399171829224,0.9928576285019518,/home/yaxin/datasets/TacAct-original/4_4_R_17.xlsx,correct,correct_class_3
LeNet_LSTM,43,20909,4,3,class_3,1,class_1,0,0.8803271055221558,2.83667650364805e-05,0.8803271055221558,0.0001504816464148,0.014628505334258,0.0035058089997619,0.0002532742801122,0.0967537760734558,3.745266440091655e-05,6.023035894031637e-05,1.978420368686784e-05,4.664074003812857e-05,0.0041885576210916,0.014628505334258,0.8803271055221558,0.7835733294487,/home/yaxin/datasets/TacAct-original/4_4_R_18.xlsx,wrong,other
LeNet_LSTM,43,20910,4,3,class_3,4,class_4,0,0.9965991377830504,6.278946966631338e-05,0.0020229844376444,1.449709088774398e-05,4.924840322928503e-05,0.9965991377830504,4.270072167855688e-05,0.0011661209864541,3.990039658674505e-06,1.529960172774736e-05,1.904730925161857e-05,5.10099027906108e-07,3.7006007005402353e-06,4.924840322928503e-05,0.9965991377830504,0.994576153345406,/home/yaxin/datasets/TacAct-original/4_4_R_19.xlsx,wrong,other
LeNet_LSTM,43,20911,4,3,class_3,3,class_3,1,0.999508500099182,2.325199801589406e-07,5.444978796731448e-06,6.160130396892782e-07,0.999508500099182,5.686867098120274e-06,1.7546159369885572e-07,0.0004371981194708,1.2377684470266104e-05,5.395126549956331e-07,5.652877462125616e-06,1.304638090005028e-06,2.220741225755773e-05,0.999508500099182,0.999508500099182,0.9990713019797112,/home/yaxin/datasets/TacAct-original/4_4_R_2.xlsx,correct,correct_class_3
LeNet_LSTM,43,20912,4,3,class_3,3,class_3,1,0.9343372583389282,5.544724990613759e-05,0.0002939216210506,1.8269540305482224e-05,0.9343372583389282,0.0090324124321341,2.13706043723505e-05,0.0550601184368133,0.0002990480279549,6.991711416048929e-05,0.0004443988145794,4.830922262044624e-05,0.0003194407618138,0.9343372583389282,0.9343372583389282,0.8792771399021149,/home/yaxin/datasets/TacAct-original/4_4_R_20.xlsx,correct,correct_class_3
LeNet_LSTM,43,20913,4,3,class_3,6,class_6,0,0.7796311378479004,0.0005635692505165,0.0024651153944432,8.182986493920907e-05,0.0455690361559391,0.1705058217048645,0.0001316598209086,0.7796311378479004,0.0001487189292674,0.0002435604983475,0.0001353924453724,0.0001696267572697,0.0003545337531249,0.0455690361559391,0.7796311378479004,0.6091253161430359,/home/yaxin/datasets/TacAct-original/4_4_R_3.xlsx,wrong,class_3_to_6_error
LeNet_LSTM,43,20914,4,3,class_3,3,class_3,1,0.9993844032287598,3.388773848200799e-07,7.530425591539824e-06,8.485952207593073e-07,0.9993844032287598,7.86655527917901e-06,2.646678183282347e-07,0.000544469221495,1.7349660993204452e-05,7.640412604814628e-07,7.142512004065793e-06,1.926874347191188e-06,2.7023588700103574e-05,0.9993844032287598,0.9993844032287598,0.9988399340072648,/home/yaxin/datasets/TacAct-original/4_4_R_4.xlsx,correct,correct_class_3
LeNet_LSTM,43,20915,4,3,class_3,3,class_3,1,0.9993079900741576,2.9699955916839826e-07,6.2642079683428165e-06,6.610459877265384e-07,0.9993079900741576,8.188679203158244e-06,2.2550145217792306e-07,0.0006298521184362,1.2529998457466718e-05,7.167412832131959e-07,7.0954956754576415e-06,1.3633774642585197e-06,2.4925700927269645e-05,0.9993079900741576,0.9993079900741576,0.9986781379557214,/home/yaxin/datasets/TacAct-original/4_4_R_5.xlsx,correct,correct_class_3
LeNet_LSTM,43,20916,4,3,class_3,3,class_3,1,0.9987260699272156,2.1958668128263525e-07,3.74384558199381e-06,1.2030504876747727e-06,0.9987260699272156,1.8087297348756688e-06,1.9626153857643658e-07,0.0011438219808042,1.547589636174962e-05,7.472675065400836e-07,2.018378609136562e-06,1.124563141274848e-06,0.0001035924942698,0.9987260699272156,0.9987260699272156,0.9975822479464114,/home/yaxin/datasets/TacAct-original/4_4_R_6.xlsx,correct,correct_class_3
LeNet_LSTM,43,20917,4,3,class_3,3,class_3,1,0.9994577765464784,1.785746377436226e-07,4.000359240308171e-06,6.6498336082077e-07,0.9994577765464784,2.517819666536525e-06,1.1238495289944694e-07,0.0004958332865498,8.991345566755626e-06,3.970880015913281e-07,2.945569804069237e-06,9.486212206866184e-07,2.56946477747988e-05,0.9994577765464784,0.9994577765464784,0.9989619432599286,/home/yaxin/datasets/TacAct-original/4_4_R_7.xlsx,correct,correct_class_3
LeNet_LSTM,43,20918,4,3,class_3,3,class_3,1,0.9978054165840148,7.776845336593396e-07,2.450963256706018e-05,1.6374674487451555e-06,0.9978054165840148,2.776132350845728e-05,7.819332381586719e-07,0.002073295880109,1.789423549780622e-05,1.3697519989364082e-06,8.56945371197071e-06,3.1200140711007407e-06,3.479506995063275e-05,0.9978054165840148,0.9978054165840148,0.9957321207039058,/home/yaxin/datasets/TacAct-original/4_4_R_8.xlsx,correct,correct_class_3
LeNet_LSTM,43,20919,4,3,class_3,6,class_6,0,0.8113352656364441,0.0008958724793046,0.0013007989618927,6.032172677805647e-05,0.001214969321154,0.1845543831586837,6.224223761819303e-05,0.8113352656364441,4.8956913815345615e-05,0.0002232547994935,6.690717418678105e-05,3.712218676810153e-05,0.0001999005617108,0.001214969321154,0.8113352656364441,0.6267808824777604,/home/yaxin/datasets/TacAct-original/4_4_R_9.xlsx,wrong,class_3_to_6_error
LeNet_LSTM,43,21000,4,6,class_6,6,class_6,1,0.9995645880699158,3.841790021397173e-05,2.127468906110153e-05,3.5647281038109213e-06,0.0002137985575245,0.0001131786775658,2.4456853680021595e-06,0.9995645880699158,2.003456529564573e-06,5.481475000124192e-06,1.4296090284915408e-06,2.3413133476424264e-06,3.1476574804401025e-05,0.9995645880699158,0.9995645880699158,0.9993507895123913,/home/yaxin/datasets/TacAct-original/4_7_L_1.xlsx,correct,correct_class_6
LeNet_LSTM,43,21001,4,6,class_6,6,class_6,1,0.9997147917747498,3.779471808229573e-05,1.993726618820801e-05,3.957769877160899e-06,9.053297253558412e-05,5.0386017392156646e-05,2.1998430383973755e-06,0.9997147917747498,1.7170278852063348e-06,6.251351805985905e-06,1.1288379937468562e-06,1.687679059614311e-06,6.973211566219106e-05,0.9997147917747498,0.9997147917747498,0.9996242588022142,/home/yaxin/datasets/TacAct-original/4_7_L_10.xlsx,correct,correct_class_6
LeNet_LSTM,43,21002,4,6,class_6,6,class_6,1,0.9997695088386536,2.555859464337118e-05,2.129582207999192e-05,2.248136297566816e-06,7.134686165954918e-05,6.779924297006801e-05,1.1275441238467463e-06,0.9997695088386536,1.0044559530797414e-06,3.527504304656759e-06,8.054029763115977e-07,1.3832283229930908e-06,3.4497501474106684e-05,0.9997695088386536,0.9997695088386536,0.999698161976994,/home/yaxin/datasets/TacAct-original/4_7_L_11.xlsx,correct,correct_class_6
LeNet_LSTM,43,21003,4,6,class_6,6,class_6,1,0.9995645880699158,8.081845589913428e-05,1.9831195459119044e-05,6.28786892775679e-06,0.0001135994389187,6.6734166466631e-05,2.992832150994218e-06,0.9995645880699158,3.398899707462988e-06,1.1081261618528517e-05,2.236595037174993e-06,1.771286179064191e-06,0.0001266779727302,0.9995645880699158,0.9995645880699158,0.9994379100971855,/home/yaxin/datasets/TacAct-original/4_7_L_12.xlsx,correct,correct_class_6
LeNet_LSTM,43,21004,4,6,class_6,6,class_6,1,0.999582588672638,4.586501745507121e-05,2.9545206416514706e-05,3.848494543490233e-06,0.0001331946259597,0.0001519765792181,2.140663809768739e-06,0.999582588672638,2.6152856662520207e-06,6.015280632709619e-06,1.6617475466773612e-06,2.3269594748853706e-06,3.821559585048817e-05,0.999582588672638,0.999582588672638,0.99943061209342,/home/yaxin/datasets/TacAct-original/4_7_L_13.xlsx,correct,correct_class_6
LeNet_LSTM,43,21005,4,6,class_6,6,class_6,1,0.9996610879898072,4.646625893656165e-05,2.0884703189949505e-05,3.55350061909121e-06,0.0001108609867515,9.318940283264963e-05,2.1519467736652587e-06,0.9996610879898072,2.0699790184153244e-06,6.819869213359198e-06,1.4635019169872976e-06,1.8113556734533631e-06,4.966382039128803e-05,0.9996610879898072,0.9996610879898072,0.9995502270030557,/home/yaxin/datasets/TacAct-original/4_7_L_14.xlsx,correct,correct_class_6
LeNet_LSTM,43,21006,4,6,class_6,6,class_6,1,0.9995808005332948,5.884408165002242e-05,2.1999543605488725e-05,4.036528025608277e-06,0.0001545485720271,0.0001315175177296,2.444549636493321e-06,0.9995808005332948,2.6668781174521428e-06,6.0733382269972935e-06,1.8067385099129751e-06,2.392770738879335e-06,3.285715138190426e-05,0.9995808005332948,0.9995808005332948,0.9994262519612677,/home/yaxin/datasets/TacAct-original/4_7_L_15.xlsx,correct,correct_class_6
LeNet_LSTM,43,21007,4,6,class_6,6,class_6,1,0.9996080994606018,6.021589433657937e-05,1.9856281141983345e-05,4.361168066679966e-06,0.0001484233071096,8.302878268295899e-05,2.6697193789004814e-06,0.9996080994606018,2.8531442239909666e-06,6.846112682978856e-06,2.0134389160375576e-06,2.0930062873958377e-06,5.9555695770541206e-05,0.9996080994606018,0.9996080994606018,0.9994596761534922,/home/yaxin/datasets/TacAct-original/4_7_L_16.xlsx,correct,correct_class_6
LeNet_LSTM,43,21008,4,6,class_6,6,class_6,1,0.9995582699775696,4.759576768265106e-05,2.849028533091769e-05,4.154166617809096e-06,0.0001730659423628,0.0001388297096127,2.1521873350138776e-06,0.9995582699775696,3.124493559880648e-06,5.280783170746872e-06,1.8107151618096395e-06,2.751038891801727e-06,3.437715349718928e-05,0.9995582699775696,0.9995582699775696,0.9993852040352068,/home/yaxin/datasets/TacAct-original/4_7_L_17.xlsx,correct,correct_class_6
LeNet_LSTM,43,21009,4,6,class_6,6,class_6,1,0.9995936751365662,6.504044722532853e-05,1.9431134205660783e-05,3.873775312968064e-06,0.0001409597753081,0.0001277466071769,2.4616874725325037e-06,0.9995936751365662,2.3505385797761846e-06,6.467881576099899e-06,1.7641274325796983e-06,2.158047209377401e-06,3.407565236557275e-05,0.9995936751365662,0.9995936751365662,0.999452715361258,/home/yaxin/datasets/TacAct-original/4_7_L_18.xlsx,correct,correct_class_6
LeNet_LSTM,43,21010,4,6,class_6,6,class_6,1,0.9995678067207336,4.1207131289411336e-05,3.250904046581127e-05,4.032297056255629e-06,0.0001808200904633,0.0001243768492713,2.210785396528081e-06,0.9995678067207336,2.76933087661746e-06,4.955692020303104e-06,1.680435616435716e-06,3.017045855813194e-06,3.459837171249092e-05,0.9995678067207336,0.9995678067207336,0.9993869866302704,/home/yaxin/datasets/TacAct-original/4_7_L_19.xlsx,correct,correct_class_6
LeNet_LSTM,43,21011,4,6,class_6,6,class_6,1,0.9993470311164856,3.567357998690568e-05,3.4618413337739184e-05,4.351406005298486e-06,0.000371272675693,0.0001618490496184,3.446255732342252e-06,0.9993470311164856,2.689334905880969e-06,4.8072975005197804e-06,1.582855247761472e-06,3.596206170186633e-06,2.911920273618307e-05,0.9993470311164856,0.9993470311164856,0.9989757584407926,/home/yaxin/datasets/TacAct-original/4_7_L_2.xlsx,correct,correct_class_6
LeNet_LSTM,43,21012,4,6,class_6,6,class_6,1,0.9996367692947388,5.42197230970487e-05,1.8125843780580908e-05,3.657300112536177e-06,0.0001374279090669,0.0001024950033752,2.257003643535427e-06,0.9996367692947388,2.0455674984987127e-06,6.234598458831897e-06,1.4526481209031772e-06,1.9572064502426656e-06,3.3425440051360056e-05,0.9996367692947388,0.9996367692947388,0.9994993413856719,/home/yaxin/datasets/TacAct-original/4_7_L_20.xlsx,correct,correct_class_6
LeNet_LSTM,43,21013,4,6,class_6,6,class_6,1,0.999614715576172,5.378972127800808e-05,2.018638588197064e-05,3.667973942356184e-06,0.000137622380862,0.0001233860239153,2.4064247554633766e-06,0.999614715576172,2.0156135178694967e-06,6.036392278474523e-06,1.4405449064724962e-06,2.043400854745414e-06,3.273385300417431e-05,0.999614715576172,0.999614715576172,0.99947709319531,/home/yaxin/datasets/TacAct-original/4_7_L_3.xlsx,correct,correct_class_6
LeNet_LSTM,43,21014,4,6,class_6,6,class_6,1,0.9991869330406188,9.083941404242069e-05,9.641452197683976e-05,1.1026304491679184e-05,0.0002003056724788,0.0003329412720631,3.120620476693148e-06,0.9991869330406188,6.233332442207029e-06,7.336393082368886e-06,3.4366623822279507e-06,3.833669325103983e-06,5.754758603870869e-05,0.9991869330406188,0.9991869330406188,0.9988539917685557,/home/yaxin/datasets/TacAct-original/4_7_L_4.xlsx,correct,correct_class_6
LeNet_LSTM,43,21015,4,6,class_6,6,class_6,1,0.9997478127479552,3.604415906011127e-05,1.3913897419115528e-05,3.0425328532146523e-06,9.274547483073547e-05,4.7318459110101685e-05,1.7333035202682368e-06,0.9997478127479552,1.4712994698129478e-06,5.244536168902414e-06,1.0753257129181293e-06,1.2967662996743456e-06,4.840267502004281e-05,0.9997478127479552,0.9997478127479552,0.9996550672731245,/home/yaxin/datasets/TacAct-original/4_7_L_5.xlsx,correct,correct_class_6
LeNet_LSTM,43,21016,4,6,class_6,6,class_6,1,0.9992190599441528,8.248649101005867e-05,7.634772191522643e-05,9.324689017375933e-06,0.0001809099921956,0.0003592794819269,2.7126250188302947e-06,0.9992190599441528,6.205625595612219e-06,6.912201570230536e-06,3.4461793347873027e-06,2.929742549895309e-06,5.0349553930573165e-05,0.9992190599441528,0.9992190599441528,0.9988597804622259,/home/yaxin/datasets/TacAct-original/4_7_L_6.xlsx,correct,correct_class_6
LeNet_LSTM,43,21017,4,6,class_6,6,class_6,1,0.9996662139892578,4.746405829791911e-05,4.215148146613501e-05,5.764092747995164e-06,0.0001044621094479,7.521756197093055e-05,2.065339913315256e-06,0.9996662139892578,1.7238977534361766e-06,6.332832981570391e-06,9.739001143316273e-07,2.0305428733990998e-06,4.566593997878954e-05,0.9996662139892578,0.9996662139892578,0.9995617518798099,/home/yaxin/datasets/TacAct-original/4_7_L_7.xlsx,correct,correct_class_6
LeNet_LSTM,43,21018,4,6,class_6,6,class_6,1,0.9997809529304504,2.242796836071648e-05,1.7666881831246428e-05,2.5776289476198144e-06,7.813250704202801e-05,4.446132152224891e-05,1.3196716963648214e-06,0.9997809529304504,1.1403751614125213e-06,3.980083874921547e-06,8.132408311212203e-07,1.3085004866297822e-06,4.508596248342656e-05,0.9997809529304504,0.9997809529304504,0.9997028204234084,/home/yaxin/datasets/TacAct-original/4_7_L_8.xlsx,correct,correct_class_6
LeNet_LSTM,43,21019,4,6,class_6,6,class_6,1,0.9998098015785216,1.951695048774127e-05,1.4426168490899728e-05,2.1971775368001545e-06,6.771291373297572e-05,3.8256595871644095e-05,1.1707913927239133e-06,0.9998098015785216,9.820763580137282e-07,3.4372767458989983e-06,7.870792728681408e-07,1.1360475582478102e-06,4.057298065163195e-05,0.9998098015785216,0.9998098015785216,0.9997420886647886,/home/yaxin/datasets/TacAct-original/4_7_L_9.xlsx,correct,correct_class_6
LeNet_LSTM,43,21020,4,6,class_6,6,class_6,1,0.999642252922058,3.439466672716662e-05,1.4214168004400562e-05,2.419714519419358e-06,0.0001018843249767,0.0001585838908795,1.8124258076568367e-06,0.999642252922058,1.5281511878129097e-06,6.334076260827715e-06,1.8432036767990208e-06,1.4890575812387397e-06,3.317505615996197e-05,0.999642252922058,0.999642252922058,0.9994836690311785,/home/yaxin/datasets/TacAct-original/4_7_R_1.xlsx,correct,correct_class_6
LeNet_LSTM,43,21021,4,6,class_6,6,class_6,1,0.9997671246528624,2.267130730615463e-05,1.6973999663605355e-05,3.002914581884397e-06,7.575849303975701e-05,3.770978219108656e-05,1.631505824661872e-06,0.9997671246528624,1.2139282716816524e-06,4.951299160893541e-06,8.833174547362432e-07,1.3813926216244e-06,6.67221102048643e-05,0.9997671246528624,0.9997671246528624,0.9996913661598227,/home/yaxin/datasets/TacAct-original/4_7_R_10.xlsx,correct,correct_class_6
LeNet_LSTM,43,21022,4,6,class_6,6,class_6,1,0.9997907280921936,2.0719036911032163e-05,1.412699930369854e-05,1.9934434476454044e-06,6.504775228677318e-05,4.966718188370578e-05,1.4525503502227366e-06,0.9997907280921936,1.0246111514788936e-06,4.451965196494712e-06,1.0476525176272844e-06,1.0094863682752475e-06,4.8816600610734895e-05,0.9997907280921936,0.9997907280921936,0.9997256803399068,/home/yaxin/datasets/TacAct-original/4_7_R_11.xlsx,correct,correct_class_6
LeNet_LSTM,43,21023,4,6,class_6,6,class_6,1,0.9998043179512024,2.0836227122345008e-05,1.2165526641183533e-05,2.225644493591972e-06,7.252694194903597e-05,3.430091601330787e-05,1.3550292123909458e-06,0.9998043179512024,1.0361842441852789e-06,3.800378635787638e-06,9.307785830969806e-07,9.842368626777898e-07,4.548082506516948e-05,0.9998043179512024,0.9998043179512024,0.9997317910092534,/home/yaxin/datasets/TacAct-original/4_7_R_12.xlsx,correct,correct_class_6
LeNet_LSTM,43,21024,4,6,class_6,6,class_6,1,0.9997357726097108,2.4876324459910396e-05,1.3829447198077103e-05,2.031398935287143e-06,7.5109965109732e-05,9.033168316818774e-05,1.396852667312487e-06,0.9997357726097108,1.4359624174176131e-06,5.694385890819831e-06,1.4638332004324184e-06,1.1567499313969163e-06,4.697362601291388e-05,0.9997357726097108,0.9997357726097108,0.9996454409265426,/home/yaxin/datasets/TacAct-original/4_7_R_13.xlsx,correct,correct_class_6
LeNet_LSTM,43,21025,4,6,class_6,6,class_6,1,0.9998121857643129,1.7525380826555192e-05,9.73823534877738e-06,1.6830454114824531e-06,7.0534399128519e-05,3.75235358660575e-05,1.21941218367283e-06,0.9998121857643129,9.130083071795524e-07,3.6054057090950656e-06,9.476272566644184e-07,8.215950515477743e-07,4.334265395300463e-05,0.9998121857643129,0.9998121857643129,0.9997416513651843,/home/yaxin/datasets/TacAct-original/4_7_R_14.xlsx,correct,correct_class_6
LeNet_LSTM,43,21026,4,6,class_6,6,class_6,1,0.9998136162757874,1.8109058146364987e-05,9.69027041719528e-06,1.722352294564189e-06,6.956716242711991e-05,3.6965702747693285e-05,1.1666495538520394e-06,0.9998136162757874,9.236512710231182e-07,3.611897909649997e-06,8.698541478224797e-07,8.210048463297426e-07,4.2996558477170765e-05,0.9998136162757874,0.9998136162757874,0.9997440491133602,/home/yaxin/datasets/TacAct-original/4_7_R_15.xlsx,correct,correct_class_6
LeNet_LSTM,43,21027,4,6,class_6,6,class_6,1,0.999755561351776,2.2818650904810056e-05,1.2401399544614831e-05,1.997500930883689e-06,0.000101291872852,6.404503074008971e-05,1.387508063999121e-06,0.999755561351776,1.1457191249064635e-06,4.295203780202428e-06,9.77647118816094e-07,1.107524667531834e-06,3.2982396078296006e-05,0.999755561351776,0.999755561351776,0.999654269478924,/home/yaxin/datasets/TacAct-original/4_7_R_16.xlsx,correct,correct_class_6
LeNet_LSTM,43,21028,4,6,class_6,6,class_6,1,0.9998096823692322,1.6766834960435517e-05,9.722890354169069e-06,1.735523028401076e-06,6.765198486391455e-05,3.578565883799456e-05,1.2459454410418402e-06,0.9998096823692322,9.285582223128586e-07,3.918027687177528e-06,8.501756383338943e-07,8.357984597751056e-07,5.084514123154804e-05,0.9998096823692322,0.9998096823692322,0.9997420303843683,/home/yaxin/datasets/TacAct-original/4_7_R_17.xlsx,correct,correct_class_6
LeNet_LSTM,43,21029,4,6,class_6,6,class_6,1,0.9997718930244446,2.814786603266839e-05,1.14643034976325e-05,2.072855750157032e-06,9.294941992266104e-05,6.0639627918135375e-05,1.3230519471107982e-06,0.9997718930244446,1.1036773912564968e-06,3.6900246414006688e-06,9.352622214464644e-07,1.051006279340072e-06,2.4794135242700577e-05,0.9997718930244446,0.9997718930244446,0.9996789436045219,/home/yaxin/datasets/TacAct-original/4_7_R_18.xlsx,correct,correct_class_6
LeNet_LSTM,43,21030,4,6,class_6,6,class_6,1,0.999737560749054,2.626593959575985e-05,1.4213246686267668e-05,2.243147264380241e-06,0.0001062597439158,7.005606312304735e-05,1.4485445944956157e-06,0.999737560749054,1.2762043297698256e-06,4.403990715218242e-06,9.805100944504377e-07,1.31106935441494e-06,3.397668115212582e-05,0.999737560749054,0.999737560749054,0.9996313010051382,/home/yaxin/datasets/TacAct-original/4_7_R_19.xlsx,correct,correct_class_6
LeNet_LSTM,43,21031,4,6,class_6,6,class_6,1,0.999778926372528,2.889618008339312e-05,9.867510016192682e-06,2.167097591154743e-06,0.0001018434631987,3.9293779991567135e-05,1.3287880165080423e-06,0.999778926372528,1.2147659163019853e-06,3.405972847758676e-06,1.079724484043254e-06,9.527826136945804e-07,3.1007548386696726e-05,0.999778926372528,0.999778926372528,0.9996770829093292,/home/yaxin/datasets/TacAct-original/4_7_R_2.xlsx,correct,correct_class_6
LeNet_LSTM,43,21032,4,6,class_6,6,class_6,1,0.99960595369339,2.5353610908496197e-05,1.821026853576768e-05,2.8374543035170063e-06,0.0002051210321951,8.948043978307396e-05,2.0621805560949724e-06,0.99960595369339,1.483526602896745e-06,5.748089279222768e-06,1.0827834557858296e-06,1.8023387156063109e-06,4.085160617250949e-05,0.99960595369339,0.99960595369339,0.999400832661195,/home/yaxin/datasets/TacAct-original/4_7_R_20.xlsx,correct,correct_class_6
LeNet_LSTM,43,21033,4,6,class_6,6,class_6,1,0.9997971653938292,2.119413147738669e-05,1.0479456250322984e-05,1.914942913572304e-06,7.88794641266577e-05,4.1837112803477794e-05,1.2989839888177812e-06,0.9997971653938292,1.0874593954213196e-06,3.880784333887277e-06,9.895503580992226e-07,9.602069894754095e-07,4.0387556509813294e-05,0.9997971653938292,0.9997971653938292,0.9997182859297026,/home/yaxin/datasets/TacAct-original/4_7_R_3.xlsx,correct,correct_class_6
LeNet_LSTM,43,21034,4,6,class_6,6,class_6,1,0.9998210072517396,2.098154072882608e-05,8.92752632353222e-06,1.840025447563676e-06,6.81907040416263e-05,3.1059436878422275e-05,1.2024503348584403e-06,0.9998210072517396,9.365479627376772e-07,3.596896476665279e-06,9.564397487338283e-07,7.618576773893437e-07,4.050002462463453e-05,0.9998210072517396,0.9998210072517396,0.999752816547698,/home/yaxin/datasets/TacAct-original/4_7_R_4.xlsx,correct,correct_class_6
LeNet_LSTM,43,21035,4,6,class_6,6,class_6,1,0.9996019005775452,3.717392246471718e-05,1.5623254512320273e-05,2.565127942943945e-06,8.957792306318879e-05,0.0001898528862511,1.868160779849859e-06,0.9996019005775452,1.7508306200397783e-06,8.416506716457661e-06,2.177437863792875e-06,1.5659509244869696e-06,4.750959851662629e-05,0.9996019005775452,0.9996019005775452,0.9994120476912941,/home/yaxin/datasets/TacAct-original/4_7_R_5.xlsx,correct,correct_class_6
LeNet_LSTM,43,21036,4,6,class_6,6,class_6,1,0.999779999256134,3.2613144867355004e-05,1.0998392099281771e-05,2.285487198605552e-06,8.929975592764094e-05,4.4772958062822e-05,1.3917682508690632e-06,0.999779999256134,1.2025134310533758e-06,3.7243055430735694e-06,1.0912546031249803e-06,1.0170205086978967e-06,3.148327232338488e-05,0.999779999256134,0.999779999256134,0.9996906995002064,/home/yaxin/datasets/TacAct-original/4_7_R_6.xlsx,correct,correct_class_6
LeNet_LSTM,43,21037,4,6,class_6,6,class_6,1,0.9998445510864258,1.4045476746105123e-05,6.711585228913464e-06,1.2016867003694642e-06,5.4716310842195526e-05,3.4617423807503656e-05,7.858826052142831e-07,0.9998445510864258,6.56001020615804e-07,3.0179644454619847e-06,6.301359007920837e-07,5.211897473600402e-07,3.851881047012285e-05,0.9998445510864258,0.9998445510864258,0.9997898347755836,/home/yaxin/datasets/TacAct-original/4_7_R_7.xlsx,correct,correct_class_6
LeNet_LSTM,43,21038,4,6,class_6,6,class_6,1,0.9998214840888976,1.849264845077414e-05,1.1455647836555729e-05,1.781903279152175e-06,5.9044730733148754e-05,3.803353683906607e-05,1.137012532126391e-06,0.9998214840888976,8.460847880087385e-07,3.545962272255565e-06,8.493129257658438e-07,9.310502377957164e-07,4.241834903950803e-05,0.9998214840888976,0.9998214840888976,0.9997624393581644,/home/yaxin/datasets/TacAct-original/4_7_R_8.xlsx,correct,correct_class_6
LeNet_LSTM,43,21039,4,6,class_6,6,class_6,1,0.9998406171798706,1.5967923900461756e-05,9.030820365296677e-06,1.4559959709004031e-06,5.2683371905004606e-05,3.469472358119674e-05,1.0797704135256936e-06,0.9998406171798706,7.200831646514416e-07,3.3527899176988285e-06,8.454018143311259e-07,6.396793992280436e-07,3.891599044436589e-05,0.9998406171798706,0.9998406171798706,0.9997879338079656,/home/yaxin/datasets/TacAct-original/4_7_R_9.xlsx,correct,correct_class_6
LeNet_LSTM,43,21840,5,3,class_3,3,class_3,1,0.999508261680603,2.962598273370532e-07,5.53990366825019e-06,8.883401392267842e-07,0.999508261680603,3.858041509374743e-06,1.1486402939908659e-07,0.0004306169576011,1.6735075405449606e-05,5.167859171706368e-07,3.796609462369816e-06,1.9356373286427697e-06,2.749491795839276e-05,0.999508261680603,0.999508261680603,0.999077644723002,/home/yaxin/datasets/TacAct-original/5_4_L_1.xlsx,correct,correct_class_3
LeNet_LSTM,43,21841,5,3,class_3,3,class_3,1,0.9993064403533936,4.091085941126949e-07,6.989550911384868e-06,1.3754228120888e-06,0.9993064403533936,4.532651018962497e-06,1.8938929713385733e-07,0.0006094279815442,2.1507416022359397e-05,7.542468551946513e-07,4.535872903943528e-06,2.3174131911218865e-06,4.143006663070992e-05,0.9993064403533936,0.9993064403533936,0.9986970123718494,/home/yaxin/datasets/TacAct-original/5_4_L_10.xlsx,correct,correct_class_3
LeNet_LSTM,43,21842,5,3,class_3,3,class_3,1,0.9932436347007751,1.1000653330484056e-06,1.3879714970244096e-05,7.042187007755274e-06,0.9932436347007751,4.556596650218125e-06,1.0529450946705763e-06,0.0064711892046034,5.110078927827999e-05,2.144311565643875e-06,4.151057055423735e-06,7.434847248077858e-06,0.0001926167315104,0.9932436347007751,0.9932436347007751,0.9867724454961717,/home/yaxin/datasets/TacAct-original/5_4_L_11.xlsx,correct,correct_class_3
LeNet_LSTM,43,21843,5,3,class_3,3,class_3,1,0.9977086782455444,7.740607088635443e-07,1.1327508218528235e-05,2.72154352387588e-06,0.9977086782455444,4.856069153902354e-06,2.546356938637473e-07,0.0022089034318923,3.2351341360481456e-05,7.05645106791053e-07,3.534462621246348e-06,4.613177225110121e-06,2.1272708181641065e-05,0.9977086782455444,0.9977086782455444,0.9954997748136521,/home/yaxin/datasets/TacAct-original/5_4_L_12.xlsx,correct,correct_class_3
LeNet_LSTM,43,21844,5,3,class_3,3,class_3,1,0.9851749539375304,3.3657825042610057e-06,3.33917087118607e-05,8.274870197055861e-06,0.9851749539375304,1.604344288352877e-05,1.4735655895492528e-06,0.0145860556513071,6.499032315332443e-05,3.597792328946525e-06,9.22699018701678e-06,1.1308573448332028e-05,8.743202488403767e-05,0.9851749539375304,0.9851749539375304,0.9705888982862233,/home/yaxin/datasets/TacAct-original/5_4_L_13.xlsx,correct,correct_class_3
LeNet_LSTM,43,21845,5,3,class_3,6,class_6,0,0.9606834053993224,4.121139136259444e-05,0.0003813814546447,4.065531902597286e-05,0.0379470773041248,0.0001804703206289,2.714263064262923e-05,0.9606834053993224,4.342595275375061e-05,3.312606713734567e-05,8.249489837908186e-06,1.9419563614064828e-05,0.0005943551659584,0.0379470773041248,0.9606834053993224,0.9227363280951976,/home/yaxin/datasets/TacAct-original/5_4_L_14.xlsx,wrong,class_3_to_6_error
LeNet_LSTM,43,21846,5,3,class_3,3,class_3,1,0.9993051290512084,5.191851641939138e-07,9.133990715781692e-06,1.6192824432437192e-06,0.9993051290512084,6.451243734773016e-06,2.6512628892305656e-07,0.000580844876822,3.067627767450176e-05,1.05902449831774e-06,6.8407234721235e-06,3.896117959811818e-06,5.347053229343146e-05,0.9993051290512084,0.9993051290512084,0.9987242841743864,/home/yaxin/datasets/TacAct-original/5_4_L_15.xlsx,correct,correct_class_3
LeNet_LSTM,43,21847,5,3,class_3,3,class_3,1,0.9826601147651672,8.053804776864126e-06,3.5311550163896754e-05,9.884794053505177e-06,0.9826601147651672,2.9647189876413904e-05,1.389899580317433e-06,0.0170390401035547,0.0001136020364356,3.5597036003309768e-06,1.1988638107141014e-05,2.537989894335624e-05,6.200520874699578e-05,0.9826601147651672,0.9826601147651672,0.9656210746616125,/home/yaxin/datasets/TacAct-original/5_4_L_16.xlsx,correct,correct_class_3
LeNet_LSTM,43,21848,5,3,class_3,3,class_3,1,0.9616305232048036,5.488438091560965e-06,2.5428575099795125e-05,1.021858952299226e-05,0.9616305232048036,1.6935771782300435e-05,1.025503706841846e-06,0.0381346493959426,8.901816181605682e-05,4.091942173545249e-06,8.447627806162927e-06,2.5376804842380807e-05,4.8787278501549736e-05,0.9616305232048036,0.9616305232048036,0.923495873808861,/home/yaxin/datasets/TacAct-original/5_4_L_17.xlsx,correct,correct_class_3
LeNet_LSTM,43,21849,5,3,class_3,3,class_3,1,0.997954487800598,7.030886877146258e-07,1.2562661140691487e-05,3.192351414327277e-06,0.997954487800598,5.228203463047976e-06,7.032174380583456e-07,0.0018369333120062,3.670190926641226e-05,1.755643552314723e-06,4.592297500494169e-06,3.643131549324608e-06,0.0001393936981912,0.997954487800598,0.997954487800598,0.9961175544885918,/home/yaxin/datasets/TacAct-original/5_4_L_18.xlsx,correct,correct_class_3
LeNet_LSTM,43,21850,5,3,class_3,3,class_3,1,0.9993764758110046,3.626805664680433e-07,8.188857464119792e-06,9.85038013823214e-07,0.9993764758110046,7.240154900500784e-06,2.458538119753939e-07,0.000555420119781,1.9219085515942425e-05,6.420961540243297e-07,6.373123142111581e-06,2.0529057564999675e-06,2.287978168169502e-05,0.9993764758110046,0.9993764758110046,0.9988210556912236,/home/yaxin/datasets/TacAct-original/5_4_L_19.xlsx,correct,correct_class_3
LeNet_LSTM,43,21851,5,3,class_3,3,class_3,1,0.9993985891342164,3.860269828237506e-07,8.13793667475693e-06,1.2750723499266314e-06,0.9993985891342164,4.718746822618414e-06,1.8706126070355825e-07,0.0005296186427585,2.1226776880212128e-05,5.983985715829476e-07,4.776769856107421e-06,2.390756208114908e-06,2.816710548358969e-05,0.9993985891342164,0.9993985891342164,0.998868970491458,/home/yaxin/datasets/TacAct-original/5_4_L_2.xlsx,correct,correct_class_3
LeNet_LSTM,43,21852,5,3,class_3,6,class_6,0,0.997958779335022,5.508040703716688e-05,3.236839984310791e-05,8.780809366726317e-06,0.0017412728630006,9.71644331002608e-05,4.083311523572775e-06,0.997958779335022,1.0767443200165872e-05,1.006175716611324e-05,4.5544898057414684e-06,6.6292527662881184e-06,7.038377952994779e-05,0.0017412728630006,0.997958779335022,0.9962175064720213,/home/yaxin/datasets/TacAct-original/5_4_L_20.xlsx,wrong,class_3_to_6_error
LeNet_LSTM,43,21853,5,3,class_3,3,class_3,1,0.9985466599464417,3.225587477118097e-07,5.73233637624071e-06,1.3370812439461588e-06,0.9985466599464417,2.596980266389437e-06,1.586112148288521e-07,0.0013882109196856,1.844544749474153e-05,5.603924932984228e-07,2.403124881311669e-06,1.543328835396096e-06,3.19001883326564e-05,0.9985466599464417,0.9985466599464417,0.9971584490267561,/home/yaxin/datasets/TacAct-original/5_4_L_3.xlsx,correct,correct_class_3
LeNet_LSTM,43,21854,5,3,class_3,6,class_6,0,0.9994309544563292,4.652051575249061e-05,4.4021009671268985e-05,8.762687684793491e-06,0.0003111806581728,7.883907528594136e-05,2.917904339483357e-06,0.9994309544563292,4.3985987758787815e-06,7.2481147981307e-06,1.7266359009227017e-06,3.3905464533745544e-06,6.001496876706369e-05,0.0003111806581728,0.9994309544563292,0.9991197737981564,/home/yaxin/datasets/TacAct-original/5_4_L_4.xlsx,wrong,class_3_to_6_error
LeNet_LSTM,43,21855,5,3,class_3,3,class_3,1,0.9994267225265504,3.605512404192268e-07,7.896074748714454e-06,9.460566161578754e-07,0.9994267225265504,7.401351922453614e-06,2.473978213402006e-07,0.0005019658710807,1.8947841454064477e-05,6.87971578372526e-07,6.897990260767983e-06,2.1373152776504867e-06,2.5888033633236773e-05,0.9994267225265504,0.9994267225265504,0.9989247566554698,/home/yaxin/datasets/TacAct-original/5_4_L_5.xlsx,correct,correct_class_3
LeNet_LSTM,43,21856,5,3,class_3,3,class_3,1,0.9993937015533448,2.509772514258657e-07,5.376784883992514e-06,1.0420759508633637e-06,0.9993937015533448,2.90313437290024e-06,1.373036440099895e-07,0.0005485978908836,1.44341574923601e-05,4.986059707334789e-07,3.3536923638166627e-06,1.4927902611816537e-06,2.8234231649548747e-05,0.9993937015533448,0.9993937015533448,0.9988451036624613,/home/yaxin/datasets/TacAct-original/5_4_L_6.xlsx,correct,correct_class_3
LeNet_LSTM,43,21857,5,3,class_3,3,class_3,1,0.9993292093276978,4.080027622421767e-07,9.272577699448448e-06,1.2587856872414704e-06,0.9993292093276978,6.074978500691941e-06,2.490704957835988e-07,0.0005978804547339,2.2868513042340052e-05,6.118179953773506e-07,5.855363269802183e-06,2.417321411485318e-06,2.399288678134326e-05,0.9993292093276978,0.9993292093276978,0.9987313288729639,/home/yaxin/datasets/TacAct-original/5_4_L_7.xlsx,correct,correct_class_3
LeNet_LSTM,43,21858,5,3,class_3,6,class_6,0,0.9984444975852966,0.0003307829902041,5.3941865189699456e-05,1.4605982869397849e-05,0.0003985256771557,0.0005929710459895,9.563302228343671e-06,0.9984444975852966,1.2131659786973614e-05,3.372544961166568e-05,9.54463303060038e-06,1.0123359061253724e-05,8.960168634075671e-05,0.0003985256771557,0.9984444975852966,0.9978515265393071,/home/yaxin/datasets/TacAct-original/5_4_L_8.xlsx,wrong,class_3_to_6_error
LeNet_LSTM,43,21859,5,3,class_3,6,class_6,0,0.9994885921478271,5.43466376257129e-05,2.435067835904192e-05,6.370866685756482e-06,0.000279586209217,7.248730980791152e-05,2.615393896121532e-06,0.9994885921478271,5.113070528750541e-06,6.440034667321015e-06,2.358250640099868e-06,2.774252607196104e-06,5.487185626407154e-05,0.000279586209217,0.9994885921478271,0.9992090059386102,/home/yaxin/datasets/TacAct-original/5_4_L_9.xlsx,wrong,class_3_to_6_error
LeNet_LSTM,43,21860,5,3,class_3,3,class_3,1,0.9988775849342346,3.4186078323728e-07,8.968489055405371e-06,1.1302357734166435e-06,0.9988775849342346,5.57808562007267e-06,2.2659665432911427e-07,0.0010722392471507,1.402034831698984e-05,4.310822987463325e-07,3.824442956101848e-06,1.756429696797568e-06,1.3911003406974489e-05,0.9988775849342346,0.9988775849342346,0.9978053456870839,/home/yaxin/datasets/TacAct-original/5_4_R_1.xlsx,correct,correct_class_3
LeNet_LSTM,43,21861,5,3,class_3,3,class_3,1,0.998705506324768,2.022225800146771e-07,3.461908136159764e-06,8.569281249037886e-07,0.998705506324768,2.225194521088269e-06,1.572309002995098e-07,0.0011916311923414,1.0257060239382554e-05,7.458942832272442e-07,1.922460796777159e-06,7.921918836473196e-07,8.216325659304857e-05,0.998705506324768,0.998705506324768,0.9975138751324265,/home/yaxin/datasets/TacAct-original/5_4_R_10.xlsx,correct,correct_class_3
LeNet_LSTM,43,21862,5,3,class_3,3,class_3,1,0.9990993738174438,2.325316614815165e-07,3.3887556583067635e-06,8.064959047260345e-07,0.9990993738174438,2.3128841348807327e-06,1.1159843893437937e-07,0.0008413937175646,1.2461168807931244e-05,5.038309609517455e-07,2.356817503823549e-06,1.0367608638262027e-06,3.595889575080946e-05,0.9990993738174438,0.9990993738174438,0.9982579800998792,/home/yaxin/datasets/TacAct-original/5_4_R_11.xlsx,correct,correct_class_3
LeNet_LSTM,43,21863,5,3,class_3,6,class_6,0,0.9993698000907898,1.8406313756713644e-05,8.44900932861492e-06,2.6515899662626907e-06,0.0005019060918129,2.8061245757271536e-05,1.6078457747426e-06,0.9993698000907898,1.6926906027947553e-06,5.138383585290285e-06,1.0456756172061432e-06,9.092345862882212e-07,6.031279917806387e-05,0.0005019060918129,0.9993698000907898,0.9988678939989769,/home/yaxin/datasets/TacAct-original/5_4_R_12.xlsx,wrong,class_3_to_6_error
LeNet_LSTM,43,21864,5,3,class_3,3,class_3,1,0.967549741268158,3.931043920601951e-06,1.4388887393579353e-05,9.496553502685856e-06,0.967549741268158,6.544729330926202e-06,1.2580521797644906e-06,0.0314824171364307,3.1124847737373784e-05,8.520078154106159e-06,3.1003514777694363e-06,8.398255886277184e-06,0.0008809434948489,0.967549741268158,0.967549741268158,0.9360673241317272,/home/yaxin/datasets/TacAct-original/5_4_R_13.xlsx,correct,correct_class_3
LeNet_LSTM,43,21865,5,3,class_3,6,class_6,0,0.9997183680534364,1.9110751964035444e-05,7.760885637253523e-06,1.8467576410330368e-06,0.0001769451628206,3.15558172587771e-05,1.3270740737425513e-06,0.9997183680534364,1.1010753269147244e-06,3.2948460102488752e-06,9.813668384595076e-07,7.628271418980148e-07,3.686139461933635e-05,0.0001769451628206,0.9997183680534364,0.9995414228906158,/home/yaxin/datasets/TacAct-original/5_4_R_14.xlsx,wrong,class_3_to_6_error
LeNet_LSTM,43,21866,5,3,class_3,3,class_3,1,0.9977626800537108,6.861119459244946e-07,6.160055818327237e-06,1.396276502418914e-06,0.9977626800537108,4.969813289790181e-06,1.078950120358968e-07,0.0021918448619544,1.579951640451327e-05,3.778576171953319e-07,2.7114008389617084e-06,4.118642664252548e-06,9.207887160300745e-06,0.9977626800537108,0.9977626800537108,0.9955708351917564,/home/yaxin/datasets/TacAct-original/5_4_R_15.xlsx,correct,correct_class_3
LeNet_LSTM,43,21867,5,3,class_3,6,class_6,0,0.9968175888061525,2.684558967303019e-05,1.4790294699196238e-05,3.8692037378496025e-06,0.0029649743810296,2.971604044432752e-05,1.834590989346907e-06,0.9968175888061525,6.294771083048545e-06,7.610901775478851e-06,2.6081909254571656e-06,2.609690909594065e-06,0.0001211521521327,0.0029649743810296,0.9968175888061525,0.9938526144251228,/home/yaxin/datasets/TacAct-original/5_4_R_16.xlsx,wrong,class_3_to_6_error
LeNet_LSTM,43,21868,5,3,class_3,3,class_3,1,0.9719505906105042,0.0008324096561409,3.463018947513774e-05,2.3593363948748447e-05,0.9719505906105042,0.0014179751742631,1.0438783647259696e-05,0.0231422428041696,0.0013799652224406,5.471571421367116e-05,0.000282945606159,0.0003511375107336,0.0005194516852498,0.9719505906105042,0.9719505906105042,0.9488083478063345,/home/yaxin/datasets/TacAct-original/5_4_R_17.xlsx,correct,correct_class_3
LeNet_LSTM,43,21869,5,3,class_3,3,class_3,1,0.9972182512283324,3.924976681446424e-07,4.240167527314043e-06,1.3831923979523708e-06,0.9972182512283324,2.695728881008108e-06,2.946885615529027e-07,0.0025833009276539,1.4881374227115884e-05,1.2966037274964035e-06,2.2830054149380885e-06,1.4970559050198062e-06,0.0001694923266768,0.9972182512283324,0.9972182512283324,0.9946349503006785,/home/yaxin/datasets/TacAct-original/5_4_R_18.xlsx,correct,correct_class_3
LeNet_LSTM,43,21870,5,3,class_3,3,class_3,1,0.9996441602706908,1.3829276213073174e-07,2.75411844086193e-06,4.161671540714451e-07,0.9996441602706908,2.1538630790018942e-06,4.7275463543883234e-08,0.0003245036350563,7.575281415483914e-06,2.492440671630902e-07,2.129580025211908e-06,8.21550258933712e-07,1.5020758837636096e-05,0.9996441602706908,0.9996441602706908,0.9993196566356345,/home/yaxin/datasets/TacAct-original/5_4_R_19.xlsx,correct,correct_class_3
LeNet_LSTM,43,21871,5,3,class_3,3,class_3,1,0.9991889595985411,9.204098319059996e-07,7.498934792238288e-06,1.1088399105574354e-06,0.9991889595985411,1.5995758076314814e-05,2.785054959986155e-07,0.0007184335263445,2.8925489459652454e-05,9.613329439162044e-07,9.01022031030152e-06,4.182711563771591e-06,2.365431828366127e-05,0.9991889595985411,0.9991889595985411,0.9984705260721967,/home/yaxin/datasets/TacAct-original/5_4_R_2.xlsx,correct,correct_class_3
LeNet_LSTM,43,21872,5,3,class_3,6,class_6,0,0.9810521602630616,0.00122588314116,1.9384162442293015e-05,3.10796094709076e-05,0.0013793428661301,0.0002493101346772,6.500917606899748e-06,0.9810521602630616,0.0001851233682828,0.0001481146464357,3.4002783650066704e-05,1.8147740775020796e-05,0.0156509429216384,0.0013793428661301,0.9810521602630616,0.9654012173414233,/home/yaxin/datasets/TacAct-original/5_4_R_20.xlsx,wrong,class_3_to_6_error
LeNet_LSTM,43,21873,5,3,class_3,0,class_0,0,0.9972163438796996,0.9972163438796996,2.36406367548625e-06,3.963256676797755e-05,4.085271575604565e-05,0.0023397649638354,6.450173259509029e-06,0.0002723538782447,1.0189885870204309e-05,1.920089380291756e-05,1.7419371943105944e-05,3.1455470889341086e-05,3.888897481374443e-06,4.085271575604565e-05,0.9972163438796996,0.9948765789158642,/home/yaxin/datasets/TacAct-original/5_4_R_3.xlsx,wrong,other
LeNet_LSTM,43,21874,5,3,class_3,6,class_6,0,0.9975402355194092,0.0006903781322762,3.981753616244532e-05,1.2123319720558356e-05,0.0002554267703089,0.0012218568008393,4.345038178144023e-06,0.9975402355194092,1.5163098396442363e-05,6.07247457082849e-05,1.3451118320517708e-05,7.070525953167817e-06,0.0001395142753608,0.0002554267703089,0.9975402355194092,0.9963183787185699,/home/yaxin/datasets/TacAct-original/5_4_R_4.xlsx,wrong,class_3_to_6_error
LeNet_LSTM,43,21875,5,3,class_3,3,class_3,1,0.9991866946220398,1.799296427407171e-07,3.2324312542186817e-06,6.482173375843558e-07,0.9991866946220398,2.0142201719863806e-06,9.39347799544521e-08,0.0007732526864856,8.195794180210214e-06,3.8433375948443437e-07,2.1009534520999296e-06,7.172552614065353e-07,2.242507071059663e-05,0.9991866946220398,0.9991866946220398,0.9984134419355541,/home/yaxin/datasets/TacAct-original/5_4_R_5.xlsx,correct,correct_class_3
LeNet_LSTM,43,21876,5,3,class_3,3,class_3,1,0.9901143312454224,1.0607857348077232e-06,9.448614036955403e-06,2.16589819501678e-06,0.9901143312454224,7.740927685517818e-06,7.595052693432081e-07,0.009522208943963,1.696792787697632e-05,3.4097929528797977e-06,3.5690454751602374e-06,2.1396256215666654e-06,0.0003160365158692,0.9901143312454224,0.9901143312454224,0.9805921223014593,/home/yaxin/datasets/TacAct-original/5_4_R_6.xlsx,correct,correct_class_3
LeNet_LSTM,43,21877,5,3,class_3,6,class_6,0,0.9959866404533386,4.252858343534172e-05,1.888209772005212e-05,9.42611131904414e-06,0.003547976957634,2.745388519542757e-05,1.9285287180537125e-06,0.9959866404533386,1.482911375205731e-05,2.2427560907090083e-05,2.380556907155551e-06,4.110653208044823e-06,0.0003214063181076,0.003547976957634,0.9959866404533386,0.9924386634957046,/home/yaxin/datasets/TacAct-original/5_4_R_7.xlsx,wrong,class_3_to_6_error
LeNet_LSTM,43,21878,5,3,class_3,6,class_6,0,0.9995368719100952,2.1115713025210425e-05,1.25160868265084e-05,2.633383019201574e-06,0.0003077154979109,4.962062666891143e-05,1.7531093590150704e-06,0.9995368719100952,1.7116999515565112e-06,5.540061920328299e-06,1.1191878002136946e-06,1.2727518878818955e-06,5.809826325275935e-05,0.0003077154979109,0.9995368719100952,0.9992291564121843,/home/yaxin/datasets/TacAct-original/5_4_R_8.xlsx,wrong,class_3_to_6_error
LeNet_LSTM,43,21879,5,3,class_3,6,class_6,0,0.8998886346817017,0.0059696650132536,0.0005899831885471,0.000109666136268,0.0008411447051912,0.0856425985693931,6.293513433774933e-05,0.8998886346817017,0.0001336934365099,0.000999100273475,0.0004813248233404,4.57659043604508e-05,0.0052354950457811,0.0008411447051912,0.8998886346817017,0.8142460361123085,/home/yaxin/datasets/TacAct-original/5_4_R_9.xlsx,wrong,class_3_to_6_error
LeNet_LSTM,43,21960,5,6,class_6,6,class_6,1,0.9997860789299012,2.084944389935117e-05,8.840695954859257e-06,1.8933849332825048e-06,0.000109635075205,3.747374285012484e-05,1.0789744919748046e-06,0.9997860789299012,1.1228435141674709e-06,3.242907268941053e-06,8.466142276120081e-07,8.881219741851964e-07,2.8103337172069587e-05,0.9997860789299012,0.9997860789299012,0.9996764438546962,/home/yaxin/datasets/TacAct-original/5_7_L_1.xlsx,correct,correct_class_6
LeNet_LSTM,43,21961,5,6,class_6,3,class_3,0,0.8944507241249084,3.22514074468927e-06,2.1511819795705375e-05,5.52552455701516e-06,0.8944507241249084,2.491020677553024e-05,1.5677943565606256e-06,0.1053377911448478,2.288377800141461e-05,4.299959982745349e-06,9.007341759570409e-06,4.111173893761588e-06,0.0001144017587648,0.1053377911448478,0.8944507241249084,0.7891129329800607,/home/yaxin/datasets/TacAct-original/5_7_L_10.xlsx,wrong,class_6_to_3_error
LeNet_LSTM,43,21962,5,6,class_6,6,class_6,1,0.9993484616279602,6.400667916750535e-05,3.456156264292076e-05,4.702423211710993e-06,0.0001590925385244,0.0003350308688823,2.930879418272525e-06,0.9993484616279602,2.8535187084344216e-06,9.28413646761328e-06,2.1617811398755293e-06,3.0422922918660333e-06,3.397427644813433e-05,0.9993484616279602,0.9993484616279602,0.9990134307590779,/home/yaxin/datasets/TacAct-original/5_7_L_11.xlsx,correct,correct_class_6
LeNet_LSTM,43,21963,5,6,class_6,6,class_6,1,0.9998132586479188,2.005917667702306e-05,1.2580947441165335e-05,1.9695121409313288e-06,6.673536699963734e-05,4.107840868528001e-05,1.1221620752621677e-06,0.9998132586479188,9.124966027229676e-07,3.4638610486581456e-06,7.093598242136068e-07,9.390565196554236e-07,3.7302434066077694e-05,0.9998132586479188,0.9998132586479188,0.9997465232809192,/home/yaxin/datasets/TacAct-original/5_7_L_12.xlsx,correct,correct_class_6
LeNet_LSTM,43,21964,5,6,class_6,6,class_6,1,0.9996415376663208,3.7288773455657065e-05,1.9151428205077536e-05,2.742803872024524e-06,0.0001041631912812,0.0001573009212734,1.7663736571194022e-06,0.9996415376663208,1.3385011925493018e-06,5.913764653087128e-06,1.2753517921737512e-06,1.53729297380778e-06,2.5882216505124237e-05,0.9996415376663208,0.9996415376663208,0.9994842367450474,/home/yaxin/datasets/TacAct-original/5_7_L_13.xlsx,correct,correct_class_6
LeNet_LSTM,43,21965,5,6,class_6,6,class_6,1,0.99972265958786,2.722761382756289e-05,1.2667100236285478e-05,2.35534548664873e-06,0.0001386385847581,6.039246727596037e-05,1.417134171788348e-06,0.99972265958786,1.3950690345154726e-06,3.839380951831117e-06,9.961146361092688e-07,1.3014130217925413e-06,2.709175896598026e-05,0.99972265958786,0.99972265958786,0.9995840210031018,/home/yaxin/datasets/TacAct-original/5_7_L_14.xlsx,correct,correct_class_6
LeNet_LSTM,43,21966,5,6,class_6,6,class_6,1,0.999030351638794,0.0001708781492197,3.3591761166462675e-05,5.931962277827552e-06,0.0001429388939868,0.0005448764422908,3.712973239089479e-06,0.999030351638794,3.107812972302781e-06,1.70652838278329e-05,3.6268272651796e-06,3.3641658774286043e-06,4.061561412527226e-05,0.999030351638794,0.999030351638794,0.9984854751965031,/home/yaxin/datasets/TacAct-original/5_7_L_15.xlsx,correct,correct_class_6
LeNet_LSTM,43,21967,5,6,class_6,6,class_6,1,0.9996609687805176,2.7277415938442573e-05,1.5583387721562758e-05,2.7581809263210744e-06,0.0001890468847705,6.757821392966434e-05,1.6535999520783662e-06,0.9996609687805176,1.5686055121477691e-06,3.906774509232491e-06,1.0343060239392798e-06,1.6198761159103017e-06,2.6996107408194803e-05,0.9996609687805176,0.9996609687805176,0.9994719218957471,/home/yaxin/datasets/TacAct-original/5_7_L_16.xlsx,correct,correct_class_6
LeNet_LSTM,43,21968,5,6,class_6,6,class_6,1,0.999696969985962,5.5188917031046e-05,1.167784103017766e-05,2.5659542188805062e-06,8.785887621343136e-05,9.929942461894824e-05,1.7170872297356254e-06,0.999696969985962,1.492995465923741e-06,6.792358362872619e-06,1.6094861621240852e-06,1.2477049722292577e-06,3.367279350641184e-05,0.999696969985962,0.999696969985962,0.9995976705613431,/home/yaxin/datasets/TacAct-original/5_7_L_17.xlsx,correct,correct_class_6
LeNet_LSTM,43,21969,5,6,class_6,6,class_6,1,0.9885202050209044,1.510092079115566e-05,1.3409317944024224e-05,2.9471732432284625e-06,0.011361370794475,1.978716863959562e-05,1.0103005934070095e-06,0.9885202050209044,8.083125067059882e-06,3.899860075762263e-06,3.658199375422555e-06,4.538982011581538e-06,4.601497130352072e-05,0.9885202050209044,0.9885202050209044,0.9771588342264295,/home/yaxin/datasets/TacAct-original/5_7_L_18.xlsx,correct,correct_class_6
LeNet_LSTM,43,21970,5,6,class_6,6,class_6,1,0.9997586607933044,2.2268626707955264e-05,1.6878553651622497e-05,2.604837845865404e-06,9.650640276959166e-05,4.502063893596642e-05,1.3769863471679855e-06,0.9997586607933044,1.3259370916784974e-06,4.500747763813706e-06,9.337642836726444e-07,1.3732476418226724e-06,4.858666943619028e-05,0.9997586607933044,0.9997586607933044,0.9996621543905349,/home/yaxin/datasets/TacAct-original/5_7_L_19.xlsx,correct,correct_class_6
LeNet_LSTM,43,21971,5,6,class_6,6,class_6,1,0.999195396900177,1.903979136841372e-05,1.6108317140606232e-05,3.4508104818087304e-06,0.0006807266036048,4.167446604697034e-05,1.954350864252774e-06,0.999195396900177,1.9044068721996157e-06,4.702550540969241e-06,1.2545140180009184e-06,1.549682451695844e-06,3.2315179851138964e-05,0.999195396900177,0.999195396900177,0.9985146702965721,/home/yaxin/datasets/TacAct-original/5_7_L_2.xlsx,correct,correct_class_6
LeNet_LSTM,43,21972,5,6,class_6,6,class_6,1,0.999527096748352,2.122403930115979e-05,1.1427781828388106e-05,2.439697709633037e-06,0.00035792592098,4.3403000745456666e-05,1.46933837186225e-06,0.999527096748352,1.513888264526031e-06,4.0480572351953015e-06,1.1558327059901783e-06,1.3184209137762082e-06,2.69570173259126e-05,0.999527096748352,0.999527096748352,0.999169170827372,/home/yaxin/datasets/TacAct-original/5_7_L_20.xlsx,correct,correct_class_6
LeNet_LSTM,43,21973,5,6,class_6,6,class_6,1,0.9997859597206116,2.3620037609362043e-05,9.625493476050906e-06,2.0467509784793947e-06,9.975086868507788e-05,3.883134195348248e-05,1.136772539211961e-06,0.9997859597206116,1.2592397524713306e-06,3.5671296245709527e-06,9.311174835602288e-07,9.5422967660852e-07,3.234263931517489e-05,0.9997859597206116,0.9997859597206116,0.9996862088519265,/home/yaxin/datasets/TacAct-original/5_7_L_3.xlsx,correct,correct_class_6
LeNet_LSTM,43,21974,5,6,class_6,6,class_6,1,0.9997268319129944,1.9952742150053385e-05,1.1138402442156805e-05,2.0155609945504693e-06,0.0001572346955072,5.181668893783353e-05,1.3130811566952616e-06,0.9997268319129944,9.970520977731212e-07,3.2939628908934537e-06,8.007689302758081e-07,1.013804762806103e-06,2.3637838239665143e-05,0.9997268319129944,0.9997268319129944,0.9995695972174872,/home/yaxin/datasets/TacAct-original/5_7_L_4.xlsx,correct,correct_class_6
LeNet_LSTM,43,21975,5,6,class_6,6,class_6,1,0.9998262524604796,1.5847632312215865e-05,1.0129240763490088e-05,2.101804739140789e-06,6.76447743899189e-05,2.6314353817724623e-05,1.0000062502513174e-06,0.9998262524604796,8.82573090166261e-07,3.4053966828651028e-06,5.766711410615244e-07,8.133312690006278e-07,4.520506990957074e-05,0.9998262524604796,0.9998262524604796,0.9997586076860897,/home/yaxin/datasets/TacAct-original/5_7_L_5.xlsx,correct,correct_class_6
LeNet_LSTM,43,21976,5,6,class_6,6,class_6,1,0.9998037219047546,1.7320197002845816e-05,9.103675438382195e-06,1.941473783517722e-06,9.48447486734949e-05,2.951487294922117e-05,1.0853831327040098e-06,0.9998037219047546,1.021891193886404e-06,3.385031277503004e-06,7.761278197904176e-07,8.294331905744912e-07,3.655642285593785e-05,0.9998037219047546,0.9998037219047546,0.9997088771560811,/home/yaxin/datasets/TacAct-original/5_7_L_6.xlsx,correct,correct_class_6
LeNet_LSTM,43,21977,5,6,class_6,3,class_3,0,0.9974410533905028,3.5223425243202655e-07,5.453552603285061e-06,2.0291208784328774e-06,0.9974410533905028,1.8336090761295052e-06,1.9591762168147403e-07,0.002482279902324,1.7685661077848636e-05,6.266440664148831e-07,1.5330139149227762e-06,1.5392475916087278e-06,4.547365460894071e-05,0.002482279902324,0.9974410533905028,0.9949587734881788,/home/yaxin/datasets/TacAct-original/5_7_L_7.xlsx,wrong,class_6_to_3_error
LeNet_LSTM,43,21978,5,6,class_6,6,class_6,1,0.9997705817222596,1.644245821807999e-05,1.0875794941966888e-05,2.514628477001679e-06,0.0001103303511627,2.9640772481798194e-05,1.1172129461556324e-06,0.9997705817222596,1.21909283734567e-06,4.204536708130036e-06,6.784858896935475e-07,9.87381326922332e-07,5.149955904926173e-05,0.9997705817222596,0.9997705817222596,0.9996602513710969,/home/yaxin/datasets/TacAct-original/5_7_L_8.xlsx,correct,correct_class_6
LeNet_LSTM,43,21979,5,6,class_6,6,class_6,1,0.9971773624420166,0.0001010565829346,6.446855695685372e-05,7.116550932551036e-06,0.0002096560638165,0.0022274642251431,4.431186425790656e-06,0.9971773624420166,8.05438594397856e-06,3.855534669128247e-05,9.942625183612108e-06,4.827571501664352e-06,0.0001471183786634,0.9971773624420166,0.9971773624420166,0.9949498982168735,/home/yaxin/datasets/TacAct-original/5_7_L_9.xlsx,correct,correct_class_6
LeNet_LSTM,43,21980,5,6,class_6,6,class_6,1,0.9998488426208496,1.669909579504747e-05,6.654724074905971e-06,1.3471678812493335e-06,7.046772952890024e-05,3.175103120156564e-05,8.714857244740415e-07,0.9998488426208496,5.719546720683866e-07,2.47102457251458e-06,5.582057838182664e-07,5.525334358935652e-07,1.9154100300511345e-05,0.9998488426208496,0.9998488426208496,0.9997783748913207,/home/yaxin/datasets/TacAct-original/5_7_R_1.xlsx,correct,correct_class_6
LeNet_LSTM,43,21981,5,6,class_6,4,class_4,0,0.9862106442451476,0.0006668892456218,6.322554690996185e-05,5.376914032240165e-06,8.231237734435126e-05,0.9862106442451476,7.593457848997787e-05,0.0022471426054835,3.743061461136677e-05,7.225274748634547e-05,0.0103952819481492,1.1369808817107696e-05,0.0001322629832429,0.0022471426054835,0.9862106442451476,0.9758153622969984,/home/yaxin/datasets/TacAct-original/5_7_R_10.xlsx,wrong,other
LeNet_LSTM,43,21982,5,6,class_6,6,class_6,1,0.9997598528862,2.8183681934024207e-05,1.0940456377284136e-05,1.727747758195619e-06,7.385593926301226e-05,0.000105085731775,1.1681487421810743e-06,0.9997598528862,6.894885018482455e-07,3.3075004921556683e-06,7.048658403618902e-07,9.180594702229428e-07,1.3561319065047428e-05,0.9997598528862,0.9997598528862,0.9996547671544249,/home/yaxin/datasets/TacAct-original/5_7_R_11.xlsx,correct,correct_class_6
LeNet_LSTM,43,21983,5,6,class_6,6,class_6,1,0.9997790455818176,3.322294287499972e-05,9.961361683963332e-06,1.841702214733232e-06,7.677752728341147e-05,7.486113463528454e-05,1.1733317251128028e-06,0.9997790455818176,8.165289386852237e-07,3.4752872579701943e-06,7.423372494486102e-07,8.779990139373695e-07,1.7175025277538225e-05,0.9997790455818176,0.9997790455818176,0.9997022680545342,/home/yaxin/datasets/TacAct-original/5_7_R_12.xlsx,correct,correct_class_6
LeNet_LSTM,43,21984,5,6,class_6,3,class_3,0,0.9937319159507751,2.2286392322712345e-06,1.902537769638002e-05,1.7672745116215085e-06,0.9937319159507751,7.11760512785986e-05,1.133660248342494e-06,0.0060535450465977,2.2312584405881356e-05,4.44968645751942e-06,8.327860086865257e-06,2.365842192375567e-06,8.190664811991155e-05,0.0060535450465977,0.9937319159507751,0.9876783709041774,/home/yaxin/datasets/TacAct-original/5_7_R_13.xlsx,wrong,class_6_to_3_error
LeNet_LSTM,43,21985,5,6,class_6,6,class_6,1,0.9998130202293396,3.009010833920911e-05,9.155721272691151e-06,1.880931222331128e-06,5.2969578973716125e-05,5.508762842509896e-05,1.2241915783306467e-06,0.9998130202293396,8.996303222374991e-07,4.097661076229997e-06,1.0568488733042614e-06,6.954722380214662e-07,2.9779761462123133e-05,0.9998130202293396,0.9998130202293396,0.9997579326009145,/home/yaxin/datasets/TacAct-original/5_7_R_14.xlsx,correct,correct_class_6
LeNet_LSTM,43,21986,5,6,class_6,6,class_6,1,0.999114453792572,0.0001178765523945,3.3095366234192625e-05,5.07972572449944e-06,0.0001321759627899,0.0005384692922234,3.562558731573517e-06,0.999114453792572,2.307587237737607e-06,1.4394032405107282e-05,2.614773848108598e-06,2.929405127360951e-06,3.306322469143197e-05,0.999114453792572,0.999114453792572,0.9985759845003486,/home/yaxin/datasets/TacAct-original/5_7_R_15.xlsx,correct,correct_class_6
LeNet_LSTM,43,21987,5,6,class_6,6,class_6,1,0.9987226128578186,1.6563619283260778e-05,1.362183229502989e-05,3.496198360153357e-06,0.0011699416209012,3.158206891384907e-05,2.0059005692019127e-06,0.9987226128578186,1.850712237683183e-06,4.9548129936738405e-06,1.3261228559713345e-06,1.6139105127876974e-06,3.034340261365287e-05,0.9987226128578186,0.9987226128578186,0.9975526712369174,/home/yaxin/datasets/TacAct-original/5_7_R_16.xlsx,correct,correct_class_6
LeNet_LSTM,43,21988,5,6,class_6,3,class_3,0,0.6411108374595642,1.5305038687074557e-05,3.52753049810417e-05,9.403864169144072e-06,0.6411108374595642,3.851956353173591e-05,1.7069226032617737e-06,0.358632743358612,3.753701093955897e-05,7.260611710080411e-06,8.578212145948783e-06,1.5103581063158344e-05,8.770394924795255e-05,0.358632743358612,0.6411108374595642,0.2824780941009522,/home/yaxin/datasets/TacAct-original/5_7_R_17.xlsx,wrong,class_6_to_3_error
LeNet_LSTM,43,21989,5,6,class_6,6,class_6,1,0.999786913394928,1.798273660824634e-05,1.134921967604896e-05,1.468483219468908e-06,9.045043407240884e-05,6.751161708962172e-05,9.377708352076296e-07,0.999786913394928,7.180722718658217e-07,2.7486651106301e-06,5.667324671776441e-07,8.425626560892852e-07,1.858569339674432e-05,0.999786913394928,0.999786913394928,0.9996964629608556,/home/yaxin/datasets/TacAct-original/5_7_R_18.xlsx,correct,correct_class_6
LeNet_LSTM,43,21990,5,6,class_6,6,class_6,1,0.99976247549057,3.0854389478918165e-05,1.2089876690879464e-05,2.0767479327332694e-06,9.25331114558503e-05,7.406949589494616e-05,1.1862363180625837e-06,0.99976247549057,9.51217145939154e-07,3.4378026612102985e-06,6.907981173753797e-07,1.0360470241721489e-06,1.8619071852299385e-05,0.99976247549057,0.99976247549057,0.9996699423791141,/home/yaxin/datasets/TacAct-original/5_7_R_19.xlsx,correct,correct_class_6
LeNet_LSTM,43,21991,5,6,class_6,6,class_6,1,0.9995743632316588,8.734145376365632e-05,1.5075921510288026e-05,2.907863063228433e-06,8.693400741321966e-05,0.0001975574123207,1.9058867337662375e-06,0.9995743632316588,1.2415771379892249e-06,7.291331257874845e-06,1.38562097617978e-06,1.465961872781918e-06,2.251418845844455e-05,0.9995743632316588,0.9995743632316588,0.9993768058193381,/home/yaxin/datasets/TacAct-original/5_7_R_2.xlsx,correct,correct_class_6
LeNet_LSTM,43,21992,5,6,class_6,6,class_6,1,0.999847412109375,1.855193477240391e-05,7.976334018167108e-06,1.2754271665471606e-06,5.762303771916777e-05,4.843100396101363e-05,7.899326419646968e-07,0.999847412109375,4.801814270649629e-07,2.4222335923695937e-06,4.629469856354263e-07,5.475864099935279e-07,1.4073338206799235e-05,0.999847412109375,0.999847412109375,0.9997897890716558,/home/yaxin/datasets/TacAct-original/5_7_R_20.xlsx,correct,correct_class_6
LeNet_LSTM,43,21993,5,6,class_6,6,class_6,1,0.9998088479042052,1.811612310120836e-05,9.751083780429326e-06,1.3346192417884597e-06,6.345650035655126e-05,6.428790220525116e-05,8.538069096175604e-07,0.9998088479042052,7.098749961187423e-07,3.450331632848247e-06,5.758246857112681e-07,7.270329547282017e-07,2.799969843181316e-05,0.9998088479042052,0.9998088479042052,0.999744560002,/home/yaxin/datasets/TacAct-original/5_7_R_3.xlsx,correct,correct_class_6
LeNet_LSTM,43,21994,5,6,class_6,6,class_6,1,0.9998323917388916,2.7404577849665657e-05,7.70501992519712e-06,1.6326724789905711e-06,6.24106396571733e-05,3.952292536268942e-05,1.0504465990379686e-06,0.9998323917388916,7.803159292052442e-07,2.80478889180813e-06,7.655203830836399e-07,6.50124434287136e-07,2.2925065422896296e-05,0.9998323917388916,0.9998323917388916,0.9997699810992344,/home/yaxin/datasets/TacAct-original/5_7_R_4.xlsx,correct,correct_class_6
LeNet_LSTM,43,21995,5,6,class_6,6,class_6,1,0.9998527765274048,1.8654329323908317e-05,7.202042525022989e-06,1.3942809573563864e-06,5.537161996471696e-05,3.286249193479307e-05,9.016451372190204e-07,0.9998527765274048,6.103763325882028e-07,2.905321480284329e-06,5.825706921314122e-07,5.421939022198785e-07,2.613440665300004e-05,0.9998527765274048,0.9998527765274048,0.9997974049074401,/home/yaxin/datasets/TacAct-original/5_7_R_5.xlsx,correct,correct_class_6
LeNet_LSTM,43,21996,5,6,class_6,6,class_6,1,0.9998283386230468,3.06800429825671e-05,7.898403964645695e-06,1.821328851292492e-06,6.234203465282917e-05,3.757069134735502e-05,1.1748239785447367e-06,0.9998283386230468,7.911638135738031e-07,2.974242988784681e-06,7.840185389795806e-07,6.67410802179802e-07,2.490053702786099e-05,0.9998283386230468,0.9998283386230468,0.9997659965883939,/home/yaxin/datasets/TacAct-original/5_7_R_6.xlsx,correct,correct_class_6
LeNet_LSTM,43,21997,5,6,class_6,6,class_6,1,0.999846339225769,2.1980911697028205e-05,7.104655196599197e-06,1.358466079182108e-06,5.80529376748018e-05,4.4778880692319945e-05,8.672270723764086e-07,0.999846339225769,6.200239681675157e-07,2.3838956622057594e-06,5.754235417043674e-07,5.670062250828778e-07,1.543784310342744e-05,0.999846339225769,0.999846339225769,0.9997882862880942,/home/yaxin/datasets/TacAct-original/5_7_R_7.xlsx,correct,correct_class_6
LeNet_LSTM,43,21998,5,6,class_6,6,class_6,1,0.9998188614845276,3.205303437425755e-05,7.465553153451765e-06,1.860452698565496e-06,6.908963405294344e-05,3.980570545536466e-05,1.2315196045165069e-06,0.9998188614845276,8.761394951761758e-07,3.096672116953414e-06,8.725007205612201e-07,7.151360250645666e-07,2.403183316346258e-05,0.9998188614845276,0.9998188614845276,0.9997497718504746,/home/yaxin/datasets/TacAct-original/5_7_R_8.xlsx,correct,correct_class_6
LeNet_LSTM,43,21999,5,6,class_6,6,class_6,1,0.9998451471328736,1.877931208582595e-05,6.976385975576704e-06,1.41528983021999e-06,6.647147529292852e-05,3.613888475229032e-05,9.56831513576617e-07,0.9998451471328736,5.858338454345358e-07,2.7944251996814278e-06,6.165208219499618e-07,5.571974384110945e-07,1.948667340911925e-05,0.9998451471328736,0.9998451471328736,0.9997786756575807,/home/yaxin/datasets/TacAct-original/5_7_R_9.xlsx,correct,correct_class_6
