sample_id,file_path,subject_id,gesture,active_length,max_abs_delta,mean_abs_delta,active_area_mean,active_area_max,motion_energy,true_label,pred_label,case_type,top1_confidence,true_class_probability,pred_class_probability,probability_margin
240,/home/yaxin/datasets/TacAct-original/10_4_L_1.xlsx,10,4,80,142.0,3.1719062328338623,742.9874877929688,927.0,0.4948146641254425,3,3,correct_class_3,0.9995494484901428,0.9995494484901428,0.9995494484901428,0.9991369603085333
241,/home/yaxin/datasets/TacAct-original/10_4_L_10.xlsx,10,4,80,182.0,3.076655864715576,749.8125,912.0,0.5395374298095703,3,3,correct_class_3,0.9995775818824768,0.9995775818824768,0.9995775818824768,0.9991908249794506
242,/home/yaxin/datasets/TacAct-original/10_4_L_11.xlsx,10,4,80,132.2539825439453,2.6418709754943848,744.3375244140625,904.0,0.47203484177589417,3,3,correct_class_3,0.9987767338752748,0.9987767338752748,0.9987767338752748,0.9977738588349896
243,/home/yaxin/datasets/TacAct-original/10_4_L_12.xlsx,10,4,80,211.0,3.5254502296447754,730.5374755859375,889.0,0.5251061916351318,3,3,correct_class_3,0.9772467613220216,0.9772467613220216,0.9772467613220216,0.9545907434076072
244,/home/yaxin/datasets/TacAct-original/10_4_L_13.xlsx,10,4,80,156.92025756835938,3.30651593208313,751.2750244140625,924.0,0.5131546854972839,3,3,correct_class_3,0.9995217323303224,0.9995217323303224,0.9995217323303224,0.9990798484941481
245,/home/yaxin/datasets/TacAct-original/10_4_L_14.xlsx,10,4,80,208.0,3.5355114936828613,731.5250244140625,917.0,0.5405399203300476,3,3,correct_class_3,0.9993376135826112,0.9993376135826112,0.9993376135826112,0.9987166682840327
246,/home/yaxin/datasets/TacAct-original/10_4_L_15.xlsx,10,4,80,132.2539825439453,3.169105052947998,745.0999755859375,941.0,0.5252484679222107,3,3,correct_class_3,0.9995774626731871,0.9995774626731871,0.9995774626731871,0.999194314761553
247,/home/yaxin/datasets/TacAct-original/10_4_L_16.xlsx,10,4,80,176.00718688964844,3.3881733417510986,749.125,919.0,0.5040368437767029,3,3,correct_class_3,0.9995461106300354,0.9995461106300354,0.9995461106300354,0.9991345480375458
248,/home/yaxin/datasets/TacAct-original/10_4_L_17.xlsx,10,4,80,127.82466125488281,3.0457940101623535,753.8250122070312,928.0,0.49213385581970215,3,3,correct_class_3,0.999406099319458,0.999406099319458,0.999406099319458,0.9988622296368704
249,/home/yaxin/datasets/TacAct-original/10_4_L_18.xlsx,10,4,80,160.096923828125,3.4755921363830566,742.7000122070312,931.0,0.531221330165863,3,3,correct_class_3,0.9992889165878296,0.9992889165878296,0.9992889165878296,0.9986176747479477
250,/home/yaxin/datasets/TacAct-original/10_4_L_19.xlsx,10,4,80,191.73699951171875,3.558629274368286,761.9375,930.0,0.5376957058906555,3,3,correct_class_3,0.9995594620704652,0.9995594620704652,0.9995594620704652,0.9991561074275525
251,/home/yaxin/datasets/TacAct-original/10_4_L_2.xlsx,10,4,80,121.31568145751953,2.5907437801361084,741.0750122070312,922.0,0.4838114380836487,3,3,correct_class_3,0.999544084072113,0.999544084072113,0.999544084072113,0.9991291056212505
252,/home/yaxin/datasets/TacAct-original/10_4_L_20.xlsx,10,4,80,138.22032165527344,2.729926347732544,759.8375244140625,913.0,0.4943815767765045,3,3,correct_class_3,0.996942102909088,0.996942102909088,0.996942102909088,0.9945959239266812
253,/home/yaxin/datasets/TacAct-original/10_4_L_3.xlsx,10,4,80,181.0,3.2416484355926514,727.4500122070312,898.0,0.5531631708145142,3,3,correct_class_3,0.9995037317276,0.9995037317276,0.9995037317276,0.9990477813989855
254,/home/yaxin/datasets/TacAct-original/10_4_L_4.xlsx,10,4,80,168.0520477294922,3.3007893562316895,744.1749877929688,927.0,0.5102818608283997,3,3,correct_class_3,0.999566376209259,0.999566376209259,0.999566376209259,0.9991675678465981
255,/home/yaxin/datasets/TacAct-original/10_4_L_5.xlsx,10,4,80,143.19227600097656,2.7065954208374023,737.125,923.0,0.4881971776485443,3,3,correct_class_3,0.9988380074501038,0.9988380074501038,0.9988380074501038,0.9978789872839116
256,/home/yaxin/datasets/TacAct-original/10_4_L_6.xlsx,10,4,80,181.0,2.90510892868042,729.8624877929688,910.0,0.505355954170227,3,3,correct_class_3,0.9995757937431335,0.9995757937431335,0.9995757937431335,0.9991849033976905
257,/home/yaxin/datasets/TacAct-original/10_4_L_7.xlsx,10,4,80,183.81732177734375,2.9821701049804688,723.2374877929688,887.0,0.5357156991958618,3,3,correct_class_3,0.9979896545410156,0.9979896545410156,0.9979896545410156,0.9960298929363489
258,/home/yaxin/datasets/TacAct-original/10_4_L_8.xlsx,10,4,80,162.59207153320312,3.3460946083068848,742.5499877929688,921.0,0.5222157835960388,3,3,correct_class_3,0.9995973706245422,0.9995973706245422,0.9995973706245422,0.9992260669241659
259,/home/yaxin/datasets/TacAct-original/10_4_L_9.xlsx,10,4,80,153.3896026611328,3.2851409912109375,740.1375122070312,904.0,0.512502908706665,3,3,correct_class_3,0.9993999004364014,0.9993999004364014,0.9993999004364014,0.9988725606817752
260,/home/yaxin/datasets/TacAct-original/10_4_R_1.xlsx,10,4,80,156.0,2.4673469066619873,747.2625122070312,916.0,0.5017022490501404,3,6,class_3_to_6_error,0.999380350112915,0.0003214899625163,0.999380350112915,0.9990588601503987
261,/home/yaxin/datasets/TacAct-original/10_4_R_10.xlsx,10,4,80,197.88377380371094,3.4094161987304688,761.4749755859375,908.0,0.5632405281066895,3,3,correct_class_3,0.9989209175109864,0.9989209175109864,0.9989209175109864,0.9979248672025279
262,/home/yaxin/datasets/TacAct-original/10_4_R_11.xlsx,10,4,80,192.0,2.979295015335083,774.0125122070312,929.0,0.5570333003997803,3,6,class_3_to_6_error,0.9996461868286132,0.0001276594121009,0.9996461868286132,0.9995185274165123
263,/home/yaxin/datasets/TacAct-original/10_4_R_12.xlsx,10,4,80,122.78528594970703,2.36692476272583,740.0875244140625,921.0,0.542734682559967,3,3,correct_class_3,0.6893088221549988,0.6893088221549988,0.6893088221549988,0.3792223334312439
264,/home/yaxin/datasets/TacAct-original/10_4_R_13.xlsx,10,4,80,136.0,3.074615955352783,752.1124877929688,923.0,0.565096914768219,3,3,correct_class_3,0.9992303848266602,0.9992303848266602,0.9992303848266602,0.9985305550508201
265,/home/yaxin/datasets/TacAct-original/10_4_R_14.xlsx,10,4,80,168.0520477294922,2.959043025970459,750.4874877929688,920.0,0.5423868894577026,3,3,correct_class_3,0.9992202520370485,0.9992202520370485,0.9992202520370485,0.9984903087024578
266,/home/yaxin/datasets/TacAct-original/10_4_R_15.xlsx,10,4,80,116.3437271118164,2.9448466300964355,778.4749755859375,930.0,0.5203564763069153,3,3,correct_class_3,0.9992122650146484,0.9992122650146484,0.9992122650146484,0.9984879367402756
267,/home/yaxin/datasets/TacAct-original/10_4_R_16.xlsx,10,4,80,118.33251190185547,2.0878329277038574,735.625,942.0,0.5287005305290222,3,3,correct_class_3,0.9531077146530152,0.9531077146530152,0.9531077146530152,0.9344280045479537
268,/home/yaxin/datasets/TacAct-original/10_4_R_17.xlsx,10,4,80,130.7744598388672,2.5487117767333984,742.5875244140625,925.0,0.5344566106796265,3,3,correct_class_3,0.9961336851119996,0.9961336851119996,0.9961336851119996,0.9923782884143294
269,/home/yaxin/datasets/TacAct-original/10_4_R_18.xlsx,10,4,80,152.4063262939453,2.6547584533691406,732.2374877929688,916.0,0.5427511930465698,3,3,correct_class_3,0.9995697140693665,0.9995697140693665,0.9995697140693665,0.9991812581720296
270,/home/yaxin/datasets/TacAct-original/10_4_R_19.xlsx,10,4,80,107.0,2.5675957202911377,746.0625,923.0,0.5071630477905273,3,6,class_3_to_6_error,0.5195122957229614,0.480080783367157,0.5195122957229614,0.03943151235580444
271,/home/yaxin/datasets/TacAct-original/10_4_R_2.xlsx,10,4,80,212.3090057373047,2.921902656555176,733.3250122070312,909.0,0.5442524552345276,3,3,correct_class_3,0.9995599389076232,0.9995599389076232,0.9995599389076232,0.999159938597586
272,/home/yaxin/datasets/TacAct-original/10_4_R_20.xlsx,10,4,80,111.109130859375,2.2946999073028564,750.0125122070312,926.0,0.5351995825767517,3,3,correct_class_3,0.9984305500984192,0.9984305500984192,0.9984305500984192,0.9971244030166417
273,/home/yaxin/datasets/TacAct-original/10_4_R_3.xlsx,10,4,80,140.47007751464844,2.8720932006835938,740.4249877929688,917.0,0.6078373789787292,3,3,correct_class_3,0.9984379410743712,0.9984379410743712,0.9984379410743712,0.9969682343071327
274,/home/yaxin/datasets/TacAct-original/10_4_R_4.xlsx,10,4,80,137.0,2.1338157653808594,728.5875244140625,892.0,0.5026747584342957,3,6,class_3_to_6_error,0.999427080154419,0.0001984357368201,0.999427080154419,0.9992286444175988
275,/home/yaxin/datasets/TacAct-original/10_4_R_5.xlsx,10,4,80,143.0,2.807112216949463,741.8375244140625,911.0,0.5369207859039307,3,6,class_3_to_6_error,0.9990746974945068,0.0006489942898042,0.9990746974945068,0.9984257032047026
276,/home/yaxin/datasets/TacAct-original/10_4_R_6.xlsx,10,4,80,151.1474151611328,3.0350494384765625,735.2249755859375,907.0,0.5352051854133606,3,3,correct_class_3,0.9995412826538086,0.9995412826538086,0.9995412826538086,0.9991209017753135
277,/home/yaxin/datasets/TacAct-original/10_4_R_7.xlsx,10,4,80,251.45054626464844,2.8828063011169434,747.7125244140625,929.0,0.5405309796333313,3,3,correct_class_3,0.9992274045944214,0.9992274045944214,0.9992274045944214,0.9985196610796266
278,/home/yaxin/datasets/TacAct-original/10_4_R_8.xlsx,10,4,80,134.24276733398438,2.94242787361145,735.125,919.0,0.5274834632873535,3,6,class_3_to_6_error,0.9993151426315308,0.0004834409046452,0.9993151426315308,0.9988317017268855
279,/home/yaxin/datasets/TacAct-original/10_4_R_9.xlsx,10,4,80,168.1385955810547,3.0859649181365967,751.1875,926.0,0.5552304983139038,3,3,correct_class_3,0.9992465972900392,0.9992465972900392,0.9992465972900392,0.998543909925502
360,/home/yaxin/datasets/TacAct-original/10_7_L_1.xlsx,10,7,80,131.42938232421875,2.673652172088623,764.1500244140625,925.0,0.4641598165035248,6,6,correct_class_6,0.999334156513214,0.999334156513214,0.999334156513214,0.9988897029834333
361,/home/yaxin/datasets/TacAct-original/10_7_L_10.xlsx,10,7,80,193.0,2.8599231243133545,771.6500244140625,922.0,0.47051021456718445,6,6,correct_class_6,0.999778926372528,0.999778926372528,0.999778926372528,0.9996827749127987
362,/home/yaxin/datasets/TacAct-original/10_7_L_11.xlsx,10,7,80,186.0,3.235642194747925,777.9375,912.0,0.513138473033905,6,3,class_6_to_3_error,0.9116961359977722,0.0828463360667228,0.9116961359977722,0.8288497999310495
363,/home/yaxin/datasets/TacAct-original/10_7_L_12.xlsx,10,7,80,127.28202819824219,2.8779244422912598,776.7625122070312,907.0,0.4674164950847626,6,6,correct_class_6,0.99980229139328,0.99980229139328,0.99980229139328,0.9997351022029761
364,/home/yaxin/datasets/TacAct-original/10_7_L_13.xlsx,10,7,80,144.18667602539062,3.3824095726013184,773.6875,912.0,0.5145341753959656,6,3,class_6_to_3_error,0.996601939201355,0.0033238076139241,0.996601939201355,0.9932781315874308
365,/home/yaxin/datasets/TacAct-original/10_7_L_14.xlsx,10,7,80,167.25869750976562,2.7053980827331543,761.3624877929688,889.0,0.47571703791618347,6,9,other,0.9997430443763732,4.39333462054492e-06,0.9997430443763732,0.9996236951119499
366,/home/yaxin/datasets/TacAct-original/10_7_L_15.xlsx,10,7,80,140.0,2.6554179191589355,764.4500122070312,907.0,0.4437071979045868,6,6,correct_class_6,0.999760925769806,0.999760925769806,0.999760925769806,0.9996740532806144
367,/home/yaxin/datasets/TacAct-original/10_7_L_16.xlsx,10,7,80,157.32266235351562,2.7582759857177734,760.0875244140625,882.0,0.46638646721839905,6,9,other,0.999913215637207,1.1256572634010809e-06,0.999913215637207,0.9998640079320467
368,/home/yaxin/datasets/TacAct-original/10_7_L_17.xlsx,10,7,80,144.372802734375,2.6350905895233154,766.1624755859375,901.0,0.4354887306690216,6,6,correct_class_6,0.9997517466545104,0.9997517466545104,0.9997517466545104,0.9996593098767333
369,/home/yaxin/datasets/TacAct-original/10_7_L_18.xlsx,10,7,80,228.11785888671875,3.189162492752075,775.0,911.0,0.5157142877578735,6,6,correct_class_6,0.999681830406189,0.999681830406189,0.999681830406189,0.999537351410254
370,/home/yaxin/datasets/TacAct-original/10_7_L_19.xlsx,10,7,80,166.29188537597656,2.91888689994812,786.4749755859375,906.0,0.4797913134098053,6,6,correct_class_6,0.999670386314392,0.999670386314392,0.999670386314392,0.9995611589110922
371,/home/yaxin/datasets/TacAct-original/10_7_L_2.xlsx,10,7,80,134.70753479003906,3.354914426803589,776.0999755859375,925.0,0.511746346950531,6,6,correct_class_6,0.7775424122810364,0.7775424122810364,0.7775424122810364,0.6879624053835869
372,/home/yaxin/datasets/TacAct-original/10_7_L_20.xlsx,10,7,80,160.096923828125,2.8446247577667236,779.2999877929688,907.0,0.4884355366230011,6,3,class_6_to_3_error,0.9986847043037416,0.0010802134638652,0.9986847043037416,0.9976044908398763
373,/home/yaxin/datasets/TacAct-original/10_7_L_3.xlsx,10,7,80,130.26519775390625,2.774111270904541,754.3624877929688,894.0,0.45624613761901855,6,6,correct_class_6,0.999745786190033,0.999745786190033,0.999745786190033,0.9996325724132475
374,/home/yaxin/datasets/TacAct-original/10_7_L_4.xlsx,10,7,80,137.28749084472656,3.10394287109375,751.4625244140625,912.0,0.5238211750984192,6,6,correct_class_6,0.997016191482544,0.997016191482544,0.997016191482544,0.9943001486826688
375,/home/yaxin/datasets/TacAct-original/10_7_L_5.xlsx,10,7,80,137.0,2.766979217529297,776.6749877929688,917.0,0.4531051516532898,6,6,correct_class_6,0.9996161460876464,0.9996161460876464,0.9996161460876464,0.9993948047194862
376,/home/yaxin/datasets/TacAct-original/10_7_L_6.xlsx,10,7,80,114.08396911621094,2.5568771362304688,760.875,890.0,0.4744645655155182,6,6,correct_class_6,0.9996395111083984,0.9996395111083984,0.9996395111083984,0.9995188570392203
377,/home/yaxin/datasets/TacAct-original/10_7_L_7.xlsx,10,7,80,117.0,2.7549338340759277,764.8250122070312,916.0,0.5091959238052368,6,6,correct_class_6,0.9994063377380372,0.9994063377380372,0.9994063377380372,0.9991262538824233
378,/home/yaxin/datasets/TacAct-original/10_7_L_8.xlsx,10,7,80,113.36055755615234,2.520171642303467,767.6375122070312,897.0,0.47703272104263306,6,6,correct_class_6,0.9997264742851256,0.9997264742851256,0.9997264742851256,0.999619124639139
379,/home/yaxin/datasets/TacAct-original/10_7_L_9.xlsx,10,7,80,138.0,3.1876845359802246,764.1875,900.0,0.5020732879638672,6,6,correct_class_6,0.9995070695877076,0.9995070695877076,0.9995070695877076,0.9992503772955389
380,/home/yaxin/datasets/TacAct-original/10_7_R_1.xlsx,10,7,80,156.3394012451172,2.823423385620117,738.5499877929688,926.0,0.4777695834636688,6,3,class_6_to_3_error,0.9994235038757324,0.0005238836747594,0.9994235038757324,0.998899620200973
381,/home/yaxin/datasets/TacAct-original/10_7_R_10.xlsx,10,7,80,154.37286376953125,2.6888489723205566,703.7249755859375,874.0,0.501492440700531,6,6,correct_class_6,0.9996583461761476,0.9996583461761476,0.9996583461761476,0.9995255407557125
382,/home/yaxin/datasets/TacAct-original/10_7_R_11.xlsx,10,7,80,160.49099731445312,2.9409053325653076,748.2750244140625,925.0,0.47629719972610474,6,6,correct_class_6,0.9980648159980774,0.9980648159980774,0.9980648159980774,0.9964099704520777
383,/home/yaxin/datasets/TacAct-original/10_7_R_12.xlsx,10,7,80,144.0,2.9466464519500732,733.4749755859375,925.0,0.4864993095397949,6,3,class_6_to_3_error,0.9719988703727722,0.02780700661242,0.9719988703727722,0.9441918637603522
384,/home/yaxin/datasets/TacAct-original/10_7_R_13.xlsx,10,7,80,161.2557373046875,2.3837833404541016,732.8875122070312,888.0,0.44872352480888367,6,3,class_6_to_3_error,0.9981061220169068,0.0017929673194885,0.9981061220169068,0.9963131546974183
385,/home/yaxin/datasets/TacAct-original/10_7_R_14.xlsx,10,7,80,163.08009338378906,3.557131290435791,747.4749755859375,916.0,0.5095781087875366,6,6,correct_class_6,0.9986750483512878,0.9986750483512878,0.9986750483512878,0.9977708084625192
386,/home/yaxin/datasets/TacAct-original/10_7_R_15.xlsx,10,7,80,178.95452880859375,3.015637159347534,749.75,920.0,0.48637855052948,6,6,correct_class_6,0.9875507950782776,0.9875507950782776,0.9875507950782776,0.9773191120475531
387,/home/yaxin/datasets/TacAct-original/10_7_R_16.xlsx,10,7,80,186.82066345214844,3.3703103065490723,756.4749755859375,933.0,0.5171321034431458,6,3,class_6_to_3_error,0.9920302629470824,0.0078914370387792,0.9920302629470824,0.9841388259083033
388,/home/yaxin/datasets/TacAct-original/10_7_R_17.xlsx,10,7,80,158.0,3.200230836868286,758.4000244140625,927.0,0.484223335981369,6,3,class_6_to_3_error,0.9987456798553468,0.0011841552332043,0.9987456798553468,0.9975615246221425
389,/home/yaxin/datasets/TacAct-original/10_7_R_18.xlsx,10,7,80,184.0,3.358053684234619,742.1124877929688,910.0,0.5121663212776184,6,3,class_6_to_3_error,0.9973906874656676,0.0025128319393843,0.9973906874656676,0.9948778555262833
390,/home/yaxin/datasets/TacAct-original/10_7_R_19.xlsx,10,7,80,135.0,3.3621647357940674,749.7750244140625,914.0,0.49130091071128845,6,3,class_6_to_3_error,0.9973763227462769,0.0025396277196705,0.9973763227462769,0.9948366950266063
391,/home/yaxin/datasets/TacAct-original/10_7_R_2.xlsx,10,7,80,147.0,3.301924228668213,742.2874755859375,899.0,0.5030364394187927,6,6,correct_class_6,0.9995567202568054,0.9995567202568054,0.9995567202568054,0.9993235933943653
392,/home/yaxin/datasets/TacAct-original/10_7_R_20.xlsx,10,7,80,134.24276733398438,2.802302598953247,748.1124877929688,904.0,0.468781054019928,6,3,class_6_to_3_error,0.999316930770874,0.000618212041445,0.999316930770874,0.9986987187294291
393,/home/yaxin/datasets/TacAct-original/10_7_R_3.xlsx,10,7,80,175.01278686523438,3.081855535507202,746.1624755859375,931.0,0.4838368892669678,6,3,class_6_to_3_error,0.99940025806427,0.0005508390022441,0.99940025806427,0.998849419062026
394,/home/yaxin/datasets/TacAct-original/10_7_R_4.xlsx,10,7,80,170.10513305664062,2.7996857166290283,719.5999755859375,911.0,0.4759807288646698,6,6,correct_class_6,0.9989727735519408,0.9989727735519408,0.9989727735519408,0.9984202657942659
395,/home/yaxin/datasets/TacAct-original/10_7_R_5.xlsx,10,7,80,131.2595977783203,2.5942070484161377,720.8375244140625,918.0,0.47226226329803467,6,3,class_6_to_3_error,0.9993370175361632,0.0006112693808972,0.9993370175361632,0.998725748155266
396,/home/yaxin/datasets/TacAct-original/10_7_R_6.xlsx,10,7,80,164.07449340820312,2.4000084400177,706.5999755859375,893.0,0.46653473377227783,6,6,correct_class_6,0.9995821118354796,0.9995821118354796,0.9995821118354796,0.9994227363640674
397,/home/yaxin/datasets/TacAct-original/10_7_R_7.xlsx,10,7,80,120.0,2.4807395935058594,723.8250122070312,911.0,0.45943981409072876,6,3,class_6_to_3_error,0.9992861151695251,0.0006498432485386,0.9992861151695251,0.9986362719209866
398,/home/yaxin/datasets/TacAct-original/10_7_R_8.xlsx,10,7,80,259.5360107421875,2.7767906188964844,713.9500122070312,892.0,0.4771505892276764,6,3,class_6_to_3_error,0.9995855689048768,0.0003817027318291,0.9995855689048768,0.9992038661730477
399,/home/yaxin/datasets/TacAct-original/10_7_R_9.xlsx,10,7,80,132.4534149169922,2.2847163677215576,723.8875122070312,899.0,0.4524478316307068,6,3,class_6_to_3_error,0.999398112297058,0.0005519433761946,0.999398112297058,0.9988461689208634
3120,/home/yaxin/datasets/TacAct-original/16_4_L_1.xlsx,16,4,80,274.1378173828125,5.225869178771973,759.0999755859375,911.0,0.6520142555236816,3,3,correct_class_3,0.9996728897094728,0.9996728897094728,0.9996728897094728,0.9993756840704011
3121,/home/yaxin/datasets/TacAct-original/16_4_L_10.xlsx,16,4,80,300.7054748535156,5.440793037414551,772.5374755859375,941.0,0.6952186226844788,3,3,correct_class_3,0.999019980430603,0.999019980430603,0.999019980430603,0.9983945512212813
3122,/home/yaxin/datasets/TacAct-original/16_4_L_11.xlsx,16,4,80,294.0,6.299383640289307,759.3875122070312,913.0,0.718967080116272,3,3,correct_class_3,0.9995707869529724,0.9995707869529724,0.9995707869529724,0.9991671023890376
3123,/home/yaxin/datasets/TacAct-original/16_4_L_12.xlsx,16,4,80,234.58642578125,6.007415771484375,770.4874877929688,919.0,0.6911607384681702,3,3,correct_class_3,0.9989938139915466,0.9989938139915466,0.9989938139915466,0.9980298514128664
3124,/home/yaxin/datasets/TacAct-original/16_4_L_13.xlsx,16,4,80,299.0,5.879608631134033,771.1875,931.0,0.7222471237182617,3,3,correct_class_3,0.9977935552597046,0.9977935552597046,0.9977935552597046,0.9956627886276693
3125,/home/yaxin/datasets/TacAct-original/16_4_L_14.xlsx,16,4,80,287.0,5.9639153480529785,780.4874877929688,948.0,0.7342901229858398,3,3,correct_class_3,0.9996731281280518,0.9996731281280518,0.9996731281280518,0.9993686157104095
3126,/home/yaxin/datasets/TacAct-original/16_4_L_15.xlsx,16,4,80,300.0,6.5713348388671875,778.8875122070312,946.0,0.7592083215713501,3,3,correct_class_3,0.9996631145477296,0.9996631145477296,0.9996631145477296,0.9993523486191408
3127,/home/yaxin/datasets/TacAct-original/16_4_L_16.xlsx,16,4,80,293.9967346191406,6.387485980987549,749.6875,919.0,0.7350513935089111,3,3,correct_class_3,0.99956077337265,0.99956077337265,0.99956077337265,0.9991457985015585
3128,/home/yaxin/datasets/TacAct-original/16_4_L_17.xlsx,16,4,80,247.783203125,5.666337013244629,762.8250122070312,907.0,0.6955923438072205,3,3,correct_class_3,0.999503254890442,0.999503254890442,0.999503254890442,0.9990344662219288
3129,/home/yaxin/datasets/TacAct-original/16_4_L_18.xlsx,16,4,80,298.0,5.737148284912109,783.1124877929688,926.0,0.7011740207672119,3,3,correct_class_3,0.9992386102676392,0.9992386102676392,0.9992386102676392,0.9985261210240425
3130,/home/yaxin/datasets/TacAct-original/16_4_L_19.xlsx,16,4,80,323.1770324707031,6.479432106018066,770.4749755859375,966.0,0.8016518354415894,3,3,correct_class_3,0.9996355772018432,0.9996355772018432,0.9996355772018432,0.9992948078142945
3131,/home/yaxin/datasets/TacAct-original/16_4_L_2.xlsx,16,4,80,370.6915283203125,5.883290767669678,763.3875122070312,901.0,0.7902340888977051,3,3,correct_class_3,0.9996844530105592,0.9996844530105592,0.9996844530105592,0.9993911678029692
3132,/home/yaxin/datasets/TacAct-original/16_4_L_20.xlsx,16,4,80,349.98638916015625,6.553555488586426,778.6624755859375,946.0,0.7586366534233093,3,3,correct_class_3,0.9996217489242554,0.9996217489242554,0.9996217489242554,0.9992708876670805
3133,/home/yaxin/datasets/TacAct-original/16_4_L_3.xlsx,16,4,80,294.9344787597656,5.594457149505615,781.6375122070312,940.0,0.6986557245254517,3,3,correct_class_3,0.9985570311546326,0.9985570311546326,0.9985570311546326,0.9971787669928744
3134,/home/yaxin/datasets/TacAct-original/16_4_L_4.xlsx,16,4,80,306.2723693847656,6.1863579750061035,785.375,942.0,0.7370544672012329,3,3,correct_class_3,0.9997377991676332,0.9997377991676332,0.9997377991676332,0.9994948794774247
3135,/home/yaxin/datasets/TacAct-original/16_4_L_5.xlsx,16,4,80,298.0,6.568896293640137,786.0374755859375,964.0,0.7585199475288391,3,3,correct_class_3,0.9996088147163392,0.9996088147163392,0.9996088147163392,0.9992438889457846
3136,/home/yaxin/datasets/TacAct-original/16_4_L_6.xlsx,16,4,80,267.0,5.970860481262207,745.9375,877.0,0.6991429328918457,3,6,class_3_to_6_error,0.9998291730880736,9.343165584141389e-05,0.9998291730880736,0.9997357414322322
3137,/home/yaxin/datasets/TacAct-original/16_4_L_7.xlsx,16,4,80,274.0,6.545940399169922,774.3375244140625,923.0,0.7429764270782471,3,3,correct_class_3,0.9989179372787476,0.9989179372787476,0.9989179372787476,0.997868006466888
3138,/home/yaxin/datasets/TacAct-original/16_4_L_8.xlsx,16,4,80,316.2162780761719,5.989621162414551,776.9375,962.0,0.7283756136894226,3,3,correct_class_3,0.9721483588218688,0.9721483588218688,0.9721483588218688,0.9444792307913303
3139,/home/yaxin/datasets/TacAct-original/16_4_L_9.xlsx,16,4,80,316.0,6.421485900878906,802.0499877929688,959.0,0.7706827521324158,3,3,correct_class_3,0.9996672868728638,0.9996672868728638,0.9996672868728638,0.9993604611081538
3140,/home/yaxin/datasets/TacAct-original/16_4_R_1.xlsx,16,4,80,312.2387390136719,5.7174811363220215,785.7125244140625,950.0,0.7008431553840637,3,3,correct_class_3,0.9995712637901306,0.9995712637901306,0.9995712637901306,0.999184437969234
3141,/home/yaxin/datasets/TacAct-original/16_4_R_10.xlsx,16,4,80,266.0,5.193582057952881,764.0625,912.0,0.7326555252075195,3,3,correct_class_3,0.9912139773368835,0.9912139773368835,0.9912139773368835,0.9825785504654051
3142,/home/yaxin/datasets/TacAct-original/16_4_R_11.xlsx,16,4,80,328.14898681640625,5.744781017303467,770.8250122070312,939.0,0.7363205552101135,3,3,correct_class_3,0.9993044137954712,0.9993044137954712,0.9993044137954712,0.998662579630036
3143,/home/yaxin/datasets/TacAct-original/16_4_R_12.xlsx,16,4,80,332.74658203125,5.464427947998047,791.3499755859375,952.0,0.73184734582901,3,3,correct_class_3,0.9993613362312316,0.9993613362312316,0.9993613362312316,0.998803048627451
3144,/home/yaxin/datasets/TacAct-original/16_4_R_13.xlsx,16,4,80,228.0,4.976973533630371,759.3875122070312,899.0,0.8416253328323364,3,3,correct_class_3,0.9908740520477296,0.9908740520477296,0.9908740520477296,0.9818715862929823
3145,/home/yaxin/datasets/TacAct-original/16_4_R_14.xlsx,16,4,80,312.2387390136719,6.116368770599365,756.4375,898.0,0.8052543997764587,3,3,correct_class_3,0.999455988407135,0.999455988407135,0.999455988407135,0.9989608964533545
3146,/home/yaxin/datasets/TacAct-original/16_4_R_15.xlsx,16,4,80,312.0,6.1978044509887695,762.9124755859375,908.0,0.7918328642845154,3,3,correct_class_3,0.999298930168152,0.999298930168152,0.999298930168152,0.9986648971098476
3147,/home/yaxin/datasets/TacAct-original/16_4_R_16.xlsx,16,4,80,380.3143615722656,5.657639503479004,755.5499877929688,910.0,0.7425944805145264,3,3,correct_class_3,0.9917520880699158,0.9917520880699158,0.9917520880699158,0.9837675299495459
3148,/home/yaxin/datasets/TacAct-original/16_4_R_17.xlsx,16,4,80,289.599853515625,6.615820407867432,776.3250122070312,949.0,0.8083763718605042,3,3,correct_class_3,0.9995588660240172,0.9995588660240172,0.9995588660240172,0.9991608053969684
3149,/home/yaxin/datasets/TacAct-original/16_4_R_18.xlsx,16,4,80,325.4612731933594,6.2346954345703125,780.6375122070312,956.0,0.7895285487174988,3,3,correct_class_3,0.999554455280304,0.999554455280304,0.999554455280304,0.9991626898990944
3150,/home/yaxin/datasets/TacAct-original/16_4_R_19.xlsx,16,4,80,295.3340759277344,5.600920677185059,766.4249877929688,919.0,0.7440748810768127,3,3,correct_class_3,0.9995071887969972,0.9995071887969972,0.9995071887969972,0.9990609288506677
3151,/home/yaxin/datasets/TacAct-original/16_4_R_2.xlsx,16,4,80,317.0,4.941494941711426,748.7999877929688,898.0,0.7215390801429749,3,3,correct_class_3,0.999424695968628,0.999424695968628,0.999424695968628,0.9989084086264486
3152,/home/yaxin/datasets/TacAct-original/16_4_R_20.xlsx,16,4,80,343.0,6.543237209320068,767.9124755859375,938.0,0.8167982697486877,3,3,correct_class_3,0.999554455280304,0.999554455280304,0.999554455280304,0.999155393918045
3153,/home/yaxin/datasets/TacAct-original/16_4_R_3.xlsx,16,4,80,280.0,5.712519645690918,754.3875122070312,893.0,0.7775281071662903,3,3,correct_class_3,0.9992146492004396,0.9992146492004396,0.9992146492004396,0.9984847413143144
3154,/home/yaxin/datasets/TacAct-original/16_4_R_4.xlsx,16,4,80,337.0,5.7109808921813965,749.7249755859375,884.0,0.7245694994926453,3,3,correct_class_3,0.997933030128479,0.997933030128479,0.997933030128479,0.9961439645849169
3155,/home/yaxin/datasets/TacAct-original/16_4_R_5.xlsx,16,4,80,344.0,5.497113227844238,739.2249755859375,906.0,0.7237281799316406,3,3,correct_class_3,0.9995396137237548,0.9995396137237548,0.9995396137237548,0.9991145111853256
3156,/home/yaxin/datasets/TacAct-original/16_4_R_6.xlsx,16,4,80,317.0,5.539375305175781,759.0625,907.0,0.6962462067604065,3,3,correct_class_3,0.9963335990905762,0.9963335990905762,0.9963335990905762,0.9927830318920314
3157,/home/yaxin/datasets/TacAct-original/16_4_R_7.xlsx,16,4,80,284.3957824707031,4.652024745941162,748.4249877929688,866.0,0.6854372024536133,3,6,class_3_to_6_error,0.9988467693328856,0.0003918434376828,0.9988467693328856,0.9983110210159793
3158,/home/yaxin/datasets/TacAct-original/16_4_R_8.xlsx,16,4,80,299.0,5.085412502288818,741.75,872.0,0.7159997224807739,3,6,class_3_to_6_error,0.9738808274269104,0.0240673273801803,0.9738808274269104,0.9498135000467302
3159,/home/yaxin/datasets/TacAct-original/16_4_R_9.xlsx,16,4,80,312.2387390136719,5.79330587387085,765.9249877929688,915.0,0.7204896807670593,3,3,correct_class_3,0.9958751797676086,0.9958751797676086,0.9958751797676086,0.9918947708792986
3240,/home/yaxin/datasets/TacAct-original/16_7_L_1.xlsx,16,7,80,189.0,3.9589409828186035,762.7125244140625,928.0,0.5435609221458435,6,6,correct_class_6,0.9997488856315612,0.9997488856315612,0.9997488856315612,0.9996291094430488
3241,/home/yaxin/datasets/TacAct-original/16_7_L_10.xlsx,16,7,80,187.0,4.057196140289307,757.6875,907.0,0.5349910855293274,6,3,class_6_to_3_error,0.9287100434303284,0.0711170136928558,0.9287100434303284,0.8575930297374725
3242,/home/yaxin/datasets/TacAct-original/16_7_L_11.xlsx,16,7,80,181.0,4.001561164855957,756.4375,922.0,0.5093109011650085,6,6,correct_class_6,0.9994705319404602,0.9994705319404602,0.9994705319404602,0.9990965423057788
3243,/home/yaxin/datasets/TacAct-original/16_7_L_12.xlsx,16,7,80,182.0,3.705801010131836,752.3875122070312,919.0,0.5101915001869202,6,6,correct_class_6,0.999688982963562,0.999688982963562,0.999688982963562,0.9995444800588303
3244,/home/yaxin/datasets/TacAct-original/16_7_L_13.xlsx,16,7,80,203.85012817382812,3.7514233589172363,760.0750122070312,906.0,0.5143382549285889,6,6,correct_class_6,0.999588668346405,0.999588668346405,0.999588668346405,0.9993611625250196
3245,/home/yaxin/datasets/TacAct-original/16_7_L_14.xlsx,16,7,80,190.92303466796875,3.859450101852417,754.2999877929688,929.0,0.512763500213623,6,6,correct_class_6,0.9997032284736632,0.9997032284736632,0.9997032284736632,0.999551516957581
3246,/home/yaxin/datasets/TacAct-original/16_7_L_15.xlsx,16,7,80,181.90432739257812,3.8020851612091064,757.9000244140625,936.0,0.517615556716919,6,6,correct_class_6,0.999731719493866,0.999731719493866,0.999731719493866,0.9995952553581446
3247,/home/yaxin/datasets/TacAct-original/16_7_L_16.xlsx,16,7,80,150.15301513671875,3.8928780555725098,774.9000244140625,948.0,0.5143020153045654,6,3,class_6_to_3_error,0.9992870688438416,0.0006683905958198,0.9992870688438416,0.9986186782480218
3248,/home/yaxin/datasets/TacAct-original/16_7_L_17.xlsx,16,7,80,187.9398651123047,3.9473462104797363,755.0750122070312,926.0,0.4943099319934845,6,6,correct_class_6,0.9997435212135316,0.9997435212135316,0.9997435212135316,0.9996316114193179
3249,/home/yaxin/datasets/TacAct-original/16_7_L_18.xlsx,16,7,80,244.603759765625,4.105915546417236,757.2750244140625,926.0,0.540550172328949,6,3,class_6_to_3_error,0.9991406202316284,0.0008198239374905,0.9991406202316284,0.998320796294138
3250,/home/yaxin/datasets/TacAct-original/16_7_L_19.xlsx,16,7,80,239.28915405273438,3.9088547229766846,757.9874877929688,933.0,0.5368961691856384,6,6,correct_class_6,0.9997571110725404,0.9997571110725404,0.9997571110725404,0.9996592486204464
3251,/home/yaxin/datasets/TacAct-original/16_7_L_2.xlsx,16,7,80,168.1385955810547,4.213540077209473,768.5875244140625,940.0,0.5368516445159912,6,6,correct_class_6,0.998637855052948,0.998637855052948,0.998637855052948,0.9974186205072328
3252,/home/yaxin/datasets/TacAct-original/16_7_L_20.xlsx,16,7,80,245.0,4.217957496643066,751.1375122070312,908.0,0.5264661312103271,6,3,class_6_to_3_error,0.9969286322593688,0.002989436732605,0.9969286322593688,0.9939391955267638
3253,/home/yaxin/datasets/TacAct-original/16_7_L_3.xlsx,16,7,80,182.0,3.9315733909606934,757.7249755859375,933.0,0.5416647791862488,6,6,correct_class_6,0.9997326731681824,0.9997326731681824,0.9997326731681824,0.9996092290239177
3254,/home/yaxin/datasets/TacAct-original/16_7_L_4.xlsx,16,7,80,216.77720642089844,4.235840797424316,759.6124877929688,932.0,0.5551415085792542,6,6,correct_class_6,0.9995915293693542,0.9995915293693542,0.9995915293693542,0.9993428016605321
3255,/home/yaxin/datasets/TacAct-original/16_7_L_5.xlsx,16,7,80,171.50416564941406,3.792473554611206,771.7374877929688,944.0,0.5195645689964294,6,6,correct_class_6,0.9995920062065125,0.9995920062065125,0.9995920062065125,0.9993147680652329
3256,/home/yaxin/datasets/TacAct-original/16_7_L_6.xlsx,16,7,80,198.522705078125,4.194924354553223,756.8624877929688,909.0,0.5512068271636963,6,6,correct_class_6,0.9997007846832277,0.9997007846832277,0.9997007846832277,0.9995659225533019
3257,/home/yaxin/datasets/TacAct-original/16_7_L_7.xlsx,16,7,80,215.3354034423828,3.9939467906951904,768.7249755859375,917.0,0.5181105732917786,6,6,correct_class_6,0.9997544884681702,0.9997544884681702,0.9997544884681702,0.9996343591483311
3258,/home/yaxin/datasets/TacAct-original/16_7_L_8.xlsx,16,7,80,192.0,3.8332762718200684,744.2125244140625,896.0,0.5168259143829346,6,6,correct_class_6,0.9996782541275024,0.9996782541275024,0.9996782541275024,0.9995267197664363
3259,/home/yaxin/datasets/TacAct-original/16_7_L_9.xlsx,16,7,80,241.0,3.581629991531372,756.9874877929688,940.0,0.5137027502059937,6,6,correct_class_6,0.9997765421867372,0.9997765421867372,0.9997765421867372,0.9996710081759376
3260,/home/yaxin/datasets/TacAct-original/16_7_R_1.xlsx,16,7,80,194.68679809570312,3.227867841720581,762.9000244140625,927.0,0.6137455105781555,6,6,correct_class_6,0.9997801184654236,0.9997801184654236,0.9997801184654236,0.9996980823925696
3261,/home/yaxin/datasets/TacAct-original/16_7_R_10.xlsx,16,7,80,176.0,3.382871150970459,769.9375,944.0,0.612195611000061,6,3,class_6_to_3_error,0.998310685157776,0.0016463715583086,0.998310685157776,0.9966643135994674
3262,/home/yaxin/datasets/TacAct-original/16_7_R_11.xlsx,16,7,80,159.0,3.322739362716675,776.0750122070312,948.0,0.6249902248382568,6,3,class_6_to_3_error,0.9995465874671936,0.0004143479163758,0.9995465874671936,0.9991322395508178
3263,/home/yaxin/datasets/TacAct-original/16_7_R_12.xlsx,16,7,80,207.8276824951172,3.5464165210723877,762.25,931.0,0.6179383993148804,6,6,correct_class_6,0.9997102618217468,0.9997102618217468,0.9997102618217468,0.9995486951374916
3264,/home/yaxin/datasets/TacAct-original/16_7_R_13.xlsx,16,7,80,137.8552703857422,3.456087589263916,761.0125122070312,905.0,0.6180128455162048,6,3,class_6_to_3_error,0.5297185778617859,0.469704270362854,0.5297185778617859,0.060014307498931885
3265,/home/yaxin/datasets/TacAct-original/16_7_R_14.xlsx,16,7,80,142.0,3.3604354858398438,768.4874877929688,930.0,0.5978212356567383,6,3,class_6_to_3_error,0.9996179342269896,0.0003484649641904,0.9996179342269896,0.9992694692627992
3266,/home/yaxin/datasets/TacAct-original/16_7_R_15.xlsx,16,7,80,204.0,3.3404014110565186,760.2625122070312,952.0,0.6292142868041992,6,3,class_6_to_3_error,0.9991451501846312,0.000818355125375,0.9991451501846312,0.9983267950592563
3267,/home/yaxin/datasets/TacAct-original/16_7_R_16.xlsx,16,7,80,256.20550537109375,3.557950973510742,758.9249877929688,926.0,0.57086580991745,6,6,correct_class_6,0.9985107779502868,0.9985107779502868,0.9985107779502868,0.997202662169002
3268,/home/yaxin/datasets/TacAct-original/16_7_R_17.xlsx,16,7,80,160.2724609375,3.3891441822052,752.4375,906.0,0.5235347151756287,6,3,class_6_to_3_error,0.9906008243560792,0.0093321120366454,0.9906008243560792,0.9812687123194338
3269,/home/yaxin/datasets/TacAct-original/16_7_R_18.xlsx,16,7,80,185.0,3.6650795936584473,757.5750122070312,901.0,0.5569419860839844,6,3,class_6_to_3_error,0.9989455342292786,0.0010045249946415,0.9989455342292786,0.997941009234637
3270,/home/yaxin/datasets/TacAct-original/16_7_R_19.xlsx,16,7,80,151.0,3.640537977218628,757.1375122070312,920.0,0.54582679271698,6,3,class_6_to_3_error,0.999542474746704,0.0004158748488407,0.999542474746704,0.9991265998978633
3271,/home/yaxin/datasets/TacAct-original/16_7_R_2.xlsx,16,7,80,192.7202606201172,3.4070751667022705,760.8125,918.0,0.6687659621238708,6,6,correct_class_6,0.9992520213127136,0.9992520213127136,0.9992520213127136,0.9986506548593752
3272,/home/yaxin/datasets/TacAct-original/16_7_R_20.xlsx,16,7,80,219.7603759765625,3.7148208618164062,760.7374877929688,910.0,0.5573896169662476,6,3,class_6_to_3_error,0.9995360374450684,0.0004329100775066,0.9995360374450684,0.9991031273675618
3273,/home/yaxin/datasets/TacAct-original/16_7_R_3.xlsx,16,7,80,813.4116821289062,3.5817832946777344,772.5374755859375,950.0,0.7182101607322693,6,3,class_6_to_3_error,0.9957823753356934,0.0041621890850365,0.9957823753356934,0.9916201862506568
3274,/home/yaxin/datasets/TacAct-original/16_7_R_4.xlsx,16,7,80,161.0,3.4517693519592285,767.2750244140625,923.0,0.6657569408416748,6,3,class_6_to_3_error,0.9992517828941344,0.0007132798200473,0.9992517828941344,0.9985385030740871
3275,/home/yaxin/datasets/TacAct-original/16_7_R_5.xlsx,16,7,80,176.00473022460938,3.049941301345825,762.0374755859375,897.0,0.6565832495689392,6,6,correct_class_6,0.8079855442047119,0.8079855442047119,0.8079855442047119,0.6184536516666413
3276,/home/yaxin/datasets/TacAct-original/16_7_R_6.xlsx,16,7,80,220.0,3.277205228805542,763.4625244140625,911.0,0.6320110559463501,6,3,class_6_to_3_error,0.9987553358078004,0.001206203829497,0.9987553358078004,0.9975491319783034
3277,/home/yaxin/datasets/TacAct-original/16_7_R_7.xlsx,16,7,80,146.0,3.3103549480438232,763.6124877929688,939.0,0.6183052659034729,6,3,class_6_to_3_error,0.9995885491371156,0.0003806520544458,0.9995885491371156,0.9992078970826698
3278,/home/yaxin/datasets/TacAct-original/16_7_R_8.xlsx,16,7,80,150.15301513671875,3.315586566925049,763.1875,911.0,0.6109148859977722,6,3,class_6_to_3_error,0.9995344877243042,0.0004327684582676,0.9995344877243042,0.9991017192660366
3279,/home/yaxin/datasets/TacAct-original/16_7_R_9.xlsx,16,7,80,209.435791015625,3.206758975982666,764.4500122070312,933.0,0.6098906993865967,6,3,class_6_to_3_error,0.996878981590271,0.0030633041169494,0.996878981590271,0.9938156774733216
4080,/home/yaxin/datasets/TacAct-original/18_4_L_1.xlsx,18,4,80,140.2091064453125,4.287200450897217,703.9249877929688,892.0,0.47681117057800293,3,3,correct_class_3,0.9996464252471924,0.9996464252471924,0.9996464252471924,0.9993150532245637
4081,/home/yaxin/datasets/TacAct-original/18_4_L_10.xlsx,18,4,80,242.0,4.890130043029785,703.6500244140625,882.0,0.6278427243232727,3,3,correct_class_3,0.9996080994606018,0.9996080994606018,0.9996080994606018,0.9992413723375649
4082,/home/yaxin/datasets/TacAct-original/18_4_L_11.xlsx,18,4,80,253.0,4.593130588531494,715.0875244140625,907.0,0.5673040151596069,3,6,class_3_to_6_error,0.999595820903778,0.0002981433935929,0.999595820903778,0.9992976775101851
4083,/home/yaxin/datasets/TacAct-original/18_4_L_12.xlsx,18,4,80,272.0,5.5020575523376465,723.0374755859375,902.0,0.6394451260566711,3,3,correct_class_3,0.9996371269226074,0.9996371269226074,0.9996371269226074,0.9992978255322669
4084,/home/yaxin/datasets/TacAct-original/18_4_L_13.xlsx,18,4,80,217.0,4.656689643859863,729.875,906.0,0.5601115822792053,3,3,correct_class_3,0.9994552731513976,0.9994552731513976,0.9994552731513976,0.9989351711119525
4085,/home/yaxin/datasets/TacAct-original/18_4_L_14.xlsx,18,4,80,210.39651489257812,4.632058143615723,727.1124877929688,890.0,0.5375381112098694,3,3,correct_class_3,0.9996843338012696,0.9996843338012696,0.9996843338012696,0.9993923159781846
4086,/home/yaxin/datasets/TacAct-original/18_4_L_15.xlsx,18,4,80,181.10670471191406,4.624741554260254,739.1124877929688,934.0,0.5869573950767517,3,3,correct_class_3,0.9993720650672911,0.9993720650672911,0.9993720650672911,0.9987824803101829
4087,/home/yaxin/datasets/TacAct-original/18_4_L_16.xlsx,18,4,80,207.8276824951172,5.266415596008301,739.8875122070312,910.0,0.5689082145690918,3,3,correct_class_3,0.9996888637542723,0.9996888637542723,0.9996888637542723,0.9993993875395971
4088,/home/yaxin/datasets/TacAct-original/18_4_L_17.xlsx,18,4,80,230.0,4.703405857086182,695.875,891.0,0.5371708869934082,3,3,correct_class_3,0.9996329545974731,0.9996329545974731,0.9996329545974731,0.9992879804340191
4089,/home/yaxin/datasets/TacAct-original/18_4_L_18.xlsx,18,4,80,201.5696563720703,4.733786106109619,729.8375244140625,909.0,0.5635961890220642,3,3,correct_class_3,0.9996792078018188,0.9996792078018188,0.9996792078018188,0.9993802904500626
4090,/home/yaxin/datasets/TacAct-original/18_4_L_19.xlsx,18,4,80,153.0,4.395349025726318,746.2249755859375,917.0,0.48084089159965515,3,3,correct_class_3,0.9997045397758484,0.9997045397758484,0.9997045397758484,0.9994282157276758
4091,/home/yaxin/datasets/TacAct-original/18_4_L_2.xlsx,18,4,80,254.6660614013672,4.395917892456055,682.7625122070312,874.0,0.5346347689628601,3,3,correct_class_3,0.9996380805969238,0.9996380805969238,0.9996380805969238,0.9993010612961372
4092,/home/yaxin/datasets/TacAct-original/18_4_L_20.xlsx,18,4,80,132.0,3.599499225616455,713.2000122070312,915.0,0.4772234559059143,3,3,correct_class_3,0.999656081199646,0.999656081199646,0.999656081199646,0.9993339561915491
4093,/home/yaxin/datasets/TacAct-original/18_4_L_3.xlsx,18,4,80,270.0,5.011989593505859,718.5374755859375,894.0,0.5870375633239746,3,3,correct_class_3,0.9893067479133606,0.9893067479133606,0.9893067479133606,0.9786779945716262
4094,/home/yaxin/datasets/TacAct-original/18_4_L_4.xlsx,18,4,80,242.0,4.129752159118652,704.75,913.0,0.57343989610672,3,6,class_3_to_6_error,0.9847171902656556,0.0149267595261335,0.9847171902656556,0.9697904307395221
4095,/home/yaxin/datasets/TacAct-original/18_4_L_5.xlsx,18,4,80,261.5247802734375,4.372582912445068,718.7000122070312,911.0,0.5846309661865234,3,3,correct_class_3,0.999171495437622,0.999171495437622,0.999171495437622,0.9983746578800492
4096,/home/yaxin/datasets/TacAct-original/18_4_L_6.xlsx,18,4,80,263.0,3.8247313499450684,684.4500122070312,894.0,0.5595468878746033,3,3,correct_class_3,0.999665141105652,0.999665141105652,0.999665141105652,0.9993595873820597
4097,/home/yaxin/datasets/TacAct-original/18_4_L_7.xlsx,18,4,80,139.2147216796875,4.2766432762146,707.4249877929688,901.0,0.6039239168167114,3,3,correct_class_3,0.9996287822723388,0.9996287822723388,0.9996287822723388,0.9992775037535465
4098,/home/yaxin/datasets/TacAct-original/18_4_L_8.xlsx,18,4,80,132.0,3.4407882690429688,712.6624755859375,930.0,0.5489189624786377,3,3,correct_class_3,0.9994187355041504,0.9994187355041504,0.9994187355041504,0.9988653708132916
4099,/home/yaxin/datasets/TacAct-original/18_4_L_9.xlsx,18,4,80,163.08009338378906,4.275962829589844,703.3375244140625,918.0,0.5811750888824463,3,3,correct_class_3,0.9997016787528992,0.9997016787528992,0.9997016787528992,0.9994223932444584
4100,/home/yaxin/datasets/TacAct-original/18_4_R_1.xlsx,18,4,80,179.0,4.6703290939331055,711.125,914.0,0.5019690990447998,3,3,correct_class_3,0.9986891150474548,0.9986891150474548,0.9986891150474548,0.9974236553534866
4101,/home/yaxin/datasets/TacAct-original/18_4_R_10.xlsx,18,4,80,217.3019256591797,4.94998836517334,686.4000244140625,895.0,0.569466769695282,3,3,correct_class_3,0.9992695450782776,0.9992695450782776,0.9992695450782776,0.9985922487685457
4102,/home/yaxin/datasets/TacAct-original/18_4_R_11.xlsx,18,4,80,255.23870849609375,5.54804801940918,719.7874755859375,941.0,0.5731092095375061,3,3,correct_class_3,0.9995357990264891,0.9995357990264891,0.9995357990264891,0.9991167816915548
4103,/home/yaxin/datasets/TacAct-original/18_4_R_12.xlsx,18,4,80,271.0,5.108626365661621,706.375,922.0,0.5849188566207886,3,3,correct_class_3,0.9995493292808532,0.9995493292808532,0.9995493292808532,0.9991320256376639
4104,/home/yaxin/datasets/TacAct-original/18_4_R_13.xlsx,18,4,80,248.59771728515625,4.616275787353516,723.25,957.0,0.5129708647727966,3,3,correct_class_3,0.9995763897895812,0.9995763897895812,0.9995763897895812,0.9991918971063569
4105,/home/yaxin/datasets/TacAct-original/18_4_R_14.xlsx,18,4,80,256.0,5.351759433746338,733.0625,927.0,0.5705376267433167,3,3,correct_class_3,0.9993684887886048,0.9993684887886048,0.9993684887886048,0.9987922451691703
4106,/home/yaxin/datasets/TacAct-original/18_4_R_15.xlsx,18,4,80,240.0,4.660874366760254,690.0125122070312,890.0,0.5799738764762878,3,3,correct_class_3,0.9758247137069702,0.9758247137069702,0.9758247137069702,0.9518194291740656
4107,/home/yaxin/datasets/TacAct-original/18_4_R_16.xlsx,18,4,80,268.7740783691406,5.006360054016113,726.2874755859375,929.0,0.5577056407928467,3,3,correct_class_3,0.7499226331710815,0.7499226331710815,0.7499226331710815,0.5003063678741455
4108,/home/yaxin/datasets/TacAct-original/18_4_R_17.xlsx,18,4,80,255.0,4.9544548988342285,717.625,923.0,0.5610519647598267,3,3,correct_class_3,0.9993829727172852,0.9993829727172852,0.9993829727172852,0.9988185778493063
4109,/home/yaxin/datasets/TacAct-original/18_4_R_18.xlsx,18,4,80,246.6089324951172,4.6158623695373535,726.0499877929688,941.0,0.5345829725265503,3,3,correct_class_3,0.9993796348571776,0.9993796348571776,0.9993796348571776,0.9988154429593123
4110,/home/yaxin/datasets/TacAct-original/18_4_R_19.xlsx,18,4,80,234.67623901367188,5.476493835449219,748.2874755859375,940.0,0.5852554440498352,3,3,correct_class_3,0.999562919139862,0.999562919139862,0.999562919139862,0.9991679275117349
4111,/home/yaxin/datasets/TacAct-original/18_4_R_2.xlsx,18,4,80,199.0,4.639861583709717,721.1124877929688,942.0,0.5386894941329956,3,3,correct_class_3,0.999572455883026,0.999572455883026,0.999572455883026,0.999180387269007
4112,/home/yaxin/datasets/TacAct-original/18_4_R_20.xlsx,18,4,80,228.70989990234375,4.337646484375,693.9500122070312,923.0,0.5098132491111755,3,3,correct_class_3,0.9995712637901306,0.9995712637901306,0.9995712637901306,0.999176419718424
4113,/home/yaxin/datasets/TacAct-original/18_4_R_3.xlsx,18,4,80,300.6062927246094,4.1433000564575195,724.2374877929688,942.0,0.49865278601646423,3,3,correct_class_3,0.9995777010917664,0.9995777010917664,0.9995777010917664,0.9991970889095684
4114,/home/yaxin/datasets/TacAct-original/18_4_R_4.xlsx,18,4,80,238.0,4.741746425628662,704.5,931.0,0.5346449613571167,3,3,correct_class_3,0.9993056058883668,0.9993056058883668,0.9993056058883668,0.9986568848835307
4115,/home/yaxin/datasets/TacAct-original/18_4_R_5.xlsx,18,4,80,191.89646911621094,4.624624729156494,684.6749877929688,859.0,0.543605625629425,3,6,class_3_to_6_error,0.988620936870575,0.0110143581405282,0.988620936870575,0.9776065787300467
4116,/home/yaxin/datasets/TacAct-original/18_4_R_6.xlsx,18,4,80,176.00718688964844,4.128388404846191,670.6124877929688,851.0,0.48008882999420166,3,3,correct_class_3,0.9991063475608826,0.9991063475608826,0.9991063475608826,0.9982702216366307
4117,/home/yaxin/datasets/TacAct-original/18_4_R_7.xlsx,18,4,80,139.2147216796875,4.206350803375244,688.8250122070312,876.0,0.4840112030506134,3,3,correct_class_3,0.9862484335899352,0.9862484335899352,0.9862484335899352,0.9726234078407286
4118,/home/yaxin/datasets/TacAct-original/18_4_R_8.xlsx,18,4,80,220.0,4.698805809020996,696.5875244140625,923.0,0.5368328094482422,3,3,correct_class_3,0.9995800852775574,0.9995800852775574,0.9995800852775574,0.9992035121831577
4119,/home/yaxin/datasets/TacAct-original/18_4_R_9.xlsx,18,4,80,199.87255859375,4.750064849853516,693.4625244140625,899.0,0.5315603017807007,3,3,correct_class_3,0.9996030926704408,0.9996030926704408,0.9996030926704408,0.9992400796327275
4200,/home/yaxin/datasets/TacAct-original/18_7_L_1.xlsx,18,7,80,193.0,4.585152626037598,773.25,897.0,0.5923076868057251,6,6,correct_class_6,0.9997913241386414,0.9997913241386414,0.9997913241386414,0.9996897926612291
4201,/home/yaxin/datasets/TacAct-original/18_7_L_10.xlsx,18,7,80,261.9396667480469,5.230902671813965,790.0750122070312,938.0,0.6855014562606812,6,6,correct_class_6,0.9998706579208374,0.9998706579208374,0.9998706579208374,0.9997994467339595
4202,/home/yaxin/datasets/TacAct-original/18_7_L_11.xlsx,18,7,80,252.69952392578125,4.526768684387207,804.6124877929688,927.0,0.676476001739502,6,6,correct_class_6,0.9998859167099,0.9998859167099,0.9998859167099,0.9998221658461263
4203,/home/yaxin/datasets/TacAct-original/18_7_L_12.xlsx,18,7,80,166.0,4.372296333312988,802.0250244140625,933.0,0.6360152959823608,6,6,correct_class_6,0.9998539686203004,0.9998539686203004,0.9998539686203004,0.9997850754589309
4204,/home/yaxin/datasets/TacAct-original/18_7_L_13.xlsx,18,7,80,185.83740234375,5.067840576171875,793.3875122070312,934.0,0.6763477325439453,6,6,correct_class_6,0.9998094439506532,0.9998094439506532,0.9998094439506532,0.9997251160020825
4205,/home/yaxin/datasets/TacAct-original/18_7_L_14.xlsx,18,7,80,304.2835998535156,4.724540710449219,800.0750122070312,927.0,0.7236804962158203,6,6,correct_class_6,0.9998181462287904,0.9998181462287904,0.9998181462287904,0.9997317774832483
4206,/home/yaxin/datasets/TacAct-original/18_7_L_15.xlsx,18,7,80,217.0,4.71004581451416,802.75,943.0,0.7186387181282043,6,6,correct_class_6,0.999839186668396,0.999839186668396,0.999839186668396,0.9997676353814313
4207,/home/yaxin/datasets/TacAct-original/18_7_L_16.xlsx,18,7,80,235.0,4.646045684814453,802.6124877929688,940.0,0.7011643648147583,6,6,correct_class_6,0.9998778104782104,0.9998778104782104,0.9998778104782104,0.9998270911819418
4208,/home/yaxin/datasets/TacAct-original/18_7_L_17.xlsx,18,7,80,308.26116943359375,6.120688438415527,824.4249877929688,952.0,0.790988028049469,6,6,correct_class_6,0.9998278617858888,0.9998278617858888,0.9998278617858888,0.999762554652989
4209,/home/yaxin/datasets/TacAct-original/18_7_L_18.xlsx,18,7,80,180.0,5.303676128387451,813.8499755859375,944.0,0.7687625885009766,6,6,correct_class_6,0.9997187256813048,0.9997187256813048,0.9997187256813048,0.9995399316831025
4210,/home/yaxin/datasets/TacAct-original/18_7_L_19.xlsx,18,7,80,274.5749816894531,5.402946472167969,803.2625122070312,936.0,0.7743887901306152,6,6,correct_class_6,0.9998453855514526,0.9998453855514526,0.9998453855514526,0.9997747850720771
4211,/home/yaxin/datasets/TacAct-original/18_7_L_2.xlsx,18,7,80,225.9273681640625,4.288956642150879,767.625,906.0,0.6077688932418823,6,6,correct_class_6,0.9998873472213744,0.9998873472213744,0.9998873472213744,0.9998438116490432
4212,/home/yaxin/datasets/TacAct-original/18_7_L_20.xlsx,18,7,80,280.0,4.3288116455078125,801.4874877929688,923.0,0.6505876183509827,6,3,class_6_to_3_error,0.8852261900901794,0.1145959943532943,0.8852261900901794,0.7706301957368852
4213,/home/yaxin/datasets/TacAct-original/18_7_L_3.xlsx,18,7,80,235.90243530273438,4.710053443908691,778.9749755859375,931.0,0.6125171780586243,6,6,correct_class_6,0.9998030066490172,0.9998030066490172,0.9998030066490172,0.9997114920261082
4214,/home/yaxin/datasets/TacAct-original/18_7_L_4.xlsx,18,7,80,254.0,4.895320892333984,783.9249877929688,923.0,0.7239612340927124,6,6,correct_class_6,0.9997770190238952,0.9997770190238952,0.9997770190238952,0.9996649811728274
4215,/home/yaxin/datasets/TacAct-original/18_7_L_5.xlsx,18,7,80,254.2718963623047,4.714241981506348,773.7750244140625,918.0,0.7175860404968262,6,3,class_6_to_3_error,0.9995146989822388,0.0004628390888683,0.9995146989822388,0.9990518598933704
4216,/home/yaxin/datasets/TacAct-original/18_7_L_6.xlsx,18,7,80,236.0,5.006048679351807,791.9749755859375,932.0,0.6416803002357483,6,6,correct_class_6,0.99895179271698,0.99895179271698,0.99895179271698,0.9979762766161003
4217,/home/yaxin/datasets/TacAct-original/18_7_L_7.xlsx,18,7,80,244.0,5.01320219039917,782.4625244140625,940.0,0.6990187168121338,6,6,correct_class_6,0.9998210072517396,0.9998210072517396,0.9998210072517396,0.9997454316544464
4218,/home/yaxin/datasets/TacAct-original/18_7_L_8.xlsx,18,7,80,281.7002258300781,4.576302528381348,798.7874755859375,917.0,0.616198718547821,6,6,correct_class_6,0.99985933303833,0.99985933303833,0.99985933303833,0.9998088979555176
4219,/home/yaxin/datasets/TacAct-original/18_7_L_9.xlsx,18,7,80,282.0,5.834039211273193,808.8125,934.0,0.726090133190155,6,6,correct_class_6,0.9998655319213868,0.9998655319213868,0.9998655319213868,0.9998097278621573
4220,/home/yaxin/datasets/TacAct-original/18_7_R_1.xlsx,18,7,80,220.7547607421875,4.839493751525879,726.25,900.0,0.6438342928886414,6,6,correct_class_6,0.999855637550354,0.999855637550354,0.999855637550354,0.9997721618783544
4221,/home/yaxin/datasets/TacAct-original/18_7_R_10.xlsx,18,7,80,191.73699951171875,4.666028022766113,749.1875,922.0,0.5947677493095398,6,6,correct_class_6,0.999810516834259,0.999810516834259,0.999810516834259,0.9996817644423573
4222,/home/yaxin/datasets/TacAct-original/18_7_R_11.xlsx,18,7,80,221.0,4.707785606384277,746.9500122070312,908.0,0.5819646120071411,6,3,class_6_to_3_error,0.9388102889060974,0.0610643550753593,0.9388102889060974,0.8777459338307381
4223,/home/yaxin/datasets/TacAct-original/18_7_R_12.xlsx,18,7,80,249.0724639892578,5.085653781890869,759.6124877929688,931.0,0.6057172417640686,6,6,correct_class_6,0.9642164707183838,0.9642164707183838,0.9642164707183838,0.9285265430808067
4224,/home/yaxin/datasets/TacAct-original/18_7_R_13.xlsx,18,7,80,248.76646423339844,4.799458980560303,762.5250244140625,921.0,0.6266162991523743,6,6,correct_class_6,0.9996672868728638,0.9996672868728638,0.9996672868728638,0.999427850547363
4225,/home/yaxin/datasets/TacAct-original/18_7_R_14.xlsx,18,7,80,225.0,4.895613193511963,760.8250122070312,929.0,0.5711118578910828,6,6,correct_class_6,0.9997336268424988,0.9997336268424988,0.9997336268424988,0.9995349605596858
4226,/home/yaxin/datasets/TacAct-original/18_7_R_15.xlsx,18,7,80,251.15740966796875,5.131951332092285,770.0374755859375,923.0,0.6068930625915527,6,6,correct_class_6,0.99982750415802,0.99982750415802,0.99982750415802,0.999733542870672
4227,/home/yaxin/datasets/TacAct-original/18_7_R_16.xlsx,18,7,80,238.65380859375,4.5172834396362305,737.7374877929688,912.0,0.5702701807022095,6,3,class_6_to_3_error,0.995368719100952,0.0045831254683434,0.995368719100952,0.9907855936326087
4228,/home/yaxin/datasets/TacAct-original/18_7_R_17.xlsx,18,7,80,164.20553588867188,4.250750541687012,736.8125,909.0,0.5734477043151855,6,6,correct_class_6,0.9998654127120972,0.9998654127120972,0.9998654127120972,0.9998108661529841
4229,/home/yaxin/datasets/TacAct-original/18_7_R_18.xlsx,18,7,80,196.88938903808594,4.2972564697265625,745.4625244140625,927.0,0.5689141154289246,6,3,class_6_to_3_error,0.9984943866729736,0.0014625120675191,0.9984943866729736,0.9970318746054545
4230,/home/yaxin/datasets/TacAct-original/18_7_R_19.xlsx,18,7,80,196.0,4.558670520782471,741.2000122070312,899.0,0.578921914100647,6,6,correct_class_6,0.999864101409912,0.999864101409912,0.999864101409912,0.9997973243225714
4231,/home/yaxin/datasets/TacAct-original/18_7_R_2.xlsx,18,7,80,229.0,4.374889373779297,705.4874877929688,911.0,0.5842300057411194,6,6,correct_class_6,0.9998096823692322,0.9998096823692322,0.9998096823692322,0.9996907956956421
4232,/home/yaxin/datasets/TacAct-original/18_7_R_20.xlsx,18,7,80,185.0,4.220931053161621,746.0125122070312,905.0,0.5377629399299622,6,6,correct_class_6,0.6752490401268005,0.6752490401268005,0.6752490401268005,0.35083773732185364
4233,/home/yaxin/datasets/TacAct-original/18_7_R_3.xlsx,18,7,80,175.02146911621094,4.363104343414307,707.9625244140625,899.0,0.5528255105018616,6,6,correct_class_6,0.9997641444206238,0.9997641444206238,0.9997641444206238,0.9996033592760796
4234,/home/yaxin/datasets/TacAct-original/18_7_R_4.xlsx,18,7,80,227.9334716796875,4.8263654708862305,713.7874755859375,885.0,0.5482560396194458,6,6,correct_class_6,0.9998351335525512,0.9998351335525512,0.9998351335525512,0.9997313077619765
4235,/home/yaxin/datasets/TacAct-original/18_7_R_5.xlsx,18,7,80,215.0,4.707716464996338,717.4375,887.0,0.6415217518806458,6,6,correct_class_6,0.9995738863945008,0.9995738863945008,0.9995738863945008,0.9993085305613932
4236,/home/yaxin/datasets/TacAct-original/18_7_R_6.xlsx,18,7,80,163.0,4.62485408782959,697.4375,877.0,0.64759361743927,6,6,correct_class_6,0.99977308511734,0.99977308511734,0.99977308511734,0.999648251075996
4237,/home/yaxin/datasets/TacAct-original/18_7_R_7.xlsx,18,7,80,183.69451904296875,4.625923156738281,735.4625244140625,891.0,0.539084255695343,6,6,correct_class_6,0.9984188079833984,0.9984188079833984,0.9984188079833984,0.9969105727504939
4238,/home/yaxin/datasets/TacAct-original/18_7_R_8.xlsx,18,7,80,221.2008514404297,4.428218841552734,747.0,896.0,0.5573363304138184,6,6,correct_class_6,0.9998606443405152,0.9998606443405152,0.9998606443405152,0.9998028467889527
4239,/home/yaxin/datasets/TacAct-original/18_7_R_9.xlsx,18,7,80,216.47433471679688,4.074167728424072,736.0125122070312,913.0,0.5748992562294006,6,3,class_6_to_3_error,0.9286701679229736,0.0712054073810577,0.9286701679229736,0.8574647605419159
6000,/home/yaxin/datasets/TacAct-original/21_4_L_1.xlsx,21,4,80,191.0,4.403952121734619,806.2874755859375,932.0,0.5352961421012878,3,3,correct_class_3,0.915399134159088,0.915399134159088,0.915399134159088,0.8310039713978766
6001,/home/yaxin/datasets/TacAct-original/21_4_L_10.xlsx,21,4,80,196.26309204101562,4.907398223876953,754.9375,898.0,0.5553262233734131,3,3,correct_class_3,0.99942147731781,0.99942147731781,0.99942147731781,0.9988664730335586
6002,/home/yaxin/datasets/TacAct-original/21_4_L_11.xlsx,21,4,80,221.40023803710938,4.795848846435547,761.3125,907.0,0.5503712892532349,3,3,correct_class_3,0.8942425847053528,0.8942425847053528,0.8942425847053528,0.7886087372899055
6003,/home/yaxin/datasets/TacAct-original/21_4_L_12.xlsx,21,4,80,180.97914123535156,4.667515754699707,747.2750244140625,883.0,0.5181370973587036,3,3,correct_class_3,0.9989081621170044,0.9989081621170044,0.9989081621170044,0.9978458714904264
6004,/home/yaxin/datasets/TacAct-original/21_4_L_13.xlsx,21,4,80,172.0,4.553300380706787,755.7125244140625,917.0,0.49903061985969543,3,3,correct_class_3,0.905822455883026,0.905822455883026,0.905822455883026,0.8117319792509078
6005,/home/yaxin/datasets/TacAct-original/21_4_L_14.xlsx,21,4,80,189.0,4.387377738952637,766.5999755859375,927.0,0.5329955220222473,3,6,class_3_to_6_error,0.9957945346832277,0.0040300535038113,0.9957945346832277,0.9917644811794164
6006,/home/yaxin/datasets/TacAct-original/21_4_L_15.xlsx,21,4,80,190.75372314453125,4.665283679962158,748.9249877929688,896.0,0.5233005285263062,3,3,correct_class_3,0.998695433139801,0.998695433139801,0.998695433139801,0.9974231545347721
6007,/home/yaxin/datasets/TacAct-original/21_4_L_16.xlsx,21,4,80,255.55844116210938,4.672541618347168,754.3125,932.0,0.5327329039573669,3,3,correct_class_3,0.9995846152305604,0.9995846152305604,0.9995846152305604,0.9991923699853943
6008,/home/yaxin/datasets/TacAct-original/21_4_L_17.xlsx,21,4,80,178.86045837402344,4.686428070068359,764.0875244140625,929.0,0.5227528810501099,3,6,class_3_to_6_error,0.9897581338882446,0.0101000005379319,0.9897581338882446,0.9796581333503127
6009,/home/yaxin/datasets/TacAct-original/21_4_L_18.xlsx,21,4,80,264.5079650878906,4.705071926116943,749.0250244140625,893.0,0.5075368285179138,3,3,correct_class_3,0.9994244575500488,0.9994244575500488,0.9994244575500488,0.9988744238507934
6010,/home/yaxin/datasets/TacAct-original/21_4_L_19.xlsx,21,4,80,190.0,4.436123847961426,771.1749877929688,914.0,0.5419325232505798,3,6,class_3_to_6_error,0.982220470905304,0.0176433082669973,0.982220470905304,0.9645771626383066
6011,/home/yaxin/datasets/TacAct-original/21_4_L_2.xlsx,21,4,80,214.63253784179688,4.727322578430176,759.9375,915.0,0.511336624622345,3,3,correct_class_3,0.9942504167556764,0.9942504167556764,0.9942504167556764,0.9885426186956466
6012,/home/yaxin/datasets/TacAct-original/21_4_L_20.xlsx,21,4,80,195.0,4.562406063079834,794.7125244140625,929.0,0.5594102740287781,3,3,correct_class_3,0.9995478987693788,0.9995478987693788,0.9995478987693788,0.9991205350379461
6013,/home/yaxin/datasets/TacAct-original/21_4_L_3.xlsx,21,4,80,217.0,4.1549973487854,746.3499755859375,881.0,0.49001944065093994,3,3,correct_class_3,0.9996309280395508,0.9996309280395508,0.9996309280395508,0.9992879891360645
6014,/home/yaxin/datasets/TacAct-original/21_4_L_4.xlsx,21,4,80,197.0,4.887229919433594,760.0625,910.0,0.5227099657058716,3,3,correct_class_3,0.989831268787384,0.989831268787384,0.989831268787384,0.9797217044979334
6015,/home/yaxin/datasets/TacAct-original/21_4_L_5.xlsx,21,4,80,217.7033233642578,4.661814212799072,783.4000244140625,930.0,0.5256639719009399,3,3,correct_class_3,0.9995902180671692,0.9995902180671692,0.9995902180671692,0.9992060880467762
6016,/home/yaxin/datasets/TacAct-original/21_4_L_6.xlsx,21,4,80,236.3636016845703,4.738160610198975,782.2374877929688,899.0,0.5137720108032227,3,3,correct_class_3,0.9994988441467284,0.9994988441467284,0.9994988441467284,0.9990309017593972
6017,/home/yaxin/datasets/TacAct-original/21_4_L_7.xlsx,21,4,80,232.05093383789062,4.921311378479004,761.5,905.0,0.542511522769928,3,3,correct_class_3,0.9980693459510804,0.9980693459510804,0.9980693459510804,0.9961781059391799
6018,/home/yaxin/datasets/TacAct-original/21_4_L_8.xlsx,21,4,80,183.0,4.485862731933594,759.2874755859375,909.0,0.49417731165885925,3,6,class_3_to_6_error,0.9998138546943665,0.000115419665235,0.9998138546943665,0.9996984350291315
6019,/home/yaxin/datasets/TacAct-original/21_4_L_9.xlsx,21,4,80,170.0,4.677914619445801,780.75,941.0,0.5250970721244812,3,6,class_3_to_6_error,0.99979430437088,0.0001310959924012,0.99979430437088,0.9996632083784788
6020,/home/yaxin/datasets/TacAct-original/21_4_R_1.xlsx,21,4,80,155.3561248779297,3.780602216720581,820.4000244140625,932.0,0.48409488797187805,3,3,correct_class_3,0.9995928406715392,0.9995928406715392,0.9995928406715392,0.9992196187376975
6021,/home/yaxin/datasets/TacAct-original/21_4_R_10.xlsx,21,4,80,171.08839416503906,3.471637010574341,783.5125122070312,920.0,0.445744127035141,3,3,correct_class_3,0.999541997909546,0.999541997909546,0.999541997909546,0.9991202924575193
6022,/home/yaxin/datasets/TacAct-original/21_4_R_11.xlsx,21,4,80,148.89202880859375,3.736394166946411,786.3125,935.0,0.46194931864738464,3,3,correct_class_3,0.999537467956543,0.999537467956543,0.999537467956543,0.9991266630240717
6023,/home/yaxin/datasets/TacAct-original/21_4_R_12.xlsx,21,4,80,146.50672912597656,4.127567291259766,794.1749877929688,935.0,0.48441609740257263,3,3,correct_class_3,0.9995266199111938,0.9995266199111938,0.9995266199111938,0.9991015964769758
6024,/home/yaxin/datasets/TacAct-original/21_4_R_13.xlsx,21,4,80,133.2483673095703,4.218123435974121,783.4000244140625,910.0,0.47319456934928894,3,3,correct_class_3,0.9995477795600892,0.9995477795600892,0.9995477795600892,0.9991322059649975
6025,/home/yaxin/datasets/TacAct-original/21_4_R_14.xlsx,21,4,80,164.07449340820312,4.484327793121338,790.0999755859375,932.0,0.514458954334259,3,3,correct_class_3,0.999535322189331,0.999535322189331,0.999535322189331,0.9991145186359064
6026,/home/yaxin/datasets/TacAct-original/21_4_R_15.xlsx,21,4,80,174.0,4.0553364753723145,788.6749877929688,917.0,0.4734644293785095,3,3,correct_class_3,0.99951171875,0.99951171875,0.99951171875,0.9990656425361522
6027,/home/yaxin/datasets/TacAct-original/21_4_R_16.xlsx,21,4,80,216.81472778320312,4.335227966308594,792.3125,955.0,0.5414108037948608,3,3,correct_class_3,0.9995748400688172,0.9995748400688172,0.9995748400688172,0.9991890197852629
6028,/home/yaxin/datasets/TacAct-original/21_4_R_17.xlsx,21,4,80,147.1698455810547,4.153717994689941,823.0,931.0,0.542202353477478,3,3,correct_class_3,0.9995471835136414,0.9995471835136414,0.9995471835136414,0.9991384574386758
6029,/home/yaxin/datasets/TacAct-original/21_4_R_18.xlsx,21,4,80,187.0,4.4748711585998535,825.2625122070312,949.0,0.5534727573394775,3,3,correct_class_3,0.999550998210907,0.999550998210907,0.999550998210907,0.9991432318056469
6030,/home/yaxin/datasets/TacAct-original/21_4_R_19.xlsx,21,4,80,215.76821899414062,4.480113506317139,824.8125,946.0,0.5843749642372131,3,3,correct_class_3,0.9994543194770812,0.9994543194770812,0.9994543194770812,0.9989587419549933
6031,/home/yaxin/datasets/TacAct-original/21_4_R_2.xlsx,21,4,80,231.6930694580078,3.560253620147705,786.5374755859375,946.0,0.4712991416454315,3,3,correct_class_3,0.9992212057113647,0.9992212057113647,0.9992212057113647,0.9985193220782095
6032,/home/yaxin/datasets/TacAct-original/21_4_R_20.xlsx,21,4,80,249.0,4.408542633056641,820.2874755859375,925.0,0.5680574178695679,3,3,correct_class_3,0.9995219707489014,0.9995219707489014,0.9995219707489014,0.9990979068097658
6033,/home/yaxin/datasets/TacAct-original/21_4_R_3.xlsx,21,4,80,179.0,3.533344268798828,767.0750122070312,920.0,0.4481564164161682,3,3,correct_class_3,0.9995837807655334,0.9995837807655334,0.9995837807655334,0.9992002213257365
6034,/home/yaxin/datasets/TacAct-original/21_4_R_4.xlsx,21,4,80,223.03482055664062,3.204637050628662,777.8624877929688,931.0,0.44510936737060547,3,3,correct_class_3,0.9994195699691772,0.9994195699691772,0.9994195699691772,0.9988957368186675
6035,/home/yaxin/datasets/TacAct-original/21_4_R_5.xlsx,21,4,80,254.56405639648438,3.7501838207244873,778.2249755859375,924.0,0.4713321626186371,3,3,correct_class_3,0.9995957016944884,0.9995957016944884,0.9995957016944884,0.9992249140050261
6036,/home/yaxin/datasets/TacAct-original/21_4_R_6.xlsx,21,4,80,182.0,3.707202196121216,780.0499877929688,914.0,0.48147156834602356,3,3,correct_class_3,0.9995669722557068,0.9995669722557068,0.9995669722557068,0.9991709723253734
6037,/home/yaxin/datasets/TacAct-original/21_4_R_7.xlsx,21,4,80,194.90060424804688,3.2825043201446533,780.6500244140625,921.0,0.4402752220630646,3,3,correct_class_3,0.9994950294494628,0.9994950294494628,0.9994950294494628,0.9990446689189411
6038,/home/yaxin/datasets/TacAct-original/21_4_R_8.xlsx,21,4,80,171.0352325439453,3.0649828910827637,758.7874755859375,908.0,0.422633558511734,3,3,correct_class_3,0.9993131160736084,0.9993131160736084,0.9993131160736084,0.9986696399282665
6039,/home/yaxin/datasets/TacAct-original/21_4_R_9.xlsx,21,4,80,169.04644775390625,2.7111220359802246,773.8624877929688,908.0,0.3997064530849457,3,3,correct_class_3,0.9918571710586548,0.9918571710586548,0.9918571710586548,0.9841429679654539
6120,/home/yaxin/datasets/TacAct-original/21_7_L_1.xlsx,21,7,80,238.0,5.040279388427734,831.0499877929688,935.0,0.6072371006011963,6,3,class_6_to_3_error,0.9990358352661132,0.0008998943376354,0.9990358352661132,0.9981359409284778
6121,/home/yaxin/datasets/TacAct-original/21_7_L_10.xlsx,21,7,80,284.0,5.022397041320801,796.5125122070312,916.0,0.640001654624939,6,3,class_6_to_3_error,0.999573290348053,0.0003887524653691,0.999573290348053,0.9991845378826839
6122,/home/yaxin/datasets/TacAct-original/21_7_L_11.xlsx,21,7,80,256.0,5.092403411865234,812.2999877929688,918.0,0.6143271923065186,6,3,class_6_to_3_error,0.9995429515838624,0.0004149731830693,0.9995429515838624,0.9991279784007931
6123,/home/yaxin/datasets/TacAct-original/21_7_L_12.xlsx,21,7,80,281.41259765625,4.927524566650391,784.875,913.0,0.6159877777099609,6,3,class_6_to_3_error,0.9995885491371156,0.0003755210491362,0.9995885491371156,0.9992130280879794
6124,/home/yaxin/datasets/TacAct-original/21_7_L_13.xlsx,21,7,80,302.0,4.928200721740723,787.1500244140625,922.0,0.6087149381637573,6,3,class_6_to_3_error,0.999610722064972,0.0003566031518857,0.999610722064972,0.9992541189130864
6125,/home/yaxin/datasets/TacAct-original/21_7_L_14.xlsx,21,7,80,268.62432861328125,4.8521728515625,799.1624755859375,926.0,0.6022469997406006,6,3,class_6_to_3_error,0.9994741082191468,0.0004913136945106,0.9994741082191468,0.9989827945246362
6126,/home/yaxin/datasets/TacAct-original/21_7_L_15.xlsx,21,7,80,260.0,5.087625026702881,798.3250122070312,936.0,0.6191150546073914,6,3,class_6_to_3_error,0.999594509601593,0.0003731585165951,0.999594509601593,0.9992213510849979
6127,/home/yaxin/datasets/TacAct-original/21_7_L_16.xlsx,21,7,80,348.33380126953125,4.856101036071777,795.1375122070312,935.0,0.6028899550437927,6,3,class_6_to_3_error,0.9995846152305604,0.0003761207917705,0.9995846152305604,0.9992084944387899
6128,/home/yaxin/datasets/TacAct-original/21_7_L_17.xlsx,21,7,80,234.0174560546875,4.921855926513672,796.5250244140625,928.0,0.5876738429069519,6,3,class_6_to_3_error,0.9995926022529602,0.0003705470298882,0.9995926022529602,0.9992220552230721
6129,/home/yaxin/datasets/TacAct-original/21_7_L_18.xlsx,21,7,80,254.0,4.773333549499512,800.2874755859375,940.0,0.6314948797225952,6,3,class_6_to_3_error,0.9995632767677308,0.0003934541018679,0.9995632767677308,0.999169822665863
6130,/home/yaxin/datasets/TacAct-original/21_7_L_19.xlsx,21,7,80,238.96250915527344,5.0293169021606445,837.6375122070312,942.0,0.6859567165374756,6,3,class_6_to_3_error,0.9995777010917664,0.0003853139933198,0.9995777010917664,0.9991923870984466
6131,/home/yaxin/datasets/TacAct-original/21_7_L_2.xlsx,21,7,80,237.48898315429688,5.061480522155762,798.25,943.0,0.5878090262413025,6,3,class_6_to_3_error,0.9995620846748352,0.0003990775730926,0.9995620846748352,0.9991630071017426
6132,/home/yaxin/datasets/TacAct-original/21_7_L_20.xlsx,21,7,80,259.5823974609375,4.85689640045166,833.7125244140625,948.0,0.6975626349449158,6,3,class_6_to_3_error,0.9996054768562316,0.0003587287210393,0.9996054768562316,0.9992467481351923
6133,/home/yaxin/datasets/TacAct-original/21_7_L_3.xlsx,21,7,80,215.78280639648438,4.992938995361328,789.2249755859375,923.0,0.5966542363166809,6,3,class_6_to_3_error,0.99958473443985,0.0003858931304421,0.99958473443985,0.9991988413094078
6134,/home/yaxin/datasets/TacAct-original/21_7_L_4.xlsx,21,7,80,225.26748657226562,4.903634071350098,792.0125122070312,919.0,0.6025049686431885,6,3,class_6_to_3_error,0.9996041655540466,0.0003632573934737,0.9996041655540466,0.999240908160573
6135,/home/yaxin/datasets/TacAct-original/21_7_L_5.xlsx,21,7,80,288.0971374511719,5.014744281768799,778.0499877929688,907.0,0.6014396548271179,6,3,class_6_to_3_error,0.99959534406662,0.0003699121880345,0.99959534406662,0.9992254318785855
6136,/home/yaxin/datasets/TacAct-original/21_7_L_6.xlsx,21,7,80,268.0,5.211569786071777,783.7874755859375,933.0,0.5856540203094482,6,3,class_6_to_3_error,0.9995693564414978,0.0003926638455595,0.9995693564414978,0.9991766925959383
6137,/home/yaxin/datasets/TacAct-original/21_7_L_7.xlsx,21,7,80,262.0,5.018148899078369,780.9000244140625,907.0,0.5744501948356628,6,3,class_6_to_3_error,0.9995595812797546,0.0004075239994563,0.9995595812797546,0.9991520572802983
6138,/home/yaxin/datasets/TacAct-original/21_7_L_8.xlsx,21,7,80,250.0,5.122546195983887,784.3125,953.0,0.6023690104484558,6,3,class_6_to_3_error,0.9995490908622742,0.0004128731379751,0.9995490908622742,0.9991362177242991
6139,/home/yaxin/datasets/TacAct-original/21_7_L_9.xlsx,21,7,80,416.99908447265625,5.151003837585449,785.7999877929688,926.0,0.6079887747764587,6,3,class_6_to_3_error,0.9995864033699036,0.0003782587009482,0.9995864033699036,0.9992081446689554
6140,/home/yaxin/datasets/TacAct-original/21_7_R_1.xlsx,21,7,80,269.0,4.33526611328125,787.8375244140625,948.0,0.6423103213310242,6,6,correct_class_6,0.9994773268699646,0.9994773268699646,0.9994773268699646,0.9992481236549793
6141,/home/yaxin/datasets/TacAct-original/21_7_R_10.xlsx,21,7,80,216.0,5.179816246032715,736.0999755859375,918.0,0.6037647128105164,6,3,class_6_to_3_error,0.9993526339530944,0.0006069497903808,0.9993526339530944,0.9987456841627136
6142,/home/yaxin/datasets/TacAct-original/21_7_R_11.xlsx,21,7,80,261.0205993652344,4.985618591308594,736.2125244140625,903.0,0.604401707649231,6,3,class_6_to_3_error,0.9994993209838868,0.0004654306685552,0.9994993209838868,0.9990338903153316
6143,/home/yaxin/datasets/TacAct-original/21_7_R_12.xlsx,21,7,80,234.0,5.064028263092041,747.1500244140625,914.0,0.6116263270378113,6,3,class_6_to_3_error,0.9995362758636476,0.0004297879349905,0.9995362758636476,0.9991064879286571
6144,/home/yaxin/datasets/TacAct-original/21_7_R_13.xlsx,21,7,80,322.55633544921875,5.147393226623535,762.9625244140625,924.0,0.5876171588897705,6,3,class_6_to_3_error,0.9994489550590516,0.0005100537091493,0.9994489550590516,0.9989389013499024
6145,/home/yaxin/datasets/TacAct-original/21_7_R_14.xlsx,21,7,80,325.4612731933594,5.003623962402344,754.2000122070312,926.0,0.5727695226669312,6,6,correct_class_6,0.9995912909507751,0.9995912909507751,0.9995912909507751,0.9993887123855529
6146,/home/yaxin/datasets/TacAct-original/21_7_R_15.xlsx,21,7,80,237.95053100585938,4.736170291900635,744.8499755859375,925.0,0.565415620803833,6,6,correct_class_6,0.9996362924575806,0.9996362924575806,0.9996362924575806,0.9994834486569744
6147,/home/yaxin/datasets/TacAct-original/21_7_R_16.xlsx,21,7,80,218.0,4.882200717926025,758.6375122070312,927.0,0.5584020018577576,6,6,correct_class_6,0.999630331993103,0.999630331993103,0.999630331993103,0.9994715546199586
6148,/home/yaxin/datasets/TacAct-original/21_7_R_17.xlsx,21,7,80,192.9118194580078,4.512934684753418,741.1500244140625,922.0,0.5647508502006531,6,6,correct_class_6,0.9994712471961976,0.9994712471961976,0.9994712471961976,0.9991625378897881
6149,/home/yaxin/datasets/TacAct-original/21_7_R_18.xlsx,21,7,80,278.0,4.898335933685303,746.4500122070312,915.0,0.5767841339111328,6,6,correct_class_6,0.9992509484291076,0.9992509484291076,0.9992509484291076,0.9986630306812002
6150,/home/yaxin/datasets/TacAct-original/21_7_R_19.xlsx,21,7,80,264.5079650878906,4.856372833251953,752.1624755859375,926.0,0.5690397620201111,6,6,correct_class_6,0.9995359182357788,0.9995359182357788,0.9995359182357788,0.9993441678961972
6151,/home/yaxin/datasets/TacAct-original/21_7_R_2.xlsx,21,7,80,275.0,4.659058570861816,787.7874755859375,934.0,0.6095020771026611,6,3,class_6_to_3_error,0.9596266746520996,0.0402326509356498,0.9596266746520996,0.9193940237164498
6152,/home/yaxin/datasets/TacAct-original/21_7_R_20.xlsx,21,7,80,263.9715576171875,4.697861671447754,752.2750244140625,918.0,0.5754303932189941,6,6,correct_class_6,0.9995623230934144,0.9995623230934144,0.9995623230934144,0.9993953133234756
6153,/home/yaxin/datasets/TacAct-original/21_7_R_3.xlsx,21,7,80,272.0,4.217212200164795,756.5125122070312,920.0,0.5306403636932373,6,6,correct_class_6,0.9996135830879213,0.9996135830879213,0.9996135830879213,0.9994499822205399
6154,/home/yaxin/datasets/TacAct-original/21_7_R_4.xlsx,21,7,80,276.0,3.9814300537109375,726.1375122070312,907.0,0.5414833426475525,6,6,correct_class_6,0.9993937015533448,0.9993937015533448,0.9993937015533448,0.9989880931680092
6155,/home/yaxin/datasets/TacAct-original/21_7_R_5.xlsx,21,7,80,272.0,4.543304920196533,739.7750244140625,918.0,0.5926094055175781,6,6,correct_class_6,0.5104724168777466,0.5104724168777466,0.5104724168777466,0.021352738142013605
6156,/home/yaxin/datasets/TacAct-original/21_7_R_6.xlsx,21,7,80,260.0,4.809313774108887,766.25,938.0,0.5962902307510376,6,6,correct_class_6,0.9992974996566772,0.9992974996566772,0.9992974996566772,0.9987390791648069
6157,/home/yaxin/datasets/TacAct-original/21_7_R_7.xlsx,21,7,80,280.0,4.808167457580566,754.8875122070312,919.0,0.6083031892776489,6,6,correct_class_6,0.9995867609977722,0.9995867609977722,0.9995867609977722,0.9993399055965712
6158,/home/yaxin/datasets/TacAct-original/21_7_R_8.xlsx,21,7,80,270.47430419921875,4.729025363922119,761.3250122070312,920.0,0.5559461712837219,6,6,correct_class_6,0.9995203018188475,0.9995203018188475,0.9995203018188475,0.9992721138114574
6159,/home/yaxin/datasets/TacAct-original/21_7_R_9.xlsx,21,7,80,204.17218017578125,4.92727518081665,745.9500122070312,899.0,0.5607404112815857,6,3,class_6_to_3_error,0.9994111061096193,0.0005458714440464,0.9994111061096193,0.9988652346655729
8400,/home/yaxin/datasets/TacAct-original/26_4_L_1.xlsx,26,4,51,142.19789123535156,0.5640283823013306,74.1500015258789,161.0,0.13452929258346558,3,11,other,0.5216455459594727,0.0006528001395054,0.5216455459594727,0.23640030622482305
8401,/home/yaxin/datasets/TacAct-original/26_4_L_10.xlsx,26,4,47,102.18727111816406,0.7829278111457825,81.5875015258789,189.0,0.09799996763467789,3,6,class_3_to_6_error,0.9996914863586426,0.0001536088966531,0.9996914863586426,0.9995378774619895
8402,/home/yaxin/datasets/TacAct-original/26_4_L_11.xlsx,26,4,49,203.0,0.9658496975898743,80.7249984741211,175.0,0.10791217535734177,3,4,other,0.7280914783477783,0.0001733150420477,0.7280914783477783,0.48103590309619915
8403,/home/yaxin/datasets/TacAct-original/26_4_L_12.xlsx,26,4,53,193.0,0.9846221804618835,97.1624984741211,190.0,0.10216952860355377,3,6,class_3_to_6_error,0.9700958728790284,0.0003578343894332,0.9700958728790284,0.9417182654142381
8404,/home/yaxin/datasets/TacAct-original/26_4_L_13.xlsx,26,4,47,139.0540008544922,0.8087326288223267,72.0999984741211,163.0,0.09310282766819,3,6,class_3_to_6_error,0.984159529209137,0.0052507203072309,0.984159529209137,0.9747509136795998
8405,/home/yaxin/datasets/TacAct-original/26_4_L_14.xlsx,26,4,41,119.326904296875,0.6682707667350769,63.42499923706055,175.0,0.09341635555028915,3,3,correct_class_3,0.9989520311355592,0.9989520311355592,0.9989520311355592,0.9979823860339821
8406,/home/yaxin/datasets/TacAct-original/26_4_L_15.xlsx,26,4,56,113.96673583984375,0.9742404818534851,103.3499984741211,189.0,0.1042407676577568,3,3,correct_class_3,0.968768835067749,0.968768835067749,0.968768835067749,0.9377998244017364
8407,/home/yaxin/datasets/TacAct-original/26_4_L_16.xlsx,26,4,50,90.88044738769531,0.7067422270774841,94.55000305175781,196.0,0.09485118836164474,3,6,class_3_to_6_error,0.99871563911438,0.0003265571140218,0.99871563911438,0.9983224330062513
8408,/home/yaxin/datasets/TacAct-original/26_4_L_17.xlsx,26,4,48,94.39360046386719,0.8452469110488892,95.01249694824219,195.0,0.10301371663808823,3,3,correct_class_3,0.9991499185562134,0.9991499185562134,0.9991499185562134,0.9983855700120331
8409,/home/yaxin/datasets/TacAct-original/26_4_L_18.xlsx,26,4,42,75.0,0.6932803392410278,71.76249694824219,176.0,0.0894920825958252,3,6,class_3_to_6_error,0.9983842372894288,0.0012925103073939,0.9983842372894288,0.997091726982035
8410,/home/yaxin/datasets/TacAct-original/26_4_L_19.xlsx,26,4,46,114.35494995117188,0.8169801831245422,83.375,190.0,0.10266779363155365,3,3,correct_class_3,0.9992918968200684,0.9992918968200684,0.9992918968200684,0.9986584387370385
8411,/home/yaxin/datasets/TacAct-original/26_4_L_2.xlsx,26,4,54,88.50078582763672,0.6772087216377258,69.7750015258789,128.0,0.0727723240852356,3,3,correct_class_3,0.9927167296409608,0.9927167296409608,0.9927167296409608,0.9857250647619368
8412,/home/yaxin/datasets/TacAct-original/26_4_L_20.xlsx,26,4,50,165.06887817382812,0.6599178314208984,87.01249694824219,191.0,0.09523095190525055,3,6,class_3_to_6_error,0.9964272379875184,0.0014656150015071,0.9964272379875184,0.9949616229860113
8413,/home/yaxin/datasets/TacAct-original/26_4_L_3.xlsx,26,4,65,46.0,0.43189626932144165,76.51249694824219,127.0,0.0535811223089695,3,6,class_3_to_6_error,0.9970473647117616,0.0020376066677272,0.9970473647117616,0.9950097580440344
8414,/home/yaxin/datasets/TacAct-original/26_4_L_4.xlsx,26,4,49,77.2032699584961,0.7086380124092102,84.61250305175781,166.0,0.08178254216909409,3,6,class_3_to_6_error,0.9995988011360168,0.0001035506138578,0.9995988011360168,0.9994173897139262
8415,/home/yaxin/datasets/TacAct-original/26_4_L_5.xlsx,26,4,45,120.3212890625,0.7368674278259277,82.0875015258789,179.0,0.09362419694662094,3,6,class_3_to_6_error,0.9985576272010804,0.0004657119861803,0.9985576272010804,0.9980919152149001
8416,/home/yaxin/datasets/TacAct-original/26_4_L_6.xlsx,26,4,54,97.0,0.7134507894515991,103.75,186.0,0.08551736176013947,3,6,class_3_to_6_error,0.997056245803833,0.0020415987819433,0.997056245803833,0.9950146470218897
8417,/home/yaxin/datasets/TacAct-original/26_4_L_7.xlsx,26,4,50,81.54004669189453,0.8281517028808594,96.13749694824219,195.0,0.09616250544786453,3,6,class_3_to_6_error,0.9759465456008912,0.0205807983875274,0.9759465456008912,0.9553657472133639
8418,/home/yaxin/datasets/TacAct-original/26_4_L_8.xlsx,26,4,46,92.41283416748047,0.7074593305587769,84.63749694824219,175.0,0.09092148393392563,3,3,correct_class_3,0.9994308352470398,0.9994308352470398,0.9994308352470398,0.9989103008992971
8419,/home/yaxin/datasets/TacAct-original/26_4_L_9.xlsx,26,4,44,93.0,0.7406631708145142,79.5999984741211,188.0,0.09526249766349792,3,3,correct_class_3,0.9994598031044006,0.9994598031044006,0.9994598031044006,0.9989839045447299
8420,/home/yaxin/datasets/TacAct-original/26_4_R_1.xlsx,26,4,58,102.09269714355469,0.8606927990913391,114.69999694824219,184.0,0.10005518049001694,3,6,class_3_to_6_error,0.9967808723449708,0.0018708838615566,0.9967808723449708,0.9949099884834142
8421,/home/yaxin/datasets/TacAct-original/26_4_R_10.xlsx,26,4,73,138.6192626953125,0.7473545074462891,117.57499694824219,158.0,0.07741884887218475,3,1,other,0.8685388565063477,0.0144495731219649,0.8685388565063477,0.7570448741316795
8422,/home/yaxin/datasets/TacAct-original/26_4_R_11.xlsx,26,4,68,70.90498352050781,0.8842419385910034,129.8000030517578,193.0,0.10941091179847717,3,6,class_3_to_6_error,0.7428241968154907,0.0007753045647405,0.7428241968154907,0.48796847462654114
8423,/home/yaxin/datasets/TacAct-original/26_4_R_12.xlsx,26,4,46,60.96253204345703,0.8531943559646606,86.6624984741211,191.0,0.10028225183486938,3,3,correct_class_3,0.9989185333251952,0.9989185333251952,0.9989185333251952,0.9979463096242397
8424,/home/yaxin/datasets/TacAct-original/26_4_R_13.xlsx,26,4,55,58.13895797729492,0.6905031204223633,91.7249984741211,177.0,0.08963220566511154,3,6,class_3_to_6_error,0.9695409536361694,0.0265307463705539,0.9695409536361694,0.9430102072656156
8425,/home/yaxin/datasets/TacAct-original/26_4_R_14.xlsx,26,4,80,135.23715209960938,1.0970041751861572,160.71249389648438,194.0,0.10526501387357712,3,6,class_3_to_6_error,0.9983277916908264,0.0012124495115131,0.9983277916908264,0.9971153421793133
8426,/home/yaxin/datasets/TacAct-original/26_4_R_15.xlsx,26,4,80,126.96565246582031,1.0538901090621948,151.85000610351562,187.0,0.09363053739070892,3,3,correct_class_3,0.9987621307373048,0.9987621307373048,0.9987621307373048,0.9975437173852699
8427,/home/yaxin/datasets/TacAct-original/26_4_R_16.xlsx,26,4,50,92.47209167480469,0.6869133114814758,85.75,180.0,0.08502919226884842,3,6,class_3_to_6_error,0.998969793319702,0.000901204184629,0.998969793319702,0.998068589135073
8428,/home/yaxin/datasets/TacAct-original/26_4_R_17.xlsx,26,4,53,139.0,0.9175910949707031,97.36250305175781,196.0,0.09752919524908066,3,6,class_3_to_6_error,0.9974765181541444,0.0023048834409564,0.9974765181541444,0.995171634713188
8429,/home/yaxin/datasets/TacAct-original/26_4_R_18.xlsx,26,4,63,100.4334716796875,0.9973942041397095,127.5,200.0,0.11100929230451584,3,6,class_3_to_6_error,0.9847299456596376,0.0014197437558323,0.9847299456596376,0.9740520771592857
8430,/home/yaxin/datasets/TacAct-original/26_4_R_19.xlsx,26,4,66,65.33492279052734,0.8832071423530579,130.4375,192.0,0.09176163375377655,3,3,correct_class_3,0.9982951283454896,0.9982951283454896,0.9982951283454896,0.9966143359197305
8431,/home/yaxin/datasets/TacAct-original/26_4_R_2.xlsx,26,4,63,146.1754608154297,1.0151268243789673,125.32499694824219,187.0,0.10116548091173172,3,3,correct_class_3,0.987108051776886,0.987108051776886,0.987108051776886,0.9743861351162196
8432,/home/yaxin/datasets/TacAct-original/26_4_R_20.xlsx,26,4,57,100.0,0.7912224531173706,102.69999694824219,178.0,0.09183166921138763,3,6,class_3_to_6_error,0.9936258792877196,0.000378791737603,0.9936258792877196,0.9907022947445511
8433,/home/yaxin/datasets/TacAct-original/26_4_R_3.xlsx,26,4,55,92.42706298828125,0.5795930624008179,90.36250305175781,166.0,0.07531367987394333,3,3,correct_class_3,0.9945335388183594,0.9945335388183594,0.9945335388183594,0.9906982209067792
8434,/home/yaxin/datasets/TacAct-original/26_4_R_4.xlsx,26,4,74,112.0,0.8620935678482056,133.16250610351562,172.0,0.08403418213129044,3,1,other,0.4980284571647644,0.0059222937561571,0.4980284571647644,0.12935921549797058
8435,/home/yaxin/datasets/TacAct-original/26_4_R_5.xlsx,26,4,80,88.50078582763672,0.9882131814956665,165.33749389648438,198.0,0.09424186497926712,3,6,class_3_to_6_error,0.9996281862258912,8.170818910002708e-05,0.9996281862258912,0.9994929713866442
8436,/home/yaxin/datasets/TacAct-original/26_4_R_6.xlsx,26,4,53,181.0,0.733744740486145,95.51249694824219,178.0,0.0950615406036377,3,6,class_3_to_6_error,0.9997242093086244,5.226809662417509e-05,0.9997242093086244,0.9996016772056466
8437,/home/yaxin/datasets/TacAct-original/26_4_R_7.xlsx,26,4,69,199.60313415527344,0.9496076703071594,127.625,175.0,0.09905732423067093,3,6,class_3_to_6_error,0.9822835326194764,0.012663584202528,0.9822835326194764,0.9696199484169484
8438,/home/yaxin/datasets/TacAct-original/26_4_R_8.xlsx,26,4,80,86.02255249023438,1.070730447769165,157.10000610351562,186.0,0.09841540455818176,3,3,correct_class_3,0.9987249970436096,0.9987249970436096,0.9987249970436096,0.9974816244794056
8439,/home/yaxin/datasets/TacAct-original/26_4_R_9.xlsx,26,4,75,88.0,0.9534168243408203,143.91250610351562,194.0,0.08892173320055008,3,3,correct_class_3,0.9905052781105042,0.9905052781105042,0.9905052781105042,0.9811066230759026
8520,/home/yaxin/datasets/TacAct-original/26_7_L_1.xlsx,26,7,65,58.22781753540039,0.4670174717903137,78.8375015258789,131.0,0.059824731200933456,6,6,correct_class_6,0.999942183494568,0.999942183494568,0.999942183494568,0.9999157942856983
8521,/home/yaxin/datasets/TacAct-original/26_7_L_10.xlsx,26,7,64,76.5680923461914,0.44554147124290466,92.9749984741211,144.0,0.06224525347352028,6,6,correct_class_6,0.9990703463554382,0.9990703463554382,0.9990703463554382,0.9987341786036268
8522,/home/yaxin/datasets/TacAct-original/26_7_L_11.xlsx,26,7,53,72.76173400878906,0.5029668807983398,81.875,159.0,0.06505026668310165,6,6,correct_class_6,0.9979447722434998,0.9979447722434998,0.9979447722434998,0.9960176406893879
8523,/home/yaxin/datasets/TacAct-original/26_7_L_12.xlsx,26,7,61,83.0,0.45118460059165955,86.01249694824219,140.0,0.062346864491701126,6,6,correct_class_6,0.997610569000244,0.997610569000244,0.997610569000244,0.9968708209344185
8524,/home/yaxin/datasets/TacAct-original/26_7_L_13.xlsx,26,7,66,39.775634765625,0.41715139150619507,83.94999694824219,129.0,0.0505986325442791,6,6,correct_class_6,0.988852083683014,0.988852083683014,0.988852083683014,0.9800559282302859
8525,/home/yaxin/datasets/TacAct-original/26_7_L_14.xlsx,26,7,53,105.87390899658203,0.35422787070274353,76.55000305175781,147.0,0.05388467013835907,6,6,correct_class_6,0.9809672236442566,0.9809672236442566,0.9809672236442566,0.9704657057300211
8526,/home/yaxin/datasets/TacAct-original/26_7_L_15.xlsx,26,7,73,66.86212921142578,0.5366240739822388,105.98750305175781,147.0,0.06565053761005402,6,6,correct_class_6,0.9998146891593932,0.9998146891593932,0.9998146891593932,0.9997156276731402
8527,/home/yaxin/datasets/TacAct-original/26_7_L_16.xlsx,26,7,73,49.163333892822266,0.47883278131484985,111.7750015258789,145.0,0.06192896142601967,6,6,correct_class_6,0.9839074611663818,0.9839074611663818,0.9839074611663818,0.9682409893721342
8528,/home/yaxin/datasets/TacAct-original/26_7_L_17.xlsx,26,7,80,46.3198356628418,0.33133774995803833,109.05000305175781,150.0,0.05204565450549126,6,0,other,0.9986571073532104,0.0004561181995086,0.9986571073532104,0.9981645260122606
8529,/home/yaxin/datasets/TacAct-original/26_7_L_18.xlsx,26,7,59,71.59613800048828,0.5069049596786499,96.125,154.0,0.06924977153539658,6,6,correct_class_6,0.9992716908454896,0.9992716908454896,0.9992716908454896,0.9989698707649951
8530,/home/yaxin/datasets/TacAct-original/26_7_L_19.xlsx,26,7,47,48.21044158935547,0.2686283588409424,53.150001525878906,126.0,0.047251153737306595,6,6,correct_class_6,0.9992695450782776,0.9992695450782776,0.9992695450782776,0.9990209354145919
8531,/home/yaxin/datasets/TacAct-original/26_7_L_2.xlsx,26,7,59,67.67692565917969,0.3764767646789551,68.63749694824219,135.0,0.06138565018773079,6,6,correct_class_6,0.9981847405433656,0.9981847405433656,0.9981847405433656,0.9973197312210688
8532,/home/yaxin/datasets/TacAct-original/26_7_L_20.xlsx,26,7,61,47.73075866699219,0.3605571389198303,70.86250305175781,122.0,0.05255693569779396,6,6,correct_class_6,0.9985005855560304,0.9985005855560304,0.9985005855560304,0.9973297689575704
8533,/home/yaxin/datasets/TacAct-original/26_7_L_3.xlsx,26,7,65,71.97537994384766,0.6256378889083862,92.88749694824219,136.0,0.06861843168735504,6,6,correct_class_6,0.999849796295166,0.999849796295166,0.999849796295166,0.9997632188023999
8534,/home/yaxin/datasets/TacAct-original/26_7_L_4.xlsx,26,7,60,58.012733459472656,0.3825126588344574,66.2874984741211,117.0,0.05457348749041557,6,6,correct_class_6,0.9971911311149596,0.9971911311149596,0.9971911311149596,0.9958358177682384
8535,/home/yaxin/datasets/TacAct-original/26_7_L_5.xlsx,26,7,66,56.38227462768555,0.4716392457485199,92.9375,148.0,0.05904972553253174,6,6,correct_class_6,0.9998644590377808,0.9998644590377808,0.9998644590377808,0.9997983120701974
8536,/home/yaxin/datasets/TacAct-original/26_7_L_6.xlsx,26,7,63,66.15160369873047,0.5201976895332336,87.17500305175781,147.0,0.06894974410533905,6,6,correct_class_6,0.9981144666671752,0.9981144666671752,0.9981144666671752,0.9966575475409627
8537,/home/yaxin/datasets/TacAct-original/26_7_L_7.xlsx,26,7,43,74.67891693115234,0.4894959330558777,57.625,134.0,0.06341171264648438,6,6,correct_class_6,0.5061590671539307,0.5061590671539307,0.5061590671539307,0.04256224632263189
8538,/home/yaxin/datasets/TacAct-original/26_7_L_8.xlsx,26,7,63,39.986324310302734,0.3476807177066803,87.5999984741211,140.0,0.05314784124493599,6,6,correct_class_6,0.9954500794410706,0.9954500794410706,0.9954500794410706,0.9931029449217021
8539,/home/yaxin/datasets/TacAct-original/26_7_L_9.xlsx,26,7,73,48.72515106201172,0.5478668212890625,113.11250305175781,156.0,0.059981297701597214,6,6,correct_class_6,0.9988905787467957,0.9988905787467957,0.9988905787467957,0.9980687783099712
8540,/home/yaxin/datasets/TacAct-original/26_7_R_1.xlsx,26,7,46,58.0,0.32670730352401733,71.67500305175781,147.0,0.05540676787495613,6,3,class_6_to_3_error,0.926893413066864,0.073017381131649,0.926893413066864,0.853876031935215
8541,/home/yaxin/datasets/TacAct-original/26_7_R_10.xlsx,26,7,61,88.50627899169922,0.6381090879440308,88.2750015258789,150.0,0.07285813987255096,6,3,class_6_to_3_error,0.9991901516914368,0.0007737248088233,0.9991901516914368,0.9984164268826135
8542,/home/yaxin/datasets/TacAct-original/26_7_R_11.xlsx,26,7,57,100.20209503173828,0.4798854887485504,80.9749984741211,142.0,0.0667416974902153,6,3,class_6_to_3_error,0.9995742440223694,0.0003961523470934,0.9995742440223694,0.9991780916752759
8543,/home/yaxin/datasets/TacAct-original/26_7_R_12.xlsx,26,7,53,113.11714935302734,0.4427655339241028,74.88749694824219,153.0,0.06528419256210327,6,6,correct_class_6,0.9996676445007324,0.9996676445007324,0.9996676445007324,0.9995221829158254
8544,/home/yaxin/datasets/TacAct-original/26_7_R_13.xlsx,26,7,50,80.8796157836914,0.5231748819351196,71.42500305175781,150.0,0.07020192593336105,6,3,class_6_to_3_error,0.9994596838951112,0.0004736506962217,0.9994596838951112,0.9989860331988895
8545,/home/yaxin/datasets/TacAct-original/26_7_R_14.xlsx,26,7,43,199.90078735351562,0.532589316368103,66.01249694824219,159.0,0.07212243229150772,6,6,correct_class_6,0.9978874325752258,0.9978874325752258,0.9978874325752258,0.9963747739093378
8546,/home/yaxin/datasets/TacAct-original/26_7_R_15.xlsx,26,7,43,85.75208282470703,0.4734918475151062,61.087501525878906,149.0,0.06916055083274841,6,3,class_6_to_3_error,0.9995930790901184,0.0003699903609231,0.9995930790901184,0.9992230887291953
8547,/home/yaxin/datasets/TacAct-original/26_7_R_16.xlsx,26,7,42,159.1025390625,0.5295706987380981,59.974998474121094,154.0,0.07544976472854614,6,6,correct_class_6,0.9995285272598268,0.9995285272598268,0.9995285272598268,0.9993364337133246
8548,/home/yaxin/datasets/TacAct-original/26_7_R_17.xlsx,26,7,42,116.01759338378906,0.3717151880264282,47.787498474121094,126.0,0.05764727666974068,6,3,class_6_to_3_error,0.9993088245391846,0.0005837341304868,0.9993088245391846,0.9987250904086977
8549,/home/yaxin/datasets/TacAct-original/26_7_R_18.xlsx,26,7,39,71.86841583251953,0.47539252042770386,59.79999923706055,169.0,0.07401570677757263,6,3,class_6_to_3_error,0.9988464117050172,0.0010719010606408,0.9988464117050172,0.9977745106443764
8550,/home/yaxin/datasets/TacAct-original/26_7_R_19.xlsx,26,7,40,94.39360046386719,0.4213689863681793,50.400001525878906,142.0,0.06016932427883148,6,3,class_6_to_3_error,0.9993056058883668,0.0006276140920817,0.9993056058883668,0.9986779917962851
8551,/home/yaxin/datasets/TacAct-original/26_7_R_2.xlsx,26,7,73,79.04144287109375,0.6000429391860962,100.7750015258789,140.0,0.07407332956790924,6,6,correct_class_6,0.9995359182357788,0.9995359182357788,0.9995359182357788,0.999333983156248
8552,/home/yaxin/datasets/TacAct-original/26_7_R_20.xlsx,26,7,62,146.0,0.6344760060310364,82.98750305175781,135.0,0.07391892373561859,6,6,correct_class_6,0.9751881957054138,0.9751881957054138,0.9751881957054138,0.9588045924901963
8553,/home/yaxin/datasets/TacAct-original/26_7_R_3.xlsx,26,7,78,55.0,0.5632103681564331,127.86250305175781,158.0,0.07705461233854294,6,3,class_6_to_3_error,0.990756332874298,0.0091809462755918,0.990756332874298,0.9815753865987061
8554,/home/yaxin/datasets/TacAct-original/26_7_R_4.xlsx,26,7,56,58.012733459472656,0.3520234525203705,69.07499694824219,127.0,0.053139474242925644,6,3,class_6_to_3_error,0.8248443603515625,0.1749898046255111,0.8248443603515625,0.6498545557260514
8555,/home/yaxin/datasets/TacAct-original/26_7_R_5.xlsx,26,7,46,50.14659881591797,0.510392963886261,72.26249694824219,160.0,0.07817605137825012,6,6,correct_class_6,0.991935968399048,0.991935968399048,0.991935968399048,0.9842035626061263
8556,/home/yaxin/datasets/TacAct-original/26_7_R_6.xlsx,26,7,50,130.0,0.5417062044143677,66.19999694824219,135.0,0.07029983401298523,6,3,class_6_to_3_error,0.9992719292640686,0.0006405120366252,0.9992719292640686,0.9986314172274434
8557,/home/yaxin/datasets/TacAct-original/26_7_R_7.xlsx,26,7,51,110.29039001464844,0.28228798508644104,54.662498474121094,127.0,0.054459843784570694,6,3,class_6_to_3_error,0.9970468878746032,0.0023170770145952,0.9970468878746032,0.994729810860008
8558,/home/yaxin/datasets/TacAct-original/26_7_R_8.xlsx,26,7,64,53.81944274902344,0.501720130443573,100.1875,159.0,0.06523086130619049,6,3,class_6_to_3_error,0.9996790885925292,0.0003052655665669,0.9996790885925292,0.9993738230259623
8559,/home/yaxin/datasets/TacAct-original/26_7_R_9.xlsx,26,7,49,163.0,0.4578428268432617,71.73750305175781,158.0,0.07673386484384537,6,6,correct_class_6,0.9837650656700134,0.9837650656700134,0.9837650656700134,0.9692477686330676
12240,/home/yaxin/datasets/TacAct-original/33_4_L_1.xlsx,33,4,80,241.0,2.7237448692321777,355.1875,629.0,0.345592200756073,3,3,correct_class_3,0.9503174424171448,0.9503174424171448,0.9503174424171448,0.9133756943047047
12241,/home/yaxin/datasets/TacAct-original/33_4_L_10.xlsx,33,4,80,332.0,2.2267539501190186,383.2875061035156,574.0,0.30976057052612305,3,11,other,0.6580186486244202,0.3348729014396667,0.6580186486244202,0.3231457471847535
12242,/home/yaxin/datasets/TacAct-original/33_4_L_11.xlsx,33,4,80,163.0,2.0454230308532715,236.66250610351562,567.0,0.2769899368286133,3,6,class_3_to_6_error,0.9414284825325012,0.0502807833254337,0.9414284825325012,0.8911476992070675
12243,/home/yaxin/datasets/TacAct-original/33_4_L_12.xlsx,33,4,80,296.0,1.9503387212753296,232.375,545.0,0.25879812240600586,3,6,class_3_to_6_error,0.9985344409942628,0.0006715561612509,0.9985344409942628,0.9978628848330119
12244,/home/yaxin/datasets/TacAct-original/33_4_L_13.xlsx,33,4,80,241.0,1.4702212810516357,226.08749389648438,328.0,0.21603471040725708,3,3,correct_class_3,0.9988390803337096,0.9988390803337096,0.9988390803337096,0.9979756047250702
12245,/home/yaxin/datasets/TacAct-original/33_4_L_14.xlsx,33,4,80,213.6657257080078,1.518816590309143,138.4875030517578,277.0,0.20370787382125854,3,3,correct_class_3,0.9990262985229492,0.9990262985229492,0.9990262985229492,0.9982248828164302
12246,/home/yaxin/datasets/TacAct-original/33_4_L_15.xlsx,33,4,80,336.38568115234375,1.6427786350250244,162.75,295.0,0.19271357357501984,3,3,correct_class_3,0.9991326928138732,0.9991326928138732,0.9991326928138732,0.9984102896414697
12247,/home/yaxin/datasets/TacAct-original/33_4_L_16.xlsx,33,4,80,165.0,1.8822553157806396,331.3374938964844,503.0,0.24774472415447235,3,3,correct_class_3,0.9987879395484924,0.9987879395484924,0.9987879395484924,0.997821552620735
12248,/home/yaxin/datasets/TacAct-original/33_4_L_17.xlsx,33,4,80,169.04644775390625,2.3066246509552,260.75,562.0,0.2886413037776947,3,6,class_3_to_6_error,0.9946987628936768,0.0042415391653776,0.9946987628936768,0.9904572237282991
12249,/home/yaxin/datasets/TacAct-original/33_4_L_18.xlsx,33,4,80,179.0,1.9903961420059204,270.4125061035156,509.0,0.25950101017951965,3,11,other,0.8674801588058472,0.0739583224058151,0.8674801588058472,0.793521836400032
12250,/home/yaxin/datasets/TacAct-original/33_4_L_19.xlsx,33,4,80,181.0,1.9592536687850952,269.6000061035156,519.0,0.2629522979259491,3,6,class_3_to_6_error,0.6670765280723572,0.3295535743236542,0.6670765280723572,0.337522953748703
12251,/home/yaxin/datasets/TacAct-original/33_4_L_2.xlsx,33,4,80,253.0,2.3306949138641357,248.9250030517578,576.0,0.3124241530895233,3,3,correct_class_3,0.922699511051178,0.922699511051178,0.922699511051178,0.8471546396613122
12252,/home/yaxin/datasets/TacAct-original/33_4_L_20.xlsx,33,4,80,188.0,1.8551641702651978,208.5500030517578,470.0,0.2578599154949188,3,3,correct_class_3,0.9988328814506532,0.9988328814506532,0.9988328814506532,0.9978773079928944
12253,/home/yaxin/datasets/TacAct-original/33_4_L_3.xlsx,33,4,80,246.0,2.145505905151367,234.25,569.0,0.2609499394893646,3,3,correct_class_3,0.9966381788253784,0.9966381788253784,0.9966381788253784,0.9936244781129062
12254,/home/yaxin/datasets/TacAct-original/33_4_L_4.xlsx,33,4,80,341.0760498046875,1.98681640625,224.96249389648438,469.0,0.28661048412323,3,3,correct_class_3,0.9991106390953064,0.9991106390953064,0.9991106390953064,0.998378717864398
12255,/home/yaxin/datasets/TacAct-original/33_4_L_5.xlsx,33,4,80,281.3426513671875,1.7757928371429443,188.0500030517578,449.0,0.24355646967887878,3,3,correct_class_3,0.999129593372345,0.999129593372345,0.999129593372345,0.9984137534629554
12256,/home/yaxin/datasets/TacAct-original/33_4_L_6.xlsx,33,4,80,236.96726989746094,1.576263427734375,164.5625,318.0,0.17750635743141174,3,3,correct_class_3,0.9990224838256836,0.9990224838256836,0.9990224838256836,0.998217624553945
12257,/home/yaxin/datasets/TacAct-original/33_4_L_7.xlsx,33,4,80,233.0,1.7097322940826416,174.8125,317.0,0.20663751661777496,3,3,correct_class_3,0.9955258965492249,0.9955258965492249,0.9955258965492249,0.9914441341534258
12258,/home/yaxin/datasets/TacAct-original/33_4_L_8.xlsx,33,4,80,269.47991943359375,1.8215806484222412,193.33749389648438,429.0,0.23745295405387878,3,3,correct_class_3,0.9990832805633544,0.9990832805633544,0.9990832805633544,0.9983436912880279
12259,/home/yaxin/datasets/TacAct-original/33_4_L_9.xlsx,33,4,80,326.1601867675781,2.3602607250213623,272.92498779296875,532.0,0.316831111907959,3,3,correct_class_3,0.9986885190010072,0.9986885190010072,0.9986885190010072,0.9976746519096197
12260,/home/yaxin/datasets/TacAct-original/33_4_R_1.xlsx,33,4,59,306.0,2.0595412254333496,61.95000076293945,248.0,0.3420717120170593,3,3,correct_class_3,0.9989933371543884,0.9989933371543884,0.9989933371543884,0.9981596443103627
12261,/home/yaxin/datasets/TacAct-original/33_4_R_10.xlsx,33,4,80,278.26446533203125,2.05031156539917,64.55000305175781,292.0,0.36355340480804443,3,3,correct_class_3,0.9939397573471068,0.9939397573471068,0.9939397573471068,0.9889071960933506
12262,/home/yaxin/datasets/TacAct-original/33_4_R_11.xlsx,33,4,79,201.86134338378906,2.0816171169281006,69.6624984741211,240.0,0.35378578305244446,3,6,class_3_to_6_error,0.8107113838195801,0.1793327778577804,0.8107113838195801,0.6313786059617996
12263,/home/yaxin/datasets/TacAct-original/33_4_R_12.xlsx,33,4,77,290.06365966796875,1.8392040729522705,59.8125,252.0,0.3499348759651184,3,3,correct_class_3,0.816611647605896,0.816611647605896,0.816611647605896,0.7409132793545723
12264,/home/yaxin/datasets/TacAct-original/33_4_R_13.xlsx,33,4,66,288.37335205078125,2.2440829277038574,70.0250015258789,242.0,0.3779211640357971,3,6,class_3_to_6_error,0.808399498462677,0.1547054052352905,0.808399498462677,0.6536940932273865
12265,/home/yaxin/datasets/TacAct-original/33_4_R_14.xlsx,33,4,71,229.10113525390625,2.209636688232422,65.44999694824219,303.0,0.3818788528442383,3,3,correct_class_3,0.9990527033805848,0.9990527033805848,0.9990527033805848,0.9983186866738836
12266,/home/yaxin/datasets/TacAct-original/33_4_R_15.xlsx,33,4,79,290.0,2.232814073562622,74.82499694824219,243.0,0.341084361076355,3,6,class_3_to_6_error,0.7520259022712708,0.2077516615390777,0.7520259022712708,0.544274240732193
12267,/home/yaxin/datasets/TacAct-original/33_4_R_16.xlsx,33,4,80,315.0,2.508794069290161,76.8125,317.0,0.375739723443985,3,3,correct_class_3,0.999113142490387,0.999113142490387,0.999113142490387,0.9984130483935587
12268,/home/yaxin/datasets/TacAct-original/33_4_R_17.xlsx,33,4,80,283.4013977050781,1.850847840309143,60.625,236.0,0.3223755657672882,3,11,other,0.9362598061561584,0.0067113609984517,0.9362598061561584,0.8933221995830536
12269,/home/yaxin/datasets/TacAct-original/33_4_R_18.xlsx,33,4,74,230.0843963623047,2.127948045730591,61.82500076293945,210.0,0.34558314085006714,3,11,other,0.8774864077568054,0.0104838646948337,0.8774864077568054,0.8092299625277519
12270,/home/yaxin/datasets/TacAct-original/33_4_R_19.xlsx,33,4,75,311.0,2.1518044471740723,68.86250305175781,280.0,0.3517540991306305,3,3,correct_class_3,0.6944082379341125,0.6944082379341125,0.6944082379341125,0.39638400077819824
12271,/home/yaxin/datasets/TacAct-original/33_4_R_2.xlsx,33,4,70,333.0,2.138883113861084,61.86249923706055,273.0,0.37727847695350647,3,3,correct_class_3,0.9986695051193236,0.9986695051193236,0.9986695051193236,0.9975447412580252
12272,/home/yaxin/datasets/TacAct-original/33_4_R_20.xlsx,33,4,74,199.1635284423828,2.1118152141571045,72.8125,242.0,0.3212783634662628,3,3,correct_class_3,0.9960067868232728,0.9960067868232728,0.9960067868232728,0.9932340937666596
12273,/home/yaxin/datasets/TacAct-original/33_4_R_3.xlsx,33,4,69,251.0,1.8784873485565186,55.462501525878906,231.0,0.35291028022766113,3,3,correct_class_3,0.9317646026611328,0.9317646026611328,0.9317646026611328,0.8780587799847126
12274,/home/yaxin/datasets/TacAct-original/33_4_R_4.xlsx,33,4,80,347.0859680175781,2.1555638313293457,71.86250305175781,323.0,0.3946003019809723,3,3,correct_class_3,0.9990383386611938,0.9990383386611938,0.9990383386611938,0.9982870206586085
12275,/home/yaxin/datasets/TacAct-original/33_4_R_5.xlsx,33,4,72,216.31866455078125,1.7884308099746704,56.912498474121094,216.0,0.2910655736923218,3,3,correct_class_3,0.7549777030944824,0.7549777030944824,0.7549777030944824,0.5463624745607376
12276,/home/yaxin/datasets/TacAct-original/33_4_R_6.xlsx,33,4,72,299.3116455078125,2.2814903259277344,77.2125015258789,351.0,0.38335496187210083,3,3,correct_class_3,0.999082088470459,0.999082088470459,0.999082088470459,0.9983594572986477
12277,/home/yaxin/datasets/TacAct-original/33_4_R_7.xlsx,33,4,80,197.19821166992188,1.9642372131347656,65.26249694824219,235.0,0.31544867157936096,3,3,correct_class_3,0.9961270689964294,0.9961270689964294,0.9961270689964294,0.9933292651548983
12278,/home/yaxin/datasets/TacAct-original/33_4_R_8.xlsx,33,4,74,303.82940673828125,2.355940580368042,76.9625015258789,353.0,0.4236484467983246,3,3,correct_class_3,0.9990516304969788,0.9990516304969788,0.9990516304969788,0.9983172098873183
12279,/home/yaxin/datasets/TacAct-original/33_4_R_9.xlsx,33,4,74,206.89804077148438,1.8962268829345703,60.375,241.0,0.3407972753047943,3,11,other,0.7411272525787354,0.18446084856987,0.7411272525787354,0.5566664040088654
12360,/home/yaxin/datasets/TacAct-original/33_7_L_1.xlsx,33,7,80,165.3250732421875,2.6135382652282715,400.57501220703125,741.0,0.36972901225090027,6,6,correct_class_6,0.6411604881286621,0.6411604881286621,0.6411604881286621,0.3485174179077149
12361,/home/yaxin/datasets/TacAct-original/33_7_L_10.xlsx,33,7,80,281.0,1.5787273645401,219.6750030517578,421.0,0.2548597455024719,6,3,class_6_to_3_error,0.9918545484542848,0.0076053449884057,0.9918545484542848,0.9842492034658791
12362,/home/yaxin/datasets/TacAct-original/33_7_L_11.xlsx,33,7,80,157.16380310058594,2.396054267883301,342.7250061035156,644.0,0.39274299144744873,6,6,correct_class_6,0.9976929426193236,0.9976929426193236,0.9976929426193236,0.9965591181535273
12363,/home/yaxin/datasets/TacAct-original/33_7_L_12.xlsx,33,7,80,186.0,1.905255675315857,206.6125030517578,487.0,0.31911906599998474,6,3,class_6_to_3_error,0.9808241128921508,0.017169902101159,0.9808241128921508,0.9636542107909918
12364,/home/yaxin/datasets/TacAct-original/33_7_L_13.xlsx,33,7,80,311.24432373046875,1.757806420326233,205.875,403.0,0.27968767285346985,6,3,class_6_to_3_error,0.9737658500671388,0.0249247904866933,0.9737658500671388,0.9488410595804455
12365,/home/yaxin/datasets/TacAct-original/33_7_L_14.xlsx,33,7,80,266.57550048828125,1.6515623331069946,326.6875,471.0,0.25746259093284607,6,3,class_6_to_3_error,0.9977301955223083,0.0020519578829407,0.9977301955223083,0.9956782376393677
12366,/home/yaxin/datasets/TacAct-original/33_7_L_15.xlsx,33,7,80,283.99774169921875,1.988595962524414,219.8000030517578,463.0,0.30039018392562866,6,6,correct_class_6,0.9605830907821656,0.9605830907821656,0.9605830907821656,0.9237763173878194
12367,/home/yaxin/datasets/TacAct-original/33_7_L_16.xlsx,33,7,80,303.0,2.1527786254882812,227.6875,477.0,0.33081939816474915,6,6,correct_class_6,0.963058352470398,0.963058352470398,0.963058352470398,0.9280582852661611
12368,/home/yaxin/datasets/TacAct-original/33_7_L_17.xlsx,33,7,80,362.0,1.9724361896514893,199.78750610351562,412.0,0.3272327780723572,6,6,correct_class_6,0.9754168391227722,0.9754168391227722,0.9754168391227722,0.9524709545075895
12369,/home/yaxin/datasets/TacAct-original/33_7_L_18.xlsx,33,7,80,252.0,1.944591760635376,238.72500610351562,494.0,0.27609822154045105,6,6,correct_class_6,0.997089982032776,0.997089982032776,0.997089982032776,0.9953409214504065
12370,/home/yaxin/datasets/TacAct-original/33_7_L_19.xlsx,33,7,80,323.0,1.9357330799102783,209.6999969482422,453.0,0.33398887515068054,6,6,correct_class_6,0.8862093687057495,0.8862093687057495,0.8862093687057495,0.7750285789370537
12371,/home/yaxin/datasets/TacAct-original/33_7_L_2.xlsx,33,7,80,172.0,2.4712326526641846,276.29998779296875,573.0,0.38009753823280334,6,6,correct_class_6,0.994115114212036,0.994115114212036,0.994115114212036,0.9894444504752754
12372,/home/yaxin/datasets/TacAct-original/33_7_L_20.xlsx,33,7,80,340.0,1.927616834640503,208.97500610351562,391.0,0.31199386715888977,6,6,correct_class_6,0.9904388785362244,0.9904388785362244,0.9904388785362244,0.9822282446548344
12373,/home/yaxin/datasets/TacAct-original/33_7_L_3.xlsx,33,7,80,196.88938903808594,2.3586065769195557,241.1875,527.0,0.3610776662826538,6,6,correct_class_6,0.9940975904464722,0.9940975904464722,0.9940975904464722,0.9903030793648213
12374,/home/yaxin/datasets/TacAct-original/33_7_L_4.xlsx,33,7,80,172.0296173095703,2.4896392822265625,280.70001220703125,616.0,0.36578455567359924,6,6,correct_class_6,0.9924289584159852,0.9924289584159852,0.9924289584159852,0.9864067132584752
12375,/home/yaxin/datasets/TacAct-original/33_7_L_5.xlsx,33,7,80,183.99989318847656,2.3265411853790283,218.3125,477.0,0.3590911030769348,6,6,correct_class_6,0.9848751425743104,0.9848751425743104,0.9848751425743104,0.9722031401470305
12376,/home/yaxin/datasets/TacAct-original/33_7_L_6.xlsx,33,7,80,167.0,1.9994415044784546,199.0749969482422,406.0,0.29500487446784973,6,6,correct_class_6,0.994669497013092,0.994669497013092,0.994669497013092,0.9906124379485847
12377,/home/yaxin/datasets/TacAct-original/33_7_L_7.xlsx,33,7,80,180.97914123535156,1.9034029245376587,211.5124969482422,491.0,0.30559206008911133,6,6,correct_class_6,0.9933417439460754,0.9933417439460754,0.9933417439460754,0.9881407492794098
12378,/home/yaxin/datasets/TacAct-original/33_7_L_8.xlsx,33,7,80,192.39584350585938,1.58786141872406,194.5625,429.0,0.24713134765625,6,3,class_6_to_3_error,0.993988871574402,0.0051477393135428,0.993988871574402,0.9888411322608591
12379,/home/yaxin/datasets/TacAct-original/33_7_L_9.xlsx,33,7,80,173.0240020751953,2.0133419036865234,269.79998779296875,544.0,0.30443745851516724,6,6,correct_class_6,0.9981119632720948,0.9981119632720948,0.9981119632720948,0.9970519869821147
12380,/home/yaxin/datasets/TacAct-original/33_7_R_1.xlsx,33,7,80,165.06887817382812,2.305448532104492,279.1875,591.0,0.28372469544410706,6,6,correct_class_6,0.9985604882240297,0.9985604882240297,0.9985604882240297,0.9977534695644864
12381,/home/yaxin/datasets/TacAct-original/33_7_R_10.xlsx,33,7,80,191.0,2.1281094551086426,203.6125030517578,485.0,0.26358523964881897,6,6,correct_class_6,0.99812251329422,0.99812251329422,0.99812251329422,0.9970692305359989
12382,/home/yaxin/datasets/TacAct-original/33_7_R_11.xlsx,33,7,80,160.84014892578125,2.1377131938934326,204.5749969482422,389.0,0.2628844082355499,6,6,correct_class_6,0.9978588223457336,0.9978588223457336,0.9978588223457336,0.9966332878684625
12383,/home/yaxin/datasets/TacAct-original/33_7_R_12.xlsx,33,7,80,167.15533447265625,1.9813642501831055,182.14999389648438,427.0,0.2512715458869934,6,6,correct_class_6,0.9979599714279176,0.9979599714279176,0.9979599714279176,0.996877710800618
12384,/home/yaxin/datasets/TacAct-original/33_7_R_13.xlsx,33,7,80,173.0,2.0712621212005615,214.0124969482422,509.0,0.2548464238643646,6,6,correct_class_6,0.9712784886360168,0.9712784886360168,0.9712784886360168,0.9447559993714094
12385,/home/yaxin/datasets/TacAct-original/33_7_R_14.xlsx,33,7,80,165.43557739257812,2.2441329956054688,234.02499389648438,546.0,0.28579816222190857,6,6,correct_class_6,0.9933603405952454,0.9933603405952454,0.9933603405952454,0.9877738133072853
12386,/home/yaxin/datasets/TacAct-original/33_7_R_15.xlsx,33,7,80,150.0,2.1971893310546875,230.08749389648438,561.0,0.2829466164112091,6,6,correct_class_6,0.987129271030426,0.987129271030426,0.987129271030426,0.9755090987309815
12387,/home/yaxin/datasets/TacAct-original/33_7_R_16.xlsx,33,7,80,190.1571807861328,2.2203526496887207,240.875,575.0,0.28480494022369385,6,6,correct_class_6,0.9869197010993958,0.9869197010993958,0.9869197010993958,0.9751412617042662
12388,/home/yaxin/datasets/TacAct-original/33_7_R_17.xlsx,33,7,80,179.9847412109375,2.2848315238952637,222.8874969482422,530.0,0.2719869613647461,6,6,correct_class_6,0.9923515915870668,0.9923515915870668,0.9923515915870668,0.9856410385109485
12389,/home/yaxin/datasets/TacAct-original/33_7_R_18.xlsx,33,7,80,133.42022705078125,2.090496301651001,283.48748779296875,434.0,0.24885904788970947,6,6,correct_class_6,0.996556043624878,0.996556043624878,0.996556043624878,0.9942287700250746
12390,/home/yaxin/datasets/TacAct-original/33_7_R_19.xlsx,33,7,80,195.0,2.204310655593872,185.5124969482422,464.0,0.271616131067276,6,6,correct_class_6,0.9938433170318604,0.9938433170318604,0.9938433170318604,0.9886010214686395
12391,/home/yaxin/datasets/TacAct-original/33_7_R_2.xlsx,33,7,80,148.1642303466797,2.147273540496826,234.5,589.0,0.2682555615901947,6,6,correct_class_6,0.9980112314224244,0.9980112314224244,0.9980112314224244,0.9966419773409144
12392,/home/yaxin/datasets/TacAct-original/33_7_R_20.xlsx,33,7,80,146.50672912597656,2.0481514930725098,174.47500610351562,386.0,0.25101250410079956,6,6,correct_class_6,0.9844670295715332,0.9844670295715332,0.9844670295715332,0.9700755067169667
12393,/home/yaxin/datasets/TacAct-original/33_7_R_3.xlsx,33,7,80,182.7277069091797,2.2825818061828613,307.3125,683.0,0.29136747121810913,6,6,correct_class_6,0.9969074130058287,0.9969074130058287,0.9969074130058287,0.9946170351468027
12394,/home/yaxin/datasets/TacAct-original/33_7_R_4.xlsx,33,7,80,180.97914123535156,2.123804807662964,232.14999389648438,537.0,0.27905988693237305,6,6,correct_class_6,0.9945502877235411,0.9945502877235411,0.9945502877235411,0.9900704389438032
12395,/home/yaxin/datasets/TacAct-original/33_7_R_5.xlsx,33,7,80,226.0,2.184277296066284,251.0124969482422,667.0,0.2986985146999359,6,6,correct_class_6,0.996681034564972,0.996681034564972,0.996681034564972,0.9943346199579538
12396,/home/yaxin/datasets/TacAct-original/33_7_R_6.xlsx,33,7,80,198.878173828125,2.4453647136688232,265.76251220703125,577.0,0.31340476870536804,6,6,correct_class_6,0.99243426322937,0.99243426322937,0.99243426322937,0.9860074003227054
12397,/home/yaxin/datasets/TacAct-original/33_7_R_7.xlsx,33,7,80,164.0,2.1775455474853516,195.1875,433.0,0.26341766119003296,6,6,correct_class_6,0.996266782283783,0.996266782283783,0.996266782283783,0.9933659320231527
12398,/home/yaxin/datasets/TacAct-original/33_7_R_8.xlsx,33,7,80,180.4877166748047,2.124892234802246,189.28750610351562,430.0,0.26849037408828735,6,6,correct_class_6,0.997954249382019,0.997954249382019,0.997954249382019,0.996682859840803
12399,/home/yaxin/datasets/TacAct-original/33_7_R_9.xlsx,33,7,80,163.08009338378906,2.187570571899414,198.10000610351562,463.0,0.26930344104766846,6,6,correct_class_6,0.995955228805542,0.995955228805542,0.995955228805542,0.992770474171266
20880,/home/yaxin/datasets/TacAct-original/4_4_L_1.xlsx,4,4,80,298.9130554199219,2.488344669342041,522.1624755859375,897.0,0.31740760803222656,3,3,correct_class_3,0.9995912909507751,0.9995912909507751,0.9995912909507751,0.9992200070118997
20881,/home/yaxin/datasets/TacAct-original/4_4_L_10.xlsx,4,4,80,240.642578125,2.791734218597412,570.6875,894.0,0.3299330472946167,3,3,correct_class_3,0.9994058609008788,0.9994058609008788,0.9994058609008788,0.9988667831057682
20882,/home/yaxin/datasets/TacAct-original/4_4_L_11.xlsx,4,4,80,212.0,2.4455294609069824,523.4124755859375,854.0,0.30769917368888855,3,6,class_3_to_6_error,0.9221866130828856,0.022894125431776,0.9221866130828856,0.8682555891573428
20883,/home/yaxin/datasets/TacAct-original/4_4_L_12.xlsx,4,4,80,258.5416259765625,2.557889223098755,538.2625122070312,830.0,0.2841240167617798,3,3,correct_class_3,0.9919497966766356,0.9919497966766356,0.9919497966766356,0.9840172668918966
20884,/home/yaxin/datasets/TacAct-original/4_4_L_13.xlsx,4,4,80,239.9170684814453,2.2285492420196533,540.875,823.0,0.2844916880130768,3,6,class_3_to_6_error,0.992993175983429,0.0021777434740215,0.992993175983429,0.9897543471306562
20885,/home/yaxin/datasets/TacAct-original/4_4_L_14.xlsx,4,4,80,159.1025390625,1.9602245092391968,537.375,832.0,0.24101561307907104,3,6,class_3_to_6_error,0.9993744492530824,0.0004010894917882,0.9993744492530824,0.9989733597612942
20886,/home/yaxin/datasets/TacAct-original/4_4_L_15.xlsx,4,4,80,195.76544189453125,2.038465738296509,561.1749877929688,896.0,0.28377172350883484,3,6,class_3_to_6_error,0.6278490424156189,0.3664169013500213,0.6278490424156189,0.2614321410655976
20887,/home/yaxin/datasets/TacAct-original/4_4_L_16.xlsx,4,4,80,153.0,2.3543288707733154,506.8500061035156,860.0,0.2987011671066284,3,6,class_3_to_6_error,0.999817192554474,6.462153396569192e-05,0.999817192554474,0.9997525710205083
20888,/home/yaxin/datasets/TacAct-original/4_4_L_17.xlsx,4,4,80,155.274169921875,2.1956093311309814,498.07501220703125,846.0,0.2917652130126953,3,6,class_3_to_6_error,0.9994655251502992,0.0002166414342354,0.9994655251502992,0.9992488837160638
20889,/home/yaxin/datasets/TacAct-original/4_4_L_18.xlsx,4,4,80,184.7364044189453,2.1281678676605225,518.0875244140625,897.0,0.30364707112312317,3,6,class_3_to_6_error,0.998342990875244,0.0013093661982566,0.998342990875244,0.9970336246769874
20890,/home/yaxin/datasets/TacAct-original/4_4_L_19.xlsx,4,4,80,237.65940856933594,2.458184003829956,522.5875244140625,858.0,0.2844167649745941,3,6,class_3_to_6_error,0.977508008480072,0.0008309870609082,0.977508008480072,0.9564996194094421
20891,/home/yaxin/datasets/TacAct-original/4_4_L_2.xlsx,4,4,80,134.0,2.3190484046936035,548.4500122070312,925.0,0.3110668957233429,3,3,correct_class_3,0.993192493915558,0.993192493915558,0.993192493915558,0.9867181750014425
20892,/home/yaxin/datasets/TacAct-original/4_4_L_20.xlsx,4,4,80,278.0,2.542133331298828,507.375,821.0,0.28251540660858154,3,3,correct_class_3,0.9912501573562622,0.9912501573562622,0.9912501573562622,0.9838258884847165
20893,/home/yaxin/datasets/TacAct-original/4_4_L_3.xlsx,4,4,80,153.0,2.664100408554077,572.6375122070312,921.0,0.30918896198272705,3,6,class_3_to_6_error,0.9997218251228333,9.872796363197268e-05,0.9997218251228333,0.9996230971592013
20894,/home/yaxin/datasets/TacAct-original/4_4_L_4.xlsx,4,4,80,232.0,2.817723512649536,530.3250122070312,877.0,0.3212888836860657,3,6,class_3_to_6_error,0.9955819249153136,0.0041774711571633,0.9955819249153136,0.9914044537581503
20895,/home/yaxin/datasets/TacAct-original/4_4_L_5.xlsx,4,4,80,255.0,2.4906163215637207,500.61248779296875,820.0,0.2835138738155365,3,3,correct_class_3,0.9935046434402466,0.9935046434402466,0.9935046434402466,0.9872058257460595
20896,/home/yaxin/datasets/TacAct-original/4_4_L_6.xlsx,4,4,80,157.11375427246094,2.9081249237060547,526.3624877929688,855.0,0.31925705075263977,3,3,correct_class_3,0.9994673132896424,0.9994673132896424,0.9994673132896424,0.9989742138423028
20897,/home/yaxin/datasets/TacAct-original/4_4_L_7.xlsx,4,4,80,157.59056091308594,2.1908364295959473,530.4375,849.0,0.29418814182281494,3,3,correct_class_3,0.9271481037139891,0.9271481037139891,0.9271481037139891,0.8552175760269165
20898,/home/yaxin/datasets/TacAct-original/4_4_L_8.xlsx,4,4,80,127.0,2.0807461738586426,578.625,896.0,0.2953123152256012,3,3,correct_class_3,0.9960315823554992,0.9960315823554992,0.9960315823554992,0.9924255004152654
20899,/home/yaxin/datasets/TacAct-original/4_4_L_9.xlsx,4,4,80,141.0,2.542555093765259,564.0999755859375,923.0,0.3332469165325165,3,6,class_3_to_6_error,0.9997425675392152,7.359451410593465e-05,0.9997425675392152,0.9996689730251093
20900,/home/yaxin/datasets/TacAct-original/4_4_R_1.xlsx,4,4,80,181.0,2.537163496017456,529.8375244140625,905.0,0.32276955246925354,3,3,correct_class_3,0.9837995767593384,0.9837995767593384,0.9837995767593384,0.9680412113666534
20901,/home/yaxin/datasets/TacAct-original/4_4_R_10.xlsx,4,4,80,191.0,2.5629477500915527,550.4625244140625,916.0,0.31336650252342224,3,3,correct_class_3,0.9994924068450928,0.9994924068450928,0.9994924068450928,0.9990476990933531
20902,/home/yaxin/datasets/TacAct-original/4_4_R_11.xlsx,4,4,80,262.0,2.637387990951538,561.2000122070312,919.0,0.3038354218006134,3,3,correct_class_3,0.9995262622833252,0.9995262622833252,0.9995262622833252,0.9991063388588373
20903,/home/yaxin/datasets/TacAct-original/4_4_R_12.xlsx,4,4,80,252.0,2.6793131828308105,543.7125244140625,916.0,0.31352007389068604,3,3,correct_class_3,0.998310685157776,0.998310685157776,0.998310685157776,0.9967554999748247
20904,/home/yaxin/datasets/TacAct-original/4_4_R_13.xlsx,4,4,80,232.6874542236328,2.9010441303253174,595.9874877929688,911.0,0.3165329396724701,3,3,correct_class_3,0.9988214373588562,0.9988214373588562,0.9988214373588562,0.9977781443158165
20905,/home/yaxin/datasets/TacAct-original/4_4_R_14.xlsx,4,4,80,297.0,2.8256754875183105,532.1124877929688,860.0,0.33678749203681946,3,3,correct_class_3,0.998969554901123,0.998969554901123,0.998969554901123,0.998050392139703
20906,/home/yaxin/datasets/TacAct-original/4_4_R_15.xlsx,4,4,80,220.0,2.576425075531006,534.9500122070312,857.0,0.29614776372909546,3,3,correct_class_3,0.999568521976471,0.999568521976471,0.999568521976471,0.9991788188635837
20907,/home/yaxin/datasets/TacAct-original/4_4_R_16.xlsx,4,4,80,281.41259765625,2.606269121170044,547.8875122070312,885.0,0.30459243059158325,3,3,correct_class_3,0.99950909614563,0.99950909614563,0.99950909614563,0.9990789098374082
20908,/home/yaxin/datasets/TacAct-original/4_4_R_17.xlsx,4,4,80,201.5696563720703,2.2894721031188965,499.75,833.0,0.29059359431266785,3,3,correct_class_3,0.9963399171829224,0.9963399171829224,0.9963399171829224,0.9928576285019518
20909,/home/yaxin/datasets/TacAct-original/4_4_R_18.xlsx,4,4,80,278.0,1.8967020511627197,495.9624938964844,814.0,0.2555273771286011,3,1,other,0.8803271055221558,0.014628505334258,0.8803271055221558,0.7835733294487
20910,/home/yaxin/datasets/TacAct-original/4_4_R_19.xlsx,4,4,80,347.0,2.1279149055480957,553.3250122070312,867.0,0.3094976544380188,3,4,other,0.9965991377830504,4.924840322928503e-05,0.9965991377830504,0.994576153345406
20911,/home/yaxin/datasets/TacAct-original/4_4_R_2.xlsx,4,4,80,198.0,2.4140255451202393,547.7000122070312,860.0,0.28462013602256775,3,3,correct_class_3,0.999508500099182,0.999508500099182,0.999508500099182,0.9990713019797112
20912,/home/yaxin/datasets/TacAct-original/4_4_R_20.xlsx,4,4,80,269.4112854003906,2.359637498855591,538.6624755859375,931.0,0.3056027293205261,3,3,correct_class_3,0.9343372583389282,0.9343372583389282,0.9343372583389282,0.8792771399021149
20913,/home/yaxin/datasets/TacAct-original/4_4_R_3.xlsx,4,4,80,237.65940856933594,1.9679992198944092,517.5750122070312,896.0,0.27684149146080017,3,6,class_3_to_6_error,0.7796311378479004,0.0455690361559391,0.7796311378479004,0.6091253161430359
20914,/home/yaxin/datasets/TacAct-original/4_4_R_4.xlsx,4,4,80,280.418212890625,2.3911662101745605,550.1875,923.0,0.2993955612182617,3,3,correct_class_3,0.9993844032287598,0.9993844032287598,0.9993844032287598,0.9988399340072648
20915,/home/yaxin/datasets/TacAct-original/4_4_R_5.xlsx,4,4,80,327.15460205078125,2.6674516201019287,519.4874877929688,878.0,0.3408004641532898,3,3,correct_class_3,0.9993079900741576,0.9993079900741576,0.9993079900741576,0.9986781379557214
20916,/home/yaxin/datasets/TacAct-original/4_4_R_6.xlsx,4,4,80,185.0,3.027848482131958,559.0125122070312,890.0,0.36511242389678955,3,3,correct_class_3,0.9987260699272156,0.9987260699272156,0.9987260699272156,0.9975822479464114
20917,/home/yaxin/datasets/TacAct-original/4_4_R_7.xlsx,4,4,80,258.0,2.7648520469665527,548.2625122070312,929.0,0.3381747901439667,3,3,correct_class_3,0.9994577765464784,0.9994577765464784,0.9994577765464784,0.9989619432599286
20918,/home/yaxin/datasets/TacAct-original/4_4_R_8.xlsx,4,4,80,182.0,2.492860794067383,534.3125,920.0,0.3100127577781677,3,3,correct_class_3,0.9978054165840148,0.9978054165840148,0.9978054165840148,0.9957321207039058
20919,/home/yaxin/datasets/TacAct-original/4_4_R_9.xlsx,4,4,80,175.0,2.0630791187286377,537.3624877929688,915.0,0.27867889404296875,3,6,class_3_to_6_error,0.8113352656364441,0.001214969321154,0.8113352656364441,0.6267808824777604
21000,/home/yaxin/datasets/TacAct-original/4_7_L_1.xlsx,4,7,80,201.86134338378906,2.6862525939941406,649.9749755859375,905.0,0.40253445506095886,6,6,correct_class_6,0.9995645880699158,0.9995645880699158,0.9995645880699158,0.9993507895123913
21001,/home/yaxin/datasets/TacAct-original/4_7_L_10.xlsx,4,7,80,815.0,2.709437131881714,635.1375122070312,915.0,0.5055525302886963,6,6,correct_class_6,0.9997147917747498,0.9997147917747498,0.9997147917747498,0.9996242588022142
21002,/home/yaxin/datasets/TacAct-original/4_7_L_11.xlsx,4,7,80,168.0520477294922,2.393890380859375,613.7999877929688,884.0,0.4255533218383789,6,6,correct_class_6,0.9997695088386536,0.9997695088386536,0.9997695088386536,0.999698161976994
21003,/home/yaxin/datasets/TacAct-original/4_7_L_12.xlsx,4,7,80,815.0,3.4810593128204346,718.6124877929688,917.0,0.4101114273071289,6,6,correct_class_6,0.9995645880699158,0.9995645880699158,0.9995645880699158,0.9994379100971855
21004,/home/yaxin/datasets/TacAct-original/4_7_L_13.xlsx,4,7,80,141.20350646972656,2.256866455078125,633.2625122070312,832.0,0.33294373750686646,6,6,correct_class_6,0.999582588672638,0.999582588672638,0.999582588672638,0.99943061209342
21005,/home/yaxin/datasets/TacAct-original/4_7_L_14.xlsx,4,7,80,199.87255859375,2.937394618988037,687.0875244140625,936.0,0.40666574239730835,6,6,correct_class_6,0.9996610879898072,0.9996610879898072,0.9996610879898072,0.9995502270030557
21006,/home/yaxin/datasets/TacAct-original/4_7_L_15.xlsx,4,7,80,230.0843963623047,2.7702713012695312,654.7249755859375,857.0,0.37854719161987305,6,6,correct_class_6,0.9995808005332948,0.9995808005332948,0.9995808005332948,0.9994262519612677
21007,/home/yaxin/datasets/TacAct-original/4_7_L_16.xlsx,4,7,80,816.0,3.3369030952453613,697.0625,939.0,0.45237302780151367,6,6,correct_class_6,0.9996080994606018,0.9996080994606018,0.9996080994606018,0.9994596761534922
21008,/home/yaxin/datasets/TacAct-original/4_7_L_17.xlsx,4,7,80,184.95669555664062,2.403049945831299,635.1749877929688,883.0,0.42517364025115967,6,6,correct_class_6,0.9995582699775696,0.9995582699775696,0.9995582699775696,0.9993852040352068
21009,/home/yaxin/datasets/TacAct-original/4_7_L_18.xlsx,4,7,80,451.4945068359375,2.6630699634552,652.5999755859375,947.0,0.4726940989494324,6,6,correct_class_6,0.9995936751365662,0.9995936751365662,0.9995936751365662,0.999452715361258
21010,/home/yaxin/datasets/TacAct-original/4_7_L_19.xlsx,4,7,80,177.9712677001953,2.8899216651916504,652.8125,900.0,0.3877229690551758,6,6,correct_class_6,0.9995678067207336,0.9995678067207336,0.9995678067207336,0.9993869866302704
21011,/home/yaxin/datasets/TacAct-original/4_7_L_2.xlsx,4,7,80,191.9174346923828,2.5607361793518066,651.0374755859375,905.0,0.4029582142829895,6,6,correct_class_6,0.9993470311164856,0.9993470311164856,0.9993470311164856,0.9989757584407926
21012,/home/yaxin/datasets/TacAct-original/4_7_L_20.xlsx,4,7,80,215.0,3.1136062145233154,676.9749755859375,935.0,0.4174937605857849,6,6,correct_class_6,0.9996367692947388,0.9996367692947388,0.9996367692947388,0.9994993413856719
21013,/home/yaxin/datasets/TacAct-original/4_7_L_3.xlsx,4,7,80,802.3455810546875,2.7611312866210938,675.8499755859375,922.0,0.4918195605278015,6,6,correct_class_6,0.999614715576172,0.999614715576172,0.999614715576172,0.99947709319531
21014,/home/yaxin/datasets/TacAct-original/4_7_L_4.xlsx,4,7,80,112.1285629272461,2.1791012287139893,600.9874877929688,845.0,0.39009344577789307,6,6,correct_class_6,0.9991869330406188,0.9991869330406188,0.9991869330406188,0.9988539917685557
21015,/home/yaxin/datasets/TacAct-original/4_7_L_5.xlsx,4,7,80,206.0,2.6147122383117676,631.8125,907.0,0.4415860176086426,6,6,correct_class_6,0.9997478127479552,0.9997478127479552,0.9997478127479552,0.9996550672731245
21016,/home/yaxin/datasets/TacAct-original/4_7_L_6.xlsx,4,7,80,152.1417999267578,2.20389723777771,624.0875244140625,878.0,0.4004392623901367,6,6,correct_class_6,0.9992190599441528,0.9992190599441528,0.9992190599441528,0.9988597804622259
21017,/home/yaxin/datasets/TacAct-original/4_7_L_7.xlsx,4,7,80,143.0,2.3232626914978027,650.5499877929688,867.0,0.38159114122390747,6,6,correct_class_6,0.9996662139892578,0.9996662139892578,0.9996662139892578,0.9995617518798099
21018,/home/yaxin/datasets/TacAct-original/4_7_L_8.xlsx,4,7,80,205.0,2.987131118774414,656.1624755859375,955.0,0.49345746636390686,6,6,correct_class_6,0.9997809529304504,0.9997809529304504,0.9997809529304504,0.9997028204234084
21019,/home/yaxin/datasets/TacAct-original/4_7_L_9.xlsx,4,7,80,202.0,2.5497560501098633,631.6624755859375,923.0,0.4458993375301361,6,6,correct_class_6,0.9998098015785216,0.9998098015785216,0.9998098015785216,0.9997420886647886
21020,/home/yaxin/datasets/TacAct-original/4_7_R_1.xlsx,4,7,80,195.0,2.7533514499664307,580.5250244140625,892.0,0.37829142808914185,6,6,correct_class_6,0.999642252922058,0.999642252922058,0.999642252922058,0.9994836690311785
21021,/home/yaxin/datasets/TacAct-original/4_7_R_10.xlsx,4,7,80,168.0,3.130571126937866,588.1749877929688,878.0,0.39171046018600464,6,6,correct_class_6,0.9997671246528624,0.9997671246528624,0.9997671246528624,0.9996913661598227
21022,/home/yaxin/datasets/TacAct-original/4_7_R_11.xlsx,4,7,80,250.0,2.8697474002838135,558.4874877929688,897.0,0.3763052225112915,6,6,correct_class_6,0.9997907280921936,0.9997907280921936,0.9997907280921936,0.9997256803399068
21023,/home/yaxin/datasets/TacAct-original/4_7_R_12.xlsx,4,7,80,192.84176635742188,2.960578203201294,565.5499877929688,856.0,0.4085702896118164,6,6,correct_class_6,0.9998043179512024,0.9998043179512024,0.9998043179512024,0.9997317910092534
21024,/home/yaxin/datasets/TacAct-original/4_7_R_13.xlsx,4,7,80,188.93426513671875,2.346034526824951,570.2000122070312,885.0,0.36611732840538025,6,6,correct_class_6,0.9997357726097108,0.9997357726097108,0.9997357726097108,0.9996454409265426
21025,/home/yaxin/datasets/TacAct-original/4_7_R_14.xlsx,4,7,80,215.52903747558594,2.667369842529297,541.1749877929688,903.0,0.41977643966674805,6,6,correct_class_6,0.9998121857643129,0.9998121857643129,0.9998121857643129,0.9997416513651843
21026,/home/yaxin/datasets/TacAct-original/4_7_R_15.xlsx,4,7,80,208.82208251953125,2.5304322242736816,554.0,941.0,0.4213683307170868,6,6,correct_class_6,0.9998136162757874,0.9998136162757874,0.9998136162757874,0.9997440491133602
21027,/home/yaxin/datasets/TacAct-original/4_7_R_16.xlsx,4,7,80,234.43508911132812,2.7497589588165283,582.6375122070312,911.0,0.3927769064903259,6,6,correct_class_6,0.999755561351776,0.999755561351776,0.999755561351776,0.999654269478924
21028,/home/yaxin/datasets/TacAct-original/4_7_R_17.xlsx,4,7,80,194.3294677734375,2.9620509147644043,587.7249755859375,928.0,0.37089142203330994,6,6,correct_class_6,0.9998096823692322,0.9998096823692322,0.9998096823692322,0.9997420303843683
21029,/home/yaxin/datasets/TacAct-original/4_7_R_18.xlsx,4,7,80,217.0,2.7199289798736572,543.3875122070312,834.0,0.3656728267669678,6,6,correct_class_6,0.9997718930244446,0.9997718930244446,0.9997718930244446,0.9996789436045219
21030,/home/yaxin/datasets/TacAct-original/4_7_R_19.xlsx,4,7,80,176.00718688964844,2.5355048179626465,558.7750244140625,920.0,0.35288867354393005,6,6,correct_class_6,0.999737560749054,0.999737560749054,0.999737560749054,0.9996313010051382
21031,/home/yaxin/datasets/TacAct-original/4_7_R_2.xlsx,4,7,80,141.0,2.7156825065612793,554.3375244140625,835.0,0.39019742608070374,6,6,correct_class_6,0.999778926372528,0.999778926372528,0.999778926372528,0.9996770829093292
21032,/home/yaxin/datasets/TacAct-original/4_7_R_20.xlsx,4,7,80,173.0240020751953,2.752589464187622,529.7249755859375,854.0,0.35678085684776306,6,6,correct_class_6,0.99960595369339,0.99960595369339,0.99960595369339,0.999400832661195
21033,/home/yaxin/datasets/TacAct-original/4_7_R_3.xlsx,4,7,80,199.0,2.857820510864258,568.2000122070312,903.0,0.43422985076904297,6,6,correct_class_6,0.9997971653938292,0.9997971653938292,0.9997971653938292,0.9997182859297026
21034,/home/yaxin/datasets/TacAct-original/4_7_R_4.xlsx,4,7,80,193.90621948242188,2.6733646392822266,552.75,846.0,0.4314877986907959,6,6,correct_class_6,0.9998210072517396,0.9998210072517396,0.9998210072517396,0.999752816547698
21035,/home/yaxin/datasets/TacAct-original/4_7_R_5.xlsx,4,7,80,227.81797790527344,2.9006030559539795,632.4749755859375,903.0,0.3881218731403351,6,6,correct_class_6,0.9996019005775452,0.9996019005775452,0.9996019005775452,0.9994120476912941
21036,/home/yaxin/datasets/TacAct-original/4_7_R_6.xlsx,4,7,80,192.53997802734375,2.590697765350342,575.8375244140625,821.0,0.3535548448562622,6,6,correct_class_6,0.999779999256134,0.999779999256134,0.999779999256134,0.9996906995002064
21037,/home/yaxin/datasets/TacAct-original/4_7_R_7.xlsx,4,7,80,251.37144470214844,2.03084135055542,548.0625,935.0,0.3891015648841858,6,6,correct_class_6,0.9998445510864258,0.9998445510864258,0.9998445510864258,0.9997898347755836
21038,/home/yaxin/datasets/TacAct-original/4_7_R_8.xlsx,4,7,80,190.75372314453125,2.437168836593628,566.0,858.0,0.3769652545452118,6,6,correct_class_6,0.9998214840888976,0.9998214840888976,0.9998214840888976,0.9997624393581644
21039,/home/yaxin/datasets/TacAct-original/4_7_R_9.xlsx,4,7,80,227.7154998779297,2.6151299476623535,563.3250122070312,903.0,0.4000678062438965,6,6,correct_class_6,0.9998406171798706,0.9998406171798706,0.9998406171798706,0.9997879338079656
21840,/home/yaxin/datasets/TacAct-original/5_4_L_1.xlsx,5,4,80,158.0,2.2675094604492188,470.3500061035156,892.0,0.3528340458869934,3,3,correct_class_3,0.999508261680603,0.999508261680603,0.999508261680603,0.999077644723002
21841,/home/yaxin/datasets/TacAct-original/5_4_L_10.xlsx,5,4,80,147.489990234375,3.051462173461914,614.6749877929688,915.0,0.3798350393772125,3,3,correct_class_3,0.9993064403533936,0.9993064403533936,0.9993064403533936,0.9986970123718494
21842,/home/yaxin/datasets/TacAct-original/5_4_L_11.xlsx,5,4,80,137.22593688964844,2.476717233657837,550.7750244140625,911.0,0.37703269720077515,3,3,correct_class_3,0.9932436347007751,0.9932436347007751,0.9932436347007751,0.9867724454961717
21843,/home/yaxin/datasets/TacAct-original/5_4_L_12.xlsx,5,4,80,160.2724609375,2.7591755390167236,561.5250244140625,892.0,0.35922735929489136,3,3,correct_class_3,0.9977086782455444,0.9977086782455444,0.9977086782455444,0.9954997748136521
21844,/home/yaxin/datasets/TacAct-original/5_4_L_13.xlsx,5,4,80,172.0296173095703,3.1541926860809326,573.8250122070312,893.0,0.38832059502601624,3,3,correct_class_3,0.9851749539375304,0.9851749539375304,0.9851749539375304,0.9705888982862233
21845,/home/yaxin/datasets/TacAct-original/5_4_L_14.xlsx,5,4,80,139.2211151123047,2.563915729522705,553.0750122070312,894.0,0.35607320070266724,3,6,class_3_to_6_error,0.9606834053993224,0.0379470773041248,0.9606834053993224,0.9227363280951976
21846,/home/yaxin/datasets/TacAct-original/5_4_L_15.xlsx,5,4,80,161.0,3.157885789871216,555.2374877929688,840.0,0.38255879282951355,3,3,correct_class_3,0.9993051290512084,0.9993051290512084,0.9993051290512084,0.9987242841743864
21847,/home/yaxin/datasets/TacAct-original/5_4_L_16.xlsx,5,4,80,211.8052520751953,2.6404919624328613,507.26251220703125,844.0,0.34768861532211304,3,3,correct_class_3,0.9826601147651672,0.9826601147651672,0.9826601147651672,0.9656210746616125
21848,/home/yaxin/datasets/TacAct-original/5_4_L_17.xlsx,5,4,80,186.0,2.6854515075683594,553.0499877929688,888.0,0.3810078203678131,3,3,correct_class_3,0.9616305232048036,0.9616305232048036,0.9616305232048036,0.923495873808861
21849,/home/yaxin/datasets/TacAct-original/5_4_L_18.xlsx,5,4,80,118.0,2.3891489505767822,555.3499755859375,875.0,0.3460923433303833,3,3,correct_class_3,0.997954487800598,0.997954487800598,0.997954487800598,0.9961175544885918
21850,/home/yaxin/datasets/TacAct-original/5_4_L_19.xlsx,5,4,80,161.09132385253906,2.2688286304473877,529.9375,780.0,0.3078065812587738,3,3,correct_class_3,0.9993764758110046,0.9993764758110046,0.9993764758110046,0.9988210556912236
21851,/home/yaxin/datasets/TacAct-original/5_4_L_2.xlsx,5,4,80,142.57366943359375,2.4059436321258545,503.0375061035156,867.0,0.3565080165863037,3,3,correct_class_3,0.9993985891342164,0.9993985891342164,0.9993985891342164,0.998868970491458
21852,/home/yaxin/datasets/TacAct-original/5_4_L_20.xlsx,5,4,80,142.0,2.552365779876709,554.0750122070312,870.0,0.34598618745803833,3,6,class_3_to_6_error,0.997958779335022,0.0017412728630006,0.997958779335022,0.9962175064720213
21853,/home/yaxin/datasets/TacAct-original/5_4_L_3.xlsx,5,4,80,178.86045837402344,2.5775578022003174,493.1875,840.0,0.3571522831916809,3,3,correct_class_3,0.9985466599464417,0.9985466599464417,0.9985466599464417,0.9971584490267561
21854,/home/yaxin/datasets/TacAct-original/5_4_L_4.xlsx,5,4,80,158.4371795654297,2.574794054031372,551.1375122070312,877.0,0.35634854435920715,3,6,class_3_to_6_error,0.9994309544563292,0.0003111806581728,0.9994309544563292,0.9991197737981564
21855,/home/yaxin/datasets/TacAct-original/5_4_L_5.xlsx,5,4,80,254.56405639648438,2.5189387798309326,528.1124877929688,791.0,0.31823545694351196,3,3,correct_class_3,0.9994267225265504,0.9994267225265504,0.9994267225265504,0.9989247566554698
21856,/home/yaxin/datasets/TacAct-original/5_4_L_6.xlsx,5,4,80,185.0,2.359459400177002,509.13751220703125,846.0,0.35469454526901245,3,3,correct_class_3,0.9993937015533448,0.9993937015533448,0.9993937015533448,0.9988451036624613
21857,/home/yaxin/datasets/TacAct-original/5_4_L_7.xlsx,5,4,80,126.65253448486328,2.751410961151123,607.7750244140625,858.0,0.3351026177406311,3,3,correct_class_3,0.9993292093276978,0.9993292093276978,0.9993292093276978,0.9987313288729639
21858,/home/yaxin/datasets/TacAct-original/5_4_L_8.xlsx,5,4,80,137.0,2.1723504066467285,491.36248779296875,752.0,0.3136550784111023,3,6,class_3_to_6_error,0.9984444975852966,0.0003985256771557,0.9984444975852966,0.9978515265393071
21859,/home/yaxin/datasets/TacAct-original/5_4_L_9.xlsx,5,4,80,171.0352325439453,2.849194049835205,539.2999877929688,881.0,0.3797202706336975,3,6,class_3_to_6_error,0.9994885921478271,0.000279586209217,0.9994885921478271,0.9992090059386102
21860,/home/yaxin/datasets/TacAct-original/5_4_R_1.xlsx,5,4,80,151.1474151611328,1.9931862354278564,478.3999938964844,849.0,0.3273833692073822,3,3,correct_class_3,0.9988775849342346,0.9988775849342346,0.9988775849342346,0.9978053456870839
21861,/home/yaxin/datasets/TacAct-original/5_4_R_10.xlsx,5,4,80,142.19789123535156,2.4785003662109375,575.3125,865.0,0.34638258814811707,3,3,correct_class_3,0.998705506324768,0.998705506324768,0.998705506324768,0.9975138751324265
21862,/home/yaxin/datasets/TacAct-original/5_4_R_11.xlsx,5,4,80,156.11936950683594,2.7015528678894043,602.4625244140625,879.0,0.34215131402015686,3,3,correct_class_3,0.9990993738174438,0.9990993738174438,0.9990993738174438,0.9982579800998792
21863,/home/yaxin/datasets/TacAct-original/5_4_R_12.xlsx,5,4,80,144.0,1.8398263454437256,504.95001220703125,871.0,0.31788313388824463,3,6,class_3_to_6_error,0.9993698000907898,0.0005019060918129,0.9993698000907898,0.9988678939989769
21864,/home/yaxin/datasets/TacAct-original/5_4_R_13.xlsx,5,4,80,98.44469451904297,1.6382087469100952,566.8125,874.0,0.3020575940608978,3,3,correct_class_3,0.967549741268158,0.967549741268158,0.967549741268158,0.9360673241317272
21865,/home/yaxin/datasets/TacAct-original/5_4_R_14.xlsx,5,4,80,138.64059448242188,2.1854779720306396,534.0999755859375,873.0,0.33889496326446533,3,6,class_3_to_6_error,0.9997183680534364,0.0001769451628206,0.9997183680534364,0.9995414228906158
21866,/home/yaxin/datasets/TacAct-original/5_4_R_15.xlsx,5,4,80,149.0,1.9372899532318115,484.1875,820.0,0.3219478130340576,3,3,correct_class_3,0.9977626800537108,0.9977626800537108,0.9977626800537108,0.9955708351917564
21867,/home/yaxin/datasets/TacAct-original/5_4_R_16.xlsx,5,4,80,125.8581314086914,2.013443946838379,513.8250122070312,891.0,0.3216358423233032,3,6,class_3_to_6_error,0.9968175888061525,0.0029649743810296,0.9968175888061525,0.9938526144251228
21868,/home/yaxin/datasets/TacAct-original/5_4_R_17.xlsx,5,4,80,107.39421081542969,2.011814832687378,565.4375,864.0,0.28210365772247314,3,3,correct_class_3,0.9719505906105042,0.9719505906105042,0.9719505906105042,0.9488083478063345
21869,/home/yaxin/datasets/TacAct-original/5_4_R_18.xlsx,5,4,80,123.3044662475586,1.8041865825653076,526.7125244140625,858.0,0.31377264857292175,3,3,correct_class_3,0.9972182512283324,0.9972182512283324,0.9972182512283324,0.9946349503006785
21870,/home/yaxin/datasets/TacAct-original/5_4_R_19.xlsx,5,4,80,212.7996368408203,2.1935696601867676,528.8375244140625,858.0,0.3586309254169464,3,3,correct_class_3,0.9996441602706908,0.9996441602706908,0.9996441602706908,0.9993196566356345
21871,/home/yaxin/datasets/TacAct-original/5_4_R_2.xlsx,5,4,80,142.57366943359375,2.2298645973205566,560.4874877929688,855.0,0.30171653628349304,3,3,correct_class_3,0.9991889595985411,0.9991889595985411,0.9991889595985411,0.9984705260721967
21872,/home/yaxin/datasets/TacAct-original/5_4_R_20.xlsx,5,4,80,113.36055755615234,1.6715093851089478,599.5374755859375,854.0,0.27454128861427307,3,6,class_3_to_6_error,0.9810521602630616,0.0013793428661301,0.9810521602630616,0.9654012173414233
21873,/home/yaxin/datasets/TacAct-original/5_4_R_3.xlsx,5,4,80,202.0,2.160545825958252,512.4500122070312,897.0,0.3356703817844391,3,0,other,0.9972163438796996,4.085271575604565e-05,0.9972163438796996,0.9948765789158642
21874,/home/yaxin/datasets/TacAct-original/5_4_R_4.xlsx,5,4,80,125.29324340820312,1.7278048992156982,464.86248779296875,734.0,0.27176201343536377,3,6,class_3_to_6_error,0.9975402355194092,0.0002554267703089,0.9975402355194092,0.9963183787185699
21875,/home/yaxin/datasets/TacAct-original/5_4_R_5.xlsx,5,4,80,203.11813354492188,2.569615125656128,515.875,877.0,0.38520196080207825,3,3,correct_class_3,0.9991866946220398,0.9991866946220398,0.9991866946220398,0.9984134419355541
21876,/home/yaxin/datasets/TacAct-original/5_4_R_6.xlsx,5,4,80,110.12586212158203,1.7877490520477295,496.5249938964844,817.0,0.31946372985839844,3,3,correct_class_3,0.9901143312454224,0.9901143312454224,0.9901143312454224,0.9805921223014593
21877,/home/yaxin/datasets/TacAct-original/5_4_R_7.xlsx,5,4,80,116.3437271118164,2.238494634628296,562.75,888.0,0.29155322909355164,3,6,class_3_to_6_error,0.9959866404533386,0.003547976957634,0.9959866404533386,0.9924386634957046
21878,/home/yaxin/datasets/TacAct-original/5_4_R_8.xlsx,5,4,80,147.489990234375,2.028433322906494,497.17498779296875,858.0,0.3339703679084778,3,6,class_3_to_6_error,0.9995368719100952,0.0003077154979109,0.9995368719100952,0.9992291564121843
21879,/home/yaxin/datasets/TacAct-original/5_4_R_9.xlsx,5,4,80,199.87255859375,1.9781557321548462,539.7249755859375,898.0,0.3349383771419525,3,6,class_3_to_6_error,0.8998886346817017,0.0008411447051912,0.8998886346817017,0.8142460361123085
21960,/home/yaxin/datasets/TacAct-original/5_7_L_1.xlsx,5,7,80,125.0,2.1528170108795166,528.0,842.0,0.2830514907836914,6,6,correct_class_6,0.9997860789299012,0.9997860789299012,0.9997860789299012,0.9996764438546962
21961,/home/yaxin/datasets/TacAct-original/5_7_L_10.xlsx,5,7,80,164.20553588867188,2.0973589420318604,514.5750122070312,846.0,0.3126240670681,6,3,class_6_to_3_error,0.8944507241249084,0.1053377911448478,0.8944507241249084,0.7891129329800607
21962,/home/yaxin/datasets/TacAct-original/5_7_L_11.xlsx,5,7,80,147.0,2.1443309783935547,488.375,783.0,0.29671192169189453,6,6,correct_class_6,0.9993484616279602,0.9993484616279602,0.9993484616279602,0.9990134307590779
21963,/home/yaxin/datasets/TacAct-original/5_7_L_12.xlsx,5,7,80,126.28763580322266,2.118410587310791,525.7125244140625,890.0,0.31245091557502747,6,6,correct_class_6,0.9998132586479188,0.9998132586479188,0.9998132586479188,0.9997465232809192
21964,/home/yaxin/datasets/TacAct-original/5_7_L_13.xlsx,5,7,80,175.96002197265625,2.356457471847534,514.125,796.0,0.2874824106693268,6,6,correct_class_6,0.9996415376663208,0.9996415376663208,0.9996415376663208,0.9994842367450474
21965,/home/yaxin/datasets/TacAct-original/5_7_L_14.xlsx,5,7,80,128.0,2.381770372390747,509.4125061035156,881.0,0.3159230351448059,6,6,correct_class_6,0.99972265958786,0.99972265958786,0.99972265958786,0.9995840210031018
21966,/home/yaxin/datasets/TacAct-original/5_7_L_15.xlsx,5,7,80,143.19227600097656,2.0638186931610107,450.0,745.0,0.3002929091453552,6,6,correct_class_6,0.999030351638794,0.999030351638794,0.999030351638794,0.9984854751965031
21967,/home/yaxin/datasets/TacAct-original/5_7_L_16.xlsx,5,7,80,155.5023651123047,2.463219404220581,551.3499755859375,866.0,0.2900451123714447,6,6,correct_class_6,0.9996609687805176,0.9996609687805176,0.9996609687805176,0.9994719218957471
21968,/home/yaxin/datasets/TacAct-original/5_7_L_17.xlsx,5,7,80,160.0,2.112748384475708,497.3999938964844,833.0,0.3157082796096802,6,6,correct_class_6,0.999696969985962,0.999696969985962,0.999696969985962,0.9995976705613431
21969,/home/yaxin/datasets/TacAct-original/5_7_L_18.xlsx,5,7,80,141.20350646972656,1.8589515686035156,484.1499938964844,858.0,0.3053536117076874,6,6,correct_class_6,0.9885202050209044,0.9885202050209044,0.9885202050209044,0.9771588342264295
21970,/home/yaxin/datasets/TacAct-original/5_7_L_19.xlsx,5,7,80,113.36055755615234,2.4664998054504395,567.2374877929688,857.0,0.30266880989074707,6,6,correct_class_6,0.9997586607933044,0.9997586607933044,0.9997586607933044,0.9996621543905349
21971,/home/yaxin/datasets/TacAct-original/5_7_L_2.xlsx,5,7,80,149.15863037109375,2.000028610229492,494.51251220703125,827.0,0.2660110890865326,6,6,correct_class_6,0.999195396900177,0.999195396900177,0.999195396900177,0.9985146702965721
21972,/home/yaxin/datasets/TacAct-original/5_7_L_20.xlsx,5,7,80,132.0,2.388402223587036,548.6124877929688,835.0,0.30257442593574524,6,6,correct_class_6,0.999527096748352,0.999527096748352,0.999527096748352,0.999169170827372
21973,/home/yaxin/datasets/TacAct-original/5_7_L_3.xlsx,5,7,80,138.25430297851562,2.104869842529297,502.8125,828.0,0.2851116955280304,6,6,correct_class_6,0.9997859597206116,0.9997859597206116,0.9997859597206116,0.9996862088519265
21974,/home/yaxin/datasets/TacAct-original/5_7_L_4.xlsx,5,7,80,195.0,2.1929612159729004,496.2749938964844,822.0,0.30251210927963257,6,6,correct_class_6,0.9997268319129944,0.9997268319129944,0.9997268319129944,0.9995695972174872
21975,/home/yaxin/datasets/TacAct-original/5_7_L_5.xlsx,5,7,80,134.24276733398438,1.9955508708953857,496.2749938964844,815.0,0.2757165729999542,6,6,correct_class_6,0.9998262524604796,0.9998262524604796,0.9998262524604796,0.9997586076860897
21976,/home/yaxin/datasets/TacAct-original/5_7_L_6.xlsx,5,7,80,133.2483673095703,2.473860263824463,541.875,825.0,0.2812991738319397,6,6,correct_class_6,0.9998037219047546,0.9998037219047546,0.9998037219047546,0.9997088771560811
21977,/home/yaxin/datasets/TacAct-original/5_7_L_7.xlsx,5,7,80,187.9398651123047,2.5104453563690186,526.5499877929688,840.0,0.32311534881591797,6,3,class_6_to_3_error,0.9974410533905028,0.002482279902324,0.9974410533905028,0.9949587734881788
21978,/home/yaxin/datasets/TacAct-original/5_7_L_8.xlsx,5,7,80,143.19227600097656,2.256377696990967,534.9000244140625,882.0,0.3037538528442383,6,6,correct_class_6,0.9997705817222596,0.9997705817222596,0.9997705817222596,0.9996602513710969
21979,/home/yaxin/datasets/TacAct-original/5_7_L_9.xlsx,5,7,80,135.23715209960938,2.0113978385925293,486.2749938964844,789.0,0.2998601496219635,6,6,correct_class_6,0.9971773624420166,0.9971773624420166,0.9971773624420166,0.9949498982168735
21980,/home/yaxin/datasets/TacAct-original/5_7_R_1.xlsx,5,7,80,157.32266235351562,2.469935894012451,587.0750122070312,835.0,0.2703765630722046,6,6,correct_class_6,0.9998488426208496,0.9998488426208496,0.9998488426208496,0.9997783748913207
21981,/home/yaxin/datasets/TacAct-original/5_7_R_10.xlsx,5,7,80,811.4229125976562,1.932904839515686,521.3624877929688,798.0,0.27060195803642273,6,4,other,0.9862106442451476,0.0022471426054835,0.9862106442451476,0.9758153622969984
21982,/home/yaxin/datasets/TacAct-original/5_7_R_11.xlsx,5,7,80,250.0,1.9140084981918335,528.5875244140625,749.0,0.25325828790664673,6,6,correct_class_6,0.9997598528862,0.9997598528862,0.9997598528862,0.9996547671544249
21983,/home/yaxin/datasets/TacAct-original/5_7_R_12.xlsx,5,7,80,179.9847412109375,2.1551132202148438,498.51251220703125,798.0,0.3150786757469177,6,6,correct_class_6,0.9997790455818176,0.9997790455818176,0.9997790455818176,0.9997022680545342
21984,/home/yaxin/datasets/TacAct-original/5_7_R_13.xlsx,5,7,80,152.4063262939453,2.436953067779541,633.25,879.0,0.26962488889694214,6,3,class_6_to_3_error,0.9937319159507751,0.0060535450465977,0.9937319159507751,0.9876783709041774
21985,/home/yaxin/datasets/TacAct-original/5_7_R_14.xlsx,5,7,80,217.77159118652344,2.4422218799591064,551.7750244140625,840.0,0.2708449065685272,6,6,correct_class_6,0.9998130202293396,0.9998130202293396,0.9998130202293396,0.9997579326009145
21986,/home/yaxin/datasets/TacAct-original/5_7_R_15.xlsx,5,7,80,217.0,2.62730073928833,526.2000122070312,790.0,0.2949891984462738,6,6,correct_class_6,0.999114453792572,0.999114453792572,0.999114453792572,0.9985759845003486
21987,/home/yaxin/datasets/TacAct-original/5_7_R_16.xlsx,5,7,80,182.0,2.682593822479248,581.5625,884.0,0.3160637617111206,6,6,correct_class_6,0.9987226128578186,0.9987226128578186,0.9987226128578186,0.9975526712369174
21988,/home/yaxin/datasets/TacAct-original/5_7_R_17.xlsx,5,7,80,138.0,2.0636892318725586,476.125,858.0,0.29444488883018494,6,3,class_6_to_3_error,0.6411108374595642,0.358632743358612,0.6411108374595642,0.2824780941009522
21989,/home/yaxin/datasets/TacAct-original/5_7_R_18.xlsx,5,7,80,160.49099731445312,1.6900880336761475,473.92498779296875,871.0,0.2852729260921478,6,6,correct_class_6,0.999786913394928,0.999786913394928,0.999786913394928,0.9996964629608556
21990,/home/yaxin/datasets/TacAct-original/5_7_R_19.xlsx,5,7,80,191.0,2.052661895751953,523.0750122070312,798.0,0.26900145411491394,6,6,correct_class_6,0.99976247549057,0.99976247549057,0.99976247549057,0.9996699423791141
21991,/home/yaxin/datasets/TacAct-original/5_7_R_2.xlsx,5,7,80,232.0,2.0617847442626953,490.11248779296875,789.0,0.3198615312576294,6,6,correct_class_6,0.9995743632316588,0.9995743632316588,0.9995743632316588,0.9993768058193381
21992,/home/yaxin/datasets/TacAct-original/5_7_R_20.xlsx,5,7,80,171.08839416503906,2.1753439903259277,508.82501220703125,799.0,0.26559025049209595,6,6,correct_class_6,0.999847412109375,0.999847412109375,0.999847412109375,0.9997897890716558
21993,/home/yaxin/datasets/TacAct-original/5_7_R_3.xlsx,5,7,80,173.0,1.734890341758728,485.1499938964844,839.0,0.2700028121471405,6,6,correct_class_6,0.9998088479042052,0.9998088479042052,0.9998088479042052,0.999744560002
21994,/home/yaxin/datasets/TacAct-original/5_7_R_4.xlsx,5,7,80,148.1642303466797,2.191908359527588,511.25,778.0,0.266162633895874,6,6,correct_class_6,0.9998323917388916,0.9998323917388916,0.9998323917388916,0.9997699810992344
21995,/home/yaxin/datasets/TacAct-original/5_7_R_5.xlsx,5,7,80,168.0,2.341632843017578,556.75,846.0,0.26031139492988586,6,6,correct_class_6,0.9998527765274048,0.9998527765274048,0.9998527765274048,0.9997974049074401
21996,/home/yaxin/datasets/TacAct-original/5_7_R_6.xlsx,5,7,80,199.87255859375,2.37615966796875,555.875,781.0,0.2606809139251709,6,6,correct_class_6,0.9998283386230468,0.9998283386230468,0.9998283386230468,0.9997659965883939
21997,/home/yaxin/datasets/TacAct-original/5_7_R_7.xlsx,5,7,80,150.43980407714844,2.3596410751342773,564.4124755859375,834.0,0.26029664278030396,6,6,correct_class_6,0.999846339225769,0.999846339225769,0.999846339225769,0.9997882862880942
21998,/home/yaxin/datasets/TacAct-original/5_7_R_8.xlsx,5,7,80,180.97914123535156,2.290050983428955,528.5250244140625,758.0,0.2572626769542694,6,6,correct_class_6,0.9998188614845276,0.9998188614845276,0.9998188614845276,0.9997497718504746
21999,/home/yaxin/datasets/TacAct-original/5_7_R_9.xlsx,5,7,80,153.1361846923828,2.385310411453247,577.8250122070312,795.0,0.26260608434677124,6,6,correct_class_6,0.9998451471328736,0.9998451471328736,0.9998451471328736,0.9997786756575807
