model,seed,sample_id,subject_id,true_label,true_class,pred_label,pred_class,correct,top1_confidence,prob_0,prob_1,prob_2,prob_3,prob_4,prob_5,prob_6,prob_7,prob_8,prob_9,prob_10,prob_11
TCN,42,1920,14,9,class_9,9,class_9,1,1.0,0.0,0.0,0.0,0.0,5.605193857299268e-45,0.0,0.0,3.6667636786141056e-40,0.0,1.0,0.0,0.0
TCN,42,1921,14,9,class_9,9,class_9,1,1.0,5.475010700254306e-32,1.190009237516806e-31,1.893728757673201e-40,1.9588502501126358e-26,3.7963943389712837e-25,9.141858183888529e-38,2.4644610521204117e-31,5.243428432726885e-21,1.8568046517125638e-25,1.0,4.6392184181755846e-30,1.1518625885515485e-30
TCN,42,1922,14,9,class_9,9,class_9,1,1.0,3.319720333443886e-19,5.910612604649124e-21,6.614477741877676e-27,2.063121961275562e-15,3.88430844292572e-15,1.0682763006669093e-25,4.245195541969626e-18,2.2848015797036214e-14,1.3346288695482797e-17,1.0,7.026553567991317e-21,3.5714695863236176e-20
TCN,42,1923,14,9,class_9,9,class_9,1,1.0,6.25317076889378e-36,1.1542354666110443e-34,2.942726775082116e-44,2.4252700263829585e-33,1.0881220738203875e-23,1.1406569499604011e-42,2.548993084327309e-32,9.688867252901226e-29,3.5215421340835405e-24,1.0,2.3095093263606967e-32,1.0169772260941272e-29
TCN,42,1924,14,9,class_9,9,class_9,1,1.0,1.2765442588901509e-21,3.640885510797725e-26,1.0754283958681439e-31,1.8319943842426967e-20,1.1906858606583947e-16,2.607782871706001e-29,9.259636486494527e-25,3.1328865994501822e-18,3.9062252635769545e-23,1.0,1.0330304145039904e-24,7.235705319553234e-28
TCN,42,1925,14,9,class_9,9,class_9,1,1.0,1.0103770340820568e-28,3.391488603931647e-35,7.738022248304513e-38,1.954182584355012e-29,3.4391894929210587e-25,1.7899494341843837e-38,4.79001642003597e-34,2.035139562538385e-21,8.467360326313496e-23,1.0,3.44427683927657e-29,1.6832141647030376e-32
TCN,42,1926,14,9,class_9,9,class_9,1,1.0,1.1914699156368553e-27,3.4984093133353266e-29,3.158284414847299e-36,9.425527032329585e-26,8.870772433646487e-23,6.917126712436671e-33,1.4016799497965728e-26,7.468049613563526e-18,4.456238145576514e-22,1.0,2.2190996227537274e-27,5.532500837568842e-30
TCN,42,1927,14,9,class_9,9,class_9,1,1.0,1.406377440546333e-18,1.8441727204476577e-21,2.6549840996360153e-26,2.5990990919538942e-17,1.1720171274459679e-14,1.7212586020210602e-24,4.0652542283914743e-17,7.138442669005901e-14,1.9893066398123755e-15,1.0,6.343414180652182e-20,1.2080598837915473e-20
TCN,42,1928,14,9,class_9,9,class_9,1,1.0,3.8858522513663526e-29,2.4232114507172886e-30,5.982954148491469e-36,1.4457643128899017e-28,8.6455279933026e-25,7.309868558596013e-34,1.0942716257951585e-28,2.3009571623875332e-21,7.569772931336407e-21,1.0,2.075787516324979e-27,7.981980543326442e-30
TCN,42,1929,14,9,class_9,9,class_9,1,1.0,3.0275585811925525e-32,6.433227615666083e-31,1.2310392996108875e-38,9.781309001336897e-27,2.1341759344489667e-28,3.6440175216814923e-38,2.6203962082089683e-30,5.110683715870597e-21,8.422452683789799e-23,1.0,8.646169984716192e-29,3.748470191569932e-27
TCN,42,1930,14,9,class_9,9,class_9,1,1.0,7.292455252777035e-28,4.231313602960021e-30,4.60337755918417e-40,2.029033756550831e-26,3.2591299946393515e-17,3.6357697591801693e-38,6.152086456242715e-38,3.821824798669087e-24,4.226667296969187e-30,1.0,1.8745013555997774e-28,2.1905401879762623e-32
TCN,42,1931,14,9,class_9,9,class_9,1,1.0,2.6904930515036488e-43,1.8137006023756107e-41,0.0,1.7471977798556836e-39,1.1954419022085663e-31,0.0,0.0,2.9841801213165238e-33,2.031313846094469e-38,1.0,2.9728375536243613e-35,1.2443530363204376e-42
TCN,42,1932,14,9,class_9,9,class_9,1,1.0,1.1309877844035851e-25,3.2163305479248886e-27,1.1225462649046115e-32,5.095233789746258e-26,7.852518612784804e-20,2.251642090458417e-32,2.7604536447174934e-32,4.209729255552923e-20,5.601663817081407e-24,1.0,1.2074308959617333e-24,3.262557344377303e-28
TCN,42,1933,14,9,class_9,9,class_9,1,1.0,1.807394759286149e-41,3.2229864679470793e-44,0.0,5.154704426988126e-40,2.1785118823384007e-35,0.0,1.401298464324817e-45,1.3602230510743489e-28,1.901932227215199e-33,1.0,2.6305693252737266e-39,1.6815581571897805e-44
TCN,42,1934,14,9,class_9,9,class_9,1,1.0,1.7690743292022115e-32,1.4895574066515374e-31,2.989617024295353e-39,1.519992511748847e-29,3.238394193960783e-26,3.972132734193858e-37,4.567234526616222e-33,2.76828179576312e-22,4.8102677255336806e-27,1.0,2.121478601821667e-30,8.281965652527581e-34
TCN,42,1935,14,9,class_9,9,class_9,1,1.0,5.284031351910349e-35,2.031183245077594e-37,6.165713243029195e-44,1.7809354712781914e-34,3.141759738165899e-30,6.923815712228921e-42,6.531595804129334e-31,1.0263875400806407e-25,3.8246706143846717e-23,1.0,2.7501415837907064e-33,2.4210075277465334e-34
TCN,42,1936,14,9,class_9,9,class_9,1,1.0,6.728398949134962e-31,8.387337921224451e-32,1.6850137592028055e-39,5.322102289775049e-28,3.811980011787155e-25,1.081551570823257e-36,4.5546819802158604e-29,3.855995321676137e-21,7.021421654671646e-25,1.0,2.0180992339210866e-30,3.3228912512610825e-32
TCN,42,1937,14,9,class_9,9,class_9,1,1.0,1.387563292032771e-22,5.229657130132261e-24,4.118550028557956e-29,4.174674892156574e-20,3.1176758233201284e-17,1.8829724380895431e-28,9.29967531306745e-17,1.886382698590189e-18,3.4158516039605884e-17,1.0,7.459143709076937e-24,8.968503035420899e-21
TCN,42,1938,14,9,class_9,9,class_9,1,1.0,0.0,0.0,0.0,0.0,0.0,0.0,0.0,2.1509931427385942e-42,0.0,1.0,0.0,0.0
TCN,42,1939,14,9,class_9,9,class_9,1,1.0,1.3839372973134873e-29,3.0576093889747137e-31,6.352489064326613e-37,1.1194829876580353e-27,2.1427434338065733e-26,4.485286384357711e-35,1.1825618366334426e-29,6.168619284992363e-19,6.826622539713991e-22,1.0,4.628583968671944e-27,6.409956589101724e-31
TCN,42,1940,14,9,class_9,9,class_9,1,1.0,0.0,0.0,0.0,0.0,0.0,0.0,0.0,9.668959403841238e-44,7.736166592826115e-37,1.0,2.3541814200656927e-43,0.0
TCN,42,1941,14,9,class_9,9,class_9,1,1.0,1.5248631994115582e-24,5.339527020576271e-29,5.26320119436608e-31,3.420215462220549e-27,6.384518077759649e-19,1.5495785302401874e-33,5.44164895834942e-34,5.516722767883297e-20,6.4519138621695e-21,1.0,4.5149431546591444e-23,9.341649046947429e-28
TCN,42,1942,14,9,class_9,9,class_9,1,1.0,3.2621071337469595e-37,1.2569787354840042e-40,4.601583897149834e-41,7.571215602746987e-42,1.6216747667333938e-30,5.605193857299268e-45,0.0,1.1990235723698156e-29,6.621262287515142e-29,1.0,4.683433612562944e-33,2.4243584471590795e-40
TCN,42,1943,14,9,class_9,9,class_9,1,1.0,3.771766163140042e-26,3.756340124702177e-36,1.0597483812136094e-33,1.0084256090904871e-34,5.994616141570755e-25,3.585895865276692e-37,1.3674991453653025e-40,8.076957481940687e-24,5.560235550385343e-16,1.0,2.101852243301739e-26,2.2313866183269404e-31
TCN,42,1944,14,9,class_9,9,class_9,1,1.0,9.711516188000295e-36,0.0,1.8637269575520067e-43,2.802596928649634e-45,2.721483582530636e-33,0.0,0.0,2.0567412126958936e-30,1.4293414736156653e-19,1.0,5.3719188171296344e-33,2.7308050452059594e-38
TCN,42,1945,14,9,class_9,9,class_9,1,1.0,2.9587530178956454e-27,1.458835779269994e-39,9.999366641500308e-28,5.89884435828932e-39,1.5317469352559848e-26,1.2533493724614029e-40,0.0,5.944148965455955e-27,4.1026560620993635e-11,1.0,2.8918225708375654e-28,6.670946897837393e-31
TCN,42,1946,14,9,class_9,9,class_9,1,1.0,2.2342302715194883e-41,0.0,0.0,0.0,4.4456745892299766e-38,0.0,0.0,2.089610397018332e-28,1.4991355932307946e-29,1.0,6.205934722267436e-34,0.0
TCN,42,1947,14,9,class_9,8,class_8,0,0.9999991655349731,1.337657623556865e-10,4.459628405478751e-25,3.8568554698304976e-16,6.631941008418563e-24,2.6710635984508545e-18,2.512906644328083e-21,4.8628162988209546e-24,8.772905734928237e-15,0.9999991655349731,8.619009008725698e-07,4.666672965755996e-15,6.1521202370968036e-18
TCN,42,1948,14,9,class_9,8,class_8,0,0.9461722373962402,0.008353149518370628,1.9037356868874256e-14,2.2558621637358556e-10,9.464155804536634e-13,3.864013109478037e-09,3.101004153981124e-13,2.671867493929164e-16,6.804137910876307e-07,0.9461722373962402,0.04496297240257263,0.0005075550288893282,3.371260390849784e-06
TCN,42,1949,14,9,class_9,0,class_0,0,0.9979602098464966,0.9979602098464966,2.767253626245747e-08,3.305078053017496e-06,9.492489425610984e-07,0.0018380240071564913,0.00010491758439457044,9.415035151505435e-07,7.387242817458173e-08,8.779009658610448e-05,5.378110472520348e-07,2.1587864011962665e-06,1.0483375945113949e-06
TCN,42,1950,14,9,class_9,9,class_9,1,0.9991890788078308,3.054746144925957e-08,2.1376552084007017e-08,5.471312964321073e-13,1.1225340101894687e-11,0.0007294758688658476,2.2726048820587152e-10,1.297806941124094e-13,8.026591058474253e-10,8.108812471618876e-05,0.9991890788078308,1.4866417430425827e-08,3.2729647614360147e-07
TCN,42,1951,14,9,class_9,9,class_9,1,1.0,1.9516378096939846e-11,2.1040882523717247e-13,1.162785400057138e-14,6.150739639831926e-11,5.850057660516939e-10,2.8737293154243752e-15,4.0105407466154916e-14,5.531428093341617e-10,8.401525697365742e-09,1.0,1.889587271375337e-11,5.467328811903371e-10
TCN,42,1952,14,9,class_9,8,class_8,0,0.9997232556343079,3.760324943868909e-06,9.753190009093027e-13,1.310288655353986e-09,5.714716894145155e-13,2.896148321163139e-10,2.6755736515227113e-10,3.929072236834308e-13,8.947902330191937e-08,0.9997232556343079,0.00027220865013077855,4.959647412761115e-07,1.8453975769716635e-07
TCN,42,1953,14,9,class_9,9,class_9,1,1.0,2.204920756158497e-22,3.07193165001373e-23,9.352048898857136e-23,4.231442006996455e-23,2.7606721259075123e-19,3.336837502177994e-25,1.2530360295763047e-25,2.09826266020078e-19,5.956522775019124e-11,1.0,1.179572374800112e-18,6.67720290941689e-18
TCN,42,1954,14,9,class_9,9,class_9,1,1.0,2.3455911884683896e-18,6.238897067153623e-14,2.2288505682333214e-17,1.6619097651834846e-18,3.365229473961323e-17,6.871735440846293e-17,3.041153351961431e-21,3.5633277578606126e-11,4.5703617973513744e-11,1.0,6.70353312789973e-13,1.3217947569810207e-10
TCN,42,1955,14,9,class_9,9,class_9,1,1.0,8.694591474636732e-29,3.1932712277566455e-36,1.4399805797573022e-34,2.232041162968837e-32,1.8258442031134515e-24,9.154963127126895e-41,4.82719294990613e-41,6.181232587740866e-23,6.589528547367292e-17,1.0,1.2704110607923468e-25,2.0186971518723487e-25
TCN,42,1956,14,9,class_9,8,class_8,0,0.9987536668777466,1.3187209299807962e-13,4.265668841156742e-17,5.0002786633474017e-11,8.247041165171052e-18,1.8963892955969897e-12,1.1761802105056086e-18,1.589877036965504e-17,1.8062653803219142e-11,0.9987536668777466,0.0012463447637856007,3.240055359426952e-12,3.4115952285418416e-09
TCN,42,1957,14,9,class_9,9,class_9,1,1.0,3.366006745410119e-28,1.7948464880106565e-29,1.5570592083060059e-22,6.477927057889999e-30,3.585073362629877e-23,2.683411616394906e-34,1.8347867041992836e-33,5.725821127889025e-18,3.769373424500344e-10,1.0,5.540567723263397e-23,8.665054170307165e-22
TCN,42,1958,14,9,class_9,9,class_9,1,1.0,3.833876517918756e-29,6.828905714470664e-32,1.0414448840904478e-27,1.3842752378334165e-29,3.762070557250858e-24,9.391244773910034e-35,9.118701558609746e-37,7.112623008367046e-17,2.2689517636693274e-13,1.0,3.703086865698519e-21,4.6900298391012455e-26
TCN,42,1959,14,9,class_9,9,class_9,1,1.0,6.872209107487158e-24,3.764494776116409e-25,1.4870055026435294e-27,1.8298952010769877e-24,6.758927526756516e-18,4.040585074217069e-29,3.7265186893878174e-32,3.340923298989093e-19,6.423647549674914e-21,1.0,1.0507904734634123e-20,5.306584479026698e-24
TCN,42,1960,14,10,class_10,10,class_10,1,1.0,1.294406163421197e-24,1.9369645733279562e-21,1.5065881400254552e-22,1.7493810028631016e-41,3.5172853969188535e-32,4.798610119621934e-20,5.275888718182936e-41,1.4486427335480556e-10,4.3910562931124963e-20,1.8481438336227658e-22,1.0,1.4309820700383906e-21
TCN,42,1961,14,10,class_10,10,class_10,1,0.9999998807907104,3.293088371436603e-11,8.57088948873883e-17,5.2891130363468206e-20,3.0071865044410574e-42,3.0573531849408836e-23,3.410369209255748e-10,3.377129299022809e-43,1.7701412957649154e-07,3.8045066229341895e-13,2.5861362108847404e-22,0.9999998807907104,3.788669952851237e-13
TCN,42,1962,14,10,class_10,10,class_10,1,0.9999986886978149,4.38228568100385e-07,3.966579564806949e-10,3.70011570753441e-14,6.998728499174129e-27,5.4345820243084306e-14,1.7604486757250015e-09,3.3475608504411964e-29,8.643509659123083e-07,4.631885708317185e-10,2.7754745523340604e-14,0.9999986886978149,2.2773111174601013e-10
TCN,42,1963,14,10,class_10,10,class_10,1,0.9945240020751953,1.1917333608835179e-07,9.971058716473635e-07,3.131035986037034e-10,1.2575578164925144e-27,7.514342677283382e-15,0.001996996346861124,4.448522615195359e-28,0.003477871883660555,2.2293628276770505e-08,1.4319233851352612e-15,0.9945240020751953,1.1289223778021551e-08
TCN,42,1964,14,10,class_10,10,class_10,1,0.9998478889465332,5.4119752235237684e-08,5.1046992410874736e-08,6.698317065456649e-07,1.3756744258552975e-14,1.5460761559893399e-09,7.372899517577025e-07,3.975455286687503e-14,4.1332435785079724e-07,0.00014998475671745837,5.172847750145593e-08,0.9998478889465332,1.1342752515020038e-08
TCN,42,1965,14,10,class_10,10,class_10,1,1.0,2.904050937466751e-41,3.837413805599582e-40,1.022191177786381e-39,0.0,0.0,2.366176534920313e-40,0.0,1.4555643389967215e-21,6.296893428209408e-32,3.2361586735117325e-41,1.0,2.6524094810920215e-36
TCN,42,1966,14,10,class_10,10,class_10,1,1.0,3.159819548480513e-33,1.94287396077037e-32,1.8408519244417404e-32,0.0,6.963892848308611e-41,1.489541479635788e-37,0.0,2.583942661590085e-18,7.115564846657386e-29,1.4554370552943435e-28,1.0,9.926385873484874e-30
TCN,42,1967,14,10,class_10,10,class_10,1,1.0,8.21117463265203e-29,3.875845232996709e-21,2.1699606723688303e-20,2.9208562054819513e-37,3.57885169313798e-33,1.2990844290639004e-26,3.2360050912000425e-37,3.766181905727993e-14,3.957322308763016e-24,4.040479208255438e-28,1.0,4.341675950777842e-25
TCN,42,1968,14,10,class_10,10,class_10,1,0.9999949932098389,1.2157655646660714e-06,2.2908157859546918e-07,3.2704696195651195e-07,5.1579338639551244e-15,7.962175363473989e-11,4.360270793313248e-07,2.1836733843946885e-15,2.324346041859826e-06,5.683893800068063e-09,2.1115213744149486e-11,0.9999949932098389,4.5384763325273525e-07
TCN,42,1969,14,10,class_10,10,class_10,1,1.0,3.2268772712982045e-18,3.3495914590448857e-17,3.0885898368770488e-18,1.963689726876892e-27,3.944440336398502e-22,6.776657135060219e-20,5.430237117250695e-29,9.968726148376628e-13,5.08723587520074e-17,2.0317595361500186e-19,1.0,4.961318885481284e-18
TCN,42,1970,14,10,class_10,10,class_10,1,1.0,7.83545834206084e-36,9.480603621020278e-31,5.651411700820834e-33,0.0,1.307789817800422e-40,8.864406426033923e-32,0.0,7.540172815937117e-29,3.87842284686069e-34,1.5414283107572988e-44,1.0,3.316584797573191e-39
TCN,42,1971,14,10,class_10,10,class_10,1,1.0,2.7327225820245415e-38,6.288401633509181e-30,1.149913336799241e-30,0.0,2.4760943864619518e-42,1.941233641055744e-35,0.0,1.142437071965463e-22,7.529892172888655e-34,4.712004534580473e-38,1.0,1.804499519713426e-36
TCN,42,1972,14,10,class_10,10,class_10,1,1.0,1.961817850054744e-44,1.5274153261140506e-43,0.0,0.0,0.0,0.0,0.0,4.3771747684212687e-35,3.1204114203585027e-41,0.0,1.0,1.401298464324817e-45
TCN,42,1973,14,10,class_10,10,class_10,1,0.9999681711196899,3.7833460194919083e-19,7.934443146950798e-08,3.1292204985794003e-15,4.310223904770195e-22,3.5779986909195606e-19,1.0329004361889216e-14,3.933814226439225e-28,3.172049400745891e-05,1.537588634340312e-17,1.9634143200164544e-08,0.9999681711196899,6.021798202904315e-15
TCN,42,1974,14,10,class_10,10,class_10,1,1.0,9.613608114500408e-41,3.492582279498531e-40,1.358205823633002e-36,0.0,0.0,3.847305571459251e-39,0.0,1.015089705000416e-14,4.465590714808024e-25,1.3195747378853937e-40,1.0,1.4094178735727166e-32
TCN,42,1975,14,10,class_10,10,class_10,1,1.0,2.359113990660116e-40,9.651212696434076e-35,6.220190122128287e-38,0.0,0.0,8.189333960554521e-38,0.0,9.925484878436919e-10,4.725333444614226e-27,1.1500458057902751e-21,1.0,7.941117606213892e-26
TCN,42,1976,14,10,class_10,7,class_7,0,0.9997838139533997,3.715784993742493e-28,3.8855283039311756e-30,5.1008991052706675e-26,4.344025239406933e-44,6.608702027128254e-37,2.8586400797135882e-33,0.0,0.9997838139533997,1.4414796945396562e-23,1.1767789031534592e-17,0.00021622261556331068,8.269087092383935e-21
TCN,42,1977,14,10,class_10,10,class_10,1,1.0,1.961364590173632e-24,1.5019109647098055e-15,2.5784961942443062e-19,1.4433271651543192e-30,1.4393234615843704e-24,6.95143993022484e-24,1.2177823009156385e-33,2.6546702336371908e-11,1.2527080882650907e-22,6.771561528737605e-14,1.0,2.7839460237423638e-21
TCN,42,1978,14,10,class_10,10,class_10,1,0.9999992847442627,4.152494320619482e-15,5.524299008692612e-13,3.4751912249994274e-17,1.3121896736534213e-30,1.1630599659989555e-21,6.896087975834242e-13,1.7908552109653915e-32,7.721685051365057e-07,1.6779770330710973e-15,1.2625126663987833e-15,0.9999992847442627,3.046503072598808e-14
TCN,42,1979,14,10,class_10,5,class_5,0,0.9999998807907104,7.409527214008449e-09,7.076553274978524e-15,9.111379012383125e-11,5.26285804376318e-39,9.5906131341011e-21,0.9999998807907104,1.1307564960502534e-37,5.646290709694591e-15,5.2370573155879896e-11,6.012650369495547e-29,5.236116962237247e-08,3.386277803302251e-13
TCN,42,1980,14,10,class_10,10,class_10,1,1.0,2.3232733660386274e-27,3.867530209915347e-21,5.019657497779251e-22,1.0565306490992257e-34,5.3885897661750724e-31,1.7555881276349518e-25,6.234354536688784e-36,5.2583696945329716e-14,1.723130766164376e-24,4.262252547371672e-24,1.0,9.594299878697094e-23
TCN,42,1981,14,10,class_10,10,class_10,1,0.7686482667922974,1.186230974559166e-11,3.3876197846893774e-08,7.912892385775194e-08,5.553942180290539e-13,1.2416676302591523e-13,3.3028144021812755e-12,1.5741405346166135e-15,0.23135143518447876,5.277779081824807e-13,3.368837298012295e-08,0.7686482667922974,1.549993271510175e-07
TCN,42,1982,14,10,class_10,10,class_10,1,1.0,5.3257946737952775e-37,2.232400881872604e-30,1.4565352077592546e-30,0.0,7.006492321624085e-45,2.8799034868230172e-33,0.0,2.0727015987750872e-27,2.889096728670985e-37,0.0,1.0,8.12857982485464e-38
TCN,42,1983,14,10,class_10,10,class_10,1,1.0,1.6420772164336836e-34,3.812749027910229e-26,4.916493932360314e-27,0.0,2.067531806203408e-40,3.329964170207127e-29,4.203895392974451e-45,2.6679837483539137e-23,1.0434116678237804e-30,9.440267494463428e-41,1.0,1.2698867767820576e-34
TCN,42,1984,14,10,class_10,10,class_10,1,1.0,8.795950460566877e-42,3.954642376964643e-36,1.0051457043452045e-34,0.0,0.0,1.4189015756336654e-39,0.0,2.4648812555781866e-26,9.955781282040745e-29,0.0,1.0,3.3014518951972545e-38
TCN,42,1985,14,10,class_10,10,class_10,1,1.0,6.040297030472124e-41,2.6086273468476317e-30,4.075811031731303e-33,0.0,4.203895392974451e-45,9.53451359750831e-28,0.0,6.335981507090353e-30,4.733875617993064e-31,1.401298464324817e-45,1.0,9.528829557408756e-44
TCN,42,1986,14,10,class_10,10,class_10,1,1.0,4.8435421712572544e-26,4.919332167615638e-25,9.764877244385297e-25,2.138381456559671e-42,3.322231798930271e-32,1.2618007672713759e-23,2.2186758585654829e-41,1.552849200280893e-20,2.3867164970026292e-23,1.3163849711145198e-33,1.0,5.467696334298405e-28
TCN,42,1987,14,10,class_10,10,class_10,1,1.0,1.1297254206402032e-38,2.8508191851897814e-32,1.1578148405542819e-29,0.0,0.0,7.202416436316355e-34,0.0,3.6637404653646886e-23,7.746019941763283e-32,5.605193857299268e-45,1.0,1.1930327781940226e-37
TCN,42,1988,14,10,class_10,10,class_10,1,1.0,1.1006378276371344e-38,9.024120608381277e-31,2.690129166207092e-31,0.0,1.401298464324817e-44,3.519524493251979e-33,0.0,1.6880373027194877e-24,3.992375544735891e-33,5.74532370373175e-44,1.0,4.957654957973542e-38
TCN,42,1989,14,10,class_10,10,class_10,1,1.0,1.5166715944464745e-32,4.083417912662049e-27,3.7647924478486135e-27,0.0,1.8945555237671527e-42,1.5888841291420285e-22,0.0,6.489853906525051e-21,4.2490556683354e-31,8.648105064789823e-39,1.0,3.378661198504009e-38
TCN,42,1990,14,10,class_10,10,class_10,1,1.0,1.1778154819674212e-31,9.977485459271051e-30,2.236772733442408e-31,0.0,9.19532052289945e-42,4.894395114239645e-19,0.0,1.7519563352868307e-24,7.97030507452108e-28,8.050599807392507e-41,1.0,3.161056698887568e-36
TCN,42,1991,14,10,class_10,10,class_10,1,1.0,0.0,0.0,0.0,0.0,0.0,0.0,0.0,1.1772308398792788e-41,0.0,0.0,1.0,0.0
TCN,42,1992,14,10,class_10,10,class_10,1,1.0,2.045895757914233e-43,9.220007159830142e-35,1.2288876517815063e-35,0.0,0.0,3.6410704768838893e-31,0.0,1.5574092680598145e-30,2.008959324056665e-37,0.0,1.0,0.0
TCN,42,1993,14,10,class_10,10,class_10,1,1.0,9.640215395769156e-34,8.958939842497062e-26,2.2181953601262387e-26,1.401298464324817e-45,1.7849854745043594e-38,7.328006354732343e-29,2.942726775082116e-43,5.732868535455741e-22,2.0661392994346726e-29,4.5163042357273403e-38,1.0,1.2497221125075369e-34
TCN,42,1994,14,10,class_10,10,class_10,1,1.0,1.401298464324817e-45,3.0782444438010574e-37,2.6472798094608e-39,0.0,0.0,8.834161067092086e-39,0.0,1.1170869752658051e-32,2.2403497419131948e-39,0.0,1.0,0.0
TCN,42,1995,14,10,class_10,10,class_10,1,1.0,3.065681859120324e-37,2.5713774355028424e-32,1.1187331081673379e-32,0.0,4.203895392974451e-45,6.412535201264146e-35,0.0,4.247471478108684e-29,5.184292563802652e-38,0.0,1.0,3.547755603934392e-38
TCN,42,1996,14,10,class_10,10,class_10,1,1.0,8.670893815709981e-25,1.4890225444716086e-17,1.2744034039893514e-21,1.0021451539956848e-32,8.910439071670361e-26,1.3042966127277668e-21,1.706161862362653e-34,1.0652658226015244e-12,3.1498966034340227e-22,2.1674644609999955e-18,1.0,1.703674750448721e-22
TCN,42,1997,14,10,class_10,10,class_10,1,1.0,1.8725801791929144e-34,7.63833346369789e-24,3.8516928721296944e-26,4.90454462513686e-44,3.2111513813770847e-38,2.68372704405274e-28,1.5414283107572988e-42,1.9839143755441858e-19,1.9815843123621716e-27,2.0963563138275907e-36,1.0,6.7865687793236626e-34
TCN,42,1998,14,10,class_10,10,class_10,1,1.0,2.624842218450031e-40,8.452439149361691e-33,7.128784902814587e-32,0.0,0.0,2.9725497695192623e-38,0.0,3.280308469266955e-25,2.9069384727473317e-30,2.7745709593631378e-43,1.0,7.700886157441748e-39
TCN,42,1999,14,10,class_10,10,class_10,1,1.0,2.709890085824659e-34,4.000654832717259e-25,3.073154652891457e-28,3.461207206882298e-43,2.852022218710014e-35,4.256946993249758e-28,1.639519203260036e-43,6.262190921197674e-22,1.7321702215882025e-27,9.908532563950346e-37,1.0,1.0593441213595219e-33
TCN,42,2000,14,11,class_11,11,class_11,1,1.0,4.867256191017327e-16,9.899517659251405e-19,2.76372011068889e-17,2.1586399185616507e-14,1.6160424644071257e-23,7.826424724773356e-24,5.152583915091213e-10,4.8984313133493274e-11,2.2072171645959315e-08,6.398003810081254e-18,7.464795148991618e-20,1.0
TCN,42,2001,14,11,class_11,3,class_3,0,0.6675368547439575,0.00011133227963000536,2.779268482022701e-10,7.045856675880202e-10,0.6675368547439575,9.6218777390078e-10,8.625932813085407e-14,0.32759085297584534,8.913410056266002e-06,6.506474164780229e-06,9.973418855224736e-06,3.229150974393136e-11,0.004735640250146389
TCN,42,2002,14,11,class_11,11,class_11,1,0.9999594688415527,1.624971684988097e-11,1.5286938923921023e-14,1.5201158203286685e-15,3.0515599064528942e-05,3.6773125429789637e-16,1.0479024499028659e-19,9.956472240446601e-06,2.3778627955550746e-09,2.930312936744173e-11,3.1102934897747625e-12,6.267303069443281e-18,0.9999594688415527
TCN,42,2003,14,11,class_11,11,class_11,1,1.0,9.217950397942803e-16,1.817038441779855e-19,1.9212846539586747e-19,1.6737590480264686e-11,3.629244840156822e-22,2.5530990159412284e-25,1.1119190290731495e-10,1.4099215501703344e-12,2.8131026154343264e-12,5.605400174313555e-18,6.6997219063919715e-21,1.0
TCN,42,2004,14,11,class_11,11,class_11,1,1.0,3.8299363988072864e-18,5.180798581894403e-21,1.8391496580999938e-21,3.706551992416207e-12,1.1568515801877682e-23,7.396903729968502e-28,1.7261282464139938e-12,5.777503313004334e-14,2.4258578070032906e-14,3.457563778671254e-19,8.329919299607374e-23,1.0
TCN,42,2005,14,11,class_11,6,class_6,0,1.0,9.305672041636214e-17,6.1205429631324374e-27,1.3316010046428326e-20,9.613852075477136e-18,2.1248299803708146e-24,4.773926197855071e-27,1.0,3.9142729423286257e-19,2.434702735473268e-21,1.0835050755529262e-28,9.526408257155366e-35,9.77266600976634e-10
TCN,42,2006,14,11,class_11,11,class_11,1,1.0,2.1742599920701887e-21,1.3888724627033242e-28,7.357396743833297e-27,5.859187561448526e-19,2.194990168778094e-32,5.002515378156537e-35,4.576652603683912e-18,1.7470565321148196e-18,6.03795408582377e-15,5.107925144226825e-25,7.97285982059231e-28,1.0
TCN,42,2007,14,11,class_11,11,class_11,1,1.0,1.8580762727176585e-29,2.040626407660245e-30,6.804157773294045e-30,9.678665081522498e-23,1.9112168504040976e-36,1.3673267856541905e-39,4.382452564610308e-21,8.333228224005978e-22,3.0241619797362123e-19,2.2321212082566563e-29,1.810681245623154e-32,1.0
TCN,42,2008,14,11,class_11,11,class_11,1,1.0,8.774354698366754e-22,4.642777875023592e-22,4.614574788152838e-24,1.862183150735941e-12,8.400656693636814e-25,1.748406599446958e-29,1.0285805681579246e-14,3.583049157954789e-16,4.6582284707883444e-15,3.148075444954246e-19,1.9505316366787752e-23,1.0
TCN,42,2009,14,11,class_11,11,class_11,1,1.0,3.4335223557787684e-20,2.9996877733622996e-20,1.2188254395350171e-22,8.098838266690223e-11,2.183250494656586e-23,1.8627114143333464e-28,3.737823581467098e-13,1.211173681828345e-14,6.30715820299925e-17,5.2700240342545695e-19,8.239847792537963e-23,1.0
TCN,42,2010,14,11,class_11,11,class_11,1,1.0,5.984794231655074e-24,5.727706986998443e-23,1.0714759944541956e-25,1.781062446235427e-14,9.374175114813212e-27,1.1743520054121584e-31,3.945609170230579e-17,6.624966288298044e-17,4.469014899294837e-18,1.2156778214143129e-21,5.156851283644764e-25,1.0
TCN,42,2011,14,11,class_11,11,class_11,1,0.6678466200828552,1.235616291143629e-19,1.825837362210289e-26,1.5953557824497483e-20,8.61082257053699e-23,3.3585533401016115e-31,1.6570688560862468e-33,1.361557605349768e-15,1.0522770771870162e-14,0.33215340971946716,8.360136838852323e-16,6.632546197261499e-21,0.6678466200828552
TCN,42,2012,14,11,class_11,11,class_11,1,1.0,5.632973627523538e-23,3.8676903549899944e-22,3.5825048946313496e-22,4.96164795447257e-15,1.4307493200795716e-26,8.032318784931479e-30,1.110213102006874e-10,4.5947974556211405e-16,1.0872297197018975e-16,1.7631084145722858e-21,1.2742682439514875e-27,1.0
TCN,42,2013,14,11,class_11,11,class_11,1,0.9999843835830688,1.8914207331008104e-16,1.61313548041695e-22,2.10321655700142e-17,1.9122274357056223e-16,2.1417702999242733e-26,7.517370166507437e-28,7.137087010278265e-08,1.2882672706382436e-10,1.551371497043874e-05,8.047695497231871e-19,1.595353520627761e-20,0.9999843835830688
TCN,42,2014,14,11,class_11,11,class_11,1,0.9999969005584717,7.674882020525503e-23,2.6237166608852555e-24,5.2130121650320975e-23,1.7184169285194254e-19,3.905715361144152e-26,2.9385586125076148e-31,3.0671303647977766e-06,2.2649254657104074e-19,2.0842407855952697e-18,7.589210242327998e-28,1.9201577390705955e-34,0.9999969005584717
TCN,42,2015,14,11,class_11,11,class_11,1,1.0,3.5411445703267026e-30,2.0883034128098224e-28,6.894665195934478e-30,4.6437366250133615e-21,3.140671729867342e-36,6.305260149300518e-39,2.55598163044032e-19,3.6320442487630746e-21,1.1649180689175167e-19,1.674175511693096e-28,3.609937273903491e-32,1.0
TCN,42,2016,14,11,class_11,11,class_11,1,1.0,5.128537663679382e-27,1.1630711734197917e-26,6.449283123124303e-28,1.6765303272669665e-17,2.4164334680058428e-32,1.4159680189557338e-36,3.0561848709441614e-17,3.724299644319977e-18,6.176790278480738e-19,3.35607658706117e-24,1.45169978823726e-28,1.0
TCN,42,2017,14,11,class_11,11,class_11,1,1.0,1.5271790006011537e-18,2.795184492132183e-20,3.063111604491733e-21,4.068138603763316e-10,6.204880113324495e-23,1.4222216489532149e-27,1.8979356974924144e-10,6.192293992022049e-14,3.226747025093313e-15,3.0090067384445337e-19,3.0388774314518834e-23,1.0
TCN,42,2018,14,11,class_11,11,class_11,1,0.9608745574951172,5.440977668413893e-10,1.3553160330137537e-12,2.0772606725005804e-12,0.0003386481839697808,1.0744391013288619e-14,6.031650810737438e-17,0.03878668695688248,8.634874149038296e-08,7.181782990528518e-08,1.4911620549451499e-10,1.2324372792988617e-15,0.9608745574951172
TCN,42,2019,14,11,class_11,11,class_11,1,0.9999985694885254,8.664383365506248e-14,3.8422857090443356e-16,1.3427216572456412e-16,1.0007391892941087e-07,2.249628518040041e-18,7.871393456685554e-22,1.2945088201377075e-06,2.2545693090236796e-10,2.0375706330511e-11,1.1802662966159828e-14,6.035099926417116e-19,0.9999985694885254
TCN,42,2020,14,11,class_11,11,class_11,1,1.0,9.865869864048161e-38,4.051720744379139e-33,2.0708379084588994e-33,3.4059310324160233e-28,1.4293244336113134e-43,5.605193857299268e-45,7.13644866800935e-27,1.0702790212900391e-25,1.2581943410596288e-18,1.2253406377559297e-33,7.481586472320812e-35,1.0
TCN,42,2021,14,11,class_11,11,class_11,1,1.0,1.0244640753265822e-23,3.647336692176512e-18,5.238647304552522e-22,3.1921386534045423e-21,1.4872077839592199e-22,3.1461330900501762e-25,3.3688882592467677e-18,1.4894065475613498e-20,8.670087758844147e-09,2.4325885135263706e-19,8.156752971314327e-23,1.0
TCN,42,2022,14,11,class_11,11,class_11,1,1.0,3.8005936413992347e-34,6.115309055915571e-29,4.2240103411939554e-29,4.3389847477552276e-29,2.169056440463127e-37,3.844418055843663e-38,3.6623767356431953e-20,1.5450488830655501e-21,4.793822561133254e-10,5.2125578019507335e-28,3.1709837690493755e-29,1.0
TCN,42,2023,14,11,class_11,11,class_11,1,1.0,1.1546699346036493e-42,2.767984856580811e-41,3.263362360859363e-38,3.632307677563045e-36,0.0,0.0,6.431124251902405e-29,1.6634380189188997e-26,2.978630029713384e-18,4.0937491297831276e-39,1.0141140934380128e-37,1.0
TCN,42,2024,14,11,class_11,11,class_11,1,0.9980745315551758,5.304292838097031e-24,5.5434951860826725e-25,5.680010563402608e-22,1.3642147575512102e-25,5.600643278359456e-28,6.328919889346997e-31,3.5178150975017337e-19,5.187149946056224e-18,0.001925462274812162,8.305103376359804e-22,2.149434425786913e-22,0.9980745315551758
TCN,42,2025,14,11,class_11,11,class_11,1,1.0,6.945205599057969e-33,1.007915641070192e-31,7.055075600075937e-29,3.9005084277798626e-30,8.182124784423017e-37,7.394035424917757e-40,2.303161429083338e-21,2.348666611654635e-22,3.39172578911473e-10,3.5944444257500486e-28,1.77870629229703e-29,1.0
TCN,42,2026,14,11,class_11,11,class_11,1,0.9999997615814209,7.40124119503716e-30,5.535370548417617e-30,9.751910836293792e-27,3.8579985978792116e-27,5.11954422076992e-35,4.644955990386599e-37,2.8394088634770207e-19,1.3270528360552407e-19,1.8811434188137355e-07,1.746868841886568e-26,3.75982786267517e-26,0.9999997615814209
TCN,42,2027,14,11,class_11,11,class_11,1,1.0,0.0,0.0,0.0,5.100726410142334e-43,0.0,0.0,2.3813598840409654e-38,3.4211296008631554e-34,1.5873673606415807e-25,0.0,0.0,1.0
TCN,42,2028,14,11,class_11,11,class_11,1,1.0,0.0,0.0,0.0,7.550727217900093e-39,0.0,0.0,3.0849549258350775e-38,3.508173258584867e-32,1.2685488158141718e-29,0.0,0.0,1.0
TCN,42,2029,14,11,class_11,11,class_11,1,1.0,0.0,0.0,0.0,3.5435615176306677e-40,0.0,0.0,7.88931035414872e-43,1.630010888712145e-37,6.605376886226465e-34,0.0,0.0,1.0
TCN,42,2030,14,11,class_11,11,class_11,1,1.0,0.0,0.0,0.0,1.989385976345004e-34,0.0,0.0,6.8720171167238655e-34,5.6265581657902416e-36,1.4508913791431035e-28,0.0,0.0,1.0
TCN,42,2031,14,11,class_11,11,class_11,1,1.0,3.455267782041521e-35,3.0531902355122324e-32,1.832192792243202e-32,2.3937689501650112e-27,9.625042709969298e-40,8.599348286022105e-41,5.2226513118997754e-27,8.359138752143705e-31,1.9505792876639828e-20,7.040650597556954e-33,1.7965851429323474e-38,1.0
TCN,42,2032,14,11,class_11,11,class_11,1,1.0,0.0,7.006492321624085e-45,1.401298464324817e-45,6.449234961416283e-35,0.0,0.0,1.002503597120739e-34,2.7860100031138735e-34,1.7980974998864997e-26,0.0,1.401298464324817e-45,1.0
TCN,42,2033,14,11,class_11,11,class_11,1,1.0,1.9945185510182278e-38,2.7497545890098967e-32,8.9057854434876e-33,6.339000928899649e-31,4.077778531185218e-43,6.58610278232664e-44,4.757562148896596e-28,1.123988363725189e-28,2.0533658814908158e-19,1.5391847265382702e-35,1.6444129859129668e-37,1.0
TCN,42,2034,14,11,class_11,11,class_11,1,1.0,2.43363504299291e-40,1.5041260954010688e-35,6.766834410983855e-37,7.6691964488607735e-31,0.0,0.0,1.0431808007332789e-30,2.4603950641806915e-30,8.663108599501175e-21,7.840447413009345e-37,3.3474100006720227e-38,1.0
TCN,42,2035,14,11,class_11,11,class_11,1,1.0,0.0,1.401298464324817e-45,0.0,7.146243256951814e-38,0.0,0.0,8.112251334628941e-39,9.206657027475837e-40,3.666033980214562e-30,0.0,0.0,1.0
TCN,42,2036,14,11,class_11,11,class_11,1,1.0,0.0,0.0,0.0,6.173607364881751e-35,0.0,0.0,4.177444258954102e-36,6.96090159400719e-35,4.779572639266026e-28,0.0,0.0,1.0
TCN,42,2037,14,11,class_11,11,class_11,1,1.0,0.0,1.401298464324817e-45,2.6904930515036488e-43,2.3190215187700327e-36,0.0,0.0,5.591216839167133e-34,1.6669582533255162e-32,1.5130906258038834e-22,4.764414778704378e-44,2.6624670822171524e-44,1.0
TCN,42,2038,14,11,class_11,11,class_11,1,1.0,4.669539866177266e-39,2.365543820637701e-37,1.8520898576394397e-36,5.828108604818713e-28,0.0,0.0,7.704844520636466e-26,5.5999671806524786e-27,3.2605192754974073e-19,1.5635954623748408e-36,1.1601975525779635e-37,1.0
TCN,42,2039,14,11,class_11,11,class_11,1,1.0,7.114799240451136e-38,5.871608241352742e-33,1.2429857263167338e-33,4.064161405816596e-28,2.9147008057956195e-43,1.1070257868166055e-43,8.469317297934504e-26,2.7489988166870253e-25,7.205748986961736e-17,2.2663336392601848e-33,7.363098248879108e-34,1.0
TCN,42,2040,14,0,class_0,0,class_0,1,1.0,1.0,0.0,0.0,0.0,0.0,0.0,0.0,0.0,0.0,0.0,0.0,0.0
TCN,42,2041,14,0,class_0,0,class_0,1,1.0,1.0,0.0,0.0,0.0,0.0,0.0,0.0,0.0,0.0,0.0,0.0,0.0
TCN,42,2042,14,0,class_0,0,class_0,1,1.0,1.0,3.620757202873996e-28,1.420705035936364e-17,2.709166432597191e-19,3.936576325330732e-12,8.328211926929437e-21,1.4759897022595467e-21,2.4591214828196547e-28,8.153240147639514e-15,4.8610481425983555e-28,6.762275146553908e-27,1.2333243243197448e-22
TCN,42,2043,14,0,class_0,0,class_0,1,1.0,1.0,0.0,5.447684771000599e-37,6.179726227672443e-43,1.0151646125929307e-34,7.006492321624085e-45,0.0,0.0,5.828462808882468e-36,0.0,0.0,0.0
TCN,42,2044,14,0,class_0,0,class_0,1,1.0,1.0,0.0,0.0,0.0,0.0,0.0,0.0,0.0,0.0,0.0,0.0,0.0
TCN,42,2045,14,0,class_0,0,class_0,1,1.0,1.0,0.0,0.0,0.0,0.0,0.0,0.0,0.0,0.0,0.0,0.0,0.0
TCN,42,2046,14,0,class_0,0,class_0,1,1.0,1.0,0.0,0.0,0.0,0.0,0.0,0.0,0.0,0.0,0.0,0.0,0.0
TCN,42,2047,14,0,class_0,0,class_0,1,1.0,1.0,0.0,4.3860641933366774e-43,0.0,0.0,0.0,0.0,0.0,2.6136169769717107e-38,0.0,0.0,0.0
TCN,42,2048,14,0,class_0,0,class_0,1,1.0,1.0,0.0,0.0,0.0,0.0,0.0,0.0,0.0,0.0,0.0,0.0,0.0
TCN,42,2049,14,0,class_0,0,class_0,1,1.0,1.0,0.0,7.630393004181938e-29,3.663682223291055e-39,2.910198433829744e-39,1.401298464324817e-45,2.784800438152709e-41,0.0,4.960696656939031e-32,0.0,0.0,1.0921720230947624e-41
TCN,42,2050,14,0,class_0,0,class_0,1,1.0,1.0,0.0,1.9465217585132614e-34,4.145040857472809e-42,5.308304955558162e-39,0.0,9.80908925027372e-44,0.0,7.511456861923931e-31,0.0,0.0,1.0789998175301091e-43
TCN,42,2051,14,0,class_0,0,class_0,1,1.0,1.0,0.0,1.998933320412805e-26,3.5765340704962306e-41,6.126783130226648e-26,7.245033230219665e-30,1.2695764086782843e-42,0.0,3.479211857909381e-25,0.0,1.1070257868166055e-43,5.435194300501956e-35
TCN,42,2052,14,0,class_0,0,class_0,1,1.0,1.0,0.0,8.660753745248204e-38,0.0,8.127531093083939e-44,0.0,0.0,0.0,3.681278328107582e-39,0.0,0.0,0.0
TCN,42,2053,14,0,class_0,0,class_0,1,1.0,1.0,0.0,2.422454250701878e-37,0.0,3.177976761272966e-40,0.0,0.0,0.0,8.784053436604759e-40,0.0,0.0,0.0
TCN,42,2054,14,0,class_0,0,class_0,1,1.0,1.0,0.0,1.1555509589741396e-37,6.319295554719195e-41,8.789420409723123e-40,0.0,8.547920632381384e-44,0.0,8.771394847777934e-33,0.0,0.0,4.203895392974451e-45
TCN,42,2055,14,0,class_0,0,class_0,1,1.0,1.0,0.0,2.2968606898111617e-37,4.1884770224698344e-33,2.4470660867169435e-30,1.2611686178923354e-43,8.631998540240873e-43,0.0,1.1763874914300423e-31,0.0,0.0,1.6815581571897805e-44
TCN,42,2056,14,0,class_0,0,class_0,1,1.0,1.0,0.0,3.2986121059282106e-20,2.942726775082116e-44,5.601494429353451e-40,9.196721821363774e-42,0.0,0.0,1.2834296085270528e-20,0.0,0.0,1.2765829009999084e-42
TCN,42,2057,14,0,class_0,0,class_0,1,1.0,1.0,0.0,1.598103827146916e-39,0.0,5.324934164434305e-43,0.0,0.0,0.0,1.3465204742117114e-37,0.0,0.0,0.0
TCN,42,2058,14,0,class_0,0,class_0,1,1.0,1.0,0.0,5.184804318001823e-44,0.0,0.0,0.0,0.0,0.0,0.0,0.0,0.0,0.0
TCN,42,2059,14,0,class_0,0,class_0,1,1.0,1.0,0.0,0.0,0.0,0.0,0.0,0.0,0.0,0.0,0.0,0.0,0.0
TCN,42,2060,14,0,class_0,0,class_0,1,1.0,1.0,0.0,3.612960880128293e-36,5.226843271931568e-43,8.926271217749085e-43,0.0,1.401298464324817e-45,0.0,5.251608939276011e-31,0.0,0.0,5.605193857299268e-45
TCN,42,2061,14,0,class_0,0,class_0,1,1.0,1.0,2.586514032894316e-35,1.2801737965554757e-19,3.745372294735786e-25,5.811428479325187e-23,6.443205851184789e-29,3.7372561484958555e-30,1.9463545215009195e-38,6.027496378828952e-18,5.484317291247224e-38,1.230815192750085e-36,3.2251487431759437e-29
TCN,42,2062,14,0,class_0,0,class_0,1,1.0,1.0,0.0,0.0,0.0,0.0,0.0,0.0,0.0,0.0,0.0,0.0,0.0
TCN,42,2063,14,0,class_0,0,class_0,1,1.0,1.0,0.0,7.286752014489049e-44,4.203895392974451e-45,1.639519203260036e-43,0.0,0.0,0.0,5.097762677791168e-33,0.0,0.0,0.0
TCN,42,2064,14,0,class_0,0,class_0,1,1.0,1.0,0.0,0.0,0.0,0.0,0.0,0.0,0.0,0.0,0.0,0.0,0.0
TCN,42,2065,14,0,class_0,0,class_0,1,1.0,1.0,0.0,6.570251113010079e-32,1.0402187364361471e-33,1.3989605334827825e-34,4.203895392974451e-45,3.4317477092667975e-39,0.0,2.332028258379823e-27,0.0,0.0,4.841592132406146e-38
TCN,42,2066,14,0,class_0,0,class_0,1,1.0,1.0,0.0,0.0,0.0,0.0,0.0,0.0,0.0,0.0,0.0,0.0,0.0
TCN,42,2067,14,0,class_0,0,class_0,1,1.0,1.0,1.6830477374573578e-39,4.888665785407874e-27,6.700481661485233e-23,6.1458204639333134e-24,8.235365911095243e-35,9.514493555736405e-28,2.2070871202655166e-40,5.886850145187047e-21,5.164362310528905e-36,5.414736376520561e-39,2.2103038525494623e-28
TCN,42,2068,14,0,class_0,0,class_0,1,1.0,1.0,0.0,0.0,0.0,0.0,0.0,0.0,0.0,1.4305386587306509e-38,0.0,0.0,0.0
TCN,42,2069,14,0,class_0,0,class_0,1,1.0,1.0,0.0,6.782450301704087e-35,2.167272078566439e-35,1.4787116621633247e-36,0.0,4.714108163835117e-41,0.0,3.198034884519425e-30,0.0,0.0,9.317233489295709e-42
TCN,42,2070,14,0,class_0,0,class_0,1,1.0,1.0,0.0,4.565932061620482e-39,1.511230328851099e-40,6.137687273742699e-43,0.0,0.0,0.0,4.271777093183274e-38,0.0,0.0,0.0
TCN,42,2071,14,0,class_0,0,class_0,1,1.0,1.0,0.0,0.0,0.0,0.0,0.0,0.0,0.0,1.6893716572970092e-38,0.0,0.0,0.0
TCN,42,2072,14,0,class_0,0,class_0,1,1.0,1.0,0.0,4.131715910375544e-39,8.501444158578693e-37,1.4809423678889467e-35,0.0,6.736882497087991e-41,0.0,1.2146565328671074e-31,0.0,0.0,8.688050478813866e-44
TCN,42,2073,14,0,class_0,0,class_0,1,1.0,1.0,0.0,3.0987403477330084e-32,0.0,6.58610278232664e-44,0.0,0.0,0.0,1.1933369444745488e-31,0.0,0.0,0.0
TCN,42,2074,14,0,class_0,0,class_0,1,1.0,1.0,0.0,2.3662340453059036e-26,7.706021542424647e-33,1.0390096853950287e-32,6.838308479935821e-40,5.222807352988109e-36,0.0,1.2251774067084246e-25,0.0,0.0,1.6069644167030453e-36
TCN,42,2075,14,0,class_0,0,class_0,1,1.0,1.0,0.0,1.2604162004658045e-29,2.909081800740656e-36,2.1966012599089126e-37,9.80908925027372e-45,6.852910009934085e-41,0.0,1.7392134436913238e-29,0.0,0.0,1.0174449798877129e-39
TCN,42,2076,14,0,class_0,0,class_0,1,1.0,1.0,0.0,0.0,0.0,0.0,0.0,0.0,0.0,0.0,0.0,0.0,0.0
TCN,42,2077,14,0,class_0,0,class_0,1,1.0,1.0,0.0,5.480379904170137e-25,1.8193661081188145e-37,1.7477820536045652e-34,2.9231085965815684e-42,1.0384476412710133e-39,0.0,2.0181012200363417e-28,0.0,0.0,7.515163664173994e-42
TCN,42,2078,14,0,class_0,0,class_0,1,1.0,1.0,0.0,0.0,0.0,0.0,0.0,0.0,0.0,9.388699710976274e-44,0.0,0.0,0.0
TCN,42,2079,14,0,class_0,0,class_0,1,1.0,1.0,0.0,0.0,0.0,0.0,0.0,0.0,0.0,0.0,0.0,0.0,0.0
TCN,42,2080,14,1,class_1,1,class_1,1,1.0,0.0,1.0,0.0,0.0,3.8856605117262853e-41,1.2246915812032834e-32,0.0,3.3597531980651814e-41,0.0,8.37775591518395e-37,6.649441472914122e-41,0.0
TCN,42,2081,14,1,class_1,1,class_1,1,0.9983406066894531,3.0633785438882732e-12,0.9983406066894531,3.0157056322629994e-13,3.5915064325320323e-13,0.0016588647849857807,5.254561301626381e-07,4.723071976922566e-13,4.459525468087505e-13,1.8898320169291166e-16,4.129982744682792e-10,3.389176309390174e-12,6.261569821669477e-12
TCN,42,2082,14,1,class_1,1,class_1,1,1.0,1.1580984171314145e-20,1.0,4.769613367872373e-19,2.4343089881742012e-24,2.4427926348380424e-09,4.393956487547257e-08,2.528356788079424e-24,1.905830432111998e-20,4.672404652696587e-26,5.766919183033416e-19,2.7081965633289724e-18,5.740512605200397e-20
TCN,42,2083,14,1,class_1,1,class_1,1,1.0,9.788629229943919e-26,1.0,2.4932781088345327e-20,2.5057238424816114e-18,1.8153164305090286e-08,1.880351648312576e-14,1.2146120426711343e-13,4.326214574246745e-19,1.209593065095331e-24,1.2379109544347847e-14,3.164448580450938e-20,4.67263698760334e-18
TCN,42,2084,14,1,class_1,1,class_1,1,0.9999996423721313,1.089092464266918e-17,0.9999996423721313,1.6190032905608027e-16,2.0000829777097272e-20,8.242280122305878e-12,3.2685269957255514e-07,9.533630164198357e-22,2.472806471577344e-14,1.5253530583678733e-22,8.320326713847845e-15,4.95877536081657e-13,1.0298164104037924e-15
TCN,42,2085,14,1,class_1,1,class_1,1,1.0,0.0,1.0,0.0,0.0,8.656647380228347e-40,2.2429738114444612e-33,0.0,0.0,0.0,3.460951610042405e-36,0.0,0.0
TCN,42,2086,14,1,class_1,1,class_1,1,1.0,0.0,1.0,0.0,0.0,4.273415581030864e-34,1.1833934321185702e-27,0.0,1.5721654002086936e-37,0.0,2.2250897697925133e-37,1.078548568035511e-35,1.401298464324817e-45
TCN,42,2087,14,1,class_1,1,class_1,1,1.0,1.5159573574961465e-28,1.0,1.4897801015989646e-22,7.629876541993226e-27,2.7589484366073166e-17,1.423096666550161e-14,2.6545169460687047e-27,2.4264057261884488e-20,5.5960508833607366e-30,3.2058581466441375e-19,4.572150673200092e-18,8.61303777084494e-25
TCN,42,2088,14,1,class_1,1,class_1,1,1.0,9.472565945291299e-26,1.0,1.3003742166439367e-25,3.8733689209124212e-25,1.5714375634079403e-10,3.090197055424684e-15,1.4153594450055665e-26,1.430552875225244e-26,1.3957909259234504e-31,2.3509021015912863e-19,1.1202687173771083e-20,7.829052420448647e-24
TCN,42,2089,14,1,class_1,1,class_1,1,1.0,0.0,1.0,0.0,0.0,4.624284932271896e-44,1.6384284773769564e-35,0.0,0.0,0.0,3.18835692381638e-34,9.404674513469577e-41,0.0
TCN,42,2090,14,1,class_1,1,class_1,1,1.0,8.589973751649425e-32,1.0,3.2497636324979816e-28,4.1441438319595396e-29,1.191624628969557e-19,8.967875566968995e-16,1.4877953736804334e-33,1.1673590433622438e-21,9.029257910774541e-37,5.999383866998339e-22,3.445223407154699e-21,2.3399628016315787e-24
TCN,42,2091,14,1,class_1,1,class_1,1,1.0,1.3584412818011239e-25,1.0,8.066136652251867e-27,1.9729509847190658e-24,7.621774739119402e-12,4.99660154831133e-13,2.5986310813144537e-26,1.366431664756945e-22,1.3690504983123008e-30,2.1470624757269352e-12,1.6620808881727065e-18,9.340884623782086e-24
TCN,42,2092,14,1,class_1,1,class_1,1,1.0,2.3228332609536796e-32,1.0,2.0628541594783617e-30,5.239643853143482e-38,8.157641242325122e-19,2.1349026713135544e-11,6.975163772116868e-38,1.963820116956359e-24,9.335260353260169e-38,4.406263937392812e-25,2.2261000937418706e-22,6.155888061301437e-31
TCN,42,2093,14,1,class_1,1,class_1,1,1.0,4.750409181136249e-31,1.0,1.6048887856445555e-27,4.158783172134217e-26,3.4269982684964617e-13,2.0930067659623514e-15,3.727854405740189e-25,1.0441041875116887e-23,6.721055724087452e-33,7.269265808055421e-20,1.2760908090200553e-22,1.261954752920075e-23
TCN,42,2094,14,1,class_1,1,class_1,1,0.9999996423721313,9.266919490205942e-16,0.9999996423721313,1.3540397644264124e-15,1.598879084753241e-15,2.2411027700286468e-08,4.330511504946344e-09,6.284631361767022e-16,8.877585081987216e-13,8.246087529322355e-19,3.74314851114832e-07,6.5598225636176455e-12,1.0075977324632696e-13
TCN,42,2095,14,1,class_1,1,class_1,1,0.9999978542327881,2.1567131809883375e-18,0.9999978542327881,1.0293263489042465e-17,5.181874966822359e-21,2.1161492895771516e-06,3.586618291251398e-08,1.018852319154401e-18,1.9658158188378904e-18,1.3824460460039108e-22,1.4330060033561354e-13,9.825996175502854e-16,6.461889284894439e-17
TCN,42,2096,14,1,class_1,1,class_1,1,1.0,3.739140744296482e-40,1.0,2.104990060112118e-33,1.0198289697287117e-36,7.182102701139283e-22,3.4425980780621237e-20,2.2244617638727415e-37,4.7972680535024e-30,2.1944333951326635e-42,5.738420349180069e-24,9.697978634875127e-26,4.511383951717852e-36
TCN,42,2097,14,1,class_1,1,class_1,1,1.0,2.506481448679256e-31,1.0,5.73968912251568e-32,1.797634422068434e-30,1.3493357892877122e-18,2.1451790197633378e-20,6.734664804222585e-31,9.46267005501385e-26,1.0792153080869142e-35,4.390618145881785e-21,5.993321881149386e-22,3.4392199942347e-30
TCN,42,2098,14,1,class_1,1,class_1,1,1.0,3.6717218832861004e-27,1.0,1.3041975082508811e-28,1.0846783844246515e-30,4.3815150888981e-14,1.102470724982001e-14,7.625230844250188e-32,1.0416023467052165e-22,8.964480080476064e-33,5.024480858499894e-16,2.1034617326887458e-21,3.065969537899683e-25
TCN,42,2099,14,1,class_1,1,class_1,1,1.0,0.0,1.0,0.0,0.0,2.2075619339233444e-31,1.8719513280569115e-27,0.0,0.0,0.0,7.432787137594019e-31,2.2462814383126818e-40,0.0
TCN,42,2100,14,1,class_1,1,class_1,1,1.0,2.5924357901640554e-39,1.0,8.764181342822476e-38,1.9323905823039227e-42,1.0169721647020851e-24,1.6250783076386422e-18,0.0,1.7977871122018374e-28,2.802596928649634e-45,1.3940345625851795e-24,1.7012183795848256e-24,7.456651987170215e-36
TCN,42,2101,14,1,class_1,1,class_1,1,1.0,1.5457256065290255e-30,1.0,4.642353922403013e-29,4.10609525308748e-36,3.0433959969296015e-19,4.922074575176849e-13,3.6055409487077543e-42,8.4292713450190395e-22,9.79294539513368e-37,6.607762975023926e-14,9.602997191093755e-19,3.311884803780746e-30
TCN,42,2102,14,1,class_1,1,class_1,1,1.0,4.8092609263959527e-26,1.0,7.046398963083207e-26,6.182172894791154e-39,1.3939353550552688e-14,3.424674233087899e-08,6.511425008773596e-37,3.4622254639486767e-25,5.5881040750248575e-34,2.559257435302679e-21,3.580727054586471e-23,7.558431233663016e-29
TCN,42,2103,14,1,class_1,1,class_1,1,0.9999998807907104,1.3284762329436855e-19,0.9999998807907104,7.917688755337566e-15,8.434348075151807e-23,1.5571425103651747e-14,1.783279657274761e-07,9.062962615985482e-24,7.290226229769367e-14,2.3514363338473023e-22,8.630071283716794e-18,5.968124350838946e-14,3.0269561958454164e-18
TCN,42,2104,14,1,class_1,1,class_1,1,1.0,9.504213189957673e-31,1.0,5.502435469003985e-26,1.0334302951457505e-28,7.466344628884931e-17,9.083663912067474e-16,4.490622014378534e-30,6.004620672785994e-24,9.774868530795238e-32,1.21621771670713e-18,9.949947759271466e-19,9.609811873137013e-27
TCN,42,2105,14,1,class_1,4,class_4,0,0.9999188184738159,2.075218809372215e-16,8.121021528495476e-05,1.851810427555797e-23,4.551859951757315e-23,0.9999188184738159,5.913522449496611e-11,9.28627241440236e-23,7.543237543750945e-23,9.23733321933644e-24,6.698665195670542e-14,1.2160488167658043e-19,1.8408393602936537e-21
TCN,42,2106,14,1,class_1,1,class_1,1,1.0,9.198467144206285e-36,1.0,9.515263101341632e-34,1.555441295400547e-43,5.644764005721844e-22,1.8254076703427997e-14,0.0,5.538973903760108e-26,3.6363695149229e-42,5.21141891237655e-15,4.315214554400985e-22,1.3577395611871764e-36
TCN,42,2107,14,1,class_1,1,class_1,1,1.0,0.0,1.0,0.0,0.0,1.7100745809387905e-40,8.473275492026627e-30,0.0,2.2541287097129007e-41,0.0,2.857247568758302e-42,1.401298464324817e-45,0.0
TCN,42,2108,14,1,class_1,1,class_1,1,0.9999860525131226,1.0830048781796707e-16,0.9999860525131226,3.665073869803205e-15,1.865150879744445e-15,1.3940738426754251e-05,6.549104369923953e-09,1.1540467474875638e-13,1.8907150964222325e-14,1.3482010836029272e-17,2.8730955392575197e-09,6.418758753679032e-13,3.749474418012627e-13
TCN,42,2109,14,1,class_1,1,class_1,1,1.0,3.8797959841002947e-28,1.0,3.410644462458023e-24,1.8947543385984564e-27,3.604488157419836e-17,1.2579101172152662e-12,1.090670979393505e-28,9.950614213198004e-22,3.2903976486684774e-32,2.786995646405978e-21,2.2719044628555255e-21,3.0721731893621474e-26
TCN,42,2110,14,1,class_1,1,class_1,1,1.0,0.0,1.0,0.0,0.0,8.267660939516421e-44,2.557664682643438e-30,0.0,0.0,0.0,4.328164689597893e-33,2.0495391339214774e-41,0.0
TCN,42,2111,14,1,class_1,1,class_1,1,1.0,0.0,1.0,0.0,0.0,0.0,3.8723481763151995e-41,0.0,0.0,0.0,1.15674385633085e-40,0.0,0.0
TCN,42,2112,14,1,class_1,1,class_1,1,1.0,0.0,1.0,0.0,0.0,1.533538057589813e-31,3.585523666830133e-31,0.0,9.055470936159833e-41,0.0,1.069389087929283e-33,2.909586066400834e-40,1.401298464324817e-45
TCN,42,2113,14,1,class_1,1,class_1,1,1.0,1.310308565308631e-32,1.0,5.343497520758885e-30,3.825533597219036e-37,9.414626419812609e-21,2.6959449348504597e-15,2.6165412626590023e-37,2.542544303548404e-25,3.662583975237819e-36,1.943547118923326e-26,1.675393676788877e-23,5.462077323659384e-32
TCN,42,2114,14,1,class_1,1,class_1,1,0.9927845001220703,1.2157397484557908e-12,0.9927845001220703,1.7064628821117367e-07,3.1034113022087555e-23,5.890518578112621e-16,0.007215394172817469,9.291543740743227e-24,3.9314951294500133e-10,5.1012986073586315e-17,3.07489852432383e-20,1.0229332300919908e-13,6.334167131777368e-13
TCN,42,2115,14,1,class_1,1,class_1,1,1.0,3.5198037589008575e-27,1.0,2.0347676159219612e-28,3.024771961631333e-35,1.642996075832976e-14,6.764707127793201e-10,5.5490127750598034e-36,2.0127895774720946e-27,2.462107069122415e-35,1.2937545643134845e-24,1.0423247736893043e-24,2.5878162143047416e-28
TCN,42,2116,14,1,class_1,1,class_1,1,1.0,2.4763969299760623e-27,1.0,2.2068020135597363e-33,1.8638846202373168e-20,4.023283984612436e-13,7.465169060477886e-19,7.663723582262215e-32,3.5921175749691383e-26,1.961944697833812e-35,1.4271112639069675e-14,7.606527538632464e-23,1.30279654347591e-26
TCN,42,2117,14,1,class_1,5,class_5,0,1.0,2.677942604809285e-14,8.909668521624864e-16,1.327632294685898e-16,1.401298464324817e-45,3.989307715461597e-22,1.0,1.1407970798068336e-41,2.029340816418061e-21,1.0794356269237289e-16,1.6467924290952106e-29,6.856208929876428e-17,4.964813969138565e-21
TCN,42,2118,14,1,class_1,1,class_1,1,1.0,3.1734392447416052e-37,1.0,2.624909504663018e-29,4.39395701657792e-34,3.222454893536548e-22,2.7412820093927766e-17,4.646470192701337e-34,7.097996754445929e-29,8.876057649097855e-37,8.378177555178437e-28,2.2324553691390696e-27,2.9596951764297503e-31
TCN,42,2119,14,1,class_1,1,class_1,1,1.0,0.0,1.0,4.203895392974451e-45,1.7880568404784666e-42,2.1722737037142547e-33,2.262702387805163e-28,7.239107866702005e-42,6.569335988362076e-36,0.0,5.019058735641484e-39,1.0229170503909013e-39,5.884052251699907e-42
TCN,42,2120,14,2,class_2,2,class_2,1,1.0,5.7668225368752985e-37,5.605193857299268e-45,1.0,0.0,0.0,0.0,0.0,5.196715354948584e-40,1.4256589058779448e-36,0.0,0.0,0.0
TCN,42,2121,14,2,class_2,2,class_2,1,1.0,0.0,0.0,1.0,0.0,0.0,0.0,0.0,0.0,0.0,0.0,0.0,0.0
TCN,42,2122,14,2,class_2,2,class_2,1,1.0,0.0,1.401298464324817e-45,1.0,0.0,0.0,0.0,0.0,0.0,0.0,0.0,0.0,0.0
TCN,42,2123,14,2,class_2,2,class_2,1,1.0,1.8370605552571604e-28,5.184804318001823e-44,1.0,0.0,0.0,3.4268809997001974e-39,0.0,1.1690970758106256e-36,1.6328752997186529e-35,0.0,0.0,0.0
TCN,42,2124,14,2,class_2,2,class_2,1,1.0,9.692825677507518e-21,5.043980672436033e-28,1.0,3.2345331672931158e-40,0.0,1.7405374038602757e-33,0.0,1.2434517951331554e-31,2.6305718515469744e-30,0.0,4.0637655465419695e-44,0.0
TCN,42,2125,14,2,class_2,2,class_2,1,1.0,0.0,0.0,1.0,0.0,0.0,0.0,0.0,0.0,0.0,0.0,0.0,0.0
TCN,42,2126,14,2,class_2,2,class_2,1,1.0,0.0,2.3401684354224445e-43,1.0,0.0,0.0,0.0,0.0,1.4293244336113134e-43,0.0,0.0,0.0,0.0
TCN,42,2127,14,2,class_2,2,class_2,1,1.0,0.0,0.0,1.0,0.0,0.0,0.0,0.0,0.0,0.0,0.0,0.0,0.0
TCN,42,2128,14,2,class_2,2,class_2,1,1.0,0.0,0.0,1.0,0.0,0.0,0.0,0.0,0.0,0.0,0.0,0.0,0.0
TCN,42,2129,14,2,class_2,2,class_2,1,1.0,8.770446151426368e-28,2.352536129754837e-33,1.0,0.0,0.0,6.4942790306658696e-31,0.0,2.5160143787260066e-30,1.6026945649132372e-32,0.0,3.327428696189455e-34,0.0
TCN,42,2130,14,2,class_2,2,class_2,1,1.0,6.485532753779165e-18,3.458923649652019e-26,1.0,1.3672451179796897e-37,0.0,2.2212560669522318e-30,3.699427945817517e-43,1.1452467182660245e-30,1.721898490896932e-28,0.0,6.866362475191604e-44,5.133558833161465e-40
TCN,42,2131,14,2,class_2,2,class_2,1,1.0,3.229053648113317e-20,4.122749157689828e-28,1.0,2.8301884954121898e-39,0.0,3.3304288149121427e-32,0.0,2.0254258551108917e-30,1.2768082566586426e-27,0.0,2.2420775429197073e-44,9.977245065992698e-43
TCN,42,2132,14,2,class_2,2,class_2,1,1.0,1.3406115783750136e-21,6.884778028290044e-24,1.0,5.585430056802187e-30,5.512568028807398e-39,4.04276641616175e-33,1.7780862566427905e-32,1.2828712044941952e-28,7.1442077582727995e-28,0.0,6.866362475191604e-43,6.36861239566819e-33
TCN,42,2133,14,2,class_2,2,class_2,1,0.9999792575836182,2.0764011424034834e-05,3.506411120287983e-19,0.9999792575836182,7.838760111193861e-22,7.056743518000499e-26,8.486409863651034e-19,7.396442242296035e-20,3.869524851025086e-24,3.55399991952741e-20,1.703950906649691e-40,1.4391646787711235e-35,1.0583207527835037e-25
TCN,42,2134,14,2,class_2,2,class_2,1,1.0,9.454861616938273e-14,3.528157521634724e-24,1.0,6.324500639061397e-26,5.658511833636595e-32,6.0454670120416904e-30,3.7471817444371367e-28,1.791791234876598e-26,2.151526019479625e-24,0.0,1.1546503164251487e-39,1.2303295459834148e-32
TCN,42,2135,14,2,class_2,2,class_2,1,1.0,1.1589287077492003e-21,1.393310166407057e-26,1.0,8.000767508451453e-28,9.060933085469894e-37,1.7974994666385052e-35,6.274811884378647e-31,8.494324034555615e-27,2.3998979359096195e-32,0.0,1.401298464324817e-45,1.9469485319199468e-38
TCN,42,2136,14,2,class_2,2,class_2,1,1.0,3.6075876421915017e-22,1.3548094312718629e-31,1.0,3.704186755402364e-37,0.0,4.3361356487930913e-38,4.0477174514306196e-34,3.655445068327637e-32,4.68143390531394e-25,0.0,0.0,4.265347151101812e-37
TCN,42,2137,14,2,class_2,2,class_2,1,1.0,1.0238999319272723e-26,7.098585656699512e-40,1.0,0.0,0.0,8.772128386673355e-43,0.0,1.732603396479587e-38,1.723898648666371e-33,0.0,0.0,0.0
TCN,42,2138,14,2,class_2,2,class_2,1,1.0,7.695973205025825e-40,1.3816802858242696e-42,1.0,0.0,0.0,0.0,0.0,6.66177289940018e-42,4.2405715776812246e-38,0.0,0.0,0.0
TCN,42,2139,14,2,class_2,2,class_2,1,1.0,1.9215014843012246e-37,1.8966684576436002e-37,1.0,0.0,0.0,8.379764816662406e-43,0.0,3.2279174690872226e-37,1.401298464324817e-45,0.0,0.0,0.0
TCN,42,2140,14,2,class_2,2,class_2,1,1.0,0.0,0.0,1.0,0.0,0.0,0.0,0.0,0.0,0.0,0.0,0.0,0.0
TCN,42,2141,14,2,class_2,2,class_2,1,1.0,7.503775378836508e-10,9.01302923075409e-19,1.0,3.259950557807004e-17,1.2274040898729274e-25,1.3810711127220694e-25,1.2987812405907274e-20,6.365774206438228e-17,2.2849922891716957e-15,1.8030086950928124e-40,1.2168096106378702e-29,9.033353510768916e-23
TCN,42,2142,14,2,class_2,2,class_2,1,1.0,6.355500126176139e-09,1.788493317720051e-18,1.0,8.39116166401443e-21,6.316058748854763e-27,3.2920611020486677e-21,1.7766924731424468e-21,1.9099915383340518e-22,1.2493320313743122e-18,6.560809345045577e-40,3.992318768358746e-31,2.40495378831704e-27
TCN,42,2143,14,2,class_2,2,class_2,1,1.0,1.2670328872252542e-25,5.299710792076458e-42,1.0,0.0,0.0,4.2319213622609476e-43,0.0,6.980501469980339e-34,4.642293092387202e-25,0.0,0.0,0.0
TCN,42,2144,14,2,class_2,2,class_2,1,1.0,6.700810272019341e-39,8.407790785948902e-45,1.0,0.0,0.0,0.0,0.0,5.184804318001823e-44,3.4698384592591328e-34,0.0,0.0,0.0
TCN,42,2145,14,2,class_2,2,class_2,1,1.0,1.8841619288232726e-24,4.086393167076966e-35,1.0,0.0,0.0,2.7927253360171823e-33,0.0,6.067012503999854e-33,7.72965963179373e-34,0.0,0.0,3.0828566215145976e-44
TCN,42,2146,14,2,class_2,2,class_2,1,1.0,2.1104079980385312e-19,4.6192177861664e-27,1.0,1.3444130038298204e-34,9.388699710976274e-44,1.2425088135649258e-30,3.923635700109488e-44,3.930144607671438e-28,4.0774272690514336e-26,0.0,3.3981487759876814e-42,8.791424266527108e-40
TCN,42,2147,14,2,class_2,2,class_2,1,1.0,1.1429251559847413e-22,1.807989199340389e-25,1.0,5.56178700978568e-30,3.1834698512531194e-41,4.939090685061833e-34,8.460059218668218e-40,1.0346418254513916e-27,2.428130876083543e-25,0.0,1.4181140458967149e-42,1.8461628023404666e-38
TCN,42,2148,14,2,class_2,2,class_2,1,1.0,3.837643654164749e-18,1.1719186662782726e-29,1.0,3.3264971344943163e-37,0.0,3.2206283763437787e-34,1.401298464324817e-45,1.0506660440711795e-28,1.0315094352119419e-26,0.0,3.287161733717763e-39,0.0
TCN,42,2149,14,2,class_2,2,class_2,1,1.0,0.0,0.0,1.0,0.0,0.0,0.0,0.0,0.0,0.0,0.0,0.0,0.0
TCN,42,2150,14,2,class_2,2,class_2,1,1.0,4.1125664801936264e-30,7.346488421866493e-34,1.0,4.203895392974451e-45,0.0,9.056638217780615e-39,0.0,6.376044940837619e-35,6.2623437574275205e-34,0.0,0.0,0.0
TCN,42,2151,14,2,class_2,2,class_2,1,1.0,3.5426968811466245e-31,1.1168348760668792e-42,1.0,0.0,0.0,4.120624315293372e-29,0.0,1.807675018979014e-43,1.5197743760703172e-34,0.0,0.0,0.0
TCN,42,2152,14,2,class_2,2,class_2,1,1.0,6.320262450659579e-40,9.050566391534696e-41,1.0,0.0,0.0,6.529476311383274e-39,0.0,3.9526425783210115e-41,3.755775558366482e-39,0.0,0.0,0.0
TCN,42,2153,14,2,class_2,2,class_2,1,1.0,3.314558406211081e-26,2.694145783384078e-30,1.0,3.111021471900018e-33,5.310921179791057e-43,1.1414475625539732e-38,3.803950798271505e-40,1.2816581093704743e-28,1.4699587419885827e-31,0.0,0.0,4.2389278545825716e-42
TCN,42,2154,14,2,class_2,2,class_2,1,1.0,4.951215168335807e-21,2.8166567510407885e-27,1.0,1.7561604234957163e-29,6.652331457057084e-35,1.6920283152190909e-31,1.7521763040355534e-32,3.761103521633134e-27,5.793673744703559e-24,0.0,8.207657339274032e-40,1.788330542973413e-32
TCN,42,2155,14,2,class_2,2,class_2,1,1.0,1.1776630719310374e-23,1.680977548789266e-36,1.0,1.891752926838503e-43,0.0,1.5117240119052745e-36,0.0,1.82263864450046e-36,2.2251137102732123e-31,0.0,0.0,8.758115402030107e-43
TCN,42,2156,14,2,class_2,2,class_2,1,1.0,1.2225024695651854e-17,3.1626303902496435e-25,1.0,3.420242469970269e-34,3.0183688661863695e-40,4.626304726879259e-28,1.379861400417576e-39,6.262670381904145e-29,4.625918481628912e-27,0.0,2.4326541340678824e-41,3.6596233566839446e-36
TCN,42,2157,14,2,class_2,2,class_2,1,1.0,2.5585725273321044e-22,1.6124290240624814e-29,1.0,1.3733742229393305e-33,2.382207389352189e-44,1.6972037688899218e-34,9.806356718268286e-40,5.113488070935748e-30,6.146661192443053e-25,0.0,1.401298464324817e-44,6.720207045362525e-41
TCN,42,2158,14,2,class_2,2,class_2,1,1.0,7.43720188812486e-26,4.514826063722982e-29,1.0,2.123280935881905e-33,3.208973483303831e-43,5.6348247056909866e-37,3.747828794775296e-40,1.7274514284090864e-28,1.5654128799561452e-32,0.0,0.0,1.875273656898043e-40
TCN,42,2159,14,2,class_2,2,class_2,1,1.0,1.0448265923236263e-13,2.68884447487843e-25,1.0,2.444146801525731e-22,4.09950288233452e-30,2.2983622325799563e-27,1.2191711438059603e-27,7.696491508183276e-21,5.16054988550805e-18,0.0,3.580845258088578e-33,9.797436738691195e-28
TCN,42,2160,14,3,class_3,6,class_6,0,1.0,5.401037428504235e-32,6.726232628759122e-44,7.629754722779891e-36,1.081184964240059e-35,2.797645973019359e-37,8.407790785948902e-45,1.0,9.103130778489677e-37,3.432967119190453e-38,0.0,0.0,1.7071939555862246e-30
TCN,42,2161,14,3,class_3,6,class_6,0,1.0,1.1443943029244932e-24,6.244412967382605e-39,6.637158488217357e-32,2.1950573188928846e-32,7.275935636639223e-32,1.1804426159595113e-38,1.0,1.4296421069418202e-33,3.909502017508569e-32,1.5374065841646866e-40,0.0,7.199980813606488e-24
TCN,42,2162,14,3,class_3,3,class_3,1,1.0,1.448068501471863e-17,1.1997742845908614e-21,2.7341599486293655e-24,1.0,4.6635864555545767e-20,1.2934503376787143e-29,1.0575445684099516e-12,5.238310656583497e-21,2.0243277205390735e-24,5.966788639265586e-23,4.5041263191756955e-29,2.959480707542914e-16
TCN,42,2163,14,3,class_3,3,class_3,1,1.0,6.89559331361174e-28,2.4496066591474887e-30,5.508616367138002e-39,1.0,4.707844459975234e-27,1.401298464324817e-45,4.1668024362738543e-26,1.2349808719313403e-38,2.0860087672346094e-37,3.3513773272887955e-34,0.0,2.1505228041123378e-26
TCN,42,2164,14,3,class_3,6,class_6,0,0.9973610043525696,4.428438504788801e-09,8.439767676773121e-15,1.7639163606248081e-15,0.0026389833074063063,3.948874105312583e-13,6.573238300537856e-18,0.9973610043525696,3.989617338752416e-14,9.187173455804318e-16,5.679736017375164e-16,2.125288466328929e-22,3.606774601205842e-10
TCN,42,2165,14,3,class_3,3,class_3,1,1.0,4.5567414723229546e-14,2.428601502973865e-19,1.117778920898937e-22,1.0,4.063933799979656e-18,9.285053669601665e-28,1.1929182685069262e-12,6.827250700186487e-21,7.342275543690254e-22,9.264101762651049e-22,9.734922015661358e-28,2.292771863275753e-15
TCN,42,2166,14,3,class_3,3,class_3,1,1.0,1.2767615143388923e-24,6.946471856807081e-27,4.0695034025131875e-33,1.0,2.0255624604190674e-25,1.4423565093295342e-40,1.7436373079475139e-22,4.280892992431941e-32,7.499194780765404e-33,2.8793353263222266e-31,9.986073246317944e-41,3.2770225480523475e-23
TCN,42,2167,14,3,class_3,3,class_3,1,1.0,4.573232119199308e-33,3.4755161457612117e-37,5.605193857299268e-45,1.0,2.0449773312061716e-35,0.0,3.3187358787309257e-32,4.1030019035430644e-42,2.2616957214202548e-42,9.540039945123355e-42,0.0,3.7375860392304703e-29
TCN,42,2168,14,3,class_3,3,class_3,1,1.0,8.12569887135954e-15,1.0624957253658912e-20,1.0610850653625133e-22,1.0,2.312046946677833e-18,6.553918897002861e-28,4.982889968696558e-12,1.5505955531643408e-18,9.663653626475994e-22,5.425626530245568e-19,6.21301856941653e-26,2.2119265918668293e-14
TCN,42,2169,14,3,class_3,3,class_3,1,1.0,2.5143499217577394e-26,4.270896353373678e-31,1.8151374377689908e-37,1.0,4.66881589891234e-29,4.203895392974451e-45,4.293812308391623e-25,3.1018120705920505e-34,3.047741396752889e-34,1.2820803725376791e-33,1.5134023414708024e-43,3.7494214881800015e-23
TCN,42,2170,14,3,class_3,3,class_3,1,1.0,7.855078519433699e-24,1.9759098294112268e-25,2.723967181688733e-32,1.0,1.4114367158252192e-23,8.577204967688844e-39,3.8229348048488234e-23,6.230617340488296e-30,3.0422416341088996e-30,6.087405701398802e-28,5.546044488600732e-38,6.584665041374323e-21
TCN,42,2171,14,3,class_3,3,class_3,1,0.9998941421508789,3.0473884180537425e-05,1.4861407937605264e-10,2.6986115165411606e-12,0.9998941421508789,3.5794872843553094e-08,3.961968150474962e-14,7.485561218345538e-05,9.078620494262779e-11,6.833246468662679e-11,3.2166375119047075e-10,9.618718107705544e-15,4.376657045668253e-07
TCN,42,2172,14,3,class_3,3,class_3,1,1.0,3.3185602084988774e-16,6.328954049763828e-22,1.4400804968824464e-25,1.0,2.44949892868031e-19,1.6593917725134258e-29,6.158460894023499e-12,2.9205984672223037e-23,4.764182653258456e-24,7.594321651618161e-23,1.1672200931066235e-30,1.64601199487519e-16
TCN,42,2173,14,3,class_3,3,class_3,1,1.0,1.6644683134002693e-16,1.771736470282614e-23,6.967328426250331e-28,1.0,4.861805042249334e-22,6.392347095979231e-32,6.958210490269363e-15,4.309497205118229e-26,5.761049958233885e-26,3.50139032788856e-27,1.7164575857546735e-33,5.775180483965167e-17
TCN,42,2174,14,3,class_3,3,class_3,1,1.0,3.491291044620788e-36,1.60925115643062e-40,0.0,1.0,1.0188992474339892e-37,0.0,1.701350500273862e-36,0.0,4.203895392974451e-45,5.605193857299268e-45,0.0,1.7674899979161732e-31
TCN,42,2175,14,3,class_3,3,class_3,1,1.0,2.846271937757827e-13,5.940966272264311e-15,2.2214644657486822e-18,1.0,9.106358889339732e-15,3.937792952649003e-23,2.113127381409008e-11,3.9958231362283863e-16,9.329944664094848e-18,1.3979369929734184e-18,4.765368626743365e-22,5.248077666886175e-11
TCN,42,2176,14,3,class_3,3,class_3,1,0.7714664936065674,5.635799971059896e-05,1.2045565283072546e-12,8.08818181700921e-13,0.7714664936065674,1.7353464151770304e-11,2.832368273093474e-15,0.22847715020179749,5.306011272715461e-12,4.774781373236003e-13,6.314714478042587e-15,9.072791608294369e-20,7.361045994969118e-09
TCN,42,2177,14,3,class_3,6,class_6,0,1.0,1.118277985862016e-22,1.2935617381028473e-32,2.740356847396259e-28,3.597097505952379e-25,9.623783339325576e-28,4.497607608494118e-34,1.0,9.638511407092791e-29,1.1150711877120546e-28,1.0561357564657463e-34,1.2611686178923354e-44,2.157823141098597e-23
TCN,42,2178,14,3,class_3,3,class_3,1,1.0,8.821493285170753e-18,2.1877309999306555e-20,2.893933149315371e-26,1.0,9.336632626142492e-19,9.24813503701522e-31,5.1771373714188e-16,2.087622961345613e-24,1.3940453108150131e-24,3.136910312103402e-22,1.3258464729817266e-30,3.750806812485361e-17
TCN,42,2179,14,3,class_3,3,class_3,1,0.8774111866950989,6.647021655226126e-05,1.6334533938788809e-06,1.1155486845382256e-07,0.8774111866950989,1.0666248044799431e-06,1.4603106224253537e-10,0.12236234545707703,3.408314114494715e-06,1.3354342520699447e-08,2.9752261099247335e-08,6.055102946822544e-11,0.0001537028729217127
TCN,42,2180,14,3,class_3,6,class_6,0,1.0,6.038428397804453e-18,3.250315780435226e-24,1.4283426045583935e-21,1.304949637931374e-12,1.496224557910924e-18,1.5060627951473949e-25,1.0,1.9367070487388138e-20,7.8516035871462e-24,4.082794681732045e-27,1.3792979173353682e-31,4.406798509521661e-19
TCN,42,2181,14,3,class_3,6,class_6,0,0.9999960660934448,3.7540722530593484e-08,3.4359938092182792e-15,2.501681587580018e-12,3.952330644096946e-06,1.2029509333100208e-12,2.4430795935365923e-18,0.9999960660934448,1.1978372460585973e-10,2.2825526225253665e-15,4.088535061295657e-17,1.3403711588146512e-21,7.993975481568327e-10
TCN,42,2182,14,3,class_3,3,class_3,1,1.0,1.611318983294228e-33,7.176221968158471e-35,3.783505853677006e-44,1.0,3.3857675624658035e-32,0.0,4.094501859168382e-30,8.407790785948902e-44,8.589959586311129e-43,5.43703804158029e-42,0.0,1.336291746511947e-29
TCN,42,2183,14,3,class_3,3,class_3,1,1.0,3.744674471932101e-39,1.339339494447387e-35,0.0,1.0,4.2798390435082275e-36,0.0,6.08580079990202e-29,4.203895392974451e-45,0.0,3.867583761536495e-43,0.0,4.8752940538039934e-27
TCN,42,2184,14,3,class_3,6,class_6,0,0.7356641888618469,1.0302840536269287e-07,4.704152987825873e-14,7.061958982000627e-14,0.2643357217311859,8.307800669626886e-09,9.003433315263016e-18,0.7356641888618469,1.571037272713252e-13,3.982211581463806e-17,2.991861718325262e-16,7.553345439410595e-22,4.0224672551159024e-12
TCN,42,2185,14,3,class_3,3,class_3,1,0.999445378780365,5.047297385000083e-15,1.8612934507152035e-22,8.631168280305404e-20,0.999445378780365,1.66769078831295e-20,4.195558450231737e-31,0.000554581405594945,2.189832458739195e-19,8.100831568376296e-23,4.486108395307144e-24,6.341556923816077e-30,1.2248357938719648e-15
TCN,42,2186,14,3,class_3,3,class_3,1,1.0,4.0396872667975423e-16,1.245052931553728e-21,3.896445518276658e-24,1.0,1.0887190749384115e-17,1.0419682736084283e-29,5.380997297049772e-13,4.6975748671817576e-23,5.026933682556302e-24,2.0754046892150973e-22,6.428839918432429e-30,5.389879506483783e-18
TCN,42,2187,14,3,class_3,3,class_3,1,1.0,1.3263479294678325e-29,8.955094263547319e-30,3.1311597158915054e-37,1.0,1.194886810266221e-29,5.184804318001823e-44,8.274657636821597e-22,4.596052964488081e-34,7.0800122863339655e-37,1.0319572639893816e-35,6.726232628759122e-44,1.4587208176031132e-22
TCN,42,2188,14,3,class_3,3,class_3,1,1.0,3.7251418328546993e-31,6.023723455162885e-34,1.3306355341863287e-36,1.0,1.2584464104761993e-29,1.2611686178923354e-43,3.039204020285728e-14,1.584335303841236e-34,3.6346879567657105e-40,4.4527660002385387e-41,2.802596928649634e-45,9.099046007421785e-27
TCN,42,2189,14,3,class_3,6,class_6,0,1.0,2.5759518233274153e-25,7.146905207925585e-36,3.562952293374909e-27,1.0653405469118165e-28,1.3513855989312623e-26,8.582329025157898e-35,1.0,1.0533501434215646e-29,9.376742801122985e-36,5.03724758970842e-41,0.0,4.8677816149811086e-29
TCN,42,2190,14,3,class_3,3,class_3,1,1.0,5.073854253285909e-28,5.5867213079592066e-33,5.295684861588453e-39,1.0,1.6730647315976707e-28,0.0,1.2570239679712297e-25,7.702269519285729e-38,2.222305221588084e-39,9.769555504107332e-36,0.0,2.0054385917638602e-28
TCN,42,2191,14,3,class_3,3,class_3,1,0.9962312579154968,3.305750340132363e-09,1.0874966012547316e-15,7.595218044831713e-17,0.9962312579154968,3.465612463671164e-09,2.6268664852921395e-20,0.0037687369622290134,1.2813448557942066e-15,1.3902322191577933e-18,2.471090245183353e-16,4.184939918811125e-23,9.31311573541295e-14
TCN,42,2192,14,3,class_3,3,class_3,1,1.0,1.095844450158345e-24,1.140351696478466e-29,1.1636305822511174e-33,1.0,6.231437855255859e-26,1.5883718093121801e-41,8.700399581725685e-21,3.788323243618176e-32,1.6499330543637785e-33,2.811636431993822e-32,9.172899747470253e-42,7.010555588740293e-25
TCN,42,2193,14,3,class_3,6,class_6,0,1.0,1.0357735931218318e-15,1.5468476373907478e-21,1.1905899242509508e-17,3.174806541251206e-15,6.034027176560211e-19,1.1145674720980868e-24,1.0,5.168249799637576e-19,7.198717847297229e-24,3.8347890620450055e-26,3.15479879170296e-32,1.503452114687555e-16
TCN,42,2194,14,3,class_3,3,class_3,1,1.0,1.3726363614618995e-32,5.5838794126128495e-36,2.1019476964872256e-44,1.0,1.3779817934525692e-33,0.0,4.2452458323696674e-32,6.025583396596713e-44,1.585989601922828e-41,3.8782336298653637e-41,0.0,1.1358191407249721e-29
TCN,42,2195,14,3,class_3,3,class_3,1,1.0,0.0,5.605193857299268e-45,0.0,1.0,0.0,0.0,1.532251479022838e-31,0.0,0.0,0.0,0.0,1.349368679178969e-30
TCN,42,2196,14,3,class_3,6,class_6,0,0.9999940395355225,5.4348549965999027e-11,1.0172733347626139e-15,1.0329271177267601e-14,5.996530489937868e-06,2.294234802135975e-09,9.829472418570721e-18,0.9999940395355225,2.466584167546814e-14,1.8504169269154138e-16,5.0382482540918796e-17,5.184106597525244e-22,1.7881574042658e-12
TCN,42,2197,14,3,class_3,6,class_6,0,1.0,8.096562397022361e-41,0.0,2.684747727799917e-41,0.0,4.1557425738448575e-39,0.0,1.0,1.0270116445036584e-41,0.0,0.0,0.0,5.7017926023556416e-36
TCN,42,2198,14,3,class_3,3,class_3,1,1.0,1.2480962938171983e-21,3.0389304059268593e-26,7.043734400486548e-27,1.0,9.730052238195064e-22,2.6308988858303166e-33,1.6761719789926133e-10,3.078091580832675e-22,1.920236317692644e-27,8.215542593617651e-26,2.822985242203836e-32,1.3699528731448054e-17
TCN,42,2199,14,3,class_3,3,class_3,1,1.0,3.664730643572922e-24,1.5092078541540188e-26,1.397239957809709e-31,1.0,5.430312973275635e-24,8.560608997612275e-37,1.3732086494183692e-15,3.992296389203256e-27,2.6715082072154904e-30,3.5010546382992533e-28,2.4438311596686423e-36,4.470261708632138e-17
TCN,42,2200,14,4,class_4,4,class_4,1,1.0,6.0735477888101326e-24,3.868027671913067e-23,6.8943884444781e-42,2.5477254955099884e-20,1.0,8.864755784619505e-37,8.998888857239746e-31,3.643376007244524e-43,3.271328574473234e-37,1.812428421639883e-26,3.8917057133013825e-39,7.154525878108894e-33
TCN,42,2201,14,4,class_4,4,class_4,1,1.0,1.0176631022672488e-16,1.0520443183281714e-08,7.566812967447837e-25,1.5447766551923855e-15,1.0,2.6795260697075782e-18,3.39232195512815e-17,2.425612930681691e-25,2.156240042708048e-26,4.0613717358813084e-13,4.524307375366225e-22,7.401273251723158e-22
TCN,42,2202,14,4,class_4,4,class_4,1,1.0,0.0,0.0,0.0,0.0,1.0,0.0,0.0,0.0,0.0,0.0,0.0,0.0
TCN,42,2203,14,4,class_4,4,class_4,1,1.0,1.7995109783912844e-26,1.4728932894946308e-25,7.192865017379286e-42,7.418436589711723e-28,1.0,5.9638787321225116e-37,5.317991691354517e-32,1.5782081915504323e-39,1.9756933673186418e-38,4.3067999787497135e-27,3.6210547240062944e-39,5.2230860880682445e-36
TCN,42,2204,14,4,class_4,4,class_4,1,1.0,1.5382416640665243e-25,9.971798418053163e-26,3.331054605515809e-40,1.872413107817454e-22,1.0,2.528675308738812e-39,3.335456079814169e-29,2.2703837718990686e-40,3.233819065595696e-38,5.274829376325092e-27,3.47365634243936e-39,8.176337566872614e-33
TCN,42,2205,14,4,class_4,4,class_4,1,1.0,2.391104630325012e-19,2.3130037878514036e-22,8.271059929071487e-37,2.935909253002317e-18,1.0,2.215745490494899e-31,4.644788049889238e-26,5.552993628578808e-36,7.02684342311382e-30,4.6902051922900185e-20,1.9943268178738e-32,2.988747758998323e-26
TCN,42,2206,14,4,class_4,4,class_4,1,1.0,2.0368041905416535e-26,1.981677470101395e-32,0.0,6.905848755148653e-31,1.0,1.203154861469288e-41,8.143148723656345e-35,0.0,5.5127081586538304e-42,9.542212690540095e-31,0.0,1.5343758558460448e-37
TCN,42,2207,14,4,class_4,4,class_4,1,1.0,2.0588527034631635e-15,5.4375973685169876e-21,1.2881772618616035e-28,2.0716844320508985e-17,1.0,1.2902299584408603e-25,6.212685781162477e-19,4.2822831320512235e-31,8.017919624832012e-25,1.3888947973542657e-19,7.194797303642923e-30,4.1078303430475814e-23
TCN,42,2208,14,4,class_4,4,class_4,1,1.0,1.6972679413570337e-27,2.4820229565296063e-28,0.0,2.0559701824413022e-32,1.0,1.0852818385456773e-39,3.81796046840668e-33,0.0,7.127317880412028e-39,2.137492963592185e-27,6.992479336980837e-43,1.945618839807149e-39
TCN,42,2209,14,4,class_4,4,class_4,1,1.0,6.727213230917073e-10,5.364134440496259e-19,1.5291738312205253e-24,6.342759433994316e-13,1.0,1.7582456992476607e-21,1.333047085150119e-16,5.075485458170907e-26,3.5113059305434926e-17,3.053516640927345e-13,1.0700071453094354e-22,3.645321762922394e-17
TCN,42,2210,14,4,class_4,4,class_4,1,1.0,1.9546790726607827e-17,2.6671037814609866e-19,2.2353698789239108e-27,4.35597058732575e-20,1.0,1.939695413108947e-26,7.553166601992809e-19,2.3258273417378794e-27,4.9642593936113074e-23,5.924555538306851e-16,4.9517099465794235e-27,4.0499333168585146e-23
TCN,42,2211,14,4,class_4,4,class_4,1,1.0,3.539466467317248e-17,6.115666801091898e-19,2.809574336263299e-27,3.3761957795732143e-18,1.0,4.466664058677191e-25,5.686750906016308e-17,8.646764013733413e-29,4.263976602880033e-24,6.04993679623078e-17,7.310639883311939e-29,1.2535739419946613e-21
TCN,42,2212,14,4,class_4,4,class_4,1,1.0,1.0375558051611833e-10,2.067541779194335e-15,1.2685333795530751e-23,5.4937685511902146e-09,1.0,1.1465027020366135e-20,2.9476616862529603e-16,1.205394003461911e-21,3.642096751150172e-17,1.564594565017785e-10,1.52337290995825e-19,1.1874535914020018e-13
TCN,42,2213,14,4,class_4,4,class_4,1,1.0,1.6722841448726767e-23,5.523681761156689e-24,2.4915086695695248e-42,6.32731905538949e-20,1.0,2.600421173540918e-37,5.025702670033854e-33,9.528829557408756e-44,1.6892056146393745e-36,1.0455927594116746e-27,3.1828925162858176e-39,5.9627079515155155e-33
TCN,42,2214,14,4,class_4,4,class_4,1,1.0,1.1594460995288294e-21,7.188700891522733e-24,1.9300883890568835e-38,4.54818307107808e-24,1.0,1.2944812744362498e-30,8.811724126441934e-29,6.0165267485698435e-37,4.652024036166988e-33,2.6838347643960173e-24,7.897876345926097e-36,2.458969048473822e-30
TCN,42,2215,14,4,class_4,4,class_4,1,1.0,8.892324870883594e-22,4.004930458823557e-25,2.2553394315860774e-39,9.004424403652651e-22,1.0,2.3483320844117166e-32,1.0952989890498676e-28,1.140630403762293e-36,4.6914646634361586e-32,1.0249918232721751e-23,2.546258230139386e-35,1.2585093944039119e-28
TCN,42,2216,14,4,class_4,4,class_4,1,1.0,5.152843937095955e-16,1.107843718175306e-18,3.16131072571838e-28,3.824521839953637e-17,1.0,4.787572674921098e-25,6.609409874749034e-19,1.1407171717780688e-29,1.852044640358557e-24,1.797275866514802e-17,1.5535961675111708e-27,9.596569273749234e-23
TCN,42,2217,14,4,class_4,4,class_4,1,1.0,6.709805819670361e-19,1.0184377756517155e-20,9.370100569274618e-34,2.325664689835839e-22,1.0,7.853833979651776e-28,2.1998776709433366e-24,5.224583365388027e-35,7.113665398249735e-29,1.7794268947562384e-20,8.953514187550831e-32,2.1561567654972527e-27
TCN,42,2218,14,4,class_4,4,class_4,1,1.0,4.248711059572976e-18,3.152377818115287e-19,9.770991750426227e-32,1.0152840687870004e-20,1.0,3.174704152923084e-26,3.189130632109626e-22,1.084482343558345e-33,1.3776600596789663e-27,1.8286019097554636e-19,1.5081919778677218e-30,1.2866714562012149e-25
TCN,42,2219,14,4,class_4,4,class_4,1,1.0,3.4982065241018356e-23,3.5326824277870716e-24,1.3438452272874996e-42,1.9075275451016598e-25,1.0,8.586687767394297e-34,3.45829610463894e-30,1.5251536303926304e-39,7.507774511993965e-35,9.128093812219787e-23,2.497856080776632e-36,1.1944441661134754e-30
TCN,42,2220,14,4,class_4,4,class_4,1,1.0,5.900675456062265e-14,2.200071333448601e-16,2.0385583468620936e-21,1.3926271973715293e-15,1.0,3.9732846251902375e-22,2.0028785487763434e-12,1.946190259016027e-24,3.476486229885872e-21,1.4228203021987846e-17,7.851415493124112e-26,4.143480974216662e-21
TCN,42,2221,14,4,class_4,4,class_4,1,1.0,1.5838312541630345e-22,5.657808008745028e-29,3.8699799819104906e-40,2.116561386881321e-25,1.0,3.215886077417958e-36,3.532213446367799e-30,3.912803662980257e-40,1.2594470323731873e-34,8.39033537313837e-27,4.6188366838426014e-39,5.555075898009117e-34
TCN,42,2222,14,4,class_4,4,class_4,1,1.0,5.7459866412196405e-36,8.808211822129719e-40,0.0,1.401298464324817e-45,1.0,0.0,0.0,0.0,0.0,8.646011524884121e-43,0.0,0.0
TCN,42,2223,14,4,class_4,4,class_4,1,0.9999998807907104,5.011661086129493e-10,6.388118478639626e-09,9.98897103864442e-18,1.4411185134122206e-07,0.9999998807907104,8.091610877430239e-15,2.904440576934064e-10,3.544247240385559e-18,9.591662393062584e-16,2.0404962164377594e-09,3.670971707275377e-16,1.0582613778342687e-11
TCN,42,2224,14,4,class_4,4,class_4,1,1.0,2.6871445272262835e-16,1.0497629378157777e-16,2.1926419013458715e-29,2.142474300719003e-18,1.0,1.1875607519366643e-23,1.0423109836118202e-20,3.559676334687755e-28,1.5534148365846749e-24,1.970755771234559e-15,1.0076495667615546e-25,4.705324826041266e-22
TCN,42,2225,14,4,class_4,4,class_4,1,1.0,2.817572767438957e-14,3.140484666966788e-18,1.041188123732494e-24,5.4794667236999096e-15,1.0,1.831215951447554e-23,1.338116577339436e-16,6.903838238962961e-26,5.57541058610908e-20,1.5187862962388345e-15,1.740658072187029e-24,2.711992205646764e-17
TCN,42,2226,14,4,class_4,4,class_4,1,1.0,1.4956326770954178e-16,5.1845439969161813e-14,2.0430910036591168e-27,4.8250679283692033e-17,1.0,9.760907932968496e-22,5.333978640687449e-18,4.293265217176041e-28,6.986794112198904e-25,8.630442522375708e-16,1.6215058093530857e-25,8.547915015422321e-22
TCN,42,2227,14,4,class_4,4,class_4,1,1.0,3.5672870500646006e-14,1.742669993326451e-18,2.8373219023068657e-25,1.2571467846757278e-13,1.0,1.0105685271393857e-23,4.1634054946435465e-17,1.7304418304263512e-25,3.6599286263617882e-22,9.314409054138244e-17,1.6703187965349317e-25,1.7196081655367298e-20
TCN,42,2228,14,4,class_4,4,class_4,1,1.0,1.9802073700617713e-36,2.5764273565076087e-41,0.0,1.401298464324817e-45,1.0,0.0,4.484155085839415e-44,0.0,0.0,7.941158397328738e-42,0.0,0.0
TCN,42,2229,14,4,class_4,4,class_4,1,1.0,2.549673250307194e-10,2.2099210031361884e-16,1.1695609876515436e-21,1.3998057157849075e-09,1.0,4.9355847667121796e-20,7.797205264260809e-13,1.4502759669494137e-22,3.4220188971716612e-18,2.1345533508603486e-14,3.2604275020702665e-22,5.5471455032184754e-15
TCN,42,2230,14,4,class_4,4,class_4,1,1.0,4.174291663196217e-13,2.7405554496769124e-13,1.6477409781716958e-22,1.9514385495977143e-13,1.0,8.0913173838227375e-19,2.9327153769700964e-13,1.2815978627766213e-23,7.01056975668215e-21,4.272595122210669e-14,5.944070707372669e-23,8.772771189038522e-17
TCN,42,2231,14,4,class_4,4,class_4,1,1.0,4.662299734649322e-15,5.7803128915118745e-18,3.3723113444906186e-24,4.812492136080437e-18,1.0,1.4624857982682434e-24,3.327701705703001e-15,1.68051735825872e-27,4.022450034009339e-23,5.227057688299151e-19,1.1204101303332633e-27,1.1102518113008489e-24
TCN,42,2232,14,4,class_4,4,class_4,1,1.0,1.5860214046662568e-20,5.9748651599158e-26,2.403861553627911e-35,9.482627151232197e-24,1.0,3.213549191204692e-33,1.6593627511565763e-26,7.232892504893865e-35,2.96284836949617e-30,5.415318068530923e-23,5.401856178686682e-34,1.9217355924644058e-30
TCN,42,2233,14,4,class_4,4,class_4,1,1.0,1.8883449288292255e-14,1.2175119853269356e-12,1.5869821539451044e-22,2.0687341474741848e-14,1.0,1.1148764852914142e-19,5.008452420157683e-13,8.777225363200853e-24,4.712440679572496e-21,7.540485502167439e-15,1.2417320669564628e-22,8.21666419794596e-20
TCN,42,2234,14,4,class_4,4,class_4,1,0.9995684027671814,4.985105704766165e-18,0.0004316185659263283,1.638642086885782e-25,2.6647658174981514e-17,0.9995684027671814,2.9213299465518863e-17,1.0481892101567833e-17,9.196382660885511e-23,6.200682387232588e-25,2.9852696314947025e-08,1.7141524247208024e-19,4.39048816220334e-18
TCN,42,2235,14,4,class_4,4,class_4,1,1.0,1.704407421405582e-13,1.644533305106971e-13,2.2198588786952516e-22,3.286420072710905e-14,1.0,2.375150125766454e-19,2.4986355978093852e-15,1.999735277641648e-25,3.711203979355979e-21,4.4919437906711795e-14,8.881472542964904e-23,1.6619270196540745e-20
TCN,42,2236,14,4,class_4,4,class_4,1,1.0,3.5067074028124676e-21,3.2432838506602586e-22,4.22432372269816e-33,3.0928275025422035e-22,1.0,3.455236810061264e-30,4.798202406013857e-22,2.2012360478085928e-33,1.1332360774650289e-28,1.7544266532115303e-21,1.782153026286254e-33,7.874244881202175e-25
TCN,42,2237,14,4,class_4,4,class_4,1,1.0,2.7212035648710625e-18,9.314435234404632e-19,1.9082275872110276e-31,1.2694210140477832e-20,1.0,2.1998169040017313e-26,7.043241977239253e-22,1.809623778251994e-33,6.284403779102826e-28,1.2602013914184121e-19,1.877089940861983e-30,1.0915169441215771e-26
TCN,42,2238,14,4,class_4,4,class_4,1,1.0,2.802373333388175e-10,9.066797312939912e-10,2.5549120962480465e-17,6.419935694168544e-10,1.0,1.327304524699046e-14,4.1082783008850043e-11,6.589948899875076e-19,5.289104009738386e-16,1.802810123407994e-10,3.496589394829439e-17,3.8029838609829336e-13
TCN,42,2239,14,4,class_4,4,class_4,1,1.0,2.277148610224527e-18,4.8136374172693536e-15,1.2250626718394002e-29,4.990700651031897e-19,1.0,9.362502568028763e-24,4.2241443640668226e-19,1.0592367370118384e-30,3.3656357631545814e-27,1.6273256539653722e-16,1.3088780717206011e-27,3.0612864454143156e-23
TCN,42,2240,14,5,class_5,5,class_5,1,0.9999998807907104,1.7033498522778245e-07,3.1194556486535685e-12,1.9935025852291233e-12,3.9437991590431214e-34,1.5819837844224804e-14,0.9999998807907104,2.2785758986452205e-31,2.4762098314305662e-18,3.4800522279697117e-15,4.716358781294773e-22,1.1647077746701484e-10,7.177581012179912e-15
TCN,42,2241,14,5,class_5,5,class_5,1,1.0,1.3706213177978095e-18,1.049846320988479e-10,3.74595538785298e-19,0.0,1.3552935419000174e-26,1.0,0.0,1.999434279085791e-21,3.3801029236514866e-24,1.9042533521614366e-35,1.526818577328749e-17,2.355276761169408e-24
TCN,42,2242,14,5,class_5,5,class_5,1,1.0,1.5196227121678303e-20,2.0453892418214985e-14,8.746842385436266e-24,0.0,7.161307065500209e-23,1.0,0.0,1.296650202572839e-31,4.155365383151133e-30,7.138965473247496e-39,1.9047934025079704e-25,1.2909503715250239e-30
TCN,42,2243,14,5,class_5,5,class_5,1,1.0,4.2921517577100554e-13,3.6817170839809066e-11,1.9377464737635854e-15,3.6212915434467653e-40,2.2695075293160684e-19,1.0,1.7799713483393124e-40,2.9421107087726885e-17,2.7679272753614266e-19,3.1478225235011125e-27,1.6091462093349268e-16,3.19503061091976e-18
TCN,42,2244,14,5,class_5,1,class_1,0,0.9999996423721313,5.759123214776689e-23,0.9999996423721313,5.1562643514097567e-23,9.094192208669457e-33,1.9149790642103426e-09,3.701883031226316e-07,6.6033945288798186e-31,4.9084605796579475e-24,2.1993522926619473e-28,3.543072313043489e-17,8.744401541005913e-17,4.680057836072395e-25
TCN,42,2245,14,5,class_5,5,class_5,1,0.9999995231628418,1.667448991382603e-11,3.796604144349486e-13,5.338688424672e-07,1.8717018185899113e-33,2.583135763446152e-16,0.9999995231628418,7.943028680730871e-32,1.1593759588134115e-19,2.692265762540766e-14,4.671225983570622e-26,2.9155060160130842e-18,7.721896615863737e-21
TCN,42,2246,14,5,class_5,5,class_5,1,1.0,1.9678382754355825e-18,8.902333180742569e-23,3.6106706376669555e-15,0.0,8.621328535314954e-31,1.0,0.0,2.3050615798915073e-27,5.2986252902737536e-20,4.770385991720559e-38,3.743496334988225e-20,1.6045574775458723e-28
TCN,42,2247,14,5,class_5,5,class_5,1,1.0,1.7243472546103061e-13,5.327647502849364e-13,2.9062832869464206e-12,1.517407672871382e-38,7.126327059501698e-20,1.0,3.7143304747259186e-38,1.0583580774690215e-19,5.2994219298271275e-17,1.1062717823150194e-27,4.394045617863747e-17,1.3811687729132749e-21
TCN,42,2248,14,5,class_5,5,class_5,1,1.0,4.203895392974451e-45,3.377619753485323e-40,3.5361738278950415e-32,0.0,0.0,1.0,0.0,0.0,0.0,0.0,4.358038224050181e-43,0.0
TCN,42,2249,14,5,class_5,1,class_1,0,1.0,1.9898438193412402e-43,1.0,1.5773190390576579e-30,6.737772321612837e-39,2.4933207142653906e-24,4.199404064029609e-18,3.5032461608120427e-44,2.5125213914832437e-24,7.334547228734448e-15,3.3360686717449906e-13,9.541583786900215e-18,4.7143565342976595e-32
TCN,42,2250,14,5,class_5,5,class_5,1,1.0,4.978735522812028e-13,3.076839760751682e-08,2.5877076089558804e-13,1.8804850389108585e-32,2.2694231155345573e-17,1.0,1.284493097651616e-34,1.872400211223521e-13,1.3857415215312585e-10,3.959422689413521e-16,6.263373153458929e-11,1.7472847098867924e-16
TCN,42,2251,14,5,class_5,5,class_5,1,1.0,0.0,1.1939062916047441e-42,0.0,0.0,0.0,1.0,0.0,0.0,0.0,0.0,3.070888691850185e-38,0.0
TCN,42,2252,14,5,class_5,1,class_1,0,0.9665721654891968,1.0280753385557211e-22,0.9665721654891968,1.0371969724326886e-17,1.265878616552242e-34,2.722304064052579e-20,0.03342781960964203,1.4288367817457284e-39,6.60478572832971e-17,3.8077025949666022e-22,3.7636502804203495e-18,2.3673771488413723e-16,3.3025464581851354e-26
TCN,42,2253,14,5,class_5,5,class_5,1,1.0,1.9400582583104695e-26,9.13776028079188e-27,9.190828124851503e-27,0.0,9.78906032316731e-37,1.0,0.0,5.267408553133902e-35,2.095634183024488e-31,0.0,1.1405730467667032e-30,7.669691852327413e-39
TCN,42,2254,14,5,class_5,5,class_5,1,1.0,1.5507201078790445e-10,3.1921164930087675e-12,1.4931985769378597e-12,9.662704760834546e-35,7.68858108147856e-14,1.0,1.5453821623445457e-32,3.117502970683321e-21,6.847873860977649e-16,2.094721526201244e-25,2.2130085705778283e-16,3.7963480062515347e-19
TCN,42,2255,14,5,class_5,5,class_5,1,1.0,1.4508002004615106e-13,1.6561928152698802e-13,1.617709736783865e-13,2.3712772613304554e-41,2.8553453768572556e-18,1.0,2.6886730450581837e-38,6.976661813916012e-21,2.1374793705901014e-17,7.08585679948623e-27,1.510252333416129e-16,1.901357194455676e-20
TCN,42,2256,14,5,class_5,5,class_5,1,1.0,4.454612020493523e-27,2.0251833609118926e-33,7.400469418343656e-33,0.0,4.862505671207115e-43,1.0,0.0,4.330012254763685e-43,2.177018660129746e-33,0.0,4.7104948310874673e-23,0.0
TCN,42,2257,14,5,class_5,5,class_5,1,1.0,0.0,0.0,0.0,0.0,0.0,1.0,0.0,0.0,0.0,0.0,0.0,0.0
TCN,42,2258,14,5,class_5,5,class_5,1,1.0,0.0,0.0,1.5260166099663025e-30,0.0,0.0,1.0,0.0,0.0,0.0,0.0,0.0,0.0
TCN,42,2259,14,5,class_5,5,class_5,1,0.9875220656394958,0.000875901139806956,3.155716694891453e-05,0.011531272903084755,2.402150743943676e-13,3.922760151908733e-05,0.9875220656394958,6.141438052553738e-12,3.252799973818554e-10,1.3444533486506316e-08,4.608692713483492e-15,3.691588354448605e-11,8.664625683607596e-10
TCN,42,2260,14,5,class_5,5,class_5,1,1.0,2.3149871020185275e-40,9.91028177903947e-35,2.04271424988083e-37,0.0,0.0,1.0,0.0,0.0,5.269022355707745e-41,0.0,3.6129679922134984e-32,0.0
TCN,42,2261,14,5,class_5,5,class_5,1,1.0,4.222392532703539e-41,2.6720585266507713e-30,2.6010164451285634e-37,0.0,1.401298464324817e-45,1.0,0.0,9.80908925027372e-45,2.63904409812627e-38,0.0,4.964564033353236e-30,0.0
TCN,42,2262,14,5,class_5,5,class_5,1,1.0,0.0,3.265025421876824e-42,0.0,0.0,0.0,1.0,0.0,0.0,0.0,0.0,2.8513007264505957e-30,0.0
TCN,42,2263,14,5,class_5,5,class_5,1,1.0,2.1076074176703687e-35,3.063703856985987e-31,2.5468277290456756e-38,0.0,4.9809294044272055e-40,1.0,0.0,7.006492321624085e-45,1.323572698456051e-37,0.0,1.9145321369019566e-26,0.0
TCN,42,2264,14,5,class_5,5,class_5,1,1.0,0.0,0.0,0.0,0.0,0.0,1.0,0.0,0.0,0.0,0.0,0.0,0.0
TCN,42,2265,14,5,class_5,5,class_5,1,1.0,0.0,2.6778813653247254e-42,3.363116314379561e-44,0.0,0.0,1.0,0.0,0.0,0.0,0.0,3.9189735240667406e-37,0.0
TCN,42,2266,14,5,class_5,5,class_5,1,1.0,2.184443608777135e-29,3.871989467811964e-28,5.04956606186775e-27,0.0,7.54840569233944e-36,1.0,0.0,2.6031605438828575e-37,7.221406804693279e-32,0.0,1.4623352244429594e-24,2.7936286184779553e-41
TCN,42,2267,14,5,class_5,5,class_5,1,1.0,1.7575536608832707e-15,7.984105455764723e-13,3.4111266159527875e-16,3.034010159645163e-39,4.5228694029737754e-17,1.0,5.642272438873057e-35,1.4627041549668086e-23,8.536201173443051e-18,1.1034111793093216e-25,3.7587682604450616e-18,7.459357728933789e-20
TCN,42,2268,14,5,class_5,5,class_5,1,1.0,8.006333900436848e-33,2.2800847722217326e-27,5.544131698225573e-26,0.0,1.5513957467340412e-39,1.0,0.0,5.0507701198891544e-40,1.1659132539531982e-35,0.0,7.246811896252162e-35,5.01804980074717e-42
TCN,42,2269,14,5,class_5,5,class_5,1,1.0,1.8872555809315854e-16,1.0785699590398767e-11,7.941430982969986e-16,0.0,1.4912990059403133e-21,1.0,0.0,3.112449439372054e-23,8.658116233309055e-22,1.1449823516069055e-34,5.596787259582923e-19,2.3249904346429283e-22
TCN,42,2270,14,5,class_5,5,class_5,1,1.0,1.340539987670143e-21,1.8080281184636798e-20,1.6044551047396784e-26,0.0,5.3472782386010734e-27,1.0,0.0,3.551902830817469e-36,4.897877298435607e-31,0.0,1.2788952136056801e-26,5.763441914419464e-35
TCN,42,2271,14,5,class_5,5,class_5,1,1.0,2.783994142066442e-17,4.834233331248126e-21,3.3824738736273386e-18,0.0,3.2992093793408242e-24,1.0,0.0,2.1361632534103313e-28,1.2744268200766255e-15,1.2370067763393678e-33,2.658734885011058e-18,9.66485079093892e-26
TCN,42,2272,14,5,class_5,5,class_5,1,1.0,7.912882302263769e-24,4.310867776536763e-16,1.678744324040758e-25,0.0,2.315005644071554e-31,1.0,0.0,1.0923553183745524e-24,3.724009135902202e-29,4.540207024412407e-42,3.211536159937946e-20,6.608191241723829e-29
TCN,42,2273,14,5,class_5,5,class_5,1,1.0,0.0,0.0,0.0,0.0,0.0,1.0,0.0,0.0,0.0,0.0,0.0,0.0
TCN,42,2274,14,5,class_5,5,class_5,1,1.0,1.9885978204736727e-18,1.9781105403243899e-19,1.0179250690747747e-20,0.0,1.741087084637721e-27,1.0,0.0,4.677540260449092e-26,1.0439039499620403e-25,1.6148632824329495e-33,3.9508226580209295e-16,2.9167135076105776e-30
TCN,42,2275,14,5,class_5,5,class_5,1,1.0,3.632350225723363e-13,8.369799367198127e-15,3.3039383403633826e-13,3.6763065211561576e-41,1.2507829806149854e-16,1.0,1.5568103976313554e-36,5.139128954640261e-21,4.407972653552861e-09,1.6431516694150458e-23,2.195162183537408e-13,4.893077461018782e-16
TCN,42,2276,14,5,class_5,5,class_5,1,1.0,1.9025933717585198e-39,1.5157723478508638e-28,7.555698291692161e-35,0.0,0.0,1.0,0.0,3.0763630044309164e-39,1.1861711240816712e-40,0.0,1.243276577722795e-23,0.0
TCN,42,2277,14,5,class_5,5,class_5,1,1.0,7.122565236540424e-38,1.486207078774381e-33,6.933838964726095e-36,0.0,0.0,1.0,0.0,0.0,4.3744334160827815e-41,0.0,3.488788168618076e-36,0.0
TCN,42,2278,14,5,class_5,5,class_5,1,1.0,3.793679814734219e-10,8.459897671286853e-09,2.4490161010248812e-09,1.2358435725166673e-30,7.139215501866976e-15,1.0,2.0459052687903526e-28,4.420748384465498e-15,1.2164017894073648e-13,6.530852964144432e-22,1.1859370636132377e-13,6.031016208359399e-14
TCN,42,2279,14,5,class_5,5,class_5,1,1.0,1.1070257868166055e-43,7.587370892482495e-38,5.443927497454174e-36,0.0,0.0,1.0,0.0,0.0,4.344025239406933e-44,0.0,1.0469591281433222e-39,0.0
TCN,42,2280,14,6,class_6,6,class_6,1,1.0,2.816596136533529e-32,0.0,7.002722828755052e-40,1.8003525058277154e-37,5.630607806248263e-39,0.0,1.0,3.057072729771021e-41,6.827126118190509e-42,0.0,0.0,1.662282977092735e-34
TCN,42,2281,14,6,class_6,6,class_6,1,1.0,2.253433849947799e-28,5.016648502282845e-43,1.4977591691510279e-35,2.421210713781783e-34,1.169503519627606e-35,1.1070257868166055e-43,1.0,6.351519589997054e-37,1.9446262720788985e-37,1.401298464324817e-45,0.0,1.8857163766851535e-30
TCN,42,2282,14,6,class_6,3,class_3,0,0.9926471710205078,1.5434090983035276e-06,6.847894647166175e-13,6.188394929959248e-14,0.9926471710205078,1.917514480531679e-10,1.7384248776074104e-16,0.007351328618824482,3.585084486223966e-12,2.4252241924774265e-13,1.0716807215954693e-12,7.144905406812668e-19,5.9501217286594965e-09
TCN,42,2283,14,6,class_6,6,class_6,1,1.0,6.777221561726776e-10,7.433884572723248e-18,3.8195375804546373e-16,1.1061532800837881e-09,3.1165166476145034e-13,2.8056229298512337e-19,1.0,4.276928754527059e-16,1.5465151373770657e-16,9.824732673660792e-18,3.1038267262222062e-25,2.0778225060663624e-13
TCN,42,2284,14,6,class_6,6,class_6,1,0.9999998807907104,6.076481184891236e-08,1.46724635310166e-17,7.163736152777922e-16,2.8401183627124738e-08,2.134859536330122e-13,2.274344261152819e-18,0.9999998807907104,1.0830327376227015e-15,6.464497431687933e-15,4.5950925274892504e-17,7.993914587486137e-25,1.4247736020503443e-12
TCN,42,2285,14,6,class_6,6,class_6,1,1.0,7.850701200240451e-10,4.574889468208255e-18,3.1438678687593544e-16,5.465372154844772e-09,3.7134971340351333e-14,2.7358349294163566e-20,1.0,2.1284974464523066e-16,4.410772202466304e-17,5.0740735291396125e-18,8.492060527610575e-26,6.587047005529633e-15
TCN,42,2286,14,6,class_6,6,class_6,1,1.0,2.991726987147089e-17,9.792887229939366e-26,8.164847315290619e-23,1.934198701079429e-18,4.327115877997001e-22,1.1351489833081672e-27,1.0,3.430047995257654e-23,2.318744928192985e-23,9.715038714915504e-28,1.5482702345872726e-36,6.463695805993224e-19
TCN,42,2287,14,6,class_6,6,class_6,1,1.0,7.441759601338253e-29,3.573170954181851e-41,2.80172850923909e-35,4.9123759045333665e-32,1.6964658706782923e-34,3.124895575444342e-43,1.0,4.017593098454098e-36,1.3524153444875559e-36,8.828180325246348e-44,0.0,3.7438895571570938e-31
TCN,42,2288,14,6,class_6,3,class_3,0,0.9019362926483154,3.674197432701476e-05,3.162174688764452e-10,1.6636053645768811e-10,0.9019362926483154,4.695612232374913e-10,1.7340720059964149e-13,0.0979948416352272,1.4486049337847362e-07,5.158991012166325e-10,3.702600379074106e-11,9.903040810077448e-15,3.2013347663450986e-05
TCN,42,2289,14,6,class_6,6,class_6,1,1.0,5.87845277467686e-30,1.6815581571897805e-44,3.9646850010117876e-37,1.215525443597556e-35,7.68373103564675e-36,7.006492321624085e-45,1.0,4.3134346136710293e-38,1.95717361063234e-37,0.0,0.0,2.5850113832209677e-30
TCN,42,2290,14,6,class_6,6,class_6,1,1.0,2.9313836563769765e-36,0.0,5.025056293068794e-42,1.1770907100328463e-43,6.9364273984078445e-43,0.0,1.0,7.707141553786494e-44,9.80908925027372e-45,0.0,0.0,6.834968152097587e-35
TCN,42,2291,14,6,class_6,6,class_6,1,1.0,6.000407761121661e-24,7.1577164269164146e-34,1.899833142250958e-29,7.845367764949945e-26,8.574566918649412e-29,4.9893819695016865e-36,1.0,4.776888178803776e-30,3.979880627533825e-31,9.322988005517366e-37,0.0,7.376148737922379e-25
TCN,42,2292,14,6,class_6,6,class_6,1,1.0,6.769252491613894e-41,0.0,0.0,0.0,0.0,0.0,1.0,0.0,0.0,0.0,0.0,1.336978864812308e-41
TCN,42,2293,14,6,class_6,6,class_6,1,1.0,3.0934121991827156e-33,0.0,3.0133522176840866e-41,1.271257966835474e-41,2.6848878576463495e-41,0.0,1.0,1.1210387714598537e-43,3.923635700109488e-44,0.0,0.0,1.4452779363679586e-37
TCN,42,2294,14,6,class_6,6,class_6,1,1.0,5.849236309845814e-16,3.891628339158926e-26,4.9188863231535295e-23,2.816777253616358e-18,1.718047669924103e-20,5.109498305435159e-27,1.0,8.932911007150746e-24,9.857556646721278e-23,5.285867651208353e-27,2.0118516937701332e-36,8.99983569998387e-19
TCN,42,2295,14,6,class_6,6,class_6,1,1.0,1.8437999104491466e-36,0.0,3.318274763521167e-42,2.379264662577107e-41,4.344585758792663e-41,0.0,1.0,8.828180325246348e-44,1.401298464324817e-45,0.0,0.0,2.6455354731324085e-38
TCN,42,2296,14,6,class_6,6,class_6,1,1.0,1.1178711428749821e-10,6.291891943729609e-19,7.166111153752684e-17,9.281522078685711e-11,1.144587257174382e-15,2.24142326117973e-20,1.0,1.5573846876727065e-16,1.8643924742367422e-17,1.4395575419216073e-19,2.1942770050353003e-26,4.632624443562036e-14
TCN,42,2297,14,6,class_6,6,class_6,1,0.9001170992851257,3.7597158097923966e-06,8.791129716551049e-13,1.8479872580107193e-12,0.09987904131412506,5.611744957612075e-10,3.874075437889941e-15,0.9001170992851257,1.2724788236995188e-11,2.6647420706647773e-13,2.352335448825571e-13,7.647697319383252e-19,7.084573638849179e-08
TCN,42,2298,14,6,class_6,6,class_6,1,1.0,2.907252660071281e-35,0.0,1.7376100957627732e-43,1.2163270670339412e-42,1.0299543712787405e-42,0.0,1.0,2.802596928649634e-45,0.0,0.0,0.0,1.2484193802561539e-37
TCN,42,2299,14,6,class_6,6,class_6,1,1.0,2.2781090029807757e-14,3.724730772935308e-23,9.888751160408946e-21,1.2103139433868818e-15,1.9131081028505587e-19,3.9451567424017306e-25,1.0,7.306655179536385e-21,2.454135421416512e-21,1.723262505935548e-24,7.360602527435518e-33,4.347743025023234e-17
TCN,42,2300,14,6,class_6,6,class_6,1,1.0,1.4272686214527436e-15,1.1796015082790007e-22,4.3538939116238445e-20,1.2476390431307056e-14,6.009686584670644e-16,4.4643665998983476e-24,1.0,1.6213119669015807e-20,3.484754552401645e-23,2.0544186225535027e-24,1.2660764761287145e-32,2.663772770629169e-16
TCN,42,2301,14,6,class_6,3,class_3,0,1.0,3.942013581543934e-17,1.1053989341761172e-19,3.2773815487895522e-25,1.0,2.0385937333902047e-17,7.090152682523683e-28,5.650785048216811e-11,6.289126494764911e-21,1.084873197513889e-22,3.870009732269089e-21,1.995321200283508e-27,1.7738183155386472e-13
TCN,42,2302,14,6,class_6,3,class_3,0,1.0,1.1942407169037266e-20,1.5962038748182657e-23,1.1148536629526326e-29,1.0,2.3624607470393e-21,9.294699953509061e-34,2.483336488716078e-15,2.714392474851111e-25,2.0437623443191313e-26,5.1981693526699115e-25,7.105893472763468e-33,1.280039683901606e-15
TCN,42,2303,14,6,class_6,3,class_3,0,1.0,9.87588323972258e-16,5.759707719055602e-19,7.909079992700603e-24,1.0,1.0881876113948462e-17,9.551877781886906e-28,2.6516643047980182e-11,7.03068220091198e-21,7.684246746103563e-24,5.778229173465652e-22,5.501527219701511e-28,1.5651211425057925e-16
TCN,42,2304,14,6,class_6,6,class_6,1,1.0,9.32687435060681e-20,7.113559953585279e-28,3.2155502859116833e-24,3.1229067057494083e-21,2.018362497946477e-21,1.4383756632141923e-29,1.0,4.463221235493725e-26,3.409401798917052e-28,9.93077023231457e-32,1.2508396469117971e-39,2.1778033785515987e-22
TCN,42,2305,14,6,class_6,6,class_6,1,1.0,7.517697796531316e-33,6.176783500897361e-41,9.122715946434145e-34,4.904635384435797e-35,1.3446503388943163e-32,8.531105050809486e-42,1.0,1.855229483664341e-36,2.1715642041948825e-40,0.0,0.0,2.086524572003356e-31
TCN,42,2306,14,6,class_6,6,class_6,1,1.0,1.3071100819907939e-22,1.421041837622899e-31,1.4425870099641488e-26,1.6520440448045818e-24,2.1572469570934237e-23,1.8417789486741576e-32,1.0,7.462714682098158e-28,4.0631344036737515e-30,1.7949171959795052e-34,1.3438452272874996e-42,2.4278717845799846e-25
TCN,42,2307,14,6,class_6,6,class_6,1,1.0,1.2574783879101825e-12,6.247737818113353e-20,3.0174915952765847e-18,2.395319775860827e-10,2.573527762846328e-16,1.3655458686236904e-22,1.0,1.3411858630555627e-19,2.6668961300466673e-22,4.769258026550467e-23,3.710764154562786e-29,1.5435599943136652e-19
TCN,42,2308,14,6,class_6,3,class_3,0,1.0,1.5470153844478023e-14,2.7077422343775277e-18,5.396163516010198e-22,1.0,2.1552478057177814e-16,2.3059773980986623e-26,1.4783718249589128e-08,1.240734858924713e-19,1.5035221847856594e-22,7.237138080752119e-21,4.764611245086048e-27,3.855270194730152e-16
TCN,42,2309,14,6,class_6,6,class_6,1,0.9992425441741943,5.068623992743326e-11,9.468720590026747e-17,2.327954911987177e-17,0.0007574784103780985,1.7631448872516137e-13,6.021862237611558e-22,0.9992425441741943,4.04709198911777e-18,1.4065273314894413e-21,2.4691457606981516e-20,3.1814475269931637e-27,3.7142778548905294e-16
TCN,42,2310,14,6,class_6,6,class_6,1,0.9999991655349731,1.105836234215063e-12,4.351306849974357e-17,1.0408103289588917e-16,7.941747526274412e-07,7.613954598913435e-15,6.151453833253467e-21,0.9999991655349731,6.530241535015411e-17,6.346528305632116e-21,6.6396971898128916e-21,4.9546375141692877e-26,1.0249247951333988e-15
TCN,42,2311,14,6,class_6,6,class_6,1,1.0,1.6459613355796489e-24,3.172746709649055e-31,2.934665797267183e-26,4.594105970807524e-27,2.572849923640473e-24,3.225043689245811e-33,1.0,3.2058312445365644e-28,5.193175937942681e-32,1.1132354089062352e-35,4.203895392974451e-45,8.189498423406983e-21
TCN,42,2312,14,6,class_6,6,class_6,1,0.9943498969078064,2.8986277822440343e-09,3.198886671502109e-14,1.5891310484314122e-14,0.005650005768984556,9.155036971575381e-12,5.24919304149107e-18,0.9943498969078064,2.6414740186830876e-11,1.1646305766294367e-14,6.1762552537592e-14,8.105173822305737e-20,7.96896202359676e-08
TCN,42,2313,14,6,class_6,3,class_3,0,1.0,0.0,0.0,0.0,1.0,0.0,0.0,0.0,0.0,0.0,0.0,0.0,3.1669345293740866e-43
TCN,42,2314,14,6,class_6,3,class_3,0,1.0,1.6687827313450053e-19,5.3314577564063825e-25,2.873325277613252e-29,1.0,1.7523992175762398e-22,3.781199132554369e-35,9.717135501121732e-16,1.8668250032867382e-26,2.542976713339518e-28,2.771064018874315e-27,1.5637811422686352e-35,6.54277892544424e-20
TCN,42,2315,14,6,class_6,6,class_6,1,1.0,5.316001524434834e-18,1.1527327007433377e-23,4.300933269008353e-22,1.922696392356771e-15,2.955989631058713e-19,2.4082415048065046e-26,1.0,9.99768030537613e-22,1.3808348488809558e-24,1.2484645960379884e-26,1.0749514720960764e-33,1.905526966687116e-18
TCN,42,2316,14,6,class_6,6,class_6,1,1.0,2.384519531818325e-40,0.0,6.974262456944615e-42,2.5643761897144152e-43,9.811583561540218e-40,0.0,1.0,3.0828566215145976e-44,0.0,0.0,0.0,1.0217482553677773e-37
TCN,42,2317,14,6,class_6,6,class_6,1,1.0,9.726881758885327e-25,7.00504312879612e-34,1.916891747751221e-27,3.8044474055888575e-29,1.9311027765137062e-25,2.5717755837046606e-35,1.0,2.493152574659011e-29,2.0491894902153777e-32,3.4566353865645306e-37,0.0,3.341925290168501e-22
TCN,42,2318,14,6,class_6,6,class_6,1,0.9999998807907104,1.2448595973491017e-11,7.304662582866337e-17,6.591288125966315e-17,1.4498139933039056e-07,4.811326372576065e-14,2.3467611578966634e-20,0.9999998807907104,1.4952737204142392e-15,2.8491868104016452e-18,2.1394195227168445e-18,4.769125162652505e-25,8.120345216557079e-13
TCN,42,2319,14,6,class_6,6,class_6,1,0.9540306925773621,1.3344900740008825e-09,4.674866738971261e-15,9.673260253245143e-16,0.04596924036741257,1.1624729824577518e-11,2.3545864157383858e-20,0.9540306925773621,1.2189166217574333e-15,4.788438964638314e-19,8.405451215558632e-18,3.510565529017843e-24,3.132022907085391e-14
TCN,42,2320,14,7,class_7,7,class_7,1,1.0,2.205642074793013e-24,4.517281811698763e-25,1.3600107812749077e-20,6.83319366489608e-28,7.633354685708721e-31,2.4166332052787876e-27,2.799850852164081e-33,1.0,1.259130842885752e-25,5.007825874651159e-19,2.952260311217536e-11,4.847159643906401e-21
TCN,42,2321,14,7,class_7,7,class_7,1,1.0,4.4030736852844854e-24,2.1295028965505044e-25,5.834460220086201e-24,9.75142434638984e-28,4.681156896884109e-29,5.579670498303361e-26,5.93504204912044e-34,1.0,2.3104574609696755e-20,5.654340277244652e-12,8.781268767688033e-11,6.17877580146408e-17
TCN,42,2322,14,7,class_7,7,class_7,1,0.9878166317939758,1.1765690474320545e-17,1.0892295247856955e-15,1.2541354046713199e-15,2.201036759139557e-28,8.223909646808878e-24,2.17387363671143e-15,1.0413621699132347e-30,0.9878166317939758,1.2560775858721056e-18,1.1913837363975935e-16,0.012183385901153088,1.981173038123618e-12
TCN,42,2323,14,7,class_7,7,class_7,1,1.0,5.2091293916565996e-24,1.872246776495588e-24,7.696634386670429e-22,6.202806460701513e-28,7.349779368911833e-31,5.369558166569723e-27,3.823119786580836e-33,1.0,8.336140690579445e-25,4.068869007668331e-17,6.062473873608143e-12,9.227571964304673e-20
TCN,42,2324,14,7,class_7,10,class_10,0,0.9999744892120361,1.4627721547768387e-24,8.902543017743358e-24,3.9072449767374794e-22,1.0271954528904862e-33,3.4899839528738305e-32,2.691156823406859e-25,4.9402786776497106e-36,2.5542047296767123e-05,4.511514405192046e-19,9.393866125142088e-21,0.9999744892120361,2.8786422984243523e-19
TCN,42,2325,14,7,class_7,10,class_10,0,0.999640703201294,1.8957025839108544e-17,7.72308428566465e-18,5.303358482362267e-18,7.827666840635522e-33,6.453935457275863e-26,9.712687095840989e-15,4.995608200901754e-35,0.00035929979640059173,9.432320672607473e-18,3.219997635992995e-20,0.999640703201294,2.609461388628138e-15
TCN,42,2326,14,7,class_7,10,class_10,0,0.9567320942878723,1.3677288634994511e-08,3.509481132368819e-07,9.855145322035241e-08,7.3663093760697085e-16,2.522840877178245e-12,8.849357868712104e-08,9.590111991896864e-18,0.04326718673110008,7.209428609655788e-10,1.0859865540169267e-07,0.9567320942878723,2.3453518238625293e-08
TCN,42,2327,14,7,class_7,10,class_10,0,1.0,2.4806188703999744e-23,1.0388342239438119e-19,1.3446437365099758e-19,4.750669229070449e-36,2.888866027631688e-29,1.8189843791221763e-22,5.079505146198599e-37,4.944212261825953e-10,9.828901589883487e-24,4.970014508623825e-25,1.0,4.9205242634500324e-21
TCN,42,2328,14,7,class_7,7,class_7,1,0.9999886751174927,2.058553042557766e-24,1.6088627109732053e-25,1.5577120380367306e-23,2.535445511934082e-32,5.67305857622802e-32,3.943233252995769e-24,1.8875462512693754e-36,0.9999886751174927,6.68044363762075e-17,5.109232592921995e-17,1.1269189599261153e-05,2.2781861676822706e-15
TCN,42,2329,14,7,class_7,7,class_7,1,1.0,1.2430426643243517e-33,5.625343276881427e-33,2.629927560007287e-24,4.5243050894392493e-38,3.1529215447308384e-43,6.0006457546009364e-36,1.401298464324817e-45,1.0,1.328341647820443e-31,5.032180499666772e-28,3.147382195222623e-17,2.767843286228316e-26
TCN,42,2330,14,7,class_7,7,class_7,1,1.0,0.0,0.0,0.0,0.0,0.0,0.0,0.0,1.0,0.0,1.7796490496925177e-43,3.734114694950458e-26,0.0
TCN,42,2331,14,7,class_7,7,class_7,1,1.0,2.004359746818916e-36,3.6224966601260846e-41,1.0764286460517776e-33,2.061367073869304e-38,9.80908925027372e-45,9.80908925027372e-44,0.0,1.0,1.4030957136832215e-36,1.5979523061285975e-23,6.619211317763192e-23,6.613401747387239e-32
TCN,42,2332,14,7,class_7,7,class_7,1,1.0,2.4999314475372332e-23,1.3648969112478604e-34,8.365197001516677e-24,4.730348143117238e-34,3.902107680497317e-34,6.926080893717266e-32,5.6507907080299335e-39,1.0,2.0065185569801754e-27,2.3901277170968898e-20,5.00481868269528e-15,1.9727617813613292e-25
TCN,42,2333,14,7,class_7,7,class_7,1,1.0,6.385524921885128e-24,2.4008601025014725e-24,8.81613055047495e-21,1.8542777083660114e-25,3.316956318992114e-29,6.573881757914718e-26,3.0052846559563353e-30,1.0,8.644642299721263e-24,3.541967265919567e-16,4.358639317525448e-12,2.912725564706261e-20
TCN,42,2334,14,7,class_7,7,class_7,1,0.9999998807907104,3.463409425286075e-20,9.17503048577107e-19,1.5157820821331603e-15,6.778566597493767e-21,3.0906573146375043e-22,8.79140823030695e-22,3.329676494051334e-26,0.9999998807907104,3.497854815730523e-18,2.8226948773149574e-13,1.5114406437533034e-07,2.021922194017818e-14
TCN,42,2335,14,7,class_7,7,class_7,1,0.9999996423721313,3.8708746592009443e-16,2.2114995178548237e-14,5.565795898167594e-15,1.4912437932500125e-18,1.2091435388616058e-19,2.114341805368013e-17,1.62672420904367e-22,0.9999996423721313,6.436463076353539e-17,2.1855517395863444e-10,3.3772957408473303e-07,6.5868252692447e-13
TCN,42,2336,14,7,class_7,10,class_10,0,1.0,3.106357560112414e-20,7.223552395285714e-18,2.2423909978729316e-19,1.2982396590142469e-30,8.122306013893932e-26,1.8136787960231827e-20,1.0038975221991731e-32,6.105790983923498e-09,1.1833800939548468e-19,7.083396385710195e-20,1.0,7.089083433367257e-17
TCN,42,2337,14,7,class_7,10,class_10,0,0.999974250793457,1.0294018513035824e-14,5.2173739775122213e-14,4.395395417804756e-15,1.0578182774958453e-19,9.540287594880345e-17,1.5947146472680652e-15,4.270249861456622e-23,2.5689616450108588e-05,6.52871921563887e-14,4.786054365324421e-13,0.999974250793457,2.6477275927305755e-09
TCN,42,2338,14,7,class_7,7,class_7,1,1.0,3.457865376477409e-20,1.540635523107378e-20,5.064481956346754e-18,1.805508749483438e-24,1.6269769295093427e-25,1.2454792351423531e-23,4.273848066708367e-30,1.0,2.667791771164019e-22,1.669728414472498e-15,1.1073523209503833e-09,7.780851535620699e-16
TCN,42,2339,14,7,class_7,7,class_7,1,0.6419293284416199,2.6675803822504243e-17,7.687872729000595e-16,8.792509858783872e-20,1.1464361461181414e-26,2.870011531051994e-22,1.4040821797826208e-16,1.1497925194898634e-31,0.6419293284416199,5.447776044769574e-16,6.756217980907753e-12,0.3580706715583801,5.0894145668667345e-12
TCN,42,2340,14,7,class_7,7,class_7,1,1.0,9.302359498302946e-27,5.655330872454873e-35,1.6131722728895696e-23,1.7857638229337717e-36,6.284902085210807e-37,4.381226842548637e-31,1.414666179051213e-37,1.0,3.4790234287002937e-19,1.4124067307487152e-22,1.1065782418531213e-15,3.3586384128508754e-24
TCN,42,2341,14,7,class_7,7,class_7,1,0.5799887180328369,3.1032970552286824e-15,2.0006219375775937e-23,1.0409177135460134e-17,2.8544341241921476e-30,4.5699165218176134e-26,1.8872881770175988e-19,5.489290826033286e-33,0.5799887180328369,7.148114350601491e-18,2.431200287323596e-16,0.4200112521648407,7.85559700513909e-14
TCN,42,2342,14,7,class_7,7,class_7,1,0.9999597072601318,1.6260760809239404e-22,2.3720716729504356e-22,1.1397175059419393e-16,5.248611076033109e-32,8.701161999052179e-32,2.163687217523648e-23,2.6034329563043222e-37,0.9999597072601318,1.3798307522081258e-25,1.4244701179290997e-22,4.0323222492588684e-05,1.840524012225402e-18
TCN,42,2343,14,7,class_7,10,class_10,0,0.6012044548988342,5.63558203031166e-19,8.05039882687127e-18,1.9052461160389694e-14,4.5559001429427475e-27,1.384017785536982e-26,2.7050739888283274e-20,1.173036157035848e-29,0.3987955152988434,7.795722323975382e-18,8.14831401577652e-17,0.6012044548988342,1.0631881659783904e-13
TCN,42,2344,14,7,class_7,7,class_7,1,1.0,2.121819229750123e-37,9.61711136066122e-42,3.0124800449568146e-31,1.2233335593555653e-42,0.0,3.613948739493703e-41,0.0,1.0,1.3790664624976913e-31,2.294882991987172e-28,4.637277911548842e-20,8.953659596202027e-30
TCN,42,2345,14,7,class_7,7,class_7,1,1.0,4.3603848575108176e-31,3.1669345293740866e-43,1.7153335486690584e-31,0.0,0.0,5.991268130753022e-36,0.0,1.0,1.1757263502444566e-34,4.23751645155044e-30,1.665384774529599e-10,1.2636802755633486e-29
TCN,42,2346,14,7,class_7,7,class_7,1,1.0,2.061022050973363e-22,1.0450575827136335e-21,7.47565615968141e-19,7.838718799965739e-28,1.667463375003008e-29,1.0107183712683324e-24,7.455382636942319e-33,1.0,3.5942342465500273e-23,1.9077380204644703e-18,2.8952070962873222e-08,1.4749288757588076e-17
TCN,42,2347,14,7,class_7,7,class_7,1,0.9999897480010986,2.9179796479361358e-19,1.3086090186849097e-21,1.457094265123332e-13,2.970060450516431e-30,6.540860730868051e-29,6.984528915464502e-20,3.2740091360180535e-34,0.9999897480010986,1.4908556030027067e-23,4.4963001626582373e-23,1.022333435685141e-05,1.7865053131948716e-17
TCN,42,2348,14,7,class_7,7,class_7,1,1.0,1.8981149849704598e-23,2.457644874257223e-24,3.3300045795268783e-20,7.691549231503194e-24,2.3807622244153095e-29,6.028020518232097e-27,8.721498521519145e-29,1.0,1.4805051168374828e-23,3.7547739707031655e-16,2.6254102990469312e-14,4.2700283311390804e-18
TCN,42,2349,14,7,class_7,7,class_7,1,1.0,5.19225168103496e-22,1.2282061789894528e-23,2.551089026753718e-21,1.1329124008637503e-27,6.739686395718677e-28,5.192246584993512e-24,2.1638636661154952e-32,1.0,1.6789031568926208e-19,1.1086306026843185e-13,5.490772725380566e-09,9.42337785756904e-17
TCN,42,2350,14,7,class_7,7,class_7,1,1.0,6.281232364792433e-38,2.802596928649634e-44,4.428260541109935e-37,2.6624670822171524e-44,0.0,4.624284932271896e-44,0.0,1.0,6.198135085598278e-39,1.18585293710219e-25,3.4178763132522007e-22,5.75737675387008e-35
TCN,42,2351,14,7,class_7,7,class_7,1,1.0,4.528937446143569e-21,2.7013194955956156e-22,7.166213579392034e-19,2.2014245246265573e-22,1.2700179091572193e-26,4.8663109526310836e-23,1.1369226068606924e-25,1.0,3.2074481428778293e-19,6.061793828124242e-15,1.448260782133115e-11,9.438997409814205e-16
TCN,42,2352,14,7,class_7,7,class_7,1,1.0,5.842728965431419e-22,1.6155333348410736e-20,9.418793826824485e-21,1.8997384922678409e-22,2.0727125041608043e-24,1.0820161129202732e-24,3.4479064348127e-28,1.0,1.7488407606960965e-21,4.736710579322789e-09,2.964047063347408e-11,5.0307305058127527e-17
TCN,42,2353,14,7,class_7,7,class_7,1,1.0,1.1112251393168873e-26,3.7251209872961586e-27,1.8813105910813513e-24,1.5444203246620306e-26,4.974513887736336e-31,1.421650616743235e-29,6.385008337810253e-33,1.0,9.617366140750877e-27,1.999142809912366e-15,6.661948011472962e-15,6.208009177436708e-22
TCN,42,2354,14,7,class_7,7,class_7,1,1.0,8.020773546093398e-23,3.9454276668188674e-25,1.4096892374588609e-21,1.7900305096620965e-24,1.384324855807315e-26,6.61367039204499e-27,1.768590307648317e-30,1.0,5.669445901501617e-24,4.067401051925136e-14,7.67912887141356e-14,5.911404242344731e-20
TCN,42,2355,14,7,class_7,7,class_7,1,1.0,2.269627935588682e-27,1.2255568919822825e-31,7.126988500122519e-25,2.4249950047859043e-31,6.478846456194651e-36,7.630094334577281e-31,1.8068707337481697e-34,1.0,5.947492549321246e-24,1.1365916404256791e-20,5.59880043107824e-17,1.9117909931677334e-23
TCN,42,2356,14,7,class_7,7,class_7,1,1.0,4.6705936154126644e-23,8.262596174461821e-25,3.2087299254760527e-21,1.5141268333063793e-26,1.071506471814083e-29,7.158588388278047e-27,1.0028531395495057e-31,1.0,5.424286828525477e-17,8.431946547232672e-13,7.624680442575027e-09,2.8815098636163217e-13
TCN,42,2357,14,7,class_7,7,class_7,1,0.9968720078468323,6.829873888669624e-10,2.993002830523891e-17,1.8392326550653593e-09,9.040515105610875e-23,1.7502477755310036e-20,1.4065760275266959e-12,1.589638836314358e-24,0.9968720078468323,1.122072535508778e-05,4.0762759920959235e-13,0.003111513564363122,5.281826815917157e-06
TCN,42,2358,14,7,class_7,7,class_7,1,1.0,8.25272200251117e-21,3.8450023209253855e-24,8.481835885735861e-17,1.297870939124541e-26,2.410885122915018e-29,6.4596865244458604e-24,6.068645578922391e-29,1.0,2.524935864942513e-16,8.577725971065458e-17,2.5710371331921777e-11,7.034590627496835e-16
TCN,42,2359,14,7,class_7,7,class_7,1,0.9999974966049194,6.092420891537093e-24,8.9388109471647e-26,6.650817760731615e-20,2.1855789670488428e-30,1.2764567377683682e-31,2.151642524374565e-25,4.991985083948455e-33,0.9999974966049194,3.470773418783904e-17,2.6411994832055462e-18,2.4519254111510236e-06,1.859290047024156e-15
TCN,42,2360,14,8,class_8,8,class_8,1,1.0,4.7019675264436955e-08,3.1720015628396734e-28,3.92374629694988e-14,1.892547835790134e-23,8.448397069406844e-21,4.844922459622743e-21,1.6018629262940496e-25,5.458582356016864e-23,1.0,3.5804471455327175e-19,2.9921350973818076e-19,2.4969870599357916e-15
TCN,42,2361,14,8,class_8,0,class_0,0,1.0,1.0,7.636267090512319e-31,4.673083251543813e-18,5.589369025443085e-24,2.210123830253845e-23,1.6698019077527373e-26,1.0082078689658065e-31,6.16854220678975e-36,1.7503285333706625e-14,1.4334818592387812e-32,1.8688527535361665e-29,2.7069165386599447e-25
TCN,42,2362,14,8,class_8,0,class_0,0,0.9999986886978149,0.9999986886978149,3.4404035991580004e-26,2.804110025775297e-12,1.221585417717783e-20,6.352276801312778e-25,6.297178101412802e-23,1.7520349847190812e-23,3.6330217799532755e-22,1.2718180641968502e-06,1.878470968049058e-29,8.728088257196418e-19,2.7691709414124e-18
TCN,42,2363,14,8,class_8,8,class_8,1,0.9999020099639893,9.795041114557534e-05,1.0191413918086245e-37,7.2176736226723e-16,4.7024606913345697e-29,8.179689782887571e-32,1.660374297711617e-30,4.79948607028308e-31,4.99226895268745e-26,0.9999020099639893,5.426486881199537e-32,5.46091574740994e-25,7.57348732771594e-19
TCN,42,2364,14,8,class_8,8,class_8,1,0.9454723596572876,0.05452769622206688,1.628506547413173e-33,7.29020802059388e-11,1.4080425675166472e-27,1.7418769164072362e-31,6.0017585375104325e-27,3.644345752091608e-29,6.082357271800153e-20,0.9454723596572876,2.7576243400176596e-34,5.555463254884335e-20,2.2851577865055717e-18
TCN,42,2365,14,8,class_8,0,class_0,0,0.9998894929885864,0.9998894929885864,7.428694047897357e-34,4.3072462263538114e-11,2.0856506624831805e-30,6.029001439491756e-30,1.0610431857231312e-25,3.1056840846988118e-34,2.036937711412838e-25,0.00011048931628465652,2.5346668686086948e-36,1.7814680161816013e-24,1.422774887398216e-20
TCN,42,2366,14,8,class_8,0,class_0,0,0.9999996423721313,0.9999996423721313,4.278428450976007e-31,4.266398414457014e-17,1.6478900413283463e-23,2.641693223193432e-22,9.132540147825975e-25,2.994082589759101e-29,1.4520285152324675e-32,3.590003814224474e-07,2.7418316763994222e-27,8.739192776586434e-26,1.064495951484621e-19
TCN,42,2367,14,8,class_8,0,class_0,0,1.0,1.0,1.1855390384472391e-28,1.351548471121948e-14,2.5381497893983718e-21,5.269427552668978e-24,6.684184233987246e-26,2.921482373463615e-28,9.920254494950985e-30,9.152417018709613e-11,1.2670675941906103e-31,4.489089710209152e-26,4.4854504853121896e-23
TCN,42,2368,14,8,class_8,0,class_0,0,1.0,1.0,1.9559323965045797e-41,3.298040642466694e-23,3.015209439395921e-28,3.07737462118718e-30,4.879702621200754e-35,1.1024685091518799e-33,2.4779441004348605e-40,2.2415283518916153e-18,4.5823692926070124e-39,8.895882659251737e-38,5.483855119749893e-31
TCN,42,2369,14,8,class_8,0,class_0,0,1.0,1.0,1.9967432287135395e-29,2.0828089551455306e-14,1.5468778286753124e-20,1.799725807402489e-24,1.0133729144070484e-27,7.639724669208053e-26,1.4866296875075376e-29,6.195058707561887e-14,3.426017370658722e-32,7.7160897397015165e-31,2.3554215960316065e-23
TCN,42,2370,14,8,class_8,0,class_0,0,1.0,1.0,6.785367423953629e-41,5.076454982123153e-18,2.9668847349782496e-31,6.887267686557846e-33,3.7778994831774123e-34,5.19634165443204e-34,4.228700842078298e-37,6.028928526254302e-16,1.57085557850812e-42,3.608754126086451e-39,3.0275487070400056e-31
TCN,42,2371,14,8,class_8,8,class_8,1,0.7638704776763916,0.236129492521286,6.365842637104065e-31,1.4502137487301496e-14,7.034924981216767e-25,9.014108636829987e-21,2.9168330132406303e-22,3.0508875323569377e-28,6.753008534626489e-28,0.7638704776763916,1.3569915871852186e-22,1.4809170410695275e-21,5.680407464693792e-19
TCN,42,2372,14,8,class_8,0,class_0,0,0.993297278881073,0.993297278881073,2.0221232787759604e-36,6.361960789994306e-14,3.6627807535192826e-28,6.3089794155651844e-27,3.1272961547468278e-27,1.7035983045653644e-28,3.692892706718376e-26,0.006702684797346592,5.8411897918348894e-30,1.5104397367243472e-27,1.7921317104184567e-20
TCN,42,2373,14,8,class_8,8,class_8,1,1.0,2.4352098115798526e-09,3.0828566215145976e-43,6.472025397631566e-22,8.34405654983496e-34,1.4907624059105653e-31,1.076568327841434e-33,1.4171336974910732e-38,2.656390226991304e-35,1.0,1.0396688938107622e-30,1.910575016515778e-29,3.942033616439981e-22
TCN,42,2374,14,8,class_8,8,class_8,1,1.0,2.190028887405493e-11,2.942726775082116e-44,1.8067251474401954e-20,3.534505878538692e-37,5.2255570368867455e-36,5.952928963501502e-35,4.701496477656194e-41,8.924248418977187e-34,1.0,7.818302558763284e-33,1.7376672830578454e-30,7.015026852351085e-24
TCN,42,2375,14,8,class_8,8,class_8,1,0.9999997615814209,2.1342673051094607e-07,0.0,1.3415855429278468e-25,4.3638793965688727e-38,1.4742487086219086e-31,7.466059363387124e-39,2.396220373995437e-43,1.961817850054744e-44,0.9999997615814209,1.2844450447282512e-32,1.1568485882570349e-35,1.2107732996171547e-26
TCN,42,2376,14,8,class_8,8,class_8,1,0.999932050704956,6.79001459502615e-05,1.401298464324817e-45,4.306581954851843e-23,2.4406969203695625e-33,1.5540698860921793e-29,5.956956753568621e-34,3.65084122863143e-36,4.0864270314161744e-35,0.999932050704956,1.3709028140984622e-28,9.821831951628952e-30,1.165726012936015e-22
TCN,42,2377,14,8,class_8,8,class_8,1,0.9998859167098999,0.00011402274685679004,7.88931035414872e-43,4.436892374182106e-19,7.58915903685368e-33,2.750294766279919e-29,6.668281158768372e-30,9.389927852895128e-34,1.447257947733808e-31,0.9998859167098999,7.696345873274371e-29,7.2561071769366145e-28,1.766752290573424e-20
TCN,42,2378,14,8,class_8,8,class_8,1,0.9991351962089539,0.0008648859802633524,8.24178608541185e-27,2.780699837057199e-10,4.100490465641043e-23,2.2963213966655417e-20,1.0776903223601514e-19,3.419608239620243e-25,5.8106760637937874e-24,0.9991351962089539,6.668713917287621e-23,1.7546833700071058e-20,9.033426387965822e-16
TCN,42,2379,14,8,class_8,0,class_0,0,0.9908795356750488,0.9908795356750488,2.7300163620613835e-22,1.748046329907993e-08,1.7064818755030216e-19,4.185460694034109e-18,5.180002526537337e-17,1.205482153934904e-21,2.1240568335748256e-21,0.009120464324951172,2.1481742678224769e-23,1.8726965817651927e-18,7.686727773389967e-13
TCN,42,2380,14,8,class_8,8,class_8,1,1.0,5.256355929287412e-17,0.0,5.94129242616244e-27,1.728821263898405e-37,3.3971826647744373e-37,8.227911707277383e-38,2.55839572812837e-38,2.322238497546362e-33,1.0,5.143616085186871e-30,2.354498107115113e-29,1.0238450650094975e-19
TCN,42,2381,14,8,class_8,8,class_8,1,1.0,2.8704638665999482e-08,1.1046465539818437e-30,1.1461901611479423e-16,1.1776457643227768e-22,3.709518063694664e-22,2.7614430974668868e-25,1.2519336161827809e-23,1.7860020920531113e-21,1.0,1.0061897349398627e-18,1.2480118511166776e-19,8.877003543046949e-15
TCN,42,2382,14,8,class_8,8,class_8,1,0.9999823570251465,1.7664224287727848e-05,9.288956855739914e-37,4.619593371663827e-20,1.7746951719937358e-23,5.062755067401483e-24,1.8946115549672043e-28,1.2201556907491107e-25,1.3857799343988985e-26,0.9999823570251465,1.7657832210208368e-21,6.78141437273984e-23,8.828517471321982e-16
TCN,42,2383,14,8,class_8,8,class_8,1,0.9999961853027344,3.7136717310204403e-06,1.8971106640639176e-21,2.6857679275016366e-11,1.2170370979991234e-14,4.622222794266459e-16,1.7201480365957399e-18,7.752138177499963e-17,2.3056988566002743e-16,0.9999961853027344,1.0622345053473622e-16,2.6437329430674394e-13,8.747164770284144e-08
TCN,42,2384,14,8,class_8,8,class_8,1,1.0,8.328663279877357e-12,1.8972280030190273e-27,1.1624953964900773e-17,1.6893265380968904e-23,1.605724104602267e-24,3.750960881211211e-26,1.8357394770933176e-25,2.6383736662120032e-20,1.0,7.855659960407945e-21,2.3492973712029334e-19,2.49976678246e-10
TCN,42,2385,14,8,class_8,11,class_11,0,0.996773898601532,1.0254298385281991e-15,6.602714997471469e-16,3.9752546854288084e-07,6.840179436225463e-21,1.578787845514903e-22,1.6654688390159647e-19,2.3733732707248562e-20,1.0412594120268182e-09,0.0032256627455353737,3.289810533840527e-15,4.834768111035281e-13,0.996773898601532
TCN,42,2386,14,8,class_8,8,class_8,1,1.0,1.0639053440102703e-16,3.5714369874620955e-38,2.1217786032805473e-22,1.7996026227896768e-31,7.66155259113304e-34,5.34946540566099e-33,3.703337964299489e-30,7.77334306332194e-24,1.0,2.1521160874367305e-25,3.23154497078096e-26,5.5489785983216195e-18
TCN,42,2387,14,8,class_8,8,class_8,1,1.0,2.9443930390490652e-15,2.9504644894904832e-30,8.413763243341447e-20,3.0443837150829906e-26,4.5642329677366305e-28,1.6963730881010295e-29,1.2802858120627254e-27,3.869651463200374e-23,1.0,4.145024266981756e-24,1.9453480165244385e-20,8.131606499262034e-11
TCN,42,2388,14,8,class_8,11,class_11,0,0.7745330929756165,1.806181292989548e-16,3.642445340718984e-28,1.431137444082283e-22,1.5885194254926816e-20,5.23788329923694e-28,2.530765281176283e-31,9.930484786370607e-25,3.108045727498297e-21,0.22546690702438354,3.433396905437822e-21,1.4492685776894945e-20,0.7745330929756165
TCN,42,2389,14,8,class_8,8,class_8,1,1.0,2.1918028907174943e-24,7.632439820495995e-34,1.5521698846651823e-18,1.6135386472363666e-34,1.2750526830768657e-39,3.58955521205069e-34,8.543148757030465e-31,3.880021914942071e-26,1.0,1.7810071014958267e-30,8.089529459579581e-26,5.2316352139314404e-08
TCN,42,2390,14,8,class_8,8,class_8,1,1.0,2.9363797119757067e-18,2.7394707583146286e-34,5.260511353812633e-16,1.4445581200632973e-34,2.4434175873508613e-31,1.1710952983132053e-31,1.6434880392434107e-33,3.297983621998091e-27,1.0,2.1209144623344023e-28,1.6767858535840303e-25,5.916995409263603e-14
TCN,42,2391,14,8,class_8,8,class_8,1,1.0,8.836628870583126e-15,0.0,1.9782243349811936e-26,1.430664859670348e-37,5.95224190125925e-37,9.892131598568072e-39,4.971290152550808e-38,1.4482722230344149e-33,1.0,5.1625263098283234e-30,6.566270536489889e-31,8.750351869831413e-23
TCN,42,2392,14,8,class_8,10,class_10,0,0.9999955892562866,1.4914600110493836e-10,1.728412257762102e-06,9.438857473398343e-10,2.888623043019456e-13,1.2605118338004928e-10,1.958238238231047e-09,7.58802742861775e-13,2.6229192826576764e-06,4.074700132861153e-09,1.9124684058624553e-08,0.9999955892562866,1.649571368389502e-09
TCN,42,2393,14,8,class_8,8,class_8,1,1.0,1.7300391674801574e-10,2.6070986723722044e-35,1.6148571470020541e-18,3.762891329298588e-30,4.488273940902879e-31,1.195355785492425e-30,2.691586779202112e-31,6.022892344569177e-28,1.0,1.207252258520487e-30,2.2138259643428085e-25,5.09322224085079e-15
TCN,42,2394,14,8,class_8,8,class_8,1,1.0,1.052679417836962e-14,2.802596928649634e-45,4.849501115601729e-24,7.021355322705405e-36,2.5285343381133008e-36,7.648338025548953e-38,9.656136513957771e-37,5.376451964156787e-32,1.0,6.410438688722355e-33,2.2059623212107455e-31,3.1847083662273784e-20
TCN,42,2395,14,8,class_8,8,class_8,1,0.9999698400497437,3.0164392228471115e-05,5.256323612018289e-30,9.521790094672161e-14,4.013635933343123e-24,3.462162207164839e-24,1.1759480488800416e-24,1.5159082722826189e-25,1.2859527062950215e-22,0.9999698400497437,6.931760833519874e-26,9.130256553277541e-23,6.057086798273714e-13
TCN,42,2396,14,8,class_8,8,class_8,1,0.9975740313529968,0.002425752580165863,5.21475441066319e-19,2.608381566293616e-11,3.4986285244766047e-13,2.2727285226448743e-15,3.343809797435385e-18,1.574254275259562e-16,1.4680725278625882e-15,0.9975740313529968,1.3240376986159875e-16,4.4958913030185635e-14,1.97579822724947e-07
TCN,42,2397,14,8,class_8,8,class_8,1,0.9999970197677612,3.0155877084325766e-06,5.984286193664648e-35,5.938444388828177e-19,3.8645868190329714e-27,9.780500881132232e-26,2.100464185868514e-29,2.0593658940982288e-29,1.2429371072826366e-29,0.9999970197677612,7.724151583142959e-27,7.659307062659396e-27,2.152572028637405e-15
TCN,42,2398,14,8,class_8,8,class_8,1,1.0,4.3878735280639125e-13,0.0,1.406039022595501e-26,7.614311472030463e-37,1.8506007594185341e-35,7.404570386772551e-39,7.177497257380729e-38,7.202989719401121e-35,1.0,8.470496435302187e-30,4.450488101112399e-33,2.7633545074402373e-22
TCN,42,2399,14,8,class_8,8,class_8,1,1.0,8.359939903692087e-15,1.4810086930268214e-37,9.149538459502805e-22,4.233218844203834e-30,1.1638144508734211e-30,3.8502581601720413e-31,3.6491948825797105e-29,7.627509471662916e-22,1.0,2.151518880288433e-23,2.306527555363901e-22,6.548407083011566e-17
TCN,42,2400,15,9,class_9,9,class_9,1,1.0,0.0,0.0,0.0,0.0,0.0,0.0,0.0,0.0,0.0,1.0,0.0,0.0
TCN,42,2401,15,9,class_9,9,class_9,1,1.0,0.0,0.0,0.0,0.0,0.0,0.0,0.0,3.7692966872487524e-39,0.0,1.0,7.340001356133392e-42,0.0
TCN,42,2402,15,9,class_9,9,class_9,1,1.0,0.0,0.0,0.0,0.0,0.0,0.0,0.0,0.0,0.0,1.0,0.0,0.0
TCN,42,2403,15,9,class_9,9,class_9,1,1.0,0.0,0.0,0.0,0.0,0.0,0.0,0.0,0.0,0.0,1.0,0.0,0.0
TCN,42,2404,15,9,class_9,9,class_9,1,1.0,0.0,0.0,0.0,0.0,0.0,0.0,0.0,7.395072385781357e-41,0.0,1.0,1.872260865199745e-40,0.0
TCN,42,2405,15,9,class_9,9,class_9,1,1.0,0.0,0.0,0.0,0.0,0.0,0.0,0.0,2.5447843911853198e-26,2.2171350580364376e-36,1.0,1.8441087790514593e-42,0.0
TCN,42,2406,15,9,class_9,9,class_9,1,0.9999995231628418,1.7141791458508138e-11,4.428344152420001e-14,4.375322219262487e-19,1.2069889088195396e-08,4.6752415983064566e-07,2.0150006630692382e-20,5.74170084498045e-17,6.234113225644933e-10,1.6515956294460456e-17,0.9999995231628418,3.1061153649147855e-11,3.6397635724271806e-16
TCN,42,2407,15,9,class_9,9,class_9,1,1.0,0.0,9.147676375112406e-41,0.0,0.0,4.203895392974451e-45,0.0,0.0,3.137683998848806e-17,1.8637167589331724e-32,1.0,7.727905996995078e-30,7.657537830226938e-37
TCN,42,2408,15,9,class_9,8,class_8,0,1.0,3.567452052082726e-13,2.394006417327154e-27,3.1717270719077628e-18,1.3484147126160308e-33,6.4212761535765265e-27,1.5829585810401717e-18,9.252006733371165e-33,4.180497693076852e-17,1.0,1.679962325278419e-24,4.131305963994691e-09,6.218501733511184e-13
TCN,42,2409,15,9,class_9,9,class_9,1,1.0,0.0,0.0,0.0,0.0,0.0,0.0,0.0,0.0,0.0,1.0,0.0,0.0
TCN,42,2410,15,9,class_9,9,class_9,1,1.0,0.0,0.0,0.0,0.0,0.0,0.0,0.0,0.0,0.0,1.0,0.0,0.0
TCN,42,2411,15,9,class_9,9,class_9,1,1.0,0.0,0.0,0.0,0.0,0.0,0.0,0.0,0.0,0.0,1.0,0.0,0.0
TCN,42,2412,15,9,class_9,9,class_9,1,1.0,0.0,0.0,0.0,0.0,0.0,0.0,0.0,0.0,0.0,1.0,0.0,0.0
TCN,42,2413,15,9,class_9,9,class_9,1,1.0,0.0,0.0,0.0,0.0,0.0,0.0,0.0,0.0,0.0,1.0,0.0,0.0
TCN,42,2414,15,9,class_9,9,class_9,1,1.0,5.76288197348974e-40,8.4870762530604e-40,0.0,0.0,1.9216226759464337e-33,0.0,0.0,5.824484442850957e-21,1.3851670165926354e-23,1.0,6.781768837690544e-30,2.474088567840117e-38
TCN,42,2415,15,9,class_9,9,class_9,1,1.0,0.0,0.0,0.0,0.0,0.0,0.0,0.0,0.0,0.0,1.0,0.0,0.0
TCN,42,2416,15,9,class_9,9,class_9,1,1.0,0.0,0.0,0.0,0.0,0.0,0.0,0.0,0.0,0.0,1.0,0.0,0.0
TCN,42,2417,15,9,class_9,9,class_9,1,1.0,0.0,0.0,0.0,0.0,0.0,0.0,0.0,1.793313417682269e-29,0.0,1.0,0.0,0.0
TCN,42,2418,15,9,class_9,9,class_9,1,1.0,3.6587902903520974e-42,3.594330560993156e-42,0.0,0.0,1.1385426708374278e-38,0.0,0.0,1.6131784260046303e-23,1.6831752556176113e-39,1.0,4.5525998693900455e-28,1.401298464324817e-45
TCN,42,2419,15,9,class_9,9,class_9,1,1.0,7.398599326217643e-35,8.407790785948902e-45,0.0,0.0,2.405373201692148e-29,0.0,0.0,6.068560299452101e-34,2.1417448239867352e-35,1.0,3.989100231765416e-34,0.0
TCN,42,2420,15,9,class_9,9,class_9,1,1.0,0.0,0.0,0.0,0.0,0.0,0.0,0.0,8.828180325246348e-44,0.0,1.0,2.536350220427919e-43,0.0
TCN,42,2421,15,9,class_9,9,class_9,1,1.0,1.401298464324817e-45,1.2758662769652526e-38,0.0,6.713620942580199e-42,2.411831959926787e-37,0.0,0.0,1.2836039360585984e-23,8.006132908535273e-30,1.0,1.3837174482417387e-34,5.222619758360093e-39
TCN,42,2422,15,9,class_9,9,class_9,1,1.0,0.0,0.0,0.0,0.0,0.0,0.0,0.0,2.692875258893001e-41,0.0,1.0,0.0,0.0
TCN,42,2423,15,9,class_9,9,class_9,1,1.0,0.0,0.0,0.0,0.0,0.0,0.0,0.0,1.331086356599952e-30,8.459638829128921e-42,1.0,1.401298464324817e-45,0.0
TCN,42,2424,15,9,class_9,9,class_9,1,1.0,2.1425853519526453e-42,1.1702380802826051e-38,0.0,1.1519947997833146e-37,2.909141888418806e-33,0.0,7.563928850732498e-41,1.0632015368932071e-27,1.958705667058968e-36,1.0,1.3320053763027263e-38,1.901673559446537e-38
TCN,42,2425,15,9,class_9,9,class_9,1,1.0,6.292543217490603e-33,3.5233550619993244e-32,1.9989338373740617e-33,1.6692231426932896e-25,3.293705830665053e-29,5.485805918631845e-37,2.59490231242325e-29,3.6965896893694915e-16,3.5221478511537896e-12,1.0,1.0669828419254352e-22,3.615949378460227e-23
TCN,42,2426,15,9,class_9,9,class_9,1,1.0,0.0,0.0,0.0,0.0,0.0,0.0,0.0,5.491688681688958e-42,0.0,1.0,0.0,0.0
TCN,42,2427,15,9,class_9,9,class_9,1,0.9999980926513672,4.981704424114131e-15,9.4190775110005e-18,1.147065443347091e-19,2.1933332699976965e-13,3.707315704426506e-12,8.96984982924539e-22,7.604885734784539e-16,6.427596677127667e-09,1.8825069219019497e-06,0.9999980926513672,2.533135105755452e-13,2.1473962885654174e-10
TCN,42,2428,15,9,class_9,9,class_9,1,1.0,0.0,0.0,0.0,0.0,0.0,0.0,0.0,0.0,0.0,1.0,0.0,0.0
TCN,42,2429,15,9,class_9,9,class_9,1,1.0,0.0,0.0,0.0,0.0,0.0,0.0,0.0,3.4359838345244515e-42,0.0,1.0,0.0,0.0
TCN,42,2430,15,9,class_9,9,class_9,1,1.0,5.485685456289619e-35,9.789709808189942e-34,2.802596928649634e-45,3.821232664710004e-36,2.779768336295171e-26,5.170791333358575e-43,6.725680517164178e-38,1.1181414182621041e-22,1.4876878827339851e-25,1.0,6.888888188510356e-28,6.120163603081642e-29
TCN,42,2431,15,9,class_9,9,class_9,1,1.0,0.0,9.917338996123426e-38,0.0,0.0,8.785440946292195e-37,0.0,0.0,7.325124080199946e-30,2.3829080385843514e-41,1.0,1.515561742404327e-39,0.0
TCN,42,2432,15,9,class_9,9,class_9,1,1.0,1.401298464324817e-45,1.401298464324817e-44,0.0,1.3914893750745434e-42,1.0693308581262679e-41,0.0,0.0,2.846069373468086e-18,6.025608378721528e-34,1.0,2.4060841218676156e-33,6.787671831252242e-37
TCN,42,2433,15,9,class_9,9,class_9,1,1.0,0.0,0.0,0.0,0.0,0.0,0.0,0.0,6.33608842027639e-27,5.139402247757699e-41,1.0,1.0910243484420927e-36,0.0
TCN,42,2434,15,9,class_9,9,class_9,1,1.0,0.0,0.0,0.0,0.0,0.0,0.0,0.0,4.258265773390254e-41,0.0,1.0,0.0,0.0
TCN,42,2435,15,9,class_9,9,class_9,1,1.0,0.0,0.0,0.0,0.0,0.0,0.0,0.0,0.0,0.0,1.0,0.0,0.0
TCN,42,2436,15,9,class_9,9,class_9,1,1.0,0.0,0.0,0.0,0.0,0.0,0.0,0.0,0.0,0.0,1.0,0.0,0.0
TCN,42,2437,15,9,class_9,9,class_9,1,1.0,0.0,0.0,0.0,0.0,0.0,0.0,0.0,0.0,0.0,1.0,0.0,0.0
TCN,42,2438,15,9,class_9,9,class_9,1,1.0,0.0,0.0,0.0,0.0,0.0,0.0,0.0,0.0,0.0,1.0,0.0,0.0
TCN,42,2439,15,9,class_9,9,class_9,1,1.0,0.0,1.233142648605839e-43,0.0,0.0,2.50096182900986e-38,0.0,0.0,3.6767347579668552e-37,0.0,1.0,1.4971685790212923e-38,2.802596928649634e-45
TCN,42,2440,15,10,class_10,2,class_2,0,0.9978665709495544,6.474797828559531e-06,2.3110675699544725e-12,0.9978665709495544,6.262916178713297e-28,7.972154470782817e-23,2.1987547338397917e-09,1.893187401995703e-27,0.0019784350879490376,1.774070187821053e-05,9.234229341334258e-28,0.0001305396290263161,2.5840617468020355e-07
TCN,42,2441,15,10,class_10,10,class_10,1,1.0,1.0078559222627889e-20,1.7023179096917408e-21,7.586043408387644e-22,2.7982585624139455e-34,1.305810354208684e-28,5.442313348140177e-19,1.505543231901157e-36,8.125456418817123e-10,2.1641078848588775e-20,1.736528219687407e-22,1.0,5.556495808933348e-19
TCN,42,2442,15,10,class_10,10,class_10,1,1.0,1.963633985225772e-23,1.2861343841169375e-21,1.0897312932690532e-20,1.1640189495421159e-37,1.6526378521713412e-30,3.736888583610604e-21,1.497274449922869e-34,2.589356680460231e-13,4.492101574814677e-20,4.183192315804743e-25,1.0,1.9413809827068435e-21
TCN,42,2443,15,10,class_10,10,class_10,1,0.9998288154602051,2.9674473750122796e-19,1.6164069181453379e-23,1.6859028262376742e-15,8.960874310329634e-30,5.569690695258236e-29,3.8831454250199164e-20,5.278142197762772e-31,0.00017116990056820214,4.493745937969758e-14,4.162811474273687e-21,0.9998288154602051,3.271226353045082e-17
TCN,42,2444,15,10,class_10,10,class_10,1,1.0,9.136612082221045e-19,3.559030943165352e-17,3.4619507103704136e-16,1.4072639571809622e-24,2.8506381169617248e-22,6.633936813886997e-19,1.0098121549775081e-25,5.291787008587789e-09,1.9407492106437996e-12,3.930952514451941e-14,1.0,1.9887157919800183e-14
TCN,42,2445,15,10,class_10,10,class_10,1,1.0,6.018866621873868e-15,5.135854510228931e-14,1.2220841014636908e-15,2.6163719174048604e-29,9.669771148132675e-23,1.0147500244597762e-12,2.3630665453635676e-27,1.3980713253758381e-09,3.066401909408885e-14,5.831179355154451e-20,1.0,1.64369826614625e-14
TCN,42,2446,15,10,class_10,10,class_10,1,1.0,9.795122362744754e-35,1.6084959966881953e-38,1.3014726446372005e-30,0.0,0.0,3.985072051397438e-33,0.0,4.62846628735556e-17,1.511917794741655e-24,3.5338925582268264e-40,1.0,8.147071430956985e-33
TCN,42,2447,15,10,class_10,10,class_10,1,1.0,6.046915844649871e-24,3.0205893866705957e-18,1.1111872856088219e-18,6.197371062250703e-34,4.3067955370737793e-29,8.724395897425392e-21,1.1687209172739793e-31,2.748549001244105e-13,4.9818697225110696e-21,2.2531708950287722e-25,1.0,8.964799604839038e-23
TCN,42,2448,15,10,class_10,10,class_10,1,1.0,5.532254662419486e-35,5.305336347385429e-29,2.4577391052246696e-31,0.0,9.066401064181566e-43,3.741294959006185e-29,0.0,3.895381316516522e-21,1.027231599341774e-29,5.839946909423506e-36,1.0,3.7688311871092915e-34
TCN,42,2449,15,10,class_10,10,class_10,1,0.9999998807907104,3.311644643440539e-22,5.380910858853313e-22,2.1680101934091274e-18,1.219410467120703e-31,2.3296782868099303e-29,2.724500646612078e-22,4.1779625928437137e-32,6.226837001577223e-08,3.269735876978838e-19,3.057133124302763e-22,0.9999998807907104,4.562321389378701e-19
TCN,42,2450,15,10,class_10,10,class_10,1,1.0,1.7083322785333027e-17,1.6349028454285507e-14,2.171075675128412e-15,2.7215805359764396e-23,5.428661556079427e-22,2.1079251337458678e-16,4.3853680597193975e-26,2.2163336055314176e-08,2.1020417351191867e-10,6.94173609649196e-18,1.0,2.7300438343289576e-16
TCN,42,2451,15,10,class_10,10,class_10,1,1.0,1.3668538631134192e-22,8.365971126500188e-22,5.90482363283096e-20,3.7174684550659035e-35,1.4451624597822807e-29,6.953730977931107e-21,2.74669086502257e-34,6.533926611568264e-12,3.4126832850795995e-19,5.382052829676929e-25,1.0,6.422642654477633e-21
TCN,42,2452,15,10,class_10,10,class_10,1,0.9999992847442627,1.4674581113384736e-17,2.5646471517899586e-16,1.2622402038517389e-12,2.563064616870795e-22,1.978579704493044e-24,7.733100874195996e-20,1.2750527627320931e-23,6.83425867009646e-07,1.1715736209947855e-14,1.6311131847432818e-19,0.9999992847442627,9.597009330893774e-14
TCN,42,2453,15,10,class_10,7,class_7,0,0.999334990978241,2.7206910334098486e-40,4.13383046975821e-43,8.640967872082447e-32,0.0,0.0,1.7661965844349994e-40,0.0,0.999334990978241,4.305385390909281e-25,9.80908925027372e-45,0.0006650257273577154,1.728036733164376e-34
TCN,42,2454,15,10,class_10,10,class_10,1,0.8893299102783203,5.706812089556479e-08,3.3976723443629453e-06,9.45968167798128e-07,1.8065683671242283e-10,1.129796167731456e-08,2.842230006905311e-09,1.2368368829118737e-10,0.0036084060557186604,0.002929894719272852,0.0004210592887829989,0.8893299102783203,0.10370630770921707
TCN,42,2455,15,10,class_10,10,class_10,1,1.0,3.9338479302132516e-29,4.728755686244111e-21,3.481895562708943e-24,2.5527454124605193e-41,1.4411579842864446e-32,8.98561606640601e-23,2.6709155106585668e-39,4.1301328317577274e-20,4.13032704876039e-25,3.472289824158078e-33,1.0,4.472875999342136e-30
TCN,42,2456,15,10,class_10,10,class_10,1,0.9870087504386902,0.004001605790108442,3.389800440345425e-06,5.380660240916768e-06,1.9975180906052492e-13,1.7969362886560702e-07,0.00896372739225626,4.6890405647941405e-14,3.235304575355258e-06,1.0620418606777093e-06,4.560813393617025e-10,0.9870087504386902,1.2687002708844375e-05
TCN,42,2457,15,10,class_10,10,class_10,1,1.0,1.566016495115128e-24,2.3299049489222402e-18,1.2610437714747208e-18,2.586466163641944e-34,2.0372063247140416e-28,5.3106223172126135e-21,5.587129351435736e-32,1.099501450985401e-14,8.043074328339634e-24,7.289785432391628e-28,1.0,1.6700529306883496e-23
TCN,42,2458,15,10,class_10,10,class_10,1,1.0,6.884606364761497e-28,4.097176631372165e-21,3.049706609521557e-19,1.3194792253820654e-37,6.9678012378814285e-37,4.7036440067665255e-27,3.239674699514539e-36,3.72940456294657e-10,8.814507718442503e-23,1.6841535139937232e-30,1.0,1.3128712278449315e-23
TCN,42,2459,15,10,class_10,10,class_10,1,0.9872334003448486,8.851360616679571e-12,1.8520395883570018e-07,2.846482598239941e-12,1.1343707389036855e-31,1.9363472282742805e-16,0.012766011990606785,8.564183405592384e-32,4.1600611666581244e-07,4.443351543366274e-14,5.2495557601896745e-18,0.9872334003448486,1.6052450479975278e-09
TCN,42,2460,15,10,class_10,10,class_10,1,1.0,4.144768363700986e-14,7.083877484170137e-14,7.118245189554446e-16,5.601653598922378e-35,1.0948600755997913e-21,2.324341785708839e-08,3.391189277611357e-36,2.3614841193619895e-09,1.5238991988666983e-15,1.0804887131465095e-19,1.0,1.4204930709043972e-18
TCN,42,2461,15,10,class_10,10,class_10,1,1.0,3.1368975173727058e-30,7.004644185591309e-26,4.1337001686873087e-25,0.0,5.591699240983943e-37,3.959285389125659e-24,0.0,1.3339702631746861e-20,1.873420969086287e-29,1.972906885322332e-38,1.0,3.5983646260591935e-30
TCN,42,2462,15,10,class_10,10,class_10,1,1.0,9.677671874088389e-22,1.1256184312484061e-21,4.518842046040658e-21,1.821145384983635e-35,9.810558340143549e-29,1.0834397446052778e-19,6.016598584734319e-36,1.0119100002370374e-10,3.146185086205246e-15,1.9962485432061464e-21,1.0,5.684099275165193e-19
TCN,42,2463,15,10,class_10,10,class_10,1,1.0,5.0243711546688357e-29,7.087270832658839e-25,6.982984407064752e-25,0.0,6.181665929669615e-35,8.903356301782204e-22,5.605193857299268e-45,3.3719596325599654e-19,9.056112098580736e-26,2.3970018725437973e-36,1.0,2.8769323337505017e-30
TCN,42,2464,15,10,class_10,10,class_10,1,0.9999743700027466,4.436428499566392e-16,1.0047539760439585e-15,9.279242760797308e-16,3.931600456372956e-37,8.591642815389457e-27,2.4033422821312378e-12,4.126276462100605e-36,2.5624363843235187e-05,8.73025847306693e-15,4.5353345779703834e-23,0.9999743700027466,1.538525333665967e-17
TCN,42,2465,15,10,class_10,10,class_10,1,0.9999998807907104,1.3307067849976234e-13,4.235791717377424e-09,1.5303033363070484e-12,8.015318097092897e-18,1.66455865475805e-14,1.7414665196002765e-11,5.334341979771513e-19,1.4594219521768537e-07,1.2596681510379515e-11,6.147976794323995e-09,0.9999998807907104,7.193521472936837e-11
TCN,42,2466,15,10,class_10,10,class_10,1,1.0,1.7500824194775083e-13,1.3468580695175092e-09,1.6802929490508656e-12,1.8230369229375424e-19,1.2906254781599167e-15,2.5815675985807474e-11,8.118861722738929e-20,2.5623025479148964e-08,5.844009998146049e-11,2.1477964568807854e-15,1.0,5.181449954966451e-14
TCN,42,2467,15,10,class_10,10,class_10,1,1.0,6.424274090130466e-13,8.664201084015999e-13,5.822941955002658e-13,9.365760456052286e-30,4.796583384949511e-18,9.843121873132077e-09,1.58016849378778e-29,2.5475149767473226e-10,1.2370901286869185e-13,8.267473120837177e-20,1.0,3.5309201563423582e-15
TCN,42,2468,15,10,class_10,10,class_10,1,1.0,1.4398637603069653e-21,4.6056532457672915e-19,2.4540068045247827e-19,3.3941435107283893e-34,1.0321436362389088e-25,4.0507667224454246e-16,1.7210339321992185e-33,2.936993530322507e-12,1.4838269558357382e-19,1.0266852118128452e-25,1.0,6.027858347895126e-20
TCN,42,2469,15,10,class_10,10,class_10,1,0.9999933242797852,4.993583065273915e-18,4.841559652868869e-23,1.8210308807051306e-18,4.5323737659968316e-39,1.1536566779882834e-32,3.042073429097847e-13,2.1632390900183288e-39,6.671585197182139e-06,2.6745526398122546e-20,1.4412532125737673e-24,0.9999933242797852,2.1327215504913185e-20
TCN,42,2470,15,10,class_10,10,class_10,1,1.0,6.743852663670872e-28,1.2753770981169685e-27,3.037400447179038e-26,0.0,1.185777359213196e-38,8.589778601484952e-24,0.0,3.1733990107208856e-17,2.2390118244858092e-29,1.245267976149504e-34,1.0,1.8019143078502863e-27
TCN,42,2471,15,10,class_10,10,class_10,1,1.0,1.6198924880761488e-32,1.0975502663397602e-26,1.2778977762930412e-30,1.401298464324817e-45,2.5574114000350895e-37,2.531607979692679e-25,2.802596928649634e-45,1.448582346068381e-17,3.6468569841831567e-29,1.6652261469023396e-36,1.0,1.6569683733597706e-30
TCN,42,2472,15,10,class_10,7,class_7,0,0.9001627564430237,2.6642059816595755e-17,2.0395387820701677e-19,3.34232616628871e-17,3.4929619502622037e-31,2.004031950310378e-26,1.7765804031587664e-16,1.27589831917701e-32,0.9001627564430237,7.16376333254054e-11,5.149936941196802e-14,0.09983720630407333,1.75469447999399e-12
TCN,42,2473,15,10,class_10,10,class_10,1,1.0,2.374112708547732e-23,1.6907353293203383e-19,7.050641325922803e-20,3.727599262569811e-32,6.285410558981254e-28,3.592171913727774e-19,3.0668811080136642e-33,1.1996093104060714e-14,6.193807989299884e-17,5.764651415685313e-20,1.0,5.503220523655338e-23
TCN,42,2474,15,10,class_10,10,class_10,1,1.0,1.2836750969920478e-19,8.386195383958128e-15,2.810724979869461e-17,4.256972857887058e-31,4.71669352258699e-25,3.572769751395368e-17,5.215871560022312e-31,3.0903138121401996e-12,8.022762106663279e-23,9.959197019846808e-22,1.0,8.893419431166806e-20
TCN,42,2475,15,10,class_10,10,class_10,1,0.9999980926513672,2.876403000333372e-13,2.7957069992368133e-09,3.4887774093272927e-12,1.4317515160291268e-18,6.306427637082243e-16,2.3594197776088954e-11,1.0967885312795818e-22,1.9393601178308018e-06,2.1966239591164616e-13,2.827938772043126e-09,0.9999980926513672,7.261988319712254e-13
TCN,42,2476,15,10,class_10,10,class_10,1,1.0,3.860143796026288e-22,7.090584132868884e-21,1.5708045731540664e-22,4.909347155233794e-37,5.018739314214272e-29,2.523997916574133e-19,7.619683153511668e-38,1.0710647646572369e-11,6.335430837609408e-21,3.5211846791192795e-21,1.0,3.441755549371799e-21
TCN,42,2477,15,10,class_10,10,class_10,1,1.0,6.093120898508771e-28,3.6667006757722917e-25,1.562448280025587e-24,7.368195481235607e-40,2.849890774241372e-35,1.864355498874847e-26,1.3927125404780832e-37,1.0077738602591569e-15,2.2891643860520757e-21,2.959022599939611e-28,1.0,4.835295702850962e-24
TCN,42,2478,15,10,class_10,10,class_10,1,1.0,9.382906110858888e-34,3.646689142235028e-22,6.026256859441104e-25,3.251825190342884e-40,2.9546805280902245e-35,3.8020802420849456e-30,5.079112782628588e-39,5.467711600457914e-15,1.003767619224817e-24,6.2257803975256225e-27,1.0,8.251995319676425e-29
TCN,42,2479,15,10,class_10,10,class_10,1,0.9999762773513794,1.5316164135581456e-12,4.258891294739442e-06,2.6158728516634255e-09,2.3493722592360378e-11,1.5080822701740715e-10,9.332640216186405e-11,9.387009398953428e-13,9.718261935631745e-06,6.408050756689931e-10,9.741562280396465e-06,0.9999762773513794,6.56454446357202e-10
TCN,42,2480,15,11,class_11,11,class_11,1,1.0,0.0,0.0,0.0,0.0,0.0,0.0,1.2611686178923354e-44,2.778719504498127e-33,4.6679776425972984e-37,0.0,0.0,1.0
TCN,42,2481,15,11,class_11,11,class_11,1,1.0,0.0,0.0,0.0,0.0,0.0,0.0,0.0,5.888560316300664e-35,1.2345439470701638e-42,0.0,0.0,1.0
TCN,42,2482,15,11,class_11,11,class_11,1,1.0,0.0,1.0229478789571165e-43,0.0,7.109185203716604e-30,0.0,0.0,8.930629255973135e-40,1.5186414643696954e-30,1.836104896217456e-31,2.3829781035075677e-40,3.6908800251851357e-41,1.0
TCN,42,2483,15,11,class_11,11,class_11,1,1.0,1.1070257868166055e-42,3.7749770481009246e-33,9.556826828102703e-37,3.647163026488382e-29,3.994556380630254e-32,4.28797330083394e-43,7.1059876514997075e-37,1.8342763866331655e-25,1.3753420695624697e-23,4.1410065198217995e-33,3.3873167115030867e-25,1.0
TCN,42,2484,15,11,class_11,10,class_10,0,0.9999998807907104,1.6350020359823247e-07,1.4409105767591968e-17,1.7977520553295207e-21,6.902181384542964e-25,1.6909927234506905e-12,1.1005317931120975e-17,3.26714475410448e-33,3.05700783552053e-20,4.958241611475187e-15,4.7521284654432574e-17,0.9999998807907104,1.848456138293354e-27
TCN,42,2485,15,11,class_11,11,class_11,1,1.0,0.0,0.0,0.0,0.0,0.0,0.0,0.0,4.203895392974451e-45,0.0,0.0,0.0,1.0
TCN,42,2486,15,11,class_11,11,class_11,1,1.0,0.0,3.7274539151040134e-43,9.388699710976274e-44,3.033030911765687e-29,1.401298464324817e-45,0.0,2.0557576016347957e-33,6.083949909003091e-27,8.483357001777019e-32,1.0708722864370252e-41,1.3609466737461196e-39,1.0
TCN,42,2487,15,11,class_11,8,class_8,0,0.9816271662712097,2.693659986033023e-39,4.203895392974451e-45,7.194776182213491e-35,8.407790785948902e-45,0.0,0.0,0.0,1.3675421472320037e-14,0.9816271662712097,4.210007856875836e-39,6.487786933181191e-24,0.018372802063822746
TCN,42,2488,15,11,class_11,11,class_11,1,1.0,0.0,3.2229864679470793e-44,0.0,1.1203618978252186e-29,0.0,0.0,2.392689909013254e-36,6.131894322002283e-29,1.0950318916521684e-35,0.0,4.344025239406933e-44,1.0
TCN,42,2489,15,11,class_11,11,class_11,1,1.0,1.8883592641439942e-29,3.909666827048162e-24,1.8216156352997854e-30,7.323487302701714e-12,6.740089420903294e-23,1.4327698861877171e-34,2.293948131477596e-19,1.7751326742517714e-23,1.6457290160430613e-24,1.3956660602115287e-27,9.828056135912036e-28,1.0
TCN,42,2490,15,11,class_11,5,class_5,0,0.88742995262146,9.905992415496164e-18,2.414516286561308e-12,1.5394452877540967e-19,0.0,4.941772918438363e-26,0.88742995262146,0.0,6.358480166813164e-23,7.941741738182509e-16,2.3815067401200266e-41,0.11257003247737885,4.442464927428867e-35
TCN,42,2491,15,11,class_11,11,class_11,1,1.0,4.6831394677735387e-42,4.883511135187344e-40,5.857318279597518e-39,2.0947187362634829e-35,0.0,0.0,9.597033427120707e-33,1.953250423347739e-37,8.771974862787883e-23,8.674037494170618e-43,0.0,1.0
TCN,42,2492,15,11,class_11,11,class_11,1,1.0,0.0,1.3766759687484728e-37,2.802596928649634e-45,1.8413394901111027e-29,8.982323156322077e-43,0.0,1.6738538182329226e-39,3.31016688931668e-30,1.2862792567259156e-32,4.686082194548621e-41,7.39485938841478e-39,1.0
TCN,42,2493,15,11,class_11,11,class_11,1,1.0,9.934354158469884e-35,5.84500905416329e-35,1.5935673655578806e-33,7.6099281929635e-29,8.96831017167883e-44,5.605193857299268e-45,2.700280893407234e-28,2.122521970607457e-31,4.5382685281293076e-17,4.6815709820709934e-35,4.43099262469986e-39,1.0
TCN,42,2494,15,11,class_11,11,class_11,1,1.0,1.2224247332235428e-37,8.459961127775715e-39,4.0734130806528106e-35,2.3402099694605116e-34,0.0,0.0,1.2938282814468963e-32,6.142457912528662e-35,6.693476695352136e-17,4.506583035916749e-37,2.4102333586386854e-43,1.0
TCN,42,2495,15,11,class_11,11,class_11,1,1.0,3.6433760072445244e-44,2.6624670822171524e-44,2.970752744368612e-43,1.735682267808269e-35,0.0,0.0,5.7808732018636885e-30,8.69234726078895e-34,9.357721203167239e-31,0.0,0.0,1.0
TCN,42,2496,15,11,class_11,11,class_11,1,1.0,0.0,0.0,0.0,7.707141553786494e-44,0.0,0.0,0.0,4.6634452265952974e-27,1.1703020551343674e-13,9.80908925027372e-45,3.071374171142631e-35,1.0
TCN,42,2497,15,11,class_11,11,class_11,1,1.0,0.0,0.0,0.0,0.0,0.0,0.0,0.0,2.5223372357846707e-44,0.0,0.0,0.0,1.0
TCN,42,2498,15,11,class_11,11,class_11,1,1.0,0.0,0.0,0.0,1.401298464324817e-45,0.0,0.0,0.0,7.074666725056136e-37,3.241921653576115e-38,0.0,0.0,1.0
TCN,42,2499,15,11,class_11,11,class_11,1,1.0,0.0,0.0,0.0,0.0,0.0,0.0,0.0,4.1685066224121115e-32,4.224133999570488e-24,0.0,2.7131408372840665e-39,1.0
TCN,42,2500,15,11,class_11,8,class_8,0,0.999998927116394,9.259178879617459e-15,1.575999036832634e-24,1.1559717484448118e-13,6.223950825708213e-25,2.1907710113496587e-25,5.69235904750259e-27,3.8483168777908526e-23,1.8372430003257105e-18,0.999998927116394,5.63827729716152e-23,2.594437774105793e-19,1.129938709709677e-06
TCN,42,2501,15,11,class_11,11,class_11,1,1.0,0.0,0.0,0.0,5.784952424302856e-40,0.0,0.0,1.7174734368304255e-39,3.825378664279834e-34,6.523859996209573e-21,1.5414283107572988e-44,0.0,1.0
TCN,42,2502,15,11,class_11,11,class_11,1,1.0,3.574913419720741e-30,9.28269301339938e-33,9.308415139641772e-30,1.7523403414510242e-28,1.409706255110766e-42,4.265552525404743e-42,2.223200505384311e-27,5.770945078139355e-27,8.782155334712254e-15,3.913658921395624e-35,1.3451297583533891e-36,1.0
TCN,42,2503,15,11,class_11,8,class_8,0,1.0,4.479557050319215e-28,0.0,9.208767643044106e-33,0.0,0.0,0.0,0.0,3.204629458064424e-41,1.0,0.0,1.2081154580329978e-40,1.2634827944090973e-14
TCN,42,2504,15,11,class_11,11,class_11,1,1.0,1.2002086594740143e-37,8.354549852095345e-38,1.9971920042804053e-37,4.991779304258389e-29,0.0,0.0,1.9342027162780405e-29,2.5302482987607916e-31,6.936685075853587e-24,1.600282846258941e-42,4.203895392974451e-45,1.0
TCN,42,2505,15,11,class_11,8,class_8,0,1.0,8.299503255872545e-15,0.0,2.9654554081765085e-26,6.0902953596792335e-40,1.4520254687333754e-41,1.6255062186167878e-43,1.7634842311274523e-37,1.0656217892470158e-34,1.0,1.4798241272302604e-35,2.5678178182033617e-33,4.669543983930715e-15
TCN,42,2506,15,11,class_11,11,class_11,1,1.0,0.0,0.0,0.0,1.4053240697115785e-36,0.0,0.0,1.251760148797149e-33,1.5359519018340648e-36,4.857859765575422e-28,0.0,0.0,1.0
TCN,42,2507,15,11,class_11,8,class_8,0,1.0,3.8813679560552077e-19,1.8615857734985184e-39,8.227190045997149e-23,8.730088894645e-36,1.039756397984754e-37,6.681741402516809e-40,1.1527669757015048e-32,2.388952391967093e-27,1.0,1.5052541353663727e-31,1.6099598554846243e-27,9.724837601865488e-11
TCN,42,2508,15,11,class_11,11,class_11,1,1.0,0.0,0.0,0.0,0.0,0.0,0.0,7.006492321624085e-45,2.1720126197034665e-43,4.182058823314345e-33,0.0,0.0,1.0
TCN,42,2509,15,11,class_11,11,class_11,1,1.0,0.0,0.0,0.0,0.0,0.0,0.0,0.0,0.0,8.795253414461968e-10,0.0,0.0,1.0
TCN,42,2510,15,11,class_11,11,class_11,1,1.0,0.0,0.0,0.0,0.0,0.0,0.0,1.0446680051541511e-41,8.224220687122351e-42,1.3697373306616077e-34,0.0,0.0,1.0
TCN,42,2511,15,11,class_11,11,class_11,1,1.0,0.0,0.0,0.0,2.0883971403372046e-40,0.0,0.0,0.0,0.0,2.529973213797245e-35,0.0,0.0,1.0
TCN,42,2512,15,11,class_11,11,class_11,1,1.0,9.61714723748923e-34,1.5443650047317905e-29,1.2193971840345386e-30,6.796486403121031e-28,1.449805924069762e-37,1.3171925304960416e-40,1.6937973678341853e-24,1.5763410149683952e-27,5.870038103133691e-19,1.1115306522417582e-33,4.666894091362356e-36,1.0
TCN,42,2513,15,11,class_11,8,class_8,0,1.0,2.8330309018859134e-12,1.0229669344250134e-26,1.0472618432177949e-11,3.0720457390221476e-25,1.1115643340986928e-26,2.005037507608478e-24,8.145213671764935e-24,2.065543014083362e-19,1.0,1.0255343993375958e-25,2.0578815767770164e-20,1.2784177882974035e-10
TCN,42,2514,15,11,class_11,11,class_11,1,1.0,4.764414778704378e-44,4.173066826759305e-41,1.2124034313338317e-41,1.4865423518037546e-32,0.0,0.0,6.655637994096253e-33,8.755854224712888e-32,4.02330524797745e-25,9.80908925027372e-45,9.10844001811131e-44,1.0
TCN,42,2515,15,11,class_11,8,class_8,0,1.0,7.906353523268184e-12,9.376313757164372e-36,1.9726332346513993e-18,4.371677126442557e-31,6.474940963696537e-29,1.7481188384298766e-30,6.228879207521396e-31,5.723520979188764e-28,1.0,2.5016529974877732e-27,1.4585016316145214e-25,2.960396667796251e-15
TCN,42,2516,15,11,class_11,11,class_11,1,1.0,1.7946684899540776e-29,2.9098230418447015e-30,9.709609198667813e-32,2.0754226525245423e-20,6.431707717527332e-38,3.043059745127773e-41,8.758724602821157e-25,9.765953176704308e-26,1.128169406982112e-18,1.0391331269955444e-31,4.174039931460821e-34,1.0
TCN,42,2517,15,11,class_11,8,class_8,0,1.0,7.526188106314392e-19,0.0,3.195322388535716e-26,0.0,5.184804318001823e-44,0.0,0.0,1.7187626314176044e-40,1.0,3.683453143324214e-41,2.721819639193016e-38,1.5248268378542082e-26
TCN,42,2518,15,11,class_11,8,class_8,0,0.8668814301490784,0.1330966055393219,7.197957134211664e-36,2.4525525585557782e-14,2.812810813386593e-28,2.682296641636052e-33,7.748212520846211e-30,3.672050326140287e-23,1.5698978879840416e-24,0.8668814301490784,1.2161503557901098e-29,9.324934314734103e-31,2.1931909941486083e-05
TCN,42,2519,15,11,class_11,11,class_11,1,1.0,0.0,0.0,0.0,0.0,0.0,0.0,7.858481787933574e-42,5.605193857299268e-45,1.2637535718697387e-35,0.0,0.0,1.0
TCN,42,2520,15,0,class_0,0,class_0,1,1.0,1.0,0.0,0.0,0.0,0.0,0.0,0.0,0.0,0.0,0.0,0.0,0.0
TCN,42,2521,15,0,class_0,0,class_0,1,1.0,1.0,1.731583275178351e-26,3.323910089769559e-14,3.6958714011230646e-23,3.5037267141421746e-13,8.999369310739094e-16,3.0002194605637087e-24,3.8678746895968316e-26,7.069853591445963e-10,1.6035632173676404e-24,1.6879165912237708e-22,5.484827200451135e-20
TCN,42,2522,15,0,class_0,0,class_0,1,1.0,1.0,0.0,0.0,0.0,0.0,0.0,0.0,0.0,0.0,0.0,0.0,0.0
TCN,42,2523,15,0,class_0,0,class_0,1,1.0,1.0,0.0,2.3611795793893678e-30,1.401298464324817e-44,3.268145364283259e-31,9.124695080297479e-41,2.802596928649634e-45,0.0,3.4063284868043414e-31,0.0,0.0,0.0
TCN,42,2524,15,0,class_0,0,class_0,1,1.0,1.0,0.0,0.0,0.0,1.401298464324817e-45,0.0,0.0,0.0,0.0,0.0,0.0,0.0
TCN,42,2525,15,0,class_0,0,class_0,1,1.0,1.0,0.0,2.0934471804867607e-29,2.802596928649634e-45,2.877954430790519e-29,6.366365282239743e-37,0.0,0.0,4.0583775995323624e-23,0.0,0.0,7.006492321624085e-45
TCN,42,2526,15,0,class_0,0,class_0,1,1.0,1.0,0.0,1.1188207325725335e-28,2.02830932205711e-38,4.426907224269566e-23,2.7927866017725567e-35,5.139402247757699e-41,0.0,1.2734694539746235e-30,0.0,0.0,9.182708836720526e-42
TCN,42,2527,15,0,class_0,0,class_0,1,1.0,1.0,0.0,9.370887599476692e-34,1.8216880036222622e-44,1.951692851775988e-08,1.3643094166200637e-33,6.305843089461677e-44,0.0,2.639636041466391e-32,8.898245248462588e-43,4.484155085839415e-44,0.0
TCN,42,2528,15,0,class_0,0,class_0,1,1.0,1.0,0.0,1.9015632689258345e-32,0.0,1.3891071676851912e-41,0.0,0.0,0.0,2.6121894238690414e-32,0.0,0.0,0.0
TCN,42,2529,15,0,class_0,0,class_0,1,1.0,1.0,6.935236855232554e-37,1.3906989628550656e-24,3.42136469973332e-34,7.75634369608308e-16,2.670885809852041e-23,5.332886813479041e-38,7.496246134905609e-41,2.477023611717196e-17,1.9122753262437998e-35,2.3598886632482383e-33,3.5961531920468785e-31
TCN,42,2530,15,0,class_0,0,class_0,1,0.9999387264251709,0.9999387264251709,2.941665465903964e-14,3.702766377955413e-07,2.8550238209820375e-14,1.6429641618742608e-05,6.056474433080439e-08,3.848306154535623e-15,4.418946152463625e-14,4.4342603359837085e-05,4.100306032206458e-12,6.462314711130901e-11,4.683750349371296e-12
TCN,42,2531,15,0,class_0,0,class_0,1,1.0,1.0,0.0,4.877079175236093e-41,0.0,0.0,0.0,0.0,0.0,6.2160425028816395e-37,0.0,0.0,0.0
TCN,42,2532,15,0,class_0,0,class_0,1,1.0,1.0,0.0,0.0,0.0,3.377129299022809e-43,0.0,0.0,0.0,5.748406560353265e-41,0.0,0.0,0.0
TCN,42,2533,15,0,class_0,0,class_0,1,1.0,1.0,0.0,0.0,0.0,0.0,0.0,0.0,0.0,0.0,0.0,0.0,0.0
TCN,42,2534,15,0,class_0,0,class_0,1,1.0,1.0,0.0,1.2824158899355683e-36,0.0,4.203895392974451e-45,0.0,0.0,0.0,3.8212899638790777e-29,0.0,0.0,0.0
TCN,42,2535,15,0,class_0,0,class_0,1,1.0,1.0,0.0,2.255389878330793e-41,0.0,2.802596928649634e-45,0.0,0.0,0.0,4.749260745196015e-34,0.0,0.0,0.0
TCN,42,2536,15,0,class_0,0,class_0,1,1.0,1.0,2.1659705928025503e-31,6.488827579595086e-17,5.001750806545454e-28,3.893179842498788e-15,4.119390056196742e-18,3.7038225613754177e-28,1.031770418129169e-31,1.782092112767586e-10,4.508969694443456e-31,2.331131275767524e-26,8.197866508428273e-23
TCN,42,2537,15,0,class_0,0,class_0,1,1.0,1.0,1.9159953902713224e-39,1.8242554375280154e-18,1.3480341463199521e-33,6.398053906604687e-25,1.2712005071802709e-26,1.732031232864138e-35,2.3370183164746423e-39,2.452586189694017e-10,9.443469181194717e-37,3.820333222120914e-34,1.0232546442845805e-28
TCN,42,2538,15,0,class_0,0,class_0,1,1.0,1.0,5.990182854445682e-32,7.94718670758821e-24,3.950800302621488e-27,2.102343632515158e-09,1.6965482441398267e-21,6.121738378186355e-33,1.9497897318186917e-36,6.388749392797349e-14,1.0859050250048758e-28,1.0734468101218667e-27,2.900099514774112e-26
TCN,42,2539,15,0,class_0,0,class_0,1,0.999995231628418,0.999995231628418,5.838956540647423e-30,4.238999281369615e-06,1.2214847981148916e-25,5.786649411659109e-22,5.307796327149299e-23,2.248636527727517e-31,7.551542808179175e-27,4.924779659631895e-07,6.363753195895478e-32,1.81376147331019e-26,1.4921219456366399e-22
TCN,42,2540,15,0,class_0,0,class_0,1,1.0,1.0,8.697738113146652e-30,1.7623326172036552e-24,2.5528642065624087e-26,5.196707775212417e-08,6.332824330106942e-20,2.5388670195794386e-28,8.725208205366187e-33,6.282610460268881e-19,1.4189369513589381e-28,1.7627514673405509e-29,7.555993933113168e-33
TCN,42,2541,15,0,class_0,0,class_0,1,1.0,1.0,0.0,1.63454392108842e-37,0.0,9.129161696238482e-33,2.83884213000072e-37,0.0,0.0,1.4756860419883879e-28,0.0,0.0,1.401298464324817e-45
TCN,42,2542,15,0,class_0,0,class_0,1,1.0,1.0,0.0,0.0,0.0,0.0,0.0,0.0,0.0,6.810310536618611e-43,0.0,0.0,0.0
TCN,42,2543,15,0,class_0,0,class_0,1,0.9998769760131836,0.9998769760131836,4.6879550239869494e-24,4.6266060408759894e-18,5.941295293967576e-39,3.4439895379989593e-11,0.0001229517802130431,3.3010948443485446e-40,6.683523746995711e-31,3.0989494304023424e-10,1.738685155371166e-32,6.284471099659243e-20,1.0134751009218906e-22
TCN,42,2544,15,0,class_0,0,class_0,1,1.0,1.0,0.0,1.1148977318317688e-34,0.0,1.1210387714598537e-44,0.0,0.0,0.0,4.7217054435893005e-37,0.0,0.0,0.0
TCN,42,2545,15,0,class_0,0,class_0,1,1.0,1.0,0.0,3.8867295970769206e-35,0.0,5.522617115557523e-28,6.7274391175898975e-34,0.0,0.0,4.739879403668137e-29,0.0,0.0,8.441281819246266e-41
TCN,42,2546,15,0,class_0,0,class_0,1,1.0,1.0,2.611165545438221e-38,1.8087989857671971e-22,1.3678898632934085e-25,2.9319033666144705e-25,1.2704846387190156e-31,5.68495105257529e-32,2.0038568039844884e-43,2.6087826885898994e-18,1.9211801945893242e-42,7.422355666881761e-40,4.08841486730118e-30
TCN,42,2547,15,0,class_0,0,class_0,1,1.0,1.0,0.0,0.0,0.0,0.0,0.0,0.0,0.0,1.0089348943138683e-43,0.0,0.0,0.0
TCN,42,2548,15,0,class_0,0,class_0,1,1.0,1.0,0.0,0.0,0.0,0.0,0.0,0.0,0.0,1.961817850054744e-44,0.0,0.0,0.0
TCN,42,2549,15,0,class_0,0,class_0,1,1.0,1.0,0.0,0.0,0.0,7.637076630570253e-43,0.0,0.0,0.0,1.1955488555493075e-35,0.0,0.0,0.0
TCN,42,2550,15,0,class_0,0,class_0,1,1.0,1.0,0.0,2.6891476256116935e-36,0.0,1.401298464324817e-45,0.0,0.0,0.0,4.082194715433917e-31,0.0,0.0,0.0
TCN,42,2551,15,0,class_0,0,class_0,1,0.9999305009841919,0.9999305009841919,2.456580466360812e-34,2.9556212421482185e-30,4.0922143941814557e-32,6.950918032089248e-05,6.875972960081193e-26,2.702840491919144e-31,7.987401246651457e-42,3.737171482809941e-28,1.0022470546622217e-33,7.708262592557954e-40,2.2420775429197073e-44
TCN,42,2552,15,0,class_0,0,class_0,1,1.0,1.0,2.4086849238356064e-39,5.765348400169714e-22,5.131696507502377e-39,1.6495735295699926e-19,5.3676118302432493e-20,2.250191061028148e-40,5.606188779208939e-40,1.8966832905685863e-14,4.9808173005500595e-40,1.1498507211539085e-32,4.7556517919013686e-30
TCN,42,2553,15,0,class_0,0,class_0,1,1.0,1.0,2.6904930515036488e-43,2.345804817475197e-34,1.1911036946760945e-43,3.1056645652558174e-16,2.327542729020746e-25,2.284116496849452e-43,0.0,1.7956033435713205e-25,1.1210387714598537e-44,1.777687231842463e-41,1.1700842177112223e-42
TCN,42,2554,15,0,class_0,0,class_0,1,1.0,1.0,2.308983116314551e-30,1.3201559592041384e-19,8.897935010025026e-27,4.91024154669617e-09,2.1229192014861882e-23,3.745227464803968e-26,1.259114497518314e-28,5.996999619307551e-16,1.9530303979694886e-26,4.312323545830216e-27,1.166178699151343e-30
TCN,42,2555,15,0,class_0,4,class_4,0,0.6327282786369324,0.36726734042167664,6.9380634050431045e-12,3.120126498747794e-13,1.2576894765426359e-19,0.6327282786369324,3.3028828738679294e-07,2.0175604851522441e-22,6.622561012512862e-18,4.120530320506077e-06,3.42644234383252e-13,3.493439565405154e-11,6.758863488418726e-14
TCN,42,2556,15,0,class_0,0,class_0,1,1.0,1.0,0.0,1.080067315489844e-36,5.715896435980929e-41,3.1043707886033354e-18,1.2273042069375947e-35,2.9847657290118604e-43,0.0,2.933047989030508e-30,0.0,0.0,0.0
TCN,42,2557,15,0,class_0,0,class_0,1,0.9979087114334106,0.9979087114334106,1.1290238473317518e-16,9.748452045599265e-14,4.4114224653017036e-21,0.0020912783220410347,6.277604214233179e-09,1.5159046188705516e-23,2.355109049340958e-23,3.112518576209311e-11,1.924164592010487e-23,7.66196773591344e-19,3.45619849639072e-17
TCN,42,2558,15,0,class_0,0,class_0,1,1.0,1.0,2.0045335832622227e-23,3.189484266974407e-14,2.480123636498861e-18,5.677851522278843e-10,2.8458321794274364e-17,1.3389620396775022e-19,2.1677956840041296e-25,1.4769061624717028e-12,1.4474303626485514e-21,1.25912250561206e-23,2.247220440180534e-19
TCN,42,2559,15,0,class_0,0,class_0,1,1.0,1.0,0.0,1.7670373635135943e-42,0.0,1.1217674466613026e-40,0.0,0.0,0.0,2.898334480511384e-38,0.0,0.0,0.0
TCN,42,2560,15,1,class_1,4,class_4,0,0.9999998807907104,6.435904024761348e-23,1.1444411285310707e-07,8.118350489321268e-31,1.1493690767295658e-23,0.9999998807907104,1.328490030057809e-21,1.1554765009666593e-21,1.7489725294472177e-30,4.278886423575087e-31,1.786949765675977e-13,5.7887591597529595e-27,1.1240690120416102e-29
TCN,42,2561,15,1,class_1,1,class_1,1,0.9999563694000244,5.539185511096653e-15,0.9999563694000244,1.0568093387295372e-15,4.05845620996333e-19,4.319180516176857e-05,4.397900568164914e-07,1.251854146421017e-17,4.281771877161222e-15,3.170244660852491e-19,9.603319250928166e-10,1.8210318235983847e-12,4.701079444073466e-16
TCN,42,2562,15,1,class_1,1,class_1,1,1.0,7.826520380995165e-30,1.0,6.2327998729125295e-24,3.319182872033086e-22,8.971867693219338e-11,8.55563081885131e-18,2.0017342757816274e-18,2.0867809469925981e-22,6.228790866769943e-29,5.907268125248982e-16,9.906377417988106e-22,9.059589838029766e-21
TCN,42,2563,15,1,class_1,1,class_1,1,1.0,0.0,1.0,0.0,0.0,5.169982571147293e-35,4.458434895136634e-28,0.0,3.8771131516132896e-38,0.0,4.310571638702632e-31,1.5781447519663553e-36,0.0
TCN,42,2564,15,1,class_1,1,class_1,1,0.9999997615814209,2.058321727335774e-19,0.9999997615814209,3.9315093183426995e-20,1.8858862555025693e-25,2.0172333847767732e-07,2.011285182845768e-08,6.927930297527444e-24,5.768697492103434e-20,7.931912585526094e-26,2.907516146789281e-14,5.691089964637516e-17,1.2623608174933157e-20
TCN,42,2565,15,1,class_1,1,class_1,1,1.0,1.2845505271226313e-36,1.0,5.88550621208156e-35,1.2301433093727982e-37,1.0984065973736038e-15,2.0898781703623288e-16,1.1841976007931803e-34,3.674396277755125e-28,4.302964391805287e-39,1.3441295193590648e-21,1.6056796880355176e-26,1.3944970299041416e-32
TCN,42,2566,15,1,class_1,4,class_4,0,0.9999998807907104,1.2012634810487643e-12,1.3600369719313221e-08,1.9893424071020623e-17,2.583976262127141e-11,0.9999998807907104,2.1027870742394705e-14,1.0007114248367088e-08,2.363419619005898e-18,6.687481819667943e-16,4.6222229599379716e-08,4.95195892325994e-18,2.2758839951508847e-11
TCN,42,2567,15,1,class_1,1,class_1,1,0.5893301367759705,7.069006073834316e-07,0.5893301367759705,4.423066002345877e-08,3.237930457089533e-07,0.026399793103337288,2.3329512259806506e-06,5.0009201224554545e-09,0.0005025751888751984,2.3658850878405246e-08,0.3698907792568207,0.013869011774659157,4.291805907996604e-06
TCN,42,2568,15,1,class_1,10,class_10,0,0.5401162505149841,2.0030470337939477e-11,3.530425090048084e-07,4.714483577833439e-12,1.3624068352887292e-16,1.9336354739607486e-09,2.857813430345857e-10,2.1001129339840903e-18,1.294459593736974e-06,0.22919560968875885,0.23068645596504211,0.5401162505149841,7.560768899850245e-09
TCN,42,2569,15,1,class_1,5,class_5,0,1.0,1.0505602075773808e-16,1.1275939498376681e-16,1.2482841286984796e-25,0.0,1.5715132706451876e-20,1.0,0.0,1.881514593666885e-21,1.1876656862142768e-22,8.347685888643125e-34,4.961142174159106e-13,1.2066884022051094e-26
TCN,42,2570,15,1,class_1,4,class_4,0,0.9901900887489319,3.8676811464664486e-17,0.009809357114136219,3.0030473060278726e-22,2.257501422777516e-20,0.9901900887489319,1.5874136044275594e-14,2.66431831278676e-16,5.328067023187603e-21,1.9588818555782844e-22,6.144377948658075e-07,5.122041422668833e-19,2.1299902350962273e-23
TCN,42,2571,15,1,class_1,1,class_1,1,1.0,1.8080621891963863e-28,1.0,9.826003980519093e-26,7.717459361772202e-27,1.0707004673062709e-16,9.788643081320124e-16,3.0353620429258986e-26,7.410652744777363e-22,2.759843269275829e-32,8.580949531394199e-21,5.8646604597998155e-21,4.0094703533331038e-25
TCN,42,2572,15,1,class_1,1,class_1,1,1.0,2.466285297211678e-43,1.0,1.6775924825357413e-40,0.0,1.248095713215572e-22,2.544295684804091e-21,0.0,2.1735832778894677e-33,0.0,6.526705410592173e-26,3.564778307427951e-32,2.5149369785945714e-39
TCN,42,2573,15,1,class_1,1,class_1,1,1.0,8.883071404937974e-29,1.0,9.593933847237072e-23,9.46763544926276e-22,4.1171580034138344e-11,9.617562145960558e-17,7.695065196775641e-18,4.897173374810315e-21,1.5142004279043792e-28,7.217936335234847e-17,8.66806320134404e-22,5.54474157242897e-20
TCN,42,2574,15,1,class_1,1,class_1,1,1.0,1.654685206582044e-26,1.0,9.458154134480251e-27,4.907152889259075e-31,6.591066234462595e-12,7.57305676502007e-12,1.6103267511575612e-29,2.2884745303459035e-21,1.2694934543592384e-28,6.766493582383416e-16,2.5418730311174624e-19,1.5073848767207387e-25
TCN,42,2575,15,1,class_1,4,class_4,0,0.9999909400939941,4.2689163512609135e-25,9.016600415634457e-06,3.4091167006297743e-32,9.155122924426519e-27,0.9999909400939941,2.9289762710099467e-21,3.2547173481850423e-23,1.525380752158101e-29,6.166690384187753e-31,8.610974888863254e-13,1.0623815529600848e-26,3.482305153576519e-30
TCN,42,2576,15,1,class_1,1,class_1,1,0.9995977282524109,1.8400309487881517e-13,0.9995977282524109,1.662144610858375e-14,3.056559348532161e-20,0.00037981680361554027,2.249715726065915e-05,9.15721715127974e-19,2.202336823651195e-14,2.831695001014415e-17,7.111241817625569e-09,4.115784449365556e-11,4.027818270563701e-15
TCN,42,2577,15,1,class_1,1,class_1,1,1.0,1.7748357576233777e-37,1.0,5.392714873399115e-34,1.1733086054776337e-39,1.0457269532798189e-22,2.345913375316979e-18,7.511999532241549e-39,2.4664775722422417e-28,5.0222536961401444e-42,3.075558694944538e-28,5.548130853236494e-26,2.343497221045487e-34
TCN,42,2578,15,1,class_1,1,class_1,1,0.9999866485595703,7.85006871626013e-22,0.9999866485595703,6.448001127856822e-25,6.841242896505652e-27,1.317550504609244e-05,3.333000195282487e-11,5.272450467657785e-25,2.725184332794883e-20,3.809212884946866e-24,1.2167838292498345e-07,3.983878846706468e-18,2.1489628131833358e-24
TCN,42,2579,15,1,class_1,1,class_1,1,0.999333918094635,6.23748681602519e-26,0.999333918094635,1.8349959583567773e-29,1.3571895814116677e-25,0.0006660659564658999,1.2936825524154555e-16,1.3285108686074812e-23,1.0877779283201042e-25,1.5468948472499014e-31,5.351425140694144e-13,6.395479557648112e-24,1.5468103266858174e-26
TCN,42,2580,15,1,class_1,1,class_1,1,0.9857935309410095,2.3968280485342497e-11,0.9857935309410095,5.302375089021906e-14,3.3070587832051134e-18,0.01419246755540371,1.3384312296693679e-05,1.357163171949633e-17,7.816179886481478e-13,5.308957932626435e-16,5.70241354580503e-07,3.087224226261398e-11,1.2883402298550367e-13
TCN,42,2581,15,1,class_1,1,class_1,1,1.0,9.099340021692654e-31,1.0,1.85863296011993e-25,5.844707128814569e-24,9.24054534062399e-14,1.5914003396943571e-16,5.65932353560861e-20,5.258887266569958e-23,3.6290898384603085e-31,2.349181048929293e-19,1.589260131803893e-22,3.2492388669704634e-23
TCN,42,2582,15,1,class_1,1,class_1,1,1.0,0.0,1.0,0.0,0.0,0.0,2.584842994564958e-38,0.0,0.0,0.0,2.3265043740968132e-39,1.401298464324817e-45,0.0
TCN,42,2583,15,1,class_1,1,class_1,1,1.0,1.2293201453109439e-33,1.0,2.5241497851681605e-28,2.6277947884609534e-29,7.058371871584388e-18,2.371077657116914e-18,1.5433728344764377e-25,4.653178879841186e-25,1.62454983802008e-35,1.5792830734585391e-21,6.884433000251623e-25,9.031775465209651e-29
TCN,42,2584,15,1,class_1,1,class_1,1,1.0,2.0414970820347173e-39,1.0,4.761748107726768e-39,1.1264953783542286e-35,1.3081503631911203e-18,7.37044182231117e-24,6.695349804267437e-37,7.263171127154636e-34,0.0,7.269480216662928e-22,5.567069775437824e-31,1.7399721334225493e-34
TCN,42,2585,15,1,class_1,1,class_1,1,1.0,1.1552304539893792e-41,1.0,5.6009756463308654e-33,2.5607893140612523e-37,1.1687167581771069e-23,6.258015133327541e-21,7.18281862664187e-36,1.5246034588696084e-29,1.0257504758857661e-42,9.976363950542129e-26,6.521245134384467e-29,1.7487157910117516e-34
TCN,42,2586,15,1,class_1,1,class_1,1,0.9876760244369507,5.685720023090236e-23,0.9876760244369507,1.0985268476366606e-27,8.908758452815594e-24,0.012323988601565361,3.2887337961458893e-16,3.573756048539214e-24,6.264218723653285e-25,6.720537957617228e-29,6.751051384590312e-10,2.104412101820258e-20,2.7533584564797292e-24
TCN,42,2587,15,1,class_1,1,class_1,1,1.0,2.314484035869835e-39,1.0,5.558624083626036e-31,3.874994960453308e-25,1.5492467317779965e-19,2.422159720862509e-21,9.723775934615381e-23,1.5729170967132636e-27,1.373847027408694e-40,8.301274813505713e-23,1.0399385992346149e-30,7.314800373474302e-28
TCN,42,2588,15,1,class_1,1,class_1,1,1.0,2.4695363096489116e-40,1.0,2.5152583691999612e-36,1.8834572763769127e-32,1.1194644326634684e-22,7.608384832747717e-23,1.1294902917261997e-35,2.3623611675029047e-29,3.3350903450930646e-43,6.731580451635218e-24,1.6175123656874146e-28,1.3788305172715942e-30
TCN,42,2589,15,1,class_1,1,class_1,1,1.0,3.362275535300966e-40,1.0,2.9244366239517906e-36,1.3109987912837259e-39,1.5572746165580517e-20,3.2260722436164314e-21,1.4012817608471223e-37,5.538861365410277e-36,4.203895392974451e-45,1.5727543556329628e-28,4.2491343676821876e-32,4.1487456664047294e-37
TCN,42,2590,15,1,class_1,1,class_1,1,0.999976396560669,1.9216312440994603e-23,0.999976396560669,1.2232163182195678e-23,1.0594363849456668e-18,2.359362224524375e-05,4.808202006846823e-15,9.030583533636599e-17,3.893267118803432e-22,1.3449868892840302e-26,2.3058175160906025e-11,1.5314635118308428e-21,1.1791166241319895e-19
TCN,42,2591,15,1,class_1,1,class_1,1,1.0,0.0,1.0,0.0,0.0,4.8905316404936116e-43,1.1795396326815656e-35,0.0,1.5414283107572988e-43,0.0,0.0,0.0,0.0
TCN,42,2592,15,1,class_1,1,class_1,1,1.0,0.0,1.0,3.923635700109488e-44,8.912258233105837e-43,6.792918101857034e-33,1.5492285435832894e-27,2.802596928649634e-45,8.033589206328602e-34,0.0,1.3994576160646116e-33,3.1204788979242344e-35,4.451852073380106e-38
TCN,42,2593,15,1,class_1,1,class_1,1,1.0,1.7382260434829608e-28,1.0,6.348299634644032e-29,2.1555986309993692e-26,4.644147913457353e-12,6.04218421137575e-18,1.0322583168930053e-24,3.235136075162704e-25,1.3262598767124955e-32,1.2369407624006913e-18,9.172813011650446e-22,4.170841650627619e-26
TCN,42,2594,15,1,class_1,1,class_1,1,1.0,1.5570449032995658e-25,1.0,1.7705727870486578e-25,8.438400138077566e-24,3.057236952486164e-08,8.203503252136174e-14,2.808873927373152e-22,2.20593049811718e-22,7.318962115491128e-27,1.2833453782090318e-14,9.770012194598572e-19,2.3418006333113653e-18
TCN,42,2595,15,1,class_1,1,class_1,1,1.0,9.345696663703074e-39,1.0,1.871009333031132e-34,2.9246149139580036e-36,5.294982827911358e-22,3.923676434929705e-19,1.030630940598092e-36,3.9120587412314943e-29,8.267660939516421e-44,6.387011135830564e-24,6.502089955528213e-30,5.274508355341876e-34
TCN,42,2596,15,1,class_1,1,class_1,1,1.0,7.672050555915417e-27,1.0,2.2802337236436315e-26,9.171559580943898e-28,1.3706789643455706e-14,1.0858991500557692e-16,7.194176492162412e-27,2.657928106840625e-22,1.6853103885140285e-30,4.341622881107076e-19,5.394216414435398e-19,1.327757211852751e-26
TCN,42,2597,15,1,class_1,1,class_1,1,1.0,5.6193007510267805e-31,1.0,1.4308522225165002e-27,1.325495245651667e-26,4.4588963597769204e-12,1.7467106465416806e-17,7.082733206124394e-24,2.0139658969635275e-26,2.6483013156229126e-31,2.792224671879406e-18,7.083791068598296e-23,1.0058949798709717e-24
TCN,42,2598,15,1,class_1,1,class_1,1,0.9999722242355347,5.849048374410642e-17,0.9999722242355347,8.73885628761548e-18,6.746615419106483e-12,2.775596294668503e-05,7.126937234813724e-11,4.276575968353846e-11,5.379731770534268e-16,3.7940419818001018e-19,5.258558477549968e-09,5.0380859016986926e-15,2.0565714409226388e-10
TCN,42,2599,15,1,class_1,1,class_1,1,1.0,6.656167705542881e-43,1.0,4.609305051688264e-40,9.80908925027372e-45,2.5097504929017516e-26,6.990987578441923e-23,1.401298464324817e-45,1.5550500891012806e-33,0.0,2.5056512205291573e-30,1.54807927535779e-31,9.593709676306995e-41
TCN,42,2600,15,2,class_2,2,class_2,1,1.0,1.5714160978938499e-41,0.0,1.0,0.0,0.0,0.0,0.0,8.407790785948902e-44,3.5620960249216345e-27,0.0,0.0,0.0
TCN,42,2601,15,2,class_2,0,class_0,0,1.0,1.0,8.264000416292874e-21,3.916354351929385e-09,4.567615862286923e-19,1.8160067924596366e-18,1.0965204427700676e-19,1.2543285190049414e-23,5.732597471015793e-25,6.779273670209918e-11,4.08741153640217e-25,2.775186411276594e-22,1.1276599275404712e-21
TCN,42,2602,15,2,class_2,2,class_2,1,0.9994285702705383,0.000571411510463804,5.378191341030832e-20,0.9994285702705383,1.3126520405576728e-15,7.6179764978309905e-22,4.51384644867427e-22,2.2951127759306766e-20,4.168135237776647e-21,5.098315661720867e-16,5.309141530741364e-38,6.798091093969226e-30,5.58702169586389e-26
TCN,42,2603,15,2,class_2,0,class_0,0,1.0,1.0,0.0,4.495132226335407e-29,9.444838642157932e-37,2.7398106356084376e-30,3.8390953637567716e-39,7.231400725148218e-41,0.0,6.116194350875631e-22,0.0,0.0,5.6496262290060796e-39
TCN,42,2604,15,2,class_2,2,class_2,1,0.7955893278121948,0.20440727472305298,1.2448662113329059e-23,0.7955893278121948,2.773738865399465e-20,1.3337195593924745e-22,1.813788373220539e-21,3.381917883053222e-26,2.4285975326684834e-22,3.3953117508644937e-06,8.20491727837221e-35,1.28807654073293e-24,1.576755366218529e-20
TCN,42,2605,15,2,class_2,0,class_0,0,0.9995892643928528,0.9995892643928528,2.8749951190603465e-29,1.3394412690104218e-06,2.9798715330706314e-26,3.1812800481251998e-25,4.547407620808248e-24,6.367953147873396e-29,1.3777045871792806e-26,0.00040942602208815515,4.630586325285851e-34,2.3753699636272966e-27,1.5832515281723966e-24
TCN,42,2606,15,2,class_2,0,class_0,0,1.0,1.0,0.0,2.8335464793794926e-18,1.0369608636003646e-43,5.79380582800046e-39,9.648541083917561e-39,0.0,0.0,9.465503400074397e-15,0.0,0.0,4.428103147266422e-43
TCN,42,2607,15,2,class_2,0,class_0,0,0.9946174025535583,0.9946174025535583,8.22948887225366e-30,0.005381500348448753,2.75537077131547e-27,2.227854515094923e-27,2.4108824323908857e-25,5.638749973623547e-34,1.0359451985412556e-28,1.0338161473555374e-06,4.2249148699393235e-42,3.329927758094116e-29,1.6077093100481106e-26
TCN,42,2608,15,2,class_2,2,class_2,1,1.0,0.0,0.0,1.0,0.0,0.0,0.0,0.0,0.0,3.0099176351480265e-39,0.0,0.0,0.0
TCN,42,2609,15,2,class_2,2,class_2,1,1.0,9.113383135484414e-29,1.4651028684975419e-34,1.0,1.6815581571897805e-44,0.0,2.2625672818917533e-33,0.0,3.8936152503872915e-35,4.5127493743899604e-26,0.0,0.0,0.0
TCN,42,2610,15,2,class_2,2,class_2,1,1.0,6.478903449805792e-41,0.0,1.0,0.0,0.0,0.0,0.0,1.2471556332490872e-43,4.3504972455535934e-32,0.0,0.0,0.0
TCN,42,2611,15,2,class_2,2,class_2,1,1.0,1.6474770090831209e-37,2.6372437098593057e-42,1.0,0.0,0.0,3.933262620559399e-40,0.0,2.623225680541586e-38,1.526891584014162e-28,0.0,0.0,0.0
TCN,42,2612,15,2,class_2,2,class_2,1,1.0,0.0,0.0,1.0,0.0,0.0,0.0,0.0,0.0,9.70125518560047e-37,0.0,0.0,0.0
TCN,42,2613,15,2,class_2,2,class_2,1,1.0,2.6236476197788306e-22,1.5302179230427002e-42,1.0,0.0,0.0,4.5892705687137024e-35,0.0,3.060139758114294e-32,1.0687523773475745e-19,0.0,1.2680639872457385e-38,0.0
TCN,42,2614,15,2,class_2,2,class_2,1,1.0,0.0,0.0,1.0,0.0,0.0,0.0,0.0,0.0,6.880375459834852e-43,0.0,0.0,0.0
TCN,42,2615,15,2,class_2,2,class_2,1,1.0,7.939623471042856e-36,1.2968243770573875e-37,1.0,0.0,0.0,3.0040536900270977e-33,0.0,7.140793326964362e-38,1.088703136022545e-31,0.0,0.0,0.0
TCN,42,2616,15,2,class_2,2,class_2,1,1.0,2.3466290029184148e-26,1.0880942445635772e-40,1.0,0.0,0.0,1.0695709846311146e-36,0.0,7.285464781594164e-31,3.446125453822601e-24,0.0,1.4306212512621382e-37,0.0
TCN,42,2617,15,2,class_2,2,class_2,1,1.0,1.3295323647728859e-39,0.0,1.0,0.0,0.0,0.0,0.0,7.484194968112415e-41,1.519541970531013e-27,0.0,0.0,0.0
TCN,42,2618,15,2,class_2,2,class_2,1,1.0,0.0,0.0,1.0,0.0,0.0,0.0,0.0,0.0,1.723597111119525e-43,0.0,0.0,0.0
TCN,42,2619,15,2,class_2,2,class_2,1,1.0,3.754144556191741e-23,3.44719422223905e-42,1.0,0.0,0.0,7.453231316725309e-38,0.0,7.218283773342533e-35,1.0221102721575838e-23,0.0,1.401298464324817e-45,0.0
TCN,42,2620,15,2,class_2,8,class_8,0,0.9999997615814209,1.8779762456233584e-07,2.3791178064980457e-37,3.440848717062295e-10,2.4867129553883212e-36,9.076716235174828e-35,1.7833333690810758e-28,6.609971099069485e-39,1.2377182343563982e-27,0.9999997615814209,6.883458316456366e-41,1.0403580448449752e-24,1.635294324245796e-19
TCN,42,2621,15,2,class_2,2,class_2,1,1.0,4.370265786962572e-21,1.279665757621423e-41,1.0,9.80908925027372e-45,0.0,3.379990414175329e-37,0.0,2.223370881941065e-34,8.452525246567533e-13,0.0,3.0828566215145976e-44,5.605193857299268e-45
TCN,42,2622,15,2,class_2,2,class_2,1,1.0,2.328279574410029e-25,1.098702073938516e-40,1.0,0.0,0.0,1.9530861208403843e-30,0.0,5.908766995314677e-35,5.538027471473969e-17,0.0,1.401298464324817e-45,3.363116314379561e-44
TCN,42,2623,15,2,class_2,8,class_8,0,0.926793098449707,0.07320689409971237,9.15468286743403e-42,5.5460275044313945e-14,1.127766639908388e-34,4.7925315285270274e-26,3.219380835770809e-27,7.850013550737068e-36,2.9580374024607246e-34,0.926793098449707,2.6928243396546575e-31,2.064612887106288e-31,3.855894123443772e-24
TCN,42,2624,15,2,class_2,2,class_2,1,0.7841171622276306,0.21266162395477295,4.710228314430638e-25,0.7841171622276306,2.1748594758710587e-22,7.179454021763913e-23,7.938935096301853e-22,1.894880101823825e-27,2.4773627176404863e-21,0.0032212035730481148,1.4487725428174836e-32,2.134121739470585e-21,9.608068842224471e-19
TCN,42,2625,15,2,class_2,8,class_8,0,1.0,3.1483149420807877e-12,4.572156629399013e-40,4.3211254886765804e-12,1.9334634164082098e-38,4.218770173106097e-32,1.0008472994991496e-30,1.726539837894607e-41,4.0680662137325134e-30,1.0,8.957712171751205e-33,2.727903543634608e-28,2.898055070804667e-25
TCN,42,2626,15,2,class_2,8,class_8,0,0.9999998807907104,8.93453346861861e-08,2.2352448116076595e-39,4.0414560587009873e-10,1.3114014146005732e-35,7.854626215824456e-32,2.8389399049420946e-29,2.5483327235963604e-39,1.0511228505798638e-28,0.9999998807907104,4.201869301039058e-34,1.837361722552214e-28,2.355017068159409e-23
TCN,42,2627,15,2,class_2,8,class_8,0,0.9996993541717529,2.230167638117564e-06,1.9969743433925386e-35,0.00029844994423910975,9.517410215241806e-34,6.1434555628494e-32,4.236786046591262e-25,2.2035936271420163e-37,4.1426515829200295e-26,0.9996993541717529,6.659811081550126e-41,1.325696273015556e-29,1.5352425973289584e-23
TCN,42,2628,15,2,class_2,8,class_8,0,1.0,3.5164335636037047e-13,2.382207389352189e-43,1.456974935121723e-14,3.703491711364059e-41,2.221997482096022e-34,6.84588146920127e-33,2.536350220427919e-43,2.984615891766053e-31,1.0,4.7938397154120194e-33,3.957159356167459e-30,7.846262474964909e-27
TCN,42,2629,15,2,class_2,8,class_8,0,0.9996594190597534,0.0003405312600079924,1.6815581571897805e-44,1.5069447911741918e-08,5.54135069926463e-40,8.902055883454535e-37,1.8391782776255587e-33,1.1210387714598537e-44,1.548902299564228e-34,0.9996594190597534,3.6433760072445244e-44,2.862690346518392e-35,2.31948082479214e-27
TCN,42,2630,15,2,class_2,8,class_8,0,0.9933254718780518,0.0010915014427155256,3.148706255715394e-26,0.00558299757540226,6.750370865962093e-22,4.6170154449075016e-23,5.857914474748051e-22,5.005467273559138e-26,4.5417156094616663e-20,0.9933254718780518,2.0819370106374073e-27,1.7710793175941286e-21,8.459877218322783e-17
TCN,42,2631,15,2,class_2,8,class_8,0,0.9999988079071045,2.96381784892219e-07,2.3612285500427822e-39,9.536295806356065e-07,1.4066189143341655e-38,4.256258486207629e-36,5.786851815032536e-28,9.528829557408756e-44,4.4980773945175505e-29,0.9999988079071045,1.401298464324817e-45,5.063115147545384e-29,1.283656931734211e-22
TCN,42,2632,15,2,class_2,8,class_8,0,0.7565573453903198,0.21349899470806122,8.097882516011766e-21,0.02994360402226448,2.6650811387476566e-17,1.9677472855682017e-18,2.3174320992607063e-18,1.549517891922549e-19,5.139139473404972e-16,0.7565573453903198,3.3273456260270787e-22,8.954491726755244e-19,3.639959766433588e-15
TCN,42,2633,15,2,class_2,2,class_2,1,1.0,2.545386205774342e-26,0.0,1.0,0.0,0.0,1.401298464324817e-45,0.0,3.4235024578923226e-36,3.667026149400954e-08,0.0,0.0,2.175095476324981e-41
TCN,42,2634,15,2,class_2,2,class_2,1,1.0,1.341473712348013e-32,0.0,1.0,0.0,0.0,3.140253806613342e-40,0.0,1.6000866644739356e-40,1.9465832331943896e-32,0.0,0.0,0.0
TCN,42,2635,15,2,class_2,8,class_8,0,1.0,2.634469655230995e-14,0.0,2.3826318522324197e-12,0.0,0.0,2.681453443266105e-37,0.0,1.1546834767520085e-36,1.0,0.0,3.800010055519743e-36,1.1175387324385055e-32
TCN,42,2636,15,2,class_2,8,class_8,0,0.9996660947799683,1.9321755306833666e-09,1.2698611271279807e-32,0.00033391453325748444,2.5893613413333267e-40,4.162839123336416e-33,7.622742645150538e-17,1.1070257868166055e-43,1.3067365031040606e-25,0.9996660947799683,9.955328758010657e-40,2.2211119884340188e-26,3.496961777324044e-21
TCN,42,2637,15,2,class_2,8,class_8,0,0.99991774559021,4.459982676507934e-07,3.0663249522489314e-33,8.181288285413757e-05,6.819961965702433e-32,4.4416657779718716e-30,2.358753428950898e-22,1.0983182105328858e-34,1.4259154688796457e-23,0.99991774559021,8.07435977573809e-37,9.058583451885374e-25,1.012759471552223e-21
TCN,42,2638,15,2,class_2,2,class_2,1,1.0,3.100608440305199e-17,6.351034852832275e-37,1.0,0.0,5.0516809638909655e-42,3.875562555735376e-22,0.0,2.013340531862404e-29,2.2588534876941384e-15,0.0,3.305985375989038e-40,1.4660182746787373e-36
TCN,42,2639,15,2,class_2,2,class_2,1,1.0,2.7462123627545584e-24,1.1036239274022843e-36,1.0,1.401298464324817e-44,0.0,3.057542282353214e-29,0.0,2.874537722453498e-32,5.683541445239602e-17,0.0,1.5890724585443426e-42,6.553900943616456e-40
TCN,42,2640,15,3,class_3,3,class_3,1,1.0,0.0,0.0,0.0,1.0,1.401298464324817e-45,0.0,0.0,0.0,0.0,0.0,0.0,1.3604366011051054e-40
TCN,42,2641,15,3,class_3,3,class_3,1,1.0,5.126953393707129e-27,2.7864462287471414e-26,8.023963612291764e-36,1.0,2.757327462212929e-25,5.933097697951275e-42,1.3142141846499798e-23,1.4240778286679186e-35,7.519608089645773e-36,5.814293427845137e-29,1.1678421401683025e-41,5.427990665378278e-25
TCN,42,2642,15,3,class_3,3,class_3,1,1.0,1.8924910187656322e-37,2.4004116577022327e-39,0.0,1.0,1.307324474606389e-37,0.0,7.909204868706432e-38,0.0,0.0,5.885453550164232e-44,0.0,1.321524133233979e-30
TCN,42,2643,15,3,class_3,3,class_3,1,1.0,7.255810965059308e-25,1.7451410661594824e-22,8.306499174718403e-31,1.0,7.541293159391756e-22,4.293182454114058e-36,6.951738656072429e-22,7.005946692012698e-28,2.07420797729431e-31,4.681334366844919e-22,2.487721883107987e-34,4.970214473030385e-21
TCN,42,2644,15,3,class_3,3,class_3,1,1.0,2.1005183720536143e-40,0.0,0.0,1.0,3.200565692517882e-42,0.0,4.344025239406933e-43,0.0,0.0,0.0,0.0,1.3099873201512954e-34
TCN,42,2645,15,3,class_3,3,class_3,1,1.0,2.847449397215706e-25,2.541363684456889e-23,8.467765391644506e-34,1.0,1.3465093612488228e-23,3.37711472551878e-38,3.2977043479073547e-21,1.5512530219429338e-32,1.6959813925183108e-33,1.009900193087126e-26,2.1166684769848042e-38,1.0196539896461099e-21
TCN,42,2646,15,3,class_3,3,class_3,1,1.0,3.538016122826961e-28,8.63306377459912e-34,1.1436038806308762e-39,1.0,2.8873234781168553e-29,0.0,4.324433793320523e-26,2.7031233469261784e-37,6.096410626177547e-39,1.511880598600872e-35,0.0,2.4111450753092617e-27
TCN,42,2647,15,3,class_3,3,class_3,1,1.0,5.87386638918142e-27,2.676525849780009e-23,7.685556553118816e-34,1.0,3.7384815651463965e-23,2.5854346227765957e-38,3.0150200688674654e-24,8.198172668312725e-32,1.518529132660163e-33,4.172403656849715e-25,1.400074289986383e-37,5.764135952512825e-23
TCN,42,2648,15,3,class_3,3,class_3,1,1.0,7.092353247209934e-33,8.929298022432026e-39,0.0,1.0,1.0525562384142482e-34,0.0,8.220497216213161e-33,1.1350517561031018e-43,1.6608021243362013e-39,4.5790482152465626e-39,0.0,1.170832530456564e-22
TCN,42,2649,15,3,class_3,3,class_3,1,1.0,2.029767614149157e-20,1.2857343140977156e-25,2.2027501653476885e-31,1.0,9.624625282237375e-21,7.383736038150397e-36,6.365573573780653e-19,3.3159695808221695e-29,7.028140530912833e-27,1.6094133728629045e-27,1.4123059529900915e-35,6.295739801823568e-17
TCN,42,2650,15,3,class_3,3,class_3,1,1.0,3.4205464524185436e-13,5.060216847672308e-17,3.611889314591624e-19,1.0,2.0299210649519193e-14,1.409591096851364e-23,2.859182890446732e-10,4.490791338818969e-16,4.1580048117446724e-19,4.786551090326284e-17,1.036362795681611e-22,1.577502885263815e-11
TCN,42,2651,15,3,class_3,3,class_3,1,1.0,1.556182673316523e-34,5.885453550164232e-43,0.0,1.0,1.0377400303880801e-36,0.0,6.930159446428858e-37,0.0,0.0,0.0,0.0,3.093213173295442e-32
TCN,42,2652,15,3,class_3,6,class_6,0,0.9999998807907104,2.906871010566192e-08,4.274726204166402e-16,1.571552458480563e-12,1.6036261740737245e-07,2.1173966985137127e-14,3.5011571126417366e-15,0.9999998807907104,1.583575715002894e-09,2.224040396292537e-12,7.626659246089303e-16,1.808947426316956e-18,1.1120233622818887e-09
TCN,42,2653,15,3,class_3,3,class_3,1,1.0,1.8446763049295108e-39,1.2157545180591724e-32,0.0,1.0,1.5977987778788562e-32,0.0,2.0666349751862402e-41,0.0,0.0,3.2299929602687033e-41,0.0,3.0234238165477335e-34
TCN,42,2654,15,3,class_3,3,class_3,1,1.0,1.2064376727504057e-22,3.2896404934790054e-27,2.7067520669209403e-32,1.0,2.0169421828772648e-25,1.7556027680447038e-39,3.758836334824535e-20,4.008932107160734e-34,6.379618202595941e-36,3.3218483122654147e-34,9.178504941327552e-43,1.4384944673805963e-24
TCN,42,2655,15,3,class_3,3,class_3,1,0.9999496936798096,6.75018153934484e-20,5.027899533160962e-05,4.081610697039434e-26,0.9999496936798096,2.7028416837993063e-08,9.013628201606046e-22,2.785289705429047e-16,2.0522687916975008e-26,2.2481496849871806e-30,2.3495216883162584e-10,2.5732408042190102e-24,1.2319804446105463e-19
TCN,42,2656,15,3,class_3,3,class_3,1,1.0,8.770483899653278e-27,6.650372718624555e-29,2.468913908922997e-37,1.0,2.2363605772873036e-26,1.6255062186167878e-43,1.7008345247987257e-25,4.2114937040843044e-36,4.63402401489297e-35,3.2637956237621936e-32,9.248569864543793e-44,8.895374165381071e-23
TCN,42,2657,15,3,class_3,3,class_3,1,1.0,8.662163409942014e-18,8.290383799848232e-24,6.972496501329839e-25,1.0,1.7497023533146014e-20,4.555318319976746e-32,3.453468251386066e-13,2.1759174014538325e-23,4.3879594369781694e-27,7.784615491227095e-25,3.540547254627276e-32,1.082073671333283e-17
TCN,42,2658,15,3,class_3,3,class_3,1,0.8626718521118164,1.570315736167463e-14,0.13695384562015533,1.5988099258365866e-17,0.8626718521118164,5.19156810696586e-06,2.5383849481998982e-14,6.9331259483496055e-12,1.3466416992557545e-16,1.3885640220444726e-21,0.0003691466699820012,1.8048823679649335e-15,2.23078893140001e-13
TCN,42,2659,15,3,class_3,3,class_3,1,1.0,3.5270682347055646e-42,1.401298464324817e-45,0.0,1.0,1.191411980338246e-40,0.0,4.5842077961922066e-41,0.0,0.0,0.0,0.0,1.7982223279355825e-32
TCN,42,2660,15,3,class_3,3,class_3,1,1.0,1.3667205346128177e-34,2.416580845610077e-32,1.401298464324817e-45,1.0,3.5249565555028847e-31,0.0,4.125410740357761e-34,0.0,0.0,7.006492321624085e-45,0.0,1.0358842721988548e-30
TCN,42,2661,15,3,class_3,3,class_3,1,1.0,0.0,0.0,0.0,1.0,0.0,0.0,0.0,0.0,0.0,0.0,0.0,0.0
TCN,42,2662,15,3,class_3,3,class_3,1,1.0,4.8412370435367156e-32,5.9299731889099995e-34,3.126296873908667e-42,1.0,3.272126387491302e-30,0.0,5.355695672657142e-32,1.1578929210715963e-41,3.31168866073884e-40,2.0989879299228173e-37,0.0,7.078316398567965e-28
TCN,42,2663,15,3,class_3,3,class_3,1,1.0,7.252208309848812e-19,1.8563630927767662e-20,2.035827537600159e-24,1.0,1.0119945782860301e-18,3.0725215034222395e-28,2.12571041498244e-12,1.795354645191859e-20,2.5523910132787925e-23,1.1921139781955095e-22,4.916847629394601e-28,2.342323587151661e-14
TCN,42,2664,15,3,class_3,3,class_3,1,1.0,2.381120097106457e-26,3.214777399439793e-24,1.9199037020680843e-30,1.0,1.0151674032010942e-21,8.074866373158912e-38,1.2401846626483302e-21,1.8493385666196202e-34,1.4996458146252236e-35,6.452763979128444e-32,3.0767049212562116e-40,6.590123202172933e-27
TCN,42,2665,15,3,class_3,3,class_3,1,1.0,1.9885186050713446e-29,1.4327803672803235e-27,6.144842191597664e-37,1.0,1.1704830177438967e-24,4.1856785129382286e-42,8.290063325105486e-25,1.6224156867001888e-32,2.3834108562211692e-33,1.6764673561017756e-31,2.812406017899908e-41,2.9236809903081575e-19
TCN,42,2666,15,3,class_3,3,class_3,1,1.0,2.5957539345705336e-29,1.7695117691311355e-26,4.525798809927217e-34,1.0,1.461944738294875e-24,6.098450916741604e-42,1.1335577453213755e-25,9.094721306145571e-39,1.8360073121098118e-38,5.170157632561844e-36,1.401298464324817e-45,3.439997603496074e-28
TCN,42,2667,15,3,class_3,3,class_3,1,1.0,8.606184218415344e-30,9.35207215935285e-33,1.1783518786507387e-41,1.0,1.0508750074701455e-27,0.0,1.6325975248934238e-32,4.2432718798219786e-41,1.8859698017073977e-36,6.209859570483081e-36,0.0,1.9008085456009563e-25
TCN,42,2668,15,3,class_3,3,class_3,1,1.0,2.24688037025912e-24,1.7501526048270428e-24,1.696389840071023e-32,1.0,2.7367298839091764e-22,1.3754745739178747e-36,1.633678963294102e-20,3.1666214775400277e-28,4.596362414404492e-29,4.053586605974452e-28,6.030661253815918e-36,2.380179734201766e-15
TCN,42,2669,15,3,class_3,3,class_3,1,1.0,4.207743146289419e-25,1.6113342269804047e-22,7.362801025132502e-31,1.0,1.3622368180073417e-22,3.4837877975987546e-36,2.164619864421608e-20,1.3654697351551458e-34,2.008626155638576e-33,1.9254843144788391e-31,2.45934886981327e-40,9.631887523109065e-23
TCN,42,2670,15,3,class_3,3,class_3,1,1.0,4.012266356796607e-27,1.990452735264323e-30,6.937059103755562e-38,1.0,1.5765531869666485e-25,4.0637655465419695e-44,3.124626584732314e-26,2.4654072350740375e-34,4.0337389868894194e-33,4.4781641605133496e-32,1.0383621620646894e-42,7.615302600150202e-21
TCN,42,2671,15,3,class_3,3,class_3,1,1.0,1.307238465158814e-24,5.299068649122664e-28,6.711107896513752e-35,1.0,6.513902567878985e-24,1.3846230125993517e-41,5.462909593347886e-25,2.176321261371922e-33,4.137077429954176e-32,2.749820581262752e-30,7.41328926581758e-41,5.427005074396208e-22
TCN,42,2672,15,3,class_3,3,class_3,1,1.0,1.5403520178576387e-22,2.404221750286148e-18,1.5066458172342434e-29,1.0,3.0145000965912866e-18,3.5953423360436813e-32,8.574749444349247e-17,1.0837682715983822e-23,1.6341779430528077e-27,4.872897207107275e-19,3.156439311618968e-30,1.2889532445396236e-14
TCN,42,2673,15,3,class_3,3,class_3,1,1.0,5.92243547129495e-22,2.813533431931377e-26,1.0788247489409098e-34,1.0,1.8582822487331173e-21,2.0704141370146778e-38,2.2913460534606677e-23,3.826242193450208e-33,5.937434981076827e-29,9.129319603921111e-29,2.4351739489664313e-38,2.5018937894503377e-18
TCN,42,2674,15,3,class_3,3,class_3,1,1.0,2.896178759021048e-16,3.9373475856634462e-28,1.4234275989168089e-33,1.0,2.4566517745040154e-16,8.221036937011405e-39,3.478913649554546e-21,4.869846950547448e-35,2.02947200070597e-29,5.371548653685846e-26,1.821219129156099e-38,8.904666828515439e-25
TCN,42,2675,15,3,class_3,3,class_3,1,1.0,4.3939692774942614e-21,1.0635154511481906e-24,6.8276623940958e-30,1.0,2.0851677125574692e-20,5.561794123730555e-35,1.0497934623313445e-19,1.1609965616836977e-26,1.330861471959433e-25,5.603266782440816e-24,2.768329787475789e-33,1.4907972571671186e-15
TCN,42,2676,15,3,class_3,3,class_3,1,1.0,1.055941121049873e-29,1.4359681943599794e-30,3.2767633255957205e-36,1.0,1.1318756727746866e-27,1.4433374182545616e-43,2.4461975558893798e-23,2.1821997616835905e-32,6.394898194227003e-35,2.582781200073757e-32,6.782284567332115e-43,5.132719314634934e-22
TCN,42,2677,15,3,class_3,3,class_3,1,1.0,3.332589373528954e-32,3.2250610983171464e-30,4.144045935563138e-40,1.0,3.8103953874437923e-25,0.0,9.159208983415062e-30,3.6433760072445244e-44,2.634441112930656e-43,7.84435669941318e-40,0.0,4.972519191372426e-32
TCN,42,2678,15,3,class_3,3,class_3,1,0.9999997615814209,6.435939021304238e-12,1.9064083193579852e-16,4.7689414904198265e-18,0.9999997615814209,2.646465824263089e-10,5.6976822593699095e-21,2.511277727990091e-07,4.743472913687952e-16,6.872173102108395e-19,2.2892481532756157e-16,3.041162540613255e-22,7.328847272981831e-13
TCN,42,2679,15,3,class_3,3,class_3,1,1.0,2.4820126640273443e-36,1.25527529934939e-32,1.4979880583632294e-42,1.0,1.5947662963273224e-32,0.0,3.893917514898264e-25,5.663831359694756e-37,8.421324526517352e-39,5.2564372941996435e-39,0.0,3.9380223155349175e-21
TCN,42,2680,15,4,class_4,4,class_4,1,1.0,8.285401291261983e-21,6.165401076284644e-25,5.727117473563856e-38,8.423763552420557e-32,1.0,5.189544105800796e-35,2.3538365203804343e-34,2.2049431336150997e-41,4.0436473757092943e-32,2.2742388044685395e-27,2.461814594591096e-36,3.6442868512463355e-40
TCN,42,2681,15,4,class_4,1,class_1,0,1.0,5.472959352409526e-34,1.0,2.6523823993927415e-26,8.312802763174687e-32,3.105297429412742e-16,1.8321639045694818e-18,6.094309871359939e-27,1.3086870014145247e-29,4.23159132844663e-36,4.3742072186544757e-26,4.76083257053516e-27,2.3520820054303878e-30
TCN,42,2682,15,4,class_4,4,class_4,1,1.0,4.1777243219190844e-17,3.3073243914728328e-24,7.405947956702457e-33,7.614478309924006e-24,1.0,4.968379255434084e-27,9.438516120172115e-26,8.606466378201843e-33,2.81708681119737e-27,2.6023510535206365e-26,1.575853635703417e-35,2.1575098546630718e-31
TCN,42,2683,15,4,class_4,4,class_4,1,1.0,1.088017989738436e-16,3.53529174363436e-20,2.0497791264102106e-29,4.5309419858799466e-21,1.0,1.648620670757067e-30,4.558648901329422e-20,3.725401523066683e-29,3.037298141780392e-25,1.7507190810720513e-18,2.3725484341290518e-29,9.99088148693257e-32
TCN,42,2684,15,4,class_4,4,class_4,1,1.0,5.779613730196443e-31,1.9295725528830222e-16,0.0,6.6141287516131366e-43,1.0,1.3141773376223778e-33,1.9833588342560993e-37,4.786835554133575e-42,4.203895392974451e-45,3.9563634957105967e-28,5.605193857299268e-45,0.0
TCN,42,2685,15,4,class_4,4,class_4,1,1.0,9.74676851632106e-22,1.4675990629148527e-17,3.698179798109797e-33,5.6019302810447925e-28,1.0,2.472882763847443e-29,6.510713258705959e-27,2.9001539484098235e-34,2.792025248316031e-31,5.593872632350992e-23,1.6432587238054523e-30,8.849078281608394e-37
TCN,42,2686,15,4,class_4,4,class_4,1,1.0,3.209287730521601e-17,4.885463700254888e-10,9.13165720139111e-28,1.6287735244398054e-15,1.0,1.913559724077967e-20,3.334186365264246e-20,1.6379297701402707e-26,2.23113591453417e-27,1.1317211137372616e-18,1.755762416591199e-25,3.5867114125780456e-25
TCN,42,2687,15,4,class_4,4,class_4,1,1.0,2.449633947819799e-38,7.192079675138064e-15,0.0,0.0,1.0,3.133303366230291e-42,0.0,0.0,0.0,1.5390785075903798e-28,0.0,0.0
TCN,42,2688,15,4,class_4,4,class_4,1,1.0,1.9164285171029104e-22,1.2181020636603535e-08,7.972364435299427e-30,2.389885666803264e-24,1.0,1.3155188343694705e-22,6.686769996775044e-23,9.990314898655474e-31,6.190058835723908e-30,1.818599590089684e-18,5.343118229921197e-27,3.836493074304138e-30
TCN,42,2689,15,4,class_4,4,class_4,1,1.0,1.545356107153899e-20,1.4874348496821787e-22,2.7200069710673487e-35,4.533251511864057e-24,1.0,8.573959551297792e-33,2.8130826102499946e-26,5.111533223899207e-39,1.5738915737718325e-32,1.404205999511631e-26,2.481406944358349e-36,4.766223238450497e-37
TCN,42,2690,15,4,class_4,4,class_4,1,1.0,4.633200404316889e-32,2.774091742525007e-25,0.0,0.0,1.0,2.1341775611666964e-42,3.885412446473275e-34,0.0,0.0,1.3033707950672044e-37,0.0,0.0
TCN,42,2691,15,4,class_4,1,class_1,0,1.0,4.508730086169624e-23,1.0,5.684315893088105e-19,1.805797646621446e-17,7.530543966183245e-10,3.8363068147542756e-13,1.296405582711102e-12,1.9973770308191704e-20,6.13022330333051e-25,3.416990879156513e-14,2.135962321346679e-18,1.5619321725115116e-21
TCN,42,2692,15,4,class_4,4,class_4,1,1.0,7.874185223596218e-25,5.444685764175525e-17,2.7862499412842066e-37,2.7949633670585526e-33,1.0,6.975474578591643e-33,2.232900192199899e-33,8.475613631622224e-41,2.3843517123142374e-37,7.109005707045787e-27,1.542735029422553e-35,1.6815581571897805e-44
TCN,42,2693,15,4,class_4,4,class_4,1,1.0,5.563417079383124e-24,1.9864475909122015e-30,0.0,9.03094148680152e-38,1.0,1.4772488410912222e-41,4.8063500365477625e-39,0.0,2.7984322696136608e-39,3.082245737533873e-33,3.5032461608120427e-44,0.0
TCN,42,2694,15,4,class_4,4,class_4,1,0.5669017434120178,2.641225952985148e-19,0.43309828639030457,2.2816699277539535e-19,5.985708537771753e-17,0.5669017434120178,1.2399513382201077e-13,2.6873750620659553e-13,2.8457297108134693e-21,3.600518943609742e-24,4.908437805511978e-12,9.268145173350399e-20,9.279854948896852e-20
TCN,42,2695,15,4,class_4,4,class_4,1,1.0,9.782988412248402e-27,1.507261783797238e-28,0.0,4.8293789755104766e-40,1.0,1.1269242250100179e-41,7.111869966141312e-41,0.0,7.071764804092335e-40,8.288393740529297e-31,2.0178697886277366e-43,0.0
TCN,42,2696,15,4,class_4,1,class_1,0,1.0,9.80908925027372e-44,1.0,2.3337530444242358e-36,1.2324139734043901e-40,1.5956417413724473e-18,6.5518073343748545e-24,1.1449337218418306e-35,1.4392699532800738e-37,0.0,2.508049793242123e-31,1.4044313347010323e-33,6.836178506270047e-40
TCN,42,2697,15,4,class_4,4,class_4,1,1.0,3.8452012987283515e-35,3.2047695879108566e-42,0.0,0.0,1.0,0.0,3.164465441479946e-39,0.0,0.0,0.0,0.0,0.0
TCN,42,2698,15,4,class_4,4,class_4,1,0.9999983310699463,1.7313421425784493e-19,1.628408654141822e-06,6.547470571548402e-25,1.6405708964485746e-20,0.9999983310699463,2.3623163668639055e-18,2.0116364548944996e-18,5.978230144714634e-26,2.5406009940121988e-25,6.953926621138624e-15,1.3720862197255692e-22,2.1954883995628803e-25
TCN,42,2699,15,4,class_4,4,class_4,1,1.0,2.1409687996924136e-20,9.324569476496015e-26,1.4528446678156197e-38,1.4207119703981713e-30,1.0,6.173445160436662e-34,3.3698890674268426e-34,1.8904917582206107e-40,4.310326759719469e-30,4.5478657024751484e-26,3.8520258957830735e-36,6.299997432787899e-38
TCN,42,2700,15,4,class_4,4,class_4,1,1.0,1.0560461451105109e-36,6.303637243891851e-35,0.0,0.0,1.0,0.0,0.0,0.0,0.0,6.187335278333727e-40,0.0,0.0
TCN,42,2701,15,4,class_4,4,class_4,1,1.0,2.0191905805088052e-32,2.2873475547965534e-37,0.0,1.8311467682564547e-40,1.0,0.0,3.2675976453379384e-38,0.0,5.605193857299268e-45,3.7754094096168364e-33,0.0,0.0
TCN,42,2702,15,4,class_4,4,class_4,1,1.0,5.482137524461721e-17,4.996619629146726e-21,3.4248336737083195e-29,2.47763521872236e-19,1.0,3.480920774067635e-27,5.83680935319864e-20,1.3795550273372518e-32,2.8997235732489677e-26,2.9842241487985036e-19,1.3865888034969083e-31,6.441839384629947e-26
TCN,42,2703,15,4,class_4,4,class_4,1,1.0,1.6000099958353095e-28,1.0042882271340277e-32,1.401298464324817e-45,1.2375772125237531e-34,1.0,2.214051573633211e-43,4.8311061924109476e-33,0.0,8.5029529646612e-40,1.3077887356514003e-29,0.0,2.3710950925300932e-40
TCN,42,2704,15,4,class_4,4,class_4,1,1.0,4.788705183358156e-25,2.549337518278032e-29,2.45227231256843e-42,4.818411999529059e-31,1.0,1.1879775379320323e-38,4.033896943942811e-31,1.401298464324817e-45,3.3633584587541963e-38,4.309297909887584e-27,2.6288359190733568e-42,1.691486777199061e-38
TCN,42,2705,15,4,class_4,4,class_4,1,1.0,4.733055912721457e-34,8.424573857396428e-38,0.0,3.783505853677006e-44,1.0,0.0,2.467686595676003e-42,0.0,0.0,7.344944437587336e-35,0.0,0.0
TCN,42,2706,15,4,class_4,4,class_4,1,1.0,1.5322880698109904e-29,5.4238136894963325e-31,0.0,2.729471849847001e-38,1.0,1.0425660574576639e-42,2.0298907322156515e-36,0.0,1.6759529633324812e-42,1.505354029816701e-28,0.0,1.401298464324817e-45
TCN,42,2707,15,4,class_4,4,class_4,1,1.0,2.5470122440826336e-23,2.775912778620903e-25,8.755054966184021e-39,6.44265837174386e-31,1.0,3.564549885769632e-38,5.266856511599397e-31,1.2611686178923354e-44,3.2819531073258676e-37,5.05287281135989e-30,9.30994673728122e-41,0.0
TCN,42,2708,15,4,class_4,4,class_4,1,1.0,9.193521203635898e-21,2.040642555239011e-22,2.2932959826997044e-38,2.3055202593670626e-26,1.0,1.6668055859967032e-32,4.028993157669373e-30,1.0299543712787405e-42,2.924962274547573e-35,1.6030479432851113e-26,1.872313217710372e-37,1.2452950676208707e-36
TCN,42,2709,15,4,class_4,4,class_4,1,1.0,3.4337677650810296e-37,2.14398665041697e-43,0.0,0.0,1.0,0.0,0.0,0.0,0.0,2.802596928649634e-45,0.0,0.0
TCN,42,2710,15,4,class_4,4,class_4,1,1.0,1.6655924849399533e-16,1.0431828817908618e-26,2.800174924383895e-38,1.5791147392743017e-28,1.0,1.3016016668971467e-30,1.0018688990479172e-34,2.872661851865875e-43,2.2932430118581705e-31,9.261348120139932e-29,1.2006991587780788e-36,9.069577639644375e-37
TCN,42,2711,15,4,class_4,4,class_4,1,1.0,8.366545669674679e-22,3.7154867923795537e-26,3.112555741167498e-39,3.0498720915715494e-25,1.0,3.7847655640476645e-34,4.6972916759197666e-29,6.697365880394031e-41,1.235869416678325e-34,3.035836900212987e-26,8.277779435467617e-38,7.340350940863884e-35
TCN,42,2712,15,4,class_4,4,class_4,1,1.0,1.1425785854767315e-26,2.520938605134686e-26,5.061490053141239e-42,2.3347325632611865e-36,1.0,1.3343079899393049e-39,7.017024905979853e-34,4.203895392974451e-45,1.930288186191927e-37,6.06714694061029e-27,4.541608322876732e-41,4.203895392974451e-45
TCN,42,2713,15,4,class_4,4,class_4,1,1.0,7.186354522578905e-21,1.1600321638196255e-25,2.074884421487798e-35,2.4015377340190574e-24,1.0,9.447637352149207e-32,1.738718768585108e-26,3.490823257562233e-37,4.7871151530413466e-33,1.5959708748891473e-25,1.4949150668829037e-37,3.653759938401016e-31
TCN,42,2714,15,4,class_4,4,class_4,1,1.0,1.4266036891438147e-31,1.8324384117878062e-31,0.0,1.508036209131517e-38,1.0,7.286752014489049e-44,2.150865667177814e-35,0.0,5.016648502282845e-43,1.2906986746746258e-31,0.0,2.802596928649634e-45
TCN,42,2715,15,4,class_4,4,class_4,1,1.0,1.401298464324817e-45,0.0,0.0,0.0,1.0,0.0,0.0,0.0,0.0,0.0,0.0,0.0
TCN,42,2716,15,4,class_4,4,class_4,1,1.0,1.0669486507369157e-39,2.802596928649634e-45,0.0,0.0,1.0,0.0,0.0,0.0,0.0,0.0,0.0,0.0
TCN,42,2717,15,4,class_4,4,class_4,1,1.0,3.646109711327672e-27,1.4642754848468768e-27,1.961817850054744e-44,7.754552561382315e-35,1.0,4.4519877190714527e-38,1.176822365565129e-32,0.0,1.7141355438884038e-39,6.574928385283696e-28,3.6433760072445244e-44,2.1089541888088497e-42
TCN,42,2718,15,4,class_4,4,class_4,1,1.0,1.65216436304683e-31,4.5483666753722824e-27,0.0,2.5235235638541804e-36,1.0,7.634274033641603e-41,9.826344456975303e-33,0.0,3.5592980993850354e-43,3.47126579836693e-28,0.0,1.5358231168999995e-42
TCN,42,2719,15,4,class_4,4,class_4,1,1.0,2.698822579253344e-25,2.8019052783346924e-31,2.802596928649634e-45,2.035018575208429e-33,1.0,3.127695369776063e-39,4.1474388616436975e-34,0.0,1.2967335729168992e-39,4.143602070123133e-31,0.0,1.009080629354158e-39
TCN,42,2720,15,5,class_5,5,class_5,1,1.0,5.5711175204575355e-27,1.1028777959386371e-23,6.3408273634975495e-27,0.0,2.6338109894134865e-33,1.0,0.0,7.237149906660254e-33,1.6907477055303107e-27,9.223346492185946e-42,6.603200470613082e-22,1.9345111672699855e-38
TCN,42,2721,15,5,class_5,5,class_5,1,1.0,1.6243260466482492e-21,6.844115561841703e-23,2.1277166196382446e-25,0.0,1.1479801357349626e-38,1.0,0.0,1.642782319454951e-30,1.7854830078255657e-30,0.0,2.4682215884737319e-26,2.7713002249661184e-32
TCN,42,2722,15,5,class_5,5,class_5,1,1.0,6.458820355171928e-25,1.1466794550238796e-17,2.0619064532880056e-26,0.0,5.3814359132674794e-33,1.0,0.0,4.4165708355648674e-29,5.42697706234383e-32,2.802596928649634e-44,1.1435336664748252e-18,1.3043171670297607e-35
TCN,42,2723,15,5,class_5,5,class_5,1,1.0,5.032781913731884e-18,1.2051914269350667e-14,5.640476040269927e-16,1.401298464324817e-45,2.551379630489427e-22,1.0,1.1070257868166055e-43,4.711236259364179e-21,1.1530873957546595e-18,9.944978996168395e-26,2.0478620274560653e-16,3.6350311151750956e-25
TCN,42,2724,15,5,class_5,5,class_5,1,1.0,0.0,0.0,0.0,0.0,0.0,1.0,0.0,0.0,0.0,0.0,0.0,0.0
TCN,42,2725,15,5,class_5,5,class_5,1,1.0,0.0,0.0,0.0,0.0,0.0,1.0,0.0,0.0,0.0,0.0,0.0,0.0
TCN,42,2726,15,5,class_5,5,class_5,1,1.0,1.0005039557206501e-22,1.991832096668755e-18,9.362418947763067e-19,0.0,7.777709341650717e-30,1.0,0.0,8.058061107817023e-24,3.64230806120292e-23,3.415172553651623e-33,1.2083791464274244e-18,2.396787283983756e-32
TCN,42,2727,15,5,class_5,5,class_5,1,1.0,1.4452573899693553e-35,1.7116713033659113e-33,2.422324281620836e-30,0.0,0.0,1.0,0.0,1.401298464324817e-45,1.7181985112553405e-35,0.0,2.1131228279808772e-34,0.0
TCN,42,2728,15,5,class_5,5,class_5,1,1.0,2.443513385438476e-29,5.258111822925325e-28,4.3769324126072715e-24,0.0,3.6067320524024304e-40,1.0,0.0,1.0632352280659345e-32,6.568868177083489e-26,2.802596928649634e-45,4.374674372221786e-26,1.1630777253895982e-43
TCN,42,2729,15,5,class_5,5,class_5,1,1.0,0.0,0.0,0.0,0.0,0.0,1.0,0.0,0.0,0.0,0.0,0.0,0.0
TCN,42,2730,15,5,class_5,5,class_5,1,1.0,6.420749563536312e-41,1.6758939518515516e-36,2.713895031812109e-33,0.0,0.0,1.0,0.0,3.6433760072445244e-44,1.4517886156617414e-35,0.0,7.781797287824911e-32,0.0
TCN,42,2731,15,5,class_5,5,class_5,1,1.0,1.3790166925042868e-12,6.134635442862912e-13,3.072741366905163e-11,2.8023121848016833e-38,4.644437490622734e-17,1.0,3.328444167188222e-34,3.914136586774525e-20,1.1551810770698678e-14,1.8463793618120024e-25,8.673670319443239e-18,9.715856679894725e-20
TCN,42,2732,15,5,class_5,5,class_5,1,1.0,8.369368249286026e-34,1.368339047988881e-32,3.919053273418209e-27,0.0,0.0,1.0,0.0,8.714042323249548e-38,3.234671187813085e-30,0.0,1.237719802063373e-25,0.0
TCN,42,2733,15,5,class_5,1,class_1,0,1.0,0.0,1.0,0.0,0.0,6.670894959918376e-24,1.2281165052260518e-24,0.0,1.0930128021733573e-43,0.0,4.89508997896013e-25,1.605659993925195e-35,0.0
TCN,42,2734,15,5,class_5,4,class_4,0,1.0,3.0403968120820517e-15,1.1107699537991986e-14,2.724109269051171e-27,4.0128470219508044e-20,1.0,8.60497654324945e-21,2.2252438830480054e-21,3.4138025006917284e-27,1.9522067039249215e-23,4.147947226074217e-18,9.989659215023498e-25,8.432217046302443e-25
TCN,42,2735,15,5,class_5,5,class_5,1,1.0,1.5852980959666555e-17,5.746173575988647e-17,6.013559378124168e-17,0.0,1.8349360617043952e-23,1.0,0.0,2.82410843881099e-30,1.9673274233558506e-26,1.4750978479484836e-39,2.0381577341065689e-25,8.336755646992184e-30
TCN,42,2736,15,5,class_5,5,class_5,1,1.0,6.427633133714468e-24,7.240746800155507e-16,3.2659237117283108e-18,0.0,5.924081045517022e-31,1.0,0.0,2.1245928537130858e-26,3.0470810030812643e-25,1.1507885360571243e-34,2.387755994794657e-22,2.134697310614386e-35
TCN,42,2737,15,5,class_5,5,class_5,1,1.0,2.379505243366687e-25,2.080751944566674e-18,2.64440276318764e-25,0.0,1.246320118898597e-31,1.0,0.0,6.667690308287875e-31,8.213170565635997e-31,2.0766220293414832e-39,8.792985447246412e-22,5.842462161694255e-37
TCN,42,2738,15,5,class_5,5,class_5,1,1.0,1.3144179595366784e-42,1.5632458561204043e-33,8.470653035058514e-40,0.0,0.0,1.0,0.0,1.7555467161061308e-41,4.138034365151185e-42,0.0,1.0578809387547186e-28,0.0
TCN,42,2739,15,5,class_5,5,class_5,1,1.0,2.1606621021424354e-41,5.455384908304141e-35,3.1883990587312284e-38,0.0,0.0,1.0,0.0,0.0,2.1019476964872256e-44,0.0,1.2360293234423481e-40,0.0
TCN,42,2740,15,5,class_5,5,class_5,1,1.0,0.0,0.0,0.0,0.0,0.0,1.0,0.0,0.0,0.0,0.0,0.0,0.0
TCN,42,2741,15,5,class_5,5,class_5,1,1.0,8.818873604170797e-17,1.1970928415205861e-10,1.782373102666361e-15,4.624284932271896e-44,3.1060818803628546e-22,1.0,1.5414283107572988e-44,5.605279561040487e-23,5.8558655663189205e-24,3.6861871819865283e-29,6.73284952057244e-21,1.505683648874823e-25
TCN,42,2742,15,5,class_5,5,class_5,1,1.0,9.951432484266149e-33,6.057232468960738e-25,1.2825372173968667e-30,0.0,2.4242463432819335e-42,1.0,0.0,8.808605374000828e-35,2.921489023940454e-31,1.961817850054744e-43,1.708573003759911e-25,4.5079771597329365e-42
TCN,42,2743,15,5,class_5,5,class_5,1,1.0,0.0,1.5216700024103189e-41,8.942246020242388e-41,0.0,0.0,1.0,0.0,0.0,7.598596974739894e-40,0.0,5.616460350762301e-35,0.0
TCN,42,2744,15,5,class_5,5,class_5,1,0.920136570930481,1.7668471714835863e-33,0.07986340671777725,3.442960135140372e-30,0.0,1.588980225136459e-30,0.920136570930481,0.0,3.247406474801984e-29,1.708182828011952e-42,2.4175878857429548e-30,7.1430176606785445e-25,2.3453532397404463e-41
TCN,42,2745,15,5,class_5,5,class_5,1,1.0,3.5526529592927106e-26,5.008159502986857e-23,1.3274922030542385e-21,0.0,9.231479709187679e-35,1.0,0.0,6.607585777497562e-29,2.3831136114763038e-23,3.682658326835249e-37,1.888276321807476e-18,2.5388265950740737e-37
TCN,42,2746,15,5,class_5,5,class_5,1,1.0,2.957978371791181e-13,1.4790147188567526e-12,1.0273072170718933e-08,3.216145656187567e-35,3.527130443668788e-19,1.0,1.4877825339301268e-35,4.147557812602884e-15,1.1770941751691744e-13,2.5219812142434278e-23,1.109992861514364e-10,1.1525943702601837e-19
TCN,42,2747,15,5,class_5,5,class_5,1,1.0,0.0,0.0,0.0,0.0,0.0,1.0,0.0,0.0,0.0,0.0,0.0,0.0
TCN,42,2748,15,5,class_5,5,class_5,1,1.0,0.0,0.0,0.0,0.0,0.0,1.0,0.0,0.0,0.0,0.0,0.0,0.0
TCN,42,2749,15,5,class_5,5,class_5,1,1.0,4.592715878454053e-22,1.536632149648498e-13,1.850186433368598e-14,0.0,1.5240437072676564e-31,1.0,0.0,2.514523964194954e-25,8.3609048524722e-28,7.538285088835353e-41,1.1396718857230008e-24,8.545029900640086e-33
TCN,42,2750,15,5,class_5,5,class_5,1,1.0,6.917865069825781e-33,2.132361226958868e-28,1.7418520254930327e-26,0.0,1.1392377148757329e-38,1.0,0.0,2.697160990116292e-36,3.2560847695389137e-25,1.0789998175301091e-43,5.483919937203839e-23,1.401298464324817e-45
TCN,42,2751,15,5,class_5,5,class_5,1,1.0,4.453043322019241e-22,4.128039677067056e-19,1.874711547742048e-25,0.0,6.292604148064783e-29,1.0,0.0,9.764006446716522e-28,1.3885093555546405e-32,4.6831277085252415e-34,1.3679006380450614e-17,2.9844178374983287e-34
TCN,42,2752,15,5,class_5,5,class_5,1,1.0,5.743039554083806e-17,6.806589181174161e-10,1.1587985345590246e-13,5.044674471569341e-44,3.486671042639225e-22,1.0,1.4239448488067704e-39,2.3807548883396117e-20,4.262620928753668e-19,1.9763988615427056e-26,4.472118480953136e-18,3.9347341918206625e-21
TCN,42,2753,15,5,class_5,5,class_5,1,0.5099989771842957,3.85230514154955e-08,0.48999136686325073,1.0615290193527471e-06,6.725047307362198e-15,6.514337655971758e-07,0.5099989771842957,2.241124495185043e-14,3.4698446143011097e-06,2.2781590502951587e-10,3.107709645178147e-10,4.46723106506397e-06,2.1381505455053684e-09
TCN,42,2754,15,5,class_5,5,class_5,1,1.0,0.0,0.0,0.0,0.0,0.0,1.0,0.0,0.0,0.0,0.0,0.0,0.0
TCN,42,2755,15,5,class_5,5,class_5,1,1.0,0.0,1.3312335411085762e-43,8.50588167845164e-43,0.0,0.0,1.0,0.0,0.0,0.0,0.0,4.946583579066604e-43,0.0
TCN,42,2756,15,5,class_5,5,class_5,1,1.0,1.5299390854631575e-23,1.4595031153875512e-18,1.3847203262620955e-27,0.0,5.4464666484778684e-34,1.0,0.0,3.308864723694613e-31,7.240235326783548e-35,0.0,4.4334518036658965e-21,2.0605966399736181e-38
TCN,42,2757,15,5,class_5,5,class_5,1,1.0,2.0710507961374525e-11,4.042972960539501e-15,2.6441941863885373e-15,1.05210049220893e-39,1.3993903319388813e-15,1.0,2.718489873782087e-37,3.1393091399187736e-19,3.185710584219237e-09,2.0632923216611076e-25,3.90582965276165e-12,8.493872583739911e-19
TCN,42,2758,15,5,class_5,1,class_1,0,1.0,2.8244559487953304e-28,1.0,3.526359808605921e-21,6.000565996046495e-32,1.8274493741279516e-21,4.058826191810638e-12,1.3087444415051672e-33,3.689608749254663e-20,2.5841522379098387e-31,2.6346396707410526e-22,1.3481010154283236e-18,2.1540695966979213e-26
TCN,42,2759,15,5,class_5,5,class_5,1,1.0,0.0,0.0,0.0,0.0,0.0,1.0,0.0,0.0,0.0,0.0,0.0,0.0
TCN,42,2760,15,6,class_6,6,class_6,1,1.0,1.5383057172133342e-18,5.517121474461214e-28,7.559805516026759e-24,1.0593228737936395e-20,2.3710808005446056e-23,2.14144090331106e-29,1.0,1.3242683943807253e-24,1.789130379926194e-23,8.683189367512852e-29,2.422298538416522e-40,3.577531532396815e-16
TCN,42,2761,15,6,class_6,6,class_6,1,0.9999949932098389,5.034237346990267e-06,9.451478175594201e-18,1.3225369150521304e-14,9.41023881040337e-09,1.1225456328367578e-12,7.703040355253995e-19,0.9999949932098389,8.825632265345397e-16,8.719342928882254e-14,3.409517251285053e-19,6.54722405251552e-25,7.256276468581291e-09
TCN,42,2762,15,6,class_6,0,class_0,0,0.9964638352394104,0.9964638352394104,2.986956232890357e-15,5.1844873880102504e-12,0.0035257514100521803,3.786312390730018e-06,9.04098192185533e-16,6.686811957479222e-06,2.5504474385226283e-16,1.4126160310934388e-11,1.6207944274898578e-13,4.094278752730102e-20,6.46424858086192e-11
TCN,42,2763,15,6,class_6,6,class_6,1,1.0,1.1116152269508017e-11,4.155626408989641e-19,4.1342668995135085e-18,4.218302374070504e-10,1.855305420406239e-08,6.526871854523933e-21,1.0,3.2295620927713985e-18,4.2373298815248592e-19,1.8173711234824663e-19,7.55641695168243e-28,2.0111768695742216e-13
TCN,42,2764,15,6,class_6,3,class_3,0,1.0,1.7655030650932523e-15,4.610165936061423e-21,2.3421608442148412e-23,1.0,3.4826883558017865e-19,6.836188245218359e-29,1.1702965853344072e-11,2.5295665788527837e-21,5.6770426320188954e-24,1.5460031649471523e-22,2.3420821784314455e-29,1.1795602152451075e-16
TCN,42,2765,15,6,class_6,3,class_3,0,0.8546226024627686,2.420772204914101e-07,7.262412338171487e-10,6.309972618197268e-13,0.8546226024627686,2.6761821573018096e-05,1.3253030705479788e-14,0.14530186355113983,2.544446431329561e-09,5.440016492830324e-12,7.649556543753988e-09,2.1402028912119453e-14,4.8479134420631453e-05
TCN,42,2766,15,6,class_6,3,class_3,0,1.0,2.51931942240333e-14,2.8181113718673143e-17,4.636689635883714e-22,1.0,1.1738598687985433e-15,7.541420890763453e-26,1.2819002044757444e-13,2.421885054893876e-19,1.6159224005346576e-19,2.677656227932902e-18,3.027419384575729e-25,4.1625085539856443e-13
TCN,42,2767,15,6,class_6,3,class_3,0,0.9999986886978149,3.95053163515513e-08,6.017608633612781e-11,1.443118302808799e-12,0.9999986886978149,2.4736703352346012e-08,1.6499568192164555e-17,1.2392277994877077e-06,1.5024082577531385e-14,3.099979121295169e-16,3.1630766172393915e-15,2.1033980817868447e-18,9.604767475064266e-14
TCN,42,2768,15,6,class_6,6,class_6,1,0.9999669790267944,6.708675215350013e-08,8.454721196423948e-15,6.956193027195592e-14,3.286630817456171e-05,3.945590260220032e-14,1.545171895323953e-17,0.9999669790267944,3.1440433210464663e-14,1.0518001806970531e-13,9.998248696394815e-18,7.92987909932766e-23,5.55247070543885e-10
TCN,42,2769,15,6,class_6,6,class_6,1,0.999998927116394,4.4328820614225606e-09,2.307838165363507e-13,3.117998074357933e-14,1.0517071586946258e-06,3.070719900577501e-09,1.0392944708555516e-16,0.999998927116394,4.969408470335314e-15,6.862566917997196e-15,2.2694231883264512e-15,4.7961112304174245e-22,1.5993577295869699e-10
TCN,42,2770,15,6,class_6,6,class_6,1,0.999669075012207,1.1512863551388364e-07,1.1362173138115828e-13,6.188283219188406e-11,0.00033079253626056015,3.7257477376699544e-13,2.1843431227581706e-16,0.999669075012207,1.2884016076242233e-10,6.4771419395245455e-15,2.2331148910861854e-18,2.1991803751428685e-19,4.235118766099388e-12
TCN,42,2771,15,6,class_6,3,class_3,0,1.0,6.242726841921339e-15,6.598602243058146e-19,1.1825114110545257e-23,1.0,1.9369105051842046e-16,7.368459670619847e-28,3.4739910719573967e-15,6.133670964696515e-22,5.06739244303081e-21,7.916763404516325e-20,2.4484050789783494e-27,1.0669016939444248e-14
TCN,42,2772,15,6,class_6,0,class_0,0,0.8185775279998779,0.8185775279998779,1.4143449966752542e-08,1.1627540708047945e-08,0.1744646430015564,0.0011554965749382973,6.075841496588907e-10,0.005801677703857422,3.5120034658220334e-10,2.595660362203489e-07,2.5006910320257703e-08,1.4059404682131849e-11,3.9153667330538156e-07
TCN,42,2773,15,6,class_6,3,class_3,0,0.9963504076004028,1.331385419689468e-07,6.3073799655422036e-12,1.0672026630464959e-11,0.9963504076004028,8.052046529538615e-11,1.3672631134033545e-15,0.003649163758382201,3.91381043129968e-08,1.815503476720881e-12,1.005769981188287e-10,3.743670480495405e-15,2.4815693677737727e-07
TCN,42,2774,15,6,class_6,6,class_6,1,1.0,2.8386343046227452e-31,1.4293244336113134e-43,1.5477337502728027e-35,3.936735172678649e-34,3.4799851668236364e-38,1.1770907100328463e-43,1.0,9.280063556514511e-35,1.1940305923837236e-36,1.401298464324817e-45,0.0,1.4109821914279632e-26
TCN,42,2775,15,6,class_6,6,class_6,1,1.0,9.809463151163635e-16,7.654263720817923e-23,3.4294398963383924e-19,1.7599889864857452e-15,8.763755638974851e-21,1.401441374839526e-23,1.0,1.7332821137594334e-18,2.0743699359480978e-20,1.7235178503498066e-25,4.850131068893907e-31,1.4822086700366777e-12
TCN,42,2776,15,6,class_6,6,class_6,1,0.9972782731056213,1.0528368177276093e-09,3.022579500506337e-17,1.1930128719227391e-14,0.0027217629831284285,6.712365000680314e-16,1.5123047486861503e-20,0.9972782731056213,2.2017279763687087e-14,5.4350038632597755e-18,8.1724839644416205e-19,1.3547912963483761e-24,4.5347415059127094e-12
TCN,42,2777,15,6,class_6,3,class_3,0,0.9999822378158569,2.897478645902396e-10,1.8606349100336317e-11,9.243113544520065e-14,0.9999822378158569,1.6885377818187663e-10,1.9625351047232193e-16,5.627547125186538e-06,9.302141990019663e-08,4.0086228607350005e-12,8.812985008432861e-09,5.878239247355393e-14,1.2050582881784067e-05
TCN,42,2778,15,6,class_6,6,class_6,1,0.9999998807907104,4.5477116517034233e-10,1.4606072029819625e-16,3.091654333258788e-14,7.269476043347822e-08,4.067152701865001e-14,1.3260168440368063e-17,0.9999998807907104,7.655290653772392e-14,1.705195589798167e-15,2.782028223263618e-18,7.630998635001144e-23,1.263879712692928e-11
TCN,42,2779,15,6,class_6,3,class_3,0,1.0,1.0721773549332079e-36,3.259846151006198e-35,2.802596928649634e-45,1.0,2.9970486620511584e-33,0.0,1.0574475640802258e-31,0.0,0.0,2.8306228979361305e-43,0.0,1.5335732048709026e-31
TCN,42,2780,15,6,class_6,0,class_0,0,1.0,1.0,2.451721819232076e-28,1.775106089374511e-15,5.213595840817733e-19,1.6981964337352273e-13,7.025278029637366e-18,4.2844845531143634e-18,2.6410414549890703e-28,8.577235618398337e-17,1.281105126735192e-29,1.5361559540387553e-30,2.2680708199896403e-19
TCN,42,2781,15,6,class_6,6,class_6,1,1.0,2.9147008057956195e-43,0.0,5.100726410142334e-42,0.0,1.401298464324817e-45,0.0,1.0,5.605193857299268e-45,0.0,0.0,0.0,5.577942247786235e-35
TCN,42,2782,15,6,class_6,6,class_6,1,0.5982003808021545,5.176991908228956e-05,2.3487989331272274e-10,5.620224338004354e-13,0.38923078775405884,0.012516947463154793,1.278255133712507e-14,0.5982003808021545,3.1515838116308315e-13,1.0039064848518797e-12,1.593760401430444e-10,1.1516485150791235e-18,1.4816029647590767e-07
TCN,42,2783,15,6,class_6,6,class_6,1,1.0,0.0,0.0,0.0,0.0,0.0,0.0,1.0,0.0,0.0,0.0,0.0,0.0
TCN,42,2784,15,6,class_6,6,class_6,1,0.9999884366989136,1.3621877237302016e-10,1.5484418218122964e-13,1.2243016930119088e-13,1.1548315342224669e-05,7.811670199586729e-10,1.9135549613270964e-17,0.9999884366989136,5.803520777012197e-15,5.602791660251869e-18,9.600818607464166e-15,6.920327729439467e-23,4.599216840706077e-12
TCN,42,2785,15,6,class_6,6,class_6,1,1.0,4.2913910677884285e-39,0.0,2.5589111257035485e-41,9.80908925027372e-45,5.146969259465053e-42,0.0,1.0,1.1911036946760945e-43,0.0,0.0,0.0,9.80249055419025e-34
TCN,42,2786,15,6,class_6,6,class_6,1,1.0,2.768154802601508e-11,1.99392572223199e-15,4.749202875582725e-13,7.514402988739732e-10,5.019809048279313e-15,4.101183966010815e-19,1.0,2.892195692465703e-14,5.163761993262716e-17,1.0272334165183649e-18,1.047706382784722e-24,2.020289751464288e-12
TCN,42,2787,15,6,class_6,0,class_0,0,1.0,1.0,1.9174070225965989e-31,3.3081952939121968e-24,5.451857498436907e-13,7.258162459295546e-18,4.846621964349923e-29,1.6560511881847257e-16,1.3753843439931755e-30,6.77724827839251e-21,1.2811890250583944e-28,2.6329158688324346e-34,7.72972852159408e-24
TCN,42,2788,15,6,class_6,3,class_3,0,1.0,3.4889858363529314e-11,7.090243140586056e-18,4.7473229183156e-19,1.0,6.526309576310521e-14,2.769167781222992e-23,4.175693568697625e-09,4.922320214731553e-16,7.640800701026091e-19,2.6644030160814856e-16,4.453587068063992e-22,2.969804849088653e-13
TCN,42,2789,15,6,class_6,0,class_0,0,0.6287919282913208,0.6287919282913208,3.2038427727804404e-18,1.5049995971683217e-11,0.007925036363303661,2.089563765073077e-12,2.2940656531631246e-16,0.3632829785346985,6.459691366745212e-15,1.389002953454399e-12,4.4484787834950154e-21,3.443814564686847e-23,6.89586721058788e-10
TCN,42,2790,15,6,class_6,3,class_3,0,0.9978638291358948,1.6397907476317641e-09,1.891885628192702e-13,3.8735244937797286e-13,0.9978638291358948,9.86927119889236e-12,1.0657749045435381e-17,0.0021362374536693096,1.0729991894997681e-10,5.065423254796615e-16,1.2070100913761164e-15,3.527795031592186e-19,3.706700013594855e-08
TCN,42,2791,15,6,class_6,3,class_3,0,1.0,1.334165443297628e-25,1.7548211498679826e-29,3.711812464699792e-36,1.0,2.3355373412570954e-26,9.41672568026277e-43,1.490238812382437e-24,2.652250225427317e-34,1.7624925159267667e-33,7.651947332918884e-33,2.888076134973448e-42,5.039149556549666e-22
TCN,42,2792,15,6,class_6,6,class_6,1,1.0,7.997622409656657e-21,7.736149646307215e-34,1.0366804222975255e-27,2.577215090192679e-21,2.5946021714562637e-24,3.1965333080356845e-31,1.0,9.859373682737717e-28,9.65724926100422e-28,1.3486823212518352e-33,1.556001814786277e-41,1.1121391334064585e-22
TCN,42,2793,15,6,class_6,0,class_0,0,1.0,1.0,7.426194235527715e-28,1.388183450300245e-21,3.142512250420282e-09,6.911634892886598e-12,1.9710467484495721e-25,8.309323755863011e-15,4.007113569748998e-26,9.851012234808826e-16,1.93836165230199e-21,4.920525192623408e-28,2.0750199189638055e-19
TCN,42,2794,15,6,class_6,3,class_3,0,0.9999158382415771,7.841117338758252e-11,9.496097383096275e-15,9.999582237273704e-15,0.9999158382415771,1.5929899611325134e-14,1.1036831806399232e-20,8.413344039581716e-05,1.2749140122520625e-13,2.0472660190093025e-18,1.0207566957196512e-18,7.607254552842716e-22,1.886611309884212e-12
TCN,42,2795,15,6,class_6,6,class_6,1,1.0,4.998964020508367e-10,8.853597058098997e-16,1.0384723883225498e-14,6.098284099920193e-09,2.1716259013260242e-08,7.131665036940261e-18,1.0,8.893883215619833e-15,1.3023814484348591e-15,1.2039592904583432e-15,4.371942867381749e-24,2.4700710227198996e-12
TCN,42,2796,15,6,class_6,6,class_6,1,1.0,1.7048288242181717e-33,3.2229864679470793e-44,4.04574161073078e-34,8.075297412566539e-38,2.246095525242823e-36,8.407790785948902e-45,1.0,9.097893644081824e-36,1.1210387714598537e-44,0.0,0.0,3.623867916771922e-27
TCN,42,2797,15,6,class_6,6,class_6,1,1.0,4.4054191718212454e-12,3.2551539028709316e-17,1.463719784365326e-16,1.4033196479856791e-11,2.307153218472635e-10,3.0709535190368057e-19,1.0,1.354824236049578e-17,1.2703525518956629e-18,2.701127788006824e-19,9.538878717727264e-28,2.0392890799419625e-14
TCN,42,2798,15,6,class_6,6,class_6,1,1.0,0.0,0.0,0.0,0.0,0.0,0.0,1.0,0.0,0.0,0.0,0.0,0.0
TCN,42,2799,15,6,class_6,6,class_6,1,0.9015910625457764,6.635705318558394e-08,1.1209868753733754e-12,1.2707878606561026e-15,0.02433568239212036,0.07407315820455551,2.3183311618684902e-17,0.9015910625457764,2.6443943132251675e-19,3.325682237708862e-19,9.273311285529218e-14,4.427587143483776e-24,5.353934662147633e-14
TCN,42,2800,15,7,class_7,7,class_7,1,1.0,0.0,0.0,2.4802982818549262e-43,0.0,0.0,0.0,0.0,1.0,5.614318287814416e-35,3.6505400242752435e-32,5.063105568662325e-35,1.8637269575520067e-43
TCN,42,2801,15,7,class_7,7,class_7,1,1.0,7.999592543291083e-41,0.0,1.5792456272788816e-30,2.5223372357846707e-44,0.0,0.0,0.0,1.0,1.6742889534807187e-30,1.07753792700987e-33,1.3735670733611546e-27,6.331185482057474e-34
TCN,42,2802,15,7,class_7,7,class_7,1,1.0,9.824707562437698e-38,4.543009621341057e-42,1.2588558932750314e-27,1.100721625285301e-38,0.0,9.626920449911493e-43,1.961817850054744e-44,1.0,4.419344771462559e-17,1.616637150898312e-27,1.3507777718905452e-18,4.7874215741613814e-27
TCN,42,2803,15,7,class_7,7,class_7,1,1.0,4.4039426525494413e-26,3.877738297220848e-21,9.156903039368291e-15,2.928030113977356e-29,3.4197287723382836e-40,7.758466222886584e-33,5.785260805057794e-31,1.0,7.427487667583504e-23,4.933623141248632e-29,2.0648955635638178e-13,6.228130406421578e-20
TCN,42,2804,15,7,class_7,7,class_7,1,1.0,1.1654148760877154e-28,4.81797095404863e-31,1.9392531468534038e-17,6.109933476168222e-33,1.2471556332490872e-43,7.273232394524965e-35,1.6139080555196621e-34,1.0,5.1248568578994535e-21,3.5429012290845714e-30,1.921588896778236e-15,2.923611108086681e-21
TCN,42,2805,15,7,class_7,7,class_7,1,0.9999681711196899,1.296450629617303e-16,3.0223032410070516e-10,1.853981302701868e-05,1.0649097356613536e-18,6.306663754437251e-26,4.050861464093871e-20,4.03527059588741e-19,0.9999681711196899,8.026982263554736e-14,4.255196581004923e-24,1.3304886124387849e-05,6.646410852240159e-13
TCN,42,2806,15,7,class_7,7,class_7,1,1.0,2.1874269028110394e-42,0.0,2.53745407591709e-35,0.0,0.0,0.0,0.0,1.0,3.3038602227899817e-37,3.362680230297463e-37,4.826801267612007e-31,8.716216577946795e-41
TCN,42,2807,15,7,class_7,7,class_7,1,1.0,0.0,0.0,0.0,0.0,0.0,0.0,0.0,1.0,6.939229995336494e-42,9.640933434554741e-43,1.1201057981526939e-36,0.0
TCN,42,2808,15,7,class_7,7,class_7,1,1.0,0.0,0.0,4.01015581514704e-34,0.0,0.0,0.0,0.0,1.0,6.261901172217379e-38,4.1478434544014585e-43,3.11555856699704e-25,3.1190032162953456e-35
TCN,42,2809,15,7,class_7,7,class_7,1,1.0,0.0,0.0,7.059230204126662e-34,0.0,0.0,0.0,0.0,1.0,7.309644939162868e-34,0.0,7.007888765564102e-23,1.401298464324817e-45
TCN,42,2810,15,7,class_7,7,class_7,1,1.0,0.0,0.0,1.028209592274559e-33,0.0,0.0,0.0,0.0,1.0,1.2999733749664182e-39,5.605193857299268e-45,1.3039792763140577e-27,8.030999004992917e-38
TCN,42,2811,15,7,class_7,7,class_7,1,1.0,2.9074267260808892e-30,5.431297605605602e-35,1.1087890620230383e-21,6.972395371139664e-31,1.7067815295476272e-41,2.2818667065597845e-36,2.9909138213190642e-34,1.0,8.883062157960422e-16,1.1570886033075032e-25,1.348106702295035e-17,3.0044372158339996e-22
TCN,42,2812,15,7,class_7,7,class_7,1,1.0,0.0,0.0,1.0446694064526155e-39,0.0,0.0,0.0,0.0,1.0,8.582917920277011e-35,1.4879827873279503e-40,1.764983189845198e-24,7.668086805066376e-38
TCN,42,2813,15,7,class_7,7,class_7,1,1.0,0.0,0.0,0.0,0.0,0.0,0.0,0.0,1.0,3.115477448465615e-39,3.260303046052049e-40,2.05418303703225e-39,0.0
TCN,42,2814,15,7,class_7,7,class_7,1,1.0,0.0,0.0,0.0,0.0,0.0,0.0,0.0,1.0,0.0,0.0,0.0,0.0
TCN,42,2815,15,7,class_7,7,class_7,1,1.0,0.0,0.0,0.0,0.0,0.0,0.0,0.0,1.0,0.0,0.0,4.160455140580382e-42,0.0
TCN,42,2816,15,7,class_7,7,class_7,1,1.0,0.0,0.0,2.2715048106705285e-42,0.0,0.0,0.0,0.0,1.0,5.6124707441725685e-37,0.0,2.8841186479345927e-30,0.0
TCN,42,2817,15,7,class_7,7,class_7,1,1.0,0.0,0.0,0.0,0.0,0.0,0.0,0.0,1.0,1.1518673376749996e-42,5.492003469375984e-37,3.754248714770142e-36,0.0
TCN,42,2818,15,7,class_7,7,class_7,1,1.0,6.482406695966604e-42,1.3452465257518244e-43,2.7946947941059575e-27,5.605193857299268e-45,0.0,0.0,0.0,1.0,1.7458242482996116e-25,1.0913561871288325e-38,7.39992221698244e-21,1.3438781049335097e-29
TCN,42,2819,15,7,class_7,7,class_7,1,0.9995613694190979,3.0685321032464867e-25,9.22530949608237e-22,1.3551480900972357e-12,1.5110589615696033e-31,3.783505853677006e-44,1.8210708891770953e-33,4.891200999291585e-35,0.9995613694190979,1.8746081606178858e-21,1.015424047869577e-34,0.0004386171931400895,2.0481145447590685e-21
TCN,42,2820,15,7,class_7,7,class_7,1,1.0,0.0,0.0,0.0,0.0,0.0,0.0,0.0,1.0,1.832911790709722e-33,7.006492321624085e-45,7.656652395994844e-32,1.0383621620646894e-42
TCN,42,2821,15,7,class_7,7,class_7,1,1.0,0.0,0.0,2.101457242024712e-40,0.0,0.0,0.0,0.0,1.0,4.732184914024907e-42,0.0,1.9538630304475207e-28,0.0
TCN,42,2822,15,7,class_7,7,class_7,1,1.0,0.0,0.0,8.96831017167883e-44,0.0,0.0,0.0,0.0,1.0,4.129104618713244e-37,1.672819659966251e-39,9.965273492952278e-38,0.0
TCN,42,2823,15,7,class_7,7,class_7,1,1.0,2.5987080020903733e-41,0.0,1.605500716736546e-35,0.0,0.0,0.0,0.0,1.0,9.868943637565134e-33,5.88073492642932e-32,4.737756108756391e-25,2.6060076092806624e-33
TCN,42,2824,15,7,class_7,7,class_7,1,1.0,0.0,0.0,0.0,0.0,0.0,0.0,0.0,1.0,3.1333313921995775e-39,0.0,9.747210152166678e-38,0.0
TCN,42,2825,15,7,class_7,7,class_7,1,1.0,0.0,0.0,2.383888947509379e-41,0.0,0.0,0.0,0.0,1.0,5.268935318257529e-35,0.0,1.1458623716773242e-31,1.401298464324817e-44
TCN,42,2826,15,7,class_7,7,class_7,1,1.0,0.0,0.0,0.0,0.0,0.0,0.0,0.0,1.0,0.0,0.0,1.401298464324817e-45,0.0
TCN,42,2827,15,7,class_7,7,class_7,1,1.0,0.0,0.0,3.133399119084332e-34,0.0,0.0,0.0,0.0,1.0,2.2233538923742757e-34,0.0,3.5981768572339967e-20,9.10844001811131e-44
TCN,42,2828,15,7,class_7,7,class_7,1,1.0,0.0,0.0,0.0,0.0,0.0,0.0,0.0,1.0,1.401298464324817e-45,0.0,5.632669116289285e-39,0.0
TCN,42,2829,15,7,class_7,7,class_7,1,1.0,0.0,0.0,0.0,0.0,0.0,0.0,0.0,1.0,0.0,0.0,2.8044186166532564e-41,0.0
TCN,42,2830,15,7,class_7,7,class_7,1,1.0,0.0,0.0,1.8669029088204274e-34,0.0,0.0,0.0,0.0,1.0,7.886032632493666e-24,1.8400590264895605e-40,5.370879217444276e-16,1.9392688665331918e-31
TCN,42,2831,15,7,class_7,10,class_10,0,0.9662104249000549,1.8218955722264676e-29,1.8270459301949344e-29,1.537486824950519e-16,2.0386753713950143e-37,0.0,2.2243212932305225e-35,1.0877617164379929e-38,0.033789630979299545,7.723559216583226e-20,6.1105160965194406e-40,0.9662104249000549,6.116754252791721e-23
TCN,42,2832,15,7,class_7,7,class_7,1,1.0,8.029167632523252e-29,3.9403136294817394e-25,5.740386537705165e-18,1.6877164843908396e-30,3.194960498660583e-43,7.872008869531721e-36,6.077986524366498e-35,1.0,7.9641560522926e-23,8.190893537094694e-31,3.1362859358174955e-12,1.1765550663025565e-21
TCN,42,2833,15,7,class_7,7,class_7,1,1.0,1.410962799443726e-38,3.3937293326407167e-34,5.698386052670555e-26,1.6978132193759484e-41,0.0,0.0,0.0,1.0,4.164913915592707e-25,2.7328767248556172e-39,1.409600924482876e-13,4.409288109628687e-26
TCN,42,2834,15,7,class_7,7,class_7,1,1.0,0.0,0.0,0.0,0.0,0.0,0.0,0.0,1.0,0.0,0.0,0.0,0.0
TCN,42,2835,15,7,class_7,7,class_7,1,1.0,0.0,0.0,0.0,0.0,0.0,0.0,0.0,1.0,1.2149257685696164e-42,0.0,4.292093118319055e-40,0.0
TCN,42,2836,15,7,class_7,7,class_7,1,1.0,0.0,0.0,0.0,0.0,0.0,0.0,0.0,1.0,1.924333004030178e-37,0.0,5.487067006534946e-35,0.0
TCN,42,2837,15,7,class_7,7,class_7,1,1.0,0.0,0.0,0.0,0.0,0.0,0.0,0.0,1.0,0.0,0.0,3.329812315190828e-36,0.0
TCN,42,2838,15,7,class_7,7,class_7,1,1.0,0.0,0.0,0.0,0.0,0.0,0.0,0.0,1.0,1.401298464324817e-45,0.0,3.6333413089414944e-39,0.0
TCN,42,2839,15,7,class_7,7,class_7,1,1.0,0.0,0.0,1.2777039397713682e-41,0.0,0.0,0.0,0.0,1.0,6.67662245922663e-39,0.0,2.1810419732164274e-33,0.0
TCN,42,2840,15,8,class_8,8,class_8,1,1.0,7.2749288257277435e-34,0.0,1.0257504758857661e-42,0.0,0.0,5.5813717834057464e-42,0.0,0.0,1.0,0.0,4.285156690920647e-40,6.141956189384418e-38
TCN,42,2841,15,8,class_8,7,class_7,0,1.0,0.0,0.0,0.0,0.0,0.0,0.0,0.0,1.0,1.2037153808550179e-42,1.401298464324817e-45,1.7892526301295567e-31,0.0
TCN,42,2842,15,8,class_8,7,class_7,0,1.0,2.0989309811532271e-38,7.006492321624085e-45,3.3911422836660573e-43,0.0,0.0,3.6868313936620084e-38,0.0,1.0,1.2280168437440336e-26,2.366577777117394e-33,2.9069225453066916e-26,5.983544442666969e-43
TCN,42,2843,15,8,class_8,8,class_8,1,1.0,4.2828022080382624e-14,4.0085678471537243e-25,6.950805304727992e-16,4.121150583526488e-33,2.2405096789672563e-19,1.1380665299043358e-09,5.6728684047519444e-30,6.517701011060986e-14,1.0,2.689159163089778e-20,1.836209934458693e-16,4.397418132482799e-16
TCN,42,2844,15,8,class_8,7,class_7,0,1.0,2.85724267406985e-32,1.499251897743891e-34,9.553337868459994e-35,1.8216880036222622e-44,7.094442017140504e-39,1.3302381904060597e-31,0.0,1.0,7.845862636131236e-22,1.0561562540450453e-26,1.2429045278220455e-19,4.85433501285064e-30
TCN,42,2845,15,8,class_8,7,class_7,0,0.9991067051887512,3.42726776049896e-14,1.2124147703845297e-16,3.4265481246156953e-18,3.75796539671158e-31,3.031742252943481e-15,1.7781729422239323e-09,1.1016911731047804e-30,0.9991067051887512,2.317570846344097e-08,1.9088809938194777e-16,0.0008932068012654781,4.009281563317971e-18
TCN,42,2846,15,8,class_8,7,class_7,0,1.0,0.0,0.0,0.0,0.0,0.0,5.605193857299268e-45,0.0,1.0,4.0326535817253985e-37,2.048160480440336e-37,4.726077023054594e-25,1.401298464324817e-45
TCN,42,2847,15,8,class_8,8,class_8,1,0.9999289512634277,8.536765044864225e-11,9.236179923181934e-27,2.096263686162079e-21,8.985891710076292e-33,1.626034004976522e-20,2.3819521043217812e-17,3.577415247857483e-30,7.104053656803444e-05,0.9999289512634277,1.397651843136756e-17,1.916033419435432e-14,2.0364784803755986e-21
TCN,42,2848,15,8,class_8,8,class_8,1,1.0,2.620041567469009e-26,4.422077563869825e-41,3.2711280636490354e-30,1.8136759395226386e-38,3.2001349894218873e-37,3.4101142954187353e-37,1.151467575249097e-37,5.782519103304795e-14,1.0,1.385482570815485e-25,1.901994583969675e-21,5.011292026115553e-16
TCN,42,2849,15,8,class_8,7,class_7,0,1.0,1.5547756263793466e-20,4.391815456875624e-25,6.3961784884101376e-24,1.99432277280718e-36,2.0929221298542032e-27,1.7488500664779877e-18,1.3931937005426674e-33,1.0,9.02057583936479e-16,1.4380213234007867e-26,4.2676858383623915e-17,9.414536227767593e-25
TCN,42,2850,15,8,class_8,7,class_7,0,1.0,1.3409894490595017e-22,4.010360255655167e-31,7.895894460003746e-27,2.5645543003544248e-36,2.8156292924299777e-32,1.8619319086328302e-26,9.191382179170659e-36,1.0,1.004453573268116e-12,1.2799409196097725e-24,5.968745247165108e-16,1.6270141538833079e-25
TCN,42,2851,15,8,class_8,8,class_8,1,1.0,6.382134988806462e-33,0.0,1.740451929048424e-39,0.0,0.0,1.401298464324817e-45,0.0,8.589588871289079e-30,1.0,4.784293486615413e-37,1.6859532428646062e-30,1.5884135142317921e-27
TCN,42,2852,15,8,class_8,8,class_8,1,1.0,2.1270675498730185e-10,2.701129163162179e-33,2.6588738513539668e-20,1.0486777590885574e-32,4.712366766461121e-22,1.634487862528493e-22,5.013622702337629e-32,6.078759496988088e-25,1.0,1.4573588524056928e-21,4.1221421238306565e-25,5.8667124826518e-23
TCN,42,2853,15,8,class_8,8,class_8,1,1.0,2.0338146118537976e-34,0.0,1.3641296391299256e-37,0.0,0.0,1.317220556465328e-43,0.0,8.688050478813866e-44,1.0,0.0,1.702647418818176e-38,2.497428435874406e-35
TCN,42,2854,15,8,class_8,8,class_8,1,1.0,1.5778848437599511e-15,7.376633907100612e-23,1.7153832436228872e-19,3.5149425553048977e-22,1.2888116139461893e-20,1.2714607129991618e-21,8.886013226335357e-23,2.860457704034758e-11,1.0,1.0596224342407368e-08,3.04485684712516e-13,3.9049918854061616e-10
TCN,42,2855,15,8,class_8,8,class_8,1,0.9095720052719116,4.859695197735776e-18,2.4336130522813872e-29,1.7742349987063213e-18,0.0,3.132446444193387e-37,1.224562311108457e-05,0.0,0.09041554480791092,0.9095720052719116,7.56252729398084e-34,1.7470958368903666e-07,7.146125271390025e-12
TCN,42,2856,15,8,class_8,8,class_8,1,0.9999196529388428,6.6607990902056145e-31,4.764414778704378e-44,1.078964958784669e-33,0.0,0.0,8.461929952118092e-39,0.0,8.038595115067437e-05,0.9999196529388428,1.1348444396171799e-29,4.557899915134149e-20,5.6199499000097994e-21
TCN,42,2857,15,8,class_8,8,class_8,1,1.0,2.430825383038977e-27,0.0,1.1368067422998222e-38,0.0,2.2420775429197073e-44,5.16939003489425e-42,0.0,0.0,1.0,1.2122633014873992e-41,1.1071358728239628e-37,2.0210465391519598e-33
TCN,42,2858,15,8,class_8,8,class_8,1,1.0,2.8395440185852573e-16,4.022366319837641e-19,1.0691971613630002e-11,2.3645016328023283e-26,7.035760992937827e-19,1.4885491927615901e-12,1.8122426387337275e-25,3.212248869677303e-11,1.0,3.424928526549187e-12,4.764182826022534e-09,8.140687966394153e-14
TCN,42,2859,15,8,class_8,7,class_7,0,1.0,4.6588282382799286e-32,1.0930128021733573e-43,2.268664098423649e-37,0.0,8.102307720726092e-42,2.713528694278216e-36,0.0,1.0,1.0161489705229343e-11,9.168810000095774e-25,3.6620113706128655e-21,2.616965971695211e-33
TCN,42,2860,15,8,class_8,8,class_8,1,1.0,3.2183431447167733e-27,0.0,2.352377668682414e-38,0.0,0.0,0.0,0.0,1.3032075718220799e-43,1.0,1.2854525597596987e-36,1.173293191194526e-40,4.190166703763645e-35
TCN,42,2861,15,8,class_8,8,class_8,1,1.0,1.300914087925256e-34,0.0,5.885453550164232e-44,0.0,0.0,0.0,0.0,3.970252393514784e-08,1.0,7.003179804946173e-32,6.090428352150021e-27,1.6965878970938122e-35
TCN,42,2862,15,8,class_8,8,class_8,1,1.0,3.2992170193729686e-12,1.312225032523494e-31,1.5276968673634002e-19,2.9222850047679383e-28,2.116208203993292e-23,6.735889135943826e-26,2.3461264507587264e-27,1.6391787450152993e-20,1.0,1.1767131323156543e-12,1.7025517659293717e-21,8.59683499383659e-22
TCN,42,2863,15,8,class_8,8,class_8,1,1.0,1.093825901924676e-19,1.6632090232771181e-34,2.5981479040100058e-24,4.789907135795542e-34,1.2282299426261654e-30,2.3948107637012453e-34,2.7527682038770998e-31,3.1661705514732425e-23,1.0,8.602997654538758e-12,2.1616366524866165e-24,1.5000565554783817e-14
TCN,42,2864,15,8,class_8,7,class_7,0,0.8085829019546509,2.4407763091209384e-18,4.740899589174543e-39,1.096920260951177e-28,1.3200231533939777e-42,1.01712394801473e-36,1.2178670665479603e-29,2.7499627570311297e-39,0.8085829019546509,0.1914171278476715,5.30482599447299e-21,2.5173711658918174e-18,5.317087360792859e-27
TCN,42,2865,15,8,class_8,7,class_7,0,0.9999914169311523,9.87691209594704e-41,0.0,2.802596928649634e-45,0.0,0.0,0.0,0.0,0.9999914169311523,8.632519893581048e-06,7.364881780310274e-36,1.5436245304090098e-25,2.0867639886341665e-36
TCN,42,2866,15,8,class_8,8,class_8,1,0.9999815225601196,1.903120439017414e-10,4.5279657493686234e-24,7.966679976336452e-16,6.324193846124976e-25,1.4816249491395386e-15,9.983063159613202e-20,2.7002701212650544e-22,1.933354396173835e-15,0.9999815225601196,1.8454873497830704e-05,4.108487650287171e-17,3.4428396535750804e-18
TCN,42,2867,15,8,class_8,8,class_8,1,1.0,5.545620850677881e-23,0.0,5.128162264619534e-36,0.0,1.7600546932658638e-39,8.330935730893929e-38,0.0,4.8514828919678253e-23,1.0,5.731979663504513e-27,7.973015628324811e-27,6.478550143226578e-36
TCN,42,2868,15,8,class_8,7,class_7,0,1.0,0.0,0.0,0.0,0.0,0.0,0.0,0.0,1.0,0.0,0.0,7.146622168056567e-43,0.0
TCN,42,2869,15,8,class_8,7,class_7,0,1.0,0.0,0.0,0.0,0.0,0.0,0.0,0.0,1.0,0.0,0.0,1.961817850054744e-44,0.0
TCN,42,2870,15,8,class_8,8,class_8,1,1.0,4.5258807552862444e-21,0.0,1.0554074091457173e-33,1.4153114489680652e-43,1.5133611432959513e-38,6.011106582161774e-39,5.654239303550637e-42,6.819330690410741e-12,1.0,8.002168671851431e-21,4.248068039434893e-23,2.4469032388077162e-26
TCN,42,2871,15,8,class_8,8,class_8,1,1.0,7.477258540714008e-40,0.0,0.0,0.0,0.0,0.0,0.0,6.445972935894159e-44,1.0,0.0,1.5414283107572988e-44,1.0963144855630609e-36
TCN,42,2872,15,8,class_8,8,class_8,1,1.0,2.239232604745703e-15,2.0036538659624757e-31,3.702073456357042e-19,1.4599714774977676e-32,5.798752579122792e-26,3.2239564303162073e-21,3.3416422081729418e-31,1.5273094593914625e-15,1.0,1.5137229433840239e-18,2.2675094745464465e-18,8.893453035379191e-20
TCN,42,2873,15,8,class_8,0,class_0,0,0.9999984502792358,0.9999984502792358,7.525778548513602e-18,4.564121975324242e-13,3.229662088981289e-14,1.5619357327523176e-06,2.1594201036687077e-13,5.096768238405352e-16,6.884679555982314e-19,3.072647913882065e-08,5.752758946292458e-12,1.8690261084176928e-16,1.1551698750591403e-15
TCN,42,2874,15,8,class_8,8,class_8,1,1.0,2.4643510498846728e-14,7.488412365346117e-27,3.016123521261483e-17,7.283281085486946e-28,1.9371706364181745e-22,8.760308177979516e-22,8.86182536431172e-27,4.385371140216026e-17,1.0,3.871246771362585e-15,1.1403249873837983e-15,2.217691498105842e-15
TCN,42,2875,15,8,class_8,8,class_8,1,1.0,2.786767669925305e-13,7.777206477002735e-43,3.134820004885054e-20,1.5375270958326185e-39,7.082233258592363e-28,7.04950319261575e-30,2.7283365178312048e-39,2.0899729728435693e-32,1.0,2.9169293306303377e-27,6.573222974317941e-28,3.4785449468882386e-27
TCN,42,2876,15,8,class_8,8,class_8,1,1.0,1.3638790617720442e-12,7.905221138375939e-31,4.064031258399427e-16,1.7184348744108216e-27,4.009443610948417e-23,1.142531161377781e-25,1.963970197743577e-24,1.4085027260339231e-19,1.0,8.844983394769911e-17,1.4798694135925548e-20,4.3351938216280774e-15
TCN,42,2877,15,8,class_8,8,class_8,1,1.0,9.757737153004431e-12,2.1081975433851303e-32,1.5810552715702235e-21,7.460917789460045e-29,5.09437194037325e-21,4.6437249365599365e-26,2.517888135529127e-29,1.8480460906011653e-21,1.0,4.580004778209634e-11,6.25818549699081e-20,1.1956726440922383e-19
TCN,42,2878,15,8,class_8,8,class_8,1,1.0,1.4409717881245257e-16,2.4433724013480157e-30,1.768785499408363e-23,5.0574315597606276e-27,2.869564570351705e-24,2.2343924455440693e-32,9.954386932835133e-27,2.4954093913815638e-20,1.0,4.1040006948378505e-08,2.54807297801023e-22,1.308914504560832e-10
TCN,42,2879,15,8,class_8,8,class_8,1,1.0,5.944573446773488e-14,1.9242170704429465e-28,1.8905250123027012e-18,2.9723213946505676e-24,1.0089925408229351e-24,1.6099876414151924e-23,1.81286657347557e-23,7.427618936572955e-11,1.0,3.157812307472206e-15,2.362800523948239e-16,9.175961280681513e-15
TCN,42,10080,2,9,class_9,10,class_10,0,0.9997707009315491,3.004261751277473e-16,3.842489867955656e-11,6.738984510765005e-22,2.7800379689525754e-22,3.9759048917759054e-15,8.58926334278521e-21,1.9879305123005943e-32,4.1726270865183324e-05,1.103339752894783e-09,0.00018754746997728944,0.9997707009315491,5.656058399416963e-10
TCN,42,10081,2,9,class_9,8,class_8,0,0.9999737739562988,9.547762916548866e-21,7.401531240793601e-22,1.671941337477704e-22,1.544167642653327e-26,5.281298816196397e-18,1.3080608033487004e-26,4.308837323741384e-28,5.567686756080548e-09,0.9999737739562988,1.910941682581324e-05,7.191177246568259e-06,2.5691263149545986e-15
TCN,42,10082,2,9,class_9,9,class_9,1,0.9999769926071167,5.835797970409275e-23,1.802179874792541e-22,3.3615868208233435e-31,4.919169696949325e-37,3.404856553822411e-18,3.5029611283882644e-30,1.913376060761031e-36,1.2560424700325257e-08,2.3026967028272338e-05,0.9999769926071167,6.948873421119828e-11,5.448699506596255e-23
TCN,42,10083,2,9,class_9,10,class_10,0,0.9994968175888062,1.5876268782246913e-19,1.1953020631659886e-14,5.493201838697737e-21,4.878091012528749e-25,3.1878991633982334e-13,9.060901290885703e-22,6.404537992726354e-29,9.360465735852586e-10,5.6728271385919626e-11,0.0005031729815527797,0.9994968175888062,1.2920431300722121e-17
TCN,42,10084,2,9,class_9,10,class_10,0,1.0,1.3058455568923863e-20,7.824090483082888e-18,3.8938470893409506e-23,1.1216428641646272e-25,1.5387787893989128e-21,5.5894542224208486e-24,9.563547105773508e-35,3.725366404250252e-10,7.820630809618478e-10,8.729932748918756e-11,1.0,9.469480727981525e-14
TCN,42,10085,2,9,class_9,10,class_10,0,0.9999593496322632,8.315799428623889e-16,1.4039058804371507e-10,1.3113391186031181e-19,6.356309150920059e-20,7.21913143413716e-13,3.847616557219995e-18,3.281998788645666e-27,4.375371176479348e-08,5.6571330953048005e-11,4.063261076225899e-05,0.9999593496322632,1.4776815882022731e-10
TCN,42,10086,2,9,class_9,10,class_10,0,0.9999948740005493,6.615697037093741e-22,4.5410089516493017e-20,2.3510418091627915e-27,1.5763345245844826e-25,5.782409967514113e-11,6.101762546169237e-29,4.362491813585231e-31,2.828920986353012e-10,5.133180366101442e-06,7.0229564386181664e-09,0.9999948740005493,2.0420159161683993e-13
TCN,42,10087,2,9,class_9,10,class_10,0,1.0,3.675230382221414e-24,4.275598681706286e-20,1.1704249378597499e-24,1.1465030144058105e-27,6.535281381051574e-17,1.6662894737573617e-26,7.720439715321452e-33,2.607109189992074e-12,3.5754527810683e-11,2.4277767352032242e-08,1.0,1.490003927059978e-19
TCN,42,10088,2,9,class_9,9,class_9,1,0.8526647686958313,1.1577173531177872e-16,6.119114241730835e-15,5.904360618483083e-18,5.022004784326084e-19,2.8473844809751014e-11,1.2419775271890726e-17,1.6894130035629899e-21,4.349306248485618e-09,0.005805926863104105,0.8526647686958313,0.14152935147285461,1.0224175672757241e-11
TCN,42,10089,2,9,class_9,9,class_9,1,0.9997982382774353,2.8798826557528755e-18,3.434588158042311e-14,8.334925822381755e-20,3.9150601270621953e-22,1.178657039895318e-15,5.242136156890227e-19,6.188680977895298e-26,6.657956852507141e-09,3.807500092989358e-09,0.9997982382774353,0.0002017306978814304,1.3622506477072114e-14
TCN,42,10090,2,9,class_9,10,class_10,0,0.9996869564056396,8.309015035928385e-20,1.4733111513556482e-14,5.389576590560475e-23,2.58562275709875e-22,1.8866587403411263e-15,9.088282665527699e-21,2.499131533893395e-29,2.9774143968097633e-06,9.335008460675809e-12,0.0003100559988524765,0.9996869564056396,6.649736506878987e-14
TCN,42,10091,2,9,class_9,9,class_9,1,0.9953666925430298,5.794303576238413e-17,7.384261388118651e-13,6.474226021986178e-18,7.14037322143054e-23,2.4027137918158914e-11,6.478571098346342e-19,2.932760020253734e-25,1.648292946576646e-09,0.00014156918041408062,0.9953666925430298,0.004491691943258047,1.7164771157435286e-15
TCN,42,10092,2,9,class_9,10,class_10,0,0.9557535648345947,1.6624290815797546e-16,1.1156137117080724e-14,4.162206992654018e-18,2.030239333280511e-18,9.785269816653397e-12,6.267520617944383e-19,2.896495611124181e-23,1.0111787673849904e-07,0.04395342618227005,0.000288564944639802,0.9557535648345947,4.389938112581149e-06
TCN,42,10093,2,9,class_9,10,class_10,0,0.8908775448799133,2.3987816196770052e-22,7.557698058688594e-15,2.2329544738841575e-28,1.9686272846328317e-30,2.2076739690701396e-19,2.5247358456502376e-27,9.660271353362424e-41,3.795891823522163e-13,3.04290829124044e-17,0.10912245512008667,0.8908775448799133,2.237850810285781e-19
TCN,42,10094,2,9,class_9,9,class_9,1,1.0,5.599309383088575e-33,1.3376525043215444e-23,2.166953932247254e-39,2.9173632728778367e-41,2.5112411759414313e-21,6.324944469088581e-38,0.0,1.9601503812743323e-19,1.9815740390512548e-22,1.0,5.268936762586884e-12,1.2972056001437156e-29
TCN,42,10095,2,9,class_9,8,class_8,0,0.8751313090324402,4.323505529285621e-12,5.333728250733749e-12,3.2204511138996667e-14,1.9173414500642293e-15,1.7442417302171442e-11,6.934517708185239e-15,5.571629698625465e-18,0.0022465672809630632,0.8751313090324402,0.002390274778008461,0.12023182958364487,3.9992229972085624e-08
TCN,42,10096,2,9,class_9,9,class_9,1,0.7875727415084839,5.594145656810603e-33,7.295092826315899e-23,6.396781791357821e-27,4.4344587662709985e-33,2.386344312427546e-23,2.1621787632473627e-27,3.853774805949653e-37,4.988940414824288e-16,1.022093108933586e-12,0.7875727415084839,0.2124272584915161,1.821675119451677e-27
TCN,42,10097,2,9,class_9,10,class_10,0,0.7730071544647217,1.007295215151828e-31,1.8882650256222357e-19,4.381600694229143e-25,1.2551730537685484e-24,1.927909207442488e-21,2.897905187232675e-26,1.4672329469131784e-32,8.844207782581978e-14,3.7886072057347064e-09,0.22699281573295593,0.7730071544647217,7.13044127330719e-22
TCN,42,10098,2,9,class_9,10,class_10,0,0.9999685287475586,5.68126279426259e-16,1.439590905250726e-13,5.728779538423379e-13,3.0293432322980913e-19,5.907671948206586e-15,9.297405476527045e-15,7.115016657094742e-21,6.979035682697088e-10,2.9792519853799604e-05,1.7142906472145114e-06,0.9999685287475586,4.286085646554999e-13
TCN,42,10099,2,9,class_9,10,class_10,0,1.0,1.756473352830126e-24,3.425314514281966e-23,5.497787454954031e-30,4.694246600121758e-29,1.7057766332241597e-13,7.812220844865718e-33,4.778441215812884e-36,1.076176840242131e-13,9.412880197512408e-11,2.052741976399375e-09,1.0,5.590400811330903e-21
TCN,42,10100,2,9,class_9,9,class_9,1,1.0,0.0,0.0,0.0,0.0,0.0,0.0,0.0,1.0946943603305471e-41,4.811050888428125e-37,1.0,3.0577762040208874e-36,0.0
TCN,42,10101,2,9,class_9,9,class_9,1,1.0,0.0,1.0211681178035468e-36,0.0,0.0,3.3275632423659746e-37,0.0,0.0,1.7736539495821945e-34,2.3805006123067965e-35,1.0,3.612646678543944e-27,2.6764800668604006e-43
TCN,42,10102,2,9,class_9,9,class_9,1,1.0,1.0104763226246256e-41,2.9772115703996585e-32,3.923635700109488e-44,0.0,3.359034763812991e-32,2.3639905093159664e-42,0.0,2.67947295369508e-27,3.50446557578656e-26,1.0,2.7521369351351874e-17,1.7229109636449102e-35
TCN,42,10103,2,9,class_9,9,class_9,1,1.0,1.2717596431617254e-24,1.5192410135515769e-19,2.6260139532637514e-27,1.6004181425202427e-29,2.1816400102536816e-19,4.8496595410582104e-27,9.884919340476778e-33,2.2922035041681452e-15,1.1917055612719468e-13,1.0,2.334839266371347e-10,1.5957861748622173e-20
TCN,42,10104,2,9,class_9,9,class_9,1,1.0,1.088568522897048e-19,4.537504626833615e-18,2.159381646257388e-21,1.820723583107567e-18,1.623519379067987e-15,9.194629023093205e-24,1.789654223010306e-25,3.761246522571149e-12,1.973929686371889e-09,1.0,9.833387576430042e-12,1.342682298677289e-09
TCN,42,10105,2,9,class_9,9,class_9,1,1.0,1.401298464324817e-45,2.1710216644773848e-34,0.0,0.0,2.3590808047556356e-31,0.0,0.0,1.5307909272919413e-31,3.287404428628261e-29,1.0,4.690317958220926e-25,2.54985873762401e-40
TCN,42,10106,2,9,class_9,9,class_9,1,0.9977387189865112,3.9350960641046373e-13,5.635921243585251e-11,9.859926243527273e-12,1.4490731553392006e-15,2.032916751604219e-10,1.6342243042751642e-13,8.402219023858693e-16,3.8122664136608364e-07,9.354205394629389e-05,0.9977387189865112,0.002167442115023732,1.0371626890659513e-09
TCN,42,10107,2,9,class_9,9,class_9,1,1.0,0.0,2.1103554872731745e-41,0.0,0.0,0.0,0.0,0.0,0.0,0.0,1.0,2.299708230787693e-31,0.0
TCN,42,10108,2,9,class_9,9,class_9,1,0.9994338154792786,2.5892223237200766e-29,1.0551369648194122e-16,3.244683261112174e-33,3.1643705253692443e-35,4.433644664380005e-22,9.825695731030443e-32,3.653465356187663e-41,1.2712852238857106e-19,1.1307858665013225e-20,0.9994338154792786,0.0005662177572958171,3.503977141335546e-19
TCN,42,10109,2,9,class_9,9,class_9,1,0.9999991655349731,1.0983779732519595e-27,2.897142580565013e-20,1.842918037964935e-30,3.5963040376464337e-37,1.585729064174379e-21,5.844951749915713e-30,1.4766410138693366e-37,2.4422125428185143e-17,1.0939971489909899e-17,0.9999991655349731,8.251828944594308e-07,4.1281658163991175e-25
TCN,42,10110,2,9,class_9,10,class_10,0,0.9980955719947815,4.5979508973484984e-27,7.242968567576155e-15,5.897580268290163e-28,1.6613483534730107e-32,1.2394369550388128e-24,3.4154117461235e-25,2.3909565364440474e-38,3.626189975326549e-15,1.1775621829321468e-21,0.001904411823488772,0.9980955719947815,2.7937321603937143e-24
TCN,42,10111,2,9,class_9,9,class_9,1,1.0,5.551944515654925e-42,7.866527949189738e-33,8.407790785948902e-45,0.0,1.0867658743126157e-30,1.5414283107572988e-43,0.0,2.1711655725365743e-31,3.3979325211730203e-23,1.0,6.827855372276227e-27,8.699645427668626e-34
TCN,42,10112,2,9,class_9,9,class_9,1,0.9999760389328003,4.223600855385858e-30,3.0237290427740074e-21,1.807782605858405e-30,2.7867877596348144e-38,1.2694947248952227e-24,5.4553479711492315e-31,1.2950814420274603e-39,1.0192077793431304e-17,7.891005775723248e-20,0.9999760389328003,2.3944370695971884e-05,5.633468828331592e-28
TCN,42,10113,2,9,class_9,9,class_9,1,0.9998654127120972,8.238345604159196e-27,3.6409639376410385e-19,6.728115890095284e-29,3.481776801779666e-29,2.0626814861518114e-20,7.651776092779328e-30,6.266922560471588e-35,2.941696636716423e-14,1.0547729952913726e-13,0.9998654127120972,0.00013460151967592537,2.312229546798054e-18
TCN,42,10114,2,9,class_9,9,class_9,1,0.9997910857200623,1.5730864822518724e-27,1.4483350190652277e-17,7.355399548462437e-30,1.2123688280058653e-34,5.470581599339323e-20,2.5357346389696386e-27,9.981056597815661e-40,1.8545912418635457e-13,4.5906621481284164e-18,0.9997910857200623,0.00020891315944027156,5.565698686002077e-22
TCN,42,10115,2,9,class_9,10,class_10,0,0.9999905824661255,3.2446791774447993e-28,4.512509550320974e-22,9.471620963389034e-31,3.2581173983005466e-32,4.7151935276037847e-17,3.902746569023828e-31,5.706849653095248e-37,3.857410805806541e-16,2.403993176129226e-14,9.406919161847327e-06,0.9999905824661255,5.2072843168735096e-27
TCN,42,10116,2,9,class_9,9,class_9,1,1.0,3.0436202645135027e-42,4.276839442162848e-27,0.0,1.401298464324817e-45,5.279867732319126e-25,2.9563193701860666e-41,0.0,5.524162233292414e-33,3.638004176359882e-30,1.0,5.876427521636346e-25,1.2523141923454702e-33
TCN,42,10117,2,9,class_9,9,class_9,1,1.0,0.0,1.4811164248527587e-40,0.0,0.0,1.7814695045534913e-37,0.0,0.0,1.0451965749348944e-37,7.98693881815823e-40,1.0,4.418736814380488e-25,0.0
TCN,42,10118,2,9,class_9,9,class_9,1,1.0,0.0,8.599768675561402e-42,0.0,0.0,1.6809187416193564e-30,0.0,0.0,3.0115487465605006e-39,4.2971089370015345e-31,1.0,1.3361375263550964e-31,0.0
TCN,42,10119,2,9,class_9,9,class_9,1,1.0,3.729794195643313e-37,1.2486423079886463e-31,0.0,0.0,5.205409616665643e-26,0.0,0.0,6.599312045049198e-25,2.6647058242167327e-25,1.0,4.2020707355058026e-15,1.6136969271489246e-36
TCN,42,10120,2,10,class_10,10,class_10,1,1.0,4.016541788294223e-41,1.401298464324817e-45,5.32689598228436e-41,0.0,0.0,5.28569780743321e-42,0.0,4.2766588299835465e-20,2.1618932829731912e-38,4.174235394130844e-32,1.0,2.6624670822171524e-43
TCN,42,10121,2,10,class_10,10,class_10,1,1.0,6.483807994430929e-42,1.5820659662227185e-42,1.6921239476107896e-40,0.0,0.0,3.1119377685447305e-39,0.0,3.812349427460461e-22,2.3664927575369665e-36,8.496756939426622e-34,1.0,0.0
TCN,42,10122,2,10,class_10,10,class_10,1,1.0,2.7116480468098632e-34,1.7465157569069167e-34,2.1785118823384007e-35,0.0,5.605193857299268e-45,7.724674456679163e-35,0.0,4.7367630892567174e-17,1.5952652936792465e-32,3.6871670310087654e-24,1.0,4.11638369851643e-36
TCN,42,10123,2,10,class_10,10,class_10,1,1.0,3.261395205523097e-31,0.0,1.6236506752422675e-36,0.0,0.0,1.593133488756282e-36,0.0,2.4432823109478047e-20,2.6597106090534536e-24,7.78173035811531e-34,1.0,7.123077551258981e-39
TCN,42,10124,2,10,class_10,8,class_8,0,0.9999425411224365,2.0455609073455595e-21,5.010466500005671e-32,8.31280732885132e-23,7.430427146036272e-40,1.3100033775877987e-32,7.063786443510409e-25,3.913097935657765e-39,1.6854747781377792e-14,0.9999425411224365,5.039238554721228e-17,5.7495126384310424e-05,5.589881856005174e-12
TCN,42,10125,2,10,class_10,10,class_10,1,0.9999808073043823,1.810075315206313e-15,4.46133333111016e-25,1.586432733150546e-20,9.857068194131008e-30,3.561497831080908e-27,3.776322844116614e-22,8.35311269790365e-31,2.7829815275187686e-12,1.9175675333826803e-05,6.529650153908051e-09,0.9999808073043823,3.3088688627961197e-21
TCN,42,10126,2,10,class_10,10,class_10,1,1.0,2.1454479468763435e-36,0.0,1.5798019880663595e-35,0.0,0.0,3.83393101383686e-31,0.0,5.502968719254391e-23,2.802596928649634e-45,0.0,1.0,0.0
TCN,42,10127,2,10,class_10,10,class_10,1,1.0,2.5359353208698438e-27,1.150023901519211e-36,3.0793374898660475e-29,0.0,0.0,6.2935201684945825e-28,0.0,9.802169138696591e-16,4.999940624990724e-27,8.598383570194812e-28,1.0,1.146785675470121e-30
TCN,42,10128,2,10,class_10,10,class_10,1,1.0,5.557689839358657e-41,1.401298464324817e-45,7.489222827002413e-39,0.0,0.0,9.80908925027372e-44,0.0,2.267318085632217e-19,9.579773888601176e-17,7.33888281070908e-23,1.0,6.667909053092884e-34
TCN,42,10129,2,10,class_10,10,class_10,1,1.0,0.0,0.0,0.0,0.0,0.0,0.0,0.0,3.4107903342216446e-30,1.5452272725967257e-34,1.401298464324817e-45,1.0,0.0
TCN,42,10130,2,10,class_10,10,class_10,1,1.0,3.0249129300147664e-40,0.0,5.815388626947991e-43,0.0,0.0,5.605193857299268e-45,0.0,8.07843445937253e-17,1.2812450552317253e-32,2.8958228409619244e-25,1.0,0.0
TCN,42,10131,2,10,class_10,10,class_10,1,0.9999849796295166,3.098341766487443e-23,2.8700014513817777e-25,7.361452752296177e-24,9.201585460722658e-30,6.912238644638593e-28,4.4842108674368325e-27,1.5385157623459444e-35,5.158737167221261e-06,3.372317887179871e-13,9.906441846396774e-06,0.9999849796295166,1.1365869552229908e-21
TCN,42,10132,2,10,class_10,10,class_10,1,1.0,2.802596928649634e-45,0.0,1.2962010795004558e-42,0.0,0.0,0.0,0.0,1.1437000331755249e-17,6.335057027803205e-32,4.2595578169842905e-30,1.0,1.8216880036222622e-44
TCN,42,10133,2,10,class_10,10,class_10,1,1.0,0.0,0.0,0.0,0.0,0.0,0.0,0.0,5.791821286049507e-30,0.0,2.5839943682149627e-42,1.0,0.0
TCN,42,10134,2,10,class_10,10,class_10,1,0.9999995231628418,6.690424039432208e-13,9.938394316014023e-22,9.88168223903772e-16,5.237361947744045e-31,4.764941241626439e-25,6.375756373916334e-18,6.479026580040928e-33,4.2515941345300234e-07,5.4444631718579203e-14,7.02065792654305e-13,0.9999995231628418,1.709318416789809e-14
TCN,42,10135,2,10,class_10,10,class_10,1,1.0,1.401298464324817e-45,0.0,0.0,0.0,0.0,1.401298464324817e-45,0.0,1.567656268606893e-29,6.930822204550545e-42,0.0,1.0,0.0
TCN,42,10136,2,10,class_10,10,class_10,1,1.0,2.5973335629975478e-33,2.7899632701107902e-36,5.094980062257581e-34,0.0,0.0,7.059045614779384e-33,0.0,2.2752123872056935e-18,3.733950470302247e-30,1.4572684300132927e-23,1.0,6.137465935847662e-36
TCN,42,10137,2,10,class_10,10,class_10,1,1.0,1.1633843139805682e-29,0.0,9.440556274050956e-36,0.0,0.0,3.6372836099371487e-37,0.0,1.9411438952949448e-21,8.523248773428804e-11,4.14122267771639e-28,1.0,4.031770033851792e-33
TCN,42,10138,2,10,class_10,10,class_10,1,1.0,2.6977317325328433e-25,3.0357789682402596e-26,7.92856041971697e-25,2.4134775111365475e-31,3.1415095177364056e-29,3.76955088148081e-26,3.0512811632179665e-39,2.4042146051783675e-09,1.7172079685112622e-21,3.97966078494183e-12,1.0,1.2814688723089636e-26
TCN,42,10139,2,10,class_10,10,class_10,1,1.0,1.5075415507736103e-38,0.0,5.726655605590015e-39,0.0,0.0,0.0,0.0,2.7849740268375174e-15,7.124004484200183e-16,6.156893211421835e-25,1.0,6.2091221063376636e-37
TCN,42,10140,2,10,class_10,9,class_9,0,0.9349676370620728,0.0,0.0,0.0,0.0,0.0,0.0,0.0,1.8081777864557637e-19,1.6555436133103285e-08,0.9349676370620728,0.06503238528966904,2.802596928649634e-45
TCN,42,10141,2,10,class_10,10,class_10,1,0.9996154308319092,3.890383501880307e-34,1.1530862311509805e-29,1.6656342531309817e-28,1.204263008294876e-38,1.2463000923319497e-34,9.981054941906871e-33,2.7244044743403093e-41,1.1794980112630435e-16,1.1321686343990223e-07,0.00038443788071163,0.9996154308319092,1.3621421487822584e-25
TCN,42,10142,2,10,class_10,10,class_10,1,0.9714797139167786,3.1882622920011103e-40,7.987401246651457e-44,2.7357324107725253e-33,0.0,0.0,5.885453550164232e-44,0.0,1.4699661488037918e-09,0.02852029539644718,6.690323406388643e-09,0.9714797139167786,1.8696016694506347e-28
TCN,42,10143,2,10,class_10,10,class_10,1,1.0,1.8807247079242667e-40,0.0,6.189420410448642e-38,0.0,0.0,2.2420775429197073e-44,0.0,2.425299273477871e-13,8.906191548733811e-26,9.8198022020235e-30,1.0,5.581231653559314e-41
TCN,42,10144,2,10,class_10,10,class_10,1,1.0,4.512539715786297e-35,7.210247593456858e-35,1.036715450148389e-28,0.0,0.0,1.6367912855425954e-28,0.0,2.1350580061420055e-18,3.731598823323766e-31,1.4756410233759378e-28,1.0,2.515727142772635e-37
TCN,42,10145,2,10,class_10,10,class_10,1,1.0,2.0408510834426636e-41,0.0,7.476948853753392e-39,0.0,0.0,4.203895392974451e-45,0.0,3.0832751445313694e-14,4.919742044307007e-11,1.9649372372220733e-16,1.0,4.2544638914690353e-35
TCN,42,10146,2,10,class_10,10,class_10,1,1.0,4.733511051010171e-25,1.1057764391518541e-30,1.669762294136027e-20,0.0,8.204369893076726e-39,1.8226754191604626e-19,0.0,8.330238693396615e-15,7.401217211044451e-22,2.807558561687006e-28,1.0,1.2275257470156544e-25
TCN,42,10147,2,10,class_10,10,class_10,1,1.0,3.1035220582798486e-23,2.520551185067073e-28,3.0536289642724146e-12,0.0,3.783505853677006e-43,5.49707198163607e-12,0.0,2.7643611358318942e-11,6.741962650008832e-24,9.84726286251947e-37,1.0,1.7408653800084666e-30
TCN,42,10148,2,10,class_10,10,class_10,1,1.0,1.713363731385415e-25,6.239001152713383e-41,3.597257265037385e-20,0.0,0.0,9.07256100401256e-28,0.0,1.8456414781903296e-12,2.409843213868612e-09,2.981073005207138e-26,1.0,3.1441949863026105e-29
TCN,42,10149,2,10,class_10,10,class_10,1,1.0,6.401691904421494e-41,0.0,2.673497406967816e-29,0.0,0.0,1.391392365816293e-19,0.0,4.9876248815276675e-31,4.488358981232389e-42,0.0,1.0,0.0
TCN,42,10150,2,10,class_10,7,class_7,0,0.9207846522331238,1.401298464324817e-45,0.0,6.310086781731038e-38,0.0,0.0,0.0,0.0,0.9207846522331238,1.2125015222263345e-40,1.2713035877657193e-28,0.07921533286571503,0.0
TCN,42,10151,2,10,class_10,10,class_10,1,0.9448795914649963,7.387496725463905e-10,1.2314286257364415e-09,6.089863335834167e-11,7.401311334642724e-12,5.946896447506234e-11,2.814737332101913e-10,2.632740183359291e-15,1.7423483313905308e-06,1.1726038792403415e-05,0.05510692298412323,0.9448795914649963,2.610090099608442e-08
TCN,42,10152,2,10,class_10,10,class_10,1,0.9999231100082397,6.043028905102718e-27,8.159827572391162e-31,6.884110553356614e-26,3.8291559156339974e-35,3.986967811544628e-34,2.5062503464898844e-31,2.5611395265734564e-37,1.5685858167913125e-10,6.294688500929624e-05,1.3920491255703382e-05,0.9999231100082397,4.0541838887424627e-22
TCN,42,10153,2,10,class_10,10,class_10,1,1.0,7.557065290854235e-39,1.7367740698885693e-36,2.17479460586667e-25,0.0,0.0,6.045296715236351e-33,0.0,1.2075856807569618e-12,4.541497743612315e-36,1.120790815620227e-34,1.0,1.7069216593940597e-41
TCN,42,10154,2,10,class_10,10,class_10,1,1.0,5.876563684725427e-32,1.401298464324817e-44,3.529304238908836e-30,0.0,0.0,3.152984603161733e-38,0.0,1.131511062624213e-08,1.5553174026461392e-10,3.879283099020056e-18,1.0,6.815308997950014e-28
TCN,42,10155,2,10,class_10,10,class_10,1,1.0,1.401298464324817e-45,0.0,1.252060177874224e-41,0.0,0.0,1.392050715957485e-34,0.0,2.598064857910804e-27,0.0,0.0,1.0,0.0
TCN,42,10156,2,10,class_10,10,class_10,1,0.9999996423721313,9.033605219244377e-20,1.1366721922733864e-30,3.1887219620330143e-07,2.802596928649634e-45,1.6630674699975996e-28,1.546554598524496e-14,0.0,1.1368834031835979e-17,2.6412467565775537e-17,4.974150210527059e-24,0.9999996423721313,2.6064151436441598e-43
TCN,42,10157,2,10,class_10,10,class_10,1,1.0,3.1380184230448137e-25,4.1144856453516957e-35,1.90555031454653e-24,0.0,1.401298464324817e-44,1.4967886489820332e-27,0.0,2.1995315291345463e-11,2.4316380445386487e-15,2.1016919107830212e-11,1.0,6.123558661276557e-26
TCN,42,10158,2,10,class_10,10,class_10,1,1.0,1.2503242640805204e-32,0.0,5.825328587128416e-21,0.0,0.0,4.055103026555193e-20,0.0,1.4165778485622894e-22,1.0275654466250698e-35,0.0,1.0,4.203895392974451e-45
TCN,42,10159,2,10,class_10,10,class_10,1,1.0,2.143313509070112e-28,5.4132594429378135e-28,5.929849525434925e-30,8.903156474478803e-36,1.5060566784204577e-33,3.4611091660639607e-29,1.1374619894617405e-40,1.4954615499702928e-16,2.9980699723691625e-23,8.135553596775032e-17,1.0,5.865301625998504e-31
TCN,42,10160,2,11,class_11,11,class_11,1,0.7711172103881836,4.598464621238807e-14,7.54352916937373e-12,3.269975325086657e-17,0.22888273000717163,5.332843541761001e-12,8.459164149860671e-21,5.07401204385971e-11,7.898670051353918e-10,9.854833962763543e-14,2.0407892389884275e-11,9.986424215712819e-16,0.7711172103881836
TCN,42,10161,2,11,class_11,3,class_3,0,1.0,2.2808155104164785e-12,2.2979039935515193e-14,4.125948357683369e-18,1.0,2.5869688613511244e-08,4.5818641185152154e-23,1.0756948665147092e-09,1.689850516461977e-13,5.142568633352372e-18,2.26155072446943e-09,3.896202664859522e-19,1.69059948332273e-12
TCN,42,10162,2,11,class_11,3,class_3,0,1.0,4.1309585079355414e-17,5.970020031750725e-16,2.3553498096892313e-23,1.0,1.5525934704552213e-10,1.1567085942183162e-26,6.377242817477092e-18,1.0998431238931165e-18,3.553016026962869e-20,1.688171392228658e-14,3.2403515600122435e-23,1.6902326760437347e-11
TCN,42,10163,2,11,class_11,3,class_3,0,0.9999998807907104,7.343557012315274e-16,1.666774360599169e-16,6.312674485034963e-23,0.9999998807907104,1.4924904689905816e-07,5.935130605898367e-27,2.3496310145030067e-17,1.3728614056146644e-17,1.7739099878114218e-20,5.957265930556233e-13,5.333132898594315e-22,5.616380705777621e-14
TCN,42,10164,2,11,class_11,3,class_3,0,0.9982348680496216,1.540370164754279e-09,2.435746604412259e-10,2.1956518066974036e-16,0.9982348680496216,0.0012978632003068924,8.935319127722337e-18,6.663400942130693e-09,8.459075218070211e-08,7.2508398753484e-14,0.00046692564501427114,3.264019100574639e-13,6.012505338048868e-08
TCN,42,10165,2,11,class_11,11,class_11,1,1.0,1.968420660670021e-21,6.476820157322372e-21,2.9105108295106994e-23,2.1045720721701855e-11,2.5592449523677148e-23,2.8868704331900936e-30,1.813898864281866e-14,2.7777181732047476e-14,3.110833054420845e-17,3.46198505904535e-19,2.8483553428286324e-22,1.0
TCN,42,10166,2,11,class_11,11,class_11,1,0.9999639987945557,2.9767098870856585e-15,7.710163459798776e-16,5.7345329941004335e-18,3.2350985179618874e-07,1.9869341428787636e-14,6.756814029400449e-22,3.565501174307428e-05,1.0045737158792534e-10,6.469933638321435e-13,4.5034019915957124e-12,1.0955336204351949e-16,0.9999639987945557
TCN,42,10167,2,11,class_11,11,class_11,1,0.9999865293502808,7.446596982161983e-15,6.396253318663447e-12,1.4244940659791338e-19,5.744046120526036e-06,2.406317332892538e-11,2.1743978824320664e-20,8.400810090430054e-15,4.489426373766037e-06,6.198145837722768e-13,3.2454943266202463e-06,6.028810263514206e-13,0.9999865293502808
TCN,42,10168,2,11,class_11,4,class_4,0,0.9769294857978821,5.147374748659672e-10,3.908227341753445e-08,3.7660397735994437e-16,0.019900158047676086,0.9769294857978821,1.8192559082749082e-16,3.6532483704831975e-07,1.2212978184322765e-08,4.637349108638526e-15,0.003169986419379711,1.0938582938740948e-12,9.903641462472024e-09
TCN,42,10169,2,11,class_11,3,class_3,0,0.8195129036903381,1.5676894504768057e-10,2.3285842587483785e-08,8.435385636523796e-14,0.8195129036903381,0.005876961629837751,7.275120985341863e-16,0.00039966177428141236,1.0128770355777306e-07,1.7540526323078787e-13,0.17421038448810577,7.158643469673542e-12,2.801815313091538e-08
TCN,42,10170,2,11,class_11,3,class_3,0,0.9845197200775146,1.2335187038470252e-10,1.8110068999988016e-10,5.299433513002681e-14,0.9845197200775146,1.670461244884791e-07,1.019283466369179e-17,0.01297546736896038,9.63297850375966e-08,2.634594799266754e-12,6.910968750162283e-06,5.407123316800155e-13,0.002497562672942877
TCN,42,10171,2,11,class_11,9,class_9,0,0.9990822076797485,3.3547259192800993e-08,2.8747024316544412e-08,2.4619269368808376e-16,0.00019325606990605593,0.0005773446173407137,1.2267383357506163e-14,8.516284566439936e-08,2.1125690636836225e-06,9.702541547973453e-11,0.9990822076797485,5.7116085194763855e-09,0.0001449417177354917
TCN,42,10172,2,11,class_11,3,class_3,0,0.9957149624824524,5.3934832294766366e-11,1.1947812184054385e-10,4.328242222229961e-15,0.9957149624824524,2.451180307616596e-07,5.722702243389394e-19,1.5709305444033816e-05,1.4433740034291986e-06,2.4934099923656916e-12,0.002859136089682579,8.529402011070442e-12,0.0014085609000176191
TCN,42,10173,2,11,class_11,9,class_9,0,0.5680542588233948,1.7268243368562253e-07,1.4208518805958192e-09,1.1910184865263146e-18,0.0055233933962881565,0.4264220595359802,1.8278202054650372e-16,1.743908351059531e-09,2.3073833954612155e-09,1.245685629300275e-12,0.5680542588233948,1.08612834004429e-10,1.9955871266574832e-07
TCN,42,10174,2,11,class_11,3,class_3,0,1.0,8.203570743721411e-13,2.822162262997724e-13,7.16400283580741e-18,1.0,8.666829920400687e-09,7.9196590213364e-21,4.2432675428916156e-11,1.111746632254107e-11,8.675362400104277e-17,1.393720805431542e-09,2.7215681447260453e-17,1.3487964078962023e-09
TCN,42,10175,2,11,class_11,9,class_9,0,0.9998522996902466,3.347879484749683e-08,4.4410564115082707e-10,2.911012952905431e-16,0.00011321785132167861,3.3271953725488856e-05,3.3622979194006556e-15,7.90730481092794e-10,1.1505943575684796e-06,1.0831478942929795e-11,0.9998522996902466,4.653086249639671e-10,1.4737365106043399e-08
TCN,42,10176,2,11,class_11,3,class_3,0,1.0,1.269840295485921e-16,2.635924444905816e-16,1.0469859596335512e-19,1.0,7.110396160747712e-10,2.9031116692071337e-25,2.0673960807182645e-11,3.205664224489282e-18,1.1020793267075905e-22,1.600899020104426e-16,2.7605280188168304e-24,2.344288830644233e-15
TCN,42,10177,2,11,class_11,3,class_3,0,1.0,3.0925579014392352e-21,4.491737138746949e-22,3.406332107326942e-29,1.0,1.1863256315074611e-14,6.127713149648646e-35,2.1280932770546604e-22,5.879803358005791e-21,5.6021897038083014e-27,2.3700299501530544e-17,4.765879156990811e-29,6.054778553189752e-19
TCN,42,10178,2,11,class_11,3,class_3,0,1.0,1.366201696025855e-23,1.433997191081454e-23,8.944988397553978e-30,1.0,3.164079001323128e-17,1.9145152155190376e-36,4.8489664256801703e-23,4.043992058282497e-22,1.53636342785128e-27,6.7344007944137065e-18,1.4397198080905158e-30,1.245035862067865e-18
TCN,42,10179,2,11,class_11,3,class_3,0,1.0,5.836172811867887e-17,1.9467772478796351e-16,1.6200923500767856e-22,1.0,1.8089125683462548e-11,1.0645285989213872e-27,3.4162981756122486e-15,2.764364815258314e-16,4.9799148620790595e-20,2.6185128718103634e-11,1.361016847772861e-21,7.885746634676838e-13
TCN,42,10180,2,11,class_11,11,class_11,1,1.0,1.84372861069068e-22,2.475587269027442e-25,2.425631858237821e-32,9.194824013100669e-20,4.341953207652636e-27,1.2225525809691952e-34,8.407892920883382e-27,1.0703362501862657e-10,2.576392312055066e-19,1.5843275423357271e-21,1.4293134916465063e-20,1.0
TCN,42,10181,2,11,class_11,11,class_11,1,1.0,0.0,0.0,0.0,4.3511284213225954e-39,0.0,0.0,2.2981294814927e-43,8.872554952873823e-33,7.015816924822265e-35,0.0,0.0,1.0
TCN,42,10182,2,11,class_11,11,class_11,1,1.0,0.0,0.0,0.0,3.0828566215145976e-44,0.0,0.0,3.2650254218768238e-43,2.340882976710556e-31,3.6463526782987443e-31,0.0,2.802596928649634e-45,1.0
TCN,42,10183,2,11,class_11,11,class_11,1,1.0,5.7303690465204755e-39,1.0319442150980818e-40,8.407790785948902e-45,2.97344322938451e-32,0.0,0.0,6.182528824601093e-42,5.1839499978565625e-18,7.346343254103476e-28,2.088604644613802e-37,1.035824463046285e-31,1.0
TCN,42,10184,2,11,class_11,11,class_11,1,1.0,6.714452753348622e-38,3.5038487191517023e-40,1.401298464324817e-45,3.672048632159414e-32,1.401298464324817e-45,0.0,1.1088474748202277e-41,1.907414045766769e-22,5.3555785934198e-30,4.3084322584130826e-40,2.28774366173923e-34,1.0
TCN,42,10185,2,11,class_11,11,class_11,1,1.0,5.771850573362008e-26,1.622647135660394e-29,1.0489522835111943e-35,5.087714537860277e-12,2.272093470478402e-30,3.123497079576946e-39,3.303801085988107e-27,4.939811775964599e-17,1.0161859425365921e-22,1.31787630531027e-27,4.5109356852353196e-29,1.0
TCN,42,10186,2,11,class_11,11,class_11,1,1.0,0.0,0.0,0.0,3.875991552322444e-41,0.0,0.0,4.472944698124816e-42,7.3791653170891695e-31,3.4939743888528875e-33,2.802596928649634e-45,1.639519203260036e-43,1.0
TCN,42,10187,2,11,class_11,11,class_11,1,1.0,0.0,5.258933006764606e-41,1.856846582092172e-40,4.712045228287877e-36,0.0,0.0,5.648480311783471e-33,4.285560438137022e-27,7.077335662038691e-23,1.869332151409306e-42,6.91358623343935e-41,1.0
TCN,42,10188,2,11,class_11,11,class_11,1,1.0,4.203895392974451e-45,4.203895392974451e-45,0.0,1.7274123378862792e-35,0.0,0.0,7.006492321624085e-44,2.4403300399075226e-27,1.3472880288314165e-34,1.5488271666489338e-40,2.112919863462889e-40,1.0
TCN,42,10189,2,11,class_11,11,class_11,1,1.0,0.0,0.0,0.0,1.7721579198375258e-28,0.0,0.0,3.5032461608120427e-44,1.4269970283615095e-29,1.960684199597105e-39,2.802596928649634e-45,0.0,1.0
TCN,42,10190,2,11,class_11,11,class_11,1,1.0,0.0,4.203895392974451e-45,0.0,9.951442711067001e-31,0.0,0.0,1.7376100957627732e-43,1.2716883825500768e-29,1.9245635469987751e-34,1.4153114489680652e-43,1.0439673559219887e-42,1.0
TCN,42,10191,2,11,class_11,11,class_11,1,1.0,1.1210387714598537e-44,3.4892331761687945e-41,2.2420775429197073e-44,2.3386424213947948e-39,0.0,0.0,1.7067815295476272e-42,2.9649951567273355e-16,2.2148256426554936e-30,1.077769477478432e-38,7.197888395342789e-33,1.0
TCN,42,10192,2,11,class_11,11,class_11,1,1.0,0.0,0.0,0.0,5.428910510487206e-41,0.0,0.0,0.0,2.972979673187263e-31,2.2615836175431088e-40,0.0,0.0,1.0
TCN,42,10193,2,11,class_11,11,class_11,1,1.0,3.917465502711373e-36,4.3874729713716854e-35,1.1190152964773686e-39,1.048851366673736e-29,4.540207024412407e-43,1.401298464324817e-45,1.285207366159605e-36,5.482671608381118e-13,1.1151537436620857e-25,4.762005479926885e-30,2.983494862112205e-27,1.0
TCN,42,10194,2,11,class_11,11,class_11,1,1.0,4.806677406931354e-25,1.368134410174027e-26,2.2736342673311574e-32,2.845141081738655e-22,5.746066532017196e-31,9.818947216814429e-36,1.3893479003272714e-30,6.8385790363834076e-09,3.5385969117928774e-20,2.305585150572088e-23,1.1368257390013801e-20,1.0
TCN,42,10195,2,11,class_11,11,class_11,1,1.0,1.051981454223196e-28,2.726052002734323e-28,1.1941723993041582e-35,1.3462961214599778e-12,6.466020616669842e-32,9.446993727092187e-41,5.645069667351608e-28,2.22722813617986e-16,1.763583356168883e-24,6.141659629414677e-28,1.6789009914602378e-29,1.0
TCN,42,10196,2,11,class_11,11,class_11,1,1.0,1.1589097032373104e-38,3.176082420988643e-35,1.5792633692940688e-42,2.5215918549673692e-19,2.0739217272007293e-42,0.0,3.7493703845156366e-35,3.4567706546354834e-20,5.51734448360708e-31,1.6408873727865866e-34,9.150200954425733e-37,1.0
TCN,42,10197,2,11,class_11,11,class_11,1,1.0,0.0,0.0,0.0,1.9183775976606746e-42,0.0,0.0,4.203895392974451e-45,1.5086442353602052e-33,2.2828117925384086e-32,0.0,0.0,1.0
TCN,42,10198,2,11,class_11,11,class_11,1,1.0,0.0,0.0,0.0,4.904438126453571e-39,0.0,0.0,2.5077146863094413e-39,9.87869473054719e-34,6.483167693824609e-30,0.0,0.0,1.0
TCN,42,10199,2,11,class_11,11,class_11,1,1.0,0.0,0.0,0.0,1.449965559990818e-38,0.0,0.0,0.0,3.3712959339633953e-31,6.329665163355199e-42,0.0,0.0,1.0
TCN,42,10200,2,0,class_0,0,class_0,1,1.0,1.0,1.1245841525601272e-21,1.463312943852848e-15,3.1540156093410807e-14,3.583802752580049e-15,8.336730110092886e-21,2.095682066586695e-16,1.6631358827270097e-23,1.4046510841676883e-14,8.781525481860536e-21,8.115373035872687e-25,5.408186461005653e-19
TCN,42,10201,2,0,class_0,0,class_0,1,1.0,1.0,6.905097754766786e-35,6.461122203961708e-22,4.3122996186928846e-23,6.82648862268672e-23,3.0410942387750394e-29,5.205211168844173e-26,4.878362396928698e-35,6.096909188232551e-21,2.8286095051279404e-34,1.2293564432908003e-35,1.0410782833255337e-29
TCN,42,10202,2,0,class_0,0,class_0,1,1.0,1.0,6.335467632283265e-17,2.342283866862971e-10,2.6456725699119943e-11,3.217740201892638e-13,3.5131567637076923e-16,2.0301486186591333e-11,3.611304218311502e-15,2.5362199007616937e-09,1.3535083571311287e-15,1.6775211448841979e-18,9.484303126932117e-14
TCN,42,10203,2,0,class_0,0,class_0,1,1.0,1.0,0.0,9.832246267339949e-30,3.545160961808773e-29,1.5680286050319227e-27,1.0647105192504715e-36,4.92644057505481e-36,0.0,1.6393200142262063e-23,1.9898438193412402e-43,2.7703670639701633e-42,3.2409710687498554e-37
TCN,42,10204,2,0,class_0,0,class_0,1,1.0,1.0,3.773528815402593e-15,1.59699228667598e-12,1.0395535987584026e-08,1.6315271356148742e-09,2.350754444888862e-15,1.2844321092830846e-11,2.7666948176077532e-17,4.4441336027878364e-11,1.5272586797662746e-13,1.7479972432664455e-17,2.077901923875497e-13
TCN,42,10205,2,0,class_0,0,class_0,1,1.0,1.0,2.9851881036081237e-29,1.3605413982508149e-18,7.977303331832403e-20,1.0381172263737903e-19,1.5747799755631314e-25,6.291306830576295e-22,2.072682420725813e-30,1.6461091291435586e-20,2.390398043131599e-30,4.394230043507998e-32,6.370385226651643e-26
TCN,42,10206,2,0,class_0,0,class_0,1,1.0,1.0,2.2379495549714047e-17,8.799002325365901e-12,5.719393292302755e-10,6.608422697951255e-09,7.37005739098219e-14,4.276433721028816e-11,3.490831886893825e-17,4.264594899439089e-09,4.526999773852604e-15,7.540013499675027e-18,4.398582192921552e-13
TCN,42,10207,2,0,class_0,0,class_0,1,1.0,1.0,9.076949058378116e-15,3.7637320343675285e-11,6.049534650998112e-09,3.1587257254273027e-09,2.828654499487885e-14,2.0546055135017838e-10,5.281039726684933e-16,2.1585631060361266e-09,2.3598131912092035e-13,1.5228639922562555e-16,3.5941787740467745e-12
TCN,42,10208,2,0,class_0,0,class_0,1,0.9943517446517944,0.9943517446517944,1.0353577550858972e-07,4.942455416312441e-05,0.004451083019375801,0.0008791829459369183,1.0009969741986424e-07,0.0002643595216795802,1.5630849503622812e-08,1.2242547597907105e-07,2.423737877066401e-09,5.520027768213254e-10,3.883247700287029e-06
TCN,42,10209,2,0,class_0,2,class_2,0,0.5586757659912109,0.43888428807258606,1.0667421806997979e-11,0.5586757659912109,1.874795074741087e-08,2.882924801661524e-11,1.171989501974613e-11,0.0024399987887591124,1.1176880532204336e-09,5.641640973830242e-11,1.0354408608836551e-20,7.8422377917465355e-19,3.2361194887003952e-12
TCN,42,10210,2,0,class_0,6,class_6,0,0.9999725818634033,2.7118723664898425e-05,6.6654355646011965e-12,1.1817010481252055e-08,3.782065505220089e-07,2.2095553164902526e-10,2.845894161063352e-14,0.9999725818634033,7.332573992435698e-10,1.8737584400740914e-11,2.0934545329892584e-13,3.5501586866331696e-18,8.26377632989761e-09
TCN,42,10211,2,0,class_0,0,class_0,1,1.0,1.0,5.677683026858791e-40,3.884018296613872e-27,1.0602287677275482e-27,1.3203490375807478e-24,8.294232119749404e-34,1.2483757058698798e-31,2.6764800668604006e-43,1.1699405707157823e-28,2.733933303897718e-42,1.9716269393050176e-42,1.6501399138188744e-34
TCN,42,10212,2,0,class_0,0,class_0,1,1.0,1.0,5.628441398822417e-38,6.1532236831727555e-27,1.3312791392960828e-23,2.5868566617722606e-22,7.529407924317414e-33,1.7574817318081874e-28,1.0611612880792542e-40,1.7388927986963707e-24,1.1753534407328701e-35,8.134089169896979e-40,1.1892468118808627e-31
TCN,42,10213,2,0,class_0,0,class_0,1,1.0,1.0,8.396019878848574e-38,1.2170274677598374e-22,3.3887918320920434e-24,9.715132858993417e-24,1.0226950139936456e-31,8.728026581436267e-28,1.2642152649615318e-37,5.0742428555959415e-20,6.18008334578348e-36,5.02873890543304e-38,4.485554411212365e-30
TCN,42,10214,2,0,class_0,0,class_0,1,1.0,1.0,2.285826285238462e-25,2.7025426597650806e-17,2.11401305070536e-16,4.616794901261335e-16,4.1277478187269636e-23,5.071281807496943e-20,1.6276457664604295e-27,1.1675057452655967e-14,2.067911930565127e-23,2.002230204328805e-26,1.1044794227588622e-20
TCN,42,10215,2,0,class_0,0,class_0,1,1.0,1.0,6.445972935894159e-44,1.3771563904799102e-26,3.131868312434803e-27,1.6534610855093916e-26,1.721925310483802e-35,3.960313348570038e-31,8.909455636177187e-42,4.4999838275412573e-23,3.8902819940616285e-39,1.0245873981603765e-40,1.1042831234546641e-32
TCN,42,10216,2,0,class_0,0,class_0,1,0.9987325072288513,0.9987325072288513,2.9453921968070063e-08,9.700219152364298e-07,0.00043371127685531974,0.0008186696795746684,2.147419309039833e-08,1.1241227184655145e-05,6.037183253315703e-11,2.222450802946696e-06,1.062589571887429e-08,1.3207381369118032e-11,6.102223437665089e-07
TCN,42,10217,2,0,class_0,0,class_0,1,0.9999359846115112,0.9999359846115112,1.4012587097600449e-11,4.148632342548808e-06,1.2360558132584742e-09,1.336799052530091e-12,2.6650523801685644e-11,3.5370948392454693e-09,4.226393901518577e-09,5.9785023040603846e-05,8.685221595736148e-13,1.5630262709120935e-11,1.6237866162782666e-08
TCN,42,10218,2,0,class_0,0,class_0,1,0.9998961687088013,0.9998961687088013,2.4940472864026786e-12,5.2167045794249134e-08,1.0920628483290784e-05,2.583303171377338e-08,8.577115255016532e-13,9.285694977734238e-05,3.6005775184283495e-12,6.70056857221546e-11,2.075625268719867e-14,1.315371228076596e-16,1.3390839652405173e-11
TCN,42,10219,2,0,class_0,3,class_3,0,0.9925138354301453,0.007481944281607866,2.3123655523704656e-07,6.015515197077548e-09,0.9925138354301453,3.810367275036697e-07,9.575187170929311e-11,2.3769123345118714e-06,4.0431653580697e-09,1.9446033672210206e-09,2.2489443640694162e-09,1.293954526859764e-10,1.1684423952829093e-06
TCN,42,10220,2,0,class_0,0,class_0,1,1.0,1.0,0.0,8.476555885336749e-34,1.4177789859798753e-28,1.0561078746848423e-26,2.087920698859334e-40,1.3274980246826279e-35,0.0,1.0758162817324463e-27,0.0,0.0,6.867443156567291e-38
TCN,42,10221,2,0,class_0,0,class_0,1,1.0,1.0,1.1366078316379866e-22,1.0252781561031696e-14,2.9654181670987767e-13,2.338953954562212e-13,1.16329265901385e-19,5.047690408287609e-15,2.511126267306533e-21,9.567960573136913e-13,4.526713848947708e-19,5.497410847078311e-22,3.989544206721843e-18
TCN,42,10222,2,0,class_0,0,class_0,1,1.0,1.0,1.8763943773447145e-31,6.928395663614829e-20,1.724699526830479e-20,6.329564075270747e-20,3.1122059158535705e-27,3.137352831516795e-22,9.620574905547831e-31,1.242502207851615e-18,1.731738089552298e-30,5.8504577919035875e-33,4.4457356404914354e-26
TCN,42,10223,2,0,class_0,0,class_0,1,0.9991933703422546,0.9991933703422546,6.084473896939002e-11,0.0007837442099116743,7.387661753455177e-07,5.722844420574802e-09,2.2732018090804162e-12,2.203613257734105e-05,1.6257830637300685e-09,2.0960448932072495e-09,4.691761552258077e-16,2.100056409424112e-15,4.6321694924245094e-08
TCN,42,10224,2,0,class_0,0,class_0,1,1.0,1.0,0.0,8.281668543173566e-37,2.063173767979358e-40,4.0314367501909174e-38,0.0,2.14398665041697e-43,0.0,2.6809003130390124e-30,0.0,0.0,1.401298464324817e-45
TCN,42,10225,2,0,class_0,0,class_0,1,1.0,1.0,4.742334475341581e-31,1.2669519500963785e-23,1.3088093908891589e-14,4.4089216339999006e-17,1.052125898969025e-28,1.1719899471767042e-22,3.487362835082491e-37,2.9660172411254865e-21,1.3504957196526503e-31,1.9174698288924213e-34,4.935607477425995e-26
TCN,42,10226,2,0,class_0,0,class_0,1,1.0,1.0,1.401298464324817e-45,1.2345013836629436e-29,3.4371120789568957e-28,1.7504696616219165e-28,1.793399991522937e-39,4.4295246140397425e-31,2.802596928649634e-45,5.526940154207192e-27,4.498168070482663e-43,1.401298464324817e-45,6.517544499346001e-35
TCN,42,10227,2,0,class_0,0,class_0,1,1.0,1.0,0.0,2.802596928649634e-45,0.0,0.0,0.0,0.0,0.0,2.900827950998804e-41,0.0,0.0,0.0
TCN,42,10228,2,0,class_0,0,class_0,1,1.0,1.0,5.03668707032269e-41,1.7183514277181912e-25,1.1818586349663425e-21,6.1528109548449294e-24,2.6626627635704503e-33,3.512815714690643e-27,5.279490055236251e-40,1.8798878832155756e-19,7.096042580246456e-38,2.77520602782717e-38,1.1885003964779776e-28
TCN,42,10229,2,0,class_0,6,class_6,0,0.9996558427810669,0.000343877705745399,4.994424470348979e-13,1.9151387675719889e-07,4.401273123733063e-09,2.3461791537338073e-11,8.560794285375657e-15,0.9996558427810669,5.262798183358619e-11,1.704294760873637e-10,1.959980665112537e-15,1.0041293443562668e-19,4.551774068772829e-08
TCN,42,10230,2,0,class_0,0,class_0,1,1.0,1.0,2.017759086049055e-39,2.7126343011085997e-24,9.729601514628257e-23,4.789211533451695e-27,1.7607644933133098e-34,4.578353389560064e-30,1.018743983564142e-42,2.1685920390879502e-23,2.2981294814927e-43,8.793147863638227e-42,5.616061793892525e-32
TCN,42,10231,2,0,class_0,0,class_0,1,1.0,1.0,3.045054612779118e-28,1.8569032223297177e-18,2.3688808722051263e-18,1.2359791442590831e-17,1.4252760182298735e-24,4.345578807763126e-21,3.3678433603533352e-28,2.862903937896934e-14,3.817322375052538e-24,7.782228867284431e-28,3.4950337255410367e-22
TCN,42,10232,2,0,class_0,0,class_0,1,1.0,1.0,1.0324791236732798e-31,2.335479634109726e-22,3.6288573516801775e-22,2.339644591346085e-14,2.517959114473521e-26,1.2336982600427782e-26,3.213777089597986e-36,1.3956664338907487e-19,2.7740320033077683e-30,6.207571873657445e-33,3.1775116484105653e-28
TCN,42,10233,2,0,class_0,0,class_0,1,1.0,1.0,4.982781721448152e-21,2.6544687807420267e-14,4.023671673625273e-11,4.950387755969787e-12,3.8971241957606944e-19,1.408225071925992e-13,3.2920344448609585e-22,8.546177003923572e-13,2.350829206299805e-20,1.0728841210307764e-23,1.2576526825150137e-17
TCN,42,10234,2,0,class_0,6,class_6,0,1.0,3.9490444182272875e-16,1.3284006265285718e-26,1.7207123805686542e-18,2.225615007394032e-23,2.559109457618634e-22,9.692299621173988e-30,1.0,2.11248194062139e-23,7.457148482632406e-25,1.0044544684838569e-29,1.528748801732702e-38,7.659211027275136e-20
TCN,42,10235,2,0,class_0,0,class_0,1,0.9536242485046387,0.9536242485046387,8.124772521433954e-10,1.926529876072891e-06,7.21057904229383e-06,2.6551850496048246e-08,3.394428835234997e-11,0.046256013214588165,1.5839999889522005e-07,5.312723260431085e-06,1.0378647941067243e-09,1.7608299800880856e-13,0.0001050353967002593
TCN,42,10236,2,0,class_0,0,class_0,1,0.9999904632568359,0.9999904632568359,6.61211645332227e-13,2.072627722782272e-07,9.278643119614571e-06,2.457819547885265e-08,9.869346008842261e-13,7.048640782159055e-08,4.4733622595006725e-15,3.5903748862864404e-09,2.2138836614914604e-15,3.0418495000563724e-17,1.5282312915143592e-10
TCN,42,10237,2,0,class_0,0,class_0,1,0.9999997615814209,0.9999997615814209,1.3132012355448488e-16,1.7705123120641958e-13,2.0717497761779669e-07,5.2273250616963196e-08,1.2376644254954864e-15,8.990674871256488e-11,2.3879801003177e-17,4.985469814755561e-10,3.2241268980775714e-14,1.61188500434309e-17,8.878196029911412e-13
TCN,42,10238,2,0,class_0,0,class_0,1,1.0,1.0,2.1437737292896227e-26,6.38459397158085e-18,1.7625404019241078e-17,1.4747434218654732e-17,8.147761692488799e-24,3.711082125311992e-18,2.9200370497072e-26,6.543569227863543e-15,3.2704019540191896e-24,3.0510310141377946e-28,1.5565507365868397e-19
TCN,42,10239,2,0,class_0,0,class_0,1,0.9999997615814209,0.9999997615814209,1.8160757389563097e-14,2.88686763383339e-09,7.86746596759258e-08,1.1866853333319938e-10,6.242010675564435e-15,2.182233060921135e-09,6.729238341681917e-14,1.0050826659835366e-07,2.4029011812536256e-14,5.449300704074632e-16,1.301064145309283e-09
TCN,42,10240,2,1,class_1,1,class_1,1,1.0,0.0,1.0,6.445972935894159e-44,0.0,2.240255854916085e-40,1.921613935381864e-27,0.0,7.949641858231761e-39,0.0,3.1339757908989064e-32,1.355068226688277e-38,0.0
TCN,42,10241,2,1,class_1,1,class_1,1,1.0,0.0,1.0,4.673552344200014e-38,0.0,1.8043062646929667e-29,4.888116330228841e-23,0.0,3.4955530322428994e-40,0.0,1.1251110642737271e-30,2.690897586864225e-32,3.363116314379561e-44
TCN,42,10242,2,1,class_1,1,class_1,1,1.0,0.0,1.0,5.184804318001823e-44,2.6624670822171524e-44,6.618686356214524e-29,4.802739018862038e-24,0.0,6.019852646397011e-38,0.0,3.808911034717054e-26,1.4413998422491263e-32,1.2891945871788317e-42
TCN,42,10243,2,1,class_1,1,class_1,1,1.0,2.7095799114363853e-34,1.0,1.2390819183938606e-30,2.8529021534308185e-36,1.2153597236167594e-18,7.081735422549825e-16,2.530955109236391e-37,2.5782975462958507e-28,6.05042617629165e-38,1.7415271834223325e-14,9.634171180766371e-22,6.694262167070381e-34
TCN,42,10244,2,1,class_1,1,class_1,1,1.0,1.6367166063313863e-42,1.0,3.7735207667205993e-34,3.0199102944971268e-40,1.4510139164358152e-27,7.094646042040917e-20,3.1093411624903366e-40,3.0291857592476782e-33,1.401298464324817e-45,1.1201225859833008e-29,4.979411937597342e-31,5.2100658056779e-38
TCN,42,10245,2,1,class_1,1,class_1,1,1.0,0.0,1.0,0.0,0.0,1.401298464324817e-45,4.142744414751093e-33,0.0,9.80908925027372e-45,0.0,2.0739217272007293e-43,1.1210387714598537e-44,0.0
TCN,42,10246,2,1,class_1,1,class_1,1,1.0,1.653055643552324e-28,1.0,3.397015902666477e-21,8.496105904940162e-27,6.1038444999015685e-21,6.325235474280433e-15,1.8206649330846596e-29,7.385052630681131e-23,1.5420941286973014e-27,1.1258114801732458e-14,1.8594045648032898e-19,1.0312867755236577e-23
TCN,42,10247,2,1,class_1,1,class_1,1,1.0,4.4420845925031374e-29,1.0,1.4669192088815372e-28,1.1934828192088252e-38,8.784414168294674e-12,4.4477506122575505e-09,1.1091904005804173e-37,2.704605320362751e-32,2.4281397019669034e-33,4.514807723018936e-22,1.5346010093591712e-26,3.0242634768057286e-28
TCN,42,10248,2,1,class_1,1,class_1,1,1.0,1.0316247190482157e-39,1.0,2.5077579202907014e-35,9.660831872748154e-41,1.4410029711034892e-26,1.90858048453131e-20,5.016648502282845e-43,4.3179586803020694e-32,1.401298464324817e-45,1.927106949509729e-25,2.941239886909976e-29,3.3969011584864585e-35
TCN,42,10249,2,1,class_1,1,class_1,1,1.0,1.8658281419475234e-26,1.0,2.3287207041660513e-20,2.726519373222975e-21,2.1010302855552178e-15,2.963637093979926e-13,5.144934970902688e-21,2.6441860236539304e-21,5.173394498014105e-28,1.0943539682374656e-15,1.8657556316970778e-20,4.333543895305976e-21
TCN,42,10250,2,1,class_1,1,class_1,1,1.0,9.44601281816716e-41,1.0,7.803831147824906e-42,0.0,5.160684715947896e-19,4.2891287586635424e-18,0.0,2.1662350790314853e-31,7.286752014489049e-44,2.1292517359092814e-17,3.5080964400290406e-30,1.533121903202263e-32
TCN,42,10251,2,1,class_1,1,class_1,1,1.0,1.9445118140203324e-40,1.0,2.0544436785466143e-41,1.401298464324817e-45,5.354083371851866e-24,1.291203991529929e-19,0.0,8.193322725558027e-33,0.0,2.1659794895420393e-23,4.210001006407861e-28,1.1744562689199157e-40
TCN,42,10252,2,1,class_1,1,class_1,1,1.0,7.706650802183058e-30,1.0,1.1771836306718366e-21,1.166026545275077e-24,3.9924670494162994e-18,2.984277321788076e-14,9.525434417083079e-26,5.4969528281258525e-21,9.973885817964087e-27,1.3427895025994828e-17,3.797194904600186e-23,1.13330117411008e-20
TCN,42,10253,2,1,class_1,1,class_1,1,1.0,2.1000702704358864e-36,1.0,2.3518847104585458e-30,3.464533409632011e-35,1.5778341971454057e-18,2.0017572300436257e-18,4.909052671800997e-35,4.8150787861149665e-34,4.9525811364939145e-40,1.6038770301800418e-22,1.932943218279722e-27,2.4014811431291848e-33
TCN,42,10254,2,1,class_1,1,class_1,1,1.0,0.0,1.0,9.07813251071714e-36,0.0,4.783855384663526e-37,1.340890112736088e-25,0.0,2.9055773438579706e-36,0.0,1.3970573117015302e-33,8.897356345431612e-35,0.0
TCN,42,10255,2,1,class_1,1,class_1,1,1.0,9.288583327429275e-31,1.0,1.4552308604196725e-29,2.8509569855713418e-27,1.9986320490451718e-15,6.784527909094173e-14,1.531045164902849e-27,5.489221490321849e-28,1.4544716470791822e-35,5.3031401066805534e-18,2.6145045010062656e-23,3.379190889323524e-37
TCN,42,10256,2,1,class_1,1,class_1,1,1.0,1.961817850054744e-44,1.0,9.80908925027372e-45,1.8942752640742877e-41,1.4815664700208898e-24,5.467501532955655e-23,0.0,1.1399393775269447e-35,0.0,3.0108754315367576e-21,1.6417977959163634e-31,9.911356012200145e-40
TCN,42,10257,2,1,class_1,1,class_1,1,1.0,0.0,1.0,8.996476270811758e-41,0.0,1.981163485196498e-32,3.955037733685129e-27,0.0,1.8328983913368607e-42,0.0,8.585087074696263e-33,2.882340559822873e-35,9.80908925027372e-45
TCN,42,10258,2,1,class_1,1,class_1,1,1.0,4.181866981115265e-40,1.0,2.5564297191870517e-27,8.684126843113756e-41,2.0518488992473193e-32,2.337748275490468e-18,8.407790785948902e-45,2.311984758781195e-26,6.591427716491075e-41,4.740261520206166e-28,6.541925409015433e-29,4.5511749090199637e-36
TCN,42,10259,2,1,class_1,5,class_5,0,1.0,5.6594283872136e-21,2.045147498618352e-14,1.1090958421480428e-17,0.0,9.687534023798845e-22,1.0,0.0,1.7247889912301958e-23,4.142119014048564e-15,2.535766400789984e-23,3.1945675965718833e-18,9.950281427972683e-28
TCN,42,10260,2,1,class_1,1,class_1,1,1.0,0.0,1.0,2.1159606811304738e-43,3.1066786954081194e-42,1.9927146273716471e-32,5.400725775564473e-33,2.3342829818722803e-41,1.8178484458300122e-40,0.0,7.076000284080072e-34,2.991517180528822e-35,2.1720126197034665e-43
TCN,42,10261,2,1,class_1,1,class_1,1,0.9999808073043823,2.8105194254872414e-18,0.9999808073043823,3.5144233443556994e-12,3.413001342184552e-23,1.967361583159969e-14,1.914954191306606e-05,1.0609433228350632e-22,5.746413127494043e-17,9.267711388204948e-21,6.546942621279278e-14,1.8750886260354704e-12,1.3808526227060113e-21
TCN,42,10262,2,1,class_1,1,class_1,1,1.0,0.0,1.0,0.0,0.0,0.0,6.949291318310346e-40,0.0,0.0,0.0,1.2821880948572076e-42,0.0,0.0
TCN,42,10263,2,1,class_1,1,class_1,1,1.0,8.913659531570161e-42,1.0,1.593276353937317e-42,2.2244211822692146e-41,1.624864264355776e-22,6.467992342309319e-25,5.885453550164232e-44,1.0572276661657686e-35,0.0,5.1682787029962727e-23,1.349768882108178e-32,9.852697658483508e-40
TCN,42,10264,2,1,class_1,1,class_1,1,1.0,0.0,1.0,0.0,0.0,0.0,1.7601198081302807e-34,0.0,2.802596928649634e-45,0.0,5.6156222083668964e-36,9.80908925027372e-45,0.0
TCN,42,10265,2,1,class_1,1,class_1,1,1.0,7.567011707354012e-44,1.0,4.3373746768952473e-39,4.267202694476332e-37,7.13492487223735e-27,2.9933359096085568e-25,4.2376930303758086e-38,6.301755333685426e-37,0.0,3.8954862946159744e-28,6.778186035234361e-34,2.7605579747198896e-43
TCN,42,10266,2,1,class_1,1,class_1,1,1.0,1.448630192943647e-27,1.0,5.244863212941301e-23,4.613007605195924e-17,1.5825842818129915e-18,2.246572515810576e-16,1.948700291156924e-25,1.0934170937563159e-19,1.0035659828337313e-29,7.473127894286336e-09,9.168219108376033e-17,3.528078477772021e-23
TCN,42,10267,2,1,class_1,1,class_1,1,1.0,2.2455279601284143e-38,1.0,6.214863313587027e-35,2.319433143543926e-32,9.659257841076613e-24,4.0582381289243193e-23,2.1635002914242972e-32,1.850771958002528e-33,7.567011707354012e-44,2.9059608375815657e-24,2.8059057207094108e-31,9.409708156919635e-36
TCN,42,10268,2,1,class_1,1,class_1,1,1.0,6.903901579492708e-38,1.0,1.2820786843220798e-28,5.466157097209103e-34,9.192129591270722e-26,1.8023635235903708e-17,1.5432612091486356e-39,1.2294471163579333e-25,1.5405759625585824e-36,1.784703176153333e-19,3.5573877270977504e-25,2.44547982762017e-30
TCN,42,10269,2,1,class_1,1,class_1,1,0.5353849530220032,3.5956039937445894e-05,0.5353849530220032,0.06416172534227371,8.116732033158769e-07,5.881567267351784e-05,0.33654123544692993,1.457632592405389e-08,6.015611688781064e-06,0.00010806720820255578,0.06155529245734215,0.002147143939509988,8.190625955251107e-09
TCN,42,10270,2,1,class_1,1,class_1,1,1.0,0.0,1.0,0.0,0.0,0.0,5.54381943757404e-32,0.0,4.052064704364857e-40,0.0,0.0,1.1210387714598537e-44,0.0
TCN,42,10271,2,1,class_1,1,class_1,1,1.0,0.0,1.0,1.1210387714598537e-43,0.0,7.567011707354012e-44,1.7149817843355636e-29,0.0,6.0091674429260656e-36,0.0,1.2417045822228637e-40,2.7691759602754873e-40,1.3312335411085762e-43
TCN,42,10272,2,1,class_1,1,class_1,1,0.9999808073043823,2.8105194254872414e-18,0.9999808073043823,3.5144233443556994e-12,3.413001342184552e-23,1.967361583159969e-14,1.914954191306606e-05,1.0609433228350632e-22,5.746413127494043e-17,9.267711388204948e-21,6.546942621279278e-14,1.8750886260354704e-12,1.3808526227060113e-21
TCN,42,10273,2,1,class_1,1,class_1,1,1.0,1.401298464324817e-44,1.0,5.605193857299268e-45,2.802596928649634e-45,2.5940600566149535e-30,2.748085402040441e-26,0.0,1.2540883439286472e-32,0.0,3.912484588897805e-25,4.9784841434161254e-30,5.9401041902729e-42
TCN,42,10274,2,1,class_1,1,class_1,1,0.9999648332595825,6.693215968023059e-17,0.9999648332595825,3.65398197335891e-15,5.662305138111855e-14,3.514269337756559e-05,4.0557434743959675e-08,4.825964627919177e-10,4.4536287608749217e-17,8.802378672791255e-21,6.190072898704102e-09,1.2821920581480503e-14,1.8601488722582227e-18
TCN,42,10275,2,1,class_1,1,class_1,1,1.0,0.0,1.0,0.0,0.0,5.809974386350867e-35,1.249995772184183e-31,0.0,1.0481712513149632e-42,0.0,2.232634288030903e-27,6.107770952827828e-39,0.0
TCN,42,10276,2,1,class_1,1,class_1,1,1.0,0.0,1.0,0.0,9.753037311700727e-43,4.514447498118288e-29,2.971651775993857e-32,0.0,9.518510395517468e-38,0.0,4.372131184257043e-22,4.9972295996343124e-36,2.5223372357846707e-44
TCN,42,10277,2,1,class_1,1,class_1,1,1.0,0.0,1.0,0.0,0.0,5.605193857299268e-45,2.661844139018962e-30,0.0,6.950440383051093e-43,0.0,6.865063415463236e-37,2.802596928649634e-45,0.0
TCN,42,10278,2,1,class_1,1,class_1,1,1.0,1.0783454111472695e-38,1.0,1.1239136587082055e-31,3.39091418347145e-23,2.493200924159211e-21,9.73787729661275e-24,1.4850271874046548e-27,5.659467392994378e-30,6.073060789866503e-39,8.375385020089677e-16,2.0089005471353935e-27,3.835260145299335e-32
TCN,42,10279,2,1,class_1,1,class_1,1,1.0,0.0,1.0,0.0,0.0,1.8615388692363205e-36,3.4489730327517415e-35,0.0,1.5568425938648718e-42,0.0,5.926301300438945e-29,1.0948541083554801e-39,0.0
TCN,42,10280,2,2,class_2,2,class_2,1,1.0,0.0,0.0,1.0,0.0,0.0,0.0,0.0,0.0,0.0,0.0,0.0,0.0
TCN,42,10281,2,2,class_2,2,class_2,1,1.0,1.729269363336475e-30,0.0,1.0,0.0,0.0,0.0,0.0,5.605193857299268e-45,9.140609164513866e-29,0.0,0.0,0.0
TCN,42,10282,2,2,class_2,2,class_2,1,1.0,0.0,0.0,1.0,0.0,0.0,0.0,0.0,0.0,0.0,0.0,0.0,0.0
TCN,42,10283,2,2,class_2,2,class_2,1,1.0,2.802596928649634e-45,0.0,1.0,0.0,0.0,0.0,0.0,2.802596928649634e-45,2.0218399519210167e-34,0.0,0.0,0.0
TCN,42,10284,2,2,class_2,2,class_2,1,1.0,8.818250253491858e-36,0.0,1.0,0.0,0.0,0.0,0.0,0.0,7.194790086107609e-32,0.0,0.0,0.0
TCN,42,10285,2,2,class_2,2,class_2,1,1.0,0.0,0.0,1.0,0.0,0.0,0.0,0.0,0.0,0.0,0.0,0.0,0.0
TCN,42,10286,2,2,class_2,2,class_2,1,0.9999998807907104,8.82318035907298e-13,6.1494547461236666e-24,0.9999998807907104,6.502884935412615e-37,1.1103001777573213e-28,1.482503506622379e-07,1.401298464324817e-45,8.64614509207166e-27,8.085466818068211e-16,8.644013273273994e-39,1.4521116117631983e-25,6.519071264469627e-32
TCN,42,10287,2,2,class_2,2,class_2,1,0.9999438524246216,6.439351141066321e-15,9.190083483598732e-31,0.9999438524246216,0.0,3.0188125733321133e-37,5.615223926724866e-05,0.0,3.3325371030604284e-35,4.294776611169643e-13,0.0,6.608714463663335e-33,1.1943357895840597e-38
TCN,42,10288,2,2,class_2,2,class_2,1,1.0,4.398772594489957e-33,0.0,1.0,0.0,0.0,4.643417925192156e-36,0.0,0.0,2.6719829644045325e-33,0.0,0.0,0.0
TCN,42,10289,2,2,class_2,2,class_2,1,1.0,5.884332511392772e-37,0.0,1.0,0.0,0.0,8.135413161527624e-36,0.0,0.0,1.1184635893532134e-33,0.0,0.0,0.0
TCN,42,10290,2,2,class_2,2,class_2,1,1.0,0.0,0.0,1.0,0.0,0.0,0.0,0.0,0.0,0.0,0.0,0.0,0.0
TCN,42,10291,2,2,class_2,2,class_2,1,1.0,0.0,0.0,1.0,0.0,0.0,0.0,0.0,0.0,0.0,0.0,0.0,0.0
TCN,42,10292,2,2,class_2,2,class_2,1,1.0,5.70513588848536e-16,2.2393198879004367e-21,1.0,2.8116343109318154e-26,4.521189184594752e-35,4.267859216018159e-27,8.866861220988649e-35,5.611416504452654e-24,1.8630023884931763e-21,0.0,7.805863635959114e-36,3.410946439871434e-30
TCN,42,10293,2,2,class_2,2,class_2,1,1.0,0.0,0.0,1.0,0.0,0.0,0.0,0.0,0.0,4.2233989564710046e-36,0.0,0.0,0.0
TCN,42,10294,2,2,class_2,2,class_2,1,1.0,6.514622547661431e-40,1.401298464324817e-44,1.0,0.0,0.0,8.63132294093395e-33,0.0,9.528829557408756e-44,1.3240795330681468e-27,0.0,0.0,0.0
TCN,42,10295,2,2,class_2,2,class_2,1,1.0,1.2359650128380507e-32,0.0,1.0,0.0,0.0,1.401298464324817e-45,0.0,0.0,3.900229619327757e-28,0.0,0.0,0.0
TCN,42,10296,2,2,class_2,2,class_2,1,1.0,0.0,0.0,1.0,0.0,0.0,0.0,0.0,0.0,0.0,0.0,0.0,0.0
TCN,42,10297,2,2,class_2,2,class_2,1,1.0,5.730437159128663e-31,0.0,1.0,0.0,0.0,0.0,0.0,0.0,1.6251622797971422e-29,0.0,0.0,0.0
TCN,42,10298,2,2,class_2,2,class_2,1,1.0,0.0,0.0,1.0,0.0,0.0,0.0,0.0,0.0,1.292596603538581e-37,0.0,0.0,0.0
TCN,42,10299,2,2,class_2,2,class_2,1,1.0,2.952359672910757e-35,9.708195760842333e-42,1.0,0.0,0.0,3.167395357023948e-35,0.0,2.8042704153276694e-37,1.1009058803338561e-24,0.0,0.0,0.0
TCN,42,10300,2,2,class_2,2,class_2,1,1.0,5.1178166462132396e-39,1.401298464324817e-45,1.0,0.0,0.0,8.415708682791723e-38,0.0,2.467686595676003e-42,1.4768468962623673e-27,0.0,0.0,0.0
TCN,42,10301,2,2,class_2,2,class_2,1,1.0,3.2009677899445005e-28,2.9555206300614014e-40,1.0,0.0,0.0,1.9926360687550433e-27,0.0,2.1696924898360839e-38,7.491357598671315e-19,0.0,9.80908925027372e-45,0.0
TCN,42,10302,2,2,class_2,2,class_2,1,1.0,1.8216880036222622e-44,0.0,1.0,0.0,0.0,0.0,0.0,0.0,1.126082571798467e-28,0.0,0.0,0.0
TCN,42,10303,2,2,class_2,2,class_2,1,1.0,0.0,0.0,1.0,0.0,0.0,0.0,0.0,0.0,0.0,0.0,0.0,0.0
TCN,42,10304,2,2,class_2,2,class_2,1,1.0,1.4532027358176113e-26,7.644397013747886e-39,1.0,0.0,0.0,2.8811871523504216e-27,0.0,5.184804318001823e-43,2.6017384044201192e-24,0.0,0.0,0.0
TCN,42,10305,2,2,class_2,2,class_2,1,1.0,0.0,2.802596928649634e-45,1.0,0.0,0.0,0.0,0.0,0.0,5.605193857299268e-45,0.0,0.0,0.0
TCN,42,10306,2,2,class_2,2,class_2,1,1.0,0.0,0.0,1.0,0.0,0.0,0.0,0.0,0.0,0.0,0.0,0.0,0.0
TCN,42,10307,2,2,class_2,2,class_2,1,1.0,9.205619275452563e-23,2.2184356760086976e-38,1.0,0.0,0.0,8.597812065530143e-31,0.0,1.077123473415709e-32,5.129467693092485e-23,0.0,1.401298464324817e-45,6.206491028341047e-41
TCN,42,10308,2,2,class_2,2,class_2,1,1.0,2.4342935775315856e-14,9.24666048979872e-22,1.0,9.402907431948504e-25,7.010083318699343e-30,1.254133086604282e-22,4.264504342351534e-28,4.761043901934326e-22,1.6471094360733795e-18,6.6982066594726256e-43,8.543604848838584e-31,7.090627337202941e-24
TCN,42,10309,2,2,class_2,2,class_2,1,1.0,0.0,0.0,1.0,0.0,0.0,0.0,0.0,0.0,0.0,0.0,0.0,0.0
TCN,42,10310,2,2,class_2,2,class_2,1,1.0,6.066991664434454e-25,2.1002304444555525e-36,1.0,4.160455140580382e-42,0.0,2.999342184066601e-29,0.0,2.1338468547291157e-39,1.1091014509415058e-22,0.0,0.0,0.0
TCN,42,10311,2,2,class_2,2,class_2,1,1.0,0.0,0.0,1.0,0.0,0.0,0.0,0.0,0.0,1.401298464324817e-45,0.0,0.0,0.0
TCN,42,10312,2,2,class_2,2,class_2,1,1.0,2.9393518730103096e-09,2.0133835844253035e-17,1.0,3.789646550820148e-20,3.307250435762968e-23,1.2283884882807657e-16,3.4052301938900406e-20,3.3797894140456626e-19,5.337317141639713e-18,5.763774358915556e-34,2.6242515347716426e-27,2.0418982501439898e-20
TCN,42,10313,2,2,class_2,2,class_2,1,1.0,2.810060792270884e-24,4.087656884469645e-27,1.0,4.370257599464504e-32,7.2727390298458e-43,2.1227879262043304e-32,1.2359452455344887e-42,2.000389284932163e-27,4.2300053335158666e-23,0.0,6.417484538114435e-40,8.661348456316464e-38
TCN,42,10314,2,2,class_2,2,class_2,1,1.0,0.0,0.0,1.0,0.0,0.0,0.0,0.0,0.0,0.0,0.0,0.0,0.0
TCN,42,10315,2,2,class_2,2,class_2,1,1.0,0.0,0.0,1.0,0.0,0.0,6.860757281334304e-42,0.0,0.0,2.530425395996101e-36,0.0,0.0,0.0
TCN,42,10316,2,2,class_2,2,class_2,1,1.0,0.0,0.0,1.0,0.0,0.0,0.0,0.0,0.0,3.2369994525903274e-43,0.0,0.0,0.0
TCN,42,10317,2,2,class_2,2,class_2,1,1.0,6.796384042358658e-35,0.0,1.0,0.0,0.0,1.1866925416350526e-36,0.0,2.243478841384032e-42,6.475899903744777e-23,0.0,0.0,0.0
TCN,42,10318,2,2,class_2,2,class_2,1,1.0,0.0,0.0,1.0,0.0,0.0,0.0,0.0,0.0,0.0,0.0,0.0,0.0
TCN,42,10319,2,2,class_2,2,class_2,1,1.0,0.0,0.0,1.0,0.0,0.0,0.0,0.0,0.0,0.0,0.0,0.0,0.0
TCN,42,10320,2,3,class_3,3,class_3,1,1.0,1.5877246899797425e-25,2.945354621621907e-18,5.965391433482162e-26,1.0,6.0638566988538085e-21,1.0368388228355484e-34,1.7944041825507472e-26,1.4541017599156512e-25,5.966926309971725e-30,7.780819886981624e-24,3.977933494610085e-33,5.960643255041733e-24
TCN,42,10321,2,3,class_3,3,class_3,1,1.0,5.550775854997544e-19,1.2012480438733006e-15,6.003373155528703e-20,1.0,8.247832975540612e-16,3.3831277811332354e-28,2.147539334404818e-18,1.986756475071099e-17,1.0296313114710062e-24,6.962714224006918e-18,3.3019165527523164e-24,1.4530241715409413e-20
TCN,42,10322,2,3,class_3,3,class_3,1,1.0,1.4942772398474485e-21,9.676232991797266e-22,3.8968745106976786e-25,1.0,9.056306964973696e-21,3.433748303130492e-33,1.424847060135662e-16,7.64951750447178e-20,2.943285681919277e-27,1.7776367272766573e-19,1.938620017161425e-29,1.405154764203403e-18
TCN,42,10323,2,3,class_3,3,class_3,1,1.0,1.0910021265162824e-16,1.7541292985834236e-17,1.7633464067129795e-18,1.0,5.1134854924106e-16,6.064466200202099e-26,2.0737839884991255e-13,1.537376861015724e-13,2.848007486723866e-22,6.0123635231126005e-18,1.1779471975409926e-21,5.913804704972723e-17
TCN,42,10324,2,3,class_3,3,class_3,1,1.0,1.5823513543699414e-15,2.259145396423586e-16,2.4790265882114624e-18,1.0,3.1313738680895575e-15,1.1083728432322256e-24,2.2299604654149596e-13,6.677521898054359e-14,9.120028144915122e-21,1.5018234953231117e-17,2.34007355612495e-21,1.6607715704508759e-15
TCN,42,10325,2,3,class_3,3,class_3,1,1.0,1.8903849748255226e-21,8.662283034475756e-21,5.909633931188332e-24,1.0,2.0745440962411315e-20,5.345897927243038e-32,2.6631442192427473e-15,2.589990644337555e-19,3.1988330891941417e-27,2.9071530815640384e-20,4.6612349571687457e-29,2.0242950066035518e-18
TCN,42,10326,2,3,class_3,3,class_3,1,1.0,6.347760727325885e-16,1.7835448287532862e-13,1.9807480005376364e-17,1.0,4.495088993410924e-14,3.273310089746287e-24,2.3255320060052917e-14,2.1226746574227498e-17,3.5008649853524305e-22,1.3651221383674957e-17,2.5449727230982752e-23,3.413428957382543e-17
TCN,42,10327,2,3,class_3,3,class_3,1,1.0,5.794517587971649e-30,1.2014922384003278e-28,1.6218553989121008e-36,1.0,2.6708382393824144e-28,1.5834672646870433e-43,5.848763155766376e-25,1.8088253163673583e-31,1.3434637691826574e-35,8.606307245654101e-32,1.352953667305611e-41,1.6601267507159388e-21
TCN,42,10328,2,3,class_3,3,class_3,1,1.0,1.635213130397916e-27,7.85773331371368e-27,1.2599919410447057e-31,1.0,1.55146725733882e-23,2.2250237406088743e-40,1.8407971404580063e-23,1.3946182580252848e-26,6.805338118028433e-34,1.589020394016568e-26,4.3273492047413064e-36,3.6566473436493033e-23
TCN,42,10329,2,3,class_3,3,class_3,1,1.0,1.3468032614998247e-29,1.507853285031408e-29,3.458338603190785e-36,1.0,4.006528674454537e-28,8.407790785948902e-45,2.133094332192199e-27,4.552275993660024e-33,3.347694049475935e-36,9.942814273964699e-34,7.623063645927005e-43,4.506990726759702e-24
TCN,42,10330,2,3,class_3,3,class_3,1,1.0,2.2003521281793382e-20,3.4803429720288567e-16,5.422321447390051e-17,1.0,4.2313997720146783e-20,1.0893392665454359e-30,2.1413701438482153e-19,3.303177704681493e-23,4.7475929577254645e-27,3.6860186631163944e-29,2.0675158879550787e-32,4.859182509668667e-25
TCN,42,10331,2,3,class_3,3,class_3,1,1.0,5.582648063034582e-27,2.221976812453589e-22,9.120865252947737e-28,1.0,7.011341704409563e-22,1.7718998691848014e-37,4.496268344446663e-27,4.052863496317532e-26,4.7739323512388593e-32,3.2892029992328384e-26,6.402904527576427e-35,2.3667756168062652e-26
TCN,42,10332,2,3,class_3,3,class_3,1,1.0,3.5712932142396558e-40,5.126426223978051e-40,0.0,1.0,3.529301904457698e-39,0.0,1.921853490475463e-37,1.401298464324817e-44,0.0,8.407790785948902e-45,0.0,4.714468864537824e-30
TCN,42,10333,2,3,class_3,3,class_3,1,1.0,5.81471941164298e-35,4.702389285489419e-34,2.1019476964872256e-42,1.0,6.479106807530371e-32,0.0,4.287335971008346e-30,2.102656753510174e-39,2.8306228979361305e-43,8.367167143468126e-40,0.0,3.811710568891628e-29
TCN,42,10334,2,3,class_3,3,class_3,1,1.0,1.5010449248849939e-24,1.659041734071958e-24,1.7529689168366236e-28,1.0,2.9314396374923495e-21,1.929875868131784e-37,2.5237750624848837e-20,1.3489926953784585e-23,2.018922126986436e-31,1.854690748047376e-22,7.42212496302168e-33,8.331484298669137e-21
TCN,42,10335,2,3,class_3,3,class_3,1,1.0,2.3363428372666552e-23,3.9788381049887975e-21,5.110361245309761e-25,1.0,5.043979354286438e-21,1.1688128592993129e-34,5.546636272435081e-23,3.422855634840392e-25,2.4303687631047561e-29,9.821877560057447e-27,2.934564249642742e-34,2.311954161085353e-22
TCN,42,10336,2,3,class_3,3,class_3,1,0.9997585415840149,1.0757150378792879e-11,5.094397348415214e-09,2.2032698582252763e-11,0.9997585415840149,1.34384914307617e-09,3.243659401078895e-17,0.00017945695435628295,2.2412848466046853e-08,3.4595984998758884e-15,6.20190694462508e-05,8.8814301372293e-15,1.2082289613246644e-09
TCN,42,10337,2,3,class_3,3,class_3,1,1.0,5.253925548570639e-19,2.12430062567333e-19,1.2160814152751984e-21,1.0,5.683585120375945e-17,2.3898250789731436e-29,1.0098689462792465e-12,8.042826650107838e-17,1.2137575604216058e-24,1.5963321625599657e-15,1.0729484526375972e-25,4.911720060617808e-17
TCN,42,10338,2,3,class_3,3,class_3,1,1.0,8.984630633984982e-21,2.8177242513406395e-17,9.674239761170826e-22,1.0,1.1498727030605793e-17,9.374910880237279e-30,1.491174646120682e-20,4.5733694204351125e-19,3.163788783185154e-25,3.106641903447979e-20,1.7252141478150647e-26,5.347766604125366e-20
TCN,42,10339,2,3,class_3,3,class_3,1,1.0,4.144852812885827e-15,2.0606070018705513e-13,2.377894227551837e-14,1.0,1.1706682444181243e-13,2.0787403717756063e-22,4.6809120135549165e-08,9.011961316085504e-12,9.564573617664902e-19,7.647560427807842e-13,7.764202218993136e-20,4.1101865834447526e-13
TCN,42,10340,2,3,class_3,3,class_3,1,1.0,7.623063645927005e-43,8.412259099411655e-34,0.0,1.0,6.853011760793969e-34,0.0,4.680763886804832e-29,2.2529488164059392e-39,0.0,2.381927129659324e-41,0.0,3.615126265199094e-28
TCN,42,10341,2,3,class_3,3,class_3,1,0.998599112033844,2.704144200227354e-11,1.370506624853718e-10,3.4696626127761476e-10,0.998599112033844,5.182932971692367e-10,1.8476393205929097e-15,0.001400689478032291,2.4588337055320153e-07,6.805053380878629e-15,1.0318130377884316e-10,2.0316291915933524e-14,2.5844806850194857e-10
TCN,42,10342,2,3,class_3,3,class_3,1,1.0,1.1912017855685972e-40,9.294610366368263e-38,0.0,1.0,1.4296484252239558e-32,0.0,1.841179154977538e-35,1.8244906005509118e-42,0.0,7.134430871416941e-41,0.0,6.500667431039566e-33
TCN,42,10343,2,3,class_3,3,class_3,1,1.0,4.193542558811482e-19,1.7122729669715054e-17,1.2295956602863361e-20,1.0,1.226442585726753e-13,3.578614966795887e-28,4.966007080236945e-21,1.738742937212484e-21,5.262073002449603e-25,2.415185635102278e-20,7.989639485232784e-27,2.0151245786024077e-20
TCN,42,10344,2,3,class_3,3,class_3,1,1.0,0.0,1.401298464324817e-45,0.0,1.0,1.2589265403494157e-41,0.0,0.0,0.0,0.0,0.0,0.0,4.39547110992769e-39
TCN,42,10345,2,3,class_3,3,class_3,1,1.0,8.468959971641345e-19,8.084192343327246e-11,1.7430803847702023e-20,1.0,6.805647625313105e-12,3.916849011159747e-23,2.5942224368691313e-08,2.061554116525084e-17,6.85412210465225e-23,3.1544292578808723e-15,4.967902163945001e-21,5.4208712713978147e-14
TCN,42,10346,2,3,class_3,3,class_3,1,1.0,1.1098291543046833e-15,2.834601009590789e-14,8.098335101421576e-17,1.0,6.501359173238797e-11,1.1778613442309556e-22,1.843024896854505e-15,1.2070909830225792e-15,2.574751392514914e-19,1.451536803605849e-16,1.554105480836208e-20,8.950534701499944e-19
TCN,42,10347,2,3,class_3,3,class_3,1,0.999984860420227,1.5133214126272776e-11,1.4339144316366514e-09,3.989179930938454e-14,0.999984860420227,5.618825404951622e-10,1.4882163742466144e-17,1.5153306776483078e-05,8.220966962735332e-11,2.0281466738642314e-16,2.445466398826035e-11,5.988268297808135e-16,6.92222043574553e-11
TCN,42,10348,2,3,class_3,3,class_3,1,0.9999994039535522,7.511509881470409e-16,1.8394087522664165e-13,4.162691025211274e-12,0.9999994039535522,1.4243794979487776e-15,2.0373797631232218e-17,5.617051215267566e-07,5.307229322681906e-09,6.579154246647999e-16,3.197058774401934e-14,4.0266513635648496e-17,4.383695351162231e-10
TCN,42,10349,2,3,class_3,3,class_3,1,1.0,9.474589250253674e-26,7.450242991483328e-24,3.1292993626302335e-28,1.0,5.815889014427669e-22,2.8929344928012007e-37,4.73690936518225e-24,9.20594609713596e-28,4.058266117329708e-32,3.4018572668790565e-26,1.0990445288624216e-36,1.5432624728357973e-23
TCN,42,10350,2,3,class_3,3,class_3,1,1.0,5.089610906063864e-22,2.3657923865930065e-18,4.239449130073723e-26,1.0,1.3571385497606475e-14,3.195638560306747e-34,1.3154105274274983e-19,1.3810395582858606e-25,1.3126212211394952e-30,3.907621066035204e-18,8.322266785742592e-30,3.333084496421405e-25
TCN,42,10351,2,3,class_3,3,class_3,1,1.0,0.0,0.0,0.0,1.0,9.34666075704653e-43,0.0,0.0,0.0,0.0,0.0,0.0,1.1810101418375629e-38
TCN,42,10352,2,3,class_3,3,class_3,1,1.0,1.7937818969664087e-18,7.440248912675083e-23,2.2909817801435728e-28,1.0,7.036079069732748e-20,1.214192084028838e-33,5.1877236345851206e-20,1.3489250308343132e-24,8.880417835934624e-24,2.8350313559217047e-23,3.430033740981894e-31,9.382240908392247e-16
TCN,42,10353,2,3,class_3,3,class_3,1,1.0,1.778725702059751e-30,6.37863165808008e-25,2.722706073696617e-35,1.0,8.442892925600385e-20,4.245934346904196e-43,3.345990009128328e-32,1.4047009571260442e-38,9.254455318093957e-41,1.0353053996384504e-34,1.1350517561031018e-42,1.8078436389944675e-33
TCN,42,10354,2,3,class_3,3,class_3,1,1.0,6.248490745913791e-38,2.3281510791585983e-36,0.0,1.0,4.477271556224892e-34,0.0,4.895520263026608e-40,0.0,0.0,1.2275374547485398e-42,0.0,2.3549323474383396e-34
TCN,42,10355,2,3,class_3,3,class_3,1,1.0,5.9555184733804726e-43,2.107454799452022e-40,0.0,1.0,1.6765877515368204e-39,0.0,7.23754513865459e-38,0.0,0.0,0.0,0.0,6.297154094081703e-33
TCN,42,10356,2,3,class_3,3,class_3,1,1.0,4.307757397043667e-25,9.695145332465652e-23,1.378911432660332e-27,1.0,2.1647684984379262e-20,1.9167054282031958e-38,8.269497598046857e-26,1.6070574790584328e-27,2.1126091736837664e-32,1.1189334967337423e-25,8.369915037830151e-33,2.0123816895839977e-28
TCN,42,10357,2,3,class_3,3,class_3,1,1.0,4.389012937847885e-35,7.483142494396804e-31,4.656306003480183e-39,1.0,3.7669703887354894e-30,0.0,5.354036557887522e-26,2.1440594515716197e-34,2.645553409752752e-40,2.540863755697881e-35,2.382207389352189e-44,5.084150355657661e-25
TCN,42,10358,2,3,class_3,3,class_3,1,1.0,0.0,1.8685538814526077e-36,0.0,1.0,4.9636400494497134e-36,0.0,1.0505173612558744e-36,0.0,0.0,9.5708685113385e-43,0.0,2.4114161642429455e-31
TCN,42,10359,2,3,class_3,3,class_3,1,1.0,1.0391185493445688e-36,1.0499496026501738e-34,7.917336323435216e-43,1.0,5.218521218328613e-30,0.0,4.240718310082984e-30,6.666873625810323e-40,4.0637655465419695e-44,1.1834184133783515e-38,0.0,1.5740972441409241e-30
TCN,42,10360,2,4,class_4,4,class_4,1,0.9936105608940125,0.004924443084746599,5.037408268293575e-09,3.61200999665634e-11,0.0014649195363745093,0.9936105608940125,1.7254322970394753e-11,2.0572480607938815e-08,3.983380056797098e-18,1.9837620435225745e-10,2.1733696786707668e-10,6.152945796435356e-16,3.28672977722988e-10
TCN,42,10361,2,4,class_4,4,class_4,1,1.0,4.739468366377064e-12,1.3352180694425897e-08,2.912306274608576e-18,1.8162035985796977e-15,1.0,6.366036864324798e-11,5.859464762079502e-16,1.4478494308049538e-22,9.188206438953274e-18,7.865471295109838e-12,6.067793723140391e-20,1.7788488103310726e-14
TCN,42,10362,2,4,class_4,4,class_4,1,1.0,6.063412508086445e-15,8.195783703592679e-20,2.558896691001066e-28,2.164744846242286e-19,1.0,1.9673228565907665e-23,5.0868790088049693e-20,1.141464729761463e-31,1.687760215326529e-24,9.080220077936008e-19,4.511776398795028e-30,1.127403336035729e-26
TCN,42,10363,2,4,class_4,4,class_4,1,0.9999061822891235,3.314328367309827e-08,8.520108923937286e-11,7.25406046402045e-15,7.457377796526998e-05,0.9999061822891235,8.65984462416168e-15,1.4592885233533082e-10,2.3700167152632535e-16,2.2033379894897953e-12,1.9292514480184764e-05,5.558929531459796e-16,2.6088159410520007e-11
TCN,42,10364,2,4,class_4,4,class_4,1,1.0,1.1104425914469526e-16,4.412109089833608e-21,1.3579450624526813e-31,1.5464252187085781e-18,1.0,8.21751659477345e-26,8.278351272906459e-22,1.4937323548360552e-33,1.665653223540934e-27,1.270749365945141e-19,5.752402093919823e-32,2.664714514012642e-26
TCN,42,10365,2,4,class_4,4,class_4,1,0.9999759197235107,2.4100221708067693e-05,4.327267016934755e-11,1.4547810655782256e-12,1.8148051421015832e-12,0.9999759197235107,4.529227215499532e-09,1.5920567002312286e-13,5.851628164625557e-20,3.0929518928662914e-12,4.821309367367133e-13,1.1103051802035953e-17,8.510559336254164e-13
TCN,42,10366,2,4,class_4,4,class_4,1,0.9999778270721436,1.6354180162880816e-11,8.780404181507606e-11,8.913389367955563e-14,2.91949311947981e-11,0.9999778270721436,2.6499935668685033e-14,2.212963590864092e-05,6.875816865018434e-21,2.220245046429414e-19,5.061270887530937e-14,1.3111098986587993e-24,8.89863234406663e-17
TCN,42,10367,2,4,class_4,4,class_4,1,0.9998084902763367,9.91681346415585e-13,1.5809405650921149e-12,2.9427338032486094e-19,4.781739448844746e-09,0.9998084902763367,1.0896364182377328e-17,4.025679789521064e-11,3.557232580135358e-19,1.8843755034747983e-17,0.00019149227591697127,4.7214545248686233e-20,2.9548982592982683e-16
TCN,42,10368,2,4,class_4,4,class_4,1,1.0,2.2055070350387074e-17,4.664289626800659e-16,4.539827850800432e-24,5.463504116002523e-21,1.0,5.1816631482029765e-23,5.730636980032754e-15,1.7906142268652102e-28,1.0630925292583548e-26,1.9906035266639607e-16,5.6255450710578966e-30,2.998436884145281e-30
TCN,42,10369,2,4,class_4,4,class_4,1,1.0,8.24501437176467e-13,8.719593269469815e-16,1.417950340319629e-23,4.083084911843393e-11,1.0,5.394584057443587e-20,2.048558500296945e-15,9.565159726636779e-26,2.406258475749407e-18,3.1038904085844976e-11,6.353282204536482e-24,1.5642676244625358e-16
TCN,42,10370,2,4,class_4,4,class_4,1,0.9999935626983643,7.057618933714593e-09,9.161982283956149e-11,1.1982148129599524e-12,2.0227464148092622e-10,0.9999935626983643,2.7747631124210026e-13,6.47383285468095e-06,2.890836595014609e-18,8.001683930519091e-15,3.105125184754698e-11,2.468778214625191e-20,8.370959802335865e-15
TCN,42,10371,2,4,class_4,4,class_4,1,0.9893282055854797,0.01067176554352045,4.756386467149901e-22,6.388450287596573e-19,3.2780961105316475e-12,0.9893282055854797,1.536561276019521e-17,8.162638964188591e-18,2.74796248919139e-27,4.2212807143011954e-13,2.713979266669057e-20,2.115829964910761e-25,2.0276624092464184e-16
TCN,42,10372,2,4,class_4,9,class_9,0,0.9921367168426514,5.246891246132868e-13,1.824004348507436e-15,1.9254707048460759e-19,0.00015776876534800977,0.007705559954047203,6.281008472339688e-22,5.108470612670557e-14,2.991880628335809e-14,3.131955144449611e-14,0.9921367168426514,3.681214784062295e-17,5.533815593261604e-13
TCN,42,10373,2,4,class_4,4,class_4,1,1.0,3.812353304869582e-20,2.7823341757228802e-27,1.1285992434754305e-34,1.1874248312026948e-23,1.0,1.10476565695026e-28,1.9021430763854606e-25,5.924896178299275e-38,1.669818426213129e-29,2.0093154694826123e-26,1.7464382760880195e-40,8.452088852045146e-32
TCN,42,10374,2,4,class_4,0,class_0,0,0.9906937479972839,0.9906937479972839,7.630140410881814e-19,5.943695188803666e-12,7.860091414942016e-22,0.009296974167227745,9.762956096892594e-07,4.69293105996947e-25,4.028952999020767e-27,8.365664143639151e-06,1.7917580164369173e-25,1.0610087793575348e-21,6.722405835116185e-13
TCN,42,10375,2,4,class_4,4,class_4,1,1.0,8.461756469124726e-12,1.644307520004551e-13,1.3328977718117228e-19,6.569660371269492e-10,1.0,2.1672330572236338e-18,1.708096337982301e-11,1.3023773961868982e-21,1.8950594096255638e-18,6.852252272537829e-12,1.6898243724369573e-21,7.439501956263096e-18
TCN,42,10376,2,4,class_4,4,class_4,1,1.0,6.192371268531893e-12,3.313819894488687e-14,5.024052056342153e-19,6.66664477528417e-13,1.0,1.507489417821304e-16,4.892308225201702e-10,3.851285598035471e-24,6.324881457521872e-20,2.44629264626239e-14,1.2013885665543864e-25,5.966001393947499e-20
TCN,42,10377,2,4,class_4,4,class_4,1,1.0,3.579621797952402e-15,2.065079353500632e-18,2.0229709350023568e-22,4.726975309222561e-19,1.0,7.749605954693913e-22,3.755610731258352e-13,5.237124497885179e-31,1.1977096397671783e-25,3.7688990192879855e-21,1.0337425890825818e-34,2.3270465848151687e-24
TCN,42,10378,2,4,class_4,9,class_9,0,0.9885993003845215,9.355114339443249e-14,4.711416634161757e-15,6.312494347069534e-21,5.809643425891409e-06,0.01139498595148325,6.468969413593612e-22,8.571841966700106e-14,3.165686368101529e-14,2.8340718681086393e-15,0.9885993003845215,2.5895509461431946e-17,1.0147174848420745e-13
TCN,42,10379,2,4,class_4,4,class_4,1,1.0,1.6695110711121886e-16,6.434055649898765e-18,4.6396630371588396e-29,1.2653323927580786e-18,1.0,1.0028763444525756e-23,1.0043327306205525e-20,8.069102213098088e-32,4.2050298345540077e-26,6.229063336905567e-18,1.881040278965492e-29,2.675523079379576e-25
TCN,42,10380,2,4,class_4,4,class_4,1,1.0,1.616737907560816e-17,9.494993252488472e-19,8.959908524170999e-31,4.76447456621953e-16,1.0,1.6538576730035398e-27,8.392189985225152e-20,1.4479423205448566e-31,5.335751131883048e-25,6.513392798203343e-13,6.815669869073343e-29,1.3705471189118582e-27
TCN,42,10381,2,4,class_4,4,class_4,1,1.0,2.3621039882416325e-18,3.8141491820612865e-24,2.148030785767476e-33,2.9036062215702905e-20,1.0,1.2518921398562404e-28,5.292380318987048e-21,5.195390238691844e-34,3.9567106445830725e-28,3.069243840108235e-19,4.248801874398488e-36,3.9298448848238427e-28
TCN,42,10382,2,4,class_4,4,class_4,1,1.0,2.705198803680531e-13,2.5152423546725977e-11,4.270298909672265e-21,4.0446275885799854e-13,1.0,1.6159734272386944e-17,2.304654846141136e-14,1.486441452921452e-23,7.274976747015019e-21,3.879829443831362e-11,3.248994395820492e-21,2.723082919222783e-18
TCN,42,10383,2,4,class_4,4,class_4,1,0.9999967813491821,7.354661042506538e-13,3.270677325417637e-06,8.556432065697298e-15,1.7395445977771984e-12,0.9999967813491821,4.933800330092497e-12,3.985805296924383e-10,4.3300971532469156e-19,6.261439806466352e-19,3.051398300701891e-10,9.756695248480958e-17,1.2650441203146038e-17
TCN,42,10384,2,4,class_4,4,class_4,1,1.0,8.828317732019468e-20,7.033928723257537e-21,1.8269164389127422e-32,1.9776030520938915e-21,1.0,3.642372020566001e-26,6.22563270871258e-21,9.474573074532134e-37,6.265585758357461e-29,2.369954042114686e-20,8.261699165646695e-36,3.820215319044234e-27
TCN,42,10385,2,4,class_4,4,class_4,1,1.0,1.902563901508194e-14,1.3763134729116722e-11,2.3661172617785867e-18,1.0252155603683675e-14,1.0,2.4479212884570184e-18,1.4571016393460923e-08,1.1165675303156615e-24,5.015238059174488e-21,6.39802880814111e-14,1.4970234968794518e-26,8.363008442619217e-21
TCN,42,10386,2,4,class_4,4,class_4,1,1.0,8.154720364184621e-18,2.396340646379345e-16,5.282700170525317e-28,4.9152926691930613e-20,1.0,9.282315488101771e-23,1.2870927746385696e-19,8.109208390575015e-34,6.800369107981571e-30,2.9345835700549045e-21,7.702553834089722e-33,1.2182971567971973e-27
TCN,42,10387,2,4,class_4,4,class_4,1,1.0,2.2871476934582802e-10,4.1696965324966584e-11,3.4384376180749234e-20,3.458717036733394e-12,1.0,1.0985204174258911e-14,5.440476950104847e-15,2.0155069224437728e-22,2.086731575312177e-16,1.6040082456703075e-11,1.0130837683576093e-18,5.492336965816965e-15
TCN,42,10388,2,4,class_4,4,class_4,1,1.0,1.5563388793861377e-13,1.7722651620452438e-14,5.704419813076319e-23,9.918096820714893e-15,1.0,4.3149411364734128e-19,2.129207319354412e-13,2.240024281524231e-25,9.318258262863047e-22,1.476563142588372e-11,5.078296514702855e-25,4.718968459386989e-22
TCN,42,10389,2,4,class_4,4,class_4,1,1.0,1.0046182654839406e-16,2.2568457019717905e-16,3.4679057246894546e-27,6.211033198375688e-17,1.0,1.464107583955585e-20,1.0803238586353671e-19,5.913584445201467e-30,1.8526137997151416e-20,3.6119504515106976e-16,2.5161730840802941e-26,4.546058953912423e-20
TCN,42,10390,2,4,class_4,4,class_4,1,1.0,1.6170527102673388e-13,1.321497097406081e-14,3.9844312999580765e-19,4.191648418606312e-15,1.0,5.230109467771589e-19,1.4358848554607562e-09,9.376795149909557e-25,4.200569522738605e-20,1.7319934887878065e-14,9.88362499259744e-28,2.9587537067743473e-19
TCN,42,10391,2,4,class_4,4,class_4,1,1.0,3.637762490176517e-18,5.582677026578356e-17,4.858230507089717e-28,7.298977205080137e-18,1.0,2.1434650443196242e-24,8.265408379800547e-16,3.5814773801757324e-31,5.139328649157784e-27,1.7150719863398556e-12,9.434712321564176e-31,5.888539279055729e-27
TCN,42,10392,2,4,class_4,4,class_4,1,0.9999994039535522,6.204193141456926e-07,1.8090692789282659e-12,1.2472467504090967e-16,2.2167199174340235e-13,0.9999994039535522,8.07951275327845e-12,3.4414080438171287e-16,1.0744419582452616e-19,3.154768002389119e-09,1.947366747023782e-12,1.4530865099398548e-17,3.5394413094858024e-11
TCN,42,10393,2,4,class_4,4,class_4,1,0.9994125366210938,1.0733509567262267e-11,3.0773495751645896e-08,3.371385153556596e-16,0.00019895333389285952,0.9994125366210938,6.767653488125563e-16,3.5114641150357784e-07,5.973763692913858e-13,3.9909564625214128e-19,0.00038807973032817245,5.843331325533149e-14,6.980913937871093e-15
TCN,42,10394,2,4,class_4,4,class_4,1,1.0,2.8787599131676996e-19,5.171314549302019e-16,2.8630230522287245e-26,7.484637143935234e-21,1.0,2.2676570929579917e-25,2.41972897305849e-15,1.9534798879380227e-31,4.256673029715169e-27,1.645270344737975e-17,3.8477747520317766e-32,1.1006319083251753e-26
TCN,42,10395,2,4,class_4,4,class_4,1,0.99997878074646,2.0819589108267422e-10,4.124045993592063e-09,1.0885298987323206e-17,2.083307393263567e-08,0.99997878074646,1.4680741160493643e-14,3.1607706035829963e-11,2.7442397888875845e-15,1.1598988811794848e-14,2.1247731638140976e-05,5.6890010755104685e-15,2.1092249058034295e-15
TCN,42,10396,2,4,class_4,4,class_4,1,1.0,5.306158615790701e-13,1.1987462663027264e-19,1.0241046702981636e-23,7.069778493708147e-16,1.0,3.6470270422840814e-20,5.802733293869267e-12,4.870131405995069e-25,2.380933042162092e-23,3.599323837245096e-16,1.5738106078368377e-28,1.2878949055095028e-24
TCN,42,10397,2,4,class_4,4,class_4,1,0.9999998807907104,9.934697686730942e-08,1.106099161214104e-26,1.8738033716249122e-25,7.267213366160524e-20,0.9999998807907104,2.797081352986086e-21,1.8891907506937094e-26,3.738079088580979e-32,3.0881580353624063e-15,4.3009588951548595e-25,7.494029640955476e-30,4.355516890068875e-22
TCN,42,10398,2,4,class_4,4,class_4,1,0.9931325316429138,1.0479917628147817e-10,1.305414195127637e-21,2.430913052733296e-20,3.647431073484404e-16,0.9931325316429138,5.705707817704492e-18,8.295751524991717e-23,2.4367071730891357e-27,0.006867503747344017,9.673425416398052e-19,1.2715590555550503e-23,3.9907320341110025e-14
TCN,42,10399,2,4,class_4,4,class_4,1,1.0,4.060953504893272e-13,1.0959063645628235e-18,4.216066121877566e-25,1.4749056319835948e-18,1.0,1.8355218442661408e-18,5.501258755578588e-19,8.594890256771739e-32,1.2597814569034092e-22,7.309745696749326e-22,1.9173569230273668e-30,2.7323069616946556e-22
TCN,42,10400,2,5,class_5,5,class_5,1,1.0,1.4972347328757522e-26,1.70294723136749e-22,7.256371746555307e-23,0.0,2.6310708018791244e-32,1.0,0.0,7.840744426877404e-30,2.1683935616841966e-23,1.1229837737283365e-39,1.9934882156526628e-19,4.0536027292019044e-35
TCN,42,10401,2,5,class_5,5,class_5,1,1.0,0.0,0.0,5.74532370373175e-44,0.0,0.0,1.0,0.0,0.0,0.0,0.0,0.0,0.0
TCN,42,10402,2,5,class_5,5,class_5,1,1.0,0.0,0.0,0.0,0.0,0.0,1.0,0.0,0.0,0.0,0.0,1.7324011577220994e-35,0.0
TCN,42,10403,2,5,class_5,5,class_5,1,1.0,0.0,0.0,0.0,0.0,0.0,1.0,0.0,0.0,0.0,0.0,0.0,0.0
TCN,42,10404,2,5,class_5,5,class_5,1,1.0,6.22574486924087e-40,2.2171924300012132e-30,8.718848229915262e-34,0.0,2.802596928649634e-45,1.0,0.0,4.090670477057006e-41,8.447732763854586e-33,0.0,2.0563206016331016e-27,0.0
TCN,42,10405,2,5,class_5,5,class_5,1,1.0,0.0,0.0,5.994054181149405e-41,0.0,0.0,1.0,0.0,0.0,0.0,0.0,0.0,0.0
TCN,42,10406,2,5,class_5,5,class_5,1,1.0,0.0,0.0,0.0,0.0,0.0,1.0,0.0,0.0,0.0,0.0,0.0,0.0
TCN,42,10407,2,5,class_5,5,class_5,1,1.0,5.984015330118782e-25,1.6655413562853e-24,1.5825499547263383e-23,0.0,1.0523715342726005e-34,1.0,0.0,1.614546343295092e-29,2.3868531277114135e-23,3.384976570423028e-41,1.795930989746004e-19,4.908062685152413e-34
TCN,42,10408,2,5,class_5,5,class_5,1,1.0,1.8694944794121674e-29,6.22368739315856e-28,5.148371853211654e-28,0.0,1.401298464324817e-45,1.0,0.0,1.7473055844182037e-30,1.3374530220831016e-31,0.0,1.2807592045534417e-20,9.06952595975701e-40
TCN,42,10409,2,5,class_5,5,class_5,1,1.0,2.757980984169098e-24,1.7620631187106647e-17,9.324183057911973e-25,0.0,9.879651979678102e-31,1.0,0.0,8.895927228058002e-28,1.1331668643576525e-28,4.287762545544906e-37,1.9550788593905872e-20,1.6674345122085916e-33
TCN,42,10410,2,5,class_5,5,class_5,1,1.0,0.0,0.0,0.0,0.0,0.0,1.0,0.0,0.0,0.0,0.0,0.0,0.0
TCN,42,10411,2,5,class_5,5,class_5,1,1.0,0.0,7.370829922348538e-43,0.0,0.0,0.0,1.0,0.0,0.0,0.0,0.0,2.4655445147914974e-37,0.0
TCN,42,10412,2,5,class_5,5,class_5,1,1.0,5.8423131783780224e-12,4.743000436846501e-10,2.80555023657314e-10,6.028031891751198e-31,4.0603278715353535e-16,1.0,5.298818202998255e-31,5.599988788657084e-12,7.126356362657793e-12,4.4121353961157917e-17,5.508741462989519e-09,1.421367210560325e-16
TCN,42,10413,2,5,class_5,5,class_5,1,1.0,3.390461813131781e-38,1.3562191456271514e-34,5.232155448165383e-30,0.0,0.0,1.0,0.0,2.742901614069397e-41,7.079563960508483e-34,0.0,1.7182674650192758e-31,0.0
TCN,42,10414,2,5,class_5,5,class_5,1,1.0,1.810849047441734e-30,2.2425014049149823e-27,2.8811298502461494e-21,0.0,1.8249250030748525e-39,1.0,0.0,6.841959129242615e-35,1.5553664390211464e-23,7.174648137343064e-43,1.6282558702519323e-25,2.995976116726459e-42
TCN,42,10415,2,5,class_5,5,class_5,1,1.0,9.362762639691996e-22,2.490868729199537e-16,4.079907191357654e-23,0.0,2.1294836468807102e-28,1.0,0.0,5.44024167523636e-25,1.7259455697856243e-25,2.6221105043544854e-34,2.6233339949765953e-17,1.959773085024246e-30
TCN,42,10416,2,5,class_5,5,class_5,1,1.0,1.0418401848531436e-38,9.142504659146269e-34,1.818981080626524e-33,0.0,0.0,1.0,0.0,3.025309777739863e-38,1.405160049363046e-33,0.0,2.0931570178109647e-24,0.0
TCN,42,10417,2,5,class_5,5,class_5,1,1.0,3.7243736556035144e-24,5.029593649458375e-19,3.7601840576116285e-20,0.0,2.242008326506253e-32,1.0,0.0,8.786511446520751e-30,4.4018365687106437e-29,9.808712300986816e-39,2.229533468836882e-22,6.30988600368707e-37
TCN,42,10418,2,5,class_5,5,class_5,1,1.0,2.2434627137540706e-17,2.7301499602727652e-11,4.898084908044713e-15,5.139542377604132e-41,1.97274220479189e-22,1.0,4.7223758247746335e-43,5.1458796046998747e-20,3.492693363804557e-19,3.674729676427652e-22,5.822585212253846e-17,2.5960278403272243e-24
TCN,42,10419,2,5,class_5,5,class_5,1,1.0,5.295278130102618e-25,4.024155929939661e-22,3.021207111258001e-21,0.0,1.8963971181907644e-33,1.0,0.0,3.5136944262463006e-30,4.619914350962008e-23,4.7077332647573335e-36,1.875557507385665e-23,3.1508508480079754e-34
TCN,42,10420,2,5,class_5,5,class_5,1,1.0,1.1012433567768911e-29,2.9879886455448e-23,8.832443259983608e-24,0.0,1.4016543941347556e-39,1.0,0.0,2.305374630776171e-30,2.1974169256608326e-27,1.2767230308463408e-41,5.510044328257681e-24,1.7021572446153553e-41
TCN,42,10421,2,5,class_5,5,class_5,1,1.0,2.115870325405494e-37,1.300494304198898e-31,8.636920345583832e-11,0.0,0.0,1.0,0.0,3.567437378964444e-36,1.8292820603899777e-38,0.0,8.271609363625845e-34,0.0
TCN,42,10422,2,5,class_5,5,class_5,1,1.0,0.0,0.0,2.8306228979361305e-43,0.0,0.0,1.0,0.0,0.0,0.0,0.0,0.0,0.0
TCN,42,10423,2,5,class_5,5,class_5,1,1.0,2.4876426094587406e-29,2.542701908096506e-23,4.2749394817659796e-23,0.0,4.765334927327992e-36,1.0,0.0,5.6294648539489974e-33,4.719224970425397e-35,0.0,1.5671803484472167e-26,1.2611686178923354e-42
TCN,42,10424,2,5,class_5,5,class_5,1,1.0,6.0066199047386985e-37,9.492403662202782e-23,7.359610985490359e-28,0.0,0.0,1.0,0.0,9.47789942077481e-37,1.4876639800443054e-34,0.0,5.947059844185766e-32,0.0
TCN,42,10425,2,5,class_5,5,class_5,1,1.0,4.0790175211676216e-17,5.042356959456104e-16,5.771688682543186e-10,2.382207389352189e-44,2.670291082685214e-26,1.0,0.0,1.7521812779011036e-19,1.897485515472931e-15,1.6076209098636633e-28,4.347152656293887e-14,1.630356705450149e-25
TCN,42,10426,2,5,class_5,5,class_5,1,1.0,2.4317467228362483e-17,8.513122106433883e-16,5.213305678266559e-16,0.0,1.8498860171547283e-22,1.0,8.127531093083939e-44,1.9934719951578385e-20,9.456614636325911e-17,3.345653854795575e-27,3.1345308022356216e-14,6.072157815895133e-24
TCN,42,10427,2,5,class_5,5,class_5,1,1.0,2.534137341426443e-19,1.6949242776973482e-14,1.1262043360394158e-18,0.0,5.723046584124863e-26,1.0,0.0,3.1669767673183784e-25,4.028344639351422e-24,4.734995158812787e-31,5.897009360981748e-21,7.011824630202968e-29
TCN,42,10428,2,5,class_5,5,class_5,1,1.0,1.3368386263567178e-27,3.359564220009243e-22,3.300912348597188e-22,0.0,1.1243206124633024e-39,1.0,0.0,1.0580090507118396e-30,2.997793300988206e-32,0.0,1.8379185820844742e-25,4.198654536717876e-40
TCN,42,10429,2,5,class_5,5,class_5,1,1.0,8.049268096916663e-33,4.185628844444127e-28,2.433375410581843e-28,0.0,1.9197788961249994e-43,1.0,0.0,8.042665308413896e-34,9.40104487031284e-32,0.0,1.0026964841661852e-23,1.6815581571897805e-44
TCN,42,10430,2,5,class_5,5,class_5,1,1.0,1.0527245742922378e-27,1.413617418259709e-25,4.8754642289738795e-26,0.0,6.22164097050631e-37,1.0,0.0,1.9635639470417883e-33,2.622221412017264e-26,1.3732724950383207e-43,1.5540802170924016e-22,1.1326819922441128e-37
TCN,42,10431,2,5,class_5,5,class_5,1,1.0,0.0,2.3850144704359245e-38,4.2319213622609476e-43,0.0,0.0,1.0,0.0,0.0,2.1579996350602183e-43,0.0,5.7000396980624444e-33,0.0
TCN,42,10432,2,5,class_5,5,class_5,1,1.0,0.0,0.0,0.0,0.0,0.0,1.0,0.0,0.0,0.0,0.0,0.0,0.0
TCN,42,10433,2,5,class_5,5,class_5,1,1.0,0.0,0.0,0.0,0.0,0.0,1.0,0.0,0.0,0.0,0.0,0.0,0.0
TCN,42,10434,2,5,class_5,5,class_5,1,1.0,2.351378823137043e-42,2.7507554848338026e-29,3.155611140951325e-36,0.0,0.0,1.0,0.0,1.2604453236769895e-36,7.006492321624085e-45,0.0,3.8287602586439547e-22,0.0
TCN,42,10435,2,5,class_5,5,class_5,1,1.0,0.0,0.0,0.0,0.0,0.0,1.0,0.0,0.0,0.0,0.0,0.0,0.0
TCN,42,10436,2,5,class_5,5,class_5,1,1.0,3.5957318594574806e-42,1.1393680356329151e-38,8.14883047100927e-36,0.0,0.0,1.0,0.0,4.203895392974451e-45,3.8039837343906107e-36,0.0,1.1292058886740354e-35,0.0
TCN,42,10437,2,5,class_5,5,class_5,1,1.0,0.0,0.0,0.0,0.0,0.0,1.0,0.0,0.0,0.0,0.0,0.0,0.0
TCN,42,10438,2,5,class_5,5,class_5,1,1.0,0.0,0.0,1.27049846306781e-39,0.0,0.0,1.0,0.0,0.0,1.850526726018067e-39,0.0,3.9790010024349613e-38,0.0
TCN,42,10439,2,5,class_5,5,class_5,1,1.0,8.085899322074728e-31,2.9423103524768404e-26,1.1797874171871968e-27,0.0,1.2706133695418846e-40,1.0,0.0,8.51133517791981e-31,4.033514579140376e-30,0.0,3.5822726539808525e-22,2.8838722395804735e-42
TCN,42,10440,2,6,class_6,3,class_3,0,1.0,1.2224142241726617e-24,1.7433485809118984e-25,2.817157787734352e-30,1.0,2.0412030882438248e-22,8.199934951592954e-37,1.0879945371001186e-21,1.956373940542842e-23,3.031573223539029e-29,7.287909616685138e-24,4.40229797551647e-33,4.667628719187061e-19
TCN,42,10441,2,6,class_6,3,class_3,0,0.9999988079071045,1.052098200227114e-10,1.2162478055938175e-12,5.036245942849349e-13,0.9999988079071045,1.8485961025827002e-11,9.19264219498809e-19,1.2165160114818718e-06,8.097793963157685e-11,1.717926304412986e-14,1.6095265398252678e-10,1.8064372557582964e-16,2.1315729736848255e-10
TCN,42,10442,2,6,class_6,3,class_3,0,0.9995092153549194,9.719846039146773e-10,3.588248032038166e-10,1.643589951638713e-11,0.9995092153549194,1.9670663320425774e-08,9.632053455613937e-14,0.0004907443653792143,1.6044227280076484e-08,6.457636075180018e-13,1.1211052225457152e-10,1.1095902571322397e-13,1.6092590371385995e-08
TCN,42,10443,2,6,class_6,3,class_3,0,0.9947448968887329,1.7126114970622552e-09,3.114323376962602e-08,2.064473569873826e-08,0.9947448968887329,1.3368274487390863e-08,2.5324360664047418e-14,0.005255003459751606,9.20143250482397e-08,1.0366163222946811e-12,5.007187997563278e-09,2.7345169856772544e-13,1.0590692767209475e-09
TCN,42,10444,2,6,class_6,3,class_3,0,1.0,2.322897648836036e-15,4.408335328381723e-16,1.259202674226331e-18,1.0,4.21120132716073e-15,8.59223669206562e-24,3.751835786491853e-10,4.289310986552488e-17,4.584069458061851e-22,6.873825912369852e-19,1.2584021967195027e-23,4.669862044802409e-16
TCN,42,10445,2,6,class_6,6,class_6,1,0.9998860359191895,1.2266282434225673e-09,2.5711216142254578e-11,1.3558902889343472e-09,0.00011397209163988009,1.6039815309287775e-11,3.206491333302558e-14,0.9998860359191895,5.051117746290856e-09,2.346564782762517e-13,2.7136753673155656e-13,8.73967800883599e-16,1.6590859241993883e-10
TCN,42,10446,2,6,class_6,6,class_6,1,0.9999690055847168,2.4669637355145824e-07,7.993027351105297e-10,3.131191084193574e-09,3.06903020828031e-05,4.198782832531833e-08,6.240914729449543e-11,0.9999690055847168,4.1125929328700295e-09,9.268073808410549e-11,6.975146588789061e-12,3.816741471756192e-15,1.4159335037788878e-08
TCN,42,10447,2,6,class_6,3,class_3,0,1.0,6.1253361288623365e-18,1.5201984234118187e-18,2.158951054420882e-23,1.0,1.6767072756260215e-12,5.4525951176044645e-28,3.346272744252874e-16,2.3731872985511693e-17,1.0140449740398223e-21,2.90629434580858e-12,2.2346496735693473e-23,2.8752567275865115e-13
TCN,42,10448,2,6,class_6,3,class_3,0,0.9962683320045471,8.132171380736963e-09,2.1814995643243407e-10,7.527561039777364e-12,0.9962683320045471,6.546914619320887e-07,1.0554258882871162e-13,0.0037310211919248104,2.2969354196433756e-10,1.8639834142332445e-13,1.3937510000283648e-11,3.832572094023901e-15,3.4526756453878704e-10
TCN,42,10449,2,6,class_6,3,class_3,0,1.0,2.496882239608569e-15,3.3891286409170013e-16,2.4751546798411936e-16,1.0,7.502533208407491e-13,3.218891514164356e-22,1.1201761740409211e-10,3.3233222489041647e-13,3.8627256961172206e-20,2.8435113091519596e-16,1.5493767542305322e-19,2.399012664751018e-15
TCN,42,10450,2,6,class_6,3,class_3,0,1.0,2.729076079704962e-12,2.6857498430093996e-13,3.032923758025782e-16,1.0,1.2374937741199687e-09,6.53527032268076e-20,4.282821652878965e-09,1.1385213084802448e-11,3.862558330906124e-15,5.837387462293009e-09,8.23581913667279e-17,9.230258779524547e-10
TCN,42,10451,2,6,class_6,3,class_3,0,1.0,5.759841398675183e-26,1.2227534312804188e-26,5.026912841468025e-32,1.0,3.1461346677719867e-24,1.0097742720939989e-39,5.097499515116074e-22,2.905224876579313e-27,1.0038056132346182e-32,5.5705647785634964e-27,9.95718385296967e-37,6.261958862300729e-20
TCN,42,10452,2,6,class_6,6,class_6,1,1.0,8.214883634449777e-11,3.734889134077157e-12,3.8743630699500375e-12,5.5607888072017886e-08,2.686676159324719e-10,5.1850881308814975e-14,1.0,8.01384078454731e-13,5.21505141317085e-14,3.320879490587578e-15,4.069765319900578e-19,7.139757535190583e-12
TCN,42,10453,2,6,class_6,3,class_3,0,1.0,9.553709533857013e-26,2.2395128038348085e-24,1.1041205155578733e-29,1.0,1.4506579018452855e-22,9.78476158789427e-38,8.957752237056155e-24,1.9146461013990033e-29,1.9876215336104807e-31,2.0809307423341204e-29,8.474598531014667e-38,1.4214874664008953e-22
TCN,42,10454,2,6,class_6,3,class_3,0,1.0,4.883245611683655e-33,2.560210944466641e-31,2.5254943612247945e-39,1.0,2.4381423279354445e-28,0.0,2.5361734485657723e-30,3.395697596912123e-34,7.502509939041141e-40,4.8451380390893545e-31,3.2229864679470793e-44,5.98526764680582e-26
TCN,42,10455,2,6,class_6,3,class_3,0,1.0,1.098550729167971e-27,1.4854826713772464e-24,1.0007838807325668e-27,1.0,1.4310291808116504e-24,9.180845109762974e-40,9.255221823653684e-25,3.5758722018138364e-28,6.241287990374905e-33,1.0875775854879532e-32,8.301432232506649e-38,2.998394385792719e-28
TCN,42,10456,2,6,class_6,3,class_3,0,1.0,1.177870305690839e-22,3.528228235126268e-22,3.7692942551675803e-25,1.0,7.75822570982047e-19,4.412568398229299e-34,1.2672880028225188e-19,5.027322448987613e-22,2.3535844218753715e-27,1.1801658510402247e-19,5.067118298259087e-30,3.2548277558951596e-19
TCN,42,10457,2,6,class_6,3,class_3,0,1.0,1.73849982886903e-26,3.008365127337456e-26,1.1466893789729017e-30,1.0,9.754719476939218e-24,3.596154210814628e-38,2.3876191747592555e-22,2.7769689200838063e-27,8.043348307365922e-32,1.9040205653398867e-28,8.56018820449902e-36,1.8716776370182984e-22
TCN,42,10458,2,6,class_6,3,class_3,0,1.0,3.530585451273251e-14,5.125811409979926e-15,3.72622002683008e-17,1.0,1.5683225551565982e-11,2.401723502873628e-22,3.986641239350774e-09,2.0913238385510992e-14,4.8466671030880655e-18,4.062675543203831e-12,1.414010068702907e-19,1.8456661979998623e-12
TCN,42,10459,2,6,class_6,3,class_3,0,1.0,5.834566427118309e-18,4.212349285519699e-19,3.464886364751621e-22,1.0,8.931277390900505e-16,8.043180819169235e-28,3.669797772550042e-15,1.2699068049430734e-18,4.669186603102112e-23,2.4203516688333556e-19,3.7113948229527526e-25,8.414289640403761e-17
TCN,42,10460,2,6,class_6,3,class_3,0,1.0,9.178685890373159e-31,3.169644272735992e-27,3.9858546971720354e-37,1.0,7.009355731303451e-24,0.0,2.7095617922929933e-32,2.679142533942618e-41,5.938702891808575e-42,3.131903520632214e-35,0.0,5.4619289909659894e-33
TCN,42,10461,2,6,class_6,6,class_6,1,1.0,5.4711081261282346e-24,7.611521920288921e-15,1.263159422408438e-22,7.524678796722029e-12,3.7167040278784924e-12,1.1635997872634875e-25,1.0,1.0033973081943836e-22,2.087929060176882e-28,9.728121611570062e-22,4.054923599143145e-32,1.742092497181797e-17
TCN,42,10462,2,6,class_6,3,class_3,0,1.0,5.97668430231165e-20,1.1283776935418948e-15,3.097942249459716e-21,1.0,5.535411132283688e-16,5.644496992082645e-25,1.0165958075347703e-09,8.619971408437521e-18,5.141064263943596e-23,2.8433737808754703e-21,1.6638774514209627e-24,5.552759044669814e-14
TCN,42,10463,2,6,class_6,3,class_3,0,1.0,1.7342215242522642e-14,1.0446149018494486e-14,4.005238966228302e-16,1.0,5.5975779567063455e-11,7.774715207980481e-22,3.913540498612367e-12,4.483985069098778e-13,1.249955854803148e-19,1.51687432688348e-13,2.730685536232758e-19,4.8400788212673174e-15
TCN,42,10464,2,6,class_6,3,class_3,0,1.0,7.166568450391083e-34,3.9708554757817996e-32,4.770019972561677e-42,1.0,4.424466979817985e-27,0.0,9.033468478001388e-28,1.9438812297113862e-41,3.0996722030864954e-42,5.1111941096708405e-40,0.0,2.671601268752256e-29
TCN,42,10465,2,6,class_6,3,class_3,0,1.0,1.7078458437572512e-37,1.5477349271335188e-26,1.0159413866354924e-42,1.0,4.745984112887121e-26,0.0,1.9175908934229545e-30,2.2901420802460485e-41,1.401298464324817e-45,1.6161172946980572e-37,0.0,1.1370590333583098e-29
TCN,42,10466,2,6,class_6,3,class_3,0,1.0,9.426119551899213e-30,2.5100222406924583e-23,2.6140383866562902e-36,1.0,8.7177752213507e-21,2.3401684354224445e-43,3.93134023400871e-30,6.057112612044022e-41,3.861810411863477e-40,1.0279944217070608e-32,9.41672568026277e-43,9.988485829445594e-31
TCN,42,10467,2,6,class_6,6,class_6,1,0.9999911785125732,1.631082388023255e-14,3.38457083540189e-12,1.1400328245444666e-14,8.78314040164696e-06,3.1517014692505896e-11,1.192069998520992e-17,0.9999911785125732,1.5426769833359194e-13,9.286572689446549e-19,1.0594057064711084e-14,4.885803680355546e-21,1.6383004675102342e-10
TCN,42,10468,2,6,class_6,3,class_3,0,1.0,2.802596928649634e-45,1.7794710847875484e-39,0.0,1.0,4.230014125546598e-34,0.0,8.40376905935629e-40,0.0,0.0,0.0,0.0,5.363308218412393e-37
TCN,42,10469,2,6,class_6,3,class_3,0,1.0,4.9744520320667886e-18,1.7404510813332774e-18,2.2625637438925335e-21,1.0,4.66114353467632e-15,4.9041424952463935e-30,1.8355595719738793e-15,7.94006368650466e-17,1.4017721047740398e-24,1.0413151325374889e-13,1.0607609066393399e-23,1.656332079850691e-20
TCN,42,10470,2,6,class_6,3,class_3,0,0.8522987961769104,2.7716476225236875e-08,2.4617338567622937e-06,2.886425039955176e-12,0.8522987961769104,0.06996112316846848,2.762278253354289e-13,0.04872319474816322,4.190200630915797e-09,1.10513573119142e-12,0.02901413105428219,4.718713484189174e-13,2.4242237373073294e-07
TCN,42,10471,2,6,class_6,6,class_6,1,1.0,1.104010836856806e-22,3.0827286413120703e-25,1.3472478385941035e-25,4.3779977349537895e-18,1.1716767472561137e-15,2.7407094656088504e-30,1.0,7.209286568134097e-27,1.438455669710698e-32,2.0943325816397097e-30,8.827045273490244e-40,1.0350116347231484e-22
TCN,42,10472,2,6,class_6,3,class_3,0,1.0,4.058697333111889e-18,4.922318520665658e-13,2.7095372098444192e-20,1.0,2.5512322289478195e-12,1.846470943632718e-25,5.694758841526434e-18,3.926346502028155e-24,2.059822134864992e-27,6.813841289109855e-24,1.5221824590033667e-26,5.82708099429771e-22
TCN,42,10473,2,6,class_6,3,class_3,0,1.0,2.2470137008381993e-35,1.2451535757961968e-27,9.121514693302847e-38,1.0,7.022662800965007e-30,1.1911036946760945e-43,6.158664097657834e-22,1.978035109019876e-34,7.828325844981304e-40,2.314820347501273e-39,1.8216880036222622e-44,4.979981075908e-24
TCN,42,10474,2,6,class_6,3,class_3,0,0.9998996257781982,2.9775126808573305e-11,1.5552515872374606e-12,6.26773006867816e-14,0.9998996257781982,4.29459534601051e-09,1.9977346507247803e-18,1.5599109246977605e-05,1.5727826818690005e-09,4.6173557429515354e-15,8.478982636006549e-05,8.701943855706114e-15,3.0086655389283123e-11
TCN,42,10475,2,6,class_6,6,class_6,1,0.999541163444519,1.0787373598553085e-11,5.079306975019904e-10,9.55670885851613e-14,0.00044063563109375536,1.823670208978001e-05,1.141921220972899e-15,0.999541163444519,5.3247815878787463e-11,4.34586855434585e-15,4.782969131866821e-09,2.5121440461649723e-17,1.5345737180982866e-10
TCN,42,10476,2,6,class_6,3,class_3,0,0.9991363883018494,2.750350284569077e-15,1.8023409893430653e-06,3.0428347548839843e-18,0.9991363883018494,0.0008618609863333404,3.011182740443431e-19,3.459463115973449e-08,1.9381991533168887e-17,4.2529005225804043e-19,5.2242082188014294e-11,2.075865499175109e-17,8.618308150465381e-11
TCN,42,10477,2,6,class_6,3,class_3,0,0.9999943971633911,1.0046775633654192e-09,1.686293216174306e-09,7.4110273473593224e-09,0.9999943971633911,8.157645083883835e-07,8.550200613710937e-14,3.5967586882179603e-06,1.2292165365579422e-06,1.7416512568084463e-13,1.4401212861114843e-11,8.023894049191682e-12,3.33438859856372e-10
TCN,42,10478,2,6,class_6,3,class_3,0,0.9197835326194763,5.4756874636830426e-24,5.532525926307103e-16,9.455168172694473e-28,0.9197835326194763,2.17685071357554e-11,1.6959184422450015e-26,0.08021648973226547,2.648061500066055e-24,3.3982971567512183e-32,1.0701442379751657e-20,3.549449273346053e-32,1.0672055496021004e-19
TCN,42,10479,2,6,class_6,6,class_6,1,0.8849350214004517,1.9313321786285087e-07,1.1102083696812315e-09,1.865614080998057e-06,0.11502862721681595,4.6891935312487476e-07,6.208023244774763e-12,0.8849350214004517,3.379158806637861e-05,4.80546678838234e-12,2.8118753527851814e-13,9.772609804725718e-12,1.3158783396249873e-08
TCN,42,10480,2,7,class_7,7,class_7,1,1.0,0.0,0.0,3.441020437516866e-36,0.0,0.0,0.0,0.0,1.0,1.2848515086342465e-33,7.225231265106481e-26,1.1696123757624223e-17,0.0
TCN,42,10481,2,7,class_7,7,class_7,1,1.0,0.0,0.0,1.2094911902844035e-32,0.0,0.0,0.0,0.0,1.0,0.0,0.0,1.4313614182803747e-10,0.0
TCN,42,10482,2,7,class_7,7,class_7,1,1.0,1.2064130848583784e-32,6.909329088704731e-38,2.5903766978641052e-11,1.1457016244319704e-41,2.8293463150351306e-39,1.4595378298006208e-39,0.0,1.0,1.5281304309277252e-31,3.881201243701172e-36,8.963024766828198e-11,9.049541326352272e-28
TCN,42,10483,2,7,class_7,7,class_7,1,1.0,1.8880184664310774e-39,2.632339165234169e-41,1.3047415518867893e-18,1.5414283107572988e-44,5.592722300966777e-41,0.0,0.0,1.0,1.1347257524991683e-25,2.5382339020836677e-31,8.399963363769913e-11,3.435859784858157e-32
TCN,42,10484,2,7,class_7,7,class_7,1,1.0,0.0,0.0,1.6267062906216356e-37,0.0,0.0,0.0,0.0,1.0,0.0,0.0,9.151429761165162e-28,0.0
TCN,42,10485,2,7,class_7,7,class_7,1,1.0,0.0,0.0,6.759048250932088e-28,0.0,0.0,0.0,0.0,1.0,0.0,0.0,3.4383512204951006e-13,0.0
TCN,42,10486,2,7,class_7,7,class_7,1,0.9999998807907104,3.5926154242486438e-31,3.328799340969613e-34,1.62331316625e-17,1.819581885661545e-36,2.0092104277588126e-31,4.4395377427353125e-40,0.0,0.9999998807907104,2.7949618642251323e-19,4.4389727334226765e-19,8.932760664492889e-08,1.5849306941176504e-30
TCN,42,10487,2,7,class_7,7,class_7,1,1.0,5.240856256574816e-42,0.0,5.178986603988515e-19,0.0,5.605193857299268e-45,0.0,0.0,1.0,3.2440982763484874e-31,5.032247756787709e-39,7.11882267544206e-14,2.016314347332336e-40
TCN,42,10488,2,7,class_7,7,class_7,1,0.9310606718063354,5.708197510179241e-25,1.7772509209697374e-32,2.843086660195282e-12,1.0940379876457023e-34,2.280941275397719e-30,8.835538543482517e-39,0.0,0.9310606718063354,2.8960508314034136e-19,4.2951722560241406e-16,0.06893934309482574,2.245362601877475e-24
TCN,42,10489,2,7,class_7,7,class_7,1,1.0,0.0,0.0,4.8084500426050976e-35,0.0,0.0,0.0,0.0,1.0,1.3942934433208814e-19,2.656256421920351e-29,1.7201970319009043e-22,4.203895392974451e-45
TCN,42,10490,2,7,class_7,7,class_7,1,1.0,0.0,0.0,5.420174815860605e-38,0.0,0.0,0.0,0.0,1.0,0.0,0.0,1.2928260439431257e-33,0.0
TCN,42,10491,2,7,class_7,7,class_7,1,0.9259575605392456,1.4377189068280094e-20,5.8111160679302645e-39,1.4027924656209223e-19,0.0,1.5364665931548175e-38,1.371711448549063e-38,0.0,0.9259575605392456,6.649010241846216e-20,2.732223567739598e-15,0.0740424171090126,4.2308309919993474e-30
TCN,42,10492,2,7,class_7,10,class_10,0,1.0,4.203895392974451e-45,0.0,2.899019966020888e-23,0.0,0.0,0.0,0.0,3.4299237228196944e-08,0.0,0.0,1.0,0.0
TCN,42,10493,2,7,class_7,7,class_7,1,1.0,0.0,0.0,4.203895392974451e-45,0.0,0.0,0.0,0.0,1.0,2.39243686814176e-41,8.960163215225913e-35,1.6228452957960782e-29,0.0
TCN,42,10494,2,7,class_7,7,class_7,1,1.0,0.0,0.0,5.080960092186347e-29,0.0,0.0,0.0,0.0,1.0,0.0,0.0,7.551216398490712e-24,0.0
TCN,42,10495,2,7,class_7,7,class_7,1,1.0,4.989572456409733e-36,0.0,3.4812872020068084e-15,0.0,0.0,0.0,0.0,1.0,5.8055539899361874e-24,1.0806808151679132e-37,7.929867395053188e-16,4.29021546197012e-30
TCN,42,10496,2,7,class_7,7,class_7,1,1.0,2.802596928649634e-44,0.0,1.1726365587113435e-25,0.0,8.407790785948902e-45,0.0,0.0,1.0,3.82398701212993e-37,5.656242982602714e-33,2.142020962729932e-14,0.0
TCN,42,10497,2,7,class_7,7,class_7,1,0.9999841451644897,0.0,0.0,3.457615249885e-26,0.0,0.0,0.0,0.0,0.9999841451644897,8.785681798030427e-27,3.278832488723195e-31,1.5847899703658186e-05,5.807635522804574e-38
TCN,42,10498,2,7,class_7,7,class_7,1,1.0,0.0,0.0,1.7376100957627732e-43,0.0,0.0,0.0,0.0,1.0,0.0,0.0,2.824755605214064e-37,0.0
TCN,42,10499,2,7,class_7,7,class_7,1,1.0,0.0,0.0,3.867907461481754e-39,0.0,0.0,0.0,0.0,1.0,2.3613756863815363e-39,6.925839329628172e-33,1.1174046925809227e-28,0.0
TCN,42,10500,2,7,class_7,7,class_7,1,1.0,0.0,0.0,1.7796490496925177e-43,0.0,0.0,0.0,0.0,1.0,1.0450732337906451e-29,1.8830199337036892e-31,4.440240904699297e-20,0.0
TCN,42,10501,2,7,class_7,7,class_7,1,1.0,0.0,0.0,1.3395189754451909e-34,0.0,0.0,0.0,0.0,1.0,0.0,8.954297187035581e-43,2.1513330813585404e-28,0.0
TCN,42,10502,2,7,class_7,7,class_7,1,1.0,0.0,0.0,1.8401802107807554e-37,0.0,0.0,0.0,0.0,1.0,0.0,0.0,3.715978790443147e-28,0.0
TCN,42,10503,2,7,class_7,7,class_7,1,0.9725817441940308,3.865004971901977e-31,2.101671051812571e-31,2.815407285357654e-15,2.065591071056905e-34,6.003584849210399e-34,1.3836334187627541e-34,0.0,0.9725817441940308,3.8422533075551986e-36,9.24942300266553e-28,0.027418293058872223,1.1050492932237858e-34
TCN,42,10504,2,7,class_7,7,class_7,1,1.0,2.1019476964872256e-44,0.0,5.5397909287745825e-21,0.0,0.0,0.0,0.0,1.0,0.0,0.0,9.835449973561533e-27,0.0
TCN,42,10505,2,7,class_7,7,class_7,1,1.0,0.0,0.0,1.746412584869771e-30,0.0,0.0,0.0,0.0,1.0,0.0,3.0828566215145976e-44,1.0736999231136325e-21,0.0
TCN,42,10506,2,7,class_7,10,class_10,0,0.9999967813491821,6.031758914139915e-32,1.4574905327442422e-41,2.3123278465597696e-13,0.0,0.0,6.37027885874452e-30,0.0,3.1976433092495427e-06,1.7777589962604567e-35,0.0,0.9999967813491821,4.646596925686035e-34
TCN,42,10507,2,7,class_7,7,class_7,1,0.7231222987174988,1.7548421244487832e-28,1.7307751672147333e-36,3.594411898025883e-23,0.0,2.4499422334819506e-38,3.834727173405607e-35,0.0,0.7231222987174988,0.26740771532058716,0.0017618814017623663,0.007708046119660139,1.5662935509536506e-21
TCN,42,10508,2,7,class_7,7,class_7,1,0.9999934434890747,5.143617096112013e-32,7.191796120363164e-35,9.786858459078828e-24,1.7352559143427075e-40,1.8627077485615602e-34,3.4343022763672617e-41,0.0,0.9999934434890747,8.358144609675904e-27,1.2504667842342414e-20,6.589509212062694e-06,1.9189228225619842e-32
TCN,42,10509,2,7,class_7,7,class_7,1,1.0,1.401298464324817e-45,0.0,9.101094426510635e-27,0.0,0.0,0.0,0.0,1.0,0.0,0.0,1.7326683707588608e-13,0.0
TCN,42,10510,2,7,class_7,10,class_10,0,0.9982855916023254,2.0712799639958148e-20,7.5700056768578835e-22,9.900449526867305e-08,4.0085496971899284e-28,3.8182884141170716e-23,5.422731139607691e-20,4.073629790899799e-37,0.0017142764991149306,3.706740605241707e-26,6.180539733101076e-20,0.9982855916023254,6.659622117553097e-28
TCN,42,10511,2,7,class_7,7,class_7,1,1.0,9.366262792588768e-37,0.0,5.601173711517328e-16,0.0,0.0,0.0,0.0,1.0,1.9463713707136546e-36,0.0,9.718646760100866e-18,1.7663095664890774e-32
TCN,42,10512,2,7,class_7,7,class_7,1,1.0,4.203895392974451e-45,0.0,1.957170127075486e-18,0.0,0.0,0.0,0.0,1.0,1.1541094152179193e-41,0.0,2.86921736900149e-22,4.484155085839415e-44
TCN,42,10513,2,7,class_7,7,class_7,1,1.0,3.304580153889013e-36,0.0,1.8888963761535697e-25,0.0,0.0,1.1718050122254131e-39,0.0,1.0,0.0,0.0,2.569261603468931e-08,7.847271400218976e-44
TCN,42,10514,2,7,class_7,7,class_7,1,1.0,0.0,0.0,6.404921241500542e-31,0.0,0.0,0.0,0.0,1.0,0.0,0.0,8.00798973957993e-24,0.0
TCN,42,10515,2,7,class_7,7,class_7,1,1.0,0.0,0.0,4.7617938797398066e-35,0.0,0.0,0.0,0.0,1.0,0.0,0.0,8.652966711860556e-29,0.0
TCN,42,10516,2,7,class_7,7,class_7,1,1.0,7.316459541932735e-41,4.3019862854771884e-43,2.1236200111255637e-19,0.0,0.0,1.6815581571897805e-43,0.0,1.0,0.0,5.7188111367867245e-40,5.652766787989094e-08,0.0
TCN,42,10517,2,7,class_7,7,class_7,1,1.0,0.0,0.0,1.964596017306486e-35,0.0,0.0,0.0,0.0,1.0,0.0,0.0,2.940904895470274e-28,0.0
TCN,42,10518,2,7,class_7,7,class_7,1,0.9999825954437256,2.6058423793238217e-26,2.2981294814927e-43,2.7705461036475754e-08,0.0,0.0,1.8537559687791898e-34,0.0,0.9999825954437256,1.2485932475564204e-29,0.0,1.741137748467736e-05,2.311639184703116e-23
TCN,42,10519,2,7,class_7,7,class_7,1,1.0,2.684210126034e-34,0.0,8.281853058019172e-23,0.0,5.2969081951478085e-43,0.0,0.0,1.0,3.098011083779717e-11,3.448157313389848e-20,9.106550930004786e-11,1.4219373997490165e-30
TCN,42,10520,2,8,class_8,8,class_8,1,1.0,1.1285409455899509e-12,1.6081397486198337e-31,5.801457034175771e-17,2.6458550310636148e-33,1.0265040010643778e-27,2.684279241762177e-21,6.207909798895947e-31,7.932535351767721e-22,1.0,2.1697692656831424e-21,2.1058183709001442e-17,3.1365721131493274e-09
TCN,42,10521,2,8,class_8,8,class_8,1,1.0,3.8248527609030525e-12,2.134278559807771e-31,2.3644673259697578e-17,1.9635599443055925e-37,3.3420432248564824e-35,5.122643099629237e-23,2.2721233621977173e-34,1.1439097451134612e-24,1.0,3.0440492975666506e-32,1.5553609671430384e-15,1.1189066166650274e-12
TCN,42,10522,2,8,class_8,8,class_8,1,1.0,2.253818512097422e-15,1.5847567283235273e-36,2.0007265630003846e-18,2.393513816906754e-34,3.209177160371999e-32,2.0706705130557364e-27,1.1375997190296386e-32,4.0781623888074864e-24,1.0,5.5137075981251835e-30,2.0829132434301833e-17,1.2039547376562518e-15
TCN,42,10523,2,8,class_8,8,class_8,1,1.0,1.330543282227815e-15,5.569291573636893e-34,6.858044952161733e-23,9.390886615475018e-35,4.7762384553417567e-35,2.8448377644702267e-29,6.272692699489565e-35,6.844835757335505e-26,1.0,6.3919488627553754e-27,6.825408963165592e-19,6.758757101080551e-15
TCN,42,10524,2,8,class_8,8,class_8,1,1.0,2.644286795901407e-21,1.715770859196271e-39,3.1078517734352998e-27,3.783505853677006e-44,7.384842906991786e-43,2.884071569385842e-32,4.2738201863442596e-41,1.6720636813608268e-27,1.0,1.6279706321917934e-32,1.1665779464033328e-17,1.5469526828338818e-15
TCN,42,10525,2,8,class_8,8,class_8,1,1.0,1.0669437598629244e-19,1.727005627172388e-33,3.95152476272101e-19,6.537179402295739e-31,6.2199040730539975e-31,6.36156375491227e-28,5.9514432626199824e-31,1.5920860800575799e-24,1.0,3.0413026423100224e-22,6.780325971882576e-21,1.1351106686541268e-11
TCN,42,10526,2,8,class_8,8,class_8,1,1.0,1.6149891220144257e-15,4.692784210946254e-34,8.06429339321063e-19,2.851391423645779e-35,7.173390329000325e-31,1.32854392187941e-24,1.0483567159693135e-34,1.483452474859751e-28,1.0,8.334946927940506e-29,1.282120443683285e-24,7.848910632932582e-16
TCN,42,10527,2,8,class_8,8,class_8,1,0.9999035596847534,8.376325422432274e-05,1.2007520002035648e-15,1.9841097298467503e-07,4.383772903195482e-19,6.211261431403325e-14,3.1919947240943713e-10,2.290860162853359e-18,1.1939050009041052e-12,0.9999035596847534,1.2872424751553951e-13,5.360492050243693e-10,1.2368991519906558e-05
TCN,42,10528,2,8,class_8,8,class_8,1,1.0,2.638898473536577e-19,4.203895392974451e-45,7.408412064262173e-24,1.401298464324817e-45,6.590306677719615e-42,1.8097343481893682e-33,1.401298464324817e-45,2.4105416443008368e-39,1.0,5.8228816500964285e-37,1.0495902365783832e-32,9.014399765631515e-20
TCN,42,10529,2,8,class_8,8,class_8,1,1.0,1.2368041071157344e-25,0.0,7.699071868294017e-37,0.0,0.0,0.0,0.0,0.0,1.0,1.8715742289522257e-40,3.5570980607960454e-40,1.4355212544806781e-27
TCN,42,10530,2,8,class_8,8,class_8,1,1.0,9.648026828368982e-24,0.0,4.0060835438961406e-29,0.0,4.484155085839415e-44,4.3412226424782833e-41,0.0,2.955338461261039e-42,1.0,3.371580157104083e-40,1.144526955165684e-36,2.6107757921655575e-24
TCN,42,10531,2,8,class_8,0,class_0,0,0.9932798743247986,0.9932798743247986,3.572352521494396e-17,7.664034029630784e-08,1.1256944567399593e-19,2.071855717994701e-15,5.750077931160336e-12,1.7668910824329224e-18,2.3549292717625313e-17,0.006720040459185839,3.905821741407748e-19,9.61047283420946e-11,4.139480078158009e-11
TCN,42,10532,2,8,class_8,8,class_8,1,1.0,8.347711627845755e-13,9.80908925027372e-45,7.606846238438174e-23,4.2240740908607286e-40,6.573553590920317e-34,1.1764386583481449e-28,1.1824255934163774e-38,1.154752400353723e-31,1.0,3.2357754934913374e-34,4.822306220577979e-25,1.9787132835723025e-20
TCN,42,10533,2,8,class_8,0,class_0,0,0.9276697039604187,0.9276697039604187,4.55368420206697e-20,1.0822182993502905e-12,8.455245567833036e-28,1.327571943588406e-18,3.0446929422112134e-09,4.218836749288122e-26,2.923701214934719e-23,0.07232902199029922,6.116902179988668e-22,1.0787611776086337e-10,1.3379491292653256e-06
TCN,42,10534,2,8,class_8,8,class_8,1,0.9707687497138977,0.029231233522295952,1.0164019168752235e-24,3.4874748922053556e-11,4.1354538706052976e-16,2.1169169840510132e-17,6.916801564107162e-20,3.238023943642663e-18,4.9353020389637483e-20,0.9707687497138977,1.0821844721763345e-18,6.99586017833253e-18,6.671707457328591e-13
TCN,42,10535,2,8,class_8,8,class_8,1,1.0,1.8748298999520126e-21,6.58610278232664e-44,6.39729401168583e-26,1.401298464324817e-45,2.4774956849262766e-42,2.0035886515103552e-35,6.839737804369432e-42,7.489164434406632e-32,1.0,3.4829023340940955e-33,1.6489574909274365e-26,1.3926409691015477e-18
TCN,42,10536,2,8,class_8,8,class_8,1,0.9999997615814209,2.491844099949958e-07,3.5373158804426713e-19,4.170956469096154e-09,1.1564250727574852e-20,4.19451997610279e-18,1.280438699947234e-13,9.381978460527496e-18,5.953715388669909e-15,0.9999997615814209,1.0214232998957924e-17,7.635231856484292e-12,4.121451180338909e-09
TCN,42,10537,2,8,class_8,8,class_8,1,1.0,1.4647037055448564e-11,5.211928158510967e-33,4.736306940507925e-19,1.0569257713214454e-34,6.322234735424435e-33,1.265553314656638e-27,1.583470385658983e-35,2.691659941970507e-30,1.0,1.1090219621273558e-28,4.566994642654433e-24,2.1462813266963842e-15
TCN,42,10538,2,8,class_8,8,class_8,1,1.0,1.1473413848023793e-15,3.704710716006334e-29,3.570181006950322e-17,1.4863786348280438e-31,2.16449817592555e-33,2.8992037262383787e-26,9.357251828272955e-32,1.8557382291117647e-22,1.0,9.091373487709335e-28,1.5743231256378478e-18,7.457094295358624e-13
TCN,42,10539,2,8,class_8,8,class_8,1,1.0,1.7038086219667292e-10,9.948841146708235e-20,2.1284757290018774e-10,8.059897255529634e-26,7.27036777984461e-22,8.544330336573286e-14,6.700332093457604e-22,1.9304248480224613e-14,1.0,1.2223327883259218e-20,2.543132371357615e-09,3.3788601257189743e-12
TCN,42,10540,2,8,class_8,8,class_8,1,1.0,1.5847175806127657e-17,8.337989977756509e-24,4.0100439635537555e-10,4.440974803298668e-25,2.3442246226720352e-24,1.0816321223223022e-17,4.2378773070693074e-20,1.1096587385548851e-17,1.0,2.4788650477183935e-26,1.9800108774781222e-10,2.0618729434321997e-13
TCN,42,10541,2,8,class_8,8,class_8,1,1.0,5.081017203293544e-37,0.0,5.786964464689872e-37,0.0,0.0,0.0,0.0,0.0,1.0,2.802596928649634e-44,7.430212242903783e-37,4.0254827002783275e-34
TCN,42,10542,2,8,class_8,8,class_8,1,1.0,3.747680705665007e-21,8.454133704402017e-29,9.067076095284479e-17,3.6716527017848283e-34,8.438860478089919e-29,4.094733200982559e-24,3.999696170904507e-31,2.6441730863350847e-23,1.0,2.5770734849270265e-24,8.460601001358767e-18,1.0774184495965233e-11
TCN,42,10543,2,8,class_8,2,class_2,0,0.9989683628082275,0.0005416034837253392,2.927313599854209e-11,0.9989683628082275,1.466449348037853e-16,1.796732554404379e-11,0.00040111527778208256,3.018813353794828e-15,2.255007416351873e-07,1.2797055082280906e-10,1.548397233997953e-13,8.87669957592152e-05,5.297894284730931e-13
TCN,42,10544,2,8,class_8,8,class_8,1,1.0,1.0686124463879943e-14,1.9729278248378433e-32,4.817852990232817e-19,1.2231123183182781e-34,1.3692894351715207e-32,7.602399961996554e-25,1.7911218645120358e-33,3.663628762660509e-23,1.0,3.514169258255558e-27,9.46314671618712e-17,5.986380553595072e-13
TCN,42,10545,2,8,class_8,8,class_8,1,1.0,1.7362219302000592e-16,4.4163918637099604e-26,3.8861151642022133e-16,1.657412578569014e-28,7.443665309018224e-28,2.7395917450555734e-22,6.869633723150644e-26,7.183541669056524e-18,1.0,2.4044393957224777e-20,1.0274378868307607e-13,2.7936144716966815e-11
TCN,42,10546,2,8,class_8,8,class_8,1,1.0,1.1770602272797885e-17,3.518192911095372e-27,4.990710501925812e-15,6.978788913125651e-29,1.1299208298070093e-28,1.5987373114761442e-25,2.1262955298583197e-26,3.4894291023122694e-20,1.0,3.948704981560999e-20,5.2575515723339477e-20,2.904220863797491e-09
TCN,42,10547,2,8,class_8,8,class_8,1,0.9998874664306641,0.00010543274402152747,1.5496404697495718e-18,7.019012628006749e-06,3.2259343370986823e-19,2.137110500976462e-15,2.980419383513677e-11,5.034154619958416e-18,1.641018206255534e-16,0.9998874664306641,9.648690260390273e-20,3.929610475450311e-14,1.775690594563173e-09
TCN,42,10548,2,8,class_8,8,class_8,1,1.0,3.4085676447158375e-14,9.918838964653724e-33,2.080773638670708e-20,7.290890675438463e-30,1.2327429920059965e-34,2.8978474815567163e-31,1.6684105413311266e-30,1.384492536897923e-28,1.0,8.913349431076172e-29,1.8915823268401287e-21,6.855293075502209e-17
TCN,42,10549,2,8,class_8,8,class_8,1,1.0,1.3254295230802349e-11,5.3855305656369445e-30,3.5638130397226437e-17,7.706449181392005e-29,1.281028354352784e-27,5.72238135547286e-22,1.9024406248581487e-25,2.756545464003153e-20,1.0,5.357357617925076e-22,3.182700888319616e-15,1.9323626899991897e-14
TCN,42,10550,2,8,class_8,8,class_8,1,1.0,1.307680642076547e-34,0.0,7.694081003683478e-37,0.0,0.0,0.0,0.0,2.6148229344301087e-42,1.0,5.605193857299268e-45,2.8435365471185343e-36,2.2230700898344208e-30
TCN,42,10551,2,8,class_8,8,class_8,1,1.0,8.529521559847258e-27,0.0,1.6024907139743018e-27,0.0,0.0,8.716076448100362e-43,0.0,1.401298464324817e-45,1.0,2.4466671187111306e-41,2.6178637520976935e-40,2.2467397989435953e-27
TCN,42,10552,2,8,class_8,8,class_8,1,0.9999994039535522,6.826404752138305e-16,1.4764653009772781e-24,2.3687079858322746e-14,1.232337474981272e-27,3.434647996037798e-27,1.0303119169942037e-21,4.482127408748946e-24,3.02491006120269e-19,0.9999994039535522,8.564891079959446e-20,1.9995668557815853e-17,5.563806553254835e-07
TCN,42,10553,2,8,class_8,8,class_8,1,1.0,1.6440612573086457e-30,0.0,9.046554565418415e-32,0.0,0.0,9.150478972041055e-43,0.0,2.802596928649634e-45,1.0,2.904050937466751e-41,2.062263624626779e-38,3.059692161838947e-27
TCN,42,10554,2,8,class_8,8,class_8,1,1.0,6.0127500317269665e-34,0.0,1.9652595168276129e-31,0.0,0.0,1.401298464324817e-45,0.0,1.263019789215647e-37,1.0,6.818620285837763e-33,1.4598921224455375e-34,2.2015835577341584e-30
TCN,42,10555,2,8,class_8,8,class_8,1,0.9927921295166016,0.004166142549365759,1.3224598282776667e-12,4.9239961299463175e-06,6.132698532622426e-16,4.9614531233421744e-11,2.9371821597123926e-07,1.4370176000987262e-16,1.3113722076556894e-13,0.9927921295166016,2.4131341456318234e-12,1.5414857168494223e-09,0.0030364531558007
TCN,42,10556,2,8,class_8,8,class_8,1,1.0,2.012999875155326e-24,1.3295940219053162e-40,1.056815825874104e-21,5.184804318001823e-44,1.661520441139402e-36,4.824549872669236e-33,3.476775632820947e-40,1.400740815085328e-31,1.0,3.461841516089191e-33,1.522140604716002e-20,3.4350891319863783e-23
TCN,42,10557,2,8,class_8,8,class_8,1,1.0,5.165534111561954e-10,1.097847860858062e-18,3.697378403444418e-09,2.7181416007373326e-19,3.195929588224543e-20,1.5724708209193384e-15,7.327153458285531e-18,1.9634642490443804e-13,1.0,5.619372327609433e-21,6.027141563613725e-10,4.9028507476123195e-08
TCN,42,10558,2,8,class_8,8,class_8,1,1.0,9.034648918982902e-26,0.0,4.301480175057327e-27,0.0,6.347882043391421e-43,3.5641421079165134e-38,0.0,3.713440930460765e-43,1.0,6.325737323759696e-39,2.616925931418886e-33,3.416871178241204e-23
TCN,42,10559,2,8,class_8,8,class_8,1,1.0,8.871325440744371e-13,2.803204708158227e-27,1.7109967956341343e-13,7.3223307294642e-30,3.1571473632240983e-24,4.6989487757080395e-18,1.606151309760299e-26,4.527365479862292e-21,1.0,1.818887191458653e-22,1.469540499487651e-13,1.8674634061355277e-10
TCN,42,12480,34,9,class_9,9,class_9,1,0.9999840259552002,1.9214358294543377e-13,1.7653923552400682e-17,2.5828205338367878e-23,2.6281893328317096e-10,1.5924617400742136e-05,4.7168388504872547e-23,9.263199956776312e-17,8.676212245465614e-18,3.1753888255804663e-13,0.9999840259552002,9.086871850831853e-18,2.7477781334994678e-12
TCN,42,12481,34,9,class_9,4,class_4,0,0.986132025718689,5.744694249187887e-07,2.829046552577097e-09,2.298631848963095e-15,7.045846723485738e-05,0.986132025718689,1.1792475362090021e-13,5.98693733477873e-11,7.463441079351082e-14,2.2326391846405613e-09,0.013796783983707428,5.048789511463703e-12,1.933253486186004e-07
TCN,42,12482,34,9,class_9,9,class_9,1,0.9999830722808838,9.407424044947064e-15,2.4386658769020176e-15,3.8647301544431525e-24,2.0026826030861145e-10,1.689145756245125e-05,2.90564568764993e-24,7.098799393444728e-21,2.796109318831108e-19,5.831835123322471e-13,0.9999830722808838,4.436210984152515e-17,4.87369433699314e-09
TCN,42,12483,34,9,class_9,4,class_4,0,0.9610542058944702,0.007645454723387957,6.174777809064835e-05,1.2801069715351332e-07,0.01915200985968113,0.9610542058944702,5.384786163631361e-07,4.231615093885921e-06,9.493013486405744e-09,0.00014330155681818724,3.4789351047948e-05,1.1947429356951034e-07,0.011903440579771996
TCN,42,12484,34,9,class_9,11,class_11,0,0.7946118712425232,1.1642974584447074e-07,1.7419882203384418e-09,2.6105953539862746e-15,1.1301741764668805e-09,0.0028160649817436934,1.1650212917521815e-15,4.9174497752848406e-14,3.578795246261812e-13,1.9646236978587694e-05,0.20255234837532043,4.796336938728274e-12,0.7946118712425232
TCN,42,12485,34,9,class_9,3,class_3,0,1.0,6.33413884934726e-17,5.621191579696392e-22,8.030549607628971e-28,1.0,3.74548103036082e-13,4.5964432837138513e-32,2.2141307237968177e-17,4.485783967015408e-27,1.498459748812494e-23,1.8247982748050034e-18,6.783240462578225e-31,3.216409887944581e-16
TCN,42,12486,34,9,class_9,9,class_9,1,1.0,1.8813575182077924e-20,4.070260141927947e-20,1.6065724817501875e-28,7.924790279567346e-15,2.4298346321116604e-11,2.872011973947112e-28,3.5510460052553495e-23,1.096214139566385e-21,1.0536424810631004e-16,1.0,2.1034548664434267e-20,7.929753723231667e-14
TCN,42,12487,34,9,class_9,4,class_4,0,0.9993981122970581,1.646280445299908e-08,6.652112194416304e-11,6.918179336814946e-20,0.000595281133428216,0.9993981122970581,2.498043760007271e-17,6.0183060791862975e-12,1.2697865535615235e-18,1.2265236569442006e-12,6.531744929816341e-06,2.2312009854002785e-16,5.6263843362103216e-08
TCN,42,12488,34,9,class_9,4,class_4,0,0.8762398958206177,4.0830236684996635e-05,9.06311470316723e-08,2.7114444370313073e-11,0.07383749634027481,0.8762398958206177,1.7149535264104898e-11,7.366964564425871e-05,1.5090144411811224e-10,2.0208737794291665e-08,0.04979521408677101,1.7902113819134868e-11,1.2796517694368958e-05
TCN,42,12489,34,9,class_9,9,class_9,1,0.9273748397827148,1.7453176326398534e-07,1.8341995977610992e-10,1.6986849345765678e-14,0.00025321904104202986,0.07237166166305542,6.515249528305043e-15,1.8041997063011905e-10,7.41091324592269e-13,3.1895532881520694e-09,0.9273748397827148,5.226658082030378e-12,6.683168463084144e-10
TCN,42,12490,34,9,class_9,4,class_4,0,0.8252533078193665,3.2775249181327126e-09,1.1693291734199418e-12,5.569571854207192e-20,5.134135676598817e-07,0.8252533078193665,1.3374127045407963e-18,1.957745218109791e-13,1.914595686886586e-16,1.492122224389103e-11,0.17474618554115295,1.7796645030592785e-15,1.8262749090780517e-09
TCN,42,12491,34,9,class_9,9,class_9,1,1.0,4.54796316167079e-14,2.4106000331178094e-14,2.2818930322592084e-21,5.546141323975462e-11,4.297528022334518e-08,3.12335927209529e-21,2.085178891127966e-17,3.72084040146806e-15,2.2937126156752363e-11,1.0,2.0534612964022425e-14,4.893505600733761e-09
TCN,42,12492,34,9,class_9,4,class_4,0,0.9996235370635986,2.3171601356425375e-12,5.062586160291434e-14,1.265186353172749e-22,1.027133489373e-09,0.9996235370635986,1.1240541995905321e-20,5.185402030703838e-17,3.50936467206268e-19,8.197909277145917e-15,0.00037645717384293675,3.505822715699001e-17,2.852895328829541e-13
TCN,42,12493,34,9,class_9,4,class_4,0,0.9999996423721313,3.4102660695367604e-09,1.908393887362081e-09,3.3628154300616484e-17,2.7864535123711676e-09,0.9999996423721313,2.3846925139865e-14,5.121417070812206e-13,1.28311369881609e-16,1.3565753338370956e-12,4.07061918394902e-07,1.0469553826317202e-12,1.5028190497590188e-11
TCN,42,12494,34,9,class_9,4,class_4,0,0.9999960660934448,4.173252818873152e-07,1.0459532129303284e-09,8.395211546755838e-17,8.035552241381083e-07,0.9999960660934448,1.2047453793850426e-14,4.330291333842773e-12,5.263441558414541e-16,1.1408324979145235e-10,2.6769982923724456e-06,9.425282819844338e-13,4.045306756239597e-09
TCN,42,12495,34,9,class_9,4,class_4,0,0.9998685121536255,6.664066063422069e-07,2.0781429355132275e-10,5.385512820030115e-18,0.00011979623377555981,0.9998685121536255,1.8566902911507956e-15,6.247111161705732e-11,3.949444111899273e-16,9.18112738612642e-11,1.0875388397835195e-05,1.596946180978595e-13,4.047949175856047e-08
TCN,42,12496,34,9,class_9,9,class_9,1,1.0,8.72020344881294e-21,1.370098539650676e-18,3.330987112489649e-25,1.50507305755742e-20,9.406403878465391e-14,1.496350438289927e-25,6.575320990262868e-23,2.10567377972907e-17,2.6670599062583733e-10,1.0,7.954949628808164e-17,1.2850024863619858e-12
TCN,42,12497,34,9,class_9,9,class_9,1,0.8039047718048096,2.863702377453592e-07,4.755019988866849e-11,6.55627257802021e-17,0.0014413183089345694,0.19465023279190063,4.769232244405139e-16,1.1772082440797416e-11,1.3104595804769997e-13,5.6048435226330184e-08,0.8039047718048096,3.6477322898353925e-12,3.339972636240418e-06
TCN,42,12498,34,9,class_9,4,class_4,0,0.6413347721099854,1.8027856185653945e-06,7.902280496629999e-10,3.531481527428151e-15,2.2975686988502275e-06,0.6413347721099854,9.287624109458742e-14,5.573451769547155e-11,1.5388337305799471e-12,5.560015097216819e-07,0.35865503549575806,5.37861560845343e-11,5.556403266382404e-06
TCN,42,12499,34,9,class_9,4,class_4,0,0.9992436170578003,1.5382299523025722e-07,3.835265004886734e-12,1.9738716274259677e-19,0.0007561754318885505,0.9992436170578003,1.0056208414735794e-17,3.935304165869624e-11,9.400808399991653e-19,1.6466205298142772e-14,9.304832104817251e-08,3.334072558136656e-17,4.430439522196128e-12
TCN,42,12500,34,9,class_9,4,class_4,0,0.9761844873428345,1.973459085036211e-08,2.67708193463158e-15,1.5360889377951774e-21,0.023815445601940155,0.9761844873428345,1.7529508143647193e-21,6.115408049070124e-15,2.3921651340314418e-20,6.0290547341634425e-15,3.8285001835447474e-08,3.1005032539505555e-19,8.133662146581067e-12
TCN,42,12501,34,9,class_9,4,class_4,0,0.9999798536300659,7.692191502428614e-06,8.12476442461213e-14,5.7192003742661506e-18,3.543745151546318e-06,0.9999798536300659,6.524985298531004e-17,1.7628036530492608e-10,6.030161223890353e-17,9.154671812283688e-12,8.811162842903286e-06,1.555910188599994e-16,9.859524308097889e-11
TCN,42,12502,34,9,class_9,4,class_4,0,0.9992883801460266,3.1278648293664446e-06,2.5788411052332476e-14,8.32200771690612e-19,0.000708503182977438,0.9992883801460266,1.551977441095672e-17,8.21361534342202e-10,3.5822421274619576e-19,5.67901777578754e-14,5.130545988052404e-10,6.571836642989885e-18,1.6666924784747295e-11
TCN,42,12503,34,9,class_9,4,class_4,0,0.9581815004348755,0.00014805799582973123,1.67050730887075e-11,4.379567707212803e-16,0.04166468232870102,0.9581815004348755,2.0331738408759653e-14,5.341513542589382e-08,2.0499389787125125e-16,1.1308233238693788e-09,4.7181689666331295e-08,3.0440377832058243e-15,5.7595257203502115e-06
TCN,42,12504,34,9,class_9,4,class_4,0,0.8902071714401245,2.5548906705807894e-06,1.2026168949574867e-10,8.301854089938531e-16,4.3920776988670696e-06,0.8902071714401245,6.288985852269738e-15,6.051440598620061e-11,1.52744150335761e-13,6.878884306615873e-08,0.1097790002822876,4.637488743713947e-12,6.823901912866859e-06
TCN,42,12505,34,9,class_9,4,class_4,0,0.9999997615814209,2.4460558734062943e-07,2.374047070079857e-17,3.8002515828357363e-23,6.903567051352866e-09,0.9999997615814209,1.3984365519022637e-20,5.611248109633734e-15,7.381494749669448e-25,8.938287051760178e-18,1.9781088388386853e-13,1.1039695434594057e-20,2.8242113325765254e-18
TCN,42,12506,34,9,class_9,4,class_4,0,0.9994524121284485,1.5534226349700475e-06,3.020175526769614e-13,1.6466597600128804e-18,0.0005433459300547838,0.9994524121284485,1.0667104458163356e-17,5.270332781304177e-12,2.607972092948628e-17,4.872510272861674e-13,2.639775857460336e-06,4.808449340467421e-16,4.072381667996616e-11
TCN,42,12507,34,9,class_9,4,class_4,0,0.9980927109718323,1.0507224942557514e-05,8.385313277070594e-12,1.4465317653298621e-16,0.0008809165447019041,0.9980927109718323,5.349236466850745e-16,1.157620353742228e-11,3.304395382401062e-15,2.559907841259701e-09,0.0010149513836950064,8.834494686369224e-14,8.937471420722432e-07
TCN,42,12508,34,9,class_9,4,class_4,0,0.999956488609314,3.535199766702135e-06,1.176430101338527e-13,6.840486397780903e-20,3.995747829321772e-05,0.999956488609314,2.024022946900083e-17,1.490771173173755e-09,5.982996336620283e-19,1.3776085620628817e-15,5.0696966624741435e-09,1.9740691788357607e-17,6.357150049429716e-13
TCN,42,12509,34,9,class_9,4,class_4,0,0.9999966621398926,1.5964924386935309e-06,4.000969613124697e-14,1.479831285736195e-19,1.8147480886909761e-06,0.9999966621398926,2.4530653178913325e-17,9.774743948282039e-13,7.442989892562896e-20,5.417693745880803e-13,6.058382240325955e-09,7.369853017813886e-17,2.3630600948232328e-11
TCN,42,12510,34,9,class_9,4,class_4,0,1.0,1.279946548748967e-08,1.509505038598414e-14,5.849553306459177e-22,4.130179309669302e-09,1.0,6.796128320444864e-19,1.4618901402596975e-15,1.6743532323637628e-22,3.2267713772905467e-15,1.368993945982666e-10,5.454596463248706e-19,3.627372382498939e-13
TCN,42,12511,34,9,class_9,4,class_4,0,0.9999779462814331,2.3914941138514223e-08,2.267194856400462e-15,5.900566479953796e-22,2.208498517575208e-05,0.9999779462814331,1.038636411455138e-20,1.3683735947730286e-14,1.8754678549215084e-21,8.271664671028085e-15,4.718733848108059e-09,1.7413206872639664e-20,4.049119720073158e-11
TCN,42,12512,34,9,class_9,4,class_4,0,1.0,1.279946548748967e-08,1.509505038598414e-14,5.849553306459177e-22,4.130179309669302e-09,1.0,6.796128320444864e-19,1.4618901402596975e-15,1.6743532323637628e-22,3.2267713772905467e-15,1.368993945982666e-10,5.454596463248706e-19,3.627372382498939e-13
TCN,42,12513,34,9,class_9,4,class_4,0,0.9998217225074768,2.041561373289369e-07,7.614333196171078e-18,3.0463997723857994e-24,0.0001780251186573878,0.9998217225074768,2.028830846241828e-22,8.348789773732668e-16,3.388148910454288e-24,6.175936599964443e-15,4.18385370792862e-09,3.8087957820007507e-20,1.1206735138404728e-13
TCN,42,12514,34,9,class_9,4,class_4,0,0.9904493689537048,6.3185079852701165e-06,1.9456223978653927e-15,3.343577450156137e-20,0.00954418070614338,0.9904493689537048,1.827356227451747e-19,7.814516178247799e-13,4.1394437835277775e-20,2.1881099362963674e-12,4.57463080749676e-08,1.6946068706292104e-17,9.741705359056496e-11
TCN,42,12515,34,9,class_9,4,class_4,0,0.975115180015564,2.1587045040405428e-08,9.720952443340296e-17,1.0957490965964264e-23,0.02488482929766178,0.975115180015564,8.966618654977605e-22,1.0367973840574862e-12,4.5966735620611105e-24,3.188300173147661e-17,1.6889591938559767e-12,3.988425958296177e-22,2.2118269130295964e-13
TCN,42,12516,34,9,class_9,3,class_3,0,0.9953455328941345,1.0716630249874015e-08,1.4253737621629237e-13,2.5077700805219144e-18,0.9953455328941345,0.00465363310649991,3.6958649488719486e-19,1.774080882199769e-11,1.0637268715213058e-16,6.124172349797341e-13,8.569839451411099e-07,3.256880394245452e-17,5.369825828438479e-08
TCN,42,12517,34,9,class_9,4,class_4,0,0.9999278783798218,1.7742262770070738e-08,6.317111581283317e-15,1.7972670156822478e-20,6.474120891653001e-05,0.9999278783798218,8.341604659593267e-20,1.3910821279605745e-12,9.205609491860777e-18,1.1492032690995626e-15,7.385542176052695e-06,9.367071838708678e-18,4.0794781832123594e-13
TCN,42,12518,34,9,class_9,4,class_4,0,0.9999746084213257,9.094947017729282e-08,4.827919748012777e-13,3.854769187976741e-19,1.7710710380924866e-05,0.9999746084213257,7.595107533501876e-17,1.4023233962934256e-11,1.6579867577308753e-17,1.1811803705269464e-12,7.592658221255988e-06,1.4615297277406408e-15,1.7018038367400123e-10
TCN,42,12519,34,9,class_9,4,class_4,0,0.9998990297317505,6.228279403330816e-07,1.2960959345706402e-13,6.718886711832545e-19,9.554213465889916e-05,0.9998990297317505,2.8719009832271982e-18,1.887810437486981e-12,1.9956770389510547e-18,1.7006781399819815e-11,4.794619144377066e-06,7.130866642213025e-17,1.187791998091825e-08
TCN,42,12520,34,10,class_10,10,class_10,1,1.0,6.739438251682405e-33,9.989659215023498e-25,1.1043190819444052e-28,8.29664618106981e-32,6.701731532703466e-24,6.700685024122236e-31,6.251256348562982e-38,5.640308519329156e-22,5.032075477936533e-24,1.9623014323135426e-30,1.0,4.212681660149205e-29
TCN,42,12521,34,10,class_10,10,class_10,1,1.0,1.40770598116621e-29,1.2303716868865861e-17,2.3426208730739527e-27,7.365330106135756e-38,5.307963565661206e-23,4.511050204977969e-24,5.700482152873356e-42,4.0853678079377787e-11,5.426091384141345e-23,3.0531055463573256e-19,1.0,1.338476297249826e-20
TCN,42,12522,34,10,class_10,10,class_10,1,1.0,0.0,0.0,0.0,0.0,0.0,0.0,0.0,0.0,0.0,0.0,1.0,0.0
TCN,42,12523,34,10,class_10,10,class_10,1,1.0,0.0,0.0,0.0,0.0,0.0,0.0,0.0,4.203895392974451e-44,0.0,0.0,1.0,0.0
TCN,42,12524,34,10,class_10,10,class_10,1,1.0,0.0,8.472250515307844e-42,2.059908742557481e-43,0.0,0.0,3.9026162231446155e-42,0.0,1.4534255902684198e-32,3.7411866400543966e-41,0.0,1.0,2.802596928649634e-45
TCN,42,12525,34,10,class_10,10,class_10,1,1.0,6.567274375640586e-38,3.330061137698339e-24,2.2730754464856324e-28,1.719318689069024e-36,8.639406509956024e-30,1.917878112772239e-28,6.3922751787412315e-40,1.7455731095000538e-23,7.629578095074219e-29,2.9143302633439464e-32,1.0,8.91741255198517e-33
TCN,42,12526,34,10,class_10,7,class_7,0,1.0,5.073235066808789e-28,2.3985361577177367e-23,1.677567146354942e-24,5.885453550164232e-42,1.471385199681328e-29,1.3659038813126114e-24,4.627816204401995e-40,1.0,2.8271358539818718e-31,5.914340032399025e-34,4.135988427804354e-17,3.991177694460205e-23
TCN,42,12527,34,10,class_10,10,class_10,1,1.0,0.0,0.0,0.0,0.0,0.0,0.0,0.0,0.0,0.0,0.0,1.0,0.0
TCN,42,12528,34,10,class_10,10,class_10,1,1.0,0.0,0.0,0.0,0.0,0.0,0.0,0.0,0.0,0.0,0.0,1.0,0.0
TCN,42,12529,34,10,class_10,9,class_9,0,0.9918341636657715,1.6650536977460396e-19,8.696674522471068e-20,3.0146875305482123e-20,5.436296719900008e-23,2.1250390109286673e-15,1.105094928955806e-24,2.209553542983938e-25,9.579010761678886e-13,0.000561097520403564,0.9918341636657715,0.007604699116200209,2.4607269347165506e-13
TCN,42,12530,34,10,class_10,10,class_10,1,1.0,0.0,8.32030043606909e-37,4.112810992793338e-42,0.0,2.785083899532305e-35,0.0,0.0,1.8205142742348817e-34,7.773143832494964e-37,0.0,1.0,0.0
TCN,42,12531,34,10,class_10,10,class_10,1,1.0,1.1350517561031018e-43,2.3538515664142513e-29,1.245487692574062e-32,2.6830381436734407e-40,1.3954271486019275e-26,2.592031655686944e-38,0.0,1.646446100247594e-30,3.426976872624558e-29,3.5032461608120427e-44,1.0,1.0160815164819249e-41
TCN,42,12532,34,10,class_10,10,class_10,1,1.0,0.0,0.0,0.0,0.0,0.0,0.0,0.0,5.731310719088502e-43,0.0,0.0,1.0,0.0
TCN,42,12533,34,10,class_10,10,class_10,1,1.0,0.0,0.0,0.0,0.0,0.0,0.0,0.0,1.2611686178923354e-44,0.0,0.0,1.0,0.0
TCN,42,12534,34,10,class_10,10,class_10,1,1.0,1.0443138648808243e-33,9.82475088779014e-22,9.22902434944465e-33,8.30831159903159e-37,3.4029587447328505e-27,4.0978855754414837e-26,2.802596928649634e-45,1.3457569338536945e-27,3.01998484287834e-29,1.715780511340093e-36,1.0,1.3307991026441139e-27
TCN,42,12535,34,10,class_10,10,class_10,1,1.0,0.0,5.378141355020841e-37,3.298844359014839e-39,0.0,2.942726775082116e-44,9.80858200265041e-35,0.0,4.6299955934568145e-35,1.5596311778088782e-40,0.0,1.0,5.479076995510035e-43
TCN,42,12536,34,10,class_10,10,class_10,1,1.0,0.0,3.836194675935619e-41,1.7376100957627732e-43,0.0,0.0,5.847618491627462e-42,0.0,4.063321615188471e-37,8.467416035605923e-40,0.0,1.0,5.885453550164232e-44
TCN,42,12537,34,10,class_10,10,class_10,1,1.0,7.006492321624085e-45,2.291563935727456e-31,7.854874433211576e-30,1.0846050113874084e-42,3.9183573691016183e-31,4.0807851751068933e-35,0.0,5.235252358562285e-29,6.263053160480592e-29,0.0,1.0,3.6168457839388484e-38
TCN,42,12538,34,10,class_10,9,class_9,0,0.950106143951416,4.665911745860285e-08,0.0033307902049273252,5.296941552046519e-08,2.4388987357459868e-11,2.088542487399536e-06,2.554812454036437e-06,5.807689329451193e-10,0.0005019742529839277,1.813212024970312e-09,0.950106143951416,0.046056218445301056,1.3361713513404538e-08
TCN,42,12539,34,10,class_10,10,class_10,1,1.0,9.00286217508232e-33,3.443707595148099e-24,2.470108362080632e-31,3.2539831899779442e-40,1.820872849020403e-22,1.012181416029778e-30,1.401298464324817e-45,6.520755758622898e-19,1.5173142935866589e-24,6.432934752314096e-23,1.0,4.354293796364292e-27
TCN,42,12540,34,10,class_10,10,class_10,1,1.0,1.8098184938238867e-24,5.929855131231454e-13,2.038047272028158e-19,1.8293588151044827e-23,6.467229562929082e-17,7.800717719393378e-20,2.659208029930746e-28,1.2432959240453066e-15,2.5688315056323226e-22,3.2378785994035114e-24,1.0,3.095859694535256e-23
TCN,42,12541,34,10,class_10,10,class_10,1,1.0,1.077785732239283e-31,3.897408694192624e-18,2.8171790406722147e-30,9.665380048223774e-31,5.539727920876361e-21,1.6188737256390092e-24,3.239978613125482e-39,4.2827012551112757e-19,2.4383650695574107e-21,1.1043996821125778e-27,1.0,4.3060616110915974e-19
TCN,42,12542,34,10,class_10,10,class_10,1,1.0,5.5306059120216195e-21,2.879581339002013e-13,4.2829279542979035e-20,2.5550392193376195e-24,1.920530782227909e-18,2.3126413503942074e-15,8.630315518765408e-30,7.981855100982105e-16,6.41824450608012e-18,4.538007159831182e-25,1.0,1.0128231295368582e-14
TCN,42,12543,34,10,class_10,10,class_10,1,1.0,0.0,1.358096432669683e-40,1.401298464324817e-45,0.0,0.0,7.88931035414872e-43,0.0,6.334962071550347e-39,4.0259304880051994e-42,0.0,1.0,1.2611686178923354e-44
TCN,42,12544,34,10,class_10,10,class_10,1,1.0,5.458512710508912e-33,7.412744425244775e-22,2.4360876014260264e-28,1.5470049910705734e-31,1.6471773923984383e-27,2.0019531400470054e-28,1.246317454980442e-35,2.2776537280655825e-17,4.684808257836023e-26,1.0107327340834857e-26,1.0,1.3244812093314313e-23
TCN,42,12545,34,10,class_10,10,class_10,1,1.0,0.0,3.1586563306701184e-37,3.2013699705740783e-36,0.0,1.2504158942561853e-38,3.642282994442351e-40,0.0,5.028962462805478e-33,1.2994743333469151e-36,0.0,1.0,4.203895392974451e-45
TCN,42,12546,34,10,class_10,10,class_10,1,1.0,3.460615108139299e-32,2.2092675842190113e-20,7.282899462468466e-26,1.2603242297877961e-30,4.838843005237905e-22,3.804865472498193e-23,1.489617435841956e-34,6.357164346823256e-23,1.249226147256598e-27,1.4755768996889027e-31,1.0,8.864106674974463e-31
TCN,42,12547,34,10,class_10,10,class_10,1,1.0,2.3434209706248413e-23,2.4614628554699708e-17,1.5660129436633326e-21,1.343723174191257e-38,3.7342267840732215e-27,5.004269568176234e-13,1.793662034335766e-43,3.4038855022220896e-24,1.744709807011362e-28,3.653185096494798e-42,1.0,1.4542874556734766e-29
TCN,42,12548,34,10,class_10,1,class_1,0,0.9991905093193054,7.441149259268531e-12,0.9991905093193054,6.519363117343604e-17,1.8974150375883347e-11,0.0005337307811714709,1.2637009376703645e-06,2.1489813500948757e-16,1.2961591973438883e-16,1.2751597153342373e-15,2.717770644560598e-15,0.0002744537778198719,8.813257762474436e-11
TCN,42,12549,34,10,class_10,10,class_10,1,1.0,0.0,0.0,0.0,0.0,0.0,0.0,0.0,7.890711652613045e-42,0.0,0.0,1.0,0.0
TCN,42,12550,34,10,class_10,7,class_7,0,1.0,1.1492931327554357e-33,1.8771122846586035e-29,2.6813735576606986e-28,1.5134023414708024e-43,5.045389353509746e-34,4.932902798310448e-31,1.554039996936222e-42,1.0,1.56589262776299e-37,4.344025239406933e-44,2.1617840708682797e-25,5.3476044911336526e-27
TCN,42,12551,34,10,class_10,10,class_10,1,1.0,3.5641130128337924e-24,1.2729956782961054e-19,4.34924134379566e-22,1.2045130258143251e-26,2.8301587876505612e-15,5.407697908844759e-24,7.864460989310611e-32,1.687288312611465e-19,5.393331848167849e-19,3.1677466539617873e-27,1.0,3.4780194946511394e-24
TCN,42,12552,34,10,class_10,7,class_7,0,1.0,1.3962599786418532e-23,1.933792968988972e-18,5.425132289829568e-18,1.4777486166623294e-27,1.4949142923600688e-23,4.474498319157336e-22,1.1956488465784354e-28,1.0,1.3559057990352724e-23,1.9546382172501366e-28,1.3724103450907243e-11,2.661822477268116e-16
TCN,42,12553,34,10,class_10,7,class_7,0,0.9999995231628418,2.017939092948362e-20,3.531570218553992e-12,7.12240105083103e-15,2.8089385508585076e-21,9.781764114997235e-17,7.513848639526632e-19,4.159638285029525e-26,0.9999995231628418,4.892283735726104e-19,8.257826000360684e-27,4.5382068947219523e-07,5.950744996589818e-13
TCN,42,12554,34,10,class_10,10,class_10,1,1.0,2.387672453363056e-41,3.3482664479782436e-30,2.2223290082371525e-33,1.5974802493302915e-43,1.0019170795006525e-37,1.0223697960327463e-34,0.0,6.0561293455924e-23,4.290065845049148e-31,7.980635777665697e-39,1.0,8.297414013979767e-30
TCN,42,12555,34,10,class_10,10,class_10,1,1.0,0.0,2.0048625158923343e-38,7.101780617198173e-41,0.0,1.8016494355824173e-41,2.8852735380447983e-42,0.0,7.214649957553931e-35,5.835868211640528e-37,0.0,1.0,9.80908925027372e-45
TCN,42,12556,34,10,class_10,10,class_10,1,0.9591403603553772,2.806920279923962e-17,8.070117907266194e-09,1.8227026902712827e-19,6.069236574282868e-17,0.04085962474346161,1.5974987618476288e-18,1.5010917358911097e-22,1.0318740355447567e-13,1.6152827502207562e-13,8.713111138082714e-15,0.9591403603553772,8.978611279441525e-18
TCN,42,12557,34,10,class_10,10,class_10,1,1.0,0.0,4.634668553892543e-40,1.0282893484434298e-38,0.0,2.5371391514633338e-39,0.0,0.0,3.4897502315361084e-34,5.088305300554559e-39,0.0,1.0,0.0
TCN,42,12558,34,10,class_10,10,class_10,1,1.0,0.0,5.752610455746239e-41,0.0,0.0,0.0,5.605193857299268e-45,0.0,5.736479839560817e-29,0.0,0.0,1.0,8.407790785948902e-45
TCN,42,12559,34,10,class_10,10,class_10,1,1.0,0.0,0.0,0.0,0.0,0.0,0.0,0.0,1.9601174584461936e-37,0.0,0.0,1.0,0.0
TCN,42,12560,34,11,class_11,11,class_11,1,1.0,1.3494774453202618e-29,1.1835507565209024e-28,1.1592228641446177e-32,1.818610230941084e-14,2.136054026475253e-31,1.9911736515838845e-38,2.2476211784911605e-21,2.148650310668898e-21,1.6821220268487944e-18,2.4669400361701377e-27,2.2398466511698084e-31,1.0
TCN,42,12561,34,11,class_11,11,class_11,1,1.0,5.6149980139789476e-37,6.76681172115912e-36,1.4371156530729594e-40,1.7999217484606602e-20,3.3911422836660573e-43,0.0,2.7234091980302844e-30,2.898166334399377e-32,4.075792385640242e-27,6.433923114347491e-36,1.0408424603465444e-40,1.0
TCN,42,12562,34,11,class_11,11,class_11,1,0.7629671096801758,1.0482177734312537e-13,1.279734328524121e-15,2.779563431833363e-17,0.00020636171393562108,9.681327679584924e-18,1.3075449376204924e-24,0.23682650923728943,2.862267530279926e-16,8.290585772413191e-17,1.3218376794280047e-17,1.680491990150234e-30,0.7629671096801758
TCN,42,12563,34,11,class_11,6,class_6,0,0.9997349381446838,1.3183591995868937e-08,5.85843493942223e-13,1.2614571713587264e-11,0.00021162266784813255,4.45588704822697e-12,2.366998829516415e-17,0.9997349381446838,6.612056388521914e-12,8.107313154148699e-10,1.161873982441497e-11,4.316866807789752e-23,5.3459156333701685e-05
TCN,42,12564,34,11,class_11,11,class_11,1,1.0,2.2587428263027795e-29,1.6068588359356297e-30,1.83281770149702e-29,7.009881096510457e-19,1.374227856834993e-34,9.653545120733665e-41,5.8647676118457875e-15,1.2317256503636601e-22,4.212946251428021e-18,1.4439744498960854e-26,2.964667745917128e-38,1.0
TCN,42,12565,34,11,class_11,11,class_11,1,0.998970627784729,2.3071408971057503e-17,8.877629070261051e-19,3.1923993493912286e-18,1.862811238595441e-09,4.9269698098794105e-20,7.417967240584276e-25,0.0010293537052348256,5.6284831125279905e-16,2.1196841956910677e-14,2.058410995633505e-17,3.627749351722405e-30,0.998970627784729
TCN,42,12566,34,11,class_11,11,class_11,1,1.0,5.137048583282787e-22,3.803123983163827e-23,8.769967369556276e-23,2.2673659570558074e-15,4.450540234812539e-25,3.747077638895846e-30,5.271560531844299e-12,1.7862219573061628e-19,5.970455724322969e-15,7.778088850527749e-24,1.3950822791540572e-32,1.0
TCN,42,12567,34,11,class_11,11,class_11,1,0.9999901056289673,1.1014675492983735e-22,1.9304300408641144e-23,1.0869845528033657e-20,3.346159817555648e-18,8.306668255514709e-24,2.3885149952211296e-30,9.882402991934214e-06,3.581581485610134e-22,1.5644040410212065e-20,9.012043277742058e-27,1.3314689592505828e-39,0.9999901056289673
TCN,42,12568,34,11,class_11,11,class_11,1,1.0,6.558002234411652e-26,1.7404781132930255e-25,8.820150243282323e-25,4.634167712445643e-19,2.041631840892345e-29,3.2999116591336515e-33,8.592731561007927e-12,6.554892193877383e-21,4.156125974380835e-15,1.961708730743535e-24,1.120089766401431e-34,1.0
TCN,42,12569,34,11,class_11,11,class_11,1,1.0,4.157543874733603e-27,6.3429805531753745e-27,7.86025165970896e-27,8.114252517269419e-19,1.6619114446544134e-31,4.1003840179307106e-35,2.7335155047423978e-15,2.9805934721442493e-20,4.043206402819764e-14,1.4595050084517753e-23,2.7440754819274865e-32,1.0
TCN,42,12570,34,11,class_11,6,class_6,0,0.8742201328277588,7.777768465715146e-21,1.5704241568154372e-24,1.236279224705802e-18,5.639209718129717e-21,7.377549952105277e-25,1.5890896119387693e-29,0.8742201328277588,8.947177123694803e-20,1.90361387887604e-19,8.144257955993052e-28,1.944651943866765e-39,0.1257798671722412
TCN,42,12571,34,11,class_11,11,class_11,1,0.999977707862854,7.345845284436786e-20,4.715570172825042e-22,3.9294057046186024e-24,2.224244781245943e-05,8.54308750222673e-24,1.0864762325045731e-30,1.2170483804779808e-12,1.3368928794284496e-16,2.490717051009672e-13,3.847492648149174e-20,1.0802134301663751e-26,0.999977707862854
TCN,42,12572,34,11,class_11,11,class_11,1,0.9997462630271912,9.690831998808084e-24,6.881820391541144e-25,5.593821514164333e-22,1.0844807669158123e-17,8.429787354714363e-25,4.5225843287893976e-32,0.0002537641557864845,1.6896589009734781e-22,5.8102445568786315e-22,1.7567485543524835e-27,4.429504445730747e-42,0.9997462630271912
TCN,42,12573,34,11,class_11,11,class_11,1,0.9999414682388306,1.4085775755396015e-17,3.819657438925396e-19,1.8978340835927964e-19,9.59541375777917e-06,7.4817971437022425e-22,4.978883662536761e-27,4.8982532462105155e-05,5.577941334191684e-14,1.0090968452546381e-13,3.6842526544927326e-16,1.6275130698872613e-27,0.9999414682388306
TCN,42,12574,34,11,class_11,3,class_3,0,1.0,1.5752316718713546e-16,4.2582840208020525e-18,1.321811798691472e-22,1.0,2.6099485583042622e-17,3.600170427327006e-26,1.6898089594263865e-09,1.311207932927846e-18,2.1142114778926265e-19,2.0649968687043094e-14,7.425153886690356e-26,4.975290401887378e-09
TCN,42,12575,34,11,class_11,11,class_11,1,0.9960439205169678,1.0024510522790517e-16,4.900902457264636e-16,1.5634666489317884e-17,4.822265395887371e-07,2.9855905477728646e-18,1.4115436853639672e-23,0.003955581691116095,1.9475636650316015e-16,1.5946637194121116e-15,2.3231237219296583e-14,4.232361203525474e-30,0.9960439205169678
TCN,42,12576,34,11,class_11,11,class_11,1,0.9999016523361206,1.7918252873203727e-13,9.98793821087307e-13,2.1777382245332776e-15,7.043206989854056e-11,2.6285416985377674e-12,2.676974217517852e-18,9.835699893301353e-05,4.81420916450875e-16,5.8321416272766324e-12,1.693704855185163e-13,9.085877422908438e-26,0.9999016523361206
TCN,42,12577,34,11,class_11,3,class_3,0,0.8700856566429138,8.976828394224867e-05,3.2240913583336805e-07,7.882464956310287e-07,0.8700856566429138,2.44031980400905e-06,4.439511536169505e-10,0.12916333973407745,4.179847383056767e-05,7.249124678310181e-08,0.0004595870559569448,4.879542880864562e-10,0.00015618299948982894
TCN,42,12578,34,11,class_11,6,class_6,0,0.9988730549812317,1.8165454918062096e-08,2.7029807281309104e-09,4.325022118223387e-09,0.0011218219297006726,1.9954893559770426e-07,1.9491446651143107e-11,0.9988730549812317,1.2943250027319664e-08,4.429016615264958e-12,4.865311893809121e-06,1.2599320746458547e-15,5.6612101673181314e-09
TCN,42,12579,34,11,class_11,6,class_6,0,0.6661046743392944,1.2456594049581327e-06,5.2920860582617024e-08,1.3699175127612762e-09,0.02174922451376915,7.709562055424612e-07,1.905422347681096e-11,0.6661046743392944,0.0005647140205837786,1.4140574933207972e-07,0.00018177206220570952,5.087087435323712e-12,0.3113974332809448
TCN,42,12580,34,11,class_11,11,class_11,1,0.9995311498641968,4.743115042046641e-38,4.263337553682486e-34,4.313196673191787e-42,0.0004689081688411534,1.933049472859785e-32,1.401298464324817e-45,1.3798250083146597e-23,2.4268555772443858e-31,9.337706475758273e-26,8.633465279388323e-33,9.60669027392483e-36,0.9995311498641968
TCN,42,12581,34,11,class_11,6,class_6,0,0.9984754920005798,5.208394012138117e-17,4.6653169223524507e-26,1.599050242736484e-23,0.0015244653914123774,2.8380241114328187e-19,1.1268735271525026e-28,0.9984754920005798,2.532590190563542e-20,5.671516307084612e-19,3.444119755615481e-29,2.989903735553792e-31,2.8815286157168885e-08
TCN,42,12582,34,11,class_11,6,class_6,0,0.6398700475692749,1.6815383087549704e-20,2.4798418793861867e-26,2.3628517078782712e-28,0.36012983322143555,3.0963741201978813e-21,6.54568812999209e-33,0.6398700475692749,1.8901840614192936e-22,3.8892511225982605e-22,5.555604323274366e-29,6.652973157586488e-35,8.147509333866765e-08
TCN,42,12583,34,11,class_11,6,class_6,0,1.0,9.94868675797873e-28,3.6649686152813055e-39,6.6280432642107e-34,3.1657798500986596e-18,1.9429881165532613e-29,4.706064710649893e-40,1.0,2.1679947940746662e-32,1.281851169506368e-32,4.203895392974451e-44,1.401298464324817e-45,6.007206361618082e-25
TCN,42,12584,34,11,class_11,6,class_6,0,0.999998927116394,6.5724370662546735e-21,7.194765706354773e-29,3.8600855355669496e-27,1.031174519994238e-06,2.8236521951360726e-23,6.22511318810759e-33,0.999998927116394,1.5985925708828238e-21,1.8864525953519495e-18,1.2007095127997918e-32,2.2047705205492254e-34,5.1878997625598444e-11
TCN,42,12585,34,11,class_11,6,class_6,0,1.0,1.0920696860156163e-28,2.315177593410729e-35,2.1985578492341373e-34,1.089408695415097e-17,1.0889959981208715e-27,1.1962632756217385e-38,1.0,1.422973057291865e-31,1.5186248005617782e-29,4.637597267682982e-41,2.802596928649634e-45,1.4431490425442397e-25
TCN,42,12586,34,11,class_11,6,class_6,0,1.0,8.146890790049435e-24,2.870639771431228e-30,4.372196506866524e-30,5.5282313422095816e-14,7.659069501842207e-19,7.491899828128094e-34,1.0,9.257210981878145e-30,1.4156511078363445e-26,7.500454029088723e-33,5.68604877869081e-40,6.197753741121955e-25
TCN,42,12587,34,11,class_11,6,class_6,0,1.0,5.188091203679743e-38,5.605193857299268e-45,8.96831017167883e-44,2.867778096224219e-26,7.144490095088748e-33,0.0,1.0,4.217908377617699e-43,1.5302179230427002e-42,0.0,0.0,1.1301318308260205e-36
TCN,42,12588,34,11,class_11,6,class_6,0,1.0,2.0659460152495556e-33,1.4006877784540643e-38,1.1094477910823445e-38,1.292874088573719e-20,5.631605009627911e-28,1.0145400881711676e-42,1.0,4.5612161317686436e-38,3.600962357315807e-36,0.0,0.0,3.36073007352069e-30
TCN,42,12589,34,11,class_11,6,class_6,0,1.0,1.1524577972008614e-27,2.516181932956089e-34,4.354197481364791e-33,1.751373587731734e-18,1.0703051454049916e-22,1.894955331034606e-36,1.0,2.0027501532524032e-33,2.1142606697782748e-33,1.1466180736276389e-39,0.0,3.726193430100945e-31
TCN,42,12590,34,11,class_11,6,class_6,0,1.0,1.605510540233701e-23,7.345439631847694e-30,1.0649341756935508e-28,2.5955315674508483e-10,2.0280406726720608e-21,4.4216528573447435e-33,1.0,1.1417457748501796e-27,6.336865417453154e-26,6.525178898935985e-36,2.5809019827638907e-38,1.3592046575687256e-23
TCN,42,12591,34,11,class_11,3,class_3,0,0.9999443292617798,9.470644985170614e-23,1.711254622392157e-27,2.4479518327305477e-34,0.9999443292617798,9.068598836564491e-20,1.2035579870115049e-36,1.2711401375931075e-10,1.8464356211145729e-28,3.0020605861858477e-21,5.229223848280068e-25,2.776463990274176e-35,5.572410736931488e-05
TCN,42,12592,34,11,class_11,6,class_6,0,1.0,2.56839272933311e-28,5.083614874334771e-37,3.087480682239115e-34,3.23073656716133e-08,7.088641694185814e-27,5.632799437046467e-41,1.0,2.001185680474054e-32,1.5968636281592883e-28,8.127531093083939e-44,4.764414778704378e-44,4.0605477874370616e-22
TCN,42,12593,34,11,class_11,6,class_6,0,0.998988687992096,1.9751937474221388e-16,2.504605172299351e-24,3.9820341654799696e-23,0.0010110718430951238,9.53819979101426e-16,1.6500310427970368e-27,0.998988687992096,2.0575557330469494e-22,7.231288912157346e-19,3.320729625013282e-27,6.448725803385064e-31,1.8587829231364594e-07
TCN,42,12594,34,11,class_11,3,class_3,0,0.5319469571113586,1.4306968179350626e-21,1.3986877325903355e-25,4.319842761519093e-27,0.5319469571113586,1.8783229608942018e-19,3.9912611760913114e-32,0.46805307269096375,9.807472183393158e-23,4.45413474725562e-18,4.299094525635215e-28,4.607181130735025e-32,2.7484325926252495e-08
TCN,42,12595,34,11,class_11,6,class_6,0,1.0,2.3944429099418386e-21,1.620663885226037e-26,6.0059170054463534e-27,6.660919732448534e-11,4.965384594514256e-20,1.5729567325019823e-30,1.0,3.258349579337042e-23,1.866837751959359e-20,4.121221654502686e-29,8.415138343106355e-36,6.693812332157485e-16
TCN,42,12596,34,11,class_11,6,class_6,0,1.0,7.560426275090698e-20,1.7327047634442672e-28,6.645665635099501e-26,1.7036648133905707e-11,1.532793592406434e-18,7.928475237821645e-31,1.0,3.470979847844367e-25,5.354777963878913e-24,7.783222574725283e-32,5.315808460419113e-37,2.5082591097000558e-17
TCN,42,12597,34,11,class_11,6,class_6,0,0.9995168447494507,3.8776848485660986e-13,2.1162703498243166e-20,3.443192937244823e-20,0.0004831001569982618,2.246281909394285e-14,2.9160580599531683e-24,0.9995168447494507,4.444763039069578e-16,1.0181959442245869e-13,1.2174302083887679e-19,1.7746107071774996e-26,1.985327457987296e-09
TCN,42,12598,34,11,class_11,3,class_3,0,1.0,1.6391336978374564e-29,4.44263081030949e-27,4.7215710574074344e-33,1.0,2.898435514753428e-22,9.037025163324085e-34,5.019170634668058e-10,6.537690914994957e-27,8.599937749437614e-25,6.895612362262596e-30,1.0891859820820887e-29,1.6678421144167288e-10
TCN,42,12599,34,11,class_11,6,class_6,0,0.9995447993278503,2.2378401757540411e-13,1.1678224809939494e-18,1.9140691833247688e-19,0.00045515879173763096,1.090595062175348e-12,1.469627924023061e-21,0.9995447993278503,1.0437372063095036e-14,1.9076427375297103e-16,1.3840653188575114e-17,1.304869491208532e-25,2.1925650184329015e-09
TCN,42,12600,34,0,class_0,0,class_0,1,1.0,1.0,1.8233438177070056e-33,2.538113495233409e-19,7.076444564760153e-23,2.6704359619208384e-24,7.059160489964818e-31,1.8116937708477715e-28,9.624803928710977e-37,8.705353571165968e-27,2.1720126197034665e-43,4.3643653668763005e-37,1.365435430005556e-31
TCN,42,12601,34,0,class_0,0,class_0,1,1.0,1.0,1.0784739830942852e-21,2.2379381334203252e-12,1.1811857915378088e-12,7.693182430303894e-19,1.2410170434319705e-22,5.781639110187981e-17,7.001552319229005e-24,2.9982265588102246e-18,4.9368234951484067e-29,9.802937194612365e-27,7.460581697746426e-20
TCN,42,12602,34,0,class_0,0,class_0,1,1.0,1.0,9.558623862615173e-20,1.3869541071187541e-08,1.0426674884004162e-15,2.5163145222009686e-13,1.1137680891199873e-17,7.52490008270307e-18,3.3028678855563106e-20,6.03114563499374e-13,1.1228769976078002e-23,7.604181403191465e-22,2.0977927337249097e-17
TCN,42,12603,34,0,class_0,0,class_0,1,1.0,1.0,1.5317384140790942e-22,4.893122040362796e-13,1.2580809900187488e-15,1.6678338397857484e-12,6.005002959829374e-19,1.0727190444268902e-18,2.2427520146230657e-25,1.2202712656681094e-16,3.29707804973824e-27,5.395600036609903e-25,1.9925161750353364e-18
TCN,42,12604,34,0,class_0,0,class_0,1,1.0,1.0,1.4993893568275543e-43,4.399912374510619e-26,2.7507828526932785e-32,1.9490946768749214e-32,3.491633880697876e-38,1.4618522255546874e-36,1.7796490496925177e-43,3.067736978103658e-32,0.0,1.4433374182545616e-43,1.0157523346570734e-36
TCN,42,12605,34,0,class_0,0,class_0,1,1.0,1.0,3.2229864679470793e-44,8.159892006628382e-24,5.570256305524033e-31,8.331496943709402e-33,2.1334881223222486e-39,1.7399761601938163e-37,0.0,2.9424458474295093e-33,0.0,0.0,1.4176527384422591e-38
TCN,42,12606,34,0,class_0,0,class_0,1,1.0,1.0,1.4238710635058367e-28,2.149886722436372e-15,2.0307636816773644e-23,2.871092530500701e-20,1.0961675399749918e-22,3.9649815565070333e-25,5.696122699799911e-27,5.618903484223177e-20,2.508772128551396e-35,5.6441899988495094e-27,1.2021428363033439e-21
TCN,42,12607,34,0,class_0,0,class_0,1,1.0,1.0,9.875117351142506e-26,5.7888294852093125e-11,1.2254902045786963e-18,4.397792968343402e-21,2.2446960144125632e-24,3.084637359297582e-23,6.818514303897158e-26,1.3935802585364958e-20,8.763951978289835e-37,1.0491599668546687e-28,2.099028107209463e-22
TCN,42,12608,34,0,class_0,0,class_0,1,1.0,1.0,7.3368544191420385e-34,2.921252026138184e-18,5.436821470174161e-24,5.503277578020308e-25,1.5324517738562633e-29,1.4842455487367253e-27,2.7047792567924744e-33,3.629864174853511e-24,3.108864721012466e-40,5.054559127801122e-34,4.047500474757194e-27
TCN,42,12609,34,0,class_0,0,class_0,1,1.0,1.0,7.310673152336727e-35,3.53508914900777e-20,3.4767956632383505e-26,1.078456397806986e-23,8.778442251443599e-29,7.309381859853734e-30,4.275306933074238e-34,4.1424316756167475e-24,1.7391094851196007e-40,8.698952804356602e-33,2.2843083751083727e-26
TCN,42,12610,34,0,class_0,0,class_0,1,1.0,1.0,1.4048717754088454e-40,1.5546070815137807e-23,1.2356079094092144e-30,3.092243228275409e-26,2.2870282632241593e-34,6.47892422938046e-35,1.9211801945893242e-41,6.035394718167009e-31,0.0,1.2157665476482113e-41,9.954503095915688e-34
TCN,42,12611,34,0,class_0,0,class_0,1,1.0,1.0,1.1195379007355747e-28,4.119867882040667e-15,3.585748791647814e-20,3.354165426620301e-19,8.29650868847969e-27,8.421653346811756e-22,1.2973696051155423e-28,2.3618325179043503e-19,5.348957739038229e-32,4.098279357284523e-32,4.0628409114252305e-22
TCN,42,12612,34,0,class_0,0,class_0,1,0.9998378753662109,0.9998378753662109,6.124835083554103e-10,2.1453988665598445e-06,0.0001076558546628803,1.8211748908925074e-07,5.964438942740458e-10,5.2090908866375685e-05,1.0388255811122349e-09,2.252997077789587e-08,4.154969771019701e-11,6.785528085598291e-13,6.998655432965961e-09
TCN,42,12613,34,0,class_0,0,class_0,1,1.0,1.0,1.401298464324817e-45,4.8309552946243105e-27,7.188887782035337e-33,2.797694371043299e-33,3.21738127408978e-42,9.240751191291049e-34,0.0,8.48618816614565e-36,0.0,0.0,2.736175381440638e-41
TCN,42,12614,34,0,class_0,0,class_0,1,1.0,1.0,5.768310646716677e-32,5.039138279751471e-19,2.3972748322391607e-22,5.640334287100846e-28,6.921273709569578e-32,2.9273867065237726e-26,9.131389992717259e-33,1.4389720240510944e-24,8.206466235579356e-40,6.515832226520135e-34,6.152590052221052e-27
TCN,42,12615,34,0,class_0,0,class_0,1,1.0,1.0,5.605193857299268e-45,1.0003955593297399e-25,2.6570327701113854e-32,1.0600752696621838e-34,2.6290881527969353e-40,3.4367178010289017e-36,1.1210387714598537e-44,2.6907770986932654e-30,0.0,4.203895392974451e-45,2.2558597550056178e-35
TCN,42,12616,34,0,class_0,0,class_0,1,1.0,1.0,3.4404333851731636e-19,1.2079277855736592e-10,1.3098727831561963e-11,3.375556949640501e-15,4.608203340198216e-18,4.8402105348906155e-14,3.1168029771678836e-20,5.291914570936494e-14,8.411888889635803e-23,2.3688940150064606e-22,4.295390049370703e-15
TCN,42,12617,34,0,class_0,0,class_0,1,1.0,1.0,2.1946050474414058e-32,1.0397585853536428e-18,3.396471449802355e-21,2.471618346124637e-22,9.664545646598532e-28,5.614285591564943e-24,1.9946074671500587e-33,4.960767052615135e-19,1.3583715580049746e-36,4.423894469970464e-34,1.2498305256312362e-21
TCN,42,12618,34,0,class_0,0,class_0,1,1.0,1.0,0.0,1.192786561003301e-23,1.961817850054744e-44,2.453911899034016e-35,0.0,5.605193857299268e-45,4.90454462513686e-44,8.4612873304392e-31,0.0,0.0,2.4802982818549262e-43
TCN,42,12619,34,0,class_0,0,class_0,1,1.0,1.0,2.3791106318499083e-36,3.788605171771431e-13,4.396587988315013e-27,9.65995834956045e-24,8.679529229577203e-33,1.9111580617137858e-29,8.111859240244841e-29,1.2815278653688309e-18,1.7812385705665706e-37,8.579121096482729e-35,2.1833554415066692e-26
TCN,42,12620,34,0,class_0,0,class_0,1,1.0,1.0,0.0,2.909505833659697e-27,1.5016280034537347e-33,7.779050540940235e-36,4.175869423687955e-43,4.309026098730171e-31,1.9197788961249994e-43,2.5659125152460956e-30,0.0,0.0,8.706969129121022e-37
TCN,42,12621,34,0,class_0,0,class_0,1,1.0,1.0,0.0,2.5121948214219927e-32,9.442313914392525e-30,6.283954807448923e-40,2.382207389352189e-44,3.090083070611492e-35,0.0,3.15866686843457e-40,0.0,0.0,8.007986321092389e-40
TCN,42,12622,34,0,class_0,0,class_0,1,1.0,1.0,1.233142648605839e-43,1.9658099350044193e-28,2.5020705330811853e-29,3.849662781926077e-35,2.064981442998337e-40,2.1390759983726063e-34,0.0,3.798589475188549e-36,0.0,0.0,1.3267112707045072e-38
TCN,42,12623,34,0,class_0,0,class_0,1,1.0,1.0,2.5690969576543376e-29,5.315908473233367e-15,1.5683380836422137e-14,1.9725661685087377e-25,3.238053978436107e-30,6.683162332140028e-19,1.4287726454922684e-29,3.8968745106976786e-25,3.4272257191224214e-40,1.8969887339364512e-35,5.620129818277466e-26
TCN,42,12624,34,0,class_0,0,class_0,1,1.0,1.0,0.0,6.305843089461677e-44,0.0,0.0,0.0,0.0,0.0,0.0,0.0,0.0,0.0
TCN,42,12625,34,0,class_0,0,class_0,1,1.0,1.0,0.0,3.415050004921719e-36,4.158709963472912e-38,1.401298464324817e-45,0.0,1.3228257503226273e-42,0.0,3.932043490895437e-42,0.0,0.0,0.0
TCN,42,12626,34,0,class_0,0,class_0,1,1.0,1.0,0.0,3.1625627023731474e-37,1.3308328818516565e-37,0.0,0.0,6.58610278232664e-44,0.0,1.401298464324817e-45,0.0,0.0,0.0
TCN,42,12627,34,0,class_0,0,class_0,1,1.0,1.0,0.0,4.114158596191003e-34,2.1989102679506435e-34,8.547920632381384e-44,0.0,1.858984156400816e-36,0.0,1.7577467546951208e-40,0.0,0.0,2.802596928649634e-43
TCN,42,12628,34,0,class_0,0,class_0,1,1.0,1.0,0.0,5.432242605935896e-23,2.644338540036121e-35,7.656811755835439e-36,8.76792449128038e-42,1.5735669786618377e-25,4.1410051178955534e-40,9.301051560759113e-26,0.0,0.0,9.959245021759806e-35
TCN,42,12629,34,0,class_0,0,class_0,1,1.0,1.0,4.203895392974451e-45,2.2575018064794603e-22,1.529565239332339e-31,1.1259011845565759e-30,7.773109640812435e-38,6.36736272997482e-29,9.541861633126977e-41,8.221279091512805e-26,0.0,0.0,4.247722305093262e-33
TCN,42,12630,34,0,class_0,0,class_0,1,1.0,1.0,0.0,5.962641636929884e-25,1.401298464324817e-45,3.4902981630016814e-40,3.923635700109488e-44,1.401298464324817e-45,0.0,3.676906725314397e-35,0.0,0.0,1.4111075535750908e-42
TCN,42,12631,34,0,class_0,0,class_0,1,1.0,1.0,4.476314630354926e-34,1.4760354637651142e-20,7.665019870815047e-22,1.0052471870171268e-23,8.350788040275464e-31,4.551356658499784e-25,1.358843918901717e-35,2.097226159575321e-23,9.71306219014924e-38,1.0298685445503976e-36,2.237982056226082e-26
TCN,42,12632,34,0,class_0,0,class_0,1,1.0,1.0,9.402712695619523e-42,8.537784274350856e-21,3.8022466803300785e-34,1.002484187983969e-27,1.094026163825572e-34,8.720588629155488e-39,1.1378543530317515e-42,3.081828559878491e-29,0.0,5.324934164434305e-44,6.15376228813386e-35
TCN,42,12633,34,0,class_0,0,class_0,1,1.0,1.0,0.0,0.0,0.0,0.0,0.0,0.0,0.0,0.0,0.0,0.0,0.0
TCN,42,12634,34,0,class_0,0,class_0,1,1.0,1.0,4.141977282718163e-37,1.195390446256387e-18,2.845339818295542e-27,2.867615147143484e-25,4.0967788387456986e-32,1.0022346085280352e-29,5.542702111503624e-38,2.8255824194420127e-24,2.6470527991095794e-42,1.6607208490252705e-40,1.0842941952549835e-29
TCN,42,12635,34,0,class_0,0,class_0,1,1.0,1.0,0.0,1.5929176134073927e-25,2.1165919138482454e-34,2.2229975706491827e-34,1.4280772779780643e-40,3.6900186530727246e-34,8.688050478813866e-44,9.147516030776924e-29,0.0,0.0,5.967071055937982e-35
TCN,42,12636,34,0,class_0,0,class_0,1,1.0,1.0,0.0,7.26105107961456e-38,0.0,0.0,0.0,0.0,0.0,0.0,0.0,0.0,0.0
TCN,42,12637,34,0,class_0,0,class_0,1,1.0,1.0,9.608762854533416e-24,3.5312455737290804e-10,1.7424988413859075e-16,1.1847509082783576e-23,2.0226503002687584e-26,1.8229521554495517e-28,5.292850199812031e-34,2.3122592885391877e-25,4.484155085839415e-44,9.845319644944712e-35,3.9820106232975154e-29
TCN,42,12638,34,0,class_0,0,class_0,1,1.0,1.0,0.0,3.0828566215145976e-44,1.3312335411085762e-43,0.0,0.0,0.0,0.0,0.0,0.0,0.0,0.0
TCN,42,12639,34,0,class_0,0,class_0,1,1.0,1.0,2.35572305106026e-34,2.1243830262626662e-14,4.2393964751490435e-28,1.0730793542440573e-25,1.5597942614620396e-29,2.3294249924627094e-33,2.59504171205064e-36,3.0070860214271145e-22,2.942726775082116e-44,1.5498288147912332e-38,3.550821631027192e-27
TCN,42,12640,34,1,class_1,1,class_1,1,1.0,1.9775890180972887e-35,1.0,3.938219750871228e-35,2.8404076113193576e-33,3.486817455223234e-22,8.575541555411885e-23,4.534311257305546e-37,3.2788304027755554e-26,1.9905444685734026e-41,9.131418578671001e-27,4.9402433910988495e-25,7.09304049410467e-30
TCN,42,12641,34,1,class_1,1,class_1,1,1.0,6.638027504558626e-37,1.0,3.100105551833991e-36,1.919975077910005e-39,1.395754697454841e-22,2.744102535015339e-20,0.0,1.709240448124981e-22,8.407790785948902e-45,5.340574153501859e-26,1.496802983139349e-23,8.69930278076319e-29
TCN,42,12642,34,1,class_1,1,class_1,1,1.0,6.974289810290638e-37,1.0,9.143002113661857e-32,9.872719384194693e-31,9.386811218215535e-26,9.491425474680308e-23,3.496222539017991e-36,4.101584710379893e-22,6.011570411953465e-43,1.5849497653379981e-29,5.456720979546427e-26,1.8436080096354898e-23
TCN,42,12643,34,1,class_1,1,class_1,1,1.0,3.600464604890891e-38,1.0,3.2647709460757024e-37,1.5260616717975128e-39,4.7791677603507255e-22,5.534235732414693e-21,9.928059489894896e-41,1.6525765684786577e-28,3.363116314379561e-44,2.3253914074949673e-28,4.614231072057895e-28,2.94262252744468e-35
TCN,42,12644,34,1,class_1,1,class_1,1,1.0,3.9761819768767597e-29,1.0,1.8160867869582634e-29,4.1023367076917537e-29,4.27384163376295e-18,5.130319432648957e-19,1.887225911265649e-32,3.6620552338035507e-20,1.5191135048810903e-34,1.0825496112054113e-15,1.6740937478654785e-19,6.885585353470828e-26
TCN,42,12645,34,1,class_1,1,class_1,1,1.0,6.621002964057396e-31,1.0,2.569754843286278e-28,1.1489548195215127e-27,2.518521364976437e-22,7.494933810652112e-18,5.273375539958323e-29,7.949420236605977e-19,6.548625304665711e-34,3.3005797293408063e-25,7.275642368914182e-21,5.243355058801938e-26
TCN,42,12646,34,1,class_1,1,class_1,1,1.0,1.1049533284233188e-24,1.0,7.365727810422623e-22,1.3683240221697905e-16,1.769395177250721e-13,7.386752884711023e-13,6.073267921716206e-17,8.369518450975237e-21,3.9456985912360043e-25,1.0347173638736162e-11,1.76426829950567e-18,7.194915841918829e-20
TCN,42,12647,34,1,class_1,1,class_1,1,1.0,1.1896072043428926e-28,1.0,6.691693902931666e-31,1.9081049361304628e-30,3.046679594265016e-14,3.1197250474824427e-15,5.169645003952431e-36,4.280765377323218e-23,1.7336838413160935e-35,1.4743609335502287e-17,5.943195119730617e-20,3.696369934714368e-28
TCN,42,12648,34,1,class_1,1,class_1,1,1.0,5.843414596234487e-43,1.0,3.433181237595802e-43,0.0,4.610430730795133e-28,1.5377706085651464e-27,0.0,2.292613181985e-31,0.0,3.1808695072686045e-29,5.474217241567501e-32,2.665549938838667e-41
TCN,42,12649,34,1,class_1,1,class_1,1,1.0,1.6114932339735396e-42,1.0,9.100032227325362e-42,4.727576043375743e-39,2.967838484074733e-29,1.3337716069944054e-28,1.5134023414708024e-43,3.069766821748658e-29,0.0,1.0493820271414938e-32,1.5027722003556284e-28,3.6509660675090196e-35
TCN,42,12650,34,1,class_1,1,class_1,1,1.0,2.6271962816566107e-27,1.0,3.76777499110874e-30,6.475527544781552e-31,1.6645469995846957e-13,5.0665304691337414e-18,5.7877016382620396e-34,6.4935685452426534e-21,1.452071985564574e-34,1.4957189421071397e-15,2.257600005904426e-19,1.5002706147656887e-26
TCN,42,12651,34,1,class_1,1,class_1,1,1.0,3.7031695248211415e-37,1.0,2.2232327914883655e-36,1.276162511460611e-41,3.3372193601599277e-25,5.313233408943572e-22,2.634441112930656e-43,1.9045165308191653e-26,7.006492321624085e-45,1.0670848074956683e-29,3.216431936580881e-25,2.032254671157184e-35
TCN,42,12652,34,1,class_1,1,class_1,1,0.7146764993667603,2.2509151660632387e-12,0.7146764993667603,3.121116894668349e-17,5.4415607436686386e-11,0.2853230834007263,2.233448759270118e-09,1.32245373641671e-14,2.6343910505734897e-14,5.379835879486164e-19,3.8634610177723516e-07,1.3172666082916784e-12,2.936442152531426e-15
TCN,42,12653,34,1,class_1,1,class_1,1,1.0,5.120999429047119e-24,1.0,1.2791739495946714e-25,5.482067912432914e-27,9.342571475560307e-14,8.65781174508827e-16,3.553609775733557e-29,2.008879048322554e-18,4.464742424790378e-31,2.890108444464991e-16,4.313149670061776e-18,1.7773222996891752e-22
TCN,42,12654,34,1,class_1,1,class_1,1,1.0,4.624284932271896e-44,1.0,2.291122989171076e-42,2.428429219197943e-39,9.852643520547055e-28,1.82801140123532e-24,5.605193857299268e-45,1.080912533106538e-28,0.0,5.6885575867930474e-30,3.8304260940527646e-29,3.5752999323651957e-35
TCN,42,12655,34,1,class_1,1,class_1,1,1.0,6.621002964057396e-31,1.0,2.569754843286278e-28,1.1489548195215127e-27,2.518521364976437e-22,7.494933810652112e-18,5.273375539958323e-29,7.949420236605977e-19,6.548625304665711e-34,3.3005797293408063e-25,7.275642368914182e-21,5.243355058801938e-26
TCN,42,12656,34,1,class_1,1,class_1,1,1.0,1.699294814104631e-28,1.0,4.030745678687127e-30,3.4574140889097215e-29,1.252458070986242e-17,9.124939529802156e-20,1.3515515192912e-32,8.546321036766344e-21,7.010863834734168e-36,1.767543885100543e-16,1.4447557581483922e-20,1.857505197174255e-26
TCN,42,12657,34,1,class_1,1,class_1,1,1.0,7.566196810818573e-35,1.0,3.1108617843214956e-36,1.7592108313306474e-37,1.523659243697164e-17,1.090559882673587e-18,1.1210387714598537e-43,5.983509966101375e-26,2.133757171627399e-41,7.722548505272263e-21,4.946301448420494e-23,3.150384002263256e-33
TCN,42,12658,34,1,class_1,1,class_1,1,1.0,3.146437984790044e-22,1.0,3.0644376686293567e-25,1.0941340913263374e-20,1.0045562298666155e-10,1.9191329710697864e-17,6.034630617950025e-25,4.840290264348318e-19,1.9706282581365754e-30,5.702922400811772e-14,9.746188358981279e-19,4.337510666590662e-22
TCN,42,12659,34,1,class_1,1,class_1,1,1.0,0.0,1.0,7.006492321624085e-45,2.620428128287408e-43,7.53452205942746e-33,1.2467417361469374e-26,0.0,1.0652952725117957e-29,0.0,2.655909846183191e-38,1.482526495759361e-33,1.7894851840031529e-38
TCN,42,12660,34,1,class_1,1,class_1,1,1.0,9.573602444642398e-39,1.0,4.448830033111943e-38,5.331240007523767e-41,3.883251868940643e-25,5.102591754254239e-24,4.0637655465419695e-44,1.5870068992598468e-29,0.0,4.1759779493074915e-29,1.144235424489289e-27,4.6771599366496735e-36
TCN,42,12661,34,1,class_1,1,class_1,1,1.0,3.459644945705392e-21,1.0,8.847152407919813e-15,1.0052387667486411e-17,5.121896728100182e-17,1.0076106615741764e-11,2.7065091148793643e-21,1.4280018343477106e-14,1.2318936698478632e-24,2.918744531508806e-19,2.81922597246409e-12,8.281811702219718e-18
TCN,42,12662,34,1,class_1,4,class_4,0,0.9999750852584839,3.110036303466922e-14,2.00354461412644e-05,1.284666259698691e-20,8.786372671099052e-12,0.9999750852584839,4.5513185132847484e-15,3.460570576061981e-16,3.547219928983728e-16,1.0858425543582583e-17,4.905520654574502e-06,6.953400528975084e-13,1.0256208317523108e-13
TCN,42,12663,34,1,class_1,1,class_1,1,1.0,2.787182645542061e-42,1.0,4.540207024412407e-43,9.318634787760034e-43,4.273483855902143e-25,7.228668365202687e-21,0.0,1.497732764149995e-32,0.0,4.761415896196716e-26,4.242971964090798e-28,9.103227187824023e-40
TCN,42,12664,34,1,class_1,1,class_1,1,1.0,7.0258264528068695e-22,1.0,7.801084934775847e-25,2.128687106300562e-21,9.235427526899098e-12,1.5631879221525825e-16,6.48264356007915e-24,1.0344458524333985e-17,1.635910323056315e-29,3.637647366487584e-13,1.3673997801841605e-17,4.630417320784767e-21
TCN,42,12665,34,1,class_1,1,class_1,1,1.0,1.5496458331692438e-30,1.0,1.667932326719325e-31,6.605009187920108e-31,3.444654297587481e-16,1.8620024289145892e-19,2.0022679709798257e-34,3.2517385773594535e-26,9.093750206309794e-39,2.460601051613448e-23,4.8627481412387435e-23,2.809614311346707e-29
TCN,42,12666,34,1,class_1,1,class_1,1,1.0,5.324934164434305e-44,1.0,3.335864130894677e-36,2.211297181371734e-37,6.952158060395907e-31,2.835139272093539e-23,4.90454462513686e-44,5.841580330705306e-26,0.0,5.495781047176638e-35,6.670139380238152e-29,2.0638235191398238e-29
TCN,42,12667,34,1,class_1,1,class_1,1,1.0,1.6051840048088895e-33,1.0,4.521602026935133e-28,1.1764246652633927e-29,1.6636832638428117e-21,1.6865555081369255e-18,2.459312342782772e-33,2.2524879327836204e-21,3.5604185776371095e-38,2.5551285183920905e-23,1.720787604728989e-22,4.233278080753357e-25
TCN,42,12668,34,1,class_1,1,class_1,1,1.0,2.3379683968334545e-40,1.0,2.4690878941403277e-42,5.469267906259761e-42,2.086433848194301e-19,1.4354420687154567e-23,0.0,3.6088796824288546e-38,0.0,1.1623525704389419e-26,4.208414416850238e-34,1.176109801107819e-41
TCN,42,12669,34,1,class_1,1,class_1,1,1.0,2.600177203218332e-34,1.0,5.659875886493537e-38,2.4289947832581446e-38,3.572366537242695e-14,6.211473703071145e-20,9.50360618505091e-42,2.0371730873761732e-30,2.368194404708941e-43,4.20995147956319e-21,4.716709361434853e-26,5.2127128024250705e-37
TCN,42,12670,34,1,class_1,1,class_1,1,1.0,3.2229864679470793e-44,1.0,1.961817850054744e-44,1.401298464324817e-45,1.3354630886718375e-26,6.226251768879511e-28,0.0,9.983361023050894e-35,0.0,7.537896457020818e-30,1.9164963152359615e-35,2.7377868746746114e-40
TCN,42,12671,34,1,class_1,1,class_1,1,1.0,6.983728018302354e-33,1.0,8.040088404391703e-34,4.2046190235014285e-38,2.0414574326708632e-17,4.2771874966226656e-17,1.2375006868298892e-40,1.1232301732543323e-27,4.093332944139223e-41,2.075845070815437e-25,1.4573559344092043e-25,1.1257968741266198e-32
TCN,42,12672,34,1,class_1,1,class_1,1,1.0,2.3020786208248602e-38,1.0,1.1732273301667028e-39,6.62919981749044e-36,1.5920423683344994e-18,2.4888056195705515e-25,7.370829922348538e-42,6.098636883621324e-34,0.0,3.079687414889501e-23,6.321792338595701e-28,8.979482444075198e-38
TCN,42,12673,34,1,class_1,1,class_1,1,1.0,1.5216717023821152e-26,1.0,1.5792351098958259e-28,1.403690206583575e-28,6.212547566230436e-14,3.547374313973255e-17,1.0379094138664514e-30,7.841819503110925e-23,9.83770395683707e-34,2.6391284685209578e-20,4.992447375373448e-21,7.972841647517355e-25
TCN,42,12674,34,1,class_1,1,class_1,1,1.0,9.573602444642398e-39,1.0,4.448830033111943e-38,5.331240007523767e-41,3.883251868940643e-25,5.102591754254239e-24,4.0637655465419695e-44,1.5870068992598468e-29,0.0,4.1759779493074915e-29,1.144235424489289e-27,4.6771599366496735e-36
TCN,42,12675,34,1,class_1,1,class_1,1,1.0,2.4348787493667142e-29,1.0,1.9825480999923317e-31,1.9777892286624627e-31,2.6235331046292262e-14,1.539656751307817e-17,7.219305902414771e-34,3.943849747793199e-24,3.179608545308703e-36,1.2578834989931405e-16,2.667518131093216e-21,3.828193339394112e-28
TCN,42,12676,34,1,class_1,1,class_1,1,1.0,1.871251930305431e-40,1.0,8.09268080027618e-40,4.655113498487042e-42,7.883382355674963e-25,3.508558408029976e-26,2.802596928649634e-45,8.129606082829261e-30,0.0,4.662504756484854e-26,9.807480388119536e-31,8.587232323187921e-37
TCN,42,12677,34,1,class_1,1,class_1,1,1.0,1.5999283328321646e-31,1.0,4.8842888629200096e-33,5.143184255582153e-30,6.183023406996764e-16,1.2139916735123475e-20,4.281312974522971e-34,9.280494954904702e-26,1.702322737963992e-38,2.0676290450445148e-22,2.3287617261953003e-23,1.5013166788001578e-28
TCN,42,12678,34,1,class_1,1,class_1,1,1.0,7.0258264528068695e-22,1.0,7.801084934775847e-25,2.128687106300562e-21,9.235427526899098e-12,1.5631879221525825e-16,6.48264356007915e-24,1.0344458524333985e-17,1.635910323056315e-29,3.637647366487584e-13,1.3673997801841605e-17,4.630417320784767e-21
TCN,42,12679,34,1,class_1,4,class_4,0,0.5668855309486389,7.442668009671749e-11,0.43310561776161194,2.419147998242166e-12,1.9317928945383755e-06,0.5668855309486389,2.3044992580878443e-09,6.910162397844033e-08,1.84337170527904e-10,1.514319404464018e-13,6.77206980981282e-06,1.499360302581465e-09,1.1554651457856835e-08
TCN,42,12680,34,2,class_2,2,class_2,1,1.0,1.1311677972236271e-27,2.4754207819055473e-22,1.0,5.560459038959308e-27,1.5459906582974475e-38,2.51888198837863e-33,2.4937367341278012e-40,1.5823871338355007e-23,5.52138145446875e-33,0.0,1.3799664978024004e-39,6.420273122058441e-40
TCN,42,12681,34,2,class_2,2,class_2,1,1.0,2.670998512864974e-30,4.210786738111412e-21,1.0,2.5238608956765025e-28,2.0739217272007293e-43,4.335997890078185e-33,1.401298464324817e-45,1.0314485077864461e-22,4.49720621921675e-37,0.0,3.14042868866169e-38,2.1720126197034665e-43
TCN,42,12682,34,2,class_2,2,class_2,1,1.0,2.2916064004608794e-32,7.906606913762735e-24,1.0,2.432332440523737e-31,9.80908925027372e-45,3.017718421554548e-35,0.0,1.136610908195517e-24,2.1839085226268127e-38,0.0,8.738497223529559e-41,3.783505853677006e-44
TCN,42,12683,34,2,class_2,2,class_2,1,1.0,8.42349792743147e-34,1.4230959826293678e-26,1.0,6.898861091428327e-34,0.0,4.529539667878704e-37,0.0,3.002216875249842e-28,2.098187508239995e-37,0.0,1.961817850054744e-44,0.0
TCN,42,12684,34,2,class_2,2,class_2,1,1.0,4.151933255619614e-27,4.361027504301805e-19,1.0,3.225385692744414e-27,2.957188175233948e-40,4.486649783868235e-30,3.8455833756465955e-41,5.1338014752868934e-20,5.899847472750332e-35,0.0,7.336910897972176e-34,2.2463674780383913e-38
TCN,42,12685,34,2,class_2,2,class_2,1,1.0,1.8835353732828454e-33,1.536122325496367e-28,1.0,2.6659008688156848e-36,0.0,7.327473523654574e-37,0.0,2.238363929615455e-28,1.908323673542714e-37,0.0,1.8216880036222622e-44,0.0
TCN,42,12686,34,2,class_2,2,class_2,1,1.0,4.743879379606697e-28,1.0195572967561464e-20,1.0,2.5948036085136e-29,2.6456374876606114e-40,2.682078026723169e-29,1.471363387541058e-43,1.194760128167273e-20,6.869733627111897e-35,0.0,2.2913345673922517e-33,1.2342314575126194e-39
TCN,42,12687,34,2,class_2,2,class_2,1,1.0,5.564892997754036e-35,7.457976673844898e-39,1.0,0.0,0.0,2.1961815499350676e-30,0.0,1.5919391222109994e-33,1.3872854796815689e-43,0.0,0.0,0.0
TCN,42,12688,34,2,class_2,2,class_2,1,1.0,4.102596654161506e-32,2.4634466306707614e-23,1.0,6.860439874900708e-34,0.0,4.436385474980393e-33,0.0,1.446711262290901e-23,5.487599692770058e-39,0.0,6.612826665080086e-38,2.802596928649634e-45
TCN,42,12689,34,2,class_2,2,class_2,1,1.0,3.5988869109758772e-37,4.7479011065165665e-27,1.0,4.435955440920337e-36,0.0,6.112604031231285e-41,0.0,1.2927103592828942e-29,2.2810616661972237e-40,0.0,0.0,0.0
TCN,42,12690,34,2,class_2,2,class_2,1,1.0,4.0637655465419695e-44,4.56206587915741e-39,1.0,0.0,0.0,0.0,0.0,3.9116418408182914e-36,3.124895575444342e-43,0.0,0.0,0.0
TCN,42,12691,34,2,class_2,2,class_2,1,1.0,3.2188598749098226e-19,1.1155113722609428e-17,1.0,8.82254384448399e-24,4.682295396076722e-31,1.54434846545849e-20,8.669601445100539e-33,2.273033645171017e-19,4.866632857954592e-28,0.0,2.2274598559381315e-29,1.2804309007913796e-29
TCN,42,12692,34,2,class_2,2,class_2,1,1.0,2.482231670161737e-35,5.1816725301010704e-27,1.0,2.809164960286965e-36,0.0,2.1795903933830265e-37,0.0,5.407503993892007e-27,4.3559783153076236e-39,0.0,9.514816572765508e-43,0.0
TCN,42,12693,34,2,class_2,2,class_2,1,1.0,8.996639293151206e-20,4.675566282306574e-16,1.0,1.998521092692165e-19,2.5177836237369885e-28,4.956820119730711e-24,2.887653895472939e-29,1.317422000721017e-15,7.569576445806439e-27,0.0,3.3016594518899484e-27,1.3374035196649998e-29
TCN,42,12694,34,2,class_2,2,class_2,1,1.0,1.4439307165732044e-18,2.547653023890077e-16,1.0,9.352053316478205e-22,8.800101741080664e-29,5.570066703497594e-23,6.990626497084081e-27,3.4545200642097885e-18,2.2589047798221777e-23,1.485376372184306e-43,4.982896915354875e-28,1.0212089763866558e-25
TCN,42,12695,34,2,class_2,2,class_2,1,1.0,2.249468872181818e-18,6.696877532635362e-16,1.0,2.2592344227063643e-21,2.6286083734918354e-28,1.5488263883175003e-20,1.3443643646286483e-30,2.311061633947578e-16,7.430477311131038e-27,0.0,1.1215995076297191e-26,2.1010655394380558e-27
TCN,42,12696,34,2,class_2,2,class_2,1,1.0,1.4795429863322155e-26,8.050372376396673e-26,1.0,1.500989601728821e-29,8.80893253795589e-37,4.154554856286354e-31,5.49799452477842e-41,1.880801184151805e-24,1.8779080849301554e-28,0.0,4.3564289728937505e-38,2.328435195224837e-36
TCN,42,12697,34,2,class_2,2,class_2,1,1.0,6.559134274462547e-24,2.2804536987396475e-24,1.0,1.3543753212081042e-31,5.375240779303566e-40,2.8885572769874784e-29,7.0004647203577e-37,1.2533151956177488e-22,1.8726379220820855e-26,0.0,2.2044100662268052e-35,3.1530015779308105e-35
TCN,42,12698,34,2,class_2,2,class_2,1,1.0,6.216005763797473e-26,4.532850495117085e-18,1.0,4.8536465796586655e-24,9.89795444210285e-37,6.051446422665905e-29,1.0952814483351606e-37,8.112608108061057e-20,2.8537011667302114e-33,0.0,3.083680207983861e-33,1.9611494867391995e-37
TCN,42,12699,34,2,class_2,2,class_2,1,1.0,1.8842104499319196e-26,6.957299095990756e-25,1.0,5.206954393956798e-35,2.178598722485793e-41,2.0855274447955307e-26,3.783505853677006e-44,1.7094222963408526e-23,1.2360756447643849e-36,0.0,1.507076655995086e-37,4.602078555507741e-38
TCN,42,12700,34,2,class_2,2,class_2,1,1.0,6.870479135522008e-24,9.91752036397231e-13,1.0,3.3836626976037e-17,3.905919771942835e-34,6.797909183867447e-29,2.0519676241767523e-31,2.760726254538846e-18,1.411559330406327e-32,0.0,1.7330185379162333e-32,3.3419125386406607e-37
TCN,42,12701,34,2,class_2,2,class_2,1,1.0,1.1678715201024028e-28,1.10013625602269e-19,1.0,4.323705791801545e-27,3.861978567679196e-42,7.053608218722862e-33,1.4293244336113134e-43,2.7459324196851226e-22,6.850077100117055e-36,0.0,1.6509552000273908e-38,1.228798623366432e-41
TCN,42,12702,34,2,class_2,2,class_2,1,1.0,1.8626105150395098e-37,8.386911438830463e-41,1.0,0.0,0.0,9.952021693634851e-42,0.0,2.4829434526541463e-34,7.820110334765436e-36,0.0,0.0,0.0
TCN,42,12703,34,2,class_2,2,class_2,1,1.0,8.616688036266212e-32,3.882377958969078e-25,1.0,4.341260798692007e-33,0.0,6.638056203151176e-36,0.0,1.1966414481457992e-24,3.3519076082231196e-38,0.0,2.2098476782402365e-42,2.802596928649634e-45
TCN,42,12704,34,2,class_2,2,class_2,1,1.0,1.0308545654122228e-37,0.0,1.0,0.0,0.0,9.460268697225629e-30,0.0,7.146622168056567e-44,2.802596928649634e-44,0.0,0.0,0.0
TCN,42,12705,34,2,class_2,2,class_2,1,1.0,4.752233001029168e-34,5.719900616079305e-27,1.0,1.999038633154615e-35,0.0,1.0903622181021176e-37,0.0,3.821543594408279e-26,1.5665670446879003e-38,0.0,8.828180325246348e-44,0.0
TCN,42,12706,34,2,class_2,2,class_2,1,1.0,4.078264003751431e-35,2.802596928649634e-45,1.0,0.0,0.0,8.871620577640417e-42,0.0,2.4496924884644447e-36,2.0992485048923202e-33,0.0,0.0,0.0
TCN,42,12707,34,2,class_2,2,class_2,1,1.0,2.323881613835517e-30,1.3323897667037822e-26,1.0,2.0198222617855784e-32,2.9903709228691596e-42,7.02712015248376e-35,0.0,1.8004673366533968e-24,2.5216315431336002e-33,0.0,2.769848583538363e-40,1.6266272573882477e-41
TCN,42,12708,34,2,class_2,2,class_2,1,1.0,1.0043704728519924e-36,1.401298464324817e-45,1.0,0.0,0.0,1.2789414271974753e-30,0.0,2.473291789533302e-42,8.547920632381384e-44,0.0,0.0,0.0
TCN,42,12709,34,2,class_2,2,class_2,1,1.0,2.4517673494196674e-29,4.740612771309423e-25,1.0,7.379703881580942e-30,1.3251378927887633e-40,2.1956076339200618e-34,1.401298464324817e-45,2.5727431513169515e-23,5.317134719238569e-34,0.0,1.5294416036934643e-39,1.1683606206001027e-40
TCN,42,12710,34,2,class_2,2,class_2,1,1.0,6.992889849954725e-28,6.268857582313766e-30,1.0,1.1411826050403386e-37,0.0,2.6789727476881096e-34,4.203895392974451e-45,1.3101270372895362e-27,5.5664991434601605e-30,0.0,6.974262456944615e-42,1.0544869034936751e-39
TCN,42,12711,34,2,class_2,2,class_2,1,1.0,2.0063487900704596e-21,2.1646299336319785e-11,1.0,1.2494387128579132e-15,6.469376065294264e-32,3.0039857783480733e-25,4.9135378806991543e-32,2.8395765764141674e-16,2.676640584822367e-29,0.0,8.91933546208457e-29,5.074092997011407e-33
TCN,42,12712,34,2,class_2,2,class_2,1,1.0,2.691090509787014e-26,5.725318615666899e-18,1.0,2.385512665678978e-25,5.3483876968317093e-39,8.741140561923645e-31,7.522170156495618e-42,4.634216373930116e-21,7.020214628267908e-33,0.0,1.3251807568272288e-35,1.1468421412520844e-38
TCN,42,12713,34,2,class_2,2,class_2,1,1.0,2.020670561382469e-24,3.3268110307688285e-24,1.0,2.570965424732879e-32,1.547033504614598e-41,4.707870861766433e-31,7.428511851295233e-37,2.0406413246159988e-23,4.3932711517647894e-26,0.0,2.3788644517356957e-37,7.732280157676598e-35
TCN,42,12714,34,2,class_2,2,class_2,1,1.0,5.934124749079642e-23,1.381633638340226e-27,1.0,1.7490203391534544e-29,3.983321942347155e-34,4.38726615636497e-30,5.41788028875108e-23,7.667279269421796e-20,5.733869490084359e-39,0.0,4.411175461817378e-40,8.826095444244117e-35
TCN,42,12715,34,2,class_2,2,class_2,1,1.0,7.052063534198047e-36,8.93065027141436e-34,1.0,0.0,0.0,4.110581603615649e-34,0.0,1.3599370504776074e-29,2.802596928649634e-45,0.0,1.401298464324817e-45,0.0
TCN,42,12716,34,2,class_2,2,class_2,1,1.0,7.432431523002247e-35,4.4626318947677666e-23,1.0,1.4264125831497298e-32,0.0,4.2043303560177776e-38,0.0,1.6444550056811293e-24,1.0730471016536573e-39,0.0,9.912785336633756e-42,0.0
TCN,42,12717,34,2,class_2,2,class_2,1,1.0,2.514931922709712e-36,2.3858534503159526e-29,1.0,8.416992832704431e-38,0.0,9.692921607581192e-41,0.0,8.796208353327464e-29,4.552767703327229e-38,0.0,0.0,0.0
TCN,42,12718,34,2,class_2,2,class_2,1,1.0,3.429600277440028e-32,1.4390049589938874e-24,1.0,1.7335359376322195e-30,2.802596928649634e-45,1.3558554985863101e-36,0.0,1.3633837418913664e-25,6.408497596278375e-36,0.0,2.4885659427944426e-41,1.1210387714598537e-44
TCN,42,12719,34,2,class_2,2,class_2,1,1.0,3.823582989756696e-41,0.0,1.0,0.0,0.0,1.0182362803506751e-34,0.0,2.0122645947704373e-42,0.0,0.0,0.0,0.0
TCN,42,12720,34,3,class_3,4,class_4,0,1.0,5.4483570433028206e-12,3.220892756878365e-15,1.925496166499306e-19,2.61626386787589e-13,1.0,3.5923206769910627e-20,5.3563633563291635e-12,5.2030747264368473e-23,3.091214985023865e-20,2.3910901008975525e-16,1.656809060494956e-24,7.71533910924598e-20
TCN,42,12721,34,3,class_3,3,class_3,1,1.0,2.57575357352581e-19,1.8099180322929074e-21,1.6614766518635357e-28,1.0,8.146058155279745e-15,1.8529699487675735e-32,4.257425490044284e-17,3.8049533383574514e-30,2.719093617845252e-28,6.2189740994724e-25,1.2982723480427753e-33,2.1677622460205146e-18
TCN,42,12722,34,3,class_3,3,class_3,1,0.9999998807907104,2.962899370295702e-11,4.735482216621791e-16,2.2756534812673374e-19,0.9999998807907104,9.041591653158321e-08,4.063566411022544e-23,1.0757310320297364e-10,1.566807610584816e-21,2.270449707420812e-20,4.2855324255143456e-17,3.8093651351015736e-24,1.4430832493561286e-17
TCN,42,12723,34,3,class_3,3,class_3,1,1.0,6.534887987187134e-15,8.830950234318918e-19,8.777120839130911e-25,1.0,1.0675028638829076e-09,2.0044358142085975e-29,1.9094427156298502e-17,1.934828906820701e-30,6.190213093684657e-26,1.0261963152668344e-24,7.765784116030834e-32,6.819925773271825e-24
TCN,42,12724,34,3,class_3,4,class_4,0,0.4630894958972931,7.004354429795967e-09,0.01662798598408699,3.5046712060227136e-11,0.15484003722667694,0.4630894958972931,8.473114987417318e-10,1.8861101125366986e-05,6.793560852758063e-11,3.120794204655719e-12,0.3654234707355499,1.5826060462131863e-09,7.945535429598749e-08
TCN,42,12725,34,3,class_3,4,class_4,0,0.9997027516365051,7.80313342829686e-08,5.026611071823339e-12,7.981118314666892e-18,0.0002971411740873009,0.9997027516365051,3.1346343493664455e-17,2.9820823588266876e-10,3.578919187844967e-19,6.42300425221726e-16,5.30625647587879e-11,2.1780079118827495e-18,2.1519151545868094e-14
TCN,42,12726,34,3,class_3,3,class_3,1,0.9999997615814209,2.371936875427208e-14,2.0895260561191773e-17,1.4254000419553162e-25,0.9999997615814209,2.395839260316279e-07,3.170695637892633e-27,5.2134458622193295e-15,5.889388806754198e-28,7.431790746049303e-24,6.766813685770838e-20,1.8833957815654437e-28,2.326353324885152e-17
TCN,42,12727,34,3,class_3,3,class_3,1,1.0,1.4333700242355474e-13,2.4021044620634383e-14,2.7037022341826176e-21,1.0,4.981032808437647e-10,4.1163183601700146e-22,4.980063583737149e-10,1.24485883895443e-20,3.248540717950662e-18,4.9557678517527307e-14,4.441619204050621e-25,4.4218054218170266e-10
TCN,42,12728,34,3,class_3,3,class_3,1,1.0,3.941823085241596e-22,2.588785804076583e-19,5.694998881158762e-25,1.0,1.7149383755496985e-19,1.6227058501338496e-33,7.876255801232932e-18,7.532403230860103e-31,1.3825098344261351e-33,2.21242744610072e-30,7.669850243895433e-36,7.57708757258955e-27
TCN,42,12729,34,3,class_3,3,class_3,1,0.9987448453903198,5.728113983138883e-09,8.816635244102144e-08,1.3600046653086673e-12,0.9987448453903198,0.001254975562915206,2.231105111858561e-15,1.609795075019349e-09,2.4402962035672453e-15,8.441296571242915e-15,6.791225914959398e-11,8.608142791852462e-16,7.429163078991052e-13
TCN,42,12730,34,3,class_3,3,class_3,1,1.0,6.57910626043048e-24,5.364696548698528e-23,1.3623864327583932e-31,1.0,8.905858593897894e-17,2.431970300417292e-39,8.180048166965781e-26,3.325561515535656e-41,1.8102278484693824e-37,2.67202091542332e-35,9.80908925027372e-45,7.785895061131877e-32
TCN,42,12731,34,3,class_3,3,class_3,1,0.6915595531463623,1.2200930541439448e-05,2.8624933534615593e-09,1.951571283048681e-12,0.6915595531463623,0.3084261119365692,4.265628784439271e-14,2.127296738763107e-06,4.361447184311751e-15,2.9667221912617336e-13,1.8343888907867978e-11,2.0890789153672556e-16,4.419005959765965e-12
TCN,42,12732,34,3,class_3,3,class_3,1,1.0,4.7727755888812834e-21,3.728553040679375e-24,5.381112681708362e-31,1.0,4.0652853303825063e-17,3.370888610706745e-36,4.200361111998333e-20,1.255724365742053e-34,9.50765339172479e-32,3.86189541318586e-30,5.205774469260751e-38,1.280434253498375e-24
TCN,42,12733,34,3,class_3,3,class_3,1,1.0,7.320459376755715e-15,2.4889570982603146e-18,2.9386964510010117e-20,1.0,1.7294557441965147e-13,1.586266357336925e-24,4.210228610190825e-08,3.8689598530675484e-22,1.0374821577516834e-22,1.532890782089441e-21,1.6867150008197583e-27,3.3601352407998847e-18
TCN,42,12734,34,3,class_3,4,class_4,0,0.9995433688163757,8.006848517538856e-10,0.0002939082041848451,1.15760287132101e-16,0.00015886004257481545,0.9995433688163757,8.147485914015637e-14,7.167196836022072e-10,1.2205898294656158e-15,8.039491457878024e-17,2.8466624826251063e-06,5.194752268589901e-15,9.480367566538916e-07
TCN,42,12735,34,3,class_3,3,class_3,1,0.9999998807907104,8.693410574744931e-11,2.6190780501398475e-14,1.5488824621157435e-16,0.9999998807907104,1.8161404824468264e-08,1.133059595365949e-19,1.520943442301359e-07,1.4215505799585157e-17,3.193618613614132e-17,1.4797777396881664e-14,1.5729766694710676e-20,1.6080622348025458e-13
TCN,42,12736,34,3,class_3,3,class_3,1,0.9999990463256836,1.772886726314482e-09,5.778910878474763e-13,3.3433701635129584e-14,0.9999990463256836,3.799862895448314e-07,8.289041260773432e-18,5.491265255841427e-07,2.264266099364626e-18,2.993345283297488e-17,1.534367361424459e-16,2.6390958336608532e-20,4.0732313596955887e-16
TCN,42,12737,34,3,class_3,3,class_3,1,1.0,2.6849635362258262e-11,9.082994079090412e-11,2.050427266736825e-15,1.0,1.566770180261301e-08,2.654385879542984e-19,1.1679122296007205e-12,4.542992763402751e-19,4.414624465297025e-18,5.731946598848327e-16,3.917690151454879e-21,5.949247035763258e-14
TCN,42,12738,34,3,class_3,4,class_4,0,0.993959903717041,6.429213783576415e-08,6.18319008190496e-14,8.858716412735639e-18,0.006039999891072512,0.993959903717041,1.2951199162485432e-19,1.7722676104447999e-10,1.8744781058536074e-21,2.129364067036466e-17,1.878341935590273e-15,3.686225841062746e-22,1.4626687355917916e-17
TCN,42,12739,34,3,class_3,3,class_3,1,1.0,1.0467463357498523e-19,2.366238646090614e-22,1.637371321475065e-29,1.0,2.0026442985325276e-17,7.000769104804927e-34,3.922002428165051e-18,2.207004051651284e-33,3.2908387529236235e-31,1.1926969978267973e-28,2.490947791451388e-36,1.0391496834875757e-22
TCN,42,12740,34,3,class_3,3,class_3,1,1.0,2.7694733891955055e-31,1.5876454454236287e-33,9.935206112062953e-43,1.0,1.5917132100055108e-27,0.0,9.916902173141535e-27,7.450703934815052e-42,8.21511617073994e-38,1.0107859535333028e-35,0.0,1.4451401669120628e-22
TCN,42,12741,34,3,class_3,3,class_3,1,1.0,1.119819641795891e-40,2.4718904910689773e-42,0.0,1.0,1.041074066956728e-37,0.0,2.250462123718932e-35,0.0,0.0,0.0,0.0,2.3500616025805777e-40
TCN,42,12742,34,3,class_3,3,class_3,1,1.0,7.475186372472247e-30,1.0325613641967992e-32,2.3197375038125887e-40,1.0,1.4176938261725594e-26,0.0,3.372349604244522e-24,8.407790785948902e-44,1.6755325737931838e-41,1.5550629448151792e-40,0.0,1.1049342961910154e-28
TCN,42,12743,34,3,class_3,3,class_3,1,1.0,2.5409496019014077e-21,1.3932902723211035e-24,4.786884958921361e-30,1.0,3.192231861860799e-16,3.455693313292406e-33,7.564830923137422e-15,1.2684659857802355e-30,1.7236129597519565e-29,9.266936446614815e-28,2.5267214838951976e-36,7.674653455335736e-20
TCN,42,12744,34,3,class_3,6,class_6,0,1.0,6.888643120774368e-38,1.961817850054744e-44,4.6817901245237004e-33,1.401298464324817e-45,5.3370777229310785e-31,2.382207389352189e-44,1.0,4.4948545601339203e-38,0.0,0.0,0.0,1.5803429296309847e-37
TCN,42,12745,34,3,class_3,6,class_6,0,0.9999998807907104,3.396058505730932e-20,1.2154619683630457e-25,7.83286678479252e-26,2.2472903868212858e-14,1.6906456323795283e-07,7.488525610026847e-27,0.9999998807907104,6.614225059868973e-27,5.070730921537582e-31,2.542946139201651e-29,2.8047625513483403e-37,1.8885099092517974e-22
TCN,42,12746,34,3,class_3,3,class_3,1,1.0,2.93891998392134e-28,1.510039220220265e-31,7.768493763670949e-36,1.0,1.4234924160491205e-26,5.366973118364049e-43,8.588186553960471e-21,9.568709110404976e-39,7.271195919976886e-38,1.5533749967369921e-37,0.0,9.80749587079073e-28
TCN,42,12747,34,3,class_3,3,class_3,1,1.0,2.5981466714148414e-25,7.979032064952206e-29,1.1565929555439013e-35,1.0,7.328455912321132e-21,2.322007607324795e-40,4.756329234975683e-20,2.4976846066861497e-36,8.309687115397833e-34,5.482851247574291e-31,5.749527599124724e-42,4.195164266117604e-24
TCN,42,12748,34,3,class_3,6,class_6,0,0.9997279047966003,5.104177526762561e-18,9.896606168719759e-25,1.4700069953538469e-24,1.6067886784147016e-16,0.0002720775664784014,6.179396685930989e-27,0.9997279047966003,1.9352365001017016e-26,1.4837262728847354e-30,7.413048198839192e-29,1.362485232197622e-36,1.381339621252684e-23
TCN,42,12749,34,3,class_3,6,class_6,0,1.0,5.955873328692224e-23,1.4050188575039592e-28,8.681991077051133e-23,1.8760341839832158e-26,4.1218936672131443e-16,6.50033254445396e-29,1.0,2.4187834290244982e-26,7.464033540680402e-33,1.2119008113585702e-34,4.440294443906048e-41,3.9642592360191677e-23
TCN,42,12750,34,3,class_3,4,class_4,0,0.9999997615814209,2.3022343925843307e-17,4.39194857715338e-25,8.009290133641356e-27,7.537252870215008e-25,0.9999997615814209,3.9214579413985224e-28,2.266775709358626e-07,8.804397166709755e-29,1.5457759896862697e-33,1.2883144843701411e-28,8.516141985807426e-38,8.220942934283634e-31
TCN,42,12751,34,3,class_3,3,class_3,1,1.0,1.95963448983218e-34,4.523367648837427e-33,7.006492321624085e-45,1.0,1.009364380117298e-27,0.0,4.061898919614427e-28,1.7376100957627732e-43,1.1725785289777204e-40,1.1108078353198796e-37,0.0,3.1003625125822574e-23
TCN,42,12752,34,3,class_3,3,class_3,1,1.0,3.4119717209310576e-24,1.3762628938008106e-27,3.0592689989189787e-29,1.0,2.375643887564766e-23,4.292049846222477e-37,1.5617565357333963e-17,1.1337131489967363e-33,8.595209183082797e-34,4.696724412908913e-34,2.0609036644671517e-40,8.23260848996646e-26
TCN,42,12753,34,3,class_3,3,class_3,1,1.0,1.4647336635806465e-27,6.865697103085017e-28,1.017922271830437e-33,1.0,3.344408545412046e-24,1.8408101224664386e-39,4.448957837391957e-19,5.851950210551651e-34,9.41266172996904e-34,6.041449689568094e-32,2.3436716815832566e-41,2.126332539514207e-22
TCN,42,12754,34,3,class_3,3,class_3,1,0.9998170733451843,9.56927069593709e-14,6.096227940891616e-16,6.449439554931026e-18,0.9998170733451843,4.728238067741586e-08,2.0642267952453797e-20,0.00018295405607204884,8.898549501928283e-19,1.468986818658654e-19,6.2829024550251125e-18,3.5499186934395047e-25,3.686008529651952e-12
TCN,42,12755,34,3,class_3,6,class_6,0,1.0,2.2850565603731682e-27,6.1471055462771e-33,2.630899683161552e-25,5.8372606637636995e-33,1.2575643816308586e-20,2.2415977851042284e-32,1.0,3.809368307060044e-30,1.8618494978695043e-38,3.283662691452344e-41,0.0,1.808206122367074e-29
TCN,42,12756,34,3,class_3,3,class_3,1,1.0,2.0947708999732443e-31,1.072652944421612e-34,3.1698772561491687e-41,1.0,8.061630535905391e-31,0.0,2.475301461023695e-27,0.0,2.942726775082116e-44,5.605193857299268e-44,0.0,6.160721076937484e-33
TCN,42,12757,34,3,class_3,3,class_3,1,1.0,6.804153231166368e-39,6.271231017392854e-41,0.0,1.0,5.4165009700195526e-36,0.0,1.2814570603398735e-29,0.0,0.0,0.0,0.0,1.340479919118114e-34
TCN,42,12758,34,3,class_3,6,class_6,0,1.0,1.418797971034123e-18,7.328779711323733e-24,7.998624982447434e-22,1.0802010674826334e-10,2.1165058594618813e-09,8.014530185345117e-24,1.0,4.1819043820478344e-23,3.364108500708682e-27,2.0115856016266604e-26,1.7170281413252039e-32,5.065520623777482e-20
TCN,42,12759,34,3,class_3,6,class_6,0,1.0,3.438786431453101e-42,0.0,5.3647817117736e-37,0.0,1.262754187104719e-38,0.0,1.0,1.3689845217374868e-40,0.0,0.0,0.0,6.783840569146901e-37
TCN,42,12760,34,4,class_4,4,class_4,1,1.0,4.434386533913953e-19,4.5376010321490685e-21,4.0085823057558686e-33,4.2010434097859445e-23,1.0,1.6108183146832106e-29,7.206179657947811e-27,9.089161092847938e-34,3.043322599906006e-29,4.585508037430387e-20,5.5014380702099446e-30,7.284353704333766e-31
TCN,42,12761,34,4,class_4,4,class_4,1,1.0,2.4988046007346972e-17,1.3005858514192855e-20,8.832504390973369e-33,8.681626307768558e-23,1.0,1.4846193717389308e-27,3.782127296462296e-25,1.1432476255532421e-30,3.1629787832728634e-26,7.64499915962268e-19,1.0930747325570948e-27,4.3965714253174914e-27
TCN,42,12762,34,4,class_4,4,class_4,1,1.0,4.3997190974840155e-15,1.4940544800141377e-14,3.519428202561702e-27,2.8465485178379073e-17,1.0,5.406671900574211e-22,2.7545891899324007e-21,1.540136517205329e-27,7.122453930424083e-24,2.9801446056867747e-16,4.390480152021356e-23,2.2049111951643256e-23
TCN,42,12763,34,4,class_4,4,class_4,1,1.0,5.28898277814781e-16,1.0942251133503646e-14,4.618724362914648e-27,4.311076755446718e-18,1.0,1.223045151180353e-22,2.8678196740848616e-20,2.9969207123475227e-27,3.1721893629648526e-24,1.3674853960245377e-14,4.475688726040532e-24,3.63265019491248e-23
TCN,42,12764,34,4,class_4,4,class_4,1,1.0,4.53804895368194e-22,5.322879633619203e-26,5.523778416521996e-41,1.5207350480203744e-29,1.0,3.0245048494811796e-36,2.509234118494256e-33,6.592422638400745e-40,1.3272967729325161e-33,1.5670974564224103e-25,5.39308004864001e-36,2.2675469832878895e-38
TCN,42,12765,34,4,class_4,4,class_4,1,1.0,9.91341471359495e-21,8.65136297555139e-26,2.1626435381709907e-39,2.8304544983483675e-27,1.0,1.5122330747145634e-34,1.3443367574091352e-33,2.6161821939405037e-40,1.834878649898037e-32,5.949871951026619e-25,1.3495821943198134e-34,3.4446604952493473e-35
TCN,42,12766,34,4,class_4,4,class_4,1,1.0,7.160318887290684e-13,3.553382848381359e-12,8.543277617704889e-24,1.8084025210884367e-18,1.0,6.078271206369294e-18,3.2320834394448624e-21,6.024565316834952e-22,1.4353572738674279e-19,9.16131536951581e-13,4.908402487335042e-18,1.2539674222800887e-19
TCN,42,12767,34,4,class_4,4,class_4,1,1.0,2.2819237998237037e-17,4.5392808388715334e-21,2.1988453494384095e-32,2.3360574273911463e-23,1.0,2.3035938286808898e-27,1.5190906481078452e-26,8.165988808481562e-33,6.172010128296682e-26,1.699102597258436e-18,1.521786064102213e-28,8.206700456649975e-28
TCN,42,12768,34,4,class_4,4,class_4,1,1.0,3.4663487412926537e-25,3.57705707002681e-29,5.605193857299268e-45,1.7792649836030776e-34,1.0,2.363466423690309e-39,2.9333941273097126e-38,2.802596928649634e-45,2.4831491282922995e-36,1.77638899533235e-27,1.6786238382054843e-39,3.711027894505198e-39
TCN,42,12769,34,4,class_4,4,class_4,1,1.0,6.522550740552138e-18,3.0409144550919425e-18,5.383653189486718e-33,2.6233157617732222e-23,1.0,4.168980431929363e-26,2.3099659219762905e-26,2.6880365511637584e-31,1.907460083627568e-27,1.7844182124323085e-18,4.060119167752819e-27,5.4155522625366065e-28
TCN,42,12770,34,4,class_4,4,class_4,1,1.0,2.335181534049716e-18,4.3469383243362965e-21,2.670076183997804e-34,1.6369937373724194e-25,1.0,1.4133518748908367e-27,1.2404073381153732e-28,8.14088520826479e-34,2.6735497080028685e-28,7.586944199188985e-21,1.487689851756612e-30,1.1062489878808847e-30
TCN,42,12771,34,4,class_4,4,class_4,1,1.0,3.2752061257672277e-18,6.400612427540516e-19,1.1119814506518787e-31,5.959554469220347e-23,1.0,3.181177742726554e-26,3.4468993756744297e-25,4.9579775034067085e-30,1.0137064777696965e-25,2.0256017038172018e-17,5.144781727202322e-27,2.495944656688406e-26
TCN,42,12772,34,4,class_4,4,class_4,1,1.0,1.2056481916026533e-34,1.2112277419222632e-39,0.0,4.114212291257663e-42,1.0,0.0,0.0,0.0,0.0,1.170139849260256e-38,0.0,0.0
TCN,42,12773,34,4,class_4,4,class_4,1,1.0,1.854011337696867e-15,2.029402814574324e-21,2.0179498462215123e-33,5.374277126341779e-25,1.0,2.2403149274639986e-25,2.8934635459049856e-30,2.052121834341901e-33,1.977573394734115e-28,2.631634931107502e-23,5.556975946506635e-29,8.454870823995576e-30
TCN,42,12774,34,4,class_4,4,class_4,1,1.0,1.1801535518984918e-17,1.0749908782078086e-21,3.34441881399166e-33,6.476612718458735e-24,1.0,9.067677808638567e-29,1.0854458351578853e-27,2.0874210572598806e-34,8.058202591252969e-27,1.6245126065725354e-20,8.541947683922569e-30,1.265532779428606e-29
TCN,42,12775,34,4,class_4,4,class_4,1,1.0,1.01368250494943e-19,1.0255471813494507e-23,8.07022090059386e-37,2.527968403506095e-26,1.0,3.514763667662752e-32,1.3572303618873814e-31,7.003883440195144e-37,1.5190006954433067e-30,2.011274084152974e-23,1.1670941947229145e-32,2.908406630477691e-35
TCN,42,12776,34,4,class_4,4,class_4,1,1.0,5.177282256497486e-21,1.4023597568446229e-25,1.0489671888426997e-37,1.0033975391952359e-29,1.0,1.6419268358087249e-34,3.71872433899582e-31,5.470627165770156e-39,1.2034713367770487e-32,3.2875473157782476e-26,1.244673599599214e-35,3.6390322062128717e-37
TCN,42,12777,34,4,class_4,4,class_4,1,1.0,9.848111930647429e-25,3.940228475933696e-30,1.401298464324817e-45,1.7168749321669635e-35,1.0,6.6561957315121676e-40,8.988148354038276e-39,0.0,5.24422077418766e-39,1.4429527937134693e-30,1.0439673559219887e-42,8.407790785948902e-44
TCN,42,12778,34,4,class_4,4,class_4,1,1.0,8.202744352967081e-16,6.806288356150034e-22,6.683398909495654e-32,2.7596269945126614e-21,1.0,1.2881534284785417e-27,4.937942320816175e-26,6.046818613078681e-33,6.497690120422012e-26,2.462324364077945e-19,5.418442601900646e-29,1.6480448312453903e-27
TCN,42,12779,34,4,class_4,4,class_4,1,1.0,2.6750881665574617e-22,3.3728173151759583e-29,5.002635517639597e-43,1.2310242631447508e-32,1.0,9.192493823637214e-38,8.962136386956646e-37,8.407790785948902e-45,3.142530896439172e-35,2.8997648651869753e-28,6.860971679999346e-39,3.136225073528408e-39
TCN,42,12780,34,4,class_4,4,class_4,1,0.9999997615814209,5.614308662416079e-08,2.0170226600058072e-10,4.386227980216623e-15,2.5398549041710794e-07,0.9999997615814209,1.0739702855332156e-13,3.675672613501213e-12,1.0520725187302543e-15,5.090412032865421e-12,1.5183509560756647e-08,1.4171893910133737e-13,9.272208001398496e-12
TCN,42,12781,34,4,class_4,4,class_4,1,0.9999998807907104,1.004231933166011e-07,1.2007814187420252e-10,4.604434509451055e-14,8.600179596252033e-11,0.9999998807907104,7.962706557486376e-13,1.0876762164546694e-11,2.8178517612320646e-18,3.5209817917172814e-14,2.8772641279088684e-13,7.428214249624197e-18,1.330552573120455e-16
TCN,42,12782,34,4,class_4,3,class_3,0,0.9515195488929749,3.99950872420618e-09,2.8697764650753577e-12,1.6785565682159611e-18,0.9515195488929749,0.048480451107025146,2.0543119693164233e-19,6.779884813290504e-12,7.079384176037369e-22,8.527373501945885e-18,1.0597656107703968e-14,1.83782931951482e-21,2.9084110794497025e-15
TCN,42,12783,34,4,class_4,4,class_4,1,1.0,1.791132651538744e-14,1.1438053663547274e-16,6.98601090967586e-28,3.910185739524425e-18,1.0,5.1879303325505954e-24,2.788906974337794e-23,4.774446912135988e-30,3.2433905184597104e-25,3.8085159623091605e-20,1.3766949068503559e-25,3.150657684972245e-27
TCN,42,12784,34,4,class_4,4,class_4,1,1.0,4.796332534156948e-16,8.181267071583285e-18,5.1259598485315175e-33,1.2102114015782872e-13,1.0,1.2677470451597923e-27,4.7638320908677466e-26,1.479714287155492e-31,1.6547302887501823e-25,3.6786926276565595e-18,1.3637990648320136e-26,3.389621082675612e-23
TCN,42,12785,34,4,class_4,4,class_4,1,1.0,1.544471994741059e-09,6.25355713393394e-12,6.983009100335906e-18,8.020232698455199e-13,1.0,4.08604273302281e-16,4.751300027516173e-15,4.295297535629839e-20,1.1616239484798629e-14,5.473701700231537e-11,1.6890995021108323e-17,3.0761054976768064e-16
TCN,42,12786,34,4,class_4,4,class_4,1,1.0,3.943295817372509e-15,9.538330311067634e-21,1.2456315848375462e-30,1.144450182593534e-18,1.0,1.1053522470630717e-27,3.3211395399426453e-26,5.7589448954765e-32,9.030307718813858e-26,2.4855089118663564e-21,4.3560856815845495e-28,4.7526257497078886e-29
TCN,42,12787,34,4,class_4,4,class_4,1,1.0,2.759191826230754e-16,8.654408397727899e-24,2.7139453117462554e-34,1.5962943571640945e-24,1.0,2.275441654547736e-30,4.8692831632529846e-30,1.380343412112894e-34,7.402775408886452e-28,1.7506344410679518e-23,1.914089189791403e-31,2.143528826074819e-33
TCN,42,12788,34,4,class_4,4,class_4,1,1.0,1.267845717300986e-09,7.150318965393199e-12,1.5876877793972905e-18,8.611357460441837e-11,1.0,9.079639976172424e-17,1.7833933538513288e-15,9.02609043686011e-22,6.884119988977437e-17,2.1745799605454863e-13,1.6248179525408411e-18,1.206743810356407e-18
TCN,42,12789,34,4,class_4,4,class_4,1,1.0,5.9221616055538107e-08,1.0598494582640605e-18,7.124142250533437e-23,1.7141102674608837e-16,1.0,7.532843032836322e-21,9.506509706878484e-21,5.113593217682915e-27,1.1479299763341796e-19,5.544553905827497e-19,1.310114060373571e-24,2.571898162958324e-24
TCN,42,12790,34,4,class_4,4,class_4,1,1.0,3.5838180838763944e-14,9.672003699720226e-19,3.845460309449499e-30,5.612210021424459e-16,1.0,1.6161764376407356e-25,8.604142180847216e-24,1.0107263656124432e-31,1.4113975143686104e-25,2.0176100947844162e-19,7.095216048643974e-27,1.7374787778497137e-26
TCN,42,12791,34,4,class_4,4,class_4,1,0.9990240335464478,0.0009760039974935353,6.885941345689755e-22,1.6193273190817895e-21,2.663152606398159e-24,0.9990240335464478,3.0833397215291747e-18,1.368911811796079e-27,6.610202521962041e-31,7.62912732142659e-18,2.8259184347445916e-23,1.2566112797027465e-26,3.6686795550467136e-22
TCN,42,12792,34,4,class_4,4,class_4,1,1.0,5.084125394988481e-12,1.7710614011722534e-15,1.2251785308352146e-23,2.9353761615673064e-15,1.0,2.466674599007828e-21,3.73512702494799e-18,9.458447800278171e-26,2.2269761963523218e-21,1.240888312302075e-16,4.500310100411657e-23,5.727928877793864e-22
TCN,42,12793,34,4,class_4,4,class_4,1,0.9728418588638306,0.027158116921782494,3.1039921466779393e-19,1.4512445772390462e-16,2.654581611155429e-18,0.9728418588638306,2.6129102950311206e-16,7.920613361581088e-18,3.031905784455141e-25,4.854166818829839e-17,2.8682907792931047e-21,2.6034279472638763e-24,1.2235880389444388e-21
TCN,42,12794,34,4,class_4,4,class_4,1,1.0,5.032122721987387e-13,1.6284187235140243e-16,6.75434145533356e-25,9.929439677139592e-18,1.0,4.1396555163190937e-22,1.2329674310244484e-21,7.827133368385277e-26,1.9577282607314577e-20,2.0164513987939157e-16,2.279273105286112e-22,6.63951486196959e-24
TCN,42,12795,34,4,class_4,4,class_4,1,1.0,1.419329335051317e-13,8.669142663642369e-17,1.8113500549454216e-26,4.4535814461438836e-17,1.0,1.9649536864113343e-22,3.5159919397328785e-20,5.823914160511431e-26,1.6994825542717592e-21,1.1389121364277781e-15,1.484571379259535e-23,7.028529784465753e-23
TCN,42,12796,34,4,class_4,4,class_4,1,1.0,5.587065716036317e-17,2.525930094162783e-22,1.614178855438958e-34,6.027800167194556e-24,1.0,3.262916831238485e-29,5.020142089363391e-27,1.2803544162228858e-34,4.9056980598346785e-29,3.1517580627348547e-23,2.809654372194183e-31,3.378402032412986e-31
TCN,42,12797,34,4,class_4,4,class_4,1,1.0,5.454061029238201e-17,8.78236316378946e-21,1.799916582637102e-33,5.200259944509274e-22,1.0,5.941604017553317e-29,2.266373932502894e-28,3.881323930184321e-34,1.0360671339808597e-28,2.794275583005494e-22,2.603012283048443e-29,2.2519020510341014e-30
TCN,42,12798,34,4,class_4,4,class_4,1,1.0,3.653423500713983e-17,2.342648131547714e-19,2.6091309345049957e-33,2.8476384260379675e-22,1.0,2.0065339644197304e-27,3.4128014793438337e-26,3.5730014781591283e-32,2.4876341534225785e-28,2.0219315318736376e-20,3.2917101459454926e-28,1.3874895848179434e-29
TCN,42,12799,34,4,class_4,4,class_4,1,1.0,5.463100988367772e-16,2.506675930597834e-21,4.1541469315347546e-29,3.160993415124458e-23,1.0,4.9089552888531234e-29,5.984083369371857e-25,1.0816821433639535e-31,2.133112921268022e-25,1.397097856208281e-21,1.946282690557034e-28,4.2186091303800344e-32
TCN,42,12800,34,5,class_5,5,class_5,1,1.0,1.5544296249793501e-30,3.256532831915638e-32,5.923738624012627e-32,0.0,0.0,1.0,0.0,1.2939449889728928e-40,1.5057939223722703e-31,0.0,2.4069465095118987e-26,9.560779162395362e-41
TCN,42,12801,34,5,class_5,5,class_5,1,1.0,1.2426065360063732e-18,6.19287121583767e-11,5.795917550370111e-20,0.0,2.2574255709615797e-21,1.0,5.605193857299268e-45,2.1592355648687414e-19,5.901144052354162e-23,7.156966321930636e-30,1.6506082074052288e-16,1.7361239442506993e-22
TCN,42,12802,34,5,class_5,5,class_5,1,1.0,7.331497910124333e-15,5.839564248821816e-11,6.798231840742586e-18,4.3860641933366774e-42,1.7808090827990355e-16,1.0,8.097568529319746e-38,1.889612673688424e-22,7.6186404031688245e-22,3.671328030612473e-28,2.9053740957568814e-16,6.230309833465199e-22
TCN,42,12803,34,5,class_5,5,class_5,1,0.9999481439590454,4.754969040732249e-08,5.1859955419786274e-05,3.3100541751984736e-10,3.413264318828069e-25,5.134045966137535e-12,0.9999481439590454,6.7416102263994245e-25,6.280552189430466e-10,2.833266119547234e-13,1.126808343322702e-17,5.460493390785359e-09,5.022510740637642e-10
TCN,42,12804,34,5,class_5,5,class_5,1,0.9168974161148071,9.111928375205025e-05,0.08291317522525787,9.377658716402948e-05,1.0752081549671541e-17,1.584046088742852e-10,0.9168974161148071,6.599772186637026e-19,1.0721639682742534e-06,3.0172039866549483e-10,6.348231889402795e-16,6.546996473844047e-07,2.800645006573177e-06
TCN,42,12805,34,5,class_5,5,class_5,1,1.0,2.7145575330813926e-33,1.087966619754445e-19,3.46890767770596e-29,0.0,3.0828566215145976e-44,1.0,0.0,3.4364889682094344e-32,2.129973665773722e-43,0.0,1.784792562116827e-33,1.0119973928712932e-35
TCN,42,12806,34,5,class_5,5,class_5,1,1.0,7.331497910124333e-15,5.839564248821816e-11,6.798231840742586e-18,4.3860641933366774e-42,1.7808090827990355e-16,1.0,8.097568529319746e-38,1.889612673688424e-22,7.6186404031688245e-22,3.671328030612473e-28,2.9053740957568814e-16,6.230309833465199e-22
TCN,42,12807,34,5,class_5,5,class_5,1,1.0,1.471078293138706e-19,6.717950446776711e-19,1.5338699611785186e-18,0.0,2.518908944603494e-27,1.0,0.0,6.228579736699789e-28,3.4359714469473324e-28,2.6624670822171524e-44,1.3354618512618483e-28,8.573691607563813e-27
TCN,42,12808,34,5,class_5,5,class_5,1,1.0,2.6116437013001814e-08,1.4960366279126447e-10,1.8569763782227966e-12,2.4427173747534353e-32,4.073503416090335e-14,1.0,3.545725189693213e-31,3.556316467267198e-17,1.1771373039692662e-16,4.140296524969154e-25,1.4696365869051875e-12,5.2652118572743024e-15
TCN,42,12809,34,5,class_5,5,class_5,1,1.0,4.545121332251434e-13,1.0588763199592677e-09,2.6116130111328414e-16,1.0000646750346922e-38,1.7881483850589776e-15,1.0,8.757736042509845e-37,4.0305068110409287e-19,5.830378670170894e-20,3.547236011693929e-26,5.5702165631193144e-15,7.956974463550117e-19
TCN,42,12810,34,5,class_5,5,class_5,1,1.0,1.6498479309862325e-22,6.765652491372287e-13,1.9690496731122953e-23,0.0,8.189633443261799e-26,1.0,0.0,1.750167119867699e-23,1.2471739726043562e-27,5.6994005746666514e-36,5.573156518939873e-20,1.086211608977898e-28
TCN,42,12811,34,5,class_5,5,class_5,1,1.0,0.0,0.0,0.0,0.0,0.0,1.0,0.0,0.0,0.0,0.0,0.0,0.0
TCN,42,12812,34,5,class_5,5,class_5,1,1.0,4.425171895583446e-10,2.6788815957190515e-11,1.1422003479751724e-13,1.9054450612170492e-35,1.0924359256558793e-14,1.0,2.625244574331869e-33,2.778624168247809e-18,1.3547209211910702e-17,5.237597606788989e-26,3.11283361283457e-13,1.0411322841969096e-17
TCN,42,12813,34,5,class_5,5,class_5,1,1.0,4.451656488400866e-27,1.8444479761055947e-20,1.9340063701276226e-26,0.0,1.0989246691906392e-33,1.0,0.0,2.3968470195503795e-28,6.219913533432533e-28,8.558206163109528e-40,1.409598643410328e-20,4.0950602660047964e-32
TCN,42,12814,34,5,class_5,5,class_5,1,1.0,3.7352277900136766e-25,0.0,1.553017049057265e-40,0.0,0.0,1.0,0.0,0.0,0.0,0.0,0.0,0.0
TCN,42,12815,34,5,class_5,5,class_5,1,1.0,0.0,0.0,0.0,0.0,0.0,1.0,0.0,0.0,0.0,0.0,0.0,0.0
TCN,42,12816,34,5,class_5,5,class_5,1,1.0,0.0,5.227562138043766e-39,5.605193857299268e-45,0.0,0.0,1.0,0.0,0.0,0.0,0.0,1.1405892215689705e-32,0.0
TCN,42,12817,34,5,class_5,5,class_5,1,1.0,1.062893547541741e-19,1.9561832223256483e-27,1.480236629260986e-27,0.0,1.4711419823836946e-39,1.0,0.0,1.3404288356233762e-34,4.883068984841236e-29,0.0,4.690678171831772e-24,2.2959693384315087e-35
TCN,42,12818,34,5,class_5,5,class_5,1,1.0,8.693302696628769e-13,3.382671565077544e-08,5.542661734312185e-15,5.225551835266846e-38,1.3767590144865652e-16,1.0,3.5204879164832987e-35,4.773586523149618e-17,1.700865577637728e-19,1.3105195546003772e-23,7.641349033561673e-13,2.0932521739064836e-17
TCN,42,12819,34,5,class_5,5,class_5,1,1.0,2.058417654437436e-18,9.071100121049724e-11,4.1695344170139545e-20,0.0,1.4653425387607325e-20,1.0,7.006492321624085e-45,9.327509922585283e-21,9.241361931979403e-24,1.377463652440458e-30,2.607908234605339e-17,5.185420334922363e-23
TCN,42,12820,34,5,class_5,5,class_5,1,1.0,5.906712750059993e-36,0.0,1.92935609716015e-34,0.0,0.0,1.0,0.0,0.0,0.0,0.0,0.0,0.0
TCN,42,12821,34,5,class_5,5,class_5,1,1.0,0.0,0.0,0.0,0.0,0.0,1.0,0.0,0.0,0.0,0.0,0.0,0.0
TCN,42,12822,34,5,class_5,5,class_5,1,1.0,1.2279772357775396e-22,3.471524408388002e-24,2.1046853324722514e-25,0.0,1.3147445871150465e-32,1.0,0.0,1.2374746414580943e-32,1.6317502775430285e-25,2.9987787136551085e-43,1.1387902153322805e-23,1.3539045651079586e-32
TCN,42,12823,34,5,class_5,5,class_5,1,1.0,8.21361570619334e-22,1.5443135703652132e-27,1.984988778724865e-27,0.0,1.1233509139259896e-40,1.0,0.0,4.361364906604488e-39,1.116764811143663e-40,0.0,1.6918162325283155e-30,7.521863272131931e-39
TCN,42,12824,34,5,class_5,5,class_5,1,1.0,4.996673190358009e-15,6.60780947713273e-15,2.2149957310479106e-14,0.0,3.996366880659317e-26,1.0,0.0,1.0629581956447338e-27,1.6079695934615635e-29,7.006492321624085e-45,3.120335362445326e-28,2.7243554962055175e-22
TCN,42,12825,34,5,class_5,5,class_5,1,1.0,0.0,0.0,0.0,0.0,0.0,1.0,0.0,0.0,0.0,0.0,0.0,0.0
TCN,42,12826,34,5,class_5,5,class_5,1,1.0,4.954146247293472e-20,1.0998844829237441e-19,1.3397234335819631e-19,0.0,2.9153720236773062e-27,1.0,0.0,1.3014303182080342e-34,1.237837520237613e-33,0.0,1.421060745633203e-35,7.920347775840512e-30
TCN,42,12827,34,5,class_5,5,class_5,1,1.0,4.705840502895601e-41,0.0,1.2531456709276847e-33,0.0,0.0,1.0,0.0,0.0,0.0,0.0,0.0,0.0
TCN,42,12828,34,5,class_5,5,class_5,1,1.0,0.0,0.0,0.0,0.0,0.0,1.0,0.0,0.0,0.0,0.0,0.0,0.0
TCN,42,12829,34,5,class_5,5,class_5,1,1.0,7.886668626283775e-38,5.7873626576614945e-43,7.386311323571971e-33,0.0,0.0,1.0,0.0,0.0,0.0,0.0,4.932570594423356e-43,0.0
TCN,42,12830,34,5,class_5,5,class_5,1,1.0,1.8942797589913458e-32,2.1756876692115322e-28,6.248122112492494e-34,0.0,2.7467355666677896e-39,1.0,0.0,7.842142647839547e-40,5.139800376157488e-34,0.0,4.574113710575066e-29,8.428810262913775e-42
TCN,42,12831,34,5,class_5,5,class_5,1,1.0,0.0,7.368566320861206e-37,1.401298464324817e-45,0.0,0.0,1.0,0.0,0.0,0.0,0.0,2.443913623280671e-37,0.0
TCN,42,12832,34,5,class_5,5,class_5,1,1.0,0.0,0.0,0.0,0.0,0.0,1.0,0.0,0.0,0.0,0.0,0.0,0.0
TCN,42,12833,34,5,class_5,5,class_5,1,1.0,3.698061178021762e-21,1.9974043317173783e-23,8.063222920542723e-25,0.0,2.0414720391944432e-33,1.0,0.0,1.4002493408972492e-31,9.564316015246742e-27,4.203895392974451e-44,4.2471019864864076e-20,1.493170664696982e-30
TCN,42,12834,34,5,class_5,5,class_5,1,1.0,2.2488037755484664e-41,8.357827135547058e-32,2.4041685388850876e-39,0.0,1.639519203260036e-43,1.0,0.0,2.802596928649634e-45,4.203895392974451e-45,0.0,3.389784447067754e-33,0.0
TCN,42,12835,34,5,class_5,5,class_5,1,1.0,8.21361570619334e-22,1.5443135703652132e-27,1.984988778724865e-27,0.0,1.1233509139259896e-40,1.0,0.0,4.361364906604488e-39,1.116764811143663e-40,0.0,1.6918162325283155e-30,7.521863272131931e-39
TCN,42,12836,34,5,class_5,5,class_5,1,1.0,0.0,5.605193857299268e-45,0.0,0.0,0.0,1.0,0.0,0.0,0.0,0.0,0.0,0.0
TCN,42,12837,34,5,class_5,5,class_5,1,1.0,6.379082790276836e-21,2.941843438032992e-23,7.112078535975776e-25,0.0,2.271804096095324e-33,1.0,0.0,3.378748391823456e-32,8.412734516170577e-28,5.324934164434305e-44,9.628669904627075e-20,1.1962264271383051e-31
TCN,42,12838,34,5,class_5,5,class_5,1,1.0,0.0,0.0,0.0,0.0,0.0,1.0,0.0,0.0,0.0,0.0,0.0,0.0
TCN,42,12839,34,5,class_5,5,class_5,1,1.0,1.6147271245495185e-19,3.6452482162261803e-19,7.622165614294978e-20,0.0,3.747400685314603e-33,1.0,0.0,2.671828634853239e-34,3.2343020090984407e-37,0.0,4.690621025834253e-33,3.005356622541679e-28
TCN,42,12840,34,6,class_6,6,class_6,1,1.0,3.291366215727278e-16,3.405072431806416e-21,1.3541157558549264e-18,3.710748722185464e-11,4.242616793485295e-20,2.255295938396018e-24,1.0,4.9615411127227254e-20,6.236185723871167e-21,3.3542226850478103e-23,5.2138769077394396e-33,1.0406756804987804e-17
TCN,42,12841,34,6,class_6,6,class_6,1,1.0,1.9342681329656856e-15,1.13565228959842e-18,2.1501871395456004e-18,3.360225986348553e-10,3.543936634065546e-18,7.342579097366583e-23,1.0,3.623772281078831e-19,7.181216795226883e-17,6.142534454568233e-18,6.063872244310029e-31,2.057165202073996e-11
TCN,42,12842,34,6,class_6,3,class_3,0,1.0,3.7557402236411434e-20,9.805318403795287e-22,2.3366589643381076e-27,1.0,2.0007550619574265e-20,1.7760391332308335e-32,6.076300862150193e-18,1.8605222413628495e-30,1.369971386229108e-28,1.4243105065523662e-29,1.7771893865955368e-34,1.249958687129342e-22
TCN,42,12843,34,6,class_6,3,class_3,0,1.0,4.04181460369221e-31,3.9678785104774664e-29,3.850250529101488e-35,1.0,1.007494783623784e-27,1.5414283107572988e-44,8.863148092997526e-26,5.605193857299268e-42,1.779891474326846e-39,3.3119408944624187e-40,0.0,1.1801592766436387e-30
TCN,42,12844,34,6,class_6,6,class_6,1,0.9999834299087524,1.2014981898289534e-08,2.2273839023201347e-11,1.0119491355986554e-10,1.6565480109420605e-05,1.5150991572454586e-10,1.0017893607285684e-15,0.9999834299087524,2.5121404522571167e-12,1.644251401700103e-10,5.37058869598539e-11,5.988677371062032e-21,3.854622177001943e-10
TCN,42,12845,34,6,class_6,3,class_3,0,1.0,3.2118887155088376e-29,6.196295914709823e-30,6.351201439193714e-38,1.0,4.299061950335765e-30,0.0,4.737880107829931e-26,1.0404360837918902e-40,6.453175610000788e-40,2.355969757165864e-38,0.0,2.409314045562884e-28
TCN,42,12846,34,6,class_6,6,class_6,1,1.0,2.3626434133985937e-19,3.728585021100473e-22,3.2412401329358845e-24,1.6211581953181768e-19,6.662190243922339e-11,2.290688133604952e-25,1.0,1.910113480452781e-24,5.183672184643729e-26,1.8314436672412025e-26,3.6959195428783563e-35,1.2373251743955361e-22
TCN,42,12847,34,6,class_6,6,class_6,1,1.0,1.7273859251167157e-20,2.3304909425796142e-26,2.3364877604812752e-21,1.7190720814139616e-18,8.418758921487192e-23,4.62013978045849e-32,1.0,9.968776441808833e-22,4.781186944500947e-24,4.415970932461315e-26,5.541898887223873e-38,1.1436934181540052e-21
TCN,42,12848,34,6,class_6,3,class_3,0,1.0,1.1476781533792246e-23,9.715836522920875e-24,6.20279639846987e-31,1.0,4.147681544940993e-24,1.2904683114309644e-37,1.4116110187443045e-20,7.320025105293606e-34,4.491503762241977e-34,5.9349835205220284e-31,1.835621114253044e-39,1.7563392464762386e-24
TCN,42,12849,34,6,class_6,6,class_6,1,0.9999868869781494,1.9812287366249848e-09,5.2542657724696795e-12,4.830051289483883e-13,1.3138254871591926e-05,1.8518305111570044e-08,2.6119600934708907e-14,0.9999868869781494,5.367183506816287e-16,1.957998819774199e-15,2.0045460330829013e-15,9.53812755488233e-22,9.422325766839101e-12
TCN,42,12850,34,6,class_6,3,class_3,0,1.0,1.6904266306976986e-33,1.797105520140225e-31,7.1815425257875415e-40,1.0,6.080529845617114e-30,0.0,8.695673028181014e-32,0.0,5.605193857299268e-45,5.605193857299268e-45,0.0,1.4871873538192454e-34
TCN,42,12851,34,6,class_6,3,class_3,0,1.0,6.263903274407627e-17,1.2175692471099804e-17,2.629510434026433e-21,1.0,1.748558303332328e-16,1.071287900432107e-25,8.211140101188619e-11,2.0990589990025114e-23,8.252956787238086e-25,2.8565225302209123e-25,3.2269348626434306e-28,1.4421478735194536e-17
TCN,42,12852,34,6,class_6,6,class_6,1,1.0,2.838317243562392e-18,2.3665353840087222e-23,2.0092228711140406e-19,5.748105340503979e-16,5.671104267741984e-19,2.2968997969359853e-26,1.0,9.032855716061221e-19,3.729873187287359e-18,1.797178920947011e-18,4.935398898116282e-34,4.3940374884650357e-13
TCN,42,12853,34,6,class_6,3,class_3,0,1.0,6.78803070692411e-23,3.175908250487291e-23,4.560365128647849e-30,1.0,3.639884725435598e-19,2.938068634778946e-35,3.8370834202455036e-20,7.091348291375477e-34,1.2166319511236643e-31,7.175227297532242e-30,1.3759663512061388e-38,2.1828342916429914e-23
TCN,42,12854,34,6,class_6,6,class_6,1,1.0,3.6216533515643495e-14,1.6800076622132415e-16,1.6075142150735842e-16,6.208062064416708e-09,4.449694359009374e-16,1.2213492996581646e-20,1.0,1.752031111946291e-15,1.8380760645085245e-14,2.685906184962672e-11,8.888194619331287e-28,6.624313077241428e-12
TCN,42,12855,34,6,class_6,3,class_3,0,0.5912787318229675,8.646971472181519e-10,3.0252531165939067e-13,1.0716328811746084e-13,0.5912787318229675,2.565865488829422e-12,2.3021089920034677e-18,0.40872126817703247,3.2853658475638184e-17,1.2375296115992525e-18,1.419289419715556e-18,3.2444537550485286e-24,5.857934279422932e-18
TCN,42,12856,34,6,class_6,3,class_3,0,1.0,3.054070126136399e-13,4.556814910079482e-16,1.884930707101944e-17,1.0,5.657109438013397e-13,2.8944814662174216e-21,3.809837778590008e-09,5.773674146710677e-20,1.938319275451468e-19,1.5093917481485138e-19,4.7901874529990664e-24,2.099203659004464e-15
TCN,42,12857,34,6,class_6,6,class_6,1,0.9967286586761475,3.7317440804152113e-11,1.1361280839727872e-12,5.071859138184795e-14,0.0032713026739656925,2.2247015427773187e-13,1.9909446559485775e-17,0.9967286586761475,2.453085342279601e-15,1.023117629164608e-14,8.47373318973825e-14,5.228780311236108e-24,8.410946938930408e-11
TCN,42,12858,34,6,class_6,3,class_3,0,1.0,3.2118887155088376e-29,6.196295914709823e-30,6.351201439193714e-38,1.0,4.299061950335765e-30,0.0,4.737880107829931e-26,1.0404360837918902e-40,6.453175610000788e-40,2.355969757165864e-38,0.0,2.409314045562884e-28
TCN,42,12859,34,6,class_6,3,class_3,0,0.999998927116394,9.15631875875178e-11,1.1150642041657388e-12,1.1112057861318789e-13,0.999998927116394,3.0614799584327557e-09,6.849117014176643e-17,1.029266513796756e-06,7.984214451699678e-18,4.1977996645135014e-17,2.8568148218564255e-17,4.6799572807616674e-21,3.547159175545586e-14
TCN,42,12860,34,6,class_6,6,class_6,1,1.0,0.0,0.0,0.0,0.0,2.802596928649634e-45,0.0,1.0,0.0,0.0,0.0,0.0,0.0
TCN,42,12861,34,6,class_6,11,class_11,0,0.8059988021850586,5.5390601827465247e-11,5.611400055727245e-08,5.552636800874866e-13,0.19332876801490784,1.9380905769139645e-08,1.7330053543465965e-14,0.0006696428754366934,4.216790046029928e-07,7.645500205155642e-11,2.367227352806367e-06,1.0957303857653256e-12,0.8059988021850586
TCN,42,12862,34,6,class_6,3,class_3,0,0.9985974431037903,0.001399494125507772,6.540661675463744e-12,2.5463452857366065e-06,0.9985974431037903,2.0059520711157575e-09,6.895170063169961e-14,5.528284532374528e-07,3.1979906461691854e-13,7.53164078413221e-13,7.85582361292226e-18,3.252073761443241e-19,2.382146129659146e-12
TCN,42,12863,34,6,class_6,6,class_6,1,1.0,0.0,0.0,0.0,0.0,1.424840278525474e-41,0.0,1.0,0.0,0.0,0.0,0.0,0.0
TCN,42,12864,34,6,class_6,6,class_6,1,1.0,0.0,0.0,0.0,0.0,0.0,0.0,1.0,0.0,0.0,0.0,0.0,0.0
TCN,42,12865,34,6,class_6,6,class_6,1,1.0,0.0,0.0,0.0,0.0,0.0,0.0,1.0,0.0,0.0,0.0,0.0,0.0
TCN,42,12866,34,6,class_6,6,class_6,1,1.0,7.259910122154463e-32,1.6662229073155954e-37,1.2740457768143126e-33,1.0391013886480722e-31,3.1173942719614687e-22,2.342690503608924e-36,1.0,1.1612157620021713e-30,6.688333267438421e-36,4.494020227028261e-40,0.0,4.0523783858609026e-29
TCN,42,12867,34,6,class_6,6,class_6,1,1.0,7.858623250134091e-22,2.170591185589144e-34,1.772885998393702e-23,4.7340137649479745e-26,1.1705173061826765e-19,6.466471536302818e-30,1.0,6.306356298980929e-27,1.1146180697870937e-32,2.483212982660722e-40,1.401298464324817e-45,5.808652043926217e-25
TCN,42,12868,34,6,class_6,3,class_3,0,1.0,5.517943505521666e-20,1.456382677267388e-26,1.8854594155008547e-28,1.0,8.177280078701264e-24,1.6525501579394853e-37,1.6231474190360893e-23,4.4908288538536694e-37,9.210555680154302e-34,4.7078253154929356e-35,3.783505853677006e-44,2.1137097991536927e-28
TCN,42,12869,34,6,class_6,3,class_3,0,1.0,9.109073629935682e-14,1.6862771489361043e-20,1.0755205888393336e-20,1.0,1.2135721449540016e-17,8.839739184895476e-28,2.1625022458643205e-17,4.5676991601540415e-28,7.451319293580889e-25,2.7117315484101874e-26,4.0724230366070424e-33,5.662948347681568e-21
TCN,42,12870,34,6,class_6,3,class_3,0,0.9999595880508423,5.532436314625855e-11,3.827649731457522e-14,1.8944652077412588e-15,0.9999595880508423,8.560303577098693e-09,1.3722092564197276e-17,4.0393460949417204e-05,2.4454438411633914e-17,1.9717743283536324e-15,1.0764421843639913e-19,1.9941630600300062e-24,7.277730799731472e-15
TCN,42,12871,34,6,class_6,11,class_11,0,0.9915090799331665,1.0589651646352415e-14,9.640442808736722e-15,1.603216518584931e-19,0.008490867912769318,1.4451764861444756e-15,1.232387435243381e-21,3.674036008760595e-08,7.668682583481662e-14,2.048124175682911e-13,1.1836614587784622e-14,5.374793842067612e-21,0.9915090799331665
TCN,42,12872,34,6,class_6,6,class_6,1,1.0,8.163325507941139e-22,7.949080845051447e-28,4.7694924760114984e-24,9.740502526245742e-19,7.832071617941167e-16,7.824528066653008e-28,1.0,2.3253705709359362e-23,1.6996393388975577e-27,8.88974505312183e-30,1.9742853706476575e-37,6.730304264017188e-22
TCN,42,12873,34,6,class_6,6,class_6,1,1.0,0.0,0.0,0.0,0.0,1.1308240386362339e-39,0.0,1.0,0.0,0.0,0.0,0.0,0.0
TCN,42,12874,34,6,class_6,6,class_6,1,1.0,5.016648502282845e-43,0.0,7.646521382219802e-40,0.0,4.504299345414633e-36,0.0,1.0,1.7029391691584485e-39,0.0,0.0,0.0,2.3612963728884555e-38
TCN,42,12875,34,6,class_6,6,class_6,1,1.0,7.208279300486859e-40,0.0,2.309320928136216e-35,0.0,6.789209968193166e-34,0.0,1.0,8.852366939424404e-34,2.802596928649634e-45,0.0,0.0,1.135443240778716e-35
TCN,42,12876,34,6,class_6,6,class_6,1,1.0,0.0,0.0,0.0,0.0,1.424840278525474e-41,0.0,1.0,0.0,0.0,0.0,0.0,0.0
TCN,42,12877,34,6,class_6,3,class_3,0,1.0,2.522567349063753e-16,4.462502726052057e-20,2.443286619706069e-24,1.0,5.530846799294457e-18,4.872911389573295e-28,1.1465500654472306e-14,8.307954887651124e-24,2.8326543602420927e-22,1.1081795565332284e-22,1.7810283920495088e-29,1.8738346615196962e-15
TCN,42,12878,34,6,class_6,6,class_6,1,1.0,1.781558323710769e-29,9.817096269698872e-39,2.2188633662008903e-34,3.212687762771293e-35,2.3064549486061847e-24,1.1978439402894969e-40,1.0,5.13387048470217e-31,2.6271225234150576e-37,1.555441295400547e-43,0.0,7.549334206602783e-34
TCN,42,12879,34,6,class_6,6,class_6,1,1.0,1.6815581571897805e-44,0.0,3.309026193656623e-41,0.0,1.4253264730406561e-37,0.0,1.0,1.2437925169347076e-41,0.0,0.0,0.0,8.655820614134395e-42
TCN,42,12880,34,7,class_7,7,class_7,1,1.0,0.0,0.0,0.0,0.0,0.0,0.0,0.0,1.0,0.0,0.0,0.0,0.0
TCN,42,12881,34,7,class_7,7,class_7,1,1.0,0.0,1.0425940834269504e-40,2.406781887967424e-33,0.0,0.0,9.80908925027372e-45,0.0,1.0,0.0,0.0,1.233142648605839e-42,2.87474174648765e-35
TCN,42,12882,34,7,class_7,7,class_7,1,1.0,2.9171244916195157e-38,6.098118730532845e-36,2.0941850391559357e-26,2.9287137904388677e-43,1.3578770013297687e-32,1.018743983564142e-42,0.0,1.0,3.1058379163295246e-41,0.0,9.228531296503948e-40,7.22422630121863e-37
TCN,42,12883,34,7,class_7,7,class_7,1,0.9999997615814209,2.8396878188294943e-21,4.806426754267329e-22,2.1581139719728526e-07,1.0820659886510058e-23,2.3834737857766337e-18,1.3767832222938857e-26,7.945159170202188e-30,0.9999997615814209,1.1889321755270346e-26,4.2319213622609476e-43,3.175201628331439e-25,6.958476159291741e-22
TCN,42,12884,34,7,class_7,7,class_7,1,1.0,5.044991891968169e-24,5.034982553434573e-21,1.189599664980633e-18,1.2165324271891553e-27,2.0616127752627414e-21,7.975544605453385e-26,2.4192111023821183e-31,1.0,5.721041151792371e-25,8.541678566245891e-32,4.7189299629748145e-23,3.2763505269135206e-21
TCN,42,12885,34,7,class_7,7,class_7,1,1.0,1.6296349354404671e-18,1.5663215470107294e-16,5.215365032201769e-12,2.16179879079189e-19,7.07292694164287e-18,7.918333755210468e-20,1.0459868482382094e-21,1.0,2.9221942113256613e-14,1.1644402643238133e-23,4.0009194687742194e-15,5.943375132322348e-13
TCN,42,12886,34,7,class_7,7,class_7,1,1.0,2.444621096256386e-23,4.731964848137197e-22,4.7600392899494696e-17,6.0054135673588906e-27,4.430855690036946e-25,1.6284919122259164e-25,2.9646152597568684e-28,1.0,6.78885569765879e-24,1.276948449322506e-36,3.924134425609389e-22,7.060850104699597e-18
TCN,42,12887,34,7,class_7,2,class_2,0,0.993973433971405,2.5925745497760174e-19,1.7645922505754095e-20,0.993973433971405,2.707585701755712e-22,1.7781529639114857e-21,2.8931343536931246e-24,8.206905183003063e-27,0.006026574410498142,2.7034376188952818e-14,4.388236205956381e-40,1.6001858573133563e-25,9.889270959413404e-18
TCN,42,12888,34,7,class_7,7,class_7,1,1.0,1.4033766478552593e-25,8.807785992441296e-23,1.4901826517546568e-12,1.678862623324627e-29,9.647589641655308e-23,1.3770610954662619e-27,1.8960272736888621e-34,1.0,9.638511407092791e-29,2.7409397962193422e-42,1.480502869816498e-26,1.4906881672755735e-24
TCN,42,12889,34,7,class_7,2,class_2,0,1.0,6.327366630642928e-09,3.009807326492863e-21,1.0,3.980516192080317e-17,1.8124438310850727e-13,2.1589250205872737e-17,1.0750539685009742e-18,6.729146523310435e-15,2.52869616183273e-15,1.0088498064307905e-32,3.5309112406795234e-20,6.878799945686971e-22
TCN,42,12890,34,7,class_7,2,class_2,0,0.9128854274749756,5.841847684460307e-18,7.769659517235061e-18,0.9128854274749756,2.146375491282956e-18,4.823680994636136e-19,2.0728493857273564e-21,7.747689626015047e-20,0.08711465448141098,4.90570549406457e-14,2.5237743178065805e-35,1.6108075809157242e-19,2.4015401687139774e-14
TCN,42,12891,34,7,class_7,7,class_7,1,1.0,0.0,0.0,0.0,0.0,0.0,0.0,0.0,1.0,0.0,0.0,0.0,0.0
TCN,42,12892,34,7,class_7,2,class_2,0,1.0,7.88701027230887e-13,7.553749826363205e-17,1.0,6.285643883776346e-15,2.0175855886157834e-13,1.1767062436084525e-16,5.099674090810026e-16,2.5346384990854176e-09,1.4742216694222992e-15,9.282035165618358e-30,1.5567609273163925e-16,1.5521231903196037e-17
TCN,42,12893,34,7,class_7,7,class_7,1,1.0,0.0,0.0,8.267660939516421e-44,0.0,0.0,0.0,0.0,1.0,0.0,0.0,0.0,0.0
TCN,42,12894,34,7,class_7,7,class_7,1,1.0,0.0,0.0,0.0,0.0,0.0,0.0,0.0,1.0,0.0,0.0,0.0,0.0
TCN,42,12895,34,7,class_7,7,class_7,1,1.0,0.0,6.534815258532352e-41,2.802596928649634e-45,0.0,0.0,3.7158040801910026e-38,0.0,1.0,0.0,0.0,0.0,3.1087506441070824e-36
TCN,42,12896,34,7,class_7,7,class_7,1,1.0,0.0,5.273786770486449e-41,6.1648724639506e-41,0.0,0.0,6.445972935894159e-44,0.0,1.0,0.0,0.0,0.0,3.0461986536878603e-40
TCN,42,12897,34,7,class_7,7,class_7,1,1.0,8.014007968369398e-32,5.927051329781663e-28,2.596715428847155e-21,6.010463386166649e-39,2.607314178598441e-30,1.76275560625616e-32,3.2369994525903274e-43,1.0,3.568720722626067e-34,0.0,6.372848113237226e-31,1.0483119558260307e-28
TCN,42,12898,34,7,class_7,7,class_7,1,1.0,0.0,0.0,0.0,0.0,0.0,0.0,0.0,1.0,0.0,0.0,0.0,0.0
TCN,42,12899,34,7,class_7,7,class_7,1,1.0,0.0,0.0,0.0,0.0,0.0,0.0,0.0,1.0,0.0,0.0,0.0,0.0
TCN,42,12900,34,7,class_7,7,class_7,1,1.0,0.0,0.0,0.0,0.0,0.0,0.0,0.0,1.0,0.0,0.0,0.0,0.0
TCN,42,12901,34,7,class_7,7,class_7,1,1.0,0.0,0.0,0.0,0.0,0.0,0.0,0.0,1.0,0.0,0.0,0.0,0.0
TCN,42,12902,34,7,class_7,7,class_7,1,1.0,0.0,0.0,0.0,0.0,0.0,0.0,0.0,1.0,0.0,0.0,0.0,0.0
TCN,42,12903,34,7,class_7,7,class_7,1,1.0,0.0,0.0,0.0,0.0,0.0,0.0,0.0,1.0,0.0,0.0,0.0,0.0
TCN,42,12904,34,7,class_7,7,class_7,1,1.0,0.0,0.0,0.0,0.0,4.384786209137213e-39,0.0,0.0,1.0,0.0,0.0,0.0,0.0
TCN,42,12905,34,7,class_7,7,class_7,1,1.0,4.950395110889568e-40,2.0490310648009556e-34,4.3675529339000556e-34,0.0,4.972811301718605e-29,7.314777983775545e-43,0.0,1.0,2.3990229709240868e-42,0.0,3.402900579080207e-38,1.1786541806563436e-34
TCN,42,12906,34,7,class_7,7,class_7,1,1.0,0.0,0.0,0.0,0.0,0.0,0.0,0.0,1.0,0.0,0.0,0.0,0.0
TCN,42,12907,34,7,class_7,1,class_1,0,0.8494795560836792,9.151875701718382e-08,0.8494795560836792,1.5681862752803255e-10,1.8186240274606714e-22,1.2638912139095737e-09,0.14795072376728058,7.746503258020568e-30,0.0008990783826448023,9.819222412943418e-08,3.039981713305602e-29,1.667250920656116e-10,0.0016703937435522676
TCN,42,12908,34,7,class_7,7,class_7,1,1.0,0.0,0.0,0.0,0.0,0.0,0.0,0.0,1.0,0.0,0.0,0.0,0.0
TCN,42,12909,34,7,class_7,7,class_7,1,1.0,0.0,0.0,0.0,0.0,0.0,0.0,0.0,1.0,0.0,0.0,0.0,0.0
TCN,42,12910,34,7,class_7,7,class_7,1,1.0,0.0,0.0,1.401298464324817e-45,0.0,0.0,0.0,0.0,1.0,0.0,0.0,0.0,0.0
TCN,42,12911,34,7,class_7,7,class_7,1,1.0,0.0,2.0600458564544733e-31,0.0,0.0,0.0,1.1007287775126629e-33,0.0,1.0,0.0,0.0,0.0,1.401298464324817e-45
TCN,42,12912,34,7,class_7,7,class_7,1,1.0,0.0,2.550363205071167e-43,2.728380350447169e-37,0.0,0.0,0.0,0.0,1.0,0.0,0.0,0.0,1.401298464324817e-43
TCN,42,12913,34,7,class_7,7,class_7,1,1.0,0.0,0.0,0.0,0.0,0.0,0.0,0.0,1.0,0.0,0.0,0.0,0.0
TCN,42,12914,34,7,class_7,7,class_7,1,1.0,0.0,0.0,0.0,0.0,0.0,0.0,0.0,1.0,0.0,0.0,0.0,0.0
TCN,42,12915,34,7,class_7,7,class_7,1,1.0,0.0,5.6048784915344985e-21,5.605193857299268e-45,0.0,7.580857937480006e-39,9.078520986818461e-27,0.0,1.0,0.0,0.0,8.843350760000353e-35,8.752897818538427e-36
TCN,42,12916,34,7,class_7,7,class_7,1,1.0,0.0,0.0,0.0,0.0,0.0,0.0,0.0,1.0,0.0,0.0,0.0,0.0
TCN,42,12917,34,7,class_7,7,class_7,1,1.0,0.0,0.0,0.0,0.0,0.0,0.0,0.0,1.0,0.0,0.0,0.0,0.0
TCN,42,12918,34,7,class_7,7,class_7,1,1.0,0.0,0.0,0.0,0.0,0.0,0.0,0.0,1.0,0.0,0.0,0.0,0.0
TCN,42,12919,34,7,class_7,7,class_7,1,1.0,0.0,9.491782028608937e-39,0.0,0.0,0.0,0.0,0.0,1.0,0.0,0.0,0.0,0.0
TCN,42,12920,34,8,class_8,8,class_8,1,1.0,1.7765105984208488e-20,5.752371145357618e-35,8.616087485268855e-19,4.786363663176286e-34,2.7621118511215035e-29,2.3472653232883454e-33,1.035428413285554e-33,2.1689328009508032e-29,1.0,6.210622558491317e-27,6.909894595303279e-27,1.2684978061671659e-18
TCN,42,12921,34,8,class_8,8,class_8,1,0.9999682903289795,2.2360874936566688e-05,1.0294714414271766e-08,2.7937512641074136e-06,1.6771812827443e-09,2.71133376167354e-12,2.23171325169913e-11,1.864140924956459e-10,2.2303082047869793e-08,0.9999682903289795,2.6713523754162694e-11,1.621598471501784e-06,4.894935500487918e-06
TCN,42,12922,34,8,class_8,8,class_8,1,1.0,3.887897058631667e-22,1.0764955096398204e-31,1.683557408970392e-21,5.061145002293927e-24,3.391639744495336e-30,6.739107350022648e-32,1.0704587336650098e-25,1.0350987407969307e-14,1.0,2.9036891153897555e-24,1.0575750346969664e-19,3.423850374309527e-16
TCN,42,12923,34,8,class_8,8,class_8,1,1.0,1.2216208604683264e-18,8.76712431485386e-23,3.442028918967466e-15,3.561432744791961e-18,1.0101643463659866e-22,3.242093286004881e-24,4.673203076410359e-20,5.640501260506525e-11,1.0,4.14659623010759e-21,9.310044055133027e-16,2.67883187854423e-10
TCN,42,12924,34,8,class_8,8,class_8,1,0.9999955892562866,4.3819894934848946e-10,2.656721041348776e-14,5.061120411653519e-10,1.5089653485067522e-11,8.436980197222825e-16,9.594401485855768e-16,1.0601725747294566e-10,4.446066668606363e-06,0.9999955892562866,5.399064916390521e-14,6.47035758305492e-10,2.3182481712069603e-08
TCN,42,12925,34,8,class_8,8,class_8,1,0.9999996423721313,1.6653262654708826e-22,3.5018869250728603e-25,2.796164830405029e-20,4.5272170217619555e-25,3.9740745882204247e-28,1.3676740166208213e-27,2.0055185155454363e-24,2.1517074197564953e-15,0.9999996423721313,3.798892798325486e-21,5.960733374275266e-16,3.4034010809591564e-07
TCN,42,12926,34,8,class_8,8,class_8,1,1.0,6.753853600879116e-17,5.557551077336277e-28,1.6112198787522936e-19,5.685884579475065e-24,7.386752634714123e-28,1.0297166255453107e-26,7.681111024005309e-24,4.485943729557163e-17,1.0,2.544248590439138e-20,1.9401483217123087e-17,8.495094072635823e-10
TCN,42,12927,34,8,class_8,8,class_8,1,0.9999476671218872,4.566609490552764e-08,1.841366956915197e-13,1.1085671047794676e-08,4.258127461742589e-10,1.0796216893572963e-13,2.7488706027135185e-14,1.545577832384737e-10,1.4000528381075128e-07,0.9999476671218872,1.90316044174077e-11,2.4001037601806274e-08,5.2199222409399226e-05
TCN,42,12928,34,8,class_8,8,class_8,1,1.0,6.5458333198265e-10,1.1556282878012693e-18,7.540975482944745e-11,6.962856889501526e-15,4.781673661203396e-19,2.7061606650463263e-19,2.0150903227267964e-16,9.725796557003008e-12,1.0,1.462223977120034e-16,8.535099710327287e-13,7.116163214249127e-10
TCN,42,12929,34,8,class_8,8,class_8,1,1.0,1.7751146147611252e-13,4.673982435643749e-22,4.249554131979458e-14,3.2515657174507685e-18,8.104619110463315e-22,9.611559019343626e-22,1.802011930471005e-18,6.776254904417023e-13,1.0,3.160856471092744e-18,4.2773896675053075e-14,7.999974904748797e-09
TCN,42,12930,34,8,class_8,8,class_8,1,0.9999964237213135,5.6139150217404676e-08,1.9612233947950572e-16,6.357535053957974e-10,4.7754707902924326e-14,3.9341747548382383e-16,3.864989633102099e-16,9.677888229510704e-16,1.6903492494613204e-11,0.9999964237213135,3.312013342618783e-14,1.890878252586159e-11,3.6044402804691344e-06
TCN,42,12931,34,8,class_8,8,class_8,1,1.0,2.8483330277717656e-11,1.4564989763485176e-19,4.7154679466698823e-11,3.142751307281306e-17,1.2506970861801778e-16,5.128656282629843e-19,3.924516643636906e-18,4.41355368661152e-15,1.0,2.3905533467067893e-15,2.6485717373632423e-14,1.5840139200307135e-09
TCN,42,12932,34,8,class_8,8,class_8,1,0.9999996423721313,4.348919890873049e-09,1.3739718128689556e-17,4.580267276566019e-10,1.6458363678875329e-15,9.590406468194933e-18,1.1293881542171324e-17,4.811722196366273e-17,1.1023121651576595e-11,0.9999996423721313,1.788740222861092e-16,3.810056003333839e-12,3.2794204685160366e-07
TCN,42,12933,34,8,class_8,8,class_8,1,0.6767003536224365,1.6324383251414831e-12,3.080776619683118e-16,3.9995221023936267e-10,1.3593823332616606e-12,4.2054804666349747e-16,6.41767251068654e-19,3.04153268326432e-14,0.3232574760913849,0.6767003536224365,8.376347537790201e-21,4.159653781902854e-14,4.2193594708805904e-05
TCN,42,12934,34,8,class_8,7,class_7,0,0.9459092617034912,2.7794594717739775e-16,1.4173418188273969e-16,1.1790338670658596e-12,9.981503166047508e-15,3.878210659355881e-18,2.775183846532019e-20,4.1414279675125026e-17,0.9459092617034912,0.05407385155558586,3.7388904475307906e-22,2.1011397645636504e-14,1.6920863345148973e-05
TCN,42,12935,34,8,class_8,8,class_8,1,0.7855889201164246,1.3180180789818235e-14,1.4336298261811292e-13,1.2493255319157015e-09,5.266984764995541e-13,7.250005399664589e-16,3.922782294046566e-17,7.829629685481704e-14,0.18631340563297272,0.7855889201164246,1.7680276285945702e-18,7.394942405820892e-13,0.02809765189886093
TCN,42,12936,34,8,class_8,8,class_8,1,1.0,7.308541199671373e-16,2.987044158160197e-22,3.632968250607833e-16,8.284466124805401e-18,5.440353863089996e-22,4.475298161006357e-23,2.4458225244478182e-17,4.5665190379073906e-11,1.0,9.806909413002112e-18,2.4043092888251412e-14,2.908892848818567e-10
TCN,42,12937,34,8,class_8,8,class_8,1,1.0,4.467301383346823e-22,1.5805647670393743e-31,2.9959370262722544e-20,1.6097388550235059e-27,3.8516812136331467e-32,5.235864015292792e-32,6.4471395630962e-29,1.2044174889606935e-17,1.0,5.693519150663891e-26,4.441511725538817e-20,2.797172783585637e-17
TCN,42,12938,34,8,class_8,8,class_8,1,1.0,6.269209803473277e-17,1.6621502651208846e-26,8.26811557650931e-17,2.863829173864147e-20,1.2691952289221749e-25,1.1588279067884194e-27,5.590459073441919e-23,2.150624567320847e-08,1.0,1.5206634025597747e-24,2.100121619380522e-18,1.2020521297090303e-12
TCN,42,12939,34,8,class_8,8,class_8,1,0.999998927116394,6.532249567647863e-12,5.715446318453655e-19,5.828530713625213e-11,1.2622481591851795e-14,8.352171685123479e-18,2.8289191793340826e-19,2.514066700046863e-13,1.1109905244666152e-06,0.999998927116394,5.107280976071962e-16,2.7724342461545037e-13,4.526516494962607e-09
TCN,42,12940,34,8,class_8,8,class_8,1,1.0,2.0609532637065562e-35,0.0,3.4077692902301443e-32,0.0,0.0,0.0,0.0,3.507077310813507e-39,1.0,3.758178499143705e-34,1.5228004298814897e-38,1.721431543163384e-29
TCN,42,12941,34,8,class_8,8,class_8,1,0.9999089241027832,9.091570973396301e-05,2.919591337436113e-40,1.7322498990779422e-07,4.192591118262743e-39,9.242868292692802e-27,1.253745550795983e-23,6.559085679918793e-32,5.05170731077992e-27,0.9999089241027832,4.696225286987294e-34,3.5813650310524266e-26,1.7129829184888562e-13
TCN,42,12942,34,8,class_8,0,class_0,0,1.0,1.0,0.0,3.6262657321373126e-09,0.0,2.915579700192444e-37,1.6029231165049646e-14,1.9127738398999289e-25,3.6699516677869824e-30,2.857085713167279e-20,0.0,3.452380775377535e-36,8.643314129127807e-26
TCN,42,12943,34,8,class_8,2,class_2,0,0.9828673601150513,0.01713257096707821,1.0129194248400435e-36,0.9828673601150513,4.152670198935856e-37,1.2478557772269446e-24,6.597420942888732e-10,6.716008337366155e-24,2.4904532333786754e-28,2.572299829770605e-16,0.0,1.2058720438351074e-28,1.7422387758013209e-16
TCN,42,12944,34,8,class_8,2,class_2,0,0.9999957084655762,5.910098105355033e-11,2.1722123977808508e-35,0.9999957084655762,7.429613608199824e-37,1.0097662218266916e-31,7.489720427293314e-20,5.389875494887844e-26,3.1637093685578254e-21,4.346728928794619e-06,2.9245929236614626e-35,3.0416561052436725e-25,7.509209226652658e-11
TCN,42,12945,34,8,class_8,0,class_0,0,0.9999988079071045,0.9999988079071045,1.317220556465328e-41,5.065804202786239e-07,0.0,2.2917513168738167e-33,6.74532543598616e-07,1.807331196925906e-33,4.542204181032729e-28,4.593758252073978e-16,0.0,8.422240914079792e-25,3.3000318839014755e-19
TCN,42,12946,34,8,class_8,8,class_8,1,1.0,5.49554383255527e-15,0.0,5.968472677891912e-12,8.407790785948902e-45,0.0,6.570881295531555e-31,1.4095057421014192e-22,1.52036294219103e-15,1.0,9.83324763579868e-40,3.5979801923867005e-30,2.443896864393058e-13
TCN,42,12947,34,8,class_8,2,class_2,0,0.9658794403076172,0.034120526164770126,0.0,0.9658794403076172,1.401298464324817e-45,2.1721831252164504e-35,1.3589055451919147e-16,1.2426141419321057e-16,4.083179938595145e-24,6.682744523212628e-17,0.0,4.508516603589763e-36,1.4379787901743674e-19
TCN,42,12948,34,8,class_8,8,class_8,1,0.9999984502792358,1.5919463294267189e-06,0.0,4.972749100516649e-13,4.360840820978831e-42,3.1263389128625966e-40,4.9325744798087434e-24,9.222097708860191e-21,4.46557040341888e-16,0.9999984502792358,7.591793838851412e-37,4.438681683254804e-25,1.8553132363763325e-08
TCN,42,12949,34,8,class_8,0,class_0,0,0.9995935559272766,0.9995935559272766,0.0,0.00040645041735842824,0.0,1.0459326714130104e-36,3.7377867185932334e-13,8.793111265383895e-27,9.990613289903068e-28,5.3343818382965095e-15,0.0,1.468592846940286e-32,1.1641792053449902e-17
TCN,42,12950,34,8,class_8,2,class_2,0,0.9999985694885254,1.4302625004347647e-06,9.80908925027372e-45,0.9999985694885254,0.0,7.326114488351933e-39,2.437020515401976e-15,1.0251149841810027e-24,5.706677848531424e-22,1.5550510166118144e-14,0.0,2.8761598929026893e-30,3.0825027140109445e-16
TCN,42,12951,34,8,class_8,8,class_8,1,1.0,3.257503426682827e-16,2.802596928649634e-45,7.547430492185666e-20,1.8859097690157507e-31,2.4172398509603094e-42,1.0562058893974523e-31,2.3337033622950837e-18,1.7628967513319957e-17,1.0,5.084340460850197e-34,1.0684107767993462e-25,2.580618519169766e-14
TCN,42,12952,34,8,class_8,2,class_2,0,0.5385530591011047,0.46144697070121765,1.9562126561974446e-42,0.5385530591011047,3.218782572554105e-42,1.4268806135723494e-33,8.897739756628682e-15,1.5374501022672246e-18,4.8968348209533434e-23,2.8863875875463803e-15,0.0,3.295235689542874e-32,1.430822877578541e-16
TCN,42,12953,34,8,class_8,8,class_8,1,1.0,3.637435184734297e-15,0.0,1.805348053279008e-19,4.227290009224063e-33,2.6848878576463495e-42,2.860405341620737e-32,8.924057493816346e-16,3.748276698602133e-16,1.0,3.615828586988789e-36,3.95621447688115e-27,5.8813557322900945e-12
TCN,42,12954,34,8,class_8,8,class_8,1,1.0,1.597050870015711e-15,1.8281339765581564e-41,1.1735632385221593e-17,4.336094143575821e-27,3.290173124117597e-39,3.8741296574626644e-29,9.643976339025092e-17,6.671146789280144e-17,1.0,4.8663817493215675e-32,3.704154756172247e-24,1.9355544456697155e-13
TCN,42,12955,34,8,class_8,6,class_6,0,0.9992489218711853,0.0006224054959602654,7.606001999497406e-24,0.00012865211465395987,6.413448512888538e-18,9.316431841608182e-18,4.810185669917866e-12,0.9992489218711853,6.408884636503005e-15,3.5512085893446566e-12,7.748677293680111e-33,1.323349793510241e-31,2.343397920157031e-09
TCN,42,12956,34,8,class_8,0,class_0,0,1.0,1.0,0.0,3.1556632307250254e-11,0.0,4.464771826842828e-33,1.0109191318203285e-16,1.7492414851674742e-13,4.816499514062261e-24,2.2094832751988055e-23,0.0,9.570167862106338e-41,7.98428920254347e-24
TCN,42,12957,34,8,class_8,8,class_8,1,1.0,7.9193406078872e-25,1.2121231716409668e-41,1.5412292513790836e-20,1.5044900832376966e-39,8.527233431308373e-37,1.228333280172399e-37,2.1741333447993756e-38,1.1875344974718843e-29,1.0,3.1177907275063046e-27,2.418190656676565e-28,4.426004609369376e-19
TCN,42,12958,34,8,class_8,0,class_0,0,1.0,1.0,0.0,1.208249411632778e-08,0.0,7.212448775505395e-35,1.883996514351338e-09,3.635792639491812e-33,5.412086652958682e-34,6.613716125319197e-21,0.0,3.0299618793928086e-32,2.60466636027746e-25
TCN,42,12959,34,8,class_8,0,class_0,0,0.9976946711540222,0.9976946711540222,0.0,0.0023052829783409834,0.0,5.375881452961455e-38,2.3496873951335583e-15,1.2723891141047489e-26,5.769848266795949e-33,1.1006040621515186e-23,0.0,1.8848865643633114e-40,6.3166218661185986e-24
TCN,42,13920,37,9,class_9,9,class_9,1,1.0,1.2972399461299676e-37,4.1842652409045175e-31,1.8216880036222622e-44,1.366674180646132e-33,2.1619297502849634e-20,4.624284932271896e-44,0.0,9.423890438451862e-30,3.1115600657791496e-30,1.0,3.0044686598296817e-24,3.7343169189111725e-32
TCN,42,13921,37,9,class_9,9,class_9,1,0.9995637536048889,2.0735532243401724e-19,1.387943443986392e-13,2.1920270707806174e-30,8.184360452424421e-22,0.0004362714244052768,3.271732367935845e-24,1.8687565322705856e-30,1.5497891554646782e-18,3.843334966971844e-19,0.9995637536048889,5.52099463152142e-14,1.681711190462249e-23
TCN,42,13922,37,9,class_9,9,class_9,1,0.9999481439590454,1.4048016420923738e-20,6.057041549773672e-15,3.1901338321542147e-29,4.467195618935103e-19,5.1810417062370107e-05,3.104812925613249e-26,2.1036651416213964e-29,2.4821313654042404e-20,1.2410337546613867e-21,0.9999481439590454,4.572827220914377e-15,2.940976246395326e-21
TCN,42,13923,37,9,class_9,9,class_9,1,0.9999996423721313,9.245400505383682e-27,1.1658360748095113e-22,4.805892092209621e-38,3.4520097489298386e-29,3.443765592692216e-07,6.902416135320099e-33,6.5666993948547045e-37,1.2945173750902777e-27,3.9228008089174584e-22,0.9999996423721313,6.6438048201008136e-21,9.589655981081655e-29
TCN,42,13924,37,9,class_9,9,class_9,1,1.0,5.955199277401368e-28,7.270280942036164e-23,2.585200785299257e-36,1.5670974564224103e-25,4.3404918548262117e-10,3.4297541018960928e-34,1.398832422965642e-34,8.50830166372e-27,1.8944556485577568e-22,1.0,1.4845049571713154e-21,2.432562548737655e-25
TCN,42,13925,37,9,class_9,9,class_9,1,1.0,5.384879928044396e-35,3.961086071536494e-30,2.942726775082116e-43,4.4384456895423275e-35,7.187709004982567e-18,1.5163450682458846e-41,4.203895392974451e-45,1.1545586788847075e-31,1.5523367595500772e-24,1.0,5.721019458117477e-25,1.3385104027615533e-30
TCN,42,13926,37,9,class_9,9,class_9,1,1.0,0.0,5.465064010866787e-44,0.0,0.0,4.555824429069492e-31,0.0,0.0,3.208973483303831e-43,1.1001038736955062e-32,1.0,1.2343564555777147e-35,2.634441112930656e-43
TCN,42,13927,37,9,class_9,9,class_9,1,1.0,1.2877652627452204e-40,1.253622538220922e-35,0.0,6.115154394436356e-40,1.0780467208818881e-20,0.0,0.0,2.2641437113647162e-36,3.4464616503166694e-27,1.0,2.12813438249139e-29,1.210020049095847e-35
TCN,42,13928,37,9,class_9,9,class_9,1,1.0,1.263603238365573e-29,4.233552702955987e-25,3.878964098728847e-37,7.243828506872671e-27,1.87675152111752e-13,5.373060699688863e-35,2.653716379123479e-35,6.751832754395441e-28,4.344799690867806e-21,1.0,1.3278453855478368e-23,1.520738196434351e-25
TCN,42,13929,37,9,class_9,9,class_9,1,1.0,1.63043667006144e-26,8.181032342928602e-22,4.738098140638011e-33,9.446904392489096e-27,3.26249235960141e-11,1.2085884664589537e-30,9.438838519793913e-34,1.9739230980125696e-23,1.0768195028004074e-17,1.0,2.395331523255158e-19,1.517019910418353e-23
TCN,42,13930,37,9,class_9,9,class_9,1,1.0,2.3840831018072978e-26,1.6268916684366303e-23,1.5593730384530516e-35,4.006681545143873e-28,4.043715917667612e-10,4.0929672983131573e-32,2.5087531874803136e-35,7.047850960186879e-26,2.4378571887392388e-18,1.0,3.208988702145224e-20,2.541912598526645e-26
TCN,42,13931,37,9,class_9,9,class_9,1,1.0,7.610428229599367e-35,4.322746871282234e-28,3.781053581364438e-40,5.80495433211486e-32,3.6794182718489216e-20,3.702628511510035e-39,6.229472323155974e-41,1.974700208183643e-29,3.769680612121864e-26,1.0,8.618920701045626e-25,7.700807410361165e-29
TCN,42,13932,37,9,class_9,9,class_9,1,1.0,2.2017201471471526e-41,8.240547585472994e-36,0.0,7.036480108760636e-41,1.1204491111553377e-26,0.0,0.0,4.689952334278556e-36,1.5955813748171944e-25,1.0,2.2304091242445706e-30,4.1204450665108037e-32
TCN,42,13933,37,9,class_9,9,class_9,1,1.0,2.189521844015205e-39,1.8664124613531956e-33,0.0,8.193583258017739e-38,6.3264223237508225e-21,7.006492321624085e-45,0.0,5.7426309686027034e-37,2.521589983530827e-28,1.0,1.5316671407810442e-31,5.575985577746219e-35
TCN,42,13934,37,9,class_9,9,class_9,1,1.0,0.0,9.0225404222482e-41,0.0,3.5032461608120427e-44,6.480124197891008e-31,0.0,0.0,2.9984984539622436e-41,2.070898543161152e-28,1.0,3.244908820570175e-35,1.909153690649103e-37
TCN,42,13935,37,9,class_9,9,class_9,1,1.0,0.0,1.401298464324817e-45,0.0,2.802596928649634e-45,1.6545791223170067e-32,0.0,0.0,1.961817850054744e-43,3.048070075993638e-32,1.0,5.199979259331689e-38,5.378176499586326e-39
TCN,42,13936,37,9,class_9,9,class_9,1,1.0,1.5773880633512542e-34,1.923657384668678e-30,1.718692566494388e-39,1.2609109425281785e-30,4.868915948044966e-21,3.825763410167185e-39,4.4092276569519667e-38,3.408902349234902e-31,1.100260529004513e-22,1.0,1.6177238376101332e-26,2.7647920354174235e-27
TCN,42,13937,37,9,class_9,9,class_9,1,1.0,0.0,2.6484540975739043e-43,0.0,1.3644443147130744e-41,1.8520733992262014e-31,0.0,0.0,9.742667703064723e-40,2.3938395896642527e-29,1.0,3.3012932323378523e-35,6.489015802464521e-35
TCN,42,13938,37,9,class_9,9,class_9,1,1.0,0.0,0.0,0.0,0.0,0.0,0.0,0.0,0.0,0.0,1.0,0.0,0.0
TCN,42,13939,37,9,class_9,9,class_9,1,1.0,0.0,0.0,0.0,0.0,2.4382593279251817e-43,0.0,0.0,0.0,9.841329428509888e-37,1.0,1.401298464324817e-45,0.0
TCN,42,13940,37,9,class_9,9,class_9,1,0.9999861717224121,1.06792118279974e-14,3.3488305462014978e-09,1.431072995282286e-19,4.896877462578402e-15,1.3803945876134094e-05,1.990654142176515e-14,4.330697479576476e-18,6.693725977148512e-14,1.1834661329808253e-14,0.9999861717224121,4.726451174885682e-11,3.608442212567342e-13
TCN,42,13941,37,9,class_9,9,class_9,1,0.9223761558532715,2.2505031692376942e-12,0.039410851895809174,1.966041821124852e-15,1.93513733393047e-05,0.038193561136722565,1.766709825309909e-12,5.3334239287364596e-14,1.0446687070952976e-08,3.6492950859518675e-14,0.9223761558532715,1.5265376873685454e-07,2.1058688126629477e-09
TCN,42,13942,37,9,class_9,9,class_9,1,0.9999688863754272,3.375542126563924e-15,2.095296986226458e-05,1.1624238453670915e-17,5.109276335346635e-10,1.0141726306756027e-05,1.3848653050802461e-15,1.9909801006378254e-18,1.4575773921166046e-10,1.5082132339445123e-16,0.9999688863754272,1.7579075972662395e-08,4.602891852389934e-12
TCN,42,13943,37,9,class_9,9,class_9,1,0.9999997615814209,5.0566237405275e-18,2.97977649499348e-11,1.8574455765461526e-21,6.490550284732333e-12,2.495975195415667e-07,2.4447535049816056e-21,5.448330521641003e-21,8.306121124289443e-15,5.412380059916144e-17,0.9999997615814209,9.365803488661784e-13,1.1590923533477682e-13
TCN,42,13944,37,9,class_9,9,class_9,1,0.9874654412269592,3.8271840666244394e-13,0.012306340038776398,1.6388849802476536e-15,3.692320751724765e-05,0.00018151444965042174,6.705814831371726e-14,4.3326727974671644e-14,5.322689400344416e-09,9.31845272060701e-14,0.9874654412269592,1.0175353537533738e-07,9.686602425063029e-06
TCN,42,13945,37,9,class_9,9,class_9,1,1.0,1.707188870195625e-36,1.3765404925281697e-28,4.1123906032540407e-41,2.1682639314996486e-28,2.2316876523315362e-21,5.027018110918849e-41,3.130978892337669e-38,2.097226554691886e-30,3.7150898967366144e-26,1.0,3.358402740655441e-27,1.0098198586972857e-25
TCN,42,13946,37,9,class_9,3,class_3,0,0.536536693572998,2.235048837187389e-23,2.8488670068327338e-05,2.752052970567679e-23,0.536536693572998,3.460437625335544e-08,2.316189523731048e-22,5.505939150279567e-18,3.1614732533269407e-12,1.7103481350536562e-22,0.46343478560447693,3.146034526098872e-14,1.178648734168064e-08
TCN,42,13947,37,9,class_9,9,class_9,1,1.0,1.563288566800766e-41,7.740204771209766e-31,0.0,6.941460593442394e-36,1.8896476675581796e-23,2.6624670822171524e-43,3.363116314379561e-44,1.2663209479592055e-35,6.74873537756238e-30,1.0,3.6574415867077913e-31,8.221034857941868e-32
TCN,42,13948,37,9,class_9,9,class_9,1,1.0,4.3408854135431974e-23,1.3421909381646272e-16,3.608579728391568e-29,1.147073722391047e-16,4.37148450771474e-09,6.280401215195903e-28,7.434697697714671e-28,1.582474835478193e-19,3.018756095939237e-19,1.0,1.3260032915096503e-15,1.0995715853134337e-16
TCN,42,13949,37,9,class_9,9,class_9,1,0.9992338418960571,2.783867748868844e-17,7.220742059832475e-11,1.4852409328414504e-22,4.271565447784163e-16,0.0007661098497919738,1.3168726725577623e-18,4.194153948681735e-18,5.0308856848956676e-17,1.331878576729602e-16,0.9992338418960571,5.329267135723633e-16,2.3448631613341188e-14
TCN,42,13950,37,9,class_9,9,class_9,1,0.9939099550247192,6.279266928470306e-13,0.0005043905694037676,2.1695649124576453e-16,1.0823699994944036e-05,0.005574824288487434,3.1430157006748574e-14,6.4597070368547366e-15,1.095009416474113e-09,1.246647760472534e-14,0.9939099550247192,3.2800631544205316e-08,2.9942170964858406e-10
TCN,42,13951,37,9,class_9,9,class_9,1,0.9999998807907104,2.8002678729934704e-25,1.120476676089025e-15,1.8170866291351549e-34,5.710994495404793e-23,1.0619394430477769e-07,2.1597680827545042e-29,6.268440440510961e-33,5.967146525736762e-25,5.406990695043229e-26,0.9999998807907104,1.028824466114868e-20,2.8107774724032773e-25
TCN,42,13952,37,9,class_9,4,class_4,0,0.8743299245834351,1.1746353672723031e-12,0.00018796007498167455,3.0908242068079193e-19,9.792872242286865e-12,0.8743299245834351,9.180156634869263e-14,7.037796581027744e-18,6.865139966921729e-13,1.8956387718896796e-15,0.12548212707042694,1.3970462564572017e-09,4.355103083719669e-12
TCN,42,13953,37,9,class_9,4,class_4,0,0.807481586933136,2.7879903427674435e-05,0.09790690988302231,1.051452272804454e-06,0.0087927570566535,0.807481586933136,0.00017210605437867343,0.0010031412821263075,2.4140599634847604e-06,3.2112975532072596e-06,0.08425194025039673,1.581854849064257e-05,0.0003412545775063336
TCN,42,13954,37,9,class_9,9,class_9,1,0.532334566116333,6.870210119796745e-16,1.2111433633776869e-08,1.8129187171814052e-24,7.464476153612627e-15,0.4676654636859894,1.7035654434583128e-18,4.430996515119163e-20,3.67435547155076e-17,1.0566271968673754e-17,0.532334566116333,3.0248302777466374e-13,8.817351988890394e-16
TCN,42,13955,37,9,class_9,9,class_9,1,1.0,6.019387360070826e-25,6.1673287798392035e-18,3.3079141019773404e-26,4.983077292468063e-17,3.290851378514025e-16,3.4045539925057864e-28,7.259561211921251e-29,7.296225340618296e-17,2.057051772450958e-18,1.0,2.2336445166344296e-15,1.9000859066210015e-15
TCN,42,13956,37,9,class_9,9,class_9,1,0.9999313354492188,5.120203219743935e-11,3.101474632671852e-08,1.9823044594691197e-10,6.802611807188441e-08,5.582433573181333e-07,4.249844573478434e-11,2.947030119937466e-10,1.9069402057425577e-08,7.966868906805757e-06,0.9999313354492188,2.4440223569399677e-06,5.754900848842226e-05
TCN,42,13957,37,9,class_9,9,class_9,1,1.0,4.092959836275018e-28,1.107891235565594e-16,3.26372414195072e-30,1.2842314749087017e-22,4.624074620047393e-16,4.7395744446985055e-28,1.6405581195739862e-31,4.035146466288945e-22,2.0266156932655313e-23,1.0,2.1330541352587017e-19,3.2722414829868564e-21
TCN,42,13958,37,9,class_9,9,class_9,1,1.0,1.7394907784317435e-38,4.306804354462547e-25,3.600660304629225e-36,2.5664129937209017e-29,9.059903792418048e-28,2.245535947529661e-39,1.807675018979014e-43,2.651685921495093e-25,2.601914406683645e-26,1.0,9.55999957544936e-22,2.1830589592287983e-23
TCN,42,13959,37,9,class_9,9,class_9,1,1.0,3.950518038328839e-25,1.1158015700632462e-12,1.1926878496595615e-28,2.7189059337295873e-10,2.5715940488169053e-09,3.5862272049010774e-28,1.0359229702282095e-24,1.0444374290909724e-18,1.684468827305848e-22,1.0,1.030388800362525e-18,4.1875113402853326e-14
TCN,42,13960,37,10,class_10,10,class_10,1,1.0,0.0,5.605193857299268e-45,4.2179083776176994e-42,0.0,0.0,1.401298464324817e-45,0.0,1.3406419407738316e-29,7.165746684695346e-27,4.618679738414597e-42,1.0,6.642154720899633e-43
TCN,42,13961,37,10,class_10,10,class_10,1,1.0,0.0,0.0,0.0,0.0,0.0,0.0,0.0,3.105417526790227e-41,0.0,0.0,1.0,0.0
TCN,42,13962,37,10,class_10,10,class_10,1,1.0,0.0,0.0,0.0,0.0,0.0,0.0,0.0,3.53044336640318e-33,2.923703324689617e-34,0.0,1.0,0.0
TCN,42,13963,37,10,class_10,10,class_10,1,1.0,1.5008586685852582e-28,9.407717563995282e-32,5.8056293293080796e-21,0.0,8.526991205142748e-33,8.766733921458562e-28,0.0,4.3490205227612606e-17,1.0013228093908033e-11,5.326390372796227e-27,1.0,3.012853738184444e-27
TCN,42,13964,37,10,class_10,10,class_10,1,1.0,0.0,0.0,2.1019476964872256e-44,0.0,0.0,1.401298464324817e-45,0.0,1.7092196850009966e-31,2.4518560351787123e-33,0.0,1.0,0.0
TCN,42,13965,37,10,class_10,10,class_10,1,1.0,2.802596928649634e-45,4.680336870844889e-43,2.539047719971744e-38,0.0,0.0,1.9560515068740473e-39,0.0,2.7453283948064517e-27,1.0714213095993546e-28,2.6764800668604006e-43,1.0,4.34729026482881e-40
TCN,42,13966,37,10,class_10,10,class_10,1,1.0,0.0,8.407790785948902e-45,7.370829922348538e-42,0.0,0.0,1.9281866869109483e-42,0.0,3.3238181873314234e-31,3.2926184513707684e-33,0.0,1.0,1.961817850054744e-44
TCN,42,13967,37,10,class_10,10,class_10,1,1.0,0.0,0.0,1.2611686178923354e-44,0.0,0.0,5.605193857299268e-45,0.0,3.671388445144634e-33,1.8608004185767845e-36,0.0,1.0,0.0
TCN,42,13968,37,10,class_10,10,class_10,1,1.0,0.0,0.0,0.0,0.0,0.0,0.0,0.0,3.9627191474221556e-37,2.5223372357846707e-44,0.0,1.0,0.0
TCN,42,13969,37,10,class_10,10,class_10,1,1.0,0.0,0.0,0.0,0.0,0.0,0.0,0.0,8.292460613028517e-34,2.660407173474595e-40,0.0,1.0,0.0
TCN,42,13970,37,10,class_10,10,class_10,1,1.0,0.0,0.0,0.0,0.0,0.0,0.0,0.0,4.707661159543553e-36,1.401298464324817e-45,0.0,1.0,0.0
TCN,42,13971,37,10,class_10,10,class_10,1,1.0,0.0,0.0,0.0,0.0,0.0,0.0,0.0,2.802596928649634e-45,0.0,0.0,1.0,0.0
TCN,42,13972,37,10,class_10,10,class_10,1,1.0,0.0,0.0,0.0,0.0,0.0,0.0,0.0,1.4367092765183052e-40,0.0,0.0,1.0,0.0
TCN,42,13973,37,10,class_10,10,class_10,1,1.0,0.0,1.401298464324817e-45,2.7269968764993103e-40,0.0,0.0,8.407790785948902e-45,0.0,2.3347751550834572e-30,1.5754272575062807e-27,7.006492321624085e-45,1.0,5.605193857299268e-45
TCN,42,13974,37,10,class_10,10,class_10,1,1.0,0.0,0.0,0.0,0.0,0.0,0.0,0.0,7.396316984549376e-34,3.7600390145493844e-36,0.0,1.0,0.0
TCN,42,13975,37,10,class_10,10,class_10,1,1.0,0.0,0.0,8.407790785948902e-45,0.0,0.0,0.0,0.0,9.589014351596191e-34,7.1630704363424255e-34,0.0,1.0,0.0
TCN,42,13976,37,10,class_10,10,class_10,1,1.0,2.1190435377519884e-41,3.76859603801659e-40,2.0444402083480176e-34,0.0,9.80908925027372e-45,2.5496493275815014e-36,0.0,1.4357691255163807e-25,1.0552391169610644e-24,7.683630568152052e-39,1.0,6.619893132975983e-38
TCN,42,13977,37,10,class_10,10,class_10,1,1.0,0.0,0.0,1.1210387714598537e-44,0.0,0.0,0.0,0.0,4.4657596094395036e-33,1.4219235401196074e-34,0.0,1.0,0.0
TCN,42,13978,37,10,class_10,10,class_10,1,1.0,0.0,0.0,1.401298464324817e-45,0.0,0.0,0.0,0.0,8.293030911459658e-34,2.9637564579839635e-35,0.0,1.0,0.0
TCN,42,13979,37,10,class_10,10,class_10,1,1.0,0.0,0.0,0.0,0.0,0.0,0.0,0.0,1.2378970188771511e-36,1.0296600986012323e-40,0.0,1.0,0.0
TCN,42,13980,37,10,class_10,10,class_10,1,1.0,0.0,0.0,0.0,0.0,0.0,0.0,0.0,5.605193857299268e-45,0.0,0.0,1.0,0.0
TCN,42,13981,37,10,class_10,10,class_10,1,1.0,0.0,0.0,0.0,0.0,0.0,0.0,0.0,5.689271765158757e-43,0.0,0.0,1.0,0.0
TCN,42,13982,37,10,class_10,10,class_10,1,1.0,0.0,0.0,0.0,0.0,0.0,0.0,0.0,2.1019476964872256e-44,0.0,0.0,1.0,0.0
TCN,42,13983,37,10,class_10,10,class_10,1,1.0,0.0,0.0,0.0,0.0,0.0,0.0,0.0,0.0,0.0,0.0,1.0,0.0
TCN,42,13984,37,10,class_10,10,class_10,1,1.0,0.0,0.0,0.0,0.0,0.0,0.0,0.0,0.0,0.0,0.0,1.0,0.0
TCN,42,13985,37,10,class_10,10,class_10,1,1.0,0.0,0.0,6.790750091614794e-38,0.0,0.0,0.0,0.0,7.999006897211379e-33,1.304500360734636e-29,0.0,1.0,1.60925115643062e-41
TCN,42,13986,37,10,class_10,10,class_10,1,1.0,0.0,0.0,0.0,0.0,0.0,0.0,0.0,3.103733166036109e-39,2.1021152245212326e-35,0.0,1.0,0.0
TCN,42,13987,37,10,class_10,10,class_10,1,1.0,0.0,0.0,5.605193857299268e-45,0.0,0.0,0.0,0.0,1.8776489138470123e-37,2.2881927339523263e-38,0.0,1.0,0.0
TCN,42,13988,37,10,class_10,10,class_10,1,1.0,0.0,0.0,0.0,0.0,0.0,0.0,0.0,0.0,0.0,0.0,1.0,0.0
TCN,42,13989,37,10,class_10,10,class_10,1,1.0,0.0,0.0,0.0,0.0,0.0,0.0,0.0,0.0,0.0,0.0,1.0,0.0
TCN,42,13990,37,10,class_10,10,class_10,1,1.0,0.0,0.0,0.0,0.0,0.0,0.0,0.0,4.8798537461954565e-40,2.714455255243603e-41,0.0,1.0,0.0
TCN,42,13991,37,10,class_10,10,class_10,1,1.0,0.0,4.848492686563867e-43,5.577167888012772e-43,0.0,0.0,1.401298464324817e-45,0.0,7.901966881878502e-38,6.025583396596713e-44,0.0,1.0,0.0
TCN,42,13992,37,10,class_10,10,class_10,1,1.0,0.0,0.0,0.0,0.0,0.0,0.0,0.0,0.0,0.0,0.0,1.0,0.0
TCN,42,13993,37,10,class_10,10,class_10,1,1.0,0.0,0.0,0.0,0.0,0.0,0.0,0.0,0.0,0.0,0.0,1.0,0.0
TCN,42,13994,37,10,class_10,10,class_10,1,1.0,0.0,0.0,0.0,0.0,0.0,0.0,0.0,1.3409375329740256e-38,1.0439673559219887e-42,0.0,1.0,0.0
TCN,42,13995,37,10,class_10,10,class_10,1,1.0,0.0,0.0,0.0,0.0,0.0,0.0,0.0,5.605193857299268e-45,0.0,0.0,1.0,0.0
TCN,42,13996,37,10,class_10,10,class_10,1,1.0,0.0,0.0,0.0,0.0,0.0,0.0,0.0,0.0,0.0,0.0,1.0,0.0
TCN,42,13997,37,10,class_10,10,class_10,1,1.0,0.0,0.0,0.0,0.0,0.0,0.0,0.0,1.2191296639625909e-43,0.0,0.0,1.0,0.0
TCN,42,13998,37,10,class_10,10,class_10,1,1.0,0.0,0.0,0.0,0.0,0.0,0.0,0.0,0.0,0.0,0.0,1.0,0.0
TCN,42,13999,37,10,class_10,10,class_10,1,1.0,0.0,0.0,8.795950460566877e-42,0.0,0.0,0.0,0.0,9.176497223666038e-35,8.625652994442281e-35,0.0,1.0,5.605193857299268e-45
TCN,42,14000,37,11,class_11,11,class_11,1,1.0,1.5743951937487165e-18,1.278802925635928e-18,7.562931727617939e-21,5.3338240671007425e-15,9.45713211340854e-22,5.27393194843779e-24,3.481251969592785e-20,7.77967485853314e-21,1.1468158237284976e-12,1.6460876519320974e-23,2.883561308882658e-20,1.0
TCN,42,14001,37,11,class_11,11,class_11,1,1.0,1.3184083624455354e-21,8.932808455233067e-24,1.0907693332461282e-23,5.059690616046117e-19,5.091731216512198e-28,1.2713391572843797e-29,4.971683442476433e-25,1.9582331279242668e-23,6.9874643848777396e-09,5.1804546921822685e-24,5.405181836987557e-24,1.0
TCN,42,14002,37,11,class_11,11,class_11,1,1.0,3.7098903481099555e-27,6.569949163042675e-25,3.02806280695527e-27,4.7532976664982904e-21,1.4761285591877436e-31,4.4385858534683386e-33,8.095888418032761e-26,5.2491644770270186e-24,6.252549205384289e-14,6.546026339794265e-27,3.2222620269676124e-27,1.0
TCN,42,14003,37,11,class_11,11,class_11,1,1.0,1.5844685741488054e-26,7.95490880535966e-27,1.4516561177757711e-27,9.282359916747953e-21,1.8956306591398298e-33,8.355614735792665e-35,1.1223490179343164e-25,3.34417735986301e-25,6.095698354717169e-14,4.1739072736907215e-29,2.330201823781922e-30,1.0
TCN,42,14004,37,11,class_11,11,class_11,1,1.0,8.818292302995326e-19,2.183047923355035e-18,1.686938151265807e-22,6.589299689652856e-14,2.178636536836547e-20,6.302659422526639e-25,1.1189276992766207e-20,2.35091223455379e-18,5.764372312810906e-10,6.302041594602242e-15,1.5978771969778719e-18,1.0
TCN,42,14005,37,11,class_11,11,class_11,1,1.0,8.011297244028904e-22,2.7000356511043126e-19,1.820164388818642e-22,2.85921337679913e-19,2.785948321930479e-25,5.647832394597532e-26,3.8297805397843313e-23,1.642602658828158e-20,1.8376581506496237e-11,4.580713075791189e-22,4.214080920277419e-21,1.0
TCN,42,14006,37,11,class_11,11,class_11,1,0.9999983310699463,1.0596015729139936e-17,3.7430658908769674e-18,1.3038978535113794e-19,2.47088642788042e-16,2.090515225191297e-21,7.948421117132699e-23,5.821675744618685e-21,3.684755447956267e-17,1.6163774034794187e-06,1.4222489189188574e-16,3.6127159575367787e-16,0.9999983310699463
TCN,42,14007,37,11,class_11,11,class_11,1,1.0,7.304222843222865e-38,5.300273935202313e-31,1.7638492189306642e-35,1.5933883477599523e-29,3.062958183321185e-41,2.8306228979361305e-43,5.1143577192889016e-33,1.6490985797403374e-30,1.5728251930311357e-22,9.027407461400199e-35,1.0156947760423916e-35,1.0
TCN,42,14008,37,11,class_11,11,class_11,1,1.0,3.1305007693016413e-42,5.286912116630455e-36,2.865791846014676e-38,3.2876625671877017e-32,0.0,0.0,4.9948286036351505e-36,1.7691882419516458e-33,5.3901713916830114e-24,8.057466169867698e-43,2.5172505223591716e-40,1.0
TCN,42,14009,37,11,class_11,11,class_11,1,1.0,6.432940860175938e-41,1.7615554839211556e-36,5.6898179352482125e-37,5.449298524571595e-32,0.0,0.0,2.8960856359300245e-34,2.0794506086305805e-33,4.780460166948967e-23,2.8138073163642327e-42,1.796044241725118e-41,1.0
TCN,42,14010,37,11,class_11,11,class_11,1,1.0,0.0,2.1159606811304738e-43,3.0828566215145976e-44,9.151627476262416e-38,0.0,0.0,2.977899366536669e-41,3.2458430471986814e-39,1.1630927823537677e-27,0.0,0.0,1.0
TCN,42,14011,37,11,class_11,11,class_11,1,1.0,3.453212101857209e-35,4.3527460242178734e-36,7.849347915581478e-34,2.128649016250361e-26,2.0552844576252092e-41,0.0,2.3909872846542035e-33,1.3437754889786603e-29,1.1608349698155607e-11,1.5657627800841694e-35,2.1731118679205895e-32,1.0
TCN,42,14012,37,11,class_11,11,class_11,1,1.0,5.605193857299268e-45,6.047057454783413e-38,1.7250404485377796e-40,4.5666183391355946e-36,0.0,0.0,9.164693183143781e-38,6.912974370477887e-36,2.9190555572889412e-27,1.8216880036222622e-44,3.783505853677006e-44,1.0
TCN,42,14013,37,11,class_11,11,class_11,1,1.0,5.4538141861202785e-31,3.678610241625704e-32,1.311796024105218e-29,3.0656187413158923e-25,2.9218463069249046e-38,8.664929054152506e-41,4.242239493812496e-30,8.535385015044346e-26,1.043937852829302e-10,1.5405087097028304e-32,6.228621068961955e-30,1.0
TCN,42,14014,37,11,class_11,11,class_11,1,1.0,1.2381665186250786e-28,8.509450473228107e-24,4.0408451499911996e-30,6.079424011799858e-20,1.8276112207262675e-27,1.9727903838342932e-34,1.3208659263629422e-27,1.8383592964855082e-26,1.456733880132846e-17,2.7270039941428794e-24,5.5028101779339646e-27,1.0
TCN,42,14015,37,11,class_11,11,class_11,1,1.0,2.3779474420206416e-40,2.0673540542958054e-36,3.2204251746139864e-38,1.6949758861116874e-29,1.401298464324817e-45,0.0,2.4227789483716434e-36,1.5945160262331926e-33,9.926166542842765e-21,4.943080332905792e-41,1.8353910210452017e-38,1.0
TCN,42,14016,37,11,class_11,11,class_11,1,1.0,4.699336056577387e-36,2.163052639298275e-34,6.845144099043744e-35,8.879489223389662e-27,4.90454462513686e-43,4.203895392974451e-45,7.762610575157201e-33,3.195485002173621e-31,2.4085729271033302e-18,2.5871626479908625e-37,6.409838717381447e-37,1.0
TCN,42,14017,37,11,class_11,11,class_11,1,1.0,3.3158365041932416e-40,1.5051410928730588e-36,1.0792635979530336e-37,2.9063716963911392e-31,0.0,0.0,2.0211834716164498e-35,1.1308451264517222e-33,5.571067988867373e-22,2.0360866686639592e-42,1.2583940469329722e-40,1.0
TCN,42,14018,37,11,class_11,11,class_11,1,1.0,2.0915838409145774e-32,1.470215212815413e-33,3.327192561414894e-31,1.2398828833173922e-27,1.1042231898879559e-42,2.557369697392791e-42,9.470658821262886e-32,3.4671726856599654e-30,2.6678737547586838e-14,2.562402802744239e-36,1.519906733979155e-35,1.0
TCN,42,14019,37,11,class_11,11,class_11,1,0.9999995231628418,7.083281679023689e-21,7.186720061789723e-25,3.866976435870769e-24,6.980396036780851e-18,1.687338616935751e-27,3.9024541060293436e-31,1.4880845318578916e-25,3.732608653479207e-23,5.192665071263036e-07,1.684970239918981e-21,6.1893198319690104e-24,0.9999995231628418
TCN,42,14020,37,11,class_11,11,class_11,1,1.0,0.0,0.0,0.0,1.7300708894042754e-34,0.0,0.0,1.5188635401399852e-35,3.3002566255833155e-30,1.0446988112995908e-36,0.0,0.0,1.0
TCN,42,14021,37,11,class_11,11,class_11,1,1.0,4.451627963290712e-32,3.4031929805197977e-34,1.4287886891824327e-37,4.7593676192920765e-17,1.1499750242287754e-37,1.9337918807682476e-43,3.719214545342712e-27,1.3649815176633617e-17,2.173800493214672e-24,2.5735417030394295e-28,6.745749433832195e-30,1.0
TCN,42,14022,37,11,class_11,11,class_11,1,0.8282853364944458,7.804771281785945e-24,2.302617189606091e-26,7.350472440381078e-31,0.1717146635055542,1.0017992695178466e-26,5.8806685082721325e-37,1.2000637892426432e-17,9.191705743816618e-17,1.1292395718996026e-19,9.96999654936822e-19,1.5532194676511108e-29,0.8282853364944458
TCN,42,14023,37,11,class_11,11,class_11,1,1.0,6.531623639835561e-30,8.108041638963427e-32,5.781404112383431e-37,1.9257601156091875e-12,4.885886593923292e-35,2.325174541854169e-41,8.529205522447104e-25,3.878822307720076e-19,5.339112764023034e-24,3.9781715226946225e-28,1.8239640379138582e-32,1.0
TCN,42,14024,37,11,class_11,3,class_3,0,0.9783282279968262,7.557331352979437e-18,3.635587069788988e-20,1.4764072999792218e-23,0.9783282279968262,7.176206696673499e-20,4.636384370132701e-27,3.3720315428809045e-10,3.023198705265351e-11,3.19681008552862e-14,3.7504090111273314e-11,1.1201668344134772e-22,0.021671796217560768
TCN,42,14025,37,11,class_11,11,class_11,1,0.9999957084655762,2.959821198828113e-29,6.887098518109534e-28,2.6195000803761945e-34,4.265030383976409e-06,9.383753727391622e-28,9.512082359201917e-38,1.7486446183206223e-23,1.671970809321123e-23,3.3609947403747706e-24,1.2313574416475392e-24,3.9454026070999136e-29,0.9999957084655762
TCN,42,14026,37,11,class_11,11,class_11,1,1.0,2.311020530533471e-36,1.1728850209778376e-36,1.1471029228962953e-41,3.7280076365121107e-19,4.09599541122144e-42,0.0,9.285009824602775e-30,4.47446449280172e-22,3.9015134442286857e-26,2.6395240756294752e-33,2.599908240008959e-35,1.0
TCN,42,14027,37,11,class_11,11,class_11,1,1.0,2.032454278836675e-37,7.202762444484751e-37,5.008240711496896e-42,3.3470335787764456e-19,5.01804980074717e-42,0.0,9.55627348376689e-31,4.1256562013684244e-22,1.383886668226368e-26,1.0117866321295261e-32,6.245187968390246e-35,1.0
TCN,42,14028,37,11,class_11,11,class_11,1,0.9999799728393555,1.5689490107462732e-19,1.3408347061043336e-22,1.1503621157911759e-26,1.9971083020209335e-05,2.8138785240647464e-23,8.04939561454384e-30,1.821600045486655e-15,2.4694467391089825e-12,5.873401101039795e-16,2.1687631428335099e-16,1.26655933402385e-23,0.9999799728393555
TCN,42,14029,37,11,class_11,11,class_11,1,1.0,0.0,0.0,0.0,3.773458590930559e-29,0.0,0.0,5.521256079286212e-41,1.63028389927972e-30,3.867650198778247e-35,0.0,4.203895392974451e-45,1.0
TCN,42,14030,37,11,class_11,11,class_11,1,1.0,9.949219096706201e-44,2.6680722760744517e-42,0.0,4.188959480667588e-24,0.0,0.0,2.179566447994868e-36,2.2224992434766807e-25,2.6649211600514486e-31,2.1358170803699564e-40,3.191562910403981e-38,1.0
TCN,42,14031,37,11,class_11,11,class_11,1,1.0,2.3736594687198076e-41,8.407790785948902e-45,0.0,2.4247143688068375e-26,0.0,0.0,6.448637124091238e-30,2.5344003007781287e-25,3.6178107350652985e-31,4.545237685899333e-40,7.461914322529651e-42,1.0
TCN,42,14032,37,11,class_11,11,class_11,1,1.0,6.319651402917511e-34,1.318346184256531e-31,7.138917492788078e-37,1.8830931605706702e-11,4.825670633064348e-34,4.5594048133736573e-41,1.8956446189745488e-26,5.702461544765198e-23,4.2776919357934315e-25,6.73924595961452e-29,6.894395443490851e-32,1.0
TCN,42,14033,37,11,class_11,11,class_11,1,1.0,0.0,0.0,0.0,6.932688935210413e-32,0.0,0.0,3.543710055267886e-39,5.673498921113816e-29,9.59554930093096e-37,0.0,4.203895392974451e-45,1.0
TCN,42,14034,37,11,class_11,11,class_11,1,1.0,5.254869241218064e-43,4.764414778704378e-44,0.0,1.7473279249039194e-20,0.0,0.0,1.8594336983291576e-33,2.145195912997756e-27,6.631922836378795e-31,1.837604792359142e-38,8.688050478813866e-44,1.0
TCN,42,14035,37,11,class_11,11,class_11,1,1.0,6.787293361388349e-34,2.605121626331478e-34,5.6826716493917874e-40,5.0770802492716705e-12,1.1883854559149972e-38,0.0,4.5539769093002824e-26,5.451073283723374e-22,1.5078778647123233e-27,1.4092734934790768e-31,7.672041381436577e-37,1.0
TCN,42,14036,37,11,class_11,11,class_11,1,1.0,2.443388435090961e-32,1.1217415655530767e-32,1.037937960993569e-36,1.3172108777589138e-15,1.0498158151926948e-37,2.1019476964872256e-44,2.0866058829805115e-22,1.9854218605117754e-18,9.753337195418045e-25,5.783027376534309e-25,1.5697953800354e-33,1.0
TCN,42,14037,37,11,class_11,11,class_11,1,1.0,3.204203352251071e-29,3.6635294719507e-31,8.934058286676783e-34,1.073313746907667e-12,3.3406776023300205e-36,4.142238260544159e-42,1.0228144496650447e-19,7.746492173510921e-17,1.5145384892764124e-24,1.3336087455434832e-28,1.803787265129169e-32,1.0
TCN,42,14038,37,11,class_11,11,class_11,1,1.0,3.452799416096349e-42,5.913479519450728e-43,0.0,6.609965981352757e-26,0.0,0.0,1.5728972143187026e-37,1.4741811542262107e-24,7.023566403472484e-32,8.700662164992789e-42,2.0439769879530022e-37,1.0
TCN,42,14039,37,11,class_11,11,class_11,1,1.0,0.0,0.0,0.0,2.504474174525792e-31,0.0,0.0,3.3813331944157836e-42,3.728456303746052e-30,3.4285878484920714e-35,0.0,5.184804318001823e-44,1.0
TCN,42,14040,37,0,class_0,0,class_0,1,1.0,1.0,6.543792428691718e-23,1.1173872244141236e-10,2.6009126854469167e-18,2.4240077176398978e-14,2.9868792951672222e-18,1.376283621122328e-20,1.999591211918832e-24,3.293793663923343e-14,2.372840254645344e-27,3.495721977098558e-25,1.294958383384548e-18
TCN,42,14041,37,0,class_0,0,class_0,1,1.0,1.0,4.203895392974451e-45,3.4589965399066236e-22,1.600224910975232e-34,2.6543564005485406e-26,4.073568627024428e-35,7.938375533362915e-30,1.401298464324817e-45,3.609169770131952e-30,0.0,0.0,1.1900068703420982e-35
TCN,42,14042,37,0,class_0,0,class_0,1,1.0,1.0,1.0191378753342062e-34,7.051832181661543e-18,7.295579168924729e-26,3.185781284105345e-18,2.8884656776408004e-24,4.652448628836033e-26,2.3515512932408786e-31,4.620197538489574e-15,1.8257400923285156e-31,9.564378752414681e-29,3.8996890776606553e-23
TCN,42,14043,37,0,class_0,0,class_0,1,1.0,1.0,0.0,5.838825731636064e-31,1.1560712330679741e-42,5.530499224596171e-29,2.382207389352189e-44,8.65161671874142e-42,0.0,9.236763694047869e-35,0.0,0.0,0.0
TCN,42,14044,37,0,class_0,0,class_0,1,1.0,1.0,0.0,2.093844375325926e-31,3.7539384560797525e-41,3.654332510209023e-23,2.063470704244987e-35,2.6945257082242827e-38,0.0,5.3737097944450755e-30,0.0,0.0,2.64144760525228e-41
TCN,42,14045,37,0,class_0,0,class_0,1,1.0,1.0,6.194047497977843e-40,8.840745232150154e-22,1.542215298278826e-30,5.3985672382972786e-24,3.271296085872806e-34,3.292090948280837e-33,7.567011707354012e-44,8.024057779268928e-28,0.0,7.006492321624085e-45,3.9433139662881855e-36
TCN,42,14046,37,0,class_0,0,class_0,1,1.0,1.0,1.1476634422820252e-42,5.536004320698875e-23,1.727540146494226e-32,3.325984501755383e-25,3.0469873354939355e-33,6.2913642333909266e-34,1.401298464324817e-45,2.0029614847435136e-28,0.0,0.0,3.9813431887401724e-36
TCN,42,14047,37,0,class_0,0,class_0,1,1.0,1.0,3.1556334523722796e-22,1.2101634798422634e-12,2.0485340951601524e-16,2.62726645994249e-12,5.688663215243632e-16,3.116174449149314e-19,2.9978383332251057e-25,7.697539492511135e-16,6.121289838764871e-27,7.535964561749169e-24,1.8837867990328443e-18
TCN,42,14048,37,0,class_0,0,class_0,1,1.0,1.0,0.0,7.044196917076591e-33,0.0,2.2188779594352017e-36,0.0,0.0,0.0,2.2331608902146174e-36,0.0,0.0,0.0
TCN,42,14049,37,0,class_0,0,class_0,1,1.0,1.0,4.582541316159302e-25,7.787176754154321e-16,1.1030484487667595e-19,1.7713986721901165e-08,2.1450013374903523e-18,1.2088851256995397e-20,1.2191419418931785e-29,6.675852950657203e-18,2.7129804754605237e-28,1.7114600709689746e-28,1.0013061704632747e-21
TCN,42,14050,37,0,class_0,0,class_0,1,1.0,1.0,5.107032538079676e-31,4.287198946294456e-18,1.3700473732172847e-24,4.836846635020153e-12,3.470728151911795e-25,4.449337221932077e-24,4.922183862054643e-33,4.9900482284796176e-21,8.033378352029423e-33,2.236855914361408e-33,3.4396039915636897e-28
TCN,42,14051,37,0,class_0,0,class_0,1,1.0,1.0,7.987401246651457e-44,2.9149011244381803e-22,4.091236617980442e-31,8.600811204889713e-28,2.112888102192416e-35,3.0033267525656057e-29,2.567182990538458e-39,6.960428531853671e-26,8.407790785948902e-45,1.1350517561031018e-43,4.028221069469866e-32
TCN,42,14052,37,0,class_0,0,class_0,1,1.0,1.0,5.107032538079676e-31,4.287198946294456e-18,1.3700473732172847e-24,4.836846635020153e-12,3.470728151911795e-25,4.449337221932077e-24,4.922183862054643e-33,4.9900482284796176e-21,8.033378352029423e-33,2.236855914361408e-33,3.4396039915636897e-28
TCN,42,14053,37,0,class_0,0,class_0,1,1.0,1.0,1.9676964341663026e-32,3.080018811068945e-14,4.9217160066636025e-25,2.6017609579533995e-22,3.793104388403084e-27,1.829815640140613e-27,1.5574076164902516e-32,4.277921702134368e-17,1.3386594812969297e-36,6.389269137489999e-34,2.3662082532520883e-25
TCN,42,14054,37,0,class_0,0,class_0,1,1.0,1.0,0.0,5.481513064805315e-31,1.1210387714598537e-44,6.925499024013609e-32,2.802596928649634e-45,2.3131233750609755e-41,0.0,3.035544839302516e-35,0.0,0.0,0.0
TCN,42,14055,37,0,class_0,0,class_0,1,1.0,1.0,2.2418520867766394e-34,6.568117638955847e-18,4.2538926489138924e-29,9.295860570632327e-21,1.836032619038293e-26,8.039790085965983e-32,3.8385439247850905e-37,1.5606421786916802e-18,1.3726112222930058e-38,4.5085474545767536e-35,1.341954458660554e-25
TCN,42,14056,37,0,class_0,0,class_0,1,1.0,1.0,0.0,5.547030145754678e-26,3.125765501530995e-37,8.034087175122969e-32,3.1215324591299625e-41,3.342505696935697e-33,0.0,2.3778007873913507e-31,0.0,0.0,1.0503721306830317e-38
TCN,42,14057,37,0,class_0,0,class_0,1,1.0,1.0,4.811512038937153e-36,1.0361785864366045e-19,2.9629647377945286e-28,6.573967304949508e-23,1.4503429104061285e-29,2.590271391302479e-31,2.7269234484597796e-37,1.0046316142403226e-20,9.400078254506592e-40,1.64258374659218e-35,3.145145866064403e-27
TCN,42,14058,37,0,class_0,0,class_0,1,1.0,1.0,1.401298464324817e-45,1.112575105274338e-24,1.6381855724896185e-34,5.840906409299166e-28,2.7548378743885157e-39,5.830102821342787e-38,0.0,2.625708079101238e-31,0.0,0.0,2.29869000087843e-41
TCN,42,14059,37,0,class_0,0,class_0,1,1.0,1.0,2.1199209505839725e-34,3.5482151926967517e-16,2.881880833797791e-26,6.979183063856196e-23,4.250667017183598e-28,1.0144554314805398e-28,4.214951382261134e-35,1.1701148311158811e-20,8.730663965113984e-40,3.49075832699659e-36,1.49463748153065e-27
TCN,42,14060,37,0,class_0,0,class_0,1,0.9862900376319885,0.9862900376319885,5.8296791131871e-17,5.972447471476461e-13,2.944034002958548e-16,0.013709980994462967,2.9102498948045674e-13,2.5549499811201015e-19,5.119202896943091e-25,4.197248894574439e-16,9.004940634229028e-23,2.74510645076292e-22,5.912629115886163e-19
TCN,42,14061,37,0,class_0,0,class_0,1,0.9999991655349731,0.9999991655349731,1.602083255144878e-23,1.1646429263698077e-13,8.493063704498411e-17,8.81749770087481e-07,1.746522545670386e-17,2.2799269031069394e-19,7.267015162659138e-27,8.412485063179415e-17,2.960421451006468e-27,1.0353601395427497e-26,2.4373028210168763e-21
TCN,42,14062,37,0,class_0,0,class_0,1,1.0,1.0,1.1740987382666115e-35,4.943606762677132e-22,9.998199620398647e-25,1.3450093244913301e-17,7.357946891740443e-30,4.558928090001313e-27,8.576969549546838e-40,3.652791917862718e-27,2.6848878576463495e-42,6.2641824861173e-40,4.2278564505643656e-32
TCN,42,14063,37,0,class_0,0,class_0,1,0.9999998807907104,0.9999998807907104,3.0448512384288505e-24,1.541518987653069e-14,3.711563130838192e-18,1.5757076710087858e-07,4.738657994603954e-18,4.183984874574344e-20,1.1893276228706557e-25,2.838635258111972e-15,2.005533282035506e-25,5.82736135940773e-25,2.2677836655324623e-20
TCN,42,14064,37,0,class_0,0,class_0,1,1.0,1.0,3.223901402610399e-32,7.803247728845054e-20,5.536004320698875e-23,2.3399289403064783e-15,9.549369258134342e-27,6.376028417092851e-25,4.6233190452664065e-37,8.057779780296698e-25,5.0530612428783255e-39,4.499059520513728e-37,2.922852070765939e-29
TCN,42,14065,37,0,class_0,0,class_0,1,1.0,1.0,2.1860256043467146e-43,3.8982987922305197e-19,5.609510176128217e-32,4.129363898898922e-26,7.118110788982029e-38,1.082931517534725e-34,1.401298464324817e-44,1.7766193365536988e-27,0.0,0.0,1.852088192896864e-38
TCN,42,14066,37,0,class_0,0,class_0,1,0.9896689057350159,0.9896689057350159,2.7859724981290708e-28,8.595487934523426e-28,4.471760277618622e-23,0.010331116616725922,4.7363202586493727e-26,5.223449031706582e-32,2.7959903332785652e-36,2.870076974952691e-23,1.1714931109922015e-28,4.360046785335521e-31,3.059265387800333e-29
TCN,42,14067,37,0,class_0,0,class_0,1,1.0,1.0,0.0,1.5472886810649516e-38,2.1860256043467146e-43,5.644872981756038e-29,4.203895392974451e-45,1.401298464324817e-45,0.0,7.673797376568192e-37,0.0,0.0,0.0
TCN,42,14068,37,0,class_0,0,class_0,1,1.0,1.0,0.0,5.201998250159089e-40,0.0,3.7767219959963234e-32,0.0,0.0,0.0,2.0564367509576174e-36,0.0,0.0,0.0
TCN,42,14069,37,0,class_0,0,class_0,1,1.0,1.0,0.0,5.201998250159089e-40,0.0,3.7767219959963234e-32,0.0,0.0,0.0,2.0564367509576174e-36,0.0,0.0,0.0
TCN,42,14070,37,0,class_0,0,class_0,1,0.9896689057350159,0.9896689057350159,2.7859724981290708e-28,8.595487934523426e-28,4.471760277618622e-23,0.010331116616725922,4.7363202586493727e-26,5.223449031706582e-32,2.7959903332785652e-36,2.870076974952691e-23,1.1714931109922015e-28,4.360046785335521e-31,3.059265387800333e-29
TCN,42,14071,37,0,class_0,0,class_0,1,1.0,1.0,8.685079776728548e-21,2.6370095343453137e-13,1.0905873525016246e-21,1.1247389331741145e-13,9.399785177573925e-18,1.123836193303981e-24,1.266473946033558e-30,2.7309432546923564e-21,6.785814350722725e-35,9.341069432312134e-30,3.6946969181482354e-18
TCN,42,14072,37,0,class_0,0,class_0,1,1.0,1.0,0.0,1.5472886810649516e-38,2.1860256043467146e-43,5.644872981756038e-29,4.203895392974451e-45,1.401298464324817e-45,0.0,7.673797376568192e-37,0.0,0.0,0.0
TCN,42,14073,37,0,class_0,0,class_0,1,1.0,1.0,0.0,1.95243988858924e-28,1.6745516648681564e-41,3.799975323746728e-24,2.8312688965281842e-39,8.175315370717415e-41,0.0,2.5075798306006644e-32,0.0,0.0,9.80908925027372e-44
TCN,42,14074,37,0,class_0,0,class_0,1,1.0,1.0,0.0,4.220186643798838e-32,4.498716034234152e-37,2.5539868788900546e-24,3.0489443578988584e-38,1.8413061821228096e-42,0.0,6.153936270481331e-32,0.0,0.0,1.830831896491521e-38
TCN,42,14075,37,0,class_0,0,class_0,1,1.0,1.0,0.0,5.7978206601413014e-27,3.165363057224254e-37,2.9459635796548706e-24,4.439626529006012e-37,2.0905831659415513e-40,0.0,6.859250654449288e-30,0.0,0.0,5.821321724645942e-39
TCN,42,14076,37,0,class_0,4,class_4,0,0.9389174580574036,0.061082568019628525,4.299876782892309e-15,4.633336899914631e-13,1.1005028980389398e-14,0.9389174580574036,8.723954718348192e-13,2.771962965492981e-17,7.686146954252059e-23,1.0285674391472422e-14,2.7644412260673984e-19,1.2618347823225203e-20,7.481327516756227e-18
TCN,42,14077,37,0,class_0,0,class_0,1,1.0,1.0,9.034079960758731e-30,7.31042256717391e-20,1.3774331315629317e-21,7.023841567637941e-15,6.589325559027166e-25,3.2263365782839965e-25,4.427217652193311e-35,1.3058685095892846e-23,1.3657750998386744e-37,6.107483856143704e-34,1.3270022280552516e-27
TCN,42,14078,37,0,class_0,0,class_0,1,1.0,1.0,1.0163404764381321e-38,2.1866634958163465e-27,1.9422979038862776e-30,7.752794098638493e-16,2.610737216867292e-23,1.3768483046576896e-31,1.0789998175301091e-43,1.8789275470572676e-26,1.8538207863441246e-37,6.374293752720256e-35,3.358577901017183e-37
TCN,42,14079,37,0,class_0,0,class_0,1,1.0,1.0,4.641100513843794e-42,4.173144966544609e-28,1.1332609076673002e-30,4.485344850793675e-17,1.966165793584738e-32,1.3950855060238035e-35,0.0,1.628048406189428e-28,1.401298464324817e-45,4.203895392974451e-44,4.6664313265574976e-36
TCN,42,14080,37,1,class_1,1,class_1,1,1.0,7.754964440026713e-28,1.0,5.168060913390187e-31,1.4493381576383207e-34,1.2995062586228755e-14,8.929485839984097e-13,3.332399852041561e-40,1.439178402852075e-27,1.7821298636522075e-36,5.42703118632326e-20,7.75889840799128e-21,3.032191902378914e-33
TCN,42,14081,37,1,class_1,1,class_1,1,1.0,0.0,1.0,8.407790785948902e-45,0.0,6.5954850094288e-33,2.9023255200112744e-25,0.0,6.647779314775907e-31,0.0,5.145893959075469e-37,9.73482884221753e-32,5.388833374407517e-41
TCN,42,14082,37,1,class_1,1,class_1,1,1.0,1.3027157458999182e-28,1.0,3.0284265662211996e-31,1.4540563210478077e-34,5.970446559161782e-18,3.0226964594509687e-12,4.3246873205992504e-41,5.017698882369332e-24,1.0854331451486612e-35,6.786956955403182e-19,1.3106228060420413e-18,1.6103198674626428e-30
TCN,42,14083,37,1,class_1,1,class_1,1,1.0,0.0,1.0,0.0,0.0,4.0711182378776296e-33,2.441359955019408e-30,0.0,4.567489341419468e-36,0.0,3.043047684544254e-34,5.301326208946132e-38,4.690286089941595e-41
TCN,42,14084,37,1,class_1,1,class_1,1,1.0,0.0,1.0,0.0,0.0,3.9464008586492773e-35,1.7637277633590783e-28,0.0,4.29801831045159e-35,0.0,1.079840596608704e-41,1.5584402194008268e-34,1.401298464324817e-45
TCN,42,14085,37,1,class_1,1,class_1,1,1.0,0.0,1.0,0.0,3.6433760072445244e-44,9.363921309714899e-26,1.5422067378211497e-26,0.0,1.8453056897269715e-36,0.0,6.946187497102653e-25,3.0696538053136663e-34,3.2369994525903274e-43
TCN,42,14086,37,1,class_1,1,class_1,1,1.0,2.2624630910095727e-26,1.0,3.325042167344754e-27,9.367382745085348e-27,8.200120880171198e-15,3.402177899212294e-13,2.0639788254534545e-31,7.650089699996217e-23,2.1092916347521582e-32,7.984199264663631e-16,1.4543559323271517e-19,7.171082743236463e-26
TCN,42,14087,37,1,class_1,1,class_1,1,1.0,0.0,1.0,0.0,1.0789998175301091e-42,3.5112863818700535e-28,5.668782800162498e-29,0.0,8.972604198589029e-37,0.0,3.7528539008647086e-24,5.411054881159347e-34,5.044674471569341e-44
TCN,42,14088,37,1,class_1,1,class_1,1,1.0,2.19387114990463e-22,1.0,1.9140478737304727e-21,1.4649400960056798e-20,1.9901778003372783e-09,4.9927313531313716e-14,1.8743536313272895e-18,1.2051095793469893e-20,3.0595172873999967e-27,1.943854428346236e-15,6.76490470801343e-20,2.919890047410221e-20
TCN,42,14089,37,1,class_1,1,class_1,1,1.0,0.0,1.0,0.0,0.0,2.0498151897189494e-39,3.7332713350532153e-35,0.0,5.771948374553922e-42,0.0,1.8229491722401545e-39,7.006492321624085e-45,0.0
TCN,42,14090,37,1,class_1,1,class_1,1,0.9999990463256836,4.891001171506825e-16,0.9999990463256836,1.9417977198537394e-17,4.232471595015707e-15,9.433577474737831e-07,1.3508645591020496e-10,7.264882784784656e-19,8.480486278494848e-13,1.0755563740943494e-20,2.2797891352510646e-10,3.1013349440639493e-12,8.583562463235217e-13
TCN,42,14091,37,1,class_1,1,class_1,1,1.0,0.0,1.0,0.0,0.0,8.33042509773353e-40,4.791039926640651e-34,0.0,5.413272019625341e-40,0.0,4.731133940176664e-40,3.517259145455291e-43,0.0
TCN,42,14092,37,1,class_1,1,class_1,1,0.9999990463256836,4.891001171506825e-16,0.9999990463256836,1.9417977198537394e-17,4.232471595015707e-15,9.433577474737831e-07,1.3508645591020496e-10,7.264882784784656e-19,8.480486278494848e-13,1.0755563740943494e-20,2.2797891352510646e-10,3.1013349440639493e-12,8.583562463235217e-13
TCN,42,14093,37,1,class_1,1,class_1,1,1.0,1.5955219834517926e-23,1.0,5.450553266614652e-22,1.0891250603529314e-19,2.8364277940284843e-11,2.876802054495482e-14,2.297574025993934e-19,1.2025798607009975e-19,7.965016470893793e-28,1.108949425885665e-14,4.50681343437333e-19,1.977573809966768e-20
TCN,42,14094,37,1,class_1,1,class_1,1,1.0,0.0,1.0,0.0,0.0,1.394852491388923e-40,2.0642418070496204e-28,0.0,0.0,0.0,6.215459338512726e-41,1.401298464324817e-44,0.0
TCN,42,14095,37,1,class_1,1,class_1,1,1.0,0.0,1.0,0.0,0.0,0.0,0.0,0.0,0.0,0.0,0.0,0.0,0.0
TCN,42,14096,37,1,class_1,1,class_1,1,1.0,7.573227867341757e-39,1.0,5.66526345533621e-35,7.223335203175802e-32,1.944595616139168e-23,6.105421161482954e-23,2.844841199485125e-34,2.2575931999596347e-25,2.1117567857374993e-42,4.432871011357663e-31,8.041313726384649e-27,6.644613285311176e-30
TCN,42,14097,37,1,class_1,1,class_1,1,1.0,1.0190456036194415e-32,1.0,1.177909257029258e-32,8.727263231222589e-35,8.315382044628216e-22,4.454322039040878e-20,6.606825184017076e-38,1.1031135075771171e-23,1.7358907025470466e-39,1.2405809611235643e-23,2.546747206540002e-25,1.9568083190002856e-29
TCN,42,14098,37,1,class_1,1,class_1,1,1.0,1.2270423231921737e-27,1.0,1.9281094049532084e-30,3.878114187758103e-33,5.263984188896376e-16,3.476787000661341e-12,3.355885614303645e-39,2.7157611485216695e-24,7.872523291803168e-35,8.936721198860615e-18,9.696422071402791e-19,1.9421794140557148e-30
TCN,42,14099,37,1,class_1,1,class_1,1,1.0,6.553837285721468e-30,1.0,3.622340384996757e-31,3.832192833850186e-30,1.2806885376089825e-16,4.048447572705622e-17,5.394489924970155e-32,5.624918647706417e-24,1.3514412604465691e-35,1.3720553181077314e-17,1.2655414667978434e-23,7.207664164748945e-27
TCN,42,14100,37,1,class_1,1,class_1,1,0.9999603033065796,5.2291812160279395e-20,0.9999603033065796,1.6552323496886503e-18,1.1646132077483642e-28,2.4585878038302367e-13,3.965798168792389e-05,3.075113499028656e-32,2.5127756812807178e-17,3.40758131556305e-25,3.1424028034876576e-22,5.946599570759144e-16,1.2942876465365184e-21
TCN,42,14101,37,1,class_1,0,class_0,0,0.9934020638465881,0.9934020638465881,5.488843407563948e-11,1.162470016424777e-05,9.033813177620251e-18,1.2921260506004728e-08,0.006583040580153465,5.250497505317066e-17,4.218916272650912e-14,3.262854306740337e-06,6.067979921496277e-17,1.2859067977100125e-10,3.580370444566938e-10
TCN,42,14102,37,1,class_1,1,class_1,1,1.0,5.403857438135304e-26,1.0,8.867679729119471e-26,8.083405581339119e-30,5.108279416158538e-16,2.464042153909468e-13,9.739689952168561e-33,3.275875746244548e-21,2.432295294902251e-31,1.0638863419913893e-21,3.9874382791992915e-21,2.6250476270045444e-23
TCN,42,14103,37,1,class_1,1,class_1,1,1.0,1.401298464324817e-45,1.0,0.0,0.0,4.7915457846184165e-29,2.2456243127936693e-21,0.0,3.7295558628005006e-41,0.0,9.630003306533008e-41,3.0606070171187457e-32,0.0
TCN,42,14104,37,1,class_1,5,class_5,0,0.9999799728393555,5.307438740660971e-28,2.0059498638147488e-05,8.317329316218318e-25,0.0,2.780947859751622e-30,0.9999799728393555,0.0,2.9954789611911544e-26,7.298775155312956e-40,2.8818964087457755e-40,1.5698445609868487e-22,4.817407275120052e-34
TCN,42,14105,37,1,class_1,0,class_0,0,0.9961560368537903,0.9961560368537903,9.098022335507494e-11,5.854740834365657e-07,1.4797382692763134e-17,7.28525890281162e-07,0.0038425896782428026,6.1473486457332914e-18,3.5501312871025594e-15,1.0649227277781392e-07,6.6146218984297e-17,9.605023373882027e-12,1.7936617469072047e-10
TCN,42,14106,37,1,class_1,1,class_1,1,0.9965127110481262,2.3428821816634526e-12,0.9965127110481262,1.240856151519859e-16,7.189517195952213e-20,1.1806463362518116e-06,0.003486169269308448,9.885646918593976e-25,3.60263907126109e-15,9.266633500780958e-19,3.8739795876416294e-13,4.687339492243092e-12,1.3507565291975832e-13
TCN,42,14107,37,1,class_1,1,class_1,1,1.0,4.543203781044325e-25,1.0,5.98026508963521e-20,2.5776913427106446e-14,4.5191038411385165e-12,7.769584197477204e-15,3.4754164823791456e-11,6.441736228681473e-20,9.799101580327858e-24,1.549579279063758e-17,2.0301926347344058e-21,2.5051075648011185e-14
TCN,42,14108,37,1,class_1,1,class_1,1,1.0,3.346800088318022e-36,1.0,2.1650554530877866e-37,1.1935830120490244e-38,2.2419512754447644e-22,2.829918217058651e-17,1.401298464324817e-45,2.6519547370189406e-28,1.5414283107572988e-43,1.0900379014148073e-22,2.646492850156023e-24,2.231102512362606e-34
TCN,42,14109,37,1,class_1,1,class_1,1,1.0,0.0,1.0,0.0,1.401298464324817e-45,1.711452668175751e-29,3.758632842403977e-29,0.0,4.481792384524686e-37,0.0,2.0466025210228056e-33,1.7309856534544626e-37,3.6318049253052086e-38
TCN,42,14110,37,1,class_1,1,class_1,1,1.0,7.507234060099075e-34,1.0,2.6196511497673744e-34,5.933626828251405e-38,6.15225046917177e-23,1.7259741550272622e-15,0.0,9.373326134078847e-25,1.4247982395715443e-40,5.062791149899288e-22,6.901083940973143e-23,7.710785233281355e-33
TCN,42,14111,37,1,class_1,5,class_5,0,1.0,1.6143249564442786e-21,1.2574323804415144e-09,3.3176279703909104e-21,0.0,6.615977224710058e-24,1.0,0.0,3.2857378959550037e-21,2.690624641777941e-29,5.650530814741687e-32,2.866244476629316e-20,6.55492567688129e-26
TCN,42,14112,37,1,class_1,1,class_1,1,1.0,7.507234060099075e-34,1.0,2.6196511497673744e-34,5.933626828251405e-38,6.15225046917177e-23,1.7259741550272622e-15,0.0,9.373326134078847e-25,1.4247982395715443e-40,5.062791149899288e-22,6.901083940973143e-23,7.710785233281355e-33
TCN,42,14113,37,1,class_1,0,class_0,0,0.8209914565086365,0.8209914565086365,0.020746514201164246,0.024529293179512024,0.00011609565262915567,0.05108516290783882,0.08252180367708206,7.779188990753028e-07,9.877508233557819e-08,2.0096006210224004e-06,3.2619251300047836e-08,1.077993374565267e-07,6.532377028634073e-06
TCN,42,14114,37,1,class_1,1,class_1,1,1.0,1.5149429777055645e-24,1.0,5.61653187299256e-25,5.2309141799847305e-24,2.816655329113127e-13,1.3656138767275793e-14,5.217951657649482e-27,1.227679363919212e-19,8.220764560068863e-29,6.754442553475254e-18,7.08123149895078e-21,1.6839382311306253e-19
TCN,42,14115,37,1,class_1,1,class_1,1,0.9999995231628418,1.3907591518250946e-28,0.9999995231628418,9.333604399051124e-26,4.0126685993388294e-39,3.083912595802156e-19,4.449908317383233e-07,1.0413749537629878e-40,2.3829319525870495e-22,1.3335298096872322e-31,2.5698490107281292e-30,3.360448905426343e-21,1.3363128474819e-27
TCN,42,14116,37,1,class_1,1,class_1,1,1.0,1.3857059663630823e-23,1.0,1.0124173331112979e-22,1.087017885489827e-24,5.860703632468156e-13,9.447687586688208e-14,9.339560915183125e-25,1.3137300260025658e-20,4.769771040111242e-29,1.7971685254515979e-22,3.730253367251707e-20,4.169006847035382e-21
TCN,42,14117,37,1,class_1,0,class_0,0,0.6359956860542297,0.6359956860542297,1.5169914149737451e-05,7.32336413733492e-09,2.1442507491808982e-10,0.3632144629955292,0.0007746597402729094,1.112860210884456e-13,2.926608608233572e-14,2.16693463173101e-09,1.1781855872861069e-11,7.865866812062361e-12,2.0316746063286928e-09
TCN,42,14118,37,1,class_1,1,class_1,1,1.0,2.3748686440627726e-27,1.0,1.3663826459263706e-25,1.5828989461718021e-32,1.2513937707792945e-16,1.3853504454708343e-10,5.222351188859536e-35,5.861190582532998e-22,3.654373311353275e-31,1.185671992132055e-25,1.635262723361457e-20,1.6281992016892487e-26
TCN,42,14119,37,1,class_1,1,class_1,1,1.0,8.839225503268122e-30,1.0,4.454854317887966e-25,3.6689522331025545e-33,1.467328256907e-20,1.295415719138049e-10,1.7364521936491836e-33,2.7718853123781697e-22,2.7971395009755123e-33,1.291817792462031e-22,9.972731601060994e-22,4.52639503462095e-30
TCN,42,14120,37,2,class_2,2,class_2,1,0.9999995231628418,9.961406537200798e-20,5.337771540325775e-07,0.9999995231628418,1.687534223471232e-09,1.4434891155500998e-26,1.0811998824859456e-22,6.148681031347826e-23,9.356618669957573e-14,4.8646864168562974e-26,0.0,2.837331516549148e-25,6.259828431529958e-28
TCN,42,14121,37,2,class_2,2,class_2,1,0.9999995231628418,1.7755640297965102e-17,5.115364842822601e-07,0.9999995231628418,4.445712686873549e-09,1.8016423449717235e-23,6.543898850445454e-20,6.285624628872842e-20,3.069079365647376e-11,3.710545712795895e-24,5.512988418346695e-41,2.9563237183221307e-21,4.690604807767587e-24
TCN,42,14122,37,2,class_2,2,class_2,1,1.0,5.123092750345213e-23,3.589496953798445e-21,1.0,2.8999698334368647e-24,3.393551686056949e-32,2.0730145684095812e-30,3.1904455920639624e-29,1.1918904939010604e-23,4.0770010992733396e-29,0.0,2.5416723519954246e-39,1.1200969319945884e-29
TCN,42,14123,37,2,class_2,2,class_2,1,1.0,9.276301464995856e-22,4.40402445414656e-12,1.0,1.500933166816154e-13,8.472249603312031e-28,2.01163825655134e-27,4.188384401067682e-24,2.1791478991157456e-16,7.05994459171659e-30,0.0,2.2839640826307456e-30,1.8363991224534668e-31
TCN,42,14124,37,2,class_2,2,class_2,1,1.0,7.033322361094444e-18,4.0853500138382515e-08,1.0,1.7599440793603094e-09,1.849784405953679e-25,1.8330341811707798e-22,4.948691166947393e-26,3.141710052326224e-16,5.468935504587643e-25,8.407790785948902e-45,2.4145782380281264e-27,3.223908022994583e-28
TCN,42,14125,37,2,class_2,2,class_2,1,1.0,2.6973988190313437e-20,7.231599104887054e-19,1.0,2.849223279150993e-23,1.0945625992032017e-30,2.3187148824532573e-26,1.066511512318004e-28,5.2060384957904244e-21,1.958784817798333e-24,0.0,5.47329317443806e-34,2.406772097296135e-26
TCN,42,14126,37,2,class_2,2,class_2,1,1.0,5.022774019003072e-24,1.7748961310827104e-15,1.0,1.056943527277228e-16,2.602484871647071e-30,3.2591459205926856e-30,2.916617715165336e-27,1.1973346308886163e-18,3.808783016667826e-32,0.0,1.2630072649704923e-34,4.55006817649689e-34
TCN,42,14127,37,2,class_2,2,class_2,1,1.0,5.556884127796536e-24,4.912798141389063e-13,1.0,6.782877846561275e-16,2.669383744356773e-34,3.1669972746204262e-27,1.5639834299249803e-28,7.071315329111821e-16,9.022085475011698e-32,0.0,5.438464298768597e-30,1.1500776145224913e-34
TCN,42,14128,37,2,class_2,2,class_2,1,1.0,2.3072245918120486e-28,2.198207257976531e-25,1.0,8.5316486606975e-32,1.6269075170811126e-42,9.025814976499634e-37,1.6717947166382806e-36,4.6770915958092476e-27,1.02245659435194e-32,0.0,1.401298464324817e-45,7.347098697437055e-36
TCN,42,14129,37,2,class_2,2,class_2,1,1.0,4.306668630327506e-27,7.401990556254735e-19,1.0,5.656789022707799e-23,9.396364746313805e-36,8.617007256450858e-34,5.3510857599714095e-30,5.801461064015539e-23,9.850429142362202e-35,0.0,1.3904804401802295e-40,4.8193740183660534e-36
TCN,42,14130,37,2,class_2,2,class_2,1,0.9952731728553772,1.0675495242587775e-20,0.004695758689194918,0.9952731728553772,3.108742384938523e-05,6.99879012893235e-27,1.0310667622171916e-22,5.379994594766197e-19,1.850951336646034e-11,8.433847523185922e-27,9.80908925027372e-45,1.6296684903774445e-22,2.6941391028145833e-27
TCN,42,14131,37,2,class_2,2,class_2,1,1.0,2.2075276495717174e-24,3.23275861602731e-23,1.0,6.094323566527403e-30,9.626514073356839e-40,4.5810393118670883e-32,2.1849058598817788e-33,1.0429895270526114e-23,2.6899498199995522e-27,0.0,6.822762474772601e-39,2.7711825653284408e-33
TCN,42,14132,37,2,class_2,2,class_2,1,1.0,1.136970308293555e-25,1.215467968636306e-23,1.0,1.6035766676290377e-30,3.673784183920373e-41,1.2394062541829838e-33,1.5717660090708322e-34,7.403097705558926e-25,2.5431099937102006e-30,0.0,4.44155561252394e-41,6.319093731867092e-35
TCN,42,14133,37,2,class_2,2,class_2,1,1.0,7.478199728926295e-25,1.7416000352041136e-18,1.0,1.1635045553833636e-21,8.953270272473035e-33,1.7714590545917246e-31,1.119743012274652e-28,6.270721599917861e-23,1.4798433564352122e-32,0.0,5.5149222102274636e-39,2.960450490324871e-32
TCN,42,14134,37,2,class_2,2,class_2,1,1.0,1.1446897547784446e-19,1.4345224563783177e-08,1.0,6.654621298451957e-11,8.620457038473423e-27,1.488444370759808e-23,3.293904486968439e-23,5.978823393402305e-14,3.293784709533338e-27,0.0,6.858688278090702e-26,9.350094370124188e-29
TCN,42,14135,37,2,class_2,2,class_2,1,1.0,7.813086960410719e-25,8.722082013773641e-25,1.0,3.7244031522046426e-31,1.096614139226672e-40,1.3928382604383375e-32,2.2916041964089716e-34,1.1620877627753084e-24,2.7339993045015882e-27,0.0,4.210845833357502e-40,2.795911017543407e-34
TCN,42,14136,37,2,class_2,2,class_2,1,1.0,7.767770549887458e-24,4.4683181650648834e-17,1.0,5.0533586453922516e-21,8.497478803160623e-32,5.892822393779504e-30,2.2596661592478363e-28,6.996273325160139e-22,2.0080307016283274e-31,0.0,7.578610422899044e-37,3.6631102906651967e-31
TCN,42,14137,37,2,class_2,2,class_2,1,1.0,1.6918910298830456e-18,9.093525044079342e-09,1.0,1.8286633600601843e-13,6.131756979123124e-28,1.4810207415686842e-21,1.5905608298232867e-26,2.446620651300885e-13,4.1238093320500345e-25,1.401298464324817e-45,1.2115285550478133e-23,7.383375998039126e-27
TCN,42,14138,37,2,class_2,2,class_2,1,1.0,1.1316152887410238e-22,7.390794433665872e-25,1.0,1.203885830778828e-30,1.4320893356112727e-38,1.5227086748235406e-29,2.826849822227183e-35,4.1924624964033124e-23,9.474021467617141e-24,0.0,1.6336533903091477e-36,8.722412732863138e-33
TCN,42,14139,37,2,class_2,2,class_2,1,1.0,9.670282172227077e-24,8.602330954694216e-18,1.0,1.7211756485637108e-21,9.438343306064431e-32,1.9997684809748157e-30,4.710211054727959e-29,1.808247035569032e-22,2.623614347338271e-32,0.0,7.053294569293763e-38,3.1518400724219404e-32
TCN,42,14140,37,2,class_2,2,class_2,1,1.0,1.7771016279303723e-26,2.1831031101959418e-21,1.0,1.2847411421623469e-22,1.356456913466423e-40,4.676390365953842e-37,1.0022414520691744e-38,5.417579688989063e-27,1.332878075211518e-33,0.0,0.0,1.471363387541058e-43
TCN,42,14141,37,2,class_2,2,class_2,1,1.0,1.573294458611742e-28,6.4013682009273845e-27,1.0,5.397917485000825e-28,2.6176255313587583e-42,5.967569640173666e-41,1.2536839352723574e-36,1.962551502279759e-27,3.7764464160394525e-33,0.0,0.0,1.2191296639625909e-43
TCN,42,14142,37,2,class_2,2,class_2,1,1.0,2.849408650743512e-30,1.7223230380790478e-31,1.0,1.6105410484796935e-30,4.756006987918429e-42,9.80908925027372e-45,1.5408766520620185e-35,6.3493104845541005e-31,1.6819381893333054e-38,0.0,0.0,0.0
TCN,42,14143,37,2,class_2,2,class_2,1,1.0,1.865088560840582e-33,1.469939729285813e-34,1.0,1.2318645395674972e-33,1.6255062186167878e-43,0.0,1.0117502979894431e-35,5.866682920022797e-33,8.55795392938595e-40,0.0,0.0,8.688050478813866e-44
TCN,42,14144,37,2,class_2,2,class_2,1,1.0,4.302661058668695e-20,1.0538081075017753e-22,1.0,1.556923347525465e-21,3.088318635223809e-33,1.0351439987539527e-33,5.168122415254622e-30,2.0718440866332917e-23,1.1627911817244767e-27,0.0,1.7283615258982294e-41,3.6461467666720646e-37
TCN,42,14145,37,2,class_2,2,class_2,1,1.0,2.97774599666532e-24,5.0099719898026925e-24,1.0,1.445972099622709e-23,5.873407988564896e-38,4.443896341478748e-37,6.623442765030665e-34,5.308990997825688e-25,5.25509592571829e-31,0.0,1.401298464324817e-45,1.6326528407848444e-41
TCN,42,14146,37,2,class_2,2,class_2,1,1.0,1.1197443271826327e-33,4.2297053286907664e-35,1.0,6.898357603320641e-35,4.203895392974451e-45,0.0,3.26216761378868e-38,5.196760607965513e-33,3.7490759504085453e-39,0.0,0.0,0.0
TCN,42,14147,37,2,class_2,2,class_2,1,1.0,2.5627651620356107e-28,1.8671463716609784e-25,1.0,6.089502056883968e-26,3.3491033297363128e-43,6.95366336951904e-41,2.0487838340492064e-39,6.767716861611775e-28,3.892842971261788e-35,0.0,0.0,0.0
TCN,42,14148,37,2,class_2,2,class_2,1,1.0,1.3729297942392235e-32,4.264431075669438e-32,1.0,5.545148480874438e-33,2.620428128287408e-43,1.401298464324817e-45,2.972529904712232e-36,4.905821641906769e-32,2.756939822085003e-39,0.0,0.0,2.802596928649634e-45
TCN,42,14149,37,2,class_2,2,class_2,1,1.0,1.0489301032639462e-24,1.185176293632889e-22,1.0,4.54185921496303e-22,6.473009588464842e-38,2.8856065314014728e-36,1.5723896868841151e-34,6.707734813496004e-26,3.076560201966732e-33,0.0,0.0,3.3350903450930646e-43
TCN,42,14150,37,2,class_2,2,class_2,1,1.0,1.694774528631369e-30,1.3983444758116287e-30,1.0,3.390734331726559e-30,3.2385829198550145e-40,7.412868876278282e-43,1.2484423563995715e-31,3.3593090231019585e-29,1.426862022624096e-35,0.0,0.0,8.602851532182917e-41
TCN,42,14151,37,2,class_2,2,class_2,1,1.0,1.8935385110616268e-29,4.2882707993477584e-29,1.0,2.6613276362051656e-29,2.1333367820881015e-41,2.3261554507791963e-43,9.345715030802306e-35,3.5042178729086155e-30,8.583788828393628e-38,0.0,0.0,1.401298464324817e-45
TCN,42,14152,37,2,class_2,2,class_2,1,1.0,1.600003164802538e-29,7.186646613893418e-31,1.0,5.920923742922352e-29,2.1019476964872256e-44,1.821688003622262e-43,1.6232501280892248e-40,2.4143284449143394e-28,8.188039062122073e-34,0.0,0.0,0.0
TCN,42,14153,37,2,class_2,2,class_2,1,1.0,6.188927265493077e-37,1.3126872550397478e-36,1.0,5.307153928999566e-38,0.0,0.0,1.463593064242112e-36,1.3046313592209912e-34,1.401298464324817e-45,0.0,0.0,1.401298464324817e-45
TCN,42,14154,37,2,class_2,2,class_2,1,1.0,1.2705964874784996e-23,1.3138833363863301e-23,1.0,5.369956042125818e-24,4.229447041357822e-35,3.556458373652275e-36,8.845499069598686e-30,2.6767786008140417e-25,7.157341187079113e-32,0.0,5.605193857299268e-45,5.845418453038472e-40
TCN,42,14155,37,2,class_2,2,class_2,1,1.0,9.133482836607714e-25,2.340788978497516e-20,1.0,5.306592235107118e-21,9.739957591834719e-39,1.434349485420227e-35,1.19667918100595e-37,1.825793451007557e-26,1.735214802173951e-32,0.0,2.802596928649634e-45,2.970752744368612e-42
TCN,42,14156,37,2,class_2,2,class_2,1,1.0,3.108600382404683e-26,2.9330735828339095e-28,1.0,4.474726047646714e-27,3.5908903732632384e-38,5.281423847117019e-40,6.683267988812331e-33,1.2954662807738773e-27,5.646670785167174e-33,0.0,0.0,5.607996454227918e-42
TCN,42,14157,37,2,class_2,2,class_2,1,1.0,9.769714465611463e-34,1.828330852490369e-33,1.0,4.8048561178601397e-35,1.317220556465328e-43,0.0,5.631649367854982e-35,8.983102115044997e-33,7.401658488563684e-42,0.0,0.0,1.1070257868166055e-42
TCN,42,14158,37,2,class_2,2,class_2,1,1.0,1.2167722554797803e-22,1.3527035917399268e-22,1.0,6.564247150201992e-22,8.592089990455791e-35,7.682416353122064e-35,1.424119587461883e-30,1.2762362907481962e-23,1.74042715571448e-30,0.0,1.6072893385805652e-42,2.512808406227262e-39
TCN,42,14159,37,2,class_2,2,class_2,1,1.0,1.836136542218092e-27,5.608573213091966e-23,1.0,3.527000262686765e-24,2.3934177770667876e-42,8.470072897494283e-38,6.046126432083715e-40,6.763432630450485e-28,3.9537372951021175e-36,0.0,0.0,0.0
TCN,42,14160,37,3,class_3,3,class_3,1,0.9997174143791199,1.2184333542109016e-09,7.446957547146971e-13,5.2638045120324394e-15,0.9997174143791199,1.4468041209525495e-09,5.4856715709107923e-17,0.0002825697010848671,5.142731740134278e-15,2.0183008909990807e-13,9.992956982729506e-13,7.732816892751949e-18,6.808045238670957e-09
TCN,42,14161,37,3,class_3,3,class_3,1,0.9716837406158447,5.867920194191356e-08,7.796453760366973e-11,9.549639724826253e-12,0.9716837406158447,4.7504618017057965e-09,1.339141471323746e-14,0.028315523639321327,1.6944962794029905e-11,3.521221855762313e-11,1.2327782891730088e-11,1.8893440465421593e-16,6.62949219076836e-07
TCN,42,14162,37,3,class_3,6,class_6,0,0.9999971389770508,8.305292564791955e-11,2.9572085882487165e-13,1.0772453214831154e-14,2.822042915795464e-06,3.8171453844992875e-12,4.363767101675162e-16,0.9999971389770508,2.031387109577027e-14,1.7338808340483514e-12,1.3442176550733462e-14,4.216046685922583e-21,2.152087397178093e-08
TCN,42,14163,37,3,class_3,6,class_6,0,0.9999737739562988,8.77009229127701e-11,4.187331633775243e-13,1.8920412112044538e-14,2.622873398649972e-05,4.092963815094386e-12,1.6589930130198787e-15,0.9999737739562988,5.455237430946995e-14,1.1207076933139604e-12,2.7781488047551317e-14,2.176320108003972e-20,2.32856178783436e-09
TCN,42,14164,37,3,class_3,3,class_3,1,1.0,1.4129963847116174e-19,1.5273886908864359e-18,3.3437052759150417e-25,1.0,2.3883400295435592e-21,3.851361855327915e-30,1.678228580680608e-14,6.282714257829484e-24,6.780832193391787e-24,1.0012517643043634e-23,2.2345918152634405e-29,4.2425325676598985e-14
TCN,42,14165,37,3,class_3,3,class_3,1,0.999976396560669,1.3177302131406332e-11,5.637257154134101e-12,2.48525548420973e-14,0.999976396560669,1.8183192581830432e-12,1.2298686783560926e-17,1.571618668094743e-05,6.554001590573788e-13,4.466255490442883e-12,3.783405012891539e-12,1.2215698730553686e-16,7.82552069722442e-06
TCN,42,14166,37,3,class_3,3,class_3,1,0.9746116399765015,1.9110548699075025e-09,3.5724252445135107e-09,5.6518739341426816e-12,0.9746116399765015,3.0155489216809883e-10,8.179708233175317e-15,0.00020770188712049276,6.984689215894235e-11,1.1280116840595156e-09,8.074026863758021e-11,5.3300669677599014e-14,0.02518068626523018
TCN,42,14167,37,3,class_3,3,class_3,1,0.9832801818847656,1.2103013036224297e-09,1.8790367040111278e-09,5.287379041540863e-12,0.9832801818847656,7.740975915826454e-11,9.329173447213818e-15,0.01671007089316845,4.222257526248496e-12,6.3483042607448414e-12,5.541019899857336e-12,7.540850441018808e-17,9.760035027284175e-06
TCN,42,14168,37,3,class_3,3,class_3,1,0.9999998807907104,3.2591440236225404e-16,4.61802818207957e-12,1.6738918196362694e-16,0.9999998807907104,6.629262995271889e-17,4.2013017775096225e-22,7.990416861503036e-08,6.62663388441295e-17,1.8785757679689133e-19,4.328496517402595e-17,6.366100739862442e-21,2.51180695166886e-13
TCN,42,14169,37,3,class_3,3,class_3,1,0.9782627820968628,8.100879313133191e-06,1.8837080784095406e-09,4.1717726495527074e-10,0.9782627820968628,3.591927963952912e-07,4.26960810456789e-12,0.02172848768532276,1.0887723361774349e-10,3.5940025955305543e-10,1.099593263664822e-10,1.3797749123529556e-14,3.5833915035254904e-07
TCN,42,14170,37,3,class_3,3,class_3,1,1.0,3.6106706376669555e-15,1.0241702839920197e-17,4.7189345320571776e-21,1.0,2.0647268504825925e-16,1.247779504238171e-25,2.581877767138252e-11,4.3314614034903886e-21,1.0703878685149567e-20,6.92950589509324e-20,3.347545118000963e-26,2.0241669160313367e-15
TCN,42,14171,37,3,class_3,3,class_3,1,1.0,2.4812082189159342e-21,3.497409294960132e-21,3.178375745769064e-26,1.0,3.427785226637118e-23,6.932447811931701e-33,1.3544898565587596e-15,1.348223376036974e-27,4.861435073961245e-29,6.448319797040245e-29,1.6178352627596144e-33,6.030940888146593e-20
TCN,42,14172,37,3,class_3,3,class_3,1,1.0,3.107267860982116e-14,1.5306625187225075e-16,2.1073188661915577e-19,1.0,7.001901508479924e-16,3.8062858165580434e-24,2.750037420007345e-10,2.7070357962850133e-21,5.669068110965397e-20,9.051200901837028e-20,1.978631861757426e-26,5.422161556686367e-15
TCN,42,14173,37,3,class_3,6,class_6,0,0.8982422351837158,2.973133916839288e-07,2.616153071954841e-09,2.557801748181987e-10,0.10175380110740662,7.180945971185793e-08,5.686112605068905e-12,0.8982422351837158,1.430891377607324e-10,8.028873677012882e-10,9.251705512802744e-10,6.612749373281117e-15,3.6304704735812265e-06
TCN,42,14174,37,3,class_3,3,class_3,1,1.0,1.1598368437083855e-26,1.9625620810277577e-24,1.3017052984791152e-31,1.0,3.1431124970648253e-31,5.745744093271047e-41,7.349665592650365e-24,4.1247362086384805e-33,1.2447087806298485e-32,6.909079167908346e-34,3.3448994343433383e-42,1.866338373976273e-21
TCN,42,14175,37,3,class_3,6,class_6,0,0.8897044062614441,1.0296353281091797e-07,1.2502393564872705e-10,5.931199108244467e-12,0.11029507964849472,6.849946743159308e-08,5.470265150684002e-14,0.8897044062614441,1.4094229255912083e-12,1.3067449032566625e-11,4.119579677386298e-12,2.03547989469231e-17,3.8555748460566974e-07
TCN,42,14176,37,3,class_3,6,class_6,0,0.9886045455932617,5.569478211953083e-10,7.900937126770202e-10,1.8317063144035473e-11,0.011364534497261047,8.08929659368296e-12,1.6025303642679817e-13,0.9886045455932617,8.362926323668418e-11,1.13715781235868e-09,2.601182325090434e-10,9.152235331963548e-17,3.0944840545998886e-05
TCN,42,14177,37,3,class_3,3,class_3,1,1.0,6.119577996179178e-22,1.1146711118549538e-21,1.8891619387817414e-26,1.0,5.017912348130285e-23,1.7928173314421046e-33,7.472702008200769e-16,6.226632140043528e-28,3.3425633631620653e-29,3.391436242913322e-28,9.13114185320664e-34,6.354430950097552e-21
TCN,42,14178,37,3,class_3,3,class_3,1,0.91249018907547,3.3930605720933205e-12,3.5174484852573684e-11,6.767249521172358e-13,0.91249018907547,1.389616367938537e-13,9.756777966542213e-17,0.08750983327627182,4.538851035334112e-15,4.329295904746566e-17,1.586953813767966e-15,7.412254316692869e-20,1.51279627713663e-10
TCN,42,14179,37,3,class_3,3,class_3,1,1.0,1.3373780334308572e-14,4.19709270593413e-13,1.79855079999293e-18,1.0,1.250341735530014e-12,1.6682709254578916e-22,2.2406044034029016e-11,3.0323042157736044e-20,1.1136734544880324e-19,1.403430361459929e-17,1.2198209188885336e-22,2.7400838217318813e-14
TCN,42,14180,37,3,class_3,3,class_3,1,1.0,1.3368387349658755e-42,3.4876821069246027e-37,0.0,1.0,1.4296781437644844e-36,0.0,3.9929579351396365e-40,0.0,0.0,0.0,0.0,1.2571003828987362e-33
TCN,42,14181,37,3,class_3,3,class_3,1,1.0,2.667881827524959e-23,1.0633548138243386e-21,1.1032268389246946e-31,1.0,4.791558974103578e-16,3.504141772139027e-35,9.243738498518683e-21,6.0526406308867925e-31,2.7683261650136227e-28,3.1769472296032734e-25,1.0361508601749549e-34,1.0263962104767877e-16
TCN,42,14182,37,3,class_3,3,class_3,1,1.0,1.01249610266332e-34,2.084120259939222e-33,1.401298464324817e-45,1.0,5.361583136113236e-32,0.0,1.1262043114888743e-33,0.0,1.5820659662227185e-41,1.0691907282798354e-42,0.0,3.2409524452245117e-26
TCN,42,14183,37,3,class_3,6,class_6,0,0.9987185001373291,1.0831510384792797e-13,2.1899364307099815e-14,7.2081636926059e-17,0.0012815332738682628,4.6396653630154105e-08,2.64954894091108e-19,0.9987185001373291,3.9820344986382704e-16,1.574473114162419e-17,5.743012131392139e-14,6.5011139493139945e-24,2.1918088177752537e-10
TCN,42,14184,37,3,class_3,3,class_3,1,1.0,0.0,3.4007972300852553e-40,0.0,1.0,1.638117904795711e-42,0.0,6.58610278232664e-44,0.0,0.0,0.0,0.0,5.961993772690628e-36
TCN,42,14185,37,3,class_3,3,class_3,1,1.0,4.812783407053632e-19,1.4786533722721133e-16,6.082941781127776e-23,1.0,1.8998143336279583e-11,1.382209660875433e-25,1.07225401890787e-08,1.8489283223453057e-20,5.486161311916625e-22,1.0848304161607385e-17,4.68516540228491e-26,3.359709429065494e-12
TCN,42,14186,37,3,class_3,3,class_3,1,1.0,6.813633029830877e-24,5.364866059129842e-21,1.3894751358358044e-30,1.0,1.9376991226366004e-18,2.4908553102368976e-34,1.5905246987056177e-18,4.651500885932637e-29,1.2017488685654174e-28,5.311844825409842e-26,2.8493935309474247e-33,7.486993703952215e-17
TCN,42,14187,37,3,class_3,3,class_3,1,1.0,1.1210387714598537e-44,1.3089696772430443e-32,0.0,1.0,6.08498023460405e-39,0.0,4.330377925055301e-33,0.0,0.0,0.0,0.0,8.680029549360271e-32
TCN,42,14188,37,3,class_3,3,class_3,1,1.0,4.511620535740181e-41,1.316244462805398e-33,0.0,1.0,3.1234770129829368e-37,0.0,4.94701507818981e-32,0.0,0.0,1.401298464324817e-45,0.0,6.677923221710653e-31
TCN,42,14189,37,3,class_3,3,class_3,1,1.0,4.707480447178683e-29,1.6266734892317688e-24,1.0152111043128607e-34,1.0,3.8295339734197954e-22,7.912039415240069e-40,2.8156878680587358e-21,2.5738984300749747e-33,1.2217187376229546e-33,1.571859911637072e-29,2.4053349797267915e-38,6.755901525592387e-21
TCN,42,14190,37,3,class_3,3,class_3,1,1.0,2.8435226547055037e-23,2.1806653911592895e-20,5.0472360718210304e-27,1.0,1.598919858139995e-18,1.2174212955802414e-31,2.478342509514009e-13,8.118960750617729e-26,2.4453062576978303e-27,4.717076139847545e-23,1.3497702280492098e-30,3.766453125677704e-15
TCN,42,14191,37,3,class_3,3,class_3,1,1.0,2.3128014228925757e-29,1.900197594400278e-27,1.2327416754580633e-36,1.0,4.808385290791157e-24,3.825544807606751e-43,2.0732650026172985e-25,1.1527118834438666e-36,6.105407455575572e-35,2.8797086633280478e-31,1.4493630016511583e-41,3.434499379573635e-23
TCN,42,14192,37,3,class_3,3,class_3,1,1.0,2.3583663062284272e-34,2.140453984585183e-28,1.3161255818453046e-38,1.0,1.455730548962275e-29,1.401298464324817e-45,3.434798988945438e-24,2.4086690611369903e-37,2.824183370973172e-38,7.252650452714776e-34,2.312142466135948e-43,8.526685190741013e-21
TCN,42,14193,37,3,class_3,3,class_3,1,1.0,9.658892456877342e-16,3.6387656617361966e-16,2.1036291226619464e-22,1.0,1.173523167530277e-09,2.6627256354332083e-24,7.597293627537027e-11,2.3123244839486997e-22,6.25431584268771e-21,3.875274581771624e-18,1.7794759143658128e-26,7.074992447366618e-14
TCN,42,14194,37,3,class_3,6,class_6,0,0.9999719858169556,2.653762897365103e-13,6.918466513244109e-17,4.739698381019392e-19,2.2258839180722134e-06,2.5737695978023112e-05,2.5661275176411657e-20,0.9999719858169556,1.9867130248244853e-20,1.1331311335642378e-20,3.3904789140053206e-18,3.237929515213451e-28,6.32338555432363e-14
TCN,42,14195,37,3,class_3,3,class_3,1,1.0,6.401797511833328e-15,3.044807312638405e-15,6.025648467034031e-21,1.0,9.523218325035998e-11,6.023895226827621e-23,3.064794529272774e-10,4.257435281794785e-20,6.841023031203296e-19,8.250756033302027e-17,1.2873350114820222e-24,6.786751716170158e-11
TCN,42,14196,37,3,class_3,3,class_3,1,1.0,1.548774825238535e-18,1.9940520426376942e-18,1.273535812793637e-25,1.0,4.6511639618983594e-14,9.888786003365912e-29,7.717120776669286e-16,3.8609478129216506e-25,1.5534215813454145e-23,2.4386543000440558e-20,6.261407694084356e-28,4.0869356645678936e-14
TCN,42,14197,37,3,class_3,3,class_3,1,1.0,4.517042159498654e-39,5.270623943443134e-35,0.0,1.0,8.188154717450047e-36,0.0,1.5050214914886093e-35,0.0,0.0,4.203895392974451e-44,0.0,4.402369283942527e-31
TCN,42,14198,37,3,class_3,3,class_3,1,1.0,6.412654587409151e-36,9.899268629404624e-31,9.949219096706201e-44,1.0,2.0430787709947044e-31,0.0,6.866865600893463e-31,1.2611686178923354e-44,1.2079192762479923e-42,6.562188222734473e-39,0.0,3.3683315835942374e-28
TCN,42,14199,37,3,class_3,3,class_3,1,1.0,0.0,5.697077567092742e-35,0.0,1.0,2.3269682038885047e-40,0.0,3.552588682337848e-39,0.0,0.0,0.0,0.0,7.107458992466473e-35
TCN,42,14200,37,4,class_4,4,class_4,1,1.0,5.277484686391915e-20,6.3473231492584425e-24,4.912960823713595e-38,2.0021207985410626e-21,1.0,1.2638705875109995e-33,4.512942336376778e-32,5.5881540679730785e-39,4.963233373748105e-32,8.162071629309508e-24,2.070774909308535e-33,1.4333506446818706e-32
TCN,42,14201,37,4,class_4,4,class_4,1,1.0,5.387149060176455e-13,1.7728526640974594e-15,3.3972292418152545e-25,8.454290903686743e-15,1.0,9.587536248404602e-22,1.613291546134084e-20,4.142856378606596e-25,6.5539664624496625e-21,5.616581876102594e-15,1.1772734977061594e-21,6.625353199444626e-22
TCN,42,14202,37,4,class_4,4,class_4,1,0.9999957084655762,2.8134499938103907e-12,1.8312970584410948e-10,1.1519602361542595e-20,4.252382950653555e-06,0.9999957084655762,3.5241021871450195e-19,8.278397905332399e-14,1.573337746733144e-18,2.6369965785131643e-18,1.2895158552073127e-10,5.59081201703057e-18,3.8691726417846434e-14
TCN,42,14203,37,4,class_4,4,class_4,1,0.9999995231628418,4.893181539955549e-07,1.1591286090684161e-11,3.170144418969959e-16,3.162918538190951e-10,0.9999995231628418,2.0255496973177294e-14,1.3661844550615088e-13,1.4488737411186682e-18,2.2327746137975994e-15,6.612033376330803e-14,7.193688693630712e-17,1.5692214437149933e-16
TCN,42,14204,37,4,class_4,4,class_4,1,0.9997439980506897,1.0217000578904845e-09,2.7897115173480813e-10,7.728477193065766e-19,0.00025594784528948367,0.9997439980506897,9.923722204745625e-17,4.063510812557514e-12,6.883820839108907e-19,1.9101859539538414e-16,6.261578061605988e-11,6.56999782048818e-17,3.3174517820311333e-12
TCN,42,14205,37,4,class_4,4,class_4,1,1.0,3.6036219338823707e-17,1.4588811086541358e-16,2.65318667014493e-30,3.2899104447647876e-12,1.0,1.2088300555625674e-27,2.923364276664881e-22,1.377969532546905e-28,8.068567946213661e-27,2.3139891253970768e-17,2.88093543330669e-26,3.474107927852601e-24
TCN,42,14206,37,4,class_4,4,class_4,1,1.0,1.3610098926702496e-16,2.587347382784072e-13,2.1854364858487774e-28,1.8907211352114928e-09,1.0,6.668292384532536e-26,1.379100558848983e-20,3.490631359069554e-25,2.235739041175651e-25,3.820122403765157e-15,9.612062659699956e-24,4.0407113763664774e-20
TCN,42,14207,37,4,class_4,4,class_4,1,1.0,2.4110101320601565e-17,1.8373100184989396e-16,1.1195538912203278e-30,3.5275813642225186e-15,1.0,2.101729792675875e-28,1.876465407401484e-24,2.38442621585654e-28,5.0355818845415544e-27,3.4790918778959825e-18,5.286092214639869e-26,3.923275220005097e-25
TCN,42,14208,37,4,class_4,4,class_4,1,1.0,3.7364666439500194e-18,3.408240774701492e-15,6.721956299696975e-32,8.839640130986481e-09,1.0,8.542794792171545e-30,3.3955077994086425e-24,1.788654021386344e-29,3.942788578497583e-28,7.359195333288538e-19,4.72798082791578e-28,5.693592854924342e-23
TCN,42,14209,37,4,class_4,4,class_4,1,1.0,3.8662215035575375e-19,2.8282103889467013e-19,3.7884472490886384e-35,2.9300050197696484e-16,1.0,1.6205422719659246e-31,6.516343341749448e-30,1.5010487740205922e-34,2.8037137058637714e-30,1.692579150448636e-21,1.5239223492308776e-30,3.833291516698148e-29
TCN,42,14210,37,4,class_4,4,class_4,1,1.0,8.514067712840374e-15,5.385035299620977e-12,1.2548919481153535e-25,1.0215893686549293e-09,1.0,3.07665787346909e-23,1.854289486690415e-20,1.0890564006765313e-23,9.811524404091097e-23,1.766689652373237e-14,5.766844332881503e-22,1.2133261000807977e-18
TCN,42,14211,37,4,class_4,4,class_4,1,0.9999797344207764,1.4701085401108704e-12,2.0305107682361268e-05,9.399763825974364e-20,4.773870743157715e-10,0.9999797344207764,1.9581118986726573e-15,5.405759864805619e-14,7.427554986675992e-18,4.4358342292328913e-20,8.207387547365386e-11,1.3123593906743964e-15,4.426328637522009e-15
TCN,42,14212,37,4,class_4,4,class_4,1,1.0,8.839206530807963e-19,7.449139775069641e-15,2.595126241746093e-32,1.0147301564549654e-13,1.0,6.900904908027738e-29,1.334843074815213e-24,1.0167877326431928e-28,5.343561241956655e-29,1.094481752752854e-18,3.70471421879142e-27,1.2082141362330046e-24
TCN,42,14213,37,4,class_4,4,class_4,1,1.0,8.881241418288652e-14,1.5110664591333825e-14,4.8094627638541245e-26,7.418602543255229e-14,1.0,2.658355328663344e-21,8.41745049785713e-21,7.7521371016830145e-25,1.6090369378066562e-22,2.029980897241731e-16,2.6692153179991447e-23,6.116497273463236e-22
TCN,42,14214,37,4,class_4,4,class_4,1,0.9982010126113892,1.265987233664903e-13,1.950594633731706e-12,2.198267211405328e-24,0.0017990086926147342,0.9982010126113892,6.219667784309406e-23,3.7339323279892794e-17,1.2880485519480127e-22,5.979739700699268e-20,5.030728573518842e-14,4.612309921162294e-22,2.1461145035574225e-14
TCN,42,14215,37,4,class_4,4,class_4,1,0.9999992847442627,1.0425103835753902e-10,8.186027268368423e-13,5.376891116505475e-20,7.410392868223425e-07,0.9999992847442627,1.3510492163784333e-19,1.198067930670635e-13,3.485674477813103e-20,3.0681309719916216e-18,2.034843783272136e-13,1.0770928136145526e-19,9.450941335376655e-18
TCN,42,14216,37,4,class_4,4,class_4,1,1.0,8.005186411755988e-15,4.55388324434574e-14,1.8465463861604994e-27,3.560088162706256e-18,1.0,1.3715868265963536e-21,1.0314406822862664e-22,6.616125136129787e-25,1.5286322584875684e-23,6.367789880154897e-17,4.441066267776324e-22,3.383097518533796e-23
TCN,42,14217,37,4,class_4,4,class_4,1,1.0,5.203791217378573e-11,1.622945213549526e-13,3.846695598236668e-21,1.9493842651208126e-10,1.0,4.414283266219044e-20,1.5053747471289243e-16,7.950772806154472e-22,3.4998838897731154e-18,4.044488810701907e-13,5.134056091819195e-20,2.726178694364051e-19
TCN,42,14218,37,4,class_4,4,class_4,1,1.0,1.3502389158338455e-15,6.1219895628991e-20,1.9765608370658534e-30,1.469672142966033e-17,1.0,5.600498352131141e-28,3.432987998500132e-26,1.191212253129117e-32,1.1942371110402503e-26,4.034933309761467e-21,4.093912208632518e-28,5.1099635138132255e-28
TCN,42,14219,37,4,class_4,4,class_4,1,0.9999831914901733,1.2318657649935255e-13,3.8154307729736103e-13,1.5341670249277348e-24,1.681596586422529e-05,0.9999831914901733,4.1983455054900886e-23,1.0342108917804028e-18,1.1450874552803883e-23,3.9994667293079056e-21,4.3287117325926244e-14,1.8511820209586978e-22,2.2110971216183408e-17
TCN,42,14220,37,4,class_4,3,class_3,0,0.9999997615814209,2.479799568813612e-12,6.391115392988256e-13,1.032946649611692e-18,0.9999997615814209,2.2073440675285383e-07,4.1939556321298755e-20,1.5690179155924966e-09,2.582185484399778e-20,3.6831690189389667e-19,1.6464447757716779e-16,2.4782656288999405e-21,1.2428866800768407e-13
TCN,42,14221,37,4,class_4,3,class_3,0,0.9974316954612732,2.7365648809507537e-12,1.737182309113905e-08,7.510032881210319e-20,0.9974316954612732,0.0025683261919766665,2.5156747838915937e-17,6.919759903967204e-11,1.2436228087740965e-22,8.025915278364756e-22,9.389570655061753e-17,1.2473626153100193e-21,4.081338470852437e-15
TCN,42,14222,37,4,class_4,3,class_3,0,0.9999752044677734,6.747259137041342e-14,2.737294557686454e-10,1.0406511697801372e-22,0.9999752044677734,2.4754637706791982e-05,9.353758366749637e-20,1.4936877147479766e-13,2.6985821245886715e-24,1.5902819906660801e-22,5.6125577681539766e-18,7.543198416250046e-24,1.4563220421259793e-14
TCN,42,14223,37,4,class_4,4,class_4,1,0.9902771711349487,2.2336079652518492e-08,7.740047713866716e-09,4.609381774786083e-16,0.00972276646643877,0.9902771711349487,1.9556655828176922e-13,1.5011909226814169e-07,2.7817193953819214e-17,6.450542352123682e-17,3.437101948541854e-13,1.0581355400348506e-18,4.1138690761235996e-13
TCN,42,14224,37,4,class_4,3,class_3,0,0.9999983310699463,5.471812510472046e-15,3.1077548867664007e-10,2.6322959081936558e-21,0.9999983310699463,1.639175138734572e-06,3.1677664794360706e-19,1.1361657274722159e-11,1.7924131456971808e-23,2.264880558951408e-23,7.717066236515597e-19,1.602430196170994e-23,1.1356311331307649e-14
TCN,42,14225,37,4,class_4,4,class_4,1,0.9994701743125916,5.722264329044435e-10,5.217149805503141e-07,1.0336533306885114e-17,0.0005293253343552351,0.9994701743125916,2.1851785788826183e-13,1.7729184786929864e-10,1.2013838867822165e-18,4.628941998925839e-18,2.414961243132896e-12,9.76402092542185e-18,1.0136438129831893e-12
TCN,42,14226,37,4,class_4,4,class_4,1,0.9997901320457458,6.801093377362122e-08,4.0012190782867663e-10,3.7728520360777364e-15,0.00020971802587155253,0.9997901320457458,5.2212513555315726e-14,1.1714165193410508e-09,8.931369340297397e-18,3.1182020822432795e-15,2.916758154447585e-11,2.6715357945035304e-17,2.5874830056338283e-11
TCN,42,14227,37,4,class_4,4,class_4,1,0.6212948560714722,1.5837878208913025e-06,6.246783073038387e-07,6.218912971395207e-12,0.3786294162273407,0.6212948560714722,3.0315383450080224e-12,7.357905269600451e-05,6.799408583911537e-13,2.164365908718935e-12,1.661991544388286e-09,2.313157261221721e-13,3.0038849185842764e-10
TCN,42,14228,37,4,class_4,4,class_4,1,1.0,2.2950780165231777e-11,8.953151805005111e-14,4.4298845872742616e-21,5.419106461311551e-13,1.0,1.869198434954706e-18,3.9294792806346933e-16,9.541159052677786e-23,9.817079676181634e-20,1.631361231269491e-14,3.340868797157131e-21,4.0596090929420756e-19
TCN,42,14229,37,4,class_4,4,class_4,1,0.8745793104171753,6.536095753517657e-08,4.973580871592276e-06,3.22078572579515e-13,0.12538868188858032,0.8745793104171753,1.694923368322776e-11,2.684470200620126e-05,1.126076093265968e-13,1.2331794114507633e-13,5.632057042959104e-09,5.850346791215488e-14,1.5848434031795477e-07
TCN,42,14230,37,4,class_4,4,class_4,1,0.947274386882782,6.3794272087136505e-09,0.05202290788292885,5.33837517512634e-15,0.0007027313113212585,0.947274386882782,6.479996539354715e-10,7.32652480350815e-11,1.4294246802925084e-14,1.9812227691220173e-15,3.5593566982683456e-10,1.0922866615099142e-13,4.906104411617207e-09
TCN,42,14231,37,4,class_4,3,class_3,0,0.9895513653755188,4.321738629187166e-07,1.7377882466362848e-10,7.24051333669942e-16,0.9895513653755188,0.010448197834193707,1.5485439401044174e-15,2.5774244960530268e-08,5.148249089413927e-19,6.473737819988649e-16,1.1768339666477778e-13,1.92906687255915e-18,1.7142896531572444e-13
TCN,42,14232,37,4,class_4,4,class_4,1,1.0,1.8408958795415814e-15,2.2357974846509698e-11,1.0750906105887006e-26,1.3259361939270824e-17,1.0,5.843451484270471e-19,1.575528974025191e-20,2.5284916832942168e-24,3.467365077635466e-26,1.3954708987336988e-17,1.5251599097195344e-24,3.4525862246363614e-24
TCN,42,14233,37,4,class_4,3,class_3,0,1.0,4.067252862187525e-18,1.941498956774864e-14,6.827288902353544e-25,1.0,2.3329795872939485e-09,2.5893617684628805e-24,5.929357482434283e-13,1.9446150085588897e-26,1.1990260514027659e-25,1.2826219765188199e-20,7.256412533129297e-27,5.770627946571471e-15
TCN,42,14234,37,4,class_4,3,class_3,0,1.0,9.087818476324858e-17,1.874782273869613e-11,2.5517775950388927e-23,1.0,2.0223717811518327e-08,8.915523692384333e-22,5.114829458412185e-13,6.757124655214793e-25,1.0994118763869807e-24,1.0517735905461287e-19,4.06148636230918e-25,1.7634141759662048e-14
TCN,42,14235,37,4,class_4,3,class_3,0,0.9999111890792847,3.828443673192794e-10,2.9756408448378124e-10,6.67467785787901e-17,0.9999111890792847,8.879019878804684e-05,1.2328752482721513e-16,6.823353437823698e-09,1.2776751682682886e-18,5.2411735254523684e-17,1.0222118290714732e-13,7.971883877103503e-19,4.389595457954254e-12
TCN,42,14236,37,4,class_4,3,class_3,0,0.9989867806434631,6.1204654677737835e-09,4.730181046852522e-08,7.341104110779144e-15,0.9989867806434631,0.001013086293824017,8.08554544390154e-14,6.314801481721588e-08,6.855303398716254e-16,1.8218187917452833e-15,4.390893898476023e-12,2.1076538185049504e-16,1.5886167381573557e-10
TCN,42,14237,37,4,class_4,3,class_3,0,0.998621940612793,5.132626323955947e-09,2.030598125202232e-07,7.551445905217002e-13,0.998621940612793,0.0013688454637303948,1.5721463844306505e-12,9.001810212794226e-06,2.2250596259557704e-15,1.776504858407783e-15,1.5470228180089474e-12,2.621270933736994e-15,9.355394237076098e-10
TCN,42,14238,37,4,class_4,3,class_3,0,0.9994897842407227,1.5413845547151972e-11,1.9562254038874016e-09,1.4693200948973305e-17,0.9994897842407227,0.0005101260612718761,1.177353826766408e-16,9.764295150205271e-09,4.355658455891482e-20,1.3084054708619105e-19,2.7393426679030337e-15,1.607684715609395e-19,1.0459047907265817e-12
TCN,42,14239,37,4,class_4,3,class_3,0,0.9998652935028076,1.610953904995771e-11,2.371651097732297e-09,1.833407281107241e-17,0.9998652935028076,0.00013471888087224215,1.649083415751273e-16,2.6025392951822823e-09,1.0779102360808169e-19,3.5258483137193307e-19,3.4362523660254286e-15,1.8892240381449143e-19,1.0147836347271233e-12
TCN,42,14240,37,5,class_5,5,class_5,1,1.0,1.7155188160492836e-36,1.3325202131375e-21,7.378602490393996e-31,0.0,2.802596928649634e-45,1.0,0.0,3.3895185884491645e-30,8.50588167845164e-43,0.0,1.5235755692083254e-20,1.9898438193412402e-43
TCN,42,14241,37,5,class_5,5,class_5,1,1.0,8.602051320795146e-22,7.233572431092263e-15,3.504705318768534e-19,0.0,2.7575965685521984e-28,1.0,0.0,4.276558502022532e-21,8.491043549933091e-29,5.000857862245256e-34,1.2307203435147772e-15,2.955626944706413e-28
TCN,42,14242,37,5,class_5,5,class_5,1,1.0,1.895338566926429e-21,9.46857276547803e-30,2.7648737550323763e-29,0.0,5.324934164434305e-44,1.0,0.0,1.132725152236814e-37,1.1949728564527012e-30,0.0,1.9371824289026314e-25,1.9363587905055855e-36
TCN,42,14243,37,5,class_5,5,class_5,1,1.0,0.0,1.4129558662495352e-38,0.0,0.0,0.0,1.0,0.0,0.0,0.0,0.0,3.190055954035446e-41,0.0
TCN,42,14244,37,5,class_5,5,class_5,1,1.0,1.3377555560154485e-14,2.174067870175378e-11,3.1937592761405176e-13,4.612116280615454e-37,5.79134285384178e-20,1.0,3.998058325238147e-34,2.2395316073760838e-15,6.117026437864751e-17,7.837214448690607e-23,1.6933239532779254e-11,8.11150183153995e-18
TCN,42,14245,37,5,class_5,5,class_5,1,1.0,6.089512981323139e-15,5.73570982310973e-23,1.9105828432250565e-21,0.0,1.8129183011805372e-27,1.0,1.3032075718220799e-43,3.145850684201676e-29,3.242396782252136e-20,3.0555313014602636e-40,9.448365659941e-23,1.2203942778395163e-28
TCN,42,14246,37,5,class_5,5,class_5,1,1.0,1.3710242295369812e-25,2.7571814736416566e-24,8.33819967917183e-27,0.0,8.481167706111544e-37,1.0,0.0,2.197436519458949e-32,4.252187373365087e-30,0.0,6.9245977413804744e-18,4.2609282404724713e-41
TCN,42,14247,37,5,class_5,5,class_5,1,1.0,2.5332108474415953e-18,3.399400264159917e-29,2.177879858970731e-28,0.0,2.6624670822171524e-44,1.0,0.0,2.032416567092403e-36,1.8525559255512817e-29,0.0,1.0815462870866462e-23,2.3492615055505836e-34
TCN,42,14248,37,5,class_5,5,class_5,1,1.0,2.8848837437670796e-26,3.013427695701203e-20,2.4341152044928337e-23,0.0,4.069343907215235e-35,1.0,0.0,8.893077814705281e-28,2.2822423711362558e-35,9.80908925027372e-45,4.781178580682086e-20,5.9732393161810996e-36
TCN,42,14249,37,5,class_5,5,class_5,1,1.0,1.8918775249017497e-22,5.002945334500805e-31,9.209800755641684e-30,0.0,3.2229864679470793e-44,1.0,0.0,6.553360042409227e-38,1.8202045718810583e-31,0.0,1.954282406507736e-26,1.3963813080135013e-39
TCN,42,14250,37,5,class_5,5,class_5,1,1.0,1.8918775249017497e-22,5.002945334500805e-31,9.209800755641684e-30,0.0,3.2229864679470793e-44,1.0,0.0,6.553360042409227e-38,1.8202045718810583e-31,0.0,1.954282406507736e-26,1.3963813080135013e-39
TCN,42,14251,37,5,class_5,5,class_5,1,1.0,2.3296092770896923e-20,5.497007218507546e-24,3.496483967429195e-24,0.0,1.2521831782482286e-36,1.0,0.0,3.4628222751071202e-31,9.811893748766922e-24,0.0,2.2020651352174045e-20,4.5942941462001525e-29
TCN,42,14252,37,5,class_5,5,class_5,1,1.0,2.8848837437670796e-26,3.013427695701203e-20,2.4341152044928337e-23,0.0,4.069343907215235e-35,1.0,0.0,8.893077814705281e-28,2.2822423711362558e-35,9.80908925027372e-45,4.781178580682086e-20,5.9732393161810996e-36
TCN,42,14253,37,5,class_5,5,class_5,1,1.0,2.9071337940882655e-41,2.799557646844914e-29,3.675748804367356e-39,0.0,2.1501229363922485e-39,1.0,0.0,4.013318801826276e-42,3.1381938978707846e-40,0.0,6.072291943002985e-33,0.0
TCN,42,14254,37,5,class_5,5,class_5,1,1.0,4.1504468228885357e-26,7.299127035216257e-30,1.618930504641738e-30,0.0,3.109481292336769e-42,1.0,0.0,5.2169700592635665e-37,1.0323891043158938e-30,0.0,1.8601573508595013e-18,2.802596928649634e-45
TCN,42,14255,37,5,class_5,5,class_5,1,1.0,0.0,2.14950776636641e-40,0.0,0.0,0.0,1.0,0.0,0.0,0.0,0.0,4.610271947628648e-43,0.0
TCN,42,14256,37,5,class_5,5,class_5,1,1.0,1.0227671452737643e-20,7.153629329181504e-17,2.5121733697176873e-19,0.0,4.794784596931768e-28,1.0,0.0,2.2951326252487738e-24,7.806924083196293e-24,3.382558893366947e-36,3.4368986521641836e-15,5.790849293280699e-30
TCN,42,14257,37,5,class_5,5,class_5,1,1.0,0.0,2.956739759725364e-43,0.0,0.0,0.0,1.0,0.0,0.0,0.0,0.0,7.006492321624085e-45,0.0
TCN,42,14258,37,5,class_5,5,class_5,1,1.0,7.073984738685493e-24,4.63178181336631e-19,1.0432451968719936e-21,0.0,2.184191225438036e-31,1.0,0.0,5.371730230361003e-27,8.575228499659434e-27,5.401627229386802e-40,9.119385673733352e-17,1.3125341250896229e-33
TCN,42,14259,37,5,class_5,5,class_5,1,1.0,1.8053509077146328e-31,2.9361071632375625e-28,4.449149433452003e-32,0.0,2.569841253725282e-41,1.0,0.0,6.266229166602354e-37,1.6853617341072724e-30,0.0,3.2893680437253526e-25,1.3855997176289861e-39
TCN,42,14260,37,5,class_5,5,class_5,1,1.0,0.0,0.0,0.0,0.0,0.0,1.0,0.0,0.0,0.0,0.0,0.0,0.0
TCN,42,14261,37,5,class_5,5,class_5,1,1.0,0.0,3.922234401645163e-42,0.0,0.0,0.0,1.0,0.0,0.0,0.0,0.0,0.0,0.0
TCN,42,14262,37,5,class_5,5,class_5,1,1.0,0.0,3.2229864679470793e-44,0.0,0.0,0.0,1.0,0.0,0.0,0.0,0.0,0.0,0.0
TCN,42,14263,37,5,class_5,5,class_5,1,1.0,0.0,8.88423226381934e-43,0.0,0.0,0.0,1.0,0.0,0.0,0.0,0.0,0.0,0.0
TCN,42,14264,37,5,class_5,5,class_5,1,1.0,0.0,0.0,0.0,0.0,0.0,1.0,0.0,0.0,0.0,0.0,0.0,0.0
TCN,42,14265,37,5,class_5,5,class_5,1,1.0,0.0,0.0,0.0,0.0,0.0,1.0,0.0,0.0,0.0,0.0,0.0,0.0
TCN,42,14266,37,5,class_5,5,class_5,1,1.0,0.0,0.0,0.0,0.0,0.0,1.0,0.0,0.0,0.0,0.0,0.0,0.0
TCN,42,14267,37,5,class_5,5,class_5,1,1.0,0.0,1.401298464324817e-45,0.0,0.0,0.0,1.0,0.0,0.0,0.0,0.0,0.0,0.0
TCN,42,14268,37,5,class_5,5,class_5,1,1.0,0.0,2.342549708313877e-34,0.0,0.0,1.401298464324817e-45,1.0,0.0,0.0,0.0,0.0,9.675965896162862e-42,0.0
TCN,42,14269,37,5,class_5,5,class_5,1,1.0,1.512270849225527e-30,7.929062247727e-28,1.856604935458751e-34,0.0,7.306452028819913e-38,1.0,0.0,1.5998624567196436e-41,4.518096216203519e-38,0.0,7.852168608769565e-25,0.0
TCN,42,14270,37,5,class_5,5,class_5,1,1.0,2.0892949027304223e-25,7.560738136624527e-29,4.830853431738162e-31,0.0,2.466285297211678e-43,1.0,0.0,5.295966522579782e-39,1.866349278531839e-32,0.0,2.706695443828259e-28,4.2991761215368314e-38
TCN,42,14271,37,5,class_5,5,class_5,1,1.0,0.0,0.0,0.0,0.0,0.0,1.0,0.0,0.0,0.0,0.0,0.0,0.0
TCN,42,14272,37,5,class_5,5,class_5,1,1.0,2.704427805763489e-26,8.514960002493302e-19,2.091638189397478e-26,0.0,2.617944861464593e-25,1.0,4.203895392974451e-45,8.212462839043582e-28,9.82138567754965e-28,7.258652935538033e-35,1.212477065623033e-22,4.444191492153822e-34
TCN,42,14273,37,5,class_5,5,class_5,1,1.0,0.0,0.0,0.0,0.0,0.0,1.0,0.0,0.0,0.0,0.0,0.0,0.0
TCN,42,14274,37,5,class_5,5,class_5,1,1.0,0.0,2.9133303358975098e-39,4.624284932271896e-44,0.0,0.0,1.0,0.0,0.0,0.0,0.0,3.3878682764815436e-35,0.0
TCN,42,14275,37,5,class_5,5,class_5,1,1.0,0.0,0.0,0.0,0.0,0.0,1.0,0.0,0.0,0.0,0.0,0.0,0.0
TCN,42,14276,37,5,class_5,5,class_5,1,1.0,6.611326154684487e-42,9.977430145359342e-26,5.3181154461069e-39,0.0,2.7840123514836968e-34,1.0,0.0,9.851128204203464e-43,7.987401246651457e-44,0.0,5.806252178897213e-35,0.0
TCN,42,14277,37,5,class_5,5,class_5,1,1.0,0.0,1.5334260623655384e-32,0.0,0.0,2.200038588989963e-43,1.0,0.0,0.0,0.0,0.0,7.374150999708988e-40,0.0
TCN,42,14278,37,5,class_5,5,class_5,1,1.0,0.0,9.669605509604598e-34,0.0,0.0,1.6815581571897805e-44,1.0,0.0,0.0,0.0,0.0,6.778220801785573e-41,0.0
TCN,42,14279,37,5,class_5,5,class_5,1,1.0,0.0,2.819203656214254e-35,0.0,0.0,0.0,1.0,0.0,0.0,0.0,0.0,4.959055135399095e-41,0.0
TCN,42,14280,37,6,class_6,6,class_6,1,1.0,1.6993847531975893e-14,4.5832238091880946e-17,1.5575449621881948e-16,2.1711037915400633e-12,5.164217471995212e-16,4.7078974869932767e-20,1.0,3.2441212987329443e-17,7.655725181674334e-15,1.931485341875102e-18,1.366450438660413e-25,2.8293721058007988e-14
TCN,42,14281,37,6,class_6,3,class_3,0,0.9999997615814209,3.5265132480866157e-10,6.027832313154624e-13,2.0664609651536384e-15,0.9999997615814209,7.655724665323049e-11,2.161699399871413e-19,2.585849756542302e-07,1.1641598327750442e-16,2.1987944643678396e-17,8.925324400995555e-14,5.2695576465607574e-20,2.5913592357541294e-15
TCN,42,14282,37,6,class_6,6,class_6,1,1.0,1.9801342857062032e-11,1.8820731157229284e-15,1.5656227448292446e-16,2.0797961963747724e-10,2.0181012622740718e-13,9.326594789409161e-19,1.0,5.13153569834214e-18,1.8916089332337785e-16,3.105734313125068e-17,5.917297419059715e-26,1.4011629601392477e-16
TCN,42,14283,37,6,class_6,3,class_3,0,1.0,1.3663771574723765e-18,6.802891685175221e-21,1.5122392678864843e-26,1.0,8.492058473259006e-19,1.7577538484060525e-31,3.20942206465308e-17,3.812588790538856e-26,1.9423769547039953e-25,1.4521409919015372e-23,1.7397690199373417e-31,3.067304163610344e-17
TCN,42,14284,37,6,class_6,3,class_3,0,0.999998927116394,1.4296962502768906e-09,1.9445747095891974e-12,2.7329719637001447e-14,0.999998927116394,3.1989796922538005e-10,3.559337496300364e-18,1.0552566891419701e-06,3.4814563968380225e-15,5.363236333282082e-16,2.272873458452479e-13,3.6584644944632463e-19,4.251359735172461e-13
TCN,42,14285,37,6,class_6,3,class_3,0,1.0,1.0191862803262916e-23,8.971867300581372e-26,1.859549308198561e-31,1.0,4.706377194098963e-25,5.1877918863277637e-39,1.2525128041702814e-21,8.917684385053798e-33,8.677977136223736e-32,2.8217918215641635e-31,1.8607197710475656e-39,4.5658991515153526e-23
TCN,42,14286,37,6,class_6,3,class_3,0,0.7221618890762329,1.3001670140511123e-07,1.1764802465563662e-08,2.1439020003732878e-10,0.7221618890762329,9.716839777240693e-09,1.978418920660016e-13,0.27783799171447754,2.2025241873391277e-12,2.3320288842360037e-12,2.1237548178398846e-11,1.834897562786041e-16,2.819106059703813e-10
TCN,42,14287,37,6,class_6,3,class_3,0,1.0,7.14429174219573e-20,6.262627069139307e-20,1.4679858351070575e-24,1.0,4.8264415160600753e-20,1.9780844658236152e-30,2.874273491741339e-14,1.2621317190730194e-25,6.856020325857342e-26,8.72271408857395e-25,3.4612113776487534e-31,1.996099314653763e-18
TCN,42,14288,37,6,class_6,3,class_3,0,1.0,1.3076927420608376e-16,8.738832299377716e-18,1.1913364768873237e-22,1.0,3.2381493855825565e-17,4.624965916678418e-27,1.2752717989689827e-13,1.361084399509897e-21,2.3346958219142986e-22,8.345671577085415e-21,5.9377579595285e-27,7.171974331695447e-14
TCN,42,14289,37,6,class_6,3,class_3,0,1.0,8.022996814719226e-18,2.027513119689465e-15,5.428089977507328e-19,1.0,2.0876938510623723e-17,1.8900928562796604e-25,5.365686561731309e-09,7.245152846964647e-20,5.103275617772975e-23,7.882109706729181e-20,3.2658124105764203e-25,6.934623269666291e-16
TCN,42,14290,37,6,class_6,3,class_3,0,0.9999984502792358,5.900377519907352e-09,3.578706558524103e-12,1.1480456884628565e-13,0.9999984502792358,1.9346241275641773e-10,3.896453466021248e-17,1.585909217283188e-06,5.5840179485552865e-14,3.062358512931872e-14,1.0860571339824099e-12,1.3743895390782948e-17,5.742829128907445e-11
TCN,42,14291,37,6,class_6,3,class_3,0,0.999974250793457,3.48759805757215e-11,1.0878677516104607e-12,7.872551216611332e-15,0.999974250793457,3.2992074783938508e-12,1.2004325463597193e-17,2.5693241695989855e-05,2.73565659227482e-15,1.2572282395991005e-15,2.216255989018483e-15,1.4717245926157485e-20,1.8824890257729265e-10
TCN,42,14292,37,6,class_6,6,class_6,1,1.0,2.1273590225906682e-18,2.185586065672343e-21,5.195506564043935e-20,4.312667031217826e-13,9.022175263389513e-20,5.139995020918542e-27,1.0,8.358060303124887e-22,2.4772226269877717e-24,7.872202717533784e-25,5.441713794209708e-33,2.639734184449197e-19
TCN,42,14293,37,6,class_6,3,class_3,0,1.0,7.699536372684287e-16,1.710856999198937e-16,2.793317842757683e-21,1.0,1.4595155892711885e-16,1.389818594084839e-24,3.780962088556494e-12,1.770921797848574e-20,2.1963268928352447e-20,1.690076686757593e-20,2.293214953691988e-25,1.943156789988021e-12
TCN,42,14294,37,6,class_6,3,class_3,0,0.9999831914901733,1.2249611325287901e-09,8.712191260301996e-14,5.982595294643899e-16,0.9999831914901733,2.3902716611567953e-11,3.7743523431855606e-18,1.6844565834617242e-05,3.176508283381799e-16,8.658062678598894e-16,9.123551752344863e-16,6.182292968258776e-20,4.93094887837886e-12
TCN,42,14295,37,6,class_6,6,class_6,1,0.9999988079071045,4.2312178066827855e-12,1.202585015076807e-12,7.911041748987283e-14,1.1955685295106377e-06,5.806930457319393e-13,1.1062935196688356e-16,0.9999988079071045,3.4194103864186977e-15,8.110174451502264e-15,1.9985151584984507e-15,3.7062884040398167e-22,3.927191905006566e-11
TCN,42,14296,37,6,class_6,3,class_3,0,1.0,1.0653017572331578e-17,4.728214464554257e-21,9.903066292421058e-27,1.0,8.897394550998006e-19,5.887090119087606e-31,1.9429787021578936e-16,1.0030661462352645e-26,1.28688329000617e-24,1.6782199287540122e-24,9.306528894386668e-31,4.517199179136398e-16
TCN,42,14297,37,6,class_6,3,class_3,0,0.9999864101409912,1.4591657304663386e-07,2.5567960942884937e-11,1.5331743578698986e-13,0.9999864101409912,4.378359008683219e-09,2.2487628900726164e-16,1.3400406714936253e-05,1.3681998683155467e-14,3.139076658656946e-14,1.483944396399664e-13,2.5401436549505554e-18,1.8469650722025e-12
TCN,42,14298,37,6,class_6,6,class_6,1,1.0,4.555885616680522e-12,7.689351330889146e-16,4.32631838541362e-17,7.448818228894538e-10,2.2691333675332187e-13,6.766482684278846e-19,1.0,2.170137784662675e-17,2.921188200882119e-16,1.4778019718112247e-16,5.481571577175086e-25,7.302549500360733e-16
TCN,42,14299,37,6,class_6,6,class_6,1,1.0,3.354319277408217e-34,3.4227695900058684e-40,2.150092275981849e-37,2.781913469586105e-32,5.080135772658603e-33,0.0,1.0,2.987327302604646e-38,3.110584114228193e-39,1.1630777253895982e-43,0.0,6.181760635025028e-35
TCN,42,14300,37,6,class_6,3,class_3,0,0.9966320395469666,1.59141542746873e-17,1.4333625703456115e-13,1.1868154163978101e-17,0.9966320395469666,4.726785962410469e-20,1.9555792815099676e-24,1.2120943138071993e-10,4.489615005269857e-18,8.490972152470176e-20,3.3355124820977783e-23,5.501188698995186e-26,0.003367993514984846
TCN,42,14301,37,6,class_6,3,class_3,0,1.0,3.595220554828936e-31,7.255565530710171e-24,1.2758134199871783e-37,1.0,2.1990990328742604e-30,1.1210387714598537e-44,7.671721053376057e-29,2.860427114973855e-39,1.500152644101072e-38,4.934807739395681e-37,7.006492321624085e-45,1.539883467296551e-20
TCN,42,14302,37,6,class_6,3,class_3,0,0.9987620115280151,2.7051757643843655e-13,1.6975951200315365e-10,1.8633867218735512e-15,0.9987620115280151,7.79423116217641e-15,7.861693370559467e-21,0.001237190910615027,8.149285787560147e-18,6.75511231127748e-20,6.2835004549092e-20,1.4621638444113001e-24,8.673860065755434e-07
TCN,42,14303,37,6,class_6,3,class_3,0,1.0,2.551750347386485e-29,3.0466936041403325e-20,7.78309595194318e-34,1.0,2.9470799685397765e-29,1.6207978557766564e-40,1.2924967256001096e-24,5.586337802927251e-33,4.195270920640106e-34,3.413922121535936e-33,1.289803171101888e-38,3.618530256384528e-15
TCN,42,14304,37,6,class_6,3,class_3,0,1.0,2.3231174658614892e-24,2.0416600919209387e-17,7.52247917716741e-28,1.0,5.513552984348877e-25,1.8467943789929332e-33,2.993217993125913e-20,3.270384275523044e-27,2.9364334157701417e-27,5.7865304736213146e-27,1.4434027376861336e-32,4.5015932648162504e-10
TCN,42,14305,37,6,class_6,3,class_3,0,1.0,3.39759551979431e-23,1.6260854653816939e-15,2.893592090233379e-25,1.0,3.0644745478766758e-24,1.5920015042268296e-31,3.088357035165452e-16,8.216141634867553e-25,1.322848247536101e-26,2.557279516515713e-26,6.4236637936277924e-31,9.464461436792249e-10
TCN,42,14306,37,6,class_6,3,class_3,0,0.9999901056289673,1.2315622148550092e-16,4.58695161853484e-08,5.820868435288439e-15,0.9999901056289673,4.9872224858030826e-20,2.0695604070357916e-27,7.4339773163956124e-06,1.2365073843831989e-20,6.118007668953646e-27,8.635117217210099e-27,3.7994225941786404e-28,2.4710907382541336e-06
TCN,42,14307,37,6,class_6,3,class_3,0,1.0,4.598250495010647e-24,2.397413864652087e-13,2.7104801561695224e-26,1.0,7.1387746736922e-24,3.524668612651521e-34,6.924861611995879e-18,6.300317738233297e-28,9.951356811817315e-33,1.502168110047159e-31,3.0779217550327703e-33,7.514251373907932e-12
TCN,42,14308,37,6,class_6,3,class_3,0,1.0,1.5616957621887885e-26,1.1078104034761354e-17,4.004612558477386e-31,1.0,4.346311587116784e-27,3.54303743200501e-37,1.336148619891831e-22,6.326439126069021e-31,2.0929817975712928e-31,1.158768124155002e-31,8.207946343069314e-37,6.01980895686971e-11
TCN,42,14309,37,6,class_6,3,class_3,0,0.9999998807907104,9.33462614340522e-29,9.451488928942165e-18,2.825453721565845e-31,0.9999998807907104,3.35021147171247e-28,7.563351515765196e-39,9.897084762742347e-22,5.37883645444743e-30,4.3625284302342595e-32,5.545044890434772e-32,2.8571587824876024e-37,7.19316162189898e-08
TCN,42,14310,37,6,class_6,3,class_3,0,0.9994022846221924,4.431868136001271e-28,5.425360022991961e-20,2.9969517645824522e-31,0.9994022846221924,1.2782465652152353e-28,6.420854941180829e-38,1.451466101675598e-24,1.5843961206642976e-28,2.381775414029334e-27,5.2781276216328214e-30,2.3051500540612936e-36,0.0005976790562272072
TCN,42,14311,37,6,class_6,3,class_3,0,1.0,2.8415346165282084e-33,4.739264911645256e-29,1.9742894063872348e-41,1.0,2.4339555337359936e-32,0.0,2.4150327195500441e-32,1.8357009882655104e-43,6.246988553960035e-42,1.286391990250182e-42,0.0,1.612852310906412e-23
TCN,42,14312,37,6,class_6,3,class_3,0,0.9999996423721313,1.2404109793266743e-29,4.3038034605259095e-22,2.6790331295268334e-34,0.9999996423721313,8.630415275917996e-29,1.90485506747994e-40,5.331772865508303e-28,5.992008984919684e-32,7.849360706429383e-30,4.742838997516954e-31,2.2173754535905894e-39,3.19483717703406e-07
TCN,42,14313,37,6,class_6,3,class_3,0,1.0,1.4067766259284952e-30,2.8421100414825244e-25,8.611835985312905e-37,1.0,1.3935260210241053e-29,7.707141553786494e-44,1.4823274188086128e-27,3.6975073261423135e-38,2.4321659216829117e-38,2.1475256296886224e-38,0.0,9.619523258068542e-21
TCN,42,14314,37,6,class_6,3,class_3,0,1.0,9.202746886757089e-29,9.66287003516162e-24,1.5059238613341392e-34,1.0,3.9495476296374102e-28,4.1240213805079366e-41,1.7395811229770068e-26,1.6557067520072315e-35,1.9796269051542196e-35,9.145285782353043e-36,5.198817302645071e-43,6.764241335011557e-18
TCN,42,14315,37,6,class_6,3,class_3,0,1.0,1.0186150641054241e-38,1.698419238203664e-29,0.0,1.0,6.307960059077702e-37,0.0,7.677536321130703e-39,0.0,0.0,0.0,0.0,9.575095059959489e-25
TCN,42,14316,37,6,class_6,3,class_3,0,1.0,3.173719235385165e-36,2.3529201686375524e-27,6.572089797683392e-43,1.0,8.20839325190179e-35,0.0,2.0828690515266064e-36,2.488706072640875e-42,1.377462377446652e-40,5.427088822483584e-41,0.0,2.5124069241636417e-16
TCN,42,14317,37,6,class_6,3,class_3,0,1.0,6.367767662908603e-24,4.938845215418831e-19,1.9146835968476081e-28,1.0,2.132740677528371e-23,6.456105634061343e-34,2.3661588259887803e-21,2.655477744369711e-28,4.1715377780060175e-28,1.6370356379042895e-27,8.162617848841839e-35,8.614420483367413e-13
TCN,42,14318,37,6,class_6,3,class_3,0,1.0,5.999957889308928e-29,3.1780790063718417e-22,2.3153820134854583e-34,1.0,3.4598305893221306e-28,4.5899531198959383e-41,1.2835775344864743e-26,3.7888229136651097e-35,4.498480562282285e-35,4.2100062015051446e-33,2.6767603265532656e-41,1.0289713229853388e-17
TCN,42,14319,37,6,class_6,3,class_3,0,1.0,4.8953949364853144e-30,6.605007324962054e-24,8.684678394189315e-37,1.0,1.1893984816851696e-28,4.3159992701204366e-43,7.46994122263933e-30,2.4421242211936667e-37,2.661136687213045e-35,2.376518739987756e-34,1.064986832886861e-43,8.86589862347109e-16
TCN,42,14320,37,7,class_7,7,class_7,1,1.0,0.0,0.0,0.0,0.0,0.0,0.0,0.0,1.0,0.0,0.0,0.0,0.0
TCN,42,14321,37,7,class_7,7,class_7,1,1.0,0.0,0.0,0.0,0.0,0.0,0.0,0.0,1.0,0.0,0.0,0.0,0.0
TCN,42,14322,37,7,class_7,7,class_7,1,1.0,0.0,0.0,0.0,0.0,0.0,0.0,0.0,1.0,0.0,0.0,0.0,0.0
TCN,42,14323,37,7,class_7,7,class_7,1,1.0,0.0,0.0,0.0,0.0,0.0,0.0,0.0,1.0,0.0,0.0,0.0,0.0
TCN,42,14324,37,7,class_7,7,class_7,1,1.0,0.0,0.0,0.0,0.0,0.0,0.0,0.0,1.0,0.0,0.0,0.0,0.0
TCN,42,14325,37,7,class_7,7,class_7,1,1.0,0.0,0.0,0.0,0.0,0.0,0.0,0.0,1.0,0.0,0.0,0.0,0.0
TCN,42,14326,37,7,class_7,7,class_7,1,1.0,0.0,0.0,0.0,0.0,0.0,0.0,0.0,1.0,0.0,0.0,0.0,0.0
TCN,42,14327,37,7,class_7,7,class_7,1,1.0,0.0,0.0,0.0,0.0,0.0,0.0,0.0,1.0,0.0,0.0,0.0,0.0
TCN,42,14328,37,7,class_7,7,class_7,1,1.0,0.0,0.0,0.0,0.0,0.0,0.0,0.0,1.0,0.0,0.0,0.0,0.0
TCN,42,14329,37,7,class_7,7,class_7,1,1.0,0.0,0.0,0.0,0.0,0.0,0.0,0.0,1.0,0.0,0.0,0.0,0.0
TCN,42,14330,37,7,class_7,7,class_7,1,1.0,0.0,0.0,0.0,0.0,0.0,0.0,0.0,1.0,0.0,0.0,0.0,0.0
TCN,42,14331,37,7,class_7,7,class_7,1,1.0,0.0,0.0,0.0,0.0,0.0,0.0,0.0,1.0,0.0,0.0,0.0,0.0
TCN,42,14332,37,7,class_7,7,class_7,1,1.0,0.0,0.0,0.0,0.0,0.0,0.0,0.0,1.0,0.0,0.0,0.0,0.0
TCN,42,14333,37,7,class_7,7,class_7,1,1.0,0.0,0.0,0.0,0.0,0.0,0.0,0.0,1.0,0.0,0.0,0.0,0.0
TCN,42,14334,37,7,class_7,7,class_7,1,1.0,0.0,0.0,0.0,0.0,0.0,0.0,0.0,1.0,0.0,0.0,0.0,0.0
TCN,42,14335,37,7,class_7,7,class_7,1,1.0,0.0,0.0,0.0,0.0,0.0,0.0,0.0,1.0,0.0,0.0,0.0,0.0
TCN,42,14336,37,7,class_7,7,class_7,1,1.0,0.0,0.0,0.0,0.0,0.0,0.0,0.0,1.0,0.0,0.0,0.0,0.0
TCN,42,14337,37,7,class_7,7,class_7,1,1.0,0.0,0.0,0.0,0.0,0.0,0.0,0.0,1.0,0.0,0.0,0.0,0.0
TCN,42,14338,37,7,class_7,7,class_7,1,1.0,0.0,0.0,0.0,0.0,0.0,0.0,0.0,1.0,0.0,0.0,0.0,0.0
TCN,42,14339,37,7,class_7,7,class_7,1,1.0,0.0,0.0,0.0,0.0,0.0,0.0,0.0,1.0,0.0,0.0,0.0,0.0
TCN,42,14340,37,7,class_7,7,class_7,1,1.0,0.0,0.0,0.0,0.0,0.0,0.0,0.0,1.0,0.0,0.0,0.0,0.0
TCN,42,14341,37,7,class_7,7,class_7,1,1.0,0.0,0.0,0.0,0.0,0.0,0.0,0.0,1.0,0.0,0.0,0.0,0.0
TCN,42,14342,37,7,class_7,7,class_7,1,1.0,0.0,0.0,0.0,0.0,0.0,0.0,0.0,1.0,0.0,0.0,0.0,0.0
TCN,42,14343,37,7,class_7,7,class_7,1,1.0,0.0,0.0,0.0,0.0,0.0,0.0,0.0,1.0,0.0,0.0,0.0,0.0
TCN,42,14344,37,7,class_7,7,class_7,1,1.0,0.0,0.0,0.0,0.0,0.0,0.0,0.0,1.0,0.0,0.0,0.0,0.0
TCN,42,14345,37,7,class_7,7,class_7,1,1.0,0.0,0.0,0.0,0.0,0.0,0.0,0.0,1.0,0.0,0.0,0.0,0.0
TCN,42,14346,37,7,class_7,7,class_7,1,1.0,0.0,0.0,0.0,0.0,0.0,0.0,0.0,1.0,0.0,0.0,0.0,0.0
TCN,42,14347,37,7,class_7,7,class_7,1,1.0,0.0,0.0,0.0,0.0,0.0,0.0,0.0,1.0,0.0,0.0,0.0,0.0
TCN,42,14348,37,7,class_7,7,class_7,1,1.0,0.0,0.0,0.0,0.0,0.0,0.0,0.0,1.0,0.0,0.0,0.0,0.0
TCN,42,14349,37,7,class_7,7,class_7,1,1.0,0.0,0.0,0.0,0.0,0.0,0.0,0.0,1.0,0.0,0.0,0.0,0.0
TCN,42,14350,37,7,class_7,7,class_7,1,1.0,0.0,0.0,0.0,0.0,0.0,0.0,0.0,1.0,0.0,0.0,0.0,0.0
TCN,42,14351,37,7,class_7,7,class_7,1,1.0,0.0,0.0,0.0,0.0,0.0,0.0,0.0,1.0,0.0,0.0,0.0,0.0
TCN,42,14352,37,7,class_7,7,class_7,1,1.0,0.0,0.0,0.0,0.0,0.0,0.0,0.0,1.0,0.0,0.0,0.0,0.0
TCN,42,14353,37,7,class_7,7,class_7,1,1.0,0.0,0.0,0.0,0.0,0.0,0.0,0.0,1.0,0.0,0.0,0.0,0.0
TCN,42,14354,37,7,class_7,7,class_7,1,1.0,0.0,0.0,0.0,0.0,0.0,0.0,0.0,1.0,0.0,0.0,0.0,0.0
TCN,42,14355,37,7,class_7,7,class_7,1,1.0,0.0,0.0,0.0,0.0,0.0,0.0,0.0,1.0,0.0,0.0,0.0,0.0
TCN,42,14356,37,7,class_7,7,class_7,1,1.0,0.0,0.0,0.0,0.0,0.0,0.0,0.0,1.0,0.0,0.0,0.0,0.0
TCN,42,14357,37,7,class_7,7,class_7,1,1.0,0.0,0.0,0.0,0.0,0.0,0.0,0.0,1.0,0.0,0.0,0.0,0.0
TCN,42,14358,37,7,class_7,7,class_7,1,1.0,0.0,0.0,0.0,0.0,0.0,0.0,0.0,1.0,0.0,0.0,0.0,0.0
TCN,42,14359,37,7,class_7,7,class_7,1,1.0,0.0,0.0,0.0,0.0,0.0,0.0,0.0,1.0,0.0,0.0,0.0,0.0
TCN,42,14360,37,8,class_8,8,class_8,1,1.0,0.0,0.0,0.0,0.0,0.0,0.0,0.0,0.0,1.0,0.0,5.605193857299268e-45,1.8216880036222622e-44
TCN,42,14361,37,8,class_8,8,class_8,1,1.0,0.0,0.0,0.0,0.0,0.0,0.0,0.0,0.0,1.0,0.0,1.509198446077828e-42,6.352461486772835e-38
TCN,42,14362,37,8,class_8,8,class_8,1,1.0,0.0,0.0,0.0,0.0,0.0,0.0,0.0,0.0,1.0,0.0,0.0,0.0
TCN,42,14363,37,8,class_8,8,class_8,1,1.0,0.0,0.0,0.0,0.0,0.0,0.0,0.0,0.0,1.0,0.0,0.0,1.7179919172622257e-42
TCN,42,14364,37,8,class_8,8,class_8,1,1.0,0.0,0.0,0.0,0.0,0.0,0.0,0.0,8.267660939516421e-44,1.0,0.0,3.1298698486810637e-37,5.606399772158193e-35
TCN,42,14365,37,8,class_8,8,class_8,1,1.0,0.0,0.0,0.0,0.0,0.0,0.0,0.0,2.1019476964872256e-44,1.0,0.0,4.4176354477379156e-40,5.067047607334907e-35
TCN,42,14366,37,8,class_8,8,class_8,1,1.0,0.0,0.0,0.0,0.0,0.0,0.0,0.0,0.0,1.0,0.0,0.0,0.0
TCN,42,14367,37,8,class_8,8,class_8,1,1.0,0.0,0.0,0.0,0.0,0.0,0.0,0.0,0.0,1.0,0.0,5.605193857299268e-45,7.006492321624085e-45
TCN,42,14368,37,8,class_8,8,class_8,1,1.0,0.0,0.0,0.0,0.0,0.0,0.0,0.0,0.0,1.0,0.0,0.0,2.802596928649634e-45
TCN,42,14369,37,8,class_8,8,class_8,1,1.0,0.0,0.0,0.0,0.0,0.0,0.0,0.0,0.0,1.0,0.0,0.0,0.0
TCN,42,14370,37,8,class_8,8,class_8,1,1.0,0.0,0.0,0.0,0.0,0.0,0.0,0.0,0.0,1.0,0.0,0.0,0.0
TCN,42,14371,37,8,class_8,8,class_8,1,1.0,0.0,0.0,0.0,0.0,0.0,0.0,0.0,0.0,1.0,0.0,0.0,2.8053995255782838e-42
TCN,42,14372,37,8,class_8,8,class_8,1,1.0,0.0,0.0,0.0,0.0,0.0,0.0,0.0,0.0,1.0,0.0,0.0,0.0
TCN,42,14373,37,8,class_8,8,class_8,1,1.0,0.0,0.0,1.1210387714598537e-44,0.0,0.0,0.0,0.0,1.9997927245470904e-36,1.0,0.0,3.901759301107712e-37,1.7345587293893982e-33
TCN,42,14374,37,8,class_8,8,class_8,1,1.0,0.0,0.0,0.0,0.0,0.0,0.0,0.0,2.0870897288699896e-39,1.0,0.0,2.045378678780897e-39,5.931680144424764e-38
TCN,42,14375,37,8,class_8,8,class_8,1,1.0,0.0,0.0,0.0,0.0,0.0,0.0,0.0,0.0,1.0,0.0,4.203895392974451e-45,2.925911193510218e-42
TCN,42,14376,37,8,class_8,8,class_8,1,1.0,0.0,0.0,0.0,0.0,0.0,0.0,0.0,0.0,1.0,0.0,8.966740717398785e-40,6.479086739644925e-38
TCN,42,14377,37,8,class_8,8,class_8,1,1.0,0.0,0.0,0.0,0.0,0.0,0.0,0.0,0.0,1.0,0.0,9.528829557408756e-44,3.3509617317597004e-38
TCN,42,14378,37,8,class_8,8,class_8,1,1.0,0.0,0.0,0.0,0.0,0.0,0.0,0.0,7.54005240645856e-38,1.0,0.0,1.279927632278436e-37,3.7452734078815993e-32
TCN,42,14379,37,8,class_8,8,class_8,1,1.0,0.0,0.0,9.823522624456265e-41,8.23543107483695e-42,0.0,0.0,0.0,8.296211812397294e-30,1.0,3.643376007244524e-43,3.9528404371082726e-32,3.1076113451558674e-29
TCN,42,14380,37,8,class_8,8,class_8,1,1.0,0.0,0.0,0.0,0.0,0.0,0.0,0.0,0.0,1.0,0.0,0.0,2.802596928649634e-45
TCN,42,14381,37,8,class_8,8,class_8,1,1.0,1.9265575373163243e-38,0.0,3.913436966480847e-34,0.0,0.0,0.0,0.0,0.0,1.0,0.0,0.0,3.7364504503414645e-34
TCN,42,14382,37,8,class_8,8,class_8,1,1.0,0.0,0.0,0.0,0.0,0.0,0.0,0.0,0.0,1.0,0.0,0.0,0.0
TCN,42,14383,37,8,class_8,8,class_8,1,1.0,9.515201929843197e-39,0.0,5.969893849501138e-35,0.0,0.0,0.0,0.0,0.0,1.0,0.0,0.0,5.753781830414101e-33
TCN,42,14384,37,8,class_8,8,class_8,1,1.0,1.455440713350628e-38,0.0,5.896112637915957e-35,0.0,0.0,0.0,0.0,0.0,1.0,0.0,0.0,1.7762615955367266e-33
TCN,42,14385,37,8,class_8,8,class_8,1,1.0,5.911386508948797e-26,0.0,1.8468497725623248e-19,0.0,0.0,2.802596928649634e-44,0.0,1.3425980716542505e-40,1.0,0.0,1.3032075718220799e-43,2.0271877751939976e-23
TCN,42,14386,37,8,class_8,8,class_8,1,1.0,5.656921725122986e-37,0.0,2.522942601370431e-31,0.0,0.0,0.0,0.0,0.0,1.0,0.0,0.0,2.6779217822700775e-33
TCN,42,14387,37,8,class_8,8,class_8,1,1.0,6.452855575852312e-34,0.0,8.651334995641158e-25,0.0,0.0,0.0,0.0,0.0,1.0,0.0,0.0,6.5751939492058516e-31
TCN,42,14388,37,8,class_8,8,class_8,1,1.0,2.885773198477703e-35,0.0,2.5240041668087716e-29,0.0,0.0,0.0,0.0,0.0,1.0,0.0,0.0,2.338694940913294e-32
TCN,42,14389,37,8,class_8,8,class_8,1,1.0,1.779451466609048e-38,0.0,1.9334186662480194e-31,0.0,0.0,0.0,0.0,0.0,1.0,0.0,0.0,1.6149040616980325e-36
TCN,42,14390,37,8,class_8,8,class_8,1,1.0,0.0,0.0,0.0,0.0,0.0,0.0,0.0,0.0,1.0,0.0,0.0,0.0
TCN,42,14391,37,8,class_8,8,class_8,1,1.0,0.0,0.0,0.0,0.0,0.0,0.0,0.0,0.0,1.0,0.0,0.0,0.0
TCN,42,14392,37,8,class_8,8,class_8,1,1.0,2.885773198477703e-35,0.0,2.5240041668087716e-29,0.0,0.0,0.0,0.0,0.0,1.0,0.0,0.0,2.338694940913294e-32
TCN,42,14393,37,8,class_8,8,class_8,1,1.0,0.0,0.0,0.0,0.0,0.0,0.0,0.0,0.0,1.0,0.0,0.0,0.0
TCN,42,14394,37,8,class_8,8,class_8,1,1.0,0.0,0.0,0.0,0.0,0.0,0.0,0.0,0.0,1.0,0.0,0.0,0.0
TCN,42,14395,37,8,class_8,8,class_8,1,1.0,0.0,0.0,0.0,0.0,0.0,0.0,0.0,0.0,1.0,0.0,0.0,0.0
TCN,42,14396,37,8,class_8,8,class_8,1,1.0,0.0,0.0,0.0,0.0,0.0,0.0,0.0,0.0,1.0,0.0,0.0,3.0828566215145976e-44
TCN,42,14397,37,8,class_8,8,class_8,1,1.0,0.0,0.0,0.0,0.0,0.0,0.0,0.0,0.0,1.0,0.0,0.0,0.0
TCN,42,14398,37,8,class_8,8,class_8,1,1.0,0.0,0.0,6.8943884444781e-43,0.0,0.0,0.0,0.0,0.0,1.0,0.0,0.0,2.1019476964872256e-43
TCN,42,14399,37,8,class_8,8,class_8,1,1.0,2.802596928649634e-45,0.0,3.3911422836660573e-43,0.0,0.0,0.0,0.0,0.0,1.0,0.0,0.0,1.5967389624426636e-39
TCN,42,15360,3,9,class_9,9,class_9,1,1.0,4.083943474869748e-29,3.7755523873363117e-26,5.345600320285275e-29,1.0760164731152428e-21,3.000234164930982e-22,4.101184077293802e-34,4.8790958962200613e-32,3.3472028923080775e-17,1.3855653307652544e-20,1.0,1.2219712787743801e-24,6.509903043089514e-24
TCN,42,15361,3,9,class_9,9,class_9,1,1.0,8.842469467518801e-21,2.085507136247362e-15,7.325741019116822e-22,9.651248704175505e-20,2.264568740861783e-12,1.4430640364708149e-21,1.5809413524824448e-20,6.772303699005989e-16,1.22662923790701e-14,1.0,7.728904593152369e-16,1.5876289254967074e-16
TCN,42,15362,3,9,class_9,9,class_9,1,1.0,6.745363816118566e-15,7.417503500306566e-09,1.4488166525869484e-14,4.945693299340803e-10,1.2882223288102068e-08,2.6486525443064103e-14,2.4528936173884297e-11,1.3586123892572743e-10,7.748175434585391e-10,1.0,2.826918144016588e-10,1.8319704864211417e-08
TCN,42,15363,3,9,class_9,11,class_11,0,0.9797915816307068,4.337154635436491e-09,0.00010856644803425297,1.2601832466430096e-08,0.0021540347952395678,0.00045966330799274147,2.6994493307341827e-09,0.00015069781511556357,0.017270779237151146,1.5994486602721736e-05,4.597308361553587e-05,2.658114226505859e-06,0.9797915816307068
TCN,42,15364,3,9,class_9,9,class_9,1,0.9998390674591064,5.809134911386599e-14,2.7663347168527253e-09,6.900521326163138e-17,3.4949214750668034e-05,7.180669854278676e-06,1.8097970648831398e-16,1.0053397459137969e-13,1.224040075027688e-12,4.085450380775235e-11,0.9998390674591064,5.611807676539349e-13,0.00011886093125212938
TCN,42,15365,3,9,class_9,9,class_9,1,1.0,1.959988422324474e-24,1.659709626312807e-20,1.9511092443313635e-26,2.123928911385564e-18,3.1345409242793413e-15,1.784354593434087e-28,2.6061346969707808e-27,1.2303704150963943e-19,1.5015371253950458e-17,1.0,1.929258626596072e-21,1.3616525086086267e-18
TCN,42,15366,3,9,class_9,9,class_9,1,0.9999997615814209,1.8320126665694048e-11,2.4434829271058334e-08,3.4294664330580815e-11,9.474939943743266e-09,1.825298880930859e-07,1.5067110753497204e-11,5.184207507724636e-10,5.081611575974421e-09,2.6133371022751817e-08,0.9999997615814209,3.299183370941705e-09,2.6421659526931762e-08
TCN,42,15367,3,9,class_9,9,class_9,1,0.9247695803642273,5.474980426929667e-17,6.120819406874034e-10,6.258762468594711e-23,8.665322555638164e-14,0.07523045688867569,1.8651269744315375e-19,9.37902459856007e-19,5.662534159608052e-19,4.991629678257371e-17,0.9247695803642273,2.1714352670843012e-16,7.012765103075154e-17
TCN,42,15368,3,9,class_9,9,class_9,1,0.9827776551246643,2.0593307874933187e-12,0.01722094975411892,6.935125650836538e-12,5.2768510047651596e-12,1.0396080369901028e-06,2.5315483753729495e-07,5.78554402736603e-13,4.9407564262082815e-08,4.784888041342583e-10,0.9827776551246643,1.5159637101191947e-08,2.793836451076004e-08
TCN,42,15369,3,9,class_9,9,class_9,1,1.0,2.1925035941499217e-33,1.0314261965197454e-27,3.0828566215145976e-44,2.7073545956651764e-37,1.7847128458946937e-16,3.431353944398322e-39,5.574101846972829e-39,1.7834277350794774e-37,5.87272739421231e-26,1.0,3.9883136240066245e-32,9.701274796783689e-33
TCN,42,15370,3,9,class_9,9,class_9,1,0.9998624324798584,2.3097754144171725e-15,1.972437907449276e-10,1.7346310385433543e-18,1.8492571535221655e-15,0.00013753642269875854,7.256945511178358e-17,3.6907798043574906e-18,4.812435474208477e-18,1.2148011004249615e-14,0.9998624324798584,6.336044292313756e-14,1.8611596869667625e-16
TCN,42,15371,3,9,class_9,11,class_11,0,0.9997974038124084,7.469030141550245e-14,2.3699363652096572e-11,3.287578813782749e-14,2.7551379844226176e-07,1.6484879433731336e-11,3.060687049582165e-17,1.1893939609250448e-12,3.5515959617704596e-10,9.6685992545531e-09,0.00020232450333423913,1.4773309528828826e-12,0.9997974038124084
TCN,42,15372,3,9,class_9,9,class_9,1,1.0,3.498082006925042e-33,3.2418810824213765e-25,1.9390114372881646e-37,1.4150052039336863e-31,2.0381016850028275e-19,1.418710043917484e-35,8.735952017102837e-36,1.1066747989545265e-31,9.51813313962671e-26,1.0,2.1708957147686537e-28,1.8749805510440652e-28
TCN,42,15373,3,9,class_9,9,class_9,1,1.0,2.907873956543181e-20,7.725315883961442e-14,1.602795217889058e-21,6.464652489539258e-13,1.3614509519754847e-09,1.0444347991170669e-23,9.969308575821059e-22,1.0479276477061601e-14,9.042496840281494e-14,1.0,9.386106555005279e-16,2.5208843259377778e-12
TCN,42,15374,3,9,class_9,9,class_9,1,0.7824518084526062,6.117753059697861e-07,0.0010147645371034741,1.1179300827279803e-06,6.320590182440355e-05,0.17152033746242523,4.852435608881933e-07,5.568997494265204e-07,0.004274044651538134,0.004631487652659416,0.7824518084526062,0.034929729998111725,0.0011118908878415823
TCN,42,15375,3,9,class_9,9,class_9,1,0.928767204284668,3.7837034483345633e-07,2.4481225409545004e-05,3.9744474378267114e-08,7.357032154686749e-05,0.00052905228221789,5.733435948229726e-10,3.989374818047509e-06,2.1214464140939526e-06,8.942298154579476e-05,0.928767204284668,6.212834335883599e-08,0.07050967216491699
TCN,42,15376,3,9,class_9,9,class_9,1,1.0,1.0582294221071562e-33,5.961315934608245e-27,1.6505177020911944e-34,1.6463867596376684e-26,4.0948934028551913e-22,1.0344550056345204e-37,4.038469306663978e-39,7.863833297759842e-24,1.777408537963334e-24,1.0,4.723530774186279e-27,1.4888524879491242e-24
TCN,42,15377,3,9,class_9,9,class_9,1,1.0,5.849598239976339e-22,2.1587771570352743e-09,2.1048654254726088e-22,7.439956078419387e-18,9.00472242344047e-13,2.3245795187795932e-17,1.7494354583200824e-20,1.326418125895568e-15,1.6871098018653972e-17,1.0,6.823548345281927e-15,6.429771621949349e-15
TCN,42,15378,3,9,class_9,9,class_9,1,0.999998927116394,3.317539992719887e-11,9.075113993617379e-09,1.3719748948037847e-10,1.391191051247631e-09,7.524438849770831e-09,2.889859011812046e-11,4.4815821192978333e-11,1.1255244203312031e-07,2.2509490804623056e-07,0.999998927116394,1.9339591261768874e-08,7.203661311905307e-07
TCN,42,15379,3,9,class_9,9,class_9,1,0.9999891519546509,1.6432084481686764e-16,1.5539899922423217e-10,2.4913963036707343e-13,3.186799782395333e-13,1.6792110237029423e-12,5.761280408602928e-16,4.277229070058508e-14,1.1274099875890897e-08,2.369663576473613e-07,0.9999891519546509,8.372955662139248e-10,1.0565408956608735e-05
TCN,42,15380,3,9,class_9,9,class_9,1,1.0,0.0,4.795943994151686e-41,0.0,1.14906474074635e-43,8.601029844179295e-41,0.0,0.0,8.427114863304864e-30,1.2407797252364093e-38,1.0,4.738434660334245e-36,4.987490283837174e-39
TCN,42,15381,3,9,class_9,9,class_9,1,1.0,4.623912140257487e-25,1.0973180147191661e-22,5.139501982852779e-28,1.352553140188083e-23,1.8147920567274698e-21,2.700186883951824e-29,2.8012853226140687e-31,2.1721847588937232e-16,1.1714369468469022e-20,1.0,1.3050438217771921e-20,2.2689251182322357e-21
TCN,42,15382,3,9,class_9,9,class_9,1,1.0,2.0164684901634118e-42,7.737034940490178e-34,1.233142648605839e-43,3.409134955947988e-40,1.5978544081490089e-31,0.0,0.0,6.203993779056137e-34,2.64163334742776e-30,1.0,8.930309561723614e-34,6.708043736307818e-33
TCN,42,15383,3,9,class_9,9,class_9,1,0.9999984502792358,4.1084499308512384e-16,7.990594405767049e-14,5.144419113930836e-20,4.8274216079364964e-15,2.960883968561312e-11,1.381889546918222e-20,2.28655006314685e-22,2.3082973032995113e-11,5.979918643594928e-11,0.9999984502792358,3.4066404753542445e-13,1.5203053180812276e-06
TCN,42,15384,3,9,class_9,11,class_11,0,0.9825742840766907,1.3496542772273301e-09,2.232542506419577e-08,2.04217115440386e-10,6.392588147718925e-08,5.647917689088899e-09,2.3352892536410153e-11,2.60216542757874e-10,1.8401133274892345e-05,0.00018342884141020477,0.017222626134753227,1.1867725788761163e-06,0.9825742840766907
TCN,42,15385,3,9,class_9,9,class_9,1,1.0,5.571196531733504e-29,6.28471018636022e-22,2.795965253053072e-26,5.2137442279521426e-23,2.8145361185153386e-23,2.8910141918360643e-30,3.7122981740293936e-34,1.7075366341816033e-18,9.910309353175217e-22,1.0,2.0692960229953946e-20,2.022934488366358e-20
TCN,42,15386,3,9,class_9,9,class_9,1,0.9999988079071045,7.958576159206032e-11,1.954648354285382e-08,7.070670546456548e-13,7.600237950100563e-08,1.1011499054802698e-06,5.225724367119433e-12,8.481746121419276e-13,2.3432304985249175e-08,8.527780148703812e-10,0.9999988079071045,4.509995044088555e-09,5.4734531573785716e-08
TCN,42,15387,3,9,class_9,9,class_9,1,0.9999995231628418,1.5163194186590748e-15,1.1869566440836365e-10,1.297301601267762e-14,5.969445857761935e-13,3.5856797132166607e-12,1.8707982601620264e-15,4.614523688292391e-15,3.5380920415661876e-11,3.247011548523915e-09,0.9999995231628418,3.26074271750354e-11,4.2980323655683605e-07
TCN,42,15388,3,9,class_9,9,class_9,1,0.9954668283462524,1.7202202162724944e-10,1.848404451720853e-07,2.676617174429685e-12,3.429690877965186e-06,0.0045276181772351265,1.0427067195784012e-12,2.118035835694393e-13,4.21751771284562e-08,4.969469102888979e-08,0.9954668283462524,6.302409705227774e-09,1.7938064047484659e-06
TCN,42,15389,3,9,class_9,11,class_11,0,0.6506654024124146,3.6580116713480493e-10,1.885660708467185e-06,3.4713315555379154e-10,1.968313227962426e-07,1.4846178601146676e-05,7.028892658883512e-12,1.4346498988793144e-10,1.2896774137516331e-07,0.00019818836881313473,0.34911754727363586,1.74594651980442e-06,0.6506654024124146
TCN,42,15390,3,9,class_9,9,class_9,1,1.0,5.76240071555479e-15,4.1254685485912074e-14,1.1948707700365506e-18,8.973197185291326e-12,3.183426855457583e-09,1.3368958200555272e-18,1.2185357249376873e-17,1.3245246913151654e-11,2.9834479071261244e-13,1.0,2.5601355684392625e-14,5.919780637908545e-11
TCN,42,15391,3,9,class_9,9,class_9,1,0.9999887943267822,1.6104246732199091e-15,2.0841234515955875e-08,7.76155856030197e-15,1.1096677553723566e-05,1.6989108786447105e-08,1.8680691623576204e-14,4.1184295557217254e-12,1.5559304955559128e-08,6.236284275443205e-13,0.9999887943267822,4.661074304301849e-11,8.333098833190888e-08
TCN,42,15392,3,9,class_9,9,class_9,1,1.0,2.347989391859334e-19,9.13454967048366e-13,7.221426851304183e-19,5.555463315938536e-13,1.5346251559019558e-14,1.6843098484831632e-20,4.70723315756382e-20,3.842529728648528e-14,1.0540058544917033e-13,1.0,5.10520436892265e-15,4.344140691614484e-08
TCN,42,15393,3,9,class_9,9,class_9,1,1.0,2.4777772468177785e-34,2.3382026742257318e-26,2.3342510162583578e-29,3.752007601024826e-25,1.309381750549307e-28,2.3969939804308462e-35,6.664712823578334e-39,1.379712342922497e-18,8.373297518329552e-26,1.0,1.7999188416659966e-23,2.515249932296759e-20
TCN,42,15394,3,9,class_9,9,class_9,1,1.0,7.833092934450753e-22,4.415014315519721e-17,6.883198432934952e-25,9.335160953711369e-14,8.78193906483915e-11,2.2532730155381434e-26,5.499027723745561e-29,7.40161021530036e-15,4.174847598421187e-21,1.0,9.388492714646504e-19,8.959352860420065e-18
TCN,42,15395,3,9,class_9,9,class_9,1,1.0,1.6070090788877002e-41,1.1142828334919185e-31,2.1144107777666042e-36,2.960269758068432e-32,2.872564655185643e-32,0.0,0.0,3.747284563699776e-19,5.4280180096112575e-30,1.0,3.111954919033568e-28,3.455579005138589e-23
TCN,42,15396,3,9,class_9,9,class_9,1,1.0,3.1360886027219388e-27,1.4633005929757236e-24,1.2083395437752235e-30,3.9338915621561417e-22,2.6478196810664466e-21,9.511166503529016e-33,5.622725965240924e-33,3.204592878357877e-15,1.7141630348368688e-23,1.0,1.7735033041401427e-21,4.34670386225349e-22
TCN,42,15397,3,9,class_9,9,class_9,1,1.0,2.8286951613441698e-27,2.6751780692639484e-16,3.234324978240717e-23,1.6307244443680702e-09,5.415357976295784e-16,7.987628043998866e-27,2.4933477327513944e-25,1.9012871832480016e-10,3.9690626719177534e-20,1.0,1.0861057632291727e-17,4.67285030114617e-11
TCN,42,15398,3,9,class_9,9,class_9,1,0.999832272529602,2.1982594770348648e-16,0.00016769846843089908,1.0758148522417924e-15,1.722651155836724e-13,6.380128647620609e-10,1.9148330143714531e-10,8.39527358530178e-18,1.85313236977791e-10,8.766153082393608e-16,0.999832272529602,3.0776721171577037e-09,1.7523046815653975e-12
TCN,42,15399,3,9,class_9,9,class_9,1,0.9988933205604553,1.0165197572575835e-08,8.795587547183459e-08,2.560617939906251e-09,0.0003294586203992367,4.3913945546592004e-07,3.3278590994001434e-10,6.34216448247571e-08,0.0007703886367380619,1.9622811464614642e-07,0.9988933205604553,8.642992952445638e-07,5.201958629186265e-06
TCN,42,15400,3,10,class_10,10,class_10,1,1.0,6.84063692190795e-25,1.761938935552607e-28,4.969021071588051e-28,1.1210387714598537e-44,5.459768784229796e-38,4.0514460365303664e-24,3.363116314379561e-44,3.62557714698921e-15,8.63681007213567e-21,2.594288110152677e-22,1.0,2.1378822963489738e-29
TCN,42,15401,3,10,class_10,10,class_10,1,1.0,1.0624551741288305e-20,4.05545812839791e-28,2.7249553223720204e-24,9.182008187488364e-41,1.2584439362075276e-33,1.4353387279368727e-22,1.0888649587189559e-40,1.8319067374150677e-09,6.344884243774989e-22,3.144810924968017e-19,1.0,1.519797059952147e-27
TCN,42,15402,3,10,class_10,10,class_10,1,0.9523362517356873,7.403264135064092e-08,6.836039834982774e-24,0.02483685500919819,0.0,5.577442318304025e-36,0.022826744243502617,0.0,2.9735947038034283e-08,7.091953342964858e-21,7.62261253992537e-37,0.9523362517356873,2.2009642418326274e-18
TCN,42,15403,3,10,class_10,10,class_10,1,0.9999982118606567,1.0435370735998911e-15,1.3162906631129316e-28,3.0770088699227927e-09,0.0,1.317220556465328e-43,1.7334797348667053e-06,0.0,2.4565613432336875e-10,1.410840627873331e-25,2.6685276980753573e-39,0.9999982118606567,5.0115153465951355e-30
TCN,42,15404,3,10,class_10,10,class_10,1,1.0,7.649760212517629e-25,1.6263469976953827e-41,1.0373873051164396e-22,0.0,0.0,2.6719155865377113e-30,0.0,2.3561324766219194e-11,1.8527173350315818e-30,5.021208439589635e-37,1.0,2.7277052608989957e-36
TCN,42,15405,3,10,class_10,10,class_10,1,1.0,1.0575369400312286e-15,1.8716860071329478e-28,9.474520118737479e-18,0.0,3.40920401193631e-37,1.3364681056402913e-17,0.0,6.916939937484656e-11,7.923677794331958e-21,2.745432972802432e-27,1.0,3.3210654609732644e-25
TCN,42,15406,3,10,class_10,10,class_10,1,1.0,8.891700913462e-25,9.712096074516413e-31,1.9013650931325655e-27,0.0,1.2169800721183166e-39,2.0393720868625435e-24,0.0,6.651637502922509e-15,1.3305974500752167e-25,9.010820109218949e-21,1.0,1.5485451237690208e-32
TCN,42,15407,3,10,class_10,10,class_10,1,0.9963766932487488,4.411596989939426e-07,8.738873340241593e-12,1.6720820283921967e-09,1.2466449765134643e-17,2.5975849943238316e-11,2.1635953029175425e-09,3.936025124781295e-17,0.0036005654837936163,4.0475870832779037e-07,2.1854577425983734e-05,0.9963766932487488,1.866637955316719e-09
TCN,42,15408,3,10,class_10,10,class_10,1,1.0,4.856044095120351e-28,2.0179216366709166e-38,4.130395250032322e-30,0.0,0.0,1.0495925963829876e-20,0.0,5.560821446549118e-19,1.3830815842885944e-42,0.0,1.0,2.3639905093159664e-42
TCN,42,15409,3,10,class_10,10,class_10,1,1.0,1.240286311714703e-25,1.5201285740995616e-41,5.8017416325856656e-33,0.0,0.0,2.706557169957574e-31,0.0,2.0117431092927823e-22,7.557323908353924e-17,1.0635097819808063e-27,1.0,1.722458300744629e-34
TCN,42,15410,3,10,class_10,10,class_10,1,0.9999955892562866,6.3492224921251335e-27,1.7392588836009492e-29,3.2239060970646386e-28,9.860404800037294e-40,6.747993623545609e-35,2.1537364613732034e-29,7.398855891635034e-43,3.0637611558859135e-08,1.979009597762295e-17,4.386555701785255e-06,0.9999955892562866,6.048006952526473e-28
TCN,42,15411,3,10,class_10,7,class_7,0,0.5203254222869873,8.669289286444837e-07,1.3717402325141848e-08,0.0002673233102541417,1.7839714273680502e-16,3.523544845653037e-13,1.721040021607223e-08,5.518985442900753e-17,0.5203254222869873,0.022242555394768715,2.45587352765142e-06,0.45692145824432373,0.00023997762764338404
TCN,42,15412,3,10,class_10,10,class_10,1,0.9992744326591492,5.639643266275307e-12,2.258903039121553e-15,5.299917796297571e-11,9.652822286043916e-20,9.944028022887408e-13,2.4136479964752093e-14,8.357505449918591e-23,0.000725569436326623,5.749895227000646e-17,1.6881906029359017e-12,0.9992744326591492,5.5404403948024074e-21
TCN,42,15413,3,10,class_10,10,class_10,1,0.7444206476211548,6.155632253923571e-11,5.994053243064161e-33,7.279354826589154e-19,5.465064010866787e-44,2.113168011044987e-33,1.5386998881622613e-20,1.0215465804927916e-42,2.1569848161827158e-14,0.2555793523788452,1.6790821993090273e-15,0.7444206476211548,1.6152895427425692e-20
TCN,42,15414,3,10,class_10,8,class_8,0,0.659000039100647,1.4735486593940583e-14,8.217601826690292e-33,7.677093682989522e-11,0.0,2.482886480118534e-39,5.721350206984653e-21,0.0,5.517758992767963e-12,0.659000039100647,6.95511759976498e-24,0.3409999907016754,2.486380585748577e-19
TCN,42,15415,3,10,class_10,10,class_10,1,0.9999997615814209,1.0482129915993942e-18,3.427574922699731e-38,7.869673304713388e-19,0.0,7.42688186092153e-44,4.2033605925526084e-26,0.0,6.963629298846127e-14,2.3176930596946477e-07,1.7944780997420128e-27,0.9999997615814209,2.843507064841864e-26
TCN,42,15416,3,10,class_10,10,class_10,1,1.0,1.295766817531793e-21,5.605193857299268e-45,3.4766213280597846e-27,0.0,0.0,1.8955332027235598e-29,0.0,8.372427100569735e-13,2.2658013805088543e-22,1.747993605279543e-36,1.0,2.0628769170489937e-31
TCN,42,15417,3,10,class_10,10,class_10,1,0.9999608993530273,4.0103975695870986e-11,1.4363780048478471e-22,7.472299349913468e-15,4.826791026117476e-33,8.704860785782214e-24,5.27032846567131e-16,2.4025785773082728e-33,3.913449472747743e-05,2.346237006422918e-15,1.0291707129529357e-13,0.9999608993530273,3.4071076676983373e-22
TCN,42,15418,3,10,class_10,10,class_10,1,1.0,8.330196623658605e-25,6.976769816320204e-28,2.1637534035698937e-27,2.129973665773722e-43,6.432057705831782e-36,1.4217851509520895e-23,7.006492321624085e-44,9.895178426644335e-11,2.453100788924117e-25,3.0907582908528565e-18,1.0,1.4886597991652495e-31
TCN,42,15419,3,10,class_10,10,class_10,1,1.0,1.4658486163897925e-16,5.325878306517962e-21,6.47171428805616e-19,3.968532065279651e-35,1.2783044153359398e-27,1.528439321933761e-16,5.102916026658074e-34,7.274372076926383e-12,3.8979270779427537e-19,1.0607634928409315e-18,1.0,2.4458709674746183e-23
TCN,42,15420,3,10,class_10,10,class_10,1,0.9994854927062988,1.850520129664801e-05,5.379810482456419e-20,1.1592413073913121e-07,1.4989329071479861e-33,9.540487639602806e-27,8.464847572886569e-11,7.553392072794894e-36,0.0004958569770678878,4.9722869051305185e-12,2.673811699240909e-16,0.9994854927062988,5.570723461516269e-13
TCN,42,15421,3,10,class_10,10,class_10,1,1.0,1.9204526404266468e-38,0.0,8.085492139154194e-42,0.0,0.0,1.0863682932710376e-37,0.0,7.072412267730452e-26,2.802596928649634e-45,0.0,1.0,0.0
TCN,42,15422,3,10,class_10,10,class_10,1,1.0,2.5258395375260534e-10,1.1355737074402274e-19,2.3558984759775373e-15,1.9793374487620437e-30,8.899786106651791e-23,2.8269285851545596e-14,2.1773958336552545e-30,5.0693888198338755e-08,3.2803521010649206e-10,1.8571295543057253e-11,1.0,2.191068829057166e-15
TCN,42,15423,3,10,class_10,10,class_10,1,1.0,4.934503875810733e-23,1.2946771617940437e-25,1.8833079080072804e-23,5.835006805448538e-42,1.6483459934972057e-35,4.3452472085038944e-21,1.5225107814889137e-41,4.839214029495054e-10,9.348249016273849e-27,1.1074954815997697e-21,1.0,1.3878689243575852e-24
TCN,42,15424,3,10,class_10,10,class_10,1,1.0,1.857089800277898e-23,2.3140697154694293e-31,3.369877277189704e-26,0.0,1.2729395249926638e-41,2.9391501880164767e-24,0.0,2.065224297050647e-15,1.772237349401404e-30,3.3214894765987156e-29,1.0,4.61724122146306e-36
TCN,42,15425,3,10,class_10,10,class_10,1,1.0,2.995978616086273e-15,3.579057243126106e-25,5.735390547751104e-20,0.0,1.5578762346600466e-33,3.879446486276805e-10,1.1939062916047441e-42,3.059413833383928e-11,6.491121876117667e-12,3.298273866605859e-19,1.0,3.931120284960858e-20
TCN,42,15426,3,10,class_10,9,class_9,0,0.5581134557723999,3.6999399693736783e-16,1.957434824871503e-18,1.3466899748397921e-14,5.152632849954094e-25,5.997501465649284e-20,8.114231450013193e-20,4.8364909709893384e-29,0.42613673210144043,2.2175511205091425e-08,0.5581134557723999,0.015749754384160042,4.39098974194807e-12
TCN,42,15427,3,10,class_10,10,class_10,1,1.0,5.618943389225384e-21,2.4872333869613776e-30,2.2615213112667673e-27,0.0,4.88094283536193e-38,7.792624597204856e-21,0.0,4.012234714427059e-20,7.746929633632424e-26,1.049460797111982e-27,1.0,6.1034775326238115e-34
TCN,42,15428,3,10,class_10,10,class_10,1,1.0,2.9877345042450543e-10,2.497037265634806e-28,1.0211853820721068e-18,8.407790785948902e-45,3.254807970279959e-31,1.2736377877104344e-14,5.78596135919717e-42,5.8672290895905085e-15,9.383073202966219e-14,3.035064235608226e-24,1.0,6.830738247937582e-22
TCN,42,15429,3,10,class_10,8,class_8,0,0.9341138005256653,4.822144461513744e-09,2.8211867466667252e-18,1.1103859165473295e-08,6.228723218480646e-28,2.4383175611982547e-22,3.852091714183492e-14,4.759250707975338e-28,2.7552989649848314e-06,0.9341138005256653,1.5449781731735612e-10,0.06588338315486908,5.88821578162424e-08
TCN,42,15430,3,10,class_10,8,class_8,0,0.9763022661209106,2.7930342749039423e-18,1.6916828771482363e-35,7.47690332832529e-21,0.0,2.5703594538973893e-38,9.941933484628736e-28,0.0,1.7871017166104508e-11,0.9763022661209106,4.719548319861988e-13,0.023697668686509132,6.0025320679421015e-18
TCN,42,15431,3,10,class_10,10,class_10,1,0.9998941421508789,2.2239639464868496e-14,2.3435514824230807e-28,5.382204459891682e-09,1.9192700342058583e-36,4.7494620945213414e-35,3.870880192946346e-23,6.719212123452855e-40,0.00010585650306893513,7.655477814172418e-13,2.2881123722560345e-19,0.9998941421508789,1.5506140354811525e-19
TCN,42,15432,3,10,class_10,10,class_10,1,1.0,3.6291376459504883e-20,3.1134288813682564e-27,4.2116746163325857e-19,7.006492321624085e-45,1.456103736037465e-35,6.876457123461773e-24,9.80908925027372e-45,4.444129508840433e-09,4.3733228843878535e-11,2.3588150535026363e-20,1.0,6.3663442896228764e-21
TCN,42,15433,3,10,class_10,10,class_10,1,1.0,1.5282296912319526e-12,3.978446256601189e-27,1.0971253419644889e-11,1.5167494941930764e-36,1.0748940749109776e-33,2.5493504853610003e-19,1.1857009604209209e-37,3.295927797353215e-08,1.8848147777390946e-18,1.3240739841860268e-20,1.0,6.80675940077376e-21
TCN,42,15434,3,10,class_10,10,class_10,1,0.9999943971633911,4.888659269064455e-11,4.625113768537414e-13,5.563425929722143e-06,6.851155987648619e-23,3.9658963504711486e-14,3.280837290731142e-08,8.581529372065491e-27,4.451822521733817e-10,2.3146555505615396e-10,1.3377765399332277e-17,0.9999943971633911,4.6164426536353093e-20
TCN,42,15435,3,10,class_10,10,class_10,1,0.9310882687568665,8.15178470019067e-18,5.807513125994304e-25,1.1072665137210058e-12,5.842938154756617e-40,1.676737998982373e-33,1.5593944284364322e-20,7.249435436384079e-40,0.06891170889139175,5.440154336431061e-16,9.588421878877066e-25,0.9310882687568665,4.408759444561294e-19
TCN,42,15436,3,10,class_10,10,class_10,1,1.0,2.082757286135748e-14,3.9948793453718644e-23,1.679527177056439e-12,2.0644674467216226e-38,7.577080254055761e-29,2.7870001296473497e-14,1.6148002086662445e-35,2.571201473955398e-09,5.914874146029092e-10,2.0214820704842788e-22,1.0,2.4673182602310806e-18
TCN,42,15437,3,10,class_10,10,class_10,1,1.0,1.8267803191061283e-21,2.1318117555252115e-32,6.853253578983898e-17,0.0,5.605193857299268e-45,5.882067836276983e-14,0.0,2.818285101818807e-12,1.0100389370803196e-26,4.194956510070523e-39,1.0,4.526904050123479e-34
TCN,42,15438,3,10,class_10,5,class_5,0,0.9999998807907104,3.7722954659624076e-41,0.0,3.373633154687456e-33,0.0,0.0,0.9999998807907104,0.0,4.005148866020005e-30,0.0,0.0,1.2348471045697806e-07,0.0
TCN,42,15439,3,10,class_10,10,class_10,1,1.0,2.803701668801619e-31,0.0,2.664337843020372e-34,0.0,0.0,5.64690225548839e-20,0.0,1.5702909174196844e-20,2.2048310297379537e-40,0.0,1.0,0.0
TCN,42,15440,3,11,class_11,3,class_3,0,0.5912497043609619,2.8767155527020805e-05,0.0040082139894366264,2.020022593640647e-09,0.5912497043609619,0.00029246893245726824,3.7784957385156304e-08,4.2469647354437257e-08,6.748766736563994e-07,8.459443279207335e-07,0.1665261685848236,0.23503558337688446,0.0028574990574270487
TCN,42,15441,3,11,class_11,6,class_6,0,1.0,1.0151851147915947e-13,2.2273242972215002e-10,2.6865849497327565e-13,4.2744179751252886e-08,1.4133276771133296e-08,1.3141230996178282e-13,1.0,3.283874908110995e-11,2.0671702197216923e-12,2.688098224915003e-12,4.1373023611940025e-15,1.5421898480472152e-10
TCN,42,15442,3,11,class_11,11,class_11,1,0.9350016713142395,1.61525008863031e-13,0.00856858491897583,3.389855152136079e-08,6.6156339016743e-05,3.221666133867984e-07,6.864862900357593e-09,0.05633046478033066,1.891003194032237e-05,1.3278024198370986e-05,4.5606378762386157e-07,2.7243924130559982e-11,0.9350016713142395
TCN,42,15443,3,11,class_11,8,class_8,0,0.7300638556480408,3.0502167902568544e-08,2.79190521723649e-06,4.959705179885532e-08,1.3784365364699624e-06,3.231854179830407e-06,2.7777893762959138e-08,0.00023166576283983886,0.000971089699305594,0.7300638556480408,0.14479941129684448,5.3510820663404957e-08,0.12392646074295044
TCN,42,15444,3,11,class_11,11,class_11,1,0.9896308779716492,3.591808024339116e-07,3.2065608479570074e-07,4.3931436266575474e-09,0.0008399532525800169,8.192789380245813e-08,5.204391362312322e-10,4.7648433110225596e-07,0.002416773233562708,0.0026034500915557146,0.00450760405510664,1.3189489322940062e-07,0.9896308779716492
TCN,42,15445,3,11,class_11,11,class_11,1,1.0,6.30465301335598e-33,1.1269948848131233e-26,3.5691480901276978e-31,8.105947163494776e-11,1.748608611442531e-27,2.4349853035215124e-33,7.836277335047632e-18,1.0492003318268785e-20,1.4951229892103305e-26,4.833897209790407e-30,4.726286491047206e-28,1.0
TCN,42,15446,3,11,class_11,11,class_11,1,1.0,1.6167264997537204e-31,2.5650269934215985e-26,1.7497676902498428e-29,3.0131418660254746e-19,2.029104993737228e-32,1.7320913851141214e-34,1.401226903280919e-24,5.4884865234453364e-14,1.18692731240699e-22,3.8831422873786675e-28,1.887737440876187e-24,1.0
TCN,42,15447,3,11,class_11,11,class_11,1,0.9999997615814209,8.322541413837339e-17,2.620451198254159e-07,2.5933245440976615e-17,7.768675459873808e-12,1.4777022379168503e-13,4.440137222738033e-13,2.5015161451047603e-14,2.4898971773268386e-10,6.833505317160871e-09,6.711920922481893e-14,2.024355856555804e-11,0.9999997615814209
TCN,42,15448,3,11,class_11,6,class_6,0,0.9869121313095093,2.586380221103468e-09,0.00516393082216382,1.3200422088743835e-08,0.001001183409243822,0.0002836518397089094,5.6728737263256335e-09,0.9869121313095093,1.9905537556041963e-05,4.498837824939983e-06,1.1158881818573718e-07,5.066550512466961e-10,0.0066145951859653
TCN,42,15449,3,11,class_11,11,class_11,1,1.0,4.867773939906336e-17,3.5187781508017046e-15,6.750781762276824e-19,8.823901609389395e-10,3.1065741909600236e-18,1.5726168782163497e-20,4.4189611449467914e-15,1.6462092800040296e-09,7.717407306739518e-14,3.168864075730625e-16,1.941758148856724e-14,1.0
TCN,42,15450,3,11,class_11,11,class_11,1,1.0,4.956764280136057e-16,1.151773717632948e-13,3.3476277322706848e-15,5.355738075252248e-09,1.7541366770344876e-16,3.832186743663737e-18,1.4781334489732956e-10,7.269750135208142e-09,2.0494252996050566e-12,6.378803955447163e-17,4.5602105804617293e-14,1.0
TCN,42,15451,3,11,class_11,11,class_11,1,0.6781259179115295,1.584907344254205e-10,7.605651219932952e-09,1.8356257486251693e-11,8.856404747348279e-05,7.455542849754693e-09,1.0415259149923473e-12,3.919068541913262e-11,1.3603735169454012e-05,6.645202006438922e-07,0.3217712640762329,5.0848880661646945e-09,0.6781259179115295
TCN,42,15452,3,11,class_11,6,class_6,0,0.9948620200157166,2.891520800574199e-09,4.811869871446106e-07,2.8956657072143344e-09,0.0011621351586654782,3.0047655741327617e-07,5.977732753237319e-10,0.9948620200157166,5.102067007101141e-06,2.530657070565212e-07,1.663711799437806e-07,1.3369963469678225e-10,0.003969465848058462
TCN,42,15453,3,11,class_11,9,class_9,0,0.9991129040718079,9.668344250202132e-12,0.0008768027764745057,2.5410254456126324e-10,7.92158880358329e-06,2.1291202756401617e-06,2.453213188147174e-09,9.400503486745038e-09,1.2904749269182503e-07,1.1694581969479145e-09,0.9991129040718079,3.540169757343392e-08,1.4066519504751795e-08
TCN,42,15454,3,11,class_11,9,class_9,0,0.9999998807907104,1.6237243822170462e-14,2.049079378396712e-10,5.603048746001017e-14,1.484767170323309e-11,2.601099023669118e-12,3.71801148083082e-14,4.121628016505062e-15,3.494125166980666e-08,2.3421025119318983e-08,0.9999998807907104,4.0500217068917266e-10,2.7448935568941124e-08
TCN,42,15455,3,11,class_11,11,class_11,1,0.9938670992851257,1.3626685335665911e-09,5.455854648062086e-07,3.887850111294888e-11,0.005421480163931847,4.200157999179055e-09,9.211882125159665e-12,1.968939677965409e-08,0.000143163648317568,1.0944015826908071e-07,0.0005676663131453097,2.070006210885822e-08,0.9938670992851257
TCN,42,15456,3,11,class_11,3,class_3,0,0.9285613894462585,5.521302859357036e-10,6.934961049864796e-08,7.649867610030892e-14,0.9285613894462585,1.0810728099386324e-06,7.16557130471529e-13,5.2541594186550356e-08,5.560740191867808e-06,1.1929433829660496e-10,0.06638672202825546,4.21133208305946e-08,0.005045097786933184
TCN,42,15457,3,11,class_11,9,class_9,0,0.884867250919342,7.622199404977437e-07,0.0006973759736865759,5.39450759617921e-08,0.0005859303055331111,0.001978029729798436,4.6630955807813734e-07,3.838506017928012e-05,0.017250070348381996,0.0013300612336024642,0.884867250919342,5.598706593445968e-06,0.09324604272842407
TCN,42,15458,3,11,class_11,11,class_11,1,0.9810693264007568,0.00010941696382360533,1.7858189949038206e-06,2.2622270989813842e-07,0.00024140020832419395,1.3624486427943339e-06,2.767529316827222e-08,1.6236972442129627e-05,0.0014080260880291462,0.004328430630266666,0.01282025407999754,3.449077894401853e-06,0.9810693264007568
TCN,42,15459,3,11,class_11,11,class_11,1,0.6908246278762817,1.3168763857152044e-08,2.8367745471769013e-05,9.788709576241672e-08,6.320952650185063e-08,3.030513084922859e-08,7.334307383644045e-08,5.535008451573731e-09,0.0001601010881131515,0.0018672391306608915,0.307119220495224,1.2014098160761932e-07,0.6908246278762817
TCN,42,15460,3,11,class_11,11,class_11,1,1.0,0.0,0.0,0.0,7.194266315843611e-42,0.0,0.0,0.0,1.4654166295866928e-18,6.002799117459385e-28,2.2866388340852365e-41,6.34520213294592e-36,1.0
TCN,42,15461,3,11,class_11,8,class_8,0,0.9921477437019348,4.7455699093400985e-21,2.739642609797e-19,7.063592442892293e-23,8.71822710107205e-20,9.378855654593994e-24,7.864878500593936e-21,1.4393120864643398e-28,1.187513680633856e-05,0.9921477437019348,3.2299624086462586e-10,8.449009721023248e-13,0.007840360514819622
TCN,42,15462,3,11,class_11,11,class_11,1,0.9967250227928162,8.048406872558666e-19,7.877722418308383e-20,5.736567220250396e-22,1.3757804574396348e-12,7.15833211325444e-23,3.958108408655069e-24,3.0318643317867237e-21,5.3430649131769314e-06,0.003269606502726674,1.2005172246934426e-12,2.6650045153531546e-15,0.9967250227928162
TCN,42,15463,3,11,class_11,11,class_11,1,0.9996566772460938,1.0408918922630872e-21,1.8832574209093462e-23,7.56357139623984e-27,6.0061741441791725e-18,8.121369241568982e-28,3.1474726783267145e-28,4.364720395897215e-27,0.00033982197055593133,3.47789864463266e-06,1.0425515772355404e-16,2.4066545298266973e-17,0.9996566772460938
TCN,42,15464,3,11,class_11,11,class_11,1,0.9999854564666748,1.63469190411531e-18,7.326096321462688e-18,2.934910524501126e-21,5.3825364304538326e-11,1.66058495142195e-20,8.053399570955891e-23,5.988370005609809e-21,1.4515986549668014e-05,2.1551820050813575e-10,1.1494509771087236e-12,5.789616307666544e-15,0.9999854564666748
TCN,42,15465,3,11,class_11,11,class_11,1,1.0,0.0,0.0,0.0,4.5093784581972613e-42,0.0,0.0,0.0,2.283348231980384e-20,3.3592654545793397e-32,0.0,2.7335563546108147e-38,1.0
TCN,42,15466,3,11,class_11,11,class_11,1,0.9999998807907104,0.0,9.413923083334121e-42,0.0,1.7137880218692513e-42,0.0,0.0,0.0,1.718042597076419e-07,7.797553190925366e-30,4.081393987049236e-34,1.7175070377237289e-31,0.9999998807907104
TCN,42,15467,3,11,class_11,8,class_8,0,0.5632302165031433,8.56738257381385e-18,6.694158871203308e-18,7.117411603462024e-20,2.9129674475499023e-13,2.1956447616550565e-22,1.692261687576826e-21,1.052097935819129e-19,5.284972758090589e-06,0.5632302165031433,9.224347848058034e-12,4.65963191967865e-14,0.4367644786834717
TCN,42,15468,3,11,class_11,8,class_8,0,0.6425483226776123,4.412993058333917e-19,5.355551924653138e-19,5.22613710655542e-22,5.677325403958926e-14,5.695484622261152e-24,5.984048915871822e-23,8.415486884224516e-24,0.005799290724098682,0.6425483226776123,3.94853996775555e-14,2.4007600513695562e-14,0.3516523838043213
TCN,42,15469,3,11,class_11,11,class_11,1,0.9996962547302246,7.181247070037302e-19,6.781159412895273e-22,5.1469977601283065e-23,1.795236535432614e-17,3.977970644349563e-25,3.558276230996062e-24,1.5138547480311166e-22,2.584342295719466e-09,0.00030382093973457813,2.6941029566547174e-19,5.312159849515954e-17,0.9996962547302246
TCN,42,15470,3,11,class_11,8,class_8,0,0.9995900988578796,3.8251422254130516e-17,3.7913190066211538e-19,1.367270745178481e-19,2.5452089367905545e-17,2.1924105897158314e-23,6.102253550471468e-20,1.293812663919154e-22,0.00010753755486803129,0.9995900988578796,1.1441186573721372e-14,4.1403935401723713e-13,0.0003023686585947871
TCN,42,15471,3,11,class_11,11,class_11,1,1.0,1.0369608636003646e-43,8.330490117982274e-38,5.352960133720801e-43,1.932521609315531e-36,0.0,0.0,0.0,2.1895495139201415e-10,1.1765796306422842e-25,1.4199350031624243e-33,1.3885817195040947e-27,1.0
TCN,42,15472,3,11,class_11,11,class_11,1,0.9999997615814209,3.035722683332601e-32,1.3855989784787984e-32,2.336534253726788e-34,2.564960525727358e-24,2.6250566171150728e-39,2.212494899195162e-37,3.552203879053312e-34,2.437392024052642e-14,2.638639671204146e-07,4.976122264182498e-25,6.841104815032359e-25,0.9999997615814209
TCN,42,15473,3,11,class_11,11,class_11,1,1.0,0.0,0.0,0.0,2.1397827550239957e-42,0.0,0.0,0.0,1.8754292010429024e-15,2.2775255709328737e-30,3.1887387334789807e-40,6.870414931699019e-35,1.0
TCN,42,15474,3,11,class_11,11,class_11,1,1.0,5.439400330814224e-29,1.7031572425339754e-27,2.045777235826452e-31,5.531727048713184e-20,2.7980906228421214e-32,1.1428751172709383e-33,1.2445472970934043e-32,1.8533176771029503e-08,7.355721032276108e-10,1.1641195656228252e-17,2.0055384923434558e-20,1.0
TCN,42,15475,3,11,class_11,11,class_11,1,1.0,0.0,0.0,0.0,2.802596928649634e-44,0.0,0.0,0.0,8.388394255019421e-17,1.7559962565995427e-33,2.2701035122062037e-43,1.396718180164325e-38,1.0
TCN,42,15476,3,11,class_11,11,class_11,1,0.9998968839645386,3.635214963364251e-30,3.552743468370447e-28,4.782954858128596e-32,5.651042688703233e-26,5.414555833226417e-37,5.5809055496585134e-33,3.174180565260396e-35,0.00010314342216588557,8.633008086178506e-09,9.643482253705456e-20,4.919587869147228e-20,0.9998968839645386
TCN,42,15477,3,11,class_11,8,class_8,0,1.0,7.775211085945503e-24,1.4511333880392599e-30,1.3255601880093917e-27,2.5354434768806462e-26,3.1195942405286017e-30,9.390587649058037e-30,2.9618183543262055e-31,2.085996217951472e-19,1.0,1.38915354978963e-20,2.237269606853331e-22,1.1621995900379378e-11
TCN,42,15478,3,11,class_11,11,class_11,1,0.9389297962188721,5.4555609707256e-32,1.24509649604747e-28,2.3010143960292886e-33,6.561797996775971e-29,5.50464648858857e-39,1.5917637164133376e-33,7.733038109926602e-38,0.061070267111063004,6.906827106772928e-12,4.1555266404256714e-22,2.0237312313173086e-19,0.9389297962188721
TCN,42,15479,3,11,class_11,8,class_8,0,0.9975734353065491,4.2058391321485777e-16,1.9335168851406804e-22,4.554720197316578e-21,2.8658705437397498e-15,7.06053544911238e-24,9.661731708875386e-24,6.951586286010864e-21,1.2775714708368469e-08,0.9975734353065491,6.572409879154384e-17,3.5092474419583177e-16,0.0024265365209430456
TCN,42,15480,3,0,class_0,0,class_0,1,1.0,1.0,0.0,0.0,0.0,0.0,0.0,0.0,0.0,0.0,0.0,0.0,0.0
TCN,42,15481,3,0,class_0,0,class_0,1,1.0,1.0,0.0,1.992504492761423e-37,1.401298464324817e-45,3.2952362957288954e-38,0.0,0.0,0.0,1.6323770921519958e-35,0.0,0.0,0.0
TCN,42,15482,3,0,class_0,0,class_0,1,1.0,1.0,0.0,3.311884803780746e-30,4.7602108833114036e-42,7.434635413480455e-37,6.165713243029195e-44,1.9143138321141326e-41,0.0,2.101006192207746e-30,0.0,0.0,8.407790785948902e-45
TCN,42,15483,3,0,class_0,0,class_0,1,1.0,1.0,0.0,0.0,0.0,0.0,0.0,0.0,0.0,6.652360385238374e-34,0.0,0.0,0.0
TCN,42,15484,3,0,class_0,0,class_0,1,1.0,1.0,0.0,0.0,0.0,0.0,0.0,0.0,0.0,7.006492321624085e-45,0.0,0.0,0.0
TCN,42,15485,3,0,class_0,0,class_0,1,1.0,1.0,0.0,6.105457409063228e-42,1.0229478789571165e-43,3.2549783875734695e-33,0.0,0.0,0.0,5.908030768613697e-25,0.0,0.0,1.401298464324817e-45
TCN,42,15486,3,0,class_0,0,class_0,1,1.0,1.0,0.0,0.0,0.0,0.0,0.0,0.0,0.0,0.0,0.0,0.0,0.0
TCN,42,15487,3,0,class_0,0,class_0,1,1.0,1.0,0.0,1.1350517561031018e-42,0.0,0.0,0.0,0.0,0.0,5.8714405655209835e-43,0.0,0.0,0.0
TCN,42,15488,3,0,class_0,0,class_0,1,1.0,1.0,0.0,0.0,0.0,0.0,0.0,0.0,0.0,0.0,0.0,0.0,0.0
TCN,42,15489,3,0,class_0,0,class_0,1,1.0,1.0,7.953681241648713e-23,1.1304968905665862e-16,1.4952176256573073e-14,1.237910276808427e-15,1.2152426226301206e-20,5.701105384776247e-18,5.192461450982572e-25,6.519817074063773e-17,1.7038160985457184e-24,3.7783368691165156e-24,6.708683335579127e-18
TCN,42,15490,3,0,class_0,0,class_0,1,1.0,1.0,5.465064010866787e-44,7.306123577592351e-29,3.36859952859775e-29,7.813514335339475e-30,2.433940189746501e-37,2.7927892535225083e-33,0.0,1.6187576599523932e-30,1.401298464324817e-45,1.401298464324817e-45,5.915887510731824e-37
TCN,42,15491,3,0,class_0,0,class_0,1,1.0,1.0,0.0,0.0,0.0,0.0,0.0,0.0,0.0,0.0,0.0,0.0,0.0
TCN,42,15492,3,0,class_0,0,class_0,1,1.0,1.0,2.2190071189439403e-19,4.3797740545414854e-08,1.9407564318114332e-16,2.2055619863011605e-13,4.477846451923437e-14,6.921360706790836e-11,1.184519493889608e-17,1.2706350728530769e-12,2.150873802851596e-20,8.219499914348692e-24,3.0027622382630367e-16
TCN,42,15493,3,0,class_0,0,class_0,1,1.0,1.0,0.0,8.779134878994979e-42,2.2420775429197073e-44,9.561276006778873e-37,0.0,0.0,0.0,1.3485988360796323e-27,0.0,0.0,2.802596928649634e-45
TCN,42,15494,3,0,class_0,0,class_0,1,1.0,1.0,0.0,1.8436231450556629e-37,1.4573504028978098e-43,3.7652889736407835e-42,0.0,0.0,0.0,3.012733404282241e-38,0.0,0.0,0.0
TCN,42,15495,3,0,class_0,0,class_0,1,1.0,1.0,0.0,1.1557020794846874e-35,1.6591934336991564e-39,6.796384042358658e-35,0.0,4.4701421011961665e-43,0.0,1.0972120106556896e-32,0.0,0.0,1.2135244701052916e-42
TCN,42,15496,3,0,class_0,0,class_0,1,1.0,1.0,0.0,1.0730974362944959e-37,0.0,8.5617934871782e-41,5.635265722343679e-40,0.0,0.0,8.275802801969159e-35,0.0,0.0,0.0
TCN,42,15497,3,0,class_0,0,class_0,1,1.0,1.0,0.0,0.0,0.0,0.0,0.0,0.0,0.0,1.401298464324817e-44,0.0,0.0,0.0
TCN,42,15498,3,0,class_0,0,class_0,1,1.0,1.0,0.0,9.237367971612589e-34,6.01030700125803e-38,1.626179738710681e-36,1.3844828827529193e-42,1.6535321879032841e-43,0.0,7.282719862235862e-37,0.0,0.0,1.401298464324817e-45
TCN,42,15499,3,0,class_0,0,class_0,1,1.0,1.0,2.3532475804899865e-16,4.6513487506061324e-11,6.19531335954715e-12,4.5596196263097966e-10,6.246886959538483e-14,5.743525446910702e-12,4.961337910635373e-18,1.0491411558954944e-11,8.67539548732878e-17,1.1038607659776807e-19,3.6937670261881494e-14
TCN,42,15500,3,0,class_0,0,class_0,1,1.0,1.0,0.0,1.0901886659866582e-20,2.14398665041697e-43,4.903143326672535e-42,2.2566300274717205e-39,0.0,0.0,1.385501999749606e-20,0.0,0.0,2.0103027769203826e-41
TCN,42,15501,3,0,class_0,0,class_0,1,1.0,1.0,0.0,0.0,0.0,0.0,0.0,0.0,0.0,0.0,0.0,0.0,0.0
TCN,42,15502,3,0,class_0,0,class_0,1,1.0,1.0,0.0,0.0,0.0,0.0,0.0,0.0,0.0,0.0,0.0,0.0,0.0
TCN,42,15503,3,0,class_0,0,class_0,1,1.0,1.0,0.0,0.0,0.0,0.0,0.0,0.0,0.0,4.604978402549815e-37,0.0,0.0,0.0
TCN,42,15504,3,0,class_0,0,class_0,1,1.0,1.0,0.0,0.0,0.0,0.0,0.0,0.0,0.0,0.0,0.0,0.0,0.0
TCN,42,15505,3,0,class_0,0,class_0,1,1.0,1.0,0.0,0.0,0.0,0.0,0.0,0.0,0.0,0.0,0.0,0.0,0.0
TCN,42,15506,3,0,class_0,0,class_0,1,1.0,1.0,0.0,0.0,0.0,0.0,0.0,0.0,0.0,0.0,0.0,0.0,0.0
TCN,42,15507,3,0,class_0,0,class_0,1,1.0,1.0,0.0,0.0,0.0,0.0,0.0,0.0,0.0,1.4325591909863608e-38,0.0,0.0,0.0
TCN,42,15508,3,0,class_0,0,class_0,1,1.0,1.0,0.0,4.068931083701131e-32,1.0472796084752741e-30,1.5861367761480348e-27,6.603319135259335e-39,3.384779088233048e-36,0.0,1.4280454376971683e-25,5.605193857299268e-45,0.0,1.9648338927654795e-37
TCN,42,15509,3,0,class_0,0,class_0,1,1.0,1.0,8.634904163993817e-20,6.072817360092131e-09,6.026224441332828e-13,7.320375520493937e-15,4.114772734017471e-18,4.2816300520821164e-16,1.3314117941459048e-22,6.248945334303606e-15,1.2022825678271314e-25,4.471710303280276e-25,1.1510790012273807e-18
TCN,42,15510,3,0,class_0,0,class_0,1,1.0,1.0,1.0095304145378036e-26,5.041447871419296e-18,6.005306762588849e-17,9.567754127120168e-18,1.585728748630017e-23,5.190667395901786e-22,1.873388469312349e-33,1.8387356638969338e-21,3.272961364638578e-31,2.0924457721473178e-32,4.153105761769757e-27
TCN,42,15511,3,0,class_0,0,class_0,1,1.0,1.0,0.0,2.0384012438739123e-30,0.0,0.0,0.0,0.0,0.0,2.771935341936779e-24,0.0,0.0,0.0
TCN,42,15512,3,0,class_0,0,class_0,1,1.0,1.0,0.0,0.0,0.0,0.0,0.0,0.0,0.0,0.0,0.0,0.0,0.0
TCN,42,15513,3,0,class_0,0,class_0,1,1.0,1.0,0.0,0.0,0.0,0.0,0.0,0.0,0.0,6.681243997613912e-36,0.0,0.0,0.0
TCN,42,15514,3,0,class_0,0,class_0,1,1.0,1.0,0.0,0.0,0.0,0.0,0.0,0.0,0.0,0.0,0.0,0.0,0.0
TCN,42,15515,3,0,class_0,0,class_0,1,0.9999966621398926,0.9999966621398926,0.0,6.748571923888e-26,2.382207389352189e-44,1.0115825369228646e-32,2.98234338843449e-37,0.0,0.0,3.28642249769473e-06,1.401298464324817e-45,7.39465199624206e-42,7.361500311245959e-34
TCN,42,15516,3,0,class_0,0,class_0,1,1.0,1.0,0.0,3.431096553896395e-37,0.0,0.0,0.0,0.0,0.0,8.354322841744125e-39,0.0,0.0,0.0
TCN,42,15517,3,0,class_0,0,class_0,1,1.0,1.0,0.0,1.3242270487869521e-42,0.0,0.0,0.0,0.0,0.0,2.483388055674188e-27,0.0,0.0,0.0
TCN,42,15518,3,0,class_0,0,class_0,1,1.0,1.0,2.6624670822171524e-44,1.7417212809551873e-31,2.3932393194303047e-27,2.5755731980188935e-29,6.44799220698125e-39,1.4691211306319348e-34,0.0,4.2351106189843635e-29,0.0,3.363116314379561e-44,9.748123022109757e-34
TCN,42,15519,3,0,class_0,0,class_0,1,1.0,1.0,0.0,0.0,0.0,0.0,0.0,0.0,0.0,0.0,0.0,0.0,0.0
TCN,42,15520,3,1,class_1,4,class_4,0,1.0,1.1030178490008822e-36,4.073814107775388e-14,0.0,2.26029442295593e-42,1.0,1.2561343951663914e-22,0.0,1.3072433113993353e-39,1.4225623277418676e-36,9.855826201439585e-23,2.584134498061395e-41,1.355619000659759e-34
TCN,42,15521,3,1,class_1,1,class_1,1,1.0,3.40372691209446e-33,1.0,7.994154943543196e-26,2.272063990549451e-33,4.759088011565518e-20,6.166866994681717e-15,5.224679936151955e-36,1.2769354643314694e-26,1.5490820675479573e-33,3.8433641565923854e-22,3.819536707613493e-24,3.8365410419968156e-28
TCN,42,15522,3,1,class_1,1,class_1,1,1.0,4.6914122069040805e-24,1.0,1.7057112485180905e-21,8.994520444162757e-18,7.797289967555535e-14,1.1303498149419985e-13,1.2994253751810104e-20,2.445390684469277e-19,1.6601242484491475e-24,7.816402037812554e-16,1.0518262199126024e-18,1.6078059492679224e-19
TCN,42,15523,3,1,class_1,1,class_1,1,0.7040656805038452,9.177465902596056e-22,0.7040656805038452,1.866221899966689e-16,5.2841971838575366e-33,4.643908368962002e-08,0.29593420028686523,4.055874151055706e-36,3.3551471542980824e-21,4.547117023190328e-12,4.444420414242414e-15,3.250402643606876e-16,2.0063743454277436e-18
TCN,42,15524,3,1,class_1,1,class_1,1,1.0,2.4242463432819335e-43,1.0,3.443410716385373e-41,0.0,2.3084976371476615e-31,6.612508312377899e-20,0.0,5.075087961878566e-30,0.0,1.2111332751830601e-27,2.017858863901035e-24,3.693822751960218e-42
TCN,42,15525,3,1,class_1,1,class_1,1,1.0,0.0,1.0,2.6624670822171524e-44,4.5894710732242106e-39,1.829684507703738e-33,2.4463007928747842e-30,9.293411415402187e-42,1.986868076629092e-34,0.0,8.968507044023718e-35,1.3695073975381021e-34,1.9697632123474656e-40
TCN,42,15526,3,1,class_1,1,class_1,1,1.0,7.146622168056567e-44,1.0,5.991952233452918e-42,0.0,1.5819159529652731e-16,2.1013337615783512e-16,0.0,1.6752476057374787e-37,0.0,4.195868718905966e-24,1.6133064871020792e-32,1.6815581571897805e-44
TCN,42,15527,3,1,class_1,1,class_1,1,1.0,5.556968930343847e-24,1.0,5.165790063777049e-25,3.917070446480765e-17,2.2399868960555624e-13,1.850216153637135e-16,3.427743811439594e-24,1.2312237076359989e-21,3.283143609552858e-29,2.933582145785022e-17,7.664388790168806e-19,1.4835787241037899e-18
TCN,42,15528,3,1,class_1,1,class_1,1,0.9772013425827026,1.576835884087302e-12,0.9772013425827026,3.680079312573699e-14,3.117361960218791e-22,4.852241941577518e-10,0.02279871143400669,1.6827211690792033e-25,5.919213957959052e-14,4.5925199957842105e-18,7.712002147997055e-10,1.8401275783067744e-13,1.671399928114786e-15
TCN,42,15529,3,1,class_1,4,class_4,0,1.0,1.7763593804990922e-15,2.7948496850171978e-08,3.445484930321998e-22,3.359766773196023e-16,1.0,1.484231216578681e-16,2.1670653786661813e-20,3.4262891519303664e-26,8.084470272727269e-26,6.524548150120882e-16,4.062313826122798e-22,6.180525137281063e-23
TCN,42,15530,3,1,class_1,1,class_1,1,1.0,1.8059942219186006e-28,1.0,4.334168794419683e-30,9.646250313610424e-26,7.401448160956892e-13,1.2823116644941585e-16,2.186844852213266e-29,1.085505441919292e-24,1.2310982182698068e-34,3.946866704990226e-13,2.0567270378214584e-21,2.7216061379024508e-27
TCN,42,15531,3,1,class_1,9,class_9,0,0.9976398944854736,2.7963367818875278e-24,0.002359800273552537,1.9016715170299944e-22,5.036956613335858e-27,2.3554871941833255e-10,4.146511969338462e-07,2.0898432276545973e-31,1.064197140566272e-21,4.414182797063404e-09,0.9976398944854736,1.3864390922962446e-15,3.1547096919608625e-17
TCN,42,15532,3,1,class_1,1,class_1,1,0.9999995231628418,2.8620121028198186e-22,0.9999995231628418,7.214839262453993e-20,1.107516366393331e-28,5.597940999635398e-10,4.5750439880976046e-07,1.720931704157505e-29,2.89207403943953e-21,1.0689291668824508e-23,1.9127637841676037e-12,1.0501945441157956e-17,4.753891899640975e-22
TCN,42,15533,3,1,class_1,1,class_1,1,1.0,1.401298464324817e-45,1.0,0.0,0.0,5.433485850722525e-23,4.571873567694887e-17,0.0,2.3805605833969145e-38,0.0,3.21048816548288e-24,4.613643234604518e-31,0.0
TCN,42,15534,3,1,class_1,1,class_1,1,1.0,2.964031945650892e-25,1.0,1.5116195579878272e-22,1.9463173839509035e-23,1.2548775907283982e-10,3.2913101497694663e-12,2.5119974982382863e-29,9.859418011106366e-19,2.1788838024473894e-22,1.2345146238601501e-08,3.2626097160016936e-19,9.157662298526386e-17
TCN,42,15535,3,1,class_1,1,class_1,1,0.9890278577804565,3.1382391802413367e-13,0.9890278577804565,2.8189442967396783e-12,5.3992747531281307e-20,4.922616790281609e-05,0.010915913619101048,5.242822082680696e-22,1.3720905447521699e-14,2.198641727122093e-14,6.997259333729744e-06,8.835889919039941e-13,2.104886535396491e-16
TCN,42,15536,3,1,class_1,1,class_1,1,1.0,1.3428851797136187e-27,1.0,9.330882183048246e-23,2.4943187849554505e-32,3.3863150727519303e-14,5.353222864989959e-10,1.068476757376251e-31,1.6827956178271336e-26,1.1851245882913991e-33,2.2759889195654957e-22,8.110532996736887e-28,6.521251947361646e-27
TCN,42,15537,3,1,class_1,9,class_9,0,0.999514102935791,3.4526156876445383e-19,1.126740244217217e-06,2.3206500469104968e-14,7.774650064365507e-13,2.321644178987503e-12,6.515208836842257e-13,2.8905229612135534e-16,1.2416576013890568e-13,0.0004847949603572488,0.999514102935791,3.538891402143918e-11,8.15275798260462e-12
TCN,42,15538,3,1,class_1,1,class_1,1,1.0,0.0,1.0,4.344025239406933e-43,8.407790785948902e-45,2.082357914727431e-31,3.4003001910376183e-26,5.605193857299268e-45,8.469621118869385e-38,0.0,2.6914874577354845e-36,3.67875509404078e-37,2.550363205071167e-43
TCN,42,15539,3,1,class_1,1,class_1,1,1.0,3.410760462166605e-42,1.0,5.138141079139807e-41,2.9647271609720155e-41,8.052204213181653e-21,1.4979378557546745e-18,0.0,6.749052601610681e-35,1.8413061821228096e-42,1.0199404959297298e-16,2.8822094359649024e-27,1.5358231168999995e-42
TCN,42,15540,3,1,class_1,1,class_1,1,1.0,1.2513595286420616e-42,1.0,3.3201685124709904e-31,3.7270472582896663e-38,2.11450121191609e-27,4.914505232024002e-20,4.235004218882462e-41,7.92494141968443e-30,2.444859042808687e-34,3.487497667893701e-21,2.3935182134996258e-23,4.465029480510849e-32
TCN,42,15541,3,1,class_1,1,class_1,1,1.0,0.0,1.0,0.0,0.0,2.494106241000692e-27,3.0191057767108313e-24,0.0,5.1688952532220787e-36,0.0,2.73486674334854e-26,9.830177773440694e-31,1.1911036946760945e-43
TCN,42,15542,3,1,class_1,5,class_5,0,0.8165466785430908,1.7454111767012392e-10,0.00014918821398168802,4.79216492876855e-11,5.958910284748811e-18,0.1833040714263916,0.8165466785430908,7.02387621699303e-20,3.762901990868317e-13,1.823912931797622e-08,6.49944320585405e-09,8.713692094264314e-12,2.0454640856527179e-13
TCN,42,15543,3,1,class_1,1,class_1,1,0.9999059438705444,8.780780282601505e-18,0.9999059438705444,6.421271540444533e-16,5.190051282054754e-18,1.6003878045012243e-07,1.786091274880164e-08,9.983755277141362e-20,5.4564700332918395e-14,1.4190977393028787e-14,9.390863124281168e-05,2.829853755839662e-12,2.2417549587483432e-13
TCN,42,15544,3,1,class_1,1,class_1,1,1.0,1.5854375603483772e-24,1.0,7.140402545750659e-18,1.145365550837584e-21,5.03106230450006e-15,2.6761685315707107e-12,3.1405534005058124e-20,6.220336107268309e-22,1.1450573651672348e-25,6.672823401663728e-18,1.5638663219242587e-18,2.948934729591077e-22
TCN,42,15545,3,1,class_1,1,class_1,1,1.0,2.818011211757207e-42,1.0,3.3247278142474485e-33,4.059309928101374e-29,2.146255245341391e-24,2.533109107053529e-22,1.4174423093514721e-30,1.3374704758232226e-28,6.137687273742699e-43,7.61381408904181e-23,4.771440655863421e-31,8.406657876176826e-31
TCN,42,15546,3,1,class_1,1,class_1,1,1.0,0.0,1.0,0.0,0.0,8.444979518635102e-29,1.1112056427428743e-23,0.0,6.907303259540826e-37,0.0,2.0024289602990657e-26,9.892624735333777e-31,0.0
TCN,42,15547,3,1,class_1,1,class_1,1,1.0,4.984190752841912e-35,1.0,1.158807326891602e-32,1.2680998302183784e-35,1.7047444860239306e-18,8.23856703583757e-21,3.376061890746176e-36,3.2074956134072605e-35,2.0641126379504555e-42,1.8082788592040248e-25,7.548954936112902e-28,2.3168056932646475e-33
TCN,42,15548,3,1,class_1,1,class_1,1,1.0,3.839437017679578e-22,1.0,6.275341422038892e-15,1.6333853505273562e-21,1.0536569774033354e-19,3.044140287067343e-11,1.1454736815795845e-23,1.4685632246368445e-16,1.7582112922904186e-22,1.0347339594407507e-17,2.114197545069184e-17,3.2363943978359334e-18
TCN,42,15549,3,1,class_1,4,class_4,0,1.0,1.1148251260875348e-27,1.5120050989025913e-08,1.1923906471857304e-38,6.037467349806378e-31,1.0,1.2531510001853777e-17,8.597355079086449e-38,1.3214635717650246e-30,8.40466765690941e-24,6.02993280307551e-11,2.716851256106369e-30,9.440714901463661e-18
TCN,42,15550,3,1,class_1,1,class_1,1,0.9999898672103882,4.658385492829664e-19,0.9999898672103882,4.379914196627789e-15,6.40481725256829e-28,3.4325253151783913e-16,1.0169076631427743e-05,2.293769750876774e-32,2.0336983236769052e-14,2.460624023243008e-22,3.5813546572782684e-11,3.7557051218994886e-11,2.6095086575152754e-21
TCN,42,15551,3,1,class_1,1,class_1,1,1.0,0.0,1.0,0.0,0.0,0.0,3.3678807291582653e-41,0.0,0.0,0.0,0.0,0.0,0.0
TCN,42,15552,3,1,class_1,1,class_1,1,1.0,6.528649545289323e-42,1.0,7.707141553786494e-41,1.5561419446327094e-41,4.267131060424785e-25,3.9353134839378025e-24,1.401298464324817e-45,1.8900937894567425e-39,0.0,6.403211132318965e-31,1.0638428208920653e-34,3.3781312274248014e-39
TCN,42,15553,3,1,class_1,1,class_1,1,1.0,0.0,1.0,0.0,0.0,0.0,0.0,0.0,0.0,0.0,0.0,0.0,0.0
TCN,42,15554,3,1,class_1,1,class_1,1,1.0,0.0,1.0,0.0,0.0,7.31863856104476e-39,1.492212348804946e-32,0.0,1.0527955362472351e-41,0.0,3.1170256590609396e-37,3.762262168957842e-40,0.0
TCN,42,15555,3,1,class_1,1,class_1,1,1.0,0.0,1.0,0.0,0.0,7.109052796032927e-29,3.721749027019808e-30,0.0,2.0178697886277366e-43,0.0,1.7886485337103533e-35,1.9228736805990423e-36,0.0
TCN,42,15556,3,1,class_1,1,class_1,1,1.0,1.8727260962899007e-39,1.0,1.0746964497662823e-27,3.0853207749196425e-30,5.3413361684844e-23,1.9564067104559336e-20,2.733611999989772e-28,1.0057136836112148e-26,4.310182424143086e-36,5.920899653775793e-22,3.82855643737394e-29,5.824374708139032e-28
TCN,42,15557,3,1,class_1,1,class_1,1,1.0,5.495817691691999e-37,1.0,4.100187184615908e-32,1.33012365891497e-35,5.406265398656484e-20,8.94918848928682e-22,8.235115085396361e-35,4.771513536513172e-31,2.6579969401159563e-40,3.44740843747733e-27,1.3689233943387645e-25,2.450736215179081e-31
TCN,42,15558,3,1,class_1,1,class_1,1,1.0,4.624284932271896e-44,1.0,2.802596928649634e-45,0.0,3.2578190752316243e-28,7.517556492525837e-25,0.0,1.2155504963209078e-32,0.0,4.423439534711253e-26,5.444751124675439e-31,2.9519613319620164e-40
TCN,42,15559,3,1,class_1,1,class_1,1,0.9999998807907104,1.739931719264083e-27,0.9999998807907104,1.2139871181746531e-27,4.408314482708321e-25,7.932984402714283e-08,1.1300439926376012e-16,1.9294193522723452e-22,3.042968819093767e-25,6.800190808998438e-29,1.2531649329350358e-10,1.0230396544335736e-21,1.1454173253565155e-22
TCN,42,15560,3,2,class_2,2,class_2,1,1.0,1.7619586991464743e-36,4.0109248455918666e-32,1.0,2.9236691159672983e-41,0.0,1.6288948475851613e-26,0.0,7.674992964417954e-38,1.2333705204816333e-31,0.0,2.802596928649634e-45,0.0
TCN,42,15561,3,2,class_2,2,class_2,1,1.0,6.733608387449501e-32,2.5661199879441965e-36,1.0,2.5223372357846707e-44,0.0,3.0940795808106704e-29,0.0,3.291926011729737e-34,3.466127337618842e-23,0.0,1.6815581571897805e-44,0.0
TCN,42,15562,3,2,class_2,2,class_2,1,1.0,9.227970623682824e-25,5.358905678565482e-24,1.0,1.3618581679504182e-36,1.1449337218418306e-35,4.394200677832654e-15,0.0,3.7624200030836823e-29,2.420811109502492e-21,0.0,2.0977458410763053e-31,3.185654980026449e-36
TCN,42,15563,3,2,class_2,2,class_2,1,1.0,3.5463641145593173e-40,0.0,1.0,0.0,0.0,0.0,0.0,1.2611686178923354e-44,1.342478495531737e-30,0.0,0.0,0.0
TCN,42,15564,3,2,class_2,2,class_2,1,1.0,0.0,0.0,1.0,0.0,0.0,0.0,0.0,0.0,7.006492321624085e-45,0.0,0.0,0.0
TCN,42,15565,3,2,class_2,2,class_2,1,1.0,3.7398702841182074e-13,2.3319921065534705e-20,1.0,5.881753337119053e-29,4.5474403331616875e-30,6.0071911197289145e-15,8.801963578371067e-33,2.5865831125782338e-20,9.758267463392048e-14,1.4329540881039953e-36,1.2833015530518527e-21,4.676648169698852e-26
TCN,42,15566,3,2,class_2,2,class_2,1,1.0,3.617348643910171e-27,6.603440167447989e-33,1.0,0.0,0.0,1.8640249289311855e-22,0.0,1.1194624840449239e-33,5.380689560165795e-28,0.0,1.6685504721786485e-30,0.0
TCN,42,15567,3,2,class_2,2,class_2,1,1.0,1.5544463734908763e-40,1.6815581571897805e-44,1.0,0.0,0.0,1.3328095748945286e-29,0.0,1.0229478789571165e-42,5.430538193064076e-25,0.0,0.0,0.0
TCN,42,15568,3,2,class_2,2,class_2,1,1.0,3.283591785750049e-38,0.0,1.0,0.0,0.0,1.2611686178923354e-44,0.0,0.0,7.528628516461521e-34,0.0,0.0,0.0
TCN,42,15569,3,2,class_2,2,class_2,1,1.0,0.0,0.0,1.0,0.0,0.0,0.0,0.0,0.0,0.0,0.0,0.0,0.0
TCN,42,15570,3,2,class_2,2,class_2,1,1.0,0.0,0.0,1.0,0.0,0.0,0.0,0.0,0.0,3.535055635952216e-41,0.0,0.0,0.0
TCN,42,15571,3,2,class_2,2,class_2,1,1.0,0.0,0.0,1.0,0.0,0.0,0.0,0.0,0.0,0.0,0.0,0.0,0.0
TCN,42,15572,3,2,class_2,2,class_2,1,1.0,6.156147442043562e-23,3.283103403454153e-23,1.0,3.950101123847834e-30,5.845722501174067e-35,9.696126354333804e-19,3.783505853677006e-44,1.9676021030956378e-29,1.665696285411642e-21,2.0038568039844884e-43,3.338275019298691e-33,2.5758404523533537e-35
TCN,42,15573,3,2,class_2,2,class_2,1,1.0,7.235055665192244e-17,1.4429275143783165e-27,1.0,3.617030555791238e-35,1.4373118348579649e-40,8.462940180889362e-22,5.57646723878061e-41,1.9029144147178244e-23,1.674874807989003e-17,0.0,2.00460711002897e-26,8.037539624990208e-35
TCN,42,15574,3,2,class_2,2,class_2,1,1.0,8.368801985902735e-17,8.118896619421021e-19,1.0,1.394911677304172e-25,4.8846606214955263e-26,3.229393098422295e-12,1.8323726474706525e-34,2.561226255417268e-24,6.480448332634153e-15,7.123286840229303e-34,2.047219157457713e-26,1.0269314997341334e-26
TCN,42,15575,3,2,class_2,2,class_2,1,1.0,2.2451590295798453e-16,1.5801769859351285e-26,1.0,2.0088212120800212e-37,6.804985602454177e-41,2.9772524379513594e-20,3.629363022601276e-43,1.195760783552733e-24,1.6517773196675928e-19,0.0,1.9332347569265372e-23,2.490407325207202e-35
TCN,42,15576,3,2,class_2,2,class_2,1,1.0,4.919958908244433e-42,3.4492401179969642e-40,1.0,2.7017034392182473e-42,0.0,1.6352774728085248e-39,0.0,1.800724578595963e-40,2.3463673672863496e-35,0.0,0.0,0.0
TCN,42,15577,3,2,class_2,2,class_2,1,1.0,2.1500122338135668e-41,2.802596928649634e-45,1.0,0.0,0.0,5.521115949439779e-43,0.0,8.875964602879824e-41,4.946394652271446e-31,0.0,0.0,0.0
TCN,42,15578,3,2,class_2,2,class_2,1,1.0,7.741102559251986e-28,1.4210495761373094e-28,1.0,2.4927025758611295e-39,5.34665429063134e-41,1.7301038273520633e-19,0.0,8.936073524804474e-33,1.569953108247407e-23,0.0,6.0800214877543125e-37,3.484412709451517e-40
TCN,42,15579,3,2,class_2,2,class_2,1,1.0,2.043119066467915e-15,6.207813492600559e-24,1.0,8.402838577481569e-32,3.857555038370117e-36,7.037210109973444e-19,3.044806884053093e-38,2.2822485624028607e-22,4.645768722013352e-16,2.942726775082116e-44,6.906344104932202e-25,1.6861703860585618e-32
TCN,42,15580,3,2,class_2,2,class_2,1,1.0,2.968508657924214e-35,1.0944007378555263e-36,1.0,0.0,0.0,2.500451660407927e-34,0.0,4.1452336761415e-37,6.91594897876911e-30,0.0,0.0,0.0
TCN,42,15581,3,2,class_2,2,class_2,1,1.0,0.0,0.0,1.0,0.0,0.0,0.0,0.0,0.0,0.0,0.0,0.0,0.0
TCN,42,15582,3,2,class_2,2,class_2,1,1.0,0.0,0.0,1.0,0.0,0.0,1.555441295400547e-43,0.0,0.0,1.961817850054744e-44,0.0,0.0,0.0
TCN,42,15583,3,2,class_2,2,class_2,1,0.999997615814209,3.5339007276036227e-09,1.531242421729241e-24,0.999997615814209,2.379506283368857e-27,1.2263649014083598e-28,1.6123681109080453e-16,2.240656749214248e-28,4.491104013090514e-17,2.3689190129516646e-06,1.6420645217906356e-37,1.0546879158652149e-19,5.042329738848538e-22
TCN,42,15584,3,2,class_2,2,class_2,1,1.0,1.8703452415308464e-12,1.458333637097766e-19,1.0,9.612602930812419e-26,3.29750262099448e-29,3.261429225870004e-18,5.20328930358998e-32,1.5317583241710355e-19,5.9670601809956635e-16,1.5082448456572734e-36,8.131952426910104e-25,3.1820620912384176e-27
TCN,42,15585,3,2,class_2,2,class_2,1,1.0,1.8042570632014186e-30,4.838859039881327e-38,1.0,0.0,0.0,2.359819404307057e-38,0.0,3.191002671277944e-38,2.3873155913152116e-32,0.0,0.0,0.0
TCN,42,15586,3,2,class_2,2,class_2,1,1.0,7.37006358180869e-20,5.906962436014246e-28,1.0,1.7137807647126604e-34,2.5918416396151817e-41,6.466668643195563e-30,4.249075049126318e-37,5.94650014652526e-22,5.775493656281835e-23,0.0,2.4464986938461065e-36,9.47084325632653e-31
TCN,42,15587,3,2,class_2,2,class_2,1,1.0,6.521426051428618e-27,7.006492321624085e-45,1.0,0.0,0.0,3.2857262816082814e-28,0.0,5.326615722591495e-41,7.349730844505031e-29,0.0,0.0,0.0
TCN,42,15588,3,2,class_2,2,class_2,1,1.0,5.136679532519279e-28,5.414306177892013e-38,1.0,0.0,0.0,3.595452244765483e-32,0.0,5.7478584409119104e-33,7.155883902998837e-20,0.0,1.7729228170637586e-41,0.0
TCN,42,15589,3,2,class_2,2,class_2,1,1.0,5.722715555286021e-27,2.1300624947551456e-26,1.0,1.7674091239048366e-31,9.50304566566518e-40,5.827450599297633e-25,1.401298464324817e-45,4.268103809121096e-27,2.854182177130348e-24,0.0,2.0826963505712924e-34,5.710818130346216e-39
TCN,42,15590,3,2,class_2,2,class_2,1,1.0,3.6433760072445244e-44,1.1970059638078306e-39,1.0,0.0,0.0,2.690158494791145e-32,0.0,7.006492321624085e-45,4.223265821906506e-38,0.0,0.0,0.0
TCN,42,15591,3,2,class_2,2,class_2,1,1.0,2.4123896497579236e-25,2.996160807864057e-38,1.0,0.0,0.0,2.7763735897076452e-36,0.0,4.72057822385847e-34,5.098072148261098e-26,0.0,5.605193857299268e-45,0.0
TCN,42,15592,3,2,class_2,2,class_2,1,1.0,5.120224387074435e-29,4.988622532996349e-43,1.0,0.0,0.0,2.988613694594896e-39,0.0,3.959990216193256e-34,5.044433772877725e-24,0.0,2.1019476964872256e-44,0.0
TCN,42,15593,3,2,class_2,2,class_2,1,1.0,1.9748499257729647e-41,4.0852754779693554e-40,1.0,0.0,0.0,2.736486469699718e-39,0.0,1.3952028160050041e-40,6.025765991391809e-35,0.0,0.0,0.0
TCN,42,15594,3,2,class_2,2,class_2,1,0.9999997615814209,1.910174763589817e-13,2.0005171263622825e-21,0.9999997615814209,2.5225243219095e-34,1.692974850918e-26,2.0385938626077404e-07,2.0232088759066606e-38,6.825161694433634e-30,3.696562319617383e-15,1.9057659114817512e-43,6.747668181506099e-33,2.229482383306292e-29
TCN,42,15595,3,2,class_2,2,class_2,1,1.0,2.888958395231821e-26,4.203895392974451e-45,1.0,0.0,0.0,6.622743934571806e-39,0.0,1.2245421464839352e-32,7.76292445112894e-21,0.0,5.682265272837133e-42,0.0
TCN,42,15596,3,2,class_2,2,class_2,1,1.0,0.0,0.0,1.0,0.0,0.0,0.0,0.0,0.0,6.209711772731451e-38,0.0,0.0,0.0
TCN,42,15597,3,2,class_2,2,class_2,1,1.0,5.096550540718646e-40,2.9132995073312947e-41,1.0,0.0,0.0,4.273960316190692e-43,0.0,5.558656735299041e-40,1.8844652745376863e-30,0.0,0.0,0.0
TCN,42,15598,3,2,class_2,2,class_2,1,1.0,0.0,0.0,1.0,0.0,0.0,2.573176344070375e-40,0.0,0.0,0.0,0.0,0.0,0.0
TCN,42,15599,3,2,class_2,2,class_2,1,1.0,2.5803020707329294e-30,1.0164644913522248e-38,1.0,0.0,0.0,1.8335533649653188e-35,0.0,2.5658180428773364e-35,2.648881814222612e-35,0.0,4.4314102116422285e-40,0.0
TCN,42,15600,3,3,class_3,3,class_3,1,1.0,4.696915260698174e-14,8.645110486044192e-15,1.1924341027471225e-19,1.0,8.218162343134536e-14,4.107783011393268e-23,8.074403125279961e-12,1.0173592581487428e-18,7.514876088320302e-21,6.0507186473457655e-18,4.217532022654693e-24,9.090229111975712e-13
TCN,42,15601,3,3,class_3,6,class_6,0,0.9998445510864258,4.4859927584184334e-05,1.958783135691533e-09,5.082974894321524e-07,8.144258754327893e-05,3.132642589775969e-08,3.531755998764652e-09,0.9998445510864258,1.4925247342034709e-05,5.472530574479606e-06,1.2309038766034064e-07,1.0392007393500435e-10,8.03469265520107e-06
TCN,42,15602,3,3,class_3,3,class_3,1,0.9999998807907104,1.2653842817317296e-12,9.033472754549354e-12,1.197575288748081e-20,0.9999998807907104,5.545599179868077e-08,1.6646416099357976e-21,6.681360353866239e-09,1.701498882745504e-22,5.273247217172058e-24,2.7744958587030673e-16,5.124513902987491e-25,2.4883433004672982e-15
TCN,42,15603,3,3,class_3,6,class_6,0,0.9999978542327881,1.6004846770637921e-18,5.164281367295814e-25,1.0876887367479315e-22,2.0952566046616994e-06,1.8040155170109734e-19,1.0827625543277265e-29,0.9999978542327881,8.348784898294973e-26,5.8120887195413e-28,1.319641579031137e-31,2.4760766740493627e-37,1.233248848531714e-18
TCN,42,15604,3,3,class_3,6,class_6,0,1.0,1.659527659660381e-33,0.0,6.077851829316029e-41,2.575080148164007e-38,7.00281441762268e-37,0.0,1.0,1.401298464324817e-45,0.0,0.0,0.0,0.0
TCN,42,15605,3,3,class_3,3,class_3,1,1.0,7.797111731670926e-29,2.4606448758320244e-33,7.362141871869724e-41,1.0,2.7134993209875416e-27,0.0,2.745600721300588e-27,3.478881784412827e-39,1.2243568435461539e-37,2.246518845267152e-33,0.0,3.0042131305261483e-26
TCN,42,15606,3,3,class_3,3,class_3,1,1.0,3.048251353254832e-20,3.56590162682537e-20,1.002573678244765e-24,1.0,4.050067357781123e-18,5.1484452040591454e-30,4.595742029706227e-17,2.640515611634118e-22,3.979103399305654e-25,2.316314731733925e-22,2.342718036239647e-28,1.7711609473958905e-17
TCN,42,15607,3,3,class_3,3,class_3,1,1.0,3.82119119524377e-35,4.905505786574703e-31,7.660828639540559e-40,1.0,2.907303158114731e-31,0.0,1.032669191705853e-29,1.0911752456417173e-34,2.25809438436694e-40,1.0849281216662737e-35,0.0,4.115138981562273e-23
TCN,42,15608,3,3,class_3,3,class_3,1,1.0,5.858657566150548e-17,6.509171481885005e-20,2.6155783909123288e-18,1.0,7.83035689321086e-19,8.3715562983076e-30,5.832125185520093e-16,1.4979621500492651e-16,1.0598795596815907e-22,1.800612408173867e-23,3.1373962090058206e-25,6.523162870361299e-21
TCN,42,15609,3,3,class_3,3,class_3,1,1.0,8.341837221422486e-17,3.7939572604108004e-20,3.43475036355924e-22,1.0,1.319352547626487e-16,8.235391396143376e-29,3.982757320556557e-13,4.1202207523268987e-19,2.200979480858268e-22,2.1224155844548982e-17,5.141507877408457e-26,7.324841289950098e-16
TCN,42,15610,3,3,class_3,6,class_6,0,0.6004925966262817,1.1213312234303885e-07,7.256186516718059e-15,2.1731219601583973e-10,0.3995072543621063,1.2755249981233341e-11,1.116986450360084e-16,0.6004925966262817,7.324759132565362e-10,1.9416182613654848e-15,8.169985982389287e-18,3.5724718836567875e-18,6.967973290375462e-13
TCN,42,15611,3,3,class_3,3,class_3,1,0.9896698594093323,3.429799733112304e-07,4.092854929326654e-18,8.558664917338154e-18,0.9896698594093323,2.535913423695746e-10,5.7791345081058074e-21,0.010329756885766983,1.3353256244577484e-18,9.511305254168018e-19,5.662669093445475e-20,1.87301697591002e-25,1.5178029460442138e-13
TCN,42,15612,3,3,class_3,3,class_3,1,0.8380507230758667,6.032870913941224e-08,5.785498816135437e-12,1.5961308663658968e-10,0.8380507230758667,7.335283769283052e-11,2.5487746543309195e-15,0.16194842755794525,3.580177931894468e-08,1.3119169813002873e-11,6.44799547089292e-10,6.161794537877085e-15,7.660979690626846e-07
TCN,42,15613,3,3,class_3,6,class_6,0,0.9939415454864502,6.121785614239886e-14,2.4582610252954495e-11,8.552580437479543e-14,0.006054391618818045,4.113393060833914e-06,2.828525906651602e-17,0.9939415454864502,2.3600565945969265e-13,5.5279562166438906e-18,6.838401068012031e-15,2.8070252594834525e-19,1.5064597518651274e-13
TCN,42,15614,3,3,class_3,3,class_3,1,1.0,1.552244272190547e-36,3.276812114860685e-29,1.08625153708299e-39,1.0,3.871018423563654e-26,0.0,1.5587628145399558e-32,4.318203844342613e-33,8.545944801546686e-40,1.7387433964142718e-28,1.0411647589933391e-42,2.1994487278261227e-25
TCN,42,15615,3,3,class_3,3,class_3,1,1.0,1.3853363612780379e-15,1.48801675488529e-18,6.425240518588932e-21,1.0,1.9584865519331398e-16,1.4728596396466425e-25,3.4219573789157076e-12,7.629416834640983e-18,7.284970668051082e-22,1.7119969729902482e-19,6.973457826950464e-24,6.531000952992184e-15
TCN,42,15616,3,3,class_3,3,class_3,1,0.9999984502792358,7.206223898853503e-12,8.135694340438704e-10,2.236258672067893e-15,0.9999984502792358,1.4576457942894194e-06,6.329515902339823e-17,1.3172468982247665e-07,4.1257276559697725e-15,1.279246199318486e-16,1.0431409425484817e-12,1.3007936256182269e-18,1.3565691972527993e-11
TCN,42,15617,3,3,class_3,3,class_3,1,1.0,5.801874243042118e-33,2.5948036085136e-29,2.0522293220504353e-35,1.0,4.803320434001089e-26,2.0879347118439774e-42,9.036544650345762e-26,6.066608306153094e-29,4.859809101228639e-34,6.6413916784735385e-31,5.491308649545433e-38,4.437648291246183e-21
TCN,42,15618,3,3,class_3,6,class_6,0,0.9995808005332947,4.9873283387569245e-06,1.8395006045192168e-14,5.233168343110606e-10,0.00041417719330638647,4.935088795954279e-12,1.953727656137669e-15,0.9995808005332947,9.629567143676354e-10,1.4009518371771446e-13,2.713669562492899e-17,5.468602285380454e-18,1.9362178527160268e-11
TCN,42,15619,3,3,class_3,6,class_6,0,1.0,1.049831031323803e-16,3.7509371761498995e-16,1.2897922889073941e-17,4.411564002992918e-09,1.5501058214795194e-09,2.424637425680725e-21,1.0,4.5441733569320174e-18,1.8360923109103958e-22,2.7073467968082876e-20,4.4478729605065186e-26,1.4423680689985152e-17
TCN,42,15620,3,3,class_3,3,class_3,1,1.0,7.83685535920655e-23,4.3688943932996126e-23,6.892351070735675e-30,1.0,5.3479992693521617e-17,2.7966337198502815e-36,7.982630891965127e-20,1.968522512821343e-32,2.414514528579423e-34,2.7484991375333314e-30,1.5687003814699884e-39,3.099932156910985e-26
TCN,42,15621,3,3,class_3,3,class_3,1,1.0,1.261900213601443e-18,4.030498018111017e-16,9.10881318394919e-25,1.0,1.1713278347258438e-08,2.6255016077502958e-28,5.940559155703795e-11,6.56418015545006e-27,1.5030128212280553e-28,9.505027728800565e-20,1.67416831954846e-29,4.873933557786053e-21
TCN,42,15622,3,3,class_3,6,class_6,0,0.9999998807907104,8.145345032882872e-22,1.0006526402240662e-22,9.176722669405593e-24,8.64537099687368e-08,2.9293910267620075e-15,2.2720956296264254e-28,0.9999998807907104,7.507533699180642e-23,1.769833683506515e-28,2.664397737055389e-27,1.1588740361960112e-31,2.0596541030548373e-22
TCN,42,15623,3,3,class_3,6,class_6,0,0.9962722063064575,8.963074032974916e-11,6.716406402394737e-13,9.485017926635919e-08,0.0037271096371114254,2.411053821871345e-11,1.596562343763382e-16,0.9962722063064575,5.501690338860499e-07,1.7541832638465866e-16,1.9955497048355098e-19,8.03708998712366e-17,3.015827171326535e-11
TCN,42,15624,3,3,class_3,3,class_3,1,1.0,1.7624560816285956e-36,1.820769836081318e-28,3.1241248612889634e-40,1.0,6.80958874527394e-29,0.0,3.028092440700064e-23,7.734834574557867e-38,1.226136156284215e-42,6.237726531630233e-38,0.0,3.342323103401503e-28
TCN,42,15625,3,3,class_3,3,class_3,1,1.0,5.130455119532014e-27,2.73886663791656e-25,7.481447111955392e-34,1.0,8.247650068652706e-22,1.3435229286407049e-40,1.3702253464385804e-16,4.149731247819356e-35,8.067563926601623e-39,3.0521988162299092e-33,1.1102487732845526e-41,2.8275393626362944e-28
TCN,42,15626,3,3,class_3,3,class_3,1,1.0,1.8826292114643646e-19,1.3758261272356878e-21,9.82391066415138e-25,1.0,1.552698213194226e-16,2.1278350508483148e-28,1.9065293344056045e-08,7.360896700021305e-22,5.168138206869053e-24,4.526201856384549e-24,1.6737723002036453e-29,3.2987460961593496e-15
TCN,42,15627,3,3,class_3,6,class_6,0,0.9999661445617676,1.4715833174250292e-07,3.944895243801483e-10,5.3769923624713556e-08,1.995938509935513e-05,2.2138439692565015e-10,8.880403465534592e-13,0.9999661445617676,1.2127193258493207e-05,6.644300387659285e-11,4.4449049475814295e-12,1.543206209521364e-13,1.6481778857269092e-06
TCN,42,15628,3,3,class_3,6,class_6,0,0.9999998807907104,2.534505798690547e-18,1.6941520867284287e-17,1.3065621707604636e-21,1.1776387509598862e-07,1.4500185774313223e-11,3.107200770595498e-26,0.9999998807907104,5.844514896033741e-21,5.076201287812637e-26,6.455067407475501e-20,5.416103575029515e-30,2.303948939470806e-16
TCN,42,15629,3,3,class_3,6,class_6,0,1.0,7.038489393098105e-14,2.473256465771507e-17,7.755751831811186e-16,1.5887303972395017e-10,1.5037928855713562e-13,5.580325848405235e-20,1.0,2.4068223085247026e-15,8.245115592102605e-19,1.0445843570472772e-19,8.087959626378191e-25,3.049599689528698e-13
TCN,42,15630,3,3,class_3,3,class_3,1,1.0,1.5910985365612945e-14,5.257213074517654e-19,1.1913871659336496e-21,1.0,2.277819825932583e-16,1.5213881438645432e-25,5.988278883178877e-12,1.265106076142484e-17,2.289602008216969e-20,3.4056233502502477e-18,1.4717875530245438e-24,2.2940430479713447e-13
TCN,42,15631,3,3,class_3,3,class_3,1,0.9974647760391235,3.375417609411955e-18,3.676866536933554e-12,2.733183621682668e-18,0.9974647760391235,1.6469656194395554e-10,2.4544708011496367e-19,0.0025352321099489927,2.684842903555307e-10,4.607339366592017e-16,8.980625133360847e-17,1.499578447731304e-15,1.4770204780382643e-14
TCN,42,15632,3,3,class_3,6,class_6,0,1.0,8.789376972609638e-34,1.2611686178923354e-44,3.393459336282012e-33,4.756077694075823e-34,2.4216331570641098e-36,2.802596928649634e-45,1.0,3.1237422148830235e-35,0.0,0.0,0.0,8.640338028103344e-28
TCN,42,15633,3,3,class_3,6,class_6,0,1.0,3.1375072616232654e-42,0.0,1.5826059481781553e-36,1.663341277153558e-42,2.1019476964872256e-44,0.0,1.0,4.330012254763685e-43,0.0,0.0,0.0,1.3540465007415808e-36
TCN,42,15634,3,3,class_3,3,class_3,1,1.0,4.645275976629374e-22,5.114737324963729e-22,2.686832124605578e-27,1.0,2.6711895366991157e-17,1.1931001999122932e-31,1.4202018785133602e-16,1.8909654103965447e-25,3.4045539925057864e-28,3.5789792543648634e-23,1.3074283102755286e-31,2.0026660947416683e-18
TCN,42,15635,3,3,class_3,4,class_4,0,1.0,1.785633120722106e-15,5.630100633972047e-21,4.3062042163955417e-29,5.0544525009854624e-08,1.0,6.935824545702531e-28,1.9362327835351946e-14,8.221580672882797e-29,2.3016732682291875e-24,4.115485757088047e-15,5.382326450155247e-30,1.0033370442699345e-20
TCN,42,15636,3,3,class_3,3,class_3,1,1.0,3.4985918037679456e-24,1.0414509327430684e-23,2.720723869394927e-27,1.0,1.2355212170719737e-18,8.272133435799037e-37,1.210279231993247e-19,1.6557063250089085e-28,9.986113975719222e-33,4.751325409957687e-27,4.424178758228258e-35,7.213492125057158e-28
TCN,42,15637,3,3,class_3,3,class_3,1,1.0,1.61565374360916e-31,7.732547096956532e-27,1.6823562246911828e-37,1.0,4.0604772366480793e-26,9.412521784869796e-42,4.1398584113439165e-23,4.1811837412385544e-32,6.0174710219478196e-36,1.1316020500394198e-30,2.456336078114972e-41,2.165495189530751e-20
TCN,42,15638,3,3,class_3,3,class_3,1,1.0,1.128874496142348e-27,6.763645946451126e-26,8.019469843177421e-35,1.0,1.4550036292870649e-21,6.165713243029195e-43,3.956340349753352e-17,2.0658493870884418e-35,1.875441812713762e-40,1.5514052760120141e-34,1.946403566947171e-42,3.961457839257357e-33
TCN,42,15639,3,3,class_3,3,class_3,1,1.0,2.11542359217311e-17,9.208412393366413e-19,1.9721102325434993e-22,1.0,4.408335328381723e-16,6.0189447659621664e-27,3.0726270594701177e-13,1.413601705144126e-17,2.563222641487329e-22,3.640537422637691e-19,2.80986658457678e-25,3.279407317533997e-14
TCN,42,15640,3,4,class_4,4,class_4,1,1.0,2.5332335261955003e-23,3.628991155709557e-32,1.401298464324817e-45,7.863347502286794e-33,1.0,2.1089536801262968e-32,5.403429299211924e-39,0.0,5.6159951580565125e-33,1.1360174889397525e-31,0.0,5.380139379732721e-34
TCN,42,15641,3,4,class_4,4,class_4,1,1.0,8.035428408747709e-19,3.9386427171502036e-19,1.2286838245049049e-31,2.2803191676630486e-20,1.0,1.0563547634962732e-24,3.9009795456332224e-25,5.7991305657589016e-33,9.976092933680355e-27,1.4036171388422435e-18,4.128581603308325e-31,8.963700248281522e-24
TCN,42,15642,3,4,class_4,4,class_4,1,1.0,5.296460484293694e-21,3.7307960106582387e-19,2.2513060460108758e-33,1.0485580567395213e-24,1.0,2.4366439845313666e-29,4.269689533555643e-24,9.293525492307571e-35,1.999275519645324e-27,1.6317562874360904e-14,6.5900597209640905e-31,1.1504925263757781e-30
TCN,42,15643,3,4,class_4,4,class_4,1,1.0,5.786241475907801e-20,1.4761691586491536e-22,3.300904768189104e-34,9.725737516142304e-24,1.0,8.498561297100385e-29,1.001209244701572e-24,1.2272519037526735e-36,1.501074688711911e-30,7.418459059859941e-22,2.3980548239044338e-35,5.053875272942271e-30
TCN,42,15644,3,4,class_4,4,class_4,1,1.0,5.156481353639107e-31,1.2098210064198968e-36,0.0,3.8051410611871027e-38,1.0,0.0,1.746017886548722e-42,0.0,0.0,5.145568104493691e-34,0.0,0.0
TCN,42,15645,3,4,class_4,4,class_4,1,1.0,1.027543526530011e-17,2.9260768979497846e-21,1.0912845803916682e-32,2.4293762961541176e-22,1.0,2.0288063511689413e-29,6.066250628221612e-25,1.6494169388753706e-33,3.919670125668237e-25,1.829546696839558e-16,2.3335387231054883e-29,1.3536801855707793e-28
TCN,42,15646,3,4,class_4,4,class_4,1,1.0,6.006832450699794e-20,7.40085144318621e-14,1.1859738893545575e-27,1.1354697928757754e-19,1.0,1.192328245439142e-21,2.1081928825500293e-29,2.621398654745022e-28,1.464479565320099e-23,2.8224795472460844e-17,9.89298443434818e-27,1.125862126159247e-23
TCN,42,15647,3,4,class_4,4,class_4,1,0.9999998807907104,1.5855117396768037e-07,1.5776618623365864e-15,2.9879614542035947e-18,1.3014462711215312e-17,0.9999998807907104,1.1212420762359877e-15,9.801447539417424e-18,1.3982745716216066e-23,6.342552268793659e-17,2.0845343519946648e-17,3.3838215035181717e-22,3.7327442794947425e-20
TCN,42,15648,3,4,class_4,5,class_5,0,1.0,2.562912337686006e-20,1.0049203830186926e-10,9.370565642820949e-19,0.0,2.805734433797806e-16,1.0,0.0,2.9683586307792804e-22,8.92377582227416e-18,5.50122111624801e-25,3.4119152995796323e-19,1.1508647372843423e-24
TCN,42,15649,3,4,class_4,4,class_4,1,1.0,8.326054147349271e-13,5.83347361813155e-19,7.146100134665696e-25,3.6418552247510643e-20,1.0,2.6249349086419497e-25,2.1776726775524668e-20,7.158775973854631e-28,1.0970428751815544e-20,5.109468968053838e-16,5.812949610226441e-26,4.2551813584546424e-26
TCN,42,15650,3,4,class_4,4,class_4,1,1.0,5.138714152643634e-22,2.2384163149099425e-27,2.540741889815113e-39,1.755002819228518e-28,1.0,3.90989854481388e-35,5.228444271440515e-30,2.2136311840939135e-41,6.969410497109338e-33,4.6919490267500834e-24,1.3239912102554063e-38,2.201672633757328e-33
TCN,42,15651,3,4,class_4,4,class_4,1,1.0,1.1855049141533424e-17,3.871342527031065e-19,2.5034453160422686e-29,3.9431135994097313e-16,1.0,3.204419655754241e-24,1.8520767785518357e-20,9.171156966605577e-32,5.05656604684362e-26,1.2937704056139535e-15,1.555616027917748e-30,4.593642127374527e-23
TCN,42,15652,3,4,class_4,4,class_4,1,1.0,1.0706285486859962e-28,5.678783864511589e-36,0.0,7.60409387625187e-37,1.0,1.401298464324817e-45,2.4372784190001543e-41,0.0,3.3911422836660573e-43,8.434788367000125e-33,0.0,6.796297551975363e-43
TCN,42,15653,3,4,class_4,4,class_4,1,1.0,9.081448782438431e-23,2.9635470920170206e-24,5.698940724562599e-41,1.479789957958634e-28,1.0,4.5340048280835997e-35,1.2403587873774978e-30,6.141751039289241e-41,1.0534376002012658e-31,8.460200549007064e-21,6.444927589660548e-36,8.95025646107787e-35
TCN,42,15654,3,4,class_4,4,class_4,1,1.0,3.99413650345641e-21,4.10065928187476e-23,1.846685912662393e-36,1.2356035643559818e-22,1.0,4.4903781345655686e-32,8.467060046409924e-25,5.9802513912758056e-40,2.002309100425135e-31,2.9093844658898855e-19,1.1755726441700863e-36,1.816175823602372e-30
TCN,42,15655,3,4,class_4,4,class_4,1,1.0,6.281210925602404e-22,2.3007806090060575e-22,1.7500330839604166e-31,2.558087944869169e-27,1.0,5.426970523397895e-27,8.729851331279764e-22,2.409984577714523e-36,1.197061219145221e-32,7.045027700962803e-26,6.357018509378819e-40,3.3545418480799954e-31
TCN,42,15656,3,4,class_4,4,class_4,1,1.0,1.2040921999525664e-23,4.954696580894761e-19,4.5652546739428277e-38,1.826156665987629e-25,1.0,1.1061742339633362e-28,1.819143523660232e-30,1.2311855391186244e-37,2.3915425679817228e-34,3.2063090893249496e-20,2.328960666454416e-35,1.4795422352195372e-27
TCN,42,15657,3,4,class_4,4,class_4,1,1.0,4.296587339618182e-22,2.2047598916427042e-23,1.9280152128204658e-36,1.5741673757664207e-25,1.0,3.2205259094563067e-29,2.4662989422399e-28,2.2103189629397582e-37,1.3579969017535526e-31,1.5494140298962334e-24,3.799136217007778e-38,1.8674498038496466e-28
TCN,42,15658,3,4,class_4,4,class_4,1,1.0,2.1742742155328454e-12,3.638216301577596e-13,9.784799689888382e-23,7.275863261489365e-14,1.0,3.150948708510737e-18,2.9756915946643812e-16,5.4164284296980665e-25,5.95963210323084e-20,1.357403366141277e-13,9.243658779391045e-23,2.7815208720349086e-17
TCN,42,15659,3,4,class_4,4,class_4,1,1.0,1.5215884374233158e-21,1.6396765793553662e-23,7.744021038874472e-37,1.585072314667772e-27,1.0,4.946965923718036e-29,5.020483845632022e-28,6.955653213338381e-40,2.877368312850278e-32,6.669389517488375e-25,2.1490663573501476e-38,5.183895762691244e-31
TCN,42,15660,3,4,class_4,4,class_4,1,1.0,3.3347690521533593e-14,5.122007418895125e-12,2.533986099499081e-24,4.7395803009869505e-18,1.0,1.9038703307153255e-18,1.4379110647617146e-19,2.2189761906739636e-24,4.1202911899064525e-23,1.7434016673346063e-14,2.0083155402140332e-22,6.4982763661508165e-21
TCN,42,15661,3,4,class_4,4,class_4,1,1.0,1.7984409917666137e-18,2.681945526147269e-21,2.1155193670886162e-33,1.7512832002764056e-22,1.0,3.7580917523861015e-27,1.3255767201920343e-25,4.8999861940756996e-32,1.41888892348095e-27,1.4822825837827076e-19,3.940498933673933e-30,8.431725918759185e-27
TCN,42,15662,3,4,class_4,4,class_4,1,1.0,3.5745335863349506e-14,2.8287014674648102e-15,3.2800489340291374e-23,5.358889042559418e-15,1.0,2.637798799920086e-21,1.9519166996964394e-15,1.5587215038940966e-24,9.121693815250165e-22,2.7647155398380363e-14,1.1634983446814568e-24,3.604798825778396e-20
TCN,42,15663,3,4,class_4,4,class_4,1,1.0,6.491020683553148e-20,9.848811219695386e-13,6.723377500578984e-29,2.6395273266920571e-23,1.0,2.3391606484201047e-23,1.1577919023867916e-23,1.4456099977531076e-28,9.637145802391599e-30,2.154820186428316e-16,1.0523803836481566e-25,1.0302155954753025e-26
TCN,42,15664,3,4,class_4,4,class_4,1,0.9999830722808838,6.29953581703438e-14,2.525709146466352e-18,2.6065167533234986e-28,1.6940046407398768e-05,0.9999830722808838,9.90599601705246e-27,7.683303268460918e-22,2.8270357018631817e-30,4.660245653602337e-23,1.9506523574388745e-18,8.514253413175388e-29,7.936131709312283e-20
TCN,42,15665,3,4,class_4,4,class_4,1,1.0,9.320868631618763e-19,8.01150727035631e-23,5.360367886176127e-35,6.497958014706083e-20,1.0,2.0003263611897612e-29,9.84667953180687e-26,1.4384651792763251e-34,4.721004086506927e-29,8.133830945328011e-21,6.938827366710407e-32,5.406228334934042e-26
TCN,42,15666,3,4,class_4,4,class_4,1,1.0,7.61782278967043e-38,3.125175835137207e-40,0.0,0.0,1.0,0.0,0.0,0.0,0.0,1.548303677229362e-31,0.0,0.0
TCN,42,15667,3,4,class_4,4,class_4,1,1.0,4.352550444578632e-27,4.365273944227399e-33,0.0,2.5864264447898555e-34,1.0,1.9898438193412402e-42,1.5334619289876122e-39,0.0,4.9760108468174254e-42,1.452068658364548e-31,0.0,1.14906474074635e-43
TCN,42,15668,3,4,class_4,4,class_4,1,1.0,3.222094140765147e-17,9.395366197795908e-20,4.711284497361221e-31,6.15296359943009e-20,1.0,3.336375879881484e-27,8.443744670710438e-24,1.8625471385276212e-29,3.289142232291233e-25,2.3276685089718867e-16,1.5771110017601612e-27,5.714550301712295e-22
TCN,42,15669,3,4,class_4,4,class_4,1,1.0,4.4990175322202897e-14,7.63755293682394e-15,1.2073256619169768e-23,3.2530844557970015e-15,1.0,4.0379205303720345e-21,2.9858813480802913e-15,7.236043589888667e-26,1.5720291276170395e-20,3.772656232553517e-12,3.917101052218965e-24,3.5452599162504774e-19
TCN,42,15670,3,4,class_4,4,class_4,1,1.0,1.343843439305381e-12,7.156771953764716e-16,1.0005634387911322e-25,2.0655612636977239e-13,1.0,2.0228639275982853e-21,1.7284752638223112e-18,3.4059767724818305e-24,3.0830300974861384e-20,1.0060513186416209e-11,8.271560632016572e-23,1.2563224798010353e-20
TCN,42,15671,3,4,class_4,4,class_4,1,1.0,2.617363601770583e-19,5.268097013620051e-18,2.336032651920193e-29,3.060841054547228e-24,1.0,9.954819567574864e-24,1.5174498080572623e-21,5.654527909308494e-29,1.1771722623973315e-25,1.9243883390145502e-18,1.2291580189260266e-30,1.3702765373102514e-25
TCN,42,15672,3,4,class_4,4,class_4,1,1.0,4.0484824863449165e-15,3.96718716912576e-19,8.711523408113434e-29,5.109524422242104e-17,1.0,4.252976430594791e-25,2.0775673040551064e-22,9.628662080986573e-29,1.5678403809710442e-23,3.6526591196535353e-16,2.0598782179449726e-26,1.3083222772121927e-22
TCN,42,15673,3,4,class_4,4,class_4,1,1.0,2.072710612127227e-26,1.1237530632342335e-27,0.0,4.793547311192252e-33,1.0,3.68750653926212e-38,4.7142592529565794e-35,0.0,3.164563532372449e-39,3.547858472251955e-26,3.6742045734596704e-42,2.994785013031783e-40
TCN,42,15674,3,4,class_4,4,class_4,1,1.0,8.818268107962409e-17,3.342693400876471e-20,1.0919603368291254e-30,3.3953091317947474e-19,1.0,1.3872852412434315e-26,3.703732873360135e-23,6.477744556514562e-33,7.573157905131022e-27,1.856214458760448e-20,3.493513163073191e-30,9.003919705236633e-27
TCN,42,15675,3,4,class_4,4,class_4,1,1.0,2.4079818542778464e-13,1.1502391649830662e-13,5.268668447597102e-22,4.1907490390229174e-13,1.0,5.371564848842458e-20,1.1373671271561626e-14,8.85028918692588e-23,3.50485400448364e-18,8.298056464184356e-09,1.035178489533111e-20,4.191401918783771e-18
TCN,42,15676,3,4,class_4,4,class_4,1,1.0,3.729910054985755e-21,4.1508803759116645e-23,3.1040162283259023e-41,2.1750996346512622e-27,1.0,3.0431770807583405e-33,2.7339939134023767e-31,2.3370575528316434e-40,1.0140267707955332e-34,1.1196956888155557e-21,1.9184923023477703e-36,1.4738700589326347e-34
TCN,42,15677,3,4,class_4,4,class_4,1,1.0,2.43883015670358e-21,1.4567474536497103e-21,5.1144866678049444e-36,1.2746763574356225e-20,1.0,1.3599148383363542e-31,6.340044015566794e-30,2.329003965455925e-36,9.23096553142824e-32,6.542173181243226e-22,7.808227837492768e-33,9.399588964135617e-29
TCN,42,15678,3,4,class_4,4,class_4,1,0.9999756813049316,3.963334584025473e-14,2.3988497559912503e-05,1.0493135206628102e-15,1.050774800503973e-09,0.9999756813049316,1.1716813500331491e-12,4.101852653093374e-07,1.2360628714806857e-16,1.277163722495547e-17,5.138049360975394e-11,4.0627925750776683e-20,1.761938338284974e-11
TCN,42,15679,3,4,class_4,4,class_4,1,1.0,3.5951329618267723e-19,1.363601035939072e-19,9.184622369188617e-35,5.433965730588389e-22,1.0,2.118336123621354e-27,4.0673295413158135e-26,7.825582542214721e-33,7.70127685578511e-29,9.812671553149156e-18,9.347628126552434e-30,2.9674919635369013e-26
TCN,42,15680,3,5,class_5,5,class_5,1,1.0,1.6337867948172484e-14,1.207419309933594e-13,1.2686685469526227e-12,8.773543698122323e-40,2.4174993174367255e-20,1.0,8.705132307093985e-40,1.0462239324189338e-18,5.392044453213793e-16,1.0566767173532165e-25,4.301147586423075e-14,1.1001147525579379e-20
TCN,42,15681,3,5,class_5,5,class_5,1,1.0,3.1628983168039944e-16,1.4806060821825895e-09,2.557995031478256e-16,3.356109822057937e-42,8.729322630390197e-21,1.0,3.189369317787927e-40,3.1307975548131796e-17,6.844066336921217e-22,1.326720667112218e-24,3.6477740966711636e-11,1.954011642919616e-21
TCN,42,15682,3,5,class_5,5,class_5,1,1.0,1.9474235075486106e-16,4.1509556902852296e-10,1.7839298698140755e-16,9.556855526695252e-43,3.6029977692415323e-20,1.0,1.5866902511549904e-41,8.037210259184725e-18,9.325736331029696e-20,6.552935642127592e-23,4.562855694949415e-14,1.1652761728934217e-22
TCN,42,15683,3,5,class_5,5,class_5,1,1.0,2.7904970276219066e-20,1.1193386335576491e-18,1.1003645537358515e-16,0.0,4.940754967395885e-24,1.0,0.0,1.4090978315936603e-21,3.780599542043806e-17,2.53039471833713e-30,8.605420639718224e-17,7.769262784675087e-29
TCN,42,15684,3,5,class_5,5,class_5,1,1.0,0.0,0.0,0.0,0.0,0.0,1.0,0.0,0.0,0.0,0.0,3.2229864679470793e-44,0.0
TCN,42,15685,3,5,class_5,5,class_5,1,1.0,8.744531762541067e-26,5.270393339002151e-31,1.2004646720201949e-30,0.0,1.485376372184306e-43,1.0,0.0,2.120524654176841e-37,1.563784350082516e-31,0.0,9.222926828177304e-20,0.0
TCN,42,15686,3,5,class_5,5,class_5,1,1.0,3.4122594073232593e-12,1.1742904791731037e-14,5.66743656958544e-16,3.4827872032329003e-41,5.05361693900087e-18,1.0,1.7373354412637655e-39,4.211457004823586e-23,1.0870922588277035e-17,2.324537633722824e-30,6.134929935042849e-16,9.01061331406581e-21
TCN,42,15687,3,5,class_5,5,class_5,1,0.9894070029258728,1.0117046258528717e-06,0.009789371863007545,0.00012700831575784832,1.7799563059096076e-15,1.0645923032015503e-09,0.9894070029258728,6.066284796810584e-16,4.658110697164375e-07,0.00015797594096511602,9.485354342253505e-12,0.0005148352356627584,2.409458829788491e-06
TCN,42,15688,3,5,class_5,5,class_5,1,1.0,4.444852953602163e-19,1.7054805105057996e-13,2.9418690602351933e-21,0.0,9.67509380091948e-21,1.0,0.0,2.509299131959985e-27,8.711835943209985e-26,3.7162652378746785e-34,2.510617357359357e-22,2.0213150915569136e-27
TCN,42,15689,3,5,class_5,5,class_5,1,1.0,1.193728004899447e-13,4.5585581885882256e-14,2.5628982934516745e-16,0.0,7.054693460792675e-23,1.0,0.0,8.803566937128233e-20,1.7123478785157297e-21,8.73317071022507e-32,3.787563050195765e-14,2.2251334172777255e-21
TCN,42,15690,3,5,class_5,5,class_5,1,1.0,3.62490577701197e-19,3.207544230221515e-09,1.990966245362565e-18,0.0,1.2807370774783668e-24,1.0,0.0,1.538704974795701e-14,3.535567292117465e-24,3.050034794133251e-25,1.1609323745387368e-11,9.748343243664809e-27
TCN,42,15691,3,5,class_5,5,class_5,1,0.9985693693161011,1.684235542143142e-07,2.0522917054677237e-07,1.916939107449167e-10,8.147253191770981e-32,1.0387559961291142e-15,0.9985693693161011,3.015392113642496e-34,2.1454648901908513e-07,1.6378370946127816e-15,8.509313634544791e-16,0.0014299085596576333,8.353614685158465e-16
TCN,42,15692,3,5,class_5,5,class_5,1,1.0,4.8074608752327306e-27,1.4516317036044604e-30,6.53397114828704e-21,0.0,1.0232603685146609e-39,1.0,0.0,6.682095433197386e-33,2.4359953667390953e-20,2.802596928649634e-45,9.042662700539248e-23,1.9432090268380496e-38
TCN,42,15693,3,5,class_5,5,class_5,1,0.999998927116394,1.2734415084925121e-11,1.2131079311942369e-17,1.1814479516231158e-12,1.6109046886185232e-40,7.551227897432138e-19,0.999998927116394,4.2546638758175536e-38,2.579401109154924e-17,1.116208068197011e-06,2.2934825809170601e-26,2.3218678715797303e-11,4.4716109341789295e-14
TCN,42,15694,3,5,class_5,5,class_5,1,1.0,5.194725422615988e-23,1.8643385543024551e-29,3.5119061364965076e-26,0.0,2.4802982818549262e-43,1.0,0.0,8.383553018246216e-27,2.009641994052796e-29,0.0,2.2698906380167723e-17,2.2724130168627294e-31
TCN,42,15695,3,5,class_5,5,class_5,1,0.9989116191864014,7.179278327384964e-08,3.5053588362643495e-05,7.519159600510861e-11,3.1782690398084658e-21,1.0772265301994821e-09,0.9989116191864014,9.483835686138996e-25,6.416896874972267e-11,2.3807603024422752e-12,4.092164829216927e-09,0.0010533321183174849,1.0878084814328886e-16
TCN,42,15696,3,5,class_5,5,class_5,1,1.0,4.7425754185874285e-21,1.2274276683684486e-17,4.691503207209164e-16,0.0,4.299886564324844e-28,1.0,0.0,8.473651965349177e-25,9.021865070659806e-20,6.851107276274645e-33,2.0377818956855448e-20,1.2663675873046956e-30
TCN,42,15697,3,5,class_5,5,class_5,1,1.0,3.5850379333089015e-20,2.3440352713314724e-14,2.7021404845512573e-17,0.0,3.448565921373907e-27,1.0,0.0,1.4633928482075508e-20,7.515295617171473e-24,5.378316077792e-33,3.3798057198434876e-17,4.771866512076046e-28
TCN,42,15698,3,5,class_5,5,class_5,1,1.0,0.0,0.0,0.0,0.0,0.0,1.0,0.0,0.0,0.0,0.0,0.0,0.0
TCN,42,15699,3,5,class_5,5,class_5,1,1.0,2.4121587550587476e-18,5.683336288565821e-13,1.1088176910865432e-15,8.533907647738136e-43,2.5553648800519564e-21,1.0,2.7305842005679818e-39,8.455559128730103e-20,2.456097762016952e-17,6.304459257985708e-26,1.0645553491530593e-15,2.434644530160237e-23
TCN,42,15700,3,5,class_5,5,class_5,1,0.9999964237213135,1.9047130192517692e-11,3.6142848784948e-06,2.2221847625902846e-11,1.8875685495312017e-28,7.076350790058417e-12,0.9999964237213135,7.140446657832654e-29,1.3010453863094635e-16,4.253226443322279e-15,6.297525214927482e-15,2.3691572521074983e-14,4.2518088509669874e-18
TCN,42,15701,3,5,class_5,5,class_5,1,1.0,0.0,0.0,0.0,0.0,0.0,1.0,0.0,0.0,0.0,0.0,2.1983951461510027e-37,0.0
TCN,42,15702,3,5,class_5,5,class_5,1,1.0,6.2979509765106e-39,3.1732934555815096e-30,8.18975236809727e-35,0.0,0.0,1.0,0.0,3.471576815518302e-40,1.2262879000923197e-36,0.0,8.68069194042696e-32,0.0
TCN,42,15703,3,5,class_5,5,class_5,1,1.0,5.7032847498020055e-43,4.132535669977174e-39,4.4566870889385595e-34,0.0,0.0,1.0,0.0,1.401298464324817e-45,1.5439360655207443e-35,0.0,6.88238277284621e-33,0.0
TCN,42,15704,3,5,class_5,5,class_5,1,0.9944297671318054,2.6427346710988786e-07,0.0008045223075896502,0.004765378311276436,2.2637474571205554e-18,5.571832058237636e-13,0.9944297671318054,2.729473070400514e-20,1.1264514711631368e-12,1.7062937868184136e-11,3.027601479441269e-17,1.734110632867214e-10,1.0062603690835087e-13
TCN,42,15705,3,5,class_5,5,class_5,1,1.0,5.5172634513887646e-15,2.1232912378513468e-16,1.608564694746857e-14,7.006492321624085e-45,1.5036606708952928e-21,1.0,3.7036318412104915e-42,5.247790517988395e-21,4.792821053194987e-16,1.1252329478035006e-27,1.0090250846233467e-13,6.16037636758427e-23
TCN,42,15706,3,5,class_5,5,class_5,1,1.0,1.275772971423214e-13,1.296019931998349e-12,9.01433441780064e-12,3.465311284983062e-36,5.239017892776055e-18,1.0,4.594419957174836e-35,3.856022201168636e-15,3.577980197278646e-13,1.2456989644588934e-21,5.390797942587955e-13,2.316193441529848e-20
TCN,42,15707,3,5,class_5,5,class_5,1,1.0,3.4627401450772546e-14,1.5187074688116642e-12,1.7019232160728204e-12,4.998669842985558e-40,1.627520991374557e-20,1.0,4.448492039922348e-40,3.7374341350739767e-19,1.643169140545968e-17,3.6972638589499154e-25,1.2998483752302715e-14,6.714811162056392e-23
TCN,42,15708,3,5,class_5,5,class_5,1,0.9999784231185913,2.945683661437215e-07,2.0391027646837756e-05,8.369429451704491e-07,5.854928615269644e-19,6.189445067583677e-10,0.9999784231185913,1.276196738019715e-19,2.8383648209562296e-10,4.3364761781461425e-10,1.8885176896691475e-13,4.1870298894686186e-10,7.886983427463079e-11
TCN,42,15709,3,5,class_5,5,class_5,1,1.0,4.173244903049423e-26,2.2134248600647055e-10,1.7102905797620112e-22,0.0,1.0047373462140825e-23,1.0,0.0,7.725135968067253e-30,1.9845971601299732e-25,1.0220273579460644e-25,1.6742155228876907e-26,1.221545719548193e-34
TCN,42,15710,3,5,class_5,5,class_5,1,1.0,0.0,0.0,0.0,0.0,0.0,1.0,0.0,0.0,0.0,0.0,0.0,0.0
TCN,42,15711,3,5,class_5,5,class_5,1,1.0,6.978466352337589e-43,1.6504262098571082e-38,1.6082837627490213e-35,0.0,0.0,1.0,0.0,2.802596928649634e-45,7.006492321624085e-45,0.0,4.95483446661148e-32,0.0
TCN,42,15712,3,5,class_5,5,class_5,1,1.0,4.3864276152943786e-16,6.73672784223811e-10,1.0977448528835614e-15,4.783543063261798e-38,1.921177529933446e-16,1.0,4.332403385621658e-36,7.327080633304402e-15,4.242265254649657e-18,1.0557842734891136e-21,3.8197073976009577e-11,5.819801098087872e-20
TCN,42,15713,3,5,class_5,5,class_5,1,0.9999939203262329,3.313397334281376e-09,1.1261559684783151e-08,6.050914635125082e-06,3.6934721323717946e-28,1.0865088690211851e-18,0.9999939203262329,2.310223842514443e-27,2.023702169381969e-12,1.111706629530751e-10,7.507352299037764e-21,2.354706474250179e-08,5.711786155912491e-16
TCN,42,15714,3,5,class_5,5,class_5,1,1.0,1.1345810095021904e-36,5.249330906455756e-29,7.681779175490845e-33,0.0,0.0,1.0,0.0,1.8558320823613965e-35,4.178204392031678e-31,0.0,4.400473441968696e-23,1.1883010977474449e-42
TCN,42,15715,3,5,class_5,5,class_5,1,1.0,4.409379050499917e-23,1.40828778832163e-19,2.0092187859505113e-23,0.0,2.4842774982707546e-28,1.0,0.0,8.882626635491442e-30,3.831962865777764e-28,1.312569646862234e-39,4.006726370094052e-21,6.197607079475829e-34
TCN,42,15716,3,5,class_5,5,class_5,1,1.0,0.0,3.8022593077108e-35,0.0,0.0,0.0,1.0,0.0,0.0,4.203895392974451e-45,0.0,1.7427125048115747e-30,0.0
TCN,42,15717,3,5,class_5,5,class_5,1,1.0,2.8357480076551054e-21,4.805385407385339e-21,3.1113163140142135e-19,0.0,1.8701426752090753e-30,1.0,0.0,4.896651365032784e-28,9.097294789213786e-23,3.388496351905719e-38,5.64218361014643e-21,1.1607906092053659e-30
TCN,42,15718,3,5,class_5,5,class_5,1,1.0,4.0679675942026692e-25,1.5806286717485513e-19,2.182986384025518e-21,0.0,9.851448057192075e-34,1.0,0.0,1.1761413429129801e-30,6.933435820811039e-30,5.438439340044615e-42,2.64643974995634e-26,4.6970263355549976e-40
TCN,42,15719,3,5,class_5,5,class_5,1,1.0,1.316251102393351e-23,4.6482206871034805e-21,1.1918280192728105e-21,0.0,1.8988377383366592e-32,1.0,0.0,1.931992386666178e-27,1.4820978664481693e-24,3.557730326663149e-38,1.3097817733854023e-20,1.727110870650985e-33
TCN,42,15720,3,6,class_6,3,class_3,0,1.0,4.155464763521549e-13,7.736924009929397e-17,2.1510686931470414e-22,1.0,3.492201319788002e-11,9.965876242022442e-24,4.691044644747344e-13,1.278357715058267e-20,1.8679091498929502e-17,6.022147498115939e-16,9.18579993406979e-23,1.404806687643756e-10
TCN,42,15721,3,6,class_6,6,class_6,1,1.0,2.1626598734018486e-16,1.4795001080442313e-23,1.1158348825985123e-17,1.0151617080948885e-17,2.1999421567882416e-19,1.0135179991779165e-23,1.0,6.130773106249291e-21,1.2769728943516117e-21,4.279205639692522e-27,4.524008440195419e-32,1.1629212290694196e-17
TCN,42,15722,3,6,class_6,3,class_3,0,1.0,5.0091377036933296e-14,1.1540925550293513e-15,2.308501631185385e-20,1.0,8.228855625873853e-15,3.649011170086764e-23,1.2524273840242017e-09,9.076795963790344e-18,2.2795711508200563e-20,1.539685351077496e-18,1.9569177812509013e-24,1.299529196275087e-13
TCN,42,15723,3,6,class_6,4,class_4,0,0.6483398675918579,7.666363899261341e-07,0.001124699367210269,1.16999562815856e-10,0.26937222480773926,0.6483398675918579,1.9038759901945923e-08,0.0809411033987999,3.099336065570668e-10,3.615701488213219e-11,6.942998879821971e-05,1.7387738384527784e-12,0.00015195652667898685
TCN,42,15724,3,6,class_6,6,class_6,1,1.0,2.7495505330009384e-13,4.1725474947734825e-17,1.7350873320487539e-19,8.771597337364767e-10,3.986296291972821e-14,1.6435678105819455e-20,1.0,1.379925982510528e-21,1.0703087268335013e-23,1.2916439669615656e-24,6.703533320285126e-28,2.9750596823138836e-21
TCN,42,15725,3,6,class_6,6,class_6,1,1.0,1.3845600670121583e-22,5.1270200154757654e-24,2.3671416078371664e-22,5.223059262654192e-16,7.929072110525055e-18,9.598124559862493e-27,1.0,3.0042951597343397e-25,8.023594472746681e-29,1.1791165435651938e-28,7.685614868658876e-34,7.667322524242951e-24
TCN,42,15726,3,6,class_6,3,class_3,0,1.0,1.7076004239086062e-12,1.7170268679089773e-11,2.0941135997963963e-18,1.0,2.0603398815603052e-13,2.672876225822771e-21,4.161897937393633e-09,6.005005337973635e-18,4.168800455779027e-21,1.4414039641451905e-19,5.458308463510571e-24,2.1606479054543236e-16
TCN,42,15727,3,6,class_6,6,class_6,1,1.0,1.0960172656601652e-14,1.0014315951874719e-15,7.121182170419932e-15,1.1089994700341776e-08,1.6948611568021188e-12,4.1243742329776806e-18,1.0,6.71030247545375e-16,2.9290951459112585e-19,1.4677328386994178e-18,6.794973945067503e-23,1.005577863815929e-14
TCN,42,15728,3,6,class_6,6,class_6,1,0.9439077377319336,1.059716314699699e-08,5.979596817695665e-09,5.9487051887869e-15,0.056091807782649994,4.481745463635889e-07,6.607967448777393e-15,0.9439077377319336,7.372922188758702e-17,9.675707814503239e-18,4.9487562453642576e-17,2.409894991135563e-21,2.3055626960540032e-14
TCN,42,15729,3,6,class_6,6,class_6,1,1.0,1.061143707625778e-11,7.342578159865603e-16,2.1806772425130017e-13,1.241190206169307e-10,7.726583045250535e-14,1.714312132617571e-17,1.0,9.376771616651826e-15,8.30190597070655e-16,9.24939092091229e-19,3.618971346815948e-23,1.02357141859577e-12
TCN,42,15730,3,6,class_6,3,class_3,0,1.0,1.2587752286447941e-18,1.4965619648827844e-17,2.034818190071929e-24,1.0,1.9126055647790386e-18,3.532767903543195e-29,8.92785340910374e-20,2.267236728703122e-22,1.6793673269406562e-23,7.885559631494896e-22,1.157457776151858e-28,8.804390267215035e-16
TCN,42,15731,3,6,class_6,11,class_11,0,0.8895853161811829,0.024053627625107765,6.394619049387984e-06,1.3835308898535459e-08,0.08481043577194214,4.856363739236258e-05,1.119409187566589e-08,2.399217464699177e-06,5.237759381770957e-08,0.0009405602468177676,0.0005524516454897821,2.1660007121226954e-07,0.8895853161811829
TCN,42,15732,3,6,class_6,3,class_3,0,0.5544734597206116,4.200355476768891e-07,0.00020914414199069142,1.9650943372528928e-10,0.5544734597206116,0.05410895496606827,1.1550960882233952e-10,0.3902144134044647,1.5130430242038528e-10,2.0492585493109283e-12,0.00036244018701836467,5.202747412579034e-13,0.0006312071927823126
TCN,42,15733,3,6,class_6,6,class_6,1,0.9999508857727051,1.1383161080402715e-10,2.0166523044210926e-16,1.5409091027552223e-17,4.906644608126953e-05,1.883709930660532e-13,1.4864847905414477e-19,0.9999508857727051,1.8930526281004795e-17,3.8481527770520823e-20,1.2677026301337869e-22,1.6291202892407315e-25,2.3363800840157196e-15
TCN,42,15734,3,6,class_6,3,class_3,0,0.9999998807907104,3.65344646896526e-12,6.6567493704761116e-12,1.7626409870865943e-17,0.9999998807907104,2.018079973964415e-11,2.9684193122320294e-19,6.334119007078698e-08,2.799138164721063e-16,5.389385266067782e-18,7.213185533897978e-14,1.817945561643793e-20,4.447134327456581e-11
TCN,42,15735,3,6,class_6,6,class_6,1,0.9505743980407715,2.295004541963408e-08,1.8682898783595192e-08,1.3238187455966166e-11,0.04909064248204231,0.0003337408707011491,3.629737135857347e-12,0.9505743980407715,2.6154002574774182e-11,6.999063655033222e-12,5.120781665368668e-08,1.5985211074539076e-15,1.1272179563093232e-06
TCN,42,15736,3,6,class_6,6,class_6,1,1.0,1.370297486591454e-10,1.425485299461418e-13,1.1339625798686276e-13,7.144628222377492e-10,1.6273095338695948e-13,9.900580999928842e-18,1.0,3.654918791798573e-15,1.5753023006879575e-18,3.360106199005566e-20,3.15351229217284e-24,3.657708494810355e-15
TCN,42,15737,3,6,class_6,6,class_6,1,0.8880323767662048,1.3595524706033757e-07,0.00403347983956337,6.196638313582525e-09,0.04253803938627243,0.06538555026054382,6.301167587707823e-08,0.8880323767662048,3.979183649249762e-09,1.9023902245174362e-11,7.727254342171364e-06,6.083319264993392e-11,2.601037067506695e-06
TCN,42,15738,3,6,class_6,4,class_4,0,0.9939530491828918,8.124128036968159e-09,0.001083753420971334,3.195237130437789e-11,0.0006921630701981485,0.9939530491828918,8.036875054351356e-10,0.004218426998704672,3.6222374925898304e-12,3.6228092466054906e-13,4.582832843880169e-05,4.166883716327438e-14,6.819976078986656e-06
TCN,42,15739,3,6,class_6,3,class_3,0,1.0,2.7806642364746557e-30,1.8346813865893108e-26,8.684082001562898e-37,1.0,5.219527145381188e-26,2.382207389352189e-44,7.562543493762362e-32,4.5815193658520424e-36,1.2991726573293602e-35,1.2350977918807316e-32,8.96831017167883e-44,1.7202149390434528e-24
TCN,42,15740,3,6,class_6,6,class_6,1,1.0,5.477953917703574e-33,1.4197216154949883e-36,3.553672236801382e-32,2.704814382033045e-30,2.6682314932026862e-28,1.1991875052570915e-38,1.0,4.149767258813287e-33,5.226843271931568e-43,4.764414778704378e-44,0.0,8.012391428538147e-31
TCN,42,15741,3,6,class_6,6,class_6,1,1.0,9.263407950363703e-27,1.5691811386866892e-30,4.924334742238717e-29,2.775395088651852e-24,9.177297477637348e-21,7.255361895738841e-34,1.0,7.520656515812336e-32,7.549780220397903e-38,5.783849882671125e-38,0.0,1.0164740468035007e-27
TCN,42,15742,3,6,class_6,6,class_6,1,0.9999997615814209,9.51455580988636e-11,1.0183678986891431e-12,4.028499322322743e-12,2.2255922260683292e-07,1.0020362317675335e-09,5.325446487735924e-15,0.9999997615814209,1.3303171932099733e-11,3.236980453645566e-14,5.987925778860089e-15,4.4850502090594835e-18,1.1669400168390354e-10
TCN,42,15743,3,6,class_6,6,class_6,1,1.0,5.35770917648587e-13,2.841613690652314e-16,9.956037967521255e-16,1.0929289473438075e-08,3.2595520726985683e-10,7.656907458516147e-19,1.0,3.4198298794858254e-16,2.827143894643179e-18,2.501312943224203e-17,2.409605296167617e-23,3.0784313442708483e-15
TCN,42,15744,3,6,class_6,6,class_6,1,1.0,2.386414876035518e-24,4.4113362783466445e-28,2.673689105964834e-23,1.8434070533152276e-20,1.1699848773257986e-21,8.788158568013033e-29,1.0,2.953343373423213e-25,2.5650708612909068e-30,1.3447367928303995e-33,4.33796015060403e-36,3.9625168592162834e-25
TCN,42,15745,3,6,class_6,3,class_3,0,1.0,4.239034904346406e-12,4.9384036763340175e-15,7.841270197225002e-18,1.0,5.828581367550711e-11,6.592157730604534e-20,4.275249665397496e-08,2.039864892939506e-14,2.3194787591631217e-16,3.325850811658308e-14,8.420666970281997e-20,2.2708870339727127e-09
TCN,42,15746,3,6,class_6,3,class_3,0,0.9999583959579468,2.2130656682217698e-11,4.945078295958381e-15,3.1443488246547173e-16,0.9999583959579468,6.679076736126888e-11,1.9011920491388495e-19,4.157956573180854e-05,4.813977341755482e-12,2.876240662233866e-16,1.8800664692598945e-13,1.4631654058508414e-19,9.010271972975659e-10
TCN,42,15747,3,6,class_6,6,class_6,1,0.999996542930603,2.3329069578914563e-11,5.63986303405567e-13,2.4669681445224634e-13,3.4222400699945865e-06,9.424276914415941e-10,1.826632374105411e-16,0.999996542930603,1.1560650006736672e-11,1.7117594598646774e-15,1.4456011461125816e-14,3.2236179728895924e-18,1.2110558215983058e-11
TCN,42,15748,3,6,class_6,6,class_6,1,1.0,2.7341605985013233e-31,2.1063947299436024e-34,3.9062728263813797e-29,4.118514199490143e-31,2.722716051329401e-28,1.003626495471313e-38,1.0,2.5767191757065666e-32,7.77300258160976e-42,4.203895392974451e-45,0.0,2.2571159872602246e-28
TCN,42,15749,3,6,class_6,6,class_6,1,1.0,1.3551437749725892e-11,1.6369333104580613e-15,3.6029264695400937e-14,5.2035414199735897e-08,1.1348210565698125e-10,1.5016517726279457e-17,1.0,4.625825818314194e-14,4.221863142626057e-16,2.4207156076233637e-16,2.3810898803318243e-21,1.0102889662008674e-12
TCN,42,15750,3,6,class_6,6,class_6,1,0.9999967813491821,1.0888087653704304e-10,7.515194114801962e-14,2.962542320836259e-13,3.178794713676325e-06,3.5255023345115433e-09,1.0225551807587855e-16,0.9999967813491821,4.993612402921788e-13,1.0803719953771389e-15,3.3999449340160835e-15,1.1895269506349107e-19,6.635081373218554e-11
TCN,42,15751,3,6,class_6,6,class_6,1,0.9997089505195618,1.399605338292531e-07,1.9128920669686522e-10,1.4899530498269087e-09,0.0002894701901823282,1.351101332147664e-06,8.99535708507454e-13,0.9997089505195618,3.443000773373228e-09,2.129621305690943e-11,5.5749189986631364e-11,1.7040048097050932e-14,4.583397483770568e-08
TCN,42,15752,3,6,class_6,6,class_6,1,1.0,4.787562693834256e-14,1.89680339587004e-17,3.0828600560355674e-16,3.696565831212695e-10,2.569898287230199e-12,5.891907983047768e-20,1.0,1.0804903152919585e-16,1.19030256170615e-19,1.2640477327991697e-20,1.0075925099313942e-24,4.733984027096335e-16
TCN,42,15753,3,6,class_6,6,class_6,1,1.0,1.024425271148395e-30,2.008059346956289e-33,6.570386440621723e-29,4.310421410524597e-32,3.4047131898749895e-26,1.7302727848996913e-37,1.0,7.501197529265618e-33,2.2493642949341964e-41,9.668959403841238e-44,0.0,2.4831675306770246e-29
TCN,42,15754,3,6,class_6,6,class_6,1,1.0,1.5329554845563281e-13,3.1143743403546373e-15,9.865608730072386e-15,1.0804427352795187e-09,6.425674662496883e-12,5.023843400032636e-18,1.0,8.292571985265163e-15,8.896652569988546e-18,4.855216428309107e-18,5.875536996281964e-23,1.470045195598943e-13
TCN,42,15755,3,6,class_6,6,class_6,1,1.0,4.263313313490613e-11,2.147502621151383e-14,9.455624217641345e-13,1.2516267189344177e-10,2.0071101725083196e-10,7.74460156950287e-17,1.0,1.1380431102700483e-12,4.84275417483122e-16,2.2916440389064837e-15,4.774029688393968e-22,3.925370861690425e-10
TCN,42,15756,3,6,class_6,6,class_6,1,1.0,6.698731939219807e-19,2.3674046456174033e-21,1.068532269756453e-19,1.1102562441985567e-16,7.810403125486973e-18,3.267011903165093e-23,1.0,9.201691631668776e-22,1.9669165932245777e-24,1.2836362368311792e-26,2.9835457217090644e-31,1.5835910769407422e-20
TCN,42,15757,3,6,class_6,6,class_6,1,1.0,9.160594999844029e-25,9.57181797398702e-23,5.554783292598319e-25,7.054657830634025e-18,8.461989837607244e-18,1.198141842520823e-28,1.0,6.508975299524144e-27,5.705981822005851e-32,1.6891409202333016e-29,5.8618839342020426e-37,1.9156875716090725e-25
TCN,42,15758,3,6,class_6,6,class_6,1,1.0,9.403032009708961e-14,8.247486750823422e-16,3.100481729470246e-15,1.6298911109657865e-09,6.72133225812499e-12,1.3728137600113813e-18,1.0,2.1129984375834474e-15,4.915822711019949e-18,3.1421861774868096e-18,4.060189139715112e-23,6.784666991904113e-15
TCN,42,15759,3,6,class_6,6,class_6,1,1.0,5.478983385524383e-16,5.18231168393534e-17,6.766438657590743e-17,4.0041338300600415e-11,1.1714578959653998e-11,2.0233820060024464e-20,1.0,2.7427447955880153e-18,2.270015841496005e-21,1.011526071749692e-21,2.1833722356157842e-26,2.6788019144403187e-17
TCN,42,15760,3,7,class_7,7,class_7,1,1.0,0.0,0.0,0.0,0.0,0.0,0.0,0.0,1.0,0.0,0.0,2.876920678158651e-38,0.0
TCN,42,15761,3,7,class_7,7,class_7,1,1.0,0.0,0.0,5.034776384396248e-34,0.0,0.0,0.0,0.0,1.0,1.5946776524016418e-42,1.401298464324817e-45,5.426349603583825e-27,0.0
TCN,42,15762,3,7,class_7,7,class_7,1,1.0,0.0,0.0,3.1629730025635017e-37,0.0,0.0,0.0,0.0,1.0,0.0,4.59713057063021e-38,2.9461029082679507e-21,0.0
TCN,42,15763,3,7,class_7,7,class_7,1,1.0,0.0,0.0,1.8172032545655558e-28,0.0,0.0,0.0,0.0,1.0,0.0,4.679352150388039e-37,3.8107617897254907e-16,0.0
TCN,42,15764,3,7,class_7,7,class_7,1,1.0,9.046572505343e-28,0.0,1.3425668725624423e-13,0.0,0.0,1.6643623192666035e-36,0.0,1.0,4.175008303765803e-28,3.532129724758706e-39,2.915716930049217e-12,4.049808905673282e-31
TCN,42,15765,3,7,class_7,7,class_7,1,1.0,3.0210464515748727e-28,9.820159508141886e-41,3.41903372280683e-09,6.305843089461677e-44,1.8216880036222622e-44,1.6222870156546944e-38,0.0,1.0,4.575512176455934e-28,9.550437579728645e-40,3.8856128736644915e-15,3.001003298643635e-28
TCN,42,15766,3,7,class_7,7,class_7,1,1.0,0.0,0.0,2.148070694550807e-19,0.0,0.0,0.0,0.0,1.0,1.421897551750392e-41,0.0,9.170365985860864e-29,0.0
TCN,42,15767,3,7,class_7,7,class_7,1,1.0,0.0,0.0,8.510789832827427e-22,0.0,0.0,0.0,0.0,1.0,0.0,0.0,4.0502950392447285e-20,0.0
TCN,42,15768,3,7,class_7,7,class_7,1,1.0,0.0,0.0,1.5414283107572988e-44,0.0,0.0,0.0,0.0,1.0,0.0,0.0,3.997904518718703e-42,0.0
TCN,42,15769,3,7,class_7,7,class_7,1,1.0,0.0,0.0,1.4105277523224918e-37,0.0,0.0,0.0,0.0,1.0,0.0,0.0,5.310049944983334e-23,0.0
TCN,42,15770,3,7,class_7,7,class_7,1,1.0,0.0,0.0,0.0,0.0,0.0,0.0,0.0,1.0,0.0,0.0,1.1716957109451958e-40,0.0
TCN,42,15771,3,7,class_7,7,class_7,1,0.5532696843147278,8.685386437834453e-11,3.5090289512339886e-28,2.3794557423448845e-24,2.430301279957722e-34,1.0710257225102567e-22,1.458631238996059e-26,0.0,0.5532696843147278,1.535054296230882e-26,0.44604191184043884,0.0006883998867124319,5.0604117437565724e-27
TCN,42,15772,3,7,class_7,7,class_7,1,1.0,0.0,0.0,1.0039072335457525e-28,0.0,0.0,0.0,0.0,1.0,0.0,0.0,1.0842441006163935e-15,0.0
TCN,42,15773,3,7,class_7,7,class_7,1,1.0,0.0,0.0,0.0,0.0,0.0,0.0,0.0,1.0,0.0,1.6148349620180255e-15,5.460272032966975e-22,0.0
TCN,42,15774,3,7,class_7,7,class_7,1,1.0,0.0,0.0,0.0,0.0,0.0,0.0,0.0,1.0,0.0,5.044674471569341e-44,9.215540330842487e-09,0.0
TCN,42,15775,3,7,class_7,7,class_7,1,1.0,7.55522914145046e-37,0.0,1.1025416317307661e-41,0.0,0.0,0.0,0.0,1.0,0.0,2.4976043178893377e-40,2.7893822724995207e-18,0.0
TCN,42,15776,3,7,class_7,7,class_7,1,1.0,7.519228404328362e-23,3.32085656065339e-36,3.640408951148804e-21,4.5126014446652084e-41,2.1124438479797516e-36,7.973869501532021e-34,2.802596928649634e-45,1.0,1.7838151762590614e-15,2.983482788174503e-20,2.2927699738772844e-09,1.3293188791111765e-25
TCN,42,15777,3,7,class_7,7,class_7,1,1.0,1.3396413318945251e-42,0.0,2.28774366173923e-34,0.0,0.0,0.0,0.0,1.0,0.0,1.2843798243068235e-35,1.0391283666866258e-10,0.0
TCN,42,15778,3,7,class_7,10,class_10,0,0.9904429316520691,1.1661882525161835e-26,1.1925546596421501e-35,2.4596522475819718e-21,2.802596928649634e-45,1.5410079212180013e-40,2.4686667422946656e-36,0.0,0.009557093493640423,2.789295803626263e-39,2.3902919430114936e-32,0.9904429316520691,9.266814994757056e-36
TCN,42,15779,3,7,class_7,7,class_7,1,1.0,9.584881495981749e-43,0.0,1.5349557837105205e-29,0.0,0.0,0.0,0.0,1.0,3.6240108800187107e-32,2.5359353208698438e-27,2.0885281661077086e-19,4.257677228035238e-40
TCN,42,15780,3,7,class_7,7,class_7,1,1.0,9.431924509381653e-27,5.044674471569341e-44,6.74754504847285e-32,0.0,3.363116314379561e-44,1.3305905850157482e-35,0.0,1.0,1.3652891614522179e-24,1.7798190128997635e-22,5.761461728710782e-13,2.3158284430973555e-30
TCN,42,15781,3,7,class_7,7,class_7,1,1.0,0.0,0.0,0.0,0.0,0.0,0.0,0.0,1.0,4.766966262948221e-38,6.954113642185294e-33,2.556611063546909e-30,0.0
TCN,42,15782,3,7,class_7,7,class_7,1,1.0,0.0,0.0,0.0,0.0,0.0,0.0,0.0,1.0,2.802596928649634e-45,9.854728062469312e-17,4.105924233695661e-28,2.504120355748448e-42
TCN,42,15783,3,7,class_7,7,class_7,1,1.0,5.968197421885683e-39,0.0,7.976190858936859e-42,2.9847657290118604e-43,0.0,0.0,0.0,1.0,9.063598467252917e-42,2.2428860137707563e-20,7.534182524964275e-24,3.377320716393036e-38
TCN,42,15784,3,7,class_7,7,class_7,1,1.0,2.956739759725364e-43,0.0,6.058878248109071e-40,1.401298464324817e-44,0.0,0.0,0.0,1.0,7.342803953062041e-43,9.016371504846997e-25,1.7326386799730504e-28,8.8617974754055e-40
TCN,42,15785,3,7,class_7,7,class_7,1,1.0,5.5731540311123354e-36,5.521115949439779e-42,1.54058425358197e-33,1.2215469038135512e-39,5.4664653093311114e-42,3.363116314379561e-44,0.0,1.0,4.237392246705116e-35,2.652443762862286e-18,2.1216908062172398e-21,2.4980465676846786e-36
TCN,42,15786,3,7,class_7,7,class_7,1,1.0,0.0,0.0,1.088248387394653e-41,0.0,0.0,0.0,0.0,1.0,1.2611686178923354e-44,2.75663433901978e-41,4.257840143261468e-28,0.0
TCN,42,15787,3,7,class_7,7,class_7,1,1.0,4.988622532996349e-43,0.0,4.1016006050787396e-42,0.0,0.0,0.0,0.0,1.0,2.190229499739689e-42,1.5017833707461348e-32,1.9653639177478764e-24,1.226136156284215e-42
TCN,42,15788,3,7,class_7,7,class_7,1,0.8995013236999512,2.398116621157742e-30,0.0,5.891357220594432e-39,0.0,0.0,3.4916284970212797e-34,0.0,0.8995013236999512,1.310639525743105e-31,1.911938966120924e-29,0.10049865394830704,6.152083691384435e-32
TCN,42,15789,3,7,class_7,7,class_7,1,1.0,2.1938684532938217e-32,1.6815581571897805e-44,3.896476011958802e-31,0.0,0.0,3.130644542524081e-38,0.0,1.0,1.1248644981458399e-26,4.8652457069121475e-26,5.072281468812296e-15,1.2329335187017716e-30
TCN,42,15790,3,7,class_7,7,class_7,1,1.0,3.001754899429631e-23,5.9305596037683585e-27,1.4229570827128858e-23,4.435699305981834e-37,3.017590641071222e-36,1.1654356490140212e-23,5.2969081951478085e-43,1.0,1.0351358842600252e-26,7.824448652288123e-18,7.137055391126523e-10,3.5478773087712577e-23
TCN,42,15791,3,7,class_7,7,class_7,1,1.0,4.4523322927586363e-36,8.983724454786402e-42,1.9862316566407172e-34,3.2745542514342325e-41,2.802596928649634e-45,6.516037859110399e-43,0.0,1.0,1.7357517679934065e-31,1.5787296136961458e-20,1.4323911649417325e-21,4.575869487712172e-32
TCN,42,15792,3,7,class_7,7,class_7,1,1.0,2.4092944886675877e-40,0.0,3.2199971059591044e-37,0.0,0.0,2.3177476599932474e-41,0.0,1.0,4.1526280348470515e-28,6.982197809127216e-29,5.979185245877372e-15,1.2361564313024113e-35
TCN,42,15793,3,7,class_7,7,class_7,1,1.0,1.6797630938569804e-39,0.0,4.198958618484635e-39,1.401298464324817e-45,0.0,0.0,0.0,1.0,4.388534682529282e-39,2.206451051651317e-23,2.0637950972286695e-26,1.0560325356998254e-40
TCN,42,15794,3,7,class_7,7,class_7,1,1.0,0.0,0.0,0.0,0.0,0.0,0.0,0.0,1.0,3.3122772060938566e-40,3.3350903450930646e-43,6.463359066390117e-24,0.0
TCN,42,15795,3,7,class_7,7,class_7,1,1.0,0.0,0.0,0.0,0.0,0.0,0.0,0.0,1.0,4.203895392974451e-45,1.869362947545133e-25,1.0489543822966647e-31,0.0
TCN,42,15796,3,7,class_7,7,class_7,1,1.0,0.0,0.0,4.32861095629936e-42,0.0,0.0,0.0,0.0,1.0,0.0,2.9370377813345724e-35,1.823331974601421e-31,0.0
TCN,42,15797,3,7,class_7,7,class_7,1,1.0,7.567011707354012e-44,0.0,7.190062420450636e-42,5.465064010866787e-44,0.0,0.0,0.0,1.0,0.0,1.4850083135377189e-22,8.419146328159962e-30,2.620428128287408e-43
TCN,42,15798,3,7,class_7,7,class_7,1,1.0,5.8568949605991636e-31,1.7491618532357465e-35,1.6238662643615188e-30,7.730526220922835e-31,4.475505599094339e-37,7.206249659791131e-38,5.972732023716239e-38,1.0,1.6062865817757624e-33,1.7807266294355762e-17,4.730792032852187e-22,3.272750433932266e-30
TCN,42,15799,3,7,class_7,7,class_7,1,1.0,0.0,0.0,0.0,0.0,0.0,0.0,0.0,1.0,0.0,5.381634228803517e-28,1.2434814834184798e-29,1.401298464324817e-44
TCN,42,15800,3,8,class_8,8,class_8,1,1.0,1.5376786315909577e-17,2.0205446122477083e-34,4.957117702431013e-11,2.212789844495933e-38,4.1308637668157294e-32,5.853709510086966e-28,2.2045328334247454e-38,7.594301919618471e-28,1.0,2.4700682997637882e-33,1.54739827457924e-26,3.8342820417861705e-16
TCN,42,15801,3,8,class_8,8,class_8,1,1.0,6.439115352030456e-10,3.0831895566418277e-31,1.7807661595314883e-11,1.0419275121663192e-31,1.3129643750615058e-26,1.919438490229033e-19,4.829589521404248e-28,3.517489813688931e-15,1.0,1.8433356443639096e-21,2.3957181724543197e-13,3.8730005795496546e-17
TCN,42,15802,3,8,class_8,8,class_8,1,1.0,1.565676851052385e-23,3.8956097308229915e-43,4.613174159304731e-21,1.6675451725465323e-43,4.398675879515601e-42,3.5026069714094868e-34,3.361532847114874e-40,1.3187356311773312e-28,1.0,7.529687035349112e-35,1.6622118756198056e-28,2.4380209494978916e-21
TCN,42,15803,3,8,class_8,8,class_8,1,0.9927158951759338,2.588112835155698e-09,5.307899844479713e-13,1.180209210360772e-07,1.8577129158271335e-20,1.5526429442944177e-15,4.407992193478094e-08,1.3533881463008159e-21,6.359781146159094e-09,0.9927158951759338,2.5014790450616706e-14,5.411462097981712e-06,0.007278516888618469
TCN,42,15804,3,8,class_8,8,class_8,1,1.0,1.6011651916615197e-34,0.0,3.867290244738866e-23,0.0,0.0,0.0,0.0,8.407790785948902e-45,1.0,0.0,0.0,4.25013824229717e-41
TCN,42,15805,3,8,class_8,8,class_8,1,0.9959383010864258,6.839768307287386e-09,5.330255190557618e-19,0.004061200190335512,4.28114717337957e-21,9.02366263752846e-19,1.434599797490348e-15,3.2532808350918665e-17,6.478479861946052e-13,0.9959383010864258,9.591597806800356e-15,6.258149406066708e-17,5.191461127651564e-07
TCN,42,15806,3,8,class_8,8,class_8,1,1.0,2.8129360667340396e-16,3.743657470491203e-33,9.443388293561839e-09,9.298509201727618e-31,5.14469255589358e-31,3.134429598964124e-25,3.548454878593654e-33,2.516366968628178e-17,1.0,1.0550931407157435e-26,2.2694323258175785e-24,8.371028507957544e-19
TCN,42,15807,3,8,class_8,8,class_8,1,0.9444543123245239,5.242042477177078e-12,9.658265016017116e-31,0.05554572492837906,1.6496066342762346e-32,1.2645628931456748e-29,2.2015147545368965e-24,4.95370926023041e-36,1.532031390708406e-21,0.9444543123245239,4.4257099536971094e-37,2.293001358431506e-28,2.395489411354579e-17
TCN,42,15808,3,8,class_8,2,class_2,0,1.0,2.435806293672087e-15,2.823836867473985e-24,1.0,7.330741015361748e-38,4.036222283237049e-23,2.9528731460004565e-08,4.975897341641815e-39,7.656924769532286e-22,7.618516484342308e-09,1.0422852150972744e-31,1.5898765406571365e-17,1.9777392654505754e-28
TCN,42,15809,3,8,class_8,8,class_8,1,1.0,2.8309693533485406e-22,1.9337918807682476e-43,2.2188034829589975e-12,0.0,3.723250019711039e-42,5.4737259357986616e-21,0.0,4.0462317826915237e-36,1.0,0.0,8.040113294250312e-28,9.601363566273472e-31
TCN,42,15810,3,8,class_8,8,class_8,1,1.0,1.963666452749549e-13,2.2155264402669128e-38,4.782558931401646e-15,1.7376100957627732e-43,1.932003823927769e-38,6.724105526172087e-26,8.132856027248373e-41,1.5846234104903907e-29,1.0,1.6758156360829774e-38,4.39638930938195e-26,5.01487084619682e-15
TCN,42,15811,3,8,class_8,8,class_8,1,0.9956303834915161,1.4630106306867674e-05,2.928782368242137e-19,0.0043549868278205395,7.696434154840023e-21,2.8232964708190417e-18,1.0422590660539091e-13,3.117065025401001e-20,1.793064524580172e-17,0.9956303834915161,6.387236355619005e-22,1.2519313947504718e-19,1.0765671687451572e-09
TCN,42,15812,3,8,class_8,8,class_8,1,1.0,1.0375732238545821e-22,1.2391673351714186e-37,8.423863892034593e-16,1.4620690792946386e-37,2.6925814825217777e-32,6.463068056979221e-30,6.517637357229518e-37,2.194080418925567e-22,1.0,1.092176739987133e-23,1.7260049808725487e-25,9.830308103633947e-20
TCN,42,15813,3,8,class_8,8,class_8,1,0.9965547323226929,0.0027833215426653624,4.358774305672241e-17,0.0006618234911002219,1.8302171349978382e-18,1.0420766829197063e-14,2.2227717930145552e-11,1.831934284401316e-19,1.014872988973883e-16,0.9965547323226929,7.085707709287428e-18,2.382488481318185e-16,6.385121054108822e-08
TCN,42,15814,3,8,class_8,8,class_8,1,0.9999998807907104,4.3397953281140364e-14,3.0172377775265312e-33,7.436432269969373e-08,3.2229864679470793e-44,4.1132425869284e-29,4.654155870203497e-17,5.605193857299268e-45,1.0114202602587528e-24,0.9999998807907104,3.240221479449086e-34,4.3967804754921943e-16,3.682908838728473e-23
TCN,42,15815,3,8,class_8,8,class_8,1,1.0,1.1573382631900789e-21,4.250979021375765e-41,4.72369398713014e-19,1.2514943335543297e-38,3.77687771194075e-40,2.6713511361909656e-33,3.8992724447490437e-38,3.6392295191943433e-28,1.0,1.9775890180972887e-35,1.3083533039590042e-28,3.386879238827335e-24
TCN,42,15816,3,8,class_8,8,class_8,1,0.9999985694885254,6.92921162226412e-07,5.235266082629676e-21,6.689576821372611e-07,1.6205660452731527e-22,1.0278278491860608e-18,7.922119584684653e-15,1.1207030679780553e-20,1.6847358265945946e-15,0.9999985694885254,6.744369478847828e-17,2.253590448476374e-16,5.249211135205378e-11
TCN,42,15817,3,8,class_8,8,class_8,1,1.0,3.0901482451510987e-16,1.491422210889682e-31,1.398945884487034e-17,5.119037403625498e-35,1.0454336775982682e-26,1.238030235007389e-27,3.0740832608821066e-34,6.381778766998389e-30,1.0,6.248738835901513e-20,1.1109381202883912e-24,8.423933242857149e-15
TCN,42,15818,3,8,class_8,8,class_8,1,1.0,2.771902152254313e-10,4.047919248964301e-26,1.5627342753177231e-09,3.4676192912286734e-32,4.634507035252671e-25,4.559442829798338e-15,4.370033266241802e-28,6.71462331955787e-18,1.0,2.658344551277242e-29,2.1273876215331666e-14,3.845792499561351e-14
TCN,42,15819,3,8,class_8,8,class_8,1,1.0,4.393724899426181e-14,2.8446358825793787e-42,1.4492616828842841e-10,1.401298464324817e-45,5.598495650639796e-40,2.6141827345037873e-25,0.0,6.947339680840022e-29,1.0,7.047312145889867e-40,2.2663531083853703e-31,8.557983168269566e-25
TCN,42,15820,3,8,class_8,8,class_8,1,1.0,1.7166613870877473e-32,0.0,1.4993716099269482e-27,0.0,0.0,0.0,0.0,0.0,1.0,0.0,0.0,1.7095841264762768e-43
TCN,42,15821,3,8,class_8,8,class_8,1,1.0,3.4212862219440924e-19,7.006492321624085e-45,3.87515540489769e-11,8.688050478813866e-44,1.893154225302828e-40,2.1679783371537547e-32,1.401298464324817e-45,1.1990471499653066e-28,1.0,7.012966320529266e-39,2.0226068315785237e-31,1.95598196264646e-27
TCN,42,15822,3,8,class_8,8,class_8,1,1.0,2.6747303782904164e-30,0.0,2.0901704767054594e-26,0.0,0.0,4.335785604436703e-39,0.0,2.5458650370006844e-39,1.0,0.0,1.38721945049793e-37,6.398767293475117e-31
TCN,42,15823,3,8,class_8,8,class_8,1,1.0,2.5174452800147407e-11,4.715158379861151e-35,3.709377804916869e-10,5.2322523088998905e-31,1.1395008056356052e-34,5.645045111744817e-29,2.0911917768143797e-33,4.502356090055438e-22,1.0,5.427901414163309e-35,6.755997905462343e-23,8.74268595936819e-21
TCN,42,15824,3,8,class_8,8,class_8,1,1.0,8.715043270379752e-11,1.7629786942850312e-23,2.0668551314884098e-08,3.905014569163428e-25,1.069251511570874e-16,1.4452690948043152e-19,3.89850343865277e-21,8.017777556516923e-15,1.0,4.2106702125011e-08,8.417279269660875e-16,5.831190802300153e-16
TCN,42,15825,3,8,class_8,8,class_8,1,1.0,3.1431412618817877e-28,1.401298464324817e-45,7.364431806618654e-23,0.0,1.988302391030483e-41,8.634689033292377e-40,4.203895392974451e-45,2.39666982271075e-31,1.0,2.2912918087852406e-32,1.6135542636788173e-30,2.305326587851855e-26
TCN,42,15826,3,8,class_8,2,class_2,0,0.7474510073661804,5.008069514644831e-09,6.753033761494499e-19,0.7474510073661804,1.0087998290457656e-20,2.648117456652971e-13,4.922610496310709e-12,4.3164339079658566e-17,4.531936159679617e-09,0.25254905223846436,1.708746642445358e-12,1.032167351588953e-09,1.1194830005627774e-15
TCN,42,15827,3,8,class_8,8,class_8,1,1.0,9.278047947980372e-12,3.238915404206277e-32,1.518676503997618e-11,1.4879395267567267e-30,2.647556635249689e-29,2.784676155530913e-23,1.3451474964339525e-25,4.823793181006713e-19,1.0,7.205156098404743e-29,8.781396558007251e-20,7.106311659997935e-15
TCN,42,15828,3,8,class_8,8,class_8,1,1.0,3.232100004302296e-11,2.243930637526712e-27,4.576875770739841e-12,8.181506404082473e-28,5.980888482705712e-25,6.776010900206662e-20,4.542092534873853e-26,2.1951743911350625e-17,1.0,1.6903742132841707e-19,1.8735529204943382e-18,2.08977575878505e-15
TCN,42,15829,3,8,class_8,8,class_8,1,1.0,3.486798481146311e-25,0.0,2.203179785023027e-30,0.0,0.0,1.7516230804060213e-42,0.0,2.290954833355357e-40,1.0,1.853469452793149e-40,1.0675818134350362e-36,5.946805747295638e-26
TCN,42,15830,3,8,class_8,8,class_8,1,1.0,2.1236328462745907e-37,0.0,2.521112305238323e-33,0.0,0.0,0.0,0.0,1.401298464324817e-45,1.0,4.693649206255975e-41,1.1084270852809303e-41,1.0635876559659904e-33
TCN,42,15831,3,8,class_8,8,class_8,1,1.0,3.465163791354769e-22,2.6501496687157373e-39,2.0178318380342092e-13,1.0075335958495435e-42,9.098844227562836e-33,9.741282196000949e-34,8.688050478813866e-44,1.8518352064549055e-29,1.0,2.8148074623145783e-36,2.3690854616257666e-28,1.6392895641952648e-22
TCN,42,15832,3,8,class_8,8,class_8,1,1.0,6.676016381693909e-15,1.039261324842502e-36,2.9094234955799082e-15,2.657096858086351e-37,9.905582068503569e-30,6.51687546415602e-27,1.533320708684346e-32,2.1245443202784872e-26,1.0,1.4713939607366451e-25,1.0448810577311504e-23,6.185717104214866e-22
TCN,42,15833,3,8,class_8,8,class_8,1,1.0,8.346667432990733e-34,0.0,1.5857098159682916e-24,0.0,0.0,0.0,0.0,0.0,1.0,0.0,0.0,2.032095770637562e-39
TCN,42,15834,3,8,class_8,8,class_8,1,1.0,1.786201548216631e-34,0.0,1.4591314986220287e-31,0.0,0.0,0.0,0.0,7.722387681078348e-40,1.0,0.0,5.408921043945551e-37,3.19720975085164e-35
TCN,42,15835,3,8,class_8,8,class_8,1,0.9999961853027344,1.3576900529126048e-14,1.1705371336019949e-23,3.757339754884015e-06,1.837288405480719e-24,1.2313943856061044e-26,3.486326771118412e-21,2.2100963778943433e-25,1.344680473875726e-14,0.9999961853027344,1.0364160884126583e-26,1.6497206756951839e-16,3.8487622817777196e-15
TCN,42,15836,3,8,class_8,8,class_8,1,1.0,9.09045061447955e-10,2.160034695305783e-34,2.5700248595939e-09,5.318554496009172e-34,1.4901790259317664e-28,1.7711419847044393e-23,5.785411738532439e-32,1.5939326555252825e-25,1.0,2.7044250131650695e-28,2.503019444783316e-26,9.709075737576351e-20
TCN,42,15837,3,8,class_8,8,class_8,1,1.0,9.550683187228605e-19,0.0,2.519355241309087e-16,0.0,0.0,1.311604489055695e-31,0.0,2.8566919819431665e-36,1.0,1.401298464324817e-45,7.381193925790684e-38,1.3489202045742432e-31
TCN,42,15838,3,8,class_8,2,class_2,0,1.0,1.2919207037498381e-08,1.799027586615278e-22,1.0,3.1836578228049556e-24,1.7863292484477246e-21,6.596498305034215e-16,8.309059095703208e-25,2.0216778846936164e-19,6.38756769699711e-10,5.7088372153334335e-31,4.0520774703811893e-25,6.227040466717569e-19
TCN,42,15839,3,8,class_8,8,class_8,1,1.0,4.2507806470503164e-28,0.0,1.3777806241605928e-20,0.0,2.802596928649634e-45,3.1529215447308384e-43,0.0,1.7880539706192116e-36,1.0,5.74532370373175e-44,8.431884689323728e-35,3.5300969922990306e-31
TCN,42,20160,49,9,class_9,4,class_4,0,0.8848731517791748,4.673389969549492e-23,2.9512568654852026e-19,1.6516461169749113e-32,3.469270977908432e-25,0.8848731517791748,6.138978339965988e-31,3.24965183696081e-35,1.0373438609686673e-21,3.803330534627586e-13,0.11512685567140579,7.734092669954302e-16,2.620697406211049e-21
TCN,42,20161,49,9,class_9,9,class_9,1,1.0,0.0,4.203895392974451e-45,0.0,4.273960316190692e-43,1.4389233280919384e-38,0.0,0.0,1.4589248467151542e-32,1.3976831897096301e-30,1.0,9.585703217401229e-38,7.220668460469648e-38
TCN,42,20162,49,9,class_9,9,class_9,1,1.0,2.303593730698661e-12,6.648136715751507e-15,2.0124138495739346e-19,2.1540930931346347e-12,1.1500972618705418e-08,4.261436406116492e-18,3.9410271243265835e-14,8.447307957293315e-12,2.5513634174106903e-12,1.0,6.11192485511225e-11,6.786970921520644e-15
TCN,42,20163,49,9,class_9,9,class_9,1,1.0,0.0,1.7656360650492695e-42,0.0,1.6798920133156983e-39,3.6807040759969017e-38,0.0,8.407790785948902e-45,3.5527810240043626e-30,9.680138614897218e-31,1.0,2.8899565654086947e-37,3.4232037055438836e-35
TCN,42,20164,49,9,class_9,9,class_9,1,1.0,1.5690904140326927e-31,4.196015670514433e-30,1.4180579939581419e-40,4.785898672141247e-30,8.395703988215565e-22,8.113709245551225e-38,4.834530462556191e-35,8.111345161394435e-26,1.3541970909735951e-20,1.0,3.672676297129341e-26,4.829852353063759e-26
TCN,42,20165,49,9,class_9,9,class_9,1,1.0,5.923711227997711e-26,2.656913189954404e-23,2.708944598984094e-30,1.7336946485832483e-15,2.2199165213093811e-16,3.77920081970862e-32,1.9175225360303265e-25,3.708029663415549e-16,3.1997566516118254e-22,1.0,1.1607305963134377e-19,1.2768225841636422e-20
TCN,42,20166,49,9,class_9,9,class_9,1,1.0,0.0,0.0,0.0,0.0,2.0808413390175652e-39,0.0,0.0,1.7656053934284824e-36,2.5547502842014217e-29,1.0,1.1010792366533967e-37,5.218659688899911e-40
TCN,42,20167,49,9,class_9,9,class_9,1,1.0,4.2334685177345805e-34,1.0813732704683315e-30,1.6766536125646436e-41,3.133279503350586e-34,1.0477258577883197e-25,1.573701447533348e-37,4.67058286495569e-35,5.27182269214941e-23,8.271146637813512e-24,1.0,1.9779913128653623e-25,4.120071964603853e-30
TCN,42,20168,49,9,class_9,9,class_9,1,1.0,0.0,8.407790785948902e-45,0.0,3.808729226034853e-42,5.378351661894367e-40,0.0,0.0,2.708631682387905e-32,3.110457809428361e-29,1.0,1.2000070967029058e-37,1.0469134637500056e-35
TCN,42,20169,49,9,class_9,9,class_9,1,1.0,0.0,0.0,0.0,0.0,0.0,0.0,0.0,4.824670612670345e-42,1.4450526075748952e-36,1.0,3.0828566215145976e-44,1.5716963575867148e-41
TCN,42,20170,49,9,class_9,9,class_9,1,1.0,0.0,0.0,0.0,0.0,0.0,0.0,0.0,1.285271776563258e-35,2.8181036375087975e-30,1.0,2.0276788778780103e-41,6.468539446363645e-39
TCN,42,20171,49,9,class_9,9,class_9,1,1.0,7.006492321624085e-45,7.596438975104833e-42,0.0,9.678768493091512e-42,2.839773713219803e-37,0.0,0.0,1.1927879980166696e-28,2.7769327472074055e-30,1.0,3.924033462602222e-35,6.859483781289926e-38
TCN,42,20172,49,9,class_9,9,class_9,1,1.0,0.0,0.0,0.0,0.0,2.420042447888959e-42,0.0,0.0,1.8744241211613967e-34,6.338841151945903e-28,1.0,2.1711662354310143e-38,1.2149784484235648e-35
TCN,42,20173,49,9,class_9,9,class_9,1,1.0,1.6799427639246992e-32,2.639860325788528e-30,2.2143964948424137e-36,4.6993864256608416e-30,1.4445811948657651e-25,3.4739256159522645e-37,3.979690078062847e-35,1.1353949548407657e-21,1.7345678336727491e-15,1.0,2.740342803746216e-23,8.13757355389787e-24
TCN,42,20174,49,9,class_9,9,class_9,1,0.8236467838287354,4.1345697482028654e-13,1.3777299207083996e-14,2.940994345817987e-17,0.176352396607399,6.140791208864016e-10,6.2265479388239304e-21,3.538812851696521e-13,1.1146222139712947e-10,9.295422209731896e-09,0.8236467838287354,6.173744648103538e-14,7.972884077389608e-07
TCN,42,20175,49,9,class_9,9,class_9,1,1.0,0.0,0.0,0.0,0.0,3.0127916982983567e-43,0.0,0.0,1.4228784606754193e-41,6.356505097728308e-32,1.0,3.4752201915255463e-43,1.1658803223182478e-42
TCN,42,20176,49,9,class_9,9,class_9,1,1.0,0.0,0.0,0.0,0.0,3.2434314125415783e-40,0.0,0.0,3.943661864976365e-35,5.924612332100091e-27,1.0,1.154370280940038e-37,2.735893159929923e-38
TCN,42,20177,49,9,class_9,9,class_9,1,1.0,0.0,0.0,0.0,0.0,3.292546923716163e-40,0.0,0.0,4.418396278815485e-34,2.027837969518779e-30,1.0,2.6806438851172954e-38,9.184253067628212e-39
TCN,42,20178,49,9,class_9,9,class_9,1,1.0,4.514923906453057e-24,6.647611536937412e-28,1.156929437931965e-33,1.775888946341121e-18,2.0111670778733513e-15,1.0937794133268324e-35,2.7871784673119974e-27,1.1943239002540765e-18,1.1294181395143374e-18,1.0,1.5286062490493257e-19,1.0895223019271548e-22
TCN,42,20179,49,9,class_9,9,class_9,1,0.9999997615814209,4.472092726519328e-14,5.0446426910991595e-17,1.3306999576194695e-23,1.682157288896563e-14,2.21268905420402e-07,3.044890205002125e-21,6.16658037990819e-16,4.203143926249974e-15,7.62910632427392e-15,0.9999997615814209,1.1497168505864713e-13,5.1829772334562e-19
TCN,42,20180,49,9,class_9,8,class_8,0,0.9064074754714966,1.0873394469968628e-13,1.3484606580490252e-19,7.136153318943974e-19,6.89505783130445e-16,3.479930639037111e-17,3.634077086517844e-24,6.429941981450865e-16,1.8599812392494641e-06,0.9064074754714966,0.09358304738998413,1.257531405396417e-12,7.581868430861505e-06
TCN,42,20181,49,9,class_9,9,class_9,1,1.0,4.167360863513089e-25,8.910506864404403e-26,3.161390258725761e-31,1.7102528740057084e-28,3.585873708845007e-19,9.453653238363128e-33,9.280193495109038e-30,1.5327920091310427e-20,1.8290184644609297e-10,1.0,5.94101924697869e-20,7.267197256818095e-17
TCN,42,20182,49,9,class_9,9,class_9,1,0.9999997615814209,1.051056011364739e-18,1.1601181837765287e-21,2.291325631823984e-25,6.35129348619442e-24,5.314366026236417e-15,1.409153020203982e-26,3.034150576907799e-23,2.1779588766160374e-16,2.6141111675315187e-07,0.9999997615814209,1.1944068499259033e-16,6.9407645761712395e-15
TCN,42,20183,49,9,class_9,9,class_9,1,1.0,6.098591046588036e-41,6.328263864890874e-42,0.0,8.407790785948902e-45,1.154446917840948e-34,0.0,1.6815581571897805e-44,5.631403640862847e-31,8.055631405990159e-17,1.0,3.348007451307927e-32,6.929137716935619e-27
TCN,42,20184,49,9,class_9,9,class_9,1,1.0,3.2096555227974193e-24,4.8185419538319684e-23,2.3152130361725276e-35,2.26444610485191e-21,6.2597530511940974e-15,1.1643067008877715e-31,4.5754992534660075e-26,1.4160104997992544e-22,2.590109293056668e-19,1.0,1.174742077771185e-23,8.06327017725525e-21
TCN,42,20185,49,9,class_9,9,class_9,1,1.0,2.0127210696233157e-19,5.861554331976194e-20,1.0941391362594593e-26,2.0440881785039813e-20,3.014747807406244e-14,7.632878835664932e-26,1.713131842172451e-21,2.3402670652711104e-16,2.966303938589654e-11,1.0,2.5783611776888223e-17,2.9770002923316247e-14
TCN,42,20186,49,9,class_9,9,class_9,1,1.0,8.499765364427492e-28,3.1469565291016188e-28,3.135527177119053e-34,1.011366539835901e-31,1.136741622447512e-23,2.686739275598191e-35,9.935814278573949e-31,5.2854631018939303e-20,2.1084210766186828e-11,1.0,1.8449187178067326e-21,5.20980104636007e-18
TCN,42,20187,49,9,class_9,9,class_9,1,1.0,3.067169253362297e-36,1.10143332795975e-35,0.0,1.5300497672269813e-40,2.2236394428742302e-29,1.877739942195255e-43,4.78543425566925e-42,2.920502075121922e-28,3.40202139550406e-21,1.0,2.197249369755671e-27,2.130157963102489e-28
TCN,42,20188,49,9,class_9,9,class_9,1,0.9998648166656494,2.0034938052668013e-20,1.7745737663004223e-24,4.7116994013519196e-27,1.2188389208905535e-27,5.102537537800598e-19,2.1194934269619983e-30,1.0301677368865565e-24,1.4027284887840104e-15,0.00013518676860257983,0.9998648166656494,1.4986340854044542e-16,1.3841695151173283e-11
TCN,42,20189,49,9,class_9,9,class_9,1,1.0,4.847091388099542e-42,1.41563374761486e-40,0.0,0.0,8.919551951703667e-34,0.0,0.0,4.998726837924009e-32,2.5808457183793193e-21,1.0,6.040165438479934e-30,3.945991520365721e-29
TCN,42,20190,49,9,class_9,9,class_9,1,1.0,0.0,0.0,0.0,0.0,4.732044784178475e-41,0.0,0.0,4.124165680618599e-35,3.535473023239291e-24,1.0,2.3453856343529837e-33,8.93111823066447e-36
TCN,42,20191,49,9,class_9,9,class_9,1,1.0,4.38782216149653e-36,4.1892676306689345e-37,1.401298464324817e-45,1.0123714610885539e-36,2.5838086174012063e-30,4.203895392974451e-45,1.0937484838671278e-38,6.871775819471989e-28,3.8481802420333585e-20,1.0,1.2637423792808912e-30,4.302760148098367e-27
TCN,42,20192,49,9,class_9,9,class_9,1,1.0,2.4204670413236495e-38,3.3095586870730665e-39,8.407790785948902e-45,0.0,1.1750152193248923e-31,0.0,0.0,1.7397649818791477e-28,2.630264929470716e-12,1.0,1.1935141076946636e-24,2.5025145429890954e-25
TCN,42,20193,49,9,class_9,9,class_9,1,0.9999908208847046,6.983120931277314e-21,1.7379635678816747e-22,1.2060053133724341e-26,7.356526315943072e-24,5.254643996291672e-17,2.5245589249107213e-29,1.2174423297098931e-24,3.661985150926152e-17,9.153473911283072e-06,0.9999908208847046,4.4572455253852485e-17,4.216443513782586e-11
TCN,42,20194,49,9,class_9,9,class_9,1,0.9999998807907104,1.785960137274728e-22,3.380156013990408e-23,2.2782501313567093e-27,1.470469228401261e-23,5.589596475120423e-19,7.723661427953581e-30,3.04636131541667e-24,5.572845488689796e-17,1.4656217217634548e-07,0.9999998807907104,3.1384481482986825e-18,6.690914749335475e-12
TCN,42,20195,49,9,class_9,8,class_8,0,0.9896221160888672,1.2064992060967228e-10,2.5094421332583217e-11,8.0159785059708e-12,4.025700779675123e-12,7.941062563077139e-08,3.4638057125249005e-15,2.6414586663803252e-12,2.7995799456448367e-08,0.9896221160888672,0.010352113284170628,2.13062865128677e-08,2.5645755158620887e-05
TCN,42,20196,49,9,class_9,9,class_9,1,0.9481626152992249,1.6770090871531806e-09,5.0393825397343495e-12,7.343251169893844e-14,2.2225077681015115e-12,4.083188898107437e-08,1.4991249674671677e-15,7.518545681872713e-12,2.923283659583831e-07,0.051830485463142395,0.9481626152992249,4.3560849150026115e-08,6.4759251472423784e-06
TCN,42,20197,49,9,class_9,8,class_8,0,0.9885405898094177,6.370621532473392e-14,2.4476116120865365e-13,4.486266806452092e-15,9.188938460708159e-16,3.2130262894725092e-09,2.334687035139774e-19,1.894502080144244e-16,6.983200684373969e-10,0.9885405898094177,0.011374223977327347,7.135533830471275e-10,8.517583046341315e-05
TCN,42,20198,49,9,class_9,9,class_9,1,0.9241116642951965,6.365527815141783e-14,2.4955930131112004e-14,2.679559347183621e-16,9.860518326757184e-17,5.646679651638564e-11,1.5170872937304302e-18,3.735333643415349e-14,3.1800720279306915e-08,0.07588768750429153,0.9241116642951965,5.398010483048665e-09,5.74300258904259e-07
TCN,42,20199,49,9,class_9,9,class_9,1,1.0,1.460712734776146e-24,5.534243203519111e-26,3.486586774199954e-32,1.3325307062571124e-28,4.1586076196160704e-19,2.2629394727905824e-32,4.975901817426239e-30,9.663732992193947e-21,7.545949975984456e-12,1.0,1.6802285522655237e-20,2.2630850922450535e-18
TCN,42,20200,49,10,class_10,10,class_10,1,1.0,0.0,1.0789998175301091e-43,2.802596928649634e-45,0.0,0.0,0.0,0.0,4.942348778876778e-35,2.466845816597408e-41,0.0,1.0,7.006492321624085e-44
TCN,42,20201,49,10,class_10,10,class_10,1,1.0,0.0,0.0,0.0,0.0,0.0,0.0,0.0,7.658348341258704e-39,9.80908925027372e-44,0.0,1.0,0.0
TCN,42,20202,49,10,class_10,10,class_10,1,1.0,0.0,0.0,0.0,0.0,0.0,0.0,0.0,0.0,0.0,0.0,1.0,0.0
TCN,42,20203,49,10,class_10,10,class_10,1,1.0,0.0,0.0,0.0,0.0,0.0,0.0,0.0,1.0913775429174288e-37,0.0,0.0,1.0,0.0
TCN,42,20204,49,10,class_10,10,class_10,1,1.0,0.0,0.0,0.0,0.0,0.0,0.0,0.0,3.0029440233599215e-32,8.544742487464295e-39,0.0,1.0,2.0893360103083023e-42
TCN,42,20205,49,10,class_10,10,class_10,1,1.0,0.0,0.0,0.0,0.0,0.0,0.0,0.0,1.2552194893399522e-37,2.802596928649634e-45,0.0,1.0,0.0
TCN,42,20206,49,10,class_10,10,class_10,1,1.0,0.0,0.0,0.0,0.0,0.0,0.0,0.0,1.0374109606671058e-37,2.802596928649634e-45,0.0,1.0,0.0
TCN,42,20207,49,10,class_10,10,class_10,1,1.0,0.0,0.0,0.0,0.0,0.0,0.0,0.0,3.8643174312254883e-35,4.919930882275146e-40,0.0,1.0,0.0
TCN,42,20208,49,10,class_10,10,class_10,1,1.0,0.0,0.0,0.0,0.0,0.0,0.0,0.0,0.0,0.0,0.0,1.0,0.0
TCN,42,20209,49,10,class_10,10,class_10,1,1.0,0.0,0.0,0.0,0.0,0.0,0.0,0.0,0.0,0.0,0.0,1.0,0.0
TCN,42,20210,49,10,class_10,10,class_10,1,1.0,0.0,0.0,0.0,0.0,0.0,0.0,0.0,5.19432614106691e-39,0.0,0.0,1.0,0.0
TCN,42,20211,49,10,class_10,10,class_10,1,1.0,0.0,0.0,0.0,0.0,0.0,0.0,0.0,1.6898664341711348e-32,2.6760170778477877e-37,0.0,1.0,3.0663212996355647e-41
TCN,42,20212,49,10,class_10,10,class_10,1,1.0,0.0,0.0,0.0,0.0,0.0,0.0,0.0,1.1059047480451456e-41,0.0,0.0,1.0,0.0
TCN,42,20213,49,10,class_10,10,class_10,1,1.0,0.0,3.334944610052775e-38,1.1481778869742481e-37,0.0,3.6433760072445244e-44,1.440815081018777e-41,0.0,1.0490451814299832e-26,1.0703264184259705e-28,1.4149555191581267e-39,1.0,9.711641922273972e-33
TCN,42,20214,49,10,class_10,10,class_10,1,1.0,0.0,0.0,0.0,0.0,0.0,0.0,0.0,3.1194862831123554e-38,5.184804318001823e-44,0.0,1.0,0.0
TCN,42,20215,49,10,class_10,10,class_10,1,1.0,0.0,0.0,0.0,0.0,0.0,0.0,0.0,0.0,0.0,0.0,1.0,0.0
TCN,42,20216,49,10,class_10,10,class_10,1,1.0,0.0,0.0,0.0,0.0,0.0,0.0,0.0,1.03003687973232e-37,0.0,0.0,1.0,0.0
TCN,42,20217,49,10,class_10,10,class_10,1,1.0,0.0,0.0,0.0,0.0,0.0,0.0,0.0,3.4184255647664615e-40,0.0,0.0,1.0,0.0
TCN,42,20218,49,10,class_10,10,class_10,1,1.0,0.0,0.0,0.0,0.0,0.0,0.0,0.0,2.1454786128919368e-38,0.0,0.0,1.0,0.0
TCN,42,20219,49,10,class_10,10,class_10,1,1.0,0.0,7.006492321624085e-45,0.0,0.0,0.0,0.0,0.0,2.6199738413337743e-32,3.610862800015567e-38,8.407790785948902e-44,1.0,3.83115000146405e-42
TCN,42,20220,49,10,class_10,10,class_10,1,1.0,0.0,0.0,0.0,0.0,0.0,0.0,0.0,0.0,0.0,0.0,1.0,0.0
TCN,42,20221,49,10,class_10,10,class_10,1,1.0,0.0,0.0,0.0,0.0,0.0,0.0,0.0,0.0,0.0,0.0,1.0,0.0
TCN,42,20222,49,10,class_10,10,class_10,1,1.0,0.0,0.0,0.0,0.0,0.0,0.0,0.0,0.0,0.0,0.0,1.0,0.0
TCN,42,20223,49,10,class_10,10,class_10,1,1.0,0.0,0.0,0.0,0.0,0.0,0.0,0.0,0.0,0.0,0.0,1.0,0.0
TCN,42,20224,49,10,class_10,10,class_10,1,1.0,0.0,0.0,0.0,0.0,0.0,0.0,0.0,0.0,0.0,0.0,1.0,0.0
TCN,42,20225,49,10,class_10,10,class_10,1,1.0,0.0,0.0,0.0,0.0,0.0,0.0,0.0,2.5263996000327484e-39,9.137026506783537e-41,0.0,1.0,0.0
TCN,42,20226,49,10,class_10,10,class_10,1,1.0,0.0,0.0,0.0,0.0,0.0,0.0,0.0,0.0,0.0,0.0,1.0,0.0
TCN,42,20227,49,10,class_10,10,class_10,1,1.0,0.0,0.0,0.0,0.0,0.0,0.0,0.0,1.5702334019899597e-39,8.483173917096949e-37,5.605193857299268e-45,1.0,0.0
TCN,42,20228,49,10,class_10,10,class_10,1,1.0,0.0,0.0,0.0,0.0,0.0,0.0,0.0,0.0,0.0,0.0,1.0,0.0
TCN,42,20229,49,10,class_10,10,class_10,1,1.0,0.0,0.0,0.0,0.0,0.0,0.0,0.0,1.401669565825073e-33,7.670175829427905e-35,0.0,1.0,6.01577430734644e-42
TCN,42,20230,49,10,class_10,10,class_10,1,1.0,0.0,0.0,0.0,0.0,0.0,0.0,0.0,0.0,0.0,0.0,1.0,0.0
TCN,42,20231,49,10,class_10,10,class_10,1,1.0,0.0,0.0,0.0,0.0,0.0,0.0,0.0,0.0,0.0,0.0,1.0,0.0
TCN,42,20232,49,10,class_10,10,class_10,1,1.0,0.0,0.0,0.0,0.0,0.0,0.0,0.0,0.0,0.0,0.0,1.0,0.0
TCN,42,20233,49,10,class_10,10,class_10,1,1.0,0.0,0.0,0.0,0.0,0.0,0.0,0.0,0.0,0.0,0.0,1.0,0.0
TCN,42,20234,49,10,class_10,10,class_10,1,1.0,0.0,0.0,0.0,0.0,0.0,0.0,0.0,0.0,0.0,0.0,1.0,0.0
TCN,42,20235,49,10,class_10,10,class_10,1,1.0,0.0,0.0,0.0,0.0,0.0,0.0,0.0,0.0,0.0,0.0,1.0,0.0
TCN,42,20236,49,10,class_10,10,class_10,1,1.0,0.0,0.0,0.0,0.0,0.0,0.0,0.0,0.0,0.0,0.0,1.0,0.0
TCN,42,20237,49,10,class_10,10,class_10,1,1.0,0.0,0.0,0.0,0.0,0.0,0.0,0.0,0.0,0.0,0.0,1.0,0.0
TCN,42,20238,49,10,class_10,10,class_10,1,1.0,0.0,0.0,0.0,0.0,0.0,0.0,0.0,0.0,0.0,0.0,1.0,0.0
TCN,42,20239,49,10,class_10,10,class_10,1,1.0,0.0,0.0,0.0,0.0,0.0,0.0,0.0,0.0,0.0,0.0,1.0,0.0
TCN,42,20240,49,11,class_11,11,class_11,1,1.0,2.7449960871501273e-25,1.4941061895596476e-21,1.3266954235632509e-24,1.0092275805548821e-16,4.9586356831040774e-24,2.7219758472386657e-30,3.0591415010585835e-21,3.9658254230423447e-19,9.15917393469988e-15,4.69822280597487e-22,2.3778084528633633e-25,1.0
TCN,42,20241,49,11,class_11,11,class_11,1,1.0,3.662606241155162e-24,1.0561548487879503e-21,2.938646973645036e-23,7.338258358009055e-18,1.5567048110344062e-27,8.343218797051649e-29,1.645862605693056e-22,8.64389684509849e-21,2.9878725361920377e-13,3.0030477241241524e-24,4.262394505356757e-26,1.0
TCN,42,20242,49,11,class_11,11,class_11,1,1.0,2.1427189359776807e-26,3.057878250759399e-23,3.956597740021571e-24,3.3357001704087034e-20,1.7856406933397624e-29,1.43246663178775e-30,2.5325269040396485e-24,2.769507117629982e-22,2.4569823714633288e-14,5.579052968125993e-26,9.711184929096785e-28,1.0
TCN,42,20243,49,11,class_11,11,class_11,1,1.0,3.0963083986181456e-23,3.890753612574329e-18,1.755559179792389e-20,9.77279085971226e-15,4.0406282291648896e-23,2.9706083338910736e-25,2.785226310306901e-17,4.269124997632358e-14,1.237269037224209e-10,1.1204494337227312e-18,7.698522139651865e-20,1.0
TCN,42,20244,49,11,class_11,11,class_11,1,1.0,4.038873553244966e-37,2.8779954978611594e-31,1.3164740343266375e-35,7.007227106902126e-21,3.1288462595679293e-35,1.401298464324817e-44,1.007756472706606e-34,3.841820285397686e-32,1.9643297211011317e-24,4.692109128213997e-32,2.0587421615859307e-38,1.0
TCN,42,20245,49,11,class_11,11,class_11,1,1.0,2.0933409213193426e-39,2.8385475531396545e-31,1.0848205019442135e-35,2.701848407788971e-27,4.6258908203120126e-39,7.286752014489049e-44,4.880228999305857e-33,1.7393917802902758e-30,1.9741423382353487e-22,5.967439390347825e-26,1.4167568715184347e-36,1.0
TCN,42,20246,49,11,class_11,11,class_11,1,1.0,1.347268752560773e-32,1.4481605549267083e-27,2.8112746736073565e-30,4.667590849824643e-20,1.6783524670048305e-34,2.5825171193738715e-38,6.666868120820062e-26,5.132515910794827e-25,3.5090778730346716e-20,2.2153371260143725e-26,6.632906137403258e-32,1.0
TCN,42,20247,49,11,class_11,11,class_11,1,1.0,5.1966295638552835e-30,1.1145381856369804e-23,2.3274259406289185e-26,3.574537974031792e-19,2.5737661340632614e-29,1.9797345248762797e-33,1.888200423341461e-22,2.7890084902602233e-19,2.4650091944846894e-14,3.0247197053428366e-24,5.947058675823375e-25,1.0
TCN,42,20248,49,11,class_11,11,class_11,1,1.0,4.249088950007084e-38,1.0486753998713953e-29,2.267870689959381e-35,1.568856226930939e-17,2.041952930030356e-35,8.043593315070882e-41,3.533765174142523e-29,2.0769139285557045e-33,7.542391848344916e-28,3.0793780823308437e-33,4.3985581704445975e-39,1.0
TCN,42,20249,49,11,class_11,11,class_11,1,1.0,1.2235040046983454e-27,7.800825241765848e-23,7.388253685253479e-26,1.2624077401924422e-15,1.5919439364128484e-27,2.3149073433564665e-32,3.348944006523306e-22,7.698077206955191e-21,4.157150437569482e-18,9.077555556655939e-26,5.725049686082121e-28,1.0
TCN,42,20250,49,11,class_11,11,class_11,1,1.0,3.374171012229579e-35,3.789702004452143e-29,4.806626022969974e-31,4.106903747028309e-24,3.303835111521501e-37,3.3319794625022635e-39,6.367265229771385e-29,3.7815735569365456e-28,1.365828510544055e-20,2.0721539184656832e-29,2.004361820292228e-34,1.0
TCN,42,20251,49,11,class_11,11,class_11,1,1.0,2.415122479563989e-34,1.7827277242988767e-29,8.191099939209019e-34,2.3098570280113643e-21,1.0162461821900574e-33,1.286391990250182e-42,6.740994342892159e-29,5.038019437775668e-28,5.2740150943772004e-23,7.952898399313087e-29,1.269183919551931e-35,1.0
TCN,42,20252,49,11,class_11,11,class_11,1,1.0,4.772969738914971e-31,5.2706631083728965e-28,8.846173897395606e-30,1.408054742906792e-22,4.599139555513951e-34,5.615145318473517e-38,2.2129308537344156e-25,6.190077927298928e-24,3.420950345256365e-17,1.302081176057367e-26,2.626088469073164e-31,1.0
TCN,42,20253,49,11,class_11,11,class_11,1,1.0,1.5865092033933996e-38,3.827981484279043e-32,1.1944274580454407e-35,3.179337034411834e-24,3.0823437462766547e-38,7.006492321624085e-45,2.4064172569666387e-31,2.146198307623979e-31,2.4363411308439055e-26,1.5299538816419497e-34,3.6619572248814715e-40,1.0
TCN,42,20254,49,11,class_11,11,class_11,1,1.0,4.7366930428531145e-31,1.495522195969203e-26,1.1974512311261557e-29,3.1596254712449003e-19,7.045924423574559e-31,7.3708151246367545e-37,1.0641033497378066e-25,2.977504642206177e-26,3.435787166602416e-21,3.686542299394149e-27,3.495734324301259e-33,1.0
TCN,42,20255,49,11,class_11,11,class_11,1,0.9985637068748474,3.9966023112486537e-13,6.158074809629877e-13,3.740975237920274e-11,1.0240926856530663e-10,3.7991383801067936e-16,2.325114439938119e-16,1.008376628724994e-11,1.3733586712305623e-08,0.001436326652765274,5.0259374163559925e-14,5.4424560425861065e-14,0.9985637068748474
TCN,42,20256,49,11,class_11,11,class_11,1,0.9999610185623169,1.1565701738339151e-12,2.7498747636606202e-12,4.030552069400964e-14,3.893229950335808e-05,4.332095120997137e-13,5.070495393963892e-16,1.3922417385625607e-10,4.97338151564386e-12,3.533254044896239e-08,7.553845786725799e-13,4.241378569972559e-15,0.9999610185623169
TCN,42,20257,49,11,class_11,11,class_11,1,1.0,1.2165808489960408e-16,2.984035133892632e-16,2.3887824655118765e-17,1.826826356854383e-09,3.354218624673446e-18,2.8622113249082667e-21,4.436963056765448e-17,1.654870371316694e-16,7.719823114094027e-10,3.2720075217360617e-19,1.4196574504646568e-20,1.0
TCN,42,20258,49,11,class_11,11,class_11,1,1.0,3.557233678734609e-20,2.207440549041035e-19,2.4883017644200195e-18,2.3120945906267548e-15,2.9179116858652114e-25,1.32995361631704e-24,1.841062506804174e-17,6.915339505830862e-16,3.6457257213129424e-09,1.9305838119426473e-21,9.029464994486028e-22,1.0
TCN,42,20259,49,11,class_11,11,class_11,1,0.9999971389770508,3.3476054976558194e-15,2.536321152423913e-15,1.26190400969871e-14,1.7433211541018068e-09,9.371432114512598e-19,2.426594297518717e-19,4.214120372103558e-12,2.5611967408023517e-11,2.841338073267252e-06,1.2822302169823241e-15,2.102017211287667e-16,0.9999971389770508
TCN,42,20260,49,11,class_11,11,class_11,1,1.0,0.0,0.0,1.961817850054744e-43,4.7447966002038306e-42,0.0,0.0,1.8910554156028595e-29,1.7347266663898284e-30,2.948808923246785e-31,0.0,0.0,1.0
TCN,42,20261,49,11,class_11,11,class_11,1,1.0,1.0430295851399891e-30,2.4501007429330264e-31,1.2395756011947653e-27,2.5528739132493284e-26,6.512588983330003e-38,1.4589366727594254e-39,3.947500076676542e-20,2.5435065329154714e-16,1.4948294424811032e-22,3.105269217844918e-34,2.667263111552524e-29,1.0
TCN,42,20262,49,11,class_11,11,class_11,1,1.0,1.493781293111e-36,7.837363099037428e-38,1.798124550682823e-34,1.8134541780220263e-31,2.802596928649634e-45,0.0,1.4046236951979698e-26,2.3136867288446427e-19,2.784893351432982e-27,2.312534829705959e-40,4.970655463446296e-34,1.0
TCN,42,20263,49,11,class_11,11,class_11,1,1.0,4.441499560585367e-40,4.414863679375481e-39,3.6230635021704856e-36,3.321206944180507e-31,0.0,0.0,4.331679526957297e-27,1.342230190198832e-26,2.2033368260127308e-25,5.3809861030072976e-43,5.323687008801056e-40,1.0
TCN,42,20264,49,11,class_11,11,class_11,1,0.999376118183136,6.142138784179513e-35,1.1822842584532655e-36,5.747876835058624e-22,1.8085224869820674e-33,2.7350305205952844e-39,4.484155085839415e-44,0.0006239074864424765,2.8988506196726425e-21,1.4625790354738944e-29,0.0,4.624284932271896e-44,0.999376118183136
TCN,42,20265,49,11,class_11,11,class_11,1,1.0,2.303552506549637e-40,6.546502087724821e-40,3.185304139732533e-35,5.980972080197047e-35,0.0,0.0,4.66068642824646e-28,7.984845538808267e-22,6.573567535222054e-30,1.2611686178923354e-44,1.0474193145590065e-38,1.0
TCN,42,20266,49,11,class_11,11,class_11,1,1.0,0.0,0.0,0.0,0.0,0.0,0.0,5.885453550164232e-44,1.401298464324817e-45,4.802249837241148e-42,0.0,0.0,1.0
TCN,42,20267,49,11,class_11,11,class_11,1,1.0,4.414362799252393e-37,1.2455638058332778e-32,2.2516001840848103e-31,1.0236065357595444e-27,2.5994086513225357e-42,2.5223372357846707e-44,4.630230916108307e-25,1.7600983483788805e-28,4.589103258384157e-24,7.541168961074934e-39,5.489628772946401e-40,1.0
TCN,42,20268,49,11,class_11,11,class_11,1,1.0,1.064986832886861e-43,8.804794895954309e-38,4.137225530487436e-29,1.027038010115873e-32,0.0,0.0,5.028231386387077e-19,4.0189102373257596e-29,9.403842546867797e-32,0.0,0.0,1.0
TCN,42,20269,49,11,class_11,11,class_11,1,1.0,1.0319921507159494e-36,3.17602704418446e-32,1.7447257594890913e-25,7.361965916329859e-29,7.1103425508151975e-40,2.045895757914233e-42,4.866810969324426e-16,2.9826846477406816e-21,4.9569173073942344e-23,4.707325879267785e-40,1.9298823981826278e-38,1.0
TCN,42,20270,49,11,class_11,11,class_11,1,1.0,2.5083242511414226e-43,7.319979603675119e-39,6.856176865443221e-26,8.26580536026866e-34,0.0,0.0,7.973976635781456e-15,7.480956127566422e-28,5.7645908683118964e-33,0.0,0.0,1.0
TCN,42,20271,49,11,class_11,11,class_11,1,1.0,0.0,0.0,0.0,0.0,0.0,0.0,5.885453550164232e-44,1.401298464324817e-45,4.802249837241148e-42,0.0,0.0,1.0
TCN,42,20272,49,11,class_11,11,class_11,1,1.0,2.7558096132163926e-35,7.75377364356063e-30,6.885719829603265e-25,2.3317816237911447e-25,7.984967247270864e-37,8.057573229070373e-38,4.7864964964058557e-17,9.253628694403687e-26,9.48785967794248e-27,4.058453224063714e-39,2.170868039117806e-38,1.0
TCN,42,20273,49,11,class_11,11,class_11,1,1.0,0.0,0.0,7.945362292721713e-43,1.34268214956211e-40,0.0,0.0,1.8833279719983222e-32,2.6090970271178986e-36,1.4371504301709037e-32,0.0,0.0,1.0
TCN,42,20274,49,11,class_11,11,class_11,1,1.0,7.815701818607373e-27,3.969907056376703e-29,5.219749135770298e-25,3.144537372350334e-25,7.388333265690881e-35,7.37899837135678e-38,1.2435099269194304e-14,1.343219426745007e-14,3.524885837377837e-18,8.496227912602139e-29,2.541425136028071e-28,1.0
TCN,42,20275,49,11,class_11,11,class_11,1,1.0,1.0430295851399891e-30,2.4501007429330264e-31,1.2395756011947653e-27,2.5528739132493284e-26,6.512588983330003e-38,1.4589366727594254e-39,3.947500076676542e-20,2.5435065329154714e-16,1.4948294424811032e-22,3.105269217844918e-34,2.667263111552524e-29,1.0
TCN,42,20276,49,11,class_11,11,class_11,1,1.0,1.6839972748529148e-25,7.588658559695428e-27,2.752716560361151e-23,4.067103032232831e-23,6.733608387449501e-32,1.101493216182682e-33,2.397301869955801e-15,1.3824903678447131e-12,1.2280446158584425e-19,6.755152335395835e-29,3.1615791714636783e-26,1.0
TCN,42,20277,49,11,class_11,11,class_11,1,1.0,0.0,0.0,1.901839473184713e-39,1.5372244153643243e-42,0.0,0.0,5.413171421920824e-30,4.7727867591517014e-24,1.1663770145992183e-33,0.0,3.90962271546624e-43,1.0
TCN,42,20278,49,11,class_11,11,class_11,1,1.0,0.0,0.0,1.1062925736502097e-35,2.802596928649634e-45,0.0,0.0,1.4641146473025343e-18,2.156461062428466e-27,1.784565118596225e-36,0.0,0.0,1.0
TCN,42,20279,49,11,class_11,11,class_11,1,1.0,3.4446513686135827e-25,1.4464498091350074e-26,1.0552430612655905e-24,1.3265310498786074e-20,2.4945471247330977e-32,2.548446038643795e-34,7.133086794977117e-16,5.130714375491813e-14,8.351321343453774e-18,1.0910257549485606e-26,7.792930701465707e-26,1.0
TCN,42,20280,49,0,class_0,0,class_0,1,1.0,1.0,5.968222645258041e-38,2.6160109097908757e-23,1.058559106836386e-28,7.46070259536283e-18,7.403381558661024e-32,3.7276190508417126e-29,7.215175600975066e-34,6.077076442525277e-22,1.6132361353723037e-35,3.0657216389569215e-34,4.28957952893028e-29
TCN,42,20281,49,0,class_0,0,class_0,1,0.9645727872848511,0.9645727872848511,2.76668445098327e-13,1.6586036743256732e-14,7.337560553614184e-21,0.03542714938521385,4.241353934730796e-09,5.654987264400274e-23,2.182268150531339e-19,2.58793790027358e-14,1.0283835723860286e-19,4.378580543252337e-15,4.651773656213793e-15
TCN,42,20282,49,0,class_0,0,class_0,1,1.0,1.0,0.0,0.0,0.0,3.8898237694637943e-38,2.802596928649634e-45,0.0,0.0,2.802596928649634e-45,0.0,0.0,0.0
TCN,42,20283,49,0,class_0,0,class_0,1,1.0,1.0,0.0,1.020707253046405e-31,3.1334434960767235e-41,2.1534949977888764e-33,0.0,6.726232628759122e-43,0.0,1.5298138325103088e-34,0.0,0.0,9.388699710976274e-43
TCN,42,20284,49,0,class_0,0,class_0,1,1.0,1.0,0.0,0.0,0.0,0.0,0.0,0.0,0.0,0.0,0.0,0.0,0.0
TCN,42,20285,49,0,class_0,0,class_0,1,1.0,1.0,2.0765446249648746e-30,1.9553960728157436e-16,3.48750975355631e-29,2.059484820825206e-19,2.8678225692170055e-18,2.4464979749991685e-29,5.287445727389905e-25,1.3006302035812461e-13,2.905123765257233e-28,3.5203822008340037e-19,5.934928871224827e-19
TCN,42,20286,49,0,class_0,0,class_0,1,1.0,1.0,1.8497139729087585e-43,2.8407443260403605e-25,1.4993893568275543e-43,2.081681408918908e-25,8.521692608401005e-25,1.1402365604211037e-41,8.239371526118631e-39,2.7623582377467014e-26,0.0,7.579468261425501e-32,3.963193897476728e-34
TCN,42,20287,49,0,class_0,0,class_0,1,1.0,1.0,0.0,1.885689564129209e-28,1.3364687921712937e-39,7.301514981460291e-32,5.570161395691148e-42,1.0603205090006593e-40,1.401298464324817e-45,1.9819106587932395e-33,0.0,0.0,1.248556931713412e-42
TCN,42,20288,49,0,class_0,0,class_0,1,1.0,1.0,2.802596928649634e-45,1.0138385133637078e-24,2.7092608290049843e-33,4.723507249491269e-22,6.48877510162909e-33,1.8982852789506467e-34,1.3041464417931775e-40,2.488683592649275e-24,1.783852945085492e-42,4.880591165499323e-37,1.0399569134366007e-33
TCN,42,20289,49,0,class_0,0,class_0,1,1.0,1.0,2.802596928649634e-45,5.531343022653056e-29,4.3514521212678545e-41,3.822306003821272e-24,1.0104256741575029e-31,5.74532370373175e-44,2.4943112664981744e-43,1.482859899919637e-26,9.80908925027372e-45,7.023690096702259e-35,3.2849841719561407e-37
TCN,42,20290,49,0,class_0,0,class_0,1,1.0,1.0,0.0,4.727940594035536e-30,0.0,6.959225022230456e-36,3.75547988439051e-43,0.0,0.0,7.163498233707647e-29,0.0,1.401298464324817e-44,1.7618525591955925e-41
TCN,42,20291,49,0,class_0,0,class_0,1,1.0,1.0,1.7580758163087427e-31,8.332037281833325e-18,1.6821546683416415e-25,8.81664848832303e-18,2.0649301941155727e-25,1.6658627647188832e-27,2.9386671106361957e-32,8.518033721639018e-22,1.277698917517672e-36,3.1850292737966446e-32,2.4860620168089752e-26
TCN,42,20292,49,0,class_0,0,class_0,1,1.0,1.0,0.0,1.9960095325842694e-41,0.0,0.0,0.0,0.0,0.0,1.2106150606024973e-36,0.0,0.0,0.0
TCN,42,20293,49,0,class_0,0,class_0,1,1.0,1.0,0.0,4.506605580830167e-27,4.2510345127949523e-38,6.6116625499889514e-24,1.3146905120879896e-38,5.3089816930333294e-36,1.2854110813251547e-41,3.1062634590101636e-27,1.401298464324817e-45,1.961817850054744e-44,2.2552134268281653e-36
TCN,42,20294,49,0,class_0,0,class_0,1,1.0,1.0,9.849642536507711e-27,1.2368786463065674e-19,2.5189619280147849e-23,2.018566080074207e-14,6.98213908344024e-23,1.3755911294362083e-27,3.345249741560898e-32,2.5454997011156245e-21,6.009841234221658e-33,2.3567702530596594e-30,3.631282499429444e-21
TCN,42,20295,49,0,class_0,0,class_0,1,1.0,1.0,6.657465268608377e-26,1.2162149042930473e-15,1.9612788365756136e-20,2.4948519270449887e-13,3.4531462464593087e-20,3.255580488233099e-22,4.848744597993622e-23,8.410832184261967e-15,7.686643404141237e-26,8.116410877056814e-21,2.8826497299982303e-19
TCN,42,20296,49,0,class_0,0,class_0,1,1.0,1.0,0.0,0.0,0.0,0.0,0.0,0.0,0.0,0.0,0.0,0.0,0.0
TCN,42,20297,49,0,class_0,0,class_0,1,1.0,1.0,2.898166334399377e-32,5.057876505565212e-19,1.56790017662766e-23,2.9143303442084626e-17,2.486963197948553e-26,5.769561027844121e-26,1.4824665190988462e-30,5.0284015400240184e-20,2.2306598652711247e-34,8.30159313149581e-30,3.444717189195362e-25
TCN,42,20298,49,0,class_0,0,class_0,1,1.0,1.0,0.0,8.534957304522296e-27,1.1103608771616986e-40,2.737760138527694e-32,6.491697304785077e-40,4.646425448008228e-41,6.762946648524432e-41,3.4317425381236955e-27,0.0,1.0459291737720435e-41,5.350270537500315e-37
TCN,42,20299,49,0,class_0,0,class_0,1,1.0,1.0,2.049777494790259e-38,7.743492976876047e-21,7.122478963369601e-32,4.277684566254855e-21,1.1077487117855282e-29,3.6056864512320473e-31,1.5190621458798639e-33,1.0880656229340099e-20,3.024340359462243e-38,1.623981445175484e-33,4.840397358769663e-28
TCN,42,20300,49,0,class_0,0,class_0,1,1.0,1.0,8.216409258296232e-21,2.411866262264084e-09,2.442327388574761e-16,2.1715158357994528e-14,3.881854894017363e-20,7.059502627481748e-18,1.1663708089072808e-21,3.3016289727953296e-15,6.372110243584231e-26,5.687852910693108e-26,2.896166119701288e-17
TCN,42,20301,49,0,class_0,0,class_0,1,1.0,1.0,3.402693186907487e-38,1.013309266582395e-23,1.8849479607299983e-29,6.687615403229951e-22,6.360940825661136e-33,5.95263727100683e-34,1.7486509263631884e-39,1.2283273283029721e-24,4.876798915543228e-41,1.1187516281583213e-37,8.41615587053147e-31
TCN,42,20302,49,0,class_0,0,class_0,1,1.0,1.0,4.273004915643573e-28,2.1479407237970595e-18,4.469892381212804e-22,1.5035656435722668e-14,4.878927205088283e-25,3.7128248798624985e-25,1.8522226870087558e-30,1.095237149597874e-19,2.5791999272295984e-30,3.752873108164044e-29,1.2002583359531923e-23
TCN,42,20303,49,0,class_0,0,class_0,1,1.0,1.0,0.0,2.087065906796096e-40,0.0,1.6955711418330287e-43,0.0,0.0,0.0,3.098763857620025e-32,0.0,0.0,0.0
TCN,42,20304,49,0,class_0,0,class_0,1,1.0,1.0,5.228160492488033e-39,6.992026981570642e-23,3.80392193152314e-38,1.084220121658562e-21,2.9744280846758153e-26,3.4156980774354997e-38,1.79067522831619e-36,3.53238963417349e-22,4.6761329754519146e-42,6.8464637209405915e-31,8.580970522867042e-31
TCN,42,20305,49,0,class_0,0,class_0,1,1.0,1.0,6.943411442030309e-31,1.194643522842767e-17,4.240685960478449e-30,3.8794140003519926e-19,3.313417992658056e-20,2.4847757103924524e-31,1.595284307300371e-31,2.1849092054647325e-15,1.0914833537313273e-34,1.6938150185969396e-26,3.256588463143354e-21
TCN,42,20306,49,0,class_0,0,class_0,1,1.0,1.0,2.802596928649634e-45,2.8112096498502027e-23,2.128803050183633e-34,2.0437067234623374e-27,1.7074345346320026e-38,7.253829347848816e-37,1.86154093194766e-40,1.4759610888585707e-29,0.0,4.203895392974451e-44,6.268695272533363e-36
TCN,42,20307,49,0,class_0,0,class_0,1,1.0,1.0,0.0,3.6888731415764683e-37,0.0,2.802596928649634e-45,0.0,0.0,0.0,1.4643568952194338e-41,0.0,0.0,0.0
TCN,42,20308,49,0,class_0,0,class_0,1,1.0,1.0,5.963887947482426e-19,5.231811620216853e-13,5.045192779176699e-13,7.702343103599407e-12,1.4992706505166505e-17,1.6190831300335263e-17,2.3794383463842026e-20,3.40668438554223e-13,1.9265144508749594e-22,5.608563209578381e-19,4.464813241344956e-11
TCN,42,20309,49,0,class_0,0,class_0,1,1.0,1.0,3.0746382317795433e-24,9.133587774989849e-10,1.6500983994501e-16,2.0821834054321155e-16,2.6444037492637714e-24,2.586802638557987e-18,1.7221723396075777e-23,1.0309525992234156e-15,2.865282052497694e-28,1.7600983483788805e-28,4.068104237832995e-19
TCN,42,20310,49,0,class_0,0,class_0,1,1.0,1.0,0.0,1.883017605961564e-26,5.114739394785582e-43,3.4802231179823426e-31,1.2205650139795988e-38,7.286752014489049e-44,0.0,1.1799330174909925e-32,0.0,0.0,3.8284875343818327e-41
TCN,42,20311,49,0,class_0,0,class_0,1,1.0,1.0,5.659816935919301e-21,6.595200385817179e-09,7.444254089029878e-15,4.4494746428980214e-12,1.6162323347704235e-17,6.830993553130055e-16,9.781274258638481e-19,1.3225725853036052e-12,8.953618605912797e-24,5.1037475964080124e-21,1.0272462874486962e-16
TCN,42,20312,49,0,class_0,0,class_0,1,1.0,1.0,1.5456322061502732e-42,7.294922432360371e-23,5.47643187292445e-32,1.0253054437024714e-29,4.5688433993099635e-38,5.034305423452724e-38,1.6815581571897805e-44,3.4768496402133146e-33,0.0,0.0,7.839857405819771e-35
TCN,42,20313,49,0,class_0,0,class_0,1,1.0,1.0,8.324578553506847e-24,3.689603943955689e-15,1.3907934612034105e-18,3.5838335337573524e-13,9.559343243176217e-22,2.489608464218609e-21,2.088712871293789e-25,4.9082925550316336e-17,4.8146578443233124e-26,3.291778013790803e-25,1.3942135686929817e-19
TCN,42,20314,49,0,class_0,0,class_0,1,1.0,1.0,4.1106641279149204e-17,8.714316490632257e-10,4.315538811722197e-13,4.280039078707887e-08,3.127780330810831e-15,9.440338051211472e-14,1.8645398054435956e-19,1.8126805767938303e-15,1.4634026124122913e-22,1.0391145444674136e-21,7.499427882920112e-17
TCN,42,20315,49,0,class_0,0,class_0,1,1.0,1.0,2.2959769076852936e-36,2.413529238237383e-19,8.138620643490034e-26,1.7736868752282313e-20,1.5739531755532874e-30,2.067040327703561e-27,6.767334753008333e-34,6.344902529570772e-24,1.8439728531004198e-39,5.114001374604935e-35,5.0788454060610826e-30
TCN,42,20316,49,0,class_0,0,class_0,1,1.0,1.0,0.0,1.2178981618906186e-26,3.4554077930578435e-38,3.705587739975833e-36,0.0,6.157956215250079e-38,0.0,2.002879136206757e-34,0.0,0.0,2.827820301007481e-42
TCN,42,20317,49,0,class_0,0,class_0,1,1.0,1.0,1.0608050048999725e-16,1.2897624634966576e-10,1.050826296095618e-13,1.830053264484377e-08,2.2723795450706056e-15,1.3630733708088795e-15,1.378986181742252e-18,3.5092377137849184e-13,1.8778809362543688e-19,4.377878724343158e-19,6.7978015083007114e-15
TCN,42,20318,49,0,class_0,0,class_0,1,1.0,1.0,4.068159500964195e-30,1.5047720014482735e-12,4.590208689170643e-23,3.911108717991669e-19,2.7510416659864764e-27,5.5889611843550855e-25,5.008564385576831e-29,1.6696159219416964e-20,5.1931660116734896e-36,2.787808096210899e-33,1.28428409193108e-24
TCN,42,20319,49,0,class_0,0,class_0,1,1.0,1.0,6.634755664128391e-24,4.364281356553264e-15,9.06140130541012e-18,7.255972905850783e-11,6.174381034167321e-21,1.4502562184161857e-19,3.4233516311345496e-25,8.665704239272108e-17,8.897468472755297e-25,3.280259954321284e-24,9.934268510370845e-22
TCN,42,20320,49,1,class_1,1,class_1,1,1.0,4.080403163208898e-39,1.0,7.187931664317737e-32,3.993149576168619e-27,1.1904109676028341e-20,5.227075136640197e-20,5.789368141882863e-23,5.409249220450096e-30,3.495555296741218e-36,7.260780566317292e-29,2.05967951975261e-28,4.822489084135451e-33
TCN,42,20321,49,1,class_1,1,class_1,1,1.0,5.7993398358957716e-37,1.0,2.913796882782261e-32,2.866091703707344e-35,4.2559509686885857e-23,1.0418021544440007e-20,1.4089887902970317e-39,7.776512903654344e-25,1.8216880036222622e-44,1.8015611374374688e-30,8.878172811754075e-26,3.8192083947210597e-28
TCN,42,20322,49,1,class_1,5,class_5,0,1.0,5.972053795259505e-41,1.573720146460056e-36,0.0,0.0,0.0,1.0,0.0,1.401298464324817e-45,0.0,0.0,1.4989625369524665e-31,0.0
TCN,42,20323,49,1,class_1,1,class_1,1,1.0,0.0,1.0,1.9929266759627548e-41,5.983544442666969e-43,5.866099113715707e-26,9.405800951976294e-20,7.568953907025566e-39,2.550363205071167e-43,0.0,1.5115806534671802e-41,3.405953316027333e-30,0.0
TCN,42,20324,49,1,class_1,1,class_1,1,0.9999974966049194,1.1472529807015933e-19,0.9999974966049194,1.4606374971673106e-23,4.752005794558416e-18,2.558553205744829e-06,2.1959583267451913e-15,7.71857481725516e-23,1.474132300828919e-17,2.586567441328801e-27,2.1168627961642983e-10,2.0627604767304314e-17,8.937687345816077e-18
TCN,42,20325,49,1,class_1,1,class_1,1,1.0,2.264298833265783e-29,1.0,7.254934466156415e-30,1.1566003009831027e-30,2.9815841501747523e-19,6.599306897542465e-19,4.2297053286907664e-35,1.3326217931785435e-21,4.734732541895376e-35,5.529652155275306e-15,2.516246668779014e-21,1.2011621821561084e-28
TCN,42,20326,49,1,class_1,1,class_1,1,1.0,6.232770799119228e-33,1.0,1.145410419813372e-34,5.142053100878244e-35,4.445957239719921e-18,2.739234406504463e-16,2.3120023362895157e-41,5.523568236060559e-27,8.77072708820903e-42,1.423485907295842e-20,4.559598361693171e-23,7.30510523508129e-33
TCN,42,20327,49,1,class_1,1,class_1,1,1.0,8.98792675485555e-20,1.0,5.523948836768801e-19,2.824762896608976e-17,2.0660617661150127e-09,4.005631243364505e-11,6.66805801415481e-20,8.597677567440237e-17,9.366391060645823e-25,9.515027722434462e-15,2.303896529307195e-16,1.0278493352024718e-17
TCN,42,20328,49,1,class_1,1,class_1,1,1.0,3.270519229321791e-36,1.0,3.589250461696408e-36,1.3003669492583023e-36,1.3077692162978731e-21,2.0456941932841056e-21,2.2247434809160093e-40,4.5514518345872585e-29,1.555441295400547e-43,1.5200228931008955e-20,1.6567964387204726e-24,2.3312337564139095e-37
TCN,42,20329,49,1,class_1,1,class_1,1,0.9997977614402771,4.8337152244569903e-29,0.9997977614402771,1.0291046761214124e-32,3.758340428460521e-24,0.00020225474145263433,1.1944820048421735e-20,5.9831913079205785e-33,1.5643712640675313e-28,1.2557384854495873e-34,3.577042836737897e-14,2.4483469746641663e-21,9.6336947766725e-29
TCN,42,20330,49,1,class_1,1,class_1,1,1.0,1.4759562740337097e-28,1.0,1.6383600999270446e-27,1.6417135291462117e-27,5.232811258855049e-16,2.602415345056403e-15,1.4955861645285997e-32,1.5495643481305841e-21,1.6477244106811789e-34,7.801070886740847e-21,2.117882059549088e-21,7.575741295173128e-24
TCN,42,20331,49,1,class_1,1,class_1,1,1.0,7.840453581363146e-28,1.0,1.563145351353409e-32,1.485771374446409e-32,2.2878268849296822e-15,1.2732939399794525e-16,2.667630138382988e-36,9.879219427849655e-27,1.90004020595652e-39,4.040099417809553e-18,1.2799506817634746e-24,1.346452606832997e-31
TCN,42,20332,49,1,class_1,1,class_1,1,1.0,6.4328645752479675e-22,1.0,1.5182680449099985e-26,2.023486571550679e-31,3.914713961116834e-15,1.5880864331907496e-12,8.757143631813144e-35,3.873220278720349e-18,1.9255851939346588e-33,1.023231465016045e-20,3.409924637736735e-19,1.1588573694798193e-22
TCN,42,20333,49,1,class_1,1,class_1,1,1.0,2.2292619546056257e-29,1.0,2.2449129942060332e-29,1.9232401033318817e-40,3.4032650914110835e-15,2.256518083498804e-09,2.876725617412417e-40,3.8147354477088286e-22,1.3539505563244346e-33,5.185865644757659e-19,4.57179932823491e-19,2.7290457404622513e-30
TCN,42,20334,49,1,class_1,1,class_1,1,1.0,3.3992698147591413e-40,1.0,1.1127185443845618e-33,1.9482299020273068e-27,2.8713621871394773e-23,1.0481986122680573e-23,1.5167444360661396e-35,2.6204812957939113e-26,4.643903110772444e-42,1.4290401343034516e-21,4.331811645751482e-27,7.149738667961215e-29
TCN,42,20335,49,1,class_1,1,class_1,1,0.9999998807907104,2.0353303580146436e-24,0.9999998807907104,1.789607088571219e-24,1.2607861194635133e-37,2.5522356309534006e-15,1.36850246690301e-07,6.200241237190159e-40,4.108071020092143e-20,2.5474376114275834e-32,7.30326378347723e-26,4.776948650448128e-20,6.558329241908769e-25
TCN,42,20336,49,1,class_1,10,class_10,0,0.9989847540855408,1.4001600251437619e-27,0.0010152134345844388,2.0731210793387806e-17,2.731134075412164e-24,8.473419157567011e-17,1.0585973194020726e-15,3.401568223313003e-26,1.758413437581837e-19,9.180740337995884e-24,1.8697555626039563e-15,0.9989847540855408,8.974539197059073e-31
TCN,42,20337,49,1,class_1,1,class_1,1,1.0,9.894827012979783e-36,1.0,3.021461489477888e-28,6.614546810540307e-29,1.628627027767095e-27,8.692758736305207e-16,2.004599720145025e-33,1.0814627269952607e-25,2.606907476360966e-29,4.091317906579495e-22,7.28210502037234e-23,3.4885973397376005e-31
TCN,42,20338,49,1,class_1,1,class_1,1,1.0,0.0,1.0,0.0,0.0,9.49002100467432e-29,2.1111596125290134e-24,0.0,0.0,0.0,2.51439422777611e-29,5.967603371207912e-32,0.0
TCN,42,20339,49,1,class_1,1,class_1,1,1.0,0.0,1.0,0.0,0.0,4.320184831503657e-31,3.1141082465968805e-33,0.0,1.064986832886861e-43,0.0,6.48620076900079e-33,7.50815717185237e-42,1.4293244336113134e-43
TCN,42,20340,49,1,class_1,1,class_1,1,1.0,1.3928906735388682e-41,1.0,2.14398665041697e-43,2.3639905093159664e-42,2.761405200589e-22,2.0468853953390947e-24,0.0,5.409563444003149e-36,0.0,1.2778955018901475e-26,4.8980428080402027e-32,9.528829557408756e-44
TCN,42,20341,49,1,class_1,1,class_1,1,1.0,0.0,1.0,0.0,0.0,1.3409185089460739e-36,8.936160265708116e-29,0.0,1.4573504028978098e-43,0.0,1.132675946740758e-25,1.3703465838448105e-37,0.0
TCN,42,20342,49,1,class_1,1,class_1,1,1.0,0.0,1.0,0.0,0.0,0.0,4.90454462513686e-44,0.0,0.0,0.0,1.2680882297091713e-39,0.0,0.0
TCN,42,20343,49,1,class_1,1,class_1,1,1.0,0.0,1.0,0.0,1.401298464324817e-45,3.426857555245972e-30,6.731039932292955e-32,0.0,3.3621129846791044e-39,0.0,1.1161851124899672e-30,3.8109152516391995e-40,2.3485762262083934e-42
TCN,42,20344,49,1,class_1,1,class_1,1,1.0,0.0,1.0,0.0,0.0,2.094629734753339e-36,1.0092325050736216e-29,0.0,4.43079543397996e-37,0.0,3.5032461608120427e-44,1.1714618342315e-38,6.824323521261859e-43
TCN,42,20345,49,1,class_1,1,class_1,1,1.0,5.605193857299268e-45,1.0,1.2597673194280105e-42,1.052156544147503e-39,3.701086074924986e-26,1.8020930341491255e-27,0.0,2.101015332851818e-29,0.0,4.639740028365399e-34,4.62887010353365e-33,1.5218775532977352e-30
TCN,42,20346,49,1,class_1,1,class_1,1,1.0,0.0,1.0,0.0,0.0,2.429627867483551e-36,1.0780170178057733e-29,0.0,0.0,0.0,2.2313963514201652e-30,5.6112474666651515e-40,0.0
TCN,42,20347,49,1,class_1,1,class_1,1,1.0,1.401298464324817e-45,1.0,0.0,1.401298464324817e-45,1.0654055470474396e-28,8.01242678740822e-30,0.0,3.8960391909111965e-34,0.0,4.48586909311895e-27,2.822582628501017e-35,1.4153114489680652e-43
TCN,42,20348,49,1,class_1,1,class_1,1,1.0,0.0,1.0,0.0,0.0,6.170126722885467e-26,6.47827822471071e-21,0.0,3.4778389380956766e-36,0.0,1.9169141093462953e-34,2.1815671987860542e-32,4.17978184900035e-39
TCN,42,20349,49,1,class_1,1,class_1,1,1.0,1.401298464324817e-45,1.0,1.566679709084432e-40,1.783852945085492e-42,4.000877995997705e-28,7.558619660870985e-25,0.0,8.232367798978146e-31,0.0,2.583279701514002e-35,3.280121477053589e-32,1.163079124445985e-35
TCN,42,20350,49,1,class_1,9,class_9,0,0.977828860282898,9.2148871866371e-10,6.0177280829520896e-05,1.8361303588676492e-08,7.806411495957927e-15,1.1120414455945138e-06,3.873623791150749e-05,1.1233584727579973e-13,9.372461140522148e-12,6.009303206155892e-07,0.977828860282898,0.022070517763495445,1.0450329490652166e-08
TCN,42,20351,49,1,class_1,1,class_1,1,1.0,1.6323929007143044e-31,1.0,9.417165482290581e-31,1.2408049222782676e-28,2.124150031215799e-12,4.694851104933187e-16,4.581275521814513e-28,2.283826709658931e-28,2.10773598736499e-35,1.7889947905138047e-22,7.124294047093124e-26,1.1903516966370198e-28
TCN,42,20352,49,1,class_1,1,class_1,1,1.0,1.401298464324817e-45,1.0,0.0,1.401298464324817e-45,1.0654055470474396e-28,8.01242678740822e-30,0.0,3.8960391909111965e-34,0.0,4.48586909311895e-27,2.822582628501017e-35,1.4153114489680652e-43
TCN,42,20353,49,1,class_1,1,class_1,1,1.0,0.0,1.0,4.9996227259412986e-40,5.029851536413714e-38,1.115105252597946e-28,3.036090082963476e-27,2.4382593279251817e-43,2.348449868945669e-31,0.0,4.033202520655063e-32,7.96908057428097e-30,5.740046301611226e-37
TCN,42,20354,49,1,class_1,1,class_1,1,1.0,0.0,1.0,0.0,0.0,7.499749381066421e-42,3.470417482062409e-36,0.0,4.763330734212376e-38,0.0,0.0,6.710818345651549e-42,0.0
TCN,42,20355,49,1,class_1,1,class_1,1,1.0,0.0,1.0,0.0,0.0,8.863086669992679e-40,1.3768798079062916e-31,0.0,1.401298464324817e-45,0.0,1.2401491409274631e-42,1.6815581571897805e-43,0.0
TCN,42,20356,49,1,class_1,1,class_1,1,1.0,0.0,1.0,0.0,0.0,3.2828639513276787e-40,3.6146821230579923e-37,0.0,0.0,0.0,6.471161780257844e-37,0.0,0.0
TCN,42,20357,49,1,class_1,1,class_1,1,1.0,0.0,1.0,0.0,0.0,1.1316886397887223e-40,9.94379039919308e-36,0.0,7.89211295107737e-42,0.0,9.394024645140709e-41,1.989351543190723e-38,0.0
TCN,42,20358,49,1,class_1,1,class_1,1,1.0,0.0,1.0,1.401298464324817e-45,0.0,2.6947339860176323e-36,5.748327995069082e-30,0.0,3.4326741951674284e-33,0.0,4.2179083776176994e-42,1.6379088534856093e-36,1.7049612428424693e-38
TCN,42,20359,49,1,class_1,1,class_1,1,1.0,0.0,1.0,0.0,0.0,1.858586794616198e-29,3.979680007323564e-25,0.0,7.154588061760052e-31,0.0,1.3502766715609156e-35,3.6938531707464046e-32,1.8336691054922394e-40
TCN,42,20360,49,2,class_2,2,class_2,1,1.0,8.491943803406079e-38,3.5561338272962977e-28,1.0,4.765578259824359e-33,0.0,1.9478048654114957e-43,0.0,3.7733024100491316e-28,2.46420106192778e-36,0.0,6.726232628759122e-44,0.0
TCN,42,20361,49,2,class_2,2,class_2,1,1.0,0.0,0.0,1.0,0.0,0.0,0.0,0.0,1.4841964788773446e-39,9.612907465268245e-43,0.0,0.0,0.0
TCN,42,20362,49,2,class_2,2,class_2,1,1.0,9.714808095931911e-37,0.0,1.0,0.0,0.0,2.2968827170571406e-33,0.0,1.7796490496925177e-42,2.615981615664568e-30,0.0,0.0,0.0
TCN,42,20363,49,2,class_2,2,class_2,1,1.0,1.970742394872785e-36,2.406029463245711e-42,1.0,0.0,0.0,2.4926693482719434e-35,0.0,4.2994187834009003e-32,2.0038568039844884e-43,0.0,0.0,0.0
TCN,42,20364,49,2,class_2,2,class_2,1,1.0,4.101349940809441e-37,0.0,1.0,0.0,0.0,1.1831752375062692e-22,0.0,1.5215695293104268e-38,2.4610339031906515e-37,0.0,0.0,0.0
TCN,42,20365,49,2,class_2,2,class_2,1,1.0,5.156778348715327e-43,1.2891945871788317e-43,1.0,0.0,0.0,0.0,0.0,2.262865727165252e-36,8.360146638161859e-42,0.0,0.0,0.0
TCN,42,20366,49,2,class_2,2,class_2,1,1.0,0.0,0.0,1.0,0.0,0.0,0.0,0.0,4.4969069018647705e-40,1.678755560261131e-42,0.0,0.0,0.0
TCN,42,20367,49,2,class_2,2,class_2,1,1.0,4.633944082586487e-39,1.1664153717030902e-36,1.0,5.885453550164232e-44,0.0,3.5116539515979916e-42,0.0,1.3551933947466155e-29,1.7982162543448215e-40,0.0,0.0,0.0
TCN,42,20368,49,2,class_2,2,class_2,1,1.0,3.9628720571105827e-42,0.0,1.0,0.0,0.0,0.0,0.0,5.869338617824496e-41,1.199315303677038e-40,0.0,0.0,0.0
TCN,42,20369,49,2,class_2,2,class_2,1,1.0,1.2791457465048976e-16,2.4415667593600024e-21,1.0,9.000220563888729e-25,8.083452149121468e-26,2.5741105375665126e-21,1.2569812355260209e-32,3.058911320281682e-19,1.9232718261333626e-19,1.2487531134984175e-40,2.7270622974348998e-27,2.4718528902489775e-23
TCN,42,20370,49,2,class_2,2,class_2,1,1.0,3.14335805977025e-20,5.880528489007847e-26,1.0,2.772602320058524e-31,1.3618104875462643e-30,1.0498387724191476e-24,1.2899704861385284e-38,1.2213015792531973e-22,3.4051212528301183e-23,0.0,3.321685120588742e-33,4.1058770484120235e-28
TCN,42,20371,49,2,class_2,2,class_2,1,1.0,1.2663975638957382e-21,1.9593884319762953e-26,1.0,1.534370481563359e-29,7.850904527241356e-34,3.7541388196938456e-26,8.528022194187972e-41,7.251391194344103e-23,3.4341442343941046e-24,0.0,1.7444534530874448e-32,6.8035059851864015e-31
TCN,42,20372,49,2,class_2,2,class_2,1,1.0,3.863047763412362e-21,3.326898347810275e-25,1.0,7.068306377682012e-28,2.1795375608525657e-32,4.016724730543468e-26,1.687774177047679e-38,8.565504089253853e-23,4.400286245275887e-24,0.0,1.35223227745712e-32,4.1835992152092964e-29
TCN,42,20373,49,2,class_2,2,class_2,1,1.0,3.250490873945154e-38,3.1508442598873233e-38,1.0,8.407790785948902e-45,0.0,1.0229478789571165e-42,0.0,1.337555172542188e-31,1.2156486984473616e-38,0.0,0.0,0.0
TCN,42,20374,49,2,class_2,2,class_2,1,1.0,0.0,0.0,1.0,0.0,0.0,0.0,0.0,5.9945866745658485e-40,1.0060643344096989e-38,0.0,0.0,0.0
TCN,42,20375,49,2,class_2,2,class_2,1,1.0,2.3683500479096097e-31,1.2359756040421516e-30,1.0,1.9401277116448458e-38,1.401298464324817e-45,1.0912632929236588e-33,0.0,4.079965429013982e-25,9.684001641982325e-34,0.0,7.828518663649995e-38,2.0440180179720377e-40
TCN,42,20376,49,2,class_2,2,class_2,1,1.0,2.060006833449984e-40,8.63331620789673e-29,1.0,1.2517875502133152e-35,0.0,1.401298464324817e-45,0.0,1.3266964024171451e-30,4.17446812522363e-42,0.0,0.0,0.0
TCN,42,20377,49,2,class_2,2,class_2,1,1.0,0.0,2.188141565027845e-40,1.0,0.0,0.0,0.0,0.0,1.1809662755904356e-36,7.58102469199726e-43,0.0,0.0,0.0
TCN,42,20378,49,2,class_2,2,class_2,1,1.0,0.0,0.0,1.0,0.0,0.0,0.0,0.0,2.052203002302159e-38,9.80908925027372e-44,0.0,0.0,0.0
TCN,42,20379,49,2,class_2,2,class_2,1,1.0,0.0,0.0,1.0,0.0,0.0,0.0,0.0,6.734640419545071e-42,8.169570047013684e-43,0.0,0.0,0.0
TCN,42,20380,49,2,class_2,2,class_2,1,1.0,1.0204955651400259e-19,1.9100065662556299e-29,1.0,4.088988918899816e-42,8.746174937815595e-39,1.7680497225887315e-16,1.5414283107572988e-44,1.2429285489314462e-26,8.21682295184468e-27,0.0,3.298289917739898e-32,2.6130666365283425e-32
TCN,42,20381,49,2,class_2,2,class_2,1,1.0,1.3746727191911235e-20,1.3976553355325308e-24,1.0,3.9272634315209624e-30,1.3270088135507631e-32,2.0407727093997634e-24,2.0183742560748935e-39,6.606857150142256e-21,1.604637933269299e-27,0.0,1.7095588151212089e-31,3.112892846916485e-28
TCN,42,20382,49,2,class_2,2,class_2,1,1.0,1.4029527318646044e-19,6.24922987341602e-23,1.0,3.287747920641255e-26,2.0685435521363416e-30,1.0815633895910714e-22,6.902358187122023e-35,9.41381581512405e-18,3.0308134201018437e-27,0.0,5.281047722633032e-28,1.1675469768326493e-27
TCN,42,20383,49,2,class_2,2,class_2,1,1.0,5.337763220229427e-26,2.102425762682686e-22,1.0,1.9837583889759383e-31,4.472944698124816e-42,9.680665800603674e-29,1.2611686178923354e-44,4.436685320535026e-20,1.5648448957795073e-33,0.0,2.47394766768974e-30,1.1213798362956826e-36
TCN,42,20384,49,2,class_2,2,class_2,1,1.0,1.0635019130328796e-19,1.1845469285697901e-24,1.0,2.1265161534747571e-32,5.555934364472258e-30,6.5988474730292e-21,4.35079157831878e-34,5.314211828706696e-20,1.2450348422151253e-27,0.0,3.9693015921504363e-29,2.6595758247722256e-26
TCN,42,20385,49,2,class_2,2,class_2,1,1.0,3.07900766922469e-22,4.862957258798387e-21,1.0,4.6640808195881316e-29,1.0715395287137981e-36,1.6490407527307922e-24,9.931408593224633e-40,3.1911815327343974e-18,2.2083222812852755e-29,0.0,1.8140884191775491e-26,1.1024190392068095e-31
TCN,42,20386,49,2,class_2,2,class_2,1,1.0,3.4203623413418277e-25,5.476645859916074e-30,1.0,5.5184590875514194e-39,1.1768665022785544e-40,1.806504111871377e-28,0.0,5.6846488288670364e-24,9.871311156656087e-34,0.0,2.9395679120318963e-37,4.516313121529058e-34
TCN,42,20387,49,2,class_2,2,class_2,1,1.0,3.326828739118429e-21,9.384314572058124e-24,1.0,1.0204535188103903e-25,1.3263870358138957e-31,9.556229451411128e-25,3.305714824491934e-36,3.220496689566185e-17,2.204183680520437e-27,0.0,5.534828474369911e-28,5.426012710288303e-29
TCN,42,20388,49,2,class_2,2,class_2,1,1.0,1.0204955651400259e-19,1.9100065662556299e-29,1.0,4.088988918899816e-42,8.746174937815595e-39,1.7680497225887315e-16,1.5414283107572988e-44,1.2429285489314462e-26,8.21682295184468e-27,0.0,3.298289917739898e-32,2.6130666365283425e-32
TCN,42,20389,49,2,class_2,2,class_2,1,1.0,6.383254352578821e-18,3.1253083842682777e-17,1.0,4.547354735573162e-22,5.996825845736868e-28,1.1863044359141631e-19,1.4267452186636537e-31,1.4306571132307634e-14,2.534528678029692e-23,1.401298464324817e-45,1.8140860451499587e-21,1.15859093959769e-24
TCN,42,20390,49,2,class_2,2,class_2,1,1.0,1.7689470231640174e-31,8.700383821791935e-32,1.0,1.9197788961249994e-43,0.0,7.383219832204026e-31,0.0,8.265918825040176e-22,1.5785542450087942e-36,0.0,1.659598336258224e-32,3.05841377240138e-39
TCN,42,20391,49,2,class_2,2,class_2,1,1.0,4.485530689736365e-33,5.2512964383346245e-28,1.0,6.062795785358264e-35,0.0,4.575176707849326e-37,0.0,2.6060036412282954e-21,3.335122855217437e-38,0.0,3.578996095846111e-36,1.5414283107572988e-44
TCN,42,20392,49,2,class_2,2,class_2,1,1.0,4.206118139046982e-27,4.328406030411937e-36,1.0,2.7143151253971707e-42,1.8783004615809848e-41,3.2650117013501815e-27,2.4158385524959846e-42,2.312652584619061e-28,1.8527159609889e-24,0.0,5.717297734445254e-43,1.6151503314953468e-36
TCN,42,20393,49,2,class_2,2,class_2,1,1.0,5.337763220229427e-26,2.102425762682686e-22,1.0,1.9837583889759383e-31,4.472944698124816e-42,9.680665800603674e-29,1.2611686178923354e-44,4.436685320535026e-20,1.5648448957795073e-33,0.0,2.47394766768974e-30,1.1213798362956826e-36
TCN,42,20394,49,2,class_2,2,class_2,1,1.0,3.4203623413418277e-25,5.476645859916074e-30,1.0,5.5184590875514194e-39,1.1768665022785544e-40,1.806504111871377e-28,0.0,5.6846488288670364e-24,9.871311156656087e-34,0.0,2.9395679120318963e-37,4.516313121529058e-34
TCN,42,20395,49,2,class_2,2,class_2,1,1.0,1.7689470231640174e-31,8.700383821791935e-32,1.0,1.9197788961249994e-43,0.0,7.383219832204026e-31,0.0,8.265918825040176e-22,1.5785542450087942e-36,0.0,1.659598336258224e-32,3.05841377240138e-39
TCN,42,20396,49,2,class_2,2,class_2,1,1.0,2.5567740798069034e-17,3.1195086400685145e-24,1.0,2.0840283904132286e-22,2.2204714626531145e-27,1.5653595711963051e-24,6.680180571266995e-34,9.468874766153169e-20,2.6839106859472576e-21,0.0,2.18842817727614e-31,3.810302413175727e-28
TCN,42,20397,49,2,class_2,2,class_2,1,1.0,5.961201161455277e-20,8.080751587350438e-23,1.0,8.440165805998677e-25,4.691648475487797e-30,5.224398330902568e-22,2.9500984534066066e-34,4.887380622645196e-19,1.732838827427696e-26,0.0,5.255645188149051e-28,5.30760292618873e-29
TCN,42,20398,49,2,class_2,2,class_2,1,1.0,1.0635019130328796e-19,1.1845469285697901e-24,1.0,2.1265161534747571e-32,5.555934364472258e-30,6.5988474730292e-21,4.35079157831878e-34,5.314211828706696e-20,1.2450348422151253e-27,0.0,3.9693015921504363e-29,2.6595758247722256e-26
TCN,42,20399,49,2,class_2,2,class_2,1,1.0,2.373492662614051e-19,3.3134761260269725e-23,1.0,3.0009115762300333e-28,2.721071233806047e-31,7.439113584060289e-23,1.9652901275194944e-38,4.5309961888282887e-20,3.684827066185678e-27,0.0,3.0972206521793444e-29,2.7559891874206128e-27
TCN,42,20400,49,3,class_3,3,class_3,1,0.9706584811210632,3.1129684430197813e-06,2.0953612109297914e-11,7.070495447805691e-13,0.9706584811210632,0.002520813373848796,4.846495858172421e-14,0.02681758813560009,3.674514512108651e-11,1.2964355609011713e-13,1.6143514303124107e-09,6.567052263414103e-16,3.403873294338666e-10
TCN,42,20401,49,3,class_3,3,class_3,1,1.0,5.368078932001812e-29,9.118418590989433e-23,2.432744427783813e-28,1.0,2.3784596236984904e-19,4.7985492483052484e-30,2.304671405635255e-15,9.962597095150858e-26,3.127402080893769e-28,8.791712510613535e-29,1.0118769723968699e-29,1.5846434703997598e-19
TCN,42,20402,49,3,class_3,3,class_3,1,1.0,1.0359548449376545e-16,1.3620161578854204e-18,3.0087741585207385e-21,1.0,1.1044429260032018e-10,7.111651742504529e-23,2.212953154057118e-09,3.3675999383674135e-20,3.617923865751559e-22,3.562108551352417e-20,1.4083978658461268e-23,5.483745480854463e-18
TCN,42,20403,49,3,class_3,3,class_3,1,0.9995512366294861,1.3642860170574866e-13,2.178413394495534e-14,1.5996268030874297e-14,0.9995512366294861,1.152103846352448e-11,6.623186936773658e-15,0.00044862314825877547,1.3352553654769062e-12,1.2943034434476607e-14,7.541013203693579e-15,2.0716575122850436e-15,1.3564347511874075e-07
TCN,42,20404,49,3,class_3,3,class_3,1,0.99972003698349,1.9975384380712659e-23,4.405949421547572e-20,4.670984375659098e-28,0.99972003698349,1.680541905083665e-18,2.7017501372135586e-28,2.8653731236414747e-15,8.159945649169937e-23,1.4038583815442506e-22,2.8901064057717424e-22,1.0029952334947122e-27,0.00027996156131848693
TCN,42,20405,49,3,class_3,3,class_3,1,1.0,8.470799185470913e-27,3.5244212555065437e-22,1.564947090319632e-32,1.0,5.4696877944983077e-17,6.473812895253046e-34,2.22905343427855e-18,8.204661980174463e-29,9.93040098602909e-30,2.2660844001358205e-24,4.9175292717673714e-33,1.0028985073596061e-17
TCN,42,20406,49,3,class_3,3,class_3,1,1.0,3.079232336810497e-21,1.620229220599285e-21,3.6123863698526607e-26,1.0,5.932283340830729e-18,2.8664909346496616e-31,1.8830539170101223e-18,1.2529315055063629e-24,1.3132850038786474e-26,1.7970227755107492e-24,4.0205183135976845e-30,5.353300442423346e-19
TCN,42,20407,49,3,class_3,6,class_6,0,0.9988264441490173,3.2781983794194502e-09,1.3458964845391996e-12,6.89172885426359e-10,0.001173517550341785,8.849999066917746e-10,5.122978430360803e-12,0.9988264441490173,4.887874549552862e-09,2.189332916346931e-11,5.928750871318778e-13,1.4116499852737108e-12,1.6607452912875686e-10
TCN,42,20408,49,3,class_3,6,class_6,0,0.9999854564666748,3.225147038321552e-09,1.0503387439311784e-12,8.297400960755041e-12,1.1179801731486805e-05,3.2816003567859298e-06,4.952043983208476e-12,0.9999854564666748,9.319202527724446e-12,3.967881118073155e-14,3.536058258200403e-15,1.5853681892665297e-14,4.3095618761958276e-13
TCN,42,20409,49,3,class_3,3,class_3,1,1.0,4.2311500647993123e-16,1.8327889272034105e-15,2.1077922332217883e-20,1.0,3.716413461696266e-12,9.027054740430652e-22,9.384837525161505e-12,1.0843840860458171e-16,3.069549793537303e-18,9.683588566428147e-13,8.828010770464029e-21,1.6895977672515272e-11
TCN,42,20410,49,3,class_3,3,class_3,1,0.9896436929702759,3.812703625039049e-12,1.7806400732562786e-15,9.905416737494496e-14,0.9896436929702759,8.911965783398035e-12,1.047179288803305e-16,0.010356258600950241,5.689821985961629e-13,3.377783693379714e-16,1.6876272582633418e-14,9.985352123464501e-18,2.4310967128293726e-10
TCN,42,20411,49,3,class_3,3,class_3,1,1.0,1.025185032978348e-20,3.3017071669799654e-21,2.7179761836618686e-26,1.0,4.292173196908044e-18,4.8873346187415e-30,7.45308737212032e-16,1.2723425522061158e-23,1.0453111052536316e-24,1.006352759798576e-22,3.8725046540720876e-29,2.3967165701892484e-15
TCN,42,20412,49,3,class_3,6,class_6,0,0.9986234903335571,1.4114616420091153e-10,9.125039049026618e-13,1.8504260623775082e-10,0.0013765405165031552,1.4833020367532868e-09,3.004973006537348e-12,0.9986234903335571,3.782834934185075e-09,4.469629961284527e-13,1.7073114569245845e-14,3.392651285773207e-13,3.690264760436435e-11
TCN,42,20413,49,3,class_3,3,class_3,1,1.0,7.679431069608083e-19,6.559704798535876e-18,3.0783028693375294e-22,1.0,1.8016514454909267e-14,8.246069538497441e-24,1.5024297778110096e-11,4.3172458684551386e-19,3.468447472204406e-20,9.024037970731406e-19,6.20926113124773e-23,1.3681024629147442e-12
TCN,42,20414,49,3,class_3,6,class_6,0,1.0,3.0004951016401513e-16,8.061723631227783e-23,1.4607896914328008e-18,1.1043864255174882e-13,5.6191135728786423e-14,5.619071828402529e-21,1.0,4.585685105780261e-19,1.6436790387074042e-22,2.180542197118304e-26,1.39656808798991e-24,6.556470703286553e-20
TCN,42,20415,49,3,class_3,6,class_6,0,0.9999902248382568,4.5169922913146365e-08,7.319972671624222e-14,1.8759431941878235e-12,3.2427376481791725e-06,6.544034931721399e-06,5.157500945415783e-13,0.9999902248382568,1.430843724753439e-12,3.610596183470892e-14,8.803703852890404e-15,1.077619561815036e-15,9.367429791920512e-13
TCN,42,20416,49,3,class_3,3,class_3,1,1.0,3.91738179726333e-18,2.449322532414683e-18,2.6680995001233473e-20,1.0,9.464966381185838e-14,3.4959937377082545e-22,4.4730090742461925e-09,2.4032682178350277e-18,8.48282636214109e-20,3.463489235290489e-20,4.688947821213388e-22,1.7371372022391266e-15
TCN,42,20417,49,3,class_3,3,class_3,1,1.0,4.4103085179728846e-21,1.692529148026842e-19,2.6690932023310165e-23,1.0,8.941705340569095e-13,1.8850112164738336e-23,5.791364277030198e-09,2.2735440414583564e-20,3.896267235712078e-24,4.3146407180458654e-21,2.711983885292245e-23,4.978229352334012e-18
TCN,42,20418,49,3,class_3,3,class_3,1,1.0,8.46221026248191e-34,3.4588161057239246e-27,1.4740836912555722e-34,1.0,1.6667433436465854e-23,1.5772833906159164e-37,1.5245573817044312e-21,6.988159220581931e-31,1.3137663737770708e-33,3.089156836164342e-32,2.026223590186452e-36,8.603195232216589e-23
TCN,42,20419,49,3,class_3,3,class_3,1,1.0,3.846256395601277e-28,1.2451893287596844e-23,8.131067382174565e-29,1.0,2.0751615736437052e-20,1.4470477693438809e-31,1.0190154697768791e-15,5.629634975887797e-26,1.718250418470398e-28,6.957607294856037e-28,5.500784119192695e-31,5.471393399562361e-19
TCN,42,20420,49,3,class_3,3,class_3,1,0.9988805651664734,2.6993385825180294e-12,1.1623171602438958e-14,8.288825219726279e-14,0.9988805651664734,6.262798981672424e-14,1.002302813241476e-18,0.0011193851241841912,9.06085449725591e-12,1.3937964416519191e-14,3.1183494659761017e-15,7.791301431342198e-20,5.765894706133423e-11
TCN,42,20421,49,3,class_3,3,class_3,1,1.0,3.583486438713809e-16,2.9728633400729706e-18,3.4547802512865277e-20,1.0,1.6901833072366238e-16,1.1916892752056611e-25,1.7367531024437e-11,1.408055373995516e-21,1.4228276464155572e-22,7.258510682946385e-21,8.426645315565892e-27,1.0114398585595429e-16
TCN,42,20422,49,3,class_3,3,class_3,1,1.0,8.300325024975827e-23,3.1600527773810725e-23,2.926769773384687e-28,1.0,5.004170580487952e-22,6.105174996975922e-35,1.2356108627708592e-18,4.8217424101238086e-30,2.94517927881009e-30,9.926472119035196e-28,8.400605375839353e-37,4.992542291117564e-21
TCN,42,20423,49,3,class_3,3,class_3,1,0.9999995231628418,4.61730154978357e-13,1.6090801651172382e-13,7.8876309441713e-15,0.9999995231628418,4.951495078753601e-14,2.6404982925400427e-19,5.301063765728031e-07,7.055503235689833e-14,1.0905235793708633e-15,1.5154761126567884e-14,5.785381337317717e-19,9.957310670438702e-11
TCN,42,20424,49,3,class_3,6,class_6,0,1.0,1.8901240103029967e-30,1.3705721368456282e-36,2.935095521849731e-23,3.1421086625050423e-29,3.867333626210956e-31,5.599639782809948e-37,1.0,1.0877635377715597e-26,2.902361812297854e-38,0.0,5.605193857299268e-45,1.1306707761128719e-21
TCN,42,20425,49,3,class_3,3,class_3,1,1.0,2.726568661252333e-23,1.0898283503760966e-25,2.185951175580087e-30,1.0,2.8913789330751725e-22,5.870386789075811e-37,1.469086823502242e-20,8.084622191543597e-34,4.764690320779107e-32,2.099028615743561e-29,8.88000034245708e-40,3.7180585873989487e-23
TCN,42,20426,49,3,class_3,3,class_3,1,1.0,7.147595642378672e-26,1.5401440514432714e-25,8.516950279334818e-32,1.0,5.551708460701188e-26,2.1318794316852037e-40,9.413643631653336e-24,3.581962023639607e-35,1.775183584565076e-34,2.0935796833854798e-32,1.639519203260036e-42,1.3267966935819586e-24
TCN,42,20427,49,3,class_3,3,class_3,1,1.0,1.0593023853922023e-13,2.2543085206574087e-15,1.6749651691991182e-16,1.0,9.168858062385838e-15,1.206116170910761e-21,1.431056384504359e-09,1.326645871879261e-15,1.7905287196943296e-17,3.071743542696243e-16,6.446698343004511e-21,2.5533316780346205e-11
TCN,42,20428,49,3,class_3,3,class_3,1,1.0,1.9848545260003015e-25,1.3277579205949704e-25,4.658066106517573e-31,1.0,1.0153390962872733e-26,8.136894569422557e-38,2.8729016649732342e-19,5.3929085324199935e-31,8.743475563902118e-31,5.336426499060723e-31,1.8967180075572987e-38,1.1446023838262437e-19
TCN,42,20429,49,3,class_3,3,class_3,1,1.0,7.75993813926013e-35,1.2518663363446466e-31,3.027121376394542e-39,1.0,1.1682739686078578e-33,0.0,5.8366418149195896e-24,5.3355279808246005e-40,5.21002769035967e-42,5.357864678345938e-41,0.0,3.720321184688757e-27
TCN,42,20430,49,3,class_3,3,class_3,1,0.9999853372573853,1.2760926755388258e-13,5.6235953089058596e-15,6.424157805212302e-16,0.9999853372573853,1.9479020176363382e-14,1.9268261178279264e-20,1.4623251445300411e-05,1.0024645942182959e-14,1.1110364409523167e-16,1.901195228614329e-16,1.6123135504625822e-21,3.1859022798369496e-12
TCN,42,20431,49,3,class_3,6,class_6,0,0.9999974966049194,9.744213662137794e-15,6.190675290884023e-17,7.659902578763603e-14,2.5541792183503276e-06,2.7547731890759097e-12,1.0660924095498605e-16,0.9999974966049194,1.2455636565558703e-12,1.4376958882010197e-16,8.108318401103146e-20,4.139764341864536e-18,5.892209897079281e-12
TCN,42,20432,49,3,class_3,3,class_3,1,1.0,5.9010916007022735e-18,1.678409950452386e-19,1.1839653605889385e-22,1.0,1.7017427509785522e-18,1.1155476146320474e-28,2.0876624539332977e-13,3.292710782646659e-23,2.1673089568256082e-24,1.122882333462963e-21,1.873792613380243e-29,1.7164977092320587e-17
TCN,42,20433,49,3,class_3,3,class_3,1,0.9999618530273438,1.829977921313005e-14,2.6156409174948317e-16,3.531590384396763e-17,0.9999618530273438,1.313725950941036e-11,3.5801059335300394e-19,3.8111789763206616e-05,5.39573031708377e-15,1.141155046584883e-17,5.1860293644803983e-17,2.3505870297884345e-20,4.610948012295779e-10
TCN,42,20434,49,3,class_3,3,class_3,1,1.0,3.92827308524798e-27,2.7324001311417578e-30,6.641833511902524e-35,1.0,4.5997197484466214e-26,1.4909815660416054e-42,1.6513212707216957e-22,2.2835538755160254e-38,1.990325238231256e-36,1.834150871958084e-32,1.401298464324817e-45,3.8400110862741153e-28
TCN,42,20435,49,3,class_3,3,class_3,1,1.0,6.827696763794155e-20,1.2793083265278494e-21,1.9791612921954182e-25,1.0,9.41183575153275e-19,3.7636955555136466e-30,8.562818852938273e-17,1.1695285749346698e-23,4.489351008058055e-24,2.7709430338041013e-23,1.8145968995903476e-30,5.955559802912555e-14
TCN,42,20436,49,3,class_3,3,class_3,1,1.0,7.338937506379186e-16,3.460031103342135e-19,8.631112704107998e-21,1.0,3.0071884618684732e-15,9.342371848455557e-26,5.941768778383594e-12,2.412476244991642e-22,4.8959352039770293e-23,3.2209938474094317e-21,8.81794921350468e-28,1.4590146486922264e-16
TCN,42,20437,49,3,class_3,3,class_3,1,1.0,4.568908813640952e-25,4.4482509604655876e-24,1.7283195639010105e-30,1.0,1.5432978138043512e-23,3.22624308557817e-37,5.231834701775033e-23,4.076592309357898e-31,2.830385390565285e-30,1.9200668117834135e-28,2.731492522232557e-38,2.639381598713096e-19
TCN,42,20438,49,3,class_3,3,class_3,1,1.0,9.905234137655387e-24,2.4769498783297915e-23,1.3771602808583978e-28,1.0,3.6819384609289605e-24,2.446397172574963e-35,3.8868798223681665e-19,9.506693539461637e-28,6.778953218389816e-29,4.995879994295978e-27,1.3254434924420183e-35,5.2293737940142995e-18
TCN,42,20439,49,3,class_3,3,class_3,1,1.0,8.779348478197616e-21,3.419182162040267e-21,5.318132909641068e-25,1.0,1.7676203455404644e-21,3.1692632496898284e-31,3.874970328198715e-15,3.6555834069464318e-25,2.4150586805120532e-26,6.708941031123894e-25,3.494869307395848e-32,8.25100336030518e-18
TCN,42,20440,49,4,class_4,4,class_4,1,1.0,7.803237663504565e-15,1.4617123903957162e-14,6.049519874498006e-25,2.902022426618661e-13,1.0,5.889545752319947e-21,6.028511494876677e-17,7.284903662205793e-25,6.81771459615449e-24,3.3503890173270864e-14,8.197330556329266e-24,8.571134839555801e-21
TCN,42,20441,49,4,class_4,4,class_4,1,1.0,9.07836360340003e-16,7.965074791257256e-21,8.4097367309805e-31,9.292761741980889e-24,1.0,5.51109587984434e-24,1.7023439610342748e-21,2.418483142240541e-30,7.870685866665164e-29,4.226332321410511e-21,1.3765509647722423e-28,5.120648994441861e-31
TCN,42,20442,49,4,class_4,4,class_4,1,1.0,7.610509038290594e-14,2.0907217675321908e-14,2.0750803096108704e-22,7.807417906624536e-12,1.0,2.0515807223313498e-19,7.276112627989037e-14,2.3555407834480545e-21,4.685338801504664e-21,5.5235260809638476e-12,3.4841315416131375e-22,6.747662515885675e-20
TCN,42,20443,49,4,class_4,4,class_4,1,1.0,8.56786569899037e-21,3.166549489959852e-20,1.6022650365223818e-34,1.783937150814943e-23,1.0,1.7297535646939854e-27,4.295052576460929e-27,1.6128826332265315e-31,4.039533204256134e-31,6.006786568025191e-20,1.1922175212042608e-31,4.5121059886030887e-29
TCN,42,20444,49,4,class_4,4,class_4,1,1.0,1.922159955803363e-16,7.68436258635069e-13,3.8638191433571387e-26,9.292502540462788e-19,1.0,6.097916022134393e-19,4.155622111527865e-21,1.0337050286286127e-23,1.5036812980302425e-24,5.8116294234162626e-15,3.162909597706285e-24,9.289470772056488e-23
TCN,42,20445,49,4,class_4,4,class_4,1,1.0,7.108250793530502e-11,2.4570574185824555e-14,1.3272339110612074e-21,7.961636905307046e-11,1.0,3.259984710026545e-19,2.9179264358209205e-15,2.4586705764497402e-21,2.5267253378488733e-18,1.219429288448759e-12,2.0572940846716477e-19,6.502250177356438e-19
TCN,42,20446,49,4,class_4,4,class_4,1,1.0,1.7744772732902932e-14,1.4120651870008771e-10,6.021994816730733e-21,7.249574746938381e-13,1.0,4.2156492295156606e-17,1.886746408251167e-14,1.7982000495638135e-19,2.222996520565404e-20,5.631441979403462e-10,2.287560487691097e-19,8.213471797769389e-19
TCN,42,20447,49,4,class_4,4,class_4,1,1.0,9.524469598697505e-15,8.942053979330185e-15,6.517080691250894e-25,1.4064339191150691e-14,1.0,1.4062894362839756e-21,2.092476609364154e-18,1.3209693583535684e-23,4.546990723597057e-22,9.049156552125986e-14,8.014781863528319e-22,4.68619425489206e-22
TCN,42,20448,49,4,class_4,4,class_4,1,1.0,1.42058849313508e-21,3.1312967734645067e-26,1.934940945508994e-40,1.0145183419821732e-26,1.0,5.4739612776726094e-34,9.483176731134454e-30,4.0015634995856463e-36,4.002901979098069e-31,1.1267397496935235e-21,1.238918699533881e-34,1.9826710002776988e-29
TCN,42,20449,49,4,class_4,4,class_4,1,1.0,3.0987614996535887e-26,1.4252283137335786e-30,0.0,2.7311351258348563e-33,1.0,1.8861477329812038e-42,3.4892331761687945e-43,0.0,2.0780135187165577e-40,1.3623164647015249e-27,2.3777232342663496e-41,1.401298464324817e-45
TCN,42,20450,49,4,class_4,0,class_0,0,0.50655198097229,0.50655198097229,8.722616406942052e-09,7.521387956899162e-09,0.004901539068669081,0.4884784519672394,9.014276436403179e-09,1.461506826672121e-07,1.5939459530045497e-08,7.559381742794358e-08,6.771661719540134e-05,2.1327279497995733e-08,4.256948571423891e-08
TCN,42,20451,49,4,class_4,4,class_4,1,1.0,1.1651609886610074e-14,4.2181973110852825e-14,5.31704043589495e-24,4.1059790658638795e-13,1.0,2.886973428909439e-20,5.452985085636951e-15,7.752022519636531e-24,2.4868697056053326e-25,6.955898090323358e-16,3.4466081750668384e-26,2.991869462545253e-21
TCN,42,20452,49,4,class_4,4,class_4,1,1.0,3.703716666692003e-09,4.506449435837112e-09,1.8748908851351427e-17,1.1516734232941417e-08,1.0,4.009026251705801e-14,2.5096558164960925e-10,2.470703204066017e-15,1.5683312650269883e-15,3.295360428978711e-09,4.816062049080869e-15,6.210367642237383e-14
TCN,42,20453,49,4,class_4,4,class_4,1,1.0,2.3020313086319355e-11,8.403158436336757e-17,5.3872958359113e-23,1.19184650755437e-13,1.0,5.328398622446834e-21,7.13961258826567e-18,1.2830917892573559e-20,1.8424237100503126e-19,2.37790445970984e-13,7.377316921805014e-21,5.296818538792243e-23
TCN,42,20454,49,4,class_4,4,class_4,1,1.0,1.1519203390361176e-14,2.102371776828865e-20,2.786977785411792e-26,3.777789973462433e-16,1.0,2.015019704199338e-25,4.0233659676079115e-18,2.686977031574594e-26,3.913930299766139e-26,2.6246712254946062e-20,8.472378640618305e-28,3.7024943919375196e-28
TCN,42,20455,49,4,class_4,4,class_4,1,1.0,2.089224631503963e-16,6.2402553878614425e-21,2.6239543590792463e-32,2.007852902875405e-25,1.0,6.86759663777433e-24,3.58006418093079e-27,6.708393404499787e-28,4.862351265317327e-26,4.5717846457790375e-18,3.891967765052325e-27,1.1271656666509418e-28
TCN,42,20456,49,4,class_4,4,class_4,1,1.0,8.495762145004082e-13,1.272256768252572e-13,2.0343701644094176e-22,2.7907478845207168e-12,1.0,8.149239284500085e-20,7.355974912368716e-17,1.0088334171022793e-19,1.6098443290924062e-18,2.4285258248823993e-09,8.541641540331812e-18,1.6760180543136124e-18
TCN,42,20457,49,4,class_4,4,class_4,1,1.0,1.2790575265597681e-09,1.6233253663347845e-25,6.957577202200656e-29,1.7547529260819297e-23,1.0,1.1237131743901163e-22,1.0131783630037827e-22,6.765709927053926e-26,3.686521821674385e-23,3.6862585062151096e-21,3.799031106546985e-25,7.696922599014749e-31
TCN,42,20458,49,4,class_4,3,class_3,0,0.6001651883125305,3.882638210939149e-08,3.208802183962689e-07,7.651191312463279e-12,0.6001651883125305,0.39934399724006653,3.1573249331846853e-13,4.465071924641961e-06,3.034856047023915e-11,5.869681910658509e-13,0.00048596897977404296,3.9671152647635655e-12,2.2290817802694818e-10
TCN,42,20459,49,4,class_4,4,class_4,1,0.9998700618743896,3.443120233370678e-10,3.559288863641541e-09,3.508389926978341e-15,3.211652810364285e-08,0.9998700618743896,1.4066623300196257e-13,2.732213622014257e-10,1.600766638383891e-13,1.9636434134533837e-13,0.00012994333519600332,9.229780568303925e-14,7.400672956403564e-12
TCN,42,20460,49,4,class_4,4,class_4,1,1.0,3.790092290576266e-14,1.3482304388072661e-24,1.2979101488459282e-34,2.0999802307676285e-23,1.0,7.067901450911205e-28,1.5106593890345045e-26,6.613539713001061e-36,1.312551067636638e-30,1.5716053034576826e-25,8.266913080023317e-33,1.3485190083523076e-31
TCN,42,20461,49,4,class_4,4,class_4,1,1.0,2.0624675224446896e-16,5.681282562169232e-26,3.4169149829585397e-35,2.8779728415252294e-24,1.0,5.4750584723447234e-30,4.3073912392426404e-27,3.0702597330474575e-36,1.4812066900813185e-29,1.0245857965642578e-22,1.8038817179369675e-34,3.01840236182041e-32
TCN,42,20462,49,4,class_4,4,class_4,1,1.0,2.304335927648583e-16,7.115975551218027e-28,2.3769775192755745e-37,3.3392507866425376e-21,1.0,7.12527443587265e-33,2.3510360313729583e-27,3.3953279621789955e-38,9.316435137929353e-32,5.91976748060462e-23,1.393953203054768e-34,1.1019338888109962e-34
TCN,42,20463,49,4,class_4,4,class_4,1,1.0,2.7347288984644937e-20,2.309294966502265e-27,1.5414283107572988e-44,2.855175343910002e-30,1.0,6.894674425952854e-35,1.2233083871025754e-34,1.9911049879591326e-41,1.1218956287814314e-32,5.572045419083378e-22,1.4696145168350436e-34,1.4227624331625732e-37
TCN,42,20464,49,4,class_4,4,class_4,1,1.0,5.17817875872278e-18,2.3189856140366585e-29,9.230072724814705e-41,1.4847318941959317e-28,1.0,3.4433498879248026e-33,1.7905695658381417e-32,1.5804445237696482e-38,1.7186869989530843e-31,8.149875050853886e-24,1.5639138675194575e-33,7.327050555726102e-38
TCN,42,20465,49,4,class_4,4,class_4,1,1.0,1.7087215962584797e-19,2.650886706790491e-25,3.3214360928566836e-38,5.779617568658841e-22,1.0,4.036971596354181e-33,7.579045906305251e-29,2.907326052237571e-38,1.2220501719285888e-32,1.2400887908047969e-23,2.052144517709452e-34,1.3642052751674205e-33
TCN,42,20466,49,4,class_4,4,class_4,1,1.0,2.151436157455137e-16,2.71285979403224e-18,6.892472187796112e-33,2.3103683613392413e-21,1.0,3.0501946309111958e-27,3.862610583798437e-26,5.560890554283856e-32,1.3693234311734431e-28,2.7280577150970283e-22,4.671992118502499e-27,2.4986127923506074e-33
TCN,42,20467,49,4,class_4,4,class_4,1,1.0,1.968760224291266e-12,5.0661002964411226e-20,7.89362399322937e-30,9.868628214862746e-21,1.0,1.3514186004341942e-23,5.83920285184839e-24,1.0077408211741796e-27,2.4283385338560813e-22,3.437028089386436e-16,1.627326015251045e-23,1.2222644145563796e-25
TCN,42,20468,49,4,class_4,4,class_4,1,1.0,1.961538146944301e-15,9.120793933216587e-21,1.2253804502802241e-29,1.27416652660378e-19,1.0,4.300186181246292e-26,1.3050438217771921e-20,4.5689321314766416e-30,1.4174675525152532e-25,1.0128056288766384e-18,1.1131252040221214e-27,5.28999992649703e-28
TCN,42,20469,49,4,class_4,4,class_4,1,0.9999998807907104,1.1128736820964491e-10,1.835979805686616e-11,3.113370048378818e-19,9.572382708711302e-08,0.9999998807907104,1.3594368432993575e-17,3.2633417452673785e-13,6.1422288113318944e-18,1.4791045496654243e-16,1.87933526518691e-08,1.3780304903497327e-16,4.865031141344008e-15
TCN,42,20470,49,4,class_4,4,class_4,1,1.0,3.8696444803298585e-19,4.460380781567105e-25,2.1707306894475267e-35,1.2414554282281438e-25,1.0,8.210628794201214e-32,8.284328914918391e-28,2.733204987428676e-36,2.447850376547812e-30,2.679100060685926e-23,2.2612902174821803e-33,3.404142743221064e-33
TCN,42,20471,49,4,class_4,4,class_4,1,1.0,1.8972274306240197e-20,1.1981586248817655e-23,3.157475652636017e-37,4.1651082711982307e-23,1.0,5.295532160262283e-28,2.6508442540515497e-19,3.5803175763499076e-42,6.447379839552341e-38,3.340305812155379e-30,2.190840967593279e-32,2.952006173512875e-38
TCN,42,20472,49,4,class_4,4,class_4,1,0.9999998807907104,6.695255905242448e-08,2.501899245288089e-21,6.283987715988782e-23,2.3548188266071433e-16,0.9999998807907104,1.758444952890545e-23,2.497373815179508e-14,6.1641102040208625e-24,7.212200039312066e-20,1.2503896076368554e-19,4.472957689586657e-24,1.2887006283165729e-24
TCN,42,20473,49,4,class_4,4,class_4,1,0.9800816178321838,2.8888673568872036e-06,7.873163454519272e-09,1.370077107321066e-10,1.9475704903015867e-05,0.9800816178321838,1.2127385762283893e-09,0.019895972684025764,1.7561603213311905e-13,1.3124282544530082e-14,3.697396935061631e-13,1.3092654334279606e-14,6.259027042314347e-13
TCN,42,20474,49,4,class_4,4,class_4,1,1.0,1.9484247600492692e-18,1.4216672004695409e-21,5.69082184788883e-35,3.609830026646247e-23,1.0,3.7767997784575173e-29,1.0367753706437838e-27,1.1586381750912286e-34,1.6440934188340842e-29,2.7204209356893137e-21,6.341322765341393e-31,1.1933237789378196e-30
TCN,42,20475,49,4,class_4,0,class_0,0,0.8264166116714478,0.8264166116714478,3.5507452558678345e-29,9.558324370152556e-26,2.5715279730653713e-19,0.17358335852622986,1.8242956691565027e-24,3.746456633353819e-23,3.284890939587559e-30,2.1978596261985628e-18,2.4228467997782947e-23,5.124662800483352e-25,1.182190809238922e-28
TCN,42,20476,49,4,class_4,0,class_0,0,1.0,1.0,3.1846616930397226e-34,3.862244256515575e-25,1.1184366299192497e-28,1.3288512512588113e-08,6.015048625092111e-25,1.2174555494856244e-28,1.3307702485366006e-32,4.214579328908225e-21,2.247199509393524e-30,9.23866379503121e-28,8.813405102171519e-29
TCN,42,20477,49,4,class_4,4,class_4,1,1.0,7.405885800448875e-12,2.7618288515537937e-13,1.70152586809935e-21,1.4413596184648103e-12,1.0,1.031230353238221e-18,7.536833096098879e-15,6.953512267822856e-23,1.0148311389340136e-20,4.411416198969124e-15,1.4061874523461486e-21,7.56786734631198e-21
TCN,42,20478,49,4,class_4,4,class_4,1,1.0,4.22081342099645e-10,1.9770926585458717e-26,4.771804588914436e-31,9.687630012393792e-25,1.0,1.0858191188997064e-26,2.990490995228186e-27,1.1252939462154601e-33,6.19137382855098e-25,4.062823304049826e-23,2.8428417186388016e-29,1.5809454861497187e-30
TCN,42,20479,49,4,class_4,4,class_4,1,1.0,7.750550520119453e-15,1.889415514947084e-17,1.0070260122753202e-27,8.882079599741607e-16,1.0,3.94960054379226e-24,6.113381197661837e-19,1.1211802711994249e-26,1.1352422345249585e-23,5.0532996298709165e-14,2.736873038497647e-24,2.805978239871139e-25
TCN,42,20480,49,5,class_5,5,class_5,1,1.0,3.871733109357071e-23,5.599064738028787e-29,2.712398483505454e-30,0.0,1.692106291250139e-38,1.0,0.0,6.0886090931592035e-37,1.2565605789951073e-30,0.0,4.361058394327805e-20,2.8583582939730644e-37
TCN,42,20481,49,5,class_5,5,class_5,1,1.0,4.41963992530187e-28,3.413326674872527e-31,5.289806886686845e-25,0.0,1.401298464324817e-45,1.0,0.0,3.331819781739657e-36,5.184804318001823e-44,0.0,2.6448975541806716e-32,0.0
TCN,42,20482,49,5,class_5,5,class_5,1,1.0,1.826498403734231e-32,5.021526632696691e-25,3.66372165058338e-33,0.0,0.0,1.0,0.0,3.66641416114594e-36,1.7095841264762768e-43,0.0,8.070023394583794e-25,0.0
TCN,42,20483,49,5,class_5,5,class_5,1,1.0,1.2923905947268152e-28,1.4812861949643085e-36,6.683101334650467e-37,0.0,0.0,1.0,0.0,1.401298464324817e-45,1.8188713937089693e-40,0.0,1.9938537957402804e-26,0.0
TCN,42,20484,49,5,class_5,5,class_5,1,1.0,1.5478738381433572e-22,2.354991635283825e-22,1.5296097693152972e-26,0.0,9.013751293532765e-34,1.0,0.0,1.3560045798882309e-30,2.7650909699314873e-32,7.463315620993976e-42,5.129947718361191e-19,1.0688008040901912e-35
TCN,42,20485,49,5,class_5,5,class_5,1,1.0,4.701938878526054e-20,2.9643093635765703e-21,2.601626595712756e-26,0.0,3.1294043952535327e-22,1.0,1.2611686178923354e-44,1.6260001796935722e-28,1.1443025978442613e-24,3.5667372687635963e-32,2.00329734987132e-21,1.2213418631138215e-32
TCN,42,20486,49,5,class_5,5,class_5,1,1.0,8.162322441601347e-31,9.980749359664011e-17,5.870531525926917e-26,0.0,9.971541781242896e-39,1.0,0.0,1.2166995016118309e-27,5.677921247597726e-41,8.183583031656932e-43,5.170342463189759e-18,2.5629748912500904e-42
TCN,42,20487,49,5,class_5,5,class_5,1,1.0,0.0,0.0,0.0,0.0,0.0,1.0,0.0,0.0,0.0,0.0,0.0,0.0
TCN,42,20488,49,5,class_5,5,class_5,1,1.0,7.817636512100212e-13,2.706044277545061e-10,1.9460005980763417e-13,2.950240201136194e-37,4.7668325934481226e-18,1.0,2.5475715351316306e-34,1.2517088935054527e-16,2.3376877267809213e-24,1.2224241440985449e-23,4.259800689965232e-08,8.927941498992215e-23
TCN,42,20489,49,5,class_5,5,class_5,1,1.0,0.0,1.4285939826844505e-35,0.0,0.0,0.0,1.0,0.0,1.1042231898879559e-42,0.0,0.0,1.3260746881569726e-29,0.0
TCN,42,20490,49,5,class_5,5,class_5,1,1.0,2.7493107616904933e-12,1.4273634718620087e-08,1.5688303520861036e-12,1.4091430466669142e-33,7.689317449571255e-17,1.0,1.2723762442283588e-31,1.9195660497512947e-16,2.561608537411938e-23,1.807487488735049e-23,1.6026490134990468e-09,1.1159852405270816e-22
TCN,42,20491,49,5,class_5,5,class_5,1,1.0,0.0,4.9213602067087576e-42,0.0,0.0,0.0,1.0,0.0,0.0,0.0,0.0,3.2666712502862896e-33,0.0
TCN,42,20492,49,5,class_5,5,class_5,1,1.0,4.701938878526054e-20,2.9643093635765703e-21,2.601626595712756e-26,0.0,3.1294043952535327e-22,1.0,1.2611686178923354e-44,1.6260001796935722e-28,1.1443025978442613e-24,3.5667372687635963e-32,2.00329734987132e-21,1.2213418631138215e-32
TCN,42,20493,49,5,class_5,5,class_5,1,1.0,5.793838173985544e-13,3.304019002836611e-10,1.378499788954159e-14,3.8009239935885636e-40,8.247156143276197e-20,1.0,2.4648839987473532e-42,3.924907817348582e-17,5.242520690483247e-24,2.0161553326429058e-27,1.2292390141801363e-13,1.0999510935812745e-20
TCN,42,20494,49,5,class_5,5,class_5,1,0.8991431593894958,2.4574185510795174e-15,1.1319536887682835e-13,3.3051409831528827e-15,6.179726227672443e-43,4.1800196986819527e-22,0.8991431593894958,6.863013371861867e-40,2.601666197354116e-16,2.5228316556030626e-25,7.890993895149066e-30,0.10085691511631012,1.8193088075699125e-29
TCN,42,20495,49,5,class_5,5,class_5,1,1.0,0.0,2.4273726401558422e-39,2.5223372357846707e-44,0.0,0.0,1.0,0.0,0.0,0.0,0.0,1.6724852119496666e-34,0.0
TCN,42,20496,49,5,class_5,5,class_5,1,1.0,1.3248641678532137e-17,9.046078152714493e-23,6.877844039540764e-25,0.0,5.784088131893413e-32,1.0,0.0,7.310329026181853e-30,2.998191286850434e-26,1.8815269512950927e-38,1.3899821675871383e-14,3.1041145786005893e-30
TCN,42,20497,49,5,class_5,5,class_5,1,1.0,2.14289558227218e-29,1.8172449028006032e-28,8.823344351244586e-33,0.0,8.008350658693113e-40,1.0,0.0,1.2236285046563364e-37,1.049251753324447e-36,0.0,3.773466589799101e-25,1.1770907100328463e-43
TCN,42,20498,49,5,class_5,5,class_5,1,1.0,1.6931686319831098e-34,2.825804918276628e-27,1.5859074127410906e-34,0.0,1.2471556332490872e-42,1.0,0.0,3.801608653220521e-34,1.538625713828649e-42,0.0,1.9217150463711437e-21,0.0
TCN,42,20499,49,5,class_5,5,class_5,1,1.0,0.0,1.401298464324817e-45,0.0,0.0,0.0,1.0,0.0,0.0,0.0,0.0,0.0,0.0
TCN,42,20500,49,5,class_5,5,class_5,1,1.0,0.0,8.797457118739098e-35,0.0,0.0,0.0,1.0,0.0,0.0,0.0,0.0,1.0881082575482205e-41,0.0
TCN,42,20501,49,5,class_5,5,class_5,1,1.0,9.91218419944561e-25,7.044035286603353e-33,7.011680392344145e-32,0.0,1.1210387714598537e-44,1.0,0.0,2.036176351765676e-39,1.0711084688225514e-32,0.0,9.428963341987164e-22,6.24502673610998e-41
TCN,42,20502,49,5,class_5,5,class_5,1,1.0,0.0,3.8895012353988576e-36,0.0,0.0,0.0,1.0,0.0,1.0646925602093528e-40,0.0,0.0,2.3976463324774087e-25,0.0
TCN,42,20503,49,5,class_5,5,class_5,1,1.0,9.113092225288e-13,7.163567516954572e-10,1.3940802722281487e-12,5.049032509793392e-40,2.2640153085426577e-20,1.0,2.9332469909709585e-39,5.82589343839569e-18,2.7944568316870775e-22,3.9001554710248982e-28,4.719541056554465e-16,1.4231010421288062e-19
TCN,42,20504,49,5,class_5,5,class_5,1,1.0,8.668432300313318e-42,6.459293497598956e-31,2.1982169009863405e-41,0.0,6.445972935894159e-44,1.0,0.0,5.044674471569341e-44,0.0,0.0,6.08138522934632e-31,0.0
TCN,42,20505,49,5,class_5,5,class_5,1,1.0,2.315908310595555e-22,1.3325058617608298e-27,1.5933951487000685e-28,0.0,8.738942275921829e-38,1.0,0.0,1.128762825452962e-34,8.039920941997116e-30,0.0,9.651658158578719e-19,1.3420091810192925e-35
TCN,42,20506,49,5,class_5,5,class_5,1,1.0,0.0,0.0,0.0,0.0,0.0,1.0,0.0,0.0,0.0,0.0,2.938920409005811e-35,0.0
TCN,42,20507,49,5,class_5,5,class_5,1,1.0,3.9597857635978403e-23,1.1247185896932531e-26,3.630493982449089e-28,0.0,5.778053103287783e-37,1.0,0.0,2.921027697509054e-34,7.555605533322735e-29,0.0,1.1283317896449396e-20,5.67926595781853e-34
TCN,42,20508,49,5,class_5,5,class_5,1,1.0,4.918266103287757e-16,5.296313484079549e-38,1.3822264264115717e-31,0.0,9.388699710976274e-42,1.0,0.0,3.004383907512408e-42,6.63890262796039e-33,0.0,1.730168006550957e-21,0.0
TCN,42,20509,49,5,class_5,5,class_5,1,1.0,7.353818367501259e-31,2.3278923882516962e-37,8.200337516615785e-38,0.0,0.0,1.0,0.0,2.802596928649634e-45,5.048107652806937e-40,0.0,3.934923392220171e-24,0.0
TCN,42,20510,49,5,class_5,5,class_5,1,1.0,9.91218419944561e-25,7.044035286603353e-33,7.011680392344145e-32,0.0,1.1210387714598537e-44,1.0,0.0,2.036176351765676e-39,1.0711084688225514e-32,0.0,9.428963341987164e-22,6.24502673610998e-41
TCN,42,20511,49,5,class_5,5,class_5,1,0.9999984502792358,1.4613418114484134e-11,4.858702884469324e-10,8.888693600606068e-12,4.576156896080948e-33,3.0805394504578867e-16,0.9999984502792358,4.0915737497602575e-31,2.2794225816753777e-14,3.72647870947208e-20,1.0003583862711766e-20,1.5245492477333755e-06,3.460418408045743e-21
TCN,42,20512,49,5,class_5,5,class_5,1,1.0,2.315908310595555e-22,1.3325058617608298e-27,1.5933951487000685e-28,0.0,8.738942275921829e-38,1.0,0.0,1.128762825452962e-34,8.039920941997116e-30,0.0,9.651658158578719e-19,1.3420091810192925e-35
TCN,42,20513,49,5,class_5,5,class_5,1,1.0,0.0,1.3630283171883782e-35,4.344025239406933e-44,0.0,0.0,1.0,0.0,0.0,0.0,0.0,4.222519338869648e-33,0.0
TCN,42,20514,49,5,class_5,5,class_5,1,1.0,3.824722369213635e-19,2.3697936660110786e-18,2.9612930220079144e-20,0.0,1.061356106306597e-30,1.0,0.0,1.4172326157353973e-21,1.6000656792848266e-27,3.715122488617955e-41,1.2977059259892476e-21,6.116534594472662e-25
TCN,42,20515,49,5,class_5,5,class_5,1,0.9612633585929871,0.0025605186820030212,0.03534794971346855,0.0007327139028348029,2.264642466609512e-12,1.2164687177573796e-06,0.9612633585929871,1.764186344753449e-12,1.2661736036534421e-05,3.3134366361764478e-09,2.6572993805373812e-11,8.15272142062895e-05,7.070562446642725e-08
TCN,42,20516,49,5,class_5,5,class_5,1,1.0,7.729732465898606e-23,9.038332221482944e-27,1.962169264320511e-35,0.0,2.1019476964872256e-44,1.0,0.0,1.0276429014358675e-37,1.3131708039034293e-40,0.0,1.499851803058106e-20,0.0
TCN,42,20517,49,5,class_5,1,class_1,0,1.0,1.063981569335563e-25,1.0,2.3333489918022057e-24,7.378352721354333e-30,1.1510438460513472e-18,8.756152469757694e-10,5.47520160053688e-31,4.38809309651631e-27,1.7594005066066233e-35,7.529578116423823e-26,3.2666273176965795e-22,4.2841035684305905e-28
TCN,42,20518,49,5,class_5,5,class_5,1,1.0,4.696687547807399e-27,8.349754047898283e-12,1.2805371137589425e-31,0.0,1.7656360650492695e-42,1.0,0.0,1.2403707598909044e-26,0.0,0.0,1.2328431732520212e-13,7.707141553786494e-44
TCN,42,20519,49,5,class_5,5,class_5,1,1.0,5.105233943925036e-11,3.6674030515894765e-16,1.2048978622562073e-13,0.0,6.897636303272965e-23,1.0,1.0930128021733573e-43,1.2086879949886364e-18,1.2676451606702084e-20,1.8779984569358466e-31,2.638232243345334e-13,6.232448971804669e-22
TCN,42,20520,49,6,class_6,3,class_3,0,0.9987066984176636,1.99604297534961e-08,2.4816159543972205e-11,4.392338475898115e-14,0.9987066984176636,8.720943696971517e-06,2.84306269932727e-13,0.0012832332868129015,4.252639906887623e-10,1.138717852650073e-11,4.321379378779966e-07,2.9508868764314966e-13,8.527957220394455e-07
TCN,42,20521,49,6,class_6,6,class_6,1,0.6955733895301819,7.678616384509951e-05,6.874547597846004e-10,6.629301907423724e-08,0.30433377623558044,3.771727676848968e-07,4.260556907276225e-10,0.6955733895301819,1.4776427633478306e-05,1.9583140442591684e-08,8.693848485563649e-08,5.948823100787592e-10,7.1056570050132e-07
TCN,42,20522,49,6,class_6,3,class_3,0,0.9944896697998047,4.541361064980265e-09,5.770664030175024e-14,1.151300582646897e-11,0.9944896697998047,1.1752218824767624e-06,1.350474009828356e-14,0.00550916837528348,2.8349026251484055e-11,6.742859309100124e-14,1.1686977747322677e-14,7.6119140965435e-15,1.2223267537025961e-11
TCN,42,20523,49,6,class_6,6,class_6,1,1.0,1.5260914524830904e-16,1.3323940615275581e-27,7.424488733966215e-22,1.5880475450611082e-15,9.198151476361634e-21,2.28178386613727e-25,1.0,3.498332279889725e-20,4.399636050340586e-22,1.3770671814048862e-26,5.167964804972064e-30,6.57242507859814e-19
TCN,42,20524,49,6,class_6,3,class_3,0,0.9991752505302429,1.033664442928739e-08,1.0765956702518675e-11,5.708507624935244e-11,0.9991752505302429,1.9281094498779794e-09,1.4849396939940057e-13,0.0008247465593740344,8.344630764156591e-09,1.0371465838932004e-11,5.049440865434462e-10,4.0321909765099473e-13,1.6140907277417682e-08
TCN,42,20525,49,6,class_6,6,class_6,1,1.0,1.7398425083401663e-23,5.093364216702681e-35,1.652174872455332e-26,3.4211897814896186e-22,3.124078079884152e-26,3.5005681040086344e-31,1.0,5.1420129140177735e-28,3.692363549040212e-30,3.1261917765238425e-39,3.7507233168832056e-38,2.4291236082289572e-24
TCN,42,20526,49,6,class_6,6,class_6,1,1.0,7.117073901807071e-17,2.379654077753675e-22,1.0769796449669977e-17,1.3466562934216775e-11,7.938814230189399e-19,1.5826309335070698e-20,1.0,3.719602251057411e-17,1.7929592141484365e-20,6.222604338750614e-25,2.8933398519589347e-24,8.021588953316661e-18
TCN,42,20527,49,6,class_6,6,class_6,1,1.0,2.32043319324111e-17,2.3885813346002877e-25,1.2739034605507683e-20,1.1123145590360983e-12,2.4052122990696804e-18,2.4303482358982223e-23,1.0,1.6375411858963858e-20,6.733510320953751e-23,1.0248495694642508e-26,2.895321504064031e-28,3.8520316337394966e-18
TCN,42,20528,49,6,class_6,6,class_6,1,1.0,2.366941805147092e-23,2.493146819739596e-26,5.83719076100921e-19,9.078612167590094e-11,6.827683431413768e-24,1.8412447401356287e-25,1.0,2.9429496456896974e-19,5.15647497234107e-26,7.323807526527025e-31,2.7263430588971684e-28,3.595322761003262e-20
TCN,42,20529,49,6,class_6,6,class_6,1,1.0,1.483593928047408e-13,3.5969005433982215e-20,3.970783730576806e-15,9.410828019640327e-12,5.342022144963915e-18,9.191115633167623e-18,1.0,8.21396241496887e-14,3.7877924267178814e-15,6.728257375703063e-20,2.0252188477943256e-21,7.897799574703088e-14
TCN,42,20530,49,6,class_6,3,class_3,0,0.9762725234031677,3.008690896422195e-08,1.9967230993622742e-11,4.2670986188930726e-10,0.9762725234031677,1.4422253391543904e-09,1.2674449163807555e-12,0.0237271785736084,3.865070397068848e-08,8.672477319615624e-11,2.610347493714471e-09,1.9178682079956655e-12,1.803837790248508e-07
TCN,42,20531,49,6,class_6,6,class_6,1,1.0,2.4219710064013183e-24,2.0901801537229017e-32,7.425355909037802e-25,3.685056872571481e-17,4.4386694805626764e-26,5.184731605002362e-29,1.0,6.306170346592939e-25,1.9498516891148764e-26,2.9988069100222883e-35,1.382139427431819e-35,1.0297629606809462e-20
TCN,42,20532,49,6,class_6,6,class_6,1,1.0,7.249935631115823e-20,5.700431284618062e-33,2.1463592517213637e-26,4.948104468400596e-19,7.738642176506534e-23,3.5227402784538444e-30,1.0,3.612097018137816e-26,4.3614877345226234e-29,1.2027214230386907e-35,9.219544825504171e-36,3.0848946068387743e-24
TCN,42,20533,49,6,class_6,6,class_6,1,0.9984585046768188,3.615853927385615e-08,2.478574799829464e-13,2.790010410202992e-11,0.001541275531053543,2.442649247313966e-07,3.61851651073386e-12,0.9984585046768188,3.3991554015955217e-10,1.866992021051783e-12,4.282115981246726e-11,6.175759231265288e-14,5.228606089757726e-11
TCN,42,20534,49,6,class_6,6,class_6,1,0.9877937436103821,0.0003903682518284768,3.2330436938732277e-11,9.252028032591397e-10,5.256455551716499e-06,0.01181059516966343,1.2444936636768489e-08,0.9877937436103821,1.0720203613701074e-09,1.5464601821335577e-11,1.3386242114776792e-09,1.360795330584974e-11,8.08064292562305e-12
TCN,42,20535,49,6,class_6,6,class_6,1,0.9994103908538818,1.8744874097365027e-08,6.159600607347215e-11,1.9790812044728767e-10,0.0005893754423595965,9.055983696271142e-08,2.176307398182864e-11,0.9994103908538818,7.105073507318593e-08,3.5436592549231705e-10,9.564545599971552e-09,1.0267058037083387e-11,8.622818903347707e-09
TCN,42,20536,49,6,class_6,6,class_6,1,0.9999874830245972,1.1882407221792263e-13,4.149667348158021e-18,9.287376775838144e-14,1.2574563697853591e-05,2.2631551445167694e-15,4.788408937982078e-17,0.9999874830245972,7.662872072988769e-12,2.2007510085673455e-14,3.867694298638188e-18,1.3389103150398235e-18,1.3950918198446516e-09
TCN,42,20537,49,6,class_6,3,class_3,0,0.9999918937683105,1.7000289361469189e-18,3.7168587928185444e-19,3.968818072025682e-20,0.9999918937683105,4.409554054937228e-19,1.5325945293207899e-25,1.111822526406181e-11,1.3383245470890441e-17,8.228839055791822e-18,1.2819464187587827e-20,2.7012507917272276e-26,8.144382263708394e-06
TCN,42,20538,49,6,class_6,6,class_6,1,1.0,2.3731692660138156e-17,2.4641784174894896e-24,1.4073963719646334e-19,1.618943728262743e-14,1.2638205004687877e-21,4.53455139686368e-23,1.0,5.754637618888535e-18,3.5564058518872027e-20,1.9949675403811506e-23,7.156810080863897e-28,7.826687003025692e-18
TCN,42,20539,49,6,class_6,3,class_3,0,0.9925886392593384,8.321611488781855e-08,5.1369169334902764e-12,2.059224613049082e-08,0.9925886392593384,3.674675896903068e-09,5.827376341888124e-12,0.007411280181258917,9.75218572563108e-09,1.1569288929647037e-11,2.83180358502666e-12,1.4383375675393328e-13,4.7955794890697234e-09
TCN,42,20540,49,6,class_6,3,class_3,0,0.6283342838287354,9.350707586008866e-08,3.41081676791255e-12,1.2281078376474852e-09,0.6283342838287354,3.953929184064009e-09,6.682660338725582e-14,0.3716655969619751,2.132860728309982e-11,4.2582324927438464e-13,6.800710642958056e-15,5.7612960092292804e-18,1.6744647118524525e-12
TCN,42,20541,49,6,class_6,6,class_6,1,1.0,3.1642393817177348e-15,8.333182099801099e-18,2.0490725815332927e-13,5.3528479426745434e-09,5.660293739793987e-13,6.8818842024997674e-18,1.0,3.561501476221675e-14,9.851378642732963e-18,4.8030969282101804e-20,5.118660677344192e-22,4.0470816801974063e-13
TCN,42,20542,49,6,class_6,6,class_6,1,1.0,2.1190237303531245e-19,3.108483224234306e-25,2.270703425686667e-18,2.7219093567287234e-18,4.083051118532226e-16,2.700854635641387e-23,1.0,3.785296017006645e-21,7.1298635283435e-27,2.174293777414282e-28,7.310011454628035e-33,4.172827952945108e-20
TCN,42,20543,49,6,class_6,6,class_6,1,1.0,1.0816249688643648e-15,2.553818036150611e-19,2.5867179187196495e-15,8.153105413022388e-10,1.3968744238569697e-13,2.5911780104080864e-18,1.0,3.555818054552188e-15,1.1217666154506454e-18,1.9907600705948863e-19,4.5399860174119286e-23,1.478288486360304e-14
TCN,42,20544,49,6,class_6,6,class_6,1,1.0,9.936231160840897e-16,1.3698470250456716e-19,1.4091498190873657e-16,3.353591015997637e-11,5.937279747708635e-13,8.629277397123896e-19,1.0,2.541972675362002e-17,4.576755174079869e-19,8.714721276991503e-20,2.9506634650167576e-25,7.72920359578275e-15
TCN,42,20545,49,6,class_6,6,class_6,1,1.0,6.453148089960437e-20,4.25962169625276e-23,7.995838820847885e-17,5.6491812096270966e-14,8.825262747222157e-18,1.588920479852541e-22,1.0,1.592893764659485e-17,1.7275941806091617e-23,2.6459060362501516e-25,2.0968858862727466e-27,8.715996820515332e-17
TCN,42,20546,49,6,class_6,6,class_6,1,1.0,3.9439046198218066e-19,2.1743074941184575e-23,8.01455460938751e-18,2.345442913034867e-15,4.128282677915606e-16,1.3061985626811419e-21,1.0,2.2479996701669532e-20,2.2376843228641194e-25,1.11842934990406e-26,2.5515141670615176e-31,1.7690194181490213e-18
TCN,42,20547,49,6,class_6,6,class_6,1,1.0,2.2649471388118086e-21,1.635008211451833e-26,3.379618452615154e-21,1.9385919542479263e-20,1.4509873943788943e-18,3.162485683577342e-25,1.0,1.163348575494296e-22,2.0222117737241412e-25,3.63533259254487e-27,1.594490071226091e-35,1.7351856566817226e-20
TCN,42,20548,49,6,class_6,6,class_6,1,1.0,6.376520142863129e-16,4.018070215154679e-20,1.680893155750257e-15,2.9632242840027523e-13,1.5001318058854157e-13,2.3114536319964337e-20,1.0,3.118080149203544e-17,3.099242393205716e-21,6.481781650654105e-23,8.134798365885205e-27,2.294111488233483e-14
TCN,42,20549,49,6,class_6,6,class_6,1,1.0,5.958300404483176e-17,4.877823003031543e-20,6.757564663979274e-17,7.396391984125505e-14,1.7503019365361187e-14,7.800238051573325e-21,1.0,1.2408071493403713e-17,4.482799281581923e-23,1.0652533117223925e-24,9.613509466037242e-28,3.162275400304254e-13
TCN,42,20550,49,6,class_6,6,class_6,1,1.0,2.9187057061323945e-15,1.023673644752243e-18,7.29331027673032e-15,2.676704344284353e-12,1.4284042698653465e-11,2.186556823513485e-18,1.0,1.2790676606550726e-16,2.592716648742379e-21,2.4204496723683815e-22,2.117304148727393e-25,8.94659322889452e-15
TCN,42,20551,49,6,class_6,6,class_6,1,1.0,3.9264203199527786e-32,2.3036141636820673e-39,5.916247269044498e-30,1.4362139432089623e-31,2.659904150162139e-31,1.4232774103482125e-38,1.0,7.091626350890744e-32,2.01676276284092e-40,2.2420775429197073e-44,0.0,2.888358966388517e-29
TCN,42,20552,49,6,class_6,6,class_6,1,1.0,1.0816249688643648e-15,2.553818036150611e-19,2.5867179187196495e-15,8.153105413022388e-10,1.3968744238569697e-13,2.5911780104080864e-18,1.0,3.555818054552188e-15,1.1217666154506454e-18,1.9907600705948863e-19,4.5399860174119286e-23,1.478288486360304e-14
TCN,42,20553,49,6,class_6,6,class_6,1,1.0,2.0261482789165827e-19,5.3025088414858255e-27,5.731256583392899e-20,2.0785137230760764e-19,1.155918731593852e-19,6.711808540514372e-25,1.0,7.979459979097436e-21,2.2878924536976795e-26,1.0426055457714328e-27,9.573851209154553e-33,1.5355903676056582e-19
TCN,42,20554,49,6,class_6,6,class_6,1,1.0,0.0,0.0,7.274140328310125e-42,0.0,0.0,0.0,1.0,0.0,0.0,0.0,0.0,0.0
TCN,42,20555,49,6,class_6,6,class_6,1,1.0,1.0078397417509481e-29,6.839222201868366e-34,1.3206154013957764e-25,5.243829607940235e-28,2.578837348348076e-29,2.798865537646365e-35,1.0,2.204285677770292e-26,1.7520199460677385e-35,1.8819438375882293e-42,5.59118087265602e-42,2.1414833641945584e-20
TCN,42,20556,49,6,class_6,6,class_6,1,1.0,7.060282915015096e-26,2.330077503499379e-30,9.883353281846219e-22,1.7148113207287794e-22,2.8951424937906734e-22,2.633032716056579e-29,1.0,5.435538151253548e-23,7.607515815244878e-30,6.365428183509904e-34,3.1237969574483114e-38,2.311054733435656e-22
TCN,42,20557,49,6,class_6,6,class_6,1,1.0,1.2939892475928885e-20,1.4836251997682903e-24,2.8156278861552157e-18,8.915958800049411e-16,2.4125175446494425e-18,1.9887066669207735e-23,1.0,5.229670545059053e-19,1.2219580061896498e-23,3.0187009924588397e-25,1.547773900733356e-29,2.599821427423806e-18
TCN,42,20558,49,6,class_6,6,class_6,1,0.9999984502792358,9.024783698130534e-11,1.852776558477348e-13,3.10358336252925e-11,1.6059599374784739e-06,5.0191200529070557e-08,2.6530232004329246e-13,0.9999984502792358,1.0259425687469959e-12,2.5375146218465944e-15,4.693413372384341e-15,2.0744865167156795e-19,5.375047629208041e-10
TCN,42,20559,49,6,class_6,6,class_6,1,1.0,5.484790252927904e-26,5.222299398231478e-32,1.3750185343629207e-13,3.606153827785934e-31,2.78484944023025e-28,3.056866100386802e-29,1.0,3.284760263790607e-21,3.958268300640294e-34,9.388699710976274e-44,1.472330283481442e-40,1.8995190784956627e-24
TCN,42,20560,49,7,class_7,11,class_11,0,0.9999973773956299,4.734052993365934e-12,6.478072245297284e-11,7.515894157039682e-12,1.3282864301800146e-06,8.568009040969826e-13,3.712621640780851e-15,6.721478928994884e-09,5.133638514287497e-10,3.163676467465848e-07,9.117304102801427e-07,3.925284056127687e-11,0.9999973773956299
TCN,42,20561,49,7,class_7,11,class_11,0,1.0,3.3037424920522965e-17,5.7778311147549215e-15,3.122917641715586e-14,2.0747248363761628e-10,2.126880291811153e-18,5.451476441375733e-19,4.914998963378991e-10,6.816527458588725e-14,1.4125837001846553e-12,2.0007221028425217e-15,3.4813335890547895e-19,1.0
TCN,42,20562,49,7,class_7,11,class_11,0,1.0,2.4632868074513636e-23,5.971875668766332e-20,1.4543122468510512e-18,1.5393823258677965e-15,4.2323392130166276e-26,2.319308746803469e-25,1.0313224349840105e-15,6.838838137012814e-17,1.0654293812755074e-14,1.4081205427415295e-20,1.0674264972985315e-22,1.0
TCN,42,20563,49,7,class_7,11,class_11,0,0.9999526739120483,1.9439341802929277e-10,4.740180470363953e-10,4.628479999269075e-08,1.9607762169471243e-07,1.7279965435976208e-12,9.938283702937145e-12,4.6901172026991844e-05,2.1798850724508156e-08,1.459996212815895e-07,8.948328731640809e-13,8.268778321557022e-14,0.9999526739120483
TCN,42,20564,49,7,class_7,11,class_11,0,0.9997605681419373,1.397391403978876e-11,3.025607542284092e-11,3.580357954557911e-10,4.0549343793827575e-06,5.72797899064427e-14,8.832028533002634e-13,0.0002347196568734944,4.9668209101128014e-08,6.463605473072676e-07,2.8261981643851186e-10,1.2064500440334136e-11,0.9997605681419373
TCN,42,20565,49,7,class_7,11,class_11,0,0.9989953637123108,1.1150841361384778e-09,8.640389737024634e-09,8.524514782948245e-08,0.0005679813330061734,3.2377191205856803e-12,7.240941353459096e-12,0.00010217400995315984,1.0122184903593734e-05,0.0003241430677007884,5.379236256430886e-08,7.868560025769966e-09,0.9989953637123108
TCN,42,20566,49,7,class_7,11,class_11,0,1.0,1.3262565565758493e-22,2.4846474808065648e-20,1.8517112164198755e-18,3.673493747875827e-16,1.338181269158148e-26,1.2131928346210807e-24,1.980011749176669e-13,2.7112060531925935e-17,1.5125543572085294e-14,1.6832877068932277e-21,7.956620695153748e-24,1.0
TCN,42,20567,49,7,class_7,11,class_11,0,1.0,3.780677861184413e-21,3.2225487592298064e-17,2.4893758998044502e-17,1.2549571028631218e-13,4.0103901651485915e-24,1.2793314653959214e-23,8.134724007412535e-15,2.9823653990195334e-14,5.665005790855826e-12,6.554998451043179e-19,7.964935353162904e-18,1.0
TCN,42,20568,49,7,class_7,11,class_11,0,1.0,9.296194867922072e-18,1.1592815847433495e-15,3.8088018084251034e-15,9.090303162984092e-12,2.6919198783841736e-20,6.826186512941392e-20,1.4330161189624047e-11,8.841792722242767e-14,1.8374968213663578e-11,6.603699673272652e-16,2.672105225637212e-18,1.0
TCN,42,20569,49,7,class_7,11,class_11,0,0.8933979868888855,2.9122803724135338e-08,5.350830334371892e-10,1.4295175709833075e-08,2.2329451894620433e-05,1.485774871190504e-11,8.160707110071996e-10,0.10527930408716202,1.732257987896446e-05,0.001267899526283145,1.5017428268038202e-05,1.2758745171481678e-09,0.8933979868888855
TCN,42,20570,49,7,class_7,11,class_11,0,0.9999998807907104,3.1770006953977734e-14,3.0975824119247597e-13,8.079594285281821e-12,5.31659050118094e-10,8.081515541718168e-17,4.6556522200792705e-15,1.1511237829608945e-07,3.554143437889401e-11,1.2844628693997606e-09,1.2427083796414436e-14,1.5247072682983789e-15,0.9999998807907104
TCN,42,20571,49,7,class_7,11,class_11,0,1.0,1.2979870415045038e-15,3.662262143934794e-14,1.0880653203513418e-13,7.12843950534392e-11,1.4287262063362907e-18,9.929358199849255e-19,7.235519128290235e-11,3.5496705401427686e-12,7.51107787078098e-10,2.9187057061323945e-15,2.40883279416457e-16,1.0
TCN,42,20572,49,7,class_7,11,class_11,0,1.0,1.7902495296939807e-16,7.649157288201324e-15,7.505506768390804e-14,1.4419790014819078e-11,1.0463870291712746e-19,1.9016638264313403e-18,4.051590452025522e-10,2.1790360314744017e-12,4.2588210735772236e-10,1.7254071723481939e-16,3.5686288852489274e-17,1.0
TCN,42,20573,49,7,class_7,11,class_11,0,1.0,2.4823169963659247e-20,2.325023053024044e-17,1.1579368041342976e-17,5.29913949092603e-13,1.4555032496082212e-21,4.2884312120557935e-23,3.1786118367667458e-15,2.471146202297431e-15,2.4214317616982894e-12,2.3337524607583947e-14,2.1740726001185285e-18,1.0
TCN,42,20574,49,7,class_7,11,class_11,0,0.9999212026596069,8.639640109042807e-17,1.3588991924448103e-14,1.380468224702151e-16,1.973865337845382e-08,7.101987726208792e-14,7.591847506140349e-21,2.929251689842184e-14,1.4707797696758562e-12,1.1305196778721438e-09,7.882750651333481e-05,2.012452365667515e-14,0.9999212026596069
TCN,42,20575,49,7,class_7,11,class_11,0,0.999990701675415,8.947956958715864e-12,6.753664294478767e-09,6.748320124927432e-09,9.158886314253323e-06,1.9230407197201593e-12,3.9675107275059796e-13,5.009345471762572e-08,1.4648516177828697e-08,2.425754885848619e-08,1.8319576758352163e-11,1.480076824988963e-11,0.999990701675415
TCN,42,20576,49,7,class_7,11,class_11,0,1.0,1.4936008882566824e-26,2.194498956967441e-22,2.670807062601038e-21,4.042149584957766e-18,8.646037577032515e-29,4.744402028845355e-29,1.408068301115968e-18,5.0035266680409003e-20,2.9323291325931264e-17,3.612254353980172e-23,8.747534364361564e-26,1.0
TCN,42,20577,49,7,class_7,11,class_11,0,1.0,4.689939331271265e-19,6.228210761848209e-17,1.1167638395136338e-16,1.4960872818381432e-11,4.838239179546613e-20,4.0359625902270505e-22,1.2094330291217373e-14,1.712520540143609e-14,1.0262422855955577e-11,4.734548256918325e-14,1.1807164483053341e-17,1.0
TCN,42,20578,49,7,class_7,11,class_11,0,1.0,3.965058171665171e-17,2.2068737015232785e-14,2.3925968136920403e-15,7.239415733550914e-10,9.415507730348965e-17,4.705170828275663e-19,2.2179541189770724e-11,9.681108860534401e-14,3.1761318835393793e-12,1.2354070674444606e-12,4.46206451419786e-18,1.0
TCN,42,20579,49,7,class_7,11,class_11,0,1.0,5.477175133550166e-20,2.5336181511752165e-17,3.9870945113377675e-18,5.1091742598805e-13,4.1080985557553565e-22,7.294922432360371e-23,7.286302773157685e-15,4.971405350508466e-15,9.259432630359665e-12,2.446599399244238e-15,4.612195727424703e-18,1.0
TCN,42,20580,49,7,class_7,11,class_11,0,1.0,3.850920997926583e-30,3.630561510367764e-29,2.5890577168951422e-30,1.135604839370424e-25,1.3126872550397478e-36,3.474903498072609e-39,1.840010803907682e-23,8.010423772805997e-19,7.648044710425106e-16,3.826699249088538e-23,1.8068998317340853e-25,1.0
TCN,42,20581,49,7,class_7,11,class_11,0,1.0,3.333591216293493e-26,8.287819015830132e-25,1.3309375230810769e-25,3.5672212383963335e-20,4.711156250927546e-32,3.7197703232565405e-33,5.076490654287069e-19,1.7449933534155715e-16,2.970578003822248e-15,2.415606003301452e-23,6.29502482668591e-23,1.0
TCN,42,20582,49,7,class_7,11,class_11,0,1.0,8.141622819490495e-36,1.7058233337649406e-34,1.967589510098126e-34,3.67929502501342e-26,2.059908742557481e-43,0.0,1.1157420662644382e-23,4.240439754481406e-24,1.810960893787835e-21,1.16648381928125e-33,4.02626761826399e-33,1.0
TCN,42,20583,49,7,class_7,11,class_11,0,1.0,2.1355788596310212e-42,1.0981247389712142e-39,5.580083149337953e-38,1.0505871476233767e-33,0.0,0.0,1.080078816089206e-30,1.708968037991559e-28,3.099740438329417e-20,8.901653206327826e-38,7.140629655303728e-38,1.0
TCN,42,20584,49,7,class_7,11,class_11,0,1.0,8.407790785948902e-45,9.668959403841238e-44,4.628558892588087e-40,1.166865401507505e-35,0.0,0.0,1.3337542115588042e-31,1.1913731165922911e-29,2.298269333423159e-24,1.4573504028978098e-43,7.49651238161383e-40,1.0
TCN,42,20585,49,7,class_7,11,class_11,0,1.0,6.858915549157448e-36,3.0269679320154627e-33,1.4867238187441628e-32,3.424706345664871e-27,2.9987787136551085e-43,1.2611686178923354e-44,9.96157576679763e-25,1.371088531561518e-23,2.2434627137540706e-17,1.28685538178868e-29,3.833111694274337e-31,1.0
TCN,42,20586,49,7,class_7,11,class_11,0,1.0,2.2324527524434616e-37,3.8865516658031145e-35,2.848847293416277e-35,4.95023410646304e-28,2.802596928649634e-45,0.0,2.1663397734108102e-26,1.2083577286392774e-23,3.7550934233320895e-21,1.7933920379770614e-33,9.276574124492969e-32,1.0
TCN,42,20587,49,7,class_7,11,class_11,0,1.0,1.6887826406894535e-26,1.7271706461195292e-25,6.24562477907916e-25,1.0858111421744966e-18,7.232213712007563e-32,3.456879827902767e-33,7.419132997638447e-16,1.4788283375152805e-16,4.3928895894149167e-13,1.5019743765807434e-22,1.0181959601230952e-22,1.0
TCN,42,20588,49,7,class_7,11,class_11,0,1.0,2.1521152612945987e-33,8.641601904347922e-33,2.0943004201142712e-30,4.7441379934796293e-26,7.067308674975782e-41,1.332634839572901e-42,1.2227699964966119e-22,2.486950621434964e-21,1.159260540209775e-13,7.209169856779467e-29,7.043757993128367e-28,1.0
TCN,42,20589,49,7,class_7,11,class_11,0,1.0,9.1078543874571e-37,5.888804469576778e-36,2.4150855157767854e-34,4.596382516298287e-28,1.401298464324817e-45,0.0,1.6945081315097894e-24,2.2044907323018428e-23,1.1601126034739448e-16,1.0505722151717014e-31,6.138040060375162e-32,1.0
TCN,42,20590,49,7,class_7,11,class_11,0,1.0,9.251524362225975e-38,2.245160623748976e-37,7.81309855114081e-37,2.420439917156694e-30,0.0,0.0,1.7143613640595725e-28,1.80418701303674e-24,1.470935792295045e-22,5.7190451199991036e-36,3.401001601910476e-33,1.0
TCN,42,20591,49,7,class_7,11,class_11,0,1.0,9.533229844829755e-30,5.319481700973846e-29,1.5686524984818272e-25,1.309503093765453e-26,6.557339617944032e-37,2.903469118344363e-38,1.837081100723436e-21,8.08037171636713e-18,5.772577207907581e-11,1.7825409163165085e-25,1.1544526738965137e-24,1.0
TCN,42,20592,49,7,class_7,11,class_11,0,1.0,1.0281978057150251e-18,1.0924835945856556e-18,1.83135326756918e-18,3.798963921219922e-11,1.6573678327622295e-21,6.29012481717313e-24,8.129524831090862e-12,1.7621154535518713e-11,3.764017364460415e-08,2.6541699475182354e-14,6.664536755918008e-16,1.0
TCN,42,20593,49,7,class_7,11,class_11,0,1.0,7.3997435211946645e-31,1.3352872912911466e-30,1.1495537295674374e-30,2.8966816439390058e-27,7.301461444469066e-39,2.0803004378103358e-39,1.0613709327773473e-25,1.6378740679318015e-18,6.683048449222014e-15,3.4130505868265605e-25,1.7111969178332378e-23,1.0
TCN,42,20594,49,7,class_7,11,class_11,0,1.0,1.4807365686270747e-23,3.1531666527672173e-22,2.0171375294893008e-22,1.4190586156451384e-17,7.537642625472679e-29,1.9028070489189904e-29,1.6289955661859942e-17,4.114025472286981e-15,2.779623753390581e-12,4.857821307299742e-21,3.7209443541862175e-20,1.0
TCN,42,20595,49,7,class_7,11,class_11,0,1.0,2.1727449575627895e-34,1.2091354379393867e-33,5.722554388051597e-30,1.6819650256311363e-29,1.1602751284609485e-42,5.885453550164232e-44,2.405994206487877e-24,6.209172703095699e-21,1.9029003853464907e-15,4.95682175736098e-31,1.373293224178656e-29,1.0
TCN,42,20596,49,7,class_7,11,class_11,0,1.0,2.942726775082116e-44,1.4363309259329375e-42,1.3007043370869609e-36,4.334736437702959e-35,0.0,0.0,2.2814484871041667e-29,1.673568121536885e-29,3.1764790702383086e-22,3.629363022601276e-43,8.126830443851777e-40,1.0
TCN,42,20597,49,7,class_7,11,class_11,0,1.0,0.0,0.0,1.0243491774214413e-42,1.867930852944981e-42,0.0,0.0,4.58872558244119e-36,8.731887578933032e-36,4.0723460187456787e-25,0.0,0.0,1.0
TCN,42,20598,49,7,class_7,11,class_11,0,1.0,6.77480845151952e-24,2.1011249073841495e-24,9.393205350004326e-22,9.005017728027573e-20,9.85673115639074e-30,3.975753231769218e-31,1.453315440446185e-16,1.9409287341947724e-14,1.5431336763960246e-11,2.93927459138123e-23,5.7713590911271656e-21,1.0
TCN,42,20599,49,7,class_7,11,class_11,0,1.0,1.4097157191558336e-29,4.857192430849692e-28,1.6374409257869615e-28,6.38234112660331e-22,5.5313444865567824e-36,1.2360419911804656e-37,2.1017542994262913e-20,5.614621273589567e-19,1.9481663819131322e-16,2.7228329167584266e-26,5.324382167124616e-26,1.0
TCN,42,20600,49,8,class_8,8,class_8,1,1.0,0.0,0.0,0.0,0.0,0.0,0.0,0.0,0.0,1.0,0.0,2.1579996350602183e-43,3.448595520703375e-42
TCN,42,20601,49,8,class_8,8,class_8,1,1.0,0.0,0.0,0.0,0.0,0.0,0.0,0.0,0.0,1.0,0.0,4.35237613747523e-38,3.0548306522281012e-43
TCN,42,20602,49,8,class_8,8,class_8,1,1.0,0.0,0.0,0.0,0.0,0.0,0.0,0.0,0.0,1.0,0.0,5.86107095688498e-41,1.1624051021267223e-40
TCN,42,20603,49,8,class_8,8,class_8,1,1.0,0.0,0.0,0.0,0.0,0.0,0.0,0.0,0.0,1.0,0.0,4.203895392974451e-45,2.1720126197034665e-43
TCN,42,20604,49,8,class_8,8,class_8,1,1.0,0.0,0.0,0.0,0.0,0.0,0.0,0.0,0.0,1.0,0.0,2.382207389352189e-44,0.0
TCN,42,20605,49,8,class_8,8,class_8,1,1.0,0.0,0.0,0.0,0.0,0.0,0.0,0.0,0.0,1.0,0.0,0.0,0.0
TCN,42,20606,49,8,class_8,8,class_8,1,1.0,0.0,0.0,0.0,0.0,0.0,0.0,0.0,0.0,1.0,0.0,0.0,0.0
TCN,42,20607,49,8,class_8,8,class_8,1,1.0,0.0,0.0,0.0,0.0,0.0,0.0,0.0,0.0,1.0,0.0,1.2891945871788317e-43,0.0
TCN,42,20608,49,8,class_8,8,class_8,1,1.0,0.0,0.0,0.0,0.0,0.0,0.0,0.0,0.0,1.0,0.0,0.0,0.0
TCN,42,20609,49,8,class_8,8,class_8,1,1.0,0.0,0.0,0.0,0.0,0.0,0.0,0.0,3.501462307866957e-39,1.0,0.0,1.2783591063978611e-33,3.606496634260424e-39
TCN,42,20610,49,8,class_8,8,class_8,1,1.0,0.0,0.0,0.0,0.0,0.0,0.0,0.0,0.0,1.0,0.0,2.0838709462974355e-41,2.1692100227748168e-42
TCN,42,20611,49,8,class_8,8,class_8,1,1.0,0.0,0.0,4.152128625105364e-39,0.0,0.0,0.0,0.0,1.3619782356869967e-35,1.0,2.2701035122062037e-43,7.637042156385953e-34,4.995572904766346e-28
TCN,42,20612,49,8,class_8,8,class_8,1,1.0,0.0,0.0,0.0,0.0,0.0,0.0,0.0,0.0,1.0,0.0,1.961817850054744e-44,0.0
TCN,42,20613,49,8,class_8,8,class_8,1,1.0,6.181654414359354e-39,0.0,1.0840413605260539e-30,7.145220869592242e-42,0.0,0.0,0.0,1.2245564745684025e-24,1.0,1.709739635539724e-33,3.1704923752463024e-26,1.9581863435422066e-25
TCN,42,20614,49,8,class_8,8,class_8,1,1.0,0.0,0.0,0.0,0.0,0.0,0.0,0.0,8.046435614708662e-35,1.0,2.2148672694692944e-38,7.135532240388307e-32,1.0483327239459422e-34
TCN,42,20615,49,8,class_8,8,class_8,1,1.0,6.726232628759122e-44,0.0,8.272790812934621e-38,1.401298464324817e-45,0.0,0.0,0.0,6.288778990705682e-32,1.0,2.2353641385618178e-32,1.217300454760977e-31,7.262234758018136e-25
TCN,42,20616,49,8,class_8,8,class_8,1,1.0,0.0,0.0,1.401298464324817e-45,0.0,0.0,0.0,0.0,8.031822407970554e-39,1.0,4.886366308834375e-37,4.0274137568244934e-36,1.6902164317366204e-30
TCN,42,20617,49,8,class_8,8,class_8,1,1.0,0.0,0.0,0.0,0.0,0.0,0.0,0.0,0.0,1.0,0.0,0.0,5.605193857299268e-45
TCN,42,20618,49,8,class_8,8,class_8,1,1.0,6.218542195134241e-41,0.0,2.4249611176026163e-36,0.0,0.0,0.0,0.0,4.176433274693294e-32,1.0,3.1338935650690664e-31,1.929247351012723e-25,1.5034805329298637e-24
TCN,42,20619,49,8,class_8,8,class_8,1,1.0,2.4004242693884116e-42,0.0,1.2349834337291409e-34,0.0,0.0,0.0,0.0,4.9094959786386824e-30,1.0,2.4638007108219976e-33,1.2713861175231032e-24,8.29122470708427e-27
TCN,42,20620,49,8,class_8,8,class_8,1,1.0,0.0,0.0,0.0,0.0,0.0,0.0,0.0,0.0,1.0,0.0,0.0,0.0
TCN,42,20621,49,8,class_8,8,class_8,1,1.0,0.0,0.0,0.0,0.0,0.0,0.0,0.0,0.0,1.0,0.0,0.0,0.0
TCN,42,20622,49,8,class_8,8,class_8,1,1.0,0.0,0.0,0.0,0.0,0.0,0.0,0.0,0.0,1.0,0.0,0.0,0.0
TCN,42,20623,49,8,class_8,8,class_8,1,1.0,0.0,0.0,0.0,0.0,0.0,0.0,0.0,0.0,1.0,0.0,0.0,0.0
TCN,42,20624,49,8,class_8,8,class_8,1,1.0,0.0,0.0,0.0,0.0,0.0,0.0,0.0,0.0,1.0,0.0,0.0,0.0
TCN,42,20625,49,8,class_8,8,class_8,1,1.0,0.0,0.0,0.0,0.0,0.0,0.0,0.0,0.0,1.0,0.0,0.0,0.0
TCN,42,20626,49,8,class_8,8,class_8,1,1.0,3.091810918701633e-40,0.0,0.0,0.0,0.0,0.0,0.0,0.0,1.0,0.0,0.0,4.871992461810594e-39
TCN,42,20627,49,8,class_8,8,class_8,1,1.0,0.0,0.0,0.0,0.0,0.0,0.0,0.0,0.0,1.0,0.0,0.0,0.0
TCN,42,20628,49,8,class_8,8,class_8,1,1.0,0.0,0.0,0.0,0.0,0.0,0.0,0.0,0.0,1.0,0.0,0.0,0.0
TCN,42,20629,49,8,class_8,8,class_8,1,1.0,0.0,0.0,0.0,0.0,0.0,0.0,0.0,0.0,1.0,0.0,0.0,0.0
TCN,42,20630,49,8,class_8,8,class_8,1,1.0,0.0,0.0,0.0,0.0,0.0,0.0,0.0,0.0,1.0,0.0,0.0,0.0
TCN,42,20631,49,8,class_8,8,class_8,1,1.0,0.0,0.0,0.0,0.0,0.0,0.0,0.0,0.0,1.0,0.0,0.0,0.0
TCN,42,20632,49,8,class_8,8,class_8,1,1.0,0.0,0.0,0.0,0.0,0.0,0.0,0.0,0.0,1.0,0.0,0.0,0.0
TCN,42,20633,49,8,class_8,8,class_8,1,1.0,0.0,0.0,0.0,0.0,0.0,0.0,0.0,0.0,1.0,0.0,0.0,0.0
TCN,42,20634,49,8,class_8,8,class_8,1,1.0,0.0,0.0,0.0,0.0,0.0,0.0,0.0,0.0,1.0,0.0,0.0,0.0
TCN,42,20635,49,8,class_8,8,class_8,1,1.0,0.0,0.0,0.0,0.0,0.0,0.0,0.0,0.0,1.0,0.0,0.0,0.0
TCN,42,20636,49,8,class_8,8,class_8,1,1.0,0.0,0.0,0.0,0.0,0.0,0.0,0.0,0.0,1.0,0.0,0.0,0.0
TCN,42,20637,49,8,class_8,8,class_8,1,1.0,0.0,0.0,0.0,0.0,0.0,0.0,0.0,0.0,1.0,0.0,0.0,0.0
TCN,42,20638,49,8,class_8,8,class_8,1,1.0,0.0,0.0,0.0,0.0,0.0,0.0,0.0,0.0,1.0,0.0,0.0,0.0
TCN,42,20639,49,8,class_8,8,class_8,1,1.0,0.0,0.0,0.0,0.0,0.0,0.0,0.0,0.0,1.0,0.0,0.0,0.0
TCN,42,23520,9,9,class_9,9,class_9,1,1.0,3.2457034832857217e-26,2.2484686671342197e-30,6.821504379594605e-34,1.867413271366014e-29,5.7617677542100285e-21,1.2995295243277116e-35,5.90395853716472e-38,5.3337796698732874e-24,7.808412663724445e-24,1.0,9.679309440366215e-27,2.4765078755779212e-29
TCN,42,23521,9,9,class_9,9,class_9,1,1.0,0.0,0.0,0.0,0.0,0.0,0.0,0.0,4.203895392974451e-45,0.0,1.0,0.0,0.0
TCN,42,23522,9,9,class_9,9,class_9,1,1.0,9.80908925027372e-45,2.382207389352189e-44,0.0,8.127531093083939e-44,3.04382438325301e-35,0.0,0.0,7.19140409758894e-35,1.5967719321929323e-36,1.0,1.9451605591573762e-37,1.6556094727467993e-38
TCN,42,23523,9,9,class_9,9,class_9,1,0.9997023940086365,2.452889835691252e-10,1.3249511710000661e-08,1.2465370749503712e-11,6.775089332222706e-06,8.554221864187639e-08,2.2390650531584066e-12,1.132399574998999e-06,2.4860910343704745e-05,4.957217970513739e-05,0.9997023940086365,8.780686178155861e-10,0.0002152034139726311
TCN,42,23524,9,9,class_9,9,class_9,1,1.0,4.477232626584099e-36,7.882303861827096e-42,4.203895392974451e-45,1.141426318869254e-37,4.143560756668876e-28,0.0,0.0,2.9233397222463888e-31,1.7089532474514393e-30,1.0,2.005887070130168e-31,2.730539756313264e-34
TCN,42,23525,9,9,class_9,9,class_9,1,1.0,6.729251361962909e-37,6.887493607618113e-36,2.9987787136551085e-43,5.394401432286057e-34,1.0222563625720317e-27,1.961817850054744e-44,8.407790785948902e-45,4.634421345236841e-24,7.548914224511753e-31,1.0,2.834275054352382e-30,2.3748409628701348e-35
TCN,42,23526,9,9,class_9,9,class_9,1,1.0,1.567112945713988e-28,3.2637847504394485e-31,6.295020861421696e-39,6.918709956390435e-33,3.7531787425520993e-19,1.2281377575581912e-35,3.7348343859597965e-37,1.124047194866459e-30,1.746895958980185e-26,1.0,6.47300869548661e-31,4.877516325686144e-31
TCN,42,23527,9,9,class_9,9,class_9,1,1.0,1.401298464324817e-45,0.0,0.0,1.2611686178923354e-44,7.447806273798583e-37,0.0,0.0,1.0240803928608072e-32,1.4424625876232836e-38,1.0,9.178647873770913e-39,0.0
TCN,42,23528,9,9,class_9,9,class_9,1,1.0,7.006492321624085e-45,3.221445039636322e-41,0.0,2.1019476964872256e-44,2.013527461986276e-34,0.0,0.0,5.068235903948499e-39,1.8430324697269807e-37,1.0,7.8553148534042e-40,5.114739394785582e-42
TCN,42,23529,9,9,class_9,9,class_9,1,1.0,0.0,0.0,0.0,0.0,0.0,0.0,0.0,0.0,0.0,1.0,0.0,0.0
TCN,42,23530,9,9,class_9,9,class_9,1,1.0,1.266976831871146e-37,2.0396063100168038e-38,0.0,1.8162649785653252e-40,6.089807493965709e-25,0.0,0.0,3.2704907661473834e-38,1.2958352845493284e-37,1.0,4.970645555257219e-38,4.884926446636312e-42
TCN,42,23531,9,9,class_9,9,class_9,1,1.0,3.0341844584836783e-24,9.709967163592949e-27,3.2739602997379066e-31,1.7961153327877364e-27,9.047515424467192e-18,4.691536368591559e-32,9.625916035045506e-35,5.378654085575657e-22,4.577518555156504e-21,1.0,1.395120547950352e-23,3.4754811775327074e-27
TCN,42,23532,9,9,class_9,9,class_9,1,1.0,4.532892415075911e-30,5.902862612645131e-28,6.884979697006566e-34,2.581674616305085e-27,6.553216830019536e-21,4.823830249721342e-34,8.209627273014313e-32,6.752537922088999e-25,1.1701029593509032e-25,1.0,1.2575016515605113e-28,6.287982542125486e-26
TCN,42,23533,9,9,class_9,9,class_9,1,1.0,1.3864885163810616e-23,4.521552723128557e-27,4.240408731890751e-31,1.4807704896459992e-23,1.511564829165873e-18,8.638936617844226e-32,4.677423677289174e-30,1.2412325890089227e-18,1.1328091147367103e-19,1.0,1.4581311282992424e-22,1.0959614973951571e-24
TCN,42,23534,9,9,class_9,9,class_9,1,1.0,1.041180012518254e-17,3.280438568207444e-22,1.0002299110581881e-28,1.2628826973740028e-18,1.89835658304105e-09,5.474565259741559e-27,3.324638261316817e-26,1.3037948921433364e-20,4.536367985756223e-23,1.0,3.665924726547937e-21,3.368940689754029e-25
TCN,42,23535,9,9,class_9,9,class_9,1,1.0,4.294510330885087e-28,1.9377518910734556e-32,3.356935186853424e-39,1.1221792873232283e-30,1.1077042348445142e-18,3.869383028764688e-39,4.9697512465772865e-39,5.3800972404113986e-27,7.684147707082103e-27,1.0,6.3499950548482e-29,3.257477047752936e-32
TCN,42,23536,9,9,class_9,9,class_9,1,1.0,6.193016427859989e-21,1.652331078313606e-20,1.7166021286608636e-25,5.350506122916565e-18,7.788732766383921e-13,8.309499008917385e-26,1.4727628981549586e-19,4.11243470801609e-18,3.2093787856587023e-21,1.0,1.408747678325938e-22,3.47248514756943e-20
TCN,42,23537,9,9,class_9,9,class_9,1,1.0,2.70016201090749e-40,9.96323208134945e-43,1.401298464324817e-45,1.164479023853923e-42,3.5813132811643576e-31,0.0,0.0,7.685959481358209e-36,1.3467022331602987e-34,1.0,1.0102959250655223e-36,8.7942408764404e-40
TCN,42,23538,9,9,class_9,9,class_9,1,1.0,5.984701915198501e-39,1.0040303496887314e-41,0.0,6.247408943499332e-41,8.875349027714089e-29,0.0,0.0,1.761013964438623e-33,3.921194586347801e-33,1.0,3.0400512357975814e-36,1.8100011744297932e-40
TCN,42,23539,9,9,class_9,9,class_9,1,1.0,2.0489991789495135e-27,2.837285290378623e-28,3.540427236654057e-31,3.0072960821439256e-27,6.230105687874961e-19,2.8547993815110168e-34,3.87611548001972e-34,2.1527759143636845e-22,1.3325527082493175e-18,1.0,4.909773244204235e-24,6.685807662201321e-21
TCN,42,23540,9,9,class_9,9,class_9,1,1.0,1.401298464324817e-45,0.0,0.0,7.006492321624085e-45,1.312361189702681e-37,0.0,0.0,1.2192273324476845e-34,9.916344634733141e-40,1.0,4.546326494806114e-39,1.401298464324817e-45
TCN,42,23541,9,9,class_9,0,class_0,0,0.3689020276069641,0.3689020276069641,0.0017981162527576089,4.310939766583033e-05,1.7038213400155655e-06,0.3395901024341583,0.02866494655609131,9.503057007975713e-09,1.206605748649281e-08,0.147243469953537,0.0001652014907449484,0.0011120721464976668,0.11247924715280533
TCN,42,23542,9,9,class_9,1,class_1,0,0.9771866798400879,0.000984962098300457,0.9771866798400879,5.2468443755060434e-05,0.00443179439753294,0.006620326545089483,0.002826627343893051,8.365816029254347e-05,0.00024329815641976893,1.6224037153733661e-06,0.00035741712781600654,0.007137100212275982,7.407250086544082e-05
TCN,42,23543,9,9,class_9,9,class_9,1,0.9940627217292786,2.6619065920385765e-06,5.1135354210323735e-19,4.9918427030837265e-11,2.720356000873855e-15,6.29971005916552e-11,1.98274220891741e-18,5.44806031469286e-21,1.636144087509457e-14,0.0059346649795770645,0.9940627217292786,1.3594239124149754e-13,3.184422059376857e-09
TCN,42,23544,9,9,class_9,9,class_9,1,1.0,1.8867195514634672e-27,3.0929231200643766e-29,9.355547761132342e-30,4.3747844752292944e-29,1.1407142472063323e-19,1.8306321352297182e-35,4.781050922326361e-35,1.3741672979024146e-23,2.387158461815251e-19,1.0,7.71969729236758e-27,1.1243925682722673e-26
TCN,42,23545,9,9,class_9,4,class_4,0,0.9997003078460693,1.0171822850679746e-07,2.218918524476976e-07,3.534242898339812e-10,0.00012095161218894646,0.9997003078460693,2.0343469964156924e-10,2.2406436528399354e-06,1.535762450544098e-08,7.369277227553539e-06,0.00016556296031922102,5.91421311924023e-08,3.2560344607190927e-06
TCN,42,23546,9,9,class_9,9,class_9,1,1.0,7.106029055396018e-18,3.3645328431289463e-19,2.403954622647082e-19,4.959592068404397e-20,2.0887598942143093e-11,2.333910779095859e-23,1.2199692089614971e-23,6.042190415230344e-16,3.5029000144959355e-08,1.0,1.967570927352883e-15,9.21697038082283e-15
TCN,42,23547,9,9,class_9,11,class_11,0,0.9920969009399414,5.360994492775717e-08,0.0017628205241635442,1.0105400891080585e-11,4.569158136291662e-06,1.1469839591882192e-05,1.0909984027307473e-08,7.257015544048784e-10,2.6144150524487486e-06,0.000632195733487606,3.5995858524984214e-06,0.00548569904640317,0.9920969009399414
TCN,42,23548,9,9,class_9,0,class_0,0,0.9805168509483337,0.9805168509483337,5.809612844132062e-07,0.0011123301228508353,0.0011382988886907697,0.013668755069375038,9.377984497405123e-06,0.0025320197455585003,3.0371513275895268e-05,0.0009428121265955269,4.212549356452655e-06,6.803781502640049e-07,4.3787404138129205e-05
TCN,42,23549,9,9,class_9,9,class_9,1,1.0,1.1511837688218394e-19,3.430332904294178e-32,4.300889299750389e-27,5.05122072457947e-28,6.115494094827285e-22,1.884389535232611e-34,3.5710746385841516e-35,2.343387529233347e-21,8.753867856287068e-13,1.0,3.7250005633648936e-23,6.734589482672093e-23
TCN,42,23550,9,9,class_9,9,class_9,1,0.999998927116394,3.0572815112872576e-11,2.3917582324395337e-12,5.987744479928059e-13,2.9727534323065186e-10,1.3635909068554497e-09,1.1891879252428229e-14,4.88955577415684e-12,4.675274833942922e-09,1.097784320336359e-06,0.999998927116394,5.638677372243883e-11,5.711366934946227e-09
TCN,42,23551,9,9,class_9,9,class_9,1,1.0,7.130821312715457e-18,1.6159192443337302e-23,4.241914293285445e-23,2.688334466442443e-23,1.083130890874187e-17,3.8137089113945116e-26,9.277330329412808e-29,7.445858012089953e-19,3.9591089060582105e-14,1.0,2.028840777659837e-18,1.2689223630789072e-20
TCN,42,23552,9,9,class_9,9,class_9,1,1.0,2.718286615838471e-19,1.2643412243968805e-21,1.6454849622005085e-23,1.9140663243817766e-17,6.35395875856852e-17,2.222465223850143e-25,2.254451807923625e-25,8.678156121228603e-14,1.800660094011328e-16,1.0,8.235599437502096e-17,2.181027518165262e-16
TCN,42,23553,9,9,class_9,9,class_9,1,1.0,1.1018111600449484e-28,4.888793570859684e-28,1.4873280477609656e-28,2.0869885443256027e-29,1.538407349508524e-23,1.7145336321101636e-33,8.67879188237855e-35,4.689065641533887e-25,1.0975170920106174e-18,1.0,2.202389522394696e-23,1.1074816670675974e-23
TCN,42,23554,9,9,class_9,9,class_9,1,1.0,7.11376171906815e-40,2.2206369757663054e-38,9.388699710976274e-44,1.8179044977685852e-41,6.536758199159953e-30,0.0,0.0,2.843524260533599e-37,3.982340702111226e-31,1.0,4.30220325401151e-34,1.5459601099909252e-39
TCN,42,23555,9,9,class_9,9,class_9,1,1.0,0.0,0.0,0.0,0.0,7.006492321624085e-45,0.0,0.0,0.0,2.380385701348567e-41,1.0,0.0,0.0
TCN,42,23556,9,9,class_9,9,class_9,1,1.0,0.0,4.203895392974451e-45,0.0,0.0,2.3484372819725656e-34,0.0,0.0,8.407790785948902e-45,7.406925935859918e-36,1.0,3.7204474227823893e-42,2.802596928649634e-45
TCN,42,23557,9,9,class_9,8,class_8,0,0.9996998310089111,1.3979289947840812e-09,6.318866200107387e-18,4.687266742277318e-13,2.3680828331655536e-15,7.06417008222715e-11,8.487477919257963e-17,3.998097088819519e-17,1.132344565335508e-10,0.9996998310089111,0.0003000756842084229,2.5433049000156416e-09,1.1599112781368603e-07
TCN,42,23558,9,9,class_9,4,class_4,0,0.6402260661125183,2.9713755900218075e-09,1.3236092399893096e-06,2.7228002075219138e-09,0.0015016936231404543,0.6402260661125183,2.3979247407157622e-11,8.040624379646033e-05,5.361557953165175e-08,8.69208804488153e-07,0.03492075204849243,5.385846435501662e-09,0.3232688903808594
TCN,42,23559,9,9,class_9,9,class_9,1,1.0,6.6024732544544384e-21,1.277148286529835e-21,6.42495800777725e-25,1.8293267267672132e-20,8.267615430023736e-16,1.713592501047929e-25,1.0582619579941614e-25,6.716438774207271e-19,7.5682542729682e-18,1.0,9.229367204727854e-20,1.916242471137281e-18
TCN,42,23560,9,10,class_10,10,class_10,1,0.9999934434890747,1.1561628390777123e-11,8.62748716912165e-09,1.3289521393067272e-11,9.16147196155556e-19,4.5549976008911475e-15,2.7325440521419608e-11,1.5322040969730192e-19,6.598137133551063e-06,6.6988654207067455e-12,3.117843136446474e-11,0.9999934434890747,6.982642242192583e-11
TCN,42,23561,9,10,class_10,10,class_10,1,0.7239489555358887,1.7976912204176188e-05,2.393897580166282e-11,1.934560714289546e-06,1.30414314461625e-16,2.2867601909282165e-13,3.724364150414772e-10,1.2023309258655285e-17,0.0005207775975577533,0.22757264971733093,1.8196027440353646e-06,0.7239489555358887,0.04793588072061539
TCN,42,23562,9,10,class_10,10,class_10,1,0.9998499155044556,5.914875533807873e-11,9.446853255212773e-07,1.472853394801632e-08,6.549129575645794e-15,1.285225588064029e-13,1.5264268737880116e-09,1.160293153840608e-15,0.00014907338481862098,8.335175882834278e-10,9.006597134764149e-10,0.9998499155044556,2.2334154081704582e-08
TCN,42,23563,9,10,class_10,10,class_10,1,1.0,6.2813531813025546e-30,2.5492466137105816e-24,1.525455954426122e-25,0.0,8.917258066026548e-37,7.434996676768121e-24,1.4433374182545616e-43,3.825214347807648e-21,1.4953861790928107e-25,1.8175485679586467e-37,1.0,1.3303961063171491e-30
TCN,42,23564,9,10,class_10,10,class_10,1,1.0,4.3674254554080005e-24,4.012634539930955e-19,5.546663232545378e-21,4.0701783367302285e-37,1.2071060834469735e-28,1.2197296412446946e-19,3.232011099106636e-35,2.328360230487328e-17,6.131445998290557e-23,4.0706915722195947e-29,1.0,9.182666958193563e-26
TCN,42,23565,9,10,class_10,10,class_10,1,1.0,1.054254145597121e-30,2.081633830745562e-25,6.541814438857967e-25,1.5968432190484094e-38,1.8695235351483696e-36,7.538414803009756e-30,2.6901175035152097e-39,5.825907790045493e-13,4.081882262406056e-24,2.896165255898597e-25,1.0,2.158563053184649e-24
TCN,42,23566,9,10,class_10,10,class_10,1,1.0,1.9322070893363783e-26,3.846367050291418e-24,4.4785195903767727e-26,0.0,8.445340885398278e-35,1.0828390723381224e-22,2.2420775429197073e-44,1.7671501450610163e-19,1.8612682071662364e-22,1.881417793678236e-32,1.0,1.5990146210732705e-29
TCN,42,23567,9,10,class_10,10,class_10,1,1.0,4.377542229854911e-20,9.939151306926556e-16,4.606907909184509e-16,2.3887051507104824e-28,3.631375711234005e-23,1.6613154979519112e-16,7.22167260879244e-27,5.448891460106166e-14,9.126668198316049e-15,5.649451531605498e-25,1.0,1.879920791715751e-22
TCN,42,23568,9,10,class_10,10,class_10,1,0.8058683276176453,9.622874053150099e-09,1.0285015378030948e-05,2.199794607804506e-06,7.979845577210654e-06,4.3300744323460094e-07,3.545775939528539e-08,2.8644262517474317e-09,0.0011155189713463187,0.0058178408071398735,0.17216062545776367,0.8058683276176453,0.01501675508916378
TCN,42,23569,9,10,class_10,10,class_10,1,1.0,2.8543312017274773e-19,3.048801242391298e-14,3.750209574848208e-15,1.523810661748767e-24,2.3527028026989803e-21,6.512786038857072e-16,5.236324582503189e-24,3.046787214883162e-12,1.9904462802912588e-14,9.901088389608525e-22,1.0,1.2915388704310422e-19
TCN,42,23570,9,10,class_10,10,class_10,1,0.9999730587005615,4.703268677297423e-11,3.129879644347966e-08,7.847046346043385e-10,1.523979428768671e-16,2.146872631926533e-13,5.217381193745041e-09,4.857573545639026e-16,2.6877201889874414e-05,1.0329611610515599e-09,1.481821783333448e-11,0.9999730587005615,4.833023425909744e-10
TCN,42,23571,9,10,class_10,10,class_10,1,0.9999997615814209,5.0696033432752354e-33,9.278775378724206e-30,3.32516589606087e-21,0.0,0.0,5.364971829187267e-34,0.0,1.9313705479362397e-07,2.0795875452789412e-23,2.3508622484711543e-37,0.9999997615814209,7.169377736715996e-28
TCN,42,23572,9,10,class_10,10,class_10,1,1.0,2.506920069724455e-17,2.7315706120634164e-12,9.84174560966257e-14,2.5606816258483033e-22,2.7577370306002327e-18,1.1586902498670476e-13,6.095046315292977e-22,1.0277972251060419e-08,7.105189510749413e-14,4.136414260383696e-17,1.0,1.387733041002294e-14
TCN,42,23573,9,10,class_10,10,class_10,1,0.99998939037323,2.8041202752241172e-24,1.1498833351536794e-23,7.70804144157767e-22,4.2512312550993435e-39,5.897631114886055e-33,1.5435051264502433e-23,2.4119695674359838e-39,1.063529634848237e-05,1.0056592636821602e-14,7.187782499656874e-22,0.99998939037323,2.5358634502299304e-17
TCN,42,23574,9,10,class_10,10,class_10,1,1.0,3.281621531803036e-18,5.95764689209459e-15,1.5694421396383255e-18,1.1459098028743799e-32,5.393012237574893e-23,5.4116460661626786e-14,2.4500900753217926e-32,5.355494693548568e-12,6.6761585938935416e-18,5.509110121308395e-20,1.0,4.284725779660499e-20
TCN,42,23575,9,10,class_10,10,class_10,1,1.0,5.891739775075193e-39,2.061334903559585e-31,4.9251137817240676e-33,0.0,7.006492321624085e-45,1.6429292202492893e-34,0.0,2.258514934623579e-25,7.535934415889973e-32,2.3261554507791963e-42,1.0,6.141441072068932e-38
TCN,42,23576,9,10,class_10,10,class_10,1,1.0,1.6791435033185849e-15,9.556866067831141e-14,9.691593222597278e-16,3.3490174652508e-24,1.26460302625296e-19,2.282375677342685e-14,2.907314996211468e-23,7.231663268214561e-09,2.498838267382675e-13,1.0317315518975343e-15,1.0,3.0367095556899093e-12
TCN,42,23577,9,10,class_10,10,class_10,1,0.9684241414070129,0.00022795468976255506,0.0009495200356468558,0.001068989629857242,6.684017961333666e-08,2.251848627565778e-06,0.00033872632775455713,1.7031252852461876e-08,0.02280692383646965,0.0004994362825527787,2.5150948204100132e-05,0.9684241414070129,0.005656810477375984
TCN,42,23578,9,10,class_10,10,class_10,1,0.9997358918190002,3.4068045641649734e-17,5.094808415923642e-16,2.5162164019043587e-13,7.075324520325398e-25,2.091302307215177e-25,8.608429757350569e-18,7.747466690136699e-23,0.00026411470025777817,1.4847533202910768e-09,2.0706622022499055e-18,0.9997358918190002,5.973645514877057e-13
TCN,42,23579,9,10,class_10,10,class_10,1,0.9996991157531738,1.0713813465530086e-27,9.568150926952006e-27,9.916201670820675e-24,1.9457029177150085e-41,1.115840963092103e-37,9.612532672888048e-26,1.5620694371368033e-40,0.0003009696665685624,1.4239509257472465e-16,3.5685785966460675e-23,0.9996991157531738,2.1214174488741852e-20
TCN,42,23580,9,10,class_10,10,class_10,1,1.0,2.5441852821426836e-24,1.2437847461407203e-22,5.451242213553061e-21,2.827453640614422e-35,4.0642637246064735e-31,1.8992883366808855e-23,1.348657158325888e-32,9.18730044298377e-13,2.4120625202045387e-14,1.223869376719955e-25,1.0,1.1153990146381291e-20
TCN,42,23581,9,10,class_10,7,class_7,0,0.999998927116394,4.37903543896006e-30,5.874002282534986e-32,1.6286959313775292e-24,9.80908925027372e-45,8.295686908802917e-43,9.705164983665772e-30,1.5414283107572988e-44,0.999998927116394,1.3620562761451292e-18,8.38066566407359e-27,1.0821549949469045e-06,1.1740751198571921e-20
TCN,42,23582,9,10,class_10,7,class_7,0,0.6137652397155762,6.971721348460568e-21,6.257204941623443e-23,1.9230578636670118e-15,4.379494163875525e-31,6.574542842884931e-33,1.6993149371066178e-22,1.2134086139583423e-29,0.6137652397155762,4.041607881699605e-10,1.1399662586361149e-21,0.38623473048210144,2.4740270460543376e-14
TCN,42,23583,9,10,class_10,10,class_10,1,0.9604304432868958,7.753738489320613e-26,1.4350493737568377e-23,8.491958145297991e-22,1.8216880036222622e-44,1.882377814117437e-36,2.4820260291231106e-20,1.0089348943138683e-43,0.039569560438394547,1.7087007180130237e-15,9.608971050703522e-21,0.9604304432868958,5.643129370977201e-16
TCN,42,23584,9,10,class_10,10,class_10,1,1.0,6.864335470614335e-28,1.2226001734791643e-25,6.92298475594929e-26,1.1203381222276912e-41,2.216492388929535e-36,5.453477775149837e-25,9.160484243076335e-40,7.223838328462417e-15,5.5508448005016004e-17,9.932186834662679e-29,1.0,4.4279643915597944e-26
TCN,42,23585,9,10,class_10,10,class_10,1,1.0,2.6778813653247254e-42,1.820179175118979e-36,6.796681507754588e-39,0.0,0.0,2.0206238019960453e-32,0.0,6.63263095417573e-31,1.3117348933670357e-38,0.0,1.0,0.0
TCN,42,23586,9,10,class_10,10,class_10,1,1.0,2.796095463555848e-17,1.4985204049855483e-11,4.402325671972601e-13,1.3775494336417328e-20,3.0004462979840107e-18,1.8710927311661393e-14,1.0229543918225824e-20,2.23210983030242e-09,8.288939738580747e-14,4.222390586071845e-18,1.0,3.3276112849358816e-16
TCN,42,23587,9,10,class_10,10,class_10,1,1.0,3.389000722459746e-23,4.312918886670874e-18,4.2612927248440917e-17,2.8984612032076196e-27,4.6082003113265384e-27,7.340903304368404e-22,1.458145534871524e-25,2.028286913424715e-11,2.4407639775123665e-15,2.805307077012977e-23,1.0,3.535736676331034e-20
TCN,42,23588,9,10,class_10,10,class_10,1,1.0,3.041379749895933e-32,1.9055630041137475e-26,6.074586915837535e-25,0.0,3.537820397822329e-39,2.4308589348450942e-30,2.942726775082116e-44,5.842577398447457e-13,2.9135256034549645e-20,8.824746783243394e-28,1.0,6.442649815950545e-26
TCN,42,23589,9,10,class_10,10,class_10,1,0.9999997615814209,1.1390891147292688e-24,7.511907262368323e-25,1.2371005308453349e-26,3.723250019711039e-42,5.096594897622023e-33,2.1409569794006098e-23,3.5032461608120427e-44,2.0889487473141344e-07,5.224276448999397e-15,8.380811986652515e-17,0.9999997615814209,1.8447591769616736e-18
TCN,42,23590,9,10,class_10,10,class_10,1,1.0,1.9289137795223425e-20,2.5931061684159475e-18,2.931199534748624e-17,8.503270142402887e-35,3.062551927065119e-28,2.3940813431568606e-18,3.2914776341032954e-32,1.55389624778568e-11,5.014810918615802e-16,7.49255896955358e-26,1.0,4.105925197260907e-20
TCN,42,23591,9,10,class_10,10,class_10,1,1.0,4.193772321050341e-24,4.690710883987624e-18,2.2947272322170445e-19,2.1957103060047664e-32,9.66339803309292e-29,5.770962464485795e-21,1.9873420950934032e-30,9.270569778692134e-15,7.382081869874232e-19,8.860705821235048e-28,1.0,6.771320108596632e-24
TCN,42,23592,9,10,class_10,10,class_10,1,1.0,2.41377952406531e-25,1.0273706251024721e-18,8.178606781185132e-20,2.2862703907921154e-33,5.796197510458296e-30,4.020061426297202e-21,2.8034233117393443e-31,3.9487132812844703e-16,1.1436040802244687e-17,9.436490504093806e-28,1.0,2.5309210852224338e-26
TCN,42,23593,9,10,class_10,10,class_10,1,1.0,6.31621152936752e-17,1.3338502444376835e-17,2.018187441002584e-19,3.476610867923304e-33,7.437266229592442e-24,1.8972394524017534e-15,4.197896497475263e-34,2.2139550637234606e-08,3.8614134134119793e-13,5.0076066916411675e-15,1.0,3.0811922481624237e-15
TCN,42,23594,9,10,class_10,10,class_10,1,0.5505734086036682,9.475531347389734e-24,1.0333211097475643e-24,1.1084829839918126e-22,7.741613496008884e-41,3.4685385278110164e-34,2.829885458464767e-23,1.501631434370474e-41,0.4494266211986542,6.7093682411263205e-18,1.6160428304385858e-21,0.5505734086036682,8.973568579632249e-19
TCN,42,23595,9,10,class_10,10,class_10,1,0.9999498128890991,5.97775614743976e-19,2.9079338763338125e-12,1.9827370648095588e-11,1.3262259866380501e-21,4.46948262792597e-21,1.855117959772675e-18,1.3622821617321738e-23,5.018003503209911e-05,1.6638993785220157e-12,6.867788672829112e-13,0.9999498128890991,1.5209213012276623e-12
TCN,42,23596,9,10,class_10,7,class_7,0,0.5695604085922241,9.917741685079848e-23,1.1297817790976083e-20,1.2061534022532634e-14,6.3764390133801175e-31,8.028597263856323e-31,2.2699153847928905e-23,6.098309526811719e-32,0.5695604085922241,1.53000320204065e-13,2.1808715077658315e-19,0.4304395914077759,3.0577351529958736e-15
TCN,42,23597,9,10,class_10,10,class_10,1,1.0,6.599702926416596e-21,6.490627772762185e-19,2.2701739266970564e-19,3.9715351319217656e-33,5.459799540043931e-27,5.50029612414073e-18,7.52280458480167e-33,2.8053390721538563e-08,1.4001119193066472e-14,5.913872202910708e-17,1.0,4.884198107276944e-17
TCN,42,23598,9,10,class_10,10,class_10,1,1.0,5.134602079491094e-21,1.2969160097017314e-18,1.886037350684448e-18,3.212726161488124e-34,8.329452490550412e-28,7.290764232175675e-19,3.904927816341214e-31,2.5512662728960356e-12,2.7534902853353854e-18,1.1126880179247455e-27,1.0,1.1315548304412477e-22
TCN,42,23599,9,10,class_10,10,class_10,1,1.0,4.2319213622609476e-43,3.064702896318604e-35,7.582286533238416e-36,0.0,0.0,5.392721977646018e-39,0.0,4.126297497952715e-24,6.390153612866244e-39,0.0,1.0,1.9825570673267512e-41
TCN,42,23600,9,11,class_11,11,class_11,1,1.0,3.7502791374290014e-16,5.1657180967403914e-15,5.649068130728638e-16,1.9916389371044119e-10,8.86443553949083e-18,1.9040365164702662e-19,1.4349244448902398e-12,1.2229738164011572e-13,2.452883165679487e-12,2.4899363973875162e-17,9.675814851674503e-17,1.0
TCN,42,23601,9,11,class_11,11,class_11,1,1.0,4.069773595767196e-30,3.1164064879282678e-30,4.0767565061704024e-27,4.6875124730191204e-24,3.159368862913258e-36,1.448329263774026e-38,1.8413617200037196e-20,5.499770598258535e-26,9.754665021555387e-20,2.133504026580014e-32,1.2519389935830292e-37,1.0
TCN,42,23602,9,11,class_11,11,class_11,1,1.0,5.7334229554048366e-27,5.913500486692954e-28,2.9399767416818253e-26,2.1087310963436814e-22,1.5769205288403138e-32,7.969603455749557e-36,1.4459978409239745e-18,3.9003290016269706e-23,5.1151306194566364e-21,4.4095775916259216e-32,8.019469843177421e-35,1.0
TCN,42,23603,9,11,class_11,11,class_11,1,0.9999998807907104,5.170947220758948e-13,1.0933189998550393e-15,8.043290400646459e-16,6.5969234519513975e-09,1.0882284741171063e-18,4.1634443805333895e-21,1.6337068586835812e-07,6.827043270984934e-13,1.0565182626334768e-12,1.1223533966976752e-17,3.469371588044992e-21,0.9999998807907104
TCN,42,23604,9,11,class_11,11,class_11,1,1.0,5.91837700601576e-35,1.9728871841869623e-35,3.2227839776805075e-31,1.9246975854971925e-32,2.0711191302720796e-42,0.0,1.8590522889948615e-24,6.535305429201659e-32,2.068919858143728e-25,6.327002696272982e-41,0.0,1.0
TCN,42,23605,9,11,class_11,11,class_11,1,1.0,7.986027441237905e-31,1.4961860192958243e-31,1.977472315385481e-31,6.344556811279059e-26,5.4468191048612775e-40,2.0058186218345432e-41,6.688935419959876e-24,6.50649861524542e-25,1.742520280905721e-22,2.0821313900783654e-35,7.710013493689391e-35,1.0
TCN,42,23606,9,11,class_11,11,class_11,1,1.0,2.735332096171353e-29,7.045855741643693e-35,2.692599069019292e-34,5.517494758804889e-30,1.5637089563400634e-41,8.267660939516421e-44,4.7957772597437043e-26,1.8392591772371874e-24,1.8731612634999656e-24,3.1993157342877045e-38,2.2218617951504487e-34,1.0
TCN,42,23607,9,11,class_11,11,class_11,1,1.0,5.58718498514089e-20,3.410402253761128e-21,2.0044678427498252e-20,5.23979709691308e-18,7.078073731394972e-28,2.6090678882760825e-28,3.419064076998213e-14,2.1193169658802745e-17,1.0640849705816254e-14,1.0485644693158641e-27,4.837686419779944e-27,1.0
TCN,42,23608,9,11,class_11,11,class_11,1,1.0,9.912606042814678e-24,1.7619837829113665e-23,3.883226181657417e-23,3.724166238827983e-21,2.087370721048942e-29,4.066248429268402e-31,1.9792285524704377e-18,2.304831138386216e-21,1.3581826720546046e-17,1.5097030492613196e-26,3.6480814543306116e-29,1.0
TCN,42,23609,9,11,class_11,11,class_11,1,1.0,4.6429352054425294e-23,4.436847818308437e-23,1.959018549395941e-22,2.809549192308021e-22,5.764552356178228e-31,5.444876197274366e-31,1.04072276775515e-18,6.718379110510947e-21,6.578674531523555e-18,1.2058082474056996e-28,1.3405089312370473e-29,1.0
TCN,42,23610,9,11,class_11,11,class_11,1,1.0,5.2068725426482965e-21,5.481167572475441e-20,4.99776839237828e-19,2.6909459701481205e-19,3.5574961954722183e-25,1.9368267019381833e-26,7.469364168992995e-17,1.1784519069616207e-19,7.183296790507984e-14,4.351164586682589e-23,1.4377642040494912e-25,1.0
TCN,42,23611,9,11,class_11,11,class_11,1,0.9999949932098389,4.822834354101246e-10,2.069877337021117e-13,6.961046864796538e-14,3.3553133107488975e-06,4.001210821003021e-12,4.186618746891683e-18,1.6706882206563023e-06,1.6320977902495315e-09,2.0539988113132956e-11,2.831356839521487e-13,5.093512417397861e-13,0.9999949932098389
TCN,42,23612,9,11,class_11,11,class_11,1,1.0,4.819142254615057e-18,1.1024894814678268e-18,1.4665071638267674e-18,8.45389968034423e-16,1.363978054906218e-23,5.6364312837572125e-24,7.327196168598407e-14,9.038418588398702e-16,1.0991307554863647e-13,1.069395595092159e-21,8.643129264505049e-23,1.0
TCN,42,23613,9,11,class_11,11,class_11,1,1.0,2.319167244878595e-25,1.0429589539162279e-28,5.177227098603436e-27,4.475854131997002e-19,9.206379920143998e-33,3.0115054184119837e-37,5.519278264837597e-17,5.025678629468556e-20,7.828564496221034e-19,6.367654026878908e-29,4.6739633980785455e-30,1.0
TCN,42,23614,9,11,class_11,11,class_11,1,1.0,8.030355997281299e-23,7.132928903670939e-37,6.377587001163131e-32,1.0253031644847529e-26,5.750428634037285e-39,3.211916210078913e-41,1.1822987735975234e-24,2.78715663966387e-20,4.654899753728366e-18,7.352303390381919e-31,1.3373786330389997e-28,1.0
TCN,42,23615,9,11,class_11,11,class_11,1,1.0,8.790925904972279e-25,1.3786999369880173e-36,1.3514220496087166e-33,2.65480315466588e-25,5.090634258602267e-39,4.122620082043612e-42,1.4623820157275526e-21,2.406096600633375e-23,9.612558623493044e-20,3.982653379935125e-34,7.02616953571238e-31,1.0
TCN,42,23616,9,11,class_11,11,class_11,1,1.0,4.3448105043156107e-16,1.744566877972399e-24,1.0477714914195345e-22,2.8203203729132605e-14,4.637215096132681e-24,7.211314861255028e-29,2.9223479105361383e-12,4.973678998697133e-16,1.1705989910043568e-13,9.198533158822016e-22,8.286210725659612e-24,1.0
TCN,42,23617,9,11,class_11,11,class_11,1,1.0,1.519186201669057e-15,8.674501470522732e-17,2.435158465933368e-13,6.048650417881697e-15,8.357741224665943e-22,1.6742773754991168e-21,2.911263174976142e-10,2.232988701375018e-15,8.204627949259802e-11,4.429447490175187e-20,7.068397335501426e-25,1.0
TCN,42,23618,9,11,class_11,11,class_11,1,1.0,5.593179363720029e-34,0.0,0.0,1.2083489704090929e-37,0.0,0.0,5.032499143271438e-31,1.9158233862628208e-28,1.926191600025774e-29,0.0,9.899192741529805e-40,1.0
TCN,42,23619,9,11,class_11,11,class_11,1,1.0,2.3889142504309773e-36,0.0,0.0,0.0,0.0,0.0,2.126190159920045e-41,2.7708077257469657e-29,2.654363593896883e-28,0.0,1.277343790371494e-35,1.0
TCN,42,23620,9,11,class_11,11,class_11,1,1.0,3.1396923760472987e-34,2.9258006178331253e-34,7.3490279603211866e-37,3.1050139520238026e-23,1.0479050046067415e-40,5.324934164434305e-44,3.685347452456651e-27,3.3195158647362206e-20,1.5029101095025646e-20,1.6688577783753998e-28,6.8349819623195e-31,1.0
TCN,42,23621,9,11,class_11,11,class_11,1,1.0,1.589011258187321e-30,5.784528942274972e-32,8.449436863321294e-34,1.6860438985436485e-22,9.679476989595074e-38,1.5221184179189028e-40,4.843948927661509e-26,3.4328708864228975e-18,2.5189012432298874e-18,5.160860545936033e-27,7.598880336578766e-28,1.0
TCN,42,23622,9,11,class_11,11,class_11,1,1.0,0.0,0.0,0.0,6.663077587640012e-34,0.0,0.0,2.324520303627145e-37,1.6329821732773067e-34,5.917699719231595e-35,0.0,0.0,1.0
TCN,42,23623,9,11,class_11,11,class_11,1,1.0,1.754892309723291e-39,2.339597966817618e-38,2.5151625876473277e-40,2.896783402029833e-33,0.0,0.0,5.200721633626926e-35,1.4374647396308796e-22,5.471236316025333e-23,9.251988584381237e-37,2.591542370692077e-34,1.0
TCN,42,23624,9,11,class_11,11,class_11,1,1.0,2.83649169522945e-23,2.468301848661343e-22,6.908119822941246e-22,1.65733417840202e-16,1.5561178068466565e-26,2.0060507967449323e-28,9.126411377926441e-14,1.725879604974525e-14,3.6714330035360343e-13,3.8098488014997827e-22,1.5374636509848263e-22,1.0
TCN,42,23625,9,11,class_11,11,class_11,1,1.0,4.1036014175068726e-23,7.423005596578309e-25,3.114750724126287e-25,1.7612298169615788e-17,3.7314603783011037e-29,1.2774676041353578e-32,2.5482434075086747e-18,1.7023481561970736e-16,7.86380898956272e-15,3.6573048118821507e-22,1.5044795463802356e-23,1.0
TCN,42,23626,9,11,class_11,11,class_11,1,1.0,1.717283530813984e-17,2.5137095681922902e-17,3.496050747739242e-20,6.23761160995287e-14,1.731229977412453e-22,3.384478971751019e-23,2.8594686157848426e-16,1.1712005587583008e-08,7.132801727732785e-12,1.186683807859537e-13,3.2772354827055898e-15,1.0
TCN,42,23627,9,11,class_11,11,class_11,1,0.9999997615814209,7.496851711620377e-17,2.45582417202935e-18,1.3707435153560106e-22,2.3176954755399493e-07,4.780299782060605e-21,8.216166903068424e-26,5.160651992682863e-16,2.6342455328176584e-08,2.747222479886069e-13,8.206240184995342e-14,2.0371773106682995e-18,0.9999997615814209
TCN,42,23628,9,11,class_11,11,class_11,1,1.0,2.914968697835765e-29,3.0013565864178083e-29,6.682298940656872e-33,1.770165218393772e-20,2.814592581602865e-36,8.043227576171694e-39,1.4439028053021542e-26,3.700511716613075e-16,3.73207710663193e-19,2.1393528341394796e-27,1.995237422330927e-27,1.0
TCN,42,23629,9,11,class_11,11,class_11,1,1.0,0.0,0.0,0.0,3.444934566808194e-36,0.0,0.0,1.0602106472010563e-38,2.0191840271277994e-31,3.903646997696558e-31,0.0,0.0,1.0
TCN,42,23630,9,11,class_11,11,class_11,1,1.0,3.858417295049121e-24,6.974678194770841e-25,6.175704678227599e-27,1.596763778786151e-16,3.377787117212139e-29,1.0575479659914655e-32,4.38153531501504e-20,1.2869094387411937e-14,1.5551947369271397e-15,2.882571600204435e-20,1.288810276038094e-22,1.0
TCN,42,23631,9,11,class_11,11,class_11,1,1.0,4.935259742228334e-37,1.3776065206118862e-36,4.360704502664221e-37,1.300302796420844e-28,0.0,0.0,1.0329417107929838e-28,4.9326222847796e-23,9.700921182687063e-22,9.709483466690023e-35,1.398619020231445e-34,1.0
TCN,42,23632,9,11,class_11,11,class_11,1,1.0,2.964909854418523e-35,3.8995314652413445e-35,2.3435918636227286e-37,1.602484647294977e-27,6.165713243029195e-44,1.401298464324817e-45,8.799219386809073e-31,5.297614902080217e-20,5.742345973479938e-22,1.2861614134172456e-32,1.6583144319408972e-31,1.0
TCN,42,23633,9,11,class_11,11,class_11,1,1.0,1.1879827227363503e-37,1.3762572607673326e-40,1.1444544687987213e-40,4.1662715633143337e-29,0.0,0.0,3.606692392277707e-30,8.412252070719508e-28,1.1950612935006514e-27,6.608803817448702e-41,1.2261697874473587e-39,1.0
TCN,42,23634,9,11,class_11,11,class_11,1,1.0,9.248569864543793e-44,1.0061322973852187e-42,2.5531658019998167e-41,6.968901728460623e-34,0.0,0.0,2.526283121216598e-32,8.909707768385234e-30,9.357468057731642e-24,1.4153114489680652e-43,2.954357552336012e-41,1.0
TCN,42,23635,9,11,class_11,11,class_11,1,1.0,0.0,0.0,0.0,7.939857431834459e-38,0.0,0.0,1.7712838583798843e-38,1.0726600293866477e-36,2.2011805042311485e-30,0.0,0.0,1.0
TCN,42,23636,9,11,class_11,11,class_11,1,1.0,0.0,0.0,0.0,3.6868022466539505e-40,0.0,0.0,1.2629342539573846e-40,4.809105661951888e-37,1.168703167309282e-31,0.0,0.0,1.0
TCN,42,23637,9,11,class_11,11,class_11,1,1.0,0.0,0.0,0.0,1.6639017965392878e-41,0.0,0.0,4.3005849870128636e-42,1.2550005011421802e-35,9.376189042264702e-32,0.0,0.0,1.0
TCN,42,23638,9,11,class_11,11,class_11,1,1.0,4.2028069872256566e-23,4.6875479717598554e-24,6.103130245319244e-26,6.228614425987135e-17,3.4142563460831232e-28,6.929674967694905e-32,6.040130218517204e-19,1.3831668557902355e-14,9.435900445600807e-16,9.284667459851292e-20,5.391472759741136e-22,1.0
TCN,42,23639,9,11,class_11,11,class_11,1,1.0,1.446236841342501e-23,7.664109967092529e-23,3.138344902991201e-23,1.433613189395254e-17,1.3726137380386829e-27,7.72183630840472e-30,3.332703739659003e-17,1.5813993994515108e-13,1.4072174245912793e-14,1.0742330466729779e-20,2.2378252678531943e-21,1.0
TCN,42,23640,9,0,class_0,0,class_0,1,1.0,1.0,0.0,0.0,0.0,0.0,0.0,0.0,0.0,0.0,0.0,0.0,0.0
TCN,42,23641,9,0,class_0,0,class_0,1,1.0,1.0,0.0,0.0,0.0,0.0,0.0,0.0,0.0,1.401298464324817e-45,0.0,0.0,0.0
TCN,42,23642,9,0,class_0,0,class_0,1,1.0,1.0,0.0,1.21185083430988e-25,9.80908925027372e-45,2.7199189179560056e-39,4.161856439044707e-43,7.006492321624085e-45,0.0,1.1809239862549495e-24,0.0,0.0,1.8216880036222622e-44
TCN,42,23643,9,0,class_0,0,class_0,1,1.0,1.0,0.0,3.5032461608120427e-44,0.0,0.0,0.0,0.0,0.0,0.0,0.0,0.0,0.0
TCN,42,23644,9,0,class_0,0,class_0,1,1.0,1.0,0.0,4.137478957702253e-36,0.0,1.6255062186167878e-43,0.0,0.0,0.0,6.680413006907771e-33,0.0,0.0,0.0
TCN,42,23645,9,0,class_0,0,class_0,1,1.0,1.0,1.6819326962433252e-37,2.177009349787033e-19,7.833902410286691e-29,2.3929419111653166e-24,2.631166489940468e-28,5.87058476780884e-31,2.8219124266818874e-37,1.272511410576365e-17,1.4551297652213942e-38,3.339239659350334e-35,4.37248208616609e-29
TCN,42,23646,9,0,class_0,0,class_0,1,1.0,1.0,0.0,0.0,0.0,0.0,0.0,0.0,0.0,0.0,0.0,0.0,0.0
TCN,42,23647,9,0,class_0,0,class_0,1,1.0,1.0,0.0,3.9581979443678115e-24,1.5559709862200617e-39,1.2798673758525615e-32,1.3379492359728836e-37,6.738704185091613e-41,0.0,3.16792629507735e-28,0.0,0.0,4.1562512451874074e-41
TCN,42,23648,9,0,class_0,0,class_0,1,1.0,1.0,0.0,6.306715454928696e-35,0.0,0.0,0.0,0.0,0.0,9.308408111567391e-39,0.0,0.0,0.0
TCN,42,23649,9,0,class_0,0,class_0,1,1.0,1.0,0.0,4.1159837715758454e-32,0.0,0.0,0.0,0.0,0.0,3.153795381000726e-35,0.0,0.0,0.0
TCN,42,23650,9,0,class_0,0,class_0,1,1.0,1.0,0.0,0.0,0.0,0.0,0.0,0.0,0.0,0.0,0.0,0.0,0.0
TCN,42,23651,9,0,class_0,0,class_0,1,1.0,1.0,0.0,6.651669952812722e-28,0.0,4.7996153961282174e-40,0.0,0.0,0.0,1.6582022098462129e-29,0.0,0.0,0.0
TCN,42,23652,9,0,class_0,0,class_0,1,1.0,1.0,0.0,1.8351544818644237e-40,0.0,0.0,0.0,0.0,0.0,1.5414283107572988e-44,0.0,0.0,0.0
TCN,42,23653,9,0,class_0,0,class_0,1,1.0,1.0,0.0,7.806325459091404e-40,0.0,0.0,0.0,0.0,0.0,9.014420738426516e-38,0.0,0.0,0.0
TCN,42,23654,9,0,class_0,0,class_0,1,1.0,1.0,0.0,2.223508245878265e-25,7.841666206361676e-41,1.9079262841316829e-34,4.655001394609896e-40,3.363116314379561e-43,0.0,2.8638176235162306e-28,0.0,0.0,8.688050478813866e-43
TCN,42,23655,9,0,class_0,0,class_0,1,1.0,1.0,0.0,1.2745178479987632e-32,2.3625892108516416e-42,2.0694412007649318e-32,1.328635814015411e-38,0.0,0.0,3.7022278432332164e-27,0.0,0.0,6.491279717842709e-39
TCN,42,23656,9,0,class_0,0,class_0,1,1.0,1.0,0.0,8.991919248205774e-39,0.0,0.0,0.0,0.0,0.0,3.1504734202617244e-37,0.0,0.0,0.0
TCN,42,23657,9,0,class_0,0,class_0,1,1.0,1.0,0.0,1.4811724767913316e-42,0.0,0.0,0.0,0.0,0.0,4.513976118458711e-39,0.0,0.0,0.0
TCN,42,23658,9,0,class_0,0,class_0,1,1.0,1.0,1.3606608088593974e-41,9.213662293647328e-16,1.976485745548279e-37,3.618951065604642e-34,6.838932001700507e-35,1.9814360285552913e-42,6.305843089461677e-44,2.70182830658808e-19,0.0,1.401298464324817e-45,9.207866067790857e-38
TCN,42,23659,9,0,class_0,0,class_0,1,1.0,1.0,0.0,0.0,0.0,0.0,0.0,0.0,0.0,0.0,0.0,0.0,0.0
TCN,42,23660,9,0,class_0,0,class_0,1,1.0,1.0,0.0,3.6827417986403134e-30,0.0,0.0,0.0,0.0,0.0,2.676375167601906e-29,0.0,0.0,0.0
TCN,42,23661,9,0,class_0,0,class_0,1,1.0,1.0,0.0,3.2318238959925683e-29,0.0,8.096712392009982e-36,6.165713243029195e-44,0.0,0.0,1.2493979332060992e-34,0.0,0.0,0.0
TCN,42,23662,9,0,class_0,0,class_0,1,1.0,1.0,0.0,9.94623856247704e-32,0.0,0.0,0.0,0.0,0.0,1.6911090099878777e-27,0.0,0.0,0.0
TCN,42,23663,9,0,class_0,0,class_0,1,1.0,1.0,0.0,2.1836035866285104e-35,0.0,7.736428691690883e-41,0.0,0.0,0.0,6.549760947433455e-38,0.0,0.0,0.0
TCN,42,23664,9,0,class_0,0,class_0,1,1.0,1.0,4.741244424736384e-33,9.625311832295314e-12,7.739049848010083e-32,9.261165180599709e-23,1.0323066622335818e-22,4.75945356691459e-34,1.1626240101119281e-32,9.919434229697121e-20,1.778247751228193e-42,7.019916805753868e-34,1.3200845043621314e-28
TCN,42,23665,9,0,class_0,0,class_0,1,1.0,1.0,7.927387200250524e-31,4.1426623416385144e-12,6.552228881921082e-25,3.303132518728842e-20,2.7547873517917923e-22,6.403318397589071e-28,1.5526517132836185e-30,5.114050886902892e-16,1.2794645087411705e-36,1.2634958546056367e-31,4.3965569423243096e-26
TCN,42,23666,9,0,class_0,0,class_0,1,1.0,1.0,1.401298464324817e-45,2.4368620904623375e-18,6.081915594862571e-41,5.419405115483009e-32,8.040456664731296e-34,5.044674471569341e-44,2.5223372357846707e-44,1.1744293925764534e-14,0.0,8.407790785948902e-45,2.5660639898154845e-34
TCN,42,23667,9,0,class_0,0,class_0,1,1.0,1.0,0.0,6.29652173031291e-28,0.0,2.4347560817643697e-40,2.802596928649634e-45,0.0,0.0,2.104414822563516e-38,0.0,0.0,0.0
TCN,42,23668,9,0,class_0,0,class_0,1,1.0,1.0,0.0,9.642494752783797e-34,0.0,0.0,0.0,0.0,0.0,3.2168541616594396e-37,0.0,0.0,0.0
TCN,42,23669,9,0,class_0,0,class_0,1,1.0,1.0,0.0,3.83046814853866e-30,0.0,3.1780047872422526e-40,0.0,0.0,0.0,1.5308512651070242e-36,0.0,0.0,0.0
TCN,42,23670,9,0,class_0,0,class_0,1,1.0,1.0,0.0,3.863574394330913e-23,0.0,6.393298126620189e-40,3.646178604173174e-42,0.0,0.0,3.186028073723828e-23,0.0,0.0,1.401298464324817e-45
TCN,42,23671,9,0,class_0,0,class_0,1,1.0,1.0,0.0,8.027166159324947e-24,8.304128779167518e-37,7.054614430132222e-30,3.905601325185259e-37,2.7661497161119314e-37,0.0,2.0358078588331734e-28,0.0,0.0,4.0624497272839685e-39
TCN,42,23672,9,0,class_0,0,class_0,1,1.0,1.0,0.0,1.0182148770076024e-23,7.805232446289231e-43,1.254784059084687e-29,4.3340320961816256e-32,4.6382979169151445e-43,0.0,4.676821869320536e-28,0.0,0.0,5.947531072133821e-41
TCN,42,23673,9,0,class_0,0,class_0,1,1.0,1.0,0.0,5.978306222547108e-19,7.707141553786494e-44,3.138696764474576e-35,6.699495298024574e-35,2.2420775429197073e-44,4.203895392974451e-45,4.593906059323274e-15,0.0,2.802596928649634e-45,5.975193264338979e-38
TCN,42,23674,9,0,class_0,0,class_0,1,1.0,1.0,0.0,8.919161376073191e-30,0.0,2.3308016524678658e-34,3.325281255842791e-42,0.0,0.0,2.050840560193184e-31,0.0,0.0,0.0
TCN,42,23675,9,0,class_0,0,class_0,1,1.0,1.0,0.0,0.0,0.0,0.0,0.0,0.0,0.0,2.0079546210837135e-38,0.0,0.0,0.0
TCN,42,23676,9,0,class_0,0,class_0,1,1.0,1.0,0.0,0.0,0.0,0.0,0.0,0.0,0.0,0.0,0.0,0.0,0.0
TCN,42,23677,9,0,class_0,0,class_0,1,1.0,1.0,0.0,5.1361200190555555e-25,3.2510124372335756e-43,9.918084879016664e-25,3.300199701167351e-34,2.612020337501459e-42,0.0,3.8382333231608696e-31,0.0,0.0,0.0
TCN,42,23678,9,0,class_0,0,class_0,1,1.0,1.0,0.0,0.0,0.0,0.0,0.0,0.0,0.0,3.843463211070072e-39,0.0,0.0,0.0
TCN,42,23679,9,0,class_0,0,class_0,1,1.0,1.0,0.0,0.0,0.0,0.0,0.0,0.0,0.0,1.5414283107572988e-44,0.0,0.0,0.0
TCN,42,23680,9,1,class_1,1,class_1,1,0.9999998807907104,0.0,0.9999998807907104,0.0,0.0,0.0,9.330773309557117e-08,0.0,0.0,0.0,0.0,1.5414283107572988e-44,0.0
TCN,42,23681,9,1,class_1,1,class_1,1,1.0,0.0,1.0,0.0,0.0,0.0,6.319856074104925e-43,0.0,0.0,0.0,0.0,0.0,0.0
TCN,42,23682,9,1,class_1,1,class_1,1,1.0,0.0,1.0,0.0,0.0,6.197943107708666e-42,1.6160042466372164e-32,0.0,1.0369608636003646e-43,0.0,1.401298464324817e-45,3.159675803328884e-40,0.0
TCN,42,23683,9,1,class_1,1,class_1,1,1.0,0.0,1.0,1.2565305803792744e-32,0.0,5.259216826876609e-35,7.009063701444551e-16,0.0,8.206147368925498e-33,0.0,1.3258245290362824e-39,8.159477304461976e-34,5.184804318001823e-44
TCN,42,23684,9,1,class_1,5,class_5,0,0.9999388456344604,1.3390327862380954e-20,6.120185571489856e-05,3.0387873246038454e-21,7.006492321624085e-45,1.8568241490330365e-19,0.9999388456344604,0.0,2.999478120639418e-22,1.614811850793519e-28,3.130475384372897e-24,2.348386670163931e-16,1.4123821113859394e-26
TCN,42,23685,9,1,class_1,1,class_1,1,1.0,0.0,1.0,3.0045520633281268e-37,0.0,2.349041737558242e-38,1.2824011661472951e-21,0.0,5.454302397393179e-35,0.0,3.1878138764925264e-41,4.699080358844005e-38,2.802596928649634e-45
TCN,42,23686,9,1,class_1,1,class_1,1,0.999422550201416,4.946583579066604e-43,0.999422550201416,1.0962499137298248e-36,0.0,4.7852056175697335e-34,0.0005774680757895112,0.0,6.368286930669806e-33,2.7003021407539225e-42,5.806980836162042e-42,3.7030110226451015e-28,0.0
TCN,42,23687,9,1,class_1,1,class_1,1,1.0,0.0,1.0,1.2611686178923354e-44,0.0,5.161974861918466e-30,1.1419126613079203e-17,0.0,7.724666528692971e-37,0.0,2.6276693987724247e-33,4.833260836821806e-34,1.401298464324817e-45
TCN,42,23688,9,1,class_1,1,class_1,1,1.0,0.0,1.0,0.0,0.0,0.0,1.5898535423083572e-38,0.0,0.0,0.0,1.5693351696743275e-39,5.997557427310217e-43,0.0
TCN,42,23689,9,1,class_1,1,class_1,1,1.0,5.044674471569341e-44,1.0,4.656514796951367e-41,1.638117904795711e-42,5.369151872388655e-26,7.853258995978589e-22,0.0,4.0235389579211055e-31,0.0,1.0398714596614168e-22,3.0936797697912777e-28,7.413614367061303e-39
TCN,42,23690,9,1,class_1,1,class_1,1,1.0,6.300944167967018e-35,1.0,1.3004205301734405e-30,4.396864208798756e-31,2.2783041815402635e-18,5.153158398077623e-16,2.079253345984833e-32,1.4070324018533765e-25,9.211168648011578e-38,7.845768856346824e-23,4.0555721241913183e-25,1.4463979137489497e-29
TCN,42,23691,9,1,class_1,1,class_1,1,1.0,0.0,1.0,0.0,0.0,7.583657723291832e-33,7.889085977368093e-13,0.0,0.0,0.0,9.073651382435983e-39,2.382207389352189e-44,0.0
TCN,42,23692,9,1,class_1,5,class_5,0,0.9990866184234619,9.467243576324972e-17,0.0009133448475040495,4.74641322339292e-13,3.858112049352908e-33,4.832428313808598e-16,0.9990866184234619,2.0395849666851904e-32,1.479817513178996e-17,2.246699284082883e-21,1.8061425667197137e-20,5.2288403641631565e-12,2.43270720610615e-24
TCN,42,23693,9,1,class_1,1,class_1,1,1.0,0.0,1.0,0.0,0.0,0.0,4.402408579892155e-36,0.0,0.0,0.0,1.2022328070797622e-39,7.567011707354012e-44,0.0
TCN,42,23694,9,1,class_1,1,class_1,1,1.0,4.779065955474091e-34,1.0,9.953895144931122e-34,1.3259176873581907e-37,3.028651373263873e-20,1.696365800718633e-15,4.4701421011961665e-43,1.3415552210868024e-25,1.962602577194766e-40,1.3744291444860239e-16,1.939788266228315e-22,1.5690238516650774e-32
TCN,42,23695,9,1,class_1,1,class_1,1,1.0,0.0,1.0,1.4282426311968547e-39,2.911921190161785e-38,4.080468525489621e-30,4.374595412175554e-24,4.858722165353438e-41,4.831501082105691e-30,0.0,1.9079719171897238e-32,5.138786402077309e-32,1.2354492979819948e-35
TCN,42,23696,9,1,class_1,1,class_1,1,1.0,2.137642354442084e-32,1.0,5.218128554314874e-28,2.108796992606804e-28,1.680143002196345e-15,2.57511992008937e-15,1.1093482628081836e-27,2.0339025197761936e-24,5.521418073872843e-35,1.6124971215506708e-21,1.5856492708938159e-24,5.196380086714378e-27
TCN,42,23697,9,1,class_1,1,class_1,1,0.9999998807907104,5.9830816146298395e-24,0.9999998807907104,2.6612799129607304e-19,2.5811791587898294e-29,2.1789099929718503e-13,6.390132512024138e-08,1.3890432300966682e-26,4.80054551222898e-22,2.963991439010819e-29,7.14883296577813e-23,4.1790581092977955e-19,2.390202166426605e-26
TCN,42,23698,9,1,class_1,1,class_1,1,1.0,5.0526787104008235e-23,1.0,2.257805637834828e-20,2.456495794219129e-21,1.745789290907851e-08,1.2745362924782011e-11,6.577535455352455e-21,2.7365119815944926e-21,2.639552085214827e-27,7.547294343426718e-18,1.5845709628491907e-19,8.241478368029055e-24
TCN,42,23699,9,1,class_1,1,class_1,1,1.0,0.0,1.0,4.048111080877611e-38,3.372785273783402e-41,1.0966188679612081e-30,1.100436271436978e-23,3.0828566215145976e-44,5.254018740311016e-29,0.0,3.2022102404535456e-30,2.393776846477783e-28,4.4529776523585903e-36
TCN,42,23700,9,1,class_1,1,class_1,1,1.0,0.0,1.0,0.0,0.0,0.0,2.0368714854870828e-36,0.0,2.802596928649634e-45,0.0,0.0,1.401298464324817e-43,0.0
TCN,42,23701,9,1,class_1,1,class_1,1,1.0,2.4929099680338496e-42,1.0,1.3023751539349313e-32,0.0,2.8431206963620936e-31,1.4147770460765027e-18,0.0,3.7002190862641584e-29,2.802596928649634e-45,1.1218844357242228e-29,1.6030524836649552e-28,4.029345732622452e-38
TCN,42,23702,9,1,class_1,1,class_1,1,1.0,2.3657292171328942e-33,1.0,8.87329728158126e-26,2.580539102513569e-37,1.1256505240821828e-25,3.351558600420655e-14,2.3129412062606133e-40,2.71028783434602e-23,5.296624868292865e-35,6.296562158818005e-23,2.163894401175005e-19,2.6720177134869108e-30
TCN,42,23703,9,1,class_1,1,class_1,1,1.0,0.0,1.0,0.0,0.0,3.482927333079333e-41,4.236793207934575e-13,0.0,5.442334949775438e-40,0.0,0.0,5.350031227111694e-35,0.0
TCN,42,23704,9,1,class_1,1,class_1,1,1.0,0.0,1.0,0.0,0.0,0.0,4.331067035659596e-35,0.0,0.0,0.0,8.452632336807297e-42,1.3452465257518244e-43,0.0
TCN,42,23705,9,1,class_1,1,class_1,1,1.0,0.0,1.0,0.0,0.0,5.8693241088923006e-33,1.8867708582371857e-26,0.0,8.134686123042782e-39,0.0,8.031487099168385e-31,1.57522327111807e-34,0.0
TCN,42,23706,9,1,class_1,1,class_1,1,1.0,1.401298464324817e-45,1.0,7.069130362979405e-41,5.154466206249191e-40,9.057576589268995e-23,1.438689551578052e-20,1.9843644620860373e-38,1.0448569616380034e-31,0.0,7.491433547575753e-29,1.4845653172424653e-31,8.048945378373586e-37
TCN,42,23707,9,1,class_1,5,class_5,0,0.9999983310699463,1.1603493502414935e-13,1.622612444407423e-06,1.3830814748691522e-12,2.635819446408141e-31,1.8322835449954313e-14,0.9999983310699463,1.5918044913736318e-31,1.651109412681987e-16,2.2083297681995293e-19,1.935398319762784e-18,2.4102422835348136e-10,1.3436863436133989e-21
TCN,42,23708,9,1,class_1,1,class_1,1,1.0,0.0,1.0,0.0,0.0,1.1870894270987986e-31,2.491408121000682e-25,0.0,4.971106302192289e-41,0.0,4.805307470490305e-38,1.4266843873045255e-39,0.0
TCN,42,23709,9,1,class_1,1,class_1,1,1.0,0.0,1.0,0.0,0.0,5.779450218932244e-34,1.1198851218304234e-26,0.0,1.2657480612737489e-39,0.0,6.98818940727686e-30,5.342688979193862e-35,0.0
TCN,42,23710,9,1,class_1,1,class_1,1,1.0,0.0,1.0,0.0,0.0,0.0,7.96498047122226e-42,0.0,0.0,0.0,1.1518673376749996e-42,0.0,0.0
TCN,42,23711,9,1,class_1,1,class_1,1,1.0,0.0,1.0,0.0,0.0,2.6441913476454282e-39,2.8374180447296895e-26,0.0,1.473658714425622e-39,0.0,4.6027105411151515e-38,1.329122484972071e-38,0.0
TCN,42,23712,9,1,class_1,1,class_1,1,1.0,0.0,1.0,0.0,0.0,4.203895392974451e-45,3.888403514233844e-36,0.0,0.0,0.0,0.0,0.0,0.0
TCN,42,23713,9,1,class_1,1,class_1,1,1.0,1.369229796052372e-35,1.0,6.984884481399636e-30,2.106992370958795e-41,2.7582940633408576e-26,8.589195300097094e-15,1.401298464324817e-45,1.6463434647325186e-25,4.575207256155848e-39,3.0883342770438095e-23,2.8310355419339323e-21,3.7088442410188916e-34
TCN,42,23714,9,1,class_1,5,class_5,0,1.0,1.484410118167588e-19,1.0504156433555067e-09,4.885928817272589e-18,2.802596928649634e-45,7.052675239052758e-23,1.0,1.401298464324817e-45,9.409765591443269e-24,1.323953885398575e-26,2.6427762845347257e-27,6.593271374202972e-18,1.7257767345213117e-30
TCN,42,23715,9,1,class_1,1,class_1,1,1.0,1.7609047433350986e-35,1.0,7.614842073133461e-35,6.636550757637982e-32,1.0851228769703791e-12,1.7653175522632992e-19,2.342814934589974e-29,1.0970473482533823e-27,7.941884269933259e-39,3.2426401160408824e-15,1.0480406163709908e-27,5.489250051072992e-33
TCN,42,23716,9,1,class_1,1,class_1,1,1.0,0.0,1.0,0.0,0.0,9.29309034989804e-37,4.519232700521616e-31,0.0,1.363243401929148e-39,0.0,5.882857331989253e-35,1.0372523336809442e-39,0.0
TCN,42,23717,9,1,class_1,1,class_1,1,1.0,0.0,1.0,0.0,0.0,8.688050478813866e-44,2.334322335851611e-29,0.0,1.401298464324817e-45,0.0,3.048076940696976e-35,3.0854630366582417e-40,0.0
TCN,42,23718,9,1,class_1,1,class_1,1,1.0,0.0,1.0,0.0,0.0,5.281240277018193e-39,4.2111391106343724e-29,0.0,5.605193857299268e-45,0.0,2.2727659792884208e-41,2.588198263607937e-42,0.0
TCN,42,23719,9,1,class_1,1,class_1,1,1.0,0.0,1.0,4.203895392974451e-45,0.0,8.168249265310284e-29,2.4163536541129843e-22,0.0,2.6757312129610654e-37,0.0,2.8118573904934656e-35,2.785053536421388e-34,0.0
TCN,42,23720,9,2,class_2,2,class_2,1,1.0,1.4250009645203283e-21,6.420926452846874e-29,1.0,1.088624660019684e-30,1.7330207872401708e-37,2.0448213543556658e-35,5.585996542223528e-33,1.7473798380453564e-29,8.03347474256619e-32,0.0,0.0,5.964658652248281e-35
TCN,42,23721,9,2,class_2,2,class_2,1,1.0,6.960626791896971e-30,1.3612052390966793e-34,1.0,8.839159330558517e-37,1.8830648763596892e-41,1.7754591672841865e-40,1.582236649144662e-30,2.2230700898344208e-30,5.631588182455666e-34,0.0,0.0,1.0682567048337771e-31
TCN,42,23722,9,2,class_2,2,class_2,1,1.0,2.3841255685564086e-21,1.0258463922848667e-27,1.0,1.2363135342403e-25,2.979377101908587e-35,1.4013074033624243e-31,9.66803384427019e-31,1.0395383079239238e-22,9.999325982820392e-21,0.0,8.779926181700019e-34,1.1897110240039572e-29
TCN,42,23723,9,2,class_2,2,class_2,1,1.0,2.020581063577609e-10,1.530759374334407e-19,1.0,1.4197594949870013e-21,1.5023793463820017e-32,5.970158021963966e-23,8.2806893304117895e-22,1.1593587689663068e-19,7.023087920073122e-16,4.3915825066891886e-39,5.74103923796291e-27,8.056532674035939e-22
TCN,42,23724,9,2,class_2,2,class_2,1,1.0,6.15487958479669e-23,1.6712840889934631e-29,1.0,1.6851448864325966e-28,4.234455749318279e-33,5.227813104993533e-35,5.5418245111893945e-27,3.8255113182425077e-26,1.084153662554354e-29,0.0,5.605193857299268e-45,4.500264167598781e-28
TCN,42,23725,9,2,class_2,2,class_2,1,1.0,2.2961895324436734e-19,5.894228167962658e-26,1.0,1.747358617272931e-23,4.600252002959951e-31,1.6241798098471854e-33,4.671678456929524e-24,6.469233082462574e-23,1.6578101025465978e-29,0.0,2.8306228979361305e-43,7.6353934631107875e-31
TCN,42,23726,9,2,class_2,2,class_2,1,1.0,2.4829024266822576e-14,4.4527689246419693e-23,1.0,1.1759191833235599e-19,4.49808449638422e-28,1.62168176327577e-29,2.1983855799841563e-23,8.134389130682771e-21,1.4827942334122532e-23,0.0,7.829235567944344e-38,5.114468745435633e-28
TCN,42,23727,9,2,class_2,2,class_2,1,1.0,3.996507247682192e-17,4.643172542765563e-20,1.0,7.599118035983778e-19,3.1842510955094884e-25,2.6596139196665255e-28,2.1090179055094993e-17,4.2847136821440406e-18,8.274523751348763e-24,1.2611686178923354e-44,2.3236286114517055e-34,6.325574948299096e-22
TCN,42,23728,9,2,class_2,2,class_2,1,1.0,3.0798398228163896e-23,5.0417212746551226e-24,1.0,8.741339291761444e-24,1.5755856080681613e-32,2.433860364611325e-34,1.1481340360963518e-22,6.616885992472872e-24,2.3387764908338823e-31,0.0,3.4808253853828456e-42,2.552248140091798e-28
TCN,42,23729,9,2,class_2,2,class_2,1,1.0,3.767676588125644e-29,1.9505639124527854e-28,1.0,4.9563133795641364e-30,1.4111075535750908e-42,2.681257373584977e-38,4.5616626833933245e-33,2.044415080495883e-28,2.0006971156344936e-32,0.0,5.6192068419425165e-43,7.953498792124968e-38
TCN,42,23730,9,2,class_2,2,class_2,1,1.0,1.2636012691721276e-17,5.873091527475779e-24,1.0,2.926064326662399e-22,2.174642129992973e-28,1.9840546605721195e-30,3.544819999446983e-23,1.3864793087965759e-21,5.14653101085221e-26,0.0,4.181822139564407e-39,5.169510667688254e-27
TCN,42,23731,9,2,class_2,2,class_2,1,1.0,1.818736553104547e-20,5.65862359762898e-23,1.0,5.445515703425828e-25,1.1565058926236843e-33,1.4263330339205266e-29,3.531862170217823e-23,4.742188422359989e-24,4.4954135397001464e-26,0.0,2.6516696851859597e-37,1.8912573373204663e-29
TCN,42,23732,9,2,class_2,2,class_2,1,1.0,9.05400187314385e-34,1.7087393116581047e-36,1.0,7.006492321624085e-45,0.0,0.0,5.324934164434305e-44,2.3896250786951846e-36,5.846921205511614e-37,0.0,0.0,0.0
TCN,42,23733,9,2,class_2,2,class_2,1,1.0,3.7427188389791647e-16,1.2713521965041787e-24,1.0,2.3869301655254866e-27,8.245436345872229e-40,1.4969362715122705e-28,1.5840378976946416e-28,1.1029573131178834e-24,1.7494603636054933e-22,0.0,2.546347138379104e-34,1.3942384646402517e-29
TCN,42,23734,9,2,class_2,2,class_2,1,1.0,7.082373137443073e-19,1.3657136366045538e-28,1.0,5.636481343876478e-29,3.731802828072464e-36,1.4223483114317617e-32,1.3070181178483893e-33,2.4913038434497733e-25,4.900905658768646e-23,0.0,5.170799741149361e-39,3.702022680160467e-31
TCN,42,23735,9,2,class_2,2,class_2,1,1.0,1.1008575507339552e-13,6.161585685805296e-27,1.0,9.394476727542987e-26,1.6425997181624943e-31,3.320718021285367e-28,1.886919180120734e-29,6.175366744267387e-22,7.049619628619329e-20,0.0,1.5000691188653268e-35,2.442863600749364e-27
TCN,42,23736,9,2,class_2,2,class_2,1,1.0,9.186965151046562e-21,3.800730116293365e-31,1.0,7.78818609962163e-31,5.755833442214186e-41,9.255740351385216e-35,7.800114231674254e-37,4.497694765200674e-26,3.796745884972934e-23,0.0,2.615004542711085e-37,9.068351904102506e-33
TCN,42,23737,9,2,class_2,2,class_2,1,1.0,2.830774978021494e-22,1.8774210653954684e-28,1.0,8.276648426670796e-29,5.220889435016344e-38,4.1542792285750255e-34,4.120000711279094e-34,4.0270826591182944e-25,9.002516395641955e-26,0.0,1.616295203551088e-38,4.513301743774542e-33
TCN,42,23738,9,2,class_2,2,class_2,1,1.0,7.273500717192884e-15,6.829298229686755e-24,1.0,6.217720007848325e-24,2.6556979022364787e-30,8.145107483691521e-27,3.024632773872565e-28,2.651429387399703e-20,6.182733777977085e-18,0.0,3.433478691746188e-30,6.741419420667974e-25
TCN,42,23739,9,2,class_2,2,class_2,1,1.0,2.671881266486363e-18,1.123826498943013e-26,1.0,6.613216642950092e-27,2.0234535475062607e-33,3.180683619977046e-24,1.4623359146962514e-23,2.760445503966144e-23,1.586426917036864e-20,0.0,1.8684968429999158e-36,2.8563673079711144e-27
TCN,42,23740,9,2,class_2,2,class_2,1,1.0,4.1060693910355695e-26,6.1210568012416e-27,1.0,3.4830920294949594e-31,3.9070163003225955e-40,5.209355963927811e-36,2.7309771228637164e-34,4.8937779738522555e-27,3.49068896736568e-30,0.0,2.802596928649634e-45,1.726902353807328e-38
TCN,42,23741,9,2,class_2,2,class_2,1,1.0,6.641622827682684e-30,4.708333154307252e-33,1.0,1.1063312019557812e-34,7.146622168056567e-44,2.994574818262134e-42,1.6064058479247777e-37,1.0796715119986235e-29,7.938559829456494e-37,0.0,0.0,3.713440930460765e-43
TCN,42,23742,9,2,class_2,2,class_2,1,1.0,2.9682091173665736e-16,1.3413846772082596e-20,1.0,3.62332017921425e-24,3.230971671992177e-30,1.99738042923195e-24,7.653003909952285e-24,4.1001742901902304e-23,4.700983440489909e-22,2.802596928649634e-44,8.14268702069941e-34,6.3250524565090626e-27
TCN,42,23743,9,2,class_2,2,class_2,1,1.0,4.049746041279615e-24,2.90250955609897e-28,1.0,4.056121009410644e-29,1.5940539100165256e-33,9.82700879495451e-35,1.238459380347247e-28,3.5797633506734764e-27,6.6033395157442e-33,0.0,0.0,6.236290670015972e-33
TCN,42,23744,9,2,class_2,2,class_2,1,1.0,4.037774957570218e-17,1.3161253227795224e-31,1.0,1.3035111549669501e-28,2.4817367988064635e-37,8.15157486001758e-34,8.401547407139786e-34,2.761021796439692e-25,8.134567047215891e-23,0.0,3.4906344746331193e-42,1.885519571012835e-33
TCN,42,23745,9,2,class_2,2,class_2,1,1.0,9.265537226355036e-10,7.823314587668313e-18,1.0,7.483441609456153e-20,1.3362625807103516e-27,1.5788854370752098e-21,2.5494268703206908e-20,2.456891855405003e-19,1.3195677257588252e-14,6.371203057795652e-36,1.661889378650618e-27,1.583461167957959e-24
TCN,42,23746,9,2,class_2,2,class_2,1,1.0,4.199531863434249e-18,1.7950610283861454e-19,1.0,1.350612232370458e-19,9.149039962519578e-24,6.959313649527464e-26,5.264222416912791e-17,2.1694168140407738e-18,1.01549180804887e-23,2.5278022997955375e-41,8.058608134217915e-33,1.3382764491213635e-21
TCN,42,23747,9,2,class_2,2,class_2,1,1.0,8.3958346012792e-29,6.122518503828486e-30,1.0,6.116956393698813e-32,8.8141673406031e-42,8.594990247798055e-40,1.4163368425052062e-34,3.0924304671846023e-27,1.5017245684779448e-34,0.0,0.0,2.4350363414572346e-41
TCN,42,23748,9,2,class_2,2,class_2,1,1.0,1.0280352483464823e-14,1.8275768520307514e-19,1.0,1.4003045947206662e-21,2.4613363022557e-28,1.0138317922687953e-22,3.163816274987701e-23,1.0897348273659086e-21,2.515923082831967e-19,4.435333847342338e-40,4.504018512237793e-31,3.809855818910573e-26
TCN,42,23749,9,2,class_2,2,class_2,1,1.0,7.04536869575263e-21,8.331853428774795e-24,1.0,1.817629794507385e-24,4.157985971952337e-28,6.275844344576861e-30,6.637343380333006e-22,1.6505907224145886e-22,2.360308517386708e-28,0.0,3.7856946818782815e-39,2.94300646059594e-26
TCN,42,23750,9,2,class_2,2,class_2,1,1.0,1.037071386076236e-28,1.133070665661563e-30,1.0,1.1975688416869442e-31,3.874169864318822e-41,4.3430443304819055e-40,2.0735006327522523e-34,8.482440276426768e-27,1.5059073539037048e-33,0.0,0.0,1.0926344515879896e-40
TCN,42,23751,9,2,class_2,2,class_2,1,1.0,2.6015094962588737e-17,1.8941159966064048e-22,1.0,5.840491949175134e-25,2.8512015147273863e-31,2.7833681058209207e-24,2.149442243398484e-24,2.1401642530769532e-24,1.8039184058985124e-24,0.0,6.528237451436934e-37,4.536959813608852e-29
TCN,42,23752,9,2,class_2,2,class_2,1,1.0,7.088632907507925e-22,1.439538875831759e-22,1.0,7.309881759478258e-23,9.649327309289848e-29,1.3351039141724184e-30,3.8359965743908556e-22,1.02236474290839e-21,3.70150566765232e-28,0.0,5.305129332978309e-38,3.1201821547182502e-27
TCN,42,23753,9,2,class_2,2,class_2,1,1.0,6.364588149532868e-31,3.4087503051247247e-36,1.0,1.542350225016978e-38,8.828180325246348e-44,1.1210387714598537e-44,1.994048880614537e-36,2.332651908126709e-34,1.5111602639278827e-41,0.0,0.0,2.0562653665502366e-41
TCN,42,23754,9,2,class_2,2,class_2,1,1.0,1.8795708846958907e-28,4.469839650414188e-30,1.0,2.6116685788525814e-34,4.344025239406933e-44,6.447766597928494e-40,4.566439051404875e-38,6.361993598401733e-30,2.4862497601045743e-35,0.0,0.0,7.42688186092153e-44
TCN,42,23755,9,2,class_2,2,class_2,1,1.0,4.2616500668687146e-17,1.2488636371212798e-20,1.0,7.423490351604568e-24,1.1937660845481922e-29,5.237443187266792e-24,1.7347321490670088e-24,1.0946421985286565e-22,2.188437980860447e-22,1.807675018979014e-43,4.0755311171390134e-33,1.2773350562763309e-26
TCN,42,23756,9,2,class_2,2,class_2,1,1.0,2.208247440851343e-28,4.637459293818315e-33,1.0,1.9558620311429727e-35,3.7947162413916046e-41,3.5590178396921704e-41,4.919362928160284e-35,3.2489635299171057e-32,4.6186102340107666e-38,0.0,0.0,1.2731825101463778e-38
TCN,42,23757,9,2,class_2,2,class_2,1,1.0,4.10134475267788e-32,1.4984072040337793e-32,1.0,3.5211020663638552e-37,0.0,4.0483512634343965e-42,5.232448465788867e-41,1.3148563531179227e-30,4.041466668384626e-35,0.0,0.0,1.5414283107572988e-44
TCN,42,23758,9,2,class_2,2,class_2,1,1.0,8.512269183960667e-18,5.501190109281269e-21,1.0,3.604819024404102e-24,4.881760800688093e-31,2.407884760951046e-25,4.498059638021242e-24,4.237984188255634e-23,7.14267290874144e-23,1.401298464324817e-45,4.603352049722718e-34,5.682815968331654e-28
TCN,42,23759,9,2,class_2,2,class_2,1,1.0,3.1345149438533075e-24,8.44854153665986e-25,1.0,1.1003134211421319e-25,3.027918047365034e-31,2.1876506759251473e-32,6.77121371098204e-25,2.8152108706906194e-24,1.2324203683978637e-31,0.0,3.458544739800081e-41,5.785619340238749e-29
TCN,42,23760,9,3,class_3,3,class_3,1,1.0,3.554081857563002e-23,1.2930010838198626e-22,1.891648776563132e-27,1.0,4.8874875260458455e-21,2.5079217892541583e-34,4.598407867384363e-17,1.7930964375999094e-27,2.094268634747025e-30,1.7321231326010622e-28,3.703766599039131e-35,5.9416700458659e-22
TCN,42,23761,9,3,class_3,6,class_6,0,1.0,1.6997846248895864e-24,4.1244298324928596e-29,2.3379742016186523e-23,1.0069620321187728e-17,2.700572248089221e-26,6.759424476832825e-31,1.0,1.1231113780435027e-25,1.178930320809741e-31,1.310432928937528e-33,7.369715049290321e-38,2.4277987163386385e-24
TCN,42,23762,9,3,class_3,6,class_6,0,1.0,4.5407689419269855e-29,1.1481451890534608e-33,1.2424924413548392e-26,1.275565112112816e-22,1.0506053170926205e-29,2.320862174749668e-36,1.0,4.701840575746714e-31,5.080125304846971e-37,1.2650922535924449e-40,2.802596928649634e-45,4.310261308194015e-30
TCN,42,23763,9,3,class_3,6,class_6,0,0.9999130964279175,2.616884844670181e-13,1.092632056134816e-15,3.3376068835772044e-12,8.686848013894632e-05,7.3131528705527e-15,6.439905057600434e-18,0.9999130964279175,2.8944431920696623e-11,1.4091931633514635e-17,7.277967148393535e-17,2.0360585488898215e-20,1.1370406699517943e-10
TCN,42,23764,9,3,class_3,3,class_3,1,1.0,6.138786085622449e-18,5.233721662109031e-19,2.118817440323401e-23,1.0,1.3861542807764528e-17,1.2666207613283147e-27,4.7168532968377974e-11,2.1525739175043339e-19,7.985024263134954e-23,1.897404094430876e-17,1.1963436161762233e-26,7.477272110940208e-14
TCN,42,23765,9,3,class_3,6,class_6,0,1.0,6.859274707559049e-38,6.173560514429414e-41,1.070092121713151e-31,4.108611630888112e-24,5.5552396521782035e-36,3.242604646447627e-42,1.0,7.862704785827214e-36,0.0,0.0,0.0,7.038303276535437e-36
TCN,42,23766,9,3,class_3,3,class_3,1,1.0,3.857986503039161e-26,5.752740104969413e-29,5.582436906556948e-34,1.0,2.2603052790998812e-27,1.5652503846508207e-41,5.714637139520742e-22,2.3434817008466362e-32,7.086991730232112e-35,1.4064840417111557e-34,1.4458597554903463e-41,2.505629902615233e-24
TCN,42,23767,9,3,class_3,3,class_3,1,1.0,5.199402691228564e-16,4.7066116941846695e-17,1.9034545496728954e-20,1.0,7.494737437974692e-17,7.731434926339686e-25,2.5130062961120636e-12,1.9053898615005854e-17,5.2194607936988044e-21,3.7905432016794585e-20,3.952253088586066e-24,1.9006678013151063e-13
TCN,42,23768,9,3,class_3,3,class_3,1,1.0,1.0622420988653854e-17,2.599810312184325e-19,1.145338817919228e-22,1.0,2.81953869269379e-19,8.227702722693518e-28,2.0221778624426173e-13,4.9004460696674416e-20,8.0075621769693e-24,1.6686009533061998e-23,4.868805306931861e-28,1.3956372348287159e-15
TCN,42,23769,9,3,class_3,3,class_3,1,1.0,3.604015266018458e-20,3.258345289751253e-18,1.930814911988628e-18,1.0,2.1543529154090073e-15,5.9184324912947146e-24,2.561705070291964e-09,3.4480610641013376e-15,1.7945927999327426e-22,3.8216100233990314e-22,2.3787903381713306e-23,1.4387810697553505e-15
TCN,42,23770,9,3,class_3,3,class_3,1,1.0,1.694938473119616e-20,1.465801656312442e-19,3.0748423826709273e-21,1.0,5.008246185799913e-19,1.7644333458497978e-29,5.576980460016319e-14,1.731745198246871e-22,6.484909649311059e-27,3.7395906838576146e-25,9.93501376692104e-32,1.9675360055451797e-20
TCN,42,23771,9,3,class_3,3,class_3,1,1.0,1.181547028597893e-22,2.2323834339608284e-23,1.2323934683851395e-29,1.0,1.3357817049075947e-22,2.9352357967083973e-34,6.533265177939313e-16,1.1154138212417757e-24,1.0716536248988963e-29,3.4603090866168136e-26,2.2480106210667424e-33,8.990267908633622e-18
TCN,42,23772,9,3,class_3,3,class_3,1,1.0,4.6766164708122716e-17,1.8719694524443577e-23,1.742397140704492e-26,1.0,4.2182808813700434e-20,2.8588128406489606e-32,3.736543545277207e-15,4.943526235755927e-24,3.960744649296337e-27,7.873464401944072e-25,1.717211518443932e-32,1.543524709890661e-19
TCN,42,23773,9,3,class_3,3,class_3,1,1.0,5.933947587856772e-14,4.66702651730818e-14,1.474373605957213e-15,1.0,1.9287136720624182e-14,1.5844052924665457e-22,1.7075403591082505e-10,5.004278924184532e-17,1.5004526399132005e-20,2.7607550378392236e-20,2.750668046362473e-24,2.0856492260242637e-16
TCN,42,23774,9,3,class_3,3,class_3,1,1.0,1.9580812665202133e-18,2.5324682046876452e-17,2.456562437188402e-20,1.0,1.2721328100099995e-17,1.6746490497181722e-27,8.953664768157968e-14,5.797222298539443e-20,9.041312328441691e-24,2.3907805506141468e-23,1.7582336389326005e-27,2.0836760693910797e-17
TCN,42,23775,9,3,class_3,6,class_6,0,1.0,1.5636455680982836e-18,2.9123640215492446e-24,4.17494332195887e-21,7.704707508827274e-16,1.2257875598530378e-21,2.846111846573049e-26,1.0,8.459519175133344e-22,3.8826003191367372e-25,3.222495449676872e-27,9.83365217474658e-34,2.7741533604345366e-19
TCN,42,23776,9,3,class_3,3,class_3,1,1.0,2.0154885833998787e-25,3.168125940442059e-24,2.944338226708009e-29,1.0,2.8770948393377184e-24,1.8779740222653838e-34,2.2403081777700384e-16,3.956537392162321e-24,3.881509429805036e-30,1.4814729799887854e-28,5.757953733333566e-33,7.809121822718128e-18
TCN,42,23777,9,3,class_3,6,class_6,0,1.0,4.137517762430513e-25,2.082818206787138e-24,3.194346635950755e-19,6.422530421986566e-14,2.7030085414570024e-23,1.08785114447287e-25,1.0,1.6723441639347008e-20,1.4939876727674137e-27,1.7258877246979163e-31,4.667101426295733e-31,3.609132799823776e-20
TCN,42,23778,9,3,class_3,6,class_6,0,1.0,3.0975797490397127e-26,7.180663089151823e-26,2.245335502359679e-19,4.037330397621807e-16,5.306801662294667e-26,1.5705429065743202e-27,1.0,1.0619719974554714e-22,9.022675220527506e-31,3.131152593259567e-34,2.8066612807236613e-34,2.0421310158603054e-21
TCN,42,23779,9,3,class_3,6,class_6,0,1.0,2.8274445718591763e-34,6.6841936748293774e-43,1.3002109218982736e-32,3.94439198288476e-31,8.6385807193875e-38,1.7656360650492695e-43,1.0,3.424181179606115e-36,4.344025239406933e-43,0.0,0.0,1.1643283299838266e-32
TCN,42,23780,9,3,class_3,6,class_6,0,0.9602667689323425,1.2503293191912235e-06,1.9385285043860279e-10,3.255576641603142e-10,0.03973174840211868,1.4871841536034935e-09,1.8003329540052307e-14,0.9602667689323425,9.739407857978222e-08,3.2136762868895108e-12,1.0589658490378628e-12,2.538008230296607e-15,1.1675147248979556e-07
TCN,42,23781,9,3,class_3,6,class_6,0,1.0,2.2918245079495136e-10,1.654820528721704e-15,6.026627222439906e-13,7.027276538451588e-10,4.8529171133016025e-12,7.757518160204008e-18,1.0,9.55000076414969e-13,1.1460597180740651e-15,1.0276532933972968e-17,7.443230175808094e-23,2.646701169339849e-08
TCN,42,23782,9,3,class_3,6,class_6,0,0.9986392855644226,9.874418793742734e-08,1.3311731925091941e-11,1.1865976257130484e-10,0.0013605488929897547,1.5690179711036478e-10,9.697516735755665e-15,0.9986392855644226,1.142203487347615e-08,1.5722815844415594e-12,7.679891201066089e-14,2.0419973830875134e-15,5.1812437673604e-10
TCN,42,23783,9,3,class_3,6,class_6,0,1.0,5.435674140969381e-34,2.4018255678527365e-42,3.000958156519789e-35,3.444548570738405e-39,1.9878340629891093e-31,1.5414283107572988e-44,1.0,2.7288384068891874e-37,0.0,0.0,0.0,1.4330617375577973e-31
TCN,42,23784,9,3,class_3,6,class_6,0,1.0,4.0991264202427935e-12,5.482474749453846e-16,4.322101826285431e-14,3.803147033409893e-11,3.7904843651868914e-13,3.4787734133601496e-18,1.0,2.09300486013822e-13,4.3298039921660207e-16,7.611625834026192e-18,4.690737083964174e-22,6.161306881358186e-11
TCN,42,23785,9,3,class_3,3,class_3,1,1.0,4.437911005747434e-17,4.0378209488122757e-17,1.1543657848121082e-22,1.0,3.4105800150040124e-16,1.7885066769122424e-26,1.7684235965789025e-13,1.0913615216613468e-21,5.826516785201078e-25,3.6352742113405094e-21,6.9278916402616e-28,2.560463636211135e-17
TCN,42,23786,9,3,class_3,6,class_6,0,0.999961256980896,2.6048761370134343e-08,8.549971169426185e-13,4.562076758030109e-11,3.854932583635673e-05,1.7121899731353807e-10,3.033675393887352e-15,0.999961256980896,3.990014429966493e-10,7.602123141062234e-13,3.7319133243743363e-14,8.86435902528417e-19,1.7653324846378382e-07
TCN,42,23787,9,3,class_3,3,class_3,1,1.0,2.187983503274986e-18,9.054861176047575e-20,1.868272100824632e-25,1.0,2.2410665783146576e-18,6.194378448324762e-31,4.54829750251573e-12,3.424889694195577e-27,9.370375014291693e-29,4.361753753596192e-29,5.308721325052425e-35,2.3481002671486405e-16
TCN,42,23788,9,3,class_3,3,class_3,1,0.9942544102668762,3.007730953186183e-09,1.0888324963875817e-11,3.611363324270561e-13,0.9942544102668762,2.7005164771054524e-10,5.837856422199453e-16,0.005745605565607548,1.4804235962118106e-11,1.8719030028834828e-14,2.2521061079396054e-13,1.8496197895027087e-16,1.8707289883845846e-10
TCN,42,23789,9,3,class_3,6,class_6,0,1.0,5.471777252725617e-16,6.552110178076369e-23,8.421217174636316e-19,4.587632020108512e-17,1.0607472594214102e-18,4.885426925909239e-25,1.0,1.1579177944898453e-19,7.582390603743236e-24,6.727797148689488e-27,8.444805489047451e-32,2.3470872686832836e-17
TCN,42,23790,9,3,class_3,6,class_6,0,1.0,1.6925001255185946e-23,4.345134458734775e-27,8.210368005043072e-27,3.049983768148301e-13,6.760289897967234e-27,1.1632769900312252e-38,1.0,3.6623849011727834e-38,1.5151403719561045e-38,2.802596928649634e-45,0.0,1.997628001600485e-13
TCN,42,23791,9,3,class_3,3,class_3,1,1.0,4.328384439061805e-12,4.46314407754147e-15,1.578701992326035e-17,1.0,1.7146885040314475e-13,2.9988279982793202e-21,9.68717372984429e-09,1.1484284118297439e-13,1.3789349627187227e-16,3.2388057037677806e-16,4.7746719650590466e-20,1.889937928378771e-10
TCN,42,23792,9,3,class_3,3,class_3,1,1.0,2.6514349416590223e-16,8.611088470935679e-20,2.1804302222571123e-22,1.0,2.4268618904468777e-18,1.7717465412014047e-27,1.970662175110327e-11,6.313913559587302e-20,1.0884251541801734e-23,3.4742554448418774e-23,1.1467129407697487e-27,1.6616008421760175e-16
TCN,42,23793,9,3,class_3,3,class_3,1,0.993946373462677,1.4882811427696652e-08,1.2445551655763422e-14,2.487083762474731e-15,0.993946373462677,8.381103450139094e-11,2.512204388990658e-19,0.00605369359254837,3.1138086494008135e-14,3.6164030323991725e-18,4.701842832517179e-17,7.612833377164439e-23,2.042839638768945e-12
TCN,42,23794,9,3,class_3,3,class_3,1,1.0,1.6030773195974747e-20,1.611874281156119e-23,2.816515580375865e-28,1.0,1.009229332885311e-20,4.622462098118234e-34,1.1224525921967325e-16,2.0591296667534876e-28,9.734944863509956e-31,5.126031547339248e-28,1.7088307884218558e-36,5.073076381490432e-22
TCN,42,23795,9,3,class_3,3,class_3,1,0.8675137162208557,2.1105956875544507e-06,8.335343526510997e-11,9.16915848803157e-11,0.8675137162208557,9.094966557654516e-09,6.224988701456413e-15,0.13248419761657715,4.447285206765628e-09,4.199351912211047e-13,5.750792095131352e-13,2.934893988062082e-16,3.161746198188098e-09
TCN,42,23796,9,3,class_3,3,class_3,1,1.0,6.787038019103212e-18,4.383594025388017e-19,2.3872993074394065e-23,1.0,1.6381185411618416e-17,1.3243774744305435e-27,5.093861096816532e-12,5.0801616777056373e-23,2.8036793019780987e-24,9.034761627484736e-24,2.373707151824499e-29,8.851444154456961e-14
TCN,42,23797,9,3,class_3,3,class_3,1,1.0,7.296249163419937e-18,4.072527456911652e-20,3.9506085108139064e-25,1.0,2.8842243199930132e-18,8.678648837205683e-30,6.6767291599190235e-15,1.330929389925144e-22,9.672964964906217e-26,2.159438191807074e-22,6.327769973753248e-30,2.5768567015907108e-17
TCN,42,23798,9,3,class_3,3,class_3,1,1.0,1.3895291334085817e-21,1.128894113048464e-23,1.9112454808776677e-29,1.0,2.005652472015752e-21,2.1048435997149014e-35,7.051613909377406e-19,1.6718636735361022e-30,1.3261441786810158e-31,1.761314091656275e-28,6.317131949890278e-38,7.761880756596897e-23
TCN,42,23799,9,3,class_3,3,class_3,1,0.9999964237213135,3.3512020936043996e-10,1.1817814268003839e-15,8.751415370855873e-17,0.9999964237213135,9.237173526077669e-12,6.006968240798398e-21,3.607301550800912e-06,1.6384198003409334e-16,5.018306253012206e-19,1.4723996883178654e-17,5.19692413573102e-24,1.0047886323969954e-13
TCN,42,23800,9,4,class_4,4,class_4,1,1.0,4.240831386688633e-15,9.58182516417141e-16,4.755728317341232e-21,1.5793586082962797e-17,1.0,4.134150150724865e-21,9.50368364734111e-13,3.6992954222998924e-25,1.4534557958385999e-21,2.13734090055556e-17,7.618010502419867e-27,1.251166111319986e-21
TCN,42,23801,9,4,class_4,4,class_4,1,1.0,1.53595990093347e-11,4.136203966137453e-12,1.3206163472535701e-16,3.7795976201224213e-13,1.0,2.6926650644600134e-16,3.180651575451776e-10,1.83740530867153e-19,6.448064119008473e-17,3.694647940453294e-14,1.1321949815995037e-20,4.0175857949235135e-17
TCN,42,23802,9,4,class_4,4,class_4,1,1.0,1.5317881543718757e-18,7.811378655772508e-20,5.316501685496771e-28,1.717162126226338e-21,1.0,9.57325367833966e-28,8.570387307388949e-20,2.0653671218975948e-29,4.746656431919547e-25,2.530592097019829e-19,3.0259944063432466e-28,3.4236390723268895e-25
TCN,42,23803,9,4,class_4,4,class_4,1,1.0,9.136431845455095e-13,2.0652529686415733e-10,9.862977698861957e-22,8.99344143536103e-14,1.0,1.2355318877018757e-16,2.0409678410099054e-16,6.0864725963218e-22,3.0361255963331433e-19,3.726220449817158e-13,6.942765212571553e-19,3.8857275804543955e-17
TCN,42,23804,9,4,class_4,4,class_4,1,1.0,2.3768318364777432e-15,1.5036980520272794e-17,3.412797694891493e-28,4.552749151932661e-16,1.0,7.395338272479945e-24,9.445198982940826e-22,4.011558300689615e-29,1.619473693800475e-23,3.0731116332549565e-18,8.940674631053285e-26,1.2931052387029008e-21
TCN,42,23805,9,4,class_4,4,class_4,1,1.0,4.773425057494048e-16,3.9869160553924153e-16,4.5447201075785174e-29,4.7403898523126985e-20,1.0,6.25987129148309e-23,7.543911420290621e-22,1.48709621394391e-27,8.923884860673207e-24,7.108395255169063e-16,2.42914214646023e-24,1.3006185613789483e-23
TCN,42,23806,9,4,class_4,4,class_4,1,1.0,4.823600218794959e-15,6.7105105279214195e-15,1.0094622088843811e-24,8.336560735556684e-16,1.0,6.042612939733471e-21,2.4077659296977235e-17,5.936670964667888e-27,4.990309473967878e-23,9.36207120103355e-17,4.1054446501764893e-25,2.0002189243183344e-22
TCN,42,23807,9,4,class_4,4,class_4,1,1.0,3.092104361863664e-17,3.216913078454809e-16,1.1965379942669793e-29,8.767927059711013e-23,1.0,4.828609775357633e-22,2.372925551771465e-24,1.2443628032550427e-31,1.1815401482516853e-26,7.492443273225291e-19,9.744359072388855e-28,1.0787803533984764e-25
TCN,42,23808,9,4,class_4,4,class_4,1,1.0,5.575222144025783e-19,1.1544588830206987e-21,4.496936291017203e-35,1.4054459483387898e-23,1.0,2.9498723623290814e-27,1.356503950351466e-26,2.976822582788582e-34,9.864823221885982e-29,5.074992366857033e-22,5.850840341846383e-32,7.585007863189345e-28
TCN,42,23809,9,4,class_4,4,class_4,1,1.0,1.1801330869331493e-21,8.025249757439788e-21,2.1757192222974213e-37,2.4382457985217067e-27,1.0,1.8030539588392842e-29,5.785928692736066e-29,3.114244586076702e-37,3.588847142008213e-32,1.0777618373343752e-22,1.26321515757492e-33,5.029406652733295e-32
TCN,42,23810,9,4,class_4,4,class_4,1,1.0,3.3097939075993083e-19,4.687481675889381e-22,1.4447440080218877e-36,3.1182695368016386e-25,1.0,2.0779888542514135e-28,1.7185387061089484e-28,1.1211073036988616e-34,7.068329007358859e-29,5.503708809623008e-21,4.288037411997369e-31,1.7513512560539598e-28
TCN,42,23811,9,4,class_4,4,class_4,1,1.0,2.1431702077683437e-17,2.9900226848925e-20,3.402250696901339e-31,9.031127554815839e-20,1.0,1.145498141198027e-26,3.099722430843761e-24,1.097300466605589e-31,7.625282967964269e-26,5.894515540681871e-20,7.887035808186797e-29,1.1471303683666391e-24
TCN,42,23812,9,4,class_4,4,class_4,1,1.0,1.9009075765563137e-20,4.553796169358762e-14,7.06114607624751e-33,1.0488551969766909e-22,1.0,2.0268388620156183e-24,1.2771066409849265e-25,5.19097497170756e-33,2.9880788981235754e-31,3.458984978361197e-21,2.4449494069532597e-29,1.1062031530051574e-29
TCN,42,23813,9,4,class_4,4,class_4,1,1.0,1.5608719434548945e-21,2.125442361100852e-20,9.0411140168215e-37,1.2947506244658424e-26,1.0,5.363329709129574e-29,5.911199963374384e-28,9.714353066294576e-39,5.287343835297894e-33,8.704004871700049e-24,5.762737650958302e-35,9.243681294631466e-33
TCN,42,23814,9,4,class_4,4,class_4,1,1.0,2.6949394915167757e-21,1.219278440069941e-19,8.41657883308613e-37,6.94676382778665e-27,1.0,1.24983091333326e-28,5.832067353819401e-28,1.2207949356685089e-35,1.3103699143588003e-30,1.7860236601413488e-20,2.8335926093520684e-31,3.2274344684312306e-31
TCN,42,23815,9,4,class_4,4,class_4,1,1.0,3.119698114481698e-17,5.32119866832742e-13,3.011164505030222e-27,6.963954736431806e-20,1.0,2.323219629975147e-20,6.003530271377474e-21,3.4259592593901923e-28,2.286282039765692e-23,1.0209915447032642e-16,1.4253025436778116e-25,4.8902473527673176e-21
TCN,42,23816,9,4,class_4,4,class_4,1,1.0,1.9126785634680964e-18,4.76638467958929e-23,3.0111409911281575e-35,1.1276802927736004e-23,1.0,4.165349825280012e-29,3.5427038363115994e-27,3.978380955890467e-37,4.5577560954263116e-30,2.0377321633697248e-23,1.55860136773771e-33,1.1971771622672728e-29
TCN,42,23817,9,4,class_4,4,class_4,1,1.0,4.3316003472150776e-18,1.2256819036856555e-18,2.056505737667537e-30,2.156063634181156e-22,1.0,1.1481148174725484e-25,8.855253961918979e-23,2.134276216165909e-33,1.6146588356594375e-27,2.2019560830858668e-20,3.383317620649707e-30,1.451302536297281e-26
TCN,42,23818,9,4,class_4,4,class_4,1,1.0,9.195068936110167e-20,1.4107113992436356e-21,1.4692669194820856e-34,3.8613750304056344e-25,1.0,6.35016802743133e-28,9.009589642992909e-27,8.121920518240537e-37,4.6809937946919435e-30,1.7108966773727106e-23,5.164879731803274e-34,1.0929651682081179e-29
TCN,42,23819,9,4,class_4,4,class_4,1,1.0,1.565059064668772e-19,1.375686558278778e-18,5.690914555822202e-33,2.744529130798043e-22,1.0,2.1420639657221935e-27,6.989193235426908e-25,5.012376972199345e-33,2.9917088811026435e-29,1.3960383743607134e-20,3.8545072901316196e-30,9.418540114788388e-29
TCN,42,23820,9,4,class_4,4,class_4,1,1.0,2.297944820539577e-13,3.90329172182311e-15,1.8141811312880304e-23,2.1273400521628488e-13,1.0,2.8335110657095176e-20,4.737689478603218e-15,8.496179860650026e-25,6.6062266672632544e-21,7.945435013590775e-15,1.7503472956984514e-23,2.9240490856807436e-19
TCN,42,23821,9,4,class_4,4,class_4,1,1.0,2.722496368428272e-14,6.713062045268434e-14,2.300933772760301e-26,7.72026657762605e-17,1.0,8.536253505541492e-21,7.486182937704942e-20,1.9815928634911246e-26,4.270313348982274e-22,1.0958333748073163e-14,2.2940673395937543e-22,4.2877995957414433e-20
TCN,42,23822,9,4,class_4,4,class_4,1,1.0,5.815917226617994e-20,6.1661485999002435e-19,2.3025348245036803e-31,4.412302174584213e-25,1.0,8.6624168889858e-28,4.1266420822568766e-25,1.5957086019863003e-33,5.006735691020511e-27,8.384290798116183e-19,1.9526624538684383e-29,1.1765285752024235e-28
TCN,42,23823,9,4,class_4,4,class_4,1,1.0,1.6030326371874182e-11,4.4014837212230304e-14,8.578125863737389e-23,1.947067859589882e-15,1.0,7.220383466359024e-18,2.1262485739773464e-17,5.343904068503075e-23,3.5987552374279303e-19,2.1410326446870756e-14,1.5122374190923453e-21,5.837951250184876e-18
TCN,42,23824,9,4,class_4,4,class_4,1,1.0,7.514192048727812e-20,3.3820977649425684e-19,2.671779273274054e-33,2.779209033913369e-24,1.0,1.2657464854300601e-27,2.717748153556453e-26,1.0459839163373314e-34,1.1414446316292503e-28,1.816150482779325e-20,1.1276376248116105e-30,1.4416653923004488e-30
TCN,42,23825,9,4,class_4,4,class_4,1,1.0,8.111483964438719e-15,1.8412218364544097e-12,2.3127432670304925e-26,8.655647656558145e-20,1.0,9.8493812083488e-19,4.034236562566427e-23,9.629481010473051e-27,3.7082568328793965e-23,5.894142952684583e-17,6.266512869216326e-23,1.466572040959303e-21
TCN,42,23826,9,4,class_4,4,class_4,1,1.0,4.528624022239594e-22,8.221676880146289e-21,7.814239894166499e-35,2.4424324572571886e-29,1.0,3.1377352216668758e-30,6.663222282472264e-29,2.1820287872356042e-36,3.076365200678242e-30,2.7895999728658128e-22,6.29477988936663e-32,4.321744470061488e-34
TCN,42,23827,9,4,class_4,4,class_4,1,0.9999995231628418,3.642019411748132e-13,4.5833149897589465e-07,1.5170445582195645e-20,4.78115243319273e-15,0.9999995231628418,2.455182257043824e-14,6.904389719015804e-18,2.5386447002830328e-19,1.4625551662786275e-20,6.45113736735814e-13,8.809921028401136e-18,1.1645142134930742e-17
TCN,42,23828,9,4,class_4,4,class_4,1,1.0,2.0414308607861547e-20,4.965754476079977e-16,1.8304042775884258e-32,4.364439826422917e-26,1.0,3.8334747458211974e-25,1.3168912884402131e-27,3.0081359615023127e-33,2.970738212347251e-29,3.698020788343415e-20,9.932792298888945e-29,3.71057825718417e-30
TCN,42,23829,9,4,class_4,4,class_4,1,1.0,6.84781867148718e-17,2.7076522447766482e-12,5.788097410224068e-27,3.705561702849572e-20,1.0,2.1776975575943287e-20,1.5939593446618584e-22,9.85320781802076e-28,2.033738633923134e-25,5.457370413432903e-17,1.1168699598652006e-24,9.79744659945251e-26
TCN,42,23830,9,4,class_4,4,class_4,1,0.9999998807907104,9.24318115380629e-08,1.0178422341078353e-11,5.4866112480866526e-18,2.4373341886430033e-12,0.9999998807907104,6.346870051006023e-14,1.3482886648244399e-14,9.355777721420032e-19,7.462283015905596e-14,1.2273056182454667e-10,2.758128535184154e-16,1.2463337653589868e-13
TCN,42,23831,9,4,class_4,4,class_4,1,0.9999994039535522,1.8757254430235015e-11,4.84871634398587e-07,9.364097297225937e-18,2.6949886766658437e-10,0.9999994039535522,1.4841703170273557e-13,8.000583702483244e-12,1.1365009769068993e-18,2.743341192809666e-17,5.1724278193887585e-08,5.155593088405387e-16,3.561570519994788e-16
TCN,42,23832,9,4,class_4,4,class_4,1,1.0,2.710517992403727e-21,1.2861483437995163e-22,9.000263700301135e-38,1.3218695669755613e-26,1.0,1.0904284325911338e-30,4.286523017923227e-28,4.59779674792015e-38,6.791807112758713e-32,2.093973717617531e-22,1.4539564499457359e-34,4.0883799316090734e-32
TCN,42,23833,9,4,class_4,4,class_4,1,0.9999980926513672,1.3961425331804334e-12,1.928416168084368e-06,4.769474621249314e-20,7.079988262326253e-10,0.9999980926513672,4.3324105560666945e-14,7.352385302146491e-13,6.878370300483551e-21,5.407059298174079e-20,4.984304524668914e-09,1.2443645222827169e-17,1.8743589749140466e-16
TCN,42,23834,9,4,class_4,4,class_4,1,1.0,4.46229280942948e-15,2.5508697056226583e-14,7.110989414888506e-26,1.2142871208325676e-14,1.0,5.284714358036728e-21,2.3103994924108417e-17,7.861357624979525e-28,1.1670594403013281e-23,9.38392332758373e-16,5.233626185169267e-25,4.373818059173219e-21
TCN,42,23835,9,4,class_4,4,class_4,1,1.0,1.864661762885159e-18,1.1839187126107107e-17,3.6682245286309986e-33,6.567907363828022e-21,1.0,5.300630674604059e-26,1.5544106748699033e-24,1.9998033358516856e-33,1.6695891201791255e-29,3.473227025181314e-20,3.529950478683144e-30,1.1457384972550865e-26
TCN,42,23836,9,4,class_4,4,class_4,1,1.0,7.449328034759613e-18,1.1103900021680602e-08,2.6522002834572e-26,1.1217078649476388e-16,1.0,3.5018988500465063e-19,1.9651086621322188e-17,2.392790770346257e-28,3.951810260284325e-27,7.511238809751464e-13,3.628534944228214e-24,9.700689604679726e-24
TCN,42,23837,9,4,class_4,4,class_4,1,1.0,1.029532999680693e-24,1.2658501346914636e-31,0.0,2.1451998427223906e-31,1.0,9.177524032402524e-41,5.850669510747867e-37,0.0,4.450930299250273e-40,2.8260915448006013e-30,1.2611686178923354e-44,7.92434281575684e-42
TCN,42,23838,9,4,class_4,4,class_4,1,1.0,7.939355128761826e-20,1.2175460033347676e-17,6.926767382418146e-32,2.624096418525029e-23,1.0,6.894597318941e-27,2.0210482285408435e-24,1.034856296511589e-32,4.780065195849303e-28,2.5577679786719165e-18,1.3938024220637802e-29,5.446959003992837e-29
TCN,42,23839,9,4,class_4,1,class_1,0,0.8762443661689758,4.699258018305008e-13,0.8762443661689758,6.928728979144585e-16,2.959742758360971e-15,0.12375499308109283,5.107033302920172e-07,9.013762650444211e-17,2.073262758304703e-13,7.741266377273056e-17,6.340528102555254e-08,3.4715649408975646e-13,7.29489222934393e-13
TCN,42,23840,9,5,class_5,5,class_5,1,0.9999998807907104,1.304343577590572e-10,2.346247285345271e-08,1.8443992999550574e-08,1.2078705572642737e-28,4.4018650554558843e-16,0.9999998807907104,2.3099380345106958e-27,1.2412642025338982e-09,3.647861960415222e-12,1.1810085671386572e-18,1.0396849603466762e-07,3.68973176122743e-14
TCN,42,23841,9,5,class_5,5,class_5,1,0.9992707371711731,7.151156023610383e-05,0.00036244772491045296,0.0002854872727766633,5.1147788261707294e-12,4.7662732072240033e-07,0.9992707371711731,1.6458840854886164e-13,1.9729661460132775e-07,1.657009192967962e-06,8.752132885092578e-07,6.63092578179203e-06,2.8008933838918892e-08
TCN,42,23842,9,5,class_5,5,class_5,1,0.9998956918716431,1.6016630866033665e-07,4.177758000878384e-06,9.995695290854201e-05,5.630224872622643e-20,1.836979353353474e-11,0.9998956918716431,4.119959641134319e-21,1.084596475131594e-11,4.528801222924983e-10,1.2844750660507848e-14,7.937421386827737e-09,8.641938347656725e-14
TCN,42,23843,9,5,class_5,5,class_5,1,1.0,1.875991197226857e-26,3.743525092439208e-20,5.574055405771777e-18,0.0,4.323280143228242e-33,1.0,0.0,1.3155500226786932e-28,4.0711253393252443e-22,1.7974308770023122e-35,8.305989835136219e-24,1.0298404737395602e-37
TCN,42,23844,9,5,class_5,5,class_5,1,1.0,4.609583629822972e-37,5.902650843106051e-31,2.047376730989616e-32,0.0,0.0,1.0,0.0,3.551125726741093e-39,3.495905735254838e-34,0.0,1.653770158746867e-26,0.0
TCN,42,23845,9,5,class_5,5,class_5,1,1.0,4.1875162895550917e-19,6.295119217840806e-16,4.245246082705053e-17,0.0,2.4638108083076566e-25,1.0,2.802596928649634e-45,7.444717924561308e-20,5.2171596450893415e-18,1.4588944606563832e-28,5.899336466379246e-14,1.683162314888545e-25
TCN,42,23846,9,5,class_5,5,class_5,1,1.0,0.0,0.0,0.0,0.0,0.0,1.0,0.0,0.0,0.0,0.0,2.8413337507741665e-37,0.0
TCN,42,23847,9,5,class_5,5,class_5,1,1.0,2.802596928649634e-45,1.3775997046961558e-39,5.290826245921783e-36,0.0,0.0,1.0,0.0,0.0,0.0,0.0,0.0,0.0
TCN,42,23848,9,5,class_5,5,class_5,1,1.0,0.0,0.0,0.0,0.0,0.0,1.0,0.0,0.0,0.0,0.0,0.0,0.0
TCN,42,23849,9,5,class_5,5,class_5,1,1.0,0.0,0.0,0.0,0.0,0.0,1.0,0.0,0.0,0.0,0.0,2.802596928649634e-45,0.0
TCN,42,23850,9,5,class_5,5,class_5,1,1.0,0.0,1.071993325208485e-42,0.0,0.0,0.0,1.0,0.0,0.0,3.363116314379561e-44,0.0,1.9895635596483753e-41,0.0
TCN,42,23851,9,5,class_5,5,class_5,1,1.0,1.4290580102273813e-34,6.060700760551511e-32,4.424033821152334e-32,0.0,0.0,1.0,0.0,3.87554941463098e-36,2.8881326819627425e-33,0.0,1.8931948360852882e-26,0.0
TCN,42,23852,9,5,class_5,5,class_5,1,0.9058254957199097,1.086307812067515e-24,0.09417454898357391,4.103111377112549e-23,0.0,7.769377913935275e-20,0.9058254957199097,0.0,8.806225467798588e-24,1.339133275588958e-28,4.104469174363377e-25,2.9770038339881354e-17,7.172835025468996e-31
TCN,42,23853,9,5,class_5,5,class_5,1,1.0,1.3397745077132505e-34,9.46475448899266e-28,6.506357846377631e-30,0.0,1.401298464324817e-45,1.0,0.0,3.2492612238614515e-32,2.240838063105292e-31,0.0,5.663060065531877e-20,0.0
TCN,42,23854,9,5,class_5,5,class_5,1,1.0,1.0337883954490765e-22,5.5544636329634586e-18,2.087776173910625e-22,0.0,1.0676106164631414e-28,1.0,0.0,3.058801470453997e-22,8.689901419221281e-25,6.39020181878898e-32,1.4196067849283549e-15,2.6907218137245783e-33
TCN,42,23855,9,5,class_5,5,class_5,1,1.0,1.0087539692449354e-09,4.1857592947280864e-08,8.740984047683753e-10,1.7782747503780974e-26,2.9733924740774076e-13,1.0,1.385561148757216e-26,3.4863545427324394e-13,9.046888238550821e-12,7.45797124498018e-18,4.403268548391903e-12,5.686922287251317e-14
TCN,42,23856,9,5,class_5,5,class_5,1,1.0,1.1288541621739952e-25,1.3384755702356158e-21,2.4702986133846387e-22,0.0,9.705197274495589e-33,1.0,0.0,1.039811645844726e-30,2.8915538708695144e-23,1.9257514319669306e-36,5.419557217708963e-22,1.0610406643074451e-37
TCN,42,23857,9,5,class_5,5,class_5,1,1.0,3.497808001731691e-37,4.688711030467694e-39,1.0462715341612745e-26,0.0,0.0,1.0,0.0,3.1728687481108093e-38,1.3812351957903554e-24,0.0,5.895684190259914e-28,0.0
TCN,42,23858,9,5,class_5,5,class_5,1,1.0,2.514218780577378e-16,2.7013705508616148e-11,5.097378631522967e-16,7.540947555917571e-41,1.1849606228479339e-20,1.0,1.1584534404573263e-40,3.905015447105662e-17,1.5002202538598614e-17,3.6225088515504485e-22,1.0953496139623486e-12,7.779640224383957e-22
TCN,42,23859,9,5,class_5,5,class_5,1,1.0,7.6885041786719e-30,3.7377603544280523e-20,2.1725195144530152e-28,0.0,2.2964301268450133e-38,1.0,0.0,2.722337946518493e-31,2.877863607394997e-31,1.105864670909066e-38,5.184801611592876e-25,3.546686413206112e-42
TCN,42,23860,9,5,class_5,5,class_5,1,1.0,5.0665843492283335e-27,3.11895417182634e-21,1.2411820731333427e-23,0.0,8.533219309229295e-30,1.0,0.0,1.247224934516244e-29,1.02381689545772e-28,3.1087806431046067e-41,8.458389273881578e-22,9.958366414348907e-36
TCN,42,23861,9,5,class_5,5,class_5,1,1.0,1.3984958673961674e-42,2.09047854003342e-29,1.2669574379003998e-37,0.0,0.0,1.0,0.0,5.644430214300363e-42,2.9274526218209753e-41,0.0,1.2141875882225644e-25,0.0
TCN,42,23862,9,5,class_5,5,class_5,1,1.0,1.1184473858528031e-24,7.5678517986524e-25,3.0838403952131423e-21,0.0,5.898857371307379e-35,1.0,0.0,2.328663242736018e-31,4.6524890209795706e-24,5.969531458023721e-42,2.6034968937069927e-23,1.6751030975620204e-34
TCN,42,23863,9,5,class_5,5,class_5,1,1.0,7.45647912279134e-29,5.42434564106703e-18,5.618197648320059e-27,0.0,1.1775653130071316e-36,1.0,0.0,8.712453873017816e-29,1.4162888584584636e-33,2.418781279271067e-41,4.330129620085958e-18,2.6806559362840886e-40
TCN,42,23864,9,5,class_5,5,class_5,1,1.0,2.596110532536799e-29,5.1046495842071695e-26,2.0493140761991406e-25,0.0,2.0657353415721437e-39,1.0,0.0,3.6781329909192704e-32,6.772589859109676e-23,3.866630250799042e-36,1.923927223764106e-24,1.1770907100328463e-43
TCN,42,23865,9,5,class_5,5,class_5,1,1.0,1.1455829388149576e-23,1.7513576435023095e-21,5.611082346128646e-21,0.0,5.357931086754214e-29,1.0,0.0,1.800206420908995e-24,6.93619701076697e-20,2.3143852769279075e-33,1.3191648934327233e-18,1.310288581904667e-32
TCN,42,23866,9,5,class_5,5,class_5,1,1.0,1.7716518356525324e-12,2.809361424049861e-11,2.1635524968810493e-11,1.9362426114282975e-34,8.253333528090743e-18,1.0,1.899603692292365e-34,1.5321637522726177e-16,2.3887014679862954e-16,3.216938168345284e-23,1.4194864088410558e-13,1.236577526714204e-18
TCN,42,23867,9,5,class_5,5,class_5,1,1.0,6.484270754213534e-33,3.78586212144021e-27,7.24577586053074e-31,0.0,2.0400103043640687e-41,1.0,0.0,2.510782751945405e-35,7.93412126208492e-34,0.0,8.656277024323093e-27,1.7796490496925177e-43
TCN,42,23868,9,5,class_5,5,class_5,1,1.0,0.0,0.0,0.0,0.0,0.0,1.0,0.0,0.0,0.0,0.0,9.90534724438512e-39,0.0
TCN,42,23869,9,5,class_5,5,class_5,1,1.0,1.5942618570417926e-24,4.768799794380896e-17,2.5523727117057914e-22,0.0,3.782364813217135e-29,1.0,0.0,4.838911841240495e-24,8.477407732118934e-24,4.903908047306226e-34,6.8688759601867585e-18,2.1012879723095704e-29
TCN,42,23870,9,5,class_5,5,class_5,1,0.9996702671051025,3.079341226452925e-08,5.821364084113156e-06,6.255984317249386e-07,1.1430721239268276e-21,9.955641346037769e-12,0.9996702671051025,3.5320098399305704e-20,2.1255511910567293e-06,3.623811917208286e-09,1.3074711669239236e-12,0.00032113114139065146,1.5064574032663813e-09
TCN,42,23871,9,5,class_5,5,class_5,1,1.0,2.7094386067413203e-39,3.55186785297287e-33,1.5063958491491784e-42,0.0,0.0,1.0,0.0,0.0,0.0,0.0,2.31826597129438e-24,0.0
TCN,42,23872,9,5,class_5,5,class_5,1,1.0,1.5300071311154725e-18,3.292823262321387e-12,1.7031121484826337e-19,0.0,1.3193088503242888e-21,1.0,7.567011707354012e-44,6.268596219312579e-22,1.3112752675703608e-22,1.390812957492916e-28,3.617509158166613e-15,1.402626582882838e-26
TCN,42,23873,9,5,class_5,5,class_5,1,1.0,1.7460335518332132e-22,1.3842935793475454e-18,4.8563504004113105e-24,0.0,2.143033406633825e-30,1.0,0.0,1.7438102262579383e-22,3.450844604646908e-26,2.9254309225639043e-35,3.8079431101400996e-12,5.7440755267055476e-30
TCN,42,23874,9,5,class_5,5,class_5,1,1.0,0.0,4.122620082043612e-42,6.030922343745791e-40,0.0,0.0,1.0,0.0,0.0,3.2741002307317913e-37,0.0,9.035214326078939e-38,0.0
TCN,42,23875,9,5,class_5,5,class_5,1,1.0,1.017956641264874e-34,7.473743712517686e-27,5.62324618026588e-31,0.0,1.4237192397540141e-42,1.0,0.0,2.3992156102265745e-36,1.4720285230541518e-32,0.0,1.4247202349072662e-26,1.523211430721076e-42
TCN,42,23876,9,5,class_5,5,class_5,1,1.0,3.0212725551385033e-16,5.181130708248631e-15,9.30656952598339e-15,4.203895392974451e-45,1.3741993572096028e-22,1.0,7.707141553786494e-44,3.155920723959525e-23,7.878863022824911e-20,5.752013216878684e-30,2.1212974430618796e-18,3.762328909197318e-24
TCN,42,23877,9,5,class_5,5,class_5,1,1.0,1.6722340293120403e-37,6.661627588404187e-27,1.8192448321714898e-33,0.0,7.88931035414872e-43,1.0,0.0,9.006613263902684e-39,1.1155954520138291e-34,0.0,3.7782442981381806e-27,2.802596928649634e-45
TCN,42,23878,9,5,class_5,5,class_5,1,1.0,0.0,0.0,0.0,0.0,0.0,1.0,0.0,0.0,0.0,0.0,5.990831194681458e-41,0.0
TCN,42,23879,9,5,class_5,5,class_5,1,1.0,0.0,0.0,0.0,0.0,0.0,1.0,0.0,0.0,0.0,0.0,0.0,0.0
TCN,42,23880,9,6,class_6,3,class_3,0,1.0,4.083046362257178e-26,1.053834599423125e-25,1.7235175313573152e-33,1.0,1.7556091557084566e-24,1.2784914695083188e-39,1.2347653775560791e-21,2.6464290029146022e-34,7.138302403028615e-34,2.7312717035847424e-32,3.5660243320137945e-41,8.216114912204389e-24
TCN,42,23881,9,6,class_6,6,class_6,1,1.0,1.7458415626798313e-13,1.1662431088612501e-19,3.9575629226987056e-17,7.901257773057502e-12,2.979779780126063e-13,2.702323063991963e-19,1.0,1.2753037706990697e-20,3.7765286295277935e-20,5.293929730157324e-23,1.6346145513712003e-27,2.452886316006776e-17
TCN,42,23882,9,6,class_6,6,class_6,1,1.0,1.401298464324817e-45,0.0,3.552291607063411e-42,0.0,0.0,0.0,1.0,0.0,0.0,0.0,0.0,2.513481029490138e-40
TCN,42,23883,9,6,class_6,3,class_3,0,1.0,1.1247477711471122e-20,1.698128086408382e-21,1.4633550058892564e-26,1.0,7.8734760494753375e-22,1.246628509841535e-32,5.860372497676008e-19,2.03522859495787e-25,9.67285957801966e-25,2.562387853100206e-25,1.552112043827156e-31,7.282297471987475e-16
TCN,42,23884,9,6,class_6,6,class_6,1,1.0,1.8757211171374078e-24,5.8943198942365826e-33,4.005642505938876e-28,4.402152137975006e-23,1.3481321023650497e-25,1.448377870589195e-32,1.0,9.23510130611658e-29,1.4764905691300002e-29,1.0081981296966445e-35,2.7619592731842144e-42,1.4032327793476696e-24
TCN,42,23885,9,6,class_6,3,class_3,0,1.0,4.195977468342108e-18,5.301855131682153e-22,1.0888605659568102e-24,1.0,3.0245541150453507e-19,3.307883684321281e-29,3.8814075244879634e-14,2.3740041612871737e-23,1.3645868977528675e-23,2.168102945326713e-24,1.058352671220472e-29,1.3347060785866554e-16
TCN,42,23886,9,6,class_6,6,class_6,1,1.0,9.429694872165051e-12,3.2677588780917087e-16,6.514793316359652e-14,1.1045367287465524e-08,5.995216476040177e-12,1.7877039309896855e-16,1.0,2.6144238370287456e-16,6.833361539613223e-17,7.209811167552407e-19,4.832387220025066e-22,6.959271822552272e-15
TCN,42,23887,9,6,class_6,3,class_3,0,0.9998290538787842,9.309156223658022e-10,1.101113015870847e-12,1.6943678448136379e-12,0.9998290538787842,1.4086069810570478e-10,1.039224392114056e-17,0.00017088744789361954,1.612334838395086e-14,1.6800592451962403e-17,1.2978938678803059e-15,2.922298887826855e-20,3.229234213364407e-09
TCN,42,23888,9,6,class_6,3,class_3,0,0.999998927116394,1.5859785706950902e-11,2.520841879422725e-13,7.555420387093427e-15,0.999998927116394,4.1733183749059766e-12,2.0769422091591963e-19,1.0823840739249135e-06,1.6095887914614054e-13,5.891823538246984e-16,9.909236856086613e-15,1.7348206955481762e-19,3.087960109837695e-08
TCN,42,23889,9,6,class_6,3,class_3,0,1.0,5.855149658608833e-17,1.1723679418575049e-18,9.160355383344068e-24,1.0,4.537022132382313e-17,4.831229450751894e-28,2.2433794662972233e-15,1.4372015756328979e-22,7.434971748763516e-23,6.577406612278527e-22,8.596776381656221e-28,4.416758029191642e-13
TCN,42,23890,9,6,class_6,3,class_3,0,1.0,1.1102214980684977e-10,1.0924869949663352e-12,2.1918870099446543e-16,1.0,1.401819632596002e-10,5.643739582115082e-19,2.6893676174921666e-10,1.2526600850354397e-15,2.0703670575899016e-15,6.15509569311043e-14,9.29161642323159e-19,3.5782332652445348e-09
TCN,42,23891,9,6,class_6,3,class_3,0,0.9999996423721313,5.040063366656966e-10,1.01671026198763e-12,7.689147407707094e-15,0.9999996423721313,1.5851269949407332e-11,1.0793276798537907e-17,3.700922661664663e-07,1.925193728394281e-12,1.2978536126394876e-14,3.416626248413379e-13,7.209376008511658e-17,2.8588231781867535e-09
TCN,42,23892,9,6,class_6,3,class_3,0,1.0,2.552906670783006e-12,4.57938638994803e-14,4.505285528384368e-18,1.0,2.361904075098842e-12,8.194748273798567e-21,1.8883046168371997e-11,7.958808922674092e-16,4.259133121700838e-16,5.317875707253365e-15,4.618370695320897e-20,1.792928139288108e-09
TCN,42,23893,9,6,class_6,3,class_3,0,1.0,2.3811861087404868e-24,4.663474555950715e-22,1.1160463582652707e-27,1.0,7.827716563391746e-22,1.2131867378935224e-34,1.6701836392605462e-19,9.888280813509748e-32,1.136762987457044e-31,1.4337350372120613e-30,3.3494026470882926e-38,2.5888480227983553e-24
TCN,42,23894,9,6,class_6,6,class_6,1,1.0,5.801624450361873e-20,1.0766984780175972e-28,2.153342884473485e-22,9.629752076638632e-24,2.6354209901360197e-24,5.7980993662783786e-30,1.0,8.952653607158582e-26,2.938865094917925e-27,2.6920883626416077e-32,2.765602649191459e-41,8.370549777178029e-19
TCN,42,23895,9,6,class_6,3,class_3,0,1.0,3.923216398432034e-17,4.0680072056697336e-21,1.4481635552174128e-23,1.0,5.514561267394513e-18,6.126122671070819e-28,5.569882662731507e-13,5.986030534465737e-23,1.1574518244505509e-23,3.249398335202454e-24,5.431438416053506e-29,6.505308987864083e-17
TCN,42,23896,9,6,class_6,6,class_6,1,0.9998918771743774,9.208189055698313e-08,1.7181901517879239e-12,1.5322951241181215e-10,0.00010803327313624322,6.044321709808287e-10,1.13837758664026e-13,0.9998918771743774,2.4387994878791175e-13,8.082874918425437e-14,5.988738930489453e-16,1.2470639021346918e-18,1.943662028200399e-12
TCN,42,23897,9,6,class_6,3,class_3,0,0.9999997615814209,5.723267996679549e-13,1.8037517483869385e-14,3.847130472804834e-16,0.9999997615814209,1.214449547870533e-13,3.1938552147343032e-21,7.78154856106994e-08,5.232151631947375e-16,8.090363230986158e-18,2.0802128296024427e-17,9.529299002284331e-23,1.7764897108918376e-07
TCN,42,23898,9,6,class_6,3,class_3,0,1.0,4.2068983997886784e-15,1.0605485551286385e-19,1.7446420011964033e-22,1.0,4.738066725902101e-16,3.416774441707511e-26,1.323536549455162e-12,8.64353051071588e-22,3.80848494303619e-21,2.6427237153493658e-21,2.5827681593275082e-27,8.580124424264948e-15
TCN,42,23899,9,6,class_6,3,class_3,0,1.0,5.338022775538964e-13,7.213670068507543e-17,1.4881991688898733e-17,1.0,4.281634319010588e-14,2.2274763720315554e-22,2.079380667652231e-09,2.2666263558449696e-19,7.909674208172804e-19,4.796672513660514e-19,2.2371819170751067e-24,1.602512856096962e-15
TCN,42,23900,9,6,class_6,6,class_6,1,1.0,8.510946288009524e-12,2.64557391835632e-13,2.664855532422128e-12,5.587255658134893e-10,1.0961673409248807e-11,3.4364775179707206e-16,1.0,2.0902732669747515e-12,3.976725666701795e-15,1.544445730007805e-16,9.568541790471426e-21,1.2966382634260754e-08
TCN,42,23901,9,6,class_6,6,class_6,1,0.9989878535270691,3.099137870776758e-07,4.1989972610068094e-10,7.913321553587593e-09,0.0010108459973707795,1.0370080190114095e-06,4.9726396611493584e-11,0.9989878535270691,1.1845002312327324e-08,3.3129488041794275e-10,3.2991517850966545e-10,6.038951890635635e-13,4.088615224162595e-09
TCN,42,23902,9,6,class_6,6,class_6,1,0.9739897847175598,3.111435944447294e-06,2.465419335351271e-08,1.5072826897721825e-07,0.025961777195334435,4.320511652622372e-05,7.486544162382813e-10,0.9739897847175598,2.2678007027820968e-08,1.8669148449390605e-09,5.836604977105253e-09,9.508083339757056e-13,1.9171814074070426e-06
TCN,42,23903,9,6,class_6,6,class_6,1,0.9999014139175415,1.3915841812206509e-08,1.4648821045071259e-09,1.153276030230188e-09,9.745669376570731e-05,1.0592724493108108e-06,3.362801790501857e-12,0.9999014139175415,3.9881398183894134e-10,9.399820331823516e-12,2.0086305882460742e-11,2.382661328978984e-15,4.77158152989432e-08
TCN,42,23904,9,6,class_6,3,class_3,0,0.726154625415802,2.5418942186661297e-06,1.1145857153893601e-10,1.8617794805830812e-10,0.726154625415802,0.00036711787106469274,1.488049267139857e-12,0.2734757363796234,4.24414713443011e-12,1.6267514679063622e-12,1.6391858356779032e-11,2.782368897598898e-17,1.155373241523705e-09
TCN,42,23905,9,6,class_6,6,class_6,1,0.9976426959037781,3.496770162314533e-08,3.0470863610077004e-09,3.806827741925645e-09,0.002350467024371028,6.588656106032431e-06,1.3311415338057575e-11,0.9976426959037781,5.103451550247939e-10,9.106314660667358e-12,1.4458398367445113e-10,1.5836160169118395e-14,1.264620834717789e-07
TCN,42,23906,9,6,class_6,6,class_6,1,0.9991858601570129,5.299193261976143e-08,9.32117716345715e-10,1.1420147466578712e-10,0.00045984817552380264,0.00035422726068645716,3.982386902884327e-12,0.9991858601570129,9.665196594454972e-12,5.830209904265915e-13,2.2177005024048846e-11,4.221130459126682e-16,8.069577228653202e-10
TCN,42,23907,9,6,class_6,6,class_6,1,0.9998300075531006,3.200314235840551e-09,1.883731018392787e-12,3.248418244464202e-13,3.3955866456381045e-06,0.00016665333532728255,3.8463637385809796e-14,0.9998300075531006,9.536810868739e-15,7.786833176415091e-16,1.1185958606054706e-14,6.848811841399278e-20,7.490049704593493e-13
TCN,42,23908,9,6,class_6,6,class_6,1,0.9998782873153687,1.5790223528711067e-07,1.5438265943412688e-10,6.277108277608079e-10,0.00011779186752391979,3.7307866023184033e-06,3.288010922558593e-12,0.9998782873153687,1.1546353456681757e-10,5.674350746220913e-12,1.3087345443474341e-11,5.313595967408244e-16,6.478060754488979e-09
TCN,42,23909,9,6,class_6,6,class_6,1,0.9999910593032837,3.212242027927914e-09,1.4803125392148786e-10,5.28037197300435e-11,8.047073606576305e-06,8.277464758066344e-07,4.2155479953141783e-13,0.9999910593032837,1.746287316140016e-11,4.1235222701663243e-13,4.345599130105987e-13,3.3913601095118733e-17,2.167355850346553e-09
TCN,42,23910,9,6,class_6,6,class_6,1,0.999980092048645,2.398870269093578e-10,1.2151829542617065e-10,4.0748251127487034e-12,5.533423973247409e-06,1.444578174414346e-05,6.108624755118627e-14,0.999980092048645,2.569821254665844e-13,4.318519554544903e-15,5.882466280575371e-14,5.893479367717678e-19,5.943126546448241e-11
TCN,42,23911,9,6,class_6,6,class_6,1,1.0,1.394960147393931e-09,4.1715933550394435e-13,3.0866231792714416e-10,1.2003263938353825e-09,2.930615819463078e-11,2.170761002388507e-15,1.0,1.1018233547765988e-10,3.086993957982995e-14,4.063984671587328e-16,1.2899386636866642e-19,5.278161196997644e-08
TCN,42,23912,9,6,class_6,6,class_6,1,0.9999634027481079,3.56329309170178e-07,1.420143447283806e-10,9.193656946848705e-10,3.048465441679582e-05,5.6797839533828665e-06,6.623754929963033e-12,0.9999634027481079,2.1354448764832057e-10,2.049480377075419e-11,6.715525271289158e-12,5.440918254270366e-16,1.80280768091734e-08
TCN,42,23913,9,6,class_6,6,class_6,1,0.9999715089797974,1.8499408671601714e-09,2.577962288086155e-10,3.231627188071684e-10,7.48221782487235e-06,5.508164591105924e-09,1.0806632010692402e-13,0.9999715089797974,1.4094962974553482e-09,2.0323599574101348e-12,2.0061322394959724e-12,1.978411943226113e-16,2.096823664032854e-05
TCN,42,23914,9,6,class_6,6,class_6,1,0.9999569654464722,2.0840509873387703e-10,1.549110284493338e-10,2.959722050777103e-11,4.2900490370811895e-05,7.508986499260573e-08,1.8683172413672122e-13,0.9999569654464722,1.400497166154091e-11,8.355918360665113e-14,8.586377594176076e-13,9.015229737978635e-17,7.654002764923007e-09
TCN,42,23915,9,6,class_6,6,class_6,1,1.0,1.3948514024934425e-20,3.21008903815244e-21,2.1802493774723122e-20,6.2936715194199404e-18,2.0984409124529063e-17,1.0017091976262075e-25,1.0,1.4809190605534449e-21,9.305757657245071e-29,9.969691311064082e-29,3.7506042747625784e-33,3.569936161489006e-17
TCN,42,23916,9,6,class_6,6,class_6,1,0.9554571509361267,1.890583867236728e-08,3.1372768966031472e-12,6.243711797582208e-11,0.04447584226727486,1.498357882212531e-09,1.864617037229438e-15,0.9554571509361267,2.6519484386255954e-09,3.287217069727899e-12,1.468091707229613e-12,1.8796776800783136e-16,6.706682324875146e-05
TCN,42,23917,9,6,class_6,3,class_3,0,0.997057318687439,1.1653660259014487e-09,7.237212131666615e-12,2.3007007757258613e-11,0.997057318687439,2.0336743844495686e-08,9.162230029573573e-15,0.002942721825093031,2.877964012937273e-11,9.62649881683375e-13,6.962898817632415e-14,1.5497373036479803e-15,5.796473717678552e-11
TCN,42,23918,9,6,class_6,6,class_6,1,1.0,2.649517974809279e-13,2.8593280612551576e-15,1.2139660388044149e-09,2.932898923724281e-10,2.0883104341379473e-14,3.4300941445041336e-19,1.0,7.195957696902455e-13,1.131802070808541e-20,6.482968728544282e-23,2.0707131361965216e-24,9.424377250821792e-11
TCN,42,23919,9,6,class_6,6,class_6,1,1.0,4.00967238961379e-16,3.321476394705508e-14,5.676242535863332e-16,5.156168114694992e-08,8.919213284608318e-11,6.103574247716985e-18,1.0,1.5014405437867241e-16,9.635389131516934e-21,1.0372197198995338e-17,4.312529966077209e-23,1.2826558933899668e-13
TCN,42,23920,9,7,class_7,7,class_7,1,1.0,0.0,0.0,0.0,0.0,0.0,0.0,0.0,1.0,0.0,0.0,3.1691766069170063e-41,0.0
TCN,42,23921,9,7,class_7,7,class_7,1,1.0,1.600840192011962e-28,7.289477663316425e-36,1.5657244982510604e-23,5.647400967044732e-40,7.910329831113592e-42,2.0348875443225107e-32,5.605193857299268e-45,1.0,2.2264790467435207e-25,2.3043121343463044e-29,2.708899771164397e-10,9.840037939282492e-25
TCN,42,23922,9,7,class_7,7,class_7,1,1.0,4.203895392974451e-44,4.203895392974451e-45,8.640641121387117e-34,1.401298464324817e-45,0.0,0.0,0.0,1.0,9.82744917485718e-37,3.7361566851196444e-31,1.0222267671917623e-24,3.436776964325386e-32
TCN,42,23923,9,7,class_7,7,class_7,1,1.0,0.0,0.0,0.0,0.0,0.0,0.0,0.0,1.0,0.0,0.0,9.072891878668319e-39,0.0
TCN,42,23924,9,7,class_7,7,class_7,1,1.0,6.356275632767468e-28,9.55335637698589e-31,8.044923670736962e-22,6.955266679169982e-37,1.518345702063401e-38,3.768826428487754e-29,1.2913151441189252e-37,1.0,1.1585402802125342e-20,3.497002396955345e-25,6.537367435582864e-12,2.3055108239713803e-19
TCN,42,23925,9,7,class_7,7,class_7,1,1.0,2.587760263536054e-33,3.489149098260935e-40,8.817727454227163e-25,1.8216880036222622e-44,0.0,4.167589879737461e-37,3.2229864679470793e-44,1.0,1.7350712882587723e-22,1.2465334417359124e-32,1.9582316479555754e-17,6.20157266183089e-29
TCN,42,23926,9,7,class_7,7,class_7,1,1.0,0.0,0.0,0.0,0.0,0.0,0.0,0.0,1.0,0.0,1.8174841082292877e-42,7.983661461309867e-36,0.0
TCN,42,23927,9,7,class_7,7,class_7,1,1.0,1.401298464324817e-45,0.0,1.1911036946760945e-43,0.0,0.0,0.0,0.0,1.0,4.337018747085309e-42,9.6433802157701e-26,9.702714881794364e-26,3.3559138644806857e-37
TCN,42,23928,9,7,class_7,7,class_7,1,1.0,0.0,0.0,0.0,0.0,0.0,0.0,0.0,1.0,9.692439560909464e-39,0.0,4.068155814630699e-39,0.0
TCN,42,23929,9,7,class_7,7,class_7,1,1.0,0.0,0.0,0.0,0.0,0.0,0.0,0.0,1.0,0.0,0.0,6.418717680763041e-38,0.0
TCN,42,23930,9,7,class_7,7,class_7,1,1.0,0.0,0.0,0.0,0.0,0.0,0.0,0.0,1.0,8.127390963237507e-40,0.0,6.250239566397268e-40,0.0
TCN,42,23931,9,7,class_7,7,class_7,1,1.0,4.624284932271896e-44,2.980561833618886e-42,6.870153200534969e-35,0.0,0.0,7.567011707354012e-44,0.0,1.0,1.3457703499117798e-30,1.9519941321036116e-27,6.753445039830964e-16,5.394865307336146e-30
TCN,42,23932,9,7,class_7,7,class_7,1,1.0,0.0,0.0,0.0,0.0,0.0,0.0,0.0,1.0,8.324544188497876e-32,1.618380067657022e-31,4.055016379386028e-17,1.2613330625495588e-32
TCN,42,23933,9,7,class_7,7,class_7,1,1.0,3.8131152902281895e-39,2.802596928649634e-44,1.4433682764162003e-34,3.923635700109488e-44,0.0,1.401298464324817e-45,0.0,1.0,1.6683086024610233e-30,9.182466365656508e-24,7.79597232724911e-24,3.670651698182784e-30
TCN,42,23934,9,7,class_7,7,class_7,1,1.0,2.2490840352413314e-42,0.0,4.820466717277371e-43,0.0,0.0,0.0,0.0,1.0,2.532671051392554e-32,8.233842002378406e-39,1.9986934566542542e-22,2.5546838499259564e-35
TCN,42,23935,9,7,class_7,7,class_7,1,1.0,1.5247849207406972e-35,7.708725021051181e-40,7.94627974545694e-31,2.888076134973448e-42,0.0,3.60880877672656e-39,2.802596928649634e-45,1.0,1.1627346287175897e-25,7.966244305159378e-25,3.380354998789496e-20,5.815516874842309e-28
TCN,42,23936,9,7,class_7,7,class_7,1,1.0,2.6024915079440503e-41,0.0,6.858459151852812e-39,0.0,0.0,0.0,0.0,1.0,1.932599375775107e-39,5.483921135512635e-30,2.2900067549980674e-25,1.5654507142792805e-37
TCN,42,23937,9,7,class_7,7,class_7,1,1.0,0.0,0.0,1.233142648605839e-43,0.0,0.0,0.0,0.0,1.0,1.1210387714598537e-44,1.1922164008112077e-33,8.116121752032109e-31,6.413743071214688e-42
TCN,42,23938,9,7,class_7,10,class_10,0,0.8643674850463867,8.250235753921026e-33,1.6876117665556637e-40,6.3205682370832745e-31,0.0,0.0,3.9446252009639633e-32,0.0,0.13563251495361328,1.8060433999619515e-24,1.3699540050353554e-35,0.8643674850463867,1.2563756722185578e-24
TCN,42,23939,9,7,class_7,7,class_7,1,1.0,0.0,0.0,4.203895392974451e-45,0.0,0.0,0.0,0.0,1.0,3.260926724762163e-36,3.857613870484843e-36,5.665111861191921e-20,4.854114023379475e-37
TCN,42,23940,9,7,class_7,11,class_11,0,0.9999979734420776,7.467521872332717e-18,4.797139768752956e-11,8.73473826601412e-09,2.9476051215747224e-20,2.1542423121231817e-22,2.971360766490268e-18,2.3755662636516923e-23,2.0365914510378502e-10,3.152607501769565e-14,2.4271763208616373e-22,1.973949110833928e-06,0.9999979734420776
TCN,42,23941,9,7,class_7,7,class_7,1,0.8440590500831604,1.914755585531204e-14,8.925992831751924e-17,4.564156778213979e-12,4.005417802676736e-18,1.6047222094430084e-21,1.0745028699191771e-21,6.1335103147508885e-21,0.8440590500831604,1.647129291683716e-13,1.2770842688896545e-22,2.4125307654387917e-11,0.1559409350156784
TCN,42,23942,9,7,class_7,11,class_11,0,0.7261808514595032,2.918446595501223e-09,1.9350403983146858e-13,1.6819953430058376e-08,1.735065994924853e-16,1.0299900786277591e-17,1.504394538103049e-17,4.684030573360646e-18,0.2738191485404968,7.519908090322658e-13,1.853980142143953e-21,2.7058780216471234e-10,0.7261808514595032
TCN,42,23943,9,7,class_7,11,class_11,0,0.999969482421875,2.8262688409526745e-19,1.0233262288949706e-18,9.505310221650382e-14,2.38477927550046e-22,6.914743316531268e-28,5.12944576275932e-24,1.0189025270586836e-23,5.561395823860948e-07,2.98848044621991e-05,5.572932714052352e-24,3.5116016761094215e-09,0.999969482421875
TCN,42,23944,9,7,class_7,7,class_7,1,0.9999998807907104,9.834440478121883e-26,9.827539794093946e-26,1.6759221099652347e-14,1.0080506348414405e-30,6.941344922961563e-31,4.8968461547910656e-32,1.0930128021733573e-43,0.9999998807907104,3.857565289422382e-08,5.3512198309795925e-33,2.129062437461471e-08,1.204073348738647e-16
TCN,42,23945,9,7,class_7,7,class_7,1,1.0,2.064001935371774e-39,2.0892394643686562e-32,5.940251417640002e-34,0.0,5.6338924498486405e-40,7.958901638484019e-38,0.0,1.0,5.659003718329341e-41,0.0,3.430837399198082e-28,3.472304811711051e-32
TCN,42,23946,9,7,class_7,7,class_7,1,1.0,4.0759603372331035e-21,1.0628576039591861e-18,6.2676721451770945e-12,1.538942609158679e-29,2.5368804932692094e-22,1.8578772412334896e-22,7.976355517111611e-36,1.0,5.531288056612443e-26,1.3128188380865867e-34,2.726099837168305e-16,4.363956240658125e-19
TCN,42,23947,9,7,class_7,7,class_7,1,1.0,1.0272950705545685e-20,1.5367952018081782e-22,5.19043358640503e-13,8.971614228571854e-29,1.4639252968569488e-25,2.5675273607838112e-23,5.659585610991872e-34,1.0,4.239089966772007e-20,3.9610995191918675e-31,3.8520381817012256e-15,3.3941229589322494e-16
TCN,42,23948,9,7,class_7,7,class_7,1,0.9999998807907104,1.074911138569787e-24,7.949316253379072e-22,1.7482934805544904e-21,4.1005484140299155e-31,9.913486656755786e-29,6.267339654609566e-26,2.8161602422208743e-36,0.9999998807907104,3.4388738059422386e-14,2.565970149356905e-23,1.0991360710477238e-07,1.1840943503482748e-10
TCN,42,23949,9,7,class_7,10,class_10,0,0.9996585845947266,8.891846100867763e-34,5.551944515654925e-42,7.773114351865768e-33,0.0,0.0,5.98063659899497e-29,0.0,2.2708543379046375e-11,3.578045652830042e-05,2.408131410942198e-41,0.9996585845947266,0.0003056636487599462
TCN,42,23950,9,7,class_7,2,class_2,0,0.9958499670028687,5.190857450543263e-07,8.562486657204271e-17,0.9958499670028687,7.580624064197215e-16,6.951227974168672e-15,1.719056280971792e-20,3.6742341076112864e-16,0.004148244857788086,6.748496249836631e-16,6.069072043570892e-32,1.9317106839685374e-20,1.2698797036136966e-06
TCN,42,23951,9,7,class_7,10,class_10,0,0.9999935626983643,2.5642572377414258e-26,2.093754719732822e-20,1.0150423252529818e-18,6.448069201628053e-33,6.712307371867686e-31,2.9717452796707234e-25,8.18116270894935e-38,6.351427146000788e-06,3.961322381229593e-09,7.580926878475859e-16,0.9999935626983643,4.425274724439987e-08
TCN,42,23952,9,7,class_7,7,class_7,1,0.9902222156524658,0.00977784488350153,9.830558986645356e-24,8.599664627325157e-14,2.957530621132146e-31,7.1086340539401e-19,3.0522988955403955e-15,4.5269371539499844e-36,0.9902222156524658,5.669314670497805e-11,2.6572112618755917e-29,2.638607865187992e-12,1.324915455125364e-10
TCN,42,23953,9,7,class_7,7,class_7,1,0.9755483865737915,6.584242434520741e-31,1.4357547349678362e-26,5.668106967270888e-27,5.605193857299268e-45,5.0233971556870334e-39,3.830011658002857e-28,0.0,0.9755483865737915,3.3614859750413955e-19,4.633769342454212e-27,0.0244516022503376,1.8714553462473305e-08
TCN,42,23954,9,7,class_7,11,class_11,0,1.0,6.359646973135118e-28,1.1494853169246941e-27,1.4311383394394103e-24,4.5160376150405844e-34,1.275924711111215e-38,9.405770394337344e-34,1.4625646344835624e-38,1.7241013304525321e-12,3.121636282799045e-11,2.4270758061110123e-32,5.965966387577737e-09,1.0
TCN,42,23955,9,7,class_7,11,class_11,0,1.0,2.472475301503197e-23,3.856370201000073e-25,1.629768454831354e-22,1.4292789732269642e-30,4.311600780333357e-34,3.858260596574021e-29,4.467960281801037e-32,9.341064519243847e-16,1.2135191740370033e-09,7.407168819475545e-24,4.221912316276777e-12,1.0
TCN,42,23956,9,7,class_7,7,class_7,1,1.0,2.0842765340373517e-28,1.761591793380449e-33,1.1090969755940569e-30,7.873896071041147e-42,8.608813664785049e-37,7.045609938198507e-36,0.0,1.0,2.653413388210571e-27,1.8253313796295067e-41,1.3310062060446508e-21,1.9558818726807736e-15
TCN,42,23957,9,7,class_7,7,class_7,1,0.7832384705543518,3.2435465650075244e-24,3.442556449872155e-25,1.3310335195646332e-22,2.802596928649634e-45,4.5810451158704455e-33,9.660396804762459e-21,1.793662034335766e-43,0.7832384705543518,3.9599719987501447e-13,2.0356042591491025e-26,0.21278460323810577,0.003976913169026375
TCN,42,23958,9,7,class_7,7,class_7,1,1.0,4.775997812362689e-29,4.1254413188625896e-27,1.5006154887297142e-24,1.6447390960915845e-37,1.8246024461407249e-34,9.486432756446683e-30,8.435816755235399e-43,1.0,2.292417926843803e-26,4.735909241587085e-34,2.3082533809142512e-14,6.596693006806797e-18
TCN,42,23959,9,7,class_7,7,class_7,1,1.0,6.252979923253326e-36,8.258169956227936e-36,1.2793093655809211e-27,2.1201645765234482e-42,9.261742070108446e-41,1.8851668240561764e-40,4.203895392974451e-45,1.0,4.6320904449778784e-38,0.0,2.622924978676231e-31,6.379325936140487e-21
TCN,42,23960,9,8,class_8,8,class_8,1,1.0,1.0436788906035641e-29,0.0,1.5084118097334834e-21,0.0,0.0,2.4390314433790247e-39,0.0,1.470209929821715e-25,1.0,5.522615809632891e-36,8.598481792621976e-28,6.871469998587725e-18
TCN,42,23961,9,8,class_8,8,class_8,1,1.0,7.910477286231232e-14,2.615807294930477e-26,4.85593011113894e-14,8.690331348414627e-25,4.189404595433359e-25,2.0654216229050892e-22,1.2439597312667164e-23,2.1275783733528883e-14,1.0,2.679478082831708e-23,1.4913727197640725e-10,2.3529955761603105e-09
TCN,42,23962,9,8,class_8,8,class_8,1,1.0,1.5396039771847362e-17,1.3867085407808842e-26,1.2969278268039623e-15,4.392945994604866e-29,1.124492148865604e-32,7.691838546240183e-25,3.554585981474118e-29,1.3809187238073597e-17,1.0,2.0047935918165835e-23,2.367266240464841e-16,4.135815689920719e-09
TCN,42,23963,9,8,class_8,8,class_8,1,0.9984879493713379,1.0740697102605643e-14,2.2915174887125903e-21,1.799297879743686e-14,5.215248150247179e-21,3.3631462796076704e-22,1.0242168923883628e-20,7.918274766085242e-22,1.1468745637693237e-15,0.9984879493713379,2.1411251406849158e-14,3.0646695576251604e-14,0.001512015238404274
TCN,42,23964,9,8,class_8,11,class_11,0,1.0,4.171551319700939e-29,2.0418878541579993e-30,1.5846144826013922e-25,3.632740151900299e-40,2.9490326181715775e-41,1.3182097975244768e-32,2.1767770344821708e-41,5.418383379554856e-28,2.6848380289823393e-13,1.7730273991545917e-31,8.464513800623097e-24,1.0
TCN,42,23965,9,8,class_8,8,class_8,1,1.0,2.8189132666025174e-20,0.0,3.820690668647164e-30,0.0,1.401298464324817e-45,4.7028199939664e-34,0.0,5.454523443818135e-38,1.0,1.401298464324817e-45,5.765111436337806e-28,2.4867697719894132e-29
TCN,42,23966,9,8,class_8,0,class_0,0,0.9999994039535522,0.9999994039535522,2.5766870468470762e-18,2.0200441319673246e-10,3.5416048926981154e-21,7.308809668593597e-10,1.697711415893366e-11,1.8246065466174758e-21,8.621338401947948e-20,5.959093982710328e-07,3.933441318216765e-21,1.6192683854035137e-16,1.1899327213133436e-14
TCN,42,23967,9,8,class_8,8,class_8,1,1.0,1.6743411911909055e-21,1.0678495455196301e-38,4.183426850778297e-20,1.0965721002727424e-40,6.223166480066513e-42,1.033084037015874e-27,3.0083164756494483e-35,3.274737060237741e-22,1.0,2.0462124038351264e-33,6.188606553531058e-19,4.230610848505456e-19
TCN,42,23968,9,8,class_8,8,class_8,1,1.0,1.3326420522652427e-10,5.171502849622728e-27,1.3729639712460606e-13,1.5199617107845806e-24,1.5214351057403071e-24,6.336808529537835e-21,2.7801740080156808e-24,2.0789011731825265e-20,1.0,6.873084907175021e-21,3.7240621442225007e-16,3.7688428766724513e-13
TCN,42,23969,9,8,class_8,0,class_0,0,0.9998830556869507,0.9998830556869507,7.785811873056384e-18,1.063100379483737e-14,2.841670018783744e-32,2.4141246779407766e-09,0.00011658531002467498,1.1552745314344712e-30,2.7448379098890083e-21,3.040053684344457e-07,7.648282577434537e-25,1.8044955449585814e-13,1.4642004672910867e-18
TCN,42,23970,9,8,class_8,8,class_8,1,0.7044530510902405,0.2930970788002014,4.200376713114906e-10,0.0018931061495095491,1.6248788881241538e-13,1.086577583464532e-08,3.1683109682489885e-06,6.077797668629665e-15,8.098055559457862e-11,0.7044530510902405,1.601224708380755e-11,1.976490864308289e-07,0.0005534229567274451
TCN,42,23971,9,8,class_8,8,class_8,1,1.0,5.290293712472979e-24,1.8974706449624876e-38,3.712162956537689e-23,4.538772094784939e-39,6.626600307945627e-41,1.4414832141859583e-31,6.469758329399078e-36,4.0150478050368517e-22,1.0,8.707213249120269e-27,3.318694370990379e-19,1.075242412468258e-11
TCN,42,23972,9,8,class_8,8,class_8,1,1.0,2.2387725878755299e-29,0.0,4.9487854604774704e-26,0.0,0.0,1.2437135958051969e-37,1.5969617688984913e-40,8.079108021012287e-33,1.0,9.088201064391068e-39,5.768457932209174e-27,2.3644923883385953e-26
TCN,42,23973,9,8,class_8,8,class_8,1,1.0,2.9334212358914255e-20,3.7898058404599257e-35,4.0488542182490447e-22,1.7422471971277452e-30,1.594994233750702e-36,1.877302681829595e-32,1.1423544379257133e-29,2.956321875543056e-23,1.0,2.728206877600849e-27,5.82317987239621e-19,3.149255924746178e-17
TCN,42,23974,9,8,class_8,8,class_8,1,1.0,8.3381591290798e-14,6.977041108485106e-34,3.675326002563469e-18,2.2420775429197073e-44,7.916429110256792e-28,6.705234075122647e-24,1.1210387714598537e-44,6.49350607613643e-25,1.0,4.5266909958866224e-29,6.439181016070508e-20,7.69142642926102e-18
TCN,42,23975,9,8,class_8,8,class_8,1,1.0,2.364327692439401e-28,3.026804682941605e-43,2.2655007640143574e-28,2.228064558276459e-43,2.802596928649634e-45,2.58511905036243e-38,3.407957865237955e-42,5.709708021548523e-31,1.0,1.2422854696382696e-31,4.053607860537318e-25,1.6035663194437916e-13
TCN,42,23976,9,8,class_8,8,class_8,1,1.0,1.1877066340246645e-14,3.897490886761528e-29,1.431450634871575e-15,3.629486778866073e-26,3.1529661046035875e-27,1.1231847914114948e-24,7.446257764797764e-26,1.541443295994809e-17,1.0,1.5528579007855888e-24,5.875910923189981e-14,1.714154790333211e-10
TCN,42,23977,9,8,class_8,0,class_0,0,1.0,1.0,1.3280015185300326e-32,3.659541380223214e-20,1.1020720868834177e-35,1.3087437101842623e-19,3.053306613284722e-17,5.900953631301555e-34,6.174985612722636e-31,3.495293290911583e-11,3.2124426767909213e-35,1.9458060758665754e-22,3.2280429945851824e-28
TCN,42,23978,9,8,class_8,8,class_8,1,1.0,9.580640567087978e-19,0.0,2.4918347221870838e-26,0.0,0.0,2.0973234115549537e-41,0.0,9.960342312445931e-36,1.0,6.263804135531932e-43,5.11946033455431e-30,1.9088333643074425e-22
TCN,42,23979,9,8,class_8,8,class_8,1,1.0,3.1069754252559e-19,1.4367386030719328e-33,5.239469436455281e-21,7.882584502602832e-29,7.795107410359271e-32,2.241157731741032e-28,2.938296591213221e-25,3.210288215812242e-19,1.0,1.1217938126988412e-23,7.188017411002151e-16,7.967743320322612e-15
TCN,42,23980,9,8,class_8,5,class_5,0,0.9999973773956299,2.3132965907279868e-06,3.6572195873932e-14,3.305710566392506e-11,1.7178382228466586e-37,2.4137598794566176e-21,0.9999973773956299,2.4601397806031555e-34,1.5142387938935273e-18,2.1614875687914203e-12,3.939835136038916e-26,3.4537299598014215e-07,2.0995715677651038e-14
TCN,42,23981,9,8,class_8,0,class_0,0,1.0,1.0,1.009859498957773e-23,8.586448202842559e-14,8.921924850557208e-21,1.8039526307207093e-13,2.8984650200596955e-17,2.5633400239900257e-22,8.331575781290593e-22,1.7369883309470424e-11,3.525458310985209e-21,2.2033516918756086e-19,4.0699361843958587e-19
TCN,42,23982,9,8,class_8,8,class_8,1,0.9997643828392029,0.0002345623361179605,1.7251470908817394e-14,1.548578012489088e-07,1.736984656899282e-17,8.129854211710863e-13,3.0747933088548507e-09,6.060452577922045e-17,4.325120123160886e-12,0.9997643828392029,3.6506672793264194e-14,1.224625290063841e-09,8.953738870332018e-07
TCN,42,23983,9,8,class_8,4,class_4,0,0.9945200085639954,0.005478983279317617,8.696006830177794e-07,2.5535205949722695e-08,1.5961838795153227e-10,0.9945200085639954,1.656273695971322e-07,6.021302206837831e-11,4.0833750269975155e-10,1.8555212477622263e-08,2.853490776999479e-09,2.0093508801277693e-10,5.72739522475274e-10
TCN,42,23984,9,8,class_8,8,class_8,1,1.0,1.536498879517456e-11,1.1670242087280024e-30,1.004712892743731e-11,1.8025161386826022e-38,4.2897856071959116e-32,3.250017111266977e-17,1.2152128946249566e-38,1.6100174800789324e-24,1.0,1.7915284733459235e-37,6.218132749340267e-21,6.157103500008601e-14
TCN,42,23985,9,8,class_8,0,class_0,0,1.0,1.0,2.1839204190902554e-35,3.182749820237219e-22,1.0227665397254451e-36,2.47837023816686e-21,1.6570328003803386e-21,8.48213807727212e-37,6.061342488631564e-34,3.804857470757206e-12,2.163253103002972e-39,1.2201562900744352e-29,1.014948502287112e-25
TCN,42,23986,9,8,class_8,8,class_8,1,0.9999877214431763,1.4398905401336037e-09,1.346805216319244e-17,1.1230199062350898e-11,5.545539814882441e-35,1.1070710649664299e-23,1.18232937893481e-05,6.087597246792676e-32,1.938034253207415e-14,0.9999877214431763,1.2592643329420574e-25,5.021932452109468e-07,1.8703222564447897e-12
TCN,42,23987,9,8,class_8,5,class_5,0,0.9997021555900574,0.00029391315183602273,2.7233231225665122e-09,3.447543122092611e-06,1.1646555811826108e-34,1.3860538540222848e-24,0.9997021555900574,2.0030398024072855e-33,5.234657325658976e-12,6.206053032586922e-11,9.953609194175341e-30,4.4409296151570743e-07,6.334566898802407e-11
TCN,42,23988,9,8,class_8,8,class_8,1,0.9999550580978394,3.6084047678741626e-06,1.4551281186936382e-12,9.996388143918011e-06,3.0138034481363882e-24,6.128557328495157e-21,7.132567247936095e-07,2.765425336736202e-21,3.58876217632087e-09,0.9999550580978394,6.031793756594575e-21,3.0374183552339673e-05,1.94276324805287e-07
TCN,42,23989,9,8,class_8,8,class_8,1,1.0,4.948265257422426e-15,1.1392556514960763e-42,2.295406762301947e-22,1.3457295813584464e-37,4.1397568223900815e-34,7.805871154990362e-34,1.2550279038139097e-37,1.0065971919126304e-32,1.0,5.51984137319818e-34,4.917726996970146e-29,9.137804808292194e-25
TCN,42,23990,9,8,class_8,8,class_8,1,1.0,1.5321388789515982e-18,1.5974802493302915e-43,1.934085193158576e-21,1.0520948870150727e-41,3.830715598940109e-40,1.8030012451175528e-34,1.788196970324899e-41,2.599233127015069e-28,1.0,1.033888033549622e-35,3.957391990449148e-27,8.323370807460953e-24
TCN,42,23991,9,8,class_8,8,class_8,1,1.0,3.7120390095068956e-10,1.760165016762725e-21,5.734522301459322e-10,3.2684063331442068e-24,1.8638440948496502e-18,3.2582772336317914e-14,8.574167675259352e-23,6.645062806716142e-17,1.0,7.07426225995195e-22,4.2020565900555834e-14,8.035034497564514e-14
TCN,42,23992,9,8,class_8,0,class_0,0,0.968499481678009,0.968499481678009,3.045242127356112e-38,3.8605803579621246e-21,7.111148577691877e-38,1.01196678309389e-23,5.546858415665992e-23,5.732326660475137e-39,5.64269724691941e-33,0.031500544399023056,4.2091574490922195e-28,8.82122907219997e-28,1.4887052321159484e-27
TCN,42,23993,9,8,class_8,8,class_8,1,1.0,5.201372665908366e-10,1.183564708938027e-40,3.2800755659732976e-22,3.671401976531021e-43,4.216880428169212e-28,2.6006071778820323e-24,2.8390306887220794e-42,3.2114623328694347e-35,1.0,9.727436892929178e-33,8.591863141775095e-27,1.2016098124560169e-23
TCN,42,23994,9,8,class_8,0,class_0,0,0.9916818737983704,0.9916818737983704,4.2429654159289875e-26,1.1239194150333606e-16,3.201909673903227e-22,7.326116380212966e-10,5.0349392007694225e-18,7.061746005475248e-26,6.23086918592118e-28,0.008318200707435608,1.8232400022402727e-20,1.753679444162105e-21,3.998067310317467e-17
TCN,42,23995,9,8,class_8,0,class_0,0,1.0,1.0,6.897625959334346e-26,4.795948192957132e-16,1.5417020380904157e-17,1.0585728821288498e-10,3.7383002028688426e-21,1.5780733622023586e-20,2.726185148634651e-22,7.299542914562807e-12,6.066803200633816e-26,9.005960315835117e-24,5.68047609483524e-20
TCN,42,23996,9,8,class_8,8,class_8,1,1.0,1.211051398053442e-10,1.876038833121891e-36,5.725433974275126e-16,0.0,3.91602720996759e-38,2.835058668936816e-19,0.0,1.3354777642580138e-27,1.0,2.5223372357846707e-44,6.168586831885811e-22,1.2944243090521744e-19
TCN,42,23997,9,8,class_8,8,class_8,1,1.0,7.668978299624207e-12,5.702965649262941e-29,3.0917064681366914e-15,6.548620663725852e-28,4.1885961944435156e-22,1.0414961622408414e-20,5.165052813942478e-28,7.27439432785325e-21,1.0,2.7275104551502614e-19,5.996098360535241e-19,6.9108067148927494e-15
TCN,42,23998,9,8,class_8,8,class_8,1,0.9998512268066406,1.8980109928179445e-07,1.0336551086636073e-13,2.7067514896117473e-10,9.359974106274826e-15,4.087245678626589e-15,5.836028817325645e-13,4.28101361326684e-14,1.4240133516807418e-08,0.9998512268066406,4.925539685320113e-13,0.0001483849628129974,5.204663011681987e-08
TCN,42,23999,9,8,class_8,8,class_8,1,0.998245358467102,1.9992609974782877e-16,1.8094017780507037e-24,1.8019383186095028e-13,2.5953937254856224e-29,2.3521427549784383e-29,2.7138870974230684e-21,7.847084558161671e-28,2.1002366168727126e-20,0.998245358467102,1.4447994874693818e-25,3.418267788190098e-19,0.0017546075396239758
